id,plume_id,event_id,label,probability,selected_threshold
485241,av320241014t195236-B,av320241014t195236,0,0.019934917598953023,0.48028329461511193
485334,av320241014t195236-A,av320241014t195236,0,0.00754746090008767,0.48028329461511193
485390,av320241014t195236-A,av320241014t195236,0,0.007993528443785387,0.48028329461511193
485399,av320241014t195236-B,av320241014t195236,0,0.09129243142576993,0.48028329461511193
485432,av320241014t195236-A,av320241014t195236,0,0.001641539401636436,0.48028329461511193
485433,av320241014t195236-B,av320241014t195236,0,0.008721358763499807,0.48028329461511193
485470,av320241014t195236-B,av320241014t195236,0,0.0006424791256073481,0.48028329461511193
485494,av320241014t195236-B,av320241014t195236,0,0.015539788610191613,0.48028329461511193
485727,av320241014t195236-C,av320241014t195236,0,0.2933517171397055,0.48028329461511193
485804,av320241014t195236-D,av320241014t195236,0,0.008105459251815453,0.48028329461511193
485825,av320241014t195236-C,av320241014t195236,0,0.015663464621702837,0.48028329461511193
485834,av320241014t195236-D,av320241014t195236,0,0.0014019671289364625,0.48028329461511193
485875,av320241014t195236-C,av320241014t195236,0,0.12827711760352564,0.48028329461511193
485923,av320241014t195236-C,av320241014t195236,0,0.06027116454038207,0.48028329461511193
485959,av320241014t195236-D,av320241014t195236,0,0.07205207329923644,0.48028329461511193
485968,av320241014t195236-C,av320241014t195236,0,0.005489689939104627,0.48028329461511193
486089,av320241025t194701-A,av320241025t194701,0,0.4966356329235669,0.48028329461511193
486225,av320241025t194701-A,av320241025t194701,0,0.01482393484701975,0.48028329461511193
486238,av320241025t194701-B,av320241025t194701,0,0.11010442188107669,0.48028329461511193
486253,av320241025t194701-B,av320241025t194701,0,0.856736525886769,0.48028329461511193
486267,av320241025t194701-A,av320241025t194701,0,0.9102050829031064,0.48028329461511193
486282,av320241025t194701-B,av320241025t194701,0,0.2456096746097755,0.48028329461511193
486301,av320241025t194701-B,av320241025t194701,0,0.05795895913541272,0.48028329461511193
486311,av320241025t194701-A,av320241025t194701,0,0.015018581843228589,0.48028329461511193
486434,av320241025t194701-C,av320241025t194701,0,0.5038042298254856,0.48028329461511193
486535,av320241025t195557-A,av320241025t195557,0,0.0013892194055316865,0.48028329461511193
486536,av320241025t194701-C,av320241025t194701,0,0.3215035287254866,0.48028329461511193
486540,av320241025t195557-A,av320241025t195557,0,0.06146578412763436,0.48028329461511193
486545,av320241025t195557-A,av320241025t195557,0,0.16245540052094085,0.48028329461511193
486565,av320241025t195557-A,av320241025t195557,0,0.009385889455359292,0.48028329461511193
486570,av320241025t195557-A,av320241025t195557,0,0.0023401858645032583,0.48028329461511193
486579,av320241025t195557-A,av320241025t195557,0,0.06535280604982895,0.48028329461511193
486580,av320241025t194701-C,av320241025t194701,0,0.91534021454132,0.48028329461511193
486583,av320241025t195557-A,av320241025t195557,0,0.009123194729520159,0.48028329461511193
486587,av320241025t194701-C,av320241025t194701,0,0.0010808067323407166,0.48028329461511193
486591,av320241025t195557-A,av320241025t195557,0,0.0033565967347519068,0.48028329461511193
486592,av320241025t194701-C,av320241025t194701,0,0.03627633961179682,0.48028329461511193
486598,av320241025t195557-A,av320241025t195557,0,0.37036784605211903,0.48028329461511193
486602,av320241025t195557-A,av320241025t195557,0,0.0033685337413992887,0.48028329461511193
486606,av320241025t195557-A,av320241025t195557,0,0.0061973539674900525,0.48028329461511193
486616,av320241025t194701-C,av320241025t194701,0,0.3501875235306758,0.48028329461511193
486618,av320241025t195557-A,av320241025t195557,0,0.8536338191018598,0.48028329461511193
486634,av320241025t195557-A,av320241025t195557,0,0.02466560631568625,0.48028329461511193
486637,av320241025t194701-C,av320241025t194701,0,0.522994070613474,0.48028329461511193
486640,av320241025t195557-A,av320241025t195557,0,0.011032989670994583,0.48028329461511193
486642,av320241025t194701-C,av320241025t194701,0,0.21296881620830257,0.48028329461511193
486643,av320241025t195557-A,av320241025t195557,0,0.7237457411830012,0.48028329461511193
486645,av320241025t195557-A,av320241025t195557,0,0.9602034774649795,0.48028329461511193
486948,av320241025t202206-A,av320241025t202206,1,0.964006775740153,0.48028329461511193
486949,av320241025t202206-B,av320241025t202206,1,0.8891392922976723,0.48028329461511193
486960,av320241025t202206-A,av320241025t202206,1,0.82849682155465,0.48028329461511193
486964,av320241025t202206-A,av320241025t202206,1,0.956216579028116,0.48028329461511193
486967,av320241025t202206-B,av320241025t202206,1,0.7361876071661452,0.48028329461511193
486969,av320241025t202206-B,av320241025t202206,1,0.8318865837382234,0.48028329461511193
486971,av320241025t202206-B,av320241025t202206,1,0.4671231477811919,0.48028329461511193
486973,av320241025t202206-B,av320241025t202206,1,0.4671231477811919,0.48028329461511193
486977,av320241025t202206-B,av320241025t202206,1,0.9419155434380713,0.48028329461511193
486978,av320241025t202206-A,av320241025t202206,0,0.007251389565459767,0.48028329461511193
486981,av320241025t202206-A,av320241025t202206,0,0.007352082469092607,0.48028329461511193
486984,av320241025t202206-B,av320241025t202206,0,0.026353980306475157,0.48028329461511193
486991,av320241025t202206-A,av320241025t202206,0,0.3639641204821823,0.48028329461511193
487004,av320241025t202206-B,av320241025t202206,0,0.007117559274044967,0.48028329461511193
487009,av320241025t202206-B,av320241025t202206,0,0.0068805190971095226,0.48028329461511193
487011,av320241025t202206-B,av320241025t202206,0,0.5392558569359301,0.48028329461511193
487014,av320241025t202206-A,av320241025t202206,0,0.0037367202722975,0.48028329461511193
487020,av320241025t202206-C,av320241025t202206,1,0.8481585259072247,0.48028329461511193
487021,av320241025t202206-D,av320241025t202206,1,0.6111151309334065,0.48028329461511193
487030,av320241025t202206-C,av320241025t202206,1,0.8435762415801199,0.48028329461511193
487034,av320241025t202206-C,av320241025t202206,1,0.8152528695710882,0.48028329461511193
487041,av320241025t202206-D,av320241025t202206,1,0.2774067315774593,0.48028329461511193
487074,av320241025t202206-D,av320241025t202206,0,0.03315112575653258,0.48028329461511193
487080,av320241025t202206-C,av320241025t202206,0,0.2313590171539587,0.48028329461511193
487081,av320241025t202206-D,av320241025t202206,0,0.005098421322666001,0.48028329461511193
487086,av320241025t202206-C,av320241025t202206,0,0.013334538961696838,0.48028329461511193
487099,av320241025t202206-D,av320241025t202206,0,0.0280687342617355,0.48028329461511193
487103,av320241025t203607-C,av320241025t203607,1,0.20756990685709822,0.48028329461511193
487105,av320241025t203607-C,av320241025t203607,1,0.32522749143009166,0.48028329461511193
487107,av320241025t203607-C,av320241025t203607,1,0.5079774157930397,0.48028329461511193
487109,av320241025t203607-C,av320241025t203607,1,0.32182013214024996,0.48028329461511193
487115,av320241025t203607-C,av320241025t203607,1,0.34602434114384273,0.48028329461511193
487116,av320241025t202206-E,av320241025t202206,1,0.9260446785525112,0.48028329461511193
487117,av320241025t203607-C,av320241025t203607,1,0.24538790094375465,0.48028329461511193
487119,av320241025t203607-C,av320241025t203607,1,0.6738084436120045,0.48028329461511193
487125,av320241025t203607-C,av320241025t203607,1,0.3968675350134057,0.48028329461511193
487126,av320241025t202206-E,av320241025t202206,1,0.8128637587038303,0.48028329461511193
487127,av320241025t203607-C,av320241025t203607,1,0.32522749143009166,0.48028329461511193
487131,av320241025t203607-C,av320241025t203607,1,0.245464224297146,0.48028329461511193
487136,av320241025t203607-C,av320241025t203607,0,0.26196416860478566,0.48028329461511193
487138,av320241025t203607-C,av320241025t203607,0,0.12379613202329164,0.48028329461511193
487144,av320241025t203607-C,av320241025t203607,0,0.18454821041394104,0.48028329461511193
487147,av320241025t202206-E,av320241025t202206,0,0.0019967769664617015,0.48028329461511193
487148,av320241025t203607-C,av320241025t203607,0,0.4121773083818704,0.48028329461511193
487151,av320241025t202206-E,av320241025t202206,0,0.05361780387408121,0.48028329461511193
487169,av320241025t202206-E,av320241025t202206,0,0.6576810583175086,0.48028329461511193
487170,av320241025t203607-C,av320241025t203607,0,0.01152502293557082,0.48028329461511193
487172,av320241025t203607-C,av320241025t203607,0,0.04254233477619159,0.48028329461511193
487176,av320241025t203607-D,av320241025t203607,1,0.5002186016884494,0.48028329461511193
487281,av320241025t204912-A,av320241025t204912,0,0.05737380992571185,0.48028329461511193
487284,av320241025t204912-A,av320241025t204912,0,0.0009355718902603565,0.48028329461511193
487285,av320241025t203607-D,av320241025t203607,1,0.5371737037508563,0.48028329461511193
487286,av320241025t204912-A,av320241025t204912,0,0.002468943450591645,0.48028329461511193
487293,av320241025t204912-A,av320241025t204912,0,0.8176801122717651,0.48028329461511193
487294,av320241025t203607-D,av320241025t203607,1,0.076580087519364,0.48028329461511193
487296,av320241025t204912-A,av320241025t204912,0,0.009774188381461872,0.48028329461511193
487301,av320241025t204912-A,av320241025t204912,0,0.3244413477843912,0.48028329461511193
487306,av320241025t204912-A,av320241025t204912,0,0.03416691302344482,0.48028329461511193
487307,av320241025t203607-D,av320241025t203607,1,0.6287565530617664,0.48028329461511193
487308,av320241025t204912-A,av320241025t204912,0,0.004430281424192191,0.48028329461511193
487309,av320241025t203607-D,av320241025t203607,1,0.44300849644574997,0.48028329461511193
487311,av320241025t204912-A,av320241025t204912,0,0.08967608810075295,0.48028329461511193
487312,av320241025t203607-D,av320241025t203607,1,0.25550060190593904,0.48028329461511193
487315,av320241025t204912-A,av320241025t204912,0,0.5699733418634834,0.48028329461511193
487317,av320241025t204912-A,av320241025t204912,0,0.6281029797780269,0.48028329461511193
487319,av320241025t204912-A,av320241025t204912,0,0.0072034374611623896,0.48028329461511193
487322,av320241025t204912-A,av320241025t204912,0,0.00383799447155643,0.48028329461511193
487327,av320241025t204912-A,av320241025t204912,0,0.06031438363727062,0.48028329461511193
487329,av320241025t204912-A,av320241025t204912,0,0.9724071042581595,0.48028329461511193
487341,av320241025t204912-A,av320241025t204912,0,0.004853894607237343,0.48028329461511193
487444,av320250718t164841-A,av320250718t164841,0,0.07643468111969316,0.48028329461511193
487445,av320241025t203607-D,av320241025t203607,0,0.9740793675076156,0.48028329461511193
487451,av320241025t203607-D,av320241025t203607,0,0.011085649395394704,0.48028329461511193
487456,av320241025t203607-D,av320241025t203607,0,0.03506314089285446,0.48028329461511193
487459,av320241025t203607-D,av320241025t203607,0,0.0028161846068981357,0.48028329461511193
487492,av320241025t203607-D,av320241025t203607,0,0.008352460447576367,0.48028329461511193
487531,av320241025t203607-D,av320241025t203607,0,0.03787575416954346,0.48028329461511193
487550,av320241025t203607-D,av320241025t203607,0,0.006095924128293711,0.48028329461511193
487554,av320250718t164841-A,av320250718t164841,0,0.005706279237324593,0.48028329461511193
487555,av320241025t203607-D,av320241025t203607,0,0.02447001083458729,0.48028329461511193
487558,av320241025t203607-D,av320241025t203607,0,0.003411345557723254,0.48028329461511193
487564,av320241025t203607-D,av320241025t203607,0,0.714043364158993,0.48028329461511193
487846,av320250718t164841-B,av320250718t164841,0,0.0005391332708849931,0.48028329461511193
487859,av320250718t164841-C,av320250718t164841,0,0.001246390714341283,0.48028329461511193
487863,av320250718t164841-B,av320250718t164841,0,0.0013006607488101752,0.48028329461511193
487870,av320250718t164841-C,av320250718t164841,0,0.002637364100759262,0.48028329461511193
487915,av320250718t164841-B,av320250718t164841,0,0.1216072659917504,0.48028329461511193
487927,av320250718t164841-B,av320250718t164841,0,0.006395342216313846,0.48028329461511193
487983,av320250718t164841-B,av320250718t164841,0,0.0038623881957245984,0.48028329461511193
487986,av320250718t164841-C,av320250718t164841,0,0.007033737936605207,0.48028329461511193
487997,av320250718t164841-B,av320250718t164841,0,0.0024286111153555253,0.48028329461511193
488008,av320250718t164841-B,av320250718t164841,0,0.003833972945510683,0.48028329461511193
488219,av320250718t164841-E,av320250718t164841,0,0.0029321950361833123,0.48028329461511193
488309,av320250718t164841-D,av320250718t164841,0,0.0066182299711880195,0.48028329461511193
488317,av320250718t164841-D,av320250718t164841,0,0.21177688258926072,0.48028329461511193
488339,av320250718t164841-E,av320250718t164841,0,0.021890991456087094,0.48028329461511193
488649,av320250723t162202-B,av320250723t162202,1,0.023100797985192677,0.48028329461511193
488655,av320250723t162202-B,av320250723t162202,1,0.014263381098449851,0.48028329461511193
488659,av320250723t162202-B,av320250723t162202,1,0.007040616323952596,0.48028329461511193
488660,av320250723t162202-A,av320250723t162202,1,0.008089927699817392,0.48028329461511193
488661,av320250723t162202-B,av320250723t162202,1,0.005209932387606873,0.48028329461511193
488663,av320250723t162202-B,av320250723t162202,1,0.011559478891415535,0.48028329461511193
488670,av320250723t162202-A,av320250723t162202,1,0.004546133176155678,0.48028329461511193
488675,av320250723t162202-A,av320250723t162202,1,0.007975804100951346,0.48028329461511193
488676,av320250723t162202-B,av320250723t162202,1,0.005258900013315048,0.48028329461511193
488677,av320250723t162202-A,av320250723t162202,1,0.004333122715644338,0.48028329461511193
488679,av320250723t162202-A,av320250723t162202,1,0.006338286079103477,0.48028329461511193
488682,av320250723t162202-B,av320250723t162202,0,0.0016260995858438832,0.48028329461511193
488686,av320250723t162202-B,av320250723t162202,0,0.0023753903082782027,0.48028329461511193
488690,av320250723t162202-B,av320250723t162202,0,0.003347505216901158,0.48028329461511193
488692,av320250723t162202-A,av320250723t162202,0,0.000846487669437453,0.48028329461511193
488696,av320250723t162202-B,av320250723t162202,0,0.0104708264029892,0.48028329461511193
488699,av320250723t162202-A,av320250723t162202,0,0.0019843027263418116,0.48028329461511193
488700,av320250723t162202-A,av320250723t162202,0,0.0012933446218767752,0.48028329461511193
488702,av320250723t162202-B,av320250723t162202,0,0.0011944546920651911,0.48028329461511193
488705,av320250723t162202-B,av320250723t162202,0,0.0057678626532398376,0.48028329461511193
488706,av320250723t162202-A,av320250723t162202,0,0.001367141879997757,0.48028329461511193
488707,av320250723t162202-B,av320250723t162202,0,0.0019076956773145571,0.48028329461511193
488715,av320250723t164136-A,av320250723t164136,1,0.00530127741713415,0.48028329461511193
488724,av320250723t162202-C,av320250723t162202,1,0.04459898833566048,0.48028329461511193
488728,av320250723t162202-C,av320250723t162202,1,0.022263904142405786,0.48028329461511193
488734,av320250723t162202-C,av320250723t162202,1,0.013380208037247925,0.48028329461511193
488736,av320250723t162202-C,av320250723t162202,1,0.010892152484777899,0.48028329461511193
488740,av320250723t162202-C,av320250723t162202,1,0.024966914308375113,0.48028329461511193
488745,av320250723t164136-A,av320250723t164136,0,0.0014082500231992097,0.48028329461511193
488756,av320250723t162202-C,av320250723t162202,0,0.0010099236395745112,0.48028329461511193
488758,av320250723t162202-C,av320250723t162202,0,0.0010883862555847454,0.48028329461511193
488760,av320250723t162202-C,av320250723t162202,0,0.0013553688002439848,0.48028329461511193
488762,av320250723t162202-C,av320250723t162202,0,0.0008601657918717355,0.48028329461511193
488768,av320250723t162202-C,av320250723t162202,0,0.0006153857893846783,0.48028329461511193
488778,av320250723t164136-B,av320250723t164136,1,0.002374348236800806,0.48028329461511193
488782,av320250723t164136-B,av320250723t164136,1,0.0031553289207773595,0.48028329461511193
488792,av320250723t164136-B,av320250723t164136,1,0.006536880206018806,0.48028329461511193
488807,av320250723t164136-C,av320250723t164136,1,0.009797827880037796,0.48028329461511193
488837,av320250723t164136-C,av320250723t164136,0,0.020213732841416858,0.48028329461511193
488838,av320250723t164136-B,av320250723t164136,0,0.02038790053617541,0.48028329461511193
488840,av320250723t164136-D,av320250723t164136,1,0.003650175161824191,0.48028329461511193
488845,av320250723t164136-E,av320250723t164136,1,0.002271240590232412,0.48028329461511193
488858,av320250723t164136-D,av320250723t164136,1,0.0026342885787030753,0.48028329461511193
488894,av320250723t164136-D,av320250723t164136,0,0.009749098175021467,0.48028329461511193
488899,av320250723t164136-E,av320250723t164136,0,0.003788613716774609,0.48028329461511193
488900,av320250723t164136-D,av320250723t164136,0,0.005968677266403833,0.48028329461511193
489513,av320250723t164136-J,av320250723t164136,1,0.007777261198978198,0.48028329461511193
489546,av320250723t164136-I,av320250723t164136,0,0.005763070730667569,0.48028329461511193
489549,av320250723t164136-J,av320250723t164136,0,0.011212163706161916,0.48028329461511193
489565,av320250723t164136-J,av320250723t164136,0,0.0045519567956198185,0.48028329461511193
489579,av320250723t164136-J,av320250723t164136,0,0.006648047965002543,0.48028329461511193
489589,av320250723t164136-L,av320250723t164136,1,0.003225211062401758,0.48028329461511193
489591,av320250723t164136-L,av320250723t164136,1,0.0029569136562929434,0.48028329461511193
489602,av320250723t164136-K,av320250723t164136,1,0.012838070146332443,0.48028329461511193
489606,av320250723t164136-K,av320250723t164136,1,0.05015418210770704,0.48028329461511193
489612,av320250723t164136-K,av320250723t164136,1,0.0330669877510748,0.48028329461511193
489621,av320250723t164136-K,av320250723t164136,0,0.0021522492900471635,0.48028329461511193
489639,av320250723t164136-K,av320250723t164136,0,0.0017432674470932343,0.48028329461511193
489661,av320250723t164136-M,av320250723t164136,1,0.004240947500231106,0.48028329461511193
489689,av320250723t164136-M,av320250723t164136,1,0.0034236694838352174,0.48028329461511193
489691,av320250723t164136-M,av320250723t164136,0,0.008682624081710373,0.48028329461511193
489700,av320250723t164136-M,av320250723t164136,0,0.00359069617304761,0.48028329461511193
489704,av320250723t164136-M,av320250723t164136,0,0.005504194769264864,0.48028329461511193
489717,av320250723t164136-M,av320250723t164136,0,0.004984571584838566,0.48028329461511193
489727,av320250723t170211-B,av320250723t170211,1,0.022579162240641534,0.48028329461511193
489737,av320250723t170211-B,av320250723t170211,1,0.22470660615982357,0.48028329461511193
489738,av320250723t170211-A,av320250723t170211,1,0.0024445488285557673,0.48028329461511193
489740,av320250723t170211-A,av320250723t170211,1,0.011473720525265034,0.48028329461511193
489748,av320250723t170211-A,av320250723t170211,1,0.00706541936095907,0.48028329461511193
489757,av320250723t170211-B,av320250723t170211,0,0.007650589965154045,0.48028329461511193
489764,av320250723t170211-B,av320250723t170211,0,0.006853248021154633,0.48028329461511193
489768,av320250723t170211-A,av320250723t170211,0,0.2788090250043423,0.48028329461511193
489783,av320250723t170211-A,av320250723t170211,0,0.0016846743679423033,0.48028329461511193
489784,av320250723t170211-B,av320250723t170211,0,0.008000838948303564,0.48028329461511193
489787,av320250723t170211-B,av320250723t170211,0,0.0033657054998374623,0.48028329461511193
489788,av320250723t170211-A,av320250723t170211,0,0.5634228515482823,0.48028329461511193
489797,av320250723t170211-A,av320250723t170211,0,0.003504451593035701,0.48028329461511193
489803,av320250723t170211-C,av320250723t170211,1,0.002193470866642048,0.48028329461511193
489817,av320250723t170211-C,av320250723t170211,1,0.0048600239195842965,0.48028329461511193
489831,av320250723t170211-C,av320250723t170211,1,0.0009066054510946455,0.48028329461511193
489832,av320250723t170211-D,av320250723t170211,1,0.01205901935695003,0.48028329461511193
489842,av320250723t170211-D,av320250723t170211,0,0.0036696567999954053,0.48028329461511193
489859,av320250723t170211-C,av320250723t170211,0,0.0019150536200830566,0.48028329461511193
490189,av320250723t170211-E,av320250723t170211,1,0.008800883163327007,0.48028329461511193
490203,av320250723t170211-G,av320250723t170211,0,0.0029839898470687513,0.48028329461511193
490225,av320250723t170211-G,av320250723t170211,0,0.0038278906880159554,0.48028329461511193
490259,av320250723t170211-J,av320250723t170211,1,0.07467141447278237,0.48028329461511193
490261,av320250723t170211-J,av320250723t170211,1,0.5665084864264222,0.48028329461511193
490263,av320250723t170211-J,av320250723t170211,1,0.006734954829740002,0.48028329461511193
490268,av320250723t170211-H,av320250723t170211,1,0.010446437390399493,0.48028329461511193
490269,av320250723t170211-J,av320250723t170211,1,0.002008529072837042,0.48028329461511193
490282,av320250723t170211-H,av320250723t170211,0,0.0036492943890148936,0.48028329461511193
490283,av320250723t170211-J,av320250723t170211,1,0.4391372874237647,0.48028329461511193
490307,av320250723t170211-J,av320250723t170211,0,0.0010047525444947854,0.48028329461511193
490310,av320250723t170211-H,av320250723t170211,0,0.009895781298143724,0.48028329461511193
490323,av320250723t170211-H,av320250723t170211,0,0.00979660653393948,0.48028329461511193
490435,av320250723t174230-B,av320250723t174230,1,0.36094804492304994,0.48028329461511193
490438,av320250723t174230-B,av320250723t174230,1,0.04016698420473178,0.48028329461511193
490440,av320250723t174230-B,av320250723t174230,1,0.31703185120546773,0.48028329461511193
490452,av320250723t174230-A,av320250723t174230,0,0.009638400823957761,0.48028329461511193
490460,av320250723t174230-B,av320250723t174230,1,0.1603845657314618,0.48028329461511193
490470,av320250723t174230-A,av320250723t174230,0,0.40900810910804397,0.48028329461511193
490985,av320250723t174230-B,av320250723t174230,0,0.0043702002254183995,0.48028329461511193
491014,av320250723t174230-B,av320250723t174230,0,0.0031005663238479263,0.48028329461511193
491212,av320250723t174230-G,av320250723t174230,0,0.0033832557210668654,0.48028329461511193
491218,av320250723t174230-F,av320250723t174230,1,0.2643856050508673,0.48028329461511193
491220,av320250723t174230-G,av320250723t174230,0,0.0037746038165777226,0.48028329461511193
491240,av320250723t174230-F,av320250723t174230,1,0.860885110770764,0.48028329461511193
491255,av320250723t174230-F,av320250723t174230,1,0.7693381270151195,0.48028329461511193
491295,av320250723t174230-F,av320250723t174230,1,0.13023301891461467,0.48028329461511193
491299,av320250723t174230-F,av320250723t174230,1,0.15259733505832768,0.48028329461511193
491301,av320250723t174230-F,av320250723t174230,1,0.685738304166902,0.48028329461511193
491381,av320250723t174230-G,av320250723t174230,0,0.0013024312015079732,0.48028329461511193
491383,av320250723t174230-F,av320250723t174230,0,0.002674963819964299,0.48028329461511193
491692,av320250723t174230-F,av320250723t174230,0,0.0023959290190703206,0.48028329461511193
491696,av320250723t174230-I,av320250723t174230,1,0.10510552675231526,0.48028329461511193
491699,av320250723t174230-I,av320250723t174230,1,0.09660845073700772,0.48028329461511193
491701,av320250723t174230-F,av320250723t174230,0,0.014967737109959783,0.48028329461511193
491703,av320250723t174230-F,av320250723t174230,0,0.002378847294071375,0.48028329461511193
491707,av320250723t174230-I,av320250723t174230,1,0.4188141882306259,0.48028329461511193
492010,av320250723t174230-I,av320250723t174230,1,0.3414703701773664,0.48028329461511193
492011,av320250723t174230-I,av320250723t174230,1,0.6105041520422784,0.48028329461511193
492012,av320250723t180200-A,av320250723t180200,1,0.5461368103962043,0.48028329461511193
492014,av320250723t174230-I,av320250723t174230,1,0.6774020260217173,0.48028329461511193
492015,av320250723t174230-I,av320250723t174230,0,0.0009974020062050025,0.48028329461511193
492016,av320250723t180200-A,av320250723t180200,1,0.6735820289564498,0.48028329461511193
492018,av320250723t180200-A,av320250723t180200,1,0.48386430740583425,0.48028329461511193
492019,av320250723t174230-I,av320250723t174230,0,0.005029241799188519,0.48028329461511193
492024,av320250723t180200-A,av320250723t180200,1,0.8812038508305928,0.48028329461511193
492026,av320250723t180200-A,av320250723t180200,1,0.2548995479330233,0.48028329461511193
492028,av320250723t180200-A,av320250723t180200,1,0.6315450360655567,0.48028329461511193
492029,av320250723t174230-I,av320250723t174230,0,0.0018777626844786977,0.48028329461511193
492031,av320250723t174230-I,av320250723t174230,0,0.0016394375277964022,0.48028329461511193
492034,av320250723t180200-A,av320250723t180200,1,0.13023301891461467,0.48028329461511193
492038,av320250723t180200-A,av320250723t180200,1,0.17151874799778757,0.48028329461511193
492040,av320250723t180200-A,av320250723t180200,1,0.6152499100118791,0.48028329461511193
492041,av320250723t174230-I,av320250723t174230,0,0.003176803348611381,0.48028329461511193
492044,av320250723t180200-A,av320250723t180200,0,0.006136474761301863,0.48028329461511193
492054,av320250723t180200-B,av320250723t180200,1,0.01729753410134376,0.48028329461511193
492058,av320250723t180200-B,av320250723t180200,1,0.012046655733394848,0.48028329461511193
492062,av320250723t180200-B,av320250723t180200,1,0.012643861852706228,0.48028329461511193
492064,av320250723t180200-B,av320250723t180200,1,0.02243817149349922,0.48028329461511193
492066,av320250723t180200-B,av320250723t180200,1,0.0036442064806470557,0.48028329461511193
492070,av320250723t180200-B,av320250723t180200,1,0.01025079630233722,0.48028329461511193
492072,av320250723t180200-B,av320250723t180200,1,0.009859227315112198,0.48028329461511193
492237,av320250723t180200-C,av320250723t180200,0,0.002646971846841219,0.48028329461511193
492274,av320250723t180200-B,av320250723t180200,0,0.0014508108242453752,0.48028329461511193
492375,av320250723t180200-C,av320250723t180200,0,0.032453481006299766,0.48028329461511193
492496,av320250723t180200-F,av320250723t180200,0,0.0044486563135597386,0.48028329461511193
492579,av320250723t180200-F,av320250723t180200,0,0.004952723383865435,0.48028329461511193
492590,av320250723t180200-F,av320250723t180200,0,0.006135634410677203,0.48028329461511193
492629,av320250723t180200-B,av320250723t180200,0,0.0039827617492789,0.48028329461511193
492633,av320250723t180200-B,av320250723t180200,0,0.008203437195237797,0.48028329461511193
492929,av320250723t180200-H,av320250723t180200,0,0.003947741400383449,0.48028329461511193
492938,av320250723t180200-G,av320250723t180200,0,0.002220578421759751,0.48028329461511193
492964,av320250723t180200-H,av320250723t180200,0,0.015335445274048728,0.48028329461511193
492998,av320250723t180200-G,av320250723t180200,0,0.017950671027979755,0.48028329461511193
493010,av320250723t180200-G,av320250723t180200,0,0.0029541833349758986,0.48028329461511193
493052,av320250723t180200-G,av320250723t180200,0,0.19940427704125452,0.48028329461511193
493080,av320250723t180200-H,av320250723t180200,0,0.017607990008907903,0.48028329461511193
493384,av320250723t182221-G,av320250723t182221,1,0.013909912177903504,0.48028329461511193
493385,av320250723t182221-E,av320250723t182221,1,0.5052860756161255,0.48028329461511193
493386,av320250723t182221-G,av320250723t182221,1,0.005945445888036227,0.48028329461511193
493387,av320250723t182221-E,av320250723t182221,1,0.8854475659469139,0.48028329461511193
493391,av320250723t182221-E,av320250723t182221,1,0.8571963071144858,0.48028329461511193
493392,av320250723t182221-G,av320250723t182221,1,0.08223911298456106,0.48028329461511193
493393,av320250723t182221-E,av320250723t182221,1,0.8975931367418699,0.48028329461511193
493394,av320250723t182221-G,av320250723t182221,1,0.056928915783280715,0.48028329461511193
493395,av320250723t182221-E,av320250723t182221,1,0.9284852682685615,0.48028329461511193
493398,av320250723t182221-G,av320250723t182221,1,0.018034216622237982,0.48028329461511193
493400,av320250723t182221-G,av320250723t182221,1,0.24382425679746708,0.48028329461511193
493404,av320250723t182221-G,av320250723t182221,1,0.07984939891829997,0.48028329461511193
493407,av320250723t182221-E,av320250723t182221,1,0.9411251106151257,0.48028329461511193
493409,av320250723t182221-E,av320250723t182221,1,0.872151396758386,0.48028329461511193
493411,av320250723t182221-E,av320250723t182221,1,0.7667820242742149,0.48028329461511193
493412,av320250723t182221-G,av320250723t182221,1,0.05909201675269149,0.48028329461511193
493439,av320250723t182221-E,av320250723t182221,0,0.0034951022252324047,0.48028329461511193
493453,av320250723t182221-E,av320250723t182221,0,0.014171377295552031,0.48028329461511193
493457,av320250723t182221-E,av320250723t182221,0,0.00308259158119113,0.48028329461511193
493462,av320250723t182221-E,av320250723t182221,0,0.016593917256318938,0.48028329461511193
493471,av320250723t182221-E,av320250723t182221,0,0.0021085572118115154,0.48028329461511193
493503,av320250723t182221-E,av320250723t182221,0,0.002710822885525859,0.48028329461511193
493504,av320250723t182221-G,av320250723t182221,0,0.0017116198417500804,0.48028329461511193
493513,av320250723t182221-E,av320250723t182221,0,0.009535590962635726,0.48028329461511193
493514,av320250723t182221-G,av320250723t182221,0,0.004620411251415554,0.48028329461511193
493516,av320250723t182221-E,av320250723t182221,0,0.0022027069928748353,0.48028329461511193
493517,av320250723t182221-G,av320250723t182221,0,0.003968112942045078,0.48028329461511193
493533,av320250723t182221-E,av320250723t182221,0,0.010849031837281756,0.48028329461511193
493534,av320250723t182221-G,av320250723t182221,0,0.004463997804927858,0.48028329461511193
493545,av320250723t182221-E,av320250723t182221,0,0.010563036672840769,0.48028329461511193
493546,av320250723t182221-G,av320250723t182221,0,0.059194215079912404,0.48028329461511193
493563,av320250723t182221-G,av320250723t182221,0,0.003268574660775131,0.48028329461511193
493877,av320250724t152229-B,av320250724t152229,1,0.11689632940265547,0.48028329461511193
493878,av320250724t152229-B,av320250724t152229,1,0.14400930089374583,0.48028329461511193
494179,av320250724t152229-B,av320250724t152229,1,0.07984939891829997,0.48028329461511193
494283,av320250724t152229-B,av320250724t152229,1,0.2110203252048428,0.48028329461511193
494287,av320250724t152229-E,av320250724t152229,0,0.023514757506322755,0.48028329461511193
494288,av320250724t152229-B,av320250724t152229,1,0.004459585445826508,0.48028329461511193
494297,av320250724t152229-B,av320250724t152229,1,0.26977610940101665,0.48028329461511193
494298,av320250724t152229-E,av320250724t152229,0,0.011226116913651867,0.48028329461511193
494299,av320250724t152229-B,av320250724t152229,1,0.08834386947769043,0.48028329461511193
494361,av320250724t152229-E,av320250724t152229,0,0.0022780828296690113,0.48028329461511193
494362,av320250724t152229-B,av320250724t152229,1,0.034724185481356994,0.48028329461511193
494377,av320250724t152229-E,av320250724t152229,0,0.025372757713119018,0.48028329461511193
494378,av320250724t152229-B,av320250724t152229,1,0.015222275731023078,0.48028329461511193
494380,av320250724t152229-B,av320250724t152229,1,0.35787861896543355,0.48028329461511193
494393,av320250724t152229-B,av320250724t152229,1,0.12077427901340584,0.48028329461511193
494452,av320250724t152229-B,av320250724t152229,1,0.11129480611519349,0.48028329461511193
494462,av320250724t152229-E,av320250724t152229,0,0.02451886182518464,0.48028329461511193
494463,av320250724t152229-B,av320250724t152229,1,0.06881996939199575,0.48028329461511193
494490,av320250724t152229-B,av320250724t152229,1,0.08223911298456106,0.48028329461511193
494491,av320250724t154338-A,av320250724t154338,1,0.08908899926741033,0.48028329461511193
494492,av320250724t152229-B,av320250724t152229,1,0.0587431584600997,0.48028329461511193
494493,av320250724t154338-A,av320250724t154338,1,0.034342018976404196,0.48028329461511193
494494,av320250724t152229-B,av320250724t152229,1,0.025506236220037528,0.48028329461511193
494496,av320250724t152229-B,av320250724t152229,0,0.01893504407004158,0.48028329461511193
494497,av320250724t154338-A,av320250724t154338,1,0.3125011566150741,0.48028329461511193
494499,av320250724t154338-A,av320250724t154338,1,0.188804131131835,0.48028329461511193
494500,av320250724t152229-B,av320250724t152229,0,0.001346062580332888,0.48028329461511193
494502,av320250724t152229-B,av320250724t152229,0,0.01273744508341413,0.48028329461511193
494504,av320250724t152229-B,av320250724t152229,0,0.0009740264123928982,0.48028329461511193
494507,av320250724t152229-B,av320250724t152229,0,0.004595828653285062,0.48028329461511193
494508,av320250724t154338-A,av320250724t154338,1,0.35009266056621435,0.48028329461511193
494509,av320250724t152229-B,av320250724t152229,0,0.006450573276442285,0.48028329461511193
494511,av320250724t152229-B,av320250724t152229,0,0.004256238821917567,0.48028329461511193
494514,av320250724t154338-A,av320250724t154338,1,0.19005577143019764,0.48028329461511193
494515,av320250724t152229-B,av320250724t152229,0,0.012687254724817602,0.48028329461511193
494517,av320250724t152229-B,av320250724t152229,0,0.0024275473899966747,0.48028329461511193
494518,av320250724t154338-A,av320250724t154338,1,0.08379018824666791,0.48028329461511193
494521,av320250724t152229-B,av320250724t152229,0,0.03241632277288584,0.48028329461511193
494525,av320250724t152229-B,av320250724t152229,0,0.007477832368422325,0.48028329461511193
494526,av320250724t154338-A,av320250724t154338,0,0.007661450708402598,0.48028329461511193
494531,av320250724t154338-B,av320250724t154338,1,0.47180351816749966,0.48028329461511193
494534,av320250724t154338-A,av320250724t154338,0,0.0051610575518490276,0.48028329461511193
494536,av320250724t154338-A,av320250724t154338,0,0.025066044062503626,0.48028329461511193
494537,av320250724t154338-B,av320250724t154338,1,0.7136025509645085,0.48028329461511193
494551,av320250724t154338-B,av320250724t154338,1,0.6578384901411256,0.48028329461511193
494557,av320250724t154338-B,av320250724t154338,1,0.6793354021937619,0.48028329461511193
494558,av320250724t154338-C,av320250724t154338,1,0.01648282950691278,0.48028329461511193
494559,av320250724t154338-B,av320250724t154338,1,0.23046038654849624,0.48028329461511193
494561,av320250724t154338-C,av320250724t154338,1,0.02817893914795607,0.48028329461511193
494573,av320250724t154338-C,av320250724t154338,1,0.018967635319692318,0.48028329461511193
494577,av320250724t154338-C,av320250724t154338,1,0.013920039647676049,0.48028329461511193
494702,av320250724t154338-E,av320250724t154338,0,0.001908504375716892,0.48028329461511193
494743,av320250724t154338-E,av320250724t154338,0,0.002166920037213813,0.48028329461511193
495123,av320250724t154338-G,av320250724t154338,0,0.005527807086849299,0.48028329461511193
495305,av320250724t154338-F,av320250724t154338,0,0.005857075179798243,0.48028329461511193
495374,av320250724t154338-F,av320250724t154338,0,0.009267336977048636,0.48028329461511193
495616,av320250724t154338-H,av320250724t154338,0,0.0065028231538597405,0.48028329461511193
495638,av320250724t154338-H,av320250724t154338,0,0.01080556396920892,0.48028329461511193
495647,av320250724t154338-G,av320250724t154338,0,0.005472305932410773,0.48028329461511193
496096,av320250724t154338-J,av320250724t154338,0,0.005374881289804033,0.48028329461511193
496210,av320250724t154338-J,av320250724t154338,0,0.0085986033680265,0.48028329461511193
496423,av320250724t154338-K,av320250724t154338,0,0.04372644199512435,0.48028329461511193
496718,av320250724t154338-L,av320250724t154338,0,0.06631031519435486,0.48028329461511193
496747,av320250724t154338-K,av320250724t154338,0,0.0029727903480646065,0.48028329461511193
545387,emi20241015t114211p08014-A,emi20241015t114211p08014,1,0.006737366548728229,0.48028329461511193
545388,emi20241015t114211p08014-A,emi20241015t114211p08014,1,0.004620410520157256,0.48028329461511193
545389,emi20241015t114211p08014-A,emi20241015t114211p08014,1,0.0025222452298238073,0.48028329461511193
545391,emi20241015t114211p08014-A,emi20241015t114211p08014,1,0.1132504282825114,0.48028329461511193
545392,emi20241016t030821p02003-A,emi20241016t030821p02003,1,0.8228277575973335,0.48028329461511193
545393,emi20241015t114211p08014-A,emi20241015t114211p08014,1,0.005470143543245595,0.48028329461511193
545394,emi20241016t030821p02003-A,emi20241016t030821p02003,1,0.9068007383329638,0.48028329461511193
545395,emi20241015t114211p08014-A,emi20241015t114211p08014,1,0.002673512117195865,0.48028329461511193
545396,emi20241016t030821p02003-A,emi20241016t030821p02003,1,0.921731459522224,0.48028329461511193
545397,emi20241015t114211p08014-A,emi20241015t114211p08014,1,0.14341636038565145,0.48028329461511193
545398,emi20241016t030821p02003-A,emi20241016t030821p02003,1,0.6287767825933905,0.48028329461511193
545399,emi20241015t114211p08014-A,emi20241015t114211p08014,1,0.0027285587336459837,0.48028329461511193
545400,emi20241016t030821p02003-A,emi20241016t030821p02003,1,0.4229272875325775,0.48028329461511193
545401,emi20241015t114211p08014-A,emi20241015t114211p08014,1,0.017502479852754004,0.48028329461511193
545402,emi20241016t030821p02003-A,emi20241016t030821p02003,1,0.8388814890955846,0.48028329461511193
545403,emi20241015t114211p08014-A,emi20241015t114211p08014,1,0.07837231839631204,0.48028329461511193
545404,emi20241016t030821p02003-A,emi20241016t030821p02003,1,0.8895384659690799,0.48028329461511193
545405,emi20241015t114211p08014-A,emi20241015t114211p08014,1,0.20429158892427324,0.48028329461511193
545407,emi20241015t114211p08014-A,emi20241015t114211p08014,1,0.027321536440543873,0.48028329461511193
545409,emi20241015t114211p08014-A,emi20241015t114211p08014,1,0.0076813245347292485,0.48028329461511193
545410,emi20241016t030821p02003-A,emi20241016t030821p02003,1,0.8308624001893706,0.48028329461511193
545411,emi20241015t114211p08014-A,emi20241015t114211p08014,1,0.005876834314838843,0.48028329461511193
545412,emi20241016t030821p02003-A,emi20241016t030821p02003,1,0.3532971159553221,0.48028329461511193
545413,emi20241015t114211p08014-A,emi20241015t114211p08014,1,0.016699112784530765,0.48028329461511193
545414,emi20241016t030821p02003-A,emi20241016t030821p02003,1,0.837277004197186,0.48028329461511193
545415,emi20241015t114211p08014-A,emi20241015t114211p08014,1,0.004886126858966495,0.48028329461511193
545417,emi20241015t114211p08014-A,emi20241015t114211p08014,0,0.0007415868058237137,0.48028329461511193
545418,emi20241016t030821p02003-A,emi20241016t030821p02003,1,0.5288016071771438,0.48028329461511193
545419,emi20241015t114211p08014-A,emi20241015t114211p08014,0,0.45784626017227936,0.48028329461511193
545420,emi20241016t030821p02003-A,emi20241016t030821p02003,1,0.6986372498783351,0.48028329461511193
545421,emi20241015t114211p08014-A,emi20241015t114211p08014,0,0.1281139134526442,0.48028329461511193
545423,emi20241015t114211p08014-A,emi20241015t114211p08014,0,0.000600054512814109,0.48028329461511193
545424,emi20241016t030821p02003-A,emi20241016t030821p02003,0,0.017547590358790666,0.48028329461511193
545426,emi20241015t114211p08014-A,emi20241015t114211p08014,0,0.024816833493357605,0.48028329461511193
545428,emi20241015t114211p08014-A,emi20241015t114211p08014,0,0.7450255544179822,0.48028329461511193
545430,emi20241015t114211p08014-A,emi20241015t114211p08014,0,0.16815232656093382,0.48028329461511193
545432,emi20241015t114211p08014-A,emi20241015t114211p08014,0,0.08467927021737474,0.48028329461511193
545435,emi20241015t114211p08014-A,emi20241015t114211p08014,0,0.0679173047005681,0.48028329461511193
545436,emi20241016t030821p02003-A,emi20241016t030821p02003,0,0.0014302073504554348,0.48028329461511193
545437,emi20241015t114211p08014-A,emi20241015t114211p08014,0,0.4197504724532841,0.48028329461511193
545438,emi20241016t030821p02003-A,emi20241016t030821p02003,0,0.5375396875799128,0.48028329461511193
545439,emi20241015t114211p08014-A,emi20241015t114211p08014,0,0.011689343623541197,0.48028329461511193
545441,emi20241015t114211p08014-A,emi20241015t114211p08014,0,0.008675869308567771,0.48028329461511193
545442,emi20241016t030821p02003-A,emi20241016t030821p02003,0,0.011137683543373486,0.48028329461511193
545443,emi20241015t114211p08014-A,emi20241015t114211p08014,0,0.0016805204835864682,0.48028329461511193
545444,emi20241016t030821p02003-A,emi20241016t030821p02003,0,0.673471597464715,0.48028329461511193
545445,emi20241015t114211p08014-A,emi20241015t114211p08014,0,0.012029939308464502,0.48028329461511193
545447,emi20241015t114211p08014-A,emi20241015t114211p08014,0,0.3182820167438755,0.48028329461511193
545450,emi20241015t114211p08014-A,emi20241015t114211p08014,0,0.0018400731072564568,0.48028329461511193
545451,emi20241016t030821p02003-A,emi20241016t030821p02003,0,0.9442885879771125,0.48028329461511193
545453,emi20241016t030821p02003-A,emi20241016t030821p02003,0,0.03101031819195228,0.48028329461511193
545454,emi20241016t030821p02003-B,emi20241016t030821p02003,1,0.9231280514184453,0.48028329461511193
545575,emi20241018t092617p06021-B,emi20241018t092617p06021,0,0.0043919299252558035,0.48028329461511193
545576,emi20241016t030821p02003-B,emi20241016t030821p02003,1,0.9582515057645918,0.48028329461511193
545592,emi20241018t092617p06021-B,emi20241018t092617p06021,0,0.004757646599690469,0.48028329461511193
545600,emi20241018t092617p06021-B,emi20241018t092617p06021,0,0.00505286527532599,0.48028329461511193
545609,emi20241018t092617p06021-B,emi20241018t092617p06021,0,0.006314620238339584,0.48028329461511193
545610,emi20241016t030821p02003-B,emi20241016t030821p02003,1,0.9182425171342943,0.48028329461511193
545622,emi20241018t092617p06021-B,emi20241018t092617p06021,0,0.003786619308284828,0.48028329461511193
545623,emi20241016t030821p02003-B,emi20241016t030821p02003,1,0.9592345557130162,0.48028329461511193
545634,emi20241018t092617p06021-B,emi20241018t092617p06021,0,0.003989513806165142,0.48028329461511193
545638,emi20241018t092617p06021-B,emi20241018t092617p06021,0,0.001186689192746394,0.48028329461511193
545663,emi20241018t092617p06021-B,emi20241018t092617p06021,0,0.004909791849483162,0.48028329461511193
545668,emi20241018t092617p06021-B,emi20241018t092617p06021,0,0.0067082572771839655,0.48028329461511193
545689,emi20241018t092617p06021-B,emi20241018t092617p06021,0,0.1257329224248816,0.48028329461511193
545702,emi20241018t092617p06021-B,emi20241018t092617p06021,0,0.003828684998897586,0.48028329461511193
545741,emi20241018t092617p06021-B,emi20241018t092617p06021,0,0.009338647493083576,0.48028329461511193
545770,emi20241016t030821p02003-B,emi20241016t030821p02003,0,0.004822019158291906,0.48028329461511193
546035,emi20241018t184113p12011-A,emi20241018t184113p12011,0,0.002638335120799402,0.48028329461511193
546036,emi20241016t030821p02003-B,emi20241016t030821p02003,0,0.04206660694971843,0.48028329461511193
546072,emi20241016t030821p02003-B,emi20241016t030821p02003,0,0.03821701298768582,0.48028329461511193
546180,emi20241021t100759p07003-A,emi20241021t100759p07003,0,0.018347325767686874,0.48028329461511193
546210,emi20241021t100759p07003-A,emi20241021t100759p07003,0,0.003458972094362177,0.48028329461511193
546229,emi20241021t100759p07003-A,emi20241021t100759p07003,0,0.046046049359713355,0.48028329461511193
546238,emi20241021t100759p07003-A,emi20241021t100759p07003,0,0.0054078076837001535,0.48028329461511193
546239,emi20241016t030821p02003-B,emi20241016t030821p02003,0,0.19249739382755043,0.48028329461511193
546255,emi20241021t100759p07003-A,emi20241021t100759p07003,0,0.003896851410432651,0.48028329461511193
546256,emi20241016t030821p02003-B,emi20241016t030821p02003,0,0.027926652490943886,0.48028329461511193
546262,emi20241021t100759p07003-A,emi20241021t100759p07003,0,0.02627354799125922,0.48028329461511193
546263,emi20241016t030821p02003-B,emi20241016t030821p02003,0,0.01206023602340487,0.48028329461511193
546269,emi20241021t100759p07003-A,emi20241021t100759p07003,0,0.0016793528955598176,0.48028329461511193
546270,emi20241016t030821p02003-B,emi20241016t030821p02003,0,0.0009104515348904582,0.48028329461511193
546286,emi20241021t100759p07003-A,emi20241021t100759p07003,0,0.019958287014044385,0.48028329461511193
546287,emi20241016t030821p02003-B,emi20241016t030821p02003,0,0.3468768894499205,0.48028329461511193
546294,emi20241021t100759p07003-A,emi20241021t100759p07003,0,0.0023159176090835868,0.48028329461511193
546298,emi20241021t100759p07003-A,emi20241021t100759p07003,0,0.0034515078872634315,0.48028329461511193
546300,emi20241021t100759p07003-A,emi20241021t100759p07003,0,0.0054078168830246805,0.48028329461511193
546307,emi20241021t100759p07003-A,emi20241021t100759p07003,0,0.013374978100369346,0.48028329461511193
546308,emi20241016t030821p02003-B,emi20241016t030821p02003,0,0.001887194184658747,0.48028329461511193
546314,emi20241021t100759p07003-A,emi20241021t100759p07003,0,0.00762579326373179,0.48028329461511193
546340,emi20241021t100759p07003-A,emi20241021t100759p07003,0,0.005310511216754033,0.48028329461511193
546384,emi20241021t100759p07003-A,emi20241021t100759p07003,0,0.055991110441252746,0.48028329461511193
546485,emi20241023t083741p06026-A,emi20241023t083741p06026,0,0.03690916151088737,0.48028329461511193
546487,emi20241023t083741p06026-A,emi20241023t083741p06026,0,0.11704574837514296,0.48028329461511193
546489,emi20241023t083741p06026-A,emi20241023t083741p06026,0,0.31075659604612804,0.48028329461511193
546490,emi20241026t172133p11019-A,emi20241026t172133p11019,1,0.8209462220584612,0.48028329461511193
546491,emi20241023t083741p06026-A,emi20241023t083741p06026,0,0.1195554038793711,0.48028329461511193
546492,emi20241026t172133p11019-A,emi20241026t172133p11019,1,0.9128167193127417,0.48028329461511193
546494,emi20241023t083741p06026-A,emi20241023t083741p06026,0,0.4090198777871613,0.48028329461511193
546495,emi20241026t172133p11019-A,emi20241026t172133p11019,1,0.7544666445561072,0.48028329461511193
546498,emi20241023t083741p06026-A,emi20241023t083741p06026,0,0.05615195284416379,0.48028329461511193
546499,emi20241026t172133p11019-A,emi20241026t172133p11019,1,0.7652580879990908,0.48028329461511193
546500,emi20241023t083741p06026-A,emi20241023t083741p06026,0,0.24747867933872067,0.48028329461511193
546501,emi20241026t172133p11019-A,emi20241026t172133p11019,1,0.9264536344869395,0.48028329461511193
546503,emi20241023t083741p06026-A,emi20241023t083741p06026,0,0.1581619956808597,0.48028329461511193
546506,emi20241023t083741p06026-A,emi20241023t083741p06026,0,0.17982612711071452,0.48028329461511193
546507,emi20241026t172133p11019-A,emi20241026t172133p11019,1,0.9368003881769157,0.48028329461511193
546509,emi20241023t083741p06026-A,emi20241023t083741p06026,0,0.1790353114059196,0.48028329461511193
546514,emi20241023t083741p06026-A,emi20241023t083741p06026,0,0.2093232472735682,0.48028329461511193
546521,emi20241023t083741p06026-A,emi20241023t083741p06026,0,0.24200896258184504,0.48028329461511193
546523,emi20241023t083741p06026-A,emi20241023t083741p06026,0,0.14344439631936584,0.48028329461511193
546524,emi20241026t172133p11019-A,emi20241026t172133p11019,1,0.9334196535331922,0.48028329461511193
546525,emi20241023t083741p06026-A,emi20241023t083741p06026,0,0.1452553377611076,0.48028329461511193
546527,emi20241023t083741p06026-A,emi20241023t083741p06026,0,0.2808407660060143,0.48028329461511193
546532,emi20241023t083741p06026-A,emi20241023t083741p06026,0,0.19054790532256438,0.48028329461511193
546535,emi20241026t172133p11019-A,emi20241026t172133p11019,1,0.9243568931354215,0.48028329461511193
546536,emi20241026t172133p11019-B,emi20241026t172133p11019,1,0.953031844447134,0.48028329461511193
546539,emi20241026t172133p11019-A,emi20241026t172133p11019,0,0.007664568327383741,0.48028329461511193
546540,emi20241026t172133p11019-B,emi20241026t172133p11019,1,0.9310980039673128,0.48028329461511193
546541,emi20241026t172133p11019-A,emi20241026t172133p11019,0,0.0016153516812591137,0.48028329461511193
546542,emi20241026t172133p11019-B,emi20241026t172133p11019,1,0.9630600914502185,0.48028329461511193
546543,emi20241026t172133p11019-A,emi20241026t172133p11019,0,0.004553469641268686,0.48028329461511193
546546,emi20241026t172133p11019-B,emi20241026t172133p11019,1,0.9426578141820103,0.48028329461511193
546547,emi20241026t172133p11019-A,emi20241026t172133p11019,0,0.062195459001410894,0.48028329461511193
546548,emi20241026t172133p11019-B,emi20241026t172133p11019,1,0.9378834579182593,0.48028329461511193
546551,emi20241026t172133p11019-A,emi20241026t172133p11019,0,0.022275076392752058,0.48028329461511193
546553,emi20241026t172133p11019-A,emi20241026t172133p11019,0,0.02056855062933216,0.48028329461511193
546554,emi20241026t172133p11019-B,emi20241026t172133p11019,1,0.9378834579182593,0.48028329461511193
546555,emi20241026t172133p11019-A,emi20241026t172133p11019,0,0.0013708572665018777,0.48028329461511193
546558,emi20241026t172133p11019-B,emi20241026t172133p11019,1,0.949792225585274,0.48028329461511193
546560,emi20241026t172133p11019-B,emi20241026t172133p11019,1,0.941636622905906,0.48028329461511193
546563,emi20241026t172133p11019-A,emi20241026t172133p11019,0,0.007638925311228066,0.48028329461511193
546565,emi20241026t172133p11019-A,emi20241026t172133p11019,0,0.001821696786273568,0.48028329461511193
546568,emi20241026t172133p11019-B,emi20241026t172133p11019,0,0.09409045933072833,0.48028329461511193
546569,emi20241026t172133p11019-B,emi20241026t172133p11019,0,0.0024479000524871026,0.48028329461511193
546871,emi20241026t172133p11019-B,emi20241026t172133p11019,0,0.0009905878637802006,0.48028329461511193
546872,emi20241026t172133p11019-B,emi20241026t172133p11019,0,0.0013520270548526582,0.48028329461511193
546974,emi20241127t045106p04010-A,emi20241127t045106p04010,0,0.005040193617369676,0.48028329461511193
546977,emi20241127t045106p04010-A,emi20241127t045106p04010,0,0.007099518397944784,0.48028329461511193
546984,emi20241127t045106p04010-A,emi20241127t045106p04010,0,0.008911939476599498,0.48028329461511193
546987,emi20241127t045106p04010-A,emi20241127t045106p04010,0,0.010219124713791635,0.48028329461511193
546988,emi20241026t172133p11019-B,emi20241026t172133p11019,0,0.45982697607832956,0.48028329461511193
546989,emi20241127t045106p04010-A,emi20241127t045106p04010,0,0.0024579797941909434,0.48028329461511193
547003,emi20241127t045106p04010-A,emi20241127t045106p04010,0,0.004271927507696249,0.48028329461511193
547006,emi20241127t045106p04010-A,emi20241127t045106p04010,0,0.04829278814506575,0.48028329461511193
547007,emi20241026t172133p11019-B,emi20241026t172133p11019,0,0.0022488628197236825,0.48028329461511193
547011,emi20241127t045106p04010-A,emi20241127t045106p04010,0,0.0024569101313371955,0.48028329461511193
547020,emi20241127t045106p04010-A,emi20241127t045106p04010,0,0.00491270353986427,0.48028329461511193
547021,emi20241026t172133p11019-B,emi20241026t172133p11019,0,0.0015225027931276807,0.48028329461511193
547023,emi20241127t045106p04010-A,emi20241127t045106p04010,0,0.011705883070400285,0.48028329461511193
547030,emi20241127t045106p04010-A,emi20241127t045106p04010,0,0.0393882746527754,0.48028329461511193
547037,emi20241127t045106p04010-A,emi20241127t045106p04010,0,0.0012475801992300516,0.48028329461511193
547038,emi20241127t045106p04010-A,emi20241127t045106p04010,0,0.006722890296156157,0.48028329461511193
547041,emi20241127t045106p04010-A,emi20241127t045106p04010,0,0.004023217491434803,0.48028329461511193
547042,emi20241129t045656p04010-A,emi20241129t045656p04010,1,0.8162419637428546,0.48028329461511193
547047,emi20241127t045106p04010-A,emi20241127t045106p04010,0,0.001376596782141509,0.48028329461511193
547048,emi20241129t045656p04010-A,emi20241129t045656p04010,1,0.4481354965921276,0.48028329461511193
547049,emi20241127t045106p04010-A,emi20241127t045106p04010,0,0.049647497885907665,0.48028329461511193
547050,emi20241129t045656p04010-A,emi20241129t045656p04010,1,0.8152535281385886,0.48028329461511193
547051,emi20241129t045656p04010-A,emi20241129t045656p04010,1,0.4469673482513408,0.48028329461511193
547052,emi20241129t045656p04010-A,emi20241129t045656p04010,1,0.8359169855262257,0.48028329461511193
547053,emi20241129t045656p04010-A,emi20241129t045656p04010,1,0.8135471105345528,0.48028329461511193
547160,emi20241130t180334p12009-B,emi20241130t180334p12009,0,0.44639836267388694,0.48028329461511193
547161,emi20241129t045656p04010-A,emi20241129t045656p04010,1,0.6631213504743515,0.48028329461511193
547166,emi20241130t180334p12009-B,emi20241130t180334p12009,0,0.10975216506098628,0.48028329461511193
547167,emi20241129t045656p04010-A,emi20241129t045656p04010,1,0.6956534756829453,0.48028329461511193
547173,emi20241129t045656p04010-A,emi20241129t045656p04010,1,0.8659280570319845,0.48028329461511193
547178,emi20241130t180334p12009-B,emi20241130t180334p12009,0,0.3836152459076522,0.48028329461511193
547179,emi20241129t045656p04010-A,emi20241129t045656p04010,1,0.7897883540202845,0.48028329461511193
547180,emi20241130t180334p12009-B,emi20241130t180334p12009,0,0.39651991281420496,0.48028329461511193
547181,emi20241129t045656p04010-A,emi20241129t045656p04010,1,0.6291164522310113,0.48028329461511193
547186,emi20241130t180334p12009-B,emi20241130t180334p12009,0,0.14994126686991177,0.48028329461511193
547187,emi20241129t045656p04010-A,emi20241129t045656p04010,1,0.9414527601463168,0.48028329461511193
547192,emi20241130t180334p12009-B,emi20241130t180334p12009,0,0.0641929563829305,0.48028329461511193
547193,emi20241129t045656p04010-A,emi20241129t045656p04010,1,0.29665532262404337,0.48028329461511193
547195,emi20241130t180334p12009-B,emi20241130t180334p12009,0,0.007677469128713537,0.48028329461511193
547196,emi20241129t045656p04010-A,emi20241129t045656p04010,1,0.25144982688476697,0.48028329461511193
547199,emi20241130t180334p12009-B,emi20241130t180334p12009,0,0.19860644819816897,0.48028329461511193
547200,emi20241129t045656p04010-A,emi20241129t045656p04010,1,0.8792809189273616,0.48028329461511193
547202,emi20241129t045656p04010-A,emi20241129t045656p04010,1,0.8296388652320268,0.48028329461511193
547204,emi20241130t180334p12009-B,emi20241130t180334p12009,0,0.3432039090236626,0.48028329461511193
547205,emi20241129t045656p04010-A,emi20241129t045656p04010,0,0.006217224012729601,0.48028329461511193
547206,emi20241130t180334p12009-B,emi20241130t180334p12009,0,0.45827531736394833,0.48028329461511193
547207,emi20241129t045656p04010-A,emi20241129t045656p04010,0,0.0016559101655937057,0.48028329461511193
547212,emi20241130t180334p12009-B,emi20241130t180334p12009,0,0.19725442941783888,0.48028329461511193
547213,emi20241129t045656p04010-A,emi20241129t045656p04010,0,0.00315793743199478,0.48028329461511193
547216,emi20241130t180334p12009-B,emi20241130t180334p12009,0,0.8915156106169363,0.48028329461511193
547217,emi20241129t045656p04010-A,emi20241129t045656p04010,0,0.004527132705426143,0.48028329461511193
547219,emi20241130t180334p12009-B,emi20241130t180334p12009,0,0.5091611069985633,0.48028329461511193
547220,emi20241129t045656p04010-A,emi20241129t045656p04010,0,0.28899840864515725,0.48028329461511193
547221,emi20241130t180334p12009-B,emi20241130t180334p12009,0,0.7417270855241147,0.48028329461511193
547222,emi20241129t045656p04010-A,emi20241129t045656p04010,0,0.0009996461765576677,0.48028329461511193
547223,emi20241129t045656p04010-A,emi20241129t045656p04010,0,0.0034035026035202777,0.48028329461511193
547224,emi20241129t045656p04010-A,emi20241129t045656p04010,0,0.9007340134159427,0.48028329461511193
547362,emi20241130t180334p12009-C,emi20241130t180334p12009,0,0.6364411922620524,0.48028329461511193
547363,emi20241129t045656p04010-A,emi20241129t045656p04010,0,0.00891197860270212,0.48028329461511193
547458,emi20241130t180334p12009-C,emi20241130t180334p12009,0,0.7117691083431638,0.48028329461511193
547459,emi20241129t045656p04010-A,emi20241129t045656p04010,0,0.007372335885413886,0.48028329461511193
547525,emi20241129t045656p04010-A,emi20241129t045656p04010,0,0.9178617056249443,0.48028329461511193
547526,emi20241129t045656p04010-A,emi20241129t045656p04010,0,0.2007042028697818,0.48028329461511193
547527,emi20241129t045656p04010-A,emi20241129t045656p04010,0,0.0021417095393067333,0.48028329461511193
547628,emi20241201t080027p06022-A,emi20241201t080027p06022,0,0.7708266451349228,0.48028329461511193
547629,emi20241129t045656p04010-A,emi20241129t045656p04010,0,0.004263451221134819,0.48028329461511193
547631,emi20241201t080027p06022-A,emi20241201t080027p06022,0,0.4875700372574269,0.48028329461511193
547632,emi20241129t045656p04010-A,emi20241129t045656p04010,0,0.013795988201200805,0.48028329461511193
547635,emi20241201t080027p06022-A,emi20241201t080027p06022,0,0.7596653123235413,0.48028329461511193
547636,emi20241129t045656p04010-A,emi20241129t045656p04010,0,0.00988197184644045,0.48028329461511193
547638,emi20241201t080027p06022-A,emi20241201t080027p06022,0,0.8264365426140002,0.48028329461511193
547639,emi20241201t080027p06022-A,emi20241201t080027p06022,0,0.3013543053068803,0.48028329461511193
547641,emi20241201t080027p06022-A,emi20241201t080027p06022,0,0.9531252705666043,0.48028329461511193
547942,emi20241201t080027p06022-A,emi20241201t080027p06022,0,0.43939816771561163,0.48028329461511193
547944,emi20241201t080027p06022-A,emi20241201t080027p06022,0,0.9390479889284049,0.48028329461511193
548246,emi20241201t080027p06022-A,emi20241201t080027p06022,0,0.7033212020827574,0.48028329461511193
548247,emi20241201t080027p06022-A,emi20241201t080027p06022,0,0.7988189433512348,0.48028329461511193
548251,emi20241201t080027p06022-A,emi20241201t080027p06022,0,0.6863304669910978,0.48028329461511193
548252,emi20241202t071056p05010-A,emi20241202t071056p05010,1,0.529573011601963,0.48028329461511193
548256,emi20241201t080027p06022-A,emi20241201t080027p06022,0,0.17668764686919786,0.48028329461511193
548262,emi20241201t080027p06022-A,emi20241201t080027p06022,0,0.8143065405687013,0.48028329461511193
548270,emi20241201t080027p06022-A,emi20241201t080027p06022,0,0.8653100103257653,0.48028329461511193
548271,emi20241202t071056p05010-A,emi20241202t071056p05010,1,0.6303771500453323,0.48028329461511193
548272,emi20241201t080027p06022-A,emi20241201t080027p06022,0,0.3525611811265764,0.48028329461511193
548275,emi20241201t080027p06022-A,emi20241201t080027p06022,0,0.5696452974971398,0.48028329461511193
548276,emi20241202t071056p05010-A,emi20241202t071056p05010,1,0.6870485281370257,0.48028329461511193
548278,emi20241202t071056p05010-A,emi20241202t071056p05010,1,0.5270910883236068,0.48028329461511193
548280,emi20241202t071056p05010-B,emi20241202t071056p05010,1,0.833013017891913,0.48028329461511193
548281,emi20241202t071056p05010-A,emi20241202t071056p05010,1,0.7025202003211463,0.48028329461511193
548282,emi20241202t071056p05010-B,emi20241202t071056p05010,1,0.8013153919439613,0.48028329461511193
548283,emi20241202t071056p05010-A,emi20241202t071056p05010,1,0.7161214516325946,0.48028329461511193
548284,emi20241202t071056p05010-B,emi20241202t071056p05010,1,0.7587086809803182,0.48028329461511193
548285,emi20241202t071056p05010-A,emi20241202t071056p05010,1,0.7422808990169948,0.48028329461511193
548287,emi20241202t071056p05010-A,emi20241202t071056p05010,1,0.7158106270307703,0.48028329461511193
548288,emi20241202t071056p05010-B,emi20241202t071056p05010,1,0.892437463588396,0.48028329461511193
548291,emi20241202t071056p05010-A,emi20241202t071056p05010,1,0.7709176754852171,0.48028329461511193
548292,emi20241202t071056p05010-B,emi20241202t071056p05010,1,0.7908592575132846,0.48028329461511193
548298,emi20241202t071056p05010-B,emi20241202t071056p05010,1,0.8862128026304231,0.48028329461511193
548306,emi20241202t071056p05010-B,emi20241202t071056p05010,1,0.8590796731349157,0.48028329461511193
548309,emi20241202t071056p05010-A,emi20241202t071056p05010,0,0.4722409273925116,0.48028329461511193
548313,emi20241202t071056p05010-A,emi20241202t071056p05010,0,0.426391215330265,0.48028329461511193
548315,emi20241202t071056p05010-A,emi20241202t071056p05010,0,0.13918408720111655,0.48028329461511193
548318,emi20241202t071056p05010-B,emi20241202t071056p05010,0,0.02275804400911037,0.48028329461511193
548319,emi20241202t071056p05010-A,emi20241202t071056p05010,0,0.33365441145514674,0.48028329461511193
548327,emi20241202t071056p05010-B,emi20241202t071056p05010,0,0.12354580052332462,0.48028329461511193
548434,emi20241202t071056p05010-B,emi20241202t071056p05010,0,0.07972622950126336,0.48028329461511193
548447,emi20241202t071056p05010-C,emi20241202t071056p05010,0,0.36464640637530465,0.48028329461511193
548448,emi20241202t071056p05010-B,emi20241202t071056p05010,0,0.15268218469903744,0.48028329461511193
548450,emi20241202t071056p05010-B,emi20241202t071056p05010,0,0.27315906000186,0.48028329461511193
548458,emi20241202t071056p05010-C,emi20241202t071056p05010,0,0.37470488355329806,0.48028329461511193
548570,emi20241202t071056p05010-D,emi20241202t071056p05010,0,0.7016548450977241,0.48028329461511193
548593,emi20241202t071056p05010-C,emi20241202t071056p05010,0,0.5505512312311344,0.48028329461511193
548594,emi20241202t071056p05010-D,emi20241202t071056p05010,0,0.5330522670717716,0.48028329461511193
548603,emi20241202t071056p05010-D,emi20241202t071056p05010,0,0.8759430969572939,0.48028329461511193
548714,emi20241202t071108p05011-A,emi20241202t071108p05011,0,0.02047932007502903,0.48028329461511193
548727,emi20241202t071108p05011-A,emi20241202t071108p05011,0,0.010262161213505974,0.48028329461511193
548747,emi20241202t071108p05011-A,emi20241202t071108p05011,0,0.006378630358995895,0.48028329461511193
548748,emi20241202t071056p05010-D,emi20241202t071056p05010,0,0.6823363811963744,0.48028329461511193
548750,emi20241202t071108p05011-A,emi20241202t071108p05011,0,0.13397281930816932,0.48028329461511193
548757,emi20241202t071108p05011-A,emi20241202t071108p05011,0,0.03157483134061252,0.48028329461511193
548758,emi20241202t071108p05011-A,emi20241202t071108p05011,0,0.09004252862449065,0.48028329461511193
548761,emi20241202t071108p05011-B,emi20241202t071108p05011,1,0.7996610386819331,0.48028329461511193
548763,emi20241202t071108p05011-B,emi20241202t071108p05011,1,0.9295111604054437,0.48028329461511193
548773,emi20241202t071108p05011-B,emi20241202t071108p05011,1,0.9119572942700365,0.48028329461511193
548778,emi20241202t071108p05011-A,emi20241202t071108p05011,0,0.03576563125200695,0.48028329461511193
548779,emi20241202t071108p05011-B,emi20241202t071108p05011,1,0.930915422905472,0.48028329461511193
548781,emi20241202t071108p05011-B,emi20241202t071108p05011,1,0.761974861199406,0.48028329461511193
548782,emi20241202t071108p05011-A,emi20241202t071108p05011,0,0.011353378978432855,0.48028329461511193
548783,emi20241202t071108p05011-B,emi20241202t071108p05011,1,0.9194547048067614,0.48028329461511193
548789,emi20241202t071108p05011-B,emi20241202t071108p05011,1,0.7848726084238599,0.48028329461511193
548790,emi20241202t071108p05011-B,emi20241202t071108p05011,1,0.6543778102824586,0.48028329461511193
548791,emi20241202t071108p05011-B,emi20241202t071108p05011,1,0.9058253503563698,0.48028329461511193
548792,emi20241202t071108p05011-B,emi20241202t071108p05011,1,0.6152731357184349,0.48028329461511193
548793,emi20241202t162414p11009-A,emi20241202t162414p11009,1,0.9544504280223052,0.48028329461511193
548794,emi20241202t071108p05011-B,emi20241202t071108p05011,1,0.7848726084238599,0.48028329461511193
548795,emi20241202t162414p11009-A,emi20241202t162414p11009,1,0.9587897989767562,0.48028329461511193
548796,emi20241202t071108p05011-B,emi20241202t071108p05011,1,0.8170645086649507,0.48028329461511193
548797,emi20241202t162414p11009-A,emi20241202t162414p11009,1,0.9544504280223052,0.48028329461511193
548798,emi20241202t071108p05011-B,emi20241202t071108p05011,1,0.83765603768181,0.48028329461511193
548799,emi20241202t162414p11009-A,emi20241202t162414p11009,1,0.9690639056513468,0.48028329461511193
548800,emi20241202t071108p05011-B,emi20241202t071108p05011,1,0.8690270499212853,0.48028329461511193
548801,emi20241202t162414p11009-A,emi20241202t162414p11009,1,0.9574359870617691,0.48028329461511193
548802,emi20241202t071108p05011-B,emi20241202t071108p05011,1,0.9372422715518128,0.48028329461511193
548803,emi20241202t162414p11009-A,emi20241202t162414p11009,1,0.9446395332873819,0.48028329461511193
548804,emi20241202t071108p05011-B,emi20241202t071108p05011,1,0.6152731357184349,0.48028329461511193
548805,emi20241202t162414p11009-A,emi20241202t162414p11009,1,0.9247346348854583,0.48028329461511193
548806,emi20241202t071108p05011-B,emi20241202t071108p05011,0,0.4026462756606636,0.48028329461511193
548807,emi20241202t162414p11009-A,emi20241202t162414p11009,1,0.8298717128103316,0.48028329461511193
548808,emi20241202t071108p05011-B,emi20241202t071108p05011,0,0.8135009161220411,0.48028329461511193
548809,emi20241202t162414p11009-A,emi20241202t162414p11009,1,0.8604138781570012,0.48028329461511193
548811,emi20241202t162414p11009-A,emi20241202t162414p11009,1,0.9485140638414479,0.48028329461511193
548812,emi20241202t071108p05011-B,emi20241202t071108p05011,0,0.1758905032757906,0.48028329461511193
548813,emi20241202t162414p11009-A,emi20241202t162414p11009,1,0.9294714037714682,0.48028329461511193
548814,emi20241202t071108p05011-B,emi20241202t071108p05011,0,0.5422323138472797,0.48028329461511193
548815,emi20241202t162414p11009-A,emi20241202t162414p11009,1,0.9440120780939014,0.48028329461511193
548817,emi20241202t162414p11009-A,emi20241202t162414p11009,1,0.7785071494433906,0.48028329461511193
548819,emi20241202t162414p11009-A,emi20241202t162414p11009,1,0.8604138781570012,0.48028329461511193
548820,emi20241202t071108p05011-B,emi20241202t071108p05011,0,0.29790312099388166,0.48028329461511193
548821,emi20241202t162414p11009-A,emi20241202t162414p11009,1,0.9272768653643776,0.48028329461511193
548823,emi20241202t162414p11009-A,emi20241202t162414p11009,1,0.9693461149089637,0.48028329461511193
548825,emi20241202t162414p11009-A,emi20241202t162414p11009,0,0.0012749408428954518,0.48028329461511193
548829,emi20241202t162414p11009-A,emi20241202t162414p11009,0,0.012417210893060257,0.48028329461511193
548831,emi20241202t162414p11009-A,emi20241202t162414p11009,0,0.020484032937518735,0.48028329461511193
548832,emi20241202t071108p05011-B,emi20241202t071108p05011,0,0.07841271929115991,0.48028329461511193
548835,emi20241202t162414p11009-A,emi20241202t162414p11009,0,0.0021413741943157234,0.48028329461511193
548837,emi20241202t162414p11009-A,emi20241202t162414p11009,0,0.007605028983031463,0.48028329461511193
548838,emi20241202t071108p05011-B,emi20241202t071108p05011,0,0.7191855513884771,0.48028329461511193
548839,emi20241202t162414p11009-A,emi20241202t162414p11009,0,0.2687999791884812,0.48028329461511193
548840,emi20241202t071108p05011-B,emi20241202t071108p05011,0,0.31084372075963496,0.48028329461511193
548841,emi20241202t162414p11009-A,emi20241202t162414p11009,0,0.08879289658171773,0.48028329461511193
548842,emi20241202t162414p11009-A,emi20241202t162414p11009,0,0.0017026481863511116,0.48028329461511193
548843,emi20241202t162414p11009-A,emi20241202t162414p11009,0,0.0023180125068363506,0.48028329461511193
548844,emi20241202t162414p11009-A,emi20241202t162414p11009,0,0.01846709631406481,0.48028329461511193
548948,emi20241202t162414p11009-A,emi20241202t162414p11009,0,0.0009810952440548653,0.48028329461511193
548952,emi20241202t162414p11009-A,emi20241202t162414p11009,0,0.0010493118744639306,0.48028329461511193
548955,emi20241202t162414p11009-A,emi20241202t162414p11009,0,0.0017538545353880882,0.48028329461511193
548958,emi20241202t162414p11009-A,emi20241202t162414p11009,0,0.028159568243874066,0.48028329461511193
548959,emi20241216t085254p06006-B,emi20241216t085254p06006,0,0.03820968793040815,0.48028329461511193
548960,emi20241202t162414p11009-A,emi20241202t162414p11009,0,0.0008998651434381659,0.48028329461511193
548964,emi20241202t162414p11009-A,emi20241202t162414p11009,0,0.001171247229402384,0.48028329461511193
548972,emi20241216t085254p06006-B,emi20241216t085254p06006,0,0.09494075107803604,0.48028329461511193
548973,emi20241216t085254p06006-B,emi20241216t085254p06006,0,0.018152799505468404,0.48028329461511193
549078,emi20241216t085254p06006-C,emi20241216t085254p06006,0,0.8671558959159639,0.48028329461511193
549083,emi20241216t085254p06006-C,emi20241216t085254p06006,0,0.010200257664959788,0.48028329461511193
549085,emi20241216t085254p06006-B,emi20241216t085254p06006,0,0.002089240432250236,0.48028329461511193
549089,emi20241216t085254p06006-C,emi20241216t085254p06006,0,0.007154853508441217,0.48028329461511193
549093,emi20241216t085254p06006-C,emi20241216t085254p06006,0,0.32696303432189455,0.48028329461511193
549094,emi20241216t085254p06006-B,emi20241216t085254p06006,0,0.19853468710390879,0.48028329461511193
549099,emi20241216t085254p06006-C,emi20241216t085254p06006,0,0.09758439904169419,0.48028329461511193
549101,emi20241216t085254p06006-B,emi20241216t085254p06006,0,0.04212829817217112,0.48028329461511193
549106,emi20241216t085254p06006-C,emi20241216t085254p06006,0,0.16131992574734974,0.48028329461511193
549107,emi20241216t085254p06006-C,emi20241216t085254p06006,0,0.016945845114541443,0.48028329461511193
549208,emi20241216t115718p08003-A,emi20241216t115718p08003,0,0.002700111515035813,0.48028329461511193
549214,emi20241216t115718p08003-A,emi20241216t115718p08003,0,0.0056320004729225265,0.48028329461511193
549227,emi20241216t115718p08003-A,emi20241216t115718p08003,0,0.005949943688538468,0.48028329461511193
549235,emi20241216t115718p08003-A,emi20241216t115718p08003,0,0.002220176560456374,0.48028329461511193
549241,emi20241216t085254p06006-C,emi20241216t085254p06006,0,0.8355285442588629,0.48028329461511193
549276,emi20241216t115718p08003-A,emi20241216t115718p08003,0,0.0015644658172877057,0.48028329461511193
549277,emi20241216t085254p06006-C,emi20241216t085254p06006,0,0.005500562531760069,0.48028329461511193
549278,emi20241216t115718p08003-A,emi20241216t115718p08003,0,0.027134568783498954,0.48028329461511193
549295,emi20241216t115718p08003-A,emi20241216t115718p08003,0,0.0027148143222391376,0.48028329461511193
549297,emi20241216t085254p06006-C,emi20241216t085254p06006,0,0.04939161486370234,0.48028329461511193
549306,emi20241216t115718p08003-A,emi20241216t115718p08003,0,0.0011516560074311959,0.48028329461511193
549312,emi20241216t115718p08003-A,emi20241216t115718p08003,0,0.0025325094139196226,0.48028329461511193
549315,emi20241216t115718p08003-A,emi20241216t115718p08003,0,0.06694838183051952,0.48028329461511193
549316,emi20241216t115730p08004-A,emi20241216t115730p08004,1,0.9617938436522572,0.48028329461511193
549318,emi20241216t115718p08003-A,emi20241216t115718p08003,0,0.0016002983315291299,0.48028329461511193
549319,emi20241216t115730p08004-A,emi20241216t115730p08004,1,0.9321407363837493,0.48028329461511193
549327,emi20241216t115718p08003-A,emi20241216t115718p08003,0,0.008853275935914682,0.48028329461511193
549328,emi20241216t115730p08004-A,emi20241216t115730p08004,1,0.960974549617134,0.48028329461511193
549336,emi20241216t115718p08003-A,emi20241216t115718p08003,0,0.0035966711012571785,0.48028329461511193
549337,emi20241216t115730p08004-A,emi20241216t115730p08004,1,0.9606004185687729,0.48028329461511193
549341,emi20241216t115718p08003-A,emi20241216t115718p08003,0,0.0022458520346222495,0.48028329461511193
549342,emi20241216t115730p08004-A,emi20241216t115730p08004,1,0.9581311191787298,0.48028329461511193
549356,emi20241216t115718p08003-A,emi20241216t115718p08003,0,0.004664635747000818,0.48028329461511193
549357,emi20241216t115730p08004-A,emi20241216t115730p08004,1,0.9525521824754747,0.48028329461511193
549359,emi20241216t115718p08003-A,emi20241216t115718p08003,0,0.0019826036962002492,0.48028329461511193
549360,emi20241216t115730p08004-A,emi20241216t115730p08004,1,0.9655121548991931,0.48028329461511193
549361,emi20241216t115730p08004-A,emi20241216t115730p08004,1,0.9593543538269462,0.48028329461511193
549362,emi20241216t115730p08004-A,emi20241216t115730p08004,1,0.9515560350163279,0.48028329461511193
549363,emi20241217t045512p03002-A,emi20241217t045512p03002,1,0.8360720099514684,0.48028329461511193
549364,emi20241216t115730p08004-A,emi20241216t115730p08004,1,0.9397262695680942,0.48028329461511193
549365,emi20241217t045512p03002-A,emi20241217t045512p03002,1,0.1404206248753853,0.48028329461511193
549366,emi20241216t115730p08004-A,emi20241216t115730p08004,1,0.9351788269929382,0.48028329461511193
549368,emi20241216t115730p08004-A,emi20241216t115730p08004,1,0.8694434446125833,0.48028329461511193
549370,emi20241216t115730p08004-A,emi20241216t115730p08004,1,0.9082780934771011,0.48028329461511193
549372,emi20241216t115730p08004-A,emi20241216t115730p08004,1,0.9687496236814919,0.48028329461511193
549373,emi20241217t045512p03002-A,emi20241217t045512p03002,1,0.8372285228936701,0.48028329461511193
549374,emi20241216t115730p08004-A,emi20241216t115730p08004,1,0.9205984862664937,0.48028329461511193
549375,emi20241217t045512p03002-A,emi20241217t045512p03002,1,0.8828226045446487,0.48028329461511193
549376,emi20241216t115730p08004-A,emi20241216t115730p08004,1,0.9307491040513327,0.48028329461511193
549378,emi20241216t115730p08004-A,emi20241216t115730p08004,0,0.004485829830746034,0.48028329461511193
549380,emi20241216t115730p08004-A,emi20241216t115730p08004,0,0.020775666680317762,0.48028329461511193
549381,emi20241217t045512p03002-A,emi20241217t045512p03002,1,0.4589919373110905,0.48028329461511193
549382,emi20241216t115730p08004-A,emi20241216t115730p08004,0,0.004761656084907164,0.48028329461511193
549383,emi20241217t045512p03002-A,emi20241217t045512p03002,1,0.7877523341736216,0.48028329461511193
549384,emi20241216t115730p08004-A,emi20241216t115730p08004,0,0.007049733839277145,0.48028329461511193
549386,emi20241216t115730p08004-A,emi20241216t115730p08004,0,0.9715221115463425,0.48028329461511193
549388,emi20241216t115730p08004-A,emi20241216t115730p08004,0,0.23287564925650342,0.48028329461511193
549389,emi20241217t045512p03002-A,emi20241217t045512p03002,1,0.8096160775372611,0.48028329461511193
549390,emi20241216t115730p08004-A,emi20241216t115730p08004,0,0.006097857051233731,0.48028329461511193
549391,emi20241217t045512p03002-A,emi20241217t045512p03002,1,0.6489473513391835,0.48028329461511193
549392,emi20241216t115730p08004-A,emi20241216t115730p08004,0,0.012677177082047254,0.48028329461511193
549394,emi20241216t115730p08004-A,emi20241216t115730p08004,0,0.0076111823397900175,0.48028329461511193
549396,emi20241216t115730p08004-A,emi20241216t115730p08004,0,0.015328966997299577,0.48028329461511193
549397,emi20241217t045512p03002-A,emi20241217t045512p03002,0,0.16834592241849478,0.48028329461511193
549398,emi20241216t115730p08004-A,emi20241216t115730p08004,0,0.006820368578582637,0.48028329461511193
549399,emi20241217t045512p03002-A,emi20241217t045512p03002,0,0.2642512164227749,0.48028329461511193
549400,emi20241216t115730p08004-A,emi20241216t115730p08004,0,0.003909869266751282,0.48028329461511193
549401,emi20241217t045512p03002-A,emi20241217t045512p03002,0,0.273856009860333,0.48028329461511193
549402,emi20241216t115730p08004-A,emi20241216t115730p08004,0,0.5815579758423703,0.48028329461511193
549403,emi20241217t045512p03002-A,emi20241217t045512p03002,0,0.02272725920968749,0.48028329461511193
549404,emi20241216t115730p08004-A,emi20241216t115730p08004,0,0.0019740738987946873,0.48028329461511193
549405,emi20241217t045512p03002-A,emi20241217t045512p03002,0,0.7673220719002555,0.48028329461511193
549406,emi20241216t115730p08004-A,emi20241216t115730p08004,0,0.015231633362613342,0.48028329461511193
549408,emi20241216t115730p08004-A,emi20241216t115730p08004,0,0.0022274807494869157,0.48028329461511193
549411,emi20241217t045512p03002-A,emi20241217t045512p03002,0,0.04014409068111113,0.48028329461511193
549414,emi20241217t045512p03002-B,emi20241217t045512p03002,1,0.1364141309329833,0.48028329461511193
549417,emi20241217t045512p03002-A,emi20241217t045512p03002,0,0.8139393059891692,0.48028329461511193
549423,emi20241217t045512p03002-A,emi20241217t045512p03002,0,0.016334319016409273,0.48028329461511193
549430,emi20241217t045512p03002-B,emi20241217t045512p03002,1,0.7568264629252758,0.48028329461511193
549434,emi20241217t045512p03002-B,emi20241217t045512p03002,1,0.8402598088884768,0.48028329461511193
549438,emi20241217t045512p03002-B,emi20241217t045512p03002,1,0.3601063627424054,0.48028329461511193
549439,emi20241217t045512p03002-C,emi20241217t045512p03002,1,0.7863148284032634,0.48028329461511193
549440,emi20241217t045512p03002-B,emi20241217t045512p03002,1,0.6155272907063546,0.48028329461511193
549441,emi20241217t045512p03002-C,emi20241217t045512p03002,1,0.7970088409074112,0.48028329461511193
549442,emi20241217t045512p03002-B,emi20241217t045512p03002,0,0.42267907342189265,0.48028329461511193
549448,emi20241217t045512p03002-B,emi20241217t045512p03002,0,0.8532701873553452,0.48028329461511193
549449,emi20241217t045512p03002-C,emi20241217t045512p03002,1,0.8774382727996117,0.48028329461511193
549450,emi20241217t045512p03002-B,emi20241217t045512p03002,0,0.5067062269858607,0.48028329461511193
549462,emi20241217t045512p03002-B,emi20241217t045512p03002,0,0.48777671205770906,0.48028329461511193
549469,emi20241217t045512p03002-C,emi20241217t045512p03002,0,0.12276754818801261,0.48028329461511193
549470,emi20241217t045512p03002-B,emi20241217t045512p03002,0,0.5012581141027542,0.48028329461511193
549592,emi20241217t045523p03003-I,emi20241217t045523p03003,0,0.6209218922261869,0.48028329461511193
549594,emi20241217t045523p03003-I,emi20241217t045523p03003,0,0.7572934316399729,0.48028329461511193
549595,emi20241217t045512p03002-C,emi20241217t045512p03002,0,0.06575572875942551,0.48028329461511193
549604,emi20241217t045523p03003-I,emi20241217t045523p03003,0,0.8069191063602122,0.48028329461511193
549609,emi20241217t045512p03002-C,emi20241217t045512p03002,0,0.03474188812185374,0.48028329461511193
549612,emi20241217t045523p03003-I,emi20241217t045523p03003,0,0.7563793765988568,0.48028329461511193
549617,emi20241217t045523p03003-R,emi20241217t045523p03003,1,0.7254586070060131,0.48028329461511193
549619,emi20241217t045523p03003-R,emi20241217t045523p03003,1,0.49189026085405035,0.48028329461511193
549627,emi20241217t045523p03003-R,emi20241217t045523p03003,1,0.5997095319978046,0.48028329461511193
549629,emi20241217t045523p03003-R,emi20241217t045523p03003,1,0.3830747818819472,0.48028329461511193
549634,emi20241217t045523p03003-R,emi20241217t045523p03003,1,0.7984581527635802,0.48028329461511193
549645,emi20241217t045523p03003-R,emi20241217t045523p03003,1,0.8860270440354018,0.48028329461511193
549658,emi20241217t045523p03003-R,emi20241217t045523p03003,1,0.7891017126323587,0.48028329461511193
549667,emi20241217t045523p03003-R,emi20241217t045523p03003,1,0.7888495676901851,0.48028329461511193
549668,emi20241217t045523p03003-R,emi20241217t045523p03003,1,0.8789634369649172,0.48028329461511193
549669,emi20241217t045523p03003-R,emi20241217t045523p03003,1,0.9170971632582312,0.48028329461511193
549792,emi20241217t045523p03003-R,emi20241217t045523p03003,1,0.4611522687937219,0.48028329461511193
549842,emi20241217t045523p03003-V,emi20241217t045523p03003,0,0.9200584820940721,0.48028329461511193
549843,emi20241217t045523p03003-R,emi20241217t045523p03003,1,0.7566772244265945,0.48028329461511193
549848,emi20241217t045523p03003-V,emi20241217t045523p03003,0,0.46781234219443163,0.48028329461511193
549849,emi20241217t045523p03003-R,emi20241217t045523p03003,1,0.9170971632582312,0.48028329461511193
549876,emi20241217t045523p03003-R,emi20241217t045523p03003,1,0.8596516562305173,0.48028329461511193
549895,emi20241217t045523p03003-V,emi20241217t045523p03003,0,0.3252792413933603,0.48028329461511193
549896,emi20241217t045523p03003-R,emi20241217t045523p03003,1,0.9125400268445345,0.48028329461511193
549906,emi20241217t045523p03003-V,emi20241217t045523p03003,0,0.1493794414521221,0.48028329461511193
549907,emi20241217t045523p03003-R,emi20241217t045523p03003,1,0.7298968088806174,0.48028329461511193
549933,emi20241217t045523p03003-V,emi20241217t045523p03003,0,0.4547158800018875,0.48028329461511193
549980,emi20241217t045523p03003-R,emi20241217t045523p03003,0,0.8743143497846406,0.48028329461511193
550091,emi20241217t045523p03003-R,emi20241217t045523p03003,0,0.9554650755304258,0.48028329461511193
550093,emi20241217t045523p03003-R,emi20241217t045523p03003,0,0.7883655723107653,0.48028329461511193
550100,emi20241217t045523p03003-R,emi20241217t045523p03003,0,0.10203243201686457,0.48028329461511193
550105,emi20241217t045523p03003-R,emi20241217t045523p03003,0,0.8562784397850304,0.48028329461511193
550107,emi20241217t045523p03003-R,emi20241217t045523p03003,0,0.5276864001470423,0.48028329461511193
550113,emi20241217t045523p03003-R,emi20241217t045523p03003,0,0.020501114562858216,0.48028329461511193
550122,emi20241217t093554p06014-B,emi20241217t093554p06014,1,0.9848267622407771,0.48028329461511193
550126,emi20241217t093554p06014-B,emi20241217t093554p06014,1,0.983382955517237,0.48028329461511193
550129,emi20241217t093554p06014-A,emi20241217t093554p06014,0,0.47957667808340343,0.48028329461511193
550130,emi20241217t093554p06014-B,emi20241217t093554p06014,1,0.9886093087249678,0.48028329461511193
550131,emi20241217t093554p06014-B,emi20241217t093554p06014,1,0.9886093087249678,0.48028329461511193
550132,emi20241217t093554p06014-B,emi20241217t093554p06014,1,0.9864676710410966,0.48028329461511193
550133,emi20241217t093554p06014-B,emi20241217t093554p06014,1,0.9737152347704953,0.48028329461511193
550248,emi20241217t093554p06014-B,emi20241217t093554p06014,1,0.9740096829169553,0.48028329461511193
550252,emi20241217t093554p06014-C,emi20241217t093554p06014,0,0.007593256806358263,0.48028329461511193
550253,emi20241217t093554p06014-B,emi20241217t093554p06014,1,0.9801626416043617,0.48028329461511193
550255,emi20241217t093554p06014-B,emi20241217t093554p06014,1,0.9716313887432679,0.48028329461511193
550258,emi20241217t093554p06014-C,emi20241217t093554p06014,0,0.08371099739815949,0.48028329461511193
550259,emi20241217t093554p06014-B,emi20241217t093554p06014,1,0.9504773031640864,0.48028329461511193
550260,emi20241217t093554p06014-C,emi20241217t093554p06014,0,0.20473971944946517,0.48028329461511193
550261,emi20241217t093554p06014-B,emi20241217t093554p06014,1,0.9657208711549449,0.48028329461511193
550262,emi20241217t093554p06014-C,emi20241217t093554p06014,0,0.3776347219970002,0.48028329461511193
550263,emi20241217t093554p06014-B,emi20241217t093554p06014,1,0.9618453938031692,0.48028329461511193
550267,emi20241217t093554p06014-B,emi20241217t093554p06014,1,0.981575366240968,0.48028329461511193
550271,emi20241217t093554p06014-B,emi20241217t093554p06014,1,0.9843006584353313,0.48028329461511193
550305,emi20241217t093554p06014-B,emi20241217t093554p06014,1,0.9805251371966303,0.48028329461511193
550314,emi20241217t093554p06014-C,emi20241217t093554p06014,0,0.6447839799540558,0.48028329461511193
550315,emi20241217t093554p06014-B,emi20241217t093554p06014,1,0.9638375124086918,0.48028329461511193
550359,emi20241217t093554p06014-B,emi20241217t093554p06014,0,0.9805196760753225,0.48028329461511193
550368,emi20241217t093554p06014-B,emi20241217t093554p06014,0,0.22183557066670478,0.48028329461511193
550479,emi20241217t093554p06014-D,emi20241217t093554p06014,0,0.3135067241812517,0.48028329461511193
550488,emi20241217t093554p06014-D,emi20241217t093554p06014,0,0.4748389104748651,0.48028329461511193
550492,emi20241217t093554p06014-D,emi20241217t093554p06014,0,0.027213945222464807,0.48028329461511193
550500,emi20241217t093554p06014-D,emi20241217t093554p06014,0,0.888199980044266,0.48028329461511193
550604,emi20241218t102612p07005-A,emi20241218t102612p07005,0,0.7583622036606892,0.48028329461511193
550611,emi20241218t102612p07005-A,emi20241218t102612p07005,0,0.33727645056069033,0.48028329461511193
550618,emi20241217t093554p06014-D,emi20241217t093554p06014,0,0.5522727135482433,0.48028329461511193
550621,emi20241218t102612p07005-A,emi20241218t102612p07005,0,0.46215199608528507,0.48028329461511193
550628,emi20241217t093554p06014-D,emi20241217t093554p06014,0,0.6931823828985448,0.48028329461511193
550635,emi20241218t102612p07005-A,emi20241218t102612p07005,0,0.03107993334076773,0.48028329461511193
550636,emi20241217t093554p06014-D,emi20241217t093554p06014,0,0.9142162169805848,0.48028329461511193
550637,emi20241218t102612p07005-A,emi20241218t102612p07005,0,0.4517814079984037,0.48028329461511193
550643,emi20241217t093554p06014-D,emi20241217t093554p06014,0,0.045104033904128496,0.48028329461511193
550645,emi20241218t102612p07005-A,emi20241218t102612p07005,0,0.19120608793306634,0.48028329461511193
550647,emi20241218t102612p07005-A,emi20241218t102612p07005,0,0.20443806897052272,0.48028329461511193
550652,emi20241218t102612p07005-A,emi20241218t102612p07005,0,0.2574063040449947,0.48028329461511193
550954,emi20241218t102612p07005-A,emi20241218t102612p07005,0,0.2177093093933146,0.48028329461511193
550964,emi20241218t102612p07005-A,emi20241218t102612p07005,0,0.2876780002209343,0.48028329461511193
550965,emi20241218t102612p07005-A,emi20241218t102612p07005,0,0.03811782564901971,0.48028329461511193
551069,emi20241219t080409p05003-E,emi20241219t080409p05003,0,0.20697633235877014,0.48028329461511193
551073,emi20241218t102612p07005-A,emi20241218t102612p07005,0,0.01722088871332932,0.48028329461511193
551079,emi20241219t080409p05003-E,emi20241219t080409p05003,0,0.03923062148102626,0.48028329461511193
551080,emi20241218t102612p07005-A,emi20241218t102612p07005,0,0.4223281352725583,0.48028329461511193
551089,emi20241219t080409p05003-E,emi20241219t080409p05003,0,0.015720341933546853,0.48028329461511193
551091,emi20241218t102612p07005-A,emi20241218t102612p07005,0,0.5571436458394565,0.48028329461511193
551099,emi20241219t080409p05003-E,emi20241219t080409p05003,0,0.01623975413872849,0.48028329461511193
551104,emi20241218t102612p07005-A,emi20241218t102612p07005,0,0.393425434343725,0.48028329461511193
551120,emi20241219t080409p05003-E,emi20241219t080409p05003,0,0.042238307642876664,0.48028329461511193
551129,emi20241218t102612p07005-A,emi20241218t102612p07005,0,0.2795745392477818,0.48028329461511193
551155,emi20241219t080409p05003-E,emi20241219t080409p05003,0,0.05110471728869367,0.48028329461511193
551162,emi20241219t080409p05003-E,emi20241219t080409p05003,0,0.007296746909452281,0.48028329461511193
551164,emi20241219t080409p05003-E,emi20241219t080409p05003,0,0.0022449592296544603,0.48028329461511193
551165,emi20250126t124821p09002-A,emi20250126t124821p09002,1,0.9289349624371536,0.48028329461511193
551171,emi20241219t080409p05003-E,emi20241219t080409p05003,0,0.03515519627784054,0.48028329461511193
551172,emi20250126t124821p09002-A,emi20250126t124821p09002,1,0.9352343259823772,0.48028329461511193
551173,emi20241219t080409p05003-E,emi20241219t080409p05003,0,0.0020551318860317917,0.48028329461511193
551174,emi20250126t124821p09002-A,emi20250126t124821p09002,1,0.894883589550012,0.48028329461511193
551181,emi20241219t080409p05003-E,emi20241219t080409p05003,0,0.009209951488450678,0.48028329461511193
551182,emi20250126t124821p09002-A,emi20250126t124821p09002,1,0.9227665658035431,0.48028329461511193
551183,emi20241219t080409p05003-E,emi20241219t080409p05003,0,0.0026960717233627095,0.48028329461511193
551184,emi20250126t124821p09002-A,emi20250126t124821p09002,1,0.7622113526261819,0.48028329461511193
551202,emi20241219t080409p05003-E,emi20241219t080409p05003,0,0.1176078611621959,0.48028329461511193
551203,emi20250126t124821p09002-A,emi20250126t124821p09002,1,0.7352803117639708,0.48028329461511193
551207,emi20241219t080409p05003-E,emi20241219t080409p05003,0,0.008491422359441538,0.48028329461511193
551208,emi20250126t124821p09002-A,emi20250126t124821p09002,1,0.9495007407598784,0.48028329461511193
551214,emi20241219t080409p05003-E,emi20241219t080409p05003,0,0.4195007776250083,0.48028329461511193
551215,emi20250126t124821p09002-A,emi20250126t124821p09002,1,0.9336142842059342,0.48028329461511193
551228,emi20241219t080409p05003-E,emi20241219t080409p05003,0,0.023883973420153002,0.48028329461511193
551229,emi20250126t124821p09002-A,emi20250126t124821p09002,1,0.9507027699314199,0.48028329461511193
551230,emi20250126t124821p09002-A,emi20250126t124821p09002,1,0.9373195028029866,0.48028329461511193
551231,emi20250126t124821p09002-A,emi20250126t124821p09002,1,0.941518293346533,0.48028329461511193
551232,emi20250126t124821p09002-A,emi20250126t124821p09002,1,0.8919187101868901,0.48028329461511193
551233,emi20250127t181322p12005-A,emi20250127t181322p12005,1,0.9650239870197388,0.48028329461511193
551234,emi20250126t124821p09002-A,emi20250126t124821p09002,1,0.9264550317602032,0.48028329461511193
551235,emi20250127t181322p12005-A,emi20250127t181322p12005,1,0.9645461483492043,0.48028329461511193
551236,emi20250126t124821p09002-A,emi20250126t124821p09002,1,0.9324850490713865,0.48028329461511193
551237,emi20250127t181322p12005-A,emi20250127t181322p12005,1,0.9689101503273125,0.48028329461511193
551238,emi20250126t124821p09002-A,emi20250126t124821p09002,1,0.898616782100023,0.48028329461511193
551239,emi20250127t181322p12005-A,emi20250127t181322p12005,1,0.854368702412237,0.48028329461511193
551240,emi20250126t124821p09002-A,emi20250126t124821p09002,1,0.7239973474726773,0.48028329461511193
551241,emi20250127t181322p12005-A,emi20250127t181322p12005,1,0.9718373849603756,0.48028329461511193
551242,emi20250126t124821p09002-A,emi20250126t124821p09002,0,0.4538473416380532,0.48028329461511193
551243,emi20250127t181322p12005-A,emi20250127t181322p12005,1,0.9141506392617605,0.48028329461511193
551244,emi20250126t124821p09002-A,emi20250126t124821p09002,0,0.009709794332478653,0.48028329461511193
551245,emi20250127t181322p12005-A,emi20250127t181322p12005,1,0.978131134535537,0.48028329461511193
551246,emi20250126t124821p09002-A,emi20250126t124821p09002,0,0.09885390255747634,0.48028329461511193
551247,emi20250127t181322p12005-A,emi20250127t181322p12005,1,0.9742051427989847,0.48028329461511193
551254,emi20250126t124821p09002-A,emi20250126t124821p09002,0,0.835566180176154,0.48028329461511193
551255,emi20250127t181322p12005-A,emi20250127t181322p12005,1,0.9645461483492043,0.48028329461511193
551256,emi20250126t124821p09002-A,emi20250126t124821p09002,0,0.9151778793259697,0.48028329461511193
551257,emi20250127t181322p12005-A,emi20250127t181322p12005,1,0.975332520477244,0.48028329461511193
551258,emi20250126t124821p09002-A,emi20250126t124821p09002,0,0.6137415392916955,0.48028329461511193
551259,emi20250127t181322p12005-A,emi20250127t181322p12005,1,0.9482612525186166,0.48028329461511193
551260,emi20250126t124821p09002-A,emi20250126t124821p09002,0,0.20593856025531665,0.48028329461511193
551261,emi20250127t181322p12005-A,emi20250127t181322p12005,1,0.978131134535537,0.48028329461511193
551262,emi20250126t124821p09002-A,emi20250126t124821p09002,0,0.05108415305348048,0.48028329461511193
551263,emi20250127t181322p12005-A,emi20250127t181322p12005,1,0.9741620376093394,0.48028329461511193
551265,emi20250126t124821p09002-A,emi20250126t124821p09002,0,0.02051765501831287,0.48028329461511193
551266,emi20250127t181322p12005-A,emi20250127t181322p12005,1,0.9312740305347235,0.48028329461511193
551269,emi20250126t124821p09002-A,emi20250126t124821p09002,0,0.8086517251359986,0.48028329461511193
551270,emi20250127t181322p12005-A,emi20250127t181322p12005,1,0.9757528486872301,0.48028329461511193
551271,emi20250126t124821p09002-A,emi20250126t124821p09002,0,0.012562848468832478,0.48028329461511193
551272,emi20250127t181322p12005-A,emi20250127t181322p12005,1,0.9729078360644906,0.48028329461511193
551274,emi20250126t124821p09002-A,emi20250126t124821p09002,0,0.8872255590061359,0.48028329461511193
551278,emi20250127t181322p12005-A,emi20250127t181322p12005,0,0.0016707669997232126,0.48028329461511193
551279,emi20250126t124821p09002-A,emi20250126t124821p09002,0,0.047605252039087775,0.48028329461511193
551281,emi20250127t181322p12005-A,emi20250127t181322p12005,0,0.004275816017781131,0.48028329461511193
551282,emi20250126t124821p09002-A,emi20250126t124821p09002,0,0.582095731986578,0.48028329461511193
551284,emi20250127t181322p12005-A,emi20250127t181322p12005,0,0.007237566940249524,0.48028329461511193
551285,emi20250126t124821p09002-A,emi20250126t124821p09002,0,0.12422931985843856,0.48028329461511193
551286,emi20250127t181322p12005-A,emi20250127t181322p12005,0,0.22790553084346998,0.48028329461511193
551288,emi20250126t124821p09002-A,emi20250126t124821p09002,0,0.6516193504618731,0.48028329461511193
551289,emi20250127t181322p12005-A,emi20250127t181322p12005,0,0.007280696089564293,0.48028329461511193
551290,emi20250127t181322p12005-A,emi20250127t181322p12005,0,0.0011902857402678326,0.48028329461511193
551293,emi20250127t181322p12005-A,emi20250127t181322p12005,0,0.0013405275667355734,0.48028329461511193
551294,emi20250127t181345p12007-B,emi20250127t181345p12007,1,0.8964362598088564,0.48028329461511193
551295,emi20250127t181322p12005-A,emi20250127t181322p12005,0,0.3921901505392725,0.48028329461511193
551296,emi20250127t181345p12007-B,emi20250127t181345p12007,1,0.8799432483702958,0.48028329461511193
551298,emi20250127t181322p12005-A,emi20250127t181322p12005,0,0.0015741153937476832,0.48028329461511193
551299,emi20250127t181345p12007-B,emi20250127t181345p12007,1,0.6592036784443552,0.48028329461511193
551300,emi20250127t181322p12005-A,emi20250127t181322p12005,0,0.09872459001261143,0.48028329461511193
551301,emi20250127t181345p12007-B,emi20250127t181345p12007,1,0.9092592421978433,0.48028329461511193
551302,emi20250127t181322p12005-A,emi20250127t181322p12005,0,0.21051705761799241,0.48028329461511193
551303,emi20250127t181345p12007-B,emi20250127t181345p12007,1,0.9329043826812977,0.48028329461511193
551304,emi20250127t181322p12005-A,emi20250127t181322p12005,0,0.003150466621121612,0.48028329461511193
551305,emi20250127t181345p12007-B,emi20250127t181345p12007,1,0.9543252983917335,0.48028329461511193
551307,emi20250127t181322p12005-A,emi20250127t181322p12005,0,0.36358971642570675,0.48028329461511193
551308,emi20250127t181345p12007-B,emi20250127t181345p12007,1,0.9189596117602831,0.48028329461511193
551311,emi20250127t181322p12005-A,emi20250127t181322p12005,0,0.009826769800074872,0.48028329461511193
551312,emi20250127t181345p12007-B,emi20250127t181345p12007,1,0.9613165346426279,0.48028329461511193
551313,emi20250127t181322p12005-A,emi20250127t181322p12005,0,0.00399008796959381,0.48028329461511193
551314,emi20250127t181345p12007-B,emi20250127t181345p12007,1,0.7920240748121625,0.48028329461511193
551317,emi20250127t181322p12005-A,emi20250127t181322p12005,0,0.458781964322324,0.48028329461511193
551318,emi20250127t181345p12007-B,emi20250127t181345p12007,1,0.6428034727572347,0.48028329461511193
551319,emi20250127t181345p12007-B,emi20250127t181345p12007,1,0.6689900114756192,0.48028329461511193
551320,emi20250127t181345p12007-B,emi20250127t181345p12007,1,0.9320093967075362,0.48028329461511193
551321,emi20250128t063810p05012-A,emi20250128t063810p05012,1,0.522082260823117,0.48028329461511193
551322,emi20250127t181345p12007-B,emi20250127t181345p12007,1,0.9322451968193617,0.48028329461511193
551323,emi20250128t063810p05012-A,emi20250128t063810p05012,1,0.5976371554895524,0.48028329461511193
551324,emi20250127t181345p12007-B,emi20250127t181345p12007,1,0.9728658958577884,0.48028329461511193
551326,emi20250127t181345p12007-B,emi20250127t181345p12007,1,0.9752478687643491,0.48028329461511193
551327,emi20250128t063810p05012-A,emi20250128t063810p05012,1,0.6199438877565665,0.48028329461511193
551328,emi20250127t181345p12007-B,emi20250127t181345p12007,1,0.9554508086463745,0.48028329461511193
551330,emi20250127t181345p12007-B,emi20250127t181345p12007,0,0.25504557551351204,0.48028329461511193
551332,emi20250127t181345p12007-B,emi20250127t181345p12007,0,0.8232096782121459,0.48028329461511193
551334,emi20250127t181345p12007-B,emi20250127t181345p12007,0,0.021229603243921508,0.48028329461511193
551335,emi20250128t063810p05012-A,emi20250128t063810p05012,1,0.1892428009882297,0.48028329461511193
551336,emi20250127t181345p12007-B,emi20250127t181345p12007,0,0.7151961758258463,0.48028329461511193
551338,emi20250127t181345p12007-B,emi20250127t181345p12007,0,0.006190433127337097,0.48028329461511193
551339,emi20250128t063810p05012-A,emi20250128t063810p05012,1,0.2223478400802824,0.48028329461511193
551340,emi20250127t181345p12007-B,emi20250127t181345p12007,0,0.011761227832518165,0.48028329461511193
551342,emi20250127t181345p12007-B,emi20250127t181345p12007,0,0.0028125573000156385,0.48028329461511193
551343,emi20250128t063810p05012-A,emi20250128t063810p05012,1,0.4484632895017075,0.48028329461511193
551344,emi20250127t181345p12007-B,emi20250127t181345p12007,0,0.006398257688338533,0.48028329461511193
551346,emi20250127t181345p12007-B,emi20250127t181345p12007,0,0.066454570610634,0.48028329461511193
551347,emi20250128t063810p05012-A,emi20250128t063810p05012,1,0.5727653541281258,0.48028329461511193
551348,emi20250127t181345p12007-B,emi20250127t181345p12007,0,0.6431512144794125,0.48028329461511193
551349,emi20250128t063810p05012-A,emi20250128t063810p05012,1,0.34269401745165595,0.48028329461511193
551350,emi20250127t181345p12007-B,emi20250127t181345p12007,0,0.01944099119294163,0.48028329461511193
551352,emi20250127t181345p12007-B,emi20250127t181345p12007,0,0.007982535234423277,0.48028329461511193
551353,emi20250128t063810p05012-A,emi20250128t063810p05012,0,0.33064560314730784,0.48028329461511193
551354,emi20250127t181345p12007-B,emi20250127t181345p12007,0,0.004860051698884079,0.48028329461511193
551355,emi20250128t063810p05012-A,emi20250128t063810p05012,0,0.007725357295559979,0.48028329461511193
551356,emi20250127t181345p12007-B,emi20250127t181345p12007,0,0.02487503192038276,0.48028329461511193
551358,emi20250127t181345p12007-B,emi20250127t181345p12007,0,0.02992636104125146,0.48028329461511193
551359,emi20250128t063810p05012-A,emi20250128t063810p05012,0,0.016546129137932217,0.48028329461511193
551360,emi20250127t181345p12007-B,emi20250127t181345p12007,0,0.15914525970802337,0.48028329461511193
551361,emi20250128t063810p05012-A,emi20250128t063810p05012,0,0.003611775619385029,0.48028329461511193
551362,emi20250128t063810p05012-A,emi20250128t063810p05012,0,0.8909478741608263,0.48028329461511193
551363,emi20250128t063810p05012-A,emi20250128t063810p05012,0,0.010579491805119901,0.48028329461511193
551364,emi20250128t063810p05012-B,emi20250128t063810p05012,1,0.544428238508573,0.48028329461511193
551367,emi20250128t063810p05012-A,emi20250128t063810p05012,0,0.0016484644647519107,0.48028329461511193
551368,emi20250128t063810p05012-B,emi20250128t063810p05012,1,0.9665931459568321,0.48028329461511193
551370,emi20250128t063810p05012-B,emi20250128t063810p05012,1,0.8302264085966782,0.48028329461511193
551371,emi20250128t063810p05012-A,emi20250128t063810p05012,0,0.5079845609713103,0.48028329461511193
551374,emi20250128t063810p05012-B,emi20250128t063810p05012,1,0.918755532812078,0.48028329461511193
551376,emi20250128t063810p05012-B,emi20250128t063810p05012,1,0.9185551042247814,0.48028329461511193
551377,emi20250128t063810p05012-A,emi20250128t063810p05012,0,0.0023406240248305967,0.48028329461511193
551378,emi20250128t063810p05012-B,emi20250128t063810p05012,1,0.9383880208997432,0.48028329461511193
551379,emi20250128t063810p05012-A,emi20250128t063810p05012,0,0.08955330851545194,0.48028329461511193
551383,emi20250128t063810p05012-B,emi20250128t063810p05012,1,0.9048369419291604,0.48028329461511193
551385,emi20250129t163959p11015-A,emi20250129t163959p11015,1,0.005090453962723388,0.48028329461511193
551386,emi20250128t063810p05012-B,emi20250128t063810p05012,1,0.8771701965911068,0.48028329461511193
551387,emi20250129t163959p11015-A,emi20250129t163959p11015,1,0.8831693232232908,0.48028329461511193
551389,emi20250129t163959p11015-A,emi20250129t163959p11015,1,0.0042599092391142025,0.48028329461511193
551391,emi20250129t163959p11015-A,emi20250129t163959p11015,1,0.27181945198909097,0.48028329461511193
551393,emi20250129t163959p11015-A,emi20250129t163959p11015,1,0.6465791315074474,0.48028329461511193
551395,emi20250129t163959p11015-A,emi20250129t163959p11015,1,0.6430576206176434,0.48028329461511193
551396,emi20250128t063810p05012-B,emi20250128t063810p05012,0,0.005693112080882854,0.48028329461511193
551397,emi20250129t163959p11015-A,emi20250129t163959p11015,1,0.15580865309430758,0.48028329461511193
551399,emi20250129t163959p11015-A,emi20250129t163959p11015,1,0.12858690361338732,0.48028329461511193
551400,emi20250128t063810p05012-B,emi20250128t063810p05012,0,0.6222179264589217,0.48028329461511193
551401,emi20250129t163959p11015-A,emi20250129t163959p11015,1,0.4006065417186014,0.48028329461511193
551402,emi20250128t063810p05012-B,emi20250128t063810p05012,0,0.005897530995816705,0.48028329461511193
551403,emi20250129t163959p11015-A,emi20250129t163959p11015,1,0.5758096046277362,0.48028329461511193
551405,emi20250129t163959p11015-A,emi20250129t163959p11015,1,0.016375163960487018,0.48028329461511193
551407,emi20250129t163959p11015-A,emi20250129t163959p11015,1,0.31204887003837295,0.48028329461511193
551409,emi20250129t163959p11015-A,emi20250129t163959p11015,1,0.1906852853951605,0.48028329461511193
551411,emi20250129t163959p11015-A,emi20250129t163959p11015,1,0.736955571189722,0.48028329461511193
551412,emi20250128t063810p05012-B,emi20250128t063810p05012,0,0.7539950004057931,0.48028329461511193
551413,emi20250129t163959p11015-A,emi20250129t163959p11015,1,0.736955571189722,0.48028329461511193
551415,emi20250129t163959p11015-A,emi20250129t163959p11015,1,0.7454074983473494,0.48028329461511193
551416,emi20250128t063810p05012-B,emi20250128t063810p05012,0,0.03231951922652774,0.48028329461511193
551417,emi20250129t163959p11015-A,emi20250129t163959p11015,0,0.13740579879606057,0.48028329461511193
551419,emi20250129t163959p11015-A,emi20250129t163959p11015,0,0.007480392303128564,0.48028329461511193
551421,emi20250129t163959p11015-A,emi20250129t163959p11015,0,0.007383972165782488,0.48028329461511193
551423,emi20250129t163959p11015-A,emi20250129t163959p11015,0,0.8600183417437252,0.48028329461511193
551424,emi20250128t063810p05012-B,emi20250128t063810p05012,0,0.03937496887890621,0.48028329461511193
551425,emi20250129t163959p11015-A,emi20250129t163959p11015,0,0.038267917959058026,0.48028329461511193
551426,emi20250129t163959p11015-A,emi20250129t163959p11015,0,0.0007398690305013719,0.48028329461511193
551427,emi20250129t163959p11015-A,emi20250129t163959p11015,0,0.002667119736136535,0.48028329461511193
551428,emi20250129t163959p11015-A,emi20250129t163959p11015,0,0.03622412462937323,0.48028329461511193
551430,emi20250129t163959p11015-A,emi20250129t163959p11015,0,0.0141016741243949,0.48028329461511193
551431,emi20250202t054303p04011-C,emi20250202t054303p04011,1,0.768533940292872,0.48028329461511193
551432,emi20250129t163959p11015-A,emi20250129t163959p11015,0,0.0101668171327182,0.48028329461511193
551434,emi20250129t163959p11015-A,emi20250129t163959p11015,0,0.004640768630251792,0.48028329461511193
551437,emi20250129t163959p11015-A,emi20250129t163959p11015,0,0.004211218633467137,0.48028329461511193
551438,emi20250202t054303p04011-C,emi20250202t054303p04011,1,0.9445640349531974,0.48028329461511193
551439,emi20250129t163959p11015-A,emi20250129t163959p11015,0,0.000999619458776002,0.48028329461511193
551441,emi20250129t163959p11015-A,emi20250129t163959p11015,0,0.004582197498077222,0.48028329461511193
551443,emi20250129t163959p11015-A,emi20250129t163959p11015,0,0.01143258564699077,0.48028329461511193
551444,emi20250202t054303p04011-C,emi20250202t054303p04011,1,0.9319379912877512,0.48028329461511193
551445,emi20250129t163959p11015-A,emi20250129t163959p11015,0,0.18268883357509047,0.48028329461511193
551446,emi20250202t054303p04011-C,emi20250202t054303p04011,1,0.7678750970130503,0.48028329461511193
551449,emi20250202t054303p04011-D,emi20250202t054303p04011,1,0.7383864267154974,0.48028329461511193
551450,emi20250202t054303p04011-C,emi20250202t054303p04011,1,0.9074460451139418,0.48028329461511193
551451,emi20250202t054303p04011-D,emi20250202t054303p04011,1,0.9164263179665237,0.48028329461511193
551453,emi20250202t054303p04011-D,emi20250202t054303p04011,1,0.8950181099830409,0.48028329461511193
551454,emi20250202t054303p04011-C,emi20250202t054303p04011,1,0.8024829849783688,0.48028329461511193
551457,emi20250202t054303p04011-D,emi20250202t054303p04011,1,0.899882424754831,0.48028329461511193
551458,emi20250202t054303p04011-C,emi20250202t054303p04011,0,0.5062652662319888,0.48028329461511193
551461,emi20250202t054303p04011-D,emi20250202t054303p04011,1,0.7184346961352845,0.48028329461511193
551464,emi20250202t054303p04011-C,emi20250202t054303p04011,0,0.011737980449391179,0.48028329461511193
551466,emi20250202t054303p04011-C,emi20250202t054303p04011,0,0.5724664802624574,0.48028329461511193
551467,emi20250202t054303p04011-D,emi20250202t054303p04011,1,0.9159809835012444,0.48028329461511193
551470,emi20250202t054303p04011-C,emi20250202t054303p04011,0,0.03487271663582132,0.48028329461511193
551471,emi20250202t054303p04011-D,emi20250202t054303p04011,1,0.7878477721802053,0.48028329461511193
551473,emi20250202t054303p04011-D,emi20250202t054303p04011,1,0.8674708656957918,0.48028329461511193
551476,emi20250202t054303p04011-C,emi20250202t054303p04011,0,0.39605085767670406,0.48028329461511193
551477,emi20250202t054303p04011-D,emi20250202t054303p04011,1,0.7981996258319929,0.48028329461511193
551478,emi20250202t054303p04011-C,emi20250202t054303p04011,0,0.12164390393503043,0.48028329461511193
551479,emi20250202t054303p04011-D,emi20250202t054303p04011,1,0.8751185432693094,0.48028329461511193
551481,emi20250202t054303p04011-D,emi20250202t054303p04011,0,0.06136227770703533,0.48028329461511193
551484,emi20250202t054303p04011-C,emi20250202t054303p04011,0,0.3789477834719217,0.48028329461511193
551486,emi20250202t054303p04011-C,emi20250202t054303p04011,0,0.07239853240731428,0.48028329461511193
551487,emi20250202t054303p04011-D,emi20250202t054303p04011,0,0.39253211564933843,0.48028329461511193
551489,emi20250202t054303p04011-D,emi20250202t054303p04011,0,0.10514446457369253,0.48028329461511193
551490,emi20250202t054303p04011-D,emi20250202t054303p04011,0,0.7119689488230954,0.48028329461511193
551491,emi20250202t054303p04011-D,emi20250202t054303p04011,0,0.013143832858769538,0.48028329461511193
551492,emi20250203t045947p04016-A,emi20250203t045947p04016,1,0.845495516774478,0.48028329461511193
551494,emi20250203t045947p04016-A,emi20250203t045947p04016,1,0.6567957953605288,0.48028329461511193
551496,emi20250203t045947p04016-A,emi20250203t045947p04016,1,0.8486036432126792,0.48028329461511193
551497,emi20250202t054303p04011-D,emi20250202t054303p04011,0,0.8704952147671676,0.48028329461511193
551498,emi20250203t045947p04016-A,emi20250203t045947p04016,1,0.8610794389081181,0.48028329461511193
551500,emi20250203t045947p04016-A,emi20250203t045947p04016,1,0.7167179650010654,0.48028329461511193
551502,emi20250203t045947p04016-A,emi20250203t045947p04016,1,0.912028609388841,0.48028329461511193
551503,emi20250202t054303p04011-D,emi20250202t054303p04011,0,0.3422105065394996,0.48028329461511193
551504,emi20250203t045947p04016-A,emi20250203t045947p04016,1,0.8538904894672592,0.48028329461511193
551506,emi20250203t045947p04016-A,emi20250203t045947p04016,1,0.8757469716008551,0.48028329461511193
551507,emi20250202t054303p04011-D,emi20250202t054303p04011,0,0.3227401049865389,0.48028329461511193
551508,emi20250203t045947p04016-A,emi20250203t045947p04016,1,0.7324505344217889,0.48028329461511193
551510,emi20250203t045947p04016-A,emi20250203t045947p04016,1,0.8965251081035849,0.48028329461511193
551511,emi20250203t045947p04016-A,emi20250203t045947p04016,1,0.8988672835248546,0.48028329461511193
551512,emi20250203t045947p04016-A,emi20250203t045947p04016,1,0.7800938715051973,0.48028329461511193
551513,emi20250211t064529p05009-A,emi20250211t064529p05009,1,0.8420782746983235,0.48028329461511193
551514,emi20250203t045947p04016-A,emi20250203t045947p04016,1,0.6939077228645909,0.48028329461511193
551515,emi20250211t064529p05009-A,emi20250211t064529p05009,1,0.9052490209248109,0.48028329461511193
551516,emi20250203t045947p04016-A,emi20250203t045947p04016,1,0.7985541626356937,0.48028329461511193
551517,emi20250211t064529p05009-A,emi20250211t064529p05009,1,0.8991577848083199,0.48028329461511193
551518,emi20250203t045947p04016-A,emi20250203t045947p04016,1,0.9046627868000334,0.48028329461511193
551519,emi20250211t064529p05009-A,emi20250211t064529p05009,1,0.9671041422065908,0.48028329461511193
551520,emi20250203t045947p04016-A,emi20250203t045947p04016,1,0.9226925565232004,0.48028329461511193
551521,emi20250211t064529p05009-A,emi20250211t064529p05009,1,0.9094350734498318,0.48028329461511193
551522,emi20250203t045947p04016-A,emi20250203t045947p04016,0,0.0711704760578998,0.48028329461511193
551523,emi20250211t064529p05009-A,emi20250211t064529p05009,1,0.8920249629600762,0.48028329461511193
551524,emi20250203t045947p04016-A,emi20250203t045947p04016,0,0.0629514084739754,0.48028329461511193
551525,emi20250211t064529p05009-A,emi20250211t064529p05009,1,0.9515344048237582,0.48028329461511193
551526,emi20250203t045947p04016-A,emi20250203t045947p04016,0,0.0026948022494372365,0.48028329461511193
551527,emi20250211t064529p05009-A,emi20250211t064529p05009,1,0.8725680892522046,0.48028329461511193
551528,emi20250203t045947p04016-A,emi20250203t045947p04016,0,0.013279605850575785,0.48028329461511193
551529,emi20250211t064529p05009-A,emi20250211t064529p05009,1,0.8927517959256287,0.48028329461511193
551530,emi20250203t045947p04016-A,emi20250203t045947p04016,0,0.0022201194635422207,0.48028329461511193
551531,emi20250211t064529p05009-A,emi20250211t064529p05009,1,0.882540914901187,0.48028329461511193
551532,emi20250203t045947p04016-A,emi20250203t045947p04016,0,0.03470621340738225,0.48028329461511193
551533,emi20250211t064529p05009-A,emi20250211t064529p05009,1,0.9309816127555193,0.48028329461511193
551534,emi20250203t045947p04016-A,emi20250203t045947p04016,0,0.01849892768451628,0.48028329461511193
551535,emi20250211t064529p05009-A,emi20250211t064529p05009,1,0.9234765900574722,0.48028329461511193
551536,emi20250203t045947p04016-A,emi20250203t045947p04016,0,0.021110681381678504,0.48028329461511193
551537,emi20250211t064529p05009-A,emi20250211t064529p05009,1,0.8839991629754624,0.48028329461511193
551538,emi20250203t045947p04016-A,emi20250203t045947p04016,0,0.09446607584529762,0.48028329461511193
551539,emi20250211t064529p05009-A,emi20250211t064529p05009,1,0.8879027869284709,0.48028329461511193
551540,emi20250203t045947p04016-A,emi20250203t045947p04016,0,0.004002008067942239,0.48028329461511193
551541,emi20250211t064529p05009-A,emi20250211t064529p05009,1,0.8924802737086229,0.48028329461511193
551542,emi20250203t045947p04016-A,emi20250203t045947p04016,0,0.11296384970995421,0.48028329461511193
551543,emi20250211t064529p05009-A,emi20250211t064529p05009,1,0.8958283542042368,0.48028329461511193
551544,emi20250203t045947p04016-A,emi20250203t045947p04016,0,0.008308931099000697,0.48028329461511193
551545,emi20250211t064529p05009-A,emi20250211t064529p05009,0,0.00798505957910719,0.48028329461511193
551546,emi20250203t045947p04016-A,emi20250203t045947p04016,0,0.011382150780369698,0.48028329461511193
551547,emi20250211t064529p05009-A,emi20250211t064529p05009,0,0.6671661718682705,0.48028329461511193
551548,emi20250203t045947p04016-A,emi20250203t045947p04016,0,0.019569551006998784,0.48028329461511193
551549,emi20250211t064529p05009-A,emi20250211t064529p05009,0,0.557484684360289,0.48028329461511193
551550,emi20250203t045947p04016-A,emi20250203t045947p04016,0,0.009684755591875002,0.48028329461511193
551551,emi20250211t064529p05009-A,emi20250211t064529p05009,0,0.9019218036102027,0.48028329461511193
551552,emi20250203t045947p04016-A,emi20250203t045947p04016,0,0.7166295757989606,0.48028329461511193
551553,emi20250211t064529p05009-A,emi20250211t064529p05009,0,0.03882403578615349,0.48028329461511193
551554,emi20250211t064529p05009-A,emi20250211t064529p05009,0,0.0610298977802091,0.48028329461511193
551555,emi20250211t064529p05009-A,emi20250211t064529p05009,0,0.18957608402744233,0.48028329461511193
551856,emi20250211t064529p05009-A,emi20250211t064529p05009,0,0.881673487368085,0.48028329461511193
551857,emi20250211t064529p05009-A,emi20250211t064529p05009,0,0.9335831514996638,0.48028329461511193
551858,emi20250211t064529p05009-A,emi20250211t064529p05009,0,0.13591377045383027,0.48028329461511193
551859,emi20250218t060155p04034-A,emi20250218t060155p04034,1,0.9583267605218936,0.48028329461511193
551860,emi20250211t064529p05009-A,emi20250211t064529p05009,0,0.9143618606511844,0.48028329461511193
551861,emi20250218t060155p04034-A,emi20250218t060155p04034,1,0.9201433841392551,0.48028329461511193
551862,emi20250211t064529p05009-A,emi20250211t064529p05009,0,0.8052765955039813,0.48028329461511193
551863,emi20250218t060155p04034-A,emi20250218t060155p04034,1,0.94938903592656,0.48028329461511193
551864,emi20250211t064529p05009-A,emi20250211t064529p05009,0,0.03538260865714983,0.48028329461511193
551865,emi20250218t060155p04034-A,emi20250218t060155p04034,1,0.9717319015789523,0.48028329461511193
551866,emi20250211t064529p05009-A,emi20250211t064529p05009,0,0.9795194591237495,0.48028329461511193
551867,emi20250218t060155p04034-A,emi20250218t060155p04034,1,0.9507006692737024,0.48028329461511193
551868,emi20250211t064529p05009-A,emi20250211t064529p05009,0,0.9558551294913464,0.48028329461511193
551869,emi20250218t060155p04034-A,emi20250218t060155p04034,1,0.9431344990390024,0.48028329461511193
551870,emi20250211t064529p05009-A,emi20250211t064529p05009,0,0.5235091020896796,0.48028329461511193
551871,emi20250218t060155p04034-A,emi20250218t060155p04034,1,0.9108043123900966,0.48028329461511193
551872,emi20250218t060155p04034-A,emi20250218t060155p04034,1,0.9496881555132263,0.48028329461511193
551873,emi20250218t060155p04034-A,emi20250218t060155p04034,1,0.9451699942512208,0.48028329461511193
551874,emi20250218t060155p04034-A,emi20250218t060155p04034,1,0.9563196637825897,0.48028329461511193
551978,emi20250218t060155p04034-A,emi20250218t060155p04034,1,0.9611890647766002,0.48028329461511193
551980,emi20250218t060155p04034-A,emi20250218t060155p04034,1,0.9201433841392551,0.48028329461511193
551982,emi20250220t090527p06030-B,emi20250220t090527p06030,0,0.3751633956427055,0.48028329461511193
551983,emi20250218t060155p04034-A,emi20250218t060155p04034,1,0.9492500873244882,0.48028329461511193
551984,emi20250220t090527p06030-B,emi20250220t090527p06030,0,0.689173905518909,0.48028329461511193
551985,emi20250218t060155p04034-A,emi20250218t060155p04034,1,0.886893884346713,0.48028329461511193
551995,emi20250218t060155p04034-A,emi20250218t060155p04034,1,0.884686729083503,0.48028329461511193
551996,emi20250220t090527p06030-B,emi20250220t090527p06030,0,0.03364270120142595,0.48028329461511193
551997,emi20250218t060155p04034-A,emi20250218t060155p04034,1,0.9376951222308035,0.48028329461511193
552005,emi20250218t060155p04034-A,emi20250218t060155p04034,0,0.06732897810526385,0.48028329461511193
552006,emi20250220t090527p06030-B,emi20250220t090527p06030,0,0.07749718229350978,0.48028329461511193
552007,emi20250218t060155p04034-A,emi20250218t060155p04034,0,0.013824885725048582,0.48028329461511193
552010,emi20250218t060155p04034-A,emi20250218t060155p04034,0,0.4797089592198379,0.48028329461511193
552014,emi20250218t060155p04034-A,emi20250218t060155p04034,0,0.8499887279012676,0.48028329461511193
552018,emi20250218t060155p04034-A,emi20250218t060155p04034,0,0.044693589582523875,0.48028329461511193
552019,emi20250220t090527p06030-B,emi20250220t090527p06030,0,0.03780018610558228,0.48028329461511193
552020,emi20250218t060155p04034-A,emi20250218t060155p04034,0,0.008075962233150057,0.48028329461511193
552027,emi20250218t060155p04034-A,emi20250218t060155p04034,0,0.01259239561051846,0.48028329461511193
552031,emi20250218t060155p04034-A,emi20250218t060155p04034,0,0.008742148206585209,0.48028329461511193
552033,emi20250220t090527p06030-B,emi20250220t090527p06030,0,0.10953761721589383,0.48028329461511193
552037,emi20250218t060155p04034-A,emi20250218t060155p04034,0,0.013141826702351898,0.48028329461511193
552043,emi20250220t090527p06030-B,emi20250220t090527p06030,0,0.06182002774269163,0.48028329461511193
552046,emi20250218t060155p04034-A,emi20250218t060155p04034,0,0.20913981149209218,0.48028329461511193
552049,emi20250218t060155p04034-A,emi20250218t060155p04034,0,0.04106835298257597,0.48028329461511193
552051,emi20250218t060155p04034-A,emi20250218t060155p04034,0,0.7547302854584229,0.48028329461511193
552154,emi20250218t060155p04034-A,emi20250218t060155p04034,0,0.00123501105146684,0.48028329461511193
552161,emi20250220t090527p06030-C,emi20250220t090527p06030,0,0.45947095765937357,0.48028329461511193
552162,emi20250218t060155p04034-A,emi20250218t060155p04034,0,0.006001177773413002,0.48028329461511193
552167,emi20250218t060155p04034-A,emi20250218t060155p04034,0,0.0024671824819497254,0.48028329461511193
552175,emi20250220t090527p06030-C,emi20250220t090527p06030,0,0.47879551755744637,0.48028329461511193
552176,emi20250218t060155p04034-A,emi20250218t060155p04034,0,0.010968496714545195,0.48028329461511193
552197,emi20250220t090527p06030-C,emi20250220t090527p06030,0,0.282742147558968,0.48028329461511193
552218,emi20250220t090527p06030-C,emi20250220t090527p06030,0,0.1960220967276697,0.48028329461511193
552329,emi20250221t064447p05008-B,emi20250221t064447p05008,0,0.1676079527271095,0.48028329461511193
552333,emi20250220t090527p06030-C,emi20250220t090527p06030,0,0.20040416744495237,0.48028329461511193
552343,emi20250221t064447p05008-B,emi20250221t064447p05008,0,0.017148553647551412,0.48028329461511193
552365,emi20250220t090527p06030-C,emi20250220t090527p06030,0,0.017580871831564378,0.48028329461511193
552373,emi20250221t064447p05008-B,emi20250221t064447p05008,0,0.03808267391895593,0.48028329461511193
552378,emi20250220t090527p06030-C,emi20250220t090527p06030,0,0.011766376311742936,0.48028329461511193
552383,emi20250221t064447p05008-B,emi20250221t064447p05008,0,0.1818611837407131,0.48028329461511193
552395,emi20250221t064447p05008-B,emi20250221t064447p05008,0,0.020906260355365233,0.48028329461511193
552410,emi20250220t090527p06030-C,emi20250220t090527p06030,0,0.1508702957688515,0.48028329461511193
552413,emi20250221t064447p05008-B,emi20250221t064447p05008,0,0.02875684008255713,0.48028329461511193
552424,emi20250221t064447p05008-B,emi20250221t064447p05008,0,0.9748911589550407,0.48028329461511193
552434,emi20250221t064447p05008-B,emi20250221t064447p05008,0,0.5636124221695948,0.48028329461511193
552443,emi20250221t064447p05008-B,emi20250221t064447p05008,0,0.011363923739822113,0.48028329461511193
552447,emi20250220t090527p06030-C,emi20250220t090527p06030,0,0.01530683057530411,0.48028329461511193
552453,emi20250221t064447p05008-B,emi20250221t064447p05008,0,0.04194393077849918,0.48028329461511193
552454,emi20250221t064447p05008-B,emi20250221t064447p05008,0,0.6351259323836624,0.48028329461511193
552460,emi20250221t064447p05008-B,emi20250221t064447p05008,0,0.9342917730022643,0.48028329461511193
552461,emi20250226t184259p12001-A,emi20250226t184259p12001,1,0.06956005537773961,0.48028329461511193
552466,emi20250221t064447p05008-B,emi20250221t064447p05008,0,0.5081709893487023,0.48028329461511193
552467,emi20250226t184259p12001-A,emi20250226t184259p12001,1,0.38481786815893493,0.48028329461511193
552470,emi20250221t064447p05008-B,emi20250221t064447p05008,0,0.017325924986094254,0.48028329461511193
552471,emi20250226t184259p12001-A,emi20250226t184259p12001,1,0.18406791584188906,0.48028329461511193
552481,emi20250221t064447p05008-B,emi20250221t064447p05008,0,0.13914802733115134,0.48028329461511193
552482,emi20250226t184259p12001-A,emi20250226t184259p12001,1,0.004877656523628125,0.48028329461511193
552483,emi20250221t064447p05008-B,emi20250221t064447p05008,0,0.02572755950185019,0.48028329461511193
552484,emi20250226t184259p12001-A,emi20250226t184259p12001,1,0.009251545103413219,0.48028329461511193
552485,emi20250226t184259p12001-A,emi20250226t184259p12001,1,0.29295269512143723,0.48028329461511193
552486,emi20250226t184259p12001-A,emi20250226t184259p12001,1,0.005891043290425769,0.48028329461511193
552487,emi20250323t102746p07023-A,emi20250323t102746p07023,1,0.8409969136760748,0.48028329461511193
552488,emi20250226t184259p12001-A,emi20250226t184259p12001,1,0.02361856217174761,0.48028329461511193
552489,emi20250323t102746p07023-A,emi20250323t102746p07023,1,0.8981448469955879,0.48028329461511193
552490,emi20250226t184259p12001-A,emi20250226t184259p12001,1,0.1721271076628464,0.48028329461511193
552491,emi20250323t102746p07023-A,emi20250323t102746p07023,1,0.8564478679041083,0.48028329461511193
552492,emi20250226t184259p12001-A,emi20250226t184259p12001,1,0.06357968763501944,0.48028329461511193
552493,emi20250323t102746p07023-A,emi20250323t102746p07023,1,0.7791134249620673,0.48028329461511193
552494,emi20250226t184259p12001-A,emi20250226t184259p12001,1,0.009251545103413219,0.48028329461511193
552495,emi20250323t102746p07023-A,emi20250323t102746p07023,1,0.9770874227376906,0.48028329461511193
552496,emi20250226t184259p12001-A,emi20250226t184259p12001,1,0.08088275518586814,0.48028329461511193
552497,emi20250323t102746p07023-A,emi20250323t102746p07023,1,0.9213741801546433,0.48028329461511193
552498,emi20250226t184259p12001-A,emi20250226t184259p12001,1,0.0020255121228812466,0.48028329461511193
552499,emi20250323t102746p07023-A,emi20250323t102746p07023,1,0.9466877625618502,0.48028329461511193
552500,emi20250226t184259p12001-A,emi20250226t184259p12001,1,0.004877656523628125,0.48028329461511193
552501,emi20250323t102746p07023-A,emi20250323t102746p07023,1,0.9624071414312774,0.48028329461511193
552502,emi20250226t184259p12001-A,emi20250226t184259p12001,1,0.0031341304672141985,0.48028329461511193
552503,emi20250323t102746p07023-A,emi20250323t102746p07023,1,0.922390721111573,0.48028329461511193
552504,emi20250226t184259p12001-A,emi20250226t184259p12001,1,0.006006534642089164,0.48028329461511193
552505,emi20250323t102746p07023-A,emi20250323t102746p07023,1,0.948845431357861,0.48028329461511193
552506,emi20250226t184259p12001-A,emi20250226t184259p12001,0,0.0027988973071547438,0.48028329461511193
552507,emi20250323t102746p07023-A,emi20250323t102746p07023,1,0.9493737083115327,0.48028329461511193
552508,emi20250226t184259p12001-A,emi20250226t184259p12001,0,0.004376653168636436,0.48028329461511193
552509,emi20250323t102746p07023-A,emi20250323t102746p07023,1,0.9770874227376906,0.48028329461511193
552510,emi20250226t184259p12001-A,emi20250226t184259p12001,0,0.6446283679609509,0.48028329461511193
552511,emi20250323t102746p07023-A,emi20250323t102746p07023,1,0.940541965711383,0.48028329461511193
552512,emi20250226t184259p12001-A,emi20250226t184259p12001,0,0.006064242587798318,0.48028329461511193
552513,emi20250323t102746p07023-A,emi20250323t102746p07023,1,0.960256779342955,0.48028329461511193
552514,emi20250226t184259p12001-A,emi20250226t184259p12001,0,0.010769723469543538,0.48028329461511193
552515,emi20250323t102746p07023-A,emi20250323t102746p07023,1,0.8790697729746374,0.48028329461511193
552516,emi20250226t184259p12001-A,emi20250226t184259p12001,0,0.004147779661145827,0.48028329461511193
552517,emi20250323t102746p07023-A,emi20250323t102746p07023,1,0.9624071414312774,0.48028329461511193
552518,emi20250226t184259p12001-A,emi20250226t184259p12001,0,0.0018844778974334286,0.48028329461511193
552520,emi20250226t184259p12001-A,emi20250226t184259p12001,0,0.0016404862940818446,0.48028329461511193
552521,emi20250323t102746p07023-A,emi20250323t102746p07023,0,0.04076894052764826,0.48028329461511193
552522,emi20250226t184259p12001-A,emi20250226t184259p12001,0,0.006083033468557713,0.48028329461511193
552524,emi20250226t184259p12001-A,emi20250226t184259p12001,0,0.0029816798658080217,0.48028329461511193
552526,emi20250226t184259p12001-A,emi20250226t184259p12001,0,0.0041283250866124745,0.48028329461511193
552527,emi20250323t102746p07023-A,emi20250323t102746p07023,0,0.13465563405417383,0.48028329461511193
552528,emi20250226t184259p12001-A,emi20250226t184259p12001,0,0.1491410920659571,0.48028329461511193
552529,emi20250323t102746p07023-A,emi20250323t102746p07023,0,0.08910910984688104,0.48028329461511193
552530,emi20250226t184259p12001-A,emi20250226t184259p12001,0,0.0017730939253079393,0.48028329461511193
552531,emi20250323t102746p07023-A,emi20250323t102746p07023,0,0.14812999368502328,0.48028329461511193
552532,emi20250226t184259p12001-A,emi20250226t184259p12001,0,0.0007187833616749137,0.48028329461511193
552534,emi20250226t184259p12001-A,emi20250226t184259p12001,0,0.0012278315781387432,0.48028329461511193
552536,emi20250226t184259p12001-A,emi20250226t184259p12001,0,0.0034585577785448875,0.48028329461511193
552538,emi20250323t102746p07023-A,emi20250323t102746p07023,0,0.04250546675852767,0.48028329461511193
552539,emi20250323t102746p07023-A,emi20250323t102746p07023,0,0.052014979263267355,0.48028329461511193
552643,emi20250323t102746p07023-B,emi20250323t102746p07023,0,0.1678739153428503,0.48028329461511193
552650,emi20250323t102746p07023-A,emi20250323t102746p07023,0,0.9091183411534887,0.48028329461511193
552657,emi20250323t102746p07023-B,emi20250323t102746p07023,0,0.1513994345689901,0.48028329461511193
552673,emi20250323t102746p07023-B,emi20250323t102746p07023,0,0.29972971016744304,0.48028329461511193
552686,emi20250324t203622p13008-A,emi20250324t203622p13008,1,0.9703280834266572,0.48028329461511193
552693,emi20250323t102746p07023-B,emi20250323t102746p07023,0,0.24047022985027022,0.48028329461511193
552694,emi20250324t203622p13008-A,emi20250324t203622p13008,1,0.9699328905476934,0.48028329461511193
552701,emi20250323t102746p07023-B,emi20250323t102746p07023,0,0.09563639325198613,0.48028329461511193
552702,emi20250324t203622p13008-A,emi20250324t203622p13008,1,0.963776697204541,0.48028329461511193
552720,emi20250323t102746p07023-B,emi20250323t102746p07023,0,0.015505130566509998,0.48028329461511193
552721,emi20250324t203622p13008-A,emi20250324t203622p13008,1,0.9728259342436665,0.48028329461511193
552726,emi20250324t203622p13008-A,emi20250324t203622p13008,1,0.960813443216971,0.48028329461511193
552727,emi20250323t102746p07023-B,emi20250323t102746p07023,0,0.10182297041463649,0.48028329461511193
552728,emi20250324t203622p13008-A,emi20250324t203622p13008,1,0.9755165163160658,0.48028329461511193
552734,emi20250324t203622p13008-A,emi20250324t203622p13008,1,0.9708968587418647,0.48028329461511193
552736,emi20250324t203622p13008-A,emi20250324t203622p13008,1,0.9769781250355231,0.48028329461511193
552750,emi20250323t102746p07023-B,emi20250323t102746p07023,0,0.04620766003899146,0.48028329461511193
552751,emi20250324t203622p13008-A,emi20250324t203622p13008,1,0.9642460521269083,0.48028329461511193
552754,emi20250323t102746p07023-B,emi20250323t102746p07023,0,0.15673881883346208,0.48028329461511193
552755,emi20250324t203622p13008-A,emi20250324t203622p13008,1,0.9711671441029354,0.48028329461511193
552756,emi20250324t203622p13008-A,emi20250324t203622p13008,1,0.963396967824856,0.48028329461511193
552757,emi20250324t203622p13008-A,emi20250324t203622p13008,1,0.9770894718342314,0.48028329461511193
552867,emi20250324t203622p13008-A,emi20250324t203622p13008,1,0.9712935964018384,0.48028329461511193
552877,emi20250324t203622p13008-A,emi20250324t203622p13008,1,0.9704097703939677,0.48028329461511193
552888,emi20250324t203622p13008-A,emi20250324t203622p13008,1,0.9744723993681812,0.48028329461511193
552891,emi20250324t203622p13008-A,emi20250324t203622p13008,1,0.9508305784650024,0.48028329461511193
552897,emi20250324t203634p13009-A,emi20250324t203634p13009,0,0.5111234344984783,0.48028329461511193
552898,emi20250324t203622p13008-A,emi20250324t203622p13008,0,0.0674174940454142,0.48028329461511193
552928,emi20250324t203634p13009-A,emi20250324t203634p13009,0,0.0024274301983946834,0.48028329461511193
552929,emi20250324t203622p13008-A,emi20250324t203622p13008,0,0.02809273328828017,0.48028329461511193
552970,emi20250324t203622p13008-A,emi20250324t203622p13008,0,0.8195690277801432,0.48028329461511193
552995,emi20250324t203622p13008-A,emi20250324t203622p13008,0,0.011273105892873874,0.48028329461511193
553004,emi20250324t203622p13008-A,emi20250324t203622p13008,0,0.01606621981627209,0.48028329461511193
553011,emi20250324t203622p13008-A,emi20250324t203622p13008,0,0.0234171639992857,0.48028329461511193
553031,emi20250324t203622p13008-A,emi20250324t203622p13008,0,0.3828535671330592,0.48028329461511193
553039,emi20250324t203622p13008-A,emi20250324t203622p13008,0,0.19385294471995718,0.48028329461511193
553070,emi20250324t203622p13008-A,emi20250324t203622p13008,0,0.1572390037781273,0.48028329461511193
553071,emi20250324t203622p13008-A,emi20250324t203622p13008,0,0.03423055356432537,0.48028329461511193
553072,emi20250324t203622p13008-A,emi20250324t203622p13008,0,0.01500372992765903,0.48028329461511193
553173,emi20250324t203634p13009-B,emi20250324t203634p13009,0,0.6131338759088313,0.48028329461511193
553175,emi20250324t203622p13008-A,emi20250324t203622p13008,0,0.001056063110982329,0.48028329461511193
553178,emi20250324t203622p13008-A,emi20250324t203622p13008,0,0.001540145463548586,0.48028329461511193
553180,emi20250324t203634p13009-B,emi20250324t203634p13009,0,0.4628429269584098,0.48028329461511193
553181,emi20250324t203622p13008-A,emi20250324t203622p13008,0,0.07478013252282122,0.48028329461511193
553185,emi20250324t203634p13009-B,emi20250324t203634p13009,0,0.7873081045603214,0.48028329461511193
553186,emi20250324t203622p13008-A,emi20250324t203622p13008,0,0.0013032734560343856,0.48028329461511193
553187,emi20250324t203634p13009-B,emi20250324t203634p13009,0,0.0020971278258143143,0.48028329461511193
553188,emi20250324t203622p13008-A,emi20250324t203622p13008,0,0.7645233553600618,0.48028329461511193
553190,emi20250324t203634p13009-B,emi20250324t203634p13009,0,0.0020236219390707922,0.48028329461511193
553312,emi20250324t203634p13009-B,emi20250324t203634p13009,0,0.013892099698085122,0.48028329461511193
553315,emi20250324t203634p13009-B,emi20250324t203634p13009,0,0.0009900336044978907,0.48028329461511193
553321,emi20250324t203634p13009-D,emi20250324t203634p13009,0,0.0035261558308721905,0.48028329461511193
553328,emi20250324t203634p13009-D,emi20250324t203634p13009,0,0.002337477757759213,0.48028329461511193
553332,emi20250324t203634p13009-B,emi20250324t203634p13009,0,0.021349461887331504,0.48028329461511193
553335,emi20250324t203634p13009-D,emi20250324t203634p13009,0,0.7938745268054251,0.48028329461511193
553337,emi20250324t203634p13009-B,emi20250324t203634p13009,0,0.8984065673042044,0.48028329461511193
553344,emi20250420t182309p12030-B,emi20250420t182309p12030,1,0.23574152109348565,0.48028329461511193
553347,emi20250324t203634p13009-D,emi20250324t203634p13009,0,0.0007811288073074688,0.48028329461511193
553348,emi20250420t182309p12030-B,emi20250420t182309p12030,1,0.8689788956104819,0.48028329461511193
553350,emi20250420t182309p12030-B,emi20250420t182309p12030,1,0.32885274621130756,0.48028329461511193
553352,emi20250420t182309p12030-B,emi20250420t182309p12030,1,0.534331051502213,0.48028329461511193
553354,emi20250420t182309p12030-B,emi20250420t182309p12030,1,0.4569736523210003,0.48028329461511193
553357,emi20250420t182309p12030-B,emi20250420t182309p12030,1,0.2186373185747574,0.48028329461511193
553364,emi20250324t203634p13009-D,emi20250324t203634p13009,0,0.8728326481681477,0.48028329461511193
553365,emi20250420t182309p12030-B,emi20250420t182309p12030,1,0.583986505749875,0.48028329461511193
553366,emi20250420t182309p12030-B,emi20250420t182309p12030,1,0.5999520498730371,0.48028329461511193
553367,emi20250420t182309p12030-B,emi20250420t182309p12030,1,0.7753935321660388,0.48028329461511193
553368,emi20250517t121848p08011-A,emi20250517t121848p08011,1,0.7926295107202431,0.48028329461511193
553369,emi20250420t182309p12030-B,emi20250420t182309p12030,1,0.43932632202247457,0.48028329461511193
553370,emi20250517t121848p08011-A,emi20250517t121848p08011,1,0.9198503154389374,0.48028329461511193
553371,emi20250420t182309p12030-B,emi20250420t182309p12030,1,0.2186373185747574,0.48028329461511193
553372,emi20250517t121848p08011-A,emi20250517t121848p08011,1,0.92757324499417,0.48028329461511193
553373,emi20250420t182309p12030-B,emi20250420t182309p12030,1,0.5482692389691223,0.48028329461511193
553374,emi20250517t121848p08011-A,emi20250517t121848p08011,1,0.9480454745758461,0.48028329461511193
553375,emi20250420t182309p12030-B,emi20250420t182309p12030,1,0.37116441937849975,0.48028329461511193
553376,emi20250517t121848p08011-A,emi20250517t121848p08011,1,0.8313540507843585,0.48028329461511193
553377,emi20250420t182309p12030-B,emi20250420t182309p12030,1,0.838912124340654,0.48028329461511193
553378,emi20250517t121848p08011-A,emi20250517t121848p08011,1,0.703280185459589,0.48028329461511193
553379,emi20250420t182309p12030-B,emi20250420t182309p12030,1,0.43932632202247457,0.48028329461511193
553380,emi20250420t182309p12030-B,emi20250420t182309p12030,1,0.39088429580002715,0.48028329461511193
553381,emi20250517t121848p08011-A,emi20250517t121848p08011,1,0.7389853407310203,0.48028329461511193
553382,emi20250420t182309p12030-B,emi20250420t182309p12030,0,0.2780245826346145,0.48028329461511193
553383,emi20250517t121848p08011-A,emi20250517t121848p08011,1,0.8511474143175919,0.48028329461511193
553385,emi20250420t182309p12030-B,emi20250420t182309p12030,0,0.02157702187647236,0.48028329461511193
553386,emi20250517t121848p08011-A,emi20250517t121848p08011,1,0.9191662895757733,0.48028329461511193
553387,emi20250420t182309p12030-B,emi20250420t182309p12030,0,0.32215697655636116,0.48028329461511193
553388,emi20250517t121848p08011-A,emi20250517t121848p08011,1,0.8589166832981306,0.48028329461511193
553389,emi20250420t182309p12030-B,emi20250420t182309p12030,0,0.10269041032537207,0.48028329461511193
553390,emi20250517t121848p08011-A,emi20250517t121848p08011,1,0.9183063956856563,0.48028329461511193
553391,emi20250420t182309p12030-B,emi20250420t182309p12030,0,0.020007382715722822,0.48028329461511193
553392,emi20250517t121848p08011-A,emi20250517t121848p08011,1,0.8546405789939501,0.48028329461511193
553393,emi20250420t182309p12030-B,emi20250420t182309p12030,0,0.830496173729207,0.48028329461511193
553394,emi20250517t121848p08011-A,emi20250517t121848p08011,1,0.9596394305883046,0.48028329461511193
553396,emi20250420t182309p12030-B,emi20250420t182309p12030,0,0.12751807383995634,0.48028329461511193
553397,emi20250517t121848p08011-A,emi20250517t121848p08011,1,0.8058551365224652,0.48028329461511193
553400,emi20250420t182309p12030-B,emi20250420t182309p12030,0,0.5219102364609002,0.48028329461511193
553401,emi20250517t121848p08011-A,emi20250517t121848p08011,1,0.9597865721516962,0.48028329461511193
553402,emi20250420t182309p12030-B,emi20250420t182309p12030,0,0.36794913849125704,0.48028329461511193
553403,emi20250517t121848p08011-A,emi20250517t121848p08011,1,0.8865456480685195,0.48028329461511193
553404,emi20250420t182309p12030-B,emi20250420t182309p12030,0,0.11916481932879473,0.48028329461511193
553405,emi20250517t121848p08011-A,emi20250517t121848p08011,0,0.7529540727534262,0.48028329461511193
553406,emi20250420t182309p12030-B,emi20250420t182309p12030,0,0.5716306562510475,0.48028329461511193
553407,emi20250517t121848p08011-A,emi20250517t121848p08011,0,0.969085071917622,0.48028329461511193
553409,emi20250420t182309p12030-B,emi20250420t182309p12030,0,0.036074229443162104,0.48028329461511193
553410,emi20250517t121848p08011-A,emi20250517t121848p08011,0,0.4890612651631695,0.48028329461511193
553411,emi20250420t182309p12030-B,emi20250420t182309p12030,0,0.20406555399524867,0.48028329461511193
553412,emi20250517t121848p08011-A,emi20250517t121848p08011,0,0.9099064131296364,0.48028329461511193
553414,emi20250420t182309p12030-B,emi20250420t182309p12030,0,0.7409413704562882,0.48028329461511193
553415,emi20250517t121848p08011-A,emi20250517t121848p08011,0,0.8342459239444117,0.48028329461511193
553416,emi20250420t182309p12030-B,emi20250420t182309p12030,0,0.06458406841553417,0.48028329461511193
553417,emi20250517t121848p08011-A,emi20250517t121848p08011,0,0.5710432819338036,0.48028329461511193
553419,emi20250420t182309p12030-B,emi20250420t182309p12030,0,0.003616705881542649,0.48028329461511193
553420,emi20250517t121848p08011-A,emi20250517t121848p08011,0,0.8653795148013749,0.48028329461511193
553421,emi20250517t121848p08011-A,emi20250517t121848p08011,0,0.7847720059884193,0.48028329461511193
553422,emi20250517t121848p08011-A,emi20250517t121848p08011,0,0.7618861486533671,0.48028329461511193
553534,emi20250517t121848p08011-A,emi20250517t121848p08011,0,0.8174199095435342,0.48028329461511193
553586,emi20250518t033225p03004-A,emi20250518t033225p03004,0,0.0014892996569598148,0.48028329461511193
553587,emi20250517t121848p08011-A,emi20250517t121848p08011,0,0.8640729542813536,0.48028329461511193
553621,emi20250517t121848p08011-A,emi20250517t121848p08011,0,0.8447037170792921,0.48028329461511193
553726,emi20250517t121848p08011-A,emi20250517t121848p08011,0,0.40858002520143716,0.48028329461511193
553727,emi20250517t121848p08011-A,emi20250517t121848p08011,0,0.874384687901775,0.48028329461511193
553729,emi20250517t121848p08011-A,emi20250517t121848p08011,0,0.9266358246068673,0.48028329461511193
553731,emi20250517t121848p08011-A,emi20250517t121848p08011,0,0.16085465278844352,0.48028329461511193
553735,emi20250518t033225p03004-C,emi20250518t033225p03004,1,0.9480454705871688,0.48028329461511193
553740,emi20250518t033225p03004-B,emi20250518t033225p03004,1,0.5149406618675467,0.48028329461511193
553742,emi20250518t033225p03004-B,emi20250518t033225p03004,1,0.75820440093991,0.48028329461511193
553744,emi20250518t033225p03004-B,emi20250518t033225p03004,1,0.9385592085910753,0.48028329461511193
553746,emi20250518t033225p03004-B,emi20250518t033225p03004,1,0.6767487427682671,0.48028329461511193
553752,emi20250518t033225p03004-B,emi20250518t033225p03004,1,0.6138958751372728,0.48028329461511193
553755,emi20250518t033225p03004-C,emi20250518t033225p03004,1,0.9480454705871688,0.48028329461511193
553757,emi20250518t033225p03004-C,emi20250518t033225p03004,1,0.9766734202710928,0.48028329461511193
553759,emi20250518t033225p03004-C,emi20250518t033225p03004,1,0.9724447187826174,0.48028329461511193
553760,emi20250518t033225p03004-B,emi20250518t033225p03004,0,0.0013110161907053358,0.48028329461511193
553766,emi20250518t033225p03004-B,emi20250518t033225p03004,0,0.0005699865247945074,0.48028329461511193
553769,emi20250518t033225p03004-C,emi20250518t033225p03004,0,0.048773896026522656,0.48028329461511193
553774,emi20250518t033225p03004-B,emi20250518t033225p03004,0,0.0017546411443943076,0.48028329461511193
553775,emi20250518t033225p03004-C,emi20250518t033225p03004,0,0.9789896693410257,0.48028329461511193
553779,emi20250518t033225p03004-C,emi20250518t033225p03004,0,0.0028396841607791017,0.48028329461511193
553781,emi20250518t033225p03004-C,emi20250518t033225p03004,0,0.0018113244964081214,0.48028329461511193
553784,emi20250518t033225p03004-B,emi20250518t033225p03004,0,0.0012970031128979834,0.48028329461511193
553786,emi20250518t033225p03004-B,emi20250518t033225p03004,0,0.0009134038849984785,0.48028329461511193
553788,emi20250518t033225p03004-B,emi20250518t033225p03004,0,0.0009266642515500669,0.48028329461511193
553791,emi20250518t033225p03004-C,emi20250518t033225p03004,0,0.0028316274044380987,0.48028329461511193
553794,emi20250518t033225p03004-D,emi20250518t033225p03004,1,0.8845935580616604,0.48028329461511193
553796,emi20250518t033225p03004-D,emi20250518t033225p03004,1,0.9229302325471761,0.48028329461511193
553800,emi20250518t033225p03004-D,emi20250518t033225p03004,1,0.7782951126492331,0.48028329461511193
553801,emi20250522t095711p07002-A,emi20250522t095711p07002,1,0.7544515480806807,0.48028329461511193
553803,emi20250522t095711p07002-A,emi20250522t095711p07002,1,0.38642582676329407,0.48028329461511193
553805,emi20250522t095711p07002-A,emi20250522t095711p07002,1,0.5349089583173267,0.48028329461511193
553806,emi20250518t033225p03004-D,emi20250518t033225p03004,1,0.9004543254912871,0.48028329461511193
553807,emi20250522t095711p07002-A,emi20250522t095711p07002,1,0.46426057459546893,0.48028329461511193
553808,emi20250518t033225p03004-D,emi20250518t033225p03004,1,0.9435513898600738,0.48028329461511193
553809,emi20250522t095711p07002-A,emi20250522t095711p07002,1,0.285066050925212,0.48028329461511193
553811,emi20250522t095711p07002-A,emi20250522t095711p07002,1,0.596740236563168,0.48028329461511193
553813,emi20250522t095711p07002-A,emi20250522t095711p07002,1,0.40656400858298486,0.48028329461511193
553814,emi20250518t033225p03004-D,emi20250518t033225p03004,1,0.9468416044707774,0.48028329461511193
553815,emi20250522t095711p07002-A,emi20250522t095711p07002,1,0.6345760840390177,0.48028329461511193
553817,emi20250522t095711p07002-A,emi20250522t095711p07002,1,0.6204694557895031,0.48028329461511193
553818,emi20250518t033225p03004-D,emi20250518t033225p03004,1,0.8345355239090566,0.48028329461511193
553819,emi20250522t095711p07002-A,emi20250522t095711p07002,1,0.6551607526604271,0.48028329461511193
553820,emi20250518t033225p03004-D,emi20250518t033225p03004,0,0.0024704430721691553,0.48028329461511193
553821,emi20250522t095711p07002-A,emi20250522t095711p07002,1,0.5730677731407076,0.48028329461511193
553822,emi20250518t033225p03004-D,emi20250518t033225p03004,0,0.010953341910673979,0.48028329461511193
553823,emi20250522t095711p07002-A,emi20250522t095711p07002,1,0.7300551916924327,0.48028329461511193
553825,emi20250522t095711p07002-A,emi20250522t095711p07002,1,0.5430155515903746,0.48028329461511193
553826,emi20250518t033225p03004-D,emi20250518t033225p03004,0,0.174611703191409,0.48028329461511193
553827,emi20250522t095711p07002-A,emi20250522t095711p07002,1,0.7720981653061576,0.48028329461511193
553829,emi20250522t095711p07002-A,emi20250522t095711p07002,1,0.5782835367849016,0.48028329461511193
553830,emi20250518t033225p03004-D,emi20250518t033225p03004,0,0.5832965673247776,0.48028329461511193
553831,emi20250522t095711p07002-A,emi20250522t095711p07002,1,0.648611639753948,0.48028329461511193
553837,emi20250522t095711p07002-A,emi20250522t095711p07002,0,0.6627679768030474,0.48028329461511193
553839,emi20250522t095711p07002-A,emi20250522t095711p07002,0,0.06212090427910446,0.48028329461511193
553841,emi20250522t095711p07002-A,emi20250522t095711p07002,0,0.02758463006907881,0.48028329461511193
553843,emi20250522t095711p07002-A,emi20250522t095711p07002,0,0.6071649573195492,0.48028329461511193
553844,emi20250522t095711p07002-A,emi20250522t095711p07002,0,0.7082531202120608,0.48028329461511193
553849,emi20250522t095711p07002-A,emi20250522t095711p07002,0,0.0888173395704257,0.48028329461511193
553853,emi20250522t095711p07002-A,emi20250522t095711p07002,0,0.6458831698926577,0.48028329461511193
553856,emi20250522t095711p07002-A,emi20250522t095711p07002,0,0.06657838709077986,0.48028329461511193
553858,emi20250522t095711p07002-A,emi20250522t095711p07002,0,0.67525807530586,0.48028329461511193
553861,emi20250522t095711p07002-A,emi20250522t095711p07002,0,0.8463902340557693,0.48028329461511193
553863,emi20250522t095711p07002-A,emi20250522t095711p07002,0,0.3617945853072514,0.48028329461511193
553864,emi20250522t095711p07002-A,emi20250522t095711p07002,0,0.032941137771010515,0.48028329461511193
553865,emi20250522t095711p07002-A,emi20250522t095711p07002,0,0.4751677736470382,0.48028329461511193
553866,emi20250526t082401p06008-A,emi20250526t082401p06008,1,0.03737257496022761,0.48028329461511193
553871,emi20250522t095711p07002-A,emi20250522t095711p07002,0,0.19474970987005094,0.48028329461511193
553872,emi20250526t082401p06008-A,emi20250526t082401p06008,1,0.0785571115033394,0.48028329461511193
553873,emi20250522t095711p07002-A,emi20250522t095711p07002,0,0.677131602028295,0.48028329461511193
553874,emi20250526t082401p06008-A,emi20250526t082401p06008,1,0.031731804491224314,0.48028329461511193
553876,emi20250522t095711p07002-A,emi20250522t095711p07002,0,0.039889313073973656,0.48028329461511193
553877,emi20250526t082401p06008-A,emi20250526t082401p06008,1,0.051352100844353224,0.48028329461511193
553878,emi20250526t082401p06008-A,emi20250526t082401p06008,1,0.25465605437783245,0.48028329461511193
553879,emi20250526t082401p06008-A,emi20250526t082401p06008,1,0.03450106171488524,0.48028329461511193
553880,emi20250526t082401p06008-A,emi20250526t082401p06008,1,0.07194967663419174,0.48028329461511193
553881,emi20250527t091223p06030-A,emi20250527t091223p06030,1,0.9746607841650501,0.48028329461511193
553882,emi20250526t082401p06008-A,emi20250526t082401p06008,1,0.20170631190755142,0.48028329461511193
553883,emi20250527t091223p06030-A,emi20250527t091223p06030,1,0.9633473377253398,0.48028329461511193
553884,emi20250526t082401p06008-A,emi20250526t082401p06008,1,0.13975931569527258,0.48028329461511193
553885,emi20250527t091223p06030-A,emi20250527t091223p06030,1,0.21928883125557436,0.48028329461511193
553886,emi20250526t082401p06008-A,emi20250526t082401p06008,1,0.04747749390278761,0.48028329461511193
553887,emi20250527t091223p06030-A,emi20250527t091223p06030,1,0.8653335818137008,0.48028329461511193
553888,emi20250526t082401p06008-A,emi20250526t082401p06008,1,0.26144904282535536,0.48028329461511193
553889,emi20250527t091223p06030-A,emi20250527t091223p06030,1,0.9566677975946197,0.48028329461511193
553890,emi20250526t082401p06008-A,emi20250526t082401p06008,1,0.272194448345667,0.48028329461511193
553891,emi20250527t091223p06030-A,emi20250527t091223p06030,1,0.9688695085371221,0.48028329461511193
553892,emi20250526t082401p06008-A,emi20250526t082401p06008,1,0.17568199538487783,0.48028329461511193
553893,emi20250527t091223p06030-A,emi20250527t091223p06030,1,0.9729060429747588,0.48028329461511193
553894,emi20250526t082401p06008-A,emi20250526t082401p06008,1,0.012163636839893797,0.48028329461511193
553895,emi20250527t091223p06030-A,emi20250527t091223p06030,1,0.9555925957373362,0.48028329461511193
553896,emi20250526t082401p06008-A,emi20250526t082401p06008,1,0.012357186835893616,0.48028329461511193
553897,emi20250527t091223p06030-A,emi20250527t091223p06030,1,0.9180507914046014,0.48028329461511193
553898,emi20250526t082401p06008-A,emi20250526t082401p06008,1,0.12821999307314064,0.48028329461511193
553899,emi20250527t091223p06030-A,emi20250527t091223p06030,1,0.9479288584820775,0.48028329461511193
553900,emi20250526t082401p06008-A,emi20250526t082401p06008,0,0.012032714669132515,0.48028329461511193
553901,emi20250527t091223p06030-A,emi20250527t091223p06030,1,0.4584222704524524,0.48028329461511193
553902,emi20250526t082401p06008-A,emi20250526t082401p06008,0,0.005338725461199146,0.48028329461511193
553903,emi20250527t091223p06030-A,emi20250527t091223p06030,1,0.24803490469577907,0.48028329461511193
553904,emi20250526t082401p06008-A,emi20250526t082401p06008,0,0.006627427142708164,0.48028329461511193
553905,emi20250527t091223p06030-A,emi20250527t091223p06030,1,0.9327446369800357,0.48028329461511193
553906,emi20250526t082401p06008-A,emi20250526t082401p06008,0,0.0019405803001670725,0.48028329461511193
553907,emi20250527t091223p06030-A,emi20250527t091223p06030,1,0.9579735983536208,0.48028329461511193
553908,emi20250526t082401p06008-A,emi20250526t082401p06008,0,0.013717591523301383,0.48028329461511193
553909,emi20250527t091223p06030-A,emi20250527t091223p06030,1,0.973468660499393,0.48028329461511193
553910,emi20250526t082401p06008-A,emi20250526t082401p06008,0,0.00886035805975631,0.48028329461511193
553911,emi20250527t091223p06030-A,emi20250527t091223p06030,1,0.9729060429747588,0.48028329461511193
553912,emi20250526t082401p06008-A,emi20250526t082401p06008,0,0.07463294993419792,0.48028329461511193
553913,emi20250527t091223p06030-A,emi20250527t091223p06030,0,0.12915928138225724,0.48028329461511193
553914,emi20250526t082401p06008-A,emi20250526t082401p06008,0,0.059230041939545695,0.48028329461511193
553915,emi20250527t091223p06030-A,emi20250527t091223p06030,0,0.031199292287237456,0.48028329461511193
553916,emi20250526t082401p06008-A,emi20250526t082401p06008,0,0.008149217669501814,0.48028329461511193
553917,emi20250527t091223p06030-A,emi20250527t091223p06030,0,0.02254017631990031,0.48028329461511193
553918,emi20250526t082401p06008-A,emi20250526t082401p06008,0,0.006382295814645953,0.48028329461511193
553919,emi20250527t091223p06030-A,emi20250527t091223p06030,0,0.012334533500684895,0.48028329461511193
553920,emi20250526t082401p06008-A,emi20250526t082401p06008,0,0.027768832928441445,0.48028329461511193
553921,emi20250527t091223p06030-A,emi20250527t091223p06030,0,0.03794835514443924,0.48028329461511193
553922,emi20250526t082401p06008-A,emi20250526t082401p06008,0,0.4234698912507902,0.48028329461511193
553923,emi20250527t091223p06030-A,emi20250527t091223p06030,0,0.007555966158941543,0.48028329461511193
553924,emi20250526t082401p06008-A,emi20250526t082401p06008,0,0.439187246082029,0.48028329461511193
553925,emi20250527t091223p06030-A,emi20250527t091223p06030,0,0.047878157050183355,0.48028329461511193
553926,emi20250526t082401p06008-A,emi20250526t082401p06008,0,0.004690444029814107,0.48028329461511193
553927,emi20250527t091223p06030-A,emi20250527t091223p06030,0,0.007217273344597069,0.48028329461511193
553928,emi20250526t082401p06008-A,emi20250526t082401p06008,0,0.0029871372247406765,0.48028329461511193
553929,emi20250527t091223p06030-A,emi20250527t091223p06030,0,0.03940682209697039,0.48028329461511193
553930,emi20250526t082401p06008-A,emi20250526t082401p06008,0,0.006328818662561647,0.48028329461511193
553931,emi20250527t091223p06030-A,emi20250527t091223p06030,0,0.001718044725316532,0.48028329461511193
553932,emi20250527t091223p06030-A,emi20250527t091223p06030,0,0.011157972064305232,0.48028329461511193
553933,emi20250527t091223p06030-A,emi20250527t091223p06030,0,0.010192166185587383,0.48028329461511193
553934,emi20250527t091223p06030-A,emi20250527t091223p06030,0,0.41098945572787526,0.48028329461511193
553935,emi20250528t052233p04048-A,emi20250528t052233p04048,1,0.9747324507387848,0.48028329461511193
553936,emi20250527t091223p06030-A,emi20250527t091223p06030,0,0.03425011934782717,0.48028329461511193
553937,emi20250528t052233p04048-A,emi20250528t052233p04048,1,0.8645677789145539,0.48028329461511193
553938,emi20250527t091223p06030-A,emi20250527t091223p06030,0,0.016947155915427472,0.48028329461511193
553940,emi20250527t091223p06030-A,emi20250527t091223p06030,0,0.00671641539473248,0.48028329461511193
553943,emi20250528t052233p04048-A,emi20250528t052233p04048,1,0.9777077995135136,0.48028329461511193
553944,emi20250528t052233p04048-A,emi20250528t052233p04048,1,0.949012303157471,0.48028329461511193
553946,emi20250528t052233p04048-A,emi20250528t052233p04048,1,0.9649281502308169,0.48028329461511193
553948,emi20250528t052233p04048-A,emi20250528t052233p04048,1,0.9404756892389046,0.48028329461511193
553949,emi20250528t052233p04048-B,emi20250528t052233p04048,1,0.6444673357861217,0.48028329461511193
553950,emi20250528t052233p04048-A,emi20250528t052233p04048,1,0.9176914478271782,0.48028329461511193
553952,emi20250528t052233p04048-A,emi20250528t052233p04048,1,0.9192643672495684,0.48028329461511193
553953,emi20250528t052233p04048-B,emi20250528t052233p04048,1,0.9473732627704295,0.48028329461511193
553956,emi20250528t052233p04048-B,emi20250528t052233p04048,1,0.9361244933148896,0.48028329461511193
553959,emi20250528t052233p04048-A,emi20250528t052233p04048,1,0.9621268509179008,0.48028329461511193
553961,emi20250528t052233p04048-A,emi20250528t052233p04048,1,0.949137979343825,0.48028329461511193
553963,emi20250528t052233p04048-A,emi20250528t052233p04048,1,0.9176914478271782,0.48028329461511193
553967,emi20250528t052233p04048-A,emi20250528t052233p04048,0,0.44092131615828944,0.48028329461511193
553968,emi20250528t052233p04048-B,emi20250528t052233p04048,1,0.9131219669799597,0.48028329461511193
553969,emi20250528t052233p04048-A,emi20250528t052233p04048,0,0.0013048616482745498,0.48028329461511193
553971,emi20250528t052233p04048-A,emi20250528t052233p04048,0,0.7361965049528532,0.48028329461511193
553972,emi20250528t052233p04048-B,emi20250528t052233p04048,1,0.9145658489540257,0.48028329461511193
553973,emi20250528t052233p04048-A,emi20250528t052233p04048,0,0.013475335353951994,0.48028329461511193
553976,emi20250528t052233p04048-B,emi20250528t052233p04048,0,0.27266096868043516,0.48028329461511193
553978,emi20250528t052233p04048-B,emi20250528t052233p04048,0,0.0047518610291135376,0.48028329461511193
553984,emi20250528t052233p04048-A,emi20250528t052233p04048,0,0.04313603728725744,0.48028329461511193
553986,emi20250528t052233p04048-B,emi20250528t052233p04048,0,0.3813087913416723,0.48028329461511193
553987,emi20250528t052233p04048-A,emi20250528t052233p04048,0,0.943431581441542,0.48028329461511193
553991,emi20250528t052233p04048-B,emi20250528t052233p04048,0,0.022476228195584626,0.48028329461511193
553995,emi20250528t052233p04048-B,emi20250528t052233p04048,0,0.04292925319942787,0.48028329461511193
553997,emi20250528t052233p04048-A,emi20250528t052233p04048,0,0.07105504999642337,0.48028329461511193
554002,emi20250528t052233p04048-B,emi20250528t052233p04048,0,0.019886722548519146,0.48028329461511193
554003,emi20250528t052233p04048-B,emi20250528t052233p04048,0,0.008763690742774744,0.48028329461511193
554004,emi20250602t200033p13007-A,emi20250602t200033p13007,1,0.933382218281064,0.48028329461511193
554006,emi20250602t200033p13007-A,emi20250602t200033p13007,1,0.7031889092687109,0.48028329461511193
554007,emi20250528t052233p04048-B,emi20250528t052233p04048,0,0.6191204200163978,0.48028329461511193
554008,emi20250602t200033p13007-A,emi20250602t200033p13007,1,0.9082337284151274,0.48028329461511193
554010,emi20250528t052233p04048-B,emi20250528t052233p04048,0,0.31557788688484906,0.48028329461511193
554011,emi20250602t200033p13007-A,emi20250602t200033p13007,1,0.9411147031905768,0.48028329461511193
554012,emi20250602t200033p13007-A,emi20250602t200033p13007,1,0.9575444183901601,0.48028329461511193
554013,emi20250602t200033p13007-A,emi20250602t200033p13007,1,0.9552225596985805,0.48028329461511193
554014,emi20250602t200033p13007-A,emi20250602t200033p13007,1,0.9575444183901601,0.48028329461511193
554140,emi20250603t095246p07008-A,emi20250603t095246p07008,0,0.0015843045399379875,0.48028329461511193
554141,emi20250602t200033p13007-A,emi20250602t200033p13007,1,0.818511101070194,0.48028329461511193
554280,emi20250603t095246p07008-A,emi20250603t095246p07008,0,0.18663321874437971,0.48028329461511193
554281,emi20250602t200033p13007-A,emi20250602t200033p13007,1,0.8904396842224827,0.48028329461511193
554317,emi20250602t200033p13007-A,emi20250602t200033p13007,1,0.9426961851113141,0.48028329461511193
554318,emi20250602t200033p13007-A,emi20250602t200033p13007,1,0.9567707490924101,0.48028329461511193
554319,emi20250603t160225p11027-A,emi20250603t160225p11027,1,0.674726094918645,0.48028329461511193
554320,emi20250602t200033p13007-A,emi20250602t200033p13007,1,0.8942201983348624,0.48028329461511193
554322,emi20250602t200033p13007-A,emi20250602t200033p13007,1,0.899634402039501,0.48028329461511193
554323,emi20250603t160225p11027-A,emi20250603t160225p11027,1,0.7285092472524629,0.48028329461511193
554324,emi20250602t200033p13007-A,emi20250602t200033p13007,1,0.9224565835673216,0.48028329461511193
554325,emi20250603t160225p11027-A,emi20250603t160225p11027,1,0.6436826440792859,0.48028329461511193
554326,emi20250602t200033p13007-A,emi20250602t200033p13007,1,0.8934617566429465,0.48028329461511193
554328,emi20250602t200033p13007-A,emi20250602t200033p13007,1,0.9575444183901601,0.48028329461511193
554329,emi20250603t160225p11027-A,emi20250603t160225p11027,1,0.7689582382487832,0.48028329461511193
554330,emi20250602t200033p13007-A,emi20250602t200033p13007,0,0.004432154207524971,0.48028329461511193
554332,emi20250602t200033p13007-A,emi20250602t200033p13007,0,0.0024170861391268933,0.48028329461511193
554334,emi20250602t200033p13007-A,emi20250602t200033p13007,0,0.003438980376051819,0.48028329461511193
554336,emi20250602t200033p13007-A,emi20250602t200033p13007,0,0.000712840768410005,0.48028329461511193
554338,emi20250602t200033p13007-A,emi20250602t200033p13007,0,0.005574297852510838,0.48028329461511193
554340,emi20250602t200033p13007-A,emi20250602t200033p13007,0,0.001148167455511485,0.48028329461511193
554342,emi20250602t200033p13007-A,emi20250602t200033p13007,0,0.011644394494804262,0.48028329461511193
554344,emi20250602t200033p13007-A,emi20250602t200033p13007,0,0.0015230333722690047,0.48028329461511193
554345,emi20250603t160225p11027-A,emi20250603t160225p11027,1,0.10034222839121926,0.48028329461511193
554346,emi20250602t200033p13007-A,emi20250602t200033p13007,0,0.0013172823890162857,0.48028329461511193
554348,emi20250602t200033p13007-A,emi20250602t200033p13007,0,0.0006453460926661525,0.48028329461511193
554349,emi20250603t160225p11027-A,emi20250603t160225p11027,1,0.2754717221928427,0.48028329461511193
554350,emi20250602t200033p13007-A,emi20250602t200033p13007,0,0.0010471942677255368,0.48028329461511193
554352,emi20250602t200033p13007-A,emi20250602t200033p13007,0,0.001311764024791135,0.48028329461511193
554354,emi20250602t200033p13007-A,emi20250602t200033p13007,0,0.06148727853832727,0.48028329461511193
554356,emi20250602t200033p13007-A,emi20250602t200033p13007,0,0.002778547736960784,0.48028329461511193
554357,emi20250603t160225p11027-A,emi20250603t160225p11027,0,0.0011910992432913432,0.48028329461511193
554358,emi20250602t200033p13007-A,emi20250602t200033p13007,0,0.0007730325118665362,0.48028329461511193
554360,emi20250602t200033p13007-A,emi20250602t200033p13007,0,0.0039233696158197644,0.48028329461511193
554365,emi20250603t160225p11027-A,emi20250603t160225p11027,0,0.001306996980626975,0.48028329461511193
554367,emi20250603t160225p11027-A,emi20250603t160225p11027,0,0.005538484959835612,0.48028329461511193
554368,emi20250603t160225p11027-C,emi20250603t160225p11027,1,0.8658548995961458,0.48028329461511193
554369,emi20250603t160225p11027-A,emi20250603t160225p11027,0,0.0008072018719602201,0.48028329461511193
554371,emi20250603t160225p11027-A,emi20250603t160225p11027,0,0.0010717542320620324,0.48028329461511193
554372,emi20250603t160225p11027-C,emi20250603t160225p11027,1,0.5798529679544357,0.48028329461511193
554376,emi20250603t160225p11027-C,emi20250603t160225p11027,1,0.8747175408050655,0.48028329461511193
554378,emi20250603t160225p11027-C,emi20250603t160225p11027,1,0.8669402760521866,0.48028329461511193
554487,emi20250603t160225p11027-C,emi20250603t160225p11027,1,0.8461400249747351,0.48028329461511193
554490,emi20250603t160225p11027-C,emi20250603t160225p11027,1,0.9323856938234012,0.48028329461511193
554500,emi20250603t160225p11027-E,emi20250603t160225p11027,0,0.0060525743921624265,0.48028329461511193
554505,emi20250603t160225p11027-C,emi20250603t160225p11027,0,0.0019868734266722705,0.48028329461511193
554525,emi20250603t160225p11027-E,emi20250603t160225p11027,0,0.0041773801386201775,0.48028329461511193
554531,emi20250603t160225p11027-C,emi20250603t160225p11027,0,0.000802237056037782,0.48028329461511193
554535,emi20250603t160225p11027-C,emi20250603t160225p11027,0,0.0006950824059234312,0.48028329461511193
554556,emi20250603t160225p11027-G,emi20250603t160225p11027,1,0.0071827930067285975,0.48028329461511193
554560,emi20250603t160225p11027-G,emi20250603t160225p11027,1,0.023143428665723324,0.48028329461511193
554562,emi20250603t160225p11027-G,emi20250603t160225p11027,1,0.00177190949412743,0.48028329461511193
554563,emi20250603t173453p12004-A,emi20250603t173453p12004,1,0.8677570673154889,0.48028329461511193
554566,emi20250603t160225p11027-G,emi20250603t160225p11027,1,0.007685732661012564,0.48028329461511193
554567,emi20250603t173453p12004-A,emi20250603t173453p12004,1,0.697230367889118,0.48028329461511193
554571,emi20250603t173453p12004-A,emi20250603t173453p12004,1,0.7574242906335737,0.48028329461511193
554575,emi20250603t173453p12004-A,emi20250603t173453p12004,1,0.7897053734121949,0.48028329461511193
554581,emi20250603t173453p12004-A,emi20250603t173453p12004,1,0.6186143304495069,0.48028329461511193
554585,emi20250603t173453p12004-A,emi20250603t173453p12004,1,0.8704040880264339,0.48028329461511193
554588,emi20250603t160225p11027-G,emi20250603t160225p11027,0,0.01391539464542457,0.48028329461511193
554591,emi20250603t173453p12004-A,emi20250603t173453p12004,1,0.9057512978729886,0.48028329461511193
554593,emi20250603t160225p11027-G,emi20250603t160225p11027,0,0.002256034781866381,0.48028329461511193
554600,emi20250603t173453p12004-A,emi20250603t173453p12004,0,0.07585331961652216,0.48028329461511193
554605,emi20250603t173453p12004-A,emi20250603t173453p12004,0,0.012768128630527191,0.48028329461511193
554608,emi20250603t173453p12004-A,emi20250603t173453p12004,0,0.6602653796565452,0.48028329461511193
554612,emi20250603t160225p11027-G,emi20250603t160225p11027,0,0.0010111154812681693,0.48028329461511193
554613,emi20250603t173453p12004-A,emi20250603t173453p12004,0,0.43500636019421307,0.48028329461511193
554615,emi20250603t173453p12004-A,emi20250603t173453p12004,0,0.010924342674836532,0.48028329461511193
554616,emi20250603t160225p11027-G,emi20250603t160225p11027,0,0.037198563688797856,0.48028329461511193
554617,emi20250603t173453p12004-A,emi20250603t173453p12004,0,0.010131841836060881,0.48028329461511193
554618,emi20250603t160225p11027-G,emi20250603t160225p11027,0,0.0007260989094486006,0.48028329461511193
554619,emi20250603t173453p12004-A,emi20250603t173453p12004,0,0.013602037657503053,0.48028329461511193
554627,emi20250603t160225p11027-G,emi20250603t160225p11027,0,0.005699865922365793,0.48028329461511193
554628,emi20250603t173453p12004-A,emi20250603t173453p12004,0,0.007929011072900342,0.48028329461511193
554630,emi20250603t173453p12004-A,emi20250603t173453p12004,0,0.007158022659627285,0.48028329461511193
554631,emi20250603t173453p12004-C,emi20250603t173453p12004,1,0.960942802268772,0.48028329461511193
554636,emi20250603t173453p12004-C,emi20250603t173453p12004,1,0.9820761126578924,0.48028329461511193
554637,emi20250603t173453p12004-C,emi20250603t173453p12004,1,0.9657604190289503,0.48028329461511193
554638,emi20250604t025333p02020-A,emi20250604t025333p02020,1,0.9171010932323301,0.48028329461511193
554640,emi20250604t025333p02020-A,emi20250604t025333p02020,1,0.9493525991251645,0.48028329461511193
554641,emi20250603t173453p12004-C,emi20250603t173453p12004,1,0.9713640063454252,0.48028329461511193
554643,emi20250603t173453p12004-C,emi20250603t173453p12004,1,0.9752678048327822,0.48028329461511193
554644,emi20250604t025333p02020-A,emi20250604t025333p02020,1,0.9602107012151324,0.48028329461511193
554647,emi20250603t173453p12004-C,emi20250603t173453p12004,1,0.9596886401996078,0.48028329461511193
554648,emi20250604t025333p02020-A,emi20250604t025333p02020,1,0.9416641878252656,0.48028329461511193
554651,emi20250603t173453p12004-C,emi20250603t173453p12004,1,0.9647697228593798,0.48028329461511193
554652,emi20250604t025333p02020-A,emi20250604t025333p02020,1,0.9676336964246086,0.48028329461511193
554657,emi20250603t173453p12004-C,emi20250603t173453p12004,1,0.9756486869371864,0.48028329461511193
554658,emi20250604t025333p02020-A,emi20250604t025333p02020,1,0.9188186879912109,0.48028329461511193
554659,emi20250603t173453p12004-C,emi20250603t173453p12004,1,0.9655466034882979,0.48028329461511193
554661,emi20250603t173453p12004-C,emi20250603t173453p12004,0,0.23353488294794664,0.48028329461511193
554662,emi20250604t025333p02020-A,emi20250604t025333p02020,1,0.9520784421551652,0.48028329461511193
554665,emi20250603t173453p12004-C,emi20250603t173453p12004,0,0.13284981854718828,0.48028329461511193
554666,emi20250604t025333p02020-A,emi20250604t025333p02020,1,0.9329717903041228,0.48028329461511193
554667,emi20250603t173453p12004-C,emi20250603t173453p12004,0,0.011394293166244136,0.48028329461511193
554669,emi20250603t173453p12004-C,emi20250603t173453p12004,0,0.11194009077871263,0.48028329461511193
554670,emi20250604t025333p02020-A,emi20250604t025333p02020,0,0.0045108654865433605,0.48028329461511193
554671,emi20250603t173453p12004-C,emi20250603t173453p12004,0,0.004686154149403664,0.48028329461511193
554672,emi20250604t025333p02020-A,emi20250604t025333p02020,0,0.7928025180670734,0.48028329461511193
554673,emi20250603t173453p12004-C,emi20250603t173453p12004,0,0.0021900976301661218,0.48028329461511193
554674,emi20250604t025333p02020-A,emi20250604t025333p02020,0,0.01668758350898369,0.48028329461511193
554682,emi20250604t025333p02020-A,emi20250604t025333p02020,0,0.0011106023048422177,0.48028329461511193
554691,emi20250603t173453p12004-C,emi20250603t173453p12004,0,0.034154746947362216,0.48028329461511193
554692,emi20250604t025333p02020-A,emi20250604t025333p02020,0,0.0027428004339637305,0.48028329461511193
554693,emi20250604t025333p02020-A,emi20250604t025333p02020,0,0.0026858381864780668,0.48028329461511193
554695,emi20250604t025333p02020-B,emi20250604t025333p02020,1,0.3341483810089706,0.48028329461511193
554696,emi20250604t025333p02020-A,emi20250604t025333p02020,0,0.0012332630618514878,0.48028329461511193
554697,emi20250604t025333p02020-B,emi20250604t025333p02020,1,0.06281217229595955,0.48028329461511193
554699,emi20250604t025333p02020-B,emi20250604t025333p02020,1,0.6544121956895834,0.48028329461511193
554700,emi20250604t025333p02020-B,emi20250604t025333p02020,1,0.33224501471003565,0.48028329461511193
554701,emi20250604t025333p02020-B,emi20250604t025333p02020,1,0.6918100194345483,0.48028329461511193
554706,emi20250604t025345p02021-A,emi20250604t025345p02021,1,0.3669493017343097,0.48028329461511193
554710,emi20250604t025345p02021-A,emi20250604t025345p02021,1,0.13430282506045024,0.48028329461511193
554711,emi20250604t025333p02020-B,emi20250604t025333p02020,1,0.4411270651106913,0.48028329461511193
554715,emi20250604t025333p02020-B,emi20250604t025333p02020,1,0.6634955280821615,0.48028329461511193
554718,emi20250604t025345p02021-A,emi20250604t025345p02021,1,0.08717610308566641,0.48028329461511193
554719,emi20250604t025333p02020-B,emi20250604t025333p02020,1,0.3341483810089706,0.48028329461511193
554722,emi20250604t025345p02021-A,emi20250604t025345p02021,1,0.3635134741318613,0.48028329461511193
554725,emi20250604t025333p02020-B,emi20250604t025333p02020,0,0.0009450352055788666,0.48028329461511193
554726,emi20250604t025345p02021-A,emi20250604t025345p02021,1,0.5066509445596256,0.48028329461511193
554729,emi20250604t025333p02020-B,emi20250604t025333p02020,0,0.0013649717255676318,0.48028329461511193
554732,emi20250604t025345p02021-A,emi20250604t025345p02021,1,0.07554553928512726,0.48028329461511193
554737,emi20250604t025333p02020-B,emi20250604t025333p02020,0,0.02749815632999528,0.48028329461511193
554740,emi20250604t025345p02021-A,emi20250604t025345p02021,0,0.0006761627247039983,0.48028329461511193
554743,emi20250604t025333p02020-B,emi20250604t025333p02020,0,0.0009224637705973698,0.48028329461511193
554747,emi20250604t025333p02020-B,emi20250604t025333p02020,0,0.008530169571059376,0.48028329461511193
554749,emi20250604t025333p02020-B,emi20250604t025333p02020,0,0.002642265468801154,0.48028329461511193
554755,emi20250604t025333p02020-B,emi20250604t025333p02020,0,0.0015169504915294614,0.48028329461511193
554757,emi20250604t025333p02020-B,emi20250604t025333p02020,0,0.0012242361786871008,0.48028329461511193
554759,emi20250604t025333p02020-B,emi20250604t025333p02020,0,0.7147917059183433,0.48028329461511193
554762,emi20250604t025345p02021-A,emi20250604t025345p02021,0,0.0015513485330883444,0.48028329461511193
554763,emi20250604t025345p02021-B,emi20250604t025345p02021,1,0.8748682157138326,0.48028329461511193
554767,emi20250604t025345p02021-B,emi20250604t025345p02021,1,0.8901917624048586,0.48028329461511193
554770,emi20250604t025345p02021-C,emi20250604t025345p02021,1,0.09893998935494713,0.48028329461511193
554772,emi20250604t025345p02021-C,emi20250604t025345p02021,1,0.07107617813012126,0.48028329461511193
554776,emi20250604t025345p02021-C,emi20250604t025345p02021,1,0.01663837756932222,0.48028329461511193
554780,emi20250604t025345p02021-C,emi20250604t025345p02021,1,0.16443042823025125,0.48028329461511193
554786,emi20250604t025345p02021-C,emi20250604t025345p02021,1,0.2189173238472222,0.48028329461511193
554788,emi20250604t025345p02021-C,emi20250604t025345p02021,1,0.07373552379233438,0.48028329461511193
554792,emi20250604t025345p02021-C,emi20250604t025345p02021,1,0.2543139336070367,0.48028329461511193
554794,emi20250604t025345p02021-C,emi20250604t025345p02021,1,0.18176581699838185,0.48028329461511193
554798,emi20250604t025345p02021-B,emi20250604t025345p02021,0,0.0027173595921163767,0.48028329461511193
554806,emi20250604t025345p02021-C,emi20250604t025345p02021,0,0.0028556467558709833,0.48028329461511193
554810,emi20250604t025345p02021-B,emi20250604t025345p02021,0,0.1035498882261882,0.48028329461511193
554817,emi20250604t025345p02021-C,emi20250604t025345p02021,0,0.0011302504614590007,0.48028329461511193
554822,emi20250604t025345p02021-C,emi20250604t025345p02021,0,0.13586649841342852,0.48028329461511193
554823,emi20250604t025345p02021-B,emi20250604t025345p02021,0,0.009433825117945771,0.48028329461511193
554826,emi20250604t025345p02021-C,emi20250604t025345p02021,0,0.01851643468591844,0.48028329461511193
554829,emi20250604t025345p02021-B,emi20250604t025345p02021,0,0.030560922254294676,0.48028329461511193
554832,emi20250604t025345p02021-C,emi20250604t025345p02021,0,0.00122647628394778,0.48028329461511193
554835,emi20250604t025345p02021-B,emi20250604t025345p02021,0,0.0029162615387049117,0.48028329461511193
554837,emi20250604t025345p02021-C,emi20250604t025345p02021,0,0.25546770004996955,0.48028329461511193
554839,emi20250604t025345p02021-C,emi20250604t025345p02021,0,0.0031682665852303987,0.48028329461511193
554841,emi20250604t025345p02021-C,emi20250604t025345p02021,0,0.003095360634966843,0.48028329461511193
554844,emi20250604t025345p02021-C,emi20250604t025345p02021,0,0.003830235767177566,0.48028329461511193
554860,emi20250604t025357p02022-A,emi20250604t025357p02022,1,0.565738653925083,0.48028329461511193
554866,emi20250604t025357p02022-A,emi20250604t025357p02022,1,0.7591433618139647,0.48028329461511193
554887,emi20250604t025357p02022-AA,emi20250604t025357p02022,0,0.005995646425360179,0.48028329461511193
554907,emi20250604t025357p02022-AB,emi20250604t025357p02022,1,0.686559101417545,0.48028329461511193
554908,emi20250604t025357p02022-AA,emi20250604t025357p02022,0,0.015308895334051243,0.48028329461511193
555048,emi20250604t025357p02022-AD,emi20250604t025357p02022,0,0.0019434579043570526,0.48028329461511193
555088,emi20250604t025357p02022-AB,emi20250604t025357p02022,1,0.46597877794288656,0.48028329461511193
555139,emi20250604t025357p02022-AE,emi20250604t025357p02022,1,0.826360665572379,0.48028329461511193
555150,emi20250604t025357p02022-AF,emi20250604t025357p02022,1,0.5988852087744271,0.48028329461511193
555162,emi20250604t025357p02022-AF,emi20250604t025357p02022,1,0.9025428962674925,0.48028329461511193
555173,emi20250604t025357p02022-AE,emi20250604t025357p02022,0,0.012435047451496395,0.48028329461511193
555177,emi20250604t025357p02022-AE,emi20250604t025357p02022,0,0.012500398683541135,0.48028329461511193
555189,emi20250604t025357p02022-AF,emi20250604t025357p02022,0,0.014146779411235627,0.48028329461511193
555615,emi20250604t025357p02022-AF,emi20250604t025357p02022,0,0.12305453191562021,0.48028329461511193
555652,emi20250604t025357p02022-AH,emi20250604t025357p02022,0,0.01956766505133658,0.48028329461511193
555997,emi20250604t025357p02022-AN,emi20250604t025357p02022,1,0.5040661936218215,0.48028329461511193
556016,emi20250604t025357p02022-AN,emi20250604t025357p02022,1,0.7661150491352353,0.48028329461511193
556161,emi20250604t025357p02022-AP,emi20250604t025357p02022,0,0.013782130244695821,0.48028329461511193
556287,emi20250604t025357p02022-F,emi20250604t025357p02022,0,0.012656297971099502,0.48028329461511193
556303,emi20250604t025357p02022-E,emi20250604t025357p02022,0,0.0034517326824361756,0.48028329461511193
556340,emi20250604t025357p02022-F,emi20250604t025357p02022,0,0.00659071276631799,0.48028329461511193
556368,emi20250604t025357p02022-F,emi20250604t025357p02022,0,0.0029429756360254623,0.48028329461511193
556504,emi20250604t025357p02022-O,emi20250604t025357p02022,0,0.030253510205001253,0.48028329461511193
556568,emi20250604t025357p02022-Q,emi20250604t025357p02022,1,0.7414759703288416,0.48028329461511193
556657,emi20250604t025357p02022-Q,emi20250604t025357p02022,1,0.9510251646060223,0.48028329461511193
556760,emi20250604t025357p02022-T,emi20250604t025357p02022,0,0.007643258911159361,0.48028329461511193
556815,emi20250604t025357p02022-V,emi20250604t025357p02022,1,0.5142024684005512,0.48028329461511193
556824,emi20250604t025357p02022-U,emi20250604t025357p02022,1,0.9514249815248483,0.48028329461511193
556829,emi20250604t025357p02022-V,emi20250604t025357p02022,1,0.29219382355666673,0.48028329461511193
556834,emi20250604t025357p02022-U,emi20250604t025357p02022,1,0.9359476770443002,0.48028329461511193
556837,emi20250604t025357p02022-V,emi20250604t025357p02022,1,0.17715058561537206,0.48028329461511193
556847,emi20250604t025357p02022-V,emi20250604t025357p02022,0,0.022295312574942532,0.48028329461511193
556987,emi20250605t081905p06014-A,emi20250605t081905p06014,0,0.5715950981584129,0.48028329461511193
556988,emi20250605t081905p06014-A,emi20250605t081905p06014,0,0.04577371079023511,0.48028329461511193
556989,emi20250609t222616p14004-A,emi20250609t222616p14004,1,0.6613353363345459,0.48028329461511193
556998,emi20250605t081905p06014-A,emi20250605t081905p06014,0,0.0028166136743091965,0.48028329461511193
556999,emi20250609t222616p14004-A,emi20250609t222616p14004,1,0.9247925717623658,0.48028329461511193
557000,emi20250605t081905p06014-A,emi20250605t081905p06014,0,0.829644807048281,0.48028329461511193
557001,emi20250609t222616p14004-A,emi20250609t222616p14004,1,0.9873424585409144,0.48028329461511193
557046,emi20250605t081905p06014-A,emi20250605t081905p06014,0,0.003460141823059989,0.48028329461511193
557047,emi20250609t222616p14004-A,emi20250609t222616p14004,1,0.9607785690007051,0.48028329461511193
557064,emi20250605t081905p06014-A,emi20250605t081905p06014,0,0.02665581350871659,0.48028329461511193
557065,emi20250609t222616p14004-A,emi20250609t222616p14004,1,0.9382492904143632,0.48028329461511193
557066,emi20250605t081905p06014-A,emi20250605t081905p06014,0,0.0458716325968242,0.48028329461511193
557067,emi20250609t222616p14004-A,emi20250609t222616p14004,1,0.9253338062399677,0.48028329461511193
557068,emi20250605t081905p06014-A,emi20250605t081905p06014,0,0.1735214852745022,0.48028329461511193
557069,emi20250609t222616p14004-A,emi20250609t222616p14004,1,0.9856343551663849,0.48028329461511193
557074,emi20250605t081905p06014-A,emi20250605t081905p06014,0,0.0014255490679606216,0.48028329461511193
557075,emi20250609t222616p14004-A,emi20250609t222616p14004,1,0.8699540972062619,0.48028329461511193
557078,emi20250605t081905p06014-A,emi20250605t081905p06014,0,0.0022797361114542405,0.48028329461511193
557079,emi20250609t222616p14004-A,emi20250609t222616p14004,1,0.9810979873214329,0.48028329461511193
557101,emi20250605t081905p06014-A,emi20250605t081905p06014,0,0.0012222269020320674,0.48028329461511193
557102,emi20250609t222616p14004-A,emi20250609t222616p14004,1,0.9880264117812073,0.48028329461511193
557113,emi20250605t081905p06014-A,emi20250605t081905p06014,0,0.010529988011119984,0.48028329461511193
557114,emi20250609t222616p14004-A,emi20250609t222616p14004,1,0.29985308704625285,0.48028329461511193
557120,emi20250605t081905p06014-A,emi20250605t081905p06014,0,0.21732192493312558,0.48028329461511193
557121,emi20250609t222616p14004-A,emi20250609t222616p14004,1,0.979890595202492,0.48028329461511193
557126,emi20250605t081905p06014-A,emi20250605t081905p06014,0,0.005585558403976469,0.48028329461511193
557127,emi20250609t222616p14004-A,emi20250609t222616p14004,1,0.9642195910167367,0.48028329461511193
557133,emi20250605t081905p06014-A,emi20250605t081905p06014,0,0.25512795695672896,0.48028329461511193
557134,emi20250609t222616p14004-A,emi20250609t222616p14004,1,0.9738133090135692,0.48028329461511193
557148,emi20250605t081905p06014-A,emi20250605t081905p06014,0,0.0015297734923012546,0.48028329461511193
557149,emi20250609t222616p14004-A,emi20250609t222616p14004,1,0.9729477916711575,0.48028329461511193
557150,emi20250609t222616p14004-A,emi20250609t222616p14004,1,0.8337143736120386,0.48028329461511193
557151,emi20250609t222616p14004-A,emi20250609t222616p14004,0,0.00440355381451523,0.48028329461511193
557152,emi20250609t222616p14004-A,emi20250609t222616p14004,0,0.001680798436298269,0.48028329461511193
557153,emi20250611t065853p04019-E,emi20250611t065853p04019,1,0.6510575461132931,0.48028329461511193
557159,emi20250609t222616p14004-A,emi20250609t222616p14004,0,0.002148794502566952,0.48028329461511193
557160,emi20250611t065853p04019-E,emi20250611t065853p04019,1,0.9216025779955161,0.48028329461511193
557162,emi20250609t222616p14004-A,emi20250609t222616p14004,0,0.0021111810850868336,0.48028329461511193
557163,emi20250611t065853p04019-E,emi20250611t065853p04019,1,0.7570226253100825,0.48028329461511193
557167,emi20250609t222616p14004-A,emi20250609t222616p14004,0,0.0006730734487127829,0.48028329461511193
557168,emi20250611t065853p04019-E,emi20250611t065853p04019,1,0.7594464477142993,0.48028329461511193
557169,emi20250609t222616p14004-A,emi20250609t222616p14004,0,0.0019094565029535346,0.48028329461511193
557170,emi20250611t065853p04019-E,emi20250611t065853p04019,1,0.8139581191312493,0.48028329461511193
557172,emi20250609t222616p14004-A,emi20250609t222616p14004,0,0.010929297748264453,0.48028329461511193
557173,emi20250611t065853p04019-E,emi20250611t065853p04019,1,0.4068184302658531,0.48028329461511193
557174,emi20250609t222616p14004-A,emi20250609t222616p14004,0,0.0016167053239534422,0.48028329461511193
557175,emi20250611t065853p04019-E,emi20250611t065853p04019,1,0.4671616215648559,0.48028329461511193
557176,emi20250609t222616p14004-A,emi20250609t222616p14004,0,0.0022752124809014484,0.48028329461511193
557177,emi20250611t065853p04019-E,emi20250611t065853p04019,1,0.7473896015106126,0.48028329461511193
557178,emi20250609t222616p14004-A,emi20250609t222616p14004,0,0.0018560729307491913,0.48028329461511193
557179,emi20250611t065853p04019-E,emi20250611t065853p04019,1,0.7473896015106126,0.48028329461511193
557182,emi20250609t222616p14004-A,emi20250609t222616p14004,0,0.0029491784807955126,0.48028329461511193
557183,emi20250611t065853p04019-E,emi20250611t065853p04019,1,0.8010496728241163,0.48028329461511193
557191,emi20250609t222616p14004-A,emi20250609t222616p14004,0,0.08287533970779433,0.48028329461511193
557192,emi20250611t065853p04019-E,emi20250611t065853p04019,1,0.804848026419006,0.48028329461511193
557193,emi20250609t222616p14004-A,emi20250609t222616p14004,0,0.007465647206574991,0.48028329461511193
557194,emi20250611t065853p04019-E,emi20250611t065853p04019,1,0.8538472792452796,0.48028329461511193
557199,emi20250609t222616p14004-A,emi20250609t222616p14004,0,0.0016127728725521076,0.48028329461511193
557200,emi20250611t065853p04019-E,emi20250611t065853p04019,1,0.8344423950810984,0.48028329461511193
557201,emi20250609t222616p14004-A,emi20250609t222616p14004,0,0.0006218961597684856,0.48028329461511193
557202,emi20250611t065853p04019-E,emi20250611t065853p04019,1,0.922864444065883,0.48028329461511193
557203,emi20250609t222616p14004-A,emi20250609t222616p14004,0,0.005235716478794315,0.48028329461511193
557204,emi20250611t065853p04019-E,emi20250611t065853p04019,1,0.7878076255487289,0.48028329461511193
557205,emi20250611t065853p04019-E,emi20250611t065853p04019,1,0.7922824680553775,0.48028329461511193
557206,emi20250611t065853p04019-E,emi20250611t065853p04019,0,0.17137887479481434,0.48028329461511193
557207,emi20250611t065853p04019-E,emi20250611t065853p04019,0,0.05123781115034748,0.48028329461511193
557209,emi20250611t065853p04019-E,emi20250611t065853p04019,0,0.044911503199106174,0.48028329461511193
557211,emi20250611t065853p04019-E,emi20250611t065853p04019,0,0.32574207893045054,0.48028329461511193
557213,emi20250611t065853p04019-E,emi20250611t065853p04019,0,0.7409884284580956,0.48028329461511193
557215,emi20250611t065853p04019-E,emi20250611t065853p04019,0,0.0037791985504006006,0.48028329461511193
557216,emi20250613t100206p06020-B,emi20250613t100206p06020,1,0.9484445241233006,0.48028329461511193
557217,emi20250611t065853p04019-E,emi20250611t065853p04019,0,0.004794042945187299,0.48028329461511193
557219,emi20250611t065853p04019-E,emi20250611t065853p04019,0,0.007967976374271955,0.48028329461511193
557220,emi20250613t100206p06020-B,emi20250613t100206p06020,1,0.9518180887176004,0.48028329461511193
557221,emi20250611t065853p04019-E,emi20250611t065853p04019,0,0.009856945039630242,0.48028329461511193
557223,emi20250611t065853p04019-E,emi20250611t065853p04019,0,0.3684434295306055,0.48028329461511193
557225,emi20250611t065853p04019-E,emi20250611t065853p04019,0,0.0007716582703373092,0.48028329461511193
557227,emi20250611t065853p04019-E,emi20250611t065853p04019,0,0.009212582099393993,0.48028329461511193
557229,emi20250611t065853p04019-E,emi20250611t065853p04019,0,0.0010038021549759683,0.48028329461511193
557230,emi20250613t100206p06020-B,emi20250613t100206p06020,1,0.9410181979400651,0.48028329461511193
557231,emi20250611t065853p04019-E,emi20250611t065853p04019,0,0.007905223192384217,0.48028329461511193
557233,emi20250611t065853p04019-E,emi20250611t065853p04019,0,0.014463358102200542,0.48028329461511193
557235,emi20250611t065853p04019-E,emi20250611t065853p04019,0,0.006934696497627368,0.48028329461511193
557238,emi20250613t100206p06020-B,emi20250613t100206p06020,0,0.5936212179512234,0.48028329461511193
557241,emi20250613t100206p06020-C,emi20250613t100206p06020,1,0.7183778163308457,0.48028329461511193
557242,emi20250613t100206p06020-B,emi20250613t100206p06020,0,0.19546172478827106,0.48028329461511193
557248,emi20250613t100206p06020-B,emi20250613t100206p06020,0,0.4715835928890742,0.48028329461511193
557251,emi20250613t100206p06020-C,emi20250613t100206p06020,1,0.8977884066475209,0.48028329461511193
557253,emi20250613t100206p06020-C,emi20250613t100206p06020,1,0.8870022371951788,0.48028329461511193
557264,emi20250613t100206p06020-B,emi20250613t100206p06020,0,0.04378801677301669,0.48028329461511193
557287,emi20250613t100206p06020-C,emi20250613t100206p06020,0,0.3484274061717665,0.48028329461511193
557292,emi20250613t100206p06020-C,emi20250613t100206p06020,0,0.39325461926926986,0.48028329461511193
557299,emi20250613t100206p06020-D,emi20250613t100206p06020,1,0.8616419558042834,0.48028329461511193
557300,emi20250613t100206p06020-C,emi20250613t100206p06020,0,0.9085948806531742,0.48028329461511193
557318,emi20250613t100206p06020-E,emi20250613t100206p06020,1,0.7360022840777266,0.48028329461511193
557335,emi20250613t100206p06020-D,emi20250613t100206p06020,0,0.6336575013050655,0.48028329461511193
557340,emi20250613t100206p06020-E,emi20250613t100206p06020,1,0.6062459365737756,0.48028329461511193
557343,emi20250613t100206p06020-D,emi20250613t100206p06020,0,0.0813423803425474,0.48028329461511193
557347,emi20250613t100206p06020-E,emi20250613t100206p06020,0,0.279994496349185,0.48028329461511193
557366,emi20250613t100206p06020-E,emi20250613t100206p06020,0,0.6417194098088699,0.48028329461511193
557375,emi20250613t100206p06020-F,emi20250613t100206p06020,1,0.37531191475924963,0.48028329461511193
557381,emi20250613t100206p06020-E,emi20250613t100206p06020,0,0.08247924894703068,0.48028329461511193
557388,emi20250613t100206p06020-G,emi20250613t100206p06020,1,0.7541017980716839,0.48028329461511193
557416,emi20250613t100206p06020-G,emi20250613t100206p06020,1,0.7411162820626104,0.48028329461511193
557423,emi20250613t100206p06020-G,emi20250613t100206p06020,0,0.21783282413349492,0.48028329461511193
557424,emi20250613t100206p06020-H,emi20250613t100206p06020,1,0.6786295572470256,0.48028329461511193
557432,emi20250613t100206p06020-H,emi20250613t100206p06020,1,0.5871289050646343,0.48028329461511193
557443,emi20250613t100206p06020-H,emi20250613t100206p06020,1,0.595240698220295,0.48028329461511193
557459,emi20250613t100206p06020-H,emi20250613t100206p06020,1,0.8012147994485357,0.48028329461511193
557593,emi20250613t205246p13023-A,emi20250613t205246p13023,0,0.7731514898654311,0.48028329461511193
557596,emi20250613t205246p13023-A,emi20250613t205246p13023,0,0.49385503308409034,0.48028329461511193
557610,emi20250613t205246p13023-A,emi20250613t205246p13023,0,0.061466380714143336,0.48028329461511193
557638,emi20250613t205246p13023-A,emi20250613t205246p13023,0,0.2148779296848458,0.48028329461511193
557646,emi20250613t205246p13023-A,emi20250613t205246p13023,0,0.5654093769855024,0.48028329461511193
557682,emi20250613t205246p13023-A,emi20250613t205246p13023,0,0.022697915527070553,0.48028329461511193
557707,emi20250613t205246p13023-A,emi20250613t205246p13023,0,0.8247104967422864,0.48028329461511193
557711,emi20250613t205246p13023-A,emi20250613t205246p13023,0,0.8136105796270333,0.48028329461511193
557717,emi20250613t205246p13023-A,emi20250613t205246p13023,0,0.18268892789507948,0.48028329461511193
557719,emi20250613t100206p06020-H,emi20250613t100206p06020,0,0.4126533625678973,0.48028329461511193
557728,emi20250613t205246p13023-A,emi20250613t205246p13023,0,0.031008700950600418,0.48028329461511193
557779,emi20250613t100206p06020-H,emi20250613t100206p06020,0,0.6837240925960534,0.48028329461511193
558082,emi20250613t100206p06020-H,emi20250613t100206p06020,0,0.20700435886226248,0.48028329461511193
558436,tan20241017t054413c00s4001-A,tan20241017t054413c00s4001,1,0.5669368041013022,0.48028329461511193
558438,tan20241017t054413c00s4001-A,tan20241017t054413c00s4001,1,0.6584027974460352,0.48028329461511193
558441,tan20241017t054413c00s4001-A,tan20241017t054413c00s4001,1,0.4372615330843088,0.48028329461511193
558443,tan20241017t054413c00s4001-A,tan20241017t054413c00s4001,1,0.5219152334619664,0.48028329461511193
558445,tan20241017t054413c00s4001-A,tan20241017t054413c00s4001,1,0.2585879638655449,0.48028329461511193
558447,tan20241017t054413c00s4001-A,tan20241017t054413c00s4001,1,0.4003753566679109,0.48028329461511193
558449,tan20241017t054413c00s4001-A,tan20241017t054413c00s4001,1,0.3157133766430462,0.48028329461511193
558451,tan20241017t054413c00s4001-A,tan20241017t054413c00s4001,1,0.25379113777842394,0.48028329461511193
558453,tan20241017t054413c00s4001-A,tan20241017t054413c00s4001,1,0.32094576773336064,0.48028329461511193
558455,tan20241017t054413c00s4001-A,tan20241017t054413c00s4001,1,0.6275597231965504,0.48028329461511193
558457,tan20241017t054413c00s4001-A,tan20241017t054413c00s4001,1,0.6853327284091272,0.48028329461511193
558459,tan20241017t054413c00s4001-A,tan20241017t054413c00s4001,1,0.46206644423436805,0.48028329461511193
558461,tan20241017t054413c00s4001-A,tan20241017t054413c00s4001,1,0.5469844635935351,0.48028329461511193
558463,tan20241017t054413c00s4001-A,tan20241017t054413c00s4001,1,0.46920813123389904,0.48028329461511193
558465,tan20241017t054413c00s4001-A,tan20241017t054413c00s4001,1,0.7111826969695978,0.48028329461511193
558467,tan20241017t054413c00s4001-A,tan20241017t054413c00s4001,1,0.2600104604962444,0.48028329461511193
558469,tan20241017t054413c00s4001-A,tan20241017t054413c00s4001,0,0.01261367427849012,0.48028329461511193
558473,tan20241017t054413c00s4001-A,tan20241017t054413c00s4001,0,0.017392669655819898,0.48028329461511193
558477,tan20241017t054413c00s4001-A,tan20241017t054413c00s4001,0,0.02419254106141149,0.48028329461511193
558487,tan20241017t054413c00s4001-A,tan20241017t054413c00s4001,0,0.003450438795493078,0.48028329461511193
558493,tan20241017t054413c00s4001-A,tan20241017t054413c00s4001,0,0.049565644029459885,0.48028329461511193
558494,tan20241017t054413c00s4001-A,tan20241017t054413c00s4001,0,0.06357193420184891,0.48028329461511193
558495,tan20241017t054413c00s4001-A,tan20241017t054413c00s4001,0,0.059376626282925844,0.48028329461511193
558596,tan20241017t054413c00s4001-C,tan20241017t054413c00s4001,0,0.0011020938748659687,0.48028329461511193
558599,tan20241017t054413c00s4001-C,tan20241017t054413c00s4001,0,0.019912754579612738,0.48028329461511193
558606,tan20241017t054413c00s4001-C,tan20241017t054413c00s4001,0,0.0024587398833926734,0.48028329461511193
558773,tan20241020t061527c00s4001-A,tan20241020t061527c00s4001,0,0.0072991975638026785,0.48028329461511193
558774,tan20241017t054413c00s4001-C,tan20241017t054413c00s4001,0,0.017661662643349695,0.48028329461511193
558908,tan20241017t054413c00s4001-C,tan20241017t054413c00s4001,0,0.0040580500947443275,0.48028329461511193
558910,tan20241017t054413c00s4001-C,tan20241017t054413c00s4001,0,0.008434630894113074,0.48028329461511193
559017,tan20241020t092906c00s4001-A,tan20241020t092906c00s4001,0,0.005246644204452373,0.48028329461511193
559033,tan20241020t092906c00s4001-A,tan20241020t092906c00s4001,0,0.002095824061971507,0.48028329461511193
559065,tan20241020t092906c00s4001-A,tan20241020t092906c00s4001,0,0.004823359057934981,0.48028329461511193
559087,tan20241020t092906c00s4001-A,tan20241020t092906c00s4001,0,0.010864877592352206,0.48028329461511193
559093,tan20241020t092906c00s4001-A,tan20241020t092906c00s4001,0,0.05478569226884804,0.48028329461511193
559099,tan20241020t092906c00s4001-A,tan20241020t092906c00s4001,0,0.003803027864662676,0.48028329461511193
559104,tan20241017t054413c00s4001-C,tan20241017t054413c00s4001,0,0.0013778624565074671,0.48028329461511193
559110,tan20241020t092906c00s4001-A,tan20241020t092906c00s4001,0,0.006595547213522501,0.48028329461511193
559112,tan20241017t054413c00s4001-C,tan20241017t054413c00s4001,0,0.0006684441238714058,0.48028329461511193
559122,tan20241020t092906c00s4001-A,tan20241020t092906c00s4001,0,0.0045518205102789994,0.48028329461511193
559124,tan20241017t054413c00s4001-C,tan20241017t054413c00s4001,0,0.029522319468815828,0.48028329461511193
559131,tan20241020t092906c00s4001-A,tan20241020t092906c00s4001,0,0.006610136270313849,0.48028329461511193
559133,tan20241020t092906c00s4001-A,tan20241020t092906c00s4001,0,0.0014056884989114599,0.48028329461511193
559144,tan20241020t092906c00s4001-A,tan20241020t092906c00s4001,0,0.007757516717785848,0.48028329461511193
559154,tan20241020t092906c00s4001-A,tan20241020t092906c00s4001,0,0.013600202254406474,0.48028329461511193
559162,tan20241020t092906c00s4001-A,tan20241020t092906c00s4001,0,0.015774788714143024,0.48028329461511193
559163,tan20241026t103729c00s4001-C,tan20241026t103729c00s4001,1,0.0411886325961527,0.48028329461511193
559169,tan20241020t092906c00s4001-A,tan20241020t092906c00s4001,0,0.017942609847160392,0.48028329461511193
559170,tan20241026t103729c00s4001-C,tan20241026t103729c00s4001,1,0.5399917727730492,0.48028329461511193
559190,tan20241020t092906c00s4001-A,tan20241020t092906c00s4001,0,0.006496777229325428,0.48028329461511193
559191,tan20241026t103729c00s4001-C,tan20241026t103729c00s4001,1,0.008409642594416088,0.48028329461511193
559206,tan20241020t092906c00s4001-A,tan20241020t092906c00s4001,0,0.008043663086375353,0.48028329461511193
559207,tan20241026t103729c00s4001-C,tan20241026t103729c00s4001,1,0.5399917727730492,0.48028329461511193
559209,tan20241026t103729c00s4001-C,tan20241026t103729c00s4001,1,0.09486075364404666,0.48028329461511193
559212,tan20241026t103729c00s4001-C,tan20241026t103729c00s4001,1,0.014872161239520969,0.48028329461511193
559226,tan20241026t103729c00s4001-C,tan20241026t103729c00s4001,1,0.1612113030597645,0.48028329461511193
559227,tan20241026t103729c00s4001-F,tan20241026t103729c00s4001,1,0.028889463963812107,0.48028329461511193
559229,tan20241026t103729c00s4001-F,tan20241026t103729c00s4001,1,0.06842196611799148,0.48028329461511193
559230,tan20241026t103729c00s4001-C,tan20241026t103729c00s4001,0,0.13193637119020463,0.48028329461511193
559232,tan20241026t103729c00s4001-C,tan20241026t103729c00s4001,0,0.20511309568356828,0.48028329461511193
559238,tan20241026t103729c00s4001-C,tan20241026t103729c00s4001,0,0.21691299808185993,0.48028329461511193
559241,tan20241026t103729c00s4001-F,tan20241026t103729c00s4001,1,0.018056947144060906,0.48028329461511193
559242,tan20241026t103729c00s4001-C,tan20241026t103729c00s4001,0,0.18110934423392677,0.48028329461511193
559243,tan20241026t103729c00s4001-F,tan20241026t103729c00s4001,0,0.039471347048146005,0.48028329461511193
559244,tan20241026t103729c00s4001-C,tan20241026t103729c00s4001,0,0.018011540325266244,0.48028329461511193
559245,tan20241026t103729c00s4001-F,tan20241026t103729c00s4001,0,0.12028908491676554,0.48028329461511193
559247,tan20241026t103729c00s4001-F,tan20241026t103729c00s4001,0,0.00895269801004784,0.48028329461511193
559250,tan20241026t103729c00s4001-C,tan20241026t103729c00s4001,0,0.025318595344966242,0.48028329461511193
559258,tan20241026t103729c00s4001-C,tan20241026t103729c00s4001,0,0.3818283758248345,0.48028329461511193
559259,tan20241026t103729c00s4001-F,tan20241026t103729c00s4001,0,0.009532218735105935,0.48028329461511193
559263,tan20241026t103729c00s4001-F,tan20241026t103729c00s4001,0,0.17344583883448922,0.48028329461511193
559265,tan20241026t103729c00s4001-F,tan20241026t103729c00s4001,0,0.04428827055154563,0.48028329461511193
559269,tan20241026t103729c00s4001-O,tan20241026t103729c00s4001,1,0.46963732414458076,0.48028329461511193
559271,tan20241026t103729c00s4001-O,tan20241026t103729c00s4001,1,0.06828317374495418,0.48028329461511193
559272,tan20241026t103729c00s4001-O,tan20241026t103729c00s4001,1,0.06828317374495418,0.48028329461511193
559274,tan20241105t034128c00s4001-B,tan20241105t034128c00s4001,1,0.5106400840294183,0.48028329461511193
559276,tan20241105t034128c00s4001-B,tan20241105t034128c00s4001,1,0.11448700369883259,0.48028329461511193
559278,tan20241105t034128c00s4001-B,tan20241105t034128c00s4001,1,0.1570982435094585,0.48028329461511193
559280,tan20241105t034128c00s4001-B,tan20241105t034128c00s4001,1,0.22275433865146874,0.48028329461511193
559282,tan20241105t034128c00s4001-B,tan20241105t034128c00s4001,1,0.6093406586572669,0.48028329461511193
559284,tan20241105t034128c00s4001-B,tan20241105t034128c00s4001,1,0.18535170562947872,0.48028329461511193
559286,tan20241105t034128c00s4001-B,tan20241105t034128c00s4001,1,0.1746977380417864,0.48028329461511193
559288,tan20241105t034128c00s4001-B,tan20241105t034128c00s4001,1,0.45595268781515685,0.48028329461511193
559289,tan20241026t103729c00s4001-O,tan20241026t103729c00s4001,1,0.4549760988667344,0.48028329461511193
559290,tan20241105t034128c00s4001-B,tan20241105t034128c00s4001,1,0.0913312734480822,0.48028329461511193
559291,tan20241026t103729c00s4001-O,tan20241026t103729c00s4001,1,0.2894365683596369,0.48028329461511193
559292,tan20241105t034128c00s4001-B,tan20241105t034128c00s4001,1,0.13780872803378452,0.48028329461511193
559293,tan20241026t103729c00s4001-O,tan20241026t103729c00s4001,1,0.6771710553593601,0.48028329461511193
559294,tan20241105t034128c00s4001-B,tan20241105t034128c00s4001,1,0.28605361993679207,0.48028329461511193
559295,tan20241026t103729c00s4001-O,tan20241026t103729c00s4001,0,0.31304978939553685,0.48028329461511193
559296,tan20241105t034128c00s4001-B,tan20241105t034128c00s4001,1,0.16505420466721873,0.48028329461511193
559298,tan20241105t034128c00s4001-B,tan20241105t034128c00s4001,1,0.2812647390132154,0.48028329461511193
559299,tan20241026t103729c00s4001-O,tan20241026t103729c00s4001,0,0.21689362309756854,0.48028329461511193
559300,tan20241105t034128c00s4001-B,tan20241105t034128c00s4001,1,0.06103767672295323,0.48028329461511193
559302,tan20241105t034128c00s4001-B,tan20241105t034128c00s4001,1,0.2787505790645106,0.48028329461511193
559304,tan20241105t034128c00s4001-B,tan20241105t034128c00s4001,1,0.11963916110044641,0.48028329461511193
559307,tan20241105t034128c00s4001-B,tan20241105t034128c00s4001,0,0.6715946393002157,0.48028329461511193
559308,tan20241026t103729c00s4001-O,tan20241026t103729c00s4001,0,0.3969397319988798,0.48028329461511193
559309,tan20241105t034128c00s4001-B,tan20241105t034128c00s4001,0,0.25143732433137667,0.48028329461511193
559311,tan20241105t034128c00s4001-B,tan20241105t034128c00s4001,0,0.0051189352176371095,0.48028329461511193
559313,tan20241105t034128c00s4001-B,tan20241105t034128c00s4001,0,0.006123730249453879,0.48028329461511193
559315,tan20241105t034128c00s4001-B,tan20241105t034128c00s4001,0,0.007077227860968373,0.48028329461511193
559317,tan20241105t034128c00s4001-B,tan20241105t034128c00s4001,0,0.07082455067226984,0.48028329461511193
559319,tan20241105t034128c00s4001-B,tan20241105t034128c00s4001,0,0.005781159102522132,0.48028329461511193
559321,tan20241105t034128c00s4001-B,tan20241105t034128c00s4001,0,0.006402526721821659,0.48028329461511193
559323,tan20241105t034128c00s4001-B,tan20241105t034128c00s4001,0,0.4071706767825728,0.48028329461511193
559325,tan20241105t034128c00s4001-B,tan20241105t034128c00s4001,0,0.021594649491432697,0.48028329461511193
559327,tan20241105t034128c00s4001-B,tan20241105t034128c00s4001,0,0.6620493176169876,0.48028329461511193
559328,tan20241105t034128c00s4001-B,tan20241105t034128c00s4001,0,0.01847849952941086,0.48028329461511193
559329,tan20241105t034128c00s4001-B,tan20241105t034128c00s4001,0,0.017444654220767953,0.48028329461511193
559333,tan20241105t034128c00s4001-B,tan20241105t034128c00s4001,0,0.09959551129414747,0.48028329461511193
559334,tan20241105t034128c00s4001-B,tan20241105t034128c00s4001,0,0.042123663898742524,0.48028329461511193
559335,tan20241105t034128c00s4001-B,tan20241105t034128c00s4001,0,0.0069976122934391205,0.48028329461511193
559336,tan20241111t103920c00s4001-E,tan20241111t103920c00s4001,1,0.7135128506441606,0.48028329461511193
559341,tan20241111t103920c00s4001-E,tan20241111t103920c00s4001,1,0.45313957462187876,0.48028329461511193
559342,tan20241111t103920c00s4001-F,tan20241111t103920c00s4001,1,0.3126208149640672,0.48028329461511193
559343,tan20241111t103920c00s4001-E,tan20241111t103920c00s4001,1,0.737325642103149,0.48028329461511193
559344,tan20241111t103920c00s4001-F,tan20241111t103920c00s4001,1,0.11268354902640527,0.48028329461511193
559348,tan20241111t103920c00s4001-F,tan20241111t103920c00s4001,1,0.2234421360657028,0.48028329461511193
559349,tan20241111t103920c00s4001-E,tan20241111t103920c00s4001,1,0.673263455404639,0.48028329461511193
559353,tan20241111t103920c00s4001-E,tan20241111t103920c00s4001,1,0.9319839066601102,0.48028329461511193
559354,tan20241111t103920c00s4001-F,tan20241111t103920c00s4001,1,0.30134909253499237,0.48028329461511193
559355,tan20241111t103920c00s4001-E,tan20241111t103920c00s4001,1,0.9136568235051205,0.48028329461511193
559356,tan20241111t103920c00s4001-F,tan20241111t103920c00s4001,1,0.1346422729853852,0.48028329461511193
559362,tan20241111t103920c00s4001-F,tan20241111t103920c00s4001,1,0.1701169273087014,0.48028329461511193
559364,tan20241111t103920c00s4001-F,tan20241111t103920c00s4001,1,0.1091898635038592,0.48028329461511193
559365,tan20241111t103920c00s4001-E,tan20241111t103920c00s4001,1,0.5711434297131465,0.48028329461511193
559366,tan20241111t103920c00s4001-F,tan20241111t103920c00s4001,1,0.11713772576031269,0.48028329461511193
559368,tan20241111t103920c00s4001-F,tan20241111t103920c00s4001,1,0.4528426868035428,0.48028329461511193
559370,tan20241111t103920c00s4001-F,tan20241111t103920c00s4001,0,0.9551733764268739,0.48028329461511193
559371,tan20241111t103920c00s4001-E,tan20241111t103920c00s4001,0,0.028246025997133564,0.48028329461511193
559372,tan20241111t103920c00s4001-F,tan20241111t103920c00s4001,0,0.24027391911666088,0.48028329461511193
559373,tan20241111t103920c00s4001-E,tan20241111t103920c00s4001,0,0.5799688194745162,0.48028329461511193
559375,tan20241111t103920c00s4001-E,tan20241111t103920c00s4001,0,0.035339706305439596,0.48028329461511193
559377,tan20241111t103920c00s4001-E,tan20241111t103920c00s4001,0,0.00797993107835083,0.48028329461511193
559379,tan20241111t103920c00s4001-E,tan20241111t103920c00s4001,0,0.5420228127354457,0.48028329461511193
559385,tan20241111t103920c00s4001-E,tan20241111t103920c00s4001,0,0.05407783196303998,0.48028329461511193
559386,tan20241111t103920c00s4001-F,tan20241111t103920c00s4001,0,0.7642001906233319,0.48028329461511193
559387,tan20241111t103920c00s4001-E,tan20241111t103920c00s4001,0,0.22503701000498882,0.48028329461511193
559389,tan20241111t103920c00s4001-E,tan20241111t103920c00s4001,0,0.026581295205616366,0.48028329461511193
559390,tan20241111t103920c00s4001-F,tan20241111t103920c00s4001,0,0.0774908495690572,0.48028329461511193
559392,tan20241111t103920c00s4001-F,tan20241111t103920c00s4001,0,0.5135463310446796,0.48028329461511193
559395,tan20241111t103920c00s4001-E,tan20241111t103920c00s4001,0,0.45539325083992405,0.48028329461511193
559396,tan20241111t103920c00s4001-F,tan20241111t103920c00s4001,0,0.15557790274079317,0.48028329461511193
559399,tan20241111t103920c00s4001-F,tan20241111t103920c00s4001,0,0.4992671911957144,0.48028329461511193
559504,tan20241202t032459c00s4001-D,tan20241202t032459c00s4001,0,0.0061201396835160035,0.48028329461511193
559505,tan20241202t032459c00s4001-C,tan20241202t032459c00s4001,1,0.9414174436882082,0.48028329461511193
559523,tan20241202t032459c00s4001-C,tan20241202t032459c00s4001,1,0.927963650186836,0.48028329461511193
559566,tan20241202t032459c00s4001-C,tan20241202t032459c00s4001,1,0.9575635692515406,0.48028329461511193
559628,tan20241202t032459c00s4001-C,tan20241202t032459c00s4001,1,0.9628622300246144,0.48028329461511193
559683,tan20241202t032459c00s4001-D,tan20241202t032459c00s4001,0,0.3734542339826486,0.48028329461511193
559684,tan20241202t032459c00s4001-C,tan20241202t032459c00s4001,1,0.9261565843475686,0.48028329461511193
559709,tan20241202t032459c00s4001-C,tan20241202t032459c00s4001,1,0.9498834457236613,0.48028329461511193
559710,tan20241202t032459c00s4001-C,tan20241202t032459c00s4001,1,0.910857519611949,0.48028329461511193
559821,tan20241202t032459c00s4001-H,tan20241202t032459c00s4001,0,0.7366136201807986,0.48028329461511193
559822,tan20241202t032459c00s4001-C,tan20241202t032459c00s4001,1,0.9662191813726979,0.48028329461511193
559824,tan20241202t032459c00s4001-C,tan20241202t032459c00s4001,1,0.9502169560914837,0.48028329461511193
559834,tan20241202t032459c00s4001-H,tan20241202t032459c00s4001,0,0.6349599602297081,0.48028329461511193
559861,tan20241202t032459c00s4001-C,tan20241202t032459c00s4001,0,0.08916145720602546,0.48028329461511193
559865,tan20241202t032459c00s4001-H,tan20241202t032459c00s4001,0,0.6281118100996556,0.48028329461511193
559866,tan20241202t032459c00s4001-C,tan20241202t032459c00s4001,0,0.05157087285235938,0.48028329461511193
559888,tan20241202t032459c00s4001-C,tan20241202t032459c00s4001,0,0.5971112917440052,0.48028329461511193
559890,tan20241202t032459c00s4001-C,tan20241202t032459c00s4001,0,0.5610885414766557,0.48028329461511193
559891,tan20241202t032459c00s4001-C,tan20241202t032459c00s4001,0,0.9065089389860523,0.48028329461511193
559892,tan20241202t032459c00s4001-C,tan20241202t032459c00s4001,0,0.011678034185975654,0.48028329461511193
559895,tan20241202t032459c00s4001-N,tan20241202t032459c00s4001,1,0.8537897854342202,0.48028329461511193
559898,tan20241202t032459c00s4001-N,tan20241202t032459c00s4001,1,0.5465905182792098,0.48028329461511193
559900,tan20241202t032459c00s4001-N,tan20241202t032459c00s4001,1,0.6735765418541372,0.48028329461511193
559901,tan20241203t073043c00s4001-C,tan20241203t073043c00s4001,1,0.7574090370512915,0.48028329461511193
559907,tan20241203t073043c00s4001-C,tan20241203t073043c00s4001,1,0.6190327847094194,0.48028329461511193
559908,tan20241202t032459c00s4001-N,tan20241202t032459c00s4001,1,0.8995973282903323,0.48028329461511193
559912,tan20241202t032459c00s4001-N,tan20241202t032459c00s4001,1,0.6549828476246757,0.48028329461511193
559916,tan20241202t032459c00s4001-N,tan20241202t032459c00s4001,1,0.7042947142845185,0.48028329461511193
559917,tan20241203t073043c00s4001-C,tan20241203t073043c00s4001,1,0.7685227211829619,0.48028329461511193
559920,tan20241202t032459c00s4001-N,tan20241202t032459c00s4001,1,0.6032375530478506,0.48028329461511193
559926,tan20241202t032459c00s4001-N,tan20241202t032459c00s4001,0,0.0020391126079702037,0.48028329461511193
559928,tan20241202t032459c00s4001-N,tan20241202t032459c00s4001,0,0.021074475654013092,0.48028329461511193
559929,tan20241203t073043c00s4001-C,tan20241203t073043c00s4001,1,0.5902653081020619,0.48028329461511193
559937,tan20241202t032459c00s4001-N,tan20241202t032459c00s4001,0,0.05085308238026217,0.48028329461511193
559943,tan20241202t032459c00s4001-N,tan20241202t032459c00s4001,0,0.022381505860385016,0.48028329461511193
559949,tan20241203t073043c00s4001-C,tan20241203t073043c00s4001,0,0.6791347422803602,0.48028329461511193
559960,tan20241202t032459c00s4001-N,tan20241202t032459c00s4001,0,0.018753121254738745,0.48028329461511193
559969,tan20241203t073043c00s4001-C,tan20241203t073043c00s4001,0,0.5588500977972701,0.48028329461511193
559974,tan20241203t073043c00s4001-C,tan20241203t073043c00s4001,0,0.11233011508000136,0.48028329461511193
559976,tan20241203t073043c00s4001-C,tan20241203t073043c00s4001,0,0.44203765913138937,0.48028329461511193
559980,tan20241203t073043c00s4001-G,tan20241203t073043c00s4001,1,0.7007610510321464,0.48028329461511193
559982,tan20241203t073043c00s4001-J,tan20241203t073043c00s4001,1,0.5156026721894444,0.48028329461511193
559989,tan20241203t073043c00s4001-G,tan20241203t073043c00s4001,1,0.7214160823579943,0.48028329461511193
559990,tan20241203t073043c00s4001-J,tan20241203t073043c00s4001,1,0.7062405777193249,0.48028329461511193
559991,tan20241203t073043c00s4001-G,tan20241203t073043c00s4001,1,0.48195629098129844,0.48028329461511193
559992,tan20241203t073043c00s4001-J,tan20241203t073043c00s4001,1,0.4702173104666307,0.48028329461511193
559993,tan20241203t073043c00s4001-G,tan20241203t073043c00s4001,1,0.5153263798743678,0.48028329461511193
559994,tan20241203t073043c00s4001-J,tan20241203t073043c00s4001,1,0.4412998484479227,0.48028329461511193
559996,tan20241203t073043c00s4001-J,tan20241203t073043c00s4001,1,0.5606945462219983,0.48028329461511193
559997,tan20241203t073043c00s4001-G,tan20241203t073043c00s4001,1,0.5951976008631927,0.48028329461511193
560003,tan20241203t073043c00s4001-J,tan20241203t073043c00s4001,1,0.6168092794673189,0.48028329461511193
560006,tan20241203t073043c00s4001-G,tan20241203t073043c00s4001,1,0.5941307608122782,0.48028329461511193
560014,tan20241203t073043c00s4001-G,tan20241203t073043c00s4001,0,0.349139952749152,0.48028329461511193
560016,tan20241203t073043c00s4001-G,tan20241203t073043c00s4001,0,0.15586988977716817,0.48028329461511193
560021,tan20241203t073043c00s4001-J,tan20241203t073043c00s4001,0,0.687956087537147,0.48028329461511193
560022,tan20241203t073043c00s4001-G,tan20241203t073043c00s4001,0,0.32603508123598146,0.48028329461511193
560023,tan20241203t073043c00s4001-J,tan20241203t073043c00s4001,0,0.5780293003519578,0.48028329461511193
560025,tan20241203t073043c00s4001-J,tan20241203t073043c00s4001,0,0.5500840287914491,0.48028329461511193
560027,tan20241203t073043c00s4001-J,tan20241203t073043c00s4001,0,0.15280399445104217,0.48028329461511193
560032,tan20241203t073043c00s4001-G,tan20241203t073043c00s4001,0,0.4836718129649431,0.48028329461511193
560035,tan20241203t073043c00s4001-J,tan20241203t073043c00s4001,0,0.31312056185374826,0.48028329461511193
560037,tan20241203t073043c00s4001-J,tan20241203t073043c00s4001,0,0.7722949831279193,0.48028329461511193
560040,tan20241203t073043c00s4001-J,tan20241203t073043c00s4001,0,0.76584768777315,0.48028329461511193
560041,tan20241203t073043c00s4001-J,tan20241203t073043c00s4001,0,0.14143834671621067,0.48028329461511193
560047,tan20241217t064857c00s4001-E,tan20241217t064857c00s4001,1,0.23022879067717222,0.48028329461511193
560051,tan20241217t064857c00s4001-E,tan20241217t064857c00s4001,1,0.42748882864939985,0.48028329461511193
560052,tan20241217t064857c00s4001-B,tan20241217t064857c00s4001,1,0.14317805369492137,0.48028329461511193
560053,tan20241217t064857c00s4001-E,tan20241217t064857c00s4001,1,0.3629778006327179,0.48028329461511193
560054,tan20241217t064857c00s4001-B,tan20241217t064857c00s4001,1,0.2911894678796362,0.48028329461511193
560055,tan20241217t064857c00s4001-E,tan20241217t064857c00s4001,1,0.8868478702054376,0.48028329461511193
560056,tan20241217t064857c00s4001-B,tan20241217t064857c00s4001,1,0.303320547096977,0.48028329461511193
560058,tan20241217t064857c00s4001-B,tan20241217t064857c00s4001,1,0.5080872575909869,0.48028329461511193
560060,tan20241217t064857c00s4001-B,tan20241217t064857c00s4001,1,0.25042152880148305,0.48028329461511193
560062,tan20241217t064857c00s4001-B,tan20241217t064857c00s4001,1,0.34433895421312194,0.48028329461511193
560064,tan20241217t064857c00s4001-B,tan20241217t064857c00s4001,1,0.7313041081578137,0.48028329461511193
560066,tan20241217t064857c00s4001-B,tan20241217t064857c00s4001,1,0.09945216443425714,0.48028329461511193
560067,tan20241217t064857c00s4001-E,tan20241217t064857c00s4001,1,0.8401073458671562,0.48028329461511193
560068,tan20241217t064857c00s4001-B,tan20241217t064857c00s4001,1,0.6700956332925674,0.48028329461511193
560069,tan20241217t064857c00s4001-E,tan20241217t064857c00s4001,1,0.37485953278735484,0.48028329461511193
560072,tan20241217t064857c00s4001-B,tan20241217t064857c00s4001,1,0.18082449719597368,0.48028329461511193
560077,tan20241217t064857c00s4001-E,tan20241217t064857c00s4001,0,0.009478907100170544,0.48028329461511193
560078,tan20241217t064857c00s4001-B,tan20241217t064857c00s4001,0,0.00514139956216774,0.48028329461511193
560079,tan20241217t064857c00s4001-E,tan20241217t064857c00s4001,0,0.07811388001298036,0.48028329461511193
560081,tan20241217t064857c00s4001-E,tan20241217t064857c00s4001,0,0.1231151050106896,0.48028329461511193
560082,tan20241217t064857c00s4001-B,tan20241217t064857c00s4001,0,0.09963309693412446,0.48028329461511193
560083,tan20241217t064857c00s4001-E,tan20241217t064857c00s4001,0,0.0663568087962191,0.48028329461511193
560086,tan20241217t064857c00s4001-B,tan20241217t064857c00s4001,0,0.1129289182235624,0.48028329461511193
560089,tan20241217t064857c00s4001-E,tan20241217t064857c00s4001,0,0.03112504392318109,0.48028329461511193
560094,tan20241217t064857c00s4001-B,tan20241217t064857c00s4001,0,0.49337368621291655,0.48028329461511193
560095,tan20241217t064857c00s4001-E,tan20241217t064857c00s4001,0,0.022871306223554027,0.48028329461511193
560096,tan20241217t064857c00s4001-B,tan20241217t064857c00s4001,0,0.019414800296575285,0.48028329461511193
560097,tan20241217t064857c00s4001-E,tan20241217t064857c00s4001,0,0.06551605407684408,0.48028329461511193
560098,tan20241217t064857c00s4001-B,tan20241217t064857c00s4001,0,0.13322043329621616,0.48028329461511193
560101,tan20241217t064857c00s4001-E,tan20241217t064857c00s4001,0,0.09910594629114267,0.48028329461511193
560102,tan20241217t064857c00s4001-B,tan20241217t064857c00s4001,0,0.03512111791312732,0.48028329461511193
560106,tan20241217t064857c00s4001-E,tan20241217t064857c00s4001,0,0.015087281651727848,0.48028329461511193
560254,tan20241225t032551c00s4001-H,tan20241225t032551c00s4001,0,0.6410851891876999,0.48028329461511193
560720,tan20241225t032551c00s4001-D,tan20241225t032551c00s4001,1,0.8192418526131625,0.48028329461511193
560722,tan20241225t032551c00s4001-J,tan20241225t032551c00s4001,1,0.8791520550739287,0.48028329461511193
560730,tan20241225t032551c00s4001-J,tan20241225t032551c00s4001,1,0.7575635854653033,0.48028329461511193
560735,tan20241225t032551c00s4001-J,tan20241225t032551c00s4001,1,0.22153759459368108,0.48028329461511193
560741,tan20241225t032551c00s4001-D,tan20241225t032551c00s4001,0,0.8552421354984275,0.48028329461511193
560744,tan20241225t032551c00s4001-J,tan20241225t032551c00s4001,1,0.5154594685491404,0.48028329461511193
560753,tan20241225t032551c00s4001-J,tan20241225t032551c00s4001,1,0.7767175550643562,0.48028329461511193
560759,tan20241225t032551c00s4001-J,tan20241225t032551c00s4001,0,0.2545188488652266,0.48028329461511193
560761,tan20241225t032551c00s4001-J,tan20241225t032551c00s4001,0,0.09731589746207223,0.48028329461511193
560762,tan20241225t032551c00s4001-L,tan20241225t032551c00s4001,1,0.9267659831136689,0.48028329461511193
560764,tan20241225t032551c00s4001-L,tan20241225t032551c00s4001,1,0.911544266091215,0.48028329461511193
560772,tan20241225t032551c00s4001-L,tan20241225t032551c00s4001,1,0.8917432542098948,0.48028329461511193
560777,tan20241225t032551c00s4001-J,tan20241225t032551c00s4001,0,0.007395825548228902,0.48028329461511193
560782,tan20241225t032551c00s4001-L,tan20241225t032551c00s4001,1,0.9187916151391511,0.48028329461511193
560783,tan20241225t032551c00s4001-J,tan20241225t032551c00s4001,0,0.9463989541434836,0.48028329461511193
560785,tan20241225t032551c00s4001-J,tan20241225t032551c00s4001,0,0.45082872267707863,0.48028329461511193
560798,tan20241225t032551c00s4001-M,tan20241225t032551c00s4001,1,0.8167405574176559,0.48028329461511193
560799,tan20241225t032551c00s4001-L,tan20241225t032551c00s4001,0,0.1561057731340133,0.48028329461511193
560804,tan20241225t032551c00s4001-M,tan20241225t032551c00s4001,1,0.5977490891488006,0.48028329461511193
560809,tan20241225t032551c00s4001-M,tan20241225t032551c00s4001,1,0.6133200001523295,0.48028329461511193
560822,tan20241225t032551c00s4001-M,tan20241225t032551c00s4001,1,0.7861968125896658,0.48028329461511193
560828,tan20241225t032551c00s4001-M,tan20241225t032551c00s4001,0,0.5781456769819845,0.48028329461511193
560831,tan20241225t032551c00s4001-N,tan20241225t032551c00s4001,1,0.10678512956050652,0.48028329461511193
560850,tan20241225t032551c00s4001-M,tan20241225t032551c00s4001,0,0.4406577052554719,0.48028329461511193
560856,tan20241225t032551c00s4001-M,tan20241225t032551c00s4001,0,0.2953861358214449,0.48028329461511193
560857,tan20241225t032551c00s4001-N,tan20241225t032551c00s4001,1,0.38624187843430136,0.48028329461511193
560860,tan20241226t060035c00s4001-A,tan20241226t060035c00s4001,1,0.16245228823669278,0.48028329461511193
560861,tan20241225t032551c00s4001-N,tan20241225t032551c00s4001,0,0.12899173670642738,0.48028329461511193
560863,tan20241225t032551c00s4001-N,tan20241225t032551c00s4001,0,0.08773105582537336,0.48028329461511193
560864,tan20241226t060035c00s4001-A,tan20241226t060035c00s4001,1,0.8486216967625617,0.48028329461511193
560868,tan20241226t060035c00s4001-A,tan20241226t060035c00s4001,1,0.07423595065499483,0.48028329461511193
560870,tan20241226t060035c00s4001-A,tan20241226t060035c00s4001,1,0.21717379341213275,0.48028329461511193
560871,tan20241225t032551c00s4001-N,tan20241225t032551c00s4001,0,0.7471682509444462,0.48028329461511193
560872,tan20241226t060035c00s4001-A,tan20241226t060035c00s4001,1,0.08333274414718787,0.48028329461511193
560875,tan20241225t032551c00s4001-N,tan20241225t032551c00s4001,0,0.16963139967542792,0.48028329461511193
560876,tan20241226t060035c00s4001-A,tan20241226t060035c00s4001,1,0.11594406600145271,0.48028329461511193
560882,tan20241226t060035c00s4001-A,tan20241226t060035c00s4001,1,0.079953174562459,0.48028329461511193
560885,tan20241225t032551c00s4001-N,tan20241225t032551c00s4001,0,0.04242569058356946,0.48028329461511193
560886,tan20241226t060035c00s4001-A,tan20241226t060035c00s4001,1,0.6981029030959527,0.48028329461511193
560890,tan20241226t060035c00s4001-A,tan20241226t060035c00s4001,0,0.13949601437191553,0.48028329461511193
560891,tan20241226t060035c00s4001-A,tan20241226t060035c00s4001,0,0.18053259756478662,0.48028329461511193
560892,tan20241226t060035c00s4001-B,tan20241226t060035c00s4001,1,0.004293927665348436,0.48028329461511193
560895,tan20241226t060035c00s4001-A,tan20241226t060035c00s4001,0,0.005293523576398266,0.48028329461511193
560897,tan20241226t060035c00s4001-A,tan20241226t060035c00s4001,0,0.012080408857991795,0.48028329461511193
560899,tan20241226t060035c00s4001-A,tan20241226t060035c00s4001,0,0.0017363441294060212,0.48028329461511193
560901,tan20241226t060035c00s4001-A,tan20241226t060035c00s4001,0,0.0529919003042748,0.48028329461511193
560902,tan20241226t060035c00s4001-B,tan20241226t060035c00s4001,1,0.009837036394375479,0.48028329461511193
560903,tan20241226t060035c00s4001-A,tan20241226t060035c00s4001,0,0.172961327277053,0.48028329461511193
560904,tan20241226t060035c00s4001-B,tan20241226t060035c00s4001,1,0.00591728532287214,0.48028329461511193
560906,tan20241226t060035c00s4001-B,tan20241226t060035c00s4001,1,0.003063087105318917,0.48028329461511193
560908,tan20241226t060035c00s4001-B,tan20241226t060035c00s4001,1,0.004376663723555145,0.48028329461511193
560914,tan20241226t060035c00s4001-B,tan20241226t060035c00s4001,1,0.005298801136351472,0.48028329461511193
560916,tan20241226t060035c00s4001-B,tan20241226t060035c00s4001,1,0.00517116533409587,0.48028329461511193
560917,tan20241226t060035c00s4001-A,tan20241226t060035c00s4001,0,0.005136357203032682,0.48028329461511193
560918,tan20241226t060035c00s4001-B,tan20241226t060035c00s4001,1,0.007170771937221132,0.48028329461511193
561225,tan20241226t060035c00s4001-B,tan20241226t060035c00s4001,0,0.059180080210642805,0.48028329461511193
561405,tan20241226t060035c00s4001-E,tan20241226t060035c00s4001,0,0.10676849975686604,0.48028329461511193
561406,tan20241226t060035c00s4001-B,tan20241226t060035c00s4001,0,0.1595742495290765,0.48028329461511193
561510,tan20241226t060035c00s4001-B,tan20241226t060035c00s4001,0,0.005878139079942165,0.48028329461511193
561833,tan20241226t060035c00s4001-B,tan20241226t060035c00s4001,0,0.42282015273002743,0.48028329461511193
562134,tan20241226t060035c00s4001-B,tan20241226t060035c00s4001,0,0.41553510186745557,0.48028329461511193
562135,tan20241226t060035c00s4001-B,tan20241226t060035c00s4001,0,0.024368160737998714,0.48028329461511193
562136,tan20241226t060035c00s4001-B,tan20241226t060035c00s4001,0,0.07082202923936938,0.48028329461511193
562415,tan20241230t081533c00s4001-A,tan20241230t081533c00s4001,0,0.003197867035837314,0.48028329461511193
562894,tan20250103t163512c00s4001-A,tan20250103t163512c00s4001,0,0.4755273054385098,0.48028329461511193
563735,tan20250122t151345c00s4001-A,tan20250122t151345c00s4001,0,0.03364712281283978,0.48028329461511193
563736,tan20250122t151345c00s4001-A,tan20250122t151345c00s4001,0,0.2613072398256865,0.48028329461511193
563737,tan20250122t151345c00s4001-A,tan20250122t151345c00s4001,0,0.17383911233298477,0.48028329461511193
563739,tan20250122t151345c00s4001-A,tan20250122t151345c00s4001,0,0.008381578052088546,0.48028329461511193
563852,tan20250127t174657c00s4001-C,tan20250127t174657c00s4001,0,0.010036518054576091,0.48028329461511193
563854,tan20250122t151345c00s4001-A,tan20250122t151345c00s4001,0,0.0009557519403734983,0.48028329461511193
563862,tan20250127t174657c00s4001-C,tan20250127t174657c00s4001,0,0.05401613512937518,0.48028329461511193
563865,tan20250122t151345c00s4001-A,tan20250122t151345c00s4001,0,0.44085173237528696,0.48028329461511193
563877,tan20250127t174657c00s4001-C,tan20250127t174657c00s4001,0,0.6169537592046206,0.48028329461511193
563879,tan20250122t151345c00s4001-A,tan20250122t151345c00s4001,0,0.2905965128101186,0.48028329461511193
563931,tan20250127t174657c00s4001-C,tan20250127t174657c00s4001,0,0.014462885093114313,0.48028329461511193
563932,tan20250122t151345c00s4001-A,tan20250122t151345c00s4001,0,0.003558930864337398,0.48028329461511193
563974,tan20250127t174657c00s4001-C,tan20250127t174657c00s4001,0,0.0014694327634631479,0.48028329461511193
563977,tan20250122t151345c00s4001-A,tan20250122t151345c00s4001,0,0.0021576631969209906,0.48028329461511193
563978,tan20250127t174657c00s4001-C,tan20250127t174657c00s4001,0,0.6920312940183745,0.48028329461511193
563980,tan20250122t151345c00s4001-A,tan20250122t151345c00s4001,0,0.19492423211581303,0.48028329461511193
564007,tan20250127t174657c00s4001-C,tan20250127t174657c00s4001,0,0.0019177650203980145,0.48028329461511193
564009,tan20250122t151345c00s4001-A,tan20250122t151345c00s4001,0,0.0625846698704323,0.48028329461511193
564041,tan20250127t174657c00s4001-C,tan20250127t174657c00s4001,0,0.06161246080138812,0.48028329461511193
564043,tan20250122t151345c00s4001-A,tan20250122t151345c00s4001,0,0.001554428909811062,0.48028329461511193
564055,tan20250127t174657c00s4001-C,tan20250127t174657c00s4001,0,0.8956821141870237,0.48028329461511193
564062,tan20250122t151345c00s4001-A,tan20250122t151345c00s4001,0,0.0024709159286517243,0.48028329461511193
564064,tan20250122t151345c00s4001-A,tan20250122t151345c00s4001,0,0.006140138726625282,0.48028329461511193
564065,tan20250122t151345c00s4001-A,tan20250122t151345c00s4001,0,0.056308400430255305,0.48028329461511193
564072,tan20250122t151345c00s4001-A,tan20250122t151345c00s4001,0,0.0007749847525112647,0.48028329461511193
564201,tan20250131t181317c00s4001-E,tan20250131t181317c00s4001,0,0.20732235883455027,0.48028329461511193
564213,tan20250131t181317c00s4001-E,tan20250131t181317c00s4001,0,0.829345368308974,0.48028329461511193
564215,tan20250131t181317c00s4001-E,tan20250131t181317c00s4001,0,0.18370887697519953,0.48028329461511193
564257,tan20250131t181317c00s4001-E,tan20250131t181317c00s4001,0,0.016054215886077906,0.48028329461511193
564439,tan20250131t181317c00s4001-F,tan20250131t181317c00s4001,0,0.12131255994604427,0.48028329461511193
564509,tan20250131t181317c00s4001-E,tan20250131t181317c00s4001,0,0.8400896535791869,0.48028329461511193
564574,tan20250131t181317c00s4001-F,tan20250131t181317c00s4001,0,0.39455081713332574,0.48028329461511193
564616,tan20250131t181317c00s4001-E,tan20250131t181317c00s4001,0,0.7244489327515076,0.48028329461511193
564660,tan20250131t181317c00s4001-F,tan20250131t181317c00s4001,0,0.32413357513417057,0.48028329461511193
565110,tan20250131t181317c00s4001-M,tan20250131t181317c00s4001,0,0.03113824493311685,0.48028329461511193
565129,tan20250131t181317c00s4001-M,tan20250131t181317c00s4001,0,0.7962779008653716,0.48028329461511193
565478,tan20250131t181317c00s4001-M,tan20250131t181317c00s4001,0,0.1678140236505726,0.48028329461511193
565486,tan20250131t181317c00s4001-M,tan20250131t181317c00s4001,0,0.289831396444348,0.48028329461511193
565706,tan20250201t094444c00s4001-B,tan20250201t094444c00s4001,0,0.013022573968508462,0.48028329461511193
565714,tan20250131t181317c00s4001-M,tan20250131t181317c00s4001,0,0.012983367490837791,0.48028329461511193
565757,tan20250201t094444c00s4001-B,tan20250201t094444c00s4001,0,0.0061462526185906835,0.48028329461511193
565794,tan20250201t094444c00s4001-B,tan20250201t094444c00s4001,0,0.01224991061726761,0.48028329461511193
565843,tan20250131t181317c00s4001-M,tan20250131t181317c00s4001,0,0.25086256577658,0.48028329461511193
565869,tan20250131t181317c00s4001-M,tan20250131t181317c00s4001,0,0.9700970282253945,0.48028329461511193
566173,tan20250202t165233c00s4001-A,tan20250202t165233c00s4001,1,0.8005060585902818,0.48028329461511193
566174,tan20250202t165233c00s4001-A,tan20250202t165233c00s4001,1,0.9187575086502251,0.48028329461511193
566175,tan20250202t165233c00s4001-A,tan20250202t165233c00s4001,1,0.5437137786990115,0.48028329461511193
566176,tan20250202t165233c00s4001-A,tan20250202t165233c00s4001,1,0.8778462638138995,0.48028329461511193
566177,tan20250202t165233c00s4001-A,tan20250202t165233c00s4001,1,0.3634910644889439,0.48028329461511193
566178,tan20250202t165233c00s4001-A,tan20250202t165233c00s4001,1,0.0848488063445006,0.48028329461511193
566479,tan20250202t165233c00s4001-A,tan20250202t165233c00s4001,1,0.6620891209772852,0.48028329461511193
566480,tan20250202t165233c00s4001-A,tan20250202t165233c00s4001,1,0.8133413269410413,0.48028329461511193
566482,tan20250202t165233c00s4001-A,tan20250202t165233c00s4001,1,0.23501548842723052,0.48028329461511193
566484,tan20250202t165233c00s4001-A,tan20250202t165233c00s4001,1,0.8959660976788038,0.48028329461511193
566486,tan20250202t165233c00s4001-A,tan20250202t165233c00s4001,1,0.5480198649127523,0.48028329461511193
566488,tan20250202t165233c00s4001-A,tan20250202t165233c00s4001,1,0.8439026710688741,0.48028329461511193
566490,tan20250202t165233c00s4001-A,tan20250202t165233c00s4001,1,0.6620891209772852,0.48028329461511193
566491,tan20250203t034534c00s4001-C,tan20250203t034534c00s4001,1,0.9381984270830781,0.48028329461511193
566492,tan20250202t165233c00s4001-A,tan20250202t165233c00s4001,1,0.2836984167041734,0.48028329461511193
566494,tan20250202t165233c00s4001-A,tan20250202t165233c00s4001,1,0.8844456438694104,0.48028329461511193
566496,tan20250202t165233c00s4001-A,tan20250202t165233c00s4001,1,0.39272616368796237,0.48028329461511193
566498,tan20250202t165233c00s4001-A,tan20250202t165233c00s4001,0,0.001310920647038474,0.48028329461511193
566500,tan20250202t165233c00s4001-A,tan20250202t165233c00s4001,0,0.0015718132727600737,0.48028329461511193
566502,tan20250202t165233c00s4001-A,tan20250202t165233c00s4001,0,0.0018079437100746876,0.48028329461511193
566504,tan20250202t165233c00s4001-A,tan20250202t165233c00s4001,0,0.0015846578632517717,0.48028329461511193
566506,tan20250202t165233c00s4001-A,tan20250202t165233c00s4001,0,0.10495136923355558,0.48028329461511193
566508,tan20250202t165233c00s4001-A,tan20250202t165233c00s4001,0,0.000966283509364917,0.48028329461511193
566510,tan20250202t165233c00s4001-A,tan20250202t165233c00s4001,0,0.0016440424173827961,0.48028329461511193
566511,tan20250203t034534c00s4001-C,tan20250203t034534c00s4001,1,0.959676213580787,0.48028329461511193
566512,tan20250202t165233c00s4001-A,tan20250202t165233c00s4001,0,0.0012359545832794068,0.48028329461511193
566514,tan20250202t165233c00s4001-A,tan20250202t165233c00s4001,0,0.015968097207090737,0.48028329461511193
566515,tan20250203t034534c00s4001-C,tan20250203t034534c00s4001,0,0.9331245061481155,0.48028329461511193
566516,tan20250202t165233c00s4001-A,tan20250202t165233c00s4001,0,0.0023364643566576543,0.48028329461511193
566517,tan20250203t034534c00s4001-C,tan20250203t034534c00s4001,0,0.16745662259695135,0.48028329461511193
566518,tan20250202t165233c00s4001-A,tan20250202t165233c00s4001,0,0.048005169520017085,0.48028329461511193
566521,tan20250202t165233c00s4001-A,tan20250202t165233c00s4001,0,0.0016360631235892088,0.48028329461511193
566523,tan20250202t165233c00s4001-A,tan20250202t165233c00s4001,0,0.05291385941767618,0.48028329461511193
566525,tan20250202t165233c00s4001-A,tan20250202t165233c00s4001,0,0.001667453927745117,0.48028329461511193
566527,tan20250202t165233c00s4001-A,tan20250202t165233c00s4001,0,0.0014180891309411626,0.48028329461511193
566529,tan20250202t165233c00s4001-A,tan20250202t165233c00s4001,0,0.01238092684108745,0.48028329461511193
566695,tan20250203t034534c00s4001-E,tan20250203t034534c00s4001,0,0.0041321477238610085,0.48028329461511193
566825,tan20250203t034534c00s4001-E,tan20250203t034534c00s4001,0,0.5359907849879003,0.48028329461511193
566866,tan20250203t034534c00s4001-F,tan20250203t034534c00s4001,0,0.1458281158908758,0.48028329461511193
566870,tan20250203t034534c00s4001-F,tan20250203t034534c00s4001,0,0.22295148696122016,0.48028329461511193
567003,tan20250203t034534c00s4001-G,tan20250203t034534c00s4001,0,0.5300516049246734,0.48028329461511193
567025,tan20250203t034534c00s4001-H,tan20250203t034534c00s4001,1,0.5386140882617885,0.48028329461511193
567045,tan20250203t034534c00s4001-H,tan20250203t034534c00s4001,1,0.6848545256488381,0.48028329461511193
567046,tan20250203t034534c00s4001-H,tan20250203t034534c00s4001,1,0.5914559525409302,0.48028329461511193
567155,tan20250203t034534c00s4001-H,tan20250203t034534c00s4001,1,0.8039862796833739,0.48028329461511193
567162,tan20250203t034534c00s4001-H,tan20250203t034534c00s4001,0,0.8029689591375677,0.48028329461511193
567189,tan20250203t034534c00s4001-I,tan20250203t034534c00s4001,0,0.9173342193084331,0.48028329461511193
567321,tan20250203t034534c00s4001-J,tan20250203t034534c00s4001,0,0.7360816160343209,0.48028329461511193
567434,tan20250203t034534c00s4001-J,tan20250203t034534c00s4001,0,0.46894791140262543,0.48028329461511193
567660,tan20250203t034534c00s4001-L,tan20250203t034534c00s4001,1,0.959087050290996,0.48028329461511193
567663,tan20250203t034534c00s4001-L,tan20250203t034534c00s4001,1,0.9587743866276656,0.48028329461511193
567668,tan20250203t034534c00s4001-L,tan20250203t034534c00s4001,1,0.9630408830278533,0.48028329461511193
567674,tan20250203t034534c00s4001-L,tan20250203t034534c00s4001,1,0.883716443746254,0.48028329461511193
567676,tan20250203t034534c00s4001-L,tan20250203t034534c00s4001,1,0.9618143767508252,0.48028329461511193
567686,tan20250203t034534c00s4001-L,tan20250203t034534c00s4001,0,0.0029905182484166013,0.48028329461511193
567687,tan20250203t034534c00s4001-M,tan20250203t034534c00s4001,1,0.9241613065749646,0.48028329461511193
567696,tan20250203t034534c00s4001-L,tan20250203t034534c00s4001,0,0.3181814024709718,0.48028329461511193
567699,tan20250203t034534c00s4001-M,tan20250203t034534c00s4001,1,0.9450180878167579,0.48028329461511193
567817,tan20250203t034534c00s4001-P,tan20250203t034534c00s4001,0,0.8613743329715648,0.48028329461511193
567902,tan20250203t034534c00s4001-M,tan20250203t034534c00s4001,0,0.8829399334790439,0.48028329461511193
567942,tan20250203t034534c00s4001-P,tan20250203t034534c00s4001,0,0.00484029853815593,0.48028329461511193
568289,tan20250203t034534c00s4001-Q,tan20250203t034534c00s4001,1,0.9437581418682979,0.48028329461511193
568391,tan20250206t142658c00s4001-A,tan20250206t142658c00s4001,0,0.0041508297475283135,0.48028329461511193
568393,tan20250206t142658c00s4001-A,tan20250206t142658c00s4001,0,0.0038661565491333537,0.48028329461511193
568394,tan20250203t034534c00s4001-Q,tan20250203t034534c00s4001,1,0.6716053287751637,0.48028329461511193
568396,tan20250206t142658c00s4001-A,tan20250206t142658c00s4001,0,0.0017192150569885609,0.48028329461511193
568403,tan20250206t142658c00s4001-A,tan20250206t142658c00s4001,0,0.00680801368844401,0.48028329461511193
568404,tan20250203t034534c00s4001-Q,tan20250203t034534c00s4001,1,0.9477997114718711,0.48028329461511193
568406,tan20250206t142658c00s4001-A,tan20250206t142658c00s4001,0,0.0008438309026978438,0.48028329461511193
568411,tan20250206t142658c00s4001-A,tan20250206t142658c00s4001,0,0.26494544519180285,0.48028329461511193
568414,tan20250206t142658c00s4001-A,tan20250206t142658c00s4001,0,0.0007645165266232437,0.48028329461511193
568416,tan20250206t142658c00s4001-A,tan20250206t142658c00s4001,0,0.0023424257787963776,0.48028329461511193
568418,tan20250206t142658c00s4001-A,tan20250206t142658c00s4001,0,0.6057574159303042,0.48028329461511193
568420,tan20250206t142658c00s4001-A,tan20250206t142658c00s4001,0,0.0012696060076509683,0.48028329461511193
568424,tan20250206t142658c00s4001-A,tan20250206t142658c00s4001,0,0.005238334740924483,0.48028329461511193
568426,tan20250206t142658c00s4001-A,tan20250206t142658c00s4001,0,0.0037755955955612354,0.48028329461511193
568428,tan20250206t142658c00s4001-A,tan20250206t142658c00s4001,0,0.3464680712903168,0.48028329461511193
568433,tan20250206t142658c00s4001-A,tan20250206t142658c00s4001,0,0.002643642847392538,0.48028329461511193
568435,tan20250206t142658c00s4001-A,tan20250206t142658c00s4001,0,0.6686602304826619,0.48028329461511193
568444,tan20250206t142658c00s4001-A,tan20250206t142658c00s4001,0,0.08122981327422688,0.48028329461511193
568979,tan20250208t081734c00s4001-C,tan20250208t081734c00s4001,0,0.0017461467980602729,0.48028329461511193
569352,tan20250209t103847c00s4001-A,tan20250209t103847c00s4001,1,0.9180301345238924,0.48028329461511193
569353,tan20250209t103847c00s4001-B,tan20250209t103847c00s4001,1,0.9359758060679848,0.48028329461511193
569355,tan20250209t103847c00s4001-B,tan20250209t103847c00s4001,1,0.9171056074396186,0.48028329461511193
569361,tan20250209t103847c00s4001-B,tan20250209t103847c00s4001,1,0.9417266387935328,0.48028329461511193
569362,tan20250209t103847c00s4001-A,tan20250209t103847c00s4001,1,0.9563887105359049,0.48028329461511193
569371,tan20250209t103847c00s4001-B,tan20250209t103847c00s4001,1,0.9460008337947328,0.48028329461511193
569378,tan20250209t103847c00s4001-A,tan20250209t103847c00s4001,1,0.9116623816239458,0.48028329461511193
569381,tan20250209t103847c00s4001-B,tan20250209t103847c00s4001,0,0.07370915675164195,0.48028329461511193
569382,tan20250209t103847c00s4001-A,tan20250209t103847c00s4001,0,0.42710750860531843,0.48028329461511193
569383,tan20250209t103847c00s4001-B,tan20250209t103847c00s4001,0,0.003008551464749791,0.48028329461511193
569388,tan20250209t103847c00s4001-A,tan20250209t103847c00s4001,0,0.012822800705154418,0.48028329461511193
569394,tan20250209t103847c00s4001-A,tan20250209t103847c00s4001,0,0.0721331570018581,0.48028329461511193
569396,tan20250209t103847c00s4001-A,tan20250209t103847c00s4001,0,0.5823469415543011,0.48028329461511193
569397,tan20250209t103847c00s4001-B,tan20250209t103847c00s4001,0,0.01972643058671149,0.48028329461511193
569402,tan20250209t103847c00s4001-A,tan20250209t103847c00s4001,0,0.04386664683792353,0.48028329461511193
569405,tan20250209t103847c00s4001-B,tan20250209t103847c00s4001,0,0.022416635092344626,0.48028329461511193
569597,tan20250209t103847c00s4001-D,tan20250209t103847c00s4001,0,0.7226520888153705,0.48028329461511193
569598,tan20250209t103847c00s4001-C,tan20250209t103847c00s4001,1,0.8807819481278312,0.48028329461511193
569708,tan20250209t103847c00s4001-C,tan20250209t103847c00s4001,1,0.9833993033967353,0.48028329461511193
569726,tan20250209t103847c00s4001-C,tan20250209t103847c00s4001,1,0.9831579013106992,0.48028329461511193
569733,tan20250209t103847c00s4001-E,tan20250209t103847c00s4001,1,0.9699803992418113,0.48028329461511193
569735,tan20250209t103847c00s4001-E,tan20250209t103847c00s4001,1,0.9416183573534347,0.48028329461511193
569737,tan20250209t103847c00s4001-E,tan20250209t103847c00s4001,1,0.9371768030071782,0.48028329461511193
569738,tan20250209t103847c00s4001-C,tan20250209t103847c00s4001,0,0.03998695440794046,0.48028329461511193
569741,tan20250209t103847c00s4001-E,tan20250209t103847c00s4001,1,0.9474930524196549,0.48028329461511193
569742,tan20250209t103847c00s4001-C,tan20250209t103847c00s4001,0,0.06870163182621442,0.48028329461511193
569747,tan20250209t103847c00s4001-E,tan20250209t103847c00s4001,1,0.9374789599929516,0.48028329461511193
569748,tan20250209t103847c00s4001-C,tan20250209t103847c00s4001,0,0.0063682315390639664,0.48028329461511193
569757,tan20250209t103847c00s4001-E,tan20250209t103847c00s4001,1,0.9343669133032625,0.48028329461511193
570060,tan20250209t103847c00s4001-E,tan20250209t103847c00s4001,0,0.033879891727835204,0.48028329461511193
570064,tan20250215t032943c00s4001-G,tan20250215t032943c00s4001,1,0.7430347616564513,0.48028329461511193
570066,tan20250215t032943c00s4001-G,tan20250215t032943c00s4001,1,0.8964448160149758,0.48028329461511193
570068,tan20250215t032943c00s4001-G,tan20250215t032943c00s4001,1,0.7103796069059407,0.48028329461511193
570070,tan20250215t032943c00s4001-G,tan20250215t032943c00s4001,1,0.7961541563209303,0.48028329461511193
570072,tan20250215t032943c00s4001-G,tan20250215t032943c00s4001,1,0.8612718872390153,0.48028329461511193
570074,tan20250215t032943c00s4001-G,tan20250215t032943c00s4001,1,0.879070401288603,0.48028329461511193
570076,tan20250215t032943c00s4001-G,tan20250215t032943c00s4001,1,0.8697229485225346,0.48028329461511193
570077,tan20250209t103847c00s4001-E,tan20250209t103847c00s4001,0,0.5032173323581781,0.48028329461511193
570078,tan20250215t032943c00s4001-G,tan20250215t032943c00s4001,1,0.7637141680594487,0.48028329461511193
570079,tan20250209t103847c00s4001-E,tan20250209t103847c00s4001,0,0.020677139891935502,0.48028329461511193
570080,tan20250215t032943c00s4001-G,tan20250215t032943c00s4001,1,0.5807079328680654,0.48028329461511193
570082,tan20250215t032943c00s4001-G,tan20250215t032943c00s4001,1,0.8964448160149758,0.48028329461511193
570083,tan20250215t032943c00s4001-G,tan20250215t032943c00s4001,1,0.7756320182669569,0.48028329461511193
570084,tan20250215t032943c00s4001-G,tan20250215t032943c00s4001,1,0.8966930283484713,0.48028329461511193
570085,tan20250215t032943c00s4001-G,tan20250215t032943c00s4001,1,0.7128264225521622,0.48028329461511193
570086,tan20250215t032943c00s4001-G,tan20250215t032943c00s4001,1,0.7105524412278406,0.48028329461511193
570193,tan20250302t055859c00s4001-C,tan20250302t055859c00s4001,0,0.003001877550834941,0.48028329461511193
570194,tan20250215t032943c00s4001-G,tan20250215t032943c00s4001,1,0.7281544359290567,0.48028329461511193
570198,tan20250302t055859c00s4001-C,tan20250302t055859c00s4001,0,0.00411268132997824,0.48028329461511193
570199,tan20250215t032943c00s4001-G,tan20250215t032943c00s4001,1,0.8373241983475819,0.48028329461511193
570206,tan20250215t032943c00s4001-G,tan20250215t032943c00s4001,0,0.01869993623203858,0.48028329461511193
570231,tan20250302t055859c00s4001-C,tan20250302t055859c00s4001,0,0.008599038013020286,0.48028329461511193
570232,tan20250215t032943c00s4001-G,tan20250215t032943c00s4001,0,0.028221476790508307,0.48028329461511193
570279,tan20250215t032943c00s4001-G,tan20250215t032943c00s4001,0,0.005718814228909878,0.48028329461511193
570290,tan20250215t032943c00s4001-G,tan20250215t032943c00s4001,0,0.002240167277852054,0.48028329461511193
570296,tan20250302t055859c00s4001-C,tan20250302t055859c00s4001,0,0.0026177394111477053,0.48028329461511193
570301,tan20250215t032943c00s4001-G,tan20250215t032943c00s4001,0,0.3917170581370237,0.48028329461511193
570356,tan20250302t055859c00s4001-C,tan20250302t055859c00s4001,0,0.004756787672479936,0.48028329461511193
570357,tan20250215t032943c00s4001-G,tan20250215t032943c00s4001,0,0.0373528898916572,0.48028329461511193
570408,tan20250215t032943c00s4001-G,tan20250215t032943c00s4001,0,0.13529385850615627,0.48028329461511193
570411,tan20250215t032943c00s4001-G,tan20250215t032943c00s4001,0,0.003011360432066511,0.48028329461511193
570572,tan20250302t055859c00s4001-D,tan20250302t055859c00s4001,0,0.8802359747455695,0.48028329461511193
570577,tan20250215t032943c00s4001-G,tan20250215t032943c00s4001,0,0.19925322438454365,0.48028329461511193
570590,tan20250215t032943c00s4001-G,tan20250215t032943c00s4001,0,0.03576744144182709,0.48028329461511193
570636,tan20250215t032943c00s4001-G,tan20250215t032943c00s4001,0,0.0016596729926577026,0.48028329461511193
570642,tan20250215t032943c00s4001-G,tan20250215t032943c00s4001,0,0.022319001810635765,0.48028329461511193
570724,tan20250302t055859c00s4001-D,tan20250302t055859c00s4001,0,0.04334146579016149,0.48028329461511193
570725,tan20250215t032943c00s4001-G,tan20250215t032943c00s4001,0,0.04884426366598124,0.48028329461511193
570731,tan20250215t032943c00s4001-G,tan20250215t032943c00s4001,0,0.005827870945481199,0.48028329461511193
570741,tan20250215t032943c00s4001-G,tan20250215t032943c00s4001,0,0.022469593395135774,0.48028329461511193
570745,tan20250215t032943c00s4001-G,tan20250215t032943c00s4001,0,0.00506852482493687,0.48028329461511193
570853,tan20250302t055859c00s4001-E,tan20250302t055859c00s4001,0,0.003582855778883364,0.48028329461511193
570875,tan20250302t055859c00s4001-E,tan20250302t055859c00s4001,0,0.001104930965078564,0.48028329461511193
570891,tan20250307t102102c00s4001-B,tan20250307t102102c00s4001,1,0.30846320553074313,0.48028329461511193
570909,tan20250302t055859c00s4001-E,tan20250302t055859c00s4001,0,0.002365502059909003,0.48028329461511193
570910,tan20250307t102102c00s4001-B,tan20250307t102102c00s4001,1,0.15652185943034072,0.48028329461511193
570920,tan20250302t055859c00s4001-E,tan20250302t055859c00s4001,0,0.0021148041564083434,0.48028329461511193
570921,tan20250307t102102c00s4001-B,tan20250307t102102c00s4001,1,0.7208587514590746,0.48028329461511193
570923,tan20250302t055859c00s4001-E,tan20250302t055859c00s4001,0,0.006263093460974786,0.48028329461511193
570924,tan20250307t102102c00s4001-B,tan20250307t102102c00s4001,1,0.7407632015200624,0.48028329461511193
570929,tan20250307t102102c00s4001-B,tan20250307t102102c00s4001,1,0.13762775550656223,0.48028329461511193
570931,tan20250302t055859c00s4001-E,tan20250302t055859c00s4001,0,0.002021272091161688,0.48028329461511193
570932,tan20250307t102102c00s4001-B,tan20250307t102102c00s4001,1,0.3465518109103001,0.48028329461511193
570946,tan20250302t055859c00s4001-E,tan20250302t055859c00s4001,0,0.0007239480096809138,0.48028329461511193
570955,tan20250302t055859c00s4001-E,tan20250302t055859c00s4001,0,0.9796771382966379,0.48028329461511193
570965,tan20250302t055859c00s4001-E,tan20250302t055859c00s4001,0,0.0024407421886058567,0.48028329461511193
570974,tan20250307t102102c00s4001-B,tan20250307t102102c00s4001,1,0.5019883555461404,0.48028329461511193
570990,tan20250307t102102c00s4001-C,tan20250307t102102c00s4001,1,0.6144829105018083,0.48028329461511193
570992,tan20250307t102102c00s4001-C,tan20250307t102102c00s4001,1,0.768332548785747,0.48028329461511193
570995,tan20250307t102102c00s4001-B,tan20250307t102102c00s4001,0,0.1689383237452357,0.48028329461511193
570997,tan20250307t102102c00s4001-B,tan20250307t102102c00s4001,0,0.28877878731608747,0.48028329461511193
571003,tan20250307t102102c00s4001-B,tan20250307t102102c00s4001,0,0.008944741054133702,0.48028329461511193
571004,tan20250307t102102c00s4001-C,tan20250307t102102c00s4001,1,0.4550515231680735,0.48028329461511193
571007,tan20250307t102102c00s4001-B,tan20250307t102102c00s4001,0,0.009562000119112485,0.48028329461511193
571010,tan20250307t102102c00s4001-C,tan20250307t102102c00s4001,0,0.20634466714032454,0.48028329461511193
571012,tan20250307t102102c00s4001-C,tan20250307t102102c00s4001,0,0.07462443743721797,0.48028329461511193
571015,tan20250307t102102c00s4001-D,tan20250307t102102c00s4001,1,0.8761833105118166,0.48028329461511193
571022,tan20250307t102102c00s4001-C,tan20250307t102102c00s4001,0,0.005881103696846124,0.48028329461511193
571023,tan20250307t102102c00s4001-D,tan20250307t102102c00s4001,1,0.6660057089988858,0.48028329461511193
571025,tan20250307t102102c00s4001-D,tan20250307t102102c00s4001,1,0.2771840019974207,0.48028329461511193
571027,tan20250307t102102c00s4001-D,tan20250307t102102c00s4001,1,0.8776322000048242,0.48028329461511193
571028,tan20250307t102102c00s4001-C,tan20250307t102102c00s4001,0,0.13194053133417002,0.48028329461511193
571029,tan20250307t102102c00s4001-D,tan20250307t102102c00s4001,1,0.893347186881908,0.48028329461511193
571032,tan20250307t102102c00s4001-C,tan20250307t102102c00s4001,0,0.3226128544515975,0.48028329461511193
571033,tan20250307t102102c00s4001-D,tan20250307t102102c00s4001,1,0.5483394207702119,0.48028329461511193
571040,tan20250307t120329c00s4001-A,tan20250307t120329c00s4001,1,0.9760905416585034,0.48028329461511193
571042,tan20250307t120329c00s4001-A,tan20250307t120329c00s4001,1,0.9851887007467678,0.48028329461511193
571044,tan20250307t120329c00s4001-A,tan20250307t120329c00s4001,1,0.9902461812184236,0.48028329461511193
571045,tan20250307t102102c00s4001-D,tan20250307t102102c00s4001,0,0.07829122200058525,0.48028329461511193
571046,tan20250307t120329c00s4001-A,tan20250307t120329c00s4001,1,0.9894528726660806,0.48028329461511193
571047,tan20250307t102102c00s4001-D,tan20250307t102102c00s4001,0,0.12190910422388589,0.48028329461511193
571048,tan20250307t120329c00s4001-A,tan20250307t120329c00s4001,1,0.9822139344061401,0.48028329461511193
571050,tan20250307t120329c00s4001-A,tan20250307t120329c00s4001,1,0.9380186782496178,0.48028329461511193
571051,tan20250307t102102c00s4001-D,tan20250307t102102c00s4001,0,0.041592613504243606,0.48028329461511193
571052,tan20250307t120329c00s4001-A,tan20250307t120329c00s4001,1,0.9870027289063259,0.48028329461511193
571054,tan20250307t120329c00s4001-A,tan20250307t120329c00s4001,1,0.9816323801179174,0.48028329461511193
571056,tan20250307t120329c00s4001-A,tan20250307t120329c00s4001,1,0.9782118216589231,0.48028329461511193
571057,tan20250307t102102c00s4001-D,tan20250307t102102c00s4001,0,0.3842035802052296,0.48028329461511193
571058,tan20250307t120329c00s4001-A,tan20250307t120329c00s4001,1,0.9783872059133943,0.48028329461511193
571059,tan20250307t102102c00s4001-D,tan20250307t102102c00s4001,0,0.22139398173737712,0.48028329461511193
571060,tan20250307t120329c00s4001-A,tan20250307t120329c00s4001,1,0.957251216240682,0.48028329461511193
571062,tan20250307t120329c00s4001-A,tan20250307t120329c00s4001,1,0.9875835209987267,0.48028329461511193
571064,tan20250307t120329c00s4001-A,tan20250307t120329c00s4001,1,0.9750881821362308,0.48028329461511193
571065,tan20250307t102102c00s4001-D,tan20250307t102102c00s4001,0,0.2039781267848262,0.48028329461511193
571066,tan20250307t120329c00s4001-A,tan20250307t120329c00s4001,1,0.9807333792261671,0.48028329461511193
571067,tan20250307t102102c00s4001-D,tan20250307t102102c00s4001,0,0.03801663911928687,0.48028329461511193
571068,tan20250307t120329c00s4001-A,tan20250307t120329c00s4001,1,0.9760905416585034,0.48028329461511193
571070,tan20250307t120329c00s4001-A,tan20250307t120329c00s4001,1,0.9831824045604121,0.48028329461511193
571072,tan20250307t120329c00s4001-A,tan20250307t120329c00s4001,0,0.13940447025957434,0.48028329461511193
571074,tan20250307t120329c00s4001-A,tan20250307t120329c00s4001,0,0.014862512951438492,0.48028329461511193
571075,tan20250307t120329c00s4001-A,tan20250307t120329c00s4001,0,0.644457021176926,0.48028329461511193
571076,tan20250307t120329c00s4001-A,tan20250307t120329c00s4001,0,0.8712850721202694,0.48028329461511193
571077,tan20250307t120329c00s4001-A,tan20250307t120329c00s4001,0,0.20181533405232663,0.48028329461511193
571080,tan20250307t120329c00s4001-A,tan20250307t120329c00s4001,0,0.293297270835446,0.48028329461511193
571082,tan20250307t120329c00s4001-A,tan20250307t120329c00s4001,0,0.14704081069687888,0.48028329461511193
571084,tan20250307t120329c00s4001-A,tan20250307t120329c00s4001,0,0.004355055786252132,0.48028329461511193
571086,tan20250307t120329c00s4001-A,tan20250307t120329c00s4001,0,0.13316329772064828,0.48028329461511193
571088,tan20250307t120329c00s4001-A,tan20250307t120329c00s4001,0,0.48556800654881105,0.48028329461511193
571090,tan20250307t120329c00s4001-A,tan20250307t120329c00s4001,0,0.024975947052441317,0.48028329461511193
571092,tan20250307t120329c00s4001-A,tan20250307t120329c00s4001,0,0.007017768766092111,0.48028329461511193
571094,tan20250307t120329c00s4001-A,tan20250307t120329c00s4001,0,0.9610636650746397,0.48028329461511193
571096,tan20250307t120329c00s4001-A,tan20250307t120329c00s4001,0,0.6372973416182155,0.48028329461511193
571098,tan20250307t120329c00s4001-A,tan20250307t120329c00s4001,0,0.7665868463181502,0.48028329461511193
571100,tan20250307t120329c00s4001-A,tan20250307t120329c00s4001,0,0.6744778915926888,0.48028329461511193
571118,tan20250308t033118c00s4001-A,tan20250308t033118c00s4001,0,0.8656370349402278,0.48028329461511193
571127,tan20250308t033118c00s4001-B,tan20250308t033118c00s4001,1,0.8752605957215414,0.48028329461511193
571147,tan20250308t033118c00s4001-B,tan20250308t033118c00s4001,0,0.8324601135138204,0.48028329461511193
571168,tan20250308t033118c00s4001-C,tan20250308t033118c00s4001,1,0.9641483772632043,0.48028329461511193
571194,tan20250308t033118c00s4001-C,tan20250308t033118c00s4001,0,0.5668878548848079,0.48028329461511193
571243,tan20250308t033118c00s4001-F,tan20250308t033118c00s4001,1,0.9725607691500853,0.48028329461511193
571290,tan20250308t033118c00s4001-G,tan20250308t033118c00s4001,1,0.9241894029371331,0.48028329461511193
571294,tan20250308t033118c00s4001-G,tan20250308t033118c00s4001,1,0.9644121342398291,0.48028329461511193
571302,tan20250308t033118c00s4001-G,tan20250308t033118c00s4001,0,0.9384849526156809,0.48028329461511193
571311,tan20250308t033118c00s4001-H,tan20250308t033118c00s4001,1,0.2927634926398795,0.48028329461511193
571326,tan20250308t033118c00s4001-H,tan20250308t033118c00s4001,1,0.9327588776577597,0.48028329461511193
571331,tan20250308t033118c00s4001-H,tan20250308t033118c00s4001,0,0.818767910370035,0.48028329461511193
571353,tan20250308t033118c00s4001-H,tan20250308t033118c00s4001,0,0.9200793417376287,0.48028329461511193
571362,tan20250308t033118c00s4001-J,tan20250308t033118c00s4001,1,0.15497524746756416,0.48028329461511193
571391,tan20250308t033118c00s4001-I,tan20250308t033118c00s4001,0,0.9599169912716692,0.48028329461511193
571403,tan20250308t033118c00s4001-K,tan20250308t033118c00s4001,1,0.9780608452303862,0.48028329461511193
571409,tan20250308t033118c00s4001-K,tan20250308t033118c00s4001,1,0.9786783897518486,0.48028329461511193
571453,tan20250308t033118c00s4001-K,tan20250308t033118c00s4001,0,0.5388148797607908,0.48028329461511193
571494,tan20250308t033118c00s4001-O,tan20250308t033118c00s4001,1,0.9557573923629781,0.48028329461511193
571496,tan20250308t033118c00s4001-O,tan20250308t033118c00s4001,1,0.951927636924817,0.48028329461511193
571530,tan20250308t033118c00s4001-O,tan20250308t033118c00s4001,0,0.6473336692085905,0.48028329461511193
571532,tan20250308t033118c00s4001-O,tan20250308t033118c00s4001,0,0.7240548612948985,0.48028329461511193
571556,tan20250308t033118c00s4001-Q,tan20250308t033118c00s4001,1,0.7317642507072032,0.48028329461511193
571557,tan20250308t033118c00s4001-P,tan20250308t033118c00s4001,0,0.879606542377633,0.48028329461511193
571559,tan20250308t033118c00s4001-P,tan20250308t033118c00s4001,0,0.22031330937480348,0.48028329461511193
571561,tan20250308t033118c00s4001-P,tan20250308t033118c00s4001,0,0.5513007099771601,0.48028329461511193
571573,tan20250308t033118c00s4001-P,tan20250308t033118c00s4001,0,0.005693260620279131,0.48028329461511193
571599,tan20250308t033118c00s4001-R,tan20250308t033118c00s4001,1,0.8922580527356179,0.48028329461511193
571640,tan20250308t033118c00s4001-S,tan20250308t033118c00s4001,1,0.8490710788939303,0.48028329461511193
571648,tan20250308t033118c00s4001-S,tan20250308t033118c00s4001,1,0.9124734940531346,0.48028329461511193
571651,tan20250308t033118c00s4001-S,tan20250308t033118c00s4001,0,0.8568944290937248,0.48028329461511193
571984,tan20250308t173357c00s4001-A,tan20250308t173357c00s4001,1,0.7542858954284323,0.48028329461511193
571986,tan20250308t173357c00s4001-A,tan20250308t173357c00s4001,1,0.7355892305810602,0.48028329461511193
571988,tan20250308t173357c00s4001-A,tan20250308t173357c00s4001,1,0.7689916523075567,0.48028329461511193
571990,tan20250308t173357c00s4001-A,tan20250308t173357c00s4001,1,0.6947173816472877,0.48028329461511193
571992,tan20250308t173357c00s4001-A,tan20250308t173357c00s4001,1,0.6931849887483026,0.48028329461511193
571994,tan20250308t173357c00s4001-A,tan20250308t173357c00s4001,1,0.6837558574445217,0.48028329461511193
571995,tan20250308t033118c00s4001-T,tan20250308t033118c00s4001,0,0.0018719821447090112,0.48028329461511193
571996,tan20250308t173357c00s4001-A,tan20250308t173357c00s4001,1,0.6980699318516668,0.48028329461511193
571998,tan20250308t173357c00s4001-A,tan20250308t173357c00s4001,1,0.6951130694376026,0.48028329461511193
572000,tan20250308t173357c00s4001-A,tan20250308t173357c00s4001,1,0.7906471363038413,0.48028329461511193
572002,tan20250308t173357c00s4001-A,tan20250308t173357c00s4001,1,0.5523127286362098,0.48028329461511193
572004,tan20250308t173357c00s4001-A,tan20250308t173357c00s4001,1,0.8946027523717182,0.48028329461511193
572006,tan20250308t173357c00s4001-A,tan20250308t173357c00s4001,1,0.8057978408191684,0.48028329461511193
572008,tan20250308t173357c00s4001-A,tan20250308t173357c00s4001,1,0.6739449525308356,0.48028329461511193
572010,tan20250308t173357c00s4001-A,tan20250308t173357c00s4001,1,0.6761645554084473,0.48028329461511193
572012,tan20250308t173357c00s4001-A,tan20250308t173357c00s4001,1,0.6463196585295155,0.48028329461511193
572013,tan20250308t173357c00s4001-A,tan20250308t173357c00s4001,1,0.6525410295518299,0.48028329461511193
572014,tan20250308t173357c00s4001-A,tan20250308t173357c00s4001,0,0.7582113442966518,0.48028329461511193
572127,tan20250308t173357c00s4001-A,tan20250308t173357c00s4001,0,0.004123094153216464,0.48028329461511193
572131,tan20250308t173357c00s4001-A,tan20250308t173357c00s4001,0,0.6043825286455887,0.48028329461511193
572139,tan20250308t173357c00s4001-A,tan20250308t173357c00s4001,0,0.008055408583124058,0.48028329461511193
572173,tan20250308t173357c00s4001-A,tan20250308t173357c00s4001,0,0.001816111482259582,0.48028329461511193
572287,tan20250308t173357c00s4001-A,tan20250308t173357c00s4001,0,0.0012134925726582412,0.48028329461511193
572300,tan20250308t173357c00s4001-A,tan20250308t173357c00s4001,0,0.029507586142985962,0.48028329461511193
572305,tan20250308t173357c00s4001-A,tan20250308t173357c00s4001,0,0.9590634437080084,0.48028329461511193
572321,tan20250308t173357c00s4001-A,tan20250308t173357c00s4001,0,0.0021030866484970006,0.48028329461511193
572322,tan20250308t173357c00s4001-A,tan20250308t173357c00s4001,0,0.0010050186285692462,0.48028329461511193
572323,tan20250308t173357c00s4001-A,tan20250308t173357c00s4001,0,0.052985870508319634,0.48028329461511193
572424,tan20250309t060015c00s4001-B,tan20250309t060015c00s4001,0,0.001089370662752461,0.48028329461511193
572425,tan20250308t173357c00s4001-A,tan20250308t173357c00s4001,0,0.47601261578131293,0.48028329461511193
572433,tan20250308t173357c00s4001-A,tan20250308t173357c00s4001,0,0.002583443800717116,0.48028329461511193
572440,tan20250308t173357c00s4001-A,tan20250308t173357c00s4001,0,0.06780815027621273,0.48028329461511193
572457,tan20250308t173357c00s4001-A,tan20250308t173357c00s4001,0,0.0018374766951817624,0.48028329461511193
572472,tan20250308t173357c00s4001-A,tan20250308t173357c00s4001,0,0.006041351208594356,0.48028329461511193
572488,tan20250309t060015c00s4001-C,tan20250309t060015c00s4001,1,0.4743127057963997,0.48028329461511193
572491,tan20250309t060015c00s4001-C,tan20250309t060015c00s4001,1,0.03367185928533586,0.48028329461511193
572520,tan20250309t060015c00s4001-B,tan20250309t060015c00s4001,0,0.0009946783043519284,0.48028329461511193
572521,tan20250309t060015c00s4001-C,tan20250309t060015c00s4001,1,0.5159620911501431,0.48028329461511193
572523,tan20250309t060015c00s4001-C,tan20250309t060015c00s4001,1,0.1987102628697247,0.48028329461511193
572526,tan20250309t060015c00s4001-B,tan20250309t060015c00s4001,0,0.0033650488853784384,0.48028329461511193
572527,tan20250309t060015c00s4001-C,tan20250309t060015c00s4001,1,0.2224736980617765,0.48028329461511193
572533,tan20250309t060015c00s4001-C,tan20250309t060015c00s4001,1,0.4743127057963997,0.48028329461511193
572537,tan20250309t060015c00s4001-B,tan20250309t060015c00s4001,0,0.0050352273607558095,0.48028329461511193
572538,tan20250309t060015c00s4001-C,tan20250309t060015c00s4001,1,0.6829768572147221,0.48028329461511193
572555,tan20250309t060015c00s4001-B,tan20250309t060015c00s4001,0,0.0005900223998109342,0.48028329461511193
572556,tan20250309t060015c00s4001-C,tan20250309t060015c00s4001,1,0.12645538634556466,0.48028329461511193
572557,tan20250309t060015c00s4001-B,tan20250309t060015c00s4001,0,0.0027593092697100843,0.48028329461511193
572558,tan20250309t060015c00s4001-C,tan20250309t060015c00s4001,1,0.2275067733231652,0.48028329461511193
572559,tan20250309t060015c00s4001-C,tan20250309t060015c00s4001,1,0.8926840412468342,0.48028329461511193
572560,tan20250309t060015c00s4001-C,tan20250309t060015c00s4001,1,0.16807468453666977,0.48028329461511193
572668,tan20250309t060015c00s4001-C,tan20250309t060015c00s4001,1,0.6302558427177791,0.48028329461511193
572671,tan20250309t060015c00s4001-C,tan20250309t060015c00s4001,1,0.21858016626072707,0.48028329461511193
572677,tan20250309t060015c00s4001-C,tan20250309t060015c00s4001,1,0.7804066117962712,0.48028329461511193
572680,tan20250309t060015c00s4001-D,tan20250309t060015c00s4001,0,0.006609190956184137,0.48028329461511193
572681,tan20250309t060015c00s4001-C,tan20250309t060015c00s4001,1,0.8650977416803356,0.48028329461511193
572683,tan20250309t060015c00s4001-C,tan20250309t060015c00s4001,1,0.9436978722338307,0.48028329461511193
572695,tan20250309t060015c00s4001-D,tan20250309t060015c00s4001,0,0.0022340217866025796,0.48028329461511193
572701,tan20250309t060015c00s4001-C,tan20250309t060015c00s4001,0,0.001142407094557457,0.48028329461511193
572731,tan20250309t060015c00s4001-D,tan20250309t060015c00s4001,0,0.0033701348705137157,0.48028329461511193
572732,tan20250309t060015c00s4001-C,tan20250309t060015c00s4001,0,0.000902129391874516,0.48028329461511193
572759,tan20250309t060015c00s4001-C,tan20250309t060015c00s4001,0,0.0008799075547375145,0.48028329461511193
572760,tan20250309t060015c00s4001-D,tan20250309t060015c00s4001,0,0.007624568602368709,0.48028329461511193
572765,tan20250309t060015c00s4001-C,tan20250309t060015c00s4001,0,0.0011248255103097884,0.48028329461511193
572803,tan20250309t060015c00s4001-C,tan20250309t060015c00s4001,0,0.5970384456213331,0.48028329461511193
572846,tan20250309t060015c00s4001-C,tan20250309t060015c00s4001,0,0.0010378736456871582,0.48028329461511193
572854,tan20250309t152518c00s4001-B,tan20250309t152518c00s4001,1,0.48999884015888445,0.48028329461511193
572860,tan20250309t152518c00s4001-B,tan20250309t152518c00s4001,1,0.1729760257381096,0.48028329461511193
572862,tan20250309t152518c00s4001-B,tan20250309t152518c00s4001,1,0.10335208450571429,0.48028329461511193
572864,tan20250309t152518c00s4001-B,tan20250309t152518c00s4001,1,0.582918729594296,0.48028329461511193
572867,tan20250309t152518c00s4001-C,tan20250309t152518c00s4001,1,0.05749022471542814,0.48028329461511193
572872,tan20250309t152518c00s4001-C,tan20250309t152518c00s4001,1,0.1058120473658402,0.48028329461511193
572875,tan20250309t152518c00s4001-B,tan20250309t152518c00s4001,1,0.6492838866392268,0.48028329461511193
572876,tan20250309t152518c00s4001-B,tan20250309t152518c00s4001,0,0.5533833847464285,0.48028329461511193
572877,tan20250309t152518c00s4001-C,tan20250309t152518c00s4001,1,0.11753544316708046,0.48028329461511193
572878,tan20250309t152518c00s4001-B,tan20250309t152518c00s4001,0,0.00970666939945999,0.48028329461511193
572895,tan20250309t152518c00s4001-C,tan20250309t152518c00s4001,0,0.008401150678851178,0.48028329461511193
572903,tan20250309t152518c00s4001-B,tan20250309t152518c00s4001,0,0.0017389900946383609,0.48028329461511193
572908,tan20250309t152518c00s4001-B,tan20250309t152518c00s4001,0,0.9369883678895448,0.48028329461511193
572915,tan20250309t152518c00s4001-C,tan20250309t152518c00s4001,0,0.6923184754149181,0.48028329461511193
572917,tan20250309t152518c00s4001-C,tan20250309t152518c00s4001,0,0.018780839067182507,0.48028329461511193
572918,tan20250309t152518c00s4001-C,tan20250309t152518c00s4001,0,0.07008500766232027,0.48028329461511193
572923,tan20250309t152518c00s4001-E,tan20250309t152518c00s4001,1,0.6832483222938374,0.48028329461511193
572925,tan20250309t152518c00s4001-C,tan20250309t152518c00s4001,0,0.09183917029908069,0.48028329461511193
572932,tan20250309t152518c00s4001-E,tan20250309t152518c00s4001,1,0.7350061728093831,0.48028329461511193
572939,tan20250309t152518c00s4001-E,tan20250309t152518c00s4001,1,0.5900063831772342,0.48028329461511193
572946,tan20250309t152518c00s4001-F,tan20250309t152518c00s4001,1,0.8780722057874841,0.48028329461511193
572947,tan20250309t152518c00s4001-E,tan20250309t152518c00s4001,1,0.32889213125559963,0.48028329461511193
572954,tan20250309t152518c00s4001-F,tan20250309t152518c00s4001,1,0.9082667763853725,0.48028329461511193
572955,tan20250309t152518c00s4001-E,tan20250309t152518c00s4001,0,0.031282180878229045,0.48028329461511193
572956,tan20250309t152518c00s4001-F,tan20250309t152518c00s4001,1,0.8861603483324589,0.48028329461511193
572964,tan20250309t152518c00s4001-F,tan20250309t152518c00s4001,1,0.8209594853849728,0.48028329461511193
572970,tan20250309t152518c00s4001-E,tan20250309t152518c00s4001,0,0.5813679066979788,0.48028329461511193
572979,tan20250309t152518c00s4001-E,tan20250309t152518c00s4001,0,0.03372424971592897,0.48028329461511193
572993,tan20250309t152518c00s4001-F,tan20250309t152518c00s4001,0,0.44265240350300916,0.48028329461511193
572994,tan20250309t152518c00s4001-F,tan20250309t152518c00s4001,0,0.007174959938937323,0.48028329461511193
572996,tan20250309t152518c00s4001-F,tan20250309t152518c00s4001,0,0.2847231414336955,0.48028329461511193
573002,tan20250309t152518c00s4001-F,tan20250309t152518c00s4001,0,0.029176040906845144,0.48028329461511193
573003,tan20250309t165019c00s4001-A,tan20250309t165019c00s4001,1,0.5514571105705369,0.48028329461511193
573012,tan20250309t165019c00s4001-B,tan20250309t165019c00s4001,1,0.8648646510534395,0.48028329461511193
573015,tan20250309t165019c00s4001-A,tan20250309t165019c00s4001,1,0.7618988037681286,0.48028329461511193
573019,tan20250309t165019c00s4001-A,tan20250309t165019c00s4001,1,0.39793406329397657,0.48028329461511193
573020,tan20250309t165019c00s4001-B,tan20250309t165019c00s4001,1,0.7517455422478893,0.48028329461511193
573022,tan20250309t165019c00s4001-B,tan20250309t165019c00s4001,1,0.9137085942565912,0.48028329461511193
573023,tan20250309t165019c00s4001-A,tan20250309t165019c00s4001,1,0.5300975191574052,0.48028329461511193
573026,tan20250309t165019c00s4001-B,tan20250309t165019c00s4001,1,0.9448756237659655,0.48028329461511193
573027,tan20250309t165019c00s4001-A,tan20250309t165019c00s4001,0,0.002783955368427091,0.48028329461511193
573028,tan20250309t165019c00s4001-B,tan20250309t165019c00s4001,1,0.7913333319801761,0.48028329461511193
573037,tan20250309t165019c00s4001-A,tan20250309t165019c00s4001,0,0.1373698781064669,0.48028329461511193
573043,tan20250309t165019c00s4001-A,tan20250309t165019c00s4001,0,0.8289756703538218,0.48028329461511193
573044,tan20250309t165019c00s4001-B,tan20250309t165019c00s4001,0,0.05195156093750681,0.48028329461511193
573047,tan20250309t165019c00s4001-A,tan20250309t165019c00s4001,0,0.006655256775024644,0.48028329461511193
573050,tan20250309t165019c00s4001-B,tan20250309t165019c00s4001,0,0.10873859851986292,0.48028329461511193
573051,tan20250309t165019c00s4001-A,tan20250309t165019c00s4001,0,0.02245864910407118,0.48028329461511193
573054,tan20250309t165019c00s4001-B,tan20250309t165019c00s4001,0,0.0018956060199113885,0.48028329461511193
573057,tan20250309t165019c00s4001-A,tan20250309t165019c00s4001,0,0.006061538404763277,0.48028329461511193
573059,tan20250309t165019c00s4001-B,tan20250309t165019c00s4001,0,0.014285402366399651,0.48028329461511193
573062,tan20250309t165019c00s4001-C,tan20250309t165019c00s4001,1,0.8047975471643257,0.48028329461511193
573066,tan20250309t165019c00s4001-C,tan20250309t165019c00s4001,1,0.9597138312577033,0.48028329461511193
573067,tan20250309t165019c00s4001-C,tan20250309t165019c00s4001,1,0.9097908995131583,0.48028329461511193
573174,tan20250309t165019c00s4001-C,tan20250309t165019c00s4001,1,0.8122247830056056,0.48028329461511193
573186,tan20250309t165019c00s4001-D,tan20250309t165019c00s4001,0,0.013445685043157983,0.48028329461511193
573191,tan20250309t165019c00s4001-C,tan20250309t165019c00s4001,1,0.757314575965908,0.48028329461511193
573200,tan20250309t165019c00s4001-D,tan20250309t165019c00s4001,0,0.3337989845170467,0.48028329461511193
573214,tan20250309t165019c00s4001-D,tan20250309t165019c00s4001,0,0.06976011678249114,0.48028329461511193
573215,tan20250309t165019c00s4001-C,tan20250309t165019c00s4001,1,0.9390889730499191,0.48028329461511193
573236,tan20250309t165019c00s4001-C,tan20250309t165019c00s4001,1,0.9492247186999128,0.48028329461511193
573263,tan20250309t165019c00s4001-C,tan20250309t165019c00s4001,0,0.4644194670702695,0.48028329461511193
573283,tan20250309t165019c00s4001-C,tan20250309t165019c00s4001,0,0.033855187225533254,0.48028329461511193
573292,tan20250311t105308c00s4001-A,tan20250311t105308c00s4001,1,0.7733791883412207,0.48028329461511193
573293,tan20250309t165019c00s4001-C,tan20250309t165019c00s4001,0,0.04724483495121769,0.48028329461511193
573294,tan20250311t105308c00s4001-A,tan20250311t105308c00s4001,1,0.6967584266379322,0.48028329461511193
573296,tan20250311t105308c00s4001-A,tan20250311t105308c00s4001,1,0.7435309538321612,0.48028329461511193
573298,tan20250311t105308c00s4001-A,tan20250311t105308c00s4001,1,0.46835803381706403,0.48028329461511193
573302,tan20250311t105308c00s4001-A,tan20250311t105308c00s4001,1,0.6502064159218733,0.48028329461511193
573304,tan20250311t105308c00s4001-A,tan20250311t105308c00s4001,1,0.7435309538321612,0.48028329461511193
573312,tan20250311t105308c00s4001-A,tan20250311t105308c00s4001,1,0.6813906548462256,0.48028329461511193
573318,tan20250311t105308c00s4001-B,tan20250311t105308c00s4001,1,0.8791509308694173,0.48028329461511193
573319,tan20250311t105308c00s4001-A,tan20250311t105308c00s4001,1,0.6967584266379322,0.48028329461511193
573322,tan20250311t105308c00s4001-B,tan20250311t105308c00s4001,1,0.3909272090539934,0.48028329461511193
573325,tan20250311t105308c00s4001-A,tan20250311t105308c00s4001,0,0.7764489493277421,0.48028329461511193
573335,tan20250311t105308c00s4001-A,tan20250311t105308c00s4001,0,0.4128637078900255,0.48028329461511193
573340,tan20250311t105308c00s4001-B,tan20250311t105308c00s4001,1,0.8909513925485727,0.48028329461511193
573344,tan20250311t105308c00s4001-B,tan20250311t105308c00s4001,0,0.764587192363765,0.48028329461511193
573345,tan20250311t105308c00s4001-A,tan20250311t105308c00s4001,0,0.7896661330797302,0.48028329461511193
573350,tan20250311t105308c00s4001-B,tan20250311t105308c00s4001,0,0.5730980863015552,0.48028329461511193
573351,tan20250311t105308c00s4001-A,tan20250311t105308c00s4001,0,0.6462645060494755,0.48028329461511193
573352,tan20250311t105308c00s4001-B,tan20250311t105308c00s4001,0,0.8210914220487253,0.48028329461511193
573355,tan20250311t105308c00s4001-B,tan20250311t105308c00s4001,0,0.25075558326245007,0.48028329461511193
573357,tan20250311t105308c00s4001-B,tan20250311t105308c00s4001,0,0.24878305952012428,0.48028329461511193
573358,tan20250311t105308c00s4001-C,tan20250311t105308c00s4001,1,0.5331467509081018,0.48028329461511193
573361,tan20250311t105308c00s4001-B,tan20250311t105308c00s4001,0,0.5955440194429491,0.48028329461511193
573363,tan20250311t105308c00s4001-B,tan20250311t105308c00s4001,0,0.5692187057624672,0.48028329461511193
573372,tan20250311t105308c00s4001-C,tan20250311t105308c00s4001,1,0.3867947844493875,0.48028329461511193
573378,tan20250311t105308c00s4001-D,tan20250311t105308c00s4001,1,0.736954226548173,0.48028329461511193
573390,tan20250311t105308c00s4001-D,tan20250311t105308c00s4001,1,0.7949087339920679,0.48028329461511193
573404,tan20250311t105308c00s4001-D,tan20250311t105308c00s4001,1,0.3886846617142164,0.48028329461511193
573419,tan20250311t105308c00s4001-D,tan20250311t105308c00s4001,0,0.13714731199605124,0.48028329461511193
573530,tan20250312t162716c00s4001-A,tan20250312t162716c00s4001,0,0.22721880329404703,0.48028329461511193
573537,tan20250312t162716c00s4001-A,tan20250312t162716c00s4001,0,0.01603326823919488,0.48028329461511193
573538,tan20250311t105308c00s4001-D,tan20250311t105308c00s4001,0,0.24134925553306796,0.48028329461511193
573566,tan20250311t105308c00s4001-D,tan20250311t105308c00s4001,0,0.12388734805682568,0.48028329461511193
573577,tan20250312t162716c00s4001-A,tan20250312t162716c00s4001,0,0.09218884476069458,0.48028329461511193
573587,tan20250311t105308c00s4001-D,tan20250311t105308c00s4001,0,0.7205220762915859,0.48028329461511193
573593,tan20250312t162716c00s4001-A,tan20250312t162716c00s4001,0,0.00881893509829326,0.48028329461511193
573594,tan20250311t105308c00s4001-D,tan20250311t105308c00s4001,0,0.0040618222114458345,0.48028329461511193
573610,tan20250312t162716c00s4001-A,tan20250312t162716c00s4001,0,0.4647158108912573,0.48028329461511193
573614,tan20250312t162716c00s4001-A,tan20250312t162716c00s4001,0,0.006344493921391568,0.48028329461511193
573629,tan20250312t162716c00s4001-A,tan20250312t162716c00s4001,0,0.005251483923036899,0.48028329461511193
573741,tan20250312t162716c00s4001-B,tan20250312t162716c00s4001,0,0.023697695436308352,0.48028329461511193
573756,tan20250312t162716c00s4001-B,tan20250312t162716c00s4001,0,0.005392084908727269,0.48028329461511193
573764,tan20250312t162716c00s4001-B,tan20250312t162716c00s4001,0,0.011740325086409372,0.48028329461511193
573800,tan20250312t162716c00s4001-B,tan20250312t162716c00s4001,0,0.001679063505821216,0.48028329461511193
573915,tan20250312t162716c00s4001-B,tan20250312t162716c00s4001,0,0.003332936070414146,0.48028329461511193
574028,tan20250312t162716c00s4001-C,tan20250312t162716c00s4001,0,0.010838536775896723,0.48028329461511193
574031,tan20250312t162716c00s4001-B,tan20250312t162716c00s4001,0,0.010067246036037439,0.48028329461511193
574039,tan20250312t162716c00s4001-B,tan20250312t162716c00s4001,0,0.0031826168712305977,0.48028329461511193
574059,tan20250312t162716c00s4001-C,tan20250312t162716c00s4001,0,0.0686978035772937,0.48028329461511193
574245,tan20250313t075712c00s4001-B,tan20250313t075712c00s4001,1,0.5355984193975593,0.48028329461511193
574262,tan20250313t075712c00s4001-B,tan20250313t075712c00s4001,1,0.7328352262160674,0.48028329461511193
574264,tan20250313t075712c00s4001-A,tan20250313t075712c00s4001,0,0.1306983179607149,0.48028329461511193
574265,tan20250313t075712c00s4001-B,tan20250313t075712c00s4001,1,0.8211530871313879,0.48028329461511193
574268,tan20250313t075712c00s4001-B,tan20250313t075712c00s4001,1,0.861976528531358,0.48028329461511193
574271,tan20250313t075712c00s4001-B,tan20250313t075712c00s4001,1,0.8771856906396776,0.48028329461511193
574295,tan20250313t075712c00s4001-B,tan20250313t075712c00s4001,1,0.8902167657420762,0.48028329461511193
574299,tan20250313t075712c00s4001-B,tan20250313t075712c00s4001,1,0.902231901571765,0.48028329461511193
574302,tan20250313t075712c00s4001-B,tan20250313t075712c00s4001,1,0.8406325053543229,0.48028329461511193
574306,tan20250313t075712c00s4001-C,tan20250313t075712c00s4001,1,0.8660270418634763,0.48028329461511193
574313,tan20250313t075712c00s4001-B,tan20250313t075712c00s4001,0,0.013092299404865506,0.48028329461511193
574316,tan20250313t075712c00s4001-C,tan20250313t075712c00s4001,1,0.930221612914842,0.48028329461511193
574319,tan20250313t075712c00s4001-B,tan20250313t075712c00s4001,0,0.021283282030577805,0.48028329461511193
574326,tan20250313t075712c00s4001-C,tan20250313t075712c00s4001,1,0.8633988353505112,0.48028329461511193
574327,tan20250313t075712c00s4001-B,tan20250313t075712c00s4001,0,0.013218835929608763,0.48028329461511193
574334,tan20250313t075712c00s4001-C,tan20250313t075712c00s4001,1,0.844467748059999,0.48028329461511193
574335,tan20250313t075712c00s4001-B,tan20250313t075712c00s4001,0,0.019699231745645786,0.48028329461511193
574443,tan20250313t075712c00s4001-E,tan20250313t075712c00s4001,0,0.8156558208142505,0.48028329461511193
574447,tan20250313t075712c00s4001-C,tan20250313t075712c00s4001,0,0.0051370298955492645,0.48028329461511193
574463,tan20250313t075712c00s4001-E,tan20250313t075712c00s4001,0,0.4674548907185834,0.48028329461511193
574474,tan20250313t075712c00s4001-E,tan20250313t075712c00s4001,0,0.4198165567172014,0.48028329461511193
574484,tan20250313t075712c00s4001-E,tan20250313t075712c00s4001,0,0.08661951392976834,0.48028329461511193
574610,tan20250313t075712c00s4001-G,tan20250313t075712c00s4001,1,0.5653165343405939,0.48028329461511193
574612,tan20250313t075712c00s4001-F,tan20250313t075712c00s4001,0,0.16637246262100358,0.48028329461511193
574618,tan20250313t075712c00s4001-G,tan20250313t075712c00s4001,1,0.8634006693638521,0.48028329461511193
574658,tan20250313t075712c00s4001-F,tan20250313t075712c00s4001,0,0.07756924473790902,0.48028329461511193
574672,tan20250313t075712c00s4001-G,tan20250313t075712c00s4001,1,0.7901338852668026,0.48028329461511193
574677,tan20250313t075712c00s4001-G,tan20250313t075712c00s4001,1,0.8525651472501504,0.48028329461511193
574684,tan20250313t075712c00s4001-G,tan20250313t075712c00s4001,0,0.11871939967655196,0.48028329461511193
574685,tan20250321t181350c00s4001-A,tan20250321t181350c00s4001,1,0.3510865658886179,0.48028329461511193
574688,tan20250321t181350c00s4001-A,tan20250321t181350c00s4001,1,0.24211987353876244,0.48028329461511193
574694,tan20250321t181350c00s4001-A,tan20250321t181350c00s4001,1,0.30567209210018714,0.48028329461511193
574699,tan20250313t075712c00s4001-G,tan20250313t075712c00s4001,0,0.022283354064063822,0.48028329461511193
574700,tan20250321t181350c00s4001-A,tan20250321t181350c00s4001,1,0.28453494965591036,0.48028329461511193
574703,tan20250313t075712c00s4001-G,tan20250313t075712c00s4001,0,0.7410352381879076,0.48028329461511193
574709,tan20250321t181350c00s4001-A,tan20250321t181350c00s4001,1,0.1867840714223328,0.48028329461511193
574716,tan20250313t075712c00s4001-G,tan20250313t075712c00s4001,0,0.8854730050707617,0.48028329461511193
574732,tan20250321t181350c00s4001-A,tan20250321t181350c00s4001,0,0.07523238036367189,0.48028329461511193
574938,tan20250321t181350c00s4001-A,tan20250321t181350c00s4001,0,0.11003189987564206,0.48028329461511193
574977,tan20250321t181350c00s4001-B,tan20250321t181350c00s4001,0,0.28528896089993555,0.48028329461511193
575159,tan20250321t181350c00s4001-C,tan20250321t181350c00s4001,1,0.8457197755025957,0.48028329461511193
575172,tan20250321t181350c00s4001-C,tan20250321t181350c00s4001,1,0.7085086479715776,0.48028329461511193
575195,tan20250321t181350c00s4001-C,tan20250321t181350c00s4001,1,0.7101569318266774,0.48028329461511193
575206,tan20250321t181350c00s4001-D,tan20250321t181350c00s4001,0,0.025811235909898932,0.48028329461511193
575207,tan20250321t181350c00s4001-C,tan20250321t181350c00s4001,1,0.735789592936572,0.48028329461511193
575213,tan20250321t181350c00s4001-C,tan20250321t181350c00s4001,0,0.36173037872463176,0.48028329461511193
575222,tan20250321t181350c00s4001-C,tan20250321t181350c00s4001,0,0.36029377417405606,0.48028329461511193
575335,tan20250321t181350c00s4001-C,tan20250321t181350c00s4001,0,0.20712195555654114,0.48028329461511193
575342,tan20250321t181350c00s4001-C,tan20250321t181350c00s4001,0,0.803245155033971,0.48028329461511193
575387,tan20250321t181350c00s4001-C,tan20250321t181350c00s4001,0,0.16941090892376678,0.48028329461511193
575388,tan20250321t181350c00s4001-E,tan20250321t181350c00s4001,0,0.4806594764802593,0.48028329461511193
575406,tan20250321t181350c00s4001-E,tan20250321t181350c00s4001,0,0.7504518483330017,0.48028329461511193
575414,tan20250321t181350c00s4001-F,tan20250321t181350c00s4001,1,0.6132885803932573,0.48028329461511193
575421,tan20250321t181350c00s4001-F,tan20250321t181350c00s4001,1,0.7488648373790453,0.48028329461511193
575426,tan20250321t181350c00s4001-G,tan20250321t181350c00s4001,1,0.8037057113658042,0.48028329461511193
575430,tan20250321t181350c00s4001-G,tan20250321t181350c00s4001,1,0.6360883523772307,0.48028329461511193
575472,tan20250321t181350c00s4001-F,tan20250321t181350c00s4001,0,0.036189457979401964,0.48028329461511193
575483,tan20250321t181350c00s4001-F,tan20250321t181350c00s4001,0,0.6248466029958488,0.48028329461511193
575507,tan20250321t181350c00s4001-H,tan20250321t181350c00s4001,1,0.8060606304987398,0.48028329461511193
575690,tan20250328t054218c00s4001-B,tan20250328t054218c00s4001,0,0.015422850470847143,0.48028329461511193
575697,tan20250328t054218c00s4001-B,tan20250328t054218c00s4001,0,0.05087661913925713,0.48028329461511193
575711,tan20250328t054218c00s4001-B,tan20250328t054218c00s4001,0,0.006343199960687433,0.48028329461511193
575712,tan20250321t181350c00s4001-H,tan20250321t181350c00s4001,1,0.7931903654607219,0.48028329461511193
575733,tan20250328t054218c00s4001-B,tan20250328t054218c00s4001,0,0.011437211917183181,0.48028329461511193
575742,tan20250328t054218c00s4001-B,tan20250328t054218c00s4001,0,0.00484647332982157,0.48028329461511193
575746,tan20250328t054218c00s4001-B,tan20250328t054218c00s4001,0,0.009564522713926039,0.48028329461511193
575747,tan20250321t181350c00s4001-H,tan20250321t181350c00s4001,1,0.8979622497508625,0.48028329461511193
575812,tan20250328t054218c00s4001-B,tan20250328t054218c00s4001,0,0.006782666552517748,0.48028329461511193
576428,tan20250321t181350c00s4001-H,tan20250321t181350c00s4001,0,0.6239768862843802,0.48028329461511193
576430,tan20250321t181350c00s4001-H,tan20250321t181350c00s4001,0,0.05412162253805371,0.48028329461511193
576432,tan20250321t181350c00s4001-H,tan20250321t181350c00s4001,0,0.17759195813846962,0.48028329461511193
576434,tan20250328t054218c00s4001-F,tan20250328t054218c00s4001,1,0.006127061072408105,0.48028329461511193
576436,tan20250328t054218c00s4001-F,tan20250328t054218c00s4001,1,0.0051519470804969585,0.48028329461511193
576439,tan20250328t054218c00s4001-F,tan20250328t054218c00s4001,1,0.06118722502125636,0.48028329461511193
576441,tan20250328t054218c00s4001-F,tan20250328t054218c00s4001,1,0.02477207140420493,0.48028329461511193
576445,tan20250328t054218c00s4001-F,tan20250328t054218c00s4001,1,0.060189475639742904,0.48028329461511193
576447,tan20250328t054218c00s4001-F,tan20250328t054218c00s4001,1,0.006273629357989228,0.48028329461511193
576452,tan20250328t054218c00s4001-F,tan20250328t054218c00s4001,1,0.012050597354862705,0.48028329461511193
576453,tan20250328t054218c00s4001-F,tan20250328t054218c00s4001,1,0.041209778822925376,0.48028329461511193
576454,tan20250328t054218c00s4001-F,tan20250328t054218c00s4001,1,0.03393999691724782,0.48028329461511193
576455,tan20250328t054218c00s4001-F,tan20250328t054218c00s4001,1,0.02411235032506279,0.48028329461511193
576456,tan20250328t054218c00s4001-F,tan20250328t054218c00s4001,1,0.037875917750709025,0.48028329461511193
576557,tan20250403t003240c00s4001-C,tan20250403t003240c00s4001,0,0.0009308728943941709,0.48028329461511193
576558,tan20250328t054218c00s4001-F,tan20250328t054218c00s4001,1,0.00580755596888864,0.48028329461511193
576559,tan20250403t003240c00s4001-C,tan20250403t003240c00s4001,0,0.017125860721586082,0.48028329461511193
576560,tan20250328t054218c00s4001-F,tan20250328t054218c00s4001,1,0.005159281842273874,0.48028329461511193
576562,tan20250403t003240c00s4001-C,tan20250403t003240c00s4001,0,0.001978102669310025,0.48028329461511193
576563,tan20250328t054218c00s4001-F,tan20250328t054218c00s4001,1,0.03361014994672132,0.48028329461511193
576564,tan20250403t003240c00s4001-C,tan20250403t003240c00s4001,0,0.137234828441009,0.48028329461511193
576565,tan20250328t054218c00s4001-F,tan20250328t054218c00s4001,1,0.05956696590707027,0.48028329461511193
576569,tan20250403t003240c00s4001-C,tan20250403t003240c00s4001,0,0.010949142867439978,0.48028329461511193
576570,tan20250328t054218c00s4001-F,tan20250328t054218c00s4001,1,0.006273629357989228,0.48028329461511193
576571,tan20250403t003240c00s4001-C,tan20250403t003240c00s4001,0,0.0016992351663259269,0.48028329461511193
576572,tan20250328t054218c00s4001-F,tan20250328t054218c00s4001,0,0.025760326038223706,0.48028329461511193
576574,tan20250403t003240c00s4001-C,tan20250403t003240c00s4001,0,0.003558608596447479,0.48028329461511193
576576,tan20250403t003240c00s4001-C,tan20250403t003240c00s4001,0,0.0009988253287401222,0.48028329461511193
576577,tan20250328t054218c00s4001-F,tan20250328t054218c00s4001,0,0.006211967087537886,0.48028329461511193
576579,tan20250403t003240c00s4001-C,tan20250403t003240c00s4001,0,0.0014352837579050574,0.48028329461511193
576580,tan20250328t054218c00s4001-F,tan20250328t054218c00s4001,0,0.013979905494224518,0.48028329461511193
576581,tan20250403t003240c00s4001-C,tan20250403t003240c00s4001,0,0.0023825119528067145,0.48028329461511193
576582,tan20250328t054218c00s4001-F,tan20250328t054218c00s4001,0,0.03759576905824871,0.48028329461511193
576583,tan20250403t003240c00s4001-C,tan20250403t003240c00s4001,0,0.0017984483360905799,0.48028329461511193
576586,tan20250403t003240c00s4001-C,tan20250403t003240c00s4001,0,0.0023654807410905285,0.48028329461511193
576589,tan20250403t003240c00s4001-C,tan20250403t003240c00s4001,0,0.006571138928771023,0.48028329461511193
576590,tan20250328t054218c00s4001-F,tan20250328t054218c00s4001,0,0.056930605530570506,0.48028329461511193
576591,tan20250403t003240c00s4001-C,tan20250403t003240c00s4001,0,0.002340084128356761,0.48028329461511193
576593,tan20250403t003240c00s4001-C,tan20250403t003240c00s4001,0,0.0025761758277691605,0.48028329461511193
576594,tan20250328t054218c00s4001-F,tan20250328t054218c00s4001,0,0.00665572383174163,0.48028329461511193
576595,tan20250403t003240c00s4001-C,tan20250403t003240c00s4001,0,0.0012881410116066336,0.48028329461511193
576596,tan20250328t054218c00s4001-F,tan20250328t054218c00s4001,0,0.010136529342723497,0.48028329461511193
576597,tan20250328t054218c00s4001-F,tan20250328t054218c00s4001,0,0.013630856616676628,0.48028329461511193
576602,tan20250408t170859c00s4001-A,tan20250408t170859c00s4001,1,0.8071099672333584,0.48028329461511193
576603,tan20250328t054218c00s4001-F,tan20250328t054218c00s4001,0,0.007589196326308041,0.48028329461511193
576604,tan20250408t170859c00s4001-A,tan20250408t170859c00s4001,1,0.6383152705678131,0.48028329461511193
576606,tan20250408t170859c00s4001-A,tan20250408t170859c00s4001,1,0.5561802942409234,0.48028329461511193
576607,tan20250408t170859c00s4001-A,tan20250408t170859c00s4001,1,0.775773203152205,0.48028329461511193
576711,tan20250408t170859c00s4001-A,tan20250408t170859c00s4001,1,0.629731930230362,0.48028329461511193
576729,tan20250408t170859c00s4001-A,tan20250408t170859c00s4001,1,0.15281272967562518,0.48028329461511193
576741,tan20250408t170859c00s4001-E,tan20250408t170859c00s4001,0,0.0009138476083976274,0.48028329461511193
576766,tan20250408t170859c00s4001-A,tan20250408t170859c00s4001,1,0.6775009009488598,0.48028329461511193
576771,tan20250408t170859c00s4001-E,tan20250408t170859c00s4001,0,0.0005220036153664612,0.48028329461511193
576772,tan20250408t170859c00s4001-A,tan20250408t170859c00s4001,1,0.7562907847931255,0.48028329461511193
576777,tan20250408t170859c00s4001-A,tan20250408t170859c00s4001,0,0.0026613638916204723,0.48028329461511193
576794,tan20250408t170859c00s4001-E,tan20250408t170859c00s4001,0,0.0007301903037946775,0.48028329461511193
576796,tan20250408t170859c00s4001-A,tan20250408t170859c00s4001,0,0.000862259718691813,0.48028329461511193
576797,tan20250408t170859c00s4001-E,tan20250408t170859c00s4001,0,0.10883875067121565,0.48028329461511193
576815,tan20250408t170859c00s4001-A,tan20250408t170859c00s4001,0,0.10715980946341509,0.48028329461511193
576820,tan20250408t170859c00s4001-A,tan20250408t170859c00s4001,0,0.0013057969334577138,0.48028329461511193
576821,tan20250408t170859c00s4001-H,tan20250408t170859c00s4001,1,0.3864279544249732,0.48028329461511193
576823,tan20250408t170859c00s4001-A,tan20250408t170859c00s4001,0,0.0008467704410912365,0.48028329461511193
576828,tan20250408t170859c00s4001-H,tan20250408t170859c00s4001,1,0.3032128160574385,0.48028329461511193
576830,tan20250408t170859c00s4001-H,tan20250408t170859c00s4001,1,0.8399685448633998,0.48028329461511193
576833,tan20250408t170859c00s4001-H,tan20250408t170859c00s4001,1,0.7487210026828099,0.48028329461511193
576834,tan20250408t170859c00s4001-H,tan20250408t170859c00s4001,1,0.8279449039084007,0.48028329461511193
577136,tan20250408t170859c00s4001-H,tan20250408t170859c00s4001,1,0.7692580023185398,0.48028329461511193
577251,tan20250420t090615c00s4001-B,tan20250420t090615c00s4001,0,0.0020138461080805776,0.48028329461511193
577252,tan20250408t170859c00s4001-H,tan20250408t170859c00s4001,1,0.9154364678778658,0.48028329461511193
577264,tan20250420t090615c00s4001-B,tan20250420t090615c00s4001,0,0.0013544181285133309,0.48028329461511193
577320,tan20250420t090615c00s4001-B,tan20250420t090615c00s4001,0,0.002508005820541311,0.48028329461511193
577354,tan20250420t090615c00s4001-B,tan20250420t090615c00s4001,0,0.006043527996117196,0.48028329461511193
577355,tan20250408t170859c00s4001-H,tan20250408t170859c00s4001,1,0.8028662436041353,0.48028329461511193
577373,tan20250420t090615c00s4001-B,tan20250420t090615c00s4001,0,0.0009067581522029514,0.48028329461511193
577378,tan20250408t170859c00s4001-H,tan20250408t170859c00s4001,0,0.0011999291869524145,0.48028329461511193
577394,tan20250420t090615c00s4001-B,tan20250420t090615c00s4001,0,0.0014280410934920163,0.48028329461511193
577418,tan20250420t090615c00s4001-B,tan20250420t090615c00s4001,0,0.0009863549337491078,0.48028329461511193
577419,tan20250408t170859c00s4001-H,tan20250408t170859c00s4001,0,0.001892439311357443,0.48028329461511193
577420,tan20250420t090615c00s4001-B,tan20250420t090615c00s4001,0,0.006288748712026008,0.48028329461511193
577445,tan20250420t090615c00s4001-B,tan20250420t090615c00s4001,0,0.0030630295501359564,0.48028329461511193
577448,tan20250408t170859c00s4001-H,tan20250408t170859c00s4001,0,0.011210464661978913,0.48028329461511193
577562,tan20250422t170953c00s4001-A,tan20250422t170953c00s4001,0,0.05153401477208518,0.48028329461511193
577565,tan20250422t170953c00s4001-A,tan20250422t170953c00s4001,0,0.0021456409439220177,0.48028329461511193
577567,tan20250408t170859c00s4001-H,tan20250408t170859c00s4001,0,0.01047980862911894,0.48028329461511193
577568,tan20250422t170953c00s4001-A,tan20250422t170953c00s4001,0,0.7984080372780414,0.48028329461511193
577569,tan20250408t170859c00s4001-H,tan20250408t170859c00s4001,0,0.003606234819263376,0.48028329461511193
577571,tan20250422t170953c00s4001-A,tan20250422t170953c00s4001,0,0.030294245778929623,0.48028329461511193
577573,tan20250422t170953c00s4001-A,tan20250422t170953c00s4001,0,0.01450948967161368,0.48028329461511193
577574,tan20250408t170859c00s4001-H,tan20250408t170859c00s4001,0,0.7217424969106376,0.48028329461511193
577576,tan20250422t170953c00s4001-A,tan20250422t170953c00s4001,0,0.23855132994191813,0.48028329461511193
577580,tan20250422t170953c00s4001-A,tan20250422t170953c00s4001,0,0.001580358667414398,0.48028329461511193
577588,tan20250422t170953c00s4001-A,tan20250422t170953c00s4001,0,0.0015250953319599374,0.48028329461511193
577591,tan20250408t170859c00s4001-H,tan20250408t170859c00s4001,0,0.0011797346391057384,0.48028329461511193
577593,tan20250422t170953c00s4001-A,tan20250422t170953c00s4001,0,0.20010491103334715,0.48028329461511193
577594,tan20250422t170953c00s4001-A,tan20250422t170953c00s4001,0,0.0020408443685159716,0.48028329461511193
577595,tan20250422t170953c00s4001-A,tan20250422t170953c00s4001,0,0.0034337632187660533,0.48028329461511193
577596,tan20250423t054256c00s4001-B,tan20250423t054256c00s4001,1,0.3954325232363458,0.48028329461511193
577600,tan20250422t170953c00s4001-A,tan20250422t170953c00s4001,0,0.007764585382713324,0.48028329461511193
577601,tan20250423t054256c00s4001-B,tan20250423t054256c00s4001,1,0.41422624763465377,0.48028329461511193
577602,tan20250422t170953c00s4001-A,tan20250422t170953c00s4001,0,0.0357839979645804,0.48028329461511193
577603,tan20250423t054256c00s4001-B,tan20250423t054256c00s4001,1,0.5736244993219705,0.48028329461511193
577604,tan20250422t170953c00s4001-A,tan20250422t170953c00s4001,0,0.008009303804442695,0.48028329461511193
577605,tan20250423t054256c00s4001-B,tan20250423t054256c00s4001,1,0.5186618948431527,0.48028329461511193
577607,tan20250422t170953c00s4001-A,tan20250422t170953c00s4001,0,0.3104456092915033,0.48028329461511193
577608,tan20250423t054256c00s4001-B,tan20250423t054256c00s4001,1,0.2593620786251468,0.48028329461511193
577612,tan20250422t170953c00s4001-A,tan20250422t170953c00s4001,0,0.004017263400329422,0.48028329461511193
577613,tan20250423t054256c00s4001-B,tan20250423t054256c00s4001,1,0.399856023364943,0.48028329461511193
577614,tan20250423t054256c00s4001-B,tan20250423t054256c00s4001,1,0.627818141404402,0.48028329461511193
577615,tan20250423t054256c00s4001-B,tan20250423t054256c00s4001,1,0.619280321400128,0.48028329461511193
577616,tan20250423t071100c00s4001-A,tan20250423t071100c00s4001,1,0.014740787545091087,0.48028329461511193
577617,tan20250423t054256c00s4001-B,tan20250423t054256c00s4001,1,0.34579835115223784,0.48028329461511193
577618,tan20250423t071100c00s4001-A,tan20250423t071100c00s4001,1,0.005624534839563578,0.48028329461511193
577619,tan20250423t054256c00s4001-B,tan20250423t054256c00s4001,1,0.6244298498425103,0.48028329461511193
577620,tan20250423t071100c00s4001-A,tan20250423t071100c00s4001,1,0.022861078127279208,0.48028329461511193
577621,tan20250423t054256c00s4001-B,tan20250423t054256c00s4001,1,0.2277996307130162,0.48028329461511193
577622,tan20250423t071100c00s4001-A,tan20250423t071100c00s4001,1,0.005624534839563578,0.48028329461511193
577623,tan20250423t054256c00s4001-B,tan20250423t054256c00s4001,1,0.2894584308128638,0.48028329461511193
577624,tan20250423t071100c00s4001-A,tan20250423t071100c00s4001,1,0.011738441426120115,0.48028329461511193
577625,tan20250423t054256c00s4001-B,tan20250423t054256c00s4001,1,0.5606444736117203,0.48028329461511193
577626,tan20250423t071100c00s4001-A,tan20250423t071100c00s4001,1,0.00850568098612241,0.48028329461511193
577627,tan20250423t054256c00s4001-B,tan20250423t054256c00s4001,1,0.40494283736504544,0.48028329461511193
577628,tan20250423t071100c00s4001-A,tan20250423t071100c00s4001,1,0.004503664715458063,0.48028329461511193
577629,tan20250423t054256c00s4001-B,tan20250423t054256c00s4001,1,0.5736139224514414,0.48028329461511193
577630,tan20250423t071100c00s4001-A,tan20250423t071100c00s4001,1,0.011513357341685383,0.48028329461511193
577631,tan20250423t054256c00s4001-B,tan20250423t054256c00s4001,1,0.41422624763465377,0.48028329461511193
577632,tan20250423t071100c00s4001-A,tan20250423t071100c00s4001,1,0.013975024838922651,0.48028329461511193
577633,tan20250423t054256c00s4001-B,tan20250423t054256c00s4001,0,0.3383653892192773,0.48028329461511193
577634,tan20250423t071100c00s4001-A,tan20250423t071100c00s4001,1,0.009446916920932732,0.48028329461511193
577635,tan20250423t054256c00s4001-B,tan20250423t054256c00s4001,0,0.025191672604016915,0.48028329461511193
577636,tan20250423t071100c00s4001-A,tan20250423t071100c00s4001,1,0.00420133004654022,0.48028329461511193
577637,tan20250423t054256c00s4001-B,tan20250423t054256c00s4001,0,0.00909607620237796,0.48028329461511193
577638,tan20250423t071100c00s4001-A,tan20250423t071100c00s4001,1,0.022203780156300403,0.48028329461511193
577639,tan20250423t054256c00s4001-B,tan20250423t054256c00s4001,0,0.008214878516714938,0.48028329461511193
577640,tan20250423t071100c00s4001-A,tan20250423t071100c00s4001,1,0.011061244824733658,0.48028329461511193
577641,tan20250423t054256c00s4001-B,tan20250423t054256c00s4001,0,0.006772395141992475,0.48028329461511193
577642,tan20250423t071100c00s4001-A,tan20250423t071100c00s4001,1,0.007836875735344357,0.48028329461511193
577643,tan20250423t054256c00s4001-B,tan20250423t054256c00s4001,0,0.30703548654559676,0.48028329461511193
577644,tan20250423t071100c00s4001-A,tan20250423t071100c00s4001,1,0.012815355813063213,0.48028329461511193
577645,tan20250423t054256c00s4001-B,tan20250423t054256c00s4001,0,0.10208770378418906,0.48028329461511193
577646,tan20250423t071100c00s4001-A,tan20250423t071100c00s4001,1,0.0090984062884055,0.48028329461511193
577647,tan20250423t054256c00s4001-B,tan20250423t054256c00s4001,0,0.12923682880532117,0.48028329461511193
577648,tan20250423t071100c00s4001-A,tan20250423t071100c00s4001,0,0.007805203703078665,0.48028329461511193
577649,tan20250423t054256c00s4001-B,tan20250423t054256c00s4001,0,0.004788653235097852,0.48028329461511193
577650,tan20250423t071100c00s4001-A,tan20250423t071100c00s4001,0,0.00254286709770965,0.48028329461511193
577651,tan20250423t054256c00s4001-B,tan20250423t054256c00s4001,0,0.002979275906023765,0.48028329461511193
577652,tan20250423t071100c00s4001-A,tan20250423t071100c00s4001,0,0.00544384151215242,0.48028329461511193
577653,tan20250423t054256c00s4001-B,tan20250423t054256c00s4001,0,0.007608689412290433,0.48028329461511193
577654,tan20250423t071100c00s4001-A,tan20250423t071100c00s4001,0,0.014356639271779225,0.48028329461511193
577655,tan20250423t054256c00s4001-B,tan20250423t054256c00s4001,0,0.2814636442599577,0.48028329461511193
577656,tan20250423t071100c00s4001-A,tan20250423t071100c00s4001,0,0.011297132900038505,0.48028329461511193
577657,tan20250423t054256c00s4001-B,tan20250423t054256c00s4001,0,0.004272249793648976,0.48028329461511193
577658,tan20250423t071100c00s4001-A,tan20250423t071100c00s4001,0,0.0053122390150843295,0.48028329461511193
577659,tan20250423t054256c00s4001-B,tan20250423t054256c00s4001,0,0.19380113808065477,0.48028329461511193
577660,tan20250423t071100c00s4001-A,tan20250423t071100c00s4001,0,0.01093734686125139,0.48028329461511193
577661,tan20250423t054256c00s4001-B,tan20250423t054256c00s4001,0,0.020513369220174087,0.48028329461511193
577662,tan20250423t071100c00s4001-A,tan20250423t071100c00s4001,0,0.01235752509809483,0.48028329461511193
577663,tan20250423t054256c00s4001-B,tan20250423t054256c00s4001,0,0.684105044917552,0.48028329461511193
577664,tan20250423t071100c00s4001-A,tan20250423t071100c00s4001,0,0.0046559771527985745,0.48028329461511193
577665,tan20250423t071100c00s4001-A,tan20250423t071100c00s4001,0,0.0026840364269211476,0.48028329461511193
577666,tan20250423t071100c00s4001-A,tan20250423t071100c00s4001,0,0.0060469337785501115,0.48028329461511193
577667,tan20250423t071100c00s4001-A,tan20250423t071100c00s4001,0,0.007194328888122748,0.48028329461511193
577968,tan20250423t071100c00s4001-A,tan20250423t071100c00s4001,0,0.002410917329862445,0.48028329461511193
577969,tan20250423t071100c00s4001-A,tan20250423t071100c00s4001,0,0.001477962330107242,0.48028329461511193
577970,tan20250423t071100c00s4001-A,tan20250423t071100c00s4001,0,0.005611348978413218,0.48028329461511193
577971,tan20250423t180710c00s4001-A,tan20250423t180710c00s4001,1,0.8750694037730551,0.48028329461511193
577972,tan20250423t071100c00s4001-A,tan20250423t071100c00s4001,0,0.0035045839284737652,0.48028329461511193
577973,tan20250423t180710c00s4001-A,tan20250423t180710c00s4001,1,0.9855515041678821,0.48028329461511193
577974,tan20250423t180710c00s4001-A,tan20250423t180710c00s4001,1,0.8763833842363041,0.48028329461511193
577975,tan20250423t180710c00s4001-A,tan20250423t180710c00s4001,1,0.9533665447124111,0.48028329461511193
577976,tan20250423t180710c00s4001-A,tan20250423t180710c00s4001,1,0.7625197441495588,0.48028329461511193
577977,tan20250423t180710c00s4001-A,tan20250423t180710c00s4001,1,0.9050702095556371,0.48028329461511193
577978,tan20250423t180710c00s4001-A,tan20250423t180710c00s4001,1,0.973974370407638,0.48028329461511193
577979,tan20250427t060533c00s4001-A,tan20250427t060533c00s4001,1,0.13141457609440618,0.48028329461511193
577980,tan20250423t180710c00s4001-A,tan20250423t180710c00s4001,1,0.9662617499399236,0.48028329461511193
577981,tan20250427t060533c00s4001-A,tan20250427t060533c00s4001,1,0.7321910449389571,0.48028329461511193
577982,tan20250423t180710c00s4001-A,tan20250423t180710c00s4001,1,0.6994076154681826,0.48028329461511193
577983,tan20250427t060533c00s4001-A,tan20250427t060533c00s4001,1,0.13141457609440618,0.48028329461511193
577984,tan20250423t180710c00s4001-A,tan20250423t180710c00s4001,1,0.9416439697595208,0.48028329461511193
577985,tan20250427t060533c00s4001-A,tan20250427t060533c00s4001,1,0.8090249237242404,0.48028329461511193
577986,tan20250423t180710c00s4001-A,tan20250423t180710c00s4001,1,0.9155349879363314,0.48028329461511193
577987,tan20250427t060533c00s4001-A,tan20250427t060533c00s4001,1,0.4297332606929283,0.48028329461511193
577988,tan20250423t180710c00s4001-A,tan20250423t180710c00s4001,1,0.9379159512005726,0.48028329461511193
577989,tan20250427t060533c00s4001-A,tan20250427t060533c00s4001,1,0.4491854236692967,0.48028329461511193
577990,tan20250423t180710c00s4001-A,tan20250423t180710c00s4001,1,0.8380570189845504,0.48028329461511193
577991,tan20250427t060533c00s4001-A,tan20250427t060533c00s4001,1,0.10728098269706013,0.48028329461511193
577992,tan20250423t180710c00s4001-A,tan20250423t180710c00s4001,1,0.8763833842363041,0.48028329461511193
577993,tan20250427t060533c00s4001-A,tan20250427t060533c00s4001,1,0.6258884788561638,0.48028329461511193
577994,tan20250423t180710c00s4001-A,tan20250423t180710c00s4001,1,0.8727340963509674,0.48028329461511193
577995,tan20250427t060533c00s4001-A,tan20250427t060533c00s4001,1,0.5769221466891647,0.48028329461511193
577996,tan20250423t180710c00s4001-A,tan20250423t180710c00s4001,1,0.7889205973018178,0.48028329461511193
577997,tan20250427t060533c00s4001-A,tan20250427t060533c00s4001,1,0.21007487891591733,0.48028329461511193
577998,tan20250423t180710c00s4001-A,tan20250423t180710c00s4001,0,0.3173640711565265,0.48028329461511193
577999,tan20250427t060533c00s4001-A,tan20250427t060533c00s4001,1,0.3249910390592987,0.48028329461511193
578000,tan20250423t180710c00s4001-A,tan20250423t180710c00s4001,0,0.30020420967377903,0.48028329461511193
578001,tan20250427t060533c00s4001-A,tan20250427t060533c00s4001,1,0.42242290529027854,0.48028329461511193
578002,tan20250423t180710c00s4001-A,tan20250423t180710c00s4001,0,0.11651381822324976,0.48028329461511193
578003,tan20250427t060533c00s4001-A,tan20250427t060533c00s4001,1,0.7958984899886515,0.48028329461511193
578004,tan20250423t180710c00s4001-A,tan20250423t180710c00s4001,0,0.10005779811802455,0.48028329461511193
578005,tan20250427t060533c00s4001-A,tan20250427t060533c00s4001,1,0.2389358699239054,0.48028329461511193
578006,tan20250423t180710c00s4001-A,tan20250423t180710c00s4001,0,0.8428190143926128,0.48028329461511193
578007,tan20250427t060533c00s4001-A,tan20250427t060533c00s4001,1,0.5046073787907137,0.48028329461511193
578008,tan20250423t180710c00s4001-A,tan20250423t180710c00s4001,0,0.014677423551298403,0.48028329461511193
578009,tan20250427t060533c00s4001-A,tan20250427t060533c00s4001,1,0.170411306082403,0.48028329461511193
578010,tan20250423t180710c00s4001-A,tan20250423t180710c00s4001,0,0.5319729376882744,0.48028329461511193
578011,tan20250427t060533c00s4001-A,tan20250427t060533c00s4001,0,0.008430994293356583,0.48028329461511193
578012,tan20250423t180710c00s4001-A,tan20250423t180710c00s4001,0,0.2322239424686471,0.48028329461511193
578013,tan20250427t060533c00s4001-A,tan20250427t060533c00s4001,0,0.035934129424516154,0.48028329461511193
578014,tan20250423t180710c00s4001-A,tan20250423t180710c00s4001,0,0.5956817742403137,0.48028329461511193
578015,tan20250427t060533c00s4001-A,tan20250427t060533c00s4001,0,0.006519695697675537,0.48028329461511193
578016,tan20250423t180710c00s4001-A,tan20250423t180710c00s4001,0,0.0036701153301671656,0.48028329461511193
578017,tan20250427t060533c00s4001-A,tan20250427t060533c00s4001,0,0.003899879828480926,0.48028329461511193
578018,tan20250423t180710c00s4001-A,tan20250423t180710c00s4001,0,0.26811944177704805,0.48028329461511193
578019,tan20250427t060533c00s4001-A,tan20250427t060533c00s4001,0,0.005814678376069094,0.48028329461511193
578020,tan20250423t180710c00s4001-A,tan20250423t180710c00s4001,0,0.2764620114439432,0.48028329461511193
578021,tan20250427t060533c00s4001-A,tan20250427t060533c00s4001,0,0.0010604797477250605,0.48028329461511193
578022,tan20250423t180710c00s4001-A,tan20250423t180710c00s4001,0,0.6364919973383842,0.48028329461511193
578023,tan20250427t060533c00s4001-A,tan20250427t060533c00s4001,0,0.14053441055153415,0.48028329461511193
578024,tan20250423t180710c00s4001-A,tan20250423t180710c00s4001,0,0.7809216560626813,0.48028329461511193
578025,tan20250427t060533c00s4001-A,tan20250427t060533c00s4001,0,0.0024974101179241434,0.48028329461511193
578026,tan20250423t180710c00s4001-A,tan20250423t180710c00s4001,0,0.6098304192508505,0.48028329461511193
578027,tan20250427t060533c00s4001-A,tan20250427t060533c00s4001,0,0.0038815134228902272,0.48028329461511193
578028,tan20250423t180710c00s4001-A,tan20250423t180710c00s4001,0,0.9378268647302398,0.48028329461511193
578029,tan20250427t060533c00s4001-A,tan20250427t060533c00s4001,0,0.27002973065644026,0.48028329461511193
578030,tan20250427t060533c00s4001-A,tan20250427t060533c00s4001,0,0.005798129557987424,0.48028329461511193
578031,tan20250427t060533c00s4001-A,tan20250427t060533c00s4001,0,0.4627303124092585,0.48028329461511193
578032,tan20250427t165705c00s4001-A,tan20250427t165705c00s4001,1,0.8822722357637032,0.48028329461511193
578033,tan20250427t060533c00s4001-A,tan20250427t060533c00s4001,0,0.005658970434863176,0.48028329461511193
578034,tan20250427t165705c00s4001-A,tan20250427t165705c00s4001,1,0.8822912923245967,0.48028329461511193
578035,tan20250427t060533c00s4001-A,tan20250427t060533c00s4001,0,0.0020459333531183594,0.48028329461511193
578036,tan20250427t165705c00s4001-A,tan20250427t165705c00s4001,1,0.7326712545351461,0.48028329461511193
578037,tan20250427t060533c00s4001-A,tan20250427t060533c00s4001,0,0.4996230580467872,0.48028329461511193
578038,tan20250427t165705c00s4001-A,tan20250427t165705c00s4001,1,0.515429037789707,0.48028329461511193
578039,tan20250427t060533c00s4001-A,tan20250427t060533c00s4001,0,0.0024410831486342092,0.48028329461511193
578040,tan20250427t165705c00s4001-A,tan20250427t165705c00s4001,1,0.5303052471597178,0.48028329461511193
578041,tan20250427t165705c00s4001-A,tan20250427t165705c00s4001,1,0.7982286825291013,0.48028329461511193
578042,tan20250427t165705c00s4001-A,tan20250427t165705c00s4001,1,0.6117670950633899,0.48028329461511193
578043,tan20250427t165705c00s4001-A,tan20250427t165705c00s4001,1,0.6117670950633899,0.48028329461511193
578044,tan20250430t180543c00s4001-F,tan20250430t180543c00s4001,1,0.6710212262257619,0.48028329461511193
578045,tan20250427t165705c00s4001-A,tan20250427t165705c00s4001,1,0.449390885391271,0.48028329461511193
578046,tan20250430t180543c00s4001-F,tan20250430t180543c00s4001,1,0.7613219767295081,0.48028329461511193
578047,tan20250427t165705c00s4001-A,tan20250427t165705c00s4001,1,0.764548738808982,0.48028329461511193
578049,tan20250427t165705c00s4001-A,tan20250427t165705c00s4001,1,0.8412887581389558,0.48028329461511193
578050,tan20250430t180543c00s4001-F,tan20250430t180543c00s4001,1,0.6913079769996092,0.48028329461511193
578051,tan20250427t165705c00s4001-A,tan20250427t165705c00s4001,1,0.5155868578005517,0.48028329461511193
578052,tan20250430t180543c00s4001-F,tan20250430t180543c00s4001,1,0.80474936064175,0.48028329461511193
578053,tan20250427t165705c00s4001-A,tan20250427t165705c00s4001,1,0.764548738808982,0.48028329461511193
578055,tan20250427t165705c00s4001-A,tan20250427t165705c00s4001,1,0.7050320604818778,0.48028329461511193
578057,tan20250427t165705c00s4001-A,tan20250427t165705c00s4001,1,0.8702491429585398,0.48028329461511193
578059,tan20250427t165705c00s4001-A,tan20250427t165705c00s4001,1,0.9531874595685932,0.48028329461511193
578061,tan20250427t165705c00s4001-A,tan20250427t165705c00s4001,0,0.0017950098898033323,0.48028329461511193
578062,tan20250430t180543c00s4001-F,tan20250430t180543c00s4001,1,0.7942961185156823,0.48028329461511193
578063,tan20250427t165705c00s4001-A,tan20250427t165705c00s4001,0,0.0028729315277447815,0.48028329461511193
578065,tan20250427t165705c00s4001-A,tan20250427t165705c00s4001,0,0.20827529226046546,0.48028329461511193
578067,tan20250427t165705c00s4001-A,tan20250427t165705c00s4001,0,0.01742555982652109,0.48028329461511193
578069,tan20250427t165705c00s4001-A,tan20250427t165705c00s4001,0,0.00728565228491584,0.48028329461511193
578071,tan20250427t165705c00s4001-A,tan20250427t165705c00s4001,0,0.008534429464590586,0.48028329461511193
578073,tan20250427t165705c00s4001-A,tan20250427t165705c00s4001,0,0.003666013774652005,0.48028329461511193
578075,tan20250427t165705c00s4001-A,tan20250427t165705c00s4001,0,0.007330134149540157,0.48028329461511193
578077,tan20250427t165705c00s4001-A,tan20250427t165705c00s4001,0,0.002426911183047026,0.48028329461511193
578079,tan20250427t165705c00s4001-A,tan20250427t165705c00s4001,0,0.00782242926341735,0.48028329461511193
578081,tan20250427t165705c00s4001-A,tan20250427t165705c00s4001,0,0.026319397466892484,0.48028329461511193
578083,tan20250427t165705c00s4001-A,tan20250427t165705c00s4001,0,0.0953716627436526,0.48028329461511193
578084,tan20250430t180543c00s4001-F,tan20250430t180543c00s4001,0,0.07201109824386087,0.48028329461511193
578085,tan20250427t165705c00s4001-A,tan20250427t165705c00s4001,0,0.021733156771739943,0.48028329461511193
578086,tan20250430t180543c00s4001-F,tan20250430t180543c00s4001,0,0.6167989224590205,0.48028329461511193
578087,tan20250427t165705c00s4001-A,tan20250427t165705c00s4001,0,0.008500001310643013,0.48028329461511193
578089,tan20250427t165705c00s4001-A,tan20250427t165705c00s4001,0,0.03246840830223762,0.48028329461511193
578091,tan20250427t165705c00s4001-A,tan20250427t165705c00s4001,0,0.005911848132126219,0.48028329461511193
578093,tan20250430t180543c00s4001-F,tan20250430t180543c00s4001,0,0.07622563178296038,0.48028329461511193
578097,tan20250430t180543c00s4001-J,tan20250430t180543c00s4001,1,0.3906080018468065,0.48028329461511193
578099,tan20250430t180543c00s4001-J,tan20250430t180543c00s4001,1,0.8811190048153917,0.48028329461511193
578107,tan20250430t180543c00s4001-J,tan20250430t180543c00s4001,1,0.6327316587935486,0.48028329461511193
578110,tan20250430t180543c00s4001-K,tan20250430t180543c00s4001,1,0.9683056063110695,0.48028329461511193
578141,tan20250430t180543c00s4001-J,tan20250430t180543c00s4001,0,0.6841038755572207,0.48028329461511193
578147,tan20250430t180543c00s4001-J,tan20250430t180543c00s4001,0,0.01973517948051863,0.48028329461511193
578150,tan20250430t180543c00s4001-K,tan20250430t180543c00s4001,0,0.6872530730553816,0.48028329461511193
578152,tan20250430t180543c00s4001-K,tan20250430t180543c00s4001,0,0.19970653046980472,0.48028329461511193
578155,tan20250430t180543c00s4001-J,tan20250430t180543c00s4001,0,0.3252387963993868,0.48028329461511193
578156,tan20250430t180543c00s4001-K,tan20250430t180543c00s4001,0,0.19082415131497277,0.48028329461511193
578157,tan20250430t180543c00s4001-J,tan20250430t180543c00s4001,0,0.4242171961143299,0.48028329461511193
578158,tan20250430t180543c00s4001-K,tan20250430t180543c00s4001,0,0.2240306404172786,0.48028329461511193
578162,tan20250430t180543c00s4001-K,tan20250430t180543c00s4001,0,0.1824031096360883,0.48028329461511193
578177,tan20250430t180543c00s4001-M,tan20250430t180543c00s4001,1,0.9328985407516628,0.48028329461511193
578187,tan20250430t180543c00s4001-M,tan20250430t180543c00s4001,1,0.7285031140373388,0.48028329461511193
578198,tan20250430t180543c00s4001-P,tan20250430t180543c00s4001,1,0.5814898586557324,0.48028329461511193
578202,tan20250430t180543c00s4001-P,tan20250430t180543c00s4001,0,0.46868142991176104,0.48028329461511193
578203,tan20250430t180543c00s4001-M,tan20250430t180543c00s4001,0,0.06531485517410825,0.48028329461511193
578204,tan20250430t180543c00s4001-P,tan20250430t180543c00s4001,0,0.026442079184168472,0.48028329461511193
578206,tan20250430t180543c00s4001-P,tan20250430t180543c00s4001,0,0.12074735415145736,0.48028329461511193
578227,tan20250430t180543c00s4001-R,tan20250430t180543c00s4001,1,0.9118447810399783,0.48028329461511193
578231,tan20250430t180543c00s4001-R,tan20250430t180543c00s4001,1,0.7663201147777079,0.48028329461511193
578232,tan20250430t180543c00s4001-R,tan20250430t180543c00s4001,1,0.8522031729334258,0.48028329461511193
578234,tan20250430t193530c00s4001-A,tan20250430t193530c00s4001,1,0.9730978703080142,0.48028329461511193
578236,tan20250430t193530c00s4001-A,tan20250430t193530c00s4001,1,0.9739253872029062,0.48028329461511193
578237,tan20250430t180543c00s4001-R,tan20250430t180543c00s4001,1,0.8000208974273451,0.48028329461511193
578238,tan20250430t193530c00s4001-A,tan20250430t193530c00s4001,1,0.9580775258667186,0.48028329461511193
578240,tan20250430t193530c00s4001-A,tan20250430t193530c00s4001,1,0.9704131915255507,0.48028329461511193
578242,tan20250430t193530c00s4001-A,tan20250430t193530c00s4001,1,0.9610315507415693,0.48028329461511193
578244,tan20250430t193530c00s4001-A,tan20250430t193530c00s4001,1,0.9492351673955053,0.48028329461511193
578246,tan20250430t193530c00s4001-A,tan20250430t193530c00s4001,1,0.9716412721369654,0.48028329461511193
578248,tan20250430t193530c00s4001-A,tan20250430t193530c00s4001,1,0.9530396009817421,0.48028329461511193
578250,tan20250430t193530c00s4001-A,tan20250430t193530c00s4001,1,0.9570955128045471,0.48028329461511193
578252,tan20250430t193530c00s4001-A,tan20250430t193530c00s4001,1,0.9461023265962727,0.48028329461511193
578254,tan20250430t193530c00s4001-A,tan20250430t193530c00s4001,1,0.9700622926787777,0.48028329461511193
578256,tan20250430t193530c00s4001-A,tan20250430t193530c00s4001,1,0.9716342204329083,0.48028329461511193
578258,tan20250430t193530c00s4001-A,tan20250430t193530c00s4001,1,0.9780193244374566,0.48028329461511193
578260,tan20250430t193530c00s4001-A,tan20250430t193530c00s4001,1,0.968326200585557,0.48028329461511193
578262,tan20250430t193530c00s4001-A,tan20250430t193530c00s4001,1,0.8989077565065078,0.48028329461511193
578264,tan20250430t193530c00s4001-A,tan20250430t193530c00s4001,1,0.9769769290441322,0.48028329461511193
578266,tan20250430t193530c00s4001-A,tan20250430t193530c00s4001,0,0.0010550675632455318,0.48028329461511193
578269,tan20250430t193530c00s4001-A,tan20250430t193530c00s4001,0,0.0013617704440112607,0.48028329461511193
578272,tan20250430t193530c00s4001-A,tan20250430t193530c00s4001,0,0.008220460389811985,0.48028329461511193
578275,tan20250430t193530c00s4001-A,tan20250430t193530c00s4001,0,0.001319463158774714,0.48028329461511193
578282,tan20250430t193530c00s4001-A,tan20250430t193530c00s4001,0,0.006449332186880934,0.48028329461511193
578286,tan20250430t193530c00s4001-A,tan20250430t193530c00s4001,0,0.0024028393430900784,0.48028329461511193
578288,tan20250430t193530c00s4001-A,tan20250430t193530c00s4001,0,0.10834902958083975,0.48028329461511193
578290,tan20250430t193530c00s4001-A,tan20250430t193530c00s4001,0,0.0013012152009206275,0.48028329461511193
578292,tan20250430t193530c00s4001-A,tan20250430t193530c00s4001,0,0.009113290180476468,0.48028329461511193
578296,tan20250430t193530c00s4001-A,tan20250430t193530c00s4001,0,0.0008403803089022466,0.48028329461511193
578299,tan20250430t193530c00s4001-A,tan20250430t193530c00s4001,0,0.0014583026786974245,0.48028329461511193
578301,tan20250430t193530c00s4001-A,tan20250430t193530c00s4001,0,0.0010253322609373127,0.48028329461511193
578302,tan20250430t193530c00s4001-A,tan20250430t193530c00s4001,0,0.6033550457568998,0.48028329461511193
578304,tan20250430t193530c00s4001-A,tan20250430t193530c00s4001,0,0.0008825367342296246,0.48028329461511193
578305,tan20250502t071641c00s4001-A,tan20250502t071641c00s4001,1,0.002296927002455196,0.48028329461511193
578306,tan20250430t193530c00s4001-A,tan20250430t193530c00s4001,0,0.001494461891069346,0.48028329461511193
578307,tan20250502t071641c00s4001-A,tan20250502t071641c00s4001,1,0.001745568009648462,0.48028329461511193
578310,tan20250430t193530c00s4001-A,tan20250430t193530c00s4001,0,0.04079155154405729,0.48028329461511193
578311,tan20250502t071641c00s4001-A,tan20250502t071641c00s4001,1,0.0014933000648572586,0.48028329461511193
578312,tan20250502t071641c00s4001-A,tan20250502t071641c00s4001,1,0.004795914438762618,0.48028329461511193
578313,tan20250502t071641c00s4001-A,tan20250502t071641c00s4001,1,0.003059405941442807,0.48028329461511193
578314,tan20250502t071641c00s4001-A,tan20250502t071641c00s4001,1,0.014484982858148077,0.48028329461511193
578316,tan20250502t071641c00s4001-A,tan20250502t071641c00s4001,1,0.003562869508718748,0.48028329461511193
578318,tan20250502t071641c00s4001-A,tan20250502t071641c00s4001,1,0.0026314755322932926,0.48028329461511193
578320,tan20250502t071641c00s4001-A,tan20250502t071641c00s4001,1,0.0022825489973874735,0.48028329461511193
578321,tan20250503t033800c00s4001-C,tan20250503t033800c00s4001,1,0.8967797589595647,0.48028329461511193
578322,tan20250502t071641c00s4001-A,tan20250502t071641c00s4001,1,0.003599804967494196,0.48028329461511193
578324,tan20250502t071641c00s4001-A,tan20250502t071641c00s4001,1,0.006526799113761452,0.48028329461511193
578326,tan20250502t071641c00s4001-A,tan20250502t071641c00s4001,1,0.01553559151872984,0.48028329461511193
578328,tan20250502t071641c00s4001-A,tan20250502t071641c00s4001,1,0.0028808734108783157,0.48028329461511193
578330,tan20250502t071641c00s4001-A,tan20250502t071641c00s4001,1,0.00344707114289068,0.48028329461511193
578332,tan20250502t071641c00s4001-A,tan20250502t071641c00s4001,1,0.008832692572438534,0.48028329461511193
578334,tan20250502t071641c00s4001-A,tan20250502t071641c00s4001,1,0.011358217152055487,0.48028329461511193
578338,tan20250502t071641c00s4001-A,tan20250502t071641c00s4001,0,0.011625062477557905,0.48028329461511193
578341,tan20250502t071641c00s4001-A,tan20250502t071641c00s4001,0,0.0206545713643775,0.48028329461511193
578343,tan20250502t071641c00s4001-A,tan20250502t071641c00s4001,0,0.0015132311896130257,0.48028329461511193
578345,tan20250502t071641c00s4001-A,tan20250502t071641c00s4001,0,0.006165629593658731,0.48028329461511193
578347,tan20250502t071641c00s4001-A,tan20250502t071641c00s4001,0,0.0016141326036772218,0.48028329461511193
578351,tan20250502t071641c00s4001-A,tan20250502t071641c00s4001,0,0.0032362294508211462,0.48028329461511193
578352,tan20250503t033800c00s4001-C,tan20250503t033800c00s4001,0,0.006587981718368227,0.48028329461511193
578353,tan20250502t071641c00s4001-A,tan20250502t071641c00s4001,0,0.03232398852721198,0.48028329461511193
578356,tan20250502t071641c00s4001-A,tan20250502t071641c00s4001,0,0.01222594031756339,0.48028329461511193
578358,tan20250502t071641c00s4001-A,tan20250502t071641c00s4001,0,0.020190627489560728,0.48028329461511193
578360,tan20250502t071641c00s4001-A,tan20250502t071641c00s4001,0,0.015033264115386354,0.48028329461511193
578362,tan20250502t071641c00s4001-A,tan20250502t071641c00s4001,0,0.02974812560925182,0.48028329461511193
578364,tan20250502t071641c00s4001-A,tan20250502t071641c00s4001,0,0.0011888953736714383,0.48028329461511193
578366,tan20250502t071641c00s4001-A,tan20250502t071641c00s4001,0,0.002749785945107743,0.48028329461511193
578368,tan20250502t071641c00s4001-A,tan20250502t071641c00s4001,0,0.006942613257460959,0.48028329461511193
578371,tan20250502t071641c00s4001-A,tan20250502t071641c00s4001,0,0.0030191403440666246,0.48028329461511193
578376,tan20250502t071641c00s4001-A,tan20250502t071641c00s4001,0,0.0016868469890184495,0.48028329461511193
578377,tan20250503t033800c00s4001-C,tan20250503t033800c00s4001,0,0.9097390863966177,0.48028329461511193
578386,tan20250503t033800c00s4001-H,tan20250503t033800c00s4001,1,0.8899684093470807,0.48028329461511193
578391,tan20250503t033800c00s4001-K,tan20250503t033800c00s4001,1,0.9763180613333421,0.48028329461511193
578395,tan20250503t033800c00s4001-K,tan20250503t033800c00s4001,1,0.9770735888570141,0.48028329461511193
578396,tan20250503t033800c00s4001-H,tan20250503t033800c00s4001,1,0.8414201243846552,0.48028329461511193
578399,tan20250503t033800c00s4001-K,tan20250503t033800c00s4001,1,0.9730451933200842,0.48028329461511193
578405,tan20250503t033800c00s4001-K,tan20250503t033800c00s4001,1,0.9758686172541807,0.48028329461511193
578411,tan20250503t033800c00s4001-K,tan20250503t033800c00s4001,1,0.9720822870256639,0.48028329461511193
578416,tan20250503t033800c00s4001-H,tan20250503t033800c00s4001,0,0.9675070589178033,0.48028329461511193
578419,tan20250503t033800c00s4001-K,tan20250503t033800c00s4001,1,0.9768696347280081,0.48028329461511193
578434,tan20250503t033800c00s4001-H,tan20250503t033800c00s4001,0,0.8540586332632958,0.48028329461511193
578437,tan20250503t033800c00s4001-K,tan20250503t033800c00s4001,0,0.018287746353404848,0.48028329461511193
578441,tan20250503t033800c00s4001-K,tan20250503t033800c00s4001,0,0.006812995677400717,0.48028329461511193
578447,tan20250503t033800c00s4001-K,tan20250503t033800c00s4001,0,0.36747737577436973,0.48028329461511193
578463,tan20250503t033800c00s4001-N,tan20250503t033800c00s4001,1,0.85089606644109,0.48028329461511193
578471,tan20250503t033800c00s4001-N,tan20250503t033800c00s4001,1,0.21329859683770494,0.48028329461511193
578481,tan20250503t033800c00s4001-N,tan20250503t033800c00s4001,1,0.13092420840992933,0.48028329461511193
578487,tan20250503t033800c00s4001-N,tan20250503t033800c00s4001,0,0.2969645930774276,0.48028329461511193
578489,tan20250503t033800c00s4001-N,tan20250503t033800c00s4001,0,0.004550401629085609,0.48028329461511193
578492,tan20250503t033800c00s4001-M,tan20250503t033800c00s4001,0,0.002040036603830143,0.48028329461511193
578528,tan20250503t033800c00s4001-P,tan20250503t033800c00s4001,1,0.7965593492995112,0.48028329461511193
578534,tan20250503t033800c00s4001-P,tan20250503t033800c00s4001,1,0.8292315187310909,0.48028329461511193
578536,tan20250503t033800c00s4001-P,tan20250503t033800c00s4001,0,0.20924809174873063,0.48028329461511193
578540,tan20250503t033800c00s4001-P,tan20250503t033800c00s4001,0,0.6856148115958935,0.48028329461511193
578541,tan20250503t033800c00s4001-T,tan20250503t033800c00s4001,1,0.9844617000833561,0.48028329461511193
578555,tan20250503t033800c00s4001-T,tan20250503t033800c00s4001,0,0.3177173883862195,0.48028329461511193
578560,tan20250503t033800c00s4001-P,tan20250503t033800c00s4001,0,0.025736728743940094,0.48028329461511193
578686,tan20250504t140709c00s4001-A,tan20250504t140709c00s4001,0,0.6330603169858138,0.48028329461511193
578690,tan20250504t140709c00s4001-A,tan20250504t140709c00s4001,0,0.538589181269464,0.48028329461511193
578691,tan20250503t033800c00s4001-U,tan20250503t033800c00s4001,1,0.935408999356298,0.48028329461511193
578692,tan20250504t140709c00s4001-A,tan20250504t140709c00s4001,0,0.012098307510128397,0.48028329461511193
578697,tan20250504t140709c00s4001-A,tan20250504t140709c00s4001,0,0.002891621938895928,0.48028329461511193
578705,tan20250504t140709c00s4001-A,tan20250504t140709c00s4001,0,0.0044634350705376625,0.48028329461511193
578707,tan20250504t140709c00s4001-A,tan20250504t140709c00s4001,0,0.6730672442739232,0.48028329461511193
578716,tan20250504t140709c00s4001-A,tan20250504t140709c00s4001,0,0.0016915809196696209,0.48028329461511193
578717,tan20250503t033800c00s4001-U,tan20250503t033800c00s4001,0,0.0012872006232243613,0.48028329461511193
578718,tan20250504t140709c00s4001-A,tan20250504t140709c00s4001,0,0.11221004148626815,0.48028329461511193
578722,tan20250504t140709c00s4001-A,tan20250504t140709c00s4001,0,0.0036467474629115564,0.48028329461511193
578728,tan20250504t140709c00s4001-A,tan20250504t140709c00s4001,0,0.004596558543642733,0.48028329461511193
578729,tan20250503t033800c00s4001-U,tan20250503t033800c00s4001,0,0.010061497528724869,0.48028329461511193
578737,tan20250504t140709c00s4001-A,tan20250504t140709c00s4001,0,0.03518118012045183,0.48028329461511193
578740,tan20250504t140709c00s4001-A,tan20250504t140709c00s4001,0,0.01602736114050614,0.48028329461511193
578742,tan20250504t140709c00s4001-A,tan20250504t140709c00s4001,0,0.0021180074893163096,0.48028329461511193
578746,tan20250504t140709c00s4001-A,tan20250504t140709c00s4001,0,0.0007863672271509055,0.48028329461511193
578751,tan20250504t140709c00s4001-A,tan20250504t140709c00s4001,0,0.002016689025631514,0.48028329461511193
578753,tan20250504t140709c00s4001-A,tan20250504t140709c00s4001,0,0.11312202127490305,0.48028329461511193
578756,tan20250505t065341c00s4001-A,tan20250505t065341c00s4001,1,0.15905523984675557,0.48028329461511193
578758,tan20250505t065341c00s4001-A,tan20250505t065341c00s4001,1,0.18402712507331265,0.48028329461511193
578760,tan20250505t065341c00s4001-A,tan20250505t065341c00s4001,1,0.3008569620047196,0.48028329461511193
578762,tan20250505t065341c00s4001-A,tan20250505t065341c00s4001,1,0.5115789527867876,0.48028329461511193
578763,tan20250505t065341c00s4001-A,tan20250505t065341c00s4001,1,0.516154516629593,0.48028329461511193
578764,tan20250505t065341c00s4001-A,tan20250505t065341c00s4001,1,0.36393201881164394,0.48028329461511193
578870,tan20250505t065722c00s4001-A,tan20250505t065722c00s4001,0,0.05291562103395372,0.48028329461511193
578871,tan20250505t065341c00s4001-A,tan20250505t065341c00s4001,1,0.16565524782983607,0.48028329461511193
578887,tan20250505t065722c00s4001-A,tan20250505t065722c00s4001,0,0.004740305482423972,0.48028329461511193
578888,tan20250505t065341c00s4001-A,tan20250505t065341c00s4001,1,0.6018962680369504,0.48028329461511193
578903,tan20250505t065722c00s4001-A,tan20250505t065722c00s4001,0,0.005661130671136774,0.48028329461511193
578904,tan20250505t065341c00s4001-A,tan20250505t065341c00s4001,1,0.46631933685011523,0.48028329461511193
578912,tan20250505t065722c00s4001-A,tan20250505t065722c00s4001,0,0.007050050846786145,0.48028329461511193
578913,tan20250505t065341c00s4001-A,tan20250505t065341c00s4001,1,0.7397792336444561,0.48028329461511193
578973,tan20250505t065722c00s4001-A,tan20250505t065722c00s4001,0,0.00863099763071851,0.48028329461511193
578974,tan20250505t065341c00s4001-A,tan20250505t065341c00s4001,1,0.31305378297579844,0.48028329461511193
579009,tan20250505t065722c00s4001-A,tan20250505t065722c00s4001,0,0.012389445977372385,0.48028329461511193
579010,tan20250505t065341c00s4001-A,tan20250505t065341c00s4001,1,0.3296925598607123,0.48028329461511193
579016,tan20250505t065722c00s4001-A,tan20250505t065722c00s4001,0,0.024552026396562027,0.48028329461511193
579017,tan20250505t065341c00s4001-A,tan20250505t065341c00s4001,1,0.760186146526515,0.48028329461511193
579032,tan20250505t065722c00s4001-A,tan20250505t065722c00s4001,0,0.009543834385550119,0.48028329461511193
579033,tan20250505t065341c00s4001-A,tan20250505t065341c00s4001,1,0.6449055520606344,0.48028329461511193
579052,tan20250505t065722c00s4001-A,tan20250505t065722c00s4001,0,0.025616361047431403,0.48028329461511193
579053,tan20250505t065341c00s4001-A,tan20250505t065341c00s4001,1,0.3412821571078322,0.48028329461511193
579071,tan20250505t065722c00s4001-A,tan20250505t065722c00s4001,0,0.06891907123922876,0.48028329461511193
579072,tan20250505t065341c00s4001-A,tan20250505t065341c00s4001,1,0.43826012937201714,0.48028329461511193
579075,tan20250505t065341c00s4001-A,tan20250505t065341c00s4001,0,0.020707286825880765,0.48028329461511193
579076,tan20250505t065341c00s4001-A,tan20250505t065341c00s4001,0,0.0017650996178073639,0.48028329461511193
579215,tan20250505t065722c00s4001-B,tan20250505t065722c00s4001,0,0.020445078137401453,0.48028329461511193
579216,tan20250505t065341c00s4001-A,tan20250505t065341c00s4001,0,0.005121699789633206,0.48028329461511193
579315,tan20250505t065722c00s4001-B,tan20250505t065722c00s4001,0,0.0541728798639298,0.48028329461511193
579316,tan20250505t065341c00s4001-A,tan20250505t065341c00s4001,0,0.7663031934264916,0.48028329461511193
579369,tan20250505t065722c00s4001-B,tan20250505t065722c00s4001,0,0.029833967961021807,0.48028329461511193
579370,tan20250505t065341c00s4001-A,tan20250505t065341c00s4001,0,0.026499852406074498,0.48028329461511193
579372,tan20250505t065722c00s4001-B,tan20250505t065722c00s4001,0,0.005067894310270585,0.48028329461511193
579375,tan20250505t065341c00s4001-A,tan20250505t065341c00s4001,0,0.05383882254628566,0.48028329461511193
579384,tan20250505t065341c00s4001-A,tan20250505t065341c00s4001,0,0.0036535558670144777,0.48028329461511193
579385,tan20250505t065341c00s4001-A,tan20250505t065341c00s4001,0,0.3529768914025158,0.48028329461511193
579386,tan20250505t065341c00s4001-A,tan20250505t065341c00s4001,0,0.09413658904492216,0.48028329461511193
579387,tan20250505t065341c00s4001-A,tan20250505t065341c00s4001,0,0.0865056420034096,0.48028329461511193
579489,tan20250507t163401c00s4001-B,tan20250507t163401c00s4001,0,0.012413597732146077,0.48028329461511193
579490,tan20250505t065341c00s4001-A,tan20250505t065341c00s4001,0,0.20668154889417126,0.48028329461511193
579493,tan20250507t163401c00s4001-B,tan20250507t163401c00s4001,0,0.025210063249737076,0.48028329461511193
579494,tan20250505t065341c00s4001-A,tan20250505t065341c00s4001,0,0.10469711600244683,0.48028329461511193
579497,tan20250507t163401c00s4001-B,tan20250507t163401c00s4001,0,0.4447367036982359,0.48028329461511193
579498,tan20250505t065341c00s4001-A,tan20250505t065341c00s4001,0,0.6696146766743647,0.48028329461511193
579500,tan20250507t163401c00s4001-B,tan20250507t163401c00s4001,0,0.010181555109821105,0.48028329461511193
579501,tan20250505t065341c00s4001-A,tan20250505t065341c00s4001,0,0.061483223615419885,0.48028329461511193
579504,tan20250507t163401c00s4001-B,tan20250507t163401c00s4001,0,0.00256769218948641,0.48028329461511193
579505,tan20250505t065341c00s4001-A,tan20250505t065341c00s4001,0,0.011310951070898996,0.48028329461511193
579515,tan20250507t163401c00s4001-B,tan20250507t163401c00s4001,0,0.008048718871443948,0.48028329461511193
579517,tan20250505t065341c00s4001-A,tan20250505t065341c00s4001,0,0.0007993160114724588,0.48028329461511193
579518,tan20250507t163401c00s4001-B,tan20250507t163401c00s4001,0,0.05321073072363786,0.48028329461511193
579520,tan20250507t163401c00s4001-B,tan20250507t163401c00s4001,0,0.17558409783804865,0.48028329461511193
579526,tan20250507t163401c00s4001-B,tan20250507t163401c00s4001,0,0.07073490433688207,0.48028329461511193
579527,tan20250509t103356c00s4001-A,tan20250509t103356c00s4001,1,0.7961263021918963,0.48028329461511193
579528,tan20250507t163401c00s4001-B,tan20250507t163401c00s4001,0,0.11960315521277586,0.48028329461511193
579529,tan20250509t103356c00s4001-A,tan20250509t103356c00s4001,1,0.76133613218926,0.48028329461511193
579530,tan20250507t163401c00s4001-B,tan20250507t163401c00s4001,0,0.6045302448322724,0.48028329461511193
579531,tan20250509t103356c00s4001-A,tan20250509t103356c00s4001,1,0.5754795099359068,0.48028329461511193
579539,tan20250507t163401c00s4001-B,tan20250507t163401c00s4001,0,0.021933472286504895,0.48028329461511193
579540,tan20250509t103356c00s4001-A,tan20250509t103356c00s4001,1,0.7471270800628458,0.48028329461511193
579542,tan20250507t163401c00s4001-B,tan20250507t163401c00s4001,0,0.01204346886135271,0.48028329461511193
579543,tan20250509t103356c00s4001-A,tan20250509t103356c00s4001,1,0.8187100771361273,0.48028329461511193
579544,tan20250507t163401c00s4001-B,tan20250507t163401c00s4001,0,0.35878947091935304,0.48028329461511193
579545,tan20250509t103356c00s4001-A,tan20250509t103356c00s4001,1,0.5784164429254618,0.48028329461511193
579554,tan20250507t163401c00s4001-B,tan20250507t163401c00s4001,0,0.003144135233094272,0.48028329461511193
579555,tan20250509t103356c00s4001-A,tan20250509t103356c00s4001,1,0.7156763433511382,0.48028329461511193
579557,tan20250507t163401c00s4001-B,tan20250507t163401c00s4001,0,0.7788921755650301,0.48028329461511193
579558,tan20250509t103356c00s4001-A,tan20250509t103356c00s4001,1,0.6068797452220828,0.48028329461511193
579559,tan20250509t103356c00s4001-A,tan20250509t103356c00s4001,1,0.7961263021918963,0.48028329461511193
579560,tan20250509t103356c00s4001-A,tan20250509t103356c00s4001,1,0.6136681820959622,0.48028329461511193
579561,tan20250509t103356c00s4001-A,tan20250509t103356c00s4001,1,0.895665652234619,0.48028329461511193
579562,tan20250510t033900c00s4001-D,tan20250510t033900c00s4001,1,0.5227764945680379,0.48028329461511193
579563,tan20250509t103356c00s4001-A,tan20250509t103356c00s4001,1,0.6624449762037682,0.48028329461511193
579564,tan20250510t033900c00s4001-D,tan20250510t033900c00s4001,1,0.21404248019201008,0.48028329461511193
579565,tan20250509t103356c00s4001-A,tan20250509t103356c00s4001,1,0.7640556259586209,0.48028329461511193
579566,tan20250510t033900c00s4001-D,tan20250510t033900c00s4001,1,0.4780485332242741,0.48028329461511193
579567,tan20250509t103356c00s4001-A,tan20250509t103356c00s4001,1,0.7890763669561693,0.48028329461511193
579568,tan20250510t033900c00s4001-D,tan20250510t033900c00s4001,1,0.1472208693616904,0.48028329461511193
579569,tan20250509t103356c00s4001-A,tan20250509t103356c00s4001,1,0.5533413553825818,0.48028329461511193
579570,tan20250510t033900c00s4001-D,tan20250510t033900c00s4001,1,0.09348892213180583,0.48028329461511193
579571,tan20250509t103356c00s4001-A,tan20250509t103356c00s4001,1,0.5969015690796527,0.48028329461511193
579572,tan20250510t033900c00s4001-D,tan20250510t033900c00s4001,1,0.27285230604505095,0.48028329461511193
579573,tan20250509t103356c00s4001-A,tan20250509t103356c00s4001,0,0.011327301812869528,0.48028329461511193
579574,tan20250510t033900c00s4001-D,tan20250510t033900c00s4001,1,0.24246227762648273,0.48028329461511193
579575,tan20250509t103356c00s4001-A,tan20250509t103356c00s4001,0,0.06434880271881321,0.48028329461511193
579576,tan20250510t033900c00s4001-D,tan20250510t033900c00s4001,1,0.3927812232546049,0.48028329461511193
579577,tan20250509t103356c00s4001-A,tan20250509t103356c00s4001,0,0.7463991880351372,0.48028329461511193
579578,tan20250510t033900c00s4001-D,tan20250510t033900c00s4001,1,0.3927812232546049,0.48028329461511193
579579,tan20250509t103356c00s4001-A,tan20250509t103356c00s4001,0,0.021094123351223484,0.48028329461511193
579580,tan20250510t033900c00s4001-D,tan20250510t033900c00s4001,1,0.5084830271789512,0.48028329461511193
579581,tan20250509t103356c00s4001-A,tan20250509t103356c00s4001,0,0.010097195459812797,0.48028329461511193
579582,tan20250510t033900c00s4001-D,tan20250510t033900c00s4001,1,0.21404248019201008,0.48028329461511193
579583,tan20250509t103356c00s4001-A,tan20250509t103356c00s4001,0,0.010566142792677773,0.48028329461511193
579584,tan20250510t033900c00s4001-D,tan20250510t033900c00s4001,1,0.3938700054673417,0.48028329461511193
579585,tan20250509t103356c00s4001-A,tan20250509t103356c00s4001,0,0.013694040278514981,0.48028329461511193
579586,tan20250510t033900c00s4001-D,tan20250510t033900c00s4001,1,0.04738874172934292,0.48028329461511193
579587,tan20250509t103356c00s4001-A,tan20250509t103356c00s4001,0,0.5706276618456454,0.48028329461511193
579588,tan20250510t033900c00s4001-D,tan20250510t033900c00s4001,1,0.31069396253895815,0.48028329461511193
579589,tan20250509t103356c00s4001-A,tan20250509t103356c00s4001,0,0.007755398963335898,0.48028329461511193
579590,tan20250510t033900c00s4001-D,tan20250510t033900c00s4001,1,0.48690519857149733,0.48028329461511193
579591,tan20250509t103356c00s4001-A,tan20250509t103356c00s4001,0,0.013522286489285745,0.48028329461511193
579592,tan20250510t033900c00s4001-D,tan20250510t033900c00s4001,1,0.5227764945680379,0.48028329461511193
579593,tan20250509t103356c00s4001-A,tan20250509t103356c00s4001,0,0.043890836156970675,0.48028329461511193
579594,tan20250510t033900c00s4001-D,tan20250510t033900c00s4001,0,0.014052124041702503,0.48028329461511193
579595,tan20250509t103356c00s4001-A,tan20250509t103356c00s4001,0,0.6697360400118773,0.48028329461511193
579596,tan20250510t033900c00s4001-D,tan20250510t033900c00s4001,0,0.015452838136431486,0.48028329461511193
579597,tan20250509t103356c00s4001-A,tan20250509t103356c00s4001,0,0.017454419387341984,0.48028329461511193
579598,tan20250510t033900c00s4001-D,tan20250510t033900c00s4001,0,0.002163912626372798,0.48028329461511193
579599,tan20250509t103356c00s4001-A,tan20250509t103356c00s4001,0,0.7561900157551386,0.48028329461511193
579600,tan20250510t033900c00s4001-D,tan20250510t033900c00s4001,0,0.0020342689756891407,0.48028329461511193
579601,tan20250509t103356c00s4001-A,tan20250509t103356c00s4001,0,0.007824968062790387,0.48028329461511193
579602,tan20250510t033900c00s4001-D,tan20250510t033900c00s4001,0,0.14794028927944974,0.48028329461511193
579603,tan20250509t103356c00s4001-A,tan20250509t103356c00s4001,0,0.011794912205365033,0.48028329461511193
579605,tan20250510t033900c00s4001-D,tan20250510t033900c00s4001,0,0.3300836092832432,0.48028329461511193
579606,tan20250510t033900c00s4001-D,tan20250510t033900c00s4001,0,0.004095270658870171,0.48028329461511193
579607,tan20250510t033900c00s4001-D,tan20250510t033900c00s4001,0,0.02426639504819825,0.48028329461511193
579708,tan20250511t061031c00s4001-A,tan20250511t061031c00s4001,0,0.024131571276732683,0.48028329461511193
579709,tan20250510t033900c00s4001-D,tan20250510t033900c00s4001,0,0.001890497166346603,0.48028329461511193
579711,tan20250511t061031c00s4001-A,tan20250511t061031c00s4001,0,0.497538594972644,0.48028329461511193
579712,tan20250510t033900c00s4001-D,tan20250510t033900c00s4001,0,0.18832579852364364,0.48028329461511193
579714,tan20250511t061031c00s4001-A,tan20250511t061031c00s4001,0,0.015895446160112726,0.48028329461511193
579715,tan20250510t033900c00s4001-D,tan20250510t033900c00s4001,0,0.19608086296604052,0.48028329461511193
579717,tan20250511t061031c00s4001-A,tan20250511t061031c00s4001,0,0.03657578433767302,0.48028329461511193
579718,tan20250510t033900c00s4001-D,tan20250510t033900c00s4001,0,0.021730602276483834,0.48028329461511193
579726,tan20250511t061031c00s4001-A,tan20250511t061031c00s4001,0,0.012324328315071147,0.48028329461511193
579727,tan20250510t033900c00s4001-D,tan20250510t033900c00s4001,0,0.002415326349021275,0.48028329461511193
579730,tan20250511t061031c00s4001-A,tan20250511t061031c00s4001,0,0.004539792208175632,0.48028329461511193
579731,tan20250510t033900c00s4001-D,tan20250510t033900c00s4001,0,0.04319096024505693,0.48028329461511193
579735,tan20250511t061031c00s4001-A,tan20250511t061031c00s4001,0,0.010213941833277528,0.48028329461511193
579736,tan20250510t033900c00s4001-D,tan20250510t033900c00s4001,0,0.040259676066223084,0.48028329461511193
579738,tan20250511t061031c00s4001-A,tan20250511t061031c00s4001,0,0.003936012028862774,0.48028329461511193
579739,tan20250510t033900c00s4001-D,tan20250510t033900c00s4001,0,0.4408033970553914,0.48028329461511193
579742,tan20250511t061031c00s4001-A,tan20250511t061031c00s4001,0,0.013441517800906022,0.48028329461511193
579743,tan20250511t061031c00s4001-A,tan20250511t061031c00s4001,0,0.04737130650942853,0.48028329461511193
579746,tan20250511t061031c00s4001-A,tan20250511t061031c00s4001,0,0.013936705721564111,0.48028329461511193
579750,tan20250511t061031c00s4001-A,tan20250511t061031c00s4001,0,0.0037199965639844643,0.48028329461511193
579751,tan20250512t175722c00s4001-G,tan20250512t175722c00s4001,1,0.47064036595487846,0.48028329461511193
579755,tan20250511t061031c00s4001-A,tan20250511t061031c00s4001,0,0.006179236720405906,0.48028329461511193
579756,tan20250512t175722c00s4001-G,tan20250512t175722c00s4001,1,0.5305242602599308,0.48028329461511193
579762,tan20250511t061031c00s4001-A,tan20250511t061031c00s4001,0,0.9474625062032015,0.48028329461511193
579763,tan20250512t175722c00s4001-G,tan20250512t175722c00s4001,1,0.551449159106292,0.48028329461511193
579765,tan20250511t061031c00s4001-A,tan20250511t061031c00s4001,0,0.09152424963796148,0.48028329461511193
579766,tan20250512t175722c00s4001-G,tan20250512t175722c00s4001,1,0.5759717319192399,0.48028329461511193
579767,tan20250511t061031c00s4001-A,tan20250511t061031c00s4001,0,0.1278530314988776,0.48028329461511193
579768,tan20250512t175722c00s4001-G,tan20250512t175722c00s4001,1,0.7913951323682319,0.48028329461511193
579769,tan20250512t175722c00s4001-G,tan20250512t175722c00s4001,1,0.7587028960943436,0.48028329461511193
579770,tan20250512t175722c00s4001-G,tan20250512t175722c00s4001,1,0.47254043317646066,0.48028329461511193
579771,tan20250512t192646c00s4001-A,tan20250512t192646c00s4001,1,0.6423728164474247,0.48028329461511193
579772,tan20250512t175722c00s4001-G,tan20250512t175722c00s4001,1,0.6869201269719953,0.48028329461511193
579773,tan20250512t192646c00s4001-A,tan20250512t192646c00s4001,1,0.5577922915422786,0.48028329461511193
579774,tan20250512t175722c00s4001-G,tan20250512t175722c00s4001,1,0.8315333430970211,0.48028329461511193
579775,tan20250512t192646c00s4001-A,tan20250512t192646c00s4001,1,0.4000873855688902,0.48028329461511193
579776,tan20250512t175722c00s4001-G,tan20250512t175722c00s4001,1,0.6886381268950303,0.48028329461511193
579777,tan20250512t192646c00s4001-A,tan20250512t192646c00s4001,1,0.7031229439993052,0.48028329461511193
579778,tan20250512t175722c00s4001-G,tan20250512t175722c00s4001,1,0.6901946283357803,0.48028329461511193
579779,tan20250512t192646c00s4001-A,tan20250512t192646c00s4001,1,0.9289635328275075,0.48028329461511193
579780,tan20250512t175722c00s4001-G,tan20250512t175722c00s4001,1,0.6892960857505636,0.48028329461511193
579781,tan20250512t192646c00s4001-A,tan20250512t192646c00s4001,1,0.5620745050495047,0.48028329461511193
579782,tan20250512t175722c00s4001-G,tan20250512t175722c00s4001,1,0.4424016920255205,0.48028329461511193
579783,tan20250512t192646c00s4001-A,tan20250512t192646c00s4001,1,0.705774504623196,0.48028329461511193
579784,tan20250512t175722c00s4001-G,tan20250512t175722c00s4001,1,0.4297583969354404,0.48028329461511193
579785,tan20250512t192646c00s4001-A,tan20250512t192646c00s4001,1,0.6543449454938334,0.48028329461511193
579786,tan20250512t175722c00s4001-G,tan20250512t175722c00s4001,1,0.6669983049628305,0.48028329461511193
579787,tan20250512t192646c00s4001-A,tan20250512t192646c00s4001,1,0.7793578002766476,0.48028329461511193
579788,tan20250512t175722c00s4001-G,tan20250512t175722c00s4001,1,0.8028149119751458,0.48028329461511193
579789,tan20250512t192646c00s4001-A,tan20250512t192646c00s4001,1,0.7056477523676171,0.48028329461511193
579790,tan20250512t175722c00s4001-G,tan20250512t175722c00s4001,0,0.5463598040065146,0.48028329461511193
579791,tan20250512t192646c00s4001-A,tan20250512t192646c00s4001,1,0.6844576906992067,0.48028329461511193
579792,tan20250512t175722c00s4001-G,tan20250512t175722c00s4001,0,0.7751779971368752,0.48028329461511193
579793,tan20250512t192646c00s4001-A,tan20250512t192646c00s4001,1,0.8420339704480447,0.48028329461511193
579794,tan20250512t175722c00s4001-G,tan20250512t175722c00s4001,0,0.2398819667594893,0.48028329461511193
579795,tan20250512t192646c00s4001-A,tan20250512t192646c00s4001,1,0.6799277332056758,0.48028329461511193
579796,tan20250512t175722c00s4001-G,tan20250512t175722c00s4001,0,0.9557800928594561,0.48028329461511193
579797,tan20250512t192646c00s4001-A,tan20250512t192646c00s4001,1,0.6283023470603865,0.48028329461511193
579798,tan20250512t175722c00s4001-G,tan20250512t175722c00s4001,0,0.271548653642403,0.48028329461511193
579799,tan20250512t192646c00s4001-A,tan20250512t192646c00s4001,1,0.5620745050495047,0.48028329461511193
579800,tan20250512t175722c00s4001-G,tan20250512t175722c00s4001,0,0.17883903647916471,0.48028329461511193
579801,tan20250512t192646c00s4001-A,tan20250512t192646c00s4001,1,0.6603228256153398,0.48028329461511193
579802,tan20250512t175722c00s4001-G,tan20250512t175722c00s4001,0,0.0047488033172500155,0.48028329461511193
579804,tan20250512t175722c00s4001-G,tan20250512t175722c00s4001,0,0.3527385361862273,0.48028329461511193
579805,tan20250512t192646c00s4001-A,tan20250512t192646c00s4001,0,0.686900207694115,0.48028329461511193
579806,tan20250512t175722c00s4001-G,tan20250512t175722c00s4001,0,0.22680366922572776,0.48028329461511193
579808,tan20250512t175722c00s4001-G,tan20250512t175722c00s4001,0,0.5388631729182619,0.48028329461511193
579811,tan20250512t175722c00s4001-G,tan20250512t175722c00s4001,0,0.013954317797132014,0.48028329461511193
579813,tan20250512t175722c00s4001-G,tan20250512t175722c00s4001,0,0.003988355015374422,0.48028329461511193
579815,tan20250512t175722c00s4001-G,tan20250512t175722c00s4001,0,0.13850958550474365,0.48028329461511193
579818,tan20250512t192646c00s4001-A,tan20250512t192646c00s4001,0,0.0014916105846646411,0.48028329461511193
579819,tan20250512t175722c00s4001-G,tan20250512t175722c00s4001,0,0.05122513104269225,0.48028329461511193
579820,tan20250512t192646c00s4001-A,tan20250512t192646c00s4001,0,0.008447399014879545,0.48028329461511193
579821,tan20250512t175722c00s4001-G,tan20250512t175722c00s4001,0,0.12269488602148779,0.48028329461511193
579823,tan20250512t192646c00s4001-A,tan20250512t192646c00s4001,0,0.9640741800756526,0.48028329461511193
579824,tan20250512t175722c00s4001-G,tan20250512t175722c00s4001,0,0.001066753789206563,0.48028329461511193
579826,tan20250512t192646c00s4001-A,tan20250512t192646c00s4001,0,0.021642687853411776,0.48028329461511193
579827,tan20250512t192646c00s4001-A,tan20250512t192646c00s4001,0,0.0046912477927728196,0.48028329461511193
579829,tan20250512t192646c00s4001-A,tan20250512t192646c00s4001,0,0.004781525195139156,0.48028329461511193
579933,tan20250512t192646c00s4001-C,tan20250512t192646c00s4001,0,0.11942506906110421,0.48028329461511193
579935,tan20250512t192646c00s4001-A,tan20250512t192646c00s4001,0,0.05448005816281554,0.48028329461511193
579952,tan20250512t192646c00s4001-A,tan20250512t192646c00s4001,0,0.022629326464743856,0.48028329461511193
579957,tan20250512t192646c00s4001-C,tan20250512t192646c00s4001,0,0.7625737763876549,0.48028329461511193
579959,tan20250514t163511c00s4001-D,tan20250514t163511c00s4001,1,0.6124801246809558,0.48028329461511193
579965,tan20250512t192646c00s4001-C,tan20250512t192646c00s4001,0,0.003888790096631902,0.48028329461511193
579966,tan20250514t163511c00s4001-D,tan20250514t163511c00s4001,1,0.5640969753120713,0.48028329461511193
579968,tan20250512t192646c00s4001-C,tan20250512t192646c00s4001,0,0.024269284541379603,0.48028329461511193
579969,tan20250514t163511c00s4001-D,tan20250514t163511c00s4001,1,0.6123573458560233,0.48028329461511193
579972,tan20250514t163511c00s4001-D,tan20250514t163511c00s4001,1,0.6233441498110825,0.48028329461511193
579982,tan20250514t163511c00s4001-D,tan20250514t163511c00s4001,1,0.6496014060435099,0.48028329461511193
579995,tan20250514t163511c00s4001-D,tan20250514t163511c00s4001,1,0.5421646489072071,0.48028329461511193
580001,tan20250512t192646c00s4001-C,tan20250512t192646c00s4001,0,0.11018427187779936,0.48028329461511193
580002,tan20250514t163511c00s4001-D,tan20250514t163511c00s4001,1,0.6416717980624833,0.48028329461511193
580006,tan20250514t163511c00s4001-D,tan20250514t163511c00s4001,1,0.5716086759526228,0.48028329461511193
580007,tan20250512t192646c00s4001-C,tan20250512t192646c00s4001,0,0.023420778751019538,0.48028329461511193
580008,tan20250514t163511c00s4001-D,tan20250514t163511c00s4001,1,0.8386803462357721,0.48028329461511193
580011,tan20250512t192646c00s4001-C,tan20250512t192646c00s4001,0,0.021930894762310093,0.48028329461511193
580012,tan20250514t163511c00s4001-D,tan20250514t163511c00s4001,1,0.6335298489741217,0.48028329461511193
580013,tan20250514t163511c00s4001-D,tan20250514t163511c00s4001,1,0.293383676666696,0.48028329461511193
580014,tan20250514t163511c00s4001-D,tan20250514t163511c00s4001,1,0.6945308233781309,0.48028329461511193
580015,tan20250515t173133c00s4001-A,tan20250515t173133c00s4001,1,0.00710563211191862,0.48028329461511193
580016,tan20250514t163511c00s4001-D,tan20250514t163511c00s4001,1,0.5328838417245253,0.48028329461511193
580017,tan20250515t173133c00s4001-A,tan20250515t173133c00s4001,1,0.005469020416968429,0.48028329461511193
580018,tan20250514t163511c00s4001-D,tan20250514t163511c00s4001,1,0.4072407891345296,0.48028329461511193
580019,tan20250515t173133c00s4001-A,tan20250515t173133c00s4001,1,0.1254023776997592,0.48028329461511193
580020,tan20250514t163511c00s4001-D,tan20250514t163511c00s4001,1,0.7518109834859246,0.48028329461511193
580021,tan20250515t173133c00s4001-A,tan20250515t173133c00s4001,1,0.024549051990896544,0.48028329461511193
580022,tan20250514t163511c00s4001-D,tan20250514t163511c00s4001,1,0.4808358697598691,0.48028329461511193
580023,tan20250515t173133c00s4001-A,tan20250515t173133c00s4001,1,0.021697151280812604,0.48028329461511193
580026,tan20250514t163511c00s4001-D,tan20250514t163511c00s4001,0,0.07050891136504822,0.48028329461511193
580027,tan20250515t173133c00s4001-A,tan20250515t173133c00s4001,1,0.24435086505039144,0.48028329461511193
580032,tan20250514t163511c00s4001-D,tan20250514t163511c00s4001,0,0.4538744947529528,0.48028329461511193
580033,tan20250515t173133c00s4001-A,tan20250515t173133c00s4001,1,0.013247607846620284,0.48028329461511193
580035,tan20250514t163511c00s4001-D,tan20250514t163511c00s4001,0,0.844294230846833,0.48028329461511193
580036,tan20250515t173133c00s4001-A,tan20250515t173133c00s4001,1,0.003374796370414264,0.48028329461511193
580039,tan20250514t163511c00s4001-D,tan20250514t163511c00s4001,0,0.09707670484729301,0.48028329461511193
580040,tan20250515t173133c00s4001-A,tan20250515t173133c00s4001,1,0.005469020416968429,0.48028329461511193
580041,tan20250514t163511c00s4001-D,tan20250514t163511c00s4001,0,0.028103304062341045,0.48028329461511193
580042,tan20250515t173133c00s4001-A,tan20250515t173133c00s4001,1,0.029979947258035607,0.48028329461511193
580043,tan20250514t163511c00s4001-D,tan20250514t163511c00s4001,0,0.8716374701904056,0.48028329461511193
580044,tan20250515t173133c00s4001-A,tan20250515t173133c00s4001,1,0.05598979435388898,0.48028329461511193
580056,tan20250514t163511c00s4001-D,tan20250514t163511c00s4001,0,0.007304045533774763,0.48028329461511193
580057,tan20250515t173133c00s4001-A,tan20250515t173133c00s4001,1,0.005847624570196128,0.48028329461511193
580067,tan20250514t163511c00s4001-D,tan20250514t163511c00s4001,0,0.02290354154583599,0.48028329461511193
580068,tan20250515t173133c00s4001-A,tan20250515t173133c00s4001,1,0.005024184660593659,0.48028329461511193
580073,tan20250514t163511c00s4001-D,tan20250514t163511c00s4001,0,0.017809618247390545,0.48028329461511193
580074,tan20250515t173133c00s4001-A,tan20250515t173133c00s4001,1,0.015458929056145158,0.48028329461511193
580076,tan20250514t163511c00s4001-D,tan20250514t163511c00s4001,0,0.05263913878004434,0.48028329461511193
580077,tan20250515t173133c00s4001-A,tan20250515t173133c00s4001,1,0.034763525724256526,0.48028329461511193
580078,tan20250514t163511c00s4001-D,tan20250514t163511c00s4001,0,0.007137855254713547,0.48028329461511193
580079,tan20250515t173133c00s4001-A,tan20250515t173133c00s4001,1,0.003597500961862942,0.48028329461511193
580081,tan20250514t163511c00s4001-D,tan20250514t163511c00s4001,0,0.0061347127051359345,0.48028329461511193
580082,tan20250515t173133c00s4001-A,tan20250515t173133c00s4001,0,0.5964830175801482,0.48028329461511193
580084,tan20250514t163511c00s4001-D,tan20250514t163511c00s4001,0,0.0015313209579681081,0.48028329461511193
580085,tan20250515t173133c00s4001-A,tan20250515t173133c00s4001,0,0.6722771578317057,0.48028329461511193
580090,tan20250514t163511c00s4001-D,tan20250514t163511c00s4001,0,0.007343621373453341,0.48028329461511193
580091,tan20250515t173133c00s4001-A,tan20250515t173133c00s4001,0,0.8721123536235259,0.48028329461511193
580095,tan20250514t163511c00s4001-D,tan20250514t163511c00s4001,0,0.0035470629400950852,0.48028329461511193
580096,tan20250515t173133c00s4001-A,tan20250515t173133c00s4001,0,0.5717321606408792,0.48028329461511193
580097,tan20250514t163511c00s4001-D,tan20250514t163511c00s4001,0,0.011251850034271914,0.48028329461511193
580098,tan20250515t173133c00s4001-A,tan20250515t173133c00s4001,0,0.6209341008987019,0.48028329461511193
580099,tan20250515t173133c00s4001-A,tan20250515t173133c00s4001,0,0.7658935105677284,0.48028329461511193
580100,tan20250515t173133c00s4001-A,tan20250515t173133c00s4001,0,0.31980632111842694,0.48028329461511193
580101,tan20250517t112526c00s4001-A,tan20250517t112526c00s4001,1,0.9763117310101246,0.48028329461511193
580102,tan20250515t173133c00s4001-A,tan20250515t173133c00s4001,0,0.021702635244994113,0.48028329461511193
580104,tan20250515t173133c00s4001-A,tan20250515t173133c00s4001,0,0.11147561532924076,0.48028329461511193
580105,tan20250517t112526c00s4001-A,tan20250517t112526c00s4001,1,0.8111669126425973,0.48028329461511193
580106,tan20250515t173133c00s4001-A,tan20250515t173133c00s4001,0,0.014653463771081524,0.48028329461511193
580108,tan20250515t173133c00s4001-A,tan20250515t173133c00s4001,0,0.026256173129488,0.48028329461511193
580110,tan20250515t173133c00s4001-A,tan20250515t173133c00s4001,0,0.01642692946302597,0.48028329461511193
580112,tan20250515t173133c00s4001-A,tan20250515t173133c00s4001,0,0.01122682194153998,0.48028329461511193
580114,tan20250515t173133c00s4001-A,tan20250515t173133c00s4001,0,0.016499994861052383,0.48028329461511193
580115,tan20250517t112526c00s4001-A,tan20250517t112526c00s4001,1,0.9524958814415011,0.48028329461511193
580116,tan20250515t173133c00s4001-A,tan20250515t173133c00s4001,0,0.00696572796328728,0.48028329461511193
580117,tan20250517t112526c00s4001-A,tan20250517t112526c00s4001,1,0.9730021604189691,0.48028329461511193
580118,tan20250515t173133c00s4001-A,tan20250515t173133c00s4001,0,0.016995559833245577,0.48028329461511193
580128,tan20250517t112526c00s4001-B,tan20250517t112526c00s4001,1,0.9230703718065434,0.48028329461511193
580129,tan20250517t112526c00s4001-A,tan20250517t112526c00s4001,1,0.9091170695256853,0.48028329461511193
580131,tan20250517t112526c00s4001-A,tan20250517t112526c00s4001,0,0.23586406797961568,0.48028329461511193
580134,tan20250517t112526c00s4001-B,tan20250517t112526c00s4001,1,0.8857787780950782,0.48028329461511193
580137,tan20250517t112526c00s4001-A,tan20250517t112526c00s4001,0,0.1424266865235053,0.48028329461511193
580138,tan20250517t112526c00s4001-B,tan20250517t112526c00s4001,1,0.8855473403730058,0.48028329461511193
580140,tan20250517t112526c00s4001-B,tan20250517t112526c00s4001,1,0.8875132273258853,0.48028329461511193
580143,tan20250517t112526c00s4001-A,tan20250517t112526c00s4001,0,0.00588696592607915,0.48028329461511193
580145,tan20250517t112526c00s4001-A,tan20250517t112526c00s4001,0,0.0034588586110210536,0.48028329461511193
580146,tan20250517t112526c00s4001-B,tan20250517t112526c00s4001,1,0.9143189992932668,0.48028329461511193
580148,tan20250517t112526c00s4001-B,tan20250517t112526c00s4001,1,0.9186924621212071,0.48028329461511193
580149,tan20250517t112526c00s4001-A,tan20250517t112526c00s4001,0,0.011606755826455087,0.48028329461511193
580150,tan20250517t112526c00s4001-B,tan20250517t112526c00s4001,1,0.9552864617724862,0.48028329461511193
580151,tan20250517t112526c00s4001-A,tan20250517t112526c00s4001,0,0.006075661898468067,0.48028329461511193
580152,tan20250517t112526c00s4001-B,tan20250517t112526c00s4001,1,0.9263151963624282,0.48028329461511193
580156,tan20250517t112526c00s4001-B,tan20250517t112526c00s4001,0,0.14073704529449366,0.48028329461511193
580157,tan20250517t112526c00s4001-A,tan20250517t112526c00s4001,0,0.0025052873734910577,0.48028329461511193
580162,tan20250517t112526c00s4001-B,tan20250517t112526c00s4001,0,0.09164033097824652,0.48028329461511193
580163,tan20250517t112526c00s4001-B,tan20250517t112526c00s4001,0,0.0012290517232972067,0.48028329461511193
580168,tan20250517t112526c00s4001-B,tan20250517t112526c00s4001,0,0.11705507356651168,0.48028329461511193
580169,tan20250517t112526c00s4001-C,tan20250517t112526c00s4001,1,0.542693748979778,0.48028329461511193
580174,tan20250517t112526c00s4001-B,tan20250517t112526c00s4001,0,0.0018547036458425761,0.48028329461511193
580176,tan20250517t112526c00s4001-B,tan20250517t112526c00s4001,0,0.0013015595183561593,0.48028329461511193
580186,tan20250518t140729c00s4001-A,tan20250518t140729c00s4001,1,0.05517435149724845,0.48028329461511193
580187,tan20250517t112526c00s4001-C,tan20250517t112526c00s4001,1,0.8256467736120277,0.48028329461511193
580188,tan20250518t140729c00s4001-A,tan20250518t140729c00s4001,1,0.4096027268845682,0.48028329461511193
580190,tan20250518t140729c00s4001-A,tan20250518t140729c00s4001,1,0.8998689129851777,0.48028329461511193
580191,tan20250517t112526c00s4001-C,tan20250517t112526c00s4001,1,0.5989204849166077,0.48028329461511193
580192,tan20250518t140729c00s4001-A,tan20250518t140729c00s4001,1,0.09765717550434111,0.48028329461511193
580194,tan20250518t140729c00s4001-A,tan20250518t140729c00s4001,1,0.058100827391049284,0.48028329461511193
580196,tan20250518t140729c00s4001-A,tan20250518t140729c00s4001,1,0.5383628372766558,0.48028329461511193
580197,tan20250517t112526c00s4001-C,tan20250517t112526c00s4001,0,0.011672152328723527,0.48028329461511193
580198,tan20250518t140729c00s4001-A,tan20250518t140729c00s4001,1,0.9416580109844868,0.48028329461511193
580200,tan20250518t140729c00s4001-A,tan20250518t140729c00s4001,1,0.3602601423452275,0.48028329461511193
580202,tan20250518t140729c00s4001-A,tan20250518t140729c00s4001,1,0.9360064770492816,0.48028329461511193
580204,tan20250518t140729c00s4001-A,tan20250518t140729c00s4001,1,0.5155867157482132,0.48028329461511193
580206,tan20250518t140729c00s4001-A,tan20250518t140729c00s4001,1,0.7597720765449449,0.48028329461511193
580208,tan20250518t140729c00s4001-A,tan20250518t140729c00s4001,1,0.5971039930970762,0.48028329461511193
580209,tan20250517t112526c00s4001-C,tan20250517t112526c00s4001,0,0.0015446593628704545,0.48028329461511193
580210,tan20250518t140729c00s4001-A,tan20250518t140729c00s4001,1,0.5541838484926571,0.48028329461511193
580212,tan20250518t140729c00s4001-A,tan20250518t140729c00s4001,1,0.6953694865275672,0.48028329461511193
580214,tan20250518t140729c00s4001-A,tan20250518t140729c00s4001,1,0.38944137228696923,0.48028329461511193
580216,tan20250518t140729c00s4001-A,tan20250518t140729c00s4001,1,0.3246678735752145,0.48028329461511193
580218,tan20250518t140729c00s4001-A,tan20250518t140729c00s4001,0,0.00270054874766116,0.48028329461511193
580220,tan20250518t140729c00s4001-A,tan20250518t140729c00s4001,0,0.0024814473511795016,0.48028329461511193
580222,tan20250518t140729c00s4001-A,tan20250518t140729c00s4001,0,0.00455611928992412,0.48028329461511193
580223,tan20250517t112526c00s4001-C,tan20250517t112526c00s4001,0,0.029973816178261503,0.48028329461511193
580224,tan20250518t140729c00s4001-A,tan20250518t140729c00s4001,0,0.00155706051277224,0.48028329461511193
580226,tan20250518t140729c00s4001-A,tan20250518t140729c00s4001,0,0.0037789553842296985,0.48028329461511193
580227,tan20250518t140729c00s4001-A,tan20250518t140729c00s4001,0,0.19101829324446667,0.48028329461511193
580228,tan20250518t140729c00s4001-A,tan20250518t140729c00s4001,0,0.008104678739330792,0.48028329461511193
580229,tan20250518t140729c00s4001-A,tan20250518t140729c00s4001,0,0.09139431522837639,0.48028329461511193
580230,tan20250518t153202c00s4001-A,tan20250518t153202c00s4001,1,0.006601120439413019,0.48028329461511193
580231,tan20250518t140729c00s4001-A,tan20250518t140729c00s4001,0,0.0040206952059175785,0.48028329461511193
580232,tan20250518t153202c00s4001-A,tan20250518t153202c00s4001,1,0.05330956005516228,0.48028329461511193
580233,tan20250518t140729c00s4001-A,tan20250518t140729c00s4001,0,0.3856044483432558,0.48028329461511193
580234,tan20250518t153202c00s4001-A,tan20250518t153202c00s4001,1,0.08190202047887425,0.48028329461511193
580235,tan20250518t140729c00s4001-A,tan20250518t140729c00s4001,0,0.007215244253004007,0.48028329461511193
580236,tan20250518t153202c00s4001-A,tan20250518t153202c00s4001,1,0.022598246056477717,0.48028329461511193
580237,tan20250518t140729c00s4001-A,tan20250518t140729c00s4001,0,0.0010519868798779207,0.48028329461511193
580238,tan20250518t153202c00s4001-A,tan20250518t153202c00s4001,1,0.009124018866564765,0.48028329461511193
580239,tan20250518t140729c00s4001-A,tan20250518t140729c00s4001,0,0.002542186362494137,0.48028329461511193
580240,tan20250518t153202c00s4001-A,tan20250518t153202c00s4001,1,0.728541813019236,0.48028329461511193
580241,tan20250518t140729c00s4001-A,tan20250518t140729c00s4001,0,0.07398966006308584,0.48028329461511193
580242,tan20250518t153202c00s4001-A,tan20250518t153202c00s4001,1,0.335901074459211,0.48028329461511193
580243,tan20250518t153202c00s4001-A,tan20250518t153202c00s4001,1,0.0210635821373213,0.48028329461511193
580244,tan20250518t140729c00s4001-A,tan20250518t140729c00s4001,0,0.013475560452191006,0.48028329461511193
580245,tan20250518t153202c00s4001-A,tan20250518t153202c00s4001,1,0.022598246056477717,0.48028329461511193
580246,tan20250518t140729c00s4001-A,tan20250518t140729c00s4001,0,0.00257904527375086,0.48028329461511193
580247,tan20250518t153202c00s4001-A,tan20250518t153202c00s4001,1,0.8423869689509509,0.48028329461511193
580248,tan20250518t153202c00s4001-A,tan20250518t153202c00s4001,1,0.02969796374378804,0.48028329461511193
580249,tan20250518t153202c00s4001-A,tan20250518t153202c00s4001,1,0.4701149464465287,0.48028329461511193
580251,tan20250518t153202c00s4001-A,tan20250518t153202c00s4001,1,0.4385145261353784,0.48028329461511193
580253,tan20250518t153202c00s4001-A,tan20250518t153202c00s4001,1,0.07894749518658731,0.48028329461511193
580255,tan20250518t153202c00s4001-A,tan20250518t153202c00s4001,1,0.22072362338249546,0.48028329461511193
580257,tan20250518t153202c00s4001-A,tan20250518t153202c00s4001,1,0.05330427313720983,0.48028329461511193
580258,tan20250519t035438c00s4001-A,tan20250519t035438c00s4001,1,0.6915193826315642,0.48028329461511193
580259,tan20250518t153202c00s4001-A,tan20250518t153202c00s4001,0,0.10772192184493995,0.48028329461511193
580261,tan20250518t153202c00s4001-A,tan20250518t153202c00s4001,0,0.0029175201105571427,0.48028329461511193
580263,tan20250518t153202c00s4001-A,tan20250518t153202c00s4001,0,0.00823245698547818,0.48028329461511193
580264,tan20250519t035438c00s4001-A,tan20250519t035438c00s4001,1,0.4595118606807686,0.48028329461511193
580265,tan20250518t153202c00s4001-A,tan20250518t153202c00s4001,0,0.011399943466471744,0.48028329461511193
580267,tan20250518t153202c00s4001-A,tan20250518t153202c00s4001,0,0.005239268827523461,0.48028329461511193
580269,tan20250518t153202c00s4001-A,tan20250518t153202c00s4001,0,0.01614069189133606,0.48028329461511193
580270,tan20250519t035438c00s4001-A,tan20250519t035438c00s4001,1,0.7053144660838938,0.48028329461511193
580271,tan20250518t153202c00s4001-A,tan20250518t153202c00s4001,0,0.031114801968055644,0.48028329461511193
580273,tan20250518t153202c00s4001-A,tan20250518t153202c00s4001,0,0.046222816241392926,0.48028329461511193
580275,tan20250518t153202c00s4001-A,tan20250518t153202c00s4001,0,0.0058325888966949515,0.48028329461511193
580277,tan20250518t153202c00s4001-A,tan20250518t153202c00s4001,0,0.05581968448855121,0.48028329461511193
580279,tan20250518t153202c00s4001-A,tan20250518t153202c00s4001,0,0.08343117599001751,0.48028329461511193
580281,tan20250518t153202c00s4001-A,tan20250518t153202c00s4001,0,0.010877555832679763,0.48028329461511193
580283,tan20250518t153202c00s4001-A,tan20250518t153202c00s4001,0,0.0056762655676201685,0.48028329461511193
580286,tan20250518t153202c00s4001-A,tan20250518t153202c00s4001,0,0.017792985330121826,0.48028329461511193
580288,tan20250518t153202c00s4001-A,tan20250518t153202c00s4001,0,0.019338550597954307,0.48028329461511193
580290,tan20250518t153202c00s4001-A,tan20250518t153202c00s4001,0,0.011653881584604689,0.48028329461511193
580297,tan20250519t035438c00s4001-B,tan20250519t035438c00s4001,1,0.017026776690196352,0.48028329461511193
580302,tan20250519t035438c00s4001-A,tan20250519t035438c00s4001,0,0.7303675183099053,0.48028329461511193
580303,tan20250519t035438c00s4001-B,tan20250519t035438c00s4001,1,0.013288316394634209,0.48028329461511193
580305,tan20250519t035438c00s4001-B,tan20250519t035438c00s4001,1,0.04212389624884004,0.48028329461511193
580313,tan20250519t035438c00s4001-B,tan20250519t035438c00s4001,1,0.0349182972086699,0.48028329461511193
580318,tan20250519t035438c00s4001-C,tan20250519t035438c00s4001,1,0.009226549339625023,0.48028329461511193
580322,tan20250519t035438c00s4001-C,tan20250519t035438c00s4001,1,0.16163989222515707,0.48028329461511193
580323,tan20250519t035438c00s4001-B,tan20250519t035438c00s4001,1,0.03668761116708513,0.48028329461511193
580327,tan20250519t035438c00s4001-B,tan20250519t035438c00s4001,0,0.00311704796665264,0.48028329461511193
580329,tan20250519t035438c00s4001-B,tan20250519t035438c00s4001,0,0.11074773333372581,0.48028329461511193
580331,tan20250519t035438c00s4001-B,tan20250519t035438c00s4001,0,0.004101188232114746,0.48028329461511193
580334,tan20250519t035438c00s4001-C,tan20250519t035438c00s4001,1,0.017402200765128106,0.48028329461511193
580336,tan20250519t035438c00s4001-C,tan20250519t035438c00s4001,1,0.05641568268605725,0.48028329461511193
580347,tan20250519t035438c00s4001-B,tan20250519t035438c00s4001,0,0.009183564739892154,0.48028329461511193
580351,tan20250519t035438c00s4001-B,tan20250519t035438c00s4001,0,0.0017620789021632855,0.48028329461511193
580362,tan20250519t035438c00s4001-C,tan20250519t035438c00s4001,0,0.0035484452077642966,0.48028329461511193
580364,tan20250519t035438c00s4001-C,tan20250519t035438c00s4001,0,0.18526220014965217,0.48028329461511193
580369,tan20250519t035438c00s4001-D,tan20250519t035438c00s4001,1,0.13878417872272536,0.48028329461511193
580370,tan20250519t035438c00s4001-C,tan20250519t035438c00s4001,0,0.011098731849467131,0.48028329461511193
580378,tan20250519t035438c00s4001-D,tan20250519t035438c00s4001,1,0.057639763712419946,0.48028329461511193
580394,tan20250519t035438c00s4001-D,tan20250519t035438c00s4001,0,0.2663818688156,0.48028329461511193
580396,tan20250519t035438c00s4001-D,tan20250519t035438c00s4001,0,0.00210872934569846,0.48028329461511193
580413,tan20250519t035438c00s4001-E,tan20250519t035438c00s4001,0,0.0011449479648861526,0.48028329461511193
580434,tan20250519t035438c00s4001-F,tan20250519t035438c00s4001,1,0.20816150079865633,0.48028329461511193
580458,tan20250519t035438c00s4001-G,tan20250519t035438c00s4001,1,0.01380287426677939,0.48028329461511193
580463,tan20250519t035438c00s4001-F,tan20250519t035438c00s4001,0,0.016308716844283033,0.48028329461511193
580479,tan20250519t035438c00s4001-F,tan20250519t035438c00s4001,0,0.0013085611385707885,0.48028329461511193
580488,tan20250519t035438c00s4001-F,tan20250519t035438c00s4001,0,0.00155385283439133,0.48028329461511193
580602,tan20250519t065949c00s4001-A,tan20250519t065949c00s4001,0,0.08157537370288864,0.48028329461511193
580615,tan20250519t065949c00s4001-A,tan20250519t065949c00s4001,0,0.020192183723158976,0.48028329461511193
580630,tan20250519t035438c00s4001-G,tan20250519t035438c00s4001,0,0.014292550784492496,0.48028329461511193
580632,tan20250519t065949c00s4001-A,tan20250519t065949c00s4001,0,0.003316988720570442,0.48028329461511193
580649,tan20250519t065949c00s4001-A,tan20250519t065949c00s4001,0,0.06388027217566565,0.48028329461511193
580685,tan20250519t065949c00s4001-A,tan20250519t065949c00s4001,0,0.03258887870868187,0.48028329461511193
580693,tan20250519t065949c00s4001-B,tan20250519t065949c00s4001,1,0.9403496465603091,0.48028329461511193
580705,tan20250519t065949c00s4001-B,tan20250519t065949c00s4001,1,0.8740013290663377,0.48028329461511193
580706,tan20250519t065949c00s4001-A,tan20250519t065949c00s4001,0,0.21726145667598284,0.48028329461511193
580708,tan20250519t065949c00s4001-B,tan20250519t065949c00s4001,1,0.8690450631486689,0.48028329461511193
580709,tan20250519t065949c00s4001-B,tan20250519t065949c00s4001,1,0.8870672189432309,0.48028329461511193
580713,tan20250519t065949c00s4001-C,tan20250519t065949c00s4001,1,0.9809110105626416,0.48028329461511193
580714,tan20250519t065949c00s4001-B,tan20250519t065949c00s4001,1,0.8599364314499891,0.48028329461511193
580715,tan20250519t065949c00s4001-C,tan20250519t065949c00s4001,1,0.9848050345699683,0.48028329461511193
580717,tan20250519t065949c00s4001-C,tan20250519t065949c00s4001,1,0.964435907280578,0.48028329461511193
580718,tan20250519t065949c00s4001-B,tan20250519t065949c00s4001,1,0.9513927420096564,0.48028329461511193
580719,tan20250519t065949c00s4001-C,tan20250519t065949c00s4001,1,0.92564270565085,0.48028329461511193
580721,tan20250519t065949c00s4001-C,tan20250519t065949c00s4001,1,0.9809110105626416,0.48028329461511193
580724,tan20250519t065949c00s4001-B,tan20250519t065949c00s4001,1,0.8469602920816626,0.48028329461511193
580730,tan20250519t065949c00s4001-C,tan20250519t065949c00s4001,1,0.9419120743288668,0.48028329461511193
580732,tan20250519t065949c00s4001-C,tan20250519t065949c00s4001,1,0.8913595959563262,0.48028329461511193
580733,tan20250519t065949c00s4001-B,tan20250519t065949c00s4001,0,0.06634436378589811,0.48028329461511193
580739,tan20250519t065949c00s4001-C,tan20250519t065949c00s4001,1,0.814766630909908,0.48028329461511193
580740,tan20250519t065949c00s4001-B,tan20250519t065949c00s4001,0,0.2587673777157043,0.48028329461511193
580741,tan20250519t065949c00s4001-C,tan20250519t065949c00s4001,1,0.9646307936942806,0.48028329461511193
580744,tan20250519t065949c00s4001-C,tan20250519t065949c00s4001,0,0.15509740850848125,0.48028329461511193
580748,tan20250519t065949c00s4001-C,tan20250519t065949c00s4001,0,0.0774443182027984,0.48028329461511193
580750,tan20250519t065949c00s4001-B,tan20250519t065949c00s4001,0,0.3019704337446937,0.48028329461511193
580751,tan20250519t065949c00s4001-C,tan20250519t065949c00s4001,0,0.024878430003595155,0.48028329461511193
580753,tan20250519t065949c00s4001-B,tan20250519t065949c00s4001,0,0.15891446101360154,0.48028329461511193
580758,tan20250519t065949c00s4001-C,tan20250519t065949c00s4001,0,0.08326123506617135,0.48028329461511193
580765,tan20250519t065949c00s4001-C,tan20250519t065949c00s4001,0,0.3020074927119643,0.48028329461511193
580772,tan20250519t065949c00s4001-C,tan20250519t065949c00s4001,0,0.07036743567571756,0.48028329461511193
581076,tan20250521t090352c58s4001-A,tan20250521t090352c58s4001,1,0.9394912077304065,0.48028329461511193
581081,tan20250521t090352c58s4001-B,tan20250521t090352c58s4001,1,0.9028735912959153,0.48028329461511193
581082,tan20250521t090352c58s4001-A,tan20250521t090352c58s4001,1,0.982342850664227,0.48028329461511193
581084,tan20250521t090352c58s4001-A,tan20250521t090352c58s4001,1,0.982342850664227,0.48028329461511193
581085,tan20250521t090352c58s4001-B,tan20250521t090352c58s4001,1,0.8609821127286112,0.48028329461511193
581091,tan20250521t090352c58s4001-B,tan20250521t090352c58s4001,1,0.7110795876616671,0.48028329461511193
581092,tan20250521t090352c58s4001-A,tan20250521t090352c58s4001,1,0.9789005717195186,0.48028329461511193
581094,tan20250521t090352c58s4001-A,tan20250521t090352c58s4001,1,0.9791366886634414,0.48028329461511193
581095,tan20250521t090352c58s4001-B,tan20250521t090352c58s4001,1,0.9335902657823154,0.48028329461511193
581096,tan20250521t090352c58s4001-A,tan20250521t090352c58s4001,1,0.945407824193764,0.48028329461511193
581098,tan20250521t090352c58s4001-A,tan20250521t090352c58s4001,1,0.9615526933685987,0.48028329461511193
581099,tan20250521t090352c58s4001-B,tan20250521t090352c58s4001,1,0.9619698952436491,0.48028329461511193
581101,tan20250521t090352c58s4001-B,tan20250521t090352c58s4001,1,0.571302900926921,0.48028329461511193
581102,tan20250521t090352c58s4001-A,tan20250521t090352c58s4001,1,0.9394912077304065,0.48028329461511193
581103,tan20250521t090352c58s4001-B,tan20250521t090352c58s4001,1,0.5794083989378038,0.48028329461511193
581111,tan20250521t090352c58s4001-B,tan20250521t090352c58s4001,1,0.9576471807330832,0.48028329461511193
581112,tan20250521t090352c58s4001-A,tan20250521t090352c58s4001,0,0.8997115192895532,0.48028329461511193
581113,tan20250521t090352c58s4001-B,tan20250521t090352c58s4001,0,0.005074796545681827,0.48028329461511193
581116,tan20250521t090352c58s4001-A,tan20250521t090352c58s4001,0,0.002493504432448044,0.48028329461511193
581117,tan20250521t090352c58s4001-B,tan20250521t090352c58s4001,0,0.0019027635353653705,0.48028329461511193
581120,tan20250521t090352c58s4001-A,tan20250521t090352c58s4001,0,0.9749370699850963,0.48028329461511193
581121,tan20250521t090352c58s4001-B,tan20250521t090352c58s4001,0,0.024842912388450576,0.48028329461511193
581123,tan20250521t090352c58s4001-B,tan20250521t090352c58s4001,0,0.0008985643247670592,0.48028329461511193
581126,tan20250521t090352c58s4001-A,tan20250521t090352c58s4001,0,0.02895568188847661,0.48028329461511193
581128,tan20250521t090352c58s4001-A,tan20250521t090352c58s4001,0,0.0023301761749854374,0.48028329461511193
581129,tan20250521t090352c58s4001-B,tan20250521t090352c58s4001,0,0.030790329176656295,0.48028329461511193
581132,tan20250521t090352c58s4001-A,tan20250521t090352c58s4001,0,0.007149899704762347,0.48028329461511193
581133,tan20250521t090352c58s4001-B,tan20250521t090352c58s4001,0,0.01624660140623682,0.48028329461511193
581134,tan20250521t090352c58s4001-A,tan20250521t090352c58s4001,0,0.12736409432500415,0.48028329461511193
581137,tan20250521t090352c58s4001-B,tan20250521t090352c58s4001,0,0.9137745167371821,0.48028329461511193
581139,tan20250521t090352c58s4001-B,tan20250521t090352c58s4001,0,0.21754067629870913,0.48028329461511193
581253,tan20250527t184828c48s4001-A,tan20250527t184828c48s4001,0,0.006683550027498338,0.48028329461511193
581254,tan20250521t090352c58s4001-B,tan20250521t090352c58s4001,0,0.7519056392217187,0.48028329461511193
581673,tan20250527t184828c48s4001-B,tan20250527t184828c48s4001,0,0.5314185204254444,0.48028329461511193
581792,tan20250527t184828c48s4001-C,tan20250527t184828c48s4001,0,0.44537917599651977,0.48028329461511193
581954,tan20250527t184828c48s4001-C,tan20250527t184828c48s4001,0,0.005893526729845569,0.48028329461511193
581970,tan20250527t184828c48s4001-C,tan20250527t184828c48s4001,0,0.14662001260419263,0.48028329461511193
582439,tan20250528t090505c53s4001-G,tan20250528t090505c53s4001,0,0.08182445802286537,0.48028329461511193
582444,tan20250528t090505c53s4001-G,tan20250528t090505c53s4001,0,0.5073847400163404,0.48028329461511193
582445,tan20250529t050011c58s4001-A,tan20250529t050011c58s4001,1,0.9404125297486303,0.48028329461511193
582451,tan20250528t090505c53s4001-G,tan20250528t090505c53s4001,0,0.014846230211733666,0.48028329461511193
582452,tan20250529t050011c58s4001-A,tan20250529t050011c58s4001,1,0.8844566617659184,0.48028329461511193
582454,tan20250528t090505c53s4001-G,tan20250528t090505c53s4001,0,0.0010046664106407278,0.48028329461511193
582455,tan20250529t050011c58s4001-A,tan20250529t050011c58s4001,1,0.8919409493565955,0.48028329461511193
582461,tan20250528t090505c53s4001-G,tan20250528t090505c53s4001,0,0.0026047220780480176,0.48028329461511193
582462,tan20250529t050011c58s4001-A,tan20250529t050011c58s4001,1,0.9229542696567582,0.48028329461511193
582471,tan20250528t090505c53s4001-G,tan20250528t090505c53s4001,0,0.0009000866288963212,0.48028329461511193
582472,tan20250529t050011c58s4001-A,tan20250529t050011c58s4001,1,0.9564477288350995,0.48028329461511193
582473,tan20250528t090505c53s4001-G,tan20250528t090505c53s4001,0,0.0024422695801839,0.48028329461511193
582474,tan20250529t050011c58s4001-A,tan20250529t050011c58s4001,1,0.928016092769132,0.48028329461511193
582475,tan20250528t090505c53s4001-G,tan20250528t090505c53s4001,0,0.9087156541321276,0.48028329461511193
582476,tan20250529t050011c58s4001-A,tan20250529t050011c58s4001,1,0.9432364393252323,0.48028329461511193
582487,tan20250528t090505c53s4001-G,tan20250528t090505c53s4001,0,0.1893400697738691,0.48028329461511193
582488,tan20250529t050011c58s4001-A,tan20250529t050011c58s4001,1,0.9448481039910847,0.48028329461511193
582489,tan20250528t090505c53s4001-G,tan20250528t090505c53s4001,0,0.09891114115405887,0.48028329461511193
582490,tan20250529t050011c58s4001-A,tan20250529t050011c58s4001,1,0.9532478023705895,0.48028329461511193
582492,tan20250528t090505c53s4001-G,tan20250528t090505c53s4001,0,0.10304555869811424,0.48028329461511193
582493,tan20250529t050011c58s4001-A,tan20250529t050011c58s4001,1,0.9618794173513231,0.48028329461511193
582496,tan20250528t090505c53s4001-G,tan20250528t090505c53s4001,0,0.09958404849861402,0.48028329461511193
582497,tan20250529t050011c58s4001-A,tan20250529t050011c58s4001,1,0.9020315285057152,0.48028329461511193
582502,tan20250528t090505c53s4001-G,tan20250528t090505c53s4001,0,0.7735464844971737,0.48028329461511193
582503,tan20250529t050011c58s4001-A,tan20250529t050011c58s4001,1,0.8876059267096013,0.48028329461511193
582519,tan20250528t090505c53s4001-G,tan20250528t090505c53s4001,0,0.33821711202005894,0.48028329461511193
582520,tan20250529t050011c58s4001-A,tan20250529t050011c58s4001,1,0.9442103168829089,0.48028329461511193
582538,tan20250528t090505c53s4001-G,tan20250528t090505c53s4001,0,0.31119700183487686,0.48028329461511193
582539,tan20250529t050011c58s4001-A,tan20250529t050011c58s4001,1,0.9223928238454128,0.48028329461511193
582547,tan20250528t090505c53s4001-G,tan20250528t090505c53s4001,0,0.20006144347965674,0.48028329461511193
582548,tan20250529t050011c58s4001-A,tan20250529t050011c58s4001,1,0.9448481039910847,0.48028329461511193
582549,tan20250529t050011c58s4001-A,tan20250529t050011c58s4001,1,0.8735108397654716,0.48028329461511193
582550,tan20250529t050011c58s4001-A,tan20250529t050011c58s4001,0,0.15562837559961124,0.48028329461511193
582552,tan20250529t050011c58s4001-A,tan20250529t050011c58s4001,0,0.002648454350121204,0.48028329461511193
582553,tan20250531t065058c58s4001-A,tan20250531t065058c58s4001,1,0.8268941099128615,0.48028329461511193
582554,tan20250529t050011c58s4001-A,tan20250529t050011c58s4001,0,0.03728450274685676,0.48028329461511193
582555,tan20250531t065058c58s4001-A,tan20250531t065058c58s4001,1,0.7992312213824896,0.48028329461511193
582558,tan20250529t050011c58s4001-A,tan20250529t050011c58s4001,0,0.0061453161000482055,0.48028329461511193
582559,tan20250531t065058c58s4001-A,tan20250531t065058c58s4001,1,0.3443060206491057,0.48028329461511193
582561,tan20250529t050011c58s4001-A,tan20250529t050011c58s4001,0,0.0028011034542582617,0.48028329461511193
582562,tan20250531t065058c58s4001-A,tan20250531t065058c58s4001,1,0.5903766593077816,0.48028329461511193
582564,tan20250529t050011c58s4001-A,tan20250529t050011c58s4001,0,0.0010934564436013206,0.48028329461511193
582565,tan20250531t065058c58s4001-A,tan20250531t065058c58s4001,1,0.2867839767287552,0.48028329461511193
582571,tan20250529t050011c58s4001-A,tan20250529t050011c58s4001,0,0.4443741193956442,0.48028329461511193
582572,tan20250531t065058c58s4001-A,tan20250531t065058c58s4001,1,0.03175627641194779,0.48028329461511193
582577,tan20250529t050011c58s4001-A,tan20250529t050011c58s4001,0,0.2585239691948015,0.48028329461511193
582578,tan20250531t065058c58s4001-A,tan20250531t065058c58s4001,1,0.4894657106208887,0.48028329461511193
582581,tan20250529t050011c58s4001-A,tan20250529t050011c58s4001,0,0.06061134959426342,0.48028329461511193
582582,tan20250531t065058c58s4001-A,tan20250531t065058c58s4001,1,0.48028329461511193,0.48028329461511193
582584,tan20250529t050011c58s4001-A,tan20250529t050011c58s4001,0,0.001900489467498873,0.48028329461511193
582585,tan20250531t065058c58s4001-A,tan20250531t065058c58s4001,1,0.7764087215852232,0.48028329461511193
582587,tan20250529t050011c58s4001-A,tan20250529t050011c58s4001,0,0.7028726355603909,0.48028329461511193
582588,tan20250531t065058c58s4001-A,tan20250531t065058c58s4001,1,0.43009343052640947,0.48028329461511193
582590,tan20250529t050011c58s4001-A,tan20250529t050011c58s4001,0,0.0011391470274441588,0.48028329461511193
582591,tan20250531t065058c58s4001-A,tan20250531t065058c58s4001,1,0.5123363693492896,0.48028329461511193
582593,tan20250529t050011c58s4001-A,tan20250529t050011c58s4001,0,0.9607293551163978,0.48028329461511193
582594,tan20250531t065058c58s4001-A,tan20250531t065058c58s4001,1,0.7950662405114245,0.48028329461511193
582596,tan20250529t050011c58s4001-A,tan20250529t050011c58s4001,0,0.002311146396073318,0.48028329461511193
582597,tan20250531t065058c58s4001-A,tan20250531t065058c58s4001,1,0.863736069615503,0.48028329461511193
582598,tan20250529t050011c58s4001-A,tan20250529t050011c58s4001,0,0.0027948131899869057,0.48028329461511193
582599,tan20250531t065058c58s4001-A,tan20250531t065058c58s4001,1,0.8987194912136918,0.48028329461511193
582600,tan20250529t050011c58s4001-A,tan20250529t050011c58s4001,0,0.014708660907540805,0.48028329461511193
582601,tan20250531t065058c58s4001-A,tan20250531t065058c58s4001,1,0.016616695426655233,0.48028329461511193
582602,tan20250531t065058c58s4001-A,tan20250531t065058c58s4001,1,0.12284434908703418,0.48028329461511193
582605,tan20250531t065058c58s4001-A,tan20250531t065058c58s4001,0,0.005492456004063157,0.48028329461511193
582607,tan20250531t065058c58s4001-A,tan20250531t065058c58s4001,0,0.0014109009705812203,0.48028329461511193
582610,tan20250531t065058c58s4001-A,tan20250531t065058c58s4001,0,0.002400080437801066,0.48028329461511193
582911,tan20250531t065058c58s4001-A,tan20250531t065058c58s4001,0,0.22339555265048583,0.48028329461511193
582912,tan20250531t065058c58s4001-A,tan20250531t065058c58s4001,0,0.020607554384118154,0.48028329461511193
582913,tan20250531t095814c46s4001-C,tan20250531t095814c46s4001,1,0.4594275573661577,0.48028329461511193
582914,tan20250531t065058c58s4001-A,tan20250531t065058c58s4001,0,0.013989178490802848,0.48028329461511193
582915,tan20250531t095814c46s4001-C,tan20250531t095814c46s4001,1,0.17440668424077724,0.48028329461511193
582918,tan20250531t065058c58s4001-A,tan20250531t065058c58s4001,0,0.003671418123254322,0.48028329461511193
582919,tan20250531t095814c46s4001-C,tan20250531t095814c46s4001,1,0.8123430575663995,0.48028329461511193
582921,tan20250531t065058c58s4001-A,tan20250531t065058c58s4001,0,0.007821789376856469,0.48028329461511193
582922,tan20250531t095814c46s4001-C,tan20250531t095814c46s4001,1,0.2535873410819782,0.48028329461511193
582924,tan20250531t065058c58s4001-A,tan20250531t065058c58s4001,0,0.0021558612369785607,0.48028329461511193
582925,tan20250531t095814c46s4001-C,tan20250531t095814c46s4001,1,0.5796934397625886,0.48028329461511193
582926,tan20250531t065058c58s4001-A,tan20250531t065058c58s4001,0,0.004177575539344841,0.48028329461511193
582927,tan20250531t095814c46s4001-C,tan20250531t095814c46s4001,1,0.437282330753522,0.48028329461511193
582929,tan20250531t065058c58s4001-A,tan20250531t065058c58s4001,0,0.026101802750487114,0.48028329461511193
582930,tan20250531t095814c46s4001-C,tan20250531t095814c46s4001,1,0.7077035220513406,0.48028329461511193
582933,tan20250531t065058c58s4001-A,tan20250531t065058c58s4001,0,0.0012574303513213938,0.48028329461511193
582934,tan20250531t095814c46s4001-C,tan20250531t095814c46s4001,1,0.15041246954360438,0.48028329461511193
582935,tan20250531t065058c58s4001-A,tan20250531t065058c58s4001,0,0.009736851217804854,0.48028329461511193
582936,tan20250531t095814c46s4001-C,tan20250531t095814c46s4001,1,0.608024004500057,0.48028329461511193
582939,tan20250531t065058c58s4001-A,tan20250531t065058c58s4001,0,0.004091764108612053,0.48028329461511193
582940,tan20250531t095814c46s4001-C,tan20250531t095814c46s4001,1,0.6404286995624178,0.48028329461511193
582941,tan20250531t065058c58s4001-A,tan20250531t065058c58s4001,0,0.0022681572099643743,0.48028329461511193
582942,tan20250531t095814c46s4001-C,tan20250531t095814c46s4001,1,0.7156522059265611,0.48028329461511193
582944,tan20250531t065058c58s4001-A,tan20250531t065058c58s4001,0,0.04592084834374377,0.48028329461511193
582945,tan20250531t095814c46s4001-C,tan20250531t095814c46s4001,1,0.49467073893778923,0.48028329461511193
582946,tan20250531t095814c46s4001-C,tan20250531t095814c46s4001,1,0.7123744575202154,0.48028329461511193
582947,tan20250531t095814c46s4001-C,tan20250531t095814c46s4001,1,0.36357335698027365,0.48028329461511193
582949,tan20250531t095814c46s4001-C,tan20250531t095814c46s4001,1,0.36292595851675497,0.48028329461511193
582950,tan20250602t192624c08s4001-A,tan20250602t192624c08s4001,1,0.48588137925314817,0.48028329461511193
582951,tan20250531t095814c46s4001-C,tan20250531t095814c46s4001,1,0.36172618331712464,0.48028329461511193
582953,tan20250531t095814c46s4001-C,tan20250531t095814c46s4001,0,0.005777320479903824,0.48028329461511193
582956,tan20250531t095814c46s4001-C,tan20250531t095814c46s4001,0,0.02629220206900046,0.48028329461511193
582958,tan20250531t095814c46s4001-C,tan20250531t095814c46s4001,0,0.02505442583962975,0.48028329461511193
582960,tan20250531t095814c46s4001-C,tan20250531t095814c46s4001,0,0.004142598728308178,0.48028329461511193
582962,tan20250531t095814c46s4001-C,tan20250531t095814c46s4001,0,0.012203165788418372,0.48028329461511193
582963,tan20250602t192624c08s4001-A,tan20250602t192624c08s4001,1,0.8373951522354156,0.48028329461511193
582964,tan20250531t095814c46s4001-C,tan20250531t095814c46s4001,0,0.09458325436844735,0.48028329461511193
582965,tan20250602t192624c08s4001-A,tan20250602t192624c08s4001,1,0.6423481217037085,0.48028329461511193
582966,tan20250531t095814c46s4001-C,tan20250531t095814c46s4001,0,0.003897292156944301,0.48028329461511193
582968,tan20250531t095814c46s4001-C,tan20250531t095814c46s4001,0,0.0047338161741290585,0.48028329461511193
582970,tan20250531t095814c46s4001-C,tan20250531t095814c46s4001,0,0.007852769450266486,0.48028329461511193
582972,tan20250531t095814c46s4001-C,tan20250531t095814c46s4001,0,0.10529236090619064,0.48028329461511193
582974,tan20250531t095814c46s4001-C,tan20250531t095814c46s4001,0,0.05374511371170174,0.48028329461511193
582976,tan20250531t095814c46s4001-C,tan20250531t095814c46s4001,0,0.013475987570499554,0.48028329461511193
582978,tan20250531t095814c46s4001-C,tan20250531t095814c46s4001,0,0.04098834516695037,0.48028329461511193
582980,tan20250531t095814c46s4001-C,tan20250531t095814c46s4001,0,0.003619379347586219,0.48028329461511193
582982,tan20250531t095814c46s4001-C,tan20250531t095814c46s4001,0,0.024837917265735414,0.48028329461511193
582984,tan20250531t095814c46s4001-C,tan20250531t095814c46s4001,0,0.003711573253105263,0.48028329461511193
582995,tan20250602t192624c08s4001-A,tan20250602t192624c08s4001,0,0.0030939703921680608,0.48028329461511193
582996,tan20250602t192624c08s4001-B,tan20250602t192624c08s4001,1,0.9004267203794095,0.48028329461511193
583001,tan20250602t192624c08s4001-A,tan20250602t192624c08s4001,0,0.0013338446662051458,0.48028329461511193
583002,tan20250602t192624c08s4001-B,tan20250602t192624c08s4001,1,0.9428873815955592,0.48028329461511193
583023,tan20250602t192624c08s4001-D,tan20250602t192624c08s4001,1,0.9359575422340252,0.48028329461511193
583026,tan20250602t192624c08s4001-B,tan20250602t192624c08s4001,0,0.001526636985324279,0.48028329461511193
583027,tan20250602t192624c08s4001-D,tan20250602t192624c08s4001,1,0.9593716523029627,0.48028329461511193
583044,tan20250602t192624c08s4001-B,tan20250602t192624c08s4001,0,0.002171643257202199,0.48028329461511193
583052,tan20250602t192624c08s4001-E,tan20250602t192624c08s4001,1,0.8944808102332727,0.48028329461511193
583053,tan20250602t192624c08s4001-D,tan20250602t192624c08s4001,0,0.004278452486085135,0.48028329461511193
583059,tan20250602t192624c08s4001-D,tan20250602t192624c08s4001,0,0.0008877034447279178,0.48028329461511193
583061,tan20250602t192624c08s4001-D,tan20250602t192624c08s4001,0,0.004133334920313596,0.48028329461511193
583062,tan20250602t192624c08s4001-E,tan20250602t192624c08s4001,1,0.5485317088621106,0.48028329461511193
583064,tan20250602t192624c08s4001-E,tan20250602t192624c08s4001,1,0.49520335605485105,0.48028329461511193
583065,tan20250602t192624c08s4001-D,tan20250602t192624c08s4001,0,0.001239622892989109,0.48028329461511193
583066,tan20250602t192624c08s4001-E,tan20250602t192624c08s4001,1,0.5804139978099733,0.48028329461511193
583072,tan20250602t192624c08s4001-E,tan20250602t192624c08s4001,1,0.3572708977976,0.48028329461511193
583080,tan20250602t192624c08s4001-E,tan20250602t192624c08s4001,1,0.06017516598646429,0.48028329461511193
583091,tan20250602t192624c08s4001-F,tan20250602t192624c08s4001,1,0.9152098496640854,0.48028329461511193
583092,tan20250602t192624c08s4001-E,tan20250602t192624c08s4001,0,0.7230559273774783,0.48028329461511193
583095,tan20250602t192624c08s4001-F,tan20250602t192624c08s4001,1,0.8742701763394776,0.48028329461511193
583099,tan20250602t192624c08s4001-F,tan20250602t192624c08s4001,1,0.2671592855165924,0.48028329461511193
583106,tan20250602t192624c08s4001-E,tan20250602t192624c08s4001,0,0.005870708427364414,0.48028329461511193
583108,tan20250602t192624c08s4001-E,tan20250602t192624c08s4001,0,0.006862469866738801,0.48028329461511193
583114,tan20250602t192624c08s4001-F,tan20250602t192624c08s4001,0,0.0043494167233647275,0.48028329461511193
583115,tan20250602t192624c08s4001-F,tan20250602t192624c08s4001,0,0.001535982394775361,0.48028329461511193
583116,tan20250604t102352c58s4001-A,tan20250604t102352c58s4001,1,0.8323158165943334,0.48028329461511193
583118,tan20250604t102352c58s4001-A,tan20250604t102352c58s4001,1,0.5345149390812072,0.48028329461511193
583119,tan20250602t192624c08s4001-F,tan20250602t192624c08s4001,0,0.0048697749142577315,0.48028329461511193
583120,tan20250604t102352c58s4001-A,tan20250604t102352c58s4001,1,0.3300208229931886,0.48028329461511193
583121,tan20250602t192624c08s4001-F,tan20250602t192624c08s4001,0,0.014650151781793635,0.48028329461511193
583122,tan20250604t102352c58s4001-A,tan20250604t102352c58s4001,1,0.3608654962698102,0.48028329461511193
583124,tan20250604t102352c58s4001-A,tan20250604t102352c58s4001,1,0.7316760038747365,0.48028329461511193
583126,tan20250604t102352c58s4001-A,tan20250604t102352c58s4001,1,0.4793596580933997,0.48028329461511193
583128,tan20250604t102352c58s4001-A,tan20250604t102352c58s4001,1,0.6097327347695393,0.48028329461511193
583129,tan20250602t192624c08s4001-F,tan20250602t192624c08s4001,0,0.14622989095107974,0.48028329461511193
583130,tan20250604t102352c58s4001-A,tan20250604t102352c58s4001,1,0.8151872310777541,0.48028329461511193
583132,tan20250604t102352c58s4001-A,tan20250604t102352c58s4001,1,0.8901235015376638,0.48028329461511193
583134,tan20250604t102352c58s4001-A,tan20250604t102352c58s4001,1,0.8729647960753049,0.48028329461511193
583136,tan20250604t102352c58s4001-A,tan20250604t102352c58s4001,1,0.7130552618313767,0.48028329461511193
583138,tan20250604t102352c58s4001-A,tan20250604t102352c58s4001,1,0.12136664074571164,0.48028329461511193
583139,tan20250604t102352c58s4001-A,tan20250604t102352c58s4001,1,0.883606636836589,0.48028329461511193
583140,tan20250604t102352c58s4001-A,tan20250604t102352c58s4001,1,0.13880571077922085,0.48028329461511193
583255,tan20250606t055124c12s4001-A,tan20250606t055124c12s4001,0,0.0008829326880989182,0.48028329461511193
583256,tan20250604t102352c58s4001-A,tan20250604t102352c58s4001,1,0.7651996842682143,0.48028329461511193
583276,tan20250606t055124c12s4001-A,tan20250606t055124c12s4001,0,0.028541611171656944,0.48028329461511193
583277,tan20250604t102352c58s4001-A,tan20250604t102352c58s4001,1,0.3229931463790043,0.48028329461511193
583296,tan20250604t102352c58s4001-A,tan20250604t102352c58s4001,0,0.19347766357703444,0.48028329461511193
583316,tan20250606t055124c12s4001-A,tan20250606t055124c12s4001,0,0.0012725657236298694,0.48028329461511193
583317,tan20250604t102352c58s4001-A,tan20250604t102352c58s4001,0,0.3596803336075487,0.48028329461511193
583324,tan20250604t102352c58s4001-A,tan20250604t102352c58s4001,0,0.21134297461987356,0.48028329461511193
583338,tan20250606t055124c12s4001-A,tan20250606t055124c12s4001,0,0.004841252103130055,0.48028329461511193
583339,tan20250604t102352c58s4001-A,tan20250604t102352c58s4001,0,0.051448278683846375,0.48028329461511193
583365,tan20250604t102352c58s4001-A,tan20250604t102352c58s4001,0,0.26750723549874816,0.48028329461511193
583367,tan20250606t055124c12s4001-A,tan20250606t055124c12s4001,0,0.0017740876556549107,0.48028329461511193
583368,tan20250604t102352c58s4001-A,tan20250604t102352c58s4001,0,0.4404327840901031,0.48028329461511193
583379,tan20250606t055124c12s4001-A,tan20250606t055124c12s4001,0,0.0008337995770505622,0.48028329461511193
583380,tan20250604t102352c58s4001-A,tan20250604t102352c58s4001,0,0.4551719046491602,0.48028329461511193
583388,tan20250604t102352c58s4001-A,tan20250604t102352c58s4001,0,0.1001873695509666,0.48028329461511193
583390,tan20250606t055124c12s4001-A,tan20250606t055124c12s4001,0,0.019963216369575,0.48028329461511193
583391,tan20250604t102352c58s4001-A,tan20250604t102352c58s4001,0,0.15632100751192926,0.48028329461511193
583399,tan20250604t102352c58s4001-A,tan20250604t102352c58s4001,0,0.39677895844695177,0.48028329461511193
583405,tan20250606t055124c12s4001-A,tan20250606t055124c12s4001,0,0.00258674502978905,0.48028329461511193
583406,tan20250604t102352c58s4001-A,tan20250604t102352c58s4001,0,0.6983590163923112,0.48028329461511193
583423,tan20250606t055124c12s4001-A,tan20250606t055124c12s4001,0,0.0032988048482296504,0.48028329461511193
583424,tan20250604t102352c58s4001-A,tan20250604t102352c58s4001,0,0.009099490607087967,0.48028329461511193
583440,tan20250606t055124c12s4001-A,tan20250606t055124c12s4001,0,0.0019277903238331244,0.48028329461511193
583441,tan20250604t102352c58s4001-A,tan20250604t102352c58s4001,0,0.4760122137076521,0.48028329461511193
583455,tan20250606t055124c12s4001-A,tan20250606t055124c12s4001,0,0.0010221524886383064,0.48028329461511193
583456,tan20250604t102352c58s4001-A,tan20250604t102352c58s4001,0,0.05356906656362909,0.48028329461511193
583457,tan20250604t102352c58s4001-A,tan20250604t102352c58s4001,0,0.4453625669116732,0.48028329461511193
583458,tan20250604t102352c58s4001-A,tan20250604t102352c58s4001,0,0.27221676723643723,0.48028329461511193
584304,tan20250606t072724c60s4001-A,tan20250606t072724c60s4001,0,0.7425281372145976,0.48028329461511193
584317,tan20250606t072724c60s4001-A,tan20250606t072724c60s4001,0,0.21906827843811377,0.48028329461511193
584319,tan20250606t055124c12s4001-O,tan20250606t055124c12s4001,0,0.00417958475921744,0.48028329461511193
584321,tan20250606t072724c60s4001-A,tan20250606t072724c60s4001,0,0.4526889870333465,0.48028329461511193
584335,tan20250606t055124c12s4001-O,tan20250606t055124c12s4001,0,0.003281316112903805,0.48028329461511193
584336,tan20250606t072724c60s4001-A,tan20250606t072724c60s4001,0,0.056742494024397606,0.48028329461511193
584339,tan20250606t055124c12s4001-O,tan20250606t055124c12s4001,0,0.01151300494087518,0.48028329461511193
584343,tan20250606t072724c60s4001-A,tan20250606t072724c60s4001,0,0.14586757435588224,0.48028329461511193
584352,tan20250606t072724c60s4001-A,tan20250606t072724c60s4001,0,0.19323499749903006,0.48028329461511193
584371,tan20250606t072724c60s4001-A,tan20250606t072724c60s4001,0,0.12387053140584328,0.48028329461511193
584390,tan20250606t072724c60s4001-A,tan20250606t072724c60s4001,0,0.044809588143301465,0.48028329461511193
584394,tan20250606t072724c60s4001-A,tan20250606t072724c60s4001,0,0.5427274324338047,0.48028329461511193
584409,tan20250606t055124c12s4001-O,tan20250606t055124c12s4001,0,0.0036113870464067306,0.48028329461511193
584410,tan20250606t072724c60s4001-A,tan20250606t072724c60s4001,0,0.06703273521137788,0.48028329461511193
584423,tan20250606t055124c12s4001-O,tan20250606t055124c12s4001,0,0.030786854876118642,0.48028329461511193
584424,tan20250606t072724c60s4001-A,tan20250606t072724c60s4001,0,0.17343927776663134,0.48028329461511193
584446,tan20250606t072724c60s4001-A,tan20250606t072724c60s4001,0,0.44774512512395576,0.48028329461511193
584481,tan20250606t072724c60s4001-A,tan20250606t072724c60s4001,0,0.053428091425954206,0.48028329461511193
584483,tan20250606t072724c60s4001-A,tan20250606t072724c60s4001,0,0.009693638393693466,0.48028329461511193
584485,tan20250606t072724c60s4001-A,tan20250606t072724c60s4001,0,0.06582570901220271,0.48028329461511193
584587,tan20250606t072724c60s4001-A,tan20250606t072724c60s4001,0,0.0158166214995384,0.48028329461511193
584606,tan20250606t152948c58s4001-A,tan20250606t152948c58s4001,0,0.6216586612847382,0.48028329461511193
584609,tan20250606t152948c58s4001-A,tan20250606t152948c58s4001,0,0.14353061624535454,0.48028329461511193
584711,tan20250606t152948c58s4001-B,tan20250606t152948c58s4001,0,0.8207316452813685,0.48028329461511193
584727,tan20250606t152948c58s4001-B,tan20250606t152948c58s4001,0,0.47378594567138643,0.48028329461511193
584732,tan20250606t152948c58s4001-A,tan20250606t152948c58s4001,0,0.10571679756177414,0.48028329461511193
584737,tan20250606t152948c58s4001-B,tan20250606t152948c58s4001,0,0.34154931482990686,0.48028329461511193
584740,tan20250606t152948c58s4001-A,tan20250606t152948c58s4001,0,0.26825089012931913,0.48028329461511193
584750,tan20250606t152948c58s4001-A,tan20250606t152948c58s4001,0,0.6811250550003864,0.48028329461511193
584752,tan20250606t152948c58s4001-B,tan20250606t152948c58s4001,0,0.29180199913773514,0.48028329461511193
584762,tan20250606t152948c58s4001-A,tan20250606t152948c58s4001,0,0.4702452935815293,0.48028329461511193
584764,tan20250606t152948c58s4001-B,tan20250606t152948c58s4001,0,0.7014450989481089,0.48028329461511193
584782,tan20250606t152948c58s4001-B,tan20250606t152948c58s4001,0,0.07110436276600363,0.48028329461511193
584787,tan20250606t152948c58s4001-A,tan20250606t152948c58s4001,0,0.4203937315589827,0.48028329461511193
584800,tan20250606t152948c58s4001-A,tan20250606t152948c58s4001,0,0.06245130790934821,0.48028329461511193
584804,tan20250606t152948c58s4001-B,tan20250606t152948c58s4001,0,0.6426330822873819,0.48028329461511193
584807,tan20250606t152948c58s4001-B,tan20250606t152948c58s4001,0,0.5885068236031402,0.48028329461511193
584808,tan20250608t105140c59s4001-A,tan20250608t105140c59s4001,1,0.9045451401085939,0.48028329461511193
584819,tan20250608t105140c59s4001-A,tan20250608t105140c59s4001,1,0.905649751322525,0.48028329461511193
584820,tan20250608t105140c59s4001-A,tan20250608t105140c59s4001,1,0.9067559554263088,0.48028329461511193
584946,tan20250608t105140c59s4001-B,tan20250608t105140c59s4001,0,0.26322142018240346,0.48028329461511193
585010,tan20250608t105140c59s4001-B,tan20250608t105140c59s4001,0,0.8231431362524357,0.48028329461511193
585028,tan20250608t105140c59s4001-A,tan20250608t105140c59s4001,1,0.896296336833169,0.48028329461511193
585064,tan20250608t105140c59s4001-A,tan20250608t105140c59s4001,1,0.8869903953131765,0.48028329461511193
585086,tan20250608t105140c59s4001-A,tan20250608t105140c59s4001,0,0.005770697283796126,0.48028329461511193
585095,tan20250608t105140c59s4001-B,tan20250608t105140c59s4001,0,0.23651532547981874,0.48028329461511193
585200,tan20250608t105140c59s4001-C,tan20250608t105140c59s4001,0,0.10488990199620994,0.48028329461511193
585217,tan20250608t105140c59s4001-A,tan20250608t105140c59s4001,0,0.0029734800182317457,0.48028329461511193
585224,tan20250608t105140c59s4001-A,tan20250608t105140c59s4001,0,0.06593192583326322,0.48028329461511193
585246,tan20250608t105140c59s4001-C,tan20250608t105140c59s4001,0,0.0015408102947179504,0.48028329461511193
585257,tan20250608t105140c59s4001-C,tan20250608t105140c59s4001,0,0.12177157518410532,0.48028329461511193
585262,tan20250608t105140c59s4001-D,tan20250608t105140c59s4001,1,0.731636062457527,0.48028329461511193
585263,tan20250608t105140c59s4001-D,tan20250608t105140c59s4001,1,0.83398924856374,0.48028329461511193
585267,tan20250608t105140c59s4001-E,tan20250608t105140c59s4001,1,0.9146284793082943,0.48028329461511193
585268,tan20250608t105140c59s4001-D,tan20250608t105140c59s4001,1,0.6394571079767711,0.48028329461511193
585277,tan20250608t105140c59s4001-E,tan20250608t105140c59s4001,1,0.9450890620494745,0.48028329461511193
585287,tan20250608t105140c59s4001-E,tan20250608t105140c59s4001,1,0.8671696707644144,0.48028329461511193
585288,tan20250608t105140c59s4001-D,tan20250608t105140c59s4001,0,0.28422169969673255,0.48028329461511193
585311,tan20250608t105140c59s4001-E,tan20250608t105140c59s4001,0,0.9149092257017687,0.48028329461511193
585314,tan20250608t105140c59s4001-D,tan20250608t105140c59s4001,0,0.016743447341892436,0.48028329461511193
585318,tan20250608t105140c59s4001-G,tan20250608t105140c59s4001,1,0.53538443301247,0.48028329461511193
585327,tan20250608t105140c59s4001-G,tan20250608t105140c59s4001,1,0.845425780900293,0.48028329461511193
585328,tan20250608t105140c59s4001-G,tan20250608t105140c59s4001,1,0.8446935217932631,0.48028329461511193
585330,tan20250608t105140c59s4001-G,tan20250608t105140c59s4001,1,0.206307249999542,0.48028329461511193
585344,tan20250608t105140c59s4001-G,tan20250608t105140c59s4001,1,0.7739244956757673,0.48028329461511193
585356,tan20250608t105140c59s4001-G,tan20250608t105140c59s4001,0,0.13018698095658768,0.48028329461511193
585357,tan20250610t045217c12s4001-A,tan20250610t045217c12s4001,1,0.24314481915262232,0.48028329461511193
585360,tan20250608t105140c59s4001-G,tan20250608t105140c59s4001,0,0.006593073957281926,0.48028329461511193
585362,tan20250608t105140c59s4001-G,tan20250608t105140c59s4001,0,0.05331021930468965,0.48028329461511193
585363,tan20250610t045217c12s4001-A,tan20250610t045217c12s4001,0,0.0038284525522065175,0.48028329461511193
585373,tan20250608t105140c59s4001-G,tan20250608t105140c59s4001,0,0.004633129711141079,0.48028329461511193
585376,tan20250610t045217c12s4001-A,tan20250610t045217c12s4001,0,0.005635350446310529,0.48028329461511193
585378,tan20250610t045217c12s4001-A,tan20250610t045217c12s4001,0,0.0015176877756127255,0.48028329461511193
585389,tan20250610t045217c12s4001-B,tan20250610t045217c12s4001,1,0.43749123357411296,0.48028329461511193
585390,tan20250610t045217c12s4001-A,tan20250610t045217c12s4001,0,0.010451469143194005,0.48028329461511193
585404,tan20250610t045217c12s4001-C,tan20250610t045217c12s4001,1,0.9583829006620246,0.48028329461511193
585405,tan20250610t045217c12s4001-B,tan20250610t045217c12s4001,1,0.1527979267654743,0.48028329461511193
585406,tan20250610t045217c12s4001-C,tan20250610t045217c12s4001,1,0.09621883930603464,0.48028329461511193
585408,tan20250610t045217c12s4001-C,tan20250610t045217c12s4001,1,0.9494803695888816,0.48028329461511193
585415,tan20250610t045217c12s4001-C,tan20250610t045217c12s4001,1,0.7093067683719618,0.48028329461511193
585417,tan20250610t045217c12s4001-C,tan20250610t045217c12s4001,1,0.29992668112808485,0.48028329461511193
585418,tan20250610t045217c12s4001-B,tan20250610t045217c12s4001,0,0.003169859567559755,0.48028329461511193
585423,tan20250610t045217c12s4001-C,tan20250610t045217c12s4001,1,0.9574832062362438,0.48028329461511193
585428,tan20250610t045217c12s4001-C,tan20250610t045217c12s4001,0,0.0008640533011256871,0.48028329461511193
585430,tan20250610t045217c12s4001-C,tan20250610t045217c12s4001,0,0.0021031852944493937,0.48028329461511193
585436,tan20250610t045217c12s4001-B,tan20250610t045217c12s4001,0,0.030816957659227154,0.48028329461511193
585445,tan20250610t045217c12s4001-C,tan20250610t045217c12s4001,0,0.007065859669305333,0.48028329461511193
585450,tan20250610t045217c12s4001-C,tan20250610t045217c12s4001,0,0.0011951460401531512,0.48028329461511193
585454,tan20250610t045217c12s4001-D,tan20250610t045217c12s4001,1,0.029213485760446117,0.48028329461511193
585455,tan20250610t045217c12s4001-C,tan20250610t045217c12s4001,0,0.025845404107795716,0.48028329461511193
585457,tan20250610t045217c12s4001-C,tan20250610t045217c12s4001,0,0.5550046396336892,0.48028329461511193
585462,tan20250610t045217c12s4001-E,tan20250610t045217c12s4001,1,0.0023199011116506376,0.48028329461511193
585472,tan20250610t045217c12s4001-E,tan20250610t045217c12s4001,1,0.0011002668233122263,0.48028329461511193
585473,tan20250610t045217c12s4001-D,tan20250610t045217c12s4001,1,0.12776972343611334,0.48028329461511193
585475,tan20250610t045217c12s4001-D,tan20250610t045217c12s4001,1,0.029213485760446117,0.48028329461511193
585477,tan20250610t045217c12s4001-D,tan20250610t045217c12s4001,1,0.009824892268796332,0.48028329461511193
585488,tan20250610t045217c12s4001-E,tan20250610t045217c12s4001,1,0.0015985869327471288,0.48028329461511193
585501,tan20250610t045217c12s4001-D,tan20250610t045217c12s4001,0,0.009135300777006652,0.48028329461511193
585503,tan20250610t045217c12s4001-E,tan20250610t045217c12s4001,0,0.0017604332284486379,0.48028329461511193
585508,tan20250610t045217c12s4001-E,tan20250610t045217c12s4001,0,0.0014541483668868748,0.48028329461511193
585524,tan20250610t045217c12s4001-E,tan20250610t045217c12s4001,0,0.001933747874526228,0.48028329461511193
585527,tan20250614t191717c51s4001-C,tan20250614t191717c51s4001,1,0.8676840022780612,0.48028329461511193
585529,tan20250614t191717c51s4001-C,tan20250614t191717c51s4001,1,0.9637616353705428,0.48028329461511193
585531,tan20250614t191717c51s4001-C,tan20250614t191717c51s4001,1,0.9687220142042646,0.48028329461511193
585533,tan20250614t191717c51s4001-C,tan20250614t191717c51s4001,1,0.9420504299351466,0.48028329461511193
585534,tan20250614t191717c51s4001-C,tan20250614t191717c51s4001,1,0.8676840022780612,0.48028329461511193
585535,tan20250614t191717c51s4001-C,tan20250614t191717c51s4001,1,0.939373910978209,0.48028329461511193
585835,tan20250614t191717c51s4001-C,tan20250614t191717c51s4001,1,0.939373910978209,0.48028329461511193
585836,tan20250614t191717c51s4001-C,tan20250614t191717c51s4001,1,0.9348843706997045,0.48028329461511193
585837,tan20250615t105053c58s4001-A,tan20250615t105053c58s4001,1,0.6061055404380772,0.48028329461511193
585838,tan20250614t191717c51s4001-C,tan20250614t191717c51s4001,1,0.7738603155809953,0.48028329461511193
585839,tan20250615t105053c58s4001-A,tan20250615t105053c58s4001,1,0.659382426212758,0.48028329461511193
585840,tan20250614t191717c51s4001-C,tan20250614t191717c51s4001,1,0.8829045765905564,0.48028329461511193
585841,tan20250615t105053c58s4001-A,tan20250615t105053c58s4001,1,0.7338287835085608,0.48028329461511193
585842,tan20250614t191717c51s4001-C,tan20250614t191717c51s4001,1,0.972009186254703,0.48028329461511193
585843,tan20250615t105053c58s4001-A,tan20250615t105053c58s4001,1,0.6609891444530789,0.48028329461511193
585844,tan20250614t191717c51s4001-C,tan20250614t191717c51s4001,1,0.9471982721506657,0.48028329461511193
585845,tan20250615t105053c58s4001-A,tan20250615t105053c58s4001,1,0.7685632108830387,0.48028329461511193
585846,tan20250614t191717c51s4001-C,tan20250614t191717c51s4001,1,0.9526513498003947,0.48028329461511193
585847,tan20250615t105053c58s4001-A,tan20250615t105053c58s4001,1,0.5981871605925073,0.48028329461511193
585848,tan20250614t191717c51s4001-C,tan20250614t191717c51s4001,1,0.9762989227709952,0.48028329461511193
585849,tan20250615t105053c58s4001-A,tan20250615t105053c58s4001,1,0.7328224654773168,0.48028329461511193
585850,tan20250614t191717c51s4001-C,tan20250614t191717c51s4001,1,0.9658093574886369,0.48028329461511193
585851,tan20250615t105053c58s4001-A,tan20250615t105053c58s4001,1,0.5356925522359376,0.48028329461511193
585852,tan20250614t191717c51s4001-C,tan20250614t191717c51s4001,1,0.9013682943814614,0.48028329461511193
585853,tan20250615t105053c58s4001-A,tan20250615t105053c58s4001,1,0.7338287835085608,0.48028329461511193
585854,tan20250614t191717c51s4001-C,tan20250614t191717c51s4001,0,0.023219890532163532,0.48028329461511193
585857,tan20250614t191717c51s4001-C,tan20250614t191717c51s4001,0,0.002794778601452878,0.48028329461511193
585858,tan20250615t105053c58s4001-A,tan20250615t105053c58s4001,1,0.5490007051497664,0.48028329461511193
585859,tan20250614t191717c51s4001-C,tan20250614t191717c51s4001,0,0.7552198129662338,0.48028329461511193
585860,tan20250615t105053c58s4001-A,tan20250615t105053c58s4001,1,0.8158386747467605,0.48028329461511193
585861,tan20250614t191717c51s4001-C,tan20250614t191717c51s4001,0,0.006545793337758326,0.48028329461511193
585862,tan20250615t105053c58s4001-A,tan20250615t105053c58s4001,1,0.5721425600073622,0.48028329461511193
585863,tan20250614t191717c51s4001-C,tan20250614t191717c51s4001,0,0.002999932959062904,0.48028329461511193
585864,tan20250615t105053c58s4001-A,tan20250615t105053c58s4001,1,0.750404067924564,0.48028329461511193
585865,tan20250614t191717c51s4001-C,tan20250614t191717c51s4001,0,0.0029250124645259965,0.48028329461511193
585866,tan20250615t105053c58s4001-A,tan20250615t105053c58s4001,1,0.7193062250880068,0.48028329461511193
585868,tan20250614t191717c51s4001-C,tan20250614t191717c51s4001,0,0.11519798578039718,0.48028329461511193
585869,tan20250615t105053c58s4001-A,tan20250615t105053c58s4001,1,0.7399481229860787,0.48028329461511193
585871,tan20250614t191717c51s4001-C,tan20250614t191717c51s4001,0,0.012688023720194275,0.48028329461511193
585872,tan20250615t105053c58s4001-A,tan20250615t105053c58s4001,1,0.6409839229715398,0.48028329461511193
585873,tan20250614t191717c51s4001-C,tan20250614t191717c51s4001,0,0.0030875608913325243,0.48028329461511193
585874,tan20250615t105053c58s4001-A,tan20250615t105053c58s4001,0,0.0020958116139438805,0.48028329461511193
585877,tan20250614t191717c51s4001-C,tan20250614t191717c51s4001,0,0.7804420518284505,0.48028329461511193
585878,tan20250615t105053c58s4001-A,tan20250615t105053c58s4001,0,0.2847731814893246,0.48028329461511193
585882,tan20250614t191717c51s4001-C,tan20250614t191717c51s4001,0,0.16655618356093374,0.48028329461511193
585883,tan20250615t105053c58s4001-A,tan20250615t105053c58s4001,0,0.00534539661857831,0.48028329461511193
585884,tan20250614t191717c51s4001-C,tan20250614t191717c51s4001,0,0.4499071899237416,0.48028329461511193
585885,tan20250615t105053c58s4001-A,tan20250615t105053c58s4001,0,0.09114948893092997,0.48028329461511193
585890,tan20250614t191717c51s4001-C,tan20250614t191717c51s4001,0,0.9366380452090818,0.48028329461511193
585891,tan20250615t105053c58s4001-A,tan20250615t105053c58s4001,0,0.12851044275235313,0.48028329461511193
585894,tan20250614t191717c51s4001-C,tan20250614t191717c51s4001,0,0.5176241918329552,0.48028329461511193
585895,tan20250615t105053c58s4001-A,tan20250615t105053c58s4001,0,0.0221248357772756,0.48028329461511193
585896,tan20250614t191717c51s4001-C,tan20250614t191717c51s4001,0,0.6975104043590856,0.48028329461511193
585897,tan20250615t105053c58s4001-A,tan20250615t105053c58s4001,0,0.003573999518335838,0.48028329461511193
585898,tan20250614t191717c51s4001-C,tan20250614t191717c51s4001,0,0.8781285836138865,0.48028329461511193
585899,tan20250615t105053c58s4001-A,tan20250615t105053c58s4001,0,0.1772265354556055,0.48028329461511193
585900,tan20250615t105053c58s4001-A,tan20250615t105053c58s4001,0,0.030193661178792103,0.48028329461511193
585901,tan20250615t105053c58s4001-A,tan20250615t105053c58s4001,0,0.031872975672540244,0.48028329461511193
585903,tan20250615t105053c58s4001-A,tan20250615t105053c58s4001,0,0.06162375034808374,0.48028329461511193
585905,tan20250615t105053c58s4001-A,tan20250615t105053c58s4001,0,0.03139020959577617,0.48028329461511193
585907,tan20250615t105053c58s4001-A,tan20250615t105053c58s4001,0,0.024801178660134513,0.48028329461511193
585909,tan20250615t105053c58s4001-A,tan20250615t105053c58s4001,0,0.010287505099731697,0.48028329461511193
585911,tan20250615t105053c58s4001-A,tan20250615t105053c58s4001,0,0.311640401346653,0.48028329461511193
585913,tan20250615t105053c58s4001-A,tan20250615t105053c58s4001,0,0.38347371295286,0.48028329461511193
585918,tan20250618t085207c36s4001-A,tan20250618t085207c36s4001,1,0.8724682548878283,0.48028329461511193
585919,tan20250618t085207c36s4001-B,tan20250618t085207c36s4001,1,0.8314625453459877,0.48028329461511193
585923,tan20250618t085207c36s4001-B,tan20250618t085207c36s4001,1,0.854785035979015,0.48028329461511193
585925,tan20250618t085207c36s4001-B,tan20250618t085207c36s4001,1,0.8101943520792212,0.48028329461511193
585935,tan20250618t085207c36s4001-B,tan20250618t085207c36s4001,1,0.8431763099640726,0.48028329461511193
585941,tan20250618t085207c36s4001-B,tan20250618t085207c36s4001,1,0.6650582213916997,0.48028329461511193
585942,tan20250618t085207c36s4001-A,tan20250618t085207c36s4001,0,0.04163632626035082,0.48028329461511193
585950,tan20250618t085207c36s4001-A,tan20250618t085207c36s4001,0,0.16829538230761293,0.48028329461511193
585954,tan20250618t085207c36s4001-A,tan20250618t085207c36s4001,0,0.0035184453066114587,0.48028329461511193
585961,tan20250618t085207c36s4001-B,tan20250618t085207c36s4001,0,0.17599574231568463,0.48028329461511193
585979,tan20250618t085207c36s4001-D,tan20250618t085207c36s4001,1,0.9176126215985431,0.48028329461511193
585985,tan20250618t085207c36s4001-E,tan20250618t085207c36s4001,1,0.4992312881205393,0.48028329461511193
585996,tan20250618t085207c36s4001-D,tan20250618t085207c36s4001,0,0.004275867045620685,0.48028329461511193
586001,tan20250618t085207c36s4001-E,tan20250618t085207c36s4001,1,0.4508571534779024,0.48028329461511193
586003,tan20250618t085207c36s4001-E,tan20250618t085207c36s4001,1,0.9243982861233417,0.48028329461511193
586004,tan20250618t085207c36s4001-D,tan20250618t085207c36s4001,0,0.46256624521135953,0.48028329461511193
586009,tan20250618t085207c36s4001-E,tan20250618t085207c36s4001,1,0.7744382599422622,0.48028329461511193
586011,tan20250618t085207c36s4001-E,tan20250618t085207c36s4001,1,0.41215580077534186,0.48028329461511193
586018,tan20250618t085207c36s4001-D,tan20250618t085207c36s4001,0,0.02050873752071999,0.48028329461511193
586020,tan20250618t085207c36s4001-D,tan20250618t085207c36s4001,0,0.04552580332574541,0.48028329461511193
586022,tan20250618t085207c36s4001-D,tan20250618t085207c36s4001,0,0.06523870388466697,0.48028329461511193
586026,tan20250618t085207c36s4001-D,tan20250618t085207c36s4001,0,0.010097815375567604,0.48028329461511193
586030,tan20250618t085207c36s4001-G,tan20250618t085207c36s4001,1,0.8375283035501991,0.48028329461511193
586031,tan20250618t085207c36s4001-E,tan20250618t085207c36s4001,0,0.042596777432572695,0.48028329461511193
586035,tan20250618t085207c36s4001-E,tan20250618t085207c36s4001,0,0.18948062255861797,0.48028329461511193
586039,tan20250618t085207c36s4001-E,tan20250618t085207c36s4001,0,0.014162899204641278,0.48028329461511193
586148,tan20250618t152406c56s4001-A,tan20250618t152406c56s4001,0,0.006265462704056154,0.48028329461511193
586149,tan20250618t085207c36s4001-G,tan20250618t085207c36s4001,1,0.7927257490944823,0.48028329461511193
586151,tan20250618t152406c56s4001-A,tan20250618t152406c56s4001,0,0.001439100126998484,0.48028329461511193
586156,tan20250618t152406c56s4001-A,tan20250618t152406c56s4001,0,0.07282651357613225,0.48028329461511193
586157,tan20250618t085207c36s4001-G,tan20250618t085207c36s4001,1,0.8678253584873039,0.48028329461511193
586158,tan20250618t152406c56s4001-A,tan20250618t152406c56s4001,0,0.0023345234034991,0.48028329461511193
586160,tan20250618t152406c56s4001-A,tan20250618t152406c56s4001,0,0.024961467930732516,0.48028329461511193
586162,tan20250618t152406c56s4001-A,tan20250618t152406c56s4001,0,0.020884550320533414,0.48028329461511193
586166,tan20250618t152406c56s4001-A,tan20250618t152406c56s4001,0,0.0020156701343350997,0.48028329461511193
586167,tan20250618t085207c36s4001-G,tan20250618t085207c36s4001,1,0.8872460288258489,0.48028329461511193
586169,tan20250618t152406c56s4001-A,tan20250618t152406c56s4001,0,0.00935346618210316,0.48028329461511193
586172,tan20250618t152406c56s4001-A,tan20250618t152406c56s4001,0,0.003574396936975001,0.48028329461511193
586173,tan20250618t085207c36s4001-G,tan20250618t085207c36s4001,0,0.00441230897639329,0.48028329461511193
586175,tan20250618t152406c56s4001-A,tan20250618t152406c56s4001,0,0.0013700556513428126,0.48028329461511193
586177,tan20250618t152406c56s4001-A,tan20250618t152406c56s4001,0,0.002936682418068251,0.48028329461511193
586186,tan20250618t152406c56s4001-A,tan20250618t152406c56s4001,0,0.0027790242523964303,0.48028329461511193
586190,tan20250618t152406c56s4001-A,tan20250618t152406c56s4001,0,0.045698629300472436,0.48028329461511193
586192,tan20250618t152406c56s4001-A,tan20250618t152406c56s4001,0,0.002360000216190927,0.48028329461511193
586195,tan20250618t152406c56s4001-A,tan20250618t152406c56s4001,0,0.0049009736814730614,0.48028329461511193
586204,tan20250618t152406c56s4001-A,tan20250618t152406c56s4001,0,0.0011389885440044746,0.48028329461511193
586205,tan20250618t085207c36s4001-G,tan20250618t085207c36s4001,0,0.025195430542759453,0.48028329461511193
586207,tan20250618t085207c36s4001-G,tan20250618t085207c36s4001,0,0.809306564310577,0.48028329461511193
586208,tan20250619t081641c58s4001-A,tan20250619t081641c58s4001,1,0.9594096008483985,0.48028329461511193
586210,tan20250619t081641c58s4001-A,tan20250619t081641c58s4001,1,0.6289712806095915,0.48028329461511193
586212,tan20250619t081641c58s4001-A,tan20250619t081641c58s4001,1,0.9473988889029529,0.48028329461511193
586214,tan20250619t081641c58s4001-A,tan20250619t081641c58s4001,1,0.4832282903405757,0.48028329461511193
586216,tan20250619t081641c58s4001-A,tan20250619t081641c58s4001,1,0.91654576516453,0.48028329461511193
586218,tan20250619t081641c58s4001-A,tan20250619t081641c58s4001,1,0.9459887655613667,0.48028329461511193
586219,tan20250619t081641c58s4001-A,tan20250619t081641c58s4001,1,0.9496590451325122,0.48028329461511193
586220,tan20250619t081641c58s4001-A,tan20250619t081641c58s4001,1,0.8905781516702715,0.48028329461511193
586328,tan20250620t103432c56s4001-A,tan20250620t103432c56s4001,0,0.002202860065101146,0.48028329461511193
586329,tan20250619t081641c58s4001-A,tan20250619t081641c58s4001,1,0.8609052508186582,0.48028329461511193
586522,tan20250619t081641c58s4001-A,tan20250619t081641c58s4001,1,0.9518804425189417,0.48028329461511193
586523,tan20250619t081641c58s4001-A,tan20250619t081641c58s4001,1,0.9397998772495925,0.48028329461511193
586524,tan20250621t191825c25s4001-D,tan20250621t191825c25s4001,1,0.8279497982362984,0.48028329461511193
586525,tan20250619t081641c58s4001-A,tan20250619t081641c58s4001,1,0.8868973573430241,0.48028329461511193
586526,tan20250621t191825c25s4001-D,tan20250621t191825c25s4001,1,0.835720761028129,0.48028329461511193
586527,tan20250619t081641c58s4001-A,tan20250619t081641c58s4001,1,0.9536836981801216,0.48028329461511193
586528,tan20250621t191825c25s4001-D,tan20250621t191825c25s4001,1,0.5936181515951997,0.48028329461511193
586529,tan20250619t081641c58s4001-A,tan20250619t081641c58s4001,1,0.4420020382069547,0.48028329461511193
586530,tan20250621t191825c25s4001-D,tan20250621t191825c25s4001,1,0.7086922224109368,0.48028329461511193
586531,tan20250619t081641c58s4001-A,tan20250619t081641c58s4001,1,0.9829943141556464,0.48028329461511193
586532,tan20250621t191825c25s4001-D,tan20250621t191825c25s4001,1,0.8752240324927624,0.48028329461511193
586533,tan20250619t081641c58s4001-A,tan20250619t081641c58s4001,1,0.6114507065188612,0.48028329461511193
586534,tan20250621t191825c25s4001-D,tan20250621t191825c25s4001,1,0.7448703716946372,0.48028329461511193
586535,tan20250619t081641c58s4001-A,tan20250619t081641c58s4001,0,0.036767789658701824,0.48028329461511193
586536,tan20250621t191825c25s4001-D,tan20250621t191825c25s4001,1,0.7277044132889392,0.48028329461511193
586537,tan20250619t081641c58s4001-A,tan20250619t081641c58s4001,0,0.39728207949259425,0.48028329461511193
586538,tan20250621t191825c25s4001-D,tan20250621t191825c25s4001,1,0.59627266750792,0.48028329461511193
586539,tan20250619t081641c58s4001-A,tan20250619t081641c58s4001,0,0.01839074696961335,0.48028329461511193
586540,tan20250621t191825c25s4001-D,tan20250621t191825c25s4001,1,0.7659077561877294,0.48028329461511193
586541,tan20250621t191825c25s4001-D,tan20250621t191825c25s4001,1,0.8140582583162201,0.48028329461511193
586542,tan20250619t081641c58s4001-A,tan20250619t081641c58s4001,0,0.28131652638454163,0.48028329461511193
586543,tan20250621t191825c25s4001-D,tan20250621t191825c25s4001,1,0.631771161401221,0.48028329461511193
586544,tan20250619t081641c58s4001-A,tan20250619t081641c58s4001,0,0.05887817288423526,0.48028329461511193
586545,tan20250621t191825c25s4001-D,tan20250621t191825c25s4001,1,0.7598504752045739,0.48028329461511193
586546,tan20250619t081641c58s4001-A,tan20250619t081641c58s4001,0,0.12080337029301018,0.48028329461511193
586547,tan20250621t191825c25s4001-D,tan20250621t191825c25s4001,1,0.6956856665644491,0.48028329461511193
586548,tan20250619t081641c58s4001-A,tan20250619t081641c58s4001,0,0.060634846969143154,0.48028329461511193
586549,tan20250621t191825c25s4001-D,tan20250621t191825c25s4001,1,0.7550907246967228,0.48028329461511193
586550,tan20250619t081641c58s4001-A,tan20250619t081641c58s4001,0,0.05557065279229594,0.48028329461511193
586551,tan20250621t191825c25s4001-D,tan20250621t191825c25s4001,1,0.7753809119658694,0.48028329461511193
586552,tan20250619t081641c58s4001-A,tan20250619t081641c58s4001,0,0.05350777558710416,0.48028329461511193
586553,tan20250621t191825c25s4001-D,tan20250621t191825c25s4001,1,0.7510807548487155,0.48028329461511193
586554,tan20250619t081641c58s4001-A,tan20250619t081641c58s4001,0,0.048830684432357045,0.48028329461511193
586555,tan20250621t191825c25s4001-D,tan20250621t191825c25s4001,0,0.7869549030788223,0.48028329461511193
586556,tan20250619t081641c58s4001-A,tan20250619t081641c58s4001,0,0.023442355454603485,0.48028329461511193
586557,tan20250621t191825c25s4001-D,tan20250621t191825c25s4001,0,0.013764155630210812,0.48028329461511193
586558,tan20250619t081641c58s4001-A,tan20250619t081641c58s4001,0,0.11841950680303986,0.48028329461511193
586559,tan20250621t191825c25s4001-D,tan20250621t191825c25s4001,0,0.007343208966948154,0.48028329461511193
586560,tan20250619t081641c58s4001-A,tan20250619t081641c58s4001,0,0.07282522778109413,0.48028329461511193
586561,tan20250621t191825c25s4001-D,tan20250621t191825c25s4001,0,0.019655215014605727,0.48028329461511193
586562,tan20250619t081641c58s4001-A,tan20250619t081641c58s4001,0,0.08352819181331114,0.48028329461511193
586563,tan20250621t191825c25s4001-D,tan20250621t191825c25s4001,0,0.08853747473806835,0.48028329461511193
586564,tan20250619t081641c58s4001-A,tan20250619t081641c58s4001,0,0.43248713804589706,0.48028329461511193
586565,tan20250621t191825c25s4001-D,tan20250621t191825c25s4001,0,0.45458516059243154,0.48028329461511193
586566,tan20250619t081641c58s4001-A,tan20250619t081641c58s4001,0,0.06809965638622863,0.48028329461511193
586567,tan20250621t191825c25s4001-D,tan20250621t191825c25s4001,0,0.00077852786298896,0.48028329461511193
586568,tan20250621t191825c25s4001-D,tan20250621t191825c25s4001,0,0.8098236685181741,0.48028329461511193
586569,tan20250621t191825c25s4001-D,tan20250621t191825c25s4001,0,0.4323340848194014,0.48028329461511193
586571,tan20250621t191825c25s4001-D,tan20250621t191825c25s4001,0,0.2776205362577367,0.48028329461511193
586573,tan20250621t191825c25s4001-D,tan20250621t191825c25s4001,0,0.8670152544151977,0.48028329461511193
586574,tan20250622t074731c58s4001-A,tan20250622t074731c58s4001,1,0.8902543303415944,0.48028329461511193
586575,tan20250621t191825c25s4001-D,tan20250621t191825c25s4001,0,0.8338305610656258,0.48028329461511193
586577,tan20250621t191825c25s4001-D,tan20250621t191825c25s4001,0,0.00492550831603688,0.48028329461511193
586578,tan20250622t074731c58s4001-A,tan20250622t074731c58s4001,1,0.45170979870255695,0.48028329461511193
586579,tan20250621t191825c25s4001-D,tan20250621t191825c25s4001,0,0.14150550753605035,0.48028329461511193
586581,tan20250621t191825c25s4001-D,tan20250621t191825c25s4001,0,0.7911447691775095,0.48028329461511193
586582,tan20250622t074731c58s4001-A,tan20250622t074731c58s4001,1,0.7736400304879538,0.48028329461511193
586583,tan20250621t191825c25s4001-D,tan20250621t191825c25s4001,0,0.26039205309422686,0.48028329461511193
586587,tan20250622t074731c58s4001-B,tan20250622t074731c58s4001,1,0.7346929366182597,0.48028329461511193
586590,tan20250622t074731c58s4001-A,tan20250622t074731c58s4001,1,0.9003071458555366,0.48028329461511193
586597,tan20250622t074731c58s4001-B,tan20250622t074731c58s4001,1,0.684556206451962,0.48028329461511193
586599,tan20250622t074731c58s4001-B,tan20250622t074731c58s4001,1,0.8079332219338314,0.48028329461511193
586601,tan20250622t074731c58s4001-B,tan20250622t074731c58s4001,1,0.3540674935589391,0.48028329461511193
586604,tan20250622t074731c58s4001-A,tan20250622t074731c58s4001,0,0.5424025141012303,0.48028329461511193
586608,tan20250622t074731c58s4001-A,tan20250622t074731c58s4001,0,0.6966978744812645,0.48028329461511193
586616,tan20250622t074731c58s4001-A,tan20250622t074731c58s4001,0,0.013815096364377387,0.48028329461511193
586617,tan20250622t074731c58s4001-B,tan20250622t074731c58s4001,1,0.6101157476963638,0.48028329461511193
586622,tan20250622t074731c58s4001-A,tan20250622t074731c58s4001,0,0.018356066423170985,0.48028329461511193
586625,tan20250622t074731c58s4001-B,tan20250622t074731c58s4001,0,0.003692379452827584,0.48028329461511193
586627,tan20250622t074731c58s4001-B,tan20250622t074731c58s4001,0,0.20300716486446965,0.48028329461511193
586632,tan20250622t074731c58s4001-B,tan20250622t074731c58s4001,0,0.18587061057383336,0.48028329461511193
586639,tan20250622t074731c58s4001-B,tan20250622t074731c58s4001,0,0.7863894217036492,0.48028329461511193
586642,tan20250622t074731c58s4001-C,tan20250622t074731c58s4001,1,0.8731461490610423,0.48028329461511193
586645,tan20250622t074731c58s4001-B,tan20250622t074731c58s4001,0,0.8089517255865692,0.48028329461511193
586651,tan20250622t074731c58s4001-D,tan20250622t074731c58s4001,1,0.38258349670068387,0.48028329461511193
586653,tan20250622t074731c58s4001-D,tan20250622t074731c58s4001,1,0.9275571990028153,0.48028329461511193
586654,tan20250622t074731c58s4001-C,tan20250622t074731c58s4001,1,0.8754438619414109,0.48028329461511193
586658,tan20250622t074731c58s4001-C,tan20250622t074731c58s4001,1,0.8072491787743088,0.48028329461511193
586659,tan20250622t074731c58s4001-D,tan20250622t074731c58s4001,1,0.8279566989397863,0.48028329461511193
586668,tan20250622t074731c58s4001-C,tan20250622t074731c58s4001,0,0.0024598493081191947,0.48028329461511193
586671,tan20250622t074731c58s4001-D,tan20250622t074731c58s4001,1,0.9195180734482576,0.48028329461511193
586674,tan20250622t074731c58s4001-C,tan20250622t074731c58s4001,0,0.22608955203057923,0.48028329461511193
586684,tan20250622t074731c58s4001-C,tan20250622t074731c58s4001,0,0.5800970165587738,0.48028329461511193
586686,tan20250622t074731c58s4001-C,tan20250622t074731c58s4001,0,0.008835550167485648,0.48028329461511193
586688,tan20250622t074731c58s4001-C,tan20250622t074731c58s4001,0,0.009383222093733568,0.48028329461511193
586692,tan20250622t074731c58s4001-C,tan20250622t074731c58s4001,0,0.3743517836449839,0.48028329461511193
586693,tan20250622t074731c58s4001-D,tan20250622t074731c58s4001,0,0.005579866413550884,0.48028329461511193
586703,tan20250622t092019c56s4001-E,tan20250622t092019c56s4001,1,0.9204035947804106,0.48028329461511193
586709,tan20250622t092019c56s4001-E,tan20250622t092019c56s4001,1,0.8966295202695973,0.48028329461511193
586715,tan20250622t092019c56s4001-E,tan20250622t092019c56s4001,1,0.9268423656203729,0.48028329461511193
586717,tan20250622t092019c56s4001-E,tan20250622t092019c56s4001,1,0.937062207867844,0.48028329461511193
586718,tan20250622t092019c56s4001-G,tan20250622t092019c56s4001,1,0.8744254799396822,0.48028329461511193
586719,tan20250622t092019c56s4001-E,tan20250622t092019c56s4001,1,0.879934349833078,0.48028329461511193
586720,tan20250622t092019c56s4001-G,tan20250622t092019c56s4001,1,0.9142794225336901,0.48028329461511193
586721,tan20250622t092019c56s4001-E,tan20250622t092019c56s4001,1,0.9185761663622001,0.48028329461511193
586726,tan20250622t092019c56s4001-G,tan20250622t092019c56s4001,1,0.9100123363645596,0.48028329461511193
586727,tan20250622t092019c56s4001-E,tan20250622t092019c56s4001,1,0.885495001714639,0.48028329461511193
586728,tan20250622t092019c56s4001-G,tan20250622t092019c56s4001,1,0.8383371652762984,0.48028329461511193
586730,tan20250622t092019c56s4001-G,tan20250622t092019c56s4001,1,0.8892934559648207,0.48028329461511193
586731,tan20250622t092019c56s4001-E,tan20250622t092019c56s4001,0,0.009939266317860589,0.48028329461511193
586733,tan20250622t092019c56s4001-E,tan20250622t092019c56s4001,0,0.006229718257712143,0.48028329461511193
586734,tan20250622t092019c56s4001-G,tan20250622t092019c56s4001,1,0.8870075991725386,0.48028329461511193
586736,tan20250622t092019c56s4001-G,tan20250622t092019c56s4001,1,0.8891007890324959,0.48028329461511193
586740,tan20250622t092019c56s4001-G,tan20250622t092019c56s4001,1,0.8704031343976555,0.48028329461511193
586743,tan20250622t092019c56s4001-E,tan20250622t092019c56s4001,0,0.3915660460797362,0.48028329461511193
586744,tan20250622t092019c56s4001-G,tan20250622t092019c56s4001,1,0.9319253178599761,0.48028329461511193
586745,tan20250622t092019c56s4001-E,tan20250622t092019c56s4001,0,0.024403981522476335,0.48028329461511193
586746,tan20250622t092019c56s4001-G,tan20250622t092019c56s4001,0,0.005974662328140691,0.48028329461511193
586748,tan20250622t092019c56s4001-G,tan20250622t092019c56s4001,0,0.011473046526666917,0.48028329461511193
586750,tan20250622t092019c56s4001-G,tan20250622t092019c56s4001,0,0.003057777401187797,0.48028329461511193
586755,tan20250622t092019c56s4001-E,tan20250622t092019c56s4001,0,0.006563848088840173,0.48028329461511193
586756,tan20250622t092019c56s4001-G,tan20250622t092019c56s4001,0,0.005390547847906092,0.48028329461511193
586757,tan20250622t092019c56s4001-E,tan20250622t092019c56s4001,0,0.09625932893991514,0.48028329461511193
586759,tan20250622t092019c56s4001-E,tan20250622t092019c56s4001,0,0.007186700710159178,0.48028329461511193
586760,tan20250622t092019c56s4001-G,tan20250622t092019c56s4001,0,0.005361810822477088,0.48028329461511193
586762,tan20250622t092019c56s4001-G,tan20250622t092019c56s4001,0,0.02158337216795433,0.48028329461511193
586763,tan20250622t092019c56s4001-G,tan20250622t092019c56s4001,0,0.007035294625056726,0.48028329461511193
586765,tan20250622t092019c56s4001-G,tan20250622t092019c56s4001,0,0.008403035164310955,0.48028329461511193
586766,tan20250704t104027c33s4001-B,tan20250704t104027c33s4001,1,0.17532626790251557,0.48028329461511193
586767,tan20250622t092019c56s4001-G,tan20250622t092019c56s4001,0,0.002739067571342855,0.48028329461511193
586768,tan20250704t104027c33s4001-B,tan20250704t104027c33s4001,1,0.6116404057089528,0.48028329461511193
586770,tan20250704t104027c33s4001-B,tan20250704t104027c33s4001,1,0.23512452744894236,0.48028329461511193
586772,tan20250704t104027c33s4001-B,tan20250704t104027c33s4001,1,0.1170325133878037,0.48028329461511193
586773,tan20250704t104027c33s4001-B,tan20250704t104027c33s4001,1,0.28967883387016874,0.48028329461511193
586774,tan20250704t104027c33s4001-B,tan20250704t104027c33s4001,1,0.450544989908264,0.48028329461511193
586775,tan20250704t104027c33s4001-B,tan20250704t104027c33s4001,1,0.1845127953567897,0.48028329461511193
586777,tan20250704t104027c33s4001-B,tan20250704t104027c33s4001,1,0.30081694646276663,0.48028329461511193
586779,tan20250704t104027c33s4001-B,tan20250704t104027c33s4001,1,0.2375345995537955,0.48028329461511193
586781,tan20250704t104027c33s4001-B,tan20250704t104027c33s4001,1,0.1845127953567897,0.48028329461511193
586783,tan20250704t104027c33s4001-B,tan20250704t104027c33s4001,1,0.16113317085275744,0.48028329461511193
586785,tan20250704t104027c33s4001-B,tan20250704t104027c33s4001,1,0.2679754369587397,0.48028329461511193
586786,tan20250705t034730c87s4001-E,tan20250705t034730c87s4001,1,0.25430515375005447,0.48028329461511193
586787,tan20250704t104027c33s4001-B,tan20250704t104027c33s4001,1,0.19669559170822495,0.48028329461511193
586789,tan20250704t104027c33s4001-B,tan20250704t104027c33s4001,1,0.4856391478437821,0.48028329461511193
586791,tan20250704t104027c33s4001-B,tan20250704t104027c33s4001,1,0.6728433205046536,0.48028329461511193
586793,tan20250704t104027c33s4001-B,tan20250704t104027c33s4001,1,0.2375345995537955,0.48028329461511193
586795,tan20250704t104027c33s4001-B,tan20250704t104027c33s4001,0,0.12677744852041,0.48028329461511193
586797,tan20250704t104027c33s4001-B,tan20250704t104027c33s4001,0,0.3370697953748577,0.48028329461511193
586798,tan20250705t034730c87s4001-E,tan20250705t034730c87s4001,1,0.8557938720863077,0.48028329461511193
586799,tan20250704t104027c33s4001-B,tan20250704t104027c33s4001,0,0.4476727341598902,0.48028329461511193
586801,tan20250704t104027c33s4001-B,tan20250704t104027c33s4001,0,0.018212184130212073,0.48028329461511193
586804,tan20250704t104027c33s4001-B,tan20250704t104027c33s4001,0,0.6733655070098118,0.48028329461511193
586805,tan20250705t034730c87s4001-E,tan20250705t034730c87s4001,1,0.7190508310126574,0.48028329461511193
586807,tan20250704t104027c33s4001-B,tan20250704t104027c33s4001,0,0.25322950252979953,0.48028329461511193
586810,tan20250704t104027c33s4001-B,tan20250704t104027c33s4001,0,0.49792537321316077,0.48028329461511193
586812,tan20250704t104027c33s4001-B,tan20250704t104027c33s4001,0,0.9097581776278422,0.48028329461511193
586814,tan20250704t104027c33s4001-B,tan20250704t104027c33s4001,0,0.34011832328366837,0.48028329461511193
586815,tan20250705t034730c87s4001-E,tan20250705t034730c87s4001,0,0.020622734843211664,0.48028329461511193
586816,tan20250704t104027c33s4001-B,tan20250704t104027c33s4001,0,0.009844960899370505,0.48028329461511193
586818,tan20250704t104027c33s4001-B,tan20250704t104027c33s4001,0,0.0897772432912342,0.48028329461511193
586820,tan20250704t104027c33s4001-B,tan20250704t104027c33s4001,0,0.0036026501266666292,0.48028329461511193
586822,tan20250704t104027c33s4001-B,tan20250704t104027c33s4001,0,0.2897100969494193,0.48028329461511193
586825,tan20250704t104027c33s4001-B,tan20250704t104027c33s4001,0,0.008624635531641368,0.48028329461511193
586827,tan20250704t104027c33s4001-B,tan20250704t104027c33s4001,0,0.07712150678665898,0.48028329461511193
586829,tan20250704t104027c33s4001-B,tan20250704t104027c33s4001,0,0.3298373597974209,0.48028329461511193
586847,tan20250705t034730c87s4001-F,tan20250705t034730c87s4001,1,0.5191556925005323,0.48028329461511193
586850,tan20250705t034730c87s4001-G,tan20250705t034730c87s4001,1,0.0186437741416358,0.48028329461511193
586852,tan20250705t034730c87s4001-G,tan20250705t034730c87s4001,1,0.42174980632905623,0.48028329461511193
586855,tan20250705t034730c87s4001-F,tan20250705t034730c87s4001,1,0.4264807959837321,0.48028329461511193
586861,tan20250705t034730c87s4001-F,tan20250705t034730c87s4001,1,0.6744831045076367,0.48028329461511193
586865,tan20250705t034730c87s4001-F,tan20250705t034730c87s4001,0,0.11548724160253278,0.48028329461511193
586867,tan20250705t034730c87s4001-F,tan20250705t034730c87s4001,0,0.7320624830278548,0.48028329461511193
586870,tan20250705t034730c87s4001-G,tan20250705t034730c87s4001,1,0.07484176562646022,0.48028329461511193
586874,tan20250705t034730c87s4001-G,tan20250705t034730c87s4001,1,0.012337597035862664,0.48028329461511193
586887,tan20250705t034730c87s4001-G,tan20250705t034730c87s4001,0,0.26868487782480616,0.48028329461511193
586889,tan20250705t034730c87s4001-G,tan20250705t034730c87s4001,0,0.005229235676177034,0.48028329461511193
586893,tan20250705t034730c87s4001-G,tan20250705t034730c87s4001,0,0.8891690086218423,0.48028329461511193
586904,tan20250705t034730c87s4001-G,tan20250705t034730c87s4001,0,0.004457584459629387,0.48028329461511193
586916,tan20250705t034730c87s4001-R,tan20250705t034730c87s4001,1,0.15715569741565252,0.48028329461511193
586922,tan20250705t034730c87s4001-R,tan20250705t034730c87s4001,1,0.2371271546912047,0.48028329461511193
586927,tan20250705t034730c87s4001-Q,tan20250705t034730c87s4001,1,0.25559666268897857,0.48028329461511193
586930,tan20250705t034730c87s4001-R,tan20250705t034730c87s4001,1,0.10759479408549959,0.48028329461511193
586935,tan20250705t034730c87s4001-Q,tan20250705t034730c87s4001,0,0.11572835987903969,0.48028329461511193
586940,tan20250705t034730c87s4001-R,tan20250705t034730c87s4001,0,0.01705008555539202,0.48028329461511193
586941,tan20250705t034730c87s4001-Q,tan20250705t034730c87s4001,0,0.044436756039341954,0.48028329461511193
586967,tan20250705t034730c87s4001-R,tan20250705t034730c87s4001,0,0.14108213028712643,0.48028329461511193
586973,tan20250705t034730c87s4001-V,tan20250705t034730c87s4001,1,0.8859179223027579,0.48028329461511193
586987,tan20250705t034730c87s4001-V,tan20250705t034730c87s4001,1,0.7730415612437387,0.48028329461511193
587005,tan20250705t034730c87s4001-V,tan20250705t034730c87s4001,0,0.0112515478383922,0.48028329461511193
587006,tan20250705t034730c87s4001-S,tan20250705t034730c87s4001,0,0.07093667627424388,0.48028329461511193
587009,tan20250705t034730c87s4001-V,tan20250705t034730c87s4001,0,0.037690682657731345,0.48028329461511193
587014,tan20250705t034730c87s4001-S,tan20250705t034730c87s4001,0,0.0015028893508839212,0.48028329461511193
587021,tan20250705t034730c87s4001-V,tan20250705t034730c87s4001,0,0.02425034827134615,0.48028329461511193
587028,tan20250706t170748c33s4001-A,tan20250706t170748c33s4001,1,0.9454314722309403,0.48028329461511193
587030,tan20250706t170748c33s4001-A,tan20250706t170748c33s4001,1,0.8744975934887944,0.48028329461511193
587032,tan20250706t170748c33s4001-A,tan20250706t170748c33s4001,1,0.8705061432005684,0.48028329461511193
587033,tan20250706t170748c33s4001-A,tan20250706t170748c33s4001,1,0.9615730813357599,0.48028329461511193
587034,tan20250706t170748c33s4001-A,tan20250706t170748c33s4001,1,0.9760696157753229,0.48028329461511193
587035,tan20250706t170748c33s4001-A,tan20250706t170748c33s4001,1,0.9711646147393383,0.48028329461511193
587335,tan20250706t170748c33s4001-A,tan20250706t170748c33s4001,1,0.8887242544270542,0.48028329461511193
587336,tan20250706t170748c33s4001-A,tan20250706t170748c33s4001,1,0.9523151405801284,0.48028329461511193
587337,tan20250706t170748c33s4001-A,tan20250706t170748c33s4001,1,0.9673497389167839,0.48028329461511193
587339,tan20250706t170748c33s4001-A,tan20250706t170748c33s4001,1,0.9673497389167839,0.48028329461511193
587341,tan20250706t170748c33s4001-A,tan20250706t170748c33s4001,1,0.8433082019229208,0.48028329461511193
587343,tan20250706t170748c33s4001-A,tan20250706t170748c33s4001,1,0.7006296783799317,0.48028329461511193
587345,tan20250706t170748c33s4001-A,tan20250706t170748c33s4001,1,0.9591080408569906,0.48028329461511193
587347,tan20250706t170748c33s4001-A,tan20250706t170748c33s4001,1,0.9671625986658493,0.48028329461511193
587349,tan20250706t170748c33s4001-A,tan20250706t170748c33s4001,1,0.9253100489404708,0.48028329461511193
587351,tan20250706t170748c33s4001-A,tan20250706t170748c33s4001,1,0.9428188719293646,0.48028329461511193
587353,tan20250706t170748c33s4001-A,tan20250706t170748c33s4001,0,0.5091187419630074,0.48028329461511193
587355,tan20250706t170748c33s4001-A,tan20250706t170748c33s4001,0,0.24501204058137732,0.48028329461511193
587357,tan20250706t170748c33s4001-A,tan20250706t170748c33s4001,0,0.017829522202145495,0.48028329461511193
587358,tan20250715t080139c58s4001-A,tan20250715t080139c58s4001,1,0.6507565153733287,0.48028329461511193
587359,tan20250706t170748c33s4001-A,tan20250706t170748c33s4001,0,0.004237722801603793,0.48028329461511193
587360,tan20250715t080139c58s4001-A,tan20250715t080139c58s4001,1,0.7600392244883063,0.48028329461511193
587361,tan20250706t170748c33s4001-A,tan20250706t170748c33s4001,0,0.0166058537373439,0.48028329461511193
587363,tan20250706t170748c33s4001-A,tan20250706t170748c33s4001,0,0.0018239594776467177,0.48028329461511193
587365,tan20250706t170748c33s4001-A,tan20250706t170748c33s4001,0,0.018167465425862978,0.48028329461511193
587366,tan20250715t080139c58s4001-A,tan20250715t080139c58s4001,1,0.6818042678618079,0.48028329461511193
587367,tan20250706t170748c33s4001-A,tan20250706t170748c33s4001,0,0.011466259470837795,0.48028329461511193
587369,tan20250706t170748c33s4001-A,tan20250706t170748c33s4001,0,0.1216235303388633,0.48028329461511193
587371,tan20250706t170748c33s4001-A,tan20250706t170748c33s4001,0,0.001971096709809177,0.48028329461511193
587373,tan20250706t170748c33s4001-A,tan20250706t170748c33s4001,0,0.008468989091550827,0.48028329461511193
587375,tan20250706t170748c33s4001-A,tan20250706t170748c33s4001,0,0.0008866697660620178,0.48028329461511193
587377,tan20250706t170748c33s4001-A,tan20250706t170748c33s4001,0,0.0016612383904181537,0.48028329461511193
587379,tan20250706t170748c33s4001-A,tan20250706t170748c33s4001,0,0.008678780953447067,0.48028329461511193
587381,tan20250706t170748c33s4001-A,tan20250706t170748c33s4001,0,0.006147432693548342,0.48028329461511193
587382,tan20250715t080139c58s4001-A,tan20250715t080139c58s4001,0,0.4180648841826298,0.48028329461511193
587383,tan20250706t170748c33s4001-A,tan20250706t170748c33s4001,0,0.0011901979447889789,0.48028329461511193
587387,tan20250715t080139c58s4001-B,tan20250715t080139c58s4001,1,0.767157726253828,0.48028329461511193
587391,tan20250715t080139c58s4001-B,tan20250715t080139c58s4001,1,0.9310126894378284,0.48028329461511193
587392,tan20250715t080139c58s4001-A,tan20250715t080139c58s4001,0,0.6653884736713527,0.48028329461511193
587396,tan20250715t080139c58s4001-A,tan20250715t080139c58s4001,0,0.022953555497431756,0.48028329461511193
587403,tan20250715t080139c58s4001-B,tan20250715t080139c58s4001,1,0.7964626220645216,0.48028329461511193
587417,tan20250715t080139c58s4001-B,tan20250715t080139c58s4001,0,0.6536227698994755,0.48028329461511193
587423,tan20250715t080139c58s4001-B,tan20250715t080139c58s4001,0,0.9003086846547677,0.48028329461511193
587424,tan20250715t080139c58s4001-D,tan20250715t080139c58s4001,1,0.9350772794300399,0.48028329461511193
587426,tan20250715t080139c58s4001-D,tan20250715t080139c58s4001,1,0.8692748942778796,0.48028329461511193
587427,tan20250715t080139c58s4001-B,tan20250715t080139c58s4001,0,0.5627457464227115,0.48028329461511193
587430,tan20250715t080139c58s4001-D,tan20250715t080139c58s4001,1,0.8929654665171656,0.48028329461511193
587435,tan20250715t080139c58s4001-B,tan20250715t080139c58s4001,0,0.8365393098318791,0.48028329461511193
587439,tan20250715t080139c58s4001-B,tan20250715t080139c58s4001,0,0.84961609879448,0.48028329461511193
587443,tan20250715t080139c58s4001-B,tan20250715t080139c58s4001,0,0.1320297678970942,0.48028329461511193
587445,tan20250715t080139c58s4001-B,tan20250715t080139c58s4001,0,0.4634967455591504,0.48028329461511193
587453,tan20250715t080139c58s4001-D,tan20250715t080139c58s4001,0,0.8942877857671437,0.48028329461511193
587459,tan20250715t080139c58s4001-D,tan20250715t080139c58s4001,0,0.3702182602777828,0.48028329461511193
587461,tan20250715t080139c58s4001-D,tan20250715t080139c58s4001,0,0.6238392154577499,0.48028329461511193
587463,tan20250715t080139c58s4001-H,tan20250715t080139c58s4001,1,0.8436918803339717,0.48028329461511193
587465,tan20250715t080139c58s4001-I,tan20250715t080139c58s4001,1,0.8713163271926543,0.48028329461511193
587466,tan20250715t080139c58s4001-H,tan20250715t080139c58s4001,1,0.7896862243286565,0.48028329461511193
587473,tan20250715t080139c58s4001-I,tan20250715t080139c58s4001,1,0.5457764276471737,0.48028329461511193
587477,tan20250715t080139c58s4001-I,tan20250715t080139c58s4001,1,0.6053873310747572,0.48028329461511193
587481,tan20250715t080139c58s4001-I,tan20250715t080139c58s4001,1,0.8862366040814953,0.48028329461511193
587493,tan20250715t080139c58s4001-I,tan20250715t080139c58s4001,1,0.6307210481993716,0.48028329461511193
587510,tan20250715t080139c58s4001-I,tan20250715t080139c58s4001,0,0.3382276082183813,0.48028329461511193
587515,tan20250715t080139c58s4001-I,tan20250715t080139c58s4001,0,0.34848844972336057,0.48028329461511193
587519,tan20250715t110939c96s4001-E,tan20250715t110939c96s4001,1,0.9478659716341351,0.48028329461511193
587520,tan20250715t080139c58s4001-I,tan20250715t080139c58s4001,0,0.6913050622938874,0.48028329461511193
587521,tan20250715t110939c96s4001-E,tan20250715t110939c96s4001,1,0.922235875132908,0.48028329461511193
587523,tan20250715t110939c96s4001-E,tan20250715t110939c96s4001,1,0.8783364845458189,0.48028329461511193
587531,tan20250715t110939c96s4001-E,tan20250715t110939c96s4001,1,0.9352300267970471,0.48028329461511193
587532,tan20250715t110939c96s4001-G,tan20250715t110939c96s4001,1,0.694923031176272,0.48028329461511193
587538,tan20250715t110939c96s4001-G,tan20250715t110939c96s4001,1,0.844456794017793,0.48028329461511193
587553,tan20250715t110939c96s4001-E,tan20250715t110939c96s4001,0,0.7578660659259406,0.48028329461511193
587557,tan20250715t110939c96s4001-E,tan20250715t110939c96s4001,0,0.11399287314587943,0.48028329461511193
587561,tan20250715t110939c96s4001-E,tan20250715t110939c96s4001,0,0.019368027316699902,0.48028329461511193
587564,tan20250715t110939c96s4001-G,tan20250715t110939c96s4001,0,0.7595385148130822,0.48028329461511193
587575,tan20250715t110939c96s4001-E,tan20250715t110939c96s4001,0,0.5339516424663711,0.48028329461511193
587577,tan20250715t110939c96s4001-E,tan20250715t110939c96s4001,0,0.3255416137795735,0.48028329461511193
587579,tan20250715t110939c96s4001-G,tan20250715t110939c96s4001,0,0.26432818160804195,0.48028329461511193
587589,tan20250715t110939c96s4001-G,tan20250715t110939c96s4001,0,0.005865999772050989,0.48028329461511193
587592,tan20250715t110939c96s4001-I,tan20250715t110939c96s4001,1,0.811597438445903,0.48028329461511193
587593,tan20250715t110939c96s4001-J,tan20250715t110939c96s4001,1,0.9341379605188868,0.48028329461511193
587600,tan20250715t110939c96s4001-I,tan20250715t110939c96s4001,1,0.7449322429852209,0.48028329461511193
587607,tan20250715t110939c96s4001-J,tan20250715t110939c96s4001,1,0.9275129671757584,0.48028329461511193
587618,tan20250715t110939c96s4001-I,tan20250715t110939c96s4001,0,0.072712728544004,0.48028329461511193
587620,tan20250715t110939c96s4001-I,tan20250715t110939c96s4001,0,0.024455162125147204,0.48028329461511193
587621,tan20250715t110939c96s4001-J,tan20250715t110939c96s4001,1,0.9355166255714604,0.48028329461511193
587624,tan20250715t110939c96s4001-I,tan20250715t110939c96s4001,0,0.3276693114869611,0.48028329461511193
587647,tan20250715t110939c96s4001-J,tan20250715t110939c96s4001,0,0.013611105194325875,0.48028329461511193
587654,tan20250715t110939c96s4001-L,tan20250715t110939c96s4001,1,0.7176202845276295,0.48028329461511193
587656,tan20250715t110939c96s4001-L,tan20250715t110939c96s4001,1,0.8588794849207205,0.48028329461511193
587661,tan20250715t110939c96s4001-L,tan20250715t110939c96s4001,1,0.917267994596571,0.48028329461511193
587666,tan20250721t070839c68s4001-A,tan20250721t070839c68s4001,1,0.8929131479647111,0.48028329461511193
587667,tan20250715t110939c96s4001-L,tan20250715t110939c96s4001,1,0.8246155880148361,0.48028329461511193
587668,tan20250721t070839c68s4001-A,tan20250721t070839c68s4001,1,0.3956937859841455,0.48028329461511193
587671,tan20250715t110939c96s4001-L,tan20250715t110939c96s4001,1,0.5363501668314338,0.48028329461511193
587672,tan20250721t070839c68s4001-A,tan20250721t070839c68s4001,1,0.3263794535035866,0.48028329461511193
587673,tan20250715t110939c96s4001-L,tan20250715t110939c96s4001,0,0.41967120070880837,0.48028329461511193
587675,tan20250715t110939c96s4001-L,tan20250715t110939c96s4001,0,0.22175322994809607,0.48028329461511193
587679,tan20250715t110939c96s4001-L,tan20250715t110939c96s4001,0,0.6414985166848741,0.48028329461511193
587684,tan20250721t070839c68s4001-A,tan20250721t070839c68s4001,1,0.22734647679037115,0.48028329461511193
587688,tan20250721t070839c68s4001-A,tan20250721t070839c68s4001,1,0.2216455962370142,0.48028329461511193
587692,tan20250721t070839c68s4001-A,tan20250721t070839c68s4001,0,0.10975300623380518,0.48028329461511193
587693,tan20250715t110939c96s4001-L,tan20250715t110939c96s4001,0,0.8555149339656772,0.48028329461511193
587704,tan20250721t070839c68s4001-A,tan20250721t070839c68s4001,0,0.19322217803767358,0.48028329461511193
587713,tan20250721t070839c68s4001-B,tan20250721t070839c68s4001,1,0.4300581259253032,0.48028329461511193
587716,tan20250721t070839c68s4001-A,tan20250721t070839c68s4001,0,0.027206782694516946,0.48028329461511193
587725,tan20250721t070839c68s4001-B,tan20250721t070839c68s4001,1,0.1485500075541405,0.48028329461511193
587728,tan20250721t070839c68s4001-E,tan20250721t070839c68s4001,1,0.8751241363463699,0.48028329461511193
587729,tan20250721t070839c68s4001-B,tan20250721t070839c68s4001,1,0.7107075891992638,0.48028329461511193
587733,tan20250721t070839c68s4001-B,tan20250721t070839c68s4001,1,0.14833799246053717,0.48028329461511193
587736,tan20250721t070839c68s4001-E,tan20250721t070839c68s4001,1,0.8687088156891608,0.48028329461511193
587743,tan20250721t070839c68s4001-B,tan20250721t070839c68s4001,0,0.21989056777199892,0.48028329461511193
587746,tan20250721t070839c68s4001-E,tan20250721t070839c68s4001,1,0.7460287499474058,0.48028329461511193
587753,tan20250721t070839c68s4001-B,tan20250721t070839c68s4001,0,0.21639825830999687,0.48028329461511193
587760,tan20250721t070839c68s4001-E,tan20250721t070839c68s4001,0,0.07195215276730027,0.48028329461511193
587775,tan20250721t070839c68s4001-G,tan20250721t070839c68s4001,1,0.8712830150449183,0.48028329461511193
587781,tan20250721t070839c68s4001-G,tan20250721t070839c68s4001,1,0.8296332093859219,0.48028329461511193
587782,tan20250721t070839c68s4001-E,tan20250721t070839c68s4001,0,0.07523525608916701,0.48028329461511193
587784,tan20250721t070839c68s4001-E,tan20250721t070839c68s4001,0,0.46847550353516665,0.48028329461511193
587787,tan20250721t070839c68s4001-G,tan20250721t070839c68s4001,1,0.8640602760020631,0.48028329461511193
587788,tan20250721t070839c68s4001-H,tan20250721t070839c68s4001,1,0.9705701804908305,0.48028329461511193
587805,tan20250721t070839c68s4001-G,tan20250721t070839c68s4001,0,0.7914956336005394,0.48028329461511193
587811,tan20250721t070839c68s4001-G,tan20250721t070839c68s4001,0,0.13838334193266852,0.48028329461511193
587817,tan20250721t070839c68s4001-G,tan20250721t070839c68s4001,0,0.029410210719640974,0.48028329461511193
587820,tan20250721t070839c68s4001-H,tan20250721t070839c68s4001,0,0.37928646943895494,0.48028329461511193
587822,tan20250721t070839c68s4001-H,tan20250721t070839c68s4001,0,0.40233812042817607,0.48028329461511193
587825,tan20250721t070839c68s4001-G,tan20250721t070839c68s4001,0,0.045508751955370394,0.48028329461511193
587834,tan20250721t070839c68s4001-H,tan20250721t070839c68s4001,0,0.08392126162858954,0.48028329461511193
587847,tan20250723t085612c40s4001-D,tan20250723t085612c40s4001,1,0.30471374436582527,0.48028329461511193
587848,tan20250721t070839c68s4001-H,tan20250721t070839c68s4001,0,0.9165226875445571,0.48028329461511193
587850,tan20250723t085612c40s4001-D,tan20250723t085612c40s4001,1,0.3942269559606027,0.48028329461511193
587851,tan20250723t085612c40s4001-E,tan20250723t085612c40s4001,1,0.6844633172759087,0.48028329461511193
587853,tan20250723t085612c40s4001-E,tan20250723t085612c40s4001,1,0.40853501132116776,0.48028329461511193
587854,tan20250723t085612c40s4001-D,tan20250723t085612c40s4001,1,0.45646422672296294,0.48028329461511193
587855,tan20250723t085612c40s4001-E,tan20250723t085612c40s4001,1,0.5489606629661493,0.48028329461511193
587862,tan20250723t085612c40s4001-D,tan20250723t085612c40s4001,1,0.44322079942664555,0.48028329461511193
587864,tan20250723t085612c40s4001-D,tan20250723t085612c40s4001,1,0.42335066956663797,0.48028329461511193
587866,tan20250723t085612c40s4001-D,tan20250723t085612c40s4001,0,0.012264176272158218,0.48028329461511193
587867,tan20250723t085612c40s4001-E,tan20250723t085612c40s4001,1,0.6866701960900092,0.48028329461511193
587871,tan20250723t085612c40s4001-E,tan20250723t085612c40s4001,1,0.6844633172759087,0.48028329461511193
587872,tan20250723t085612c40s4001-D,tan20250723t085612c40s4001,0,0.08925673795653787,0.48028329461511193
587874,tan20250723t085612c40s4001-D,tan20250723t085612c40s4001,0,0.19177055213167127,0.48028329461511193
587875,tan20250723t085612c40s4001-E,tan20250723t085612c40s4001,1,0.6202912455941672,0.48028329461511193
587877,tan20250723t085612c40s4001-E,tan20250723t085612c40s4001,1,0.8138348774554391,0.48028329461511193
587881,tan20250723t085612c40s4001-E,tan20250723t085612c40s4001,1,0.5037073115605475,0.48028329461511193
587882,tan20250723t085612c40s4001-D,tan20250723t085612c40s4001,0,0.007077559381064313,0.48028329461511193
587886,tan20250723t085612c40s4001-D,tan20250723t085612c40s4001,0,0.032667875267046294,0.48028329461511193
587889,tan20250723t085612c40s4001-E,tan20250723t085612c40s4001,0,0.03940836306494894,0.48028329461511193
587893,tan20250723t085612c40s4001-E,tan20250723t085612c40s4001,0,0.018984928565402126,0.48028329461511193
587899,tan20250723t085612c40s4001-E,tan20250723t085612c40s4001,0,0.006060353520470578,0.48028329461511193
587910,tan20250723t085612c40s4001-G,tan20250723t085612c40s4001,1,0.13648816474302744,0.48028329461511193
588022,tan20250723t085612c40s4001-G,tan20250723t085612c40s4001,1,0.2534856864944283,0.48028329461511193
588037,tan20250723t085612c40s4001-I,tan20250723t085612c40s4001,0,0.4045779170384539,0.48028329461511193
588051,tan20250723t085612c40s4001-G,tan20250723t085612c40s4001,1,0.20716605874597213,0.48028329461511193
588079,tan20250723t085612c40s4001-G,tan20250723t085612c40s4001,0,0.3540790438620151,0.48028329461511193
588105,tan20250723t085612c40s4001-I,tan20250723t085612c40s4001,0,0.49407646208661515,0.48028329461511193
588118,tan20250723t085612c40s4001-G,tan20250723t085612c40s4001,0,0.03611470379605077,0.48028329461511193
588139,tan20250723t085612c40s4001-G,tan20250723t085612c40s4001,0,0.019890336868184668,0.48028329461511193
588140,tan20250723t085612c40s4001-G,tan20250723t085612c40s4001,0,0.010404477774793459,0.48028329461511193
588253,tan20250723t085612c40s4001-G,tan20250723t085612c40s4001,0,0.014752199603491407,0.48028329461511193
588584,tan20250723t085612c40s4001-J,tan20250723t085612c40s4001,0,0.010963352478028657,0.48028329461511193
588647,tan20250725t055844c55s4001-A,tan20250725t055844c55s4001,1,0.00810147050053317,0.48028329461511193
588651,tan20250725t055844c55s4001-A,tan20250725t055844c55s4001,0,0.0011486676537463426,0.48028329461511193
588653,tan20250725t055844c55s4001-A,tan20250725t055844c55s4001,0,0.000942883872253057,0.48028329461511193
588675,tan20250725t055844c55s4001-A,tan20250725t055844c55s4001,0,0.9343186345208625,0.48028329461511193
588682,tan20250725t055844c55s4001-B,tan20250725t055844c55s4001,0,0.0017865219319203123,0.48028329461511193
588689,tan20250725t055844c55s4001-C,tan20250725t055844c55s4001,1,0.004035454923427167,0.48028329461511193
588694,tan20250725t055844c55s4001-B,tan20250725t055844c55s4001,0,0.001553761068517111,0.48028329461511193
588695,tan20250725t055844c55s4001-C,tan20250725t055844c55s4001,1,0.002464474833173839,0.48028329461511193
588698,tan20250725t055844c55s4001-C,tan20250725t055844c55s4001,1,0.0014623943619600968,0.48028329461511193
588703,tan20250725t055844c55s4001-C,tan20250725t055844c55s4001,1,0.0011975433952283556,0.48028329461511193
588704,tan20250725t055844c55s4001-E,tan20250725t055844c55s4001,1,0.004734232099510445,0.48028329461511193
588713,tan20250725t055844c55s4001-C,tan20250725t055844c55s4001,1,0.0014830303283396569,0.48028329461511193
588716,tan20250725t055844c55s4001-E,tan20250725t055844c55s4001,1,0.16379232035794497,0.48028329461511193
588726,tan20250725t055844c55s4001-E,tan20250725t055844c55s4001,1,0.004514056021825735,0.48028329461511193
588729,tan20250725t055844c55s4001-C,tan20250725t055844c55s4001,0,0.001496686722541074,0.48028329461511193
588733,tan20250725t055844c55s4001-C,tan20250725t055844c55s4001,0,0.0006809583668670654,0.48028329461511193
588764,tan20250725t055844c55s4001-H,tan20250725t055844c55s4001,1,0.0013410781676275443,0.48028329461511193
588780,tan20250725t055844c55s4001-H,tan20250725t055844c55s4001,1,0.001068702477252315,0.48028329461511193
588789,tan20250725t055844c55s4001-F,tan20250725t055844c55s4001,0,0.002563790186818741,0.48028329461511193
588791,tan20250725t055844c55s4001-F,tan20250725t055844c55s4001,0,0.0016050341282803351,0.48028329461511193
588794,tan20250725t055844c55s4001-H,tan20250725t055844c55s4001,1,0.001068741124272444,0.48028329461511193
588803,tan20250725t055844c55s4001-F,tan20250725t055844c55s4001,0,0.0012304371045569675,0.48028329461511193
588813,tan20250725t055844c55s4001-I,tan20250725t055844c55s4001,1,0.002533479961353486,0.48028329461511193
588827,tan20250725t055844c55s4001-I,tan20250725t055844c55s4001,1,0.004377816964093049,0.48028329461511193
588983,tan20250725t055844c55s4001-I,tan20250725t055844c55s4001,1,0.02239541955341723,0.48028329461511193
589029,tan20250725t055844c55s4001-I,tan20250725t055844c55s4001,1,0.011161796416254133,0.48028329461511193
589039,tan20250725t055844c55s4001-I,tan20250725t055844c55s4001,0,0.0025132769977000615,0.48028329461511193
589103,tan20250725t055844c55s4001-K,tan20250725t055844c55s4001,0,0.0015276123581257053,0.48028329461511193
589117,tan20250725t055844c55s4001-I,tan20250725t055844c55s4001,0,0.0018320389320362843,0.48028329461511193
589122,tan20250725t055844c55s4001-I,tan20250725t055844c55s4001,0,0.0010826361286633815,0.48028329461511193
589143,tan20250725t055844c55s4001-I,tan20250725t055844c55s4001,0,0.06923810746052175,0.48028329461511193
589549,tan20250725t165827c33s4001-A,tan20250725t165827c33s4001,0,0.4087830907759608,0.48028329461511193
589550,tan20250725t055844c55s4001-I,tan20250725t055844c55s4001,0,0.0018996788256968838,0.48028329461511193
589553,tan20250725t165827c33s4001-A,tan20250725t165827c33s4001,0,0.02236724656439194,0.48028329461511193
589558,tan20250725t165827c33s4001-A,tan20250725t165827c33s4001,0,0.0019173956532528575,0.48028329461511193
589564,tan20250725t165827c33s4001-A,tan20250725t165827c33s4001,0,0.0037153837631099798,0.48028329461511193
589573,tan20250725t165827c33s4001-A,tan20250725t165827c33s4001,0,0.011148004710220275,0.48028329461511193
589585,tan20250725t165827c33s4001-A,tan20250725t165827c33s4001,0,0.14727330920956713,0.48028329461511193
589618,tan20250725t165827c33s4001-A,tan20250725t165827c33s4001,0,0.002887038379206727,0.48028329461511193
589723,tan20250725t165827c33s4001-A,tan20250725t165827c33s4001,0,0.0026321296470812124,0.48028329461511193
589740,tan20250725t165827c33s4001-A,tan20250725t165827c33s4001,0,0.020217413470949065,0.48028329461511193
589763,tan20250725t165827c33s4001-A,tan20250725t165827c33s4001,0,0.034111687351498346,0.48028329461511193
589784,tan20250725t165827c33s4001-A,tan20250725t165827c33s4001,0,0.025766202225627536,0.48028329461511193
589801,tan20250725t165827c33s4001-A,tan20250725t165827c33s4001,0,0.0016529270562492412,0.48028329461511193
589817,tan20250725t165827c33s4001-A,tan20250725t165827c33s4001,0,0.00421788545669324,0.48028329461511193
589848,tan20250725t165827c33s4001-A,tan20250725t165827c33s4001,0,0.11530969040603722,0.48028329461511193
589850,tan20250725t165827c33s4001-A,tan20250725t165827c33s4001,0,0.4016323987432822,0.48028329461511193
589855,tan20250725t165827c33s4001-A,tan20250725t165827c33s4001,0,0.2043551601822946,0.48028329461511193
589867,tan20250725t183110c58s4001-A,tan20250725t183110c58s4001,0,0.15890407377640858,0.48028329461511193
589979,tan20250725t183110c58s4001-A,tan20250725t183110c58s4001,0,0.2909883646649737,0.48028329461511193
590006,tan20250725t183110c58s4001-B,tan20250725t183110c58s4001,0,0.7181171397894727,0.48028329461511193
590021,tan20250725t183110c58s4001-C,tan20250725t183110c58s4001,1,0.8609525163929527,0.48028329461511193
590022,tan20250725t183110c58s4001-C,tan20250725t183110c58s4001,1,0.8508245092514579,0.48028329461511193
590024,tan20250725t183110c58s4001-C,tan20250725t183110c58s4001,1,0.9197847551732806,0.48028329461511193
590044,tan20250725t183110c58s4001-C,tan20250725t183110c58s4001,0,0.44105463088366526,0.48028329461511193
590053,tan20250725t183110c58s4001-D,tan20250725t183110c58s4001,1,0.7296533635750296,0.48028329461511193
590055,tan20250725t183110c58s4001-D,tan20250725t183110c58s4001,1,0.7697860065915462,0.48028329461511193
590058,tan20250725t183110c58s4001-D,tan20250725t183110c58s4001,1,0.5687939476047609,0.48028329461511193
590073,tan20250725t183110c58s4001-D,tan20250725t183110c58s4001,1,0.6719667778185875,0.48028329461511193
590412,tan20250725t183110c58s4001-D,tan20250725t183110c58s4001,0,0.009585066167198508,0.48028329461511193
590420,tan20250725t183110c58s4001-D,tan20250725t183110c58s4001,0,0.1082519988121743,0.48028329461511193
590422,tan20250725t183110c58s4001-D,tan20250725t183110c58s4001,0,0.3070584005240678,0.48028329461511193
590432,tan20250725t183110c58s4001-G,tan20250725t183110c58s4001,1,0.9090616053763103,0.48028329461511193
590437,tan20250725t183110c58s4001-F,tan20250725t183110c58s4001,1,0.9501502135970362,0.48028329461511193
590438,tan20250725t183110c58s4001-G,tan20250725t183110c58s4001,1,0.9646218295989242,0.48028329461511193
590444,tan20250725t183110c58s4001-G,tan20250725t183110c58s4001,1,0.9615946944958929,0.48028329461511193
590462,tan20250725t183110c58s4001-F,tan20250725t183110c58s4001,0,0.5916794687179743,0.48028329461511193
590478,tan20250725t183110c58s4001-F,tan20250725t183110c58s4001,0,0.8355907769341523,0.48028329461511193
590479,tan20250725t183110c58s4001-G,tan20250725t183110c58s4001,0,0.5344821071727072,0.48028329461511193
590486,tan20250725t183110c58s4001-G,tan20250725t183110c58s4001,0,0.38633130505753005,0.48028329461511193
590496,tan20250725t183110c58s4001-G,tan20250725t183110c58s4001,0,0.7755774936288654,0.48028329461511193
590499,tan20250725t183110c58s4001-H,tan20250725t183110c58s4001,1,0.9800565804476811,0.48028329461511193
590503,tan20250725t183110c58s4001-H,tan20250725t183110c58s4001,1,0.9671204901169526,0.48028329461511193
590504,tan20250727t105623c33s4001-A,tan20250727t105623c33s4001,1,0.3919148291010426,0.48028329461511193
590505,tan20250725t183110c58s4001-H,tan20250725t183110c58s4001,1,0.9689291249654189,0.48028329461511193
590506,tan20250727t105623c33s4001-A,tan20250727t105623c33s4001,1,0.15820814590803303,0.48028329461511193
590507,tan20250725t183110c58s4001-H,tan20250725t183110c58s4001,1,0.8579994609788208,0.48028329461511193
590508,tan20250727t105623c33s4001-A,tan20250727t105623c33s4001,1,0.10424884815569513,0.48028329461511193
590509,tan20250725t183110c58s4001-H,tan20250725t183110c58s4001,1,0.8482803032409675,0.48028329461511193
590510,tan20250727t105623c33s4001-A,tan20250727t105623c33s4001,1,0.25369260278436895,0.48028329461511193
590512,tan20250727t105623c33s4001-A,tan20250727t105623c33s4001,1,0.35549546586411807,0.48028329461511193
590514,tan20250727t105623c33s4001-A,tan20250727t105623c33s4001,1,0.13629388065486792,0.48028329461511193
590516,tan20250727t105623c33s4001-A,tan20250727t105623c33s4001,1,0.09526463598317134,0.48028329461511193
590518,tan20250727t105623c33s4001-A,tan20250727t105623c33s4001,1,0.20153032535094073,0.48028329461511193
590520,tan20250727t105623c33s4001-A,tan20250727t105623c33s4001,1,0.22584881951218663,0.48028329461511193
590521,tan20250725t183110c58s4001-H,tan20250725t183110c58s4001,0,0.2107213625130335,0.48028329461511193
590522,tan20250727t105623c33s4001-A,tan20250727t105623c33s4001,1,0.22262049454156532,0.48028329461511193
590525,tan20250727t105623c33s4001-A,tan20250727t105623c33s4001,1,0.17138069212520882,0.48028329461511193
590527,tan20250725t183110c58s4001-H,tan20250725t183110c58s4001,0,0.0611812419138251,0.48028329461511193
590528,tan20250727t105623c33s4001-A,tan20250727t105623c33s4001,1,0.16551424070238224,0.48028329461511193
590531,tan20250727t105623c33s4001-A,tan20250727t105623c33s4001,1,0.14133950709999127,0.48028329461511193
590533,tan20250727t105623c33s4001-A,tan20250727t105623c33s4001,1,0.15820814590803303,0.48028329461511193
590535,tan20250727t105623c33s4001-A,tan20250727t105623c33s4001,1,0.8183527152509861,0.48028329461511193
590537,tan20250727t105623c33s4001-A,tan20250727t105623c33s4001,1,0.13656848275278818,0.48028329461511193
590538,tan20250725t183110c58s4001-H,tan20250725t183110c58s4001,0,0.1449307433416442,0.48028329461511193
590539,tan20250727t105623c33s4001-A,tan20250727t105623c33s4001,0,0.7975576750609964,0.48028329461511193
590541,tan20250727t105623c33s4001-A,tan20250727t105623c33s4001,0,0.0011749534750681242,0.48028329461511193
590543,tan20250727t105623c33s4001-A,tan20250727t105623c33s4001,0,0.0007655430422516813,0.48028329461511193
590545,tan20250727t105623c33s4001-A,tan20250727t105623c33s4001,0,0.19503225487792641,0.48028329461511193
590547,tan20250727t105623c33s4001-A,tan20250727t105623c33s4001,0,0.35515089065693006,0.48028329461511193
590548,tan20250725t183110c58s4001-H,tan20250725t183110c58s4001,0,0.8893940949141707,0.48028329461511193
590549,tan20250727t105623c33s4001-A,tan20250727t105623c33s4001,0,0.32516644762980157,0.48028329461511193
590550,tan20250727t105623c33s4001-A,tan20250727t105623c33s4001,0,0.2794908572401653,0.48028329461511193
590551,tan20250727t105623c33s4001-A,tan20250727t105623c33s4001,0,0.10807842464221666,0.48028329461511193
590552,tan20250729t080117c58s4001-A,tan20250729t080117c58s4001,1,0.7574507820421083,0.48028329461511193
590553,tan20250727t105623c33s4001-A,tan20250727t105623c33s4001,0,0.577940273704073,0.48028329461511193
590554,tan20250729t080117c58s4001-A,tan20250729t080117c58s4001,1,0.783754135153806,0.48028329461511193
590555,tan20250727t105623c33s4001-A,tan20250727t105623c33s4001,0,0.0006113497664738517,0.48028329461511193
590556,tan20250729t080117c58s4001-A,tan20250729t080117c58s4001,1,0.747321841885505,0.48028329461511193
590557,tan20250727t105623c33s4001-A,tan20250727t105623c33s4001,0,0.7292293816890539,0.48028329461511193
590558,tan20250729t080117c58s4001-A,tan20250729t080117c58s4001,1,0.7647100437422978,0.48028329461511193
590559,tan20250727t105623c33s4001-A,tan20250727t105623c33s4001,0,0.052891773899717366,0.48028329461511193
590560,tan20250729t080117c58s4001-A,tan20250729t080117c58s4001,1,0.7037979777220391,0.48028329461511193
590561,tan20250727t105623c33s4001-A,tan20250727t105623c33s4001,0,0.009512356116100682,0.48028329461511193
590562,tan20250729t080117c58s4001-A,tan20250729t080117c58s4001,1,0.672479493819046,0.48028329461511193
590563,tan20250727t105623c33s4001-A,tan20250727t105623c33s4001,0,0.00047675995922332885,0.48028329461511193
590564,tan20250729t080117c58s4001-A,tan20250729t080117c58s4001,1,0.8331895208334839,0.48028329461511193
590565,tan20250727t105623c33s4001-A,tan20250727t105623c33s4001,0,0.02438088360857334,0.48028329461511193
590566,tan20250729t080117c58s4001-A,tan20250729t080117c58s4001,1,0.72505760550137,0.48028329461511193
590567,tan20250727t105623c33s4001-A,tan20250727t105623c33s4001,0,0.23778107452411154,0.48028329461511193
590568,tan20250729t080117c58s4001-A,tan20250729t080117c58s4001,1,0.7051417974232497,0.48028329461511193
590569,tan20250729t080117c58s4001-A,tan20250729t080117c58s4001,1,0.7455661851843755,0.48028329461511193
590570,tan20250729t080117c58s4001-A,tan20250729t080117c58s4001,1,0.7481766898301841,0.48028329461511193
590571,tan20250729t080447c56s4001-A,tan20250729t080447c56s4001,1,0.9440210232020915,0.48028329461511193
590572,tan20250729t080117c58s4001-A,tan20250729t080117c58s4001,1,0.6814030985321686,0.48028329461511193
590573,tan20250729t080447c56s4001-A,tan20250729t080447c56s4001,1,0.9428025981650746,0.48028329461511193
590574,tan20250729t080117c58s4001-A,tan20250729t080117c58s4001,1,0.7597343739956125,0.48028329461511193
590575,tan20250729t080447c56s4001-A,tan20250729t080447c56s4001,1,0.9248593931798998,0.48028329461511193
590576,tan20250729t080117c58s4001-A,tan20250729t080117c58s4001,1,0.7885965522329313,0.48028329461511193
590577,tan20250729t080447c56s4001-A,tan20250729t080447c56s4001,1,0.9470539011063581,0.48028329461511193
590578,tan20250729t080117c58s4001-A,tan20250729t080117c58s4001,1,0.6229422399942213,0.48028329461511193
590579,tan20250729t080447c56s4001-A,tan20250729t080447c56s4001,1,0.9512755305800366,0.48028329461511193
590580,tan20250729t080117c58s4001-A,tan20250729t080117c58s4001,1,0.7589192852419027,0.48028329461511193
590581,tan20250729t080447c56s4001-A,tan20250729t080447c56s4001,1,0.8971283593934122,0.48028329461511193
590582,tan20250729t080117c58s4001-A,tan20250729t080117c58s4001,0,0.4203244753046449,0.48028329461511193
590583,tan20250729t080447c56s4001-A,tan20250729t080447c56s4001,1,0.9009632858951456,0.48028329461511193
590584,tan20250729t080117c58s4001-A,tan20250729t080117c58s4001,0,0.46252246619116527,0.48028329461511193
590585,tan20250729t080447c56s4001-A,tan20250729t080447c56s4001,1,0.950050861971048,0.48028329461511193
590586,tan20250729t080117c58s4001-A,tan20250729t080117c58s4001,0,0.499088973370274,0.48028329461511193
590587,tan20250729t080447c56s4001-A,tan20250729t080447c56s4001,1,0.943530193613036,0.48028329461511193
590588,tan20250729t080117c58s4001-A,tan20250729t080117c58s4001,0,0.8667835195842437,0.48028329461511193
590589,tan20250729t080447c56s4001-A,tan20250729t080447c56s4001,1,0.9497310785789725,0.48028329461511193
590591,tan20250729t080117c58s4001-A,tan20250729t080117c58s4001,0,0.8285294581218285,0.48028329461511193
590592,tan20250729t080447c56s4001-A,tan20250729t080447c56s4001,1,0.903572553592271,0.48028329461511193
590593,tan20250729t080117c58s4001-A,tan20250729t080117c58s4001,0,0.007247959648395116,0.48028329461511193
590594,tan20250729t080447c56s4001-A,tan20250729t080447c56s4001,1,0.9553331536437083,0.48028329461511193
590595,tan20250729t080117c58s4001-A,tan20250729t080117c58s4001,0,0.06607430620994117,0.48028329461511193
590596,tan20250729t080447c56s4001-A,tan20250729t080447c56s4001,1,0.9225243685471521,0.48028329461511193
590597,tan20250729t080117c58s4001-A,tan20250729t080117c58s4001,0,0.45026831724398364,0.48028329461511193
590598,tan20250729t080447c56s4001-A,tan20250729t080447c56s4001,1,0.9650455158105147,0.48028329461511193
590599,tan20250729t080117c58s4001-A,tan20250729t080117c58s4001,0,0.8117579040268679,0.48028329461511193
590600,tan20250729t080447c56s4001-A,tan20250729t080447c56s4001,1,0.958223922302267,0.48028329461511193
590601,tan20250729t080117c58s4001-A,tan20250729t080117c58s4001,0,0.7936987847138282,0.48028329461511193
590602,tan20250729t080447c56s4001-A,tan20250729t080447c56s4001,1,0.9593158820038665,0.48028329461511193
590603,tan20250729t080117c58s4001-A,tan20250729t080117c58s4001,0,0.04034271499466566,0.48028329461511193
590604,tan20250729t080447c56s4001-A,tan20250729t080447c56s4001,0,0.15522228529610707,0.48028329461511193
590605,tan20250729t080117c58s4001-A,tan20250729t080117c58s4001,0,0.5874516261863783,0.48028329461511193
590606,tan20250729t080447c56s4001-A,tan20250729t080447c56s4001,0,0.03431636952207576,0.48028329461511193
590607,tan20250729t080117c58s4001-A,tan20250729t080117c58s4001,0,0.7586016797640976,0.48028329461511193
590608,tan20250729t080447c56s4001-A,tan20250729t080447c56s4001,0,0.12096811015942358,0.48028329461511193
590609,tan20250729t080117c58s4001-A,tan20250729t080117c58s4001,0,0.734833728749577,0.48028329461511193
590610,tan20250729t080447c56s4001-A,tan20250729t080447c56s4001,0,0.2014821672519676,0.48028329461511193
590611,tan20250729t080117c58s4001-A,tan20250729t080117c58s4001,0,0.7442917580953404,0.48028329461511193
590612,tan20250729t080447c56s4001-A,tan20250729t080447c56s4001,0,0.03610332360017067,0.48028329461511193
590613,tan20250729t080117c58s4001-A,tan20250729t080117c58s4001,0,0.12560556197931572,0.48028329461511193
590614,tan20250729t080447c56s4001-A,tan20250729t080447c56s4001,0,0.4508261916327627,0.48028329461511193
590615,tan20250729t080447c56s4001-A,tan20250729t080447c56s4001,0,0.27500073934178176,0.48028329461511193
590616,tan20250729t080447c56s4001-A,tan20250729t080447c56s4001,0,0.03235830026769922,0.48028329461511193
590617,tan20250730t102929c58s4001-A,tan20250730t102929c58s4001,1,0.14110182126130827,0.48028329461511193
590618,tan20250729t080447c56s4001-A,tan20250729t080447c56s4001,0,0.4556379712205779,0.48028329461511193
590619,tan20250730t102929c58s4001-A,tan20250730t102929c58s4001,1,0.6856526560582549,0.48028329461511193
590620,tan20250729t080447c56s4001-A,tan20250729t080447c56s4001,0,0.5854637621121818,0.48028329461511193
590621,tan20250730t102929c58s4001-A,tan20250730t102929c58s4001,1,0.7883889149048402,0.48028329461511193
590622,tan20250729t080447c56s4001-A,tan20250729t080447c56s4001,0,0.12559940844036258,0.48028329461511193
590623,tan20250730t102929c58s4001-A,tan20250730t102929c58s4001,1,0.18279681976260045,0.48028329461511193
590624,tan20250729t080447c56s4001-A,tan20250729t080447c56s4001,0,0.09497911674752046,0.48028329461511193
590625,tan20250730t102929c58s4001-A,tan20250730t102929c58s4001,1,0.05849813031102808,0.48028329461511193
590626,tan20250729t080447c56s4001-A,tan20250729t080447c56s4001,0,0.024634149141995913,0.48028329461511193
590627,tan20250730t102929c58s4001-A,tan20250730t102929c58s4001,1,0.037296831933141796,0.48028329461511193
590628,tan20250729t080447c56s4001-A,tan20250729t080447c56s4001,0,0.08905176202920576,0.48028329461511193
590629,tan20250729t080447c56s4001-A,tan20250729t080447c56s4001,0,0.2266241240534737,0.48028329461511193
590630,tan20250730t102929c58s4001-A,tan20250730t102929c58s4001,1,0.061521124306835706,0.48028329461511193
590631,tan20250729t080447c56s4001-A,tan20250729t080447c56s4001,0,0.16319533984723938,0.48028329461511193
590632,tan20250730t102929c58s4001-A,tan20250730t102929c58s4001,1,0.7966718519358092,0.48028329461511193
590633,tan20250730t102929c58s4001-A,tan20250730t102929c58s4001,1,0.4917989555412348,0.48028329461511193
590634,tan20250730t102929c58s4001-A,tan20250730t102929c58s4001,1,0.18581306640275017,0.48028329461511193
590636,tan20250730t102929c58s4001-A,tan20250730t102929c58s4001,1,0.8019942379629584,0.48028329461511193
590637,tan20250730t103138c58s4001-A,tan20250730t103138c58s4001,1,0.5714518572643323,0.48028329461511193
590638,tan20250730t102929c58s4001-A,tan20250730t102929c58s4001,1,0.12731954979450122,0.48028329461511193
590639,tan20250730t103138c58s4001-A,tan20250730t103138c58s4001,1,0.7599545657846996,0.48028329461511193
590640,tan20250730t102929c58s4001-A,tan20250730t102929c58s4001,1,0.4059792282624831,0.48028329461511193
590641,tan20250730t103138c58s4001-A,tan20250730t103138c58s4001,1,0.8813320430520669,0.48028329461511193
590642,tan20250730t102929c58s4001-A,tan20250730t102929c58s4001,1,0.6478833778977159,0.48028329461511193
590643,tan20250730t103138c58s4001-A,tan20250730t103138c58s4001,1,0.7331305068537942,0.48028329461511193
590644,tan20250730t102929c58s4001-A,tan20250730t102929c58s4001,1,0.10356943679604227,0.48028329461511193
590646,tan20250730t102929c58s4001-A,tan20250730t102929c58s4001,1,0.7924044673098432,0.48028329461511193
590648,tan20250730t102929c58s4001-A,tan20250730t102929c58s4001,0,0.0035886537677784027,0.48028329461511193
590650,tan20250730t102929c58s4001-A,tan20250730t102929c58s4001,0,0.29943939791309154,0.48028329461511193
590652,tan20250730t102929c58s4001-A,tan20250730t102929c58s4001,0,0.023252496873070527,0.48028329461511193
590654,tan20250730t102929c58s4001-A,tan20250730t102929c58s4001,0,0.009411313783819113,0.48028329461511193
590656,tan20250730t102929c58s4001-A,tan20250730t102929c58s4001,0,0.03994028703165214,0.48028329461511193
590658,tan20250730t102929c58s4001-A,tan20250730t102929c58s4001,0,0.0008563711678738688,0.48028329461511193
590659,tan20250730t103138c58s4001-A,tan20250730t103138c58s4001,1,0.4251257537179446,0.48028329461511193
590660,tan20250730t102929c58s4001-A,tan20250730t102929c58s4001,0,0.004529013271666706,0.48028329461511193
590661,tan20250730t103138c58s4001-A,tan20250730t103138c58s4001,1,0.7515504267208043,0.48028329461511193
590662,tan20250730t102929c58s4001-A,tan20250730t102929c58s4001,0,0.03627193345004937,0.48028329461511193
590663,tan20250730t103138c58s4001-A,tan20250730t103138c58s4001,1,0.6217518180285209,0.48028329461511193
590664,tan20250730t102929c58s4001-A,tan20250730t102929c58s4001,0,0.007685433005588627,0.48028329461511193
590666,tan20250730t102929c58s4001-A,tan20250730t102929c58s4001,0,0.017706280986236,0.48028329461511193
590667,tan20250730t103138c58s4001-A,tan20250730t103138c58s4001,0,0.11700479134235615,0.48028329461511193
590668,tan20250730t102929c58s4001-A,tan20250730t102929c58s4001,0,0.00911462765209895,0.48028329461511193
590669,tan20250730t103138c58s4001-A,tan20250730t103138c58s4001,0,0.22847275692588603,0.48028329461511193
590670,tan20250730t102929c58s4001-A,tan20250730t102929c58s4001,0,0.026468066554079597,0.48028329461511193
590672,tan20250730t102929c58s4001-A,tan20250730t102929c58s4001,0,0.19325962022055487,0.48028329461511193
590674,tan20250730t102929c58s4001-A,tan20250730t102929c58s4001,0,0.004796977837386512,0.48028329461511193
590675,tan20250730t103138c58s4001-A,tan20250730t103138c58s4001,0,0.59163111657987,0.48028329461511193
590676,tan20250730t102929c58s4001-A,tan20250730t102929c58s4001,0,0.0030891712898822887,0.48028329461511193
590678,tan20250730t102929c58s4001-A,tan20250730t102929c58s4001,0,0.023273893392569037,0.48028329461511193
590679,tan20250730t103138c58s4001-A,tan20250730t103138c58s4001,0,0.1812384731503492,0.48028329461511193
590680,tan20250730t103138c58s4001-A,tan20250730t103138c58s4001,0,0.0891841410914049,0.48028329461511193
590681,tan20250730t103138c58s4001-A,tan20250730t103138c58s4001,0,0.24454145941751587,0.48028329461511193
590682,tan20250730t103138c58s4001-B,tan20250730t103138c58s4001,1,0.5848510338259151,0.48028329461511193
590684,tan20250730t103138c58s4001-B,tan20250730t103138c58s4001,1,0.8871496684403254,0.48028329461511193
590688,tan20250730t103138c58s4001-B,tan20250730t103138c58s4001,1,0.25140359687039765,0.48028329461511193
590689,tan20250730t103138c58s4001-A,tan20250730t103138c58s4001,0,0.28582032952979247,0.48028329461511193
590690,tan20250730t103138c58s4001-B,tan20250730t103138c58s4001,1,0.3407449361099676,0.48028329461511193
590691,tan20250730t103138c58s4001-A,tan20250730t103138c58s4001,0,0.8450826016085967,0.48028329461511193
590694,tan20250730t103138c58s4001-B,tan20250730t103138c58s4001,1,0.800075787677925,0.48028329461511193
590699,tan20250804t150759c33s4001-C,tan20250804t150759c33s4001,1,0.8659421126572953,0.48028329461511193
590700,tan20250730t103138c58s4001-B,tan20250730t103138c58s4001,1,0.6591659014151234,0.48028329461511193
590701,tan20250804t150759c33s4001-C,tan20250804t150759c33s4001,1,0.6660599887234246,0.48028329461511193
590703,tan20250804t150759c33s4001-C,tan20250804t150759c33s4001,1,0.6720648302956018,0.48028329461511193
590704,tan20250730t103138c58s4001-B,tan20250730t103138c58s4001,1,0.3612516488987891,0.48028329461511193
590705,tan20250804t150759c33s4001-C,tan20250804t150759c33s4001,1,0.7313108232647346,0.48028329461511193
590707,tan20250804t150759c33s4001-C,tan20250804t150759c33s4001,1,0.8177157435407648,0.48028329461511193
590708,tan20250730t103138c58s4001-B,tan20250730t103138c58s4001,1,0.6710088851391112,0.48028329461511193
590709,tan20250804t150759c33s4001-C,tan20250804t150759c33s4001,1,0.9119278371256088,0.48028329461511193
590710,tan20250730t103138c58s4001-B,tan20250730t103138c58s4001,1,0.17026414592757025,0.48028329461511193
590711,tan20250804t150759c33s4001-C,tan20250804t150759c33s4001,1,0.3949858912177759,0.48028329461511193
590712,tan20250730t103138c58s4001-B,tan20250730t103138c58s4001,0,0.03390952621694915,0.48028329461511193
590713,tan20250804t150759c33s4001-C,tan20250804t150759c33s4001,1,0.665388436510802,0.48028329461511193
590714,tan20250730t103138c58s4001-B,tan20250730t103138c58s4001,0,0.39210775915196827,0.48028329461511193
590715,tan20250804t150759c33s4001-C,tan20250804t150759c33s4001,1,0.7969597035196395,0.48028329461511193
590717,tan20250804t150759c33s4001-C,tan20250804t150759c33s4001,1,0.8468244488223785,0.48028329461511193
590718,tan20250730t103138c58s4001-B,tan20250730t103138c58s4001,0,0.3514691146733537,0.48028329461511193
590719,tan20250804t150759c33s4001-C,tan20250804t150759c33s4001,1,0.6277928784061004,0.48028329461511193
590721,tan20250804t150759c33s4001-C,tan20250804t150759c33s4001,1,0.8936576895319316,0.48028329461511193
590722,tan20250730t103138c58s4001-B,tan20250730t103138c58s4001,0,0.06960803360602279,0.48028329461511193
590723,tan20250804t150759c33s4001-C,tan20250804t150759c33s4001,1,0.5687216279497898,0.48028329461511193
590724,tan20250730t103138c58s4001-B,tan20250730t103138c58s4001,0,0.22557190080700537,0.48028329461511193
590725,tan20250804t150759c33s4001-C,tan20250804t150759c33s4001,1,0.8178793368457052,0.48028329461511193
590726,tan20250730t103138c58s4001-B,tan20250730t103138c58s4001,0,0.1639714792420891,0.48028329461511193
590727,tan20250804t150759c33s4001-C,tan20250804t150759c33s4001,1,0.8095116247753801,0.48028329461511193
590729,tan20250804t150759c33s4001-C,tan20250804t150759c33s4001,1,0.48285873687243985,0.48028329461511193
590731,tan20250804t150759c33s4001-C,tan20250804t150759c33s4001,0,0.00415700674279241,0.48028329461511193
590733,tan20250804t150759c33s4001-C,tan20250804t150759c33s4001,0,0.36557568777699473,0.48028329461511193
590734,tan20250730t103138c58s4001-B,tan20250730t103138c58s4001,0,0.817725077925448,0.48028329461511193
590735,tan20250804t150759c33s4001-C,tan20250804t150759c33s4001,0,0.01537602405550656,0.48028329461511193
590736,tan20250730t103138c58s4001-B,tan20250730t103138c58s4001,0,0.1152625436822276,0.48028329461511193
590737,tan20250804t150759c33s4001-C,tan20250804t150759c33s4001,0,0.042097045717445734,0.48028329461511193
590739,tan20250804t150759c33s4001-C,tan20250804t150759c33s4001,0,0.9066750325246553,0.48028329461511193
590741,tan20250804t150759c33s4001-C,tan20250804t150759c33s4001,0,0.00446347337623928,0.48028329461511193
590743,tan20250804t150759c33s4001-C,tan20250804t150759c33s4001,0,0.14058285055929415,0.48028329461511193
590744,tan20250804t150759c33s4001-C,tan20250804t150759c33s4001,0,0.0020285080977337964,0.48028329461511193
590745,tan20250804t150759c33s4001-C,tan20250804t150759c33s4001,0,0.028666612916649518,0.48028329461511193
590746,tan20250805t033610c58s4001-A,tan20250805t033610c58s4001,1,0.22393101367679352,0.48028329461511193
590747,tan20250804t150759c33s4001-C,tan20250804t150759c33s4001,0,0.02788830528179762,0.48028329461511193
590748,tan20250805t033610c58s4001-A,tan20250805t033610c58s4001,1,0.16662829368460091,0.48028329461511193
590749,tan20250804t150759c33s4001-C,tan20250804t150759c33s4001,0,0.10009001596723217,0.48028329461511193
590750,tan20250805t033610c58s4001-A,tan20250805t033610c58s4001,1,0.8476795211644051,0.48028329461511193
590751,tan20250804t150759c33s4001-C,tan20250804t150759c33s4001,0,0.22950720292834031,0.48028329461511193
590752,tan20250805t033610c58s4001-A,tan20250805t033610c58s4001,1,0.3349158986277204,0.48028329461511193
590753,tan20250804t150759c33s4001-C,tan20250804t150759c33s4001,0,0.03255380976561893,0.48028329461511193
590754,tan20250805t033610c58s4001-A,tan20250805t033610c58s4001,1,0.7439216443794564,0.48028329461511193
590755,tan20250804t150759c33s4001-C,tan20250804t150759c33s4001,0,0.07174101460207068,0.48028329461511193
590756,tan20250805t033610c58s4001-A,tan20250805t033610c58s4001,1,0.16076175125217768,0.48028329461511193
590757,tan20250804t150759c33s4001-C,tan20250804t150759c33s4001,0,0.17221560476628386,0.48028329461511193
590758,tan20250805t033610c58s4001-A,tan20250805t033610c58s4001,1,0.1209196337075625,0.48028329461511193
590759,tan20250804t150759c33s4001-C,tan20250804t150759c33s4001,0,0.11202457208905356,0.48028329461511193
590760,tan20250805t033610c58s4001-A,tan20250805t033610c58s4001,1,0.8442297504474559,0.48028329461511193
590761,tan20250805t033610c58s4001-A,tan20250805t033610c58s4001,1,0.14989872610190982,0.48028329461511193
590762,tan20250805t033610c58s4001-A,tan20250805t033610c58s4001,1,0.7122701090951857,0.48028329461511193
590763,tan20250805t033610c58s4001-A,tan20250805t033610c58s4001,1,0.17435168815434426,0.48028329461511193
590867,tan20250805t080647c58s4001-C,tan20250805t080647c58s4001,0,0.8125970317520358,0.48028329461511193
590868,tan20250805t033610c58s4001-A,tan20250805t033610c58s4001,1,0.1299501824988506,0.48028329461511193
590869,tan20250805t080647c58s4001-C,tan20250805t080647c58s4001,0,0.8953606894939897,0.48028329461511193
590870,tan20250805t033610c58s4001-A,tan20250805t033610c58s4001,1,0.4894121327281203,0.48028329461511193
590871,tan20250805t080647c58s4001-C,tan20250805t080647c58s4001,0,0.0332330658638646,0.48028329461511193
590872,tan20250805t033610c58s4001-A,tan20250805t033610c58s4001,1,0.22393101367679352,0.48028329461511193
590875,tan20250805t080647c58s4001-C,tan20250805t080647c58s4001,0,0.01636478116603553,0.48028329461511193
590876,tan20250805t033610c58s4001-A,tan20250805t033610c58s4001,1,0.9013143484264217,0.48028329461511193
590878,tan20250805t080647c58s4001-C,tan20250805t080647c58s4001,0,0.893712445853059,0.48028329461511193
590879,tan20250805t033610c58s4001-A,tan20250805t033610c58s4001,1,0.8865876838039425,0.48028329461511193
590881,tan20250805t080647c58s4001-C,tan20250805t080647c58s4001,0,0.01895209125761316,0.48028329461511193
590882,tan20250805t033610c58s4001-A,tan20250805t033610c58s4001,0,0.013622459749723771,0.48028329461511193
590883,tan20250805t080647c58s4001-C,tan20250805t080647c58s4001,0,0.8804832839743697,0.48028329461511193
590884,tan20250805t033610c58s4001-A,tan20250805t033610c58s4001,0,0.06117252982063104,0.48028329461511193
590889,tan20250805t080647c58s4001-C,tan20250805t080647c58s4001,0,0.9543702952743197,0.48028329461511193
590890,tan20250805t033610c58s4001-A,tan20250805t033610c58s4001,0,0.01554738162761155,0.48028329461511193
590891,tan20250805t080647c58s4001-C,tan20250805t080647c58s4001,0,0.8933972946656147,0.48028329461511193
590892,tan20250805t033610c58s4001-A,tan20250805t033610c58s4001,0,0.027785347940713218,0.48028329461511193
590898,tan20250805t080647c58s4001-C,tan20250805t080647c58s4001,0,0.022519152467167458,0.48028329461511193
590899,tan20250805t033610c58s4001-A,tan20250805t033610c58s4001,0,0.05034281093857658,0.48028329461511193
590900,tan20250805t080647c58s4001-C,tan20250805t080647c58s4001,0,0.923692546020931,0.48028329461511193
590901,tan20250805t033610c58s4001-A,tan20250805t033610c58s4001,0,0.6555675242880876,0.48028329461511193
590902,tan20250805t080647c58s4001-C,tan20250805t080647c58s4001,0,0.8379730183175284,0.48028329461511193
590903,tan20250805t033610c58s4001-A,tan20250805t033610c58s4001,0,0.1311807565544274,0.48028329461511193
590904,tan20250805t080647c58s4001-C,tan20250805t080647c58s4001,0,0.7584552985667151,0.48028329461511193
590905,tan20250805t033610c58s4001-A,tan20250805t033610c58s4001,0,0.5375313437457234,0.48028329461511193
590907,tan20250805t080647c58s4001-C,tan20250805t080647c58s4001,0,0.7945877801230042,0.48028329461511193
590908,tan20250805t033610c58s4001-A,tan20250805t033610c58s4001,0,0.898926395082,0.48028329461511193
590912,tan20250805t080647c58s4001-C,tan20250805t080647c58s4001,0,0.13678419591192795,0.48028329461511193
590913,tan20250805t033610c58s4001-A,tan20250805t033610c58s4001,0,0.6697866991867268,0.48028329461511193
590914,tan20250805t080647c58s4001-C,tan20250805t080647c58s4001,0,0.15927514039379373,0.48028329461511193
590915,tan20250805t033610c58s4001-A,tan20250805t033610c58s4001,0,0.026392478438085017,0.48028329461511193
590916,tan20250805t033610c58s4001-A,tan20250805t033610c58s4001,0,0.06037086225014412,0.48028329461511193
590917,tan20250805t033610c58s4001-A,tan20250805t033610c58s4001,0,0.007735451358941358,0.48028329461511193
591020,tan20250805t033610c58s4001-A,tan20250805t033610c58s4001,0,0.03269283674086912,0.48028329461511193
591036,tan20250805t033610c58s4001-A,tan20250805t033610c58s4001,0,0.15941943635000466,0.48028329461511193
591039,tan20250805t033610c58s4001-A,tan20250805t033610c58s4001,0,0.012570006180429858,0.48028329461511193
