id,plume_id,mask_pixels,swir_nd_true_contrast,swir_nd_shifted_contrast,b11_true_contrast,b11_shifted_contrast,b12_true_contrast,b12_shifted_contrast,visible_true_contrast,visible_shifted_contrast
113195,ang20221003t181100-E,5077,-1.3880392637852697,0.11926812416795973,1.472450747062386,-0.2570316468607155,1.933572076809032,-0.2585662638636773,1.7873878201420854,-0.24942203209356412
594,GAO20191020t173137p0000-A,1129,-1.2391803134468191,-0.18053851150939518,1.693959221202819,-0.33271631232494236,1.7188443408126561,-0.31422120535441284,1.7151263246943358,-0.2920981342063313
260819,tan20250926t074509c45s4001-G,12045,-0.20038116362678415,-0.12220606068205808,-1.0824275799448848,0.34054649697034395,-0.7867691802084862,0.34940739636098717,0.5461062867842752,0.13261112037228118
232858,tan20250502t041843c00s4001-C,17998,-0.7409668070063571,-0.7038413417040192,0.5799476533499476,0.40386282126489287,0.737986633813585,0.5903469059668939,0.8139736229446886,0.7372760362516763
190047,emi20241217t045523p03003-C,49372,1.0956147561975487,-0.48362021362717605,0.6203689425105346,-4.062114193582391,-0.0406774838276816,-4.0654944032448395,0.46944180951518427,-1.9466871641037002
162160,emi20240217t052632p04005-A,45761,0.7766529372026714,0.24229182131794483,0.17930665897910295,-0.39880647718042117,0.07476871560923767,-0.3884848525154879,0.33495666337192054,-1.010679616926505
111359,ang20220630t194620-B,11215,-0.11517841813184715,0.11509930003614847,0.8173135666835752,-0.8612864179372284,0.608594294646017,-0.5455222424686997,0.4309111180516472,-0.11345010977142345
259011,tan20250916t080902c00s4001-T,10674,-0.12534050945341535,-0.0041974244904435035,0.07102436589630443,0.39919264579584524,0.09377584745676225,0.34568711790169254,-0.001065123807360525,0.3168638051164439
97202,ang20190928t190948-A,1689,0.7203963280176408,-0.17334777028458923,-0.2892492418589698,-0.19254766823806194,-0.43582074386162917,-0.1546630046925812,0.018414539499489273,-0.5618990235145157
85496,ang20170616t200614-A,3418,-0.033373902465852034,0.18123564881567794,0.003947501037407278,0.5096813297357536,0.011904767910917005,0.47066012502803983,0.15960419097623638,0.16673734533082366
7180,GAO20200714t160234p0000-E,4152,-0.02309755548840396,0.6708783145731524,0.19858954888292754,-0.3875786170177577,0.16710231692666297,-0.49040789016861785,0.408513079960133,-0.6804286466670184
218212,tan20250202t073029c00s4001-B,6100,0.3665859777831455,-0.10209636604838873,0.14956375547392295,-0.15527397605356513,0.0844433371609678,-0.1283965001300905,0.4204678308209901,-0.2734084842132647
228696,tan20250416t070757c00s4001-F,11396,-0.7404619405917428,0.18275074151277665,-0.27105635956476426,-0.06755099445293371,0.13407162159360966,-0.1318133177130898,0.3026674226058081,-0.3014762910651103
251294,tan20250803t171011c58s4001-C,8199,-1.5045466629392816,0.21767586305101974,1.941831739553325,-0.16822509860637128,2.260709530502423,-0.2786661833025283,2.735376018993536,-0.37543109082671194
229958,tan20250422t092022c00s4001-A,37276,0.34599781179119093,-0.7102226481261363,-1.3612962705204592,0.33680885449373205,-0.8869681171345069,0.8329213578454018,1.9953383201051933,0.06804257003356179
228388,tan20250414t034957c00s4001-O,32224,-0.14677630234184805,-0.5518433728072338,0.2606817899782312,-1.2285390478872509,0.28191029126366407,-0.9357711583054309,0.9014660460801333,-0.6722331883633552
91438,ang20171016t213300-A,3220,-0.7119834287924744,0.8033199056041049,0.5073054262505857,-0.7063451254128148,0.56685216887939,-0.7734372334509619,0.647183248063253,-0.7091205089733615
5003,GAO20191026t153935p0000-A,3050,0.22893148252636383,0.027943767931692218,0.007567006606136309,-0.963769127996605,-0.05647117754541937,-0.8996314962596885,0.04187671636605982,-0.9463501559174672
12843,GAO20200724t164043p0000-A,2559,-0.6466572005592893,-0.015662314644084123,0.4501730460442156,0.014382681560010916,0.48415692718525427,0.0043938778539424385,0.279382651247475,-0.19211757731695175
6811,GAO20200714t154912p0000-C,1748,-0.23109512171301677,-0.15731535587787576,0.06976353205762054,-0.3372664279254121,0.10621556713647332,-0.2556144633484982,0.49075791732054147,-0.42991605180373976
97119,ang20190928t190948-A,5317,0.9750279225574092,0.1502109005386925,0.2135085595433553,0.6035870457025412,0.12531597085475418,0.5544785489184129,0.18809703174161194,0.4426431415930659
92676,ang20171026t210059-C,2595,-0.3968409540894486,0.15982241850027754,0.4679474907886185,-0.288379325229878,0.6527631985491865,-0.2499973426617303,0.7382073755838959,-0.4856875733269594
96144,ang20181001t202630-D,2073,-0.8291754833001868,0.2589852498667403,-0.944925119964507,0.1641478619412191,-0.6460519520908474,0.03395275345593181,-0.4129331154089139,-0.010649256277507723
104646,ang20200903t195505-A,1845,-0.5840112316766041,-0.5515576604680219,-0.6962966759431697,-0.24677184633793467,-0.42967061698275283,-0.07223901949060005,-0.1362639448762829,0.01727109354633426
104800,ang20200903t201645-D,2247,0.12102056366005298,-0.03882886239549489,-0.30614324110577085,-0.07073829446622709,-0.2939954436961378,-0.03321861525465806,0.1303160706160519,0.12984298533509991
113312,ang20221008t150226-A,5147,-0.4308053422656919,0.12054846887979187,1.1200507193723068,0.28450471458021437,0.8819904275326287,0.15927040604601214,1.7119435125102132,0.2547824478889465
148791,emi20231009t060956p04031-G,48992,-1.2456560262560359,2.814468772074916,0.0984016009533666,-0.49540123925370516,0.42318623526537086,-0.9167797964434522,0.15086480632524804,-0.5398568005340305
16305,GAO20201114t210524p0000-A,3622,0.3713914674930166,-0.04398230898425251,0.24269235721126395,0.6364695819404278,0.08405184034023874,0.5044317963298556,0.20779735323999296,0.04984553518466215
79557,GAO20240611t211114p0000-E,20513,-1.0645542713471352,-0.06962034219179887,0.016670717397656822,0.43988408304939425,0.3534853194600339,0.3947673719834158,0.5180227859437243,0.42491280634581985
1892,GAO20191023t151100p0000-E,1058,-0.46505169227904175,0.5465455874064699,0.7088467985918132,0.7511375494124115,0.8956834097462858,0.6188760258864628,1.0188470605704465,0.8062249626717739
231213,tan20250425t054639c00s4001-K,18967,-0.2963486145471935,0.003866035459328423,-0.9570903431733749,0.09900320783942823,-0.9203337190852916,0.1068735390583142,-0.9709929587277502,0.1406739802220433
87540,ang20170926t183717-B,8789,0.32230004221453235,0.10245569406574295,-0.1715178239423265,0.18419751429476328,-0.24980217663404766,0.07142399561867221,-0.5751302208342878,-0.1537323231482656
89516,ang20171011t200410-A,2902,-0.5729967391253623,-0.20087319818036387,-0.579103515202361,0.4621069181699258,-0.4353764337810028,0.4818815267220465,-0.4707020307769802,0.44807997404303956
4460,GAO20191023t184042p0000-A,3982,-0.5671782690634962,0.42297156631095634,0.9712514263843585,-0.3718314642921304,0.9089745632137444,-0.3940337733096289,0.8313836610773242,-0.3275182385257344
91122,ang20171016t203319-C,1081,-0.43042762891487685,-0.7063662658529031,0.47869906644697885,-0.2008821021395648,0.4848283205815833,-0.01295215540621287,0.3698465741243596,-0.2625809086226866
139397,emi20230629t092056p06008-A,16033,-0.15612498534220273,-0.3843325291650471,0.6399984285434906,0.5562699896020507,0.6331078617707476,0.5789370758854954,0.8928591532774445,0.724285125766231
135184,emi20230616t211419p14028-D,15653,-0.5127181209205999,-0.3306358384625466,1.8003919433909172,-0.5012704769047388,1.6692744194826412,-0.3962036274929927,2.739880047993563,-0.4263286876709043
16729,GAO20201115t202811p0000-1,5442,-0.033709275100683916,0.3475748983024529,0.05093810824561853,-0.04521270683293491,0.07891358904796818,-0.37198425755358444,0.6338752507126091,-0.3280113340791068
66157,GAO20240509t183050p0000-G,1742,0.5945153496914122,-0.2719391581828903,0.5873777743990912,-0.3870306887589069,0.36656324779176064,-0.35013676965008916,0.6492974431813447,-0.27985903619401786
8808,GAO20200714t180642p0000-G,6711,-0.4352272722065566,0.2881301174099593,0.07151228873633644,-0.5370789067042318,0.16343021214539086,-0.5125648418387178,-0.11856355617824407,-0.6333486028519035
134974,emi20230616t211419p14028-A,50127,,,,,,,,
222812,tan20250302t072733c00s4001-C,2947,-0.20967844321928417,0.2741777682208498,0.16604505654545712,-0.07388281770383695,0.22028270813299863,-0.1783223671704407,-1.2555671274474398,-0.044090192262798804
65604,GAO20240509t173540p0000-I,1459,-0.12802091611598762,-0.42680353074839794,-0.3010933204756202,0.3351411553492925,-0.31470701431944775,0.3761124190384246,-0.1636391512320086,0.579781373673428
129414,emi20230422t091110p06019-A,32723,0.1847313210974919,0.24673146065687276,-0.19330879202185844,-0.2283307331387458,-0.2110194769737522,-0.2435946020690047,-0.023838182804217973,-0.07511050995116898
90965,ang20171016t202039-B,2589,1.2649787897019873,0.39974106163541767,-0.49192155065719195,-0.38864609099202585,-0.7018425713481683,-0.4157569259504941,-0.8718206135502006,-0.4063113888356043
212834,tan20241111t103920c00s4001-O,8672,-0.49952692413530403,-0.17682907991831592,-0.2177211962666071,0.21481555219427456,0.05762908612843382,0.27244154041505825,-0.4443424422691826,0.11474680796393355
231502,tan20250427t060138c00s4001-H,18143,0.938946642234022,-0.22564703405694317,-0.07122451462177466,-0.24216233145461524,-0.33276802340487904,-0.15973342465114346,-0.45884701960965785,-0.33757241420713474
140507,emi20230731t191834p13015-D,14723,0.1985525026977591,-0.41526281123457487,0.5016392322653711,-0.07872818553369706,0.27571254279117424,0.14294767257128385,1.5662161122458749,-0.2559425234834349
249799,tan20250727t184326c46s4001-F,6090,-0.8622995297444109,0.5409085845643437,-0.014086766030254128,-0.10698050829519916,0.4672852184068782,-0.31847852241021923,-0.5493335206491147,-0.21152577745374468
207410,emi20250613t205432p13032-B,20436,2.9197494480316752,-0.7332018609559786,-0.01594273857572525,0.21817572387347786,-1.0451667579867823,0.36716886954034644,2.088848379803965,-0.21241284817672473
11032,GAO20200719t170604p0000-D,3996,1.2173419084748427,0.2229990673319335,0.5988948751191006,0.05488972295925797,-0.03797629403661078,-0.08356096965335905,0.9881749086181655,-0.16406155039061981
7344,GAO20200714t162941p0000-A,12303,-0.2926540851927179,0.7019943768681098,0.43746886123357964,-0.4027129226196739,0.3962576867169794,-0.5455438290338834,0.501919524491882,-0.3101248928540655
9357,GAO20200714t183318p0000-D,5904,0.6462571111559146,-0.3403182621917254,0.7797884232776342,0.16133899035785898,0.31130937238268064,0.2795312199149131,0.9210680767096512,-0.058635864786845106
2873,GAO20191023t164940p0000-F,2819,-0.07571152351817843,-0.0936354091010769,0.09926593256762482,-0.347063636753366,0.10660543017357928,-0.33008772600422265,0.07592524202066926,-0.3370396306806752
249647,tan20250727t074928c08s4001-A,8661,-0.5261275072480134,0.2211055029198943,-0.21490399136081845,0.06059784926235079,-0.11875196671610028,0.0246537198707158,-0.10161488621048954,0.017079946999977013
4971,GAO20191026t152429p0000-C,1873,0.06993177229474772,0.4855885357421987,1.4239641836392563,-0.7378090537879852,1.226628085645287,-0.7413093551076242,2.2551231745929656,-0.7164778068233221
73630,GAO20240514t165911p0000-R,2750,-0.6834699850559456,-0.6173189116954358,0.37248151934025364,-0.066477280721883,0.42986768775045914,0.04062699075130234,0.29819839002397497,-0.2953757371521093
71877,GAO20240514t154756p0000-I,3604,1.3836671536731369,-0.37409875572905005,0.9768654813507653,0.17383045753688903,0.8477366094109903,0.2684739644512171,1.2812677568128548,-0.2842435635901022
84356,ang20161006t175913-A,1370,0.0970544449218599,0.3635673375847233,-0.7211198869946749,-0.42027489379425037,-0.6185229739384684,-0.460014833843731,-0.7446786235639616,-0.3096886370907051
247983,tan20250722t080219c07s4001-F,39072,1.0266882305352152,-0.6563185711318292,-2.825500598706782,0.6105065248964995,-2.670717211142674,0.6613822031090253,-1.146217695654671,0.5092331775705472
251178,tan20250730t181831c58s4001-L,7867,-0.021869818635508527,0.3398019616267863,0.2349610352102145,-0.7355609941445984,0.24087213772647065,-0.6897993811658647,0.24383842368779288,-0.6548644005414203
116237,av320250110t192256-A,1909,-1.2747593012045684,-1.5256899348978767,0.23986490888522088,-0.07568427323992637,0.7708721404976243,0.44299609827935826,1.548914531664967,0.8878667338094732
15508,GAO20200807t174450p0000-B,1513,-0.7116767028052795,-0.7629948867333282,0.49823676694073693,0.5773045620331517,0.6561699904334641,0.6586962585968076,0.17280155843404219,0.4649284878262009
111210,ang20220630t194620-A,10051,-0.09450642049795141,-0.48309293345262955,0.3980746509937467,0.5625648462212399,0.20796107519149862,0.5059828123721939,0.038451843173231935,0.5783221069414292
238995,tan20250530t182140c48s4001-D,19596,0.4264352533818226,-0.36209518709545124,0.3134829213134551,-0.2632734751965724,0.2134333175625693,-0.14445197768963838,-0.028201914368775637,0.13930240141832262
9831,GAO20200719t150529p0000-C,1309,0.8737411747157915,0.4446036571198716,-0.4049968804107127,0.202406156222931,-0.4944367896250188,-0.05433473018197751,-0.08175784787674205,0.35203651641259054
62187,GAO20230925t170338p0000-A,684,-0.03662350588798441,0.5899266114343357,0.05015737545649463,0.17988394112195963,0.028778708308429178,-0.34951926414080065,-0.002108634090798805,-0.29480566731882246
78696,GAO20240611t202024p0000-H,1353,-0.21147676805175203,-0.3660254972555302,0.13275752395532095,-0.17877177926326623,0.17376439391472162,0.0009211387641962931,0.3627763812540634,0.09726911293527955
1591,GAO20191023t145412p0000-B,2925,-0.47146759412468114,-0.7353102129516325,0.4446533605545137,0.9438171142858127,0.49150309257282293,0.9136664668207384,0.5301887962541734,0.8673232844193527
244196,tan20250630t151425c52s4001-C,4359,0.6606507009467878,-0.24369185804951393,0.8424524989200752,0.30950706274813355,0.7615870432902435,0.3841959522773028,-0.15798906768316126,-0.15468089998712983
209863,tan20240926t170225c00s4001-B,12663,-0.15047197820893157,0.16189446874545776,0.6572003770515563,0.2729023223498123,0.7309902444586805,0.21106728180854076,1.0168325343675622,0.022087016924069967
159704,emi20240127t195904p13008-C,16296,0.11307604215374728,0.2708351349606173,0.6147673296173982,0.27652939062991994,0.38927006519556767,0.16836625929736343,0.8401527854053574,0.3095631733215297
227609,tan20250409t065938c00s4001-A,10891,-0.07924488562062305,-0.6454942664203795,0.013328310355180449,-0.4997591047012866,0.05009015756316482,-0.1898629099905136,-0.011405182780426336,0.3908127593694563
111714,ang20220903t184312-F,31217,-1.7695126082954975,0.4980389991135761,0.7706551353029472,-0.14416312173152757,1.0559710628813777,-0.2638042130850479,0.18209263642935078,0.29222714587808746
111324,ang20220630t195902-A,2547,-0.374303696531138,-0.3423544685093497,0.49250907482519557,0.3272849863301998,0.47123942427978144,0.2972719444504073,0.555429240710751,0.27668584251100065
70732,GAO20240514t152310p0000-G,2535,-0.04138893181164782,-0.4946128851219955,0.24515504462503607,-0.7130385896935494,0.24445892679575304,-0.613005407143691,0.2413759087068804,-0.4242980606759894
151849,emi20231022t083808p06013-A,28107,-0.010329745649884594,-0.23565082376737642,-0.29936919589725225,0.07542609744886623,-0.19844009285898576,0.1475308028659994,0.1439758466218976,0.19675833274461427
11504,GAO20200719t184002p0000-A,2864,0.7631269862178248,0.043569305530573824,1.2806138538393874,-0.43157646091287943,0.8293003429162971,-0.32799608475396624,2.321964007590659,-0.4770078487980712
935,GAO20191020t173137p0000-C,6827,0.04601113043636893,0.24247497647592478,0.08961439537384108,-0.6379174898752116,0.05582722840285275,-0.5798745020829111,-0.03509077459251548,-0.449174317976482
108793,ang20220501t173311-A,1237,0.2936270175272916,0.2239025250872723,-0.03848799162389205,-0.43537460880150475,-0.15719658444606738,-0.44769414394234897,0.07464701330247238,-0.44397933995997
60127,GAO20230825t184144p0000-B,931,0.8143151672458369,0.37155303081991475,0.15958980198764,-0.0037272040455908783,0.0439404252976941,-0.10306729963749989,0.19507725218242306,-0.012234432431669178
62442,GAO20230925t181824p0000-A,4170,-0.5853457621067499,0.23559682523380285,-0.37288103580316,0.08689571256949322,-0.14985227810147886,-0.003919219020078943,1.2511787539297614,-0.16487297543392887
3769,GAO20191023t173308p0000-D,10760,0.20372428484837599,0.11076495259984594,0.43492298095381604,0.06863749735621763,0.412385506385438,0.03744401392437052,0.3637208411453003,0.01160620213664181
3945,GAO20191023t174556p0000-F,2949,-0.48096042337149136,0.24077001598354209,0.47065713061243303,0.26804579814782226,0.49858907134994207,0.15186570766764318,0.4378089020011841,0.17630133330685152
108523,ang20220501t160258-C,6826,-0.06694042586272544,0.014943559145235135,0.02575066117566541,0.02206084490807966,0.04465947104957068,0.025345076323720198,0.18792000252097826,-0.20002506189765473
212991,tan20241202t032459c00s4001-K,27772,1.228583534880201,-0.08533991998296726,-0.593289537373101,0.14041407698261973,-0.8725674191657495,0.16069839028646915,0.3334110832169457,0.0640022047991299
141683,emi20230820t192855p13028-E,15697,0.15330000148962591,-0.004741520274645751,-0.3285519871189612,-0.07523718035229703,-0.33235404535850466,-0.06566145018736597,0.2325915169687457,-0.007531524674393757
241755,tan20250610t075544c12s4001-I,9416,1.3585839732045346,-0.0805567641482295,-1.7163594038027254,-0.13443187236364504,-1.6764646680682715,-0.1301964325063897,-1.1852730501807756,-0.20559541285541
16410,GAO20201115t183718p0000-A,12946,-0.4614954826051307,0.17814447222910873,0.9157158225142237,-0.7041937986398847,0.9804248195115401,-0.6332676183112591,1.268074785787252,-0.07678082610599857
83934,ang20160919t193800-A,1123,0.10515658618036652,-0.5431417680682089,0.05972959049812988,0.3628305733834676,0.08052121862450272,0.44423657806132694,0.4395811009625499,0.4628710208402981
76466,GAO20240611t190030p0000-B,6123,-0.10926027052746955,0.17648306268646116,-0.7919972939463741,0.3473479913172598,-0.6918663796341707,0.18972129881647315,-0.6915402130490858,0.1551889304905311
98202,ang20191023t154154-7,12146,-0.21625998823056317,0.489262417158478,1.1428042705993828,-0.6268673414542394,0.9200690794401325,-0.5992990020381822,1.8959325693905797,-0.6325530988504862
110690,ang20220610t194646-B,25219,0.7141424906324821,-0.10528785261960484,-0.6230395518955059,0.4896540864508673,-0.7345805539768661,0.5454215852705687,-0.7576162167027414,0.5618663320050256
84380,ang20161006t175913-A,1099,0.02662777509251785,0.4496692599025514,-0.5235064644265728,0.032571602313739234,-0.5075044836420338,-0.10109128386984197,-0.36967132225441346,0.8161565674429867
248238,tan20250722t080219c07s4001-Q,19319,0.05785290764691526,0.2848474075873218,-0.33991131523414836,0.2609864968761822,-0.4725680802756206,0.2039531281277594,-0.05868287570483978,0.5342891904064638
216404,tan20241227t174829c00s4001-R,11058,-0.053164277730766964,0.36104877305088173,-0.28759151586313636,-0.2975909370470783,-0.20584800381308618,-0.3156901703163837,0.0628516497398049,-0.2209893893430107
261896,tan20251003t184027c47s4001-AA,6232,0.5788418645225757,-0.41429763091150196,0.2053300566632813,0.15149460701592135,-0.011065696792513919,0.21874670984157754,0.9334817243771016,-0.022898022866161046
71339,GAO20240514t153110p0000-I,3438,3.2972215997848107,0.26538728534284084,4.676094430414378,-0.27283539191138834,4.11894607326862,-0.32225413942990816,7.554083824912544,-0.3050975864123789
98803,ang20191023t165811-B,2038,0.15944784105903526,0.3939406022818835,0.6617651091715842,-0.6791150219379363,0.5830586028049211,-0.687397185907175,0.585493588759552,-0.6995996820333172
214519,tan20241216t103507c00s4001-G,15358,-0.39498874772095666,0.05377429118875343,-0.22788496617661952,0.3143253887481259,-0.01300566691718918,0.32263371202899654,-0.6176399416180164,0.2770675541787006
81269,GAO20240611t224700p0000-F,2975,0.13840468906774914,0.5217604894612271,-0.7396510225700197,-0.2529333631475228,-0.7464940860046623,-0.3866506164593305,-0.9346510890137861,-0.49570826097123066
239913,tan20250606t182428c36s4001-A,36319,-0.24966248915161685,0.1564061277092309,-0.5160499599979035,0.2864700802072893,-0.42159978660397707,0.23416819686232188,-1.2036059106310508,0.34875995603100657
74089,GAO20240514t175545p0000-D,8001,-0.05847605924648802,0.32063307687285064,0.17763277554880538,-0.07464893142930668,0.21562273474092403,-0.12896444212497607,-0.027083565464705472,0.10832573839021183
8852,GAO20200714t180642p0000-J,4697,0.7696852064287945,-0.27211627493728474,0.009510838685047578,0.2953918561279227,-0.18142119723447672,0.3018891640401387,0.3814053968023329,0.3955115023380491
90727,ang20171016t195222-B,3081,-0.2741951073612258,1.4831049386750925,-0.0867697965853514,-0.28074945761033093,-0.00838088512599349,-1.0145940430685234,0.02958050967429401,-0.8167566670419106
9714,GAO20200719t150529p0000-E,2372,0.04556868006660305,0.8316468305823398,-0.3091846645504203,-0.465153629254747,-0.29540473988857807,-0.595598023458809,-0.22382875080555736,-0.6179218588458425
90204,ang20171016t192429-A,1899,-0.25255691139140724,0.2817681489583859,0.02955248030530942,-0.18085798529317104,0.19255737574218626,-0.40191830322879835,0.1584744212913024,-0.472197597201241
86684,ang20170906t221608-A,2367,-1.6188020323785817,-0.20941661974602113,0.5789760023790576,0.09491631624226395,0.8954307971861909,0.266460803715602,0.8340682608861285,0.333798638677962
7643,GAO20200714t164416p0000-C,2702,0.657044277922837,0.16044024687546315,0.3565860997918591,0.09912773716519861,0.07654223503795074,0.020431839014950704,0.29222324658005305,0.15190171191240256
75629,GAO20240514t185646p0000-J,631,1.6144377096753126,-0.9448998362817999,-1.2434305566235875,0.026481425671654023,-1.4697459672207014,0.28848036380437087,-0.346765781443512,-0.20917437141450157
16750,GAO20201119t200352p0000-A,2005,-0.03487126140021112,0.49077239660826244,0.4534190561730682,0.2299844160503701,0.4482435530305478,0.012042303484092841,0.6240805498583213,-0.04928633430372376
133555,emi20230607t092641p06029-C,13324,-1.3550284575359979,-0.08892461561843606,-1.7591460303848947,0.02657492452692671,-1.3841253376138702,0.04204747235448872,-1.2429485584889641,0.16864228292768443
252115,tan20250803t171011c58s4001-H,14839,-0.6515180782157471,0.1145477606547773,0.8084774239800077,-0.32195154318136693,0.9226247352076867,-0.27954850158033956,1.176412686832844,-0.1840402868772764
248161,tan20250722t080219c07s4001-L,10403,-1.4274456596297649,-0.12857106593859036,-1.6478502776910433,0.44831447466185603,-1.3437359790317496,0.46196119103074634,-1.811504679477775,0.08129593706005075
71741,GAO20240514t154756p0000-E,8261,1.3039658985849456,-0.2892491765236999,1.4235849245417271,0.2408921046877154,1.214190889604469,0.34802885046702176,2.637361848860437,0.11855946827487483
120655,av320250803t180603-E,3941,-1.746128600565115,0.16617598491781535,0.31365716017786677,-0.028612014391573296,0.7438788541923497,-0.043019754591413474,1.1487569860418383,-0.05219511640771699
80519,GAO20240611t220309p0000-B,12965,-0.6156197319565275,0.30884789936777457,-0.13631455868368197,0.27655641673771764,0.09211910954725597,0.0823209235447338,0.215126999977176,0.09404859948942847
132150,emi20230604t115318p08003-A,50032,,,,,,,,
110486,ang20220607t210726-B,3857,-0.543167943341044,0.07090791800492584,-0.5746003347713585,0.5863779988087963,-0.40304073858847017,0.5745874972713332,-0.6498228636666938,0.4274950679062403
218971,tan20250203t034534c00s4001-L,9135,-0.16279085001925214,-0.6646736522709357,0.4317668102528058,0.12368764954546135,0.5164923112024912,0.24554422319100427,0.6408525286787066,-0.10347848968315654
171946,emi20240625t064958p05024-A,14922,-0.7715030023760323,0.41534434468797854,0.27393020667482937,-0.4263850922106511,0.5919885826837129,-0.537062684100655,0.304987646401738,-0.4286703715576835
240893,tan20250610t075544c12s4001-AV,11815,0.6972490954989367,-0.06974163078278912,-0.09452405523540164,0.49456569923827337,-0.37672961591669996,0.34771768169393386,0.3261527428258485,0.5614863169602692
66254,GAO20240509t182131p0000-B,17552,0.3159480271401686,-0.08151113472011512,-0.46194882703275275,-0.20423333778702743,-0.4235904847414191,-0.14900678850533122,-0.2920211896975661,-0.4452167391121196
61271,GAO20230916t180820p0000-D,2487,0.3912333795015457,-0.3445864331578488,-0.4984790371515363,-0.498483258821714,-0.5308470490747706,-0.5015211013143661,-0.5349965256880215,-0.48018050036830257
64396,GAO20240420t202505p0000-A,798,-1.1830500506041004,-0.25988086417375533,0.8749212786407735,0.697962017554453,0.9736915028036776,0.8369290038982624,1.4000585399164847,0.6386635440766
993,GAO20191020t184019p0000-A,3479,0.6989615198010763,-0.1531460098361489,-0.7021714672049748,0.27357284884746785,-0.6847415044432682,0.2302051268025204,-0.5528579050579917,0.28271644585620703
117973,av320250803t151829-G,2342,-0.9735739627539484,0.5626621292559139,0.3728287771911068,-0.6038097085649666,0.7084187387293477,-0.5846614769047538,0.589261573004212,-0.5886948220035938
89082,ang20171007t194907-A,1214,-1.063360982851846,-0.29164530683671297,-0.4414265264600967,0.41904177751765004,0.4450928869725713,0.35368681322724815,0.9515792167019075,0.8628763429263313
239822,tan20250606t060145c36s4001-C,29055,-0.6065936027717084,0.2299114704163939,0.015549384441179514,-0.3045188793067312,0.32408912855136424,-0.31369994143057695,0.4411436296731098,-0.19409947749416753
187240,emi20241015t210013p14007-A,39850,-0.4205353916509163,-0.06847932338472533,0.7889085880299407,-0.46206075847243994,0.7387981097187832,-0.4595590326763616,0.4780616583260942,-0.1995790184273946
13780,GAO20200804t180923p0000-A,2577,-1.8276567968590847,-0.4376787251562735,0.9297550943216799,0.14587735592813494,1.3700104095177656,0.2771264082685004,1.6639583225408816,0.5239450883555167
121462,emi20220828t051853p04002-B,8189,-2.3760949623860412,0.42451191107897146,0.7037155835472647,-0.4863872340646935,1.226847647727904,-0.5186815611947125,-0.30610121752231745,-0.02924489707996556
111913,ang20220903t185320-B,7846,-1.6559941188359297,-0.8120707176143916,2.3093904122139013,-0.029001262241950435,2.435676438512118,0.19972337116422137,2.03650737449794,-0.4771500784846715
8493,GAO20200714t175217p0000-F,2570,0.1808637367715032,0.2586837353572442,1.1709190397298126,-0.19612347919039838,0.7986079701108071,-0.2237934506820191,2.573845698794239,-0.178001413502946
75891,GAO20240514t190451p0000-S,1964,0.2762349603092665,0.5383610978778439,2.2617239691959345,-0.5647295404389941,1.816363974222335,-0.6220601927146955,2.723715034678433,-0.42115642766494693
383,GAO20191020t165717p0000-D,11096,-0.7885963953682744,0.11558278190901686,0.5595213708065525,-0.30407989807692,0.6869060858878159,-0.2704503606977395,0.4926449256650369,-0.31388882984944744
95889,ang20181001t173050-D,6217,0.6962910783403428,0.103276538163228,-0.01621205736153512,0.18886318008122827,-0.2689544644587025,0.17144130014671125,-0.06374954728891571,-0.004914489624036373
235686,tan20250518t074002c00s4001-AE,18999,-0.42137625430759446,0.721984243848408,-0.5915173489899271,0.6053566725829526,-0.44548432479476086,0.37846957511867774,-0.4302671074193938,0.519687588222263
12489,GAO20200724t155931p0000-H,12966,0.7673631477715588,-0.3597018711074497,1.3127639039239838,-0.4430867111586055,1.2225426744392027,-0.39499678212984224,1.4540585242396207,-0.46816431415842485
15548,GAO20200807t175429p0000-A,2765,-0.3060738513546783,-0.0941468138168165,-0.04445302456185399,-0.4324703495719402,0.09615512720997525,-0.35143912865014887,0.20619002716738952,0.1459518468173882
260397,tan20250926t183944c51s4001-D,21965,0.0181552483013814,0.08688232298751615,0.09731784578514617,-0.5824779758135498,0.07581209996948843,-0.5529114524985889,0.041768801420313,-0.6961609193666237
118086,av320250803t151829-J,1106,0.1618430100587551,-0.427242517137622,-0.07091868989766671,0.7385079498782744,-0.16382787623359377,1.2031088632436338,0.45995090400172767,0.24528688074568553
217502,tan20250129t084109c00s4001-C,2567,0.0631743927737574,0.6853367273066783,-0.08488816834936176,-0.5231230091075216,-0.07946815348885504,-0.5619282697476639,0.4780630940546222,-0.6120088680160839
219002,tan20250203t034534c00s4001-N,31414,-1.048218848600102,-0.0864452161173067,0.35160671671005944,0.0833911747582049,0.593445087780644,0.09029092913769225,1.743678992339646,-0.09546285713080956
111585,ang20220826t202657-A,806,-2.3695431123976753,1.4898934102089205,0.15475248400886002,-0.7256235439823773,0.9829625997024681,-1.030701855714311,1.6688432251236944,-0.905686322857352
216421,tan20241227t174829c00s4001-R,5098,-0.3191779430551617,0.056411282405834484,-0.6228466227221736,0.24601600990491646,-0.4471635304952837,0.19116558695714814,-0.24927970988365264,-0.25631152370650384
222537,tan20250225t170354c00s4001-D,11153,-1.3464581194648535,-0.28418750516195956,0.08688036853784999,-0.2972582976062426,0.20417328686319414,-0.2488415941868981,0.49700272478703583,-0.11048096688150298
230471,tan20250424t080257c00s4001-A,10263,-0.24831655902730423,-0.34880022706069364,0.15237840654974127,-1.2836061185748613,0.16992321345434755,-1.0600839803164097,0.29870471302732227,-0.14380105530965226
236972,tan20250518t074002c00s4001-U,13949,1.0235461691676,0.09039627375410524,1.4277382295501044,0.03838286776635427,1.2197958457356066,0.0073734313576915905,1.8347962988330127,-0.12055896376660465
229294,tan20250419t033623c00s4001-K,12272,-0.1420589735865562,-0.044298944676729256,0.28616438861826526,0.2240230644640113,0.3073925257854413,0.19987418739755677,0.3767865582595689,0.0730150181322868
104814,ang20200903t201645-C,3400,-0.4997895180342343,0.5424403840184912,0.42113895576833,-0.5619606611156226,0.6858509939367213,-0.5923857281032677,0.7520599065925873,-0.4734948497565368
113801,ang20230319t202238-A,7267,-0.28540090692156544,0.11902646757562114,1.01937305068221,0.2779459658520458,1.152014398086338,0.27045302945735317,0.7569251609633073,0.22712777695343242
233988,tan20250505t084810c00s4001-F,43952,0.4591734819396912,0.1624050422700146,-0.06887179094888599,-0.04700184412251122,-0.183260418587185,-0.08052618854471025,0.20685352666800602,-0.03226665775644811
243696,tan20250624t093350c56s4001-H,5154,-0.1886599301839672,0.5748362935251772,0.34831970179064115,-0.6207176238967833,0.292521084045448,-0.6369170499535675,-0.15145219635726156,0.6750645506756581
100635,ang20191025t182152-D,7070,0.12404552117021121,0.28641404415166377,0.009434177190961669,-0.23907021340253615,0.0008213091100050425,-0.2512660140075587,-0.03378983596507977,-0.2872160224448924
214336,tan20241216t103507c00s4001-A,4153,-0.5402190216647579,0.008951880095461384,0.657610332217203,0.6141109242884991,0.7434926486895446,0.5649179395583029,0.6107092598214587,0.7248337108451859
11979,GAO20200724t151846p0000-B,2120,0.326773048708746,-0.5961509705201672,0.6337085824725173,0.11910235403482446,0.5222889213275487,0.2954370378105274,0.8075414237147241,-0.022189432476884024
76189,GAO20240514t191350p0000-F,4992,0.23459577982591645,0.2785123445199305,0.8885386988454393,-0.48495380957249656,0.6981501702017121,-0.4667756937155659,1.4033752708002516,-0.6548209833364547
231641,tan20250427t060138c00s4001-M,10167,0.5894240466516775,0.1226177456550282,-0.13470258185367345,0.09329943375485503,-0.1912619042639953,0.08261456709894331,0.22402134279960556,0.270623636936506
7625,GAO20200714t162941p0000-G,2241,-1.048127971311142,-0.26383236627560946,0.7124548738484084,0.08801988947997356,0.7843118044519162,0.13181277778817505,0.4885306919676387,0.09282719249606577
261885,tan20251003t184027c47s4001-AA,6064,0.4884651555694417,-0.34009994817279654,0.30376576865335,0.029592662302988723,0.09338951364638912,0.10612016206690449,1.0679456782239658,-0.13935105180309734
112737,ang20221003t172744-A,10205,-0.37853618206034473,-0.0929047830465988,0.026837622343321356,-0.5977659363565153,0.2106709681640156,-0.43271212234352563,0.33395411764115585,-0.33207297142940456
110321,ang20220523t203440-A,504,-0.44077685912894543,-0.517767684116309,0.0361784656845821,1.0533760852189251,0.18603370544482944,0.8848007884670479,1.005360867340571,1.0766798462945326
7045,GAO20200714t160234p0000-D,5401,-0.5902478624630569,-0.12168487207495038,-0.0791735084696993,-0.31316357348162704,0.1415405845398505,-0.3146800029643002,-0.32031215676936325,-0.3018891080449173
236195,tan20250518t074002c00s4001-AO,4088,0.8710281159550706,0.5172386876721075,-1.2317626477596526,0.17013876964688443,-1.1798925363521167,-0.018031801955445813,0.20966278087779244,-0.7632526959914552
2096,GAO20191023t152337p0000-C,4265,-1.5044971082745289,-0.025287219772915044,0.979567020103113,-0.06946397972466342,1.226518923570431,-0.04906605513052899,0.6790862537405397,0.17489883773638337
76838,GAO20240611t191919p0000-A,1597,-0.9334677027659275,0.10163332338401225,0.010741653860711891,-0.19326216966448542,0.5016026176003253,-0.17799420368106916,0.904765033340324,-0.15325245932207404
141351,emi20230818t131928p09016-C,15756,0.4344993758496039,0.2881160450430988,-0.02279112781646423,0.040528576023469084,-0.3163850230637581,-0.13485957779778976,0.09945035351636741,-0.054835438876137725
91283,ang20171016t211444-A,2163,0.1271874003348313,0.39529535395408855,0.36536107802293033,-0.4992952886304848,0.22394657512199623,-0.493421335468622,-0.45035033168993166,-0.6694825934953439
230271,tan20250420t183025c00s4001-D,11768,-0.4194207685646029,1.164344063402622,0.17412181949803043,-1.0295724544474896,0.3086504880560281,-1.1071559734522916,0.4915126717146438,-1.0531487479926074
212995,tan20241202t032459c00s4001-K,16809,0.2922138363973594,-0.3585735503466555,-0.09256245718813187,-0.5586738240128882,-0.18540035375873462,-0.382904692399714,-0.23909318042648514,0.14412942903527395
71255,GAO20240514t153110p0000-H,1197,1.5433882950190307,0.46942734095193345,1.097895565462233,0.01954121898881846,1.000931054479093,-0.013664268698405611,1.3236040201567025,-0.16664483929717108
74871,GAO20240514t182155p0000-G,5755,0.4403542038477411,0.2243518000515008,-0.22135511003534702,0.38684018123805736,-0.30318284880344143,0.38874120804497553,-0.24458694983491466,0.3317576029337014
78619,GAO20240611t202024p0000-F,8968,-0.706487098982691,-0.2117209248847134,0.25238691109034284,0.7054179004685082,0.689261918584825,0.557431624641971,0.5734789043520401,0.4675384718680199
118837,av320250803t162318-B,1117,0.37226634886173054,-0.5033921839916823,0.6105121433262982,-0.250600146184418,0.20705197458359442,-0.15660772103448992,0.066420104126815,-0.2902326812485278
72382,GAO20240514t161405p0000-CH,1033,1.107525660364518,-0.06715133302399205,0.26487788355885333,-0.228023226444029,0.17093806580340787,-0.20044225405588117,0.28861454112941476,-0.37572191006814853
8478,GAO20200714t175217p0000-F,7298,0.20108785107500043,-0.4102882398469748,0.39250240047595586,0.11860745867531834,0.28021586492804973,0.25650673558210035,0.7973187122465787,-0.07474842453599943
6769,GAO20200714t153455p0000-D,3533,0.21789066532575038,-0.08575220507772906,-0.15218272196790356,0.4008020993716183,-0.16309574516437858,0.33857008359925195,-0.1628509649823143,0.41427987731070937
78507,GAO20240611t202619p0000-B,6502,0.9185656235719922,-0.03518760087709448,-0.30270561778442795,0.5900940657792515,-0.42694073144032646,0.45280534990992755,-0.39731110479812565,0.5430108050110342
112752,ang20221003t172744-A,8079,-0.5096423095272035,0.41376955864285603,-0.13085990895859312,-0.21719765514601316,0.19684139363579278,-0.33299269183976815,0.33017339573123844,-0.3268640627318377
6753,GAO20200714t153455p0000-B,6303,-0.688449129833251,0.27915053610192825,-1.1020491117922577,-0.32360303621470193,-0.8046401093825831,-0.2907158042410637,-0.9174612625112293,-0.33720870828675664
71429,GAO20240514t153940p0000-E,13970,-0.155484605905824,0.2589255488103993,-0.23698525566422943,0.42915391442732836,-0.22008645482670713,0.40891180605606475,-0.3839197315034475,0.33001087633827064
65544,GAO20240509t173540p0000-F,1688,-0.4080151979804698,-0.03876763904164786,0.8647517130041439,0.7897768815304891,0.9030822985411088,0.6897282950310609,0.7165193623858263,0.7464986262713103
92190,ang20171026t194512-A,1736,-1.0591340031354821,-0.5493090741618443,0.08997366052419221,-0.2591488293475707,0.4788763871280012,-0.08951291588805997,0.7326790512988175,0.037605635211334885
114142,av320240427t185910-E,361,0.2859556678252988,-0.3580585214578331,-0.20403832286781773,-0.7490014932539755,-0.23586512892627579,-0.6904285457345042,0.16131007698773586,-0.707963245425844
81165,GAO20240611t224700p0000-B,8050,0.017949204537217316,-0.0531806738317577,0.6689112446207279,-0.6117353813056614,0.5420987489349902,-0.5453705026842905,0.6377214103095354,-0.8634851346190014
111371,ang20220630t200716-A,7391,0.05763841303423811,-0.010693511069216219,0.47849837582107324,0.07521256375675267,0.47397536279195646,0.039097799278561836,0.2126098901203123,0.04820607984477286
228366,tan20250414t034957c00s4001-M,4305,-0.4019157027553912,0.18894074370703645,-1.5687270876295565,0.0025067156256342927,-0.8851237131238817,-0.07775201058327053,-0.322139958122573,-0.33140399595448206
120290,av320250803t184642-E,1815,-1.0442320408585586,0.2652651132005512,0.6166896709821376,0.5415099801296595,0.7928534529448591,0.3135757448811406,0.8408646915857705,0.21306374769845116
73677,GAO20240514t174725p0000-F,2186,-0.22601632180873718,0.12968350340744764,-0.07958081792982002,-0.035203545140919605,0.002236252493281087,-0.07786921902204719,0.03893032010007698,-0.12955305758778388
75387,GAO20240514t184750p0000-D,1436,0.5141135942381487,0.07312059787753775,0.7712766323443937,-0.4202612663270225,0.734720073464498,-0.5080999327636132,1.0672698990531166,-0.4038517028361893
11930,GAO20200724t151846p0000-B,1989,0.3881524444247169,-0.1450571220073513,0.5086093453581285,0.07143121247433097,0.3868978136946243,0.09808292325029015,0.6692651717047774,-0.09519956459046296
113150,ang20221003t181100-E,4866,-2.174935576358009,-0.6524985488213816,1.6765645335405124,-0.5449599265088936,2.4190247787527364,-0.2871535945542766,2.344729185518252,-0.21559087494730766
111234,ang20220630t174841-A,8588,0.038275907035007384,-0.7610372126459197,0.5323301026614008,-0.13014872428366914,0.5043046241949413,0.29945736187060495,0.5551017707389146,0.5254125153860411
120263,av320250803t184642-D,3014,-3.4871341851877715,0.036761263240640135,1.1492865057740653,-0.300776394270398,2.363107840972989,-0.2721461934776851,3.8006312563807105,-0.3049457182621074
244584,tan20250704t055553c55s4001-I,17664,-1.4090322802084192,0.35885842399503204,1.4687890282290248,0.32481572965585265,2.434153206456055,-0.10342795140796492,3.6542278928085477,-0.10252445072525714
91146,ang20171016t204547-B,13134,-0.10387144648372112,-0.10400887955375142,-0.23991323741619203,0.1443249070588239,-0.08381075984186558,0.15818746508995402,0.07591744387923409,0.24743496826794845
238681,tan20250525t060542c29s4001-Q,22095,-0.6217978353517594,0.2022978538798106,-0.6664993829240609,0.41354928974071214,-0.4979201033286674,0.3960616818675453,-0.181380631771716,0.4953216788934148
252113,tan20250804t163010c26s4001-C,35763,-2.2644203344032636,0.6370817925501754,-0.31842996979504534,-0.2553846190883253,0.28337972932709604,-0.6957528033702048,-0.4358602048007526,-0.17152697678741954
212554,tan20241111t103920c00s4001-K,5424,0.1222544428676517,0.08154593378519151,-0.8045221883327607,-0.13707995313459065,-0.5118158483341253,-0.12190634465661032,-1.59819120916979,-0.1271335947284836
242467,tan20250622t074731c58s4001-B,34952,0.4129500793998382,-0.35960374128723527,-0.11342167306742211,-0.3477318572215009,-0.19950709703576128,-0.21516785932314483,0.07746419337377153,-0.2350039779435455
12393,GAO20200724t155931p0000-C,2294,0.013139244616263491,-0.12494305421271783,-0.9532248798389669,1.0421589074607764,-0.6805554765325404,1.000074914074331,0.026685931637542765,0.7110887472397454
92901,ang20171026t215522-A,2998,-0.5519442983140176,-0.19551319017024416,-0.5276456054435341,-0.45731457728485053,-0.1796253033652829,-0.4056492058503879,0.772705879486095,-0.3790926666089297
90063,ang20171016t190200-C,433,0.41244004359354514,0.7962144047127179,-0.2700998971021419,-0.9416508395653963,-0.333702256298917,-1.058158027263557,-0.5228807130556885,-0.9228548439917332
12828,GAO20200724t162634p0000-C,4560,-0.35814637290534523,0.3394074737285605,0.16545013726145605,-0.5564601910865167,0.20020143279481376,-0.5041910352320074,0.25518447032693986,-0.6545534588486608
250031,tan20250729t110742c33s4001-A,12792,-1.054710593517403,0.005967069181124631,2.290258138966154,0.0669786952134818,1.867015262765993,0.02303717045901813,1.680762028531401,-0.08021736832346518
211474,tan20241031t102420c00s4001-B,21663,0.09467285494277991,-0.2426568334138184,-1.1684978037548082,0.5073411249356401,-0.9989849662532185,0.49981641732195736,-0.7490347279498494,0.26696698555554055
8189,GAO20200714t173902p0000-A,2542,1.9540452723127648,-0.447683230958907,1.6060514109739192,0.3129934054733,0.4612074824612119,0.5919666447195967,1.7724640383761678,0.022136049637964516
72522,GAO20240514t161405p0000-R,4200,-0.28653029904778465,0.44373446880792067,0.2708400575759366,-0.3304386512081949,0.3044259245640267,-0.37229597135864195,0.300161056073997,-0.19315538665235132
2182,GAO20191023t152337p0000-F,5258,0.08158823375488589,0.04632419962168629,-0.7753780990943109,0.11166492832518737,-0.7446566302549243,0.10258254932753443,-0.785291730149544,0.05661496193535766
92238,ang20171026t193733-A,625,-1.7143608494495177,0.5893855971638158,0.6544760736691465,-1.0906714610427506,1.317519901082359,-1.015499652640455,1.787005115010941,-0.9399851641076375
229568,tan20250419t033623c00s4001-C,12192,-0.2625120902000816,0.35122729704950423,0.08811391263582606,-0.31115232146824884,0.19397059183773052,-0.41713267464807513,0.2748196111286561,-0.3931254163712314
192611,emi20250127t072543p05003-F,49510,0.8327563901041217,-3.4214197773226798,-0.4747259292787409,5.849446771605835,-0.615171899200109,5.782349051238569,0.6950597258859957,6.7974000588012835
216125,tan20241227t174829c00s4001-L,29679,-0.34120911048850905,0.6112659721699539,0.9514746080418095,-0.6529728671981202,0.8664174054841729,-0.7057024555135557,2.8282168033004815,-0.5127706230752516
96235,ang20181001t203231-B,3141,0.30066835420827986,0.9581031918088586,0.5777822703877512,-0.6830675995952058,0.5588661668997865,-0.7591028398681866,0.5949502310265391,-0.6866480070584206
235919,tan20250518t074002c00s4001-AQ,37731,0.3827888761454127,-0.9138162699944105,-0.09146987638353135,-0.4415189970754421,-0.26616451941547964,-0.2289654499994693,-0.42925433616121167,-0.4099920053218308
2444,GAO20191023t153942p0000-C,4146,-0.2563027652975028,-0.053515890957256715,0.3486748218798628,0.7031765572897491,0.3492431480068155,0.5361601308237491,0.438069311117685,1.3919950684535813
1888,GAO20191023t151100p0000-D,2874,0.49000619589713,0.3968050567323005,1.7303390924176496,-0.6378956299796925,1.2912059447736266,-0.5823134904727144,3.5669366626655323,-0.5686143452619555
86919,ang20170916t224204-A,325,-1.1415921114766812,0.216951626513835,1.336068131389562,0.9329561263111151,1.7283025805026724,0.8129494419950645,1.4778215622834487,0.5498440674368474
62245,GAO20230925t175332p0000-A,11522,-0.5907397111148567,0.5461423371083489,0.31141213974240356,-0.7995813031876703,0.3932251228165032,-0.7786674876284476,0.18699410105839517,-0.6775559906033727
15705,GAO20200807t181428p0000-A,2391,-1.0449385289520114,-0.5629875704828929,0.7090891799692088,-1.0149107557886774,1.0580766754854796,-0.921237451300253,1.011567551012549,-0.17323082115972652
120807,av320250917t184127-A,2841,-0.6261054670243537,0.6966322239862291,0.6464411319199268,-0.9262483642645881,0.7581203410704559,-0.8560803599595694,0.5368874264019746,-0.9004254176741773
3455,GAO20191023t170505p0000-K,5462,-0.39557510085736647,-0.03565234781288387,0.5159931419819354,0.6946744993571989,0.5306785131862959,0.6467993267044293,0.6396172611853632,0.2939530352792422
260196,tan20250924t165142c41s4001-A,27678,-1.428296711995843,0.08165917928127374,0.9281607450906937,-0.2148050868367258,1.2113378761292404,-0.17945754141977205,1.5095891570133104,-0.14878046049291077
7068,GAO20200714t160234p0000-D,1772,-1.2551771403533327,1.6851433668354416,1.1986792245760478,-1.5371785378908114,1.9250397473921457,-1.7390381177430343,0.5006883873968055,-1.018682863087047
3989,GAO20191023t180055p0000-B,1875,-0.9754958051743546,0.1835981675489997,0.42575190550809405,-0.5917813606306926,0.5366710915221385,-0.5392026371527702,0.7204799538661588,-0.5471905693063941
92558,ang20171026t203137-B,5431,-0.7395825276804883,-0.6302784690442989,0.961761794272714,0.44708534413943785,0.9621318972667229,0.7171670854750769,0.8824330058439074,0.9725324270435864
121028,emi20220815t105833p07011-M,25873,-0.33988458358091295,0.10749695454596135,0.7017112053256552,0.28988492419725526,0.6446267136023982,0.22315124995336058,0.3761837738704192,0.13800948117315698
232023,tan20250425t054639c00s4001-R,15250,0.6374644859104782,0.1627257839169256,0.5376426270389724,0.003676317303366856,0.4671702171378106,-0.020741676402532175,0.2862809539251867,-0.42790797280272885
72980,GAO20240514t164120p0000-W,2897,-1.156356956701452,-0.046538532312285594,1.2701489881180634,-0.6165305187038174,1.354569309141369,-0.5770383177988477,1.0685975299790824,-0.6749061101750328
109201,ang20220514t190216-B,4525,-0.31751312412473365,0.9904589904534293,0.7721674118888466,-0.18932342084558856,0.7262002537542096,-0.7694503355832495,0.5427144519967972,-0.22231985059166032
99264,ang20191023t175603-A,2116,-0.3137800414757791,-0.6894790391160306,0.4415161483545044,0.4186136245731502,0.41749318229729854,0.48135434916608005,0.416540302185817,0.3367398702969525
111293,ang20220630t194620-A,9276,1.2094489085119378,0.5738578930647065,0.5084643162117803,-0.21052457110894818,0.06895105439787023,-0.3813776787277177,-0.1983529697840316,-0.3147301936101083
73449,GAO20240514t173435p0000-E,973,-0.175000350475201,0.4092809839611147,0.7213805479733066,-0.35581436729174926,0.7041299495253025,-0.41614223981237086,0.7772514718018281,-0.2046751209057536
104025,ang20200804t202226-B,3970,-0.21600921762080535,-0.5738471837471957,0.2527264480273032,0.7837539974477311,0.29348109668100697,0.7905074967693837,0.4131197279081216,0.7873530853246873
260420,tan20250926t183944c51s4001-E,18796,-0.9161641749979599,-0.05292841366366522,0.7576850633432343,-0.16383553183356897,0.8217768708964013,-0.12377145184212618,0.8563088622441116,-0.08498869551714217
227068,tan20250330t072702c00s4001-D,4148,0.6462540021039868,-0.01372175774565073,19.20814885133548,0.1373634860451029,24.614266852380823,0.23783231907269164,-8.262350138757734,-0.08186040350721127
113728,ang20230319t194618-B,5604,-0.3523573613465585,2.0503698073580265,0.02964468777128128,0.17479182333216534,0.08097787828832796,-0.2685212455578971,0.09573224712678732,-0.6956887891881034
260751,tan20250926t074509c45s4001-B,31262,-0.3726807132554577,-0.1968222135979524,-0.09963778852655311,0.45635665282925675,0.15134916016139263,0.4388443870613718,0.2066793947606571,0.3302467551898129
6974,GAO20200714t160234p0000-A,2816,-0.38169157271649484,0.5287599402986126,-0.6591141954171559,-1.0997690746746085,-0.6766655319305961,-1.0164528268390751,-0.49160488680970466,-1.1017676895828292
251079,tan20250730t181831c58s4001-J,11472,0.38553911447249634,0.17959282379551,-0.19711534321819607,-0.4258246831656221,-0.2905135018008826,-0.3110116266105444,0.4878468641580882,-0.65798957656602
161142,emi20240130t112621p08007-B,15412,0.14485846268811828,0.010972128973261705,-0.61344342771589,-0.2708306445500334,-0.8375400281081983,-0.3454013688154199,0.5127647646567655,-0.11134692559790814
60196,GAO20230906t173955p0000-A,4938,-0.7781019447467017,0.3120270790551371,0.4589349031676736,-0.06877849179570052,0.5964165516583659,-0.13333022277090129,0.7562093067349954,-0.10143695340652666
260766,tan20250926t074509c45s4001-D,4863,2.1892542667636294,0.6922728807218514,-0.9375934750941144,0.12568554704905158,-1.4215028069121374,-0.09998510515699163,-1.3200657793722863,-0.27512665226167354
121763,emi20220901t034318p03002-G,7198,-0.41422972002478875,0.27606581744874037,-1.094749928638964,-0.30777510705516153,-0.8834321520378613,-0.42187132358937945,-0.29345366840357917,-0.35838176799125115
248046,tan20250722t080219c07s4001-I,22682,0.7339252818019729,-0.20007107873074373,-1.1256593312775227,0.20784493700021014,-1.3684580699555415,0.2793147172517666,-0.778483440462323,0.16978117229243267
8638,GAO20200714t180642p0000-B,1591,0.5035376322050833,-0.18664352962760866,0.9082980424867506,-0.29275384086091655,0.7534414427306712,-0.17846213987233453,0.8562365303699511,-0.43092966415049444
13283,GAO20200726t162515p0000-A,10435,-0.2613110604305458,0.3665318488469482,0.0746546511114607,0.018467834036429744,0.11088764692391169,-0.05860549177437419,0.19215917994362253,-0.07433589454273117
88164,ang20170926t220655-A,7528,-0.21170521856013116,0.732302687551297,0.5951335750482312,0.48638924409496054,0.6369050854184622,-0.023219537661949043,1.1732466742915357,-0.36237858030384174
251688,tan20250731t191114c33s4001-B,50176,,,,,,,,
14509,GAO20200805t185350p0000-B,8621,-0.37726693777208037,0.37067753837066686,-0.30402514343196885,-0.38503291105307785,0.00819574457108028,-0.4323459805713355,0.020012872025160684,-0.16425917830310766
98081,ang20191023t154154-6,8233,-0.06918367849190978,0.05456983160210351,-0.15506797665559025,-0.2644567177888722,-0.11596780430142589,-0.23656999412481033,-0.08602610406654357,-0.35529340730060016
93863,ang20180919t204827-H,714,-0.14556884705378323,0.3585836585542955,0.10725656497021592,-0.9595299349494836,0.12258433447305078,-0.8629666300939989,0.3369822402475189,-0.5099305433418335
173211,emi20240628t060226p04010-C,48009,-2.108802584623513,0.6234554632690443,-1.8038486484567973,1.1659863707823708,-0.4795933947124599,0.8866470094216099,-1.7474182264674853,1.1300966922961493
112996,ang20221003t181100-A,3977,-0.9105475644747589,0.7547107690155924,1.502307303874808,0.6114309567141419,1.7389104216856444,0.32597316541440513,1.8394059389091761,0.5190792149444112
225100,tan20250313t143015c00s4001-A,42596,0.25521074709441577,0.9474471423567592,1.566644018304132,-2.848271059916023,1.5112631479241636,-2.036543470398549,0.8259143843829316,-1.405363461387644
107868,ang20220325t184019-B,1405,-0.13823366172636883,0.7438451302227104,0.011375908376453102,0.5235194186410849,0.03234018954562944,0.2941084124320525,-0.03171158175995851,0.6501575349505877
65518,GAO20240509t173540p0000-D,1899,0.2211558864337253,-0.07324171750071848,0.31746902019822637,-0.43846375344751604,0.28546570358418377,-0.45756639434374563,0.6695561611502235,-0.38734286977228305
73145,GAO20240514t165025p0000-M,5761,0.42299727916266433,0.3925342023526069,0.8430020063562639,-0.29109163630030516,0.5154611570199313,-0.3426823702803502,1.3940163379678023,0.020706447349367604
96955,ang20190928t190948-4,2620,1.1660149071752073,-0.18615613810957923,0.2574142035078879,0.3988981023386773,-0.0895697054409901,0.34601492061388256,1.2548651484225775,0.34222265536473
232084,tan20250427t060138c00s4001-A,11068,-0.024731372421369108,-0.34146852753855117,-0.11368839682424199,-0.24190310175581695,-0.11024621208806344,-0.19925425976341574,-0.257040681581393,-0.27639691612837464
190701,emi20241217t045523p03003-Q,28409,0.2603498136650224,-0.22852417992999813,-0.12251479039809604,0.1437996554901639,-0.17689850868060863,0.18858982093369214,0.532093472114106,-0.16015592753298566
6734,GAO20200714t153455p0000-B,6298,-0.6779424356580982,0.014705318905022259,-1.093341563026834,-0.5542773989590856,-0.8016614595544032,-0.5467585697986304,-0.9096373972672476,-0.8892583539605263
61335,GAO20230916t182405p0000-A,697,-1.1948252226733278,-6.240804912266084e-05,1.0644634521559262,-0.615063670646538,1.1948526565294015,-0.5137403066217021,1.3099065295851255,-0.6280875937617344
88876,ang20171005t203726-F,2133,-0.1835462644253145,0.07482107819210239,0.24172416943153938,-0.6384665895520611,0.3393688582018229,-0.6743857319566418,0.25767662226903665,0.041246740842968914
17068,GAO20201120t202216p0000-A,1339,-0.019916054762837032,-1.145281128157561,-0.31831463454909786,-0.38467683041882283,-0.20919630460834376,0.11954625069696133,1.2109208872398285,0.38519502046680754
234365,tan20250509t103356c00s4001-A,6943,0.7939073092215071,-0.2804181208333885,0.7002286930335652,1.6622208239465335,0.4576664336883444,1.5483641983000969,0.636119013465166,0.08096199269724723
114092,av320240427t185910-E,361,0.2404770344546072,-0.41618409484939867,-0.18345864392115904,1.0087106935630732,-0.20906130485065325,1.0021932100210356,0.1679891431182476,1.0910212918867228
139124,emi20230629t092044p06007-A,49567,-0.8680955063252709,3.0271962480400014,4.141648673100551,0.35416109386122463,2.9416583906179157,-0.09518883094544266,7.239047368147206,0.8468361428131104
15961,GAO20201114t180515p0000-1,4363,-0.9957608128889442,-0.37981786036203175,-0.9867468759345488,-0.5565650993031096,-0.45995306624830484,-0.2025583915288242,0.7249788451374188,-0.08618029650686349
92053,ang20171026t191727-A,1941,0.25039852655444206,0.5749059351601398,0.14938862511748174,0.5381403878256374,0.03701757326476251,-0.021700104025125042,-0.3458479739920125,-0.3979513173014854
99270,ang20191023t174017-D,6495,-0.2992044560488739,0.16420442723639722,0.6007137677278023,0.020983467400986187,0.5795577597180287,-0.011349005637375021,0.643991014757276,-0.13720577259329095
223456,tan20250302t165145c00s4001-K,27481,-0.27024288100424987,0.09656693251756852,0.19287508409976986,0.28286822944314927,0.19844476690086973,0.22850846497813296,0.33271044543004646,0.1924863249290682
250011,tan20250727t074928c08s4001-F,12900,0.06005605220089169,-0.5974044511223067,0.4838990702010722,-0.6728023017497107,0.4953387389194401,-0.5797066579679778,0.02362207994706337,-0.5578560981121826
113884,ang20230319t205435-C,883,-0.44073023056993993,-0.14702513865520345,0.2534261627794851,-0.47677062481962657,0.36235388110345623,-0.4983348508055399,0.45902209472432715,-0.04568512638570372
931,GAO20191020t174612p0000-A,3772,-0.009349755376122143,0.05889753116744406,-0.024075394370117062,0.2327297804921926,-0.03502843055099646,0.16767043251258015,-0.014605069192434367,0.09928463329732992
119440,av320250803t162318-O,1478,-5.207994754034389,0.2548774408364143,1.7728350791164773,-0.5525633877805728,3.0806373797423423,-0.48192830182513197,6.082691998695843,-0.4480773348635036
76190,GAO20240514t191350p0000-J,1590,1.9112528791925334,-0.36640994904938,6.186517140057013,0.026428503432389283,4.562434473992501,0.14050410716960135,7.660086893983539,-0.06551581314751433
220703,tan20250214t070933c00s4001-C,3489,0.4378308453592121,-0.34680928398087946,0.7906105374551856,-0.2619581067647938,0.6325388367229094,-0.13387841424598082,0.4764229458375067,-0.012284208655353214
62257,GAO20230925t175332p0000-A,9310,-0.936168037367106,0.27628828411205336,0.38893021445712556,0.045828895057768625,0.5122136846149199,-0.08534493674332708,0.20523696274046938,-0.016992708465613682
232094,tan20250427t060138c00s4001-A,5085,-0.11376313066390831,-0.7037404324159048,-0.11985392486010858,-0.4512495468243164,-0.10834309279626374,-0.38610697729377647,-0.48783722841197646,-0.518995741985105
72962,GAO20240514t164120p0000-V,5245,0.6371932315337506,-0.13777869845918295,0.31345594869640636,-0.6430472936164942,0.23600939879210053,-0.619498638507961,0.4115426839562269,-0.5460046283941841
78905,GAO20240611t203734p0000-G,5900,-0.2590695817213764,0.04583770712278038,0.013720446391417077,-0.01616281276131007,0.08082670435644686,-0.008474242876905194,0.21370615177198968,-0.02724020378381936
15000,GAO20200807t163414p0000-F,1628,0.10904191300233158,-0.8653163507523418,0.8028184640249495,-0.5120715940180239,0.6935897300159564,-0.28069826491419336,0.021343137973990775,0.11209331208925892
14221,GAO20200804t183914p0000-A,1789,-0.09137089070998554,0.9790845042838111,-0.23450040009495676,-0.9308703347842537,-0.11774653386952051,-0.9371984638948456,-0.22941524696904225,-0.7790274576530235
11841,GAO20200719t185315p0000-C,3467,-0.3071069412298661,-0.15999754404623626,0.49540304934807616,-0.28359626931758536,0.4710614571827418,-0.17438967744641526,0.6918524842282501,-0.3301655790686698
12400,GAO20200724t155931p0000-C,2332,-0.20575238337026813,-0.22798507797424222,-0.8379128146493404,0.7679362719827502,-0.5082432156573324,0.6725568569418856,-0.005726652649655715,0.8044468902326587
178436,emi20240812t213903p14030-B,9856,0.156499171493716,-0.45492775215083625,-0.02003760379379056,0.36383389155104445,-0.06665850749317244,0.3849813848751624,0.228204645347484,0.15786927804078557
107821,ang20220325t180940-B,1837,-0.2503485946043217,-0.6497741177165619,-0.10796228386346476,0.44115208715967125,-0.03289147185098544,0.5251060066529933,-0.1328137505102348,0.40022754053891146
260229,tan20250924t165142c41s4001-B,12997,-0.40288882057615655,0.22435815099218892,-0.02612683445535873,-0.3363355100267603,0.09721586371373764,-0.3134605355859514,0.10850233874727298,-0.2536587723857389
190606,emi20241217t045523p03003-Q,48999,0.6890990914367736,-0.20957091411649686,-0.5414825418090583,-1.8310855294255108,-0.6478792219572558,-0.9385229736644219,-0.6920982277352236,0.42958671373325713
236904,tan20250518t074002c00s4001-O,5972,-1.186948922416172,0.13680734674500364,1.0385606484578336,-0.060529411583790944,1.126633022016549,-0.09916401289690094,-0.6574215451707245,0.3987111590087137
89675,ang20171016t175348-C,3376,-0.3166560396391412,-0.2322768313121276,0.3762749394250963,-0.1341847306994836,0.39696137669244297,-0.05202618738659188,0.34066329866321016,0.3012986882445035
75640,GAO20240514t185646p0000-M,1927,0.6086670145667037,0.563684980796701,0.5691190308287345,-0.810097876999258,0.5008618087014185,-0.9479731817060965,0.6552649411692574,-0.43764229733368126
246252,tan20250713t105455c33s4001-A,18031,0.14045589708885486,-0.32367920971250586,0.2874085707861096,-0.19665556179925497,0.24506784501998286,-0.07212639840812926,0.41595804987895246,-0.27790138726157304
71070,GAO20240514t152310p0000-R,3665,-0.4321252471661759,-0.9809192401174809,2.020517203393593,0.3193378346436776,1.932820758180105,0.4692032448401212,3.068475533614441,0.026956480833023017
216366,tan20241227t174829c00s4001-R,5826,-0.281201438670249,0.10318725869063951,-0.6664067069823894,0.1975986652866907,-0.5021202162374168,0.1325847463664357,-0.2403984612145063,-0.19558340291964774
8641,GAO20200714t180642p0000-A,2276,0.2446809509452673,-0.008629236110775108,0.37341341786031484,0.30375940346555336,0.20786870398785526,0.28383880234384373,0.39947243833542917,0.6674091519211763
16308,GAO20201115t183718p0000-A,15008,-0.21635026415775993,0.03617937088940824,0.6369010507169287,-0.596441579357508,0.6001721557161667,-0.5480679128748926,0.659468366518725,-0.16211993660245222
72895,GAO20240514t164120p0000-N,3900,0.10214992625843725,0.4508142781902982,0.9447394836648552,0.5018998369647125,0.8172735553048829,0.41553375261332837,0.906546461311138,0.4333862860882132
13202,GAO20200726t171834p0000-A,3862,-0.414989640828147,-0.5179036971941016,0.7535099628685635,-0.08941285040370935,0.661825117929239,0.32995738764068566,0.4371891670245121,0.06052310426198232
223334,tan20250302t165145c00s4001-F,14018,-0.43503240892147516,0.03804647303042771,-0.32598067719820106,-0.14434710272010212,-0.26013684787852126,-0.1310259744066995,-0.004603446579719355,0.11054087630344459
92252,ang20171026t202024-B,1796,1.109377195605736,-0.22043869265043659,1.1420579807416864,-0.13522546650595504,1.0227091769975847,0.04385552732414283,0.30399489091034154,-0.04965639435325315
100313,ang20191025t171141-A,3244,-0.018315674158472253,-0.7107392138644418,0.15154728509837376,0.5621315181276797,0.12342236308737924,0.6318546545782059,0.2037620687941911,1.0781005962844985
261598,tan20251002t174522c17s4001-B,6319,-0.2928646601627807,0.08225073843283029,0.4938454432716703,-0.40499423390791245,0.46050295030376026,-0.34206272503464746,0.5508687185338866,-0.3072917553901636
211495,tan20241024t111744c00s4001-B,9652,-0.9787164599125405,0.7774309265362271,2.5217807006643316,-0.24688651733523034,2.3569276634697762,-0.3787614078190776,1.899225143659097,-0.16237039760236924
261774,tan20251003t184027c47s4001-AE,9835,0.2764671409980156,-0.1300875372293885,-0.2554557024110951,0.3794562756186763,-0.25754328727747894,0.3615635599887494,-0.30094660237864296,0.3847486344352799
121654,emi20220901t034318p03002-A,6526,-0.0453776943702058,-0.29358612948103996,-0.18638058657345766,-0.1276912176450954,-0.1222094795057905,0.0065135005044839635,0.5162957817374282,-0.2859447797366793
103816,ang20200804t195831-2,5544,-0.4908178610879948,0.2967301028635148,0.7777120769893748,-0.3792049312685727,0.7384661800027552,-0.370840588723273,0.6789131672793653,-0.3665464269276398
214125,tan20241215t032253c00s4001-C,20827,0.38746138575502054,-0.02831888752766471,0.3472202100162456,0.06474319673251584,0.2678576769016832,0.07745747818342465,0.7386116429580383,-0.019762874748303273
91237,ang20171016t203726-A,2381,-0.0037961863264949457,-0.6174349125228215,-0.1151008478504967,0.4363080193450373,-0.10308559177077362,0.5069568508163894,-0.16171404922705448,0.7246054405674033
238965,tan20250530t182140c48s4001-B,43279,0.5392977856370008,-1.4580546667396448,0.5956653562145615,-0.09000374936660437,0.5374996388202857,0.4030987094792095,-0.32023351658698007,-0.8715964533479901
96833,ang20190928t185111-D,5250,0.5105004988087547,0.578809929460811,-0.2400242084049906,0.09024750510492024,-0.299559102597386,-0.03451440677785085,-0.08902474519358754,-0.0059100360989029046
225382,tan20250316t055655c00s4001-C,32749,-0.0622238339529726,-0.19849867392622328,-0.30666551345671583,0.1358389894899281,-0.25968223319262684,0.15568503766746453,-0.41224340038133905,0.2065761621719408
108775,ang20220501t175021-B,1760,-0.4147957571594862,0.004613066105119939,0.2970036609622168,0.5564786156347709,0.34416788392585024,0.5489429159951346,0.08921576635192986,0.21468873624253457
221792,tan20250219t052440c00s4001-L,14433,-0.4976975389854209,0.2245207860810643,0.34436331232725953,-0.33424266088808224,0.38957885568974293,-0.36146279945883275,0.24605698828765887,-0.23488294082948888
91251,ang20171016t211444-A,2162,0.14711234652602093,0.5257479644944182,0.41465440363221656,-0.1671681918782704,0.2579409942873759,-0.27915561381981235,-0.42343703664919113,-0.5052129234954448
148697,emi20231009t060956p04031-F,19077,0.11309807429947714,0.8431744260294286,-1.145193694603743,0.4883570189752571,-1.0965360127950055,0.27374546907567165,-1.0196561777242865,0.34421167021631965
182023,emi20240904t144442p09002-A,38203,0.27515715843761196,-0.4522097853040666,-0.6586371207921,1.0772147760953983,-0.5438548369455573,1.139415538056902,-0.3936065621727789,1.3150255038555136
261701,tan20251001t182655c71s4001-B,26100,-0.03209056556957205,-0.08722385383673636,1.1800351200770656,-1.2257407391652533,1.284139466240333,-1.0864944247031627,2.2695846330684355,-0.8471625045393127
261333,tan20250927t070138c23s4001-E,10060,-0.7476995459881041,-0.8207112870979886,0.4462675423596279,-0.6921598426265109,0.9771253371283678,-0.3616038595402524,0.7026022648518733,-0.27523173285150854
17933,GAO20210507t173628p0000-1,1886,0.18351173641153717,0.5313692965774807,0.45627687181759263,0.6035308345016851,0.24854805615182132,0.588698359932076,0.08092553247897158,-0.19288885448911183
559,GAO20191020t165717p0000-E,2889,-0.9628006294089975,-0.1957119043681709,1.3458861544437426,-0.12202227411682194,1.587761032703764,-0.07587711911156568,1.3721731138752091,-0.22621041838090766
77530,GAO20240611t194634p0000-A,15083,-0.1891500811111362,0.3235203830280796,-0.11962899430805017,0.25163725695834444,-0.07045463550993934,0.12641746205822024,-0.1371813647924823,0.1414260801446823
110818,ang20220614t174910-B,3213,-0.5914071630319512,0.38209927042959246,0.2604118873886357,-0.35975570724899086,0.33445204396467443,-0.49378012687232875,0.171181663676354,-0.3915510617197681
207367,emi20250613t205432p13032-B,27392,1.2067520444849549,-0.9895805622345304,-0.5884411376536457,0.49484196308910033,-0.8666235756671128,0.717775954889476,0.8934292385159521,0.01629378471096818
110555,ang20220610t194646-A,7806,0.36306228144940156,-0.40885986823440196,-0.38361670444851276,0.5058120385337836,-0.3909054028294405,0.534085643078659,-0.4842462037039992,0.6509950496602642
96094,ang20181001t175246-B,762,1.7389402797538809,0.09393646315181707,1.0871597801369723,-0.21383600330891342,-0.4205255361539099,-0.21512870298804856,1.8631597493066383,-0.11780174401094176
212459,tan20241111t103920c00s4001-H,15324,-0.0439041191119567,0.23496183021602093,0.3356253659264891,0.40270003105572144,0.2500349342351806,0.23258327220786876,-0.020647057038036477,0.6772696866350576
98207,ang20191023t155808-4,10070,-0.16183517782514234,-0.1457938791367179,0.8433892559459234,-0.09202958169845321,0.6606281405676463,-0.06888340960936806,1.6819508586199046,-0.24887412743509107
240913,tan20250610t075544c12s4001-AV,6660,0.9132317343179415,0.19513982971149446,-0.158924629416227,-0.30475409491219047,-0.4783815039790042,-0.4470790838593355,0.010952989575536906,-0.18029468846987878
545,GAO20191020t165717p0000-F,2826,-0.32953982922966124,-0.714182272063726,1.7845992692103263,0.22013462448711257,1.571556130706569,0.3352801952351348,3.013457305386902,-0.036788055904437796
7913,GAO20200714t165733p0000-E,3772,0.0902768617805662,0.17523346653566035,-0.20415501912440281,-0.21076208483752337,-0.19756449118314082,-0.244683542342151,0.9993202401513921,-0.3026371248242673
65484,GAO20240509t173540p0000-C,1080,0.4377782305544385,-0.89919272005037,-0.06577255158563029,-0.2172314381691301,-0.16139690437261558,-0.05369173601018119,0.9578409075980511,-0.3565650929688724
119656,av320250803t174418-B,7463,-1.253695046949029,0.4394573452410948,0.5117795431048726,-0.14702917072623903,0.9938298256852969,-0.3326497514373752,1.4188654139144214,-0.3667301018440264
6565,GAO20200714t152158p0000-E,4200,-0.7623510796977903,-0.13606517199364307,-0.4046486290748372,0.03946329751318532,-0.231588820704255,0.08071804911773985,-0.38229004517302745,-0.07982033218276068
109248,ang20220514t190736-A,3142,0.04465752725318763,0.8021757175080934,0.10488211843585689,-0.11303795492215961,0.07239611697331409,-0.5574144815458301,0.07262070832348289,-0.21881731514831587
78009,GAO20240611t195436p0000-B,16507,-0.45353183666778757,-0.20065189557017862,0.05637178384741096,0.6694634636375039,0.1888704770413796,0.5907182286202718,0.2967203789021221,0.5163800917444931
240126,tan20250608t105140c59s4001-E,21360,-0.9628501470780906,0.1498399366045299,-1.1744580679500631,0.025864481919457245,-0.493140024718908,-0.06658789856834492,-1.3708418543083114,-0.05398859675123436
234128,tan20250507t134035c00s4001-B,40722,-0.5363884679444232,0.9656380699787974,-0.06774506643012006,-0.7569693838353674,0.09183500170982274,-0.8189807910292736,0.4683089806271002,-0.8996701745700585
235640,tan20250518t074002c00s4001-AC,9218,-0.14070848240750794,-0.525475681079146,0.3026112152647021,0.37510169534877114,0.31766038681911773,0.4002972061839728,0.5227947629004397,0.5819880043342858
238225,tan20250521t180850c76s4001-M,14391,0.42491194941741606,-0.12732878784576124,0.8332328030051606,-0.5977225071251203,0.6457661522054562,-0.5075173879587261,0.8744585325542615,-0.5033101807657528
227085,tan20250330t072702c00s4001-D,13440,0.057124781901333355,-0.37050785505995143,1.9106677531298235,-0.5845896609993152,2.2912693512187436,-0.6077763524282602,-1.0285461948951564,0.5797226871045658
75869,GAO20240514t190451p0000-N,2355,0.6129441432693393,-0.9349662966260888,0.1704872474470521,-0.36370463118177554,0.10639613484890241,-0.25894427336634857,0.45287841489474767,-0.4674658894578782
236268,tan20250518t074002c00s4001-M,11396,0.05683884137263684,-0.23513379980061486,0.27914024175906044,-0.06603333303004927,0.24122884333170008,0.03813468715616614,0.07611722532939828,0.09147960474543834
258973,tan20250916t080902c00s4001-R,4025,-0.24809952239431357,-1.1867998274962284,-2.395477841537286,0.434583271789295,-2.242118565203337,0.5680217919843018,-1.8197286682604994,0.27719303151142966
71440,GAO20240514t153940p0000-D,9962,-0.05348245553102961,-0.38667005111095726,-0.104162685651755,-0.5742274583301356,-0.09861969927669928,-0.5464074497249884,-0.2654802081257831,-0.48909524906649493
11962,GAO20200724t151846p0000-B,1970,0.30516090793895817,0.09583365428996259,0.44210510199230074,-0.6827024214412923,0.3438317883056245,-0.592752112794277,0.5961616962229833,-0.5627875674163582
115809,av320241014t212018-C,12855,-0.6741285783662603,-0.037960966032641416,0.07323609369382861,-0.03229103978116248,0.28051543743445767,-0.03320610649986524,0.5519347312809222,-0.05826911350735912
261867,tan20251002t051903c01s4001-C,17105,-0.22768949836380165,0.2387666429477429,0.04980677710868224,-0.5269394565266328,0.07768646609707618,-0.5121951148583567,0.4236183297506625,-0.5024619588227422
162481,emi20240224t061016p04011-A,48794,-0.15817164587471455,1.0470128310581317,0.2905818984579326,-0.11290164191585149,0.25889182898284135,-0.377141330422804,0.20119257105557886,-0.7374680091290446
103730,ang20200804t194553-1,2908,-0.2757270396230793,-0.2476498151466818,0.9671739132210478,-0.40055194013577816,0.7820991785992613,-0.2511872399993782,0.5812146387773899,-0.3462075295277691
72783,GAO20240514t163230p0000-N,4409,0.348418497052009,1.0108581815493245,0.14404136976238222,0.5033096224876995,0.01946896842062111,0.45811117024806747,0.21336434278889985,0.7926717726105138
66906,GAO20240509t185655p0000-D,9501,-0.1359191028493544,-0.21973419409052128,-0.05820595399777053,0.3013047611421225,-0.030565851604729372,0.38135619363438356,-0.03990554167685902,0.3678690993889257
98410,ang20191023t164221-2,19386,-0.6281907751093843,0.2166785948120342,0.951550435444358,-0.003574434595750801,0.9299384928722189,-0.05826265572973837,1.019543116407776,-0.07194699955078786
1158,GAO20191020t185458p0000-A,1333,0.33918809043125975,0.5917827765342502,-0.3553861778986941,-0.2107865143658337,-0.3616374321509727,-0.3472117586581267,-0.3334877759036431,0.5106704636897642
236727,tan20250518t074002c00s4001-N,14288,0.4954153518986768,0.1673429198492001,-0.09265709223053713,0.4226961219355286,-0.2231765816267085,0.34722775411110723,1.2776627829781977,-0.16782314530470108
237000,tan20250518t074002c00s4001-V,27830,0.4187430325036528,-0.6927013601669842,-0.03811981821786838,0.19397904103504174,-0.14782936291268714,0.36118571145745937,-0.7905614777289127,0.5681097812430794
261338,tan20251001t182655c71s4001-H,5966,0.31812549074502816,0.7074301667048534,-0.005002424910681083,-0.3054943582902336,-0.08366763484272086,-0.4054291467762486,0.4130035640104443,-0.3236120618981164
172024,emi20240625t065021p05026-A,34449,0.5096370404967346,-0.2646651940043813,-0.8901369425350232,0.25816085258314186,-0.8795389525714739,0.27908133870380764,-0.9285201860523776,0.11825654148227326
3441,GAO20191023t170505p0000-L,3318,-0.31168223523772426,0.04517681001803825,0.16316931496128945,0.9912908128504195,0.23357306748279516,0.7579028953160376,-0.2642652696105678,0.8820256064421048
129190,emi20230422t073909p05040-A,14873,0.1582719099954604,0.41132125896363175,0.02819038512214546,0.1373838880464539,-0.02097956417798197,-0.012543162160241988,0.4899143093057879,0.009767745900883425
76660,GAO20240611t190949p0000-C,11226,-0.16886764197956655,0.14798821623436859,-0.27431221091693214,0.46611409111015606,-0.13289062733567686,0.35713055866927795,-0.07632627752575574,0.8415711435903869
64181,GAO20240420t182155p0000-D,456,3.4587097629471595,-0.4079533929812504,0.8297181354321538,0.14225271396687963,0.050557403166710736,0.24157058325073713,1.127915723968604,0.23816148556141817
214600,tan20241216t103507c00s4001-I,8937,1.144583197057595,-0.06712423624864979,-0.6929016023586811,-0.30665183047951566,-1.1379333010767878,-0.1678156707851334,0.14338944513157997,-0.5664004921274957
98744,ang20191023t164221-D,3483,0.4962658592632851,-0.5755977226801667,-0.4077143708766726,0.42765538777258577,-0.4654594966884892,0.4802507413453701,-0.3452842944724157,0.41569048354958876
2441,GAO20191023t153942p0000-B,3492,0.3689430211098095,0.33900241349924587,-0.386530060038698,-0.6619411132219848,-0.4096254520645213,-0.7225661192742813,-0.4372704013897814,-0.5955751867632705
113781,ang20230319t202238-A,6152,-0.14707560155545393,-0.11405954408502206,1.5542866068058157,0.07334163846425755,1.7493446039307206,0.08947062701788594,0.9974058645602127,-0.023305908251695772
243409,tan20250626t050758c86s4001-B,14472,0.07628939245051869,0.11549159401518698,-0.01574632149268696,0.49380722949190026,-0.09434973674380143,0.7657446907418691,0.17357416364572295,1.7255068518580536
90107,ang20171016t191057-D,672,-1.4913261140064162,0.6586756288278234,0.01910028123035026,-0.648120145938194,0.9480610533476359,-0.6407387926581354,0.521536176893725,-0.6249094097868092
190487,emi20241217t045523p03003-M,11387,0.6919643227892142,-0.09016695794285538,-0.26734804032488646,-0.3826307489150391,-0.421581888584922,-0.3254364801951313,-0.7041810242901977,-0.05593866680697494
243566,tan20250626t050758c86s4001-D,13517,-0.18533195004656242,0.09920176603347516,-0.18907462809301837,0.33316456011476236,0.0053152675954700485,0.08762808694121693,0.1606659144869287,-0.11665226638554813
218499,tan20250202t073029c00s4001-L,7390,0.5572595931970226,0.5413844867909721,0.4790313710430796,-0.019802520112124467,0.4060036916493438,-0.1488656040850636,0.5695180120741048,0.08837191392169029
93893,ang20180919t204827-H,758,-0.10996491570641904,0.8008204838365589,0.07238464445729482,-0.7887347527183837,0.08761181554251796,-0.8065159282588407,0.3061035564240383,-0.7290285405778716
183387,emi20240929t113148p08006-B,12002,-0.28257288933747615,0.03146776934088891,0.3163758757816444,0.11500264474692759,0.5096880334606801,0.08655255718475399,0.4731502749152552,0.33352473035729374
250664,tan20250729t111120c92s4001-G,6998,-0.14517799799322031,0.4209649767940887,0.39515715684837316,1.2971674792640373,0.4145599465367302,0.4689051604771506,1.9878766023498138,2.335865346916618
8647,GAO20200714t180642p0000-B,2511,0.19314997651114132,-0.34456314251030146,0.6924996645606599,0.21625285126631996,0.6272458288484903,0.27911871753385903,0.6777520384852216,-0.11101340877865551
258665,tan20250916t080902c00s4001-L,30969,0.119499547763156,-0.16601323115001848,-0.38424596355169766,0.3005141044176599,-0.34188900627744145,0.28485315694375685,-0.6140974744651824,0.43520314116260167
235070,tan20250513t062307c00s4001-C,17533,-0.3232236197288248,0.2597092916466974,-0.031614413980537076,-0.35353779989115636,0.12767037497402697,-0.3239193061406062,0.2979657027882028,-0.5064788651277402
108618,ang20220501t161733-B,925,-0.3267525756064021,0.3610899283739059,1.09602393903919,-1.098737160795942,0.9531573085043769,-1.0715292580964169,0.94449553760385,-0.7963260770889287
65133,GAO20240509t154925p0000-D,966,0.9790687846978222,0.01955094626350619,0.7068011660378457,0.042130175281950316,0.42107910083454975,0.009813997342000967,1.0343168444024438,-0.019606125257815726
13301,GAO20200726t171834p0000-A,4493,0.022066901295316722,-0.7304688544471455,0.2538660841382446,-0.21630404041398346,0.12440426808215851,0.42663127067936746,-0.07442250335958008,0.5306500534065951
14983,GAO20200807t163414p0000-D,3502,0.30978552486367705,-0.572196253259731,0.6643398786576264,-0.8449317827854599,0.6857567801850055,-0.7419639188528472,1.0847763144957534,-0.10483383147392294
240634,tan20250610t062706c12s4001-C,19794,0.4587810190187828,-0.32375751697469146,0.10245913662790446,0.1948044388958657,-0.12680706402805852,0.3641518123735583,-0.30604410099353385,0.271579817648461
89036,ang20171007t194340-A,492,-0.7521115662641314,-1.0022091537671125,-0.09788176404752015,0.2577424875901053,0.5180040266233661,0.8929019125867685,0.822655446091985,0.37857763079011264
112236,ang20220903t205134-B,6236,-1.0264529551163757,0.1626422886106734,1.2450198659820584,-0.13482283042357426,1.2861940685787705,-0.17580060212473647,1.1972828711018049,-0.11703511409157882
12231,GAO20200724t153228p0000-D,1046,0.30559505981335805,0.09229257215936643,-0.6119158246339619,-0.39165004191312697,-0.5638108767171452,-0.28257084995212867,-0.09748374594579423,-0.5182761867179124
240349,tan20250609t192940c02s4001-F,6525,0.40276228579717777,-0.44636260683252005,0.035793788934695606,-0.39636527365968094,-0.0828745938561303,-0.24776148465498263,-0.3735912856691297,-0.08441523203810825
71307,GAO20240514t153110p0000-J,4933,3.3174658597120072,-0.29352826860459924,2.6797894462025633,-0.6692756430333785,2.0906621148943128,-0.6735029847980779,3.4057193012406133,-0.5886361613779834
17093,GAO20201120t202216p0000-A,792,-0.5684546641063595,0.967561134595857,1.1746658122395812,-0.7079631706958333,1.0283138815135655,-0.8118823259360585,2.5006191945200187,-0.8279401745249063
78864,GAO20240611t203734p0000-C,3753,-0.16196185036898494,-0.3657843119835588,-0.8467431299713482,0.21603966821809453,-0.7684190039833102,0.28748598795215147,-0.9255777572065967,0.0848394668051448
261900,tan20251003t184027c47s4001-AA,12803,0.7653208333033347,-0.15406080290703833,0.07400876294469974,-0.2543230485837021,-0.06634668253756162,-0.19532420894256483,0.4679906563716729,-0.3415332546263735
214545,tan20241216t103507c00s4001-G,20234,0.06676762857445509,-0.2901614560373191,-0.3630907512214187,0.21487844516715737,-0.3374329160607545,0.31551048984822594,-0.6576614841512024,-0.18578586312321252
212879,tan20241111t103920c00s4001-O,1399,-0.9183177451395914,0.651061902099767,-0.6834758866801102,0.43244497997751175,-0.14732121199235668,0.1610215473119123,-0.6797851570249259,1.0878027985845642
214205,tan20241208t141441c00s4001-B,39205,-1.1935252643270904,0.5349559549043428,1.224581584272539,-0.1994605230474301,1.4701873505030805,-0.3436008175218308,2.084749318634168,-0.3654018679416444
15683,GAO20200807t182439p0000-A,1411,-0.8812497515784538,0.24229444920621943,1.2308555199107778,-0.2415327073622996,1.3689378563812842,-0.34284741401795105,1.1714239378330062,-0.8602422876002469
174209,emi20240722t112823p08022-B,17334,-0.10090288075668026,-0.30548510410616464,0.027031213934213094,-0.4387070265861858,0.0707828160497471,-0.40312224054889817,-0.3165125238842144,-0.35925160063120903
71671,GAO20240514t154756p0000-E,7451,1.1858911027284809,0.11881586327582311,1.0716865392775838,0.06089253064550952,0.9149941099942538,0.04996236624437871,1.9478681001889133,-0.03969389029610726
258955,tan20250916t080902c00s4001-Q,7616,-0.49448344280336576,-0.14652649313666502,-0.034248584220246875,0.03884594640598409,0.10327315752352266,0.07780642177632002,-0.2597275318295357,0.13665597524660286
252787,tan20250803t171011c58s4001-T,8023,-1.1269412844510582,0.15304836968274355,0.4574370077849586,-0.40635656303447293,0.655894873406556,-0.40397830178796224,0.8566989845979031,-0.4419771438220977
6863,GAO20200714t154912p0000-C,1730,-0.2920223679253725,0.25825816830511744,0.1265032555492639,-0.8699748165452462,0.1673050506877336,-0.800356686953605,0.5554646053341183,-0.8854982569872989
13097,GAO20200726t161438p0000-A,2896,-2.1339380587529835,-0.3977534248684947,1.7494500967055735,0.18234928485366184,2.2776962026395755,0.22908775014757585,2.2209980637770603,0.32255301328239344
96863,ang20190928t190948-1,12660,0.0396008165952035,-0.14426303813825553,0.09120881648379381,0.13796630634175217,0.07779742326045254,0.11987931955622833,0.2513942209245282,0.31787156851680703
84311,ang20160919t211311-A,1266,1.129894858774437,-0.21747047341687104,0.8018659230482282,0.05736600355156671,0.4048016796859542,0.2700588547455174,-0.619959684984801,0.42953060469994847
12778,GAO20200724t162634p0000-C,4560,-0.40467997774137027,-0.4912755074534892,0.183675409236921,-0.49101341860791636,0.22080935768639148,-0.45966866119741,0.2453650474123468,-0.42177760751627347
101108,ang20191025t193513-B,10821,0.1660554848069547,0.2210981832811255,0.4367062768577158,0.059268363407531374,0.40550485923103363,0.016762983198948752,0.5149556066182294,0.09790536425242453
118550,av320250803t154118-K,1527,0.271365377468345,-0.3163325955984692,0.057989121146444784,0.44807747837647144,-0.09825019362116995,0.5579881604336562,-0.0883686436667025,0.2695637569271353
74718,GAO20240514t181317p0000-M,2781,-2.4265887190152653,-0.21492011278276932,2.3723888157353263,0.0009885373028907607,2.8196422395517406,0.07429334346160132,2.4664388248668203,0.015769767405604904
191763,emi20250119t024216p01026-D,19810,-0.04955965864752672,0.5902361007761504,0.9220490544522781,-0.538837480313857,0.692027272905799,-0.5671160992574852,0.5034058276676954,-0.5903610533149914
81245,GAO20240611t224700p0000-C,2356,0.4701686060854829,0.237664654241909,-0.3673518581683152,-0.28143616403902366,-0.43404788304727,-0.3174695411895929,0.297694775997292,-0.370997910536092
248723,tan20250723t181736c51s4001-G,3895,0.2163625793548749,-0.12242244055738953,-0.682937567719159,-0.3495366362532953,-0.8632372681849739,-0.36879874271201496,-0.42288676518589435,-0.31315394501259497
216217,tan20241227t174829c00s4001-J,20640,0.13950701187585413,0.2081583547459634,0.1269958134568144,-0.1369386287615792,0.06980219576363995,-0.16834479937725172,0.3253605134450036,-0.06945455218962068
118813,av320250803t162318-AB,2283,-0.2447234548200994,-0.4482426345770554,0.2602286462668569,-0.7911112599789584,0.2648439425126008,-0.8001206599083301,0.41042274963273667,-0.5566927070455101
65015,GAO20240509t165055p0000-A,2494,0.5925121042365512,0.6935325995240642,0.6291049263375639,0.30978040272101115,0.5582205161730794,0.18388274555098388,1.080928473134384,0.10299449514539356
71890,GAO20240514t154756p0000-R,1394,0.291946087840683,-0.03965122872015976,0.6979277595671628,-0.1253827428181307,0.6656947939161447,-0.0948568299135927,0.5823930161344948,-0.2091195986792739
65674,GAO20240509t174630p0000-A,2618,0.7578050692265199,-0.7691424817684036,-1.012798614609088,-0.5191520031252471,-1.1849185253265873,-0.18963412215848846,0.21174313564539307,-0.44583784546483135
6399,GAO20200714t152158p0000-A,2145,0.3479533942289108,-0.07010821173856902,-0.7113004407659091,-0.21198853283939814,-0.6396113228774839,-0.19710008288638445,-0.5314625633686705,-0.1598615426956804
148754,emi20231009t060956p04031-F,28182,0.1445970057024337,0.39154160943154404,-1.074218782110109,-0.07113515704583466,-0.8484478704027855,-0.1571345823709943,-0.897032625976325,0.0722658757023248
90482,ang20171016t193422-A,1831,-0.34421398158861266,0.2889129076082411,0.5642132259423586,-0.4576758042406404,0.5930727562126151,-0.4414778604514668,0.8989686438632577,-0.4080960012551732
222578,tan20250225t170354c00s4001-F,26295,-1.717442038906094,0.5174056902570243,1.2068712184973422,-0.1854270855239105,1.879401196375439,-0.3418854997672347,3.602664124191735,-0.4027723712118054
241039,tan20250610t075544c12s4001-AR,8068,0.15888064620950143,0.1534652897005217,-0.32733345641078354,-0.6988723479852904,-0.3945867607946044,-0.6327504783675043,-0.0483855316630578,-0.8034091591817075
118197,av320250803t151829-O,2650,-1.1106997046575433,0.3794758085913815,-0.6872774148064507,-0.48373348432088786,0.03727907772034671,-0.45979047978170484,0.34472114526119135,-0.4323981377209742
222084,tan20250219t052440c00s4001-I,7150,-0.6619009791395184,0.4574536552021582,0.48890229615866565,-0.16212496846458666,0.6233979555954272,-0.27548088702952517,0.4660556383232048,-0.2317246963704481
90795,ang20171016t194751-A,156,-0.09174504624157127,-0.36638526738317095,0.10148716799133695,-1.4611820513269163,0.0940203040088,-1.4221621773547373,-0.5568800628278436,0.08236615122137816
14269,GAO20200804t183307p0000-A,2000,-1.7324693388536498,0.8608022185063874,0.8051889019050803,-0.5159583262537807,1.5423764257129076,-0.7734109405201766,2.1313922611284317,-0.9637876159123967
75101,GAO20240514t183045p0000-E,3364,0.339442374384799,0.49753166893861067,3.180775034500568,0.7806221131997924,2.820389744311244,0.6255461755601753,3.141365240994252,0.6916464687613866
245032,tan20250705t034730c87s4001-H,12193,-0.6944851881395653,-0.3475011068036709,-0.4357099905249722,0.5435526585064794,-0.011980716830769261,0.5830514848888295,0.2663186077120071,0.605837900048867
260718,tan20250927t070138c23s4001-B,8846,-1.3771828014308565,-0.13637184989615772,-1.0311908830042642,0.4151169843779326,-0.14932783273083378,0.4651542282766964,0.18289423776891503,0.18608862669778192
230526,tan20250424t080257c00s4001-B,25330,-0.6411033898557744,0.14605540322066163,-0.3154799296309657,0.11930502049114297,-0.14344884982855013,0.07727582483924744,0.15795247381191682,-0.020554386222098826
235589,tan20250518t074002c00s4001-AC,11755,-0.20421433115990947,-0.38702723913286596,0.2729100408999942,0.2959300344215902,0.3012869291879634,0.3178275409140505,0.42796249876140013,0.45181335313605225
98812,ang20191023t165811-C,5514,0.17544699907519615,0.05590133829291022,0.5677964902680044,0.23405589872109586,0.5022836853054743,0.21132785890391248,0.33908791757634427,0.4295080885853561
223482,tan20250302t165145c00s4001-K,43665,-0.40797140537121696,-0.5659447779598726,0.22635842168874942,-0.5815328305041855,0.22349132794551488,-0.47156966371524994,0.3353790392858871,-0.40688339937732654
116014,av320241104t174913-A,2741,0.07225947892255918,0.17984217844651534,-0.8956707318660514,0.03542530433419597,-0.8566310238263483,-0.09833391793746336,0.44313170924835416,-0.29814262151272924
72890,GAO20240514t163230p0000-T,1724,0.15866927281645893,0.550094307632876,0.3392124183174721,-0.9473218069633921,0.3776584265253824,-0.9622717875970461,0.3116180655964013,-0.6606651643843725
72585,GAO20240514t162306p0000-T,7958,0.474303607634021,-0.10638704282358287,0.09994160207629345,0.1999332838307875,0.007075110059893632,0.1852229797841391,0.6204567017529821,-0.135727849851647
200529,emi20250524t095605p07022-D,22509,-0.010173832094479954,-0.27701552487428316,-1.2596499905831156,0.5065570431671652,-1.0025068824043128,0.5225844735490269,0.06027667560646955,1.1851806563222531
229412,tan20250419t033623c00s4001-L,13935,-1.085578146334389,0.2887733126436913,1.0844888206203338,0.27716538172866767,1.4302735967653522,0.13201504320029797,2.1132033943717814,0.2635068590483697
258472,tan20250916t080902c00s4001-D,21115,0.12936099339663854,-0.4523540948969116,0.37141821032382033,0.8600702002906361,0.35932554162538877,0.8928162923097624,0.18954250049461915,0.8781097342499983
17872,GAO20210507t173628p0000-1,1863,0.23647021454259678,0.531638255201443,0.2746591035468467,0.5025761469467602,0.09069601838243838,0.3842201489629772,-0.08318113797290094,0.32287190846778435
261909,tan20251003t184027c47s4001-AB,31940,0.6915340052715928,-0.5241188282551235,0.397560981991791,-0.0781358057320931,0.20338477541989106,0.11659437750222339,0.4005223711886872,-0.04384134164605071
218651,tan20250203t034534c00s4001-C,18850,0.024158710246483826,-0.7134265638808048,-0.052845196483169515,-0.27062074010877313,-0.06361391375009272,-0.20206458937080002,-0.29171930101465227,-0.1794702440944251
334,GAO20191020t165717p0000-C,1699,-0.06782453906391453,-0.2120581512283259,0.13269806244301366,-0.9066308120630852,0.10880963968708744,-0.656400826149323,-0.10739975846893746,-0.8529043704332395
90035,ang20171016t191057-A,1705,0.23356535544967907,0.27267153623166446,0.43741660282033956,-0.17911526672061429,0.254242254424276,-0.30107988904228283,-0.21959077136305594,-0.2999867138254941
98690,ang20191023t164221-C,1226,0.12771351720482574,0.5112142949977975,-0.21880933733695013,-0.5668807740578954,-0.22080271672606366,-0.5562178758186662,0.24530203335606013,-0.5101864197287546
5129,GAO20191026t155411p0000-A,4804,0.04287978707716275,-0.009912458957800893,2.621901515398026,1.0338079820120145,2.2556621809103143,0.8996892613566649,3.179923726453727,1.2672997258331078
244888,tan20250705t034730c87s4001-B,21407,-2.5593415923009326,0.4593495536105483,0.4575143237514446,-0.5321992169199715,1.2440253609390801,-0.5593941606995313,1.1901128621495123,-0.5768694285936357
210511,tan20241009t161214c00s4001-B,20422,-0.16709021635850188,0.3714832186356441,-0.5552126370265222,-0.004620559599459592,-0.2999999879391199,-0.19318977509672788,0.2854054923911137,-0.3112543190403925
234203,tan20250507t134035c00s4001-D,31339,-0.3064172242049029,0.4094736919833717,0.004234404674437797,-0.4338412367449993,0.08194656571360025,-0.48857308531152127,0.17511710766841362,-0.6736937906877617
227742,tan20250410t143041c00s4001-B,7189,-0.07325476458320754,-0.23436072282616305,0.186538764384397,-0.3110006620409537,0.23606911610220543,-0.3186584876554808,0.3008279449593343,-0.39603185058916845
240575,tan20250610t062706c12s4001-C,14674,-0.17960493428024019,-0.6643274689674675,0.020173212933337768,0.006618023534172058,0.1562441550959023,0.4603209727524599,0.0055130232751992685,0.4953860557693624
154531,emi20231124t142642p09049-D,25360,-0.10123732186880345,1.3272180471358275,-0.17481694263145633,-1.2146436677598353,-0.059283399513562055,-1.2660969867786696,0.0070243242156886555,-1.0511553381261383
92114,ang20171026t193010-A,2223,0.1456500529393567,0.6753489565204646,-0.10678523563224557,0.7018872243115927,-0.16683918853154142,0.06120730716501038,-0.38228033715934356,-0.2737695285320314
225710,tan20250313t171956c00s4001-G,8004,-0.28839987951155815,0.4685647577947166,0.1687819535723236,0.14359786840300548,0.28416876837998334,0.010409202267167525,0.46198125685537245,-0.35805484625857836
192961,emi20250128t063810p05012-B,27821,-0.2877152079179584,-0.28841217480508674,0.3991140526691576,-0.1869594936675143,0.5074374152843997,-0.10962948985303289,0.8342494971695295,0.05462645707305298
92740,ang20171026t210059-C,960,0.19830071796223542,0.5989121372933757,0.9145305909073831,-0.4085588399024069,0.7543626042152916,-0.6932461772376555,0.8384563384572035,-0.6067359516236835
65996,GAO20240509t183050p0000-A,2546,-0.3917043735483838,-0.39274992951292814,0.25094395663867586,0.2691556620124877,0.370759666885613,0.3295124781737003,0.33458897519025943,-0.2923091149889811
78698,GAO20240611t202024p0000-G,14223,-1.2634689159906383,0.3378320311412878,0.14969570156791417,-0.26545690835153085,0.3823289568958824,-0.30003761861702205,0.6100659913525174,-0.2850887438979461
104136,ang20200804t203247-2,1346,-1.3921497346228084,-0.10293924229857113,-1.3761898366648597,-1.0707472998171563,-0.6869429389698031,-0.49348334002358085,-0.7606480605196028,-0.22599838969151909
4446,GAO20191023t184042p0000-A,17548,-0.12245561183558203,0.4161979677120263,0.3416757201960046,-0.4465499071643491,0.30308272628200816,-0.45797334831249215,0.19788974264561301,-0.37347519547099955
225158,tan20250313t075712c00s4001-G,10509,0.082879157424755,0.4453465541414244,0.08838957787815858,-0.29380328248074533,0.051695697568467494,-0.34255584865375144,-0.09333321044436386,-0.2519460001968658
229936,tan20250422t092022c00s4001-A,25818,0.12373397023286932,0.6275802381789872,-1.2332689577285043,0.030455171971981464,-0.8220218849952815,-0.23141026067534615,0.8581996551226074,-0.21357395832557163
62927,GAO20230925t194416p0000-B,1249,-2.5470557419783386,0.7665842649178183,2.160279552922245,0.1747755592613993,2.511348103373094,0.020173716820335447,3.1520897324739,-0.2822869398447741
121971,emi20220901t034318p03002-J,22473,0.029376313972355697,-0.42944013005287995,-0.5011535117119718,0.42619117211342245,-0.5156795895779568,0.5029191144198399,-0.11872298575532857,0.5520072021234175
71836,GAO20240514t154756p0000-F,2092,0.49753695644027884,-0.19059921256428472,0.676843981413559,0.027158135671959363,0.5688504988001135,0.09315138899041195,1.9935188875617114,-0.07300417472241703
104597,ang20200903t193738-A,2403,-0.24042149423327308,-0.24817023948625977,0.28003973007267746,1.0296948116567612,0.32362422143742436,0.8898178325286624,0.42537793435365767,0.5455855360139777
99884,ang20191023t185210-C,11173,-0.2832966156344903,-0.13000508910482303,0.4821958804699821,0.3362708769925327,0.45961873543638365,0.313876524794501,0.5010415642130923,0.28530017542335295
13600,GAO20200728t193124p0000-A,1220,-0.576655353017703,-0.38752392857484935,1.1057941911324014,-0.5704043562906014,1.1686582609834666,-0.44316714784286637,1.0655048945942727,-0.17802217802135112
9187,GAO20200714t181922p0000-D,2019,0.9244498058147642,-0.4846142360879374,-0.3290148447953022,0.11103900802467208,-0.4193404350549509,0.21575019568850975,-0.5693151306353554,0.01724621217212712
7,GAO20191020t153619p0000-B,4319,-0.3414144696583603,-1.465714623992581,0.2683972555705339,1.2786903467417747,0.24490304570665195,1.4015921330464,0.21176978094581306,1.4278996200703085
74822,GAO20240514t182155p0000-B,3028,0.4139454476283849,0.06759636007417576,1.1252274564056426,-0.752324083854391,1.0675637028926215,-0.7652123624450972,1.197058875832518,-0.5802337378889811
118291,av320250802t161342-A,2883,-0.6962822828349514,0.5114869756943252,0.5293403883194071,-0.3116928447510519,0.6397175391345754,-0.46845572208535374,0.8808151957584599,-0.5488621219961627
80872,GAO20240611t222106p0000-D,17023,-0.27124450797509536,0.12375514590337028,0.23201709670370357,0.33603743258247665,0.26460081253268547,0.23901859546566168,0.5164927557541781,0.21641742140428122
220753,tan20250214t070933c00s4001-D,34221,0.33844794223848773,0.5275609084043166,-0.2602457873852293,-0.5738440906084326,-0.30254065985142403,-0.6415124654343758,-0.19340632613008876,-0.7959021095042457
75664,GAO20240514t185646p0000-M,2072,0.5721168494950462,-0.562257244241449,0.4594742483679317,0.3231082293024835,0.3759953945140856,0.4032924253989823,0.4893762924866243,0.21502351214183502
258511,tan20250916t080902c00s4001-E,15289,-0.253195450555319,-0.21637647478157734,0.18813756300835863,0.11284601574984938,0.2904020224943457,0.24030385195895873,0.5515717247476102,-0.04938410744561179
216145,tan20241227t174829c00s4001-I,13451,0.4318918538226887,-0.1699129854321204,-0.09902734664775396,0.2180793913338208,-0.1460792557752212,0.22952252281158972,0.09076610835154661,-0.12946283010031326
244991,tan20250704t055553c55s4001-D,25893,-0.49406130271073784,0.037282188192552405,0.11659563050892142,0.11111898927042123,0.5040565962682253,0.029042684496637883,0.6194502606838976,0.08560903968191473
200546,emi20250524t095605p07022-D,31384,0.16075708215225937,0.21545022432544944,-1.182933535026289,-0.26178034882940654,-1.1497149599976202,-0.28941013946238187,-0.15390843807898152,0.296052277838004
98200,ang20191023t161300-4,25096,-1.5162263406709486,0.5487951317370637,2.0620057895393042,-0.6122399048811202,1.9917442975573167,-0.5950219242430101,2.2516069055183245,-0.5155259700804252
239137,tan20250530t182140c48s4001-F,13017,-0.948108472523425,-0.7043377366387304,0.12316493508978604,0.7259875291735398,0.3300699294404363,0.7566879438978605,0.6546429350053947,0.6159913507846122
933,GAO20191020t182037p0000-B,1681,0.11243458638113532,0.27767608468746413,0.4589117951826037,-0.3035304047631177,0.42203427450502734,-0.2721217516516061,0.3534998125640263,-0.2817160384177623
240033,tan20250608t105140c59s4001-B,3144,-0.6180947461962885,0.06538276946179179,-2.2970872192317797,-0.5839693999260807,-0.8732738547613084,-0.561512894048391,-1.0198847043385582,-0.516582114930865
231071,tan20250425t054639c00s4001-G,24122,-0.8474018030605461,0.06961726699720519,0.06691419915442619,-0.006719577706738482,0.18203634529763107,-0.030627646099305114,0.19631976822583214,0.09515558257303833
12482,GAO20200724t155931p0000-D,810,-0.6746589664733865,-0.30562158619933966,-0.1194762229306002,-0.09131272794487517,0.06205795293967282,0.0373079328210711,0.8695144421111496,-0.1846646368579812
113774,ang20230319t194618-A,6146,-0.3347901999948932,-0.30076282313912606,0.1194084541637083,-0.09372822034860909,0.18555296389991646,-0.0590899561327033,0.0103138618856993,-0.03472782007265065
119432,av320250803t162318-M,1658,-1.5692730877761671,-0.04039699325318654,1.1882867095304137,-0.591993575467539,1.3904794429580223,-0.49338976184405575,1.4033357937006332,-0.34806275620880456
15926,GAO20200807t185425p0000-A,1111,0.6701504783274977,1.1378316397063206,1.4825056051430983,-0.8366794057586971,1.3259438948385516,-0.9933720752895663,1.5108762511077656,-0.6157954553581637
2355,GAO20191023t153942p0000-B,4567,0.40123739073429704,0.4584806939296769,-0.4965592844890245,-0.6517810223689603,-0.5264784888201482,-0.6830894898578743,-0.5413227310066714,-0.5849755379942234
239093,tan20250530t182140c48s4001-F,15737,-0.7611074015251674,0.38970012653087077,0.3957276504592619,-0.37322206428349697,0.46508137059613236,-0.38983500263818316,0.4501050273750876,-0.4207339524766836
65482,GAO20240509t173540p0000-C,1603,0.20100980142444203,-0.24840085888656582,0.9303796765923501,-0.27226008715433536,0.8389837920810554,-0.23074275916275175,1.630622775225095,-0.2938349204820277
72424,GAO20240514t161405p0000-CG,1675,-0.38955962261916804,-0.34100913510326714,1.6862191581583597,-0.6234021208975737,1.6245355502625893,-0.5907437529980774,1.5902390943182605,-0.5248151410176787
74897,GAO20240514t182155p0000-G,5345,-0.0769877687362976,0.020984839924014773,0.07401591544180908,0.041618686710646544,0.0802024810394982,0.038148680057084015,-0.012569004715736557,0.027932962518284598
103991,ang20200804t201219-A,984,1.155364222203624,-0.36322981559592077,0.014751292867698112,-0.022245169419533712,-0.3682662964763809,0.06705808518163973,-0.9075737102057606,0.11122420375550034
116460,av320250110t195941-B,7564,-0.5231612488965389,0.19789651994514576,0.5154513314381891,-0.6423656809141703,0.5676145353345562,-0.5794055998920883,0.4742077483910357,-0.09185741365324251
120447,av320250803t190544-B,1687,-2.8884506407132515,-0.06486826857364215,2.1375262137466873,-0.6321191232725158,2.878839857004012,-0.8642209191828877,3.0331561309698256,-0.5726009069984592
116299,av320250110t193957-C,1669,-0.4833695682029317,-0.38073646349964424,-0.2473984351047694,0.10498746054563539,-0.05586926495910817,0.28133185331681815,0.09852700563735481,0.445554917735311
76500,GAO20240611t190030p0000-D,10855,-0.22119239495813056,0.6133806892537041,0.14628036808800968,-0.476518066823161,0.19065392753436575,-0.5387304657644478,0.07576851110599934,-0.5664384870777947
243746,tan20250624t093350c56s4001-G,7894,0.020807331202748393,0.04716233911375793,-0.002752665118247047,0.007604700272024087,-0.01305602359116175,-0.020267973343952018,-0.12872951725769471,-0.11141376557409545
79757,GAO20240611t211739p0000-B,13874,-0.22754868356902452,0.10890403964786699,0.0068385258223186566,-0.2541008184728652,0.017117132072309527,-0.2375630785577804,-0.1421653551225945,-0.19954709223040287
109133,ang20220501t190051-A,1497,-2.038392181530814,0.8954624584408278,0.5229595317383139,-0.1663486653914984,0.8925262543919917,-0.315906258156192,2.6545813842225354,-0.5153082955933461
92921,ang20171026t215947-A,1725,-0.2724713480904477,-0.014174714219306958,0.4214015728143929,-0.15710201996418283,0.4393948287395111,-0.14161722641672223,0.9080702541835476,-0.0441081272449246
116528,av320250110t200933-C,5886,-0.14658029544344287,0.10813353891089743,0.7885565592694328,0.16805133276470255,0.7220838331148445,0.10365267652115928,0.7901709288542282,0.04024814416244773
110336,ang20220604t155809-B,21358,-0.06811544688516143,0.7828478265999995,0.09201533810666304,-0.20214270405878973,0.12117286955509805,-0.5220491711574731,0.06713334343336008,-0.5368395936274931
16467,GAO20201115t195429p0000-2,7204,-0.6838721916419385,-0.06168775003821593,-0.38976793059176923,0.11377877140346485,-0.12322303558855735,0.1591511120757894,-0.28028504318511,0.21706320665889658
71572,GAO20240514t153940p0000-I,8031,0.19827740638981062,0.15312211459474034,0.20125852547486656,0.11410675614603508,0.1430535519206146,0.09147845900411453,0.1309488756056129,0.31916340191585224
171983,emi20240625t064958p05024-A,33971,-0.64500795963507,0.11790497746363797,0.34067929111786016,-0.025046033532609487,0.6260899341245006,-0.06354956209947286,0.31996037475747846,-0.02358534864437267
229198,tan20250419t033623c00s4001-I,19804,-0.14206517758643705,0.042450211484982736,1.2508256688381463,-0.45316077747112654,1.1540384036359808,-0.4220266622915,1.7711661312950238,-0.4015095526604539
16794,GAO20201120t183914p0000-A,11838,0.3936494710717751,-0.3586602553729,0.638827279878419,0.08860903233216669,0.5859001867701876,0.2065670077429452,0.7078801770980295,-0.17833647775120418
241436,tan20250610t075544c12s4001-Y,6264,-0.15096170720917285,-0.22924675199556305,0.8533587085998731,-0.1446189614746189,0.7817245507302687,-0.06836519718620612,1.2967845396056992,-0.3975359832142407
232841,tan20250502t041843c00s4001-C,6747,-0.24613750046561025,-0.3654176001799168,-0.20557618261495075,0.22237298243860124,-0.016817131171506242,0.32993627010310017,-0.025986227603274372,0.29202606071672743
245643,tan20250707t193139c33s4001-C,30252,-1.0468111578443375,-0.04030752909256046,0.052510214702214515,-0.3695718721656163,1.371896628061848,-0.2705154225866054,0.9991589431170248,-0.1634730557998118
259055,tan20250916t080902c00s4001-U,7347,-0.4199911014045881,-0.4225367981132982,-0.1884802890559894,-0.058406962763425434,-0.11269585125146662,0.09056731885568453,-0.33006473537539127,-0.4805609063449373
