nohup: ignoring input
/home/yuyao/panopticon/dinov2/layers/swiglu_ffn.py:45: UserWarning: xFormers is disabled (SwiGLU)
  warnings.warn("xFormers is disabled (SwiGLU)")
/home/yuyao/panopticon/dinov2/layers/swiglu_ffn.py:51: UserWarning: xFormers is not available (SwiGLU)
  warnings.warn("xFormers is not available (SwiGLU)")
/home/yuyao/panopticon/dinov2/layers/attention.py:30: UserWarning: xFormers is disabled (Attention)
  warnings.warn("xFormers is disabled (Attention)")
/home/yuyao/panopticon/dinov2/layers/attention.py:34: UserWarning: xFormers is not available (Attention)
  warnings.warn("xFormers is not available (Attention)")
/home/yuyao/panopticon/dinov2/layers/block.py:35: UserWarning: xFormers is disabled (Block)
  warnings.warn("xFormers is disabled (Block)")
/home/yuyao/panopticon/dinov2/layers/block.py:40: UserWarning: xFormers is not available (Block)
  warnings.warn("xFormers is not available (Block)")
[Cache] Enabled local cache dir=/diniuvol/yuyao/local_train_temp_cache (min_free_gb=200.00)
[Cache] Warmup disabled; cache will populate lazily on first file access.
/home/yuyao/panopticon/universal_models_fusion/multi_sensor_panopticon_4.py:717: UserWarning: Wide-table uses EMIT columns; mapping emit_*_path to sensor key 'wv3' for this script.
  self._validate_sensor_column()
/home/yuyao/panopticon/universal_models_fusion/multi_sensor_panopticon_4.py:717: UserWarning: Wide-table uses EMIT columns; mapping emit_*_path to sensor key 'wv3' for this script.
  self._validate_sensor_column()
Checkpoints will be saved under: /transferdiniu2/yuyao/checkpoints/multi_sensor_tests5p/Geo universal overlap dataset include all 2025 (schema2)
wandb: Currently logged in as: yuyao16 (yuyao16-university-of-alberta) to https://api.wandb.ai. Use `wandb login --relogin` to force relogin
wandb: Tracking run with wandb version 0.23.1
wandb: Run data is saved locally in /home/yuyao/panopticon/wandb/run-20260401_053813-j71m081c
wandb: Run `wandb offline` to turn off syncing.
wandb: Syncing run Geo universal overlap dataset include all 2025 (schema2)
wandb: ⭐️ View project at https://wandb.ai/yuyao16-university-of-alberta/baselines
wandb: 🚀 View run at https://wandb.ai/yuyao16-university-of-alberta/baselines/runs/j71m081c
Using device=cuda:0, train_samples=132006, test_samples=36826, sensors=['s2', 'l89', 's5p', 'wv3'], train_backbone=True, fusion=max_pooling, sensor_aux_loss_weight=0.300
[Cache][Warn] Low free space (97.70 GB) under /diniuvol/yuyao/local_train_temp_cache; falling back to remote reads.
[Cache][Warn] Low free space (97.70 GB) under /diniuvol/yuyao/local_train_temp_cache; falling back to remote reads.
[Cache][Warn] Low free space (97.70 GB) under /diniuvol/yuyao/local_train_temp_cache; falling back to remote reads.
[Cache][Warn] Low free space (97.70 GB) under /diniuvol/yuyao/local_train_temp_cache; falling back to remote reads.
[Cache][Warn] Low free space (97.70 GB) under /diniuvol/yuyao/local_train_temp_cache; falling back to remote reads.
[Cache][Warn] Low free space (97.70 GB) under /diniuvol/yuyao/local_train_temp_cache; falling back to remote reads.
[Cache][Warn] Low free space (97.70 GB) under /diniuvol/yuyao/local_train_temp_cache; falling back to remote reads.
[Cache][Warn] Low free space (97.70 GB) under /diniuvol/yuyao/local_train_temp_cache; falling back to remote reads.
/home/yuyao/miniconda3/envs/panopticon/lib/python3.9/site-packages/torch/optim/lr_scheduler.py:139: UserWarning: Detected call of `lr_scheduler.step()` before `optimizer.step()`. In PyTorch 1.1.0 and later, you should call them in the opposite order: `optimizer.step()` before `lr_scheduler.step()`.  Failure to do this will result in PyTorch skipping the first value of the learning rate schedule. See more details at https://pytorch.org/docs/stable/optim.html#how-to-adjust-learning-rate
  warnings.warn("Detected call of `lr_scheduler.step()` before `optimizer.step()`. "
Epoch 1 step 50/4126 train_loss=1.7126 train_acc=0.4794 fused_loss=0.6817 sensor_aux_loss=3.7398 s2_loss=0.6632 l89_loss=1.3613 s5p_loss=0.8319 wv3_loss=0.8835
Epoch 1 step 100/4126 train_loss=1.7054 train_acc=0.4803 fused_loss=0.7730 sensor_aux_loss=3.3483 s2_loss=0.6770 l89_loss=1.3099 s5p_loss=0.6667 wv3_loss=0.6948
Epoch 1 step 150/4126 train_loss=1.6915 train_acc=0.4833 fused_loss=0.6677 sensor_aux_loss=3.3904 s2_loss=0.8046 l89_loss=1.1222 s5p_loss=0.8829 wv3_loss=0.5807
Epoch 1 step 200/4126 train_loss=1.6805 train_acc=0.4836 fused_loss=0.7139 sensor_aux_loss=2.7235 s2_loss=0.5864 l89_loss=0.7509 s5p_loss=0.7791 wv3_loss=0.6070
Epoch 1 step 250/4126 train_loss=1.6663 train_acc=0.4861 fused_loss=0.7030 sensor_aux_loss=2.6999 s2_loss=0.5554 l89_loss=0.7440 s5p_loss=0.7797 wv3_loss=0.6208
Epoch 1 step 300/4126 train_loss=1.6583 train_acc=0.4891 fused_loss=0.6898 sensor_aux_loss=3.0713 s2_loss=0.8428 l89_loss=0.7650 s5p_loss=0.7680 wv3_loss=0.6955
Epoch 1 step 350/4126 train_loss=1.6444 train_acc=0.4933 fused_loss=0.6857 sensor_aux_loss=2.7030 s2_loss=0.6863 l89_loss=0.6860 s5p_loss=0.6401 wv3_loss=0.6907
Epoch 1 step 400/4126 train_loss=1.6328 train_acc=0.4964 fused_loss=0.7517 sensor_aux_loss=2.8203 s2_loss=0.8119 l89_loss=0.6477 s5p_loss=0.7018 wv3_loss=0.6590
Epoch 1 step 450/4126 train_loss=1.6206 train_acc=0.5022 fused_loss=0.6556 sensor_aux_loss=2.6926 s2_loss=0.7262 l89_loss=0.7254 s5p_loss=0.5849 wv3_loss=0.6561
Epoch 1 step 500/4126 train_loss=1.6118 train_acc=0.5034 fused_loss=0.6103 sensor_aux_loss=2.6845 s2_loss=0.8540 l89_loss=0.5865 s5p_loss=0.7184 wv3_loss=0.5256
Epoch 1 step 550/4126 train_loss=1.6048 train_acc=0.5056 fused_loss=0.6497 sensor_aux_loss=2.5550 s2_loss=0.7575 l89_loss=0.5615 s5p_loss=0.6257 wv3_loss=0.6103
Epoch 1 step 600/4126 train_loss=1.5970 train_acc=0.5089 fused_loss=0.6569 sensor_aux_loss=3.0427 s2_loss=0.8943 l89_loss=0.7557 s5p_loss=0.6166 wv3_loss=0.7761
Epoch 1 step 650/4126 train_loss=1.5902 train_acc=0.5108 fused_loss=0.6592 sensor_aux_loss=2.7191 s2_loss=0.7511 l89_loss=0.5931 s5p_loss=0.6864 wv3_loss=0.6885
Epoch 1 step 700/4126 train_loss=1.5837 train_acc=0.5147 fused_loss=0.6911 sensor_aux_loss=2.7020 s2_loss=0.7279 l89_loss=0.6335 s5p_loss=0.7801 wv3_loss=0.5606
Epoch 1 step 750/4126 train_loss=1.5759 train_acc=0.5195 fused_loss=0.7311 sensor_aux_loss=2.8906 s2_loss=0.7779 l89_loss=0.8943 s5p_loss=0.6531 wv3_loss=0.5653
Epoch 1 step 800/4126 train_loss=1.5692 train_acc=0.5235 fused_loss=0.6710 sensor_aux_loss=2.7784 s2_loss=0.7373 l89_loss=0.6309 s5p_loss=0.5919 wv3_loss=0.8183
Epoch 1 step 850/4126 train_loss=1.5620 train_acc=0.5277 fused_loss=0.6880 sensor_aux_loss=2.6975 s2_loss=0.6794 l89_loss=0.8338 s5p_loss=0.5907 wv3_loss=0.5936
Epoch 1 step 900/4126 train_loss=1.5554 train_acc=0.5322 fused_loss=0.6794 sensor_aux_loss=2.9739 s2_loss=0.7108 l89_loss=0.7567 s5p_loss=0.5830 wv3_loss=0.9234
Epoch 1 step 950/4126 train_loss=1.5505 train_acc=0.5342 fused_loss=0.6081 sensor_aux_loss=2.6107 s2_loss=0.6672 l89_loss=0.6616 s5p_loss=0.6419 wv3_loss=0.6400
Epoch 1 step 1000/4126 train_loss=1.5447 train_acc=0.5381 fused_loss=0.6916 sensor_aux_loss=2.8158 s2_loss=0.7608 l89_loss=0.5338 s5p_loss=0.7018 wv3_loss=0.8194
Epoch 1 step 1050/4126 train_loss=1.5398 train_acc=0.5402 fused_loss=0.5592 sensor_aux_loss=2.2283 s2_loss=0.7409 l89_loss=0.6497 s5p_loss=0.4961 wv3_loss=0.3416
Epoch 1 step 1100/4126 train_loss=1.5350 train_acc=0.5442 fused_loss=0.6475 sensor_aux_loss=2.8009 s2_loss=0.7486 l89_loss=0.5942 s5p_loss=0.7023 wv3_loss=0.7557
Epoch 1 step 1150/4126 train_loss=1.5298 train_acc=0.5467 fused_loss=0.6838 sensor_aux_loss=2.7992 s2_loss=0.8515 l89_loss=0.5792 s5p_loss=0.7011 wv3_loss=0.6675
Epoch 1 step 1200/4126 train_loss=1.5257 train_acc=0.5491 fused_loss=0.6813 sensor_aux_loss=2.6932 s2_loss=0.7157 l89_loss=0.6842 s5p_loss=0.6559 wv3_loss=0.6374
Epoch 1 step 1250/4126 train_loss=1.5214 train_acc=0.5515 fused_loss=0.6304 sensor_aux_loss=2.5148 s2_loss=0.6594 l89_loss=0.7111 s5p_loss=0.5305 wv3_loss=0.6138
Epoch 1 step 1300/4126 train_loss=1.5155 train_acc=0.5549 fused_loss=0.5990 sensor_aux_loss=2.5022 s2_loss=0.7446 l89_loss=0.4920 s5p_loss=0.6959 wv3_loss=0.5697
Epoch 1 step 1350/4126 train_loss=1.5106 train_acc=0.5576 fused_loss=0.6431 sensor_aux_loss=2.6002 s2_loss=0.6935 l89_loss=0.5912 s5p_loss=0.6785 wv3_loss=0.6370
Epoch 1 step 1400/4126 train_loss=1.5058 train_acc=0.5605 fused_loss=0.5805 sensor_aux_loss=2.2156 s2_loss=0.7194 l89_loss=0.4843 s5p_loss=0.5326 wv3_loss=0.4794
Epoch 1 step 1450/4126 train_loss=1.5014 train_acc=0.5626 fused_loss=0.5757 sensor_aux_loss=2.2101 s2_loss=0.6245 l89_loss=0.5002 s5p_loss=0.5352 wv3_loss=0.5502
Epoch 1 step 1500/4126 train_loss=1.4971 train_acc=0.5653 fused_loss=0.6298 sensor_aux_loss=2.7281 s2_loss=0.6955 l89_loss=0.6257 s5p_loss=0.6754 wv3_loss=0.7315
Epoch 1 step 1550/4126 train_loss=1.4928 train_acc=0.5679 fused_loss=0.6584 sensor_aux_loss=2.7170 s2_loss=0.6548 l89_loss=0.6133 s5p_loss=0.8268 wv3_loss=0.6221
Epoch 1 step 1600/4126 train_loss=1.4895 train_acc=0.5697 fused_loss=0.6821 sensor_aux_loss=2.6897 s2_loss=0.6991 l89_loss=0.6932 s5p_loss=0.7251 wv3_loss=0.5722
Epoch 1 step 1650/4126 train_loss=1.4858 train_acc=0.5723 fused_loss=0.5972 sensor_aux_loss=2.5470 s2_loss=0.6894 l89_loss=0.5763 s5p_loss=0.6610 wv3_loss=0.6203
Epoch 1 step 1700/4126 train_loss=1.4823 train_acc=0.5748 fused_loss=0.6521 sensor_aux_loss=2.6887 s2_loss=0.6760 l89_loss=0.5131 s5p_loss=0.8824 wv3_loss=0.6173
Epoch 1 step 1750/4126 train_loss=1.4791 train_acc=0.5770 fused_loss=0.6502 sensor_aux_loss=2.7223 s2_loss=0.6201 l89_loss=0.5858 s5p_loss=0.8221 wv3_loss=0.6943
Epoch 1 step 1800/4126 train_loss=1.4759 train_acc=0.5795 fused_loss=0.7632 sensor_aux_loss=2.7273 s2_loss=0.6557 l89_loss=0.6068 s5p_loss=0.5700 wv3_loss=0.8948
Epoch 1 step 1850/4126 train_loss=1.4725 train_acc=0.5815 fused_loss=0.6462 sensor_aux_loss=2.7407 s2_loss=0.6251 l89_loss=0.8534 s5p_loss=0.7244 wv3_loss=0.5377
Epoch 1 step 1900/4126 train_loss=1.4689 train_acc=0.5838 fused_loss=0.6173 sensor_aux_loss=2.2450 s2_loss=0.7012 l89_loss=0.6199 s5p_loss=0.5044 wv3_loss=0.4195
Epoch 1 step 1950/4126 train_loss=1.4652 train_acc=0.5859 fused_loss=0.5817 sensor_aux_loss=2.2974 s2_loss=0.5461 l89_loss=0.5758 s5p_loss=0.5967 wv3_loss=0.5788
Epoch 1 step 2000/4126 train_loss=1.4617 train_acc=0.5884 fused_loss=0.6373 sensor_aux_loss=2.6317 s2_loss=0.7446 l89_loss=0.7267 s5p_loss=0.5491 wv3_loss=0.6114
Epoch 1 step 2050/4126 train_loss=1.4586 train_acc=0.5904 fused_loss=0.6394 sensor_aux_loss=2.4480 s2_loss=0.7287 l89_loss=0.5025 s5p_loss=0.6403 wv3_loss=0.5765
Epoch 1 step 2100/4126 train_loss=1.4550 train_acc=0.5924 fused_loss=0.5449 sensor_aux_loss=2.2649 s2_loss=0.5848 l89_loss=0.5456 s5p_loss=0.6265 wv3_loss=0.5079
Epoch 1 step 2150/4126 train_loss=1.4517 train_acc=0.5945 fused_loss=0.5860 sensor_aux_loss=2.1433 s2_loss=0.6406 l89_loss=0.3544 s5p_loss=0.5584 wv3_loss=0.5899
Epoch 1 step 2200/4126 train_loss=1.4482 train_acc=0.5970 fused_loss=0.6330 sensor_aux_loss=2.4470 s2_loss=0.6524 l89_loss=0.5767 s5p_loss=0.5176 wv3_loss=0.7003
Epoch 1 step 2250/4126 train_loss=1.4455 train_acc=0.5990 fused_loss=0.5910 sensor_aux_loss=2.4521 s2_loss=0.6401 l89_loss=0.7293 s5p_loss=0.6106 wv3_loss=0.4721
Epoch 1 step 2300/4126 train_loss=1.4423 train_acc=0.6011 fused_loss=0.6026 sensor_aux_loss=2.4079 s2_loss=0.6749 l89_loss=0.5102 s5p_loss=0.6630 wv3_loss=0.5599
Epoch 1 step 2350/4126 train_loss=1.4393 train_acc=0.6033 fused_loss=0.6247 sensor_aux_loss=2.5813 s2_loss=0.5625 l89_loss=0.6415 s5p_loss=0.6926 wv3_loss=0.6847
Epoch 1 step 2400/4126 train_loss=1.4363 train_acc=0.6052 fused_loss=0.5107 sensor_aux_loss=1.8960 s2_loss=0.5406 l89_loss=0.4261 s5p_loss=0.4829 wv3_loss=0.4464
Epoch 1 step 2450/4126 train_loss=1.4336 train_acc=0.6070 fused_loss=0.5091 sensor_aux_loss=2.2256 s2_loss=0.6856 l89_loss=0.5266 s5p_loss=0.5819 wv3_loss=0.4316
Epoch 1 step 2500/4126 train_loss=1.4305 train_acc=0.6090 fused_loss=0.6556 sensor_aux_loss=2.5911 s2_loss=0.6542 l89_loss=0.6848 s5p_loss=0.6359 wv3_loss=0.6163
Epoch 1 step 2550/4126 train_loss=1.4281 train_acc=0.6105 fused_loss=0.6117 sensor_aux_loss=2.3118 s2_loss=0.6741 l89_loss=0.4365 s5p_loss=0.5456 wv3_loss=0.6557
Epoch 1 step 2600/4126 train_loss=1.4253 train_acc=0.6125 fused_loss=0.4692 sensor_aux_loss=1.9944 s2_loss=0.6918 l89_loss=0.3204 s5p_loss=0.4613 wv3_loss=0.5209
Epoch 1 step 2650/4126 train_loss=1.4226 train_acc=0.6142 fused_loss=0.5640 sensor_aux_loss=2.4071 s2_loss=0.5303 l89_loss=0.5408 s5p_loss=0.8019 wv3_loss=0.5341
Epoch 1 step 2700/4126 train_loss=1.4196 train_acc=0.6162 fused_loss=0.6167 sensor_aux_loss=2.5723 s2_loss=0.6743 l89_loss=0.4557 s5p_loss=0.7249 wv3_loss=0.7174
Epoch 1 step 2750/4126 train_loss=1.4164 train_acc=0.6181 fused_loss=0.5691 sensor_aux_loss=2.3414 s2_loss=0.5807 l89_loss=0.5867 s5p_loss=0.4852 wv3_loss=0.6888
Epoch 1 step 2800/4126 train_loss=1.4133 train_acc=0.6200 fused_loss=0.5559 sensor_aux_loss=2.4362 s2_loss=0.6733 l89_loss=0.3189 s5p_loss=0.7042 wv3_loss=0.7398
Epoch 1 step 2850/4126 train_loss=1.4109 train_acc=0.6215 fused_loss=0.6499 sensor_aux_loss=2.6807 s2_loss=0.7439 l89_loss=0.6604 s5p_loss=0.7011 wv3_loss=0.5753
Epoch 1 step 2900/4126 train_loss=1.4082 train_acc=0.6231 fused_loss=0.5752 sensor_aux_loss=2.3580 s2_loss=0.7387 l89_loss=0.5299 s5p_loss=0.6433 wv3_loss=0.4462
Epoch 1 step 2950/4126 train_loss=1.4055 train_acc=0.6248 fused_loss=0.4616 sensor_aux_loss=2.0779 s2_loss=0.5708 l89_loss=0.4570 s5p_loss=0.5132 wv3_loss=0.5369
Epoch 1 step 3000/4126 train_loss=1.4032 train_acc=0.6264 fused_loss=0.5041 sensor_aux_loss=2.1123 s2_loss=0.5763 l89_loss=0.4056 s5p_loss=0.6128 wv3_loss=0.5176
Epoch 1 step 3050/4126 train_loss=1.4008 train_acc=0.6279 fused_loss=0.5297 sensor_aux_loss=2.2780 s2_loss=0.6082 l89_loss=0.5306 s5p_loss=0.6935 wv3_loss=0.4458
Epoch 1 step 3100/4126 train_loss=1.3985 train_acc=0.6292 fused_loss=0.5409 sensor_aux_loss=2.2521 s2_loss=0.5514 l89_loss=0.4120 s5p_loss=0.7377 wv3_loss=0.5510
Epoch 1 step 3150/4126 train_loss=1.3960 train_acc=0.6305 fused_loss=0.5557 sensor_aux_loss=2.3901 s2_loss=0.6114 l89_loss=0.3993 s5p_loss=0.8794 wv3_loss=0.5000
Epoch 1 step 3200/4126 train_loss=1.3936 train_acc=0.6318 fused_loss=0.6729 sensor_aux_loss=2.6639 s2_loss=0.7251 l89_loss=0.6434 s5p_loss=0.5913 wv3_loss=0.7040
Epoch 1 step 3250/4126 train_loss=1.3910 train_acc=0.6333 fused_loss=0.5733 sensor_aux_loss=2.3993 s2_loss=0.6926 l89_loss=0.4265 s5p_loss=0.8583 wv3_loss=0.4219
Epoch 1 step 3300/4126 train_loss=1.3889 train_acc=0.6346 fused_loss=0.5944 sensor_aux_loss=2.5006 s2_loss=0.6566 l89_loss=0.5178 s5p_loss=0.7409 wv3_loss=0.5853
Epoch 1 step 3350/4126 train_loss=1.3868 train_acc=0.6359 fused_loss=0.4680 sensor_aux_loss=2.0046 s2_loss=0.4807 l89_loss=0.4619 s5p_loss=0.6084 wv3_loss=0.4537
Epoch 1 step 3400/4126 train_loss=1.3848 train_acc=0.6371 fused_loss=0.4594 sensor_aux_loss=1.8418 s2_loss=0.5609 l89_loss=0.3356 s5p_loss=0.5120 wv3_loss=0.4332
Epoch 1 step 3450/4126 train_loss=1.3824 train_acc=0.6385 fused_loss=0.5166 sensor_aux_loss=2.0883 s2_loss=0.6813 l89_loss=0.5277 s5p_loss=0.4598 wv3_loss=0.4195
Epoch 1 step 3500/4126 train_loss=1.3801 train_acc=0.6398 fused_loss=0.5461 sensor_aux_loss=2.2927 s2_loss=0.7286 l89_loss=0.4352 s5p_loss=0.6375 wv3_loss=0.4913
Epoch 1 step 3550/4126 train_loss=1.3777 train_acc=0.6412 fused_loss=0.5194 sensor_aux_loss=2.1969 s2_loss=0.5612 l89_loss=0.5313 s5p_loss=0.5524 wv3_loss=0.5520
Epoch 1 step 3600/4126 train_loss=1.3759 train_acc=0.6424 fused_loss=0.5365 sensor_aux_loss=2.1582 s2_loss=0.6362 l89_loss=0.4265 s5p_loss=0.4909 wv3_loss=0.6046
Epoch 1 step 3650/4126 train_loss=1.3736 train_acc=0.6437 fused_loss=0.6094 sensor_aux_loss=2.2945 s2_loss=0.5376 l89_loss=0.5265 s5p_loss=0.5325 wv3_loss=0.6979
Epoch 1 step 3700/4126 train_loss=1.3713 train_acc=0.6451 fused_loss=0.5240 sensor_aux_loss=2.0225 s2_loss=0.5982 l89_loss=0.4289 s5p_loss=0.5025 wv3_loss=0.4929
Epoch 1 step 3750/4126 train_loss=1.3691 train_acc=0.6462 fused_loss=0.4962 sensor_aux_loss=2.1846 s2_loss=0.6423 l89_loss=0.3796 s5p_loss=0.6040 wv3_loss=0.5586
Epoch 1 step 3800/4126 train_loss=1.3670 train_acc=0.6474 fused_loss=0.6142 sensor_aux_loss=2.4027 s2_loss=0.5764 l89_loss=0.6500 s5p_loss=0.6405 wv3_loss=0.5357
Epoch 1 step 3850/4126 train_loss=1.3650 train_acc=0.6484 fused_loss=0.5996 sensor_aux_loss=2.3430 s2_loss=0.5250 l89_loss=0.4309 s5p_loss=0.7989 wv3_loss=0.5882
Epoch 1 step 3900/4126 train_loss=1.3628 train_acc=0.6496 fused_loss=0.5824 sensor_aux_loss=2.5244 s2_loss=0.7192 l89_loss=0.4996 s5p_loss=0.8213 wv3_loss=0.4843
Epoch 1 step 3950/4126 train_loss=1.3609 train_acc=0.6508 fused_loss=0.6287 sensor_aux_loss=2.4337 s2_loss=0.6249 l89_loss=0.6498 s5p_loss=0.4380 wv3_loss=0.7210
Epoch 1 step 4000/4126 train_loss=1.3588 train_acc=0.6520 fused_loss=0.5187 sensor_aux_loss=2.3981 s2_loss=0.5348 l89_loss=0.7274 s5p_loss=0.6927 wv3_loss=0.4432
Epoch 1 step 4050/4126 train_loss=1.3575 train_acc=0.6529 fused_loss=0.4479 sensor_aux_loss=2.2142 s2_loss=0.6166 l89_loss=0.4908 s5p_loss=0.6877 wv3_loss=0.4190
Epoch 1 step 4100/4126 train_loss=1.3554 train_acc=0.6539 fused_loss=0.5298 sensor_aux_loss=2.4230 s2_loss=0.5903 l89_loss=0.3959 s5p_loss=0.8498 wv3_loss=0.5870
[Cache][Warn] Low free space (97.70 GB) under /diniuvol/yuyao/local_train_temp_cache; falling back to remote reads.
[Cache][Warn] Low free space (97.70 GB) under /diniuvol/yuyao/local_train_temp_cache; falling back to remote reads.
[Cache][Warn] Low free space (97.70 GB) under /diniuvol/yuyao/local_train_temp_cache; falling back to remote reads.
[Cache][Warn] Low free space (97.70 GB) under /diniuvol/yuyao/local_train_temp_cache; falling back to remote reads.
[Cache][Warn] Low free space (97.70 GB) under /diniuvol/yuyao/local_train_temp_cache; falling back to remote reads.
[Cache][Warn] Low free space (97.70 GB) under /diniuvol/yuyao/local_train_temp_cache; falling back to remote reads.
[Cache][Warn] Low free space (97.70 GB) under /diniuvol/yuyao/local_train_temp_cache; falling back to remote reads.
[Cache][Warn] Low free space (97.70 GB) under /diniuvol/yuyao/local_train_temp_cache; falling back to remote reads.
Epoch 1: train_loss=1.3543 train_acc=0.6545 test_loss=0.8319 test_acc=0.7013 test_fpr=0.4415 test_recall=0.8397 test_auroc=0.7711 train_fused_loss=0.6099 train_sensor_aux_loss=2.4814
[EvalSplit][FUSED][ALL][OVERALL] count=36826 acc=0.7013 fpr=0.4415 recall=0.8397 auroc=0.7711
[EvalSplit][FUSED][OVERLAP][OVERALL] count=6241 acc=0.6808 fpr=0.3861 recall=0.7401 auroc=0.7678
[EvalSplit][FUSED][SINGLE][OVERALL] count=30585 acc=0.7055 fpr=0.4522 recall=0.8611 auroc=0.7768
[EvalSplit][FUSED][ALL][SENSOR_S2] count=23781 acc=0.6981 fpr=0.4833 recall=0.8798 auroc=0.7833
[EvalSplit][FUSED][OVERLAP][SENSOR_S2] count=3647 acc=0.6419 fpr=0.4093 recall=0.6929 auroc=0.7257
[EvalSplit][FUSED][SINGLE][SENSOR_S2] count=20134 acc=0.7083 fpr=0.4967 recall=0.9138 auroc=0.8036
[EvalSplit][FUSED][ALL][SENSOR_L89] count=8460 acc=0.6804 fpr=0.3652 recall=0.7266 auroc=0.7477
[EvalSplit][FUSED][OVERLAP][SENSOR_L89] count=1886 acc=0.6352 fpr=0.3712 recall=0.6416 auroc=0.7285
[EvalSplit][FUSED][SINGLE][SENSOR_L89] count=6574 acc=0.6933 fpr=0.3634 recall=0.7513 auroc=0.7521
[EvalSplit][FUSED][ALL][SENSOR_S5P] count=7404 acc=0.6864 fpr=0.3689 recall=0.7361 auroc=0.7626
[EvalSplit][FUSED][OVERLAP][SENSOR_S5P] count=5088 acc=0.6873 fpr=0.3918 recall=0.7563 auroc=0.7739
[EvalSplit][FUSED][SINGLE][SENSOR_S5P] count=2316 acc=0.6844 fpr=0.3210 recall=0.6895 auroc=0.7306
[EvalSplit][FUSED][ALL][SENSOR_WV3] count=3518 acc=0.7757 fpr=0.3726 recall=0.8777 auroc=0.8462
[EvalSplit][FUSED][OVERLAP][SENSOR_WV3] count=1957 acc=0.7951 fpr=0.3111 recall=0.8651 auroc=0.8591
[EvalSplit][FUSED][SINGLE][SENSOR_WV3] count=1561 acc=0.7514 fpr=0.4458 recall=0.8940 auroc=0.8374
[EvalSplit][REF_SENSOR_HEAD][ALL][SENSOR_S2] count=23781 acc=0.6122 fpr=0.7531 recall=0.9779 auroc=0.8764
[EvalSplit][REF_SENSOR_HEAD][OVERLAP][SENSOR_S2] count=3647 acc=0.6043 fpr=0.7588 recall=0.9661 auroc=0.8311
[EvalSplit][REF_SENSOR_HEAD][SINGLE][SENSOR_S2] count=20134 acc=0.6136 fpr=0.7521 recall=0.9801 auroc=0.8849
[EvalSplit][REF_SENSOR_HEAD][ALL][SENSOR_L89] count=8460 acc=0.6914 fpr=0.3316 recall=0.7147 auroc=0.7504
[EvalSplit][REF_SENSOR_HEAD][OVERLAP][SENSOR_L89] count=1886 acc=0.6633 fpr=0.3287 recall=0.6554 auroc=0.7184
[EvalSplit][REF_SENSOR_HEAD][SINGLE][SENSOR_L89] count=6574 acc=0.6994 fpr=0.3324 recall=0.7319 auroc=0.7593
[EvalSplit][REF_SENSOR_HEAD][ALL][SENSOR_S5P] count=7404 acc=0.6198 fpr=0.3455 recall=0.5886 auroc=0.6768
[EvalSplit][REF_SENSOR_HEAD][OVERLAP][SENSOR_S5P] count=5088 acc=0.6126 fpr=0.3669 recall=0.5948 auroc=0.6521
[EvalSplit][REF_SENSOR_HEAD][SINGLE][SENSOR_S5P] count=2316 acc=0.6356 fpr=0.3007 recall=0.5745 auroc=0.7280
[EvalSplit][REF_SENSOR_HEAD][ALL][SENSOR_WV3] count=3518 acc=0.7331 fpr=0.4278 recall=0.8436 auroc=0.8089
[EvalSplit][REF_SENSOR_HEAD][OVERLAP][SENSOR_WV3] count=1957 acc=0.7190 fpr=0.4152 recall=0.8075 auroc=0.7992
[EvalSplit][REF_SENSOR_HEAD][SINGLE][SENSOR_WV3] count=1561 acc=0.7508 fpr=0.4427 recall=0.8907 auroc=0.8229
Saved new best checkpoint: /transferdiniu2/yuyao/checkpoints/multi_sensor_tests5p/Geo universal overlap dataset include all 2025 (schema2)/ckpt_best_test.pth (test_acc=0.7013)
[Cache][Warn] Low free space (97.70 GB) under /diniuvol/yuyao/local_train_temp_cache; falling back to remote reads.
[Cache][Warn] Low free space (97.70 GB) under /diniuvol/yuyao/local_train_temp_cache; falling back to remote reads.
[Cache][Warn] Low free space (97.70 GB) under /diniuvol/yuyao/local_train_temp_cache; falling back to remote reads.
[Cache][Warn] Low free space (97.70 GB) under /diniuvol/yuyao/local_train_temp_cache; falling back to remote reads.
[Cache][Warn] Low free space (97.70 GB) under /diniuvol/yuyao/local_train_temp_cache; falling back to remote reads.
[Cache][Warn] Low free space (97.70 GB) under /diniuvol/yuyao/local_train_temp_cache; falling back to remote reads.
[Cache][Warn] Low free space (97.70 GB) under /diniuvol/yuyao/local_train_temp_cache; falling back to remote reads.
[Cache][Warn] Low free space (97.70 GB) under /diniuvol/yuyao/local_train_temp_cache; falling back to remote reads.
Epoch 2 step 50/4126 train_loss=1.1393 train_acc=0.7650 fused_loss=0.5885 sensor_aux_loss=2.5295 s2_loss=0.6960 l89_loss=0.6716 s5p_loss=0.5738 wv3_loss=0.5881
Epoch 2 step 100/4126 train_loss=1.1577 train_acc=0.7628 fused_loss=0.4652 sensor_aux_loss=2.0173 s2_loss=0.6259 l89_loss=0.5457 s5p_loss=0.3084 wv3_loss=0.5372
Epoch 2 step 150/4126 train_loss=1.1549 train_acc=0.7633 fused_loss=0.5328 sensor_aux_loss=2.1365 s2_loss=0.4869 l89_loss=0.6331 s5p_loss=0.6271 wv3_loss=0.3894
Epoch 2 step 200/4126 train_loss=1.1542 train_acc=0.7630 fused_loss=0.3709 sensor_aux_loss=1.6072 s2_loss=0.3728 l89_loss=0.3850 s5p_loss=0.3813 wv3_loss=0.4681
Epoch 2 step 250/4126 train_loss=1.1501 train_acc=0.7658 fused_loss=0.5476 sensor_aux_loss=2.1528 s2_loss=0.5462 l89_loss=0.5257 s5p_loss=0.4554 wv3_loss=0.6255
Epoch 2 step 300/4126 train_loss=1.1435 train_acc=0.7684 fused_loss=0.4626 sensor_aux_loss=2.1291 s2_loss=0.4674 l89_loss=0.4972 s5p_loss=0.7110 wv3_loss=0.4535
Epoch 2 step 350/4126 train_loss=1.1432 train_acc=0.7707 fused_loss=0.5622 sensor_aux_loss=2.5645 s2_loss=0.6681 l89_loss=0.5402 s5p_loss=0.4863 wv3_loss=0.8698
Epoch 2 step 400/4126 train_loss=1.1359 train_acc=0.7739 fused_loss=0.5629 sensor_aux_loss=2.5380 s2_loss=0.7265 l89_loss=0.5682 s5p_loss=0.5947 wv3_loss=0.6485
Epoch 2 step 450/4126 train_loss=1.1339 train_acc=0.7749 fused_loss=0.3530 sensor_aux_loss=1.8804 s2_loss=0.4037 l89_loss=0.2773 s5p_loss=0.7057 wv3_loss=0.4936
Epoch 2 step 500/4126 train_loss=1.1261 train_acc=0.7773 fused_loss=0.4283 sensor_aux_loss=1.7002 s2_loss=0.4272 l89_loss=0.3792 s5p_loss=0.5180 wv3_loss=0.3759
Epoch 2 step 550/4126 train_loss=1.1159 train_acc=0.7814 fused_loss=0.5086 sensor_aux_loss=1.7699 s2_loss=0.6557 l89_loss=0.3147 s5p_loss=0.5068 wv3_loss=0.2927
Epoch 2 step 600/4126 train_loss=1.1123 train_acc=0.7834 fused_loss=0.4610 sensor_aux_loss=1.9994 s2_loss=0.4329 l89_loss=0.6046 s5p_loss=0.7121 wv3_loss=0.2498
Epoch 2 step 650/4126 train_loss=1.1101 train_acc=0.7848 fused_loss=0.4605 sensor_aux_loss=2.1945 s2_loss=0.5150 l89_loss=0.5178 s5p_loss=0.7057 wv3_loss=0.4561
Epoch 2 step 700/4126 train_loss=1.1022 train_acc=0.7877 fused_loss=0.3771 sensor_aux_loss=1.6819 s2_loss=0.3952 l89_loss=0.2106 s5p_loss=0.6284 wv3_loss=0.4477
Epoch 2 step 750/4126 train_loss=1.0981 train_acc=0.7890 fused_loss=0.4523 sensor_aux_loss=1.8174 s2_loss=0.4723 l89_loss=0.3154 s5p_loss=0.4262 wv3_loss=0.6035
Epoch 2 step 800/4126 train_loss=1.0968 train_acc=0.7892 fused_loss=0.5122 sensor_aux_loss=2.1211 s2_loss=0.6232 l89_loss=0.4069 s5p_loss=0.5149 wv3_loss=0.5761
Epoch 2 step 850/4126 train_loss=1.0936 train_acc=0.7899 fused_loss=0.4560 sensor_aux_loss=1.9841 s2_loss=0.5217 l89_loss=0.7027 s5p_loss=0.2857 wv3_loss=0.4740
Epoch 2 step 900/4126 train_loss=1.0928 train_acc=0.7905 fused_loss=0.4743 sensor_aux_loss=2.1789 s2_loss=0.5363 l89_loss=0.6352 s5p_loss=0.7452 wv3_loss=0.2622
Epoch 2 step 950/4126 train_loss=1.0913 train_acc=0.7911 fused_loss=0.4685 sensor_aux_loss=1.7493 s2_loss=0.2259 l89_loss=0.2956 s5p_loss=0.5982 wv3_loss=0.6297
Epoch 2 step 1000/4126 train_loss=1.0884 train_acc=0.7917 fused_loss=0.5011 sensor_aux_loss=2.0076 s2_loss=0.6068 l89_loss=0.1894 s5p_loss=0.6904 wv3_loss=0.5210
Epoch 2 step 1050/4126 train_loss=1.0848 train_acc=0.7930 fused_loss=0.3505 sensor_aux_loss=1.8601 s2_loss=0.3595 l89_loss=0.3360 s5p_loss=0.7504 wv3_loss=0.4142
Epoch 2 step 1100/4126 train_loss=1.0809 train_acc=0.7949 fused_loss=0.3334 sensor_aux_loss=1.8532 s2_loss=0.2319 l89_loss=0.4195 s5p_loss=0.5042 wv3_loss=0.6976
Epoch 2 step 1150/4126 train_loss=1.0771 train_acc=0.7960 fused_loss=0.3971 sensor_aux_loss=1.4238 s2_loss=0.4455 l89_loss=0.2316 s5p_loss=0.5039 wv3_loss=0.2427
Epoch 2 step 1200/4126 train_loss=1.0719 train_acc=0.7981 fused_loss=0.3297 sensor_aux_loss=1.5597 s2_loss=0.2234 l89_loss=0.4078 s5p_loss=0.5711 wv3_loss=0.3574
Epoch 2 step 1250/4126 train_loss=1.0686 train_acc=0.7994 fused_loss=0.4485 sensor_aux_loss=1.8827 s2_loss=0.2948 l89_loss=0.3137 s5p_loss=0.5955 wv3_loss=0.6787
Epoch 2 step 1300/4126 train_loss=1.0664 train_acc=0.8006 fused_loss=0.4419 sensor_aux_loss=2.0099 s2_loss=0.4232 l89_loss=0.7653 s5p_loss=0.4828 wv3_loss=0.3386
Epoch 2 step 1350/4126 train_loss=1.0638 train_acc=0.8019 fused_loss=0.3569 sensor_aux_loss=1.9156 s2_loss=0.5012 l89_loss=0.3929 s5p_loss=0.5813 wv3_loss=0.4402
Epoch 2 step 1400/4126 train_loss=1.0612 train_acc=0.8030 fused_loss=0.3536 sensor_aux_loss=1.6102 s2_loss=0.3801 l89_loss=0.3238 s5p_loss=0.5175 wv3_loss=0.3889
Epoch 2 step 1450/4126 train_loss=1.0586 train_acc=0.8041 fused_loss=0.6703 sensor_aux_loss=2.8193 s2_loss=0.6020 l89_loss=0.7873 s5p_loss=0.6473 wv3_loss=0.7826
Epoch 2 step 1500/4126 train_loss=1.0547 train_acc=0.8052 fused_loss=0.4306 sensor_aux_loss=1.8357 s2_loss=0.4047 l89_loss=0.3582 s5p_loss=0.5536 wv3_loss=0.5192
Epoch 2 step 1550/4126 train_loss=1.0520 train_acc=0.8064 fused_loss=0.4977 sensor_aux_loss=1.9840 s2_loss=0.4630 l89_loss=0.6477 s5p_loss=0.4086 wv3_loss=0.4646
Epoch 2 step 1600/4126 train_loss=1.0496 train_acc=0.8070 fused_loss=0.6384 sensor_aux_loss=2.3064 s2_loss=0.4667 l89_loss=0.4396 s5p_loss=0.6224 wv3_loss=0.7777
Epoch 2 step 1650/4126 train_loss=1.0478 train_acc=0.8077 fused_loss=0.4720 sensor_aux_loss=2.1247 s2_loss=0.4631 l89_loss=0.4026 s5p_loss=0.7645 wv3_loss=0.4945
Epoch 2 step 1700/4126 train_loss=1.0455 train_acc=0.8085 fused_loss=0.2788 sensor_aux_loss=1.5056 s2_loss=0.3320 l89_loss=0.2018 s5p_loss=0.6518 wv3_loss=0.3200
Epoch 2 step 1750/4126 train_loss=1.0424 train_acc=0.8094 fused_loss=0.4011 sensor_aux_loss=1.7789 s2_loss=0.4399 l89_loss=0.4277 s5p_loss=0.5277 wv3_loss=0.3836
Epoch 2 step 1800/4126 train_loss=1.0403 train_acc=0.8103 fused_loss=0.5024 sensor_aux_loss=2.2186 s2_loss=0.2677 l89_loss=1.1902 s5p_loss=0.4209 wv3_loss=0.3398
Epoch 2 step 1850/4126 train_loss=1.0380 train_acc=0.8111 fused_loss=0.3735 sensor_aux_loss=1.7144 s2_loss=0.4522 l89_loss=0.3482 s5p_loss=0.4530 wv3_loss=0.4610
Epoch 2 step 1900/4126 train_loss=1.0343 train_acc=0.8121 fused_loss=0.3459 sensor_aux_loss=1.7129 s2_loss=0.2883 l89_loss=0.3954 s5p_loss=0.5662 wv3_loss=0.4630
Epoch 2 step 1950/4126 train_loss=1.0315 train_acc=0.8131 fused_loss=0.3158 sensor_aux_loss=1.4651 s2_loss=0.2903 l89_loss=0.2602 s5p_loss=0.5749 wv3_loss=0.3396
Epoch 2 step 2000/4126 train_loss=1.0292 train_acc=0.8136 fused_loss=0.3167 sensor_aux_loss=1.5291 s2_loss=0.4163 l89_loss=0.2146 s5p_loss=0.6375 wv3_loss=0.2607
Epoch 2 step 2050/4126 train_loss=1.0274 train_acc=0.8143 fused_loss=0.3081 sensor_aux_loss=1.3439 s2_loss=0.4746 l89_loss=0.3129 s5p_loss=0.2637 wv3_loss=0.2928
Epoch 2 step 2100/4126 train_loss=1.0246 train_acc=0.8151 fused_loss=0.3430 sensor_aux_loss=1.5679 s2_loss=0.4082 l89_loss=0.3440 s5p_loss=0.4211 wv3_loss=0.3947
Epoch 2 step 2150/4126 train_loss=1.0221 train_acc=0.8160 fused_loss=0.2807 sensor_aux_loss=1.4806 s2_loss=0.3661 l89_loss=0.2935 s5p_loss=0.3132 wv3_loss=0.5077
Epoch 2 step 2200/4126 train_loss=1.0203 train_acc=0.8166 fused_loss=0.3463 sensor_aux_loss=1.4422 s2_loss=0.3546 l89_loss=0.2959 s5p_loss=0.4554 wv3_loss=0.3363
Epoch 2 step 2250/4126 train_loss=1.0172 train_acc=0.8176 fused_loss=0.3989 sensor_aux_loss=1.5478 s2_loss=0.3805 l89_loss=0.2909 s5p_loss=0.6367 wv3_loss=0.2396
Epoch 2 step 2300/4126 train_loss=1.0143 train_acc=0.8184 fused_loss=0.2993 sensor_aux_loss=1.3000 s2_loss=0.2881 l89_loss=0.3714 s5p_loss=0.3796 wv3_loss=0.2609
Epoch 2 step 2350/4126 train_loss=1.0122 train_acc=0.8192 fused_loss=0.4235 sensor_aux_loss=1.8367 s2_loss=0.3942 l89_loss=0.3103 s5p_loss=0.6049 wv3_loss=0.5273
Epoch 2 step 2400/4126 train_loss=1.0106 train_acc=0.8197 fused_loss=0.6216 sensor_aux_loss=2.4436 s2_loss=0.6189 l89_loss=0.5520 s5p_loss=0.4235 wv3_loss=0.8491
Epoch 2 step 2450/4126 train_loss=1.0089 train_acc=0.8202 fused_loss=0.2781 sensor_aux_loss=1.2438 s2_loss=0.2072 l89_loss=0.3106 s5p_loss=0.5193 wv3_loss=0.2066
Epoch 2 step 2500/4126 train_loss=1.0069 train_acc=0.8208 fused_loss=0.3947 sensor_aux_loss=1.7515 s2_loss=0.5019 l89_loss=0.2356 s5p_loss=0.5380 wv3_loss=0.4761
Epoch 2 step 2550/4126 train_loss=1.0052 train_acc=0.8214 fused_loss=0.3555 sensor_aux_loss=1.5468 s2_loss=0.4928 l89_loss=0.1475 s5p_loss=0.4870 wv3_loss=0.4195
Epoch 2 step 2600/4126 train_loss=1.0036 train_acc=0.8219 fused_loss=0.4432 sensor_aux_loss=1.8513 s2_loss=0.4498 l89_loss=0.2083 s5p_loss=0.5647 wv3_loss=0.6285
Epoch 2 step 2650/4126 train_loss=1.0020 train_acc=0.8222 fused_loss=0.4413 sensor_aux_loss=1.5710 s2_loss=0.3752 l89_loss=0.3241 s5p_loss=0.5535 wv3_loss=0.3181
Epoch 2 step 2700/4126 train_loss=1.0003 train_acc=0.8227 fused_loss=0.4858 sensor_aux_loss=2.0194 s2_loss=0.2988 l89_loss=0.5064 s5p_loss=0.4748 wv3_loss=0.7393
Epoch 2 step 2750/4126 train_loss=0.9988 train_acc=0.8233 fused_loss=0.4840 sensor_aux_loss=2.0410 s2_loss=0.5659 l89_loss=0.4770 s5p_loss=0.4355 wv3_loss=0.5626
Epoch 2 step 2800/4126 train_loss=0.9968 train_acc=0.8238 fused_loss=0.3665 sensor_aux_loss=1.7567 s2_loss=0.2846 l89_loss=0.4175 s5p_loss=0.6637 wv3_loss=0.3909
Epoch 2 step 2850/4126 train_loss=0.9953 train_acc=0.8244 fused_loss=0.4712 sensor_aux_loss=2.0512 s2_loss=0.4630 l89_loss=0.4489 s5p_loss=0.5132 wv3_loss=0.6262
Epoch 2 step 2900/4126 train_loss=0.9936 train_acc=0.8248 fused_loss=0.4524 sensor_aux_loss=1.9742 s2_loss=0.5947 l89_loss=0.3148 s5p_loss=0.6961 wv3_loss=0.3686
Epoch 2 step 2950/4126 train_loss=0.9915 train_acc=0.8255 fused_loss=0.2863 sensor_aux_loss=1.4372 s2_loss=0.2464 l89_loss=0.3713 s5p_loss=0.3823 wv3_loss=0.4372
Epoch 2 step 3000/4126 train_loss=0.9896 train_acc=0.8258 fused_loss=0.3424 sensor_aux_loss=1.2659 s2_loss=0.1984 l89_loss=0.1478 s5p_loss=0.4519 wv3_loss=0.4677
Epoch 2 step 3050/4126 train_loss=0.9879 train_acc=0.8263 fused_loss=0.3339 sensor_aux_loss=1.5114 s2_loss=0.3495 l89_loss=0.4208 s5p_loss=0.3095 wv3_loss=0.4316
Epoch 2 step 3100/4126 train_loss=0.9863 train_acc=0.8268 fused_loss=0.4944 sensor_aux_loss=1.8100 s2_loss=0.6165 l89_loss=0.3751 s5p_loss=0.6119 wv3_loss=0.2065
Epoch 2 step 3150/4126 train_loss=0.9845 train_acc=0.8274 fused_loss=0.3839 sensor_aux_loss=2.1282 s2_loss=0.2290 l89_loss=0.4963 s5p_loss=0.7549 wv3_loss=0.6481
Epoch 2 step 3200/4126 train_loss=0.9825 train_acc=0.8279 fused_loss=0.3396 sensor_aux_loss=1.7612 s2_loss=0.3194 l89_loss=0.2959 s5p_loss=0.6756 wv3_loss=0.4704
Epoch 2 step 3250/4126 train_loss=0.9811 train_acc=0.8284 fused_loss=0.3304 sensor_aux_loss=1.6670 s2_loss=0.3287 l89_loss=0.2691 s5p_loss=0.5626 wv3_loss=0.5066
Epoch 2 step 3300/4126 train_loss=0.9796 train_acc=0.8291 fused_loss=0.2514 sensor_aux_loss=1.3472 s2_loss=0.2500 l89_loss=0.2355 s5p_loss=0.4948 wv3_loss=0.3669
Epoch 2 step 3350/4126 train_loss=0.9778 train_acc=0.8297 fused_loss=0.3760 sensor_aux_loss=1.6217 s2_loss=0.4124 l89_loss=0.4012 s5p_loss=0.5054 wv3_loss=0.3027
Epoch 2 step 3400/4126 train_loss=0.9762 train_acc=0.8302 fused_loss=0.4170 sensor_aux_loss=1.6998 s2_loss=0.5812 l89_loss=0.5050 s5p_loss=0.3193 wv3_loss=0.2944
Epoch 2 step 3450/4126 train_loss=0.9741 train_acc=0.8309 fused_loss=0.5008 sensor_aux_loss=2.2261 s2_loss=0.4110 l89_loss=0.5872 s5p_loss=0.6350 wv3_loss=0.5929
Epoch 2 step 3500/4126 train_loss=0.9721 train_acc=0.8315 fused_loss=0.3464 sensor_aux_loss=1.7131 s2_loss=0.5976 l89_loss=0.4570 s5p_loss=0.3791 wv3_loss=0.2794
Epoch 2 step 3550/4126 train_loss=0.9713 train_acc=0.8318 fused_loss=0.4604 sensor_aux_loss=2.2388 s2_loss=0.5260 l89_loss=0.3983 s5p_loss=0.6721 wv3_loss=0.6424
Epoch 2 step 3600/4126 train_loss=0.9699 train_acc=0.8320 fused_loss=0.3603 sensor_aux_loss=1.5759 s2_loss=0.2898 l89_loss=0.3539 s5p_loss=0.4789 wv3_loss=0.4533
Epoch 2 step 3650/4126 train_loss=0.9679 train_acc=0.8327 fused_loss=0.4123 sensor_aux_loss=1.9745 s2_loss=0.4484 l89_loss=0.3166 s5p_loss=0.8587 wv3_loss=0.3508
Epoch 2 step 3700/4126 train_loss=0.9666 train_acc=0.8331 fused_loss=0.4444 sensor_aux_loss=1.6711 s2_loss=0.3519 l89_loss=0.4248 s5p_loss=0.3247 wv3_loss=0.5696
Epoch 2 step 3750/4126 train_loss=0.9651 train_acc=0.8336 fused_loss=0.4780 sensor_aux_loss=1.9799 s2_loss=0.2868 l89_loss=0.3556 s5p_loss=0.7139 wv3_loss=0.6236
Epoch 2 step 3800/4126 train_loss=0.9636 train_acc=0.8340 fused_loss=0.3698 sensor_aux_loss=1.8729 s2_loss=0.3841 l89_loss=0.2064 s5p_loss=0.6654 wv3_loss=0.6170
Epoch 2 step 3850/4126 train_loss=0.9626 train_acc=0.8342 fused_loss=0.2722 sensor_aux_loss=1.2180 s2_loss=0.2628 l89_loss=0.3446 s5p_loss=0.2801 wv3_loss=0.3306
Epoch 2 step 3900/4126 train_loss=0.9610 train_acc=0.8346 fused_loss=0.2973 sensor_aux_loss=1.2146 s2_loss=0.4192 l89_loss=0.2156 s5p_loss=0.2740 wv3_loss=0.3058
Epoch 2 step 3950/4126 train_loss=0.9596 train_acc=0.8350 fused_loss=0.3072 sensor_aux_loss=1.2383 s2_loss=0.2609 l89_loss=0.2906 s5p_loss=0.4301 wv3_loss=0.2568
Epoch 2 step 4000/4126 train_loss=0.9583 train_acc=0.8353 fused_loss=0.4582 sensor_aux_loss=1.9423 s2_loss=0.3265 l89_loss=0.6548 s5p_loss=0.5266 wv3_loss=0.4344
Epoch 2 step 4050/4126 train_loss=0.9572 train_acc=0.8357 fused_loss=0.2587 sensor_aux_loss=1.3401 s2_loss=0.1977 l89_loss=0.3078 s5p_loss=0.5589 wv3_loss=0.2757
Epoch 2 step 4100/4126 train_loss=0.9563 train_acc=0.8358 fused_loss=0.5075 sensor_aux_loss=1.7258 s2_loss=0.5626 l89_loss=0.2269 s5p_loss=0.4521 wv3_loss=0.4842
[Cache][Warn] Low free space (97.70 GB) under /diniuvol/yuyao/local_train_temp_cache; falling back to remote reads.
[Cache][Warn] Low free space (97.70 GB) under /diniuvol/yuyao/local_train_temp_cache; falling back to remote reads.
[Cache][Warn] Low free space (97.70 GB) under /diniuvol/yuyao/local_train_temp_cache; falling back to remote reads.
[Cache][Warn] Low free space (97.70 GB) under /diniuvol/yuyao/local_train_temp_cache; falling back to remote reads.
[Cache][Warn] Low free space (97.70 GB) under /diniuvol/yuyao/local_train_temp_cache; falling back to remote reads.
[Cache][Warn] Low free space (97.70 GB) under /diniuvol/yuyao/local_train_temp_cache; falling back to remote reads.
[Cache][Warn] Low free space (97.70 GB) under /diniuvol/yuyao/local_train_temp_cache; falling back to remote reads.
[Cache][Warn] Low free space (97.70 GB) under /diniuvol/yuyao/local_train_temp_cache; falling back to remote reads.
Epoch 2: train_loss=0.9555 train_acc=0.8360 test_loss=0.6326 test_acc=0.8148 test_fpr=0.1824 test_recall=0.8121 test_auroc=0.9003 train_fused_loss=0.4083 train_sensor_aux_loss=1.8235
[EvalSplit][FUSED][ALL][OVERALL] count=36826 acc=0.8148 fpr=0.1824 recall=0.8121 auroc=0.9003
[EvalSplit][FUSED][OVERLAP][OVERALL] count=6241 acc=0.8207 fpr=0.1276 recall=0.7749 auroc=0.9144
[EvalSplit][FUSED][SINGLE][OVERALL] count=30585 acc=0.8136 fpr=0.1930 recall=0.8201 auroc=0.8995
[EvalSplit][FUSED][ALL][SENSOR_S2] count=23781 acc=0.8911 fpr=0.1769 recall=0.9593 auroc=0.9544
[EvalSplit][FUSED][OVERLAP][SENSOR_S2] count=3647 acc=0.9084 fpr=0.1412 recall=0.9579 auroc=0.9623
[EvalSplit][FUSED][SINGLE][SENSOR_S2] count=20134 acc=0.8880 fpr=0.1834 recall=0.9595 auroc=0.9546
[EvalSplit][FUSED][ALL][SENSOR_L89] count=8460 acc=0.7065 fpr=0.1492 recall=0.5598 auroc=0.8071
[EvalSplit][FUSED][OVERLAP][SENSOR_L89] count=1886 acc=0.8022 fpr=0.1485 recall=0.7529 auroc=0.8939
[EvalSplit][FUSED][SINGLE][SENSOR_L89] count=6574 acc=0.6790 fpr=0.1494 recall=0.5038 auroc=0.7829
[EvalSplit][FUSED][ALL][SENSOR_S5P] count=7404 acc=0.7419 fpr=0.2251 recall=0.7122 auroc=0.8494
[EvalSplit][FUSED][OVERLAP][SENSOR_S5P] count=5088 acc=0.8031 fpr=0.1248 recall=0.7402 auroc=0.9052
[EvalSplit][FUSED][SINGLE][SENSOR_S5P] count=2316 acc=0.6075 fpr=0.4347 recall=0.6481 auroc=0.6918
[EvalSplit][FUSED][ALL][SENSOR_WV3] count=3518 acc=0.7234 fpr=0.1047 recall=0.6053 auroc=0.8657
[EvalSplit][FUSED][OVERLAP][SENSOR_WV3] count=1957 acc=0.7205 fpr=0.0720 recall=0.5835 auroc=0.8938
[EvalSplit][FUSED][SINGLE][SENSOR_WV3] count=1561 acc=0.7271 fpr=0.1435 recall=0.6336 auroc=0.8364
[EvalSplit][REF_SENSOR_HEAD][ALL][SENSOR_S2] count=23781 acc=0.8796 fpr=0.2028 recall=0.9620 auroc=0.9557
[EvalSplit][REF_SENSOR_HEAD][OVERLAP][SENSOR_S2] count=3647 acc=0.8684 fpr=0.2247 recall=0.9611 auroc=0.9547
[EvalSplit][REF_SENSOR_HEAD][SINGLE][SENSOR_S2] count=20134 acc=0.8816 fpr=0.1988 recall=0.9622 auroc=0.9559
[EvalSplit][REF_SENSOR_HEAD][ALL][SENSOR_L89] count=8460 acc=0.6863 fpr=0.1628 recall=0.5329 auroc=0.7819
[EvalSplit][REF_SENSOR_HEAD][OVERLAP][SENSOR_L89] count=1886 acc=0.6845 fpr=0.1580 recall=0.5270 auroc=0.7793
[EvalSplit][REF_SENSOR_HEAD][SINGLE][SENSOR_L89] count=6574 acc=0.6868 fpr=0.1641 recall=0.5346 auroc=0.7826
[EvalSplit][REF_SENSOR_HEAD][ALL][SENSOR_S5P] count=7404 acc=0.5504 fpr=0.3061 recall=0.4214 auroc=0.6304
[EvalSplit][REF_SENSOR_HEAD][OVERLAP][SENSOR_S5P] count=5088 acc=0.5165 fpr=0.2775 recall=0.3368 auroc=0.6073
[EvalSplit][REF_SENSOR_HEAD][SINGLE][SENSOR_S5P] count=2316 acc=0.6248 fpr=0.3660 recall=0.6159 auroc=0.6963
[EvalSplit][REF_SENSOR_HEAD][ALL][SENSOR_WV3] count=3518 acc=0.7069 fpr=0.1291 recall=0.5942 auroc=0.8274
[EvalSplit][REF_SENSOR_HEAD][OVERLAP][SENSOR_WV3] count=1957 acc=0.6914 fpr=0.1157 recall=0.5640 auroc=0.8220
[EvalSplit][REF_SENSOR_HEAD][SINGLE][SENSOR_WV3] count=1561 acc=0.7265 fpr=0.1450 recall=0.6336 auroc=0.8389
Saved new best checkpoint: /transferdiniu2/yuyao/checkpoints/multi_sensor_tests5p/Geo universal overlap dataset include all 2025 (schema2)/ckpt_best_test.pth (test_acc=0.8148)
[Cache][Warn] Low free space (97.70 GB) under /diniuvol/yuyao/local_train_temp_cache; falling back to remote reads.
[Cache][Warn] Low free space (97.70 GB) under /diniuvol/yuyao/local_train_temp_cache; falling back to remote reads.
[Cache][Warn] Low free space (97.70 GB) under /diniuvol/yuyao/local_train_temp_cache; falling back to remote reads.
[Cache][Warn] Low free space (97.70 GB) under /diniuvol/yuyao/local_train_temp_cache; falling back to remote reads.
[Cache][Warn] Low free space (97.70 GB) under /diniuvol/yuyao/local_train_temp_cache; falling back to remote reads.
[Cache][Warn] Low free space (97.70 GB) under /diniuvol/yuyao/local_train_temp_cache; falling back to remote reads.
[Cache][Warn] Low free space (97.70 GB) under /diniuvol/yuyao/local_train_temp_cache; falling back to remote reads.
[Cache][Warn] Low free space (97.70 GB) under /diniuvol/yuyao/local_train_temp_cache; falling back to remote reads.
Epoch 3 step 50/4126 train_loss=0.7867 train_acc=0.8800 fused_loss=0.2758 sensor_aux_loss=1.2101 s2_loss=0.3402 l89_loss=0.1730 s5p_loss=0.4257 wv3_loss=0.2712
Epoch 3 step 100/4126 train_loss=0.8105 train_acc=0.8800 fused_loss=0.4017 sensor_aux_loss=1.6423 s2_loss=0.4523 l89_loss=0.3456 s5p_loss=0.4257 wv3_loss=0.4188
Epoch 3 step 150/4126 train_loss=0.8028 train_acc=0.8815 fused_loss=0.3624 sensor_aux_loss=2.0327 s2_loss=0.5714 l89_loss=0.4087 s5p_loss=0.5097 wv3_loss=0.5429
Epoch 3 step 200/4126 train_loss=0.8091 train_acc=0.8791 fused_loss=0.2065 sensor_aux_loss=0.9134 s2_loss=0.1904 l89_loss=0.2031 s5p_loss=0.3013 wv3_loss=0.2186
Epoch 3 step 250/4126 train_loss=0.8166 train_acc=0.8758 fused_loss=0.4826 sensor_aux_loss=1.7321 s2_loss=0.3958 l89_loss=0.5415 s5p_loss=0.3939 wv3_loss=0.4010
Epoch 3 step 300/4126 train_loss=0.8125 train_acc=0.8779 fused_loss=0.3936 sensor_aux_loss=1.9489 s2_loss=0.5763 l89_loss=0.4078 s5p_loss=0.5418 wv3_loss=0.4230
Epoch 3 step 350/4126 train_loss=0.8138 train_acc=0.8776 fused_loss=0.4608 sensor_aux_loss=2.0708 s2_loss=0.8396 l89_loss=0.3288 s5p_loss=0.6618 wv3_loss=0.2406
Epoch 3 step 400/4126 train_loss=0.8138 train_acc=0.8792 fused_loss=0.3394 sensor_aux_loss=1.8411 s2_loss=0.4134 l89_loss=0.3925 s5p_loss=0.6493 wv3_loss=0.3859
Epoch 3 step 450/4126 train_loss=0.8096 train_acc=0.8804 fused_loss=0.2271 sensor_aux_loss=1.0359 s2_loss=0.1656 l89_loss=0.2698 s5p_loss=0.3872 wv3_loss=0.2133
Epoch 3 step 500/4126 train_loss=0.8117 train_acc=0.8803 fused_loss=0.4530 sensor_aux_loss=1.6807 s2_loss=0.3908 l89_loss=0.7299 s5p_loss=0.1661 wv3_loss=0.3940
Epoch 3 step 550/4126 train_loss=0.8139 train_acc=0.8799 fused_loss=0.2877 sensor_aux_loss=1.6024 s2_loss=0.2601 l89_loss=0.2171 s5p_loss=0.6640 wv3_loss=0.4613
Epoch 3 step 600/4126 train_loss=0.8138 train_acc=0.8805 fused_loss=0.1801 sensor_aux_loss=0.8864 s2_loss=0.1677 l89_loss=0.2353 s5p_loss=0.3180 wv3_loss=0.1654
Epoch 3 step 650/4126 train_loss=0.8132 train_acc=0.8806 fused_loss=0.4223 sensor_aux_loss=1.8033 s2_loss=0.2915 l89_loss=0.5243 s5p_loss=0.7650 wv3_loss=0.2225
Epoch 3 step 700/4126 train_loss=0.8139 train_acc=0.8800 fused_loss=0.2691 sensor_aux_loss=1.3864 s2_loss=0.5254 l89_loss=0.2200 s5p_loss=0.2949 wv3_loss=0.3460
Epoch 3 step 750/4126 train_loss=0.8126 train_acc=0.8805 fused_loss=0.2332 sensor_aux_loss=1.1557 s2_loss=0.2310 l89_loss=0.1715 s5p_loss=0.4968 wv3_loss=0.2563
Epoch 3 step 800/4126 train_loss=0.8111 train_acc=0.8811 fused_loss=0.4576 sensor_aux_loss=1.9335 s2_loss=0.3874 l89_loss=0.3506 s5p_loss=0.7840 wv3_loss=0.4116
Epoch 3 step 850/4126 train_loss=0.8109 train_acc=0.8808 fused_loss=0.2984 sensor_aux_loss=1.3408 s2_loss=0.1811 l89_loss=0.2635 s5p_loss=0.5179 wv3_loss=0.3783
Epoch 3 step 900/4126 train_loss=0.8109 train_acc=0.8806 fused_loss=0.2497 sensor_aux_loss=1.1760 s2_loss=0.2324 l89_loss=0.2482 s5p_loss=0.4492 wv3_loss=0.2462
Epoch 3 step 950/4126 train_loss=0.8100 train_acc=0.8810 fused_loss=0.3120 sensor_aux_loss=1.6081 s2_loss=0.3940 l89_loss=0.3365 s5p_loss=0.6346 wv3_loss=0.2431
Epoch 3 step 1000/4126 train_loss=0.8091 train_acc=0.8807 fused_loss=0.2720 sensor_aux_loss=1.1278 s2_loss=0.3303 l89_loss=0.2144 s5p_loss=0.3266 wv3_loss=0.2565
Epoch 3 step 1050/4126 train_loss=0.8071 train_acc=0.8813 fused_loss=0.2928 sensor_aux_loss=1.3831 s2_loss=0.3840 l89_loss=0.2714 s5p_loss=0.3629 wv3_loss=0.3649
Epoch 3 step 1100/4126 train_loss=0.8067 train_acc=0.8815 fused_loss=0.2944 sensor_aux_loss=1.1066 s2_loss=0.2308 l89_loss=0.2561 s5p_loss=0.2544 wv3_loss=0.3653
Epoch 3 step 1150/4126 train_loss=0.8069 train_acc=0.8816 fused_loss=0.4074 sensor_aux_loss=1.4036 s2_loss=0.4036 l89_loss=0.1825 s5p_loss=0.5333 wv3_loss=0.2842
Epoch 3 step 1200/4126 train_loss=0.8076 train_acc=0.8812 fused_loss=0.2844 sensor_aux_loss=1.7721 s2_loss=0.3145 l89_loss=0.2414 s5p_loss=0.8329 wv3_loss=0.3833
Epoch 3 step 1250/4126 train_loss=0.8072 train_acc=0.8813 fused_loss=0.2865 sensor_aux_loss=1.4059 s2_loss=0.2338 l89_loss=0.2190 s5p_loss=0.3908 wv3_loss=0.5624
Epoch 3 step 1300/4126 train_loss=0.8059 train_acc=0.8814 fused_loss=0.4129 sensor_aux_loss=2.0627 s2_loss=0.2735 l89_loss=0.6018 s5p_loss=0.4849 wv3_loss=0.7025
Epoch 3 step 1350/4126 train_loss=0.8055 train_acc=0.8815 fused_loss=0.2477 sensor_aux_loss=1.1302 s2_loss=0.3623 l89_loss=0.2284 s5p_loss=0.1907 wv3_loss=0.3488
Epoch 3 step 1400/4126 train_loss=0.8051 train_acc=0.8819 fused_loss=0.2962 sensor_aux_loss=1.7715 s2_loss=0.3017 l89_loss=0.2477 s5p_loss=0.9085 wv3_loss=0.3137
Epoch 3 step 1450/4126 train_loss=0.8030 train_acc=0.8822 fused_loss=0.3170 sensor_aux_loss=1.4670 s2_loss=0.3060 l89_loss=0.2147 s5p_loss=0.4843 wv3_loss=0.4620
Epoch 3 step 1500/4126 train_loss=0.8024 train_acc=0.8823 fused_loss=0.3204 sensor_aux_loss=1.5441 s2_loss=0.2529 l89_loss=0.3297 s5p_loss=0.6406 wv3_loss=0.3209
Epoch 3 step 1550/4126 train_loss=0.8020 train_acc=0.8826 fused_loss=0.3269 sensor_aux_loss=1.4485 s2_loss=0.4025 l89_loss=0.2757 s5p_loss=0.5468 wv3_loss=0.2235
Epoch 3 step 1600/4126 train_loss=0.8019 train_acc=0.8825 fused_loss=0.3273 sensor_aux_loss=1.5007 s2_loss=0.3987 l89_loss=0.3618 s5p_loss=0.3584 wv3_loss=0.3818
Epoch 3 step 1650/4126 train_loss=0.8018 train_acc=0.8827 fused_loss=0.3261 sensor_aux_loss=1.9767 s2_loss=0.2018 l89_loss=0.2733 s5p_loss=0.7641 wv3_loss=0.7375
Epoch 3 step 1700/4126 train_loss=0.8009 train_acc=0.8829 fused_loss=0.4018 sensor_aux_loss=1.4521 s2_loss=0.3544 l89_loss=0.3854 s5p_loss=0.4019 wv3_loss=0.3103
Epoch 3 step 1750/4126 train_loss=0.8010 train_acc=0.8828 fused_loss=0.2291 sensor_aux_loss=1.4151 s2_loss=0.1563 l89_loss=0.2967 s5p_loss=0.6210 wv3_loss=0.3412
Epoch 3 step 1800/4126 train_loss=0.8012 train_acc=0.8826 fused_loss=0.2973 sensor_aux_loss=1.6655 s2_loss=0.3895 l89_loss=0.4863 s5p_loss=0.4769 wv3_loss=0.3128
Epoch 3 step 1850/4126 train_loss=0.8001 train_acc=0.8829 fused_loss=0.4548 sensor_aux_loss=2.4965 s2_loss=0.4344 l89_loss=0.5613 s5p_loss=0.6240 wv3_loss=0.8767
Epoch 3 step 1900/4126 train_loss=0.7993 train_acc=0.8831 fused_loss=0.2868 sensor_aux_loss=1.7251 s2_loss=0.3299 l89_loss=0.2827 s5p_loss=0.7010 wv3_loss=0.4114
Epoch 3 step 1950/4126 train_loss=0.7995 train_acc=0.8832 fused_loss=0.3072 sensor_aux_loss=1.5274 s2_loss=0.2315 l89_loss=0.3503 s5p_loss=0.5793 wv3_loss=0.3663
Epoch 3 step 2000/4126 train_loss=0.7988 train_acc=0.8834 fused_loss=0.2860 sensor_aux_loss=1.4880 s2_loss=0.3645 l89_loss=0.4517 s5p_loss=0.2959 wv3_loss=0.3759
Epoch 3 step 2050/4126 train_loss=0.7980 train_acc=0.8836 fused_loss=0.3716 sensor_aux_loss=1.4106 s2_loss=0.4112 l89_loss=0.1661 s5p_loss=0.4505 wv3_loss=0.3828
Epoch 3 step 2100/4126 train_loss=0.7969 train_acc=0.8839 fused_loss=0.2488 sensor_aux_loss=1.0427 s2_loss=0.1585 l89_loss=0.2868 s5p_loss=0.3222 wv3_loss=0.2753
Epoch 3 step 2150/4126 train_loss=0.7970 train_acc=0.8841 fused_loss=0.3059 sensor_aux_loss=1.1864 s2_loss=0.1547 l89_loss=0.2225 s5p_loss=0.4928 wv3_loss=0.3164
Epoch 3 step 2200/4126 train_loss=0.7959 train_acc=0.8844 fused_loss=0.2123 sensor_aux_loss=1.2730 s2_loss=0.2032 l89_loss=0.1949 s5p_loss=0.5367 wv3_loss=0.3383
Epoch 3 step 2250/4126 train_loss=0.7954 train_acc=0.8845 fused_loss=0.3435 sensor_aux_loss=1.5555 s2_loss=0.3365 l89_loss=0.2417 s5p_loss=0.2666 wv3_loss=0.7106
Epoch 3 step 2300/4126 train_loss=0.7948 train_acc=0.8846 fused_loss=0.2455 sensor_aux_loss=1.2611 s2_loss=0.2847 l89_loss=0.1953 s5p_loss=0.3512 wv3_loss=0.4300
Epoch 3 step 2350/4126 train_loss=0.7939 train_acc=0.8847 fused_loss=0.3341 sensor_aux_loss=1.3881 s2_loss=0.3271 l89_loss=0.2952 s5p_loss=0.4607 wv3_loss=0.3050
Epoch 3 step 2400/4126 train_loss=0.7926 train_acc=0.8852 fused_loss=0.2495 sensor_aux_loss=1.4811 s2_loss=0.2352 l89_loss=0.4487 s5p_loss=0.5180 wv3_loss=0.2792
Epoch 3 step 2450/4126 train_loss=0.7919 train_acc=0.8853 fused_loss=0.4080 sensor_aux_loss=1.5321 s2_loss=0.2658 l89_loss=0.2544 s5p_loss=0.6224 wv3_loss=0.3895
Epoch 3 step 2500/4126 train_loss=0.7918 train_acc=0.8852 fused_loss=0.3794 sensor_aux_loss=1.7945 s2_loss=0.3987 l89_loss=0.2995 s5p_loss=0.6315 wv3_loss=0.4648
Epoch 3 step 2550/4126 train_loss=0.7913 train_acc=0.8854 fused_loss=0.2127 sensor_aux_loss=1.2368 s2_loss=0.2287 l89_loss=0.2351 s5p_loss=0.3545 wv3_loss=0.4185
Epoch 3 step 2600/4126 train_loss=0.7900 train_acc=0.8858 fused_loss=0.2729 sensor_aux_loss=1.3959 s2_loss=0.3990 l89_loss=0.2385 s5p_loss=0.4307 wv3_loss=0.3278
Epoch 3 step 2650/4126 train_loss=0.7891 train_acc=0.8860 fused_loss=0.3774 sensor_aux_loss=1.4552 s2_loss=0.2468 l89_loss=0.1797 s5p_loss=0.5998 wv3_loss=0.4289
Epoch 3 step 2700/4126 train_loss=0.7888 train_acc=0.8860 fused_loss=0.3397 sensor_aux_loss=1.8595 s2_loss=0.4399 l89_loss=0.3200 s5p_loss=0.7044 wv3_loss=0.3951
Epoch 3 step 2750/4126 train_loss=0.7878 train_acc=0.8863 fused_loss=0.2198 sensor_aux_loss=0.9919 s2_loss=0.2191 l89_loss=0.1666 s5p_loss=0.3569 wv3_loss=0.2493
Epoch 3 step 2800/4126 train_loss=0.7873 train_acc=0.8864 fused_loss=0.3743 sensor_aux_loss=1.7715 s2_loss=0.3560 l89_loss=0.2088 s5p_loss=0.3932 wv3_loss=0.8135
Epoch 3 step 2850/4126 train_loss=0.7867 train_acc=0.8867 fused_loss=0.3113 sensor_aux_loss=1.7714 s2_loss=0.5753 l89_loss=0.2549 s5p_loss=0.5430 wv3_loss=0.3982
Epoch 3 step 2900/4126 train_loss=0.7853 train_acc=0.8872 fused_loss=0.2428 sensor_aux_loss=1.1158 s2_loss=0.2910 l89_loss=0.1695 s5p_loss=0.3943 wv3_loss=0.2610
Epoch 3 step 2950/4126 train_loss=0.7850 train_acc=0.8873 fused_loss=0.4545 sensor_aux_loss=1.7293 s2_loss=0.2928 l89_loss=0.3180 s5p_loss=0.2948 wv3_loss=0.8236
Epoch 3 step 3000/4126 train_loss=0.7848 train_acc=0.8873 fused_loss=0.3163 sensor_aux_loss=1.3899 s2_loss=0.2536 l89_loss=0.2588 s5p_loss=0.5568 wv3_loss=0.3207
Epoch 3 step 3050/4126 train_loss=0.7842 train_acc=0.8875 fused_loss=0.2253 sensor_aux_loss=1.3650 s2_loss=0.1841 l89_loss=0.3253 s5p_loss=0.3667 wv3_loss=0.4890
Epoch 3 step 3100/4126 train_loss=0.7840 train_acc=0.8874 fused_loss=0.3999 sensor_aux_loss=1.8520 s2_loss=0.2420 l89_loss=0.5107 s5p_loss=0.5662 wv3_loss=0.5331
Epoch 3 step 3150/4126 train_loss=0.7836 train_acc=0.8875 fused_loss=0.4247 sensor_aux_loss=1.7716 s2_loss=0.4220 l89_loss=0.4557 s5p_loss=0.5596 wv3_loss=0.3343
Epoch 3 step 3200/4126 train_loss=0.7836 train_acc=0.8874 fused_loss=0.3581 sensor_aux_loss=1.8100 s2_loss=0.2122 l89_loss=0.4551 s5p_loss=0.6081 wv3_loss=0.5346
Epoch 3 step 3250/4126 train_loss=0.7831 train_acc=0.8875 fused_loss=0.3841 sensor_aux_loss=1.5318 s2_loss=0.3761 l89_loss=0.2418 s5p_loss=0.5228 wv3_loss=0.3912
Epoch 3 step 3300/4126 train_loss=0.7824 train_acc=0.8877 fused_loss=0.3010 sensor_aux_loss=1.3040 s2_loss=0.3103 l89_loss=0.2558 s5p_loss=0.3183 wv3_loss=0.4197
Epoch 3 step 3350/4126 train_loss=0.7818 train_acc=0.8878 fused_loss=0.3975 sensor_aux_loss=1.6657 s2_loss=0.3983 l89_loss=0.1593 s5p_loss=0.2941 wv3_loss=0.8141
Epoch 3 step 3400/4126 train_loss=0.7821 train_acc=0.8876 fused_loss=0.4325 sensor_aux_loss=1.9650 s2_loss=0.5191 l89_loss=0.2841 s5p_loss=0.6849 wv3_loss=0.4769
Epoch 3 step 3450/4126 train_loss=0.7820 train_acc=0.8875 fused_loss=0.3662 sensor_aux_loss=1.7413 s2_loss=0.3103 l89_loss=0.3670 s5p_loss=0.4825 wv3_loss=0.5814
Epoch 3 step 3500/4126 train_loss=0.7815 train_acc=0.8876 fused_loss=0.3026 sensor_aux_loss=1.4072 s2_loss=0.2372 l89_loss=0.3194 s5p_loss=0.4367 wv3_loss=0.4138
Epoch 3 step 3550/4126 train_loss=0.7814 train_acc=0.8877 fused_loss=0.3310 sensor_aux_loss=1.4334 s2_loss=0.3284 l89_loss=0.1719 s5p_loss=0.4256 wv3_loss=0.5076
Epoch 3 step 3600/4126 train_loss=0.7813 train_acc=0.8876 fused_loss=0.2299 sensor_aux_loss=1.1293 s2_loss=0.2320 l89_loss=0.2798 s5p_loss=0.3397 wv3_loss=0.2779
Epoch 3 step 3650/4126 train_loss=0.7808 train_acc=0.8878 fused_loss=0.3555 sensor_aux_loss=1.4966 s2_loss=0.6534 l89_loss=0.2605 s5p_loss=0.3302 wv3_loss=0.2524
Epoch 3 step 3700/4126 train_loss=0.7807 train_acc=0.8879 fused_loss=0.4136 sensor_aux_loss=1.9900 s2_loss=0.4449 l89_loss=0.1824 s5p_loss=0.8590 wv3_loss=0.5037
Epoch 3 step 3750/4126 train_loss=0.7800 train_acc=0.8881 fused_loss=0.2686 sensor_aux_loss=1.2082 s2_loss=0.2852 l89_loss=0.1286 s5p_loss=0.4378 wv3_loss=0.3566
Epoch 3 step 3800/4126 train_loss=0.7805 train_acc=0.8879 fused_loss=0.2808 sensor_aux_loss=1.2727 s2_loss=0.2577 l89_loss=0.3298 s5p_loss=0.2798 wv3_loss=0.4055
Epoch 3 step 3850/4126 train_loss=0.7800 train_acc=0.8881 fused_loss=0.2629 sensor_aux_loss=1.3793 s2_loss=0.2481 l89_loss=0.3795 s5p_loss=0.4485 wv3_loss=0.3032
Epoch 3 step 3900/4126 train_loss=0.7794 train_acc=0.8884 fused_loss=0.1574 sensor_aux_loss=1.1125 s2_loss=0.1852 l89_loss=0.1566 s5p_loss=0.5096 wv3_loss=0.2611
Epoch 3 step 3950/4126 train_loss=0.7787 train_acc=0.8888 fused_loss=0.3502 sensor_aux_loss=1.4245 s2_loss=0.5069 l89_loss=0.2761 s5p_loss=0.2752 wv3_loss=0.3663
Epoch 3 step 4000/4126 train_loss=0.7785 train_acc=0.8887 fused_loss=0.2554 sensor_aux_loss=1.0470 s2_loss=0.2076 l89_loss=0.2319 s5p_loss=0.4369 wv3_loss=0.1705
Epoch 3 step 4050/4126 train_loss=0.7782 train_acc=0.8888 fused_loss=0.3187 sensor_aux_loss=1.4756 s2_loss=0.2820 l89_loss=0.3135 s5p_loss=0.5313 wv3_loss=0.3488
Epoch 3 step 4100/4126 train_loss=0.7774 train_acc=0.8890 fused_loss=0.1923 sensor_aux_loss=1.1069 s2_loss=0.1769 l89_loss=0.2563 s5p_loss=0.2824 wv3_loss=0.3913
[Cache][Warn] Low free space (97.70 GB) under /diniuvol/yuyao/local_train_temp_cache; falling back to remote reads.
[Cache][Warn] Low free space (97.70 GB) under /diniuvol/yuyao/local_train_temp_cache; falling back to remote reads.
[Cache][Warn] Low free space (97.70 GB) under /diniuvol/yuyao/local_train_temp_cache; falling back to remote reads.
[Cache][Warn] Low free space (97.70 GB) under /diniuvol/yuyao/local_train_temp_cache; falling back to remote reads.
[Cache][Warn] Low free space (97.70 GB) under /diniuvol/yuyao/local_train_temp_cache; falling back to remote reads.
[Cache][Warn] Low free space (97.70 GB) under /diniuvol/yuyao/local_train_temp_cache; falling back to remote reads.
[Cache][Warn] Low free space (97.70 GB) under /diniuvol/yuyao/local_train_temp_cache; falling back to remote reads.
[Cache][Warn] Low free space (97.70 GB) under /diniuvol/yuyao/local_train_temp_cache; falling back to remote reads.
Epoch 3: train_loss=0.7772 train_acc=0.8890 test_loss=0.5966 test_acc=0.8360 test_fpr=0.1701 test_recall=0.8419 test_auroc=0.9155 train_fused_loss=0.3243 train_sensor_aux_loss=1.5097
[EvalSplit][FUSED][ALL][OVERALL] count=36826 acc=0.8360 fpr=0.1701 recall=0.8419 auroc=0.9155
[EvalSplit][FUSED][OVERLAP][OVERALL] count=6241 acc=0.8495 fpr=0.1248 recall=0.8268 auroc=0.9288
[EvalSplit][FUSED][SINGLE][OVERALL] count=30585 acc=0.8332 fpr=0.1789 recall=0.8451 auroc=0.9147
[EvalSplit][FUSED][ALL][SENSOR_S2] count=23781 acc=0.9079 fpr=0.1108 recall=0.9267 auroc=0.9615
[EvalSplit][FUSED][OVERLAP][SENSOR_S2] count=3647 acc=0.9188 fpr=0.0901 recall=0.9278 auroc=0.9645
[EvalSplit][FUSED][SINGLE][SENSOR_S2] count=20134 acc=0.9059 fpr=0.1146 recall=0.9265 auroc=0.9621
[EvalSplit][FUSED][ALL][SENSOR_L89] count=8460 acc=0.7358 fpr=0.3039 recall=0.7762 auroc=0.8071
[EvalSplit][FUSED][OVERLAP][SENSOR_L89] count=1886 acc=0.8203 fpr=0.2142 recall=0.8547 auroc=0.8995
[EvalSplit][FUSED][SINGLE][SENSOR_L89] count=6574 acc=0.7116 fpr=0.3294 recall=0.7535 auroc=0.7794
[EvalSplit][FUSED][ALL][SENSOR_S5P] count=7404 acc=0.7662 fpr=0.1820 recall=0.7197 auroc=0.8641
[EvalSplit][FUSED][OVERLAP][SENSOR_S5P] count=5088 acc=0.8377 fpr=0.1261 recall=0.8060 auroc=0.9231
[EvalSplit][FUSED][SINGLE][SENSOR_S5P] count=2316 acc=0.6092 fpr=0.2989 recall=0.5212 auroc=0.6706
[EvalSplit][FUSED][ALL][SENSOR_WV3] count=3518 acc=0.7607 fpr=0.1368 recall=0.6902 auroc=0.8700
[EvalSplit][FUSED][OVERLAP][SENSOR_WV3] count=1957 acc=0.7777 fpr=0.0861 recall=0.6879 auroc=0.9070
[EvalSplit][FUSED][SINGLE][SENSOR_WV3] count=1561 acc=0.7393 fpr=0.1969 recall=0.6932 auroc=0.8295
[EvalSplit][REF_SENSOR_HEAD][ALL][SENSOR_S2] count=23781 acc=0.9038 fpr=0.1237 recall=0.9314 auroc=0.9624
[EvalSplit][REF_SENSOR_HEAD][OVERLAP][SENSOR_S2] count=3647 acc=0.8980 fpr=0.1401 recall=0.9360 auroc=0.9625
[EvalSplit][REF_SENSOR_HEAD][SINGLE][SENSOR_S2] count=20134 acc=0.9049 fpr=0.1207 recall=0.9306 auroc=0.9625
[EvalSplit][REF_SENSOR_HEAD][ALL][SENSOR_L89] count=8460 acc=0.7056 fpr=0.3567 recall=0.7688 auroc=0.7736
[EvalSplit][REF_SENSOR_HEAD][OVERLAP][SENSOR_L89] count=1886 acc=0.7041 fpr=0.3362 recall=0.7444 auroc=0.7646
[EvalSplit][REF_SENSOR_HEAD][SINGLE][SENSOR_L89] count=6574 acc=0.7060 fpr=0.3625 recall=0.7759 auroc=0.7750
[EvalSplit][REF_SENSOR_HEAD][ALL][SENSOR_S5P] count=7404 acc=0.5863 fpr=0.3218 recall=0.5037 auroc=0.6547
[EvalSplit][REF_SENSOR_HEAD][OVERLAP][SENSOR_S5P] count=5088 acc=0.5704 fpr=0.3218 recall=0.4763 auroc=0.6399
[EvalSplit][REF_SENSOR_HEAD][SINGLE][SENSOR_S5P] count=2316 acc=0.6213 fpr=0.3219 recall=0.5668 auroc=0.6862
[EvalSplit][REF_SENSOR_HEAD][ALL][SENSOR_WV3] count=3518 acc=0.7396 fpr=0.1877 recall=0.6897 auroc=0.8283
[EvalSplit][REF_SENSOR_HEAD][OVERLAP][SENSOR_WV3] count=1957 acc=0.7379 fpr=0.1774 recall=0.6819 auroc=0.8309
[EvalSplit][REF_SENSOR_HEAD][SINGLE][SENSOR_WV3] count=1561 acc=0.7418 fpr=0.2000 recall=0.6998 auroc=0.8258
Saved new best checkpoint: /transferdiniu2/yuyao/checkpoints/multi_sensor_tests5p/Geo universal overlap dataset include all 2025 (schema2)/ckpt_best_test.pth (test_acc=0.8360)
[Cache][Warn] Low free space (97.70 GB) under /diniuvol/yuyao/local_train_temp_cache; falling back to remote reads.
[Cache][Warn] Low free space (97.70 GB) under /diniuvol/yuyao/local_train_temp_cache; falling back to remote reads.
[Cache][Warn] Low free space (97.70 GB) under /diniuvol/yuyao/local_train_temp_cache; falling back to remote reads.
[Cache][Warn] Low free space (97.70 GB) under /diniuvol/yuyao/local_train_temp_cache; falling back to remote reads.
[Cache][Warn] Low free space (97.70 GB) under /diniuvol/yuyao/local_train_temp_cache; falling back to remote reads.
[Cache][Warn] Low free space (97.70 GB) under /diniuvol/yuyao/local_train_temp_cache; falling back to remote reads.
[Cache][Warn] Low free space (97.70 GB) under /diniuvol/yuyao/local_train_temp_cache; falling back to remote reads.
[Cache][Warn] Low free space (97.70 GB) under /diniuvol/yuyao/local_train_temp_cache; falling back to remote reads.
Epoch 4 step 50/4126 train_loss=0.7345 train_acc=0.8981 fused_loss=0.2457 sensor_aux_loss=1.2809 s2_loss=0.2106 l89_loss=0.1592 s5p_loss=0.4387 wv3_loss=0.4724
Epoch 4 step 100/4126 train_loss=0.7515 train_acc=0.8934 fused_loss=0.3117 sensor_aux_loss=1.1347 s2_loss=0.3940 l89_loss=0.2929 s5p_loss=0.2536 wv3_loss=0.1943
Epoch 4 step 150/4126 train_loss=0.7428 train_acc=0.8952 fused_loss=0.3214 sensor_aux_loss=1.2262 s2_loss=0.2753 l89_loss=0.1623 s5p_loss=0.3181 wv3_loss=0.4705
Epoch 4 step 200/4126 train_loss=0.7369 train_acc=0.8994 fused_loss=0.2927 sensor_aux_loss=1.6149 s2_loss=0.3090 l89_loss=0.3934 s5p_loss=0.5008 wv3_loss=0.4117
Epoch 4 step 250/4126 train_loss=0.7345 train_acc=0.9015 fused_loss=0.3020 sensor_aux_loss=1.3157 s2_loss=0.3220 l89_loss=0.1791 s5p_loss=0.4872 wv3_loss=0.3275
Epoch 4 step 300/4126 train_loss=0.7321 train_acc=0.9029 fused_loss=0.2725 sensor_aux_loss=1.4597 s2_loss=0.1849 l89_loss=0.2879 s5p_loss=0.5305 wv3_loss=0.4564
Epoch 4 step 350/4126 train_loss=0.7288 train_acc=0.9036 fused_loss=0.3368 sensor_aux_loss=1.1227 s2_loss=0.2974 l89_loss=0.2906 s5p_loss=0.2929 wv3_loss=0.2418
Epoch 4 step 400/4126 train_loss=0.7298 train_acc=0.9030 fused_loss=0.4256 sensor_aux_loss=1.7571 s2_loss=0.5769 l89_loss=0.4940 s5p_loss=0.2366 wv3_loss=0.4495
Epoch 4 step 450/4126 train_loss=0.7285 train_acc=0.9033 fused_loss=0.2861 sensor_aux_loss=1.4516 s2_loss=0.5178 l89_loss=0.2355 s5p_loss=0.4120 wv3_loss=0.2862
Epoch 4 step 500/4126 train_loss=0.7264 train_acc=0.9034 fused_loss=0.2491 sensor_aux_loss=1.1692 s2_loss=0.2743 l89_loss=0.1899 s5p_loss=0.2947 wv3_loss=0.4103
Epoch 4 step 550/4126 train_loss=0.7269 train_acc=0.9027 fused_loss=0.3196 sensor_aux_loss=1.3916 s2_loss=0.1812 l89_loss=0.3183 s5p_loss=0.2977 wv3_loss=0.5944
Epoch 4 step 600/4126 train_loss=0.7302 train_acc=0.9019 fused_loss=0.4114 sensor_aux_loss=1.5554 s2_loss=0.6203 l89_loss=0.2134 s5p_loss=0.4630 wv3_loss=0.2587
Epoch 4 step 650/4126 train_loss=0.7277 train_acc=0.9033 fused_loss=0.2544 sensor_aux_loss=1.2101 s2_loss=0.3236 l89_loss=0.1503 s5p_loss=0.3834 wv3_loss=0.3528
Epoch 4 step 700/4126 train_loss=0.7268 train_acc=0.9040 fused_loss=0.3411 sensor_aux_loss=1.5746 s2_loss=0.1849 l89_loss=0.1887 s5p_loss=0.3605 wv3_loss=0.8406
Epoch 4 step 750/4126 train_loss=0.7235 train_acc=0.9043 fused_loss=0.2977 sensor_aux_loss=1.3973 s2_loss=0.3459 l89_loss=0.3082 s5p_loss=0.5535 wv3_loss=0.1898
Epoch 4 step 800/4126 train_loss=0.7213 train_acc=0.9050 fused_loss=0.4270 sensor_aux_loss=1.8976 s2_loss=0.4296 l89_loss=0.5765 s5p_loss=0.4415 wv3_loss=0.4499
Epoch 4 step 850/4126 train_loss=0.7217 train_acc=0.9047 fused_loss=0.2980 sensor_aux_loss=1.3805 s2_loss=0.1721 l89_loss=0.2704 s5p_loss=0.4159 wv3_loss=0.5221
Epoch 4 step 900/4126 train_loss=0.7210 train_acc=0.9049 fused_loss=0.2439 sensor_aux_loss=1.3545 s2_loss=0.1457 l89_loss=0.3360 s5p_loss=0.6275 wv3_loss=0.2453
Epoch 4 step 950/4126 train_loss=0.7205 train_acc=0.9051 fused_loss=0.2428 sensor_aux_loss=1.1239 s2_loss=0.2006 l89_loss=0.2349 s5p_loss=0.2265 wv3_loss=0.4618
Epoch 4 step 1000/4126 train_loss=0.7201 train_acc=0.9053 fused_loss=0.3182 sensor_aux_loss=1.1242 s2_loss=0.3301 l89_loss=0.2423 s5p_loss=0.3552 wv3_loss=0.1965
Epoch 4 step 1050/4126 train_loss=0.7191 train_acc=0.9055 fused_loss=0.2263 sensor_aux_loss=1.0347 s2_loss=0.2550 l89_loss=0.2246 s5p_loss=0.4042 wv3_loss=0.1508
Epoch 4 step 1100/4126 train_loss=0.7194 train_acc=0.9058 fused_loss=0.3103 sensor_aux_loss=1.2319 s2_loss=0.2584 l89_loss=0.4212 s5p_loss=0.3598 wv3_loss=0.1925
Epoch 4 step 1150/4126 train_loss=0.7193 train_acc=0.9059 fused_loss=0.4250 sensor_aux_loss=1.9647 s2_loss=0.3568 l89_loss=0.7050 s5p_loss=0.6796 wv3_loss=0.2232
Epoch 4 step 1200/4126 train_loss=0.7185 train_acc=0.9060 fused_loss=0.2407 sensor_aux_loss=1.1073 s2_loss=0.2433 l89_loss=0.2383 s5p_loss=0.4256 wv3_loss=0.2000
Epoch 4 step 1250/4126 train_loss=0.7169 train_acc=0.9062 fused_loss=0.2588 sensor_aux_loss=1.0673 s2_loss=0.4454 l89_loss=0.2528 s5p_loss=0.2116 wv3_loss=0.1575
Epoch 4 step 1300/4126 train_loss=0.7155 train_acc=0.9068 fused_loss=0.2214 sensor_aux_loss=1.1938 s2_loss=0.1939 l89_loss=0.2361 s5p_loss=0.4215 wv3_loss=0.3423
Epoch 4 step 1350/4126 train_loss=0.7144 train_acc=0.9068 fused_loss=0.2295 sensor_aux_loss=1.2767 s2_loss=0.2480 l89_loss=0.2739 s5p_loss=0.4790 wv3_loss=0.2759
Epoch 4 step 1400/4126 train_loss=0.7121 train_acc=0.9073 fused_loss=0.3896 sensor_aux_loss=1.7349 s2_loss=0.6187 l89_loss=0.3478 s5p_loss=0.4172 wv3_loss=0.3512
Epoch 4 step 1450/4126 train_loss=0.7121 train_acc=0.9075 fused_loss=0.3499 sensor_aux_loss=1.5914 s2_loss=0.1604 l89_loss=0.2757 s5p_loss=0.6141 wv3_loss=0.5412
Epoch 4 step 1500/4126 train_loss=0.7112 train_acc=0.9076 fused_loss=0.2394 sensor_aux_loss=1.3262 s2_loss=0.1994 l89_loss=0.4596 s5p_loss=0.3721 wv3_loss=0.2951
Epoch 4 step 1550/4126 train_loss=0.7113 train_acc=0.9074 fused_loss=0.2546 sensor_aux_loss=1.2839 s2_loss=0.2513 l89_loss=0.1929 s5p_loss=0.4992 wv3_loss=0.3405
Epoch 4 step 1600/4126 train_loss=0.7107 train_acc=0.9076 fused_loss=0.1862 sensor_aux_loss=1.0821 s2_loss=0.2074 l89_loss=0.2502 s5p_loss=0.3924 wv3_loss=0.2320
Epoch 4 step 1650/4126 train_loss=0.7097 train_acc=0.9080 fused_loss=0.2268 sensor_aux_loss=1.3846 s2_loss=0.3155 l89_loss=0.2730 s5p_loss=0.4504 wv3_loss=0.3457
Epoch 4 step 1700/4126 train_loss=0.7097 train_acc=0.9079 fused_loss=0.2249 sensor_aux_loss=1.4108 s2_loss=0.3340 l89_loss=0.2716 s5p_loss=0.2498 wv3_loss=0.5555
Epoch 4 step 1750/4126 train_loss=0.7099 train_acc=0.9078 fused_loss=0.3108 sensor_aux_loss=1.7553 s2_loss=0.3476 l89_loss=0.1962 s5p_loss=0.9257 wv3_loss=0.2858
Epoch 4 step 1800/4126 train_loss=0.7096 train_acc=0.9080 fused_loss=0.2058 sensor_aux_loss=0.9643 s2_loss=0.2455 l89_loss=0.1518 s5p_loss=0.3461 wv3_loss=0.2209
Epoch 4 step 1850/4126 train_loss=0.7086 train_acc=0.9082 fused_loss=0.3433 sensor_aux_loss=1.5888 s2_loss=0.4916 l89_loss=0.3402 s5p_loss=0.3226 wv3_loss=0.4345
Epoch 4 step 1900/4126 train_loss=0.7088 train_acc=0.9081 fused_loss=0.3316 sensor_aux_loss=1.4074 s2_loss=0.1830 l89_loss=0.3640 s5p_loss=0.3401 wv3_loss=0.5203
Epoch 4 step 1950/4126 train_loss=0.7090 train_acc=0.9081 fused_loss=0.4829 sensor_aux_loss=2.1092 s2_loss=0.5380 l89_loss=0.5047 s5p_loss=0.4256 wv3_loss=0.6408
Epoch 4 step 2000/4126 train_loss=0.7083 train_acc=0.9083 fused_loss=0.2521 sensor_aux_loss=1.0470 s2_loss=0.3081 l89_loss=0.1508 s5p_loss=0.4075 wv3_loss=0.1806
Epoch 4 step 2050/4126 train_loss=0.7069 train_acc=0.9085 fused_loss=0.2383 sensor_aux_loss=1.2242 s2_loss=0.3579 l89_loss=0.1863 s5p_loss=0.3878 wv3_loss=0.2922
Epoch 4 step 2100/4126 train_loss=0.7074 train_acc=0.9082 fused_loss=0.2027 sensor_aux_loss=1.0644 s2_loss=0.2160 l89_loss=0.1666 s5p_loss=0.4651 wv3_loss=0.2168
Epoch 4 step 2150/4126 train_loss=0.7070 train_acc=0.9082 fused_loss=0.1925 sensor_aux_loss=1.2245 s2_loss=0.3327 l89_loss=0.1776 s5p_loss=0.3321 wv3_loss=0.3821
Epoch 4 step 2200/4126 train_loss=0.7062 train_acc=0.9083 fused_loss=0.2638 sensor_aux_loss=1.4569 s2_loss=0.5102 l89_loss=0.3450 s5p_loss=0.3085 wv3_loss=0.2932
Epoch 4 step 2250/4126 train_loss=0.7050 train_acc=0.9085 fused_loss=0.2900 sensor_aux_loss=1.1055 s2_loss=0.3356 l89_loss=0.1726 s5p_loss=0.3157 wv3_loss=0.2816
Epoch 4 step 2300/4126 train_loss=0.7041 train_acc=0.9088 fused_loss=0.3605 sensor_aux_loss=1.6634 s2_loss=0.3380 l89_loss=0.5568 s5p_loss=0.3330 wv3_loss=0.4356
Epoch 4 step 2350/4126 train_loss=0.7036 train_acc=0.9089 fused_loss=0.3850 sensor_aux_loss=1.7447 s2_loss=0.4438 l89_loss=0.2227 s5p_loss=0.7039 wv3_loss=0.3743
Epoch 4 step 2400/4126 train_loss=0.7036 train_acc=0.9090 fused_loss=0.2470 sensor_aux_loss=1.1507 s2_loss=0.1618 l89_loss=0.2330 s5p_loss=0.3848 wv3_loss=0.3712
Epoch 4 step 2450/4126 train_loss=0.7038 train_acc=0.9091 fused_loss=0.2490 sensor_aux_loss=1.5231 s2_loss=0.3884 l89_loss=0.1343 s5p_loss=0.8428 wv3_loss=0.1577
Epoch 4 step 2500/4126 train_loss=0.7033 train_acc=0.9091 fused_loss=0.3270 sensor_aux_loss=1.3079 s2_loss=0.3495 l89_loss=0.3050 s5p_loss=0.3951 wv3_loss=0.2582
Epoch 4 step 2550/4126 train_loss=0.7027 train_acc=0.9093 fused_loss=0.2822 sensor_aux_loss=1.1707 s2_loss=0.2451 l89_loss=0.2204 s5p_loss=0.3279 wv3_loss=0.3773
Epoch 4 step 2600/4126 train_loss=0.7022 train_acc=0.9093 fused_loss=0.3029 sensor_aux_loss=1.6104 s2_loss=0.2999 l89_loss=0.2001 s5p_loss=0.7399 wv3_loss=0.3705
Epoch 4 step 2650/4126 train_loss=0.7026 train_acc=0.9091 fused_loss=0.2880 sensor_aux_loss=1.4542 s2_loss=0.3671 l89_loss=0.2141 s5p_loss=0.5037 wv3_loss=0.3694
Epoch 4 step 2700/4126 train_loss=0.7016 train_acc=0.9092 fused_loss=0.2530 sensor_aux_loss=1.2927 s2_loss=0.3507 l89_loss=0.1355 s5p_loss=0.5288 wv3_loss=0.2777
Epoch 4 step 2750/4126 train_loss=0.7017 train_acc=0.9091 fused_loss=0.2648 sensor_aux_loss=1.2534 s2_loss=0.4722 l89_loss=0.1891 s5p_loss=0.4265 wv3_loss=0.1657
Epoch 4 step 2800/4126 train_loss=0.7011 train_acc=0.9092 fused_loss=0.2552 sensor_aux_loss=1.3707 s2_loss=0.3719 l89_loss=0.3569 s5p_loss=0.2922 wv3_loss=0.3497
Epoch 4 step 2850/4126 train_loss=0.7008 train_acc=0.9093 fused_loss=0.2660 sensor_aux_loss=1.3873 s2_loss=0.2296 l89_loss=0.1289 s5p_loss=0.5133 wv3_loss=0.5155
Epoch 4 step 2900/4126 train_loss=0.7004 train_acc=0.9094 fused_loss=0.2914 sensor_aux_loss=1.3096 s2_loss=0.4008 l89_loss=0.2139 s5p_loss=0.4997 wv3_loss=0.1952
Epoch 4 step 2950/4126 train_loss=0.6997 train_acc=0.9097 fused_loss=0.4040 sensor_aux_loss=1.8743 s2_loss=0.4054 l89_loss=0.2344 s5p_loss=0.3640 wv3_loss=0.8705
Epoch 4 step 3000/4126 train_loss=0.7001 train_acc=0.9095 fused_loss=0.3144 sensor_aux_loss=1.5502 s2_loss=0.2812 l89_loss=0.2192 s5p_loss=0.5061 wv3_loss=0.5437
Epoch 4 step 3050/4126 train_loss=0.7000 train_acc=0.9094 fused_loss=0.3279 sensor_aux_loss=1.3858 s2_loss=0.1898 l89_loss=0.5535 s5p_loss=0.2373 wv3_loss=0.4052
Epoch 4 step 3100/4126 train_loss=0.7001 train_acc=0.9096 fused_loss=0.2511 sensor_aux_loss=1.4965 s2_loss=0.1820 l89_loss=0.1715 s5p_loss=0.4090 wv3_loss=0.7340
Epoch 4 step 3150/4126 train_loss=0.6996 train_acc=0.9098 fused_loss=0.2642 sensor_aux_loss=1.2594 s2_loss=0.3555 l89_loss=0.1700 s5p_loss=0.5147 wv3_loss=0.2192
Epoch 4 step 3200/4126 train_loss=0.6992 train_acc=0.9098 fused_loss=0.1885 sensor_aux_loss=0.9888 s2_loss=0.1543 l89_loss=0.2910 s5p_loss=0.2654 wv3_loss=0.2781
Epoch 4 step 3250/4126 train_loss=0.6991 train_acc=0.9098 fused_loss=0.3078 sensor_aux_loss=1.2956 s2_loss=0.3858 l89_loss=0.3110 s5p_loss=0.3001 wv3_loss=0.2987
Epoch 4 step 3300/4126 train_loss=0.6987 train_acc=0.9099 fused_loss=0.2423 sensor_aux_loss=1.1958 s2_loss=0.2281 l89_loss=0.3945 s5p_loss=0.3369 wv3_loss=0.2362
Epoch 4 step 3350/4126 train_loss=0.6980 train_acc=0.9101 fused_loss=0.2869 sensor_aux_loss=1.3335 s2_loss=0.3873 l89_loss=0.1641 s5p_loss=0.3351 wv3_loss=0.4470
Epoch 4 step 3400/4126 train_loss=0.6982 train_acc=0.9100 fused_loss=0.4257 sensor_aux_loss=1.5777 s2_loss=0.5571 l89_loss=0.2157 s5p_loss=0.4227 wv3_loss=0.3822
Epoch 4 step 3450/4126 train_loss=0.6975 train_acc=0.9103 fused_loss=0.2836 sensor_aux_loss=1.6178 s2_loss=0.2337 l89_loss=0.2427 s5p_loss=0.5321 wv3_loss=0.6093
Epoch 4 step 3500/4126 train_loss=0.6970 train_acc=0.9104 fused_loss=0.2565 sensor_aux_loss=1.2886 s2_loss=0.1846 l89_loss=0.3715 s5p_loss=0.4817 wv3_loss=0.2507
Epoch 4 step 3550/4126 train_loss=0.6964 train_acc=0.9105 fused_loss=0.2174 sensor_aux_loss=1.5430 s2_loss=0.2390 l89_loss=0.1253 s5p_loss=0.7945 wv3_loss=0.3841
Epoch 4 step 3600/4126 train_loss=0.6959 train_acc=0.9106 fused_loss=0.1973 sensor_aux_loss=1.0871 s2_loss=0.1581 l89_loss=0.1380 s5p_loss=0.5267 wv3_loss=0.2643
Epoch 4 step 3650/4126 train_loss=0.6958 train_acc=0.9106 fused_loss=0.2789 sensor_aux_loss=1.1886 s2_loss=0.3241 l89_loss=0.1981 s5p_loss=0.3242 wv3_loss=0.3422
Epoch 4 step 3700/4126 train_loss=0.6954 train_acc=0.9107 fused_loss=0.3272 sensor_aux_loss=1.6557 s2_loss=0.7241 l89_loss=0.3634 s5p_loss=0.3032 wv3_loss=0.2651
Epoch 4 step 3750/4126 train_loss=0.6953 train_acc=0.9107 fused_loss=0.4258 sensor_aux_loss=1.8594 s2_loss=0.4660 l89_loss=0.5164 s5p_loss=0.2952 wv3_loss=0.5819
Epoch 4 step 3800/4126 train_loss=0.6949 train_acc=0.9107 fused_loss=0.2577 sensor_aux_loss=1.0669 s2_loss=0.2785 l89_loss=0.2357 s5p_loss=0.2835 wv3_loss=0.2692
Epoch 4 step 3850/4126 train_loss=0.6945 train_acc=0.9107 fused_loss=0.2390 sensor_aux_loss=0.9330 s2_loss=0.1433 l89_loss=0.1527 s5p_loss=0.3915 wv3_loss=0.2455
Epoch 4 step 3900/4126 train_loss=0.6941 train_acc=0.9109 fused_loss=0.3361 sensor_aux_loss=1.4048 s2_loss=0.2870 l89_loss=0.3536 s5p_loss=0.2177 wv3_loss=0.5464
Epoch 4 step 3950/4126 train_loss=0.6936 train_acc=0.9110 fused_loss=0.2315 sensor_aux_loss=1.0546 s2_loss=0.1346 l89_loss=0.3140 s5p_loss=0.4057 wv3_loss=0.2003
Epoch 4 step 4000/4126 train_loss=0.6931 train_acc=0.9111 fused_loss=0.2394 sensor_aux_loss=1.3003 s2_loss=0.2408 l89_loss=0.4316 s5p_loss=0.4180 wv3_loss=0.2098
Epoch 4 step 4050/4126 train_loss=0.6926 train_acc=0.9112 fused_loss=0.2456 sensor_aux_loss=1.2609 s2_loss=0.3806 l89_loss=0.2242 s5p_loss=0.3959 wv3_loss=0.2602
Epoch 4 step 4100/4126 train_loss=0.6928 train_acc=0.9113 fused_loss=0.2432 sensor_aux_loss=1.1448 s2_loss=0.4511 l89_loss=0.1745 s5p_loss=0.3821 wv3_loss=0.1371
[Cache][Warn] Low free space (97.70 GB) under /diniuvol/yuyao/local_train_temp_cache; falling back to remote reads.
[Cache][Warn] Low free space (97.70 GB) under /diniuvol/yuyao/local_train_temp_cache; falling back to remote reads.
[Cache][Warn] Low free space (97.70 GB) under /diniuvol/yuyao/local_train_temp_cache; falling back to remote reads.
[Cache][Warn] Low free space (97.70 GB) under /diniuvol/yuyao/local_train_temp_cache; falling back to remote reads.
[Cache][Warn] Low free space (97.70 GB) under /diniuvol/yuyao/local_train_temp_cache; falling back to remote reads.
[Cache][Warn] Low free space (97.70 GB) under /diniuvol/yuyao/local_train_temp_cache; falling back to remote reads.
[Cache][Warn] Low free space (97.70 GB) under /diniuvol/yuyao/local_train_temp_cache; falling back to remote reads.
[Cache][Warn] Low free space (97.70 GB) under /diniuvol/yuyao/local_train_temp_cache; falling back to remote reads.
Epoch 4: train_loss=0.6929 train_acc=0.9113 test_loss=0.6430 test_acc=0.8296 test_fpr=0.1582 test_recall=0.8179 test_auroc=0.9060 train_fused_loss=0.2876 train_sensor_aux_loss=1.3509
[EvalSplit][FUSED][ALL][OVERALL] count=36826 acc=0.8296 fpr=0.1582 recall=0.8179 auroc=0.9060
[EvalSplit][FUSED][OVERLAP][OVERALL] count=6241 acc=0.8470 fpr=0.1241 recall=0.8214 auroc=0.9199
[EvalSplit][FUSED][SINGLE][OVERALL] count=30585 acc=0.8261 fpr=0.1648 recall=0.8171 auroc=0.9046
[EvalSplit][FUSED][ALL][SENSOR_S2] count=23781 acc=0.9069 fpr=0.1375 recall=0.9514 auroc=0.9619
[EvalSplit][FUSED][OVERLAP][SENSOR_S2] count=3647 acc=0.9117 fpr=0.1159 recall=0.9392 auroc=0.9589
[EvalSplit][FUSED][SINGLE][SENSOR_S2] count=20134 acc=0.9060 fpr=0.1414 recall=0.9536 auroc=0.9642
[EvalSplit][FUSED][ALL][SENSOR_L89] count=8460 acc=0.7225 fpr=0.1597 recall=0.6027 auroc=0.8039
[EvalSplit][FUSED][OVERLAP][SENSOR_L89] count=1886 acc=0.8378 fpr=0.1357 recall=0.8112 auroc=0.9025
[EvalSplit][FUSED][SINGLE][SENSOR_L89] count=6574 acc=0.6894 fpr=0.1665 recall=0.5423 auroc=0.7768
[EvalSplit][FUSED][ALL][SENSOR_S5P] count=7404 acc=0.7627 fpr=0.1963 recall=0.7258 auroc=0.8491
[EvalSplit][FUSED][OVERLAP][SENSOR_S5P] count=5088 acc=0.8363 fpr=0.1295 recall=0.8064 auroc=0.9103
[EvalSplit][FUSED][SINGLE][SENSOR_S5P] count=2316 acc=0.6010 fpr=0.3360 recall=0.5406 auroc=0.6618
[EvalSplit][FUSED][ALL][SENSOR_WV3] count=3518 acc=0.7362 fpr=0.1584 recall=0.6638 auroc=0.8386
[EvalSplit][FUSED][OVERLAP][SENSOR_WV3] count=1957 acc=0.7614 fpr=0.1067 recall=0.6743 auroc=0.8837
[EvalSplit][FUSED][SINGLE][SENSOR_WV3] count=1561 acc=0.7047 fpr=0.2198 recall=0.6501 auroc=0.7842
[EvalSplit][REF_SENSOR_HEAD][ALL][SENSOR_S2] count=23781 acc=0.9042 fpr=0.1453 recall=0.9537 auroc=0.9646
[EvalSplit][REF_SENSOR_HEAD][OVERLAP][SENSOR_S2] count=3647 acc=0.8969 fpr=0.1659 recall=0.9595 auroc=0.9643
[EvalSplit][REF_SENSOR_HEAD][SINGLE][SENSOR_S2] count=20134 acc=0.9055 fpr=0.1416 recall=0.9527 auroc=0.9647
[EvalSplit][REF_SENSOR_HEAD][ALL][SENSOR_L89] count=8460 acc=0.6946 fpr=0.1764 recall=0.5634 auroc=0.7740
[EvalSplit][REF_SENSOR_HEAD][OVERLAP][SENSOR_L89] count=1886 acc=0.7010 fpr=0.1866 recall=0.5885 auroc=0.7707
[EvalSplit][REF_SENSOR_HEAD][SINGLE][SENSOR_L89] count=6574 acc=0.6927 fpr=0.1734 recall=0.5561 auroc=0.7748
[EvalSplit][REF_SENSOR_HEAD][ALL][SENSOR_S5P] count=7404 acc=0.5524 fpr=0.3198 recall=0.4375 auroc=0.6335
[EvalSplit][REF_SENSOR_HEAD][OVERLAP][SENSOR_S5P] count=5088 acc=0.5377 fpr=0.3446 recall=0.4350 auroc=0.6087
[EvalSplit][REF_SENSOR_HEAD][SINGLE][SENSOR_S5P] count=2316 acc=0.5846 fpr=0.2681 recall=0.4433 auroc=0.6815
[EvalSplit][REF_SENSOR_HEAD][ALL][SENSOR_WV3] count=3518 acc=0.7058 fpr=0.1940 recall=0.6369 auroc=0.7948
[EvalSplit][REF_SENSOR_HEAD][OVERLAP][SENSOR_WV3] count=1957 acc=0.7031 fpr=0.1787 recall=0.6251 auroc=0.7998
[EvalSplit][REF_SENSOR_HEAD][SINGLE][SENSOR_WV3] count=1561 acc=0.7092 fpr=0.2122 recall=0.6523 auroc=0.7898
[Cache][Warn] Low free space (97.70 GB) under /diniuvol/yuyao/local_train_temp_cache; falling back to remote reads.
[Cache][Warn] Low free space (97.70 GB) under /diniuvol/yuyao/local_train_temp_cache; falling back to remote reads.
[Cache][Warn] Low free space (97.70 GB) under /diniuvol/yuyao/local_train_temp_cache; falling back to remote reads.
[Cache][Warn] Low free space (97.70 GB) under /diniuvol/yuyao/local_train_temp_cache; falling back to remote reads.
[Cache][Warn] Low free space (97.70 GB) under /diniuvol/yuyao/local_train_temp_cache; falling back to remote reads.
[Cache][Warn] Low free space (97.70 GB) under /diniuvol/yuyao/local_train_temp_cache; falling back to remote reads.
[Cache][Warn] Low free space (97.70 GB) under /diniuvol/yuyao/local_train_temp_cache; falling back to remote reads.
[Cache][Warn] Low free space (97.70 GB) under /diniuvol/yuyao/local_train_temp_cache; falling back to remote reads.
Epoch 5 step 50/4126 train_loss=0.6415 train_acc=0.9231 fused_loss=0.2671 sensor_aux_loss=1.4625 s2_loss=0.3366 l89_loss=0.1684 s5p_loss=0.4874 wv3_loss=0.4701
Epoch 5 step 100/4126 train_loss=0.6527 train_acc=0.9178 fused_loss=0.2692 sensor_aux_loss=1.2199 s2_loss=0.3637 l89_loss=0.1318 s5p_loss=0.4543 wv3_loss=0.2700
Epoch 5 step 150/4126 train_loss=0.6548 train_acc=0.9185 fused_loss=0.2151 sensor_aux_loss=1.2635 s2_loss=0.2522 l89_loss=0.2869 s5p_loss=0.3895 wv3_loss=0.3347
Epoch 5 step 200/4126 train_loss=0.6593 train_acc=0.9203 fused_loss=0.1631 sensor_aux_loss=0.9408 s2_loss=0.1763 l89_loss=0.1269 s5p_loss=0.3954 wv3_loss=0.2422
Epoch 5 step 250/4126 train_loss=0.6559 train_acc=0.9219 fused_loss=0.2024 sensor_aux_loss=1.0253 s2_loss=0.2427 l89_loss=0.2209 s5p_loss=0.4300 wv3_loss=0.1318
Epoch 5 step 300/4126 train_loss=0.6555 train_acc=0.9220 fused_loss=0.2241 sensor_aux_loss=1.2877 s2_loss=0.2545 l89_loss=0.1243 s5p_loss=0.6640 wv3_loss=0.2449
Epoch 5 step 350/4126 train_loss=0.6576 train_acc=0.9208 fused_loss=0.2704 sensor_aux_loss=1.2891 s2_loss=0.2887 l89_loss=0.2077 s5p_loss=0.3964 wv3_loss=0.3963
Epoch 5 step 400/4126 train_loss=0.6568 train_acc=0.9217 fused_loss=0.2152 sensor_aux_loss=1.0244 s2_loss=0.3306 l89_loss=0.2174 s5p_loss=0.1706 wv3_loss=0.3058
Epoch 5 step 450/4126 train_loss=0.6560 train_acc=0.9215 fused_loss=0.3141 sensor_aux_loss=1.5978 s2_loss=0.3163 l89_loss=0.3302 s5p_loss=0.7379 wv3_loss=0.2134
Epoch 5 step 500/4126 train_loss=0.6548 train_acc=0.9217 fused_loss=0.3484 sensor_aux_loss=1.3252 s2_loss=0.4236 l89_loss=0.1672 s5p_loss=0.2263 wv3_loss=0.5082
Epoch 5 step 550/4126 train_loss=0.6554 train_acc=0.9222 fused_loss=0.2311 sensor_aux_loss=1.1933 s2_loss=0.2202 l89_loss=0.2644 s5p_loss=0.4874 wv3_loss=0.2213
Epoch 5 step 600/4126 train_loss=0.6526 train_acc=0.9228 fused_loss=0.2119 sensor_aux_loss=1.4804 s2_loss=0.4211 l89_loss=0.1412 s5p_loss=0.3568 wv3_loss=0.5613
Epoch 5 step 650/4126 train_loss=0.6526 train_acc=0.9227 fused_loss=0.2417 sensor_aux_loss=1.1229 s2_loss=0.2118 l89_loss=0.2401 s5p_loss=0.2962 wv3_loss=0.3748
Epoch 5 step 700/4126 train_loss=0.6517 train_acc=0.9230 fused_loss=0.2434 sensor_aux_loss=1.5607 s2_loss=0.2515 l89_loss=0.4041 s5p_loss=0.7108 wv3_loss=0.1943
Epoch 5 step 750/4126 train_loss=0.6501 train_acc=0.9233 fused_loss=0.2264 sensor_aux_loss=1.0709 s2_loss=0.2532 l89_loss=0.1684 s5p_loss=0.3448 wv3_loss=0.3044
Epoch 5 step 800/4126 train_loss=0.6490 train_acc=0.9234 fused_loss=0.3522 sensor_aux_loss=1.4941 s2_loss=0.4131 l89_loss=0.2420 s5p_loss=0.4950 wv3_loss=0.3439
Epoch 5 step 850/4126 train_loss=0.6463 train_acc=0.9241 fused_loss=0.1691 sensor_aux_loss=0.8495 s2_loss=0.2567 l89_loss=0.1419 s5p_loss=0.2252 wv3_loss=0.2257
Epoch 5 step 900/4126 train_loss=0.6468 train_acc=0.9241 fused_loss=0.3797 sensor_aux_loss=1.5934 s2_loss=0.3199 l89_loss=0.3289 s5p_loss=0.3240 wv3_loss=0.6206
Epoch 5 step 950/4126 train_loss=0.6460 train_acc=0.9240 fused_loss=0.2817 sensor_aux_loss=0.9838 s2_loss=0.2966 l89_loss=0.1386 s5p_loss=0.1671 wv3_loss=0.3815
Epoch 5 step 1000/4126 train_loss=0.6471 train_acc=0.9235 fused_loss=0.3325 sensor_aux_loss=1.3059 s2_loss=0.4402 l89_loss=0.2254 s5p_loss=0.4750 wv3_loss=0.1653
Epoch 5 step 1050/4126 train_loss=0.6477 train_acc=0.9229 fused_loss=0.2755 sensor_aux_loss=1.2583 s2_loss=0.3575 l89_loss=0.3062 s5p_loss=0.2712 wv3_loss=0.3234
Epoch 5 step 1100/4126 train_loss=0.6472 train_acc=0.9229 fused_loss=0.3888 sensor_aux_loss=1.7571 s2_loss=0.3306 l89_loss=0.2399 s5p_loss=0.7166 wv3_loss=0.4699
Epoch 5 step 1150/4126 train_loss=0.6488 train_acc=0.9227 fused_loss=0.2695 sensor_aux_loss=1.4113 s2_loss=0.1618 l89_loss=0.1547 s5p_loss=0.7758 wv3_loss=0.3191
Epoch 5 step 1200/4126 train_loss=0.6494 train_acc=0.9228 fused_loss=0.2844 sensor_aux_loss=1.3470 s2_loss=0.2302 l89_loss=0.4759 s5p_loss=0.4047 wv3_loss=0.2361
Epoch 5 step 1250/4126 train_loss=0.6514 train_acc=0.9223 fused_loss=0.1714 sensor_aux_loss=0.9877 s2_loss=0.1623 l89_loss=0.1490 s5p_loss=0.4528 wv3_loss=0.2236
Epoch 5 step 1300/4126 train_loss=0.6508 train_acc=0.9223 fused_loss=0.2599 sensor_aux_loss=1.1641 s2_loss=0.2256 l89_loss=0.4090 s5p_loss=0.2921 wv3_loss=0.2374
Epoch 5 step 1350/4126 train_loss=0.6507 train_acc=0.9220 fused_loss=0.2226 sensor_aux_loss=1.2251 s2_loss=0.1321 l89_loss=0.4079 s5p_loss=0.3720 wv3_loss=0.3131
Epoch 5 step 1400/4126 train_loss=0.6499 train_acc=0.9219 fused_loss=0.2828 sensor_aux_loss=1.4968 s2_loss=0.3289 l89_loss=0.2413 s5p_loss=0.2972 wv3_loss=0.6295
Epoch 5 step 1450/4126 train_loss=0.6498 train_acc=0.9220 fused_loss=0.2082 sensor_aux_loss=0.8817 s2_loss=0.3500 l89_loss=0.1381 s5p_loss=0.2230 wv3_loss=0.1707
Epoch 5 step 1500/4126 train_loss=0.6491 train_acc=0.9222 fused_loss=0.4035 sensor_aux_loss=1.7369 s2_loss=0.4531 l89_loss=0.4782 s5p_loss=0.3087 wv3_loss=0.4969
Epoch 5 step 1550/4126 train_loss=0.6491 train_acc=0.9221 fused_loss=0.2716 sensor_aux_loss=1.6406 s2_loss=0.2518 l89_loss=0.3813 s5p_loss=0.6635 wv3_loss=0.3439
Epoch 5 step 1600/4126 train_loss=0.6480 train_acc=0.9223 fused_loss=0.2305 sensor_aux_loss=0.8125 s2_loss=0.2416 l89_loss=0.1516 s5p_loss=0.1718 wv3_loss=0.2475
Epoch 5 step 1650/4126 train_loss=0.6479 train_acc=0.9222 fused_loss=0.2264 sensor_aux_loss=1.2943 s2_loss=0.2937 l89_loss=0.1410 s5p_loss=0.4398 wv3_loss=0.4198
Epoch 5 step 1700/4126 train_loss=0.6479 train_acc=0.9223 fused_loss=0.2861 sensor_aux_loss=1.4617 s2_loss=0.4571 l89_loss=0.5093 s5p_loss=0.3583 wv3_loss=0.1370
Epoch 5 step 1750/4126 train_loss=0.6478 train_acc=0.9221 fused_loss=0.2942 sensor_aux_loss=1.4237 s2_loss=0.3915 l89_loss=0.5058 s5p_loss=0.1986 wv3_loss=0.3279
Epoch 5 step 1800/4126 train_loss=0.6479 train_acc=0.9219 fused_loss=0.2671 sensor_aux_loss=1.7853 s2_loss=0.1988 l89_loss=0.2152 s5p_loss=0.9823 wv3_loss=0.3891
Epoch 5 step 1850/4126 train_loss=0.6477 train_acc=0.9220 fused_loss=0.2855 sensor_aux_loss=1.1263 s2_loss=0.3555 l89_loss=0.1289 s5p_loss=0.3248 wv3_loss=0.3170
Epoch 5 step 1900/4126 train_loss=0.6478 train_acc=0.9220 fused_loss=0.2422 sensor_aux_loss=1.2921 s2_loss=0.1640 l89_loss=0.1972 s5p_loss=0.3097 wv3_loss=0.6213
Epoch 5 step 1950/4126 train_loss=0.6472 train_acc=0.9221 fused_loss=0.1457 sensor_aux_loss=0.8877 s2_loss=0.1379 l89_loss=0.1445 s5p_loss=0.4023 wv3_loss=0.2030
Epoch 5 step 2000/4126 train_loss=0.6463 train_acc=0.9223 fused_loss=0.1536 sensor_aux_loss=0.8917 s2_loss=0.1416 l89_loss=0.2525 s5p_loss=0.2335 wv3_loss=0.2642
Epoch 5 step 2050/4126 train_loss=0.6458 train_acc=0.9226 fused_loss=0.1910 sensor_aux_loss=1.1166 s2_loss=0.2843 l89_loss=0.1606 s5p_loss=0.4783 wv3_loss=0.1934
Epoch 5 step 2100/4126 train_loss=0.6461 train_acc=0.9225 fused_loss=0.1824 sensor_aux_loss=0.8278 s2_loss=0.1647 l89_loss=0.1747 s5p_loss=0.3088 wv3_loss=0.1796
Epoch 5 step 2150/4126 train_loss=0.6456 train_acc=0.9228 fused_loss=0.2304 sensor_aux_loss=1.4043 s2_loss=0.3878 l89_loss=0.2773 s5p_loss=0.5463 wv3_loss=0.1928
Epoch 5 step 2200/4126 train_loss=0.6453 train_acc=0.9229 fused_loss=0.1775 sensor_aux_loss=0.9643 s2_loss=0.2628 l89_loss=0.1568 s5p_loss=0.2699 wv3_loss=0.2748
Epoch 5 step 2250/4126 train_loss=0.6440 train_acc=0.9233 fused_loss=0.2533 sensor_aux_loss=1.0093 s2_loss=0.2093 l89_loss=0.1245 s5p_loss=0.3369 wv3_loss=0.3386
Epoch 5 step 2300/4126 train_loss=0.6441 train_acc=0.9232 fused_loss=0.1388 sensor_aux_loss=0.6974 s2_loss=0.1508 l89_loss=0.1698 s5p_loss=0.2029 wv3_loss=0.1738
Epoch 5 step 2350/4126 train_loss=0.6435 train_acc=0.9234 fused_loss=0.1962 sensor_aux_loss=1.0112 s2_loss=0.2101 l89_loss=0.2500 s5p_loss=0.2524 wv3_loss=0.2988
Epoch 5 step 2400/4126 train_loss=0.6433 train_acc=0.9234 fused_loss=0.2558 sensor_aux_loss=1.2048 s2_loss=0.3263 l89_loss=0.2708 s5p_loss=0.2230 wv3_loss=0.3847
Epoch 5 step 2450/4126 train_loss=0.6432 train_acc=0.9236 fused_loss=0.2420 sensor_aux_loss=1.0713 s2_loss=0.2260 l89_loss=0.2320 s5p_loss=0.4847 wv3_loss=0.1286
Epoch 5 step 2500/4126 train_loss=0.6430 train_acc=0.9237 fused_loss=0.3445 sensor_aux_loss=1.4505 s2_loss=0.4845 l89_loss=0.2740 s5p_loss=0.4420 wv3_loss=0.2501
Epoch 5 step 2550/4126 train_loss=0.6426 train_acc=0.9238 fused_loss=0.2287 sensor_aux_loss=1.0919 s2_loss=0.2041 l89_loss=0.2011 s5p_loss=0.3395 wv3_loss=0.3471
Epoch 5 step 2600/4126 train_loss=0.6421 train_acc=0.9241 fused_loss=0.1808 sensor_aux_loss=1.0912 s2_loss=0.1573 l89_loss=0.2207 s5p_loss=0.5394 wv3_loss=0.1739
Epoch 5 step 2650/4126 train_loss=0.6422 train_acc=0.9240 fused_loss=0.3648 sensor_aux_loss=1.3582 s2_loss=0.3453 l89_loss=0.1322 s5p_loss=0.3641 wv3_loss=0.5166
Epoch 5 step 2700/4126 train_loss=0.6417 train_acc=0.9241 fused_loss=0.2314 sensor_aux_loss=1.0915 s2_loss=0.5048 l89_loss=0.1552 s5p_loss=0.2819 wv3_loss=0.1497
Epoch 5 step 2750/4126 train_loss=0.6420 train_acc=0.9239 fused_loss=0.2025 sensor_aux_loss=1.0763 s2_loss=0.1905 l89_loss=0.1317 s5p_loss=0.5860 wv3_loss=0.1680
Epoch 5 step 2800/4126 train_loss=0.6423 train_acc=0.9240 fused_loss=0.2654 sensor_aux_loss=1.1747 s2_loss=0.1523 l89_loss=0.2655 s5p_loss=0.4749 wv3_loss=0.2821
Epoch 5 step 2850/4126 train_loss=0.6420 train_acc=0.9240 fused_loss=0.2285 sensor_aux_loss=1.0046 s2_loss=0.2146 l89_loss=0.2046 s5p_loss=0.3583 wv3_loss=0.2271
Epoch 5 step 2900/4126 train_loss=0.6417 train_acc=0.9241 fused_loss=0.2056 sensor_aux_loss=1.1883 s2_loss=0.1522 l89_loss=0.3213 s5p_loss=0.1688 wv3_loss=0.5460
Epoch 5 step 2950/4126 train_loss=0.6410 train_acc=0.9244 fused_loss=0.1918 sensor_aux_loss=1.1032 s2_loss=0.2336 l89_loss=0.2513 s5p_loss=0.2964 wv3_loss=0.3219
Epoch 5 step 3000/4126 train_loss=0.6404 train_acc=0.9244 fused_loss=0.2141 sensor_aux_loss=1.0903 s2_loss=0.2030 l89_loss=0.4460 s5p_loss=0.2496 wv3_loss=0.1916
Epoch 5 step 3050/4126 train_loss=0.6401 train_acc=0.9246 fused_loss=0.2509 sensor_aux_loss=1.2926 s2_loss=0.3376 l89_loss=0.3135 s5p_loss=0.3450 wv3_loss=0.2964
Epoch 5 step 3100/4126 train_loss=0.6397 train_acc=0.9247 fused_loss=0.2095 sensor_aux_loss=1.1705 s2_loss=0.3691 l89_loss=0.2046 s5p_loss=0.4267 wv3_loss=0.1701
Epoch 5 step 3150/4126 train_loss=0.6394 train_acc=0.9248 fused_loss=0.2905 sensor_aux_loss=1.4494 s2_loss=0.3334 l89_loss=0.2056 s5p_loss=0.6558 wv3_loss=0.2546
Epoch 5 step 3200/4126 train_loss=0.6397 train_acc=0.9248 fused_loss=0.2514 sensor_aux_loss=1.1375 s2_loss=0.3348 l89_loss=0.2805 s5p_loss=0.3073 wv3_loss=0.2148
Epoch 5 step 3250/4126 train_loss=0.6388 train_acc=0.9250 fused_loss=0.2797 sensor_aux_loss=1.2297 s2_loss=0.5946 l89_loss=0.2545 s5p_loss=0.2182 wv3_loss=0.1624
Epoch 5 step 3300/4126 train_loss=0.6386 train_acc=0.9251 fused_loss=0.4041 sensor_aux_loss=1.7604 s2_loss=0.4273 l89_loss=0.3569 s5p_loss=0.3748 wv3_loss=0.6015
Epoch 5 step 3350/4126 train_loss=0.6380 train_acc=0.9252 fused_loss=0.2407 sensor_aux_loss=1.0611 s2_loss=0.2392 l89_loss=0.1393 s5p_loss=0.3868 wv3_loss=0.2957
Epoch 5 step 3400/4126 train_loss=0.6374 train_acc=0.9254 fused_loss=0.2864 sensor_aux_loss=1.2397 s2_loss=0.4176 l89_loss=0.2329 s5p_loss=0.3583 wv3_loss=0.2308
Epoch 5 step 3450/4126 train_loss=0.6369 train_acc=0.9255 fused_loss=0.3624 sensor_aux_loss=1.2541 s2_loss=0.3933 l89_loss=0.1433 s5p_loss=0.2011 wv3_loss=0.5163
Epoch 5 step 3500/4126 train_loss=0.6365 train_acc=0.9256 fused_loss=0.2492 sensor_aux_loss=1.1414 s2_loss=0.4074 l89_loss=0.2003 s5p_loss=0.2839 wv3_loss=0.2498
Epoch 5 step 3550/4126 train_loss=0.6361 train_acc=0.9257 fused_loss=0.3650 sensor_aux_loss=1.8805 s2_loss=0.2805 l89_loss=0.4000 s5p_loss=0.4699 wv3_loss=0.7301
Epoch 5 step 3600/4126 train_loss=0.6362 train_acc=0.9257 fused_loss=0.3590 sensor_aux_loss=1.4186 s2_loss=0.5694 l89_loss=0.1311 s5p_loss=0.5559 wv3_loss=0.1622
Epoch 5 step 3650/4126 train_loss=0.6364 train_acc=0.9257 fused_loss=0.3386 sensor_aux_loss=1.5193 s2_loss=0.2006 l89_loss=0.3228 s5p_loss=0.5376 wv3_loss=0.4582
Epoch 5 step 3700/4126 train_loss=0.6362 train_acc=0.9257 fused_loss=0.3967 sensor_aux_loss=1.4359 s2_loss=0.2953 l89_loss=0.2848 s5p_loss=0.1843 wv3_loss=0.6714
Epoch 5 step 3750/4126 train_loss=0.6361 train_acc=0.9257 fused_loss=0.2450 sensor_aux_loss=1.0506 s2_loss=0.3102 l89_loss=0.1475 s5p_loss=0.2536 wv3_loss=0.3393
Epoch 5 step 3800/4126 train_loss=0.6360 train_acc=0.9257 fused_loss=0.2025 sensor_aux_loss=0.7943 s2_loss=0.3451 l89_loss=0.1326 s5p_loss=0.1364 wv3_loss=0.1803
Epoch 5 step 3850/4126 train_loss=0.6355 train_acc=0.9259 fused_loss=0.2293 sensor_aux_loss=1.3210 s2_loss=0.3074 l89_loss=0.1540 s5p_loss=0.5391 wv3_loss=0.3206
Epoch 5 step 3900/4126 train_loss=0.6353 train_acc=0.9260 fused_loss=0.2834 sensor_aux_loss=1.0712 s2_loss=0.4205 l89_loss=0.2771 s5p_loss=0.1645 wv3_loss=0.2092
Epoch 5 step 3950/4126 train_loss=0.6352 train_acc=0.9260 fused_loss=0.2471 sensor_aux_loss=1.5495 s2_loss=0.2823 l89_loss=0.1838 s5p_loss=0.8005 wv3_loss=0.2828
Epoch 5 step 4000/4126 train_loss=0.6351 train_acc=0.9260 fused_loss=0.2348 sensor_aux_loss=1.0799 s2_loss=0.1682 l89_loss=0.1746 s5p_loss=0.3405 wv3_loss=0.3965
Epoch 5 step 4050/4126 train_loss=0.6350 train_acc=0.9260 fused_loss=0.3904 sensor_aux_loss=1.8449 s2_loss=0.2316 l89_loss=0.2830 s5p_loss=0.7711 wv3_loss=0.5592
Epoch 5 step 4100/4126 train_loss=0.6352 train_acc=0.9261 fused_loss=0.1700 sensor_aux_loss=0.8211 s2_loss=0.1916 l89_loss=0.2369 s5p_loss=0.2653 wv3_loss=0.1273
[Cache][Warn] Low free space (97.70 GB) under /diniuvol/yuyao/local_train_temp_cache; falling back to remote reads.
[Cache][Warn] Low free space (97.70 GB) under /diniuvol/yuyao/local_train_temp_cache; falling back to remote reads.
[Cache][Warn] Low free space (97.70 GB) under /diniuvol/yuyao/local_train_temp_cache; falling back to remote reads.
[Cache][Warn] Low free space (97.70 GB) under /diniuvol/yuyao/local_train_temp_cache; falling back to remote reads.
[Cache][Warn] Low free space (97.70 GB) under /diniuvol/yuyao/local_train_temp_cache; falling back to remote reads.
[Cache][Warn] Low free space (97.70 GB) under /diniuvol/yuyao/local_train_temp_cache; falling back to remote reads.
[Cache][Warn] Low free space (97.70 GB) under /diniuvol/yuyao/local_train_temp_cache; falling back to remote reads.
[Cache][Warn] Low free space (97.70 GB) under /diniuvol/yuyao/local_train_temp_cache; falling back to remote reads.
Epoch 5: train_loss=0.6348 train_acc=0.9261 test_loss=0.6538 test_acc=0.8313 test_fpr=0.1499 test_recall=0.8132 test_auroc=0.9068 train_fused_loss=0.2637 train_sensor_aux_loss=1.2367
[EvalSplit][FUSED][ALL][OVERALL] count=36826 acc=0.8313 fpr=0.1499 recall=0.8132 auroc=0.9068
[EvalSplit][FUSED][OVERLAP][OVERALL] count=6241 acc=0.8428 fpr=0.1262 recall=0.8154 auroc=0.9203
[EvalSplit][FUSED][SINGLE][OVERALL] count=30585 acc=0.8290 fpr=0.1545 recall=0.8127 auroc=0.9052
[EvalSplit][FUSED][ALL][SENSOR_S2] count=23781 acc=0.9110 fpr=0.1255 recall=0.9476 auroc=0.9630
[EvalSplit][FUSED][OVERLAP][SENSOR_S2] count=3647 acc=0.9070 fpr=0.1033 recall=0.9174 auroc=0.9586
[EvalSplit][FUSED][SINGLE][SENSOR_S2] count=20134 acc=0.9117 fpr=0.1295 recall=0.9531 auroc=0.9655
[EvalSplit][FUSED][ALL][SENSOR_L89] count=8460 acc=0.7189 fpr=0.1567 recall=0.5925 auroc=0.8033
[EvalSplit][FUSED][OVERLAP][SENSOR_L89] count=1886 acc=0.8181 fpr=0.1357 recall=0.7720 auroc=0.8980
[EvalSplit][FUSED][SINGLE][SENSOR_L89] count=6574 acc=0.6904 fpr=0.1626 recall=0.5404 auroc=0.7785
[EvalSplit][FUSED][ALL][SENSOR_S5P] count=7404 acc=0.7568 fpr=0.1894 recall=0.7084 auroc=0.8499
[EvalSplit][FUSED][OVERLAP][SENSOR_S5P] count=5088 acc=0.8359 fpr=0.1362 recall=0.8116 auroc=0.9119
[EvalSplit][FUSED][SINGLE][SENSOR_S5P] count=2316 acc=0.5829 fpr=0.3007 recall=0.4712 auroc=0.6495
[EvalSplit][FUSED][ALL][SENSOR_WV3] count=3518 acc=0.7405 fpr=0.1821 recall=0.6873 auroc=0.8368
[EvalSplit][FUSED][OVERLAP][SENSOR_WV3] count=1957 acc=0.7644 fpr=0.1298 recall=0.6947 auroc=0.8796
[EvalSplit][FUSED][SINGLE][SENSOR_WV3] count=1561 acc=0.7104 fpr=0.2443 recall=0.6777 auroc=0.7862
[EvalSplit][REF_SENSOR_HEAD][ALL][SENSOR_S2] count=23781 acc=0.9104 fpr=0.1328 recall=0.9537 auroc=0.9662
[EvalSplit][REF_SENSOR_HEAD][OVERLAP][SENSOR_S2] count=3647 acc=0.9024 fpr=0.1527 recall=0.9573 auroc=0.9651
[EvalSplit][REF_SENSOR_HEAD][SINGLE][SENSOR_S2] count=20134 acc=0.9119 fpr=0.1292 recall=0.9531 auroc=0.9664
[EvalSplit][REF_SENSOR_HEAD][ALL][SENSOR_L89] count=8460 acc=0.6947 fpr=0.1621 recall=0.5491 auroc=0.7744
[EvalSplit][REF_SENSOR_HEAD][OVERLAP][SENSOR_L89] count=1886 acc=0.7089 fpr=0.1707 recall=0.5885 auroc=0.7678
[EvalSplit][REF_SENSOR_HEAD][SINGLE][SENSOR_L89] count=6574 acc=0.6906 fpr=0.1596 recall=0.5377 auroc=0.7765
[EvalSplit][REF_SENSOR_HEAD][ALL][SENSOR_S5P] count=7404 acc=0.5357 fpr=0.3107 recall=0.3975 auroc=0.6162
[EvalSplit][REF_SENSOR_HEAD][OVERLAP][SENSOR_S5P] count=5088 acc=0.5086 fpr=0.3484 recall=0.3839 auroc=0.5898
[EvalSplit][REF_SENSOR_HEAD][SINGLE][SENSOR_S5P] count=2316 acc=0.5950 fpr=0.2319 recall=0.4289 auroc=0.6645
[EvalSplit][REF_SENSOR_HEAD][ALL][SENSOR_WV3] count=3518 acc=0.7194 fpr=0.2254 recall=0.6815 auroc=0.7952
[EvalSplit][REF_SENSOR_HEAD][OVERLAP][SENSOR_WV3] count=1957 acc=0.7205 fpr=0.2121 recall=0.6760 auroc=0.8020
[EvalSplit][REF_SENSOR_HEAD][SINGLE][SENSOR_WV3] count=1561 acc=0.7181 fpr=0.2412 recall=0.6887 auroc=0.7865
[Cache][Warn] Low free space (97.70 GB) under /diniuvol/yuyao/local_train_temp_cache; falling back to remote reads.
[Cache][Warn] Low free space (97.70 GB) under /diniuvol/yuyao/local_train_temp_cache; falling back to remote reads.
[Cache][Warn] Low free space (97.70 GB) under /diniuvol/yuyao/local_train_temp_cache; falling back to remote reads.
[Cache][Warn] Low free space (97.70 GB) under /diniuvol/yuyao/local_train_temp_cache; falling back to remote reads.
[Cache][Warn] Low free space (97.70 GB) under /diniuvol/yuyao/local_train_temp_cache; falling back to remote reads.
[Cache][Warn] Low free space (97.70 GB) under /diniuvol/yuyao/local_train_temp_cache; falling back to remote reads.
[Cache][Warn] Low free space (97.70 GB) under /diniuvol/yuyao/local_train_temp_cache; falling back to remote reads.
[Cache][Warn] Low free space (97.70 GB) under /diniuvol/yuyao/local_train_temp_cache; falling back to remote reads.
Epoch 6 step 50/4126 train_loss=0.6315 train_acc=0.9356 fused_loss=0.1998 sensor_aux_loss=0.9066 s2_loss=0.3118 l89_loss=0.1357 s5p_loss=0.2489 wv3_loss=0.2102
Epoch 6 step 100/4126 train_loss=0.6074 train_acc=0.9363 fused_loss=0.2633 sensor_aux_loss=1.3631 s2_loss=0.1725 l89_loss=0.2174 s5p_loss=0.4921 wv3_loss=0.4810
Epoch 6 step 150/4126 train_loss=0.6076 train_acc=0.9340 fused_loss=0.2552 sensor_aux_loss=1.0401 s2_loss=0.2625 l89_loss=0.2218 s5p_loss=0.3304 wv3_loss=0.2253
Epoch 6 step 200/4126 train_loss=0.6054 train_acc=0.9334 fused_loss=0.1580 sensor_aux_loss=0.9135 s2_loss=0.2321 l89_loss=0.1237 s5p_loss=0.2729 wv3_loss=0.2848
Epoch 6 step 250/4126 train_loss=0.6031 train_acc=0.9336 fused_loss=0.1651 sensor_aux_loss=0.9050 s2_loss=0.2244 l89_loss=0.1560 s5p_loss=0.3769 wv3_loss=0.1476
Epoch 6 step 300/4126 train_loss=0.6036 train_acc=0.9335 fused_loss=0.1824 sensor_aux_loss=1.2721 s2_loss=0.5169 l89_loss=0.1738 s5p_loss=0.2281 wv3_loss=0.3532
Epoch 6 step 350/4126 train_loss=0.6048 train_acc=0.9322 fused_loss=0.2938 sensor_aux_loss=1.1889 s2_loss=0.2613 l89_loss=0.1866 s5p_loss=0.2724 wv3_loss=0.4686
Epoch 6 step 400/4126 train_loss=0.6083 train_acc=0.9325 fused_loss=0.3295 sensor_aux_loss=1.3284 s2_loss=0.4508 l89_loss=0.1754 s5p_loss=0.3766 wv3_loss=0.3256
Epoch 6 step 450/4126 train_loss=0.6117 train_acc=0.9317 fused_loss=0.2985 sensor_aux_loss=1.2945 s2_loss=0.2297 l89_loss=0.1189 s5p_loss=0.5321 wv3_loss=0.4138
Epoch 6 step 500/4126 train_loss=0.6097 train_acc=0.9319 fused_loss=0.2498 sensor_aux_loss=0.9874 s2_loss=0.1489 l89_loss=0.1935 s5p_loss=0.3478 wv3_loss=0.2971
Epoch 6 step 550/4126 train_loss=0.6075 train_acc=0.9331 fused_loss=0.2580 sensor_aux_loss=1.1075 s2_loss=0.3244 l89_loss=0.2285 s5p_loss=0.3496 wv3_loss=0.2050
Epoch 6 step 600/4126 train_loss=0.6066 train_acc=0.9324 fused_loss=0.2841 sensor_aux_loss=1.2182 s2_loss=0.2869 l89_loss=0.2546 s5p_loss=0.3678 wv3_loss=0.3088
Epoch 6 step 650/4126 train_loss=0.6065 train_acc=0.9328 fused_loss=0.2460 sensor_aux_loss=0.9942 s2_loss=0.4993 l89_loss=0.1945 s5p_loss=0.1718 wv3_loss=0.1286
Epoch 6 step 700/4126 train_loss=0.6052 train_acc=0.9329 fused_loss=0.2891 sensor_aux_loss=1.1360 s2_loss=0.5374 l89_loss=0.1534 s5p_loss=0.2576 wv3_loss=0.1876
Epoch 6 step 750/4126 train_loss=0.6058 train_acc=0.9327 fused_loss=0.2024 sensor_aux_loss=1.2026 s2_loss=0.1283 l89_loss=0.1304 s5p_loss=0.4741 wv3_loss=0.4698
Epoch 6 step 800/4126 train_loss=0.6070 train_acc=0.9321 fused_loss=0.2250 sensor_aux_loss=1.0254 s2_loss=0.3247 l89_loss=0.2590 s5p_loss=0.2382 wv3_loss=0.2035
Epoch 6 step 850/4126 train_loss=0.6068 train_acc=0.9317 fused_loss=0.1958 sensor_aux_loss=0.9829 s2_loss=0.2159 l89_loss=0.2548 s5p_loss=0.2946 wv3_loss=0.2176
Epoch 6 step 900/4126 train_loss=0.6080 train_acc=0.9315 fused_loss=0.2743 sensor_aux_loss=1.1975 s2_loss=0.2103 l89_loss=0.4778 s5p_loss=0.2639 wv3_loss=0.2455
Epoch 6 step 950/4126 train_loss=0.6076 train_acc=0.9318 fused_loss=0.3395 sensor_aux_loss=1.7109 s2_loss=0.4003 l89_loss=0.4083 s5p_loss=0.5540 wv3_loss=0.3483
Epoch 6 step 1000/4126 train_loss=0.6089 train_acc=0.9313 fused_loss=0.2583 sensor_aux_loss=1.0882 s2_loss=0.4641 l89_loss=0.1657 s5p_loss=0.2821 wv3_loss=0.1764
Epoch 6 step 1050/4126 train_loss=0.6077 train_acc=0.9316 fused_loss=0.1906 sensor_aux_loss=1.4765 s2_loss=0.1618 l89_loss=0.1806 s5p_loss=0.8855 wv3_loss=0.2487
Epoch 6 step 1100/4126 train_loss=0.6090 train_acc=0.9313 fused_loss=0.2056 sensor_aux_loss=0.8512 s2_loss=0.2791 l89_loss=0.1766 s5p_loss=0.2553 wv3_loss=0.1400
Epoch 6 step 1150/4126 train_loss=0.6080 train_acc=0.9315 fused_loss=0.2768 sensor_aux_loss=1.1547 s2_loss=0.4845 l89_loss=0.1471 s5p_loss=0.2966 wv3_loss=0.2265
Epoch 6 step 1200/4126 train_loss=0.6071 train_acc=0.9319 fused_loss=0.2363 sensor_aux_loss=1.2450 s2_loss=0.3102 l89_loss=0.1795 s5p_loss=0.6030 wv3_loss=0.1523
Epoch 6 step 1250/4126 train_loss=0.6067 train_acc=0.9320 fused_loss=0.1751 sensor_aux_loss=1.0851 s2_loss=0.2165 l89_loss=0.1662 s5p_loss=0.4315 wv3_loss=0.2708
Epoch 6 step 1300/4126 train_loss=0.6074 train_acc=0.9317 fused_loss=0.2439 sensor_aux_loss=0.9403 s2_loss=0.2549 l89_loss=0.2123 s5p_loss=0.2368 wv3_loss=0.2362
Epoch 6 step 1350/4126 train_loss=0.6065 train_acc=0.9319 fused_loss=0.2858 sensor_aux_loss=1.0062 s2_loss=0.2323 l89_loss=0.1690 s5p_loss=0.1847 wv3_loss=0.4202
Epoch 6 step 1400/4126 train_loss=0.6058 train_acc=0.9319 fused_loss=0.2301 sensor_aux_loss=1.2726 s2_loss=0.4698 l89_loss=0.2354 s5p_loss=0.1882 wv3_loss=0.3792
Epoch 6 step 1450/4126 train_loss=0.6043 train_acc=0.9324 fused_loss=0.2053 sensor_aux_loss=1.3645 s2_loss=0.3913 l89_loss=0.1252 s5p_loss=0.4957 wv3_loss=0.3523
Epoch 6 step 1500/4126 train_loss=0.6032 train_acc=0.9327 fused_loss=0.1842 sensor_aux_loss=0.9489 s2_loss=0.1677 l89_loss=0.1328 s5p_loss=0.4293 wv3_loss=0.2190
Epoch 6 step 1550/4126 train_loss=0.6046 train_acc=0.9323 fused_loss=0.2637 sensor_aux_loss=1.1428 s2_loss=0.4376 l89_loss=0.1568 s5p_loss=0.3071 wv3_loss=0.2413
Epoch 6 step 1600/4126 train_loss=0.6041 train_acc=0.9326 fused_loss=0.3177 sensor_aux_loss=1.6975 s2_loss=0.3868 l89_loss=0.3625 s5p_loss=0.6292 wv3_loss=0.3191
Epoch 6 step 1650/4126 train_loss=0.6034 train_acc=0.9326 fused_loss=0.2573 sensor_aux_loss=1.3075 s2_loss=0.3231 l89_loss=0.1725 s5p_loss=0.5178 wv3_loss=0.2941
Epoch 6 step 1700/4126 train_loss=0.6036 train_acc=0.9324 fused_loss=0.2367 sensor_aux_loss=1.2404 s2_loss=0.3774 l89_loss=0.1325 s5p_loss=0.4085 wv3_loss=0.3221
Epoch 6 step 1750/4126 train_loss=0.6034 train_acc=0.9325 fused_loss=0.2427 sensor_aux_loss=0.9833 s2_loss=0.3531 l89_loss=0.1297 s5p_loss=0.3111 wv3_loss=0.1895
Epoch 6 step 1800/4126 train_loss=0.6034 train_acc=0.9326 fused_loss=0.3262 sensor_aux_loss=1.1334 s2_loss=0.4671 l89_loss=0.2474 s5p_loss=0.2165 wv3_loss=0.2024
Epoch 6 step 1850/4126 train_loss=0.6032 train_acc=0.9325 fused_loss=0.2048 sensor_aux_loss=0.9682 s2_loss=0.2062 l89_loss=0.2244 s5p_loss=0.3384 wv3_loss=0.1992
Epoch 6 step 1900/4126 train_loss=0.6026 train_acc=0.9328 fused_loss=0.3091 sensor_aux_loss=1.3559 s2_loss=0.5328 l89_loss=0.1670 s5p_loss=0.4028 wv3_loss=0.2534
Epoch 6 step 1950/4126 train_loss=0.6030 train_acc=0.9327 fused_loss=0.2630 sensor_aux_loss=1.2417 s2_loss=0.2009 l89_loss=0.1650 s5p_loss=0.4264 wv3_loss=0.4493
Epoch 6 step 2000/4126 train_loss=0.6023 train_acc=0.9329 fused_loss=0.2314 sensor_aux_loss=1.1022 s2_loss=0.2369 l89_loss=0.1990 s5p_loss=0.5422 wv3_loss=0.1240
Epoch 6 step 2050/4126 train_loss=0.6020 train_acc=0.9330 fused_loss=0.2662 sensor_aux_loss=1.2160 s2_loss=0.2454 l89_loss=0.1217 s5p_loss=0.6047 wv3_loss=0.2441
Epoch 6 step 2100/4126 train_loss=0.6021 train_acc=0.9329 fused_loss=0.3133 sensor_aux_loss=1.3091 s2_loss=0.4265 l89_loss=0.2452 s5p_loss=0.3848 wv3_loss=0.2525
Epoch 6 step 2150/4126 train_loss=0.6021 train_acc=0.9329 fused_loss=0.2210 sensor_aux_loss=1.1153 s2_loss=0.2078 l89_loss=0.3252 s5p_loss=0.3978 wv3_loss=0.1845
Epoch 6 step 2200/4126 train_loss=0.6014 train_acc=0.9332 fused_loss=0.2218 sensor_aux_loss=0.9380 s2_loss=0.3225 l89_loss=0.1972 s5p_loss=0.2581 wv3_loss=0.1602
Epoch 6 step 2250/4126 train_loss=0.6018 train_acc=0.9332 fused_loss=0.1767 sensor_aux_loss=0.9517 s2_loss=0.1475 l89_loss=0.1345 s5p_loss=0.5119 wv3_loss=0.1578
Epoch 6 step 2300/4126 train_loss=0.6016 train_acc=0.9331 fused_loss=0.3354 sensor_aux_loss=0.9792 s2_loss=0.1831 l89_loss=0.3915 s5p_loss=0.1632 wv3_loss=0.2414
Epoch 6 step 2350/4126 train_loss=0.6020 train_acc=0.9331 fused_loss=0.5071 sensor_aux_loss=1.7659 s2_loss=0.6813 l89_loss=0.1428 s5p_loss=0.8124 wv3_loss=0.1294
Epoch 6 step 2400/4126 train_loss=0.6019 train_acc=0.9330 fused_loss=0.3410 sensor_aux_loss=1.4404 s2_loss=0.7608 l89_loss=0.1546 s5p_loss=0.3538 wv3_loss=0.1711
Epoch 6 step 2450/4126 train_loss=0.6015 train_acc=0.9332 fused_loss=0.2761 sensor_aux_loss=1.0091 s2_loss=0.3815 l89_loss=0.2011 s5p_loss=0.1901 wv3_loss=0.2363
Epoch 6 step 2500/4126 train_loss=0.6010 train_acc=0.9334 fused_loss=0.1751 sensor_aux_loss=0.7760 s2_loss=0.1220 l89_loss=0.1986 s5p_loss=0.2846 wv3_loss=0.1708
Epoch 6 step 2550/4126 train_loss=0.6003 train_acc=0.9336 fused_loss=0.2480 sensor_aux_loss=0.9875 s2_loss=0.1385 l89_loss=0.1455 s5p_loss=0.4178 wv3_loss=0.2857
Epoch 6 step 2600/4126 train_loss=0.5996 train_acc=0.9338 fused_loss=0.3454 sensor_aux_loss=1.1493 s2_loss=0.2179 l89_loss=0.1458 s5p_loss=0.2211 wv3_loss=0.5645
Epoch 6 step 2650/4126 train_loss=0.5992 train_acc=0.9338 fused_loss=0.1834 sensor_aux_loss=0.9222 s2_loss=0.2561 l89_loss=0.1359 s5p_loss=0.3388 wv3_loss=0.1914
Epoch 6 step 2700/4126 train_loss=0.5986 train_acc=0.9339 fused_loss=0.1890 sensor_aux_loss=0.8084 s2_loss=0.1500 l89_loss=0.2159 s5p_loss=0.1929 wv3_loss=0.2497
Epoch 6 step 2750/4126 train_loss=0.5982 train_acc=0.9340 fused_loss=0.1821 sensor_aux_loss=0.9491 s2_loss=0.1691 l89_loss=0.1536 s5p_loss=0.3953 wv3_loss=0.2311
Epoch 6 step 2800/4126 train_loss=0.5976 train_acc=0.9342 fused_loss=0.2870 sensor_aux_loss=1.2376 s2_loss=0.4407 l89_loss=0.1277 s5p_loss=0.5326 wv3_loss=0.1366
Epoch 6 step 2850/4126 train_loss=0.5971 train_acc=0.9343 fused_loss=0.1925 sensor_aux_loss=0.9455 s2_loss=0.3422 l89_loss=0.1363 s5p_loss=0.2745 wv3_loss=0.1926
Epoch 6 step 2900/4126 train_loss=0.5969 train_acc=0.9344 fused_loss=0.2414 sensor_aux_loss=1.3284 s2_loss=0.2166 l89_loss=0.3404 s5p_loss=0.3241 wv3_loss=0.4472
Epoch 6 step 2950/4126 train_loss=0.5963 train_acc=0.9345 fused_loss=0.2516 sensor_aux_loss=1.0899 s2_loss=0.1359 l89_loss=0.2656 s5p_loss=0.4701 wv3_loss=0.2183
Epoch 6 step 3000/4126 train_loss=0.5962 train_acc=0.9344 fused_loss=0.2509 sensor_aux_loss=1.0494 s2_loss=0.3537 l89_loss=0.1640 s5p_loss=0.3442 wv3_loss=0.1874
Epoch 6 step 3050/4126 train_loss=0.5965 train_acc=0.9344 fused_loss=0.2049 sensor_aux_loss=0.8937 s2_loss=0.4465 l89_loss=0.1268 s5p_loss=0.1675 wv3_loss=0.1529
Epoch 6 step 3100/4126 train_loss=0.5958 train_acc=0.9346 fused_loss=0.3833 sensor_aux_loss=1.4895 s2_loss=0.3103 l89_loss=0.6855 s5p_loss=0.2539 wv3_loss=0.2398
Epoch 6 step 3150/4126 train_loss=0.5957 train_acc=0.9348 fused_loss=0.3387 sensor_aux_loss=1.8982 s2_loss=0.2827 l89_loss=0.3874 s5p_loss=0.4251 wv3_loss=0.8030
Epoch 6 step 3200/4126 train_loss=0.5953 train_acc=0.9349 fused_loss=0.2657 sensor_aux_loss=1.1033 s2_loss=0.4621 l89_loss=0.1438 s5p_loss=0.3056 wv3_loss=0.1918
Epoch 6 step 3250/4126 train_loss=0.5955 train_acc=0.9348 fused_loss=0.2433 sensor_aux_loss=1.1659 s2_loss=0.2580 l89_loss=0.2980 s5p_loss=0.2675 wv3_loss=0.3424
Epoch 6 step 3300/4126 train_loss=0.5953 train_acc=0.9350 fused_loss=0.1826 sensor_aux_loss=0.8386 s2_loss=0.1336 l89_loss=0.2186 s5p_loss=0.2465 wv3_loss=0.2400
Epoch 6 step 3350/4126 train_loss=0.5951 train_acc=0.9350 fused_loss=0.3566 sensor_aux_loss=1.3398 s2_loss=0.2123 l89_loss=0.1409 s5p_loss=0.3249 wv3_loss=0.6616
Epoch 6 step 3400/4126 train_loss=0.5946 train_acc=0.9352 fused_loss=0.2346 sensor_aux_loss=1.0502 s2_loss=0.1926 l89_loss=0.1316 s5p_loss=0.3881 wv3_loss=0.3380
Epoch 6 step 3450/4126 train_loss=0.5945 train_acc=0.9352 fused_loss=0.2571 sensor_aux_loss=1.6900 s2_loss=0.2216 l89_loss=0.4779 s5p_loss=0.3811 wv3_loss=0.6094
Epoch 6 step 3500/4126 train_loss=0.5946 train_acc=0.9352 fused_loss=0.2485 sensor_aux_loss=1.0945 s2_loss=0.1902 l89_loss=0.1191 s5p_loss=0.3176 wv3_loss=0.4675
Epoch 6 step 3550/4126 train_loss=0.5946 train_acc=0.9352 fused_loss=0.1812 sensor_aux_loss=0.8209 s2_loss=0.2815 l89_loss=0.2261 s5p_loss=0.1545 wv3_loss=0.1587
Epoch 6 step 3600/4126 train_loss=0.5945 train_acc=0.9353 fused_loss=0.2016 sensor_aux_loss=1.2624 s2_loss=0.2302 l89_loss=0.2624 s5p_loss=0.3525 wv3_loss=0.4173
Epoch 6 step 3650/4126 train_loss=0.5946 train_acc=0.9353 fused_loss=0.2000 sensor_aux_loss=0.7630 s2_loss=0.2435 l89_loss=0.1952 s5p_loss=0.1832 wv3_loss=0.1411
Epoch 6 step 3700/4126 train_loss=0.5947 train_acc=0.9352 fused_loss=0.2934 sensor_aux_loss=1.2801 s2_loss=0.1522 l89_loss=0.2008 s5p_loss=0.3717 wv3_loss=0.5554
Epoch 6 step 3750/4126 train_loss=0.5947 train_acc=0.9352 fused_loss=0.1844 sensor_aux_loss=1.0152 s2_loss=0.1394 l89_loss=0.2704 s5p_loss=0.3937 wv3_loss=0.2117
Epoch 6 step 3800/4126 train_loss=0.5949 train_acc=0.9352 fused_loss=0.2439 sensor_aux_loss=0.9672 s2_loss=0.3962 l89_loss=0.1358 s5p_loss=0.2234 wv3_loss=0.2117
Epoch 6 step 3850/4126 train_loss=0.5948 train_acc=0.9352 fused_loss=0.1641 sensor_aux_loss=0.8100 s2_loss=0.1882 l89_loss=0.1477 s5p_loss=0.2446 wv3_loss=0.2296
Epoch 6 step 3900/4126 train_loss=0.5947 train_acc=0.9352 fused_loss=0.2796 sensor_aux_loss=1.4338 s2_loss=0.4292 l89_loss=0.3145 s5p_loss=0.3722 wv3_loss=0.3179
Epoch 6 step 3950/4126 train_loss=0.5946 train_acc=0.9352 fused_loss=0.2598 sensor_aux_loss=0.8572 s2_loss=0.4174 l89_loss=0.1507 s5p_loss=0.1196 wv3_loss=0.1695
Epoch 6 step 4000/4126 train_loss=0.5944 train_acc=0.9353 fused_loss=0.3678 sensor_aux_loss=1.8335 s2_loss=0.3611 l89_loss=0.2162 s5p_loss=0.4970 wv3_loss=0.7593
Epoch 6 step 4050/4126 train_loss=0.5945 train_acc=0.9354 fused_loss=0.3127 sensor_aux_loss=1.2983 s2_loss=0.4308 l89_loss=0.1797 s5p_loss=0.3551 wv3_loss=0.3327
Epoch 6 step 4100/4126 train_loss=0.5945 train_acc=0.9354 fused_loss=0.2830 sensor_aux_loss=1.2463 s2_loss=0.3658 l89_loss=0.1636 s5p_loss=0.5459 wv3_loss=0.1710
[Cache][Warn] Low free space (97.70 GB) under /diniuvol/yuyao/local_train_temp_cache; falling back to remote reads.
[Cache][Warn] Low free space (97.70 GB) under /diniuvol/yuyao/local_train_temp_cache; falling back to remote reads.
[Cache][Warn] Low free space (97.70 GB) under /diniuvol/yuyao/local_train_temp_cache; falling back to remote reads.
[Cache][Warn] Low free space (97.70 GB) under /diniuvol/yuyao/local_train_temp_cache; falling back to remote reads.
[Cache][Warn] Low free space (97.70 GB) under /diniuvol/yuyao/local_train_temp_cache; falling back to remote reads.
[Cache][Warn] Low free space (97.70 GB) under /diniuvol/yuyao/local_train_temp_cache; falling back to remote reads.
[Cache][Warn] Low free space (97.70 GB) under /diniuvol/yuyao/local_train_temp_cache; falling back to remote reads.
[Cache][Warn] Low free space (97.70 GB) under /diniuvol/yuyao/local_train_temp_cache; falling back to remote reads.
Epoch 6: train_loss=0.5945 train_acc=0.9353 test_loss=0.6967 test_acc=0.8234 test_fpr=0.1424 test_recall=0.7903 test_auroc=0.8986 train_fused_loss=0.2476 train_sensor_aux_loss=1.1570
[EvalSplit][FUSED][ALL][OVERALL] count=36826 acc=0.8234 fpr=0.1424 recall=0.7903 auroc=0.8986
[EvalSplit][FUSED][OVERLAP][OVERALL] count=6241 acc=0.8154 fpr=0.1190 recall=0.7573 auroc=0.9009
[EvalSplit][FUSED][SINGLE][OVERALL] count=30585 acc=0.8251 fpr=0.1469 recall=0.7974 auroc=0.8990
[EvalSplit][FUSED][ALL][SENSOR_S2] count=23781 acc=0.9054 fpr=0.1258 recall=0.9367 auroc=0.9601
[EvalSplit][FUSED][OVERLAP][SENSOR_S2] count=3647 acc=0.8881 fpr=0.1038 recall=0.8801 auroc=0.9501
[EvalSplit][FUSED][SINGLE][SENSOR_S2] count=20134 acc=0.9086 fpr=0.1298 recall=0.9470 auroc=0.9633
[EvalSplit][FUSED][ALL][SENSOR_L89] count=8460 acc=0.7061 fpr=0.1449 recall=0.5548 auroc=0.7974
[EvalSplit][FUSED][OVERLAP][SENSOR_L89] count=1886 acc=0.8028 fpr=0.1410 recall=0.7466 auroc=0.8900
[EvalSplit][FUSED][SINGLE][SENSOR_L89] count=6574 acc=0.6784 fpr=0.1460 recall=0.4992 auroc=0.7736
[EvalSplit][FUSED][ALL][SENSOR_S5P] count=7404 acc=0.7520 fpr=0.1823 recall=0.6930 auroc=0.8347
[EvalSplit][FUSED][OVERLAP][SENSOR_S5P] count=5088 acc=0.8105 fpr=0.1282 recall=0.7571 auroc=0.8885
[EvalSplit][FUSED][SINGLE][SENSOR_S5P] count=2316 acc=0.6235 fpr=0.2954 recall=0.5457 auroc=0.6758
[EvalSplit][FUSED][ALL][SENSOR_WV3] count=3518 acc=0.6876 fpr=0.1221 recall=0.5568 auroc=0.8189
[EvalSplit][FUSED][OVERLAP][SENSOR_WV3] count=1957 acc=0.7057 fpr=0.0925 recall=0.5725 auroc=0.8589
[EvalSplit][FUSED][SINGLE][SENSOR_WV3] count=1561 acc=0.6650 fpr=0.1573 recall=0.5364 auroc=0.7706
[EvalSplit][REF_SENSOR_HEAD][ALL][SENSOR_S2] count=23781 acc=0.9054 fpr=0.1434 recall=0.9543 auroc=0.9645
[EvalSplit][REF_SENSOR_HEAD][OVERLAP][SENSOR_S2] count=3647 acc=0.8958 fpr=0.1654 recall=0.9568 auroc=0.9634
[EvalSplit][REF_SENSOR_HEAD][SINGLE][SENSOR_S2] count=20134 acc=0.9072 fpr=0.1394 recall=0.9539 auroc=0.9648
[EvalSplit][REF_SENSOR_HEAD][ALL][SENSOR_L89] count=8460 acc=0.6892 fpr=0.1517 recall=0.5276 auroc=0.7756
[EvalSplit][REF_SENSOR_HEAD][OVERLAP][SENSOR_L89] count=1886 acc=0.7126 fpr=0.1654 recall=0.5907 auroc=0.7689
[EvalSplit][REF_SENSOR_HEAD][SINGLE][SENSOR_L89] count=6574 acc=0.6825 fpr=0.1478 recall=0.5094 auroc=0.7779
[EvalSplit][REF_SENSOR_HEAD][ALL][SENSOR_S5P] count=7404 acc=0.5486 fpr=0.3204 recall=0.4309 auroc=0.6397
[EvalSplit][REF_SENSOR_HEAD][OVERLAP][SENSOR_S5P] count=5088 acc=0.5185 fpr=0.3475 recall=0.4015 auroc=0.6158
[EvalSplit][REF_SENSOR_HEAD][SINGLE][SENSOR_S5P] count=2316 acc=0.6149 fpr=0.2637 recall=0.4983 auroc=0.6846
[EvalSplit][REF_SENSOR_HEAD][ALL][SENSOR_WV3] count=3518 acc=0.6686 fpr=0.1542 recall=0.5468 auroc=0.7807
[EvalSplit][REF_SENSOR_HEAD][OVERLAP][SENSOR_WV3] count=1957 acc=0.6673 fpr=0.1427 recall=0.5420 auroc=0.7800
[EvalSplit][REF_SENSOR_HEAD][SINGLE][SENSOR_WV3] count=1561 acc=0.6701 fpr=0.1679 recall=0.5530 auroc=0.7829
[Cache][Warn] Low free space (97.70 GB) under /diniuvol/yuyao/local_train_temp_cache; falling back to remote reads.
[Cache][Warn] Low free space (97.70 GB) under /diniuvol/yuyao/local_train_temp_cache; falling back to remote reads.
[Cache][Warn] Low free space (97.70 GB) under /diniuvol/yuyao/local_train_temp_cache; falling back to remote reads.
[Cache][Warn] Low free space (97.70 GB) under /diniuvol/yuyao/local_train_temp_cache; falling back to remote reads.
[Cache][Warn] Low free space (97.70 GB) under /diniuvol/yuyao/local_train_temp_cache; falling back to remote reads.
[Cache][Warn] Low free space (97.70 GB) under /diniuvol/yuyao/local_train_temp_cache; falling back to remote reads.
[Cache][Warn] Low free space (97.70 GB) under /diniuvol/yuyao/local_train_temp_cache; falling back to remote reads.
[Cache][Warn] Low free space (97.70 GB) under /diniuvol/yuyao/local_train_temp_cache; falling back to remote reads.
Epoch 7 step 50/4126 train_loss=0.5671 train_acc=0.9431 fused_loss=0.1932 sensor_aux_loss=1.1713 s2_loss=0.2300 l89_loss=0.1920 s5p_loss=0.5210 wv3_loss=0.2283
Epoch 7 step 100/4126 train_loss=0.5823 train_acc=0.9384 fused_loss=0.1705 sensor_aux_loss=0.9272 s2_loss=0.3995 l89_loss=0.1472 s5p_loss=0.2574 wv3_loss=0.1231
Epoch 7 step 150/4126 train_loss=0.5785 train_acc=0.9373 fused_loss=0.2293 sensor_aux_loss=1.0033 s2_loss=0.1771 l89_loss=0.3159 s5p_loss=0.2746 wv3_loss=0.2357
Epoch 7 step 200/4126 train_loss=0.5763 train_acc=0.9381 fused_loss=0.2892 sensor_aux_loss=1.0550 s2_loss=0.3059 l89_loss=0.1396 s5p_loss=0.2062 wv3_loss=0.4034
Epoch 7 step 250/4126 train_loss=0.5783 train_acc=0.9377 fused_loss=0.1692 sensor_aux_loss=1.0061 s2_loss=0.3735 l89_loss=0.1366 s5p_loss=0.3246 wv3_loss=0.1714
Epoch 7 step 300/4126 train_loss=0.5735 train_acc=0.9394 fused_loss=0.2088 sensor_aux_loss=0.9193 s2_loss=0.2793 l89_loss=0.2153 s5p_loss=0.2024 wv3_loss=0.2224
Epoch 7 step 350/4126 train_loss=0.5734 train_acc=0.9393 fused_loss=0.2049 sensor_aux_loss=0.9457 s2_loss=0.1474 l89_loss=0.2584 s5p_loss=0.3253 wv3_loss=0.2146
Epoch 7 step 400/4126 train_loss=0.5736 train_acc=0.9390 fused_loss=0.1867 sensor_aux_loss=1.0281 s2_loss=0.2545 l89_loss=0.1693 s5p_loss=0.4518 wv3_loss=0.1526
Epoch 7 step 450/4126 train_loss=0.5734 train_acc=0.9392 fused_loss=0.1776 sensor_aux_loss=0.8623 s2_loss=0.2961 l89_loss=0.1333 s5p_loss=0.1720 wv3_loss=0.2610
Epoch 7 step 500/4126 train_loss=0.5716 train_acc=0.9395 fused_loss=0.3336 sensor_aux_loss=1.4428 s2_loss=0.1947 l89_loss=0.3311 s5p_loss=0.4684 wv3_loss=0.4486
Epoch 7 step 550/4126 train_loss=0.5710 train_acc=0.9393 fused_loss=0.2413 sensor_aux_loss=1.5185 s2_loss=0.3297 l89_loss=0.2112 s5p_loss=0.7462 wv3_loss=0.2313
Epoch 7 step 600/4126 train_loss=0.5694 train_acc=0.9395 fused_loss=0.1867 sensor_aux_loss=0.8110 s2_loss=0.1447 l89_loss=0.2061 s5p_loss=0.2325 wv3_loss=0.2277
Epoch 7 step 650/4126 train_loss=0.5705 train_acc=0.9389 fused_loss=0.2279 sensor_aux_loss=0.9085 s2_loss=0.3581 l89_loss=0.1812 s5p_loss=0.1525 wv3_loss=0.2168
Epoch 7 step 700/4126 train_loss=0.5710 train_acc=0.9388 fused_loss=0.1595 sensor_aux_loss=0.9460 s2_loss=0.2397 l89_loss=0.1647 s5p_loss=0.1674 wv3_loss=0.3742
Epoch 7 step 750/4126 train_loss=0.5711 train_acc=0.9391 fused_loss=0.2414 sensor_aux_loss=0.9814 s2_loss=0.1549 l89_loss=0.1615 s5p_loss=0.1448 wv3_loss=0.5201
Epoch 7 step 800/4126 train_loss=0.5709 train_acc=0.9390 fused_loss=0.1723 sensor_aux_loss=0.7509 s2_loss=0.2163 l89_loss=0.1983 s5p_loss=0.1451 wv3_loss=0.1911
Epoch 7 step 850/4126 train_loss=0.5693 train_acc=0.9400 fused_loss=0.2332 sensor_aux_loss=1.0425 s2_loss=0.3865 l89_loss=0.1314 s5p_loss=0.3235 wv3_loss=0.2011
Epoch 7 step 900/4126 train_loss=0.5691 train_acc=0.9398 fused_loss=0.2394 sensor_aux_loss=0.8465 s2_loss=0.2735 l89_loss=0.1728 s5p_loss=0.2446 wv3_loss=0.1556
Epoch 7 step 950/4126 train_loss=0.5697 train_acc=0.9396 fused_loss=0.1594 sensor_aux_loss=1.0217 s2_loss=0.1369 l89_loss=0.3174 s5p_loss=0.2387 wv3_loss=0.3286
Epoch 7 step 1000/4126 train_loss=0.5704 train_acc=0.9396 fused_loss=0.2091 sensor_aux_loss=0.9234 s2_loss=0.2704 l89_loss=0.1857 s5p_loss=0.2866 wv3_loss=0.1806
Epoch 7 step 1050/4126 train_loss=0.5709 train_acc=0.9397 fused_loss=0.2461 sensor_aux_loss=1.3857 s2_loss=0.2460 l89_loss=0.4429 s5p_loss=0.2036 wv3_loss=0.4932
Epoch 7 step 1100/4126 train_loss=0.5697 train_acc=0.9401 fused_loss=0.2272 sensor_aux_loss=1.3750 s2_loss=0.3575 l89_loss=0.1363 s5p_loss=0.2455 wv3_loss=0.6357
Epoch 7 step 1150/4126 train_loss=0.5684 train_acc=0.9406 fused_loss=0.1647 sensor_aux_loss=0.8419 s2_loss=0.2208 l89_loss=0.1478 s5p_loss=0.1493 wv3_loss=0.3240
Epoch 7 step 1200/4126 train_loss=0.5692 train_acc=0.9407 fused_loss=0.1572 sensor_aux_loss=0.8937 s2_loss=0.1371 l89_loss=0.1550 s5p_loss=0.3760 wv3_loss=0.2256
Epoch 7 step 1250/4126 train_loss=0.5691 train_acc=0.9405 fused_loss=0.3331 sensor_aux_loss=1.2803 s2_loss=0.4707 l89_loss=0.1513 s5p_loss=0.2601 wv3_loss=0.3982
Epoch 7 step 1300/4126 train_loss=0.5678 train_acc=0.9411 fused_loss=0.2834 sensor_aux_loss=1.1748 s2_loss=0.4684 l89_loss=0.1412 s5p_loss=0.4343 wv3_loss=0.1310
Epoch 7 step 1350/4126 train_loss=0.5669 train_acc=0.9414 fused_loss=0.2082 sensor_aux_loss=0.8025 s2_loss=0.2175 l89_loss=0.2756 s5p_loss=0.1327 wv3_loss=0.1768
Epoch 7 step 1400/4126 train_loss=0.5665 train_acc=0.9416 fused_loss=0.2340 sensor_aux_loss=1.1009 s2_loss=0.4596 l89_loss=0.1263 s5p_loss=0.2123 wv3_loss=0.3026
Epoch 7 step 1450/4126 train_loss=0.5664 train_acc=0.9419 fused_loss=0.1605 sensor_aux_loss=1.1101 s2_loss=0.4634 l89_loss=0.1446 s5p_loss=0.2545 wv3_loss=0.2476
Epoch 7 step 1500/4126 train_loss=0.5661 train_acc=0.9417 fused_loss=0.2164 sensor_aux_loss=1.0474 s2_loss=0.2368 l89_loss=0.1400 s5p_loss=0.3171 wv3_loss=0.3535
Epoch 7 step 1550/4126 train_loss=0.5655 train_acc=0.9419 fused_loss=0.1792 sensor_aux_loss=0.7444 s2_loss=0.1894 l89_loss=0.1458 s5p_loss=0.2082 wv3_loss=0.2010
Epoch 7 step 1600/4126 train_loss=0.5662 train_acc=0.9417 fused_loss=0.2705 sensor_aux_loss=1.0727 s2_loss=0.3014 l89_loss=0.1907 s5p_loss=0.1234 wv3_loss=0.4570
Epoch 7 step 1650/4126 train_loss=0.5666 train_acc=0.9415 fused_loss=0.2697 sensor_aux_loss=0.9316 s2_loss=0.4389 l89_loss=0.1381 s5p_loss=0.1502 wv3_loss=0.2045
Epoch 7 step 1700/4126 train_loss=0.5662 train_acc=0.9418 fused_loss=0.1595 sensor_aux_loss=0.9360 s2_loss=0.1913 l89_loss=0.2233 s5p_loss=0.3593 wv3_loss=0.1620
Epoch 7 step 1750/4126 train_loss=0.5661 train_acc=0.9418 fused_loss=0.2073 sensor_aux_loss=0.7761 s2_loss=0.2490 l89_loss=0.1295 s5p_loss=0.1768 wv3_loss=0.2207
Epoch 7 step 1800/4126 train_loss=0.5659 train_acc=0.9418 fused_loss=0.2067 sensor_aux_loss=1.0991 s2_loss=0.2967 l89_loss=0.1489 s5p_loss=0.4749 wv3_loss=0.1786
Epoch 7 step 1850/4126 train_loss=0.5657 train_acc=0.9419 fused_loss=0.2319 sensor_aux_loss=0.8672 s2_loss=0.2249 l89_loss=0.2003 s5p_loss=0.2947 wv3_loss=0.1473
Epoch 7 step 1900/4126 train_loss=0.5667 train_acc=0.9417 fused_loss=0.2281 sensor_aux_loss=1.0889 s2_loss=0.5555 l89_loss=0.1709 s5p_loss=0.1937 wv3_loss=0.1688
Epoch 7 step 1950/4126 train_loss=0.5673 train_acc=0.9415 fused_loss=0.2239 sensor_aux_loss=1.2015 s2_loss=0.2332 l89_loss=0.1759 s5p_loss=0.1773 wv3_loss=0.6151
Epoch 7 step 2000/4126 train_loss=0.5663 train_acc=0.9416 fused_loss=0.3366 sensor_aux_loss=1.2510 s2_loss=0.3518 l89_loss=0.1845 s5p_loss=0.2427 wv3_loss=0.4721
Epoch 7 step 2050/4126 train_loss=0.5662 train_acc=0.9418 fused_loss=0.2198 sensor_aux_loss=0.9793 s2_loss=0.3304 l89_loss=0.1839 s5p_loss=0.2918 wv3_loss=0.1732
Epoch 7 step 2100/4126 train_loss=0.5653 train_acc=0.9420 fused_loss=0.2434 sensor_aux_loss=1.3383 s2_loss=0.3718 l89_loss=0.3750 s5p_loss=0.3985 wv3_loss=0.1930
Epoch 7 step 2150/4126 train_loss=0.5651 train_acc=0.9420 fused_loss=0.1706 sensor_aux_loss=0.7636 s2_loss=0.2255 l89_loss=0.1428 s5p_loss=0.1522 wv3_loss=0.2432
Epoch 7 step 2200/4126 train_loss=0.5645 train_acc=0.9421 fused_loss=0.1871 sensor_aux_loss=1.0120 s2_loss=0.3282 l89_loss=0.2440 s5p_loss=0.1894 wv3_loss=0.2504
Epoch 7 step 2250/4126 train_loss=0.5644 train_acc=0.9420 fused_loss=0.2982 sensor_aux_loss=1.6640 s2_loss=0.4102 l89_loss=0.2053 s5p_loss=0.6146 wv3_loss=0.4339
Epoch 7 step 2300/4126 train_loss=0.5640 train_acc=0.9421 fused_loss=0.1861 sensor_aux_loss=0.9546 s2_loss=0.1720 l89_loss=0.2553 s5p_loss=0.1835 wv3_loss=0.3437
Epoch 7 step 2350/4126 train_loss=0.5641 train_acc=0.9420 fused_loss=0.2497 sensor_aux_loss=1.2938 s2_loss=0.3999 l89_loss=0.1687 s5p_loss=0.4699 wv3_loss=0.2554
Epoch 7 step 2400/4126 train_loss=0.5643 train_acc=0.9419 fused_loss=0.2912 sensor_aux_loss=1.3819 s2_loss=0.2547 l89_loss=0.1402 s5p_loss=0.1820 wv3_loss=0.8050
Epoch 7 step 2450/4126 train_loss=0.5644 train_acc=0.9420 fused_loss=0.2153 sensor_aux_loss=1.1639 s2_loss=0.1698 l89_loss=0.5129 s5p_loss=0.2078 wv3_loss=0.2734
Epoch 7 step 2500/4126 train_loss=0.5645 train_acc=0.9421 fused_loss=0.2412 sensor_aux_loss=1.1357 s2_loss=0.2421 l89_loss=0.1591 s5p_loss=0.4358 wv3_loss=0.2987
Epoch 7 step 2550/4126 train_loss=0.5644 train_acc=0.9422 fused_loss=0.2083 sensor_aux_loss=0.8403 s2_loss=0.1899 l89_loss=0.1362 s5p_loss=0.2418 wv3_loss=0.2724
Epoch 7 step 2600/4126 train_loss=0.5638 train_acc=0.9423 fused_loss=0.1706 sensor_aux_loss=0.8846 s2_loss=0.4168 l89_loss=0.1427 s5p_loss=0.1539 wv3_loss=0.1713
Epoch 7 step 2650/4126 train_loss=0.5636 train_acc=0.9424 fused_loss=0.2601 sensor_aux_loss=1.0260 s2_loss=0.5566 l89_loss=0.1235 s5p_loss=0.2228 wv3_loss=0.1231
Epoch 7 step 2700/4126 train_loss=0.5635 train_acc=0.9424 fused_loss=0.2443 sensor_aux_loss=0.9533 s2_loss=0.2949 l89_loss=0.2425 s5p_loss=0.1434 wv3_loss=0.2726
Epoch 7 step 2750/4126 train_loss=0.5640 train_acc=0.9423 fused_loss=0.1970 sensor_aux_loss=1.3436 s2_loss=0.2753 l89_loss=0.2480 s5p_loss=0.2210 wv3_loss=0.5993
Epoch 7 step 2800/4126 train_loss=0.5640 train_acc=0.9423 fused_loss=0.1795 sensor_aux_loss=0.9479 s2_loss=0.2527 l89_loss=0.1439 s5p_loss=0.3973 wv3_loss=0.1540
Epoch 7 step 2850/4126 train_loss=0.5642 train_acc=0.9422 fused_loss=0.2851 sensor_aux_loss=1.2410 s2_loss=0.4017 l89_loss=0.2587 s5p_loss=0.2264 wv3_loss=0.3542
Epoch 7 step 2900/4126 train_loss=0.5643 train_acc=0.9423 fused_loss=0.2696 sensor_aux_loss=1.3745 s2_loss=0.2115 l89_loss=0.3170 s5p_loss=0.6107 wv3_loss=0.2352
Epoch 7 step 2950/4126 train_loss=0.5647 train_acc=0.9422 fused_loss=0.3527 sensor_aux_loss=1.8317 s2_loss=0.3641 l89_loss=0.1427 s5p_loss=1.1233 wv3_loss=0.2016
Epoch 7 step 3000/4126 train_loss=0.5646 train_acc=0.9423 fused_loss=0.2199 sensor_aux_loss=1.0693 s2_loss=0.2548 l89_loss=0.1344 s5p_loss=0.2858 wv3_loss=0.3944
Epoch 7 step 3050/4126 train_loss=0.5645 train_acc=0.9423 fused_loss=0.4444 sensor_aux_loss=1.8478 s2_loss=0.4030 l89_loss=0.3607 s5p_loss=0.3790 wv3_loss=0.7052
Epoch 7 step 3100/4126 train_loss=0.5647 train_acc=0.9423 fused_loss=0.1449 sensor_aux_loss=0.8594 s2_loss=0.1480 l89_loss=0.1468 s5p_loss=0.4325 wv3_loss=0.1320
Epoch 7 step 3150/4126 train_loss=0.5648 train_acc=0.9423 fused_loss=0.3126 sensor_aux_loss=1.2730 s2_loss=0.3234 l89_loss=0.2202 s5p_loss=0.3668 wv3_loss=0.3626
Epoch 7 step 3200/4126 train_loss=0.5648 train_acc=0.9422 fused_loss=0.1808 sensor_aux_loss=0.9114 s2_loss=0.3310 l89_loss=0.1508 s5p_loss=0.1970 wv3_loss=0.2326
Epoch 7 step 3250/4126 train_loss=0.5646 train_acc=0.9422 fused_loss=0.1954 sensor_aux_loss=1.0822 s2_loss=0.3438 l89_loss=0.3077 s5p_loss=0.2830 wv3_loss=0.1476
Epoch 7 step 3300/4126 train_loss=0.5647 train_acc=0.9420 fused_loss=0.2464 sensor_aux_loss=1.1685 s2_loss=0.1665 l89_loss=0.1273 s5p_loss=0.6207 wv3_loss=0.2540
Epoch 7 step 3350/4126 train_loss=0.5650 train_acc=0.9421 fused_loss=0.2372 sensor_aux_loss=1.2586 s2_loss=0.3866 l89_loss=0.4969 s5p_loss=0.1822 wv3_loss=0.1929
Epoch 7 step 3400/4126 train_loss=0.5647 train_acc=0.9422 fused_loss=0.1716 sensor_aux_loss=0.7619 s2_loss=0.1955 l89_loss=0.1269 s5p_loss=0.1968 wv3_loss=0.2428
Epoch 7 step 3450/4126 train_loss=0.5648 train_acc=0.9422 fused_loss=0.2256 sensor_aux_loss=1.3747 s2_loss=0.2437 l89_loss=0.1535 s5p_loss=0.6461 wv3_loss=0.3315
Epoch 7 step 3500/4126 train_loss=0.5649 train_acc=0.9421 fused_loss=0.1332 sensor_aux_loss=0.6464 s2_loss=0.1274 l89_loss=0.1612 s5p_loss=0.1956 wv3_loss=0.1622
Epoch 7 step 3550/4126 train_loss=0.5645 train_acc=0.9422 fused_loss=0.1807 sensor_aux_loss=0.9090 s2_loss=0.2129 l89_loss=0.1588 s5p_loss=0.3876 wv3_loss=0.1497
Epoch 7 step 3600/4126 train_loss=0.5644 train_acc=0.9422 fused_loss=0.3277 sensor_aux_loss=1.3428 s2_loss=0.4666 l89_loss=0.2285 s5p_loss=0.2233 wv3_loss=0.4244
Epoch 7 step 3650/4126 train_loss=0.5640 train_acc=0.9423 fused_loss=0.2352 sensor_aux_loss=1.1483 s2_loss=0.3332 l89_loss=0.1334 s5p_loss=0.2576 wv3_loss=0.4241
Epoch 7 step 3700/4126 train_loss=0.5644 train_acc=0.9422 fused_loss=0.3610 sensor_aux_loss=1.2288 s2_loss=0.4509 l89_loss=0.3161 s5p_loss=0.3282 wv3_loss=0.1336
Epoch 7 step 3750/4126 train_loss=0.5645 train_acc=0.9421 fused_loss=0.2881 sensor_aux_loss=0.9541 s2_loss=0.5556 l89_loss=0.1256 s5p_loss=0.1255 wv3_loss=0.1474
Epoch 7 step 3800/4126 train_loss=0.5640 train_acc=0.9422 fused_loss=0.1954 sensor_aux_loss=0.8745 s2_loss=0.2083 l89_loss=0.1921 s5p_loss=0.2234 wv3_loss=0.2507
Epoch 7 step 3850/4126 train_loss=0.5642 train_acc=0.9421 fused_loss=0.2646 sensor_aux_loss=1.2542 s2_loss=0.2523 l89_loss=0.1366 s5p_loss=0.2815 wv3_loss=0.5837
Epoch 7 step 3900/4126 train_loss=0.5643 train_acc=0.9420 fused_loss=0.2763 sensor_aux_loss=1.0858 s2_loss=0.3622 l89_loss=0.1776 s5p_loss=0.3951 wv3_loss=0.1509
Epoch 7 step 3950/4126 train_loss=0.5641 train_acc=0.9421 fused_loss=0.2736 sensor_aux_loss=1.0754 s2_loss=0.1662 l89_loss=0.2653 s5p_loss=0.5162 wv3_loss=0.1277
Epoch 7 step 4000/4126 train_loss=0.5643 train_acc=0.9421 fused_loss=0.2830 sensor_aux_loss=1.3460 s2_loss=0.1777 l89_loss=0.2036 s5p_loss=0.4839 wv3_loss=0.4807
Epoch 7 step 4050/4126 train_loss=0.5638 train_acc=0.9422 fused_loss=0.1685 sensor_aux_loss=0.7332 s2_loss=0.2475 l89_loss=0.1759 s5p_loss=0.1715 wv3_loss=0.1383
Epoch 7 step 4100/4126 train_loss=0.5639 train_acc=0.9421 fused_loss=0.2475 sensor_aux_loss=1.0945 s2_loss=0.3944 l89_loss=0.2085 s5p_loss=0.2810 wv3_loss=0.2106
[Cache][Warn] Low free space (97.70 GB) under /diniuvol/yuyao/local_train_temp_cache; falling back to remote reads.
[Cache][Warn] Low free space (97.70 GB) under /diniuvol/yuyao/local_train_temp_cache; falling back to remote reads.
[Cache][Warn] Low free space (97.70 GB) under /diniuvol/yuyao/local_train_temp_cache; falling back to remote reads.
[Cache][Warn] Low free space (97.70 GB) under /diniuvol/yuyao/local_train_temp_cache; falling back to remote reads.
[Cache][Warn] Low free space (97.70 GB) under /diniuvol/yuyao/local_train_temp_cache; falling back to remote reads.
[Cache][Warn] Low free space (97.70 GB) under /diniuvol/yuyao/local_train_temp_cache; falling back to remote reads.
[Cache][Warn] Low free space (97.70 GB) under /diniuvol/yuyao/local_train_temp_cache; falling back to remote reads.
[Cache][Warn] Low free space (97.70 GB) under /diniuvol/yuyao/local_train_temp_cache; falling back to remote reads.
Epoch 7: train_loss=0.5641 train_acc=0.9421 test_loss=0.6979 test_acc=0.8262 test_fpr=0.1297 test_recall=0.7834 test_auroc=0.8994 train_fused_loss=0.2355 train_sensor_aux_loss=1.0951
[EvalSplit][FUSED][ALL][OVERALL] count=36826 acc=0.8262 fpr=0.1297 recall=0.7834 auroc=0.8994
[EvalSplit][FUSED][OVERLAP][OVERALL] count=6241 acc=0.8260 fpr=0.0979 recall=0.7585 auroc=0.9086
[EvalSplit][FUSED][SINGLE][OVERALL] count=30585 acc=0.8262 fpr=0.1359 recall=0.7888 auroc=0.8987
[EvalSplit][FUSED][ALL][SENSOR_S2] count=23781 acc=0.9099 fpr=0.1116 recall=0.9314 auroc=0.9615
[EvalSplit][FUSED][OVERLAP][SENSOR_S2] count=3647 acc=0.8980 fpr=0.0857 recall=0.8818 auroc=0.9572
[EvalSplit][FUSED][SINGLE][SENSOR_S2] count=20134 acc=0.9120 fpr=0.1163 recall=0.9404 auroc=0.9640
[EvalSplit][FUSED][ALL][SENSOR_L89] count=8460 acc=0.7100 fpr=0.1285 recall=0.5460 auroc=0.7991
[EvalSplit][FUSED][OVERLAP][SENSOR_L89] count=1886 acc=0.8070 fpr=0.1145 recall=0.7285 auroc=0.9003
[EvalSplit][FUSED][SINGLE][SENSOR_L89] count=6574 acc=0.6822 fpr=0.1325 recall=0.4931 auroc=0.7715
[EvalSplit][FUSED][ALL][SENSOR_S5P] count=7404 acc=0.7499 fpr=0.1652 recall=0.6735 auroc=0.8336
[EvalSplit][FUSED][OVERLAP][SENSOR_S5P] count=5088 acc=0.8229 fpr=0.1016 recall=0.7571 auroc=0.8972
[EvalSplit][FUSED][SINGLE][SENSOR_S5P] count=2316 acc=0.5894 fpr=0.2981 recall=0.4814 auroc=0.6450
[EvalSplit][FUSED][ALL][SENSOR_WV3] count=3518 acc=0.6998 fpr=0.1277 recall=0.5813 auroc=0.8217
[EvalSplit][FUSED][OVERLAP][SENSOR_WV3] count=1957 acc=0.7184 fpr=0.0887 recall=0.5912 auroc=0.8594
[EvalSplit][FUSED][SINGLE][SENSOR_WV3] count=1561 acc=0.6765 fpr=0.1740 recall=0.5684 auroc=0.7760
[EvalSplit][REF_SENSOR_HEAD][ALL][SENSOR_S2] count=23781 acc=0.9103 fpr=0.1254 recall=0.9461 auroc=0.9660
[EvalSplit][REF_SENSOR_HEAD][OVERLAP][SENSOR_S2] count=3647 acc=0.9024 fpr=0.1500 recall=0.9546 auroc=0.9651
[EvalSplit][REF_SENSOR_HEAD][SINGLE][SENSOR_S2] count=20134 acc=0.9118 fpr=0.1209 recall=0.9446 auroc=0.9662
[EvalSplit][REF_SENSOR_HEAD][ALL][SENSOR_L89] count=8460 acc=0.6845 fpr=0.1379 recall=0.5041 auroc=0.7695
[EvalSplit][REF_SENSOR_HEAD][OVERLAP][SENSOR_L89] count=1886 acc=0.7169 fpr=0.1612 recall=0.5949 auroc=0.7757
[EvalSplit][REF_SENSOR_HEAD][SINGLE][SENSOR_L89] count=6574 acc=0.6752 fpr=0.1313 recall=0.4777 auroc=0.7689
[EvalSplit][REF_SENSOR_HEAD][ALL][SENSOR_S5P] count=7404 acc=0.5374 fpr=0.2665 recall=0.3611 auroc=0.6280
[EvalSplit][REF_SENSOR_HEAD][OVERLAP][SENSOR_S5P] count=5088 acc=0.5143 fpr=0.2754 recall=0.3309 auroc=0.6190
[EvalSplit][REF_SENSOR_HEAD][SINGLE][SENSOR_S5P] count=2316 acc=0.5881 fpr=0.2478 recall=0.4306 auroc=0.6501
[EvalSplit][REF_SENSOR_HEAD][ALL][SENSOR_WV3] count=3518 acc=0.6862 fpr=0.1654 recall=0.5842 auroc=0.7828
[EvalSplit][REF_SENSOR_HEAD][OVERLAP][SENSOR_WV3] count=1957 acc=0.6817 fpr=0.1517 recall=0.5717 auroc=0.7824
[EvalSplit][REF_SENSOR_HEAD][SINGLE][SENSOR_WV3] count=1561 acc=0.6919 fpr=0.1817 recall=0.6004 auroc=0.7842
[Cache][Warn] Low free space (97.70 GB) under /diniuvol/yuyao/local_train_temp_cache; falling back to remote reads.
[Cache][Warn] Low free space (97.70 GB) under /diniuvol/yuyao/local_train_temp_cache; falling back to remote reads.
[Cache][Warn] Low free space (97.70 GB) under /diniuvol/yuyao/local_train_temp_cache; falling back to remote reads.
[Cache][Warn] Low free space (97.70 GB) under /diniuvol/yuyao/local_train_temp_cache; falling back to remote reads.
[Cache][Warn] Low free space (97.70 GB) under /diniuvol/yuyao/local_train_temp_cache; falling back to remote reads.
[Cache][Warn] Low free space (97.70 GB) under /diniuvol/yuyao/local_train_temp_cache; falling back to remote reads.
[Cache][Warn] Low free space (97.70 GB) under /diniuvol/yuyao/local_train_temp_cache; falling back to remote reads.
[Cache][Warn] Low free space (97.70 GB) under /diniuvol/yuyao/local_train_temp_cache; falling back to remote reads.
Epoch 8 step 50/4126 train_loss=0.5078 train_acc=0.9513 fused_loss=0.1348 sensor_aux_loss=0.5975 s2_loss=0.1322 l89_loss=0.1478 s5p_loss=0.1903 wv3_loss=0.1272
Epoch 8 step 100/4126 train_loss=0.5312 train_acc=0.9491 fused_loss=0.2196 sensor_aux_loss=0.9532 s2_loss=0.2096 l89_loss=0.1493 s5p_loss=0.1850 wv3_loss=0.4094
Epoch 8 step 150/4126 train_loss=0.5355 train_acc=0.9475 fused_loss=0.2666 sensor_aux_loss=1.1193 s2_loss=0.1910 l89_loss=0.1660 s5p_loss=0.2823 wv3_loss=0.4800
Epoch 8 step 200/4126 train_loss=0.5377 train_acc=0.9478 fused_loss=0.2635 sensor_aux_loss=2.0076 s2_loss=0.2874 l89_loss=0.1601 s5p_loss=1.4300 wv3_loss=0.1301
Epoch 8 step 250/4126 train_loss=0.5417 train_acc=0.9467 fused_loss=0.1680 sensor_aux_loss=0.9528 s2_loss=0.1818 l89_loss=0.1690 s5p_loss=0.4096 wv3_loss=0.1924
Epoch 8 step 300/4126 train_loss=0.5411 train_acc=0.9476 fused_loss=0.1829 sensor_aux_loss=0.7672 s2_loss=0.2232 l89_loss=0.1353 s5p_loss=0.2705 wv3_loss=0.1382
Epoch 8 step 350/4126 train_loss=0.5442 train_acc=0.9460 fused_loss=0.3207 sensor_aux_loss=1.2585 s2_loss=0.3531 l89_loss=0.2436 s5p_loss=0.3580 wv3_loss=0.3038
Epoch 8 step 400/4126 train_loss=0.5479 train_acc=0.9450 fused_loss=0.3012 sensor_aux_loss=1.3482 s2_loss=0.3650 l89_loss=0.3028 s5p_loss=0.5170 wv3_loss=0.1634
Epoch 8 step 450/4126 train_loss=0.5472 train_acc=0.9456 fused_loss=0.1743 sensor_aux_loss=0.8238 s2_loss=0.2000 l89_loss=0.1981 s5p_loss=0.2740 wv3_loss=0.1518
Epoch 8 step 500/4126 train_loss=0.5495 train_acc=0.9457 fused_loss=0.3259 sensor_aux_loss=1.1946 s2_loss=0.5388 l89_loss=0.1388 s5p_loss=0.3372 wv3_loss=0.1799
Epoch 8 step 550/4126 train_loss=0.5480 train_acc=0.9457 fused_loss=0.2565 sensor_aux_loss=1.0273 s2_loss=0.1528 l89_loss=0.2749 s5p_loss=0.2021 wv3_loss=0.3974
Epoch 8 step 600/4126 train_loss=0.5471 train_acc=0.9462 fused_loss=0.1378 sensor_aux_loss=0.7707 s2_loss=0.1890 l89_loss=0.1676 s5p_loss=0.1839 wv3_loss=0.2302
Epoch 8 step 650/4126 train_loss=0.5473 train_acc=0.9465 fused_loss=0.3575 sensor_aux_loss=1.4642 s2_loss=0.4077 l89_loss=0.1236 s5p_loss=0.7067 wv3_loss=0.2262
Epoch 8 step 700/4126 train_loss=0.5461 train_acc=0.9470 fused_loss=0.2381 sensor_aux_loss=0.9759 s2_loss=0.2444 l89_loss=0.1320 s5p_loss=0.4547 wv3_loss=0.1448
Epoch 8 step 750/4126 train_loss=0.5471 train_acc=0.9467 fused_loss=0.2040 sensor_aux_loss=1.1039 s2_loss=0.2256 l89_loss=0.2454 s5p_loss=0.4887 wv3_loss=0.1442
Epoch 8 step 800/4126 train_loss=0.5459 train_acc=0.9469 fused_loss=0.1834 sensor_aux_loss=1.0781 s2_loss=0.5364 l89_loss=0.1815 s5p_loss=0.1987 wv3_loss=0.1615
Epoch 8 step 850/4126 train_loss=0.5464 train_acc=0.9463 fused_loss=0.3215 sensor_aux_loss=1.1765 s2_loss=0.4949 l89_loss=0.1684 s5p_loss=0.1780 wv3_loss=0.3352
Epoch 8 step 900/4126 train_loss=0.5449 train_acc=0.9467 fused_loss=0.1634 sensor_aux_loss=0.7909 s2_loss=0.2619 l89_loss=0.1300 s5p_loss=0.2365 wv3_loss=0.1625
Epoch 8 step 950/4126 train_loss=0.5434 train_acc=0.9468 fused_loss=0.2025 sensor_aux_loss=1.0306 s2_loss=0.4669 l89_loss=0.2308 s5p_loss=0.1623 wv3_loss=0.1706
Epoch 8 step 1000/4126 train_loss=0.5438 train_acc=0.9468 fused_loss=0.2388 sensor_aux_loss=0.8732 s2_loss=0.3129 l89_loss=0.1950 s5p_loss=0.1410 wv3_loss=0.2243
Epoch 8 step 1050/4126 train_loss=0.5432 train_acc=0.9473 fused_loss=0.1960 sensor_aux_loss=0.9361 s2_loss=0.3055 l89_loss=0.1327 s5p_loss=0.2549 wv3_loss=0.2431
Epoch 8 step 1100/4126 train_loss=0.5426 train_acc=0.9474 fused_loss=0.1467 sensor_aux_loss=0.6732 s2_loss=0.1486 l89_loss=0.1633 s5p_loss=0.1412 wv3_loss=0.2201
Epoch 8 step 1150/4126 train_loss=0.5412 train_acc=0.9477 fused_loss=0.1807 sensor_aux_loss=0.9840 s2_loss=0.1848 l89_loss=0.1315 s5p_loss=0.3531 wv3_loss=0.3146
Epoch 8 step 1200/4126 train_loss=0.5412 train_acc=0.9477 fused_loss=0.1696 sensor_aux_loss=0.8219 s2_loss=0.1900 l89_loss=0.1914 s5p_loss=0.2680 wv3_loss=0.1724
Epoch 8 step 1250/4126 train_loss=0.5420 train_acc=0.9476 fused_loss=0.3001 sensor_aux_loss=1.4586 s2_loss=0.5375 l89_loss=0.3053 s5p_loss=0.2725 wv3_loss=0.3433
Epoch 8 step 1300/4126 train_loss=0.5410 train_acc=0.9476 fused_loss=0.1882 sensor_aux_loss=1.0144 s2_loss=0.3708 l89_loss=0.1860 s5p_loss=0.2145 wv3_loss=0.2431
Epoch 8 step 1350/4126 train_loss=0.5404 train_acc=0.9477 fused_loss=0.2272 sensor_aux_loss=1.0719 s2_loss=0.2518 l89_loss=0.1839 s5p_loss=0.2321 wv3_loss=0.4042
Epoch 8 step 1400/4126 train_loss=0.5402 train_acc=0.9480 fused_loss=0.1905 sensor_aux_loss=0.8563 s2_loss=0.2092 l89_loss=0.1442 s5p_loss=0.1853 wv3_loss=0.3176
Epoch 8 step 1450/4126 train_loss=0.5397 train_acc=0.9482 fused_loss=0.1817 sensor_aux_loss=0.9654 s2_loss=0.2474 l89_loss=0.1636 s5p_loss=0.2932 wv3_loss=0.2613
Epoch 8 step 1500/4126 train_loss=0.5407 train_acc=0.9481 fused_loss=0.3102 sensor_aux_loss=1.3065 s2_loss=0.2375 l89_loss=0.5905 s5p_loss=0.3393 wv3_loss=0.1392
Epoch 8 step 1550/4126 train_loss=0.5415 train_acc=0.9478 fused_loss=0.2324 sensor_aux_loss=1.1093 s2_loss=0.2916 l89_loss=0.1888 s5p_loss=0.3503 wv3_loss=0.2787
Epoch 8 step 1600/4126 train_loss=0.5417 train_acc=0.9478 fused_loss=0.3773 sensor_aux_loss=1.1818 s2_loss=0.6558 l89_loss=0.1229 s5p_loss=0.1358 wv3_loss=0.2672
Epoch 8 step 1650/4126 train_loss=0.5416 train_acc=0.9478 fused_loss=0.1646 sensor_aux_loss=0.7277 s2_loss=0.1441 l89_loss=0.1332 s5p_loss=0.2037 wv3_loss=0.2467
Epoch 8 step 1700/4126 train_loss=0.5415 train_acc=0.9479 fused_loss=0.2059 sensor_aux_loss=1.0612 s2_loss=0.1602 l89_loss=0.1959 s5p_loss=0.5177 wv3_loss=0.1874
Epoch 8 step 1750/4126 train_loss=0.5423 train_acc=0.9477 fused_loss=0.2956 sensor_aux_loss=1.0211 s2_loss=0.4369 l89_loss=0.1703 s5p_loss=0.2001 wv3_loss=0.2138
Epoch 8 step 1800/4126 train_loss=0.5418 train_acc=0.9479 fused_loss=0.2886 sensor_aux_loss=1.0219 s2_loss=0.4035 l89_loss=0.1792 s5p_loss=0.1695 wv3_loss=0.2697
Epoch 8 step 1850/4126 train_loss=0.5413 train_acc=0.9480 fused_loss=0.2186 sensor_aux_loss=0.9143 s2_loss=0.4277 l89_loss=0.1294 s5p_loss=0.2016 wv3_loss=0.1556
Epoch 8 step 1900/4126 train_loss=0.5421 train_acc=0.9478 fused_loss=0.2557 sensor_aux_loss=1.0215 s2_loss=0.1980 l89_loss=0.1977 s5p_loss=0.3400 wv3_loss=0.2858
Epoch 8 step 1950/4126 train_loss=0.5426 train_acc=0.9478 fused_loss=0.2178 sensor_aux_loss=0.9624 s2_loss=0.3211 l89_loss=0.1322 s5p_loss=0.2156 wv3_loss=0.2935
Epoch 8 step 2000/4126 train_loss=0.5423 train_acc=0.9479 fused_loss=0.2831 sensor_aux_loss=0.9901 s2_loss=0.3291 l89_loss=0.1406 s5p_loss=0.1474 wv3_loss=0.3730
Epoch 8 step 2050/4126 train_loss=0.5426 train_acc=0.9478 fused_loss=0.2214 sensor_aux_loss=1.0523 s2_loss=0.4384 l89_loss=0.1416 s5p_loss=0.2981 wv3_loss=0.1742
Epoch 8 step 2100/4126 train_loss=0.5428 train_acc=0.9476 fused_loss=0.2325 sensor_aux_loss=0.8988 s2_loss=0.3453 l89_loss=0.1218 s5p_loss=0.2677 wv3_loss=0.1641
Epoch 8 step 2150/4126 train_loss=0.5434 train_acc=0.9473 fused_loss=0.1767 sensor_aux_loss=0.6749 s2_loss=0.1883 l89_loss=0.1428 s5p_loss=0.1834 wv3_loss=0.1603
Epoch 8 step 2200/4126 train_loss=0.5433 train_acc=0.9471 fused_loss=0.2326 sensor_aux_loss=1.0519 s2_loss=0.3183 l89_loss=0.1727 s5p_loss=0.2856 wv3_loss=0.2753
Epoch 8 step 2250/4126 train_loss=0.5437 train_acc=0.9470 fused_loss=0.4141 sensor_aux_loss=2.1063 s2_loss=0.3987 l89_loss=0.3169 s5p_loss=1.1559 wv3_loss=0.2348
Epoch 8 step 2300/4126 train_loss=0.5434 train_acc=0.9473 fused_loss=0.1563 sensor_aux_loss=0.7623 s2_loss=0.2850 l89_loss=0.1384 s5p_loss=0.1718 wv3_loss=0.1670
Epoch 8 step 2350/4126 train_loss=0.5435 train_acc=0.9472 fused_loss=0.1442 sensor_aux_loss=0.6351 s2_loss=0.1335 l89_loss=0.2341 s5p_loss=0.1286 wv3_loss=0.1389
Epoch 8 step 2400/4126 train_loss=0.5430 train_acc=0.9474 fused_loss=0.3443 sensor_aux_loss=1.1284 s2_loss=0.3048 l89_loss=0.1520 s5p_loss=0.1806 wv3_loss=0.4911
Epoch 8 step 2450/4126 train_loss=0.5427 train_acc=0.9473 fused_loss=0.1812 sensor_aux_loss=0.8372 s2_loss=0.3383 l89_loss=0.1292 s5p_loss=0.1934 wv3_loss=0.1763
Epoch 8 step 2500/4126 train_loss=0.5427 train_acc=0.9473 fused_loss=0.1912 sensor_aux_loss=0.8541 s2_loss=0.1744 l89_loss=0.1877 s5p_loss=0.2905 wv3_loss=0.2016
Epoch 8 step 2550/4126 train_loss=0.5423 train_acc=0.9475 fused_loss=0.2107 sensor_aux_loss=0.8213 s2_loss=0.2840 l89_loss=0.1383 s5p_loss=0.2452 wv3_loss=0.1538
Epoch 8 step 2600/4126 train_loss=0.5426 train_acc=0.9474 fused_loss=0.1790 sensor_aux_loss=0.9730 s2_loss=0.3395 l89_loss=0.2713 s5p_loss=0.2017 wv3_loss=0.1605
Epoch 8 step 2650/4126 train_loss=0.5425 train_acc=0.9474 fused_loss=0.1809 sensor_aux_loss=0.6746 s2_loss=0.1657 l89_loss=0.1495 s5p_loss=0.2080 wv3_loss=0.1513
Epoch 8 step 2700/4126 train_loss=0.5425 train_acc=0.9472 fused_loss=0.2022 sensor_aux_loss=0.8163 s2_loss=0.2452 l89_loss=0.1950 s5p_loss=0.1885 wv3_loss=0.1876
Epoch 8 step 2750/4126 train_loss=0.5424 train_acc=0.9472 fused_loss=0.2375 sensor_aux_loss=1.0931 s2_loss=0.2688 l89_loss=0.1509 s5p_loss=0.2633 wv3_loss=0.4101
Epoch 8 step 2800/4126 train_loss=0.5422 train_acc=0.9472 fused_loss=0.2811 sensor_aux_loss=1.0645 s2_loss=0.3011 l89_loss=0.1530 s5p_loss=0.1995 wv3_loss=0.4109
Epoch 8 step 2850/4126 train_loss=0.5420 train_acc=0.9472 fused_loss=0.1657 sensor_aux_loss=1.0316 s2_loss=0.1435 l89_loss=0.1383 s5p_loss=0.2179 wv3_loss=0.5318
Epoch 8 step 2900/4126 train_loss=0.5424 train_acc=0.9472 fused_loss=0.1813 sensor_aux_loss=1.0254 s2_loss=0.2993 l89_loss=0.1530 s5p_loss=0.3891 wv3_loss=0.1840
Epoch 8 step 2950/4126 train_loss=0.5426 train_acc=0.9470 fused_loss=0.1964 sensor_aux_loss=1.0551 s2_loss=0.3351 l89_loss=0.3544 s5p_loss=0.2227 wv3_loss=0.1430
Epoch 8 step 3000/4126 train_loss=0.5427 train_acc=0.9470 fused_loss=0.2077 sensor_aux_loss=0.9401 s2_loss=0.3273 l89_loss=0.2014 s5p_loss=0.1260 wv3_loss=0.2854
Epoch 8 step 3050/4126 train_loss=0.5426 train_acc=0.9470 fused_loss=0.1847 sensor_aux_loss=1.2224 s2_loss=0.3605 l89_loss=0.3472 s5p_loss=0.3518 wv3_loss=0.1628
Epoch 8 step 3100/4126 train_loss=0.5423 train_acc=0.9471 fused_loss=0.2993 sensor_aux_loss=1.1310 s2_loss=0.4861 l89_loss=0.1765 s5p_loss=0.2594 wv3_loss=0.2090
Epoch 8 step 3150/4126 train_loss=0.5422 train_acc=0.9469 fused_loss=0.1978 sensor_aux_loss=1.0841 s2_loss=0.3068 l89_loss=0.2157 s5p_loss=0.3160 wv3_loss=0.2456
Epoch 8 step 3200/4126 train_loss=0.5422 train_acc=0.9470 fused_loss=0.2265 sensor_aux_loss=1.0541 s2_loss=0.2633 l89_loss=0.1212 s5p_loss=0.5255 wv3_loss=0.1441
Epoch 8 step 3250/4126 train_loss=0.5424 train_acc=0.9469 fused_loss=0.3374 sensor_aux_loss=1.6757 s2_loss=0.4414 l89_loss=0.1538 s5p_loss=0.9291 wv3_loss=0.1513
Epoch 8 step 3300/4126 train_loss=0.5426 train_acc=0.9467 fused_loss=0.2169 sensor_aux_loss=0.8505 s2_loss=0.3173 l89_loss=0.1618 s5p_loss=0.1629 wv3_loss=0.2085
Epoch 8 step 3350/4126 train_loss=0.5422 train_acc=0.9469 fused_loss=0.1836 sensor_aux_loss=0.9523 s2_loss=0.2163 l89_loss=0.1329 s5p_loss=0.1984 wv3_loss=0.4048
Epoch 8 step 3400/4126 train_loss=0.5420 train_acc=0.9468 fused_loss=0.1490 sensor_aux_loss=0.6519 s2_loss=0.1660 l89_loss=0.1261 s5p_loss=0.1527 wv3_loss=0.2071
Epoch 8 step 3450/4126 train_loss=0.5424 train_acc=0.9468 fused_loss=0.2808 sensor_aux_loss=1.2346 s2_loss=0.2288 l89_loss=0.2154 s5p_loss=0.6172 wv3_loss=0.1732
Epoch 8 step 3500/4126 train_loss=0.5424 train_acc=0.9467 fused_loss=0.1915 sensor_aux_loss=0.9030 s2_loss=0.2171 l89_loss=0.1245 s5p_loss=0.1886 wv3_loss=0.3728
Epoch 8 step 3550/4126 train_loss=0.5421 train_acc=0.9467 fused_loss=0.2020 sensor_aux_loss=0.8995 s2_loss=0.2592 l89_loss=0.1706 s5p_loss=0.1751 wv3_loss=0.2945
Epoch 8 step 3600/4126 train_loss=0.5420 train_acc=0.9468 fused_loss=0.1468 sensor_aux_loss=0.7886 s2_loss=0.1926 l89_loss=0.2861 s5p_loss=0.1381 wv3_loss=0.1719
Epoch 8 step 3650/4126 train_loss=0.5420 train_acc=0.9468 fused_loss=0.2535 sensor_aux_loss=1.5222 s2_loss=0.3805 l89_loss=0.1645 s5p_loss=0.5804 wv3_loss=0.3967
Epoch 8 step 3700/4126 train_loss=0.5416 train_acc=0.9470 fused_loss=0.1720 sensor_aux_loss=1.0946 s2_loss=0.3573 l89_loss=0.2141 s5p_loss=0.3652 wv3_loss=0.1580
Epoch 8 step 3750/4126 train_loss=0.5414 train_acc=0.9470 fused_loss=0.3103 sensor_aux_loss=1.4272 s2_loss=0.4224 l89_loss=0.1680 s5p_loss=0.5860 wv3_loss=0.2508
Epoch 8 step 3800/4126 train_loss=0.5415 train_acc=0.9470 fused_loss=0.1882 sensor_aux_loss=0.8161 s2_loss=0.2049 l89_loss=0.1272 s5p_loss=0.1731 wv3_loss=0.3110
Epoch 8 step 3850/4126 train_loss=0.5411 train_acc=0.9471 fused_loss=0.1562 sensor_aux_loss=0.9883 s2_loss=0.1869 l89_loss=0.1764 s5p_loss=0.4478 wv3_loss=0.1772
Epoch 8 step 3900/4126 train_loss=0.5412 train_acc=0.9471 fused_loss=0.2804 sensor_aux_loss=1.1593 s2_loss=0.5040 l89_loss=0.2827 s5p_loss=0.1618 wv3_loss=0.2108
Epoch 8 step 3950/4126 train_loss=0.5408 train_acc=0.9472 fused_loss=0.1795 sensor_aux_loss=0.8876 s2_loss=0.3135 l89_loss=0.1961 s5p_loss=0.1647 wv3_loss=0.2133
Epoch 8 step 4000/4126 train_loss=0.5408 train_acc=0.9472 fused_loss=0.1562 sensor_aux_loss=1.5956 s2_loss=0.2690 l89_loss=0.1421 s5p_loss=1.0430 wv3_loss=0.1415
Epoch 8 step 4050/4126 train_loss=0.5410 train_acc=0.9473 fused_loss=0.2861 sensor_aux_loss=1.2277 s2_loss=0.1830 l89_loss=0.3449 s5p_loss=0.5787 wv3_loss=0.1212
Epoch 8 step 4100/4126 train_loss=0.5408 train_acc=0.9474 fused_loss=0.2728 sensor_aux_loss=1.7930 s2_loss=0.2966 l89_loss=0.4314 s5p_loss=0.7369 wv3_loss=0.3281
[Cache][Warn] Low free space (97.70 GB) under /diniuvol/yuyao/local_train_temp_cache; falling back to remote reads.
[Cache][Warn] Low free space (97.70 GB) under /diniuvol/yuyao/local_train_temp_cache; falling back to remote reads.
[Cache][Warn] Low free space (97.70 GB) under /diniuvol/yuyao/local_train_temp_cache; falling back to remote reads.
[Cache][Warn] Low free space (97.70 GB) under /diniuvol/yuyao/local_train_temp_cache; falling back to remote reads.
[Cache][Warn] Low free space (97.70 GB) under /diniuvol/yuyao/local_train_temp_cache; falling back to remote reads.
[Cache][Warn] Low free space (97.70 GB) under /diniuvol/yuyao/local_train_temp_cache; falling back to remote reads.
[Cache][Warn] Low free space (97.70 GB) under /diniuvol/yuyao/local_train_temp_cache; falling back to remote reads.
[Cache][Warn] Low free space (97.70 GB) under /diniuvol/yuyao/local_train_temp_cache; falling back to remote reads.
Epoch 8: train_loss=0.5408 train_acc=0.9474 test_loss=0.7225 test_acc=0.8200 test_fpr=0.1452 test_recall=0.7863 test_auroc=0.8888 train_fused_loss=0.2268 train_sensor_aux_loss=1.0463
[EvalSplit][FUSED][ALL][OVERALL] count=36826 acc=0.8200 fpr=0.1452 recall=0.7863 auroc=0.8888
[EvalSplit][FUSED][OVERLAP][OVERALL] count=6241 acc=0.8229 fpr=0.1313 recall=0.7824 auroc=0.8999
[EvalSplit][FUSED][SINGLE][OVERALL] count=30585 acc=0.8194 fpr=0.1479 recall=0.7871 auroc=0.8872
[EvalSplit][FUSED][ALL][SENSOR_S2] count=23781 acc=0.9064 fpr=0.1324 recall=0.9452 auroc=0.9577
[EvalSplit][FUSED][OVERLAP][SENSOR_S2] count=3647 acc=0.8974 fpr=0.1170 recall=0.9119 auroc=0.9507
[EvalSplit][FUSED][SINGLE][SENSOR_S2] count=20134 acc=0.9080 fpr=0.1352 recall=0.9513 auroc=0.9606
[EvalSplit][FUSED][ALL][SENSOR_L89] count=8460 acc=0.6973 fpr=0.1288 recall=0.5205 auroc=0.7755
[EvalSplit][FUSED][OVERLAP][SENSOR_L89] count=1886 acc=0.7900 fpr=0.1527 recall=0.7328 auroc=0.8796
[EvalSplit][FUSED][SINGLE][SENSOR_L89] count=6574 acc=0.6707 fpr=0.1220 recall=0.4590 auroc=0.7491
[EvalSplit][FUSED][ALL][SENSOR_S5P] count=7404 acc=0.7397 fpr=0.2026 recall=0.6879 auroc=0.8229
[EvalSplit][FUSED][OVERLAP][SENSOR_S5P] count=5088 acc=0.8188 fpr=0.1400 recall=0.7828 auroc=0.8885
[EvalSplit][FUSED][SINGLE][SENSOR_S5P] count=2316 acc=0.5661 fpr=0.3333 recall=0.4695 auroc=0.6295
[EvalSplit][FUSED][ALL][SENSOR_WV3] count=3518 acc=0.7058 fpr=0.1263 recall=0.5904 auroc=0.8230
[EvalSplit][FUSED][OVERLAP][SENSOR_WV3] count=1957 acc=0.7271 fpr=0.1041 recall=0.6158 auroc=0.8648
[EvalSplit][FUSED][SINGLE][SENSOR_WV3] count=1561 acc=0.6791 fpr=0.1527 recall=0.5574 auroc=0.7726
[EvalSplit][REF_SENSOR_HEAD][ALL][SENSOR_S2] count=23781 acc=0.9056 fpr=0.1442 recall=0.9555 auroc=0.9636
[EvalSplit][REF_SENSOR_HEAD][OVERLAP][SENSOR_S2] count=3647 acc=0.8955 fpr=0.1654 recall=0.9562 auroc=0.9617
[EvalSplit][REF_SENSOR_HEAD][SINGLE][SENSOR_S2] count=20134 acc=0.9074 fpr=0.1404 recall=0.9553 auroc=0.9640
[EvalSplit][REF_SENSOR_HEAD][ALL][SENSOR_L89] count=8460 acc=0.6785 fpr=0.1316 recall=0.4855 auroc=0.7496
[EvalSplit][REF_SENSOR_HEAD][OVERLAP][SENSOR_L89] count=1886 acc=0.7116 fpr=0.1463 recall=0.5695 auroc=0.7630
[EvalSplit][REF_SENSOR_HEAD][SINGLE][SENSOR_L89] count=6574 acc=0.6690 fpr=0.1274 recall=0.4611 auroc=0.7467
[EvalSplit][REF_SENSOR_HEAD][ALL][SENSOR_S5P] count=7404 acc=0.5670 fpr=0.3409 recall=0.4842 auroc=0.6411
[EvalSplit][REF_SENSOR_HEAD][OVERLAP][SENSOR_S5P] count=5088 acc=0.5548 fpr=0.3762 recall=0.4947 auroc=0.6355
[EvalSplit][REF_SENSOR_HEAD][SINGLE][SENSOR_S5P] count=2316 acc=0.5937 fpr=0.2672 recall=0.4602 auroc=0.6432
[EvalSplit][REF_SENSOR_HEAD][ALL][SENSOR_WV3] count=3518 acc=0.6916 fpr=0.1465 recall=0.5803 auroc=0.7846
[EvalSplit][REF_SENSOR_HEAD][OVERLAP][SENSOR_WV3] count=1957 acc=0.6914 fpr=0.1362 recall=0.5776 auroc=0.7860
[EvalSplit][REF_SENSOR_HEAD][SINGLE][SENSOR_WV3] count=1561 acc=0.6919 fpr=0.1588 recall=0.5839 auroc=0.7833
[Cache][Warn] Low free space (97.70 GB) under /diniuvol/yuyao/local_train_temp_cache; falling back to remote reads.
[Cache][Warn] Low free space (97.70 GB) under /diniuvol/yuyao/local_train_temp_cache; falling back to remote reads.
[Cache][Warn] Low free space (97.70 GB) under /diniuvol/yuyao/local_train_temp_cache; falling back to remote reads.
[Cache][Warn] Low free space (97.70 GB) under /diniuvol/yuyao/local_train_temp_cache; falling back to remote reads.
[Cache][Warn] Low free space (97.70 GB) under /diniuvol/yuyao/local_train_temp_cache; falling back to remote reads.
[Cache][Warn] Low free space (97.70 GB) under /diniuvol/yuyao/local_train_temp_cache; falling back to remote reads.
[Cache][Warn] Low free space (97.70 GB) under /diniuvol/yuyao/local_train_temp_cache; falling back to remote reads.
[Cache][Warn] Low free space (97.70 GB) under /diniuvol/yuyao/local_train_temp_cache; falling back to remote reads.
Epoch 9 step 50/4126 train_loss=0.5157 train_acc=0.9525 fused_loss=0.2249 sensor_aux_loss=1.0266 s2_loss=0.1904 l89_loss=0.1479 s5p_loss=0.3746 wv3_loss=0.3136
Epoch 9 step 100/4126 train_loss=0.5120 train_acc=0.9516 fused_loss=0.2482 sensor_aux_loss=1.3078 s2_loss=0.3812 l89_loss=0.2354 s5p_loss=0.4859 wv3_loss=0.2053
Epoch 9 step 150/4126 train_loss=0.5010 train_acc=0.9552 fused_loss=0.2085 sensor_aux_loss=0.9034 s2_loss=0.1465 l89_loss=0.1775 s5p_loss=0.3151 wv3_loss=0.2643
Epoch 9 step 200/4126 train_loss=0.5028 train_acc=0.9544 fused_loss=0.2690 sensor_aux_loss=1.2029 s2_loss=0.2243 l89_loss=0.2339 s5p_loss=0.6002 wv3_loss=0.1446
Epoch 9 step 250/4126 train_loss=0.5084 train_acc=0.9545 fused_loss=0.1690 sensor_aux_loss=0.7532 s2_loss=0.2133 l89_loss=0.1567 s5p_loss=0.2136 wv3_loss=0.1695
Epoch 9 step 300/4126 train_loss=0.5141 train_acc=0.9542 fused_loss=0.1884 sensor_aux_loss=0.8847 s2_loss=0.2111 l89_loss=0.1271 s5p_loss=0.2015 wv3_loss=0.3451
Epoch 9 step 350/4126 train_loss=0.5120 train_acc=0.9547 fused_loss=0.1719 sensor_aux_loss=0.8622 s2_loss=0.2973 l89_loss=0.1682 s5p_loss=0.2644 wv3_loss=0.1322
Epoch 9 step 400/4126 train_loss=0.5133 train_acc=0.9537 fused_loss=0.2310 sensor_aux_loss=0.9800 s2_loss=0.4846 l89_loss=0.1314 s5p_loss=0.2225 wv3_loss=0.1415
Epoch 9 step 450/4126 train_loss=0.5165 train_acc=0.9526 fused_loss=0.1831 sensor_aux_loss=0.9666 s2_loss=0.1282 l89_loss=0.1647 s5p_loss=0.3219 wv3_loss=0.3519
Epoch 9 step 500/4126 train_loss=0.5181 train_acc=0.9528 fused_loss=0.1818 sensor_aux_loss=0.9139 s2_loss=0.2306 l89_loss=0.1445 s5p_loss=0.4046 wv3_loss=0.1343
Epoch 9 step 550/4126 train_loss=0.5184 train_acc=0.9525 fused_loss=0.1580 sensor_aux_loss=1.1159 s2_loss=0.1644 l89_loss=0.2186 s5p_loss=0.6095 wv3_loss=0.1233
Epoch 9 step 600/4126 train_loss=0.5193 train_acc=0.9523 fused_loss=0.1860 sensor_aux_loss=1.0203 s2_loss=0.1447 l89_loss=0.1981 s5p_loss=0.4621 wv3_loss=0.2154
Epoch 9 step 650/4126 train_loss=0.5210 train_acc=0.9514 fused_loss=0.1887 sensor_aux_loss=1.0213 s2_loss=0.3257 l89_loss=0.1294 s5p_loss=0.2931 wv3_loss=0.2731
Epoch 9 step 700/4126 train_loss=0.5201 train_acc=0.9517 fused_loss=0.2054 sensor_aux_loss=1.0033 s2_loss=0.3141 l89_loss=0.1305 s5p_loss=0.3330 wv3_loss=0.2256
Epoch 9 step 750/4126 train_loss=0.5212 train_acc=0.9517 fused_loss=0.2793 sensor_aux_loss=1.3035 s2_loss=0.2276 l89_loss=0.1534 s5p_loss=0.5588 wv3_loss=0.3635
Epoch 9 step 800/4126 train_loss=0.5224 train_acc=0.9513 fused_loss=0.1490 sensor_aux_loss=0.6583 s2_loss=0.1878 l89_loss=0.1550 s5p_loss=0.1971 wv3_loss=0.1184
Epoch 9 step 850/4126 train_loss=0.5220 train_acc=0.9514 fused_loss=0.2394 sensor_aux_loss=0.9554 s2_loss=0.3638 l89_loss=0.2660 s5p_loss=0.1888 wv3_loss=0.1368
Epoch 9 step 900/4126 train_loss=0.5215 train_acc=0.9517 fused_loss=0.1596 sensor_aux_loss=0.7255 s2_loss=0.2057 l89_loss=0.1418 s5p_loss=0.2268 wv3_loss=0.1512
Epoch 9 step 950/4126 train_loss=0.5215 train_acc=0.9517 fused_loss=0.2339 sensor_aux_loss=1.1742 s2_loss=0.2593 l89_loss=0.1913 s5p_loss=0.4912 wv3_loss=0.2324
Epoch 9 step 1000/4126 train_loss=0.5211 train_acc=0.9517 fused_loss=0.2108 sensor_aux_loss=1.0207 s2_loss=0.2365 l89_loss=0.1794 s5p_loss=0.4159 wv3_loss=0.1889
Epoch 9 step 1050/4126 train_loss=0.5201 train_acc=0.9519 fused_loss=0.2107 sensor_aux_loss=0.7291 s2_loss=0.2057 l89_loss=0.1310 s5p_loss=0.2395 wv3_loss=0.1529
Epoch 9 step 1100/4126 train_loss=0.5209 train_acc=0.9517 fused_loss=0.2354 sensor_aux_loss=1.0727 s2_loss=0.2920 l89_loss=0.1891 s5p_loss=0.4538 wv3_loss=0.1378
Epoch 9 step 1150/4126 train_loss=0.5213 train_acc=0.9516 fused_loss=0.1680 sensor_aux_loss=0.8360 s2_loss=0.1797 l89_loss=0.1291 s5p_loss=0.3756 wv3_loss=0.1516
Epoch 9 step 1200/4126 train_loss=0.5207 train_acc=0.9517 fused_loss=0.2775 sensor_aux_loss=1.0234 s2_loss=0.5634 l89_loss=0.1346 s5p_loss=0.1998 wv3_loss=0.1256
Epoch 9 step 1250/4126 train_loss=0.5207 train_acc=0.9516 fused_loss=0.2589 sensor_aux_loss=1.0403 s2_loss=0.4404 l89_loss=0.1746 s5p_loss=0.3008 wv3_loss=0.1245
Epoch 9 step 1300/4126 train_loss=0.5209 train_acc=0.9515 fused_loss=0.2387 sensor_aux_loss=0.9162 s2_loss=0.2316 l89_loss=0.1994 s5p_loss=0.1576 wv3_loss=0.3275
Epoch 9 step 1350/4126 train_loss=0.5210 train_acc=0.9514 fused_loss=0.1544 sensor_aux_loss=0.6379 s2_loss=0.1650 l89_loss=0.1248 s5p_loss=0.1985 wv3_loss=0.1496
Epoch 9 step 1400/4126 train_loss=0.5204 train_acc=0.9518 fused_loss=0.2502 sensor_aux_loss=1.0754 s2_loss=0.2640 l89_loss=0.1322 s5p_loss=0.3783 wv3_loss=0.3009
Epoch 9 step 1450/4126 train_loss=0.5206 train_acc=0.9518 fused_loss=0.2429 sensor_aux_loss=1.2777 s2_loss=0.2715 l89_loss=0.1353 s5p_loss=0.6397 wv3_loss=0.2312
Epoch 9 step 1500/4126 train_loss=0.5201 train_acc=0.9519 fused_loss=0.1852 sensor_aux_loss=0.8146 s2_loss=0.2446 l89_loss=0.1856 s5p_loss=0.2391 wv3_loss=0.1452
Epoch 9 step 1550/4126 train_loss=0.5202 train_acc=0.9519 fused_loss=0.2961 sensor_aux_loss=1.1188 s2_loss=0.2993 l89_loss=0.1660 s5p_loss=0.4690 wv3_loss=0.1844
Epoch 9 step 1600/4126 train_loss=0.5201 train_acc=0.9518 fused_loss=0.1660 sensor_aux_loss=0.8513 s2_loss=0.1470 l89_loss=0.1945 s5p_loss=0.1805 wv3_loss=0.3292
Epoch 9 step 1650/4126 train_loss=0.5189 train_acc=0.9520 fused_loss=0.2231 sensor_aux_loss=0.9623 s2_loss=0.2336 l89_loss=0.1298 s5p_loss=0.4626 wv3_loss=0.1362
Epoch 9 step 1700/4126 train_loss=0.5194 train_acc=0.9518 fused_loss=0.1942 sensor_aux_loss=0.8412 s2_loss=0.2333 l89_loss=0.1525 s5p_loss=0.2233 wv3_loss=0.2321
Epoch 9 step 1750/4126 train_loss=0.5196 train_acc=0.9517 fused_loss=0.1730 sensor_aux_loss=1.3442 s2_loss=0.3377 l89_loss=0.4601 s5p_loss=0.2386 wv3_loss=0.3078
Epoch 9 step 1800/4126 train_loss=0.5197 train_acc=0.9515 fused_loss=0.2084 sensor_aux_loss=1.1926 s2_loss=0.2610 l89_loss=0.2572 s5p_loss=0.3377 wv3_loss=0.3367
Epoch 9 step 1850/4126 train_loss=0.5205 train_acc=0.9514 fused_loss=0.1649 sensor_aux_loss=0.7534 s2_loss=0.1687 l89_loss=0.1255 s5p_loss=0.1586 wv3_loss=0.3006
Epoch 9 step 1900/4126 train_loss=0.5205 train_acc=0.9514 fused_loss=0.2441 sensor_aux_loss=0.9555 s2_loss=0.1520 l89_loss=0.2273 s5p_loss=0.2703 wv3_loss=0.3060
Epoch 9 step 1950/4126 train_loss=0.5205 train_acc=0.9515 fused_loss=0.2032 sensor_aux_loss=1.0034 s2_loss=0.4878 l89_loss=0.1804 s5p_loss=0.2047 wv3_loss=0.1306
Epoch 9 step 2000/4126 train_loss=0.5202 train_acc=0.9515 fused_loss=0.2218 sensor_aux_loss=1.0364 s2_loss=0.2860 l89_loss=0.1276 s5p_loss=0.2589 wv3_loss=0.3639
Epoch 9 step 2050/4126 train_loss=0.5201 train_acc=0.9515 fused_loss=0.2064 sensor_aux_loss=0.9557 s2_loss=0.2122 l89_loss=0.1357 s5p_loss=0.2946 wv3_loss=0.3132
Epoch 9 step 2100/4126 train_loss=0.5204 train_acc=0.9515 fused_loss=0.1685 sensor_aux_loss=0.8257 s2_loss=0.1791 l89_loss=0.1722 s5p_loss=0.2356 wv3_loss=0.2389
Epoch 9 step 2150/4126 train_loss=0.5206 train_acc=0.9514 fused_loss=0.2252 sensor_aux_loss=0.7790 s2_loss=0.3374 l89_loss=0.1219 s5p_loss=0.1681 wv3_loss=0.1515
Epoch 9 step 2200/4126 train_loss=0.5206 train_acc=0.9514 fused_loss=0.1538 sensor_aux_loss=0.8995 s2_loss=0.1513 l89_loss=0.2503 s5p_loss=0.2722 wv3_loss=0.2256
Epoch 9 step 2250/4126 train_loss=0.5209 train_acc=0.9513 fused_loss=0.3145 sensor_aux_loss=1.5251 s2_loss=0.2843 l89_loss=0.4848 s5p_loss=0.2455 wv3_loss=0.5105
Epoch 9 step 2300/4126 train_loss=0.5213 train_acc=0.9512 fused_loss=0.2027 sensor_aux_loss=0.9222 s2_loss=0.1981 l89_loss=0.2379 s5p_loss=0.2683 wv3_loss=0.2178
Epoch 9 step 2350/4126 train_loss=0.5221 train_acc=0.9509 fused_loss=0.1703 sensor_aux_loss=0.7603 s2_loss=0.1364 l89_loss=0.1390 s5p_loss=0.2575 wv3_loss=0.2273
Epoch 9 step 2400/4126 train_loss=0.5219 train_acc=0.9511 fused_loss=0.1866 sensor_aux_loss=1.0028 s2_loss=0.1708 l89_loss=0.1190 s5p_loss=0.3260 wv3_loss=0.3869
Epoch 9 step 2450/4126 train_loss=0.5223 train_acc=0.9510 fused_loss=0.1759 sensor_aux_loss=0.8559 s2_loss=0.1292 l89_loss=0.1472 s5p_loss=0.1488 wv3_loss=0.4307
Epoch 9 step 2500/4126 train_loss=0.5219 train_acc=0.9513 fused_loss=0.1820 sensor_aux_loss=0.9114 s2_loss=0.1803 l89_loss=0.1299 s5p_loss=0.4329 wv3_loss=0.1683
Epoch 9 step 2550/4126 train_loss=0.5215 train_acc=0.9514 fused_loss=0.1697 sensor_aux_loss=0.7164 s2_loss=0.1419 l89_loss=0.1627 s5p_loss=0.1529 wv3_loss=0.2589
Epoch 9 step 2600/4126 train_loss=0.5214 train_acc=0.9513 fused_loss=0.1747 sensor_aux_loss=0.7642 s2_loss=0.1377 l89_loss=0.1358 s5p_loss=0.2223 wv3_loss=0.2684
Epoch 9 step 2650/4126 train_loss=0.5219 train_acc=0.9512 fused_loss=0.2207 sensor_aux_loss=0.7807 s2_loss=0.3150 l89_loss=0.1238 s5p_loss=0.1805 wv3_loss=0.1613
Epoch 9 step 2700/4126 train_loss=0.5220 train_acc=0.9511 fused_loss=0.2272 sensor_aux_loss=0.9720 s2_loss=0.3841 l89_loss=0.1349 s5p_loss=0.2067 wv3_loss=0.2463
Epoch 9 step 2750/4126 train_loss=0.5216 train_acc=0.9513 fused_loss=0.1902 sensor_aux_loss=0.7371 s2_loss=0.2705 l89_loss=0.1277 s5p_loss=0.1946 wv3_loss=0.1443
Epoch 9 step 2800/4126 train_loss=0.5214 train_acc=0.9513 fused_loss=0.2003 sensor_aux_loss=0.8901 s2_loss=0.2773 l89_loss=0.1757 s5p_loss=0.2431 wv3_loss=0.1940
Epoch 9 step 2850/4126 train_loss=0.5225 train_acc=0.9511 fused_loss=0.1880 sensor_aux_loss=0.7425 s2_loss=0.2579 l89_loss=0.1666 s5p_loss=0.1585 wv3_loss=0.1594
Epoch 9 step 2900/4126 train_loss=0.5227 train_acc=0.9511 fused_loss=0.1696 sensor_aux_loss=0.7771 s2_loss=0.1757 l89_loss=0.2048 s5p_loss=0.2242 wv3_loss=0.1724
Epoch 9 step 2950/4126 train_loss=0.5227 train_acc=0.9512 fused_loss=0.1799 sensor_aux_loss=0.6907 s2_loss=0.1437 l89_loss=0.1760 s5p_loss=0.1783 wv3_loss=0.1928
Epoch 9 step 3000/4126 train_loss=0.5225 train_acc=0.9511 fused_loss=0.1333 sensor_aux_loss=0.6489 s2_loss=0.1285 l89_loss=0.1668 s5p_loss=0.2129 wv3_loss=0.1407
Epoch 9 step 3050/4126 train_loss=0.5222 train_acc=0.9512 fused_loss=0.1871 sensor_aux_loss=0.7812 s2_loss=0.2712 l89_loss=0.1466 s5p_loss=0.1784 wv3_loss=0.1849
Epoch 9 step 3100/4126 train_loss=0.5218 train_acc=0.9514 fused_loss=0.1998 sensor_aux_loss=1.2186 s2_loss=0.1344 l89_loss=0.1390 s5p_loss=0.6492 wv3_loss=0.2961
Epoch 9 step 3150/4126 train_loss=0.5219 train_acc=0.9514 fused_loss=0.1853 sensor_aux_loss=0.6967 s2_loss=0.2307 l89_loss=0.1777 s5p_loss=0.1593 wv3_loss=0.1289
Epoch 9 step 3200/4126 train_loss=0.5215 train_acc=0.9514 fused_loss=0.1368 sensor_aux_loss=0.8006 s2_loss=0.1728 l89_loss=0.1607 s5p_loss=0.1631 wv3_loss=0.3039
Epoch 9 step 3250/4126 train_loss=0.5211 train_acc=0.9515 fused_loss=0.1796 sensor_aux_loss=1.0473 s2_loss=0.1841 l89_loss=0.1504 s5p_loss=0.3922 wv3_loss=0.3205
Epoch 9 step 3300/4126 train_loss=0.5208 train_acc=0.9516 fused_loss=0.2138 sensor_aux_loss=1.0337 s2_loss=0.3788 l89_loss=0.1258 s5p_loss=0.1319 wv3_loss=0.3972
Epoch 9 step 3350/4126 train_loss=0.5207 train_acc=0.9516 fused_loss=0.2148 sensor_aux_loss=0.8295 s2_loss=0.2333 l89_loss=0.1235 s5p_loss=0.2988 wv3_loss=0.1739
Epoch 9 step 3400/4126 train_loss=0.5207 train_acc=0.9516 fused_loss=0.1653 sensor_aux_loss=0.9761 s2_loss=0.1375 l89_loss=0.1385 s5p_loss=0.1781 wv3_loss=0.5219
Epoch 9 step 3450/4126 train_loss=0.5199 train_acc=0.9518 fused_loss=0.2093 sensor_aux_loss=0.6968 s2_loss=0.1373 l89_loss=0.1767 s5p_loss=0.1294 wv3_loss=0.2535
Epoch 9 step 3500/4126 train_loss=0.5199 train_acc=0.9519 fused_loss=0.1765 sensor_aux_loss=0.8533 s2_loss=0.2300 l89_loss=0.1262 s5p_loss=0.3434 wv3_loss=0.1536
Epoch 9 step 3550/4126 train_loss=0.5203 train_acc=0.9518 fused_loss=0.2936 sensor_aux_loss=1.4912 s2_loss=0.2188 l89_loss=0.1930 s5p_loss=0.8549 wv3_loss=0.2245
Epoch 9 step 3600/4126 train_loss=0.5208 train_acc=0.9517 fused_loss=0.1632 sensor_aux_loss=0.8875 s2_loss=0.3356 l89_loss=0.1451 s5p_loss=0.2774 wv3_loss=0.1293
Epoch 9 step 3650/4126 train_loss=0.5209 train_acc=0.9517 fused_loss=0.2105 sensor_aux_loss=1.0441 s2_loss=0.2297 l89_loss=0.1435 s5p_loss=0.2759 wv3_loss=0.3950
Epoch 9 step 3700/4126 train_loss=0.5210 train_acc=0.9517 fused_loss=0.2141 sensor_aux_loss=0.8041 s2_loss=0.2439 l89_loss=0.1399 s5p_loss=0.2372 wv3_loss=0.1832
Epoch 9 step 3750/4126 train_loss=0.5214 train_acc=0.9516 fused_loss=0.2368 sensor_aux_loss=1.1094 s2_loss=0.3064 l89_loss=0.1440 s5p_loss=0.4838 wv3_loss=0.1752
Epoch 9 step 3800/4126 train_loss=0.5217 train_acc=0.9515 fused_loss=0.1337 sensor_aux_loss=0.9030 s2_loss=0.1401 l89_loss=0.1236 s5p_loss=0.2438 wv3_loss=0.3954
Epoch 9 step 3850/4126 train_loss=0.5218 train_acc=0.9515 fused_loss=0.1452 sensor_aux_loss=0.6720 s2_loss=0.1423 l89_loss=0.2098 s5p_loss=0.1717 wv3_loss=0.1481
Epoch 9 step 3900/4126 train_loss=0.5217 train_acc=0.9515 fused_loss=0.2113 sensor_aux_loss=0.7430 s2_loss=0.3104 l89_loss=0.1500 s5p_loss=0.1358 wv3_loss=0.1468
Epoch 9 step 3950/4126 train_loss=0.5213 train_acc=0.9516 fused_loss=0.1746 sensor_aux_loss=0.8470 s2_loss=0.2068 l89_loss=0.1339 s5p_loss=0.2826 wv3_loss=0.2237
Epoch 9 step 4000/4126 train_loss=0.5209 train_acc=0.9517 fused_loss=0.1889 sensor_aux_loss=0.8621 s2_loss=0.1483 l89_loss=0.1224 s5p_loss=0.4313 wv3_loss=0.1601
Epoch 9 step 4050/4126 train_loss=0.5206 train_acc=0.9517 fused_loss=0.1831 sensor_aux_loss=1.3510 s2_loss=0.2100 l89_loss=0.2147 s5p_loss=0.7484 wv3_loss=0.1780
Epoch 9 step 4100/4126 train_loss=0.5208 train_acc=0.9517 fused_loss=0.2338 sensor_aux_loss=0.9359 s2_loss=0.4364 l89_loss=0.1295 s5p_loss=0.1645 wv3_loss=0.2055
[Cache][Warn] Low free space (97.69 GB) under /diniuvol/yuyao/local_train_temp_cache; falling back to remote reads.
[Cache][Warn] Low free space (97.69 GB) under /diniuvol/yuyao/local_train_temp_cache; falling back to remote reads.
[Cache][Warn] Low free space (97.69 GB) under /diniuvol/yuyao/local_train_temp_cache; falling back to remote reads.
[Cache][Warn] Low free space (97.69 GB) under /diniuvol/yuyao/local_train_temp_cache; falling back to remote reads.
[Cache][Warn] Low free space (97.69 GB) under /diniuvol/yuyao/local_train_temp_cache; falling back to remote reads.
[Cache][Warn] Low free space (97.69 GB) under /diniuvol/yuyao/local_train_temp_cache; falling back to remote reads.
[Cache][Warn] Low free space (97.69 GB) under /diniuvol/yuyao/local_train_temp_cache; falling back to remote reads.
[Cache][Warn] Low free space (97.69 GB) under /diniuvol/yuyao/local_train_temp_cache; falling back to remote reads.
Epoch 9: train_loss=0.5208 train_acc=0.9517 test_loss=0.7329 test_acc=0.8214 test_fpr=0.1382 test_recall=0.7823 test_auroc=0.8877 train_fused_loss=0.2192 train_sensor_aux_loss=1.0052
[EvalSplit][FUSED][ALL][OVERALL] count=36826 acc=0.8214 fpr=0.1382 recall=0.7823 auroc=0.8877
[EvalSplit][FUSED][OVERLAP][OVERALL] count=6241 acc=0.8079 fpr=0.1214 recall=0.7452 auroc=0.8898
[EvalSplit][FUSED][SINGLE][OVERALL] count=30585 acc=0.8241 fpr=0.1415 recall=0.7902 auroc=0.8882
[EvalSplit][FUSED][ALL][SENSOR_S2] count=23781 acc=0.9079 fpr=0.1204 recall=0.9362 auroc=0.9583
[EvalSplit][FUSED][OVERLAP][SENSOR_S2] count=3647 acc=0.8802 fpr=0.1049 recall=0.8654 auroc=0.9466
[EvalSplit][FUSED][SINGLE][SENSOR_S2] count=20134 acc=0.9129 fpr=0.1232 recall=0.9491 auroc=0.9619
[EvalSplit][FUSED][ALL][SENSOR_L89] count=8460 acc=0.6972 fpr=0.1238 recall=0.5153 auroc=0.7813
[EvalSplit][FUSED][OVERLAP][SENSOR_L89] count=1886 acc=0.7890 fpr=0.1198 recall=0.6978 auroc=0.8841
[EvalSplit][FUSED][SINGLE][SENSOR_L89] count=6574 acc=0.6708 fpr=0.1250 recall=0.4623 auroc=0.7557
[EvalSplit][FUSED][ALL][SENSOR_S5P] count=7404 acc=0.7458 fpr=0.2009 recall=0.6979 auroc=0.8157
[EvalSplit][FUSED][OVERLAP][SENSOR_S5P] count=5088 acc=0.8058 fpr=0.1341 recall=0.7534 auroc=0.8757
[EvalSplit][FUSED][SINGLE][SENSOR_S5P] count=2316 acc=0.6140 fpr=0.3404 recall=0.5702 auroc=0.6567
[EvalSplit][FUSED][ALL][SENSOR_WV3] count=3518 acc=0.6708 fpr=0.1368 recall=0.5386 auroc=0.7967
[EvalSplit][FUSED][OVERLAP][SENSOR_WV3] count=1957 acc=0.6980 fpr=0.1157 recall=0.5751 auroc=0.8367
[EvalSplit][FUSED][SINGLE][SENSOR_WV3] count=1561 acc=0.6368 fpr=0.1618 recall=0.4912 auroc=0.7494
[EvalSplit][REF_SENSOR_HEAD][ALL][SENSOR_S2] count=23781 acc=0.9145 fpr=0.1326 recall=0.9617 auroc=0.9657
[EvalSplit][REF_SENSOR_HEAD][OVERLAP][SENSOR_S2] count=3647 acc=0.9087 fpr=0.1505 recall=0.9677 auroc=0.9647
[EvalSplit][REF_SENSOR_HEAD][SINGLE][SENSOR_S2] count=20134 acc=0.9156 fpr=0.1294 recall=0.9606 auroc=0.9659
[EvalSplit][REF_SENSOR_HEAD][ALL][SENSOR_L89] count=8460 acc=0.6696 fpr=0.1276 recall=0.4635 auroc=0.7534
[EvalSplit][REF_SENSOR_HEAD][OVERLAP][SENSOR_L89] count=1886 acc=0.6872 fpr=0.1357 recall=0.5101 auroc=0.7544
[EvalSplit][REF_SENSOR_HEAD][SINGLE][SENSOR_L89] count=6574 acc=0.6646 fpr=0.1253 recall=0.4500 auroc=0.7534
[EvalSplit][REF_SENSOR_HEAD][ALL][SENSOR_S5P] count=7404 acc=0.5633 fpr=0.3544 recall=0.4894 auroc=0.6238
[EvalSplit][REF_SENSOR_HEAD][OVERLAP][SENSOR_S5P] count=5088 acc=0.5356 fpr=0.3783 recall=0.4604 auroc=0.6031
[EvalSplit][REF_SENSOR_HEAD][SINGLE][SENSOR_S5P] count=2316 acc=0.6244 fpr=0.3042 recall=0.5558 auroc=0.6632
[EvalSplit][REF_SENSOR_HEAD][ALL][SENSOR_WV3] count=3518 acc=0.6731 fpr=0.1521 recall=0.5530 auroc=0.7645
[EvalSplit][REF_SENSOR_HEAD][OVERLAP][SENSOR_WV3] count=1957 acc=0.6857 fpr=0.1427 recall=0.5725 auroc=0.7662
[EvalSplit][REF_SENSOR_HEAD][SINGLE][SENSOR_WV3] count=1561 acc=0.6573 fpr=0.1634 recall=0.5276 auroc=0.7629
[Cache][Warn] Low free space (97.64 GB) under /diniuvol/yuyao/local_train_temp_cache; falling back to remote reads.
[Cache][Warn] Low free space (97.64 GB) under /diniuvol/yuyao/local_train_temp_cache; falling back to remote reads.
[Cache][Warn] Low free space (97.64 GB) under /diniuvol/yuyao/local_train_temp_cache; falling back to remote reads.
[Cache][Warn] Low free space (97.64 GB) under /diniuvol/yuyao/local_train_temp_cache; falling back to remote reads.
[Cache][Warn] Low free space (97.64 GB) under /diniuvol/yuyao/local_train_temp_cache; falling back to remote reads.
[Cache][Warn] Low free space (97.64 GB) under /diniuvol/yuyao/local_train_temp_cache; falling back to remote reads.
[Cache][Warn] Low free space (97.64 GB) under /diniuvol/yuyao/local_train_temp_cache; falling back to remote reads.
[Cache][Warn] Low free space (97.64 GB) under /diniuvol/yuyao/local_train_temp_cache; falling back to remote reads.
Epoch 10 step 50/4126 train_loss=0.4972 train_acc=0.9569 fused_loss=0.1806 sensor_aux_loss=1.0054 s2_loss=0.3592 l89_loss=0.1777 s5p_loss=0.3385 wv3_loss=0.1300
Epoch 10 step 100/4126 train_loss=0.5027 train_acc=0.9563 fused_loss=0.2026 sensor_aux_loss=1.0286 s2_loss=0.3654 l89_loss=0.1755 s5p_loss=0.3090 wv3_loss=0.1787
Epoch 10 step 150/4126 train_loss=0.5109 train_acc=0.9537 fused_loss=0.2051 sensor_aux_loss=0.9801 s2_loss=0.2274 l89_loss=0.1228 s5p_loss=0.4368 wv3_loss=0.1932
Epoch 10 step 200/4126 train_loss=0.5119 train_acc=0.9541 fused_loss=0.1987 sensor_aux_loss=0.7932 s2_loss=0.2267 l89_loss=0.1319 s5p_loss=0.1647 wv3_loss=0.2699
Epoch 10 step 250/4126 train_loss=0.5071 train_acc=0.9544 fused_loss=0.2129 sensor_aux_loss=1.0271 s2_loss=0.2823 l89_loss=0.1385 s5p_loss=0.2769 wv3_loss=0.3294
Epoch 10 step 300/4126 train_loss=0.5054 train_acc=0.9540 fused_loss=0.1990 sensor_aux_loss=0.8716 s2_loss=0.2712 l89_loss=0.1727 s5p_loss=0.2946 wv3_loss=0.1331
Epoch 10 step 350/4126 train_loss=0.5086 train_acc=0.9529 fused_loss=0.2525 sensor_aux_loss=1.2001 s2_loss=0.5072 l89_loss=0.1990 s5p_loss=0.2305 wv3_loss=0.2633
Epoch 10 step 400/4126 train_loss=0.5038 train_acc=0.9543 fused_loss=0.1569 sensor_aux_loss=0.8609 s2_loss=0.1453 l89_loss=0.1348 s5p_loss=0.3266 wv3_loss=0.2542
Epoch 10 step 450/4126 train_loss=0.5022 train_acc=0.9546 fused_loss=0.2008 sensor_aux_loss=1.0032 s2_loss=0.3920 l89_loss=0.1240 s5p_loss=0.3615 wv3_loss=0.1257
Epoch 10 step 500/4126 train_loss=0.5037 train_acc=0.9541 fused_loss=0.3856 sensor_aux_loss=1.7471 s2_loss=0.4414 l89_loss=0.1371 s5p_loss=0.8370 wv3_loss=0.3316
Epoch 10 step 550/4126 train_loss=0.5040 train_acc=0.9545 fused_loss=0.2228 sensor_aux_loss=1.1079 s2_loss=0.3177 l89_loss=0.1528 s5p_loss=0.1949 wv3_loss=0.4424
Epoch 10 step 600/4126 train_loss=0.5017 train_acc=0.9547 fused_loss=0.2208 sensor_aux_loss=1.0402 s2_loss=0.3218 l89_loss=0.1823 s5p_loss=0.2551 wv3_loss=0.2810
Epoch 10 step 650/4126 train_loss=0.4997 train_acc=0.9550 fused_loss=0.1819 sensor_aux_loss=0.7645 s2_loss=0.2154 l89_loss=0.2005 s5p_loss=0.2128 wv3_loss=0.1357
Epoch 10 step 700/4126 train_loss=0.4997 train_acc=0.9548 fused_loss=0.2170 sensor_aux_loss=0.7713 s2_loss=0.2815 l89_loss=0.1537 s5p_loss=0.1932 wv3_loss=0.1429
Epoch 10 step 750/4126 train_loss=0.5000 train_acc=0.9550 fused_loss=0.1637 sensor_aux_loss=0.7339 s2_loss=0.1405 l89_loss=0.1816 s5p_loss=0.2727 wv3_loss=0.1391
Epoch 10 step 800/4126 train_loss=0.5008 train_acc=0.9550 fused_loss=0.1634 sensor_aux_loss=0.7847 s2_loss=0.1583 l89_loss=0.1285 s5p_loss=0.3105 wv3_loss=0.1875
Epoch 10 step 850/4126 train_loss=0.5016 train_acc=0.9547 fused_loss=0.1795 sensor_aux_loss=0.7415 s2_loss=0.2665 l89_loss=0.1393 s5p_loss=0.1312 wv3_loss=0.2044
Epoch 10 step 900/4126 train_loss=0.4997 train_acc=0.9556 fused_loss=0.1301 sensor_aux_loss=0.5908 s2_loss=0.1823 l89_loss=0.1229 s5p_loss=0.1309 wv3_loss=0.1547
Epoch 10 step 950/4126 train_loss=0.4995 train_acc=0.9558 fused_loss=0.2470 sensor_aux_loss=1.0008 s2_loss=0.2504 l89_loss=0.1723 s5p_loss=0.3028 wv3_loss=0.2752
Epoch 10 step 1000/4126 train_loss=0.4996 train_acc=0.9557 fused_loss=0.1758 sensor_aux_loss=1.0128 s2_loss=0.2477 l89_loss=0.1392 s5p_loss=0.4881 wv3_loss=0.1378
Epoch 10 step 1050/4126 train_loss=0.4998 train_acc=0.9555 fused_loss=0.1657 sensor_aux_loss=0.9430 s2_loss=0.1792 l89_loss=0.1492 s5p_loss=0.3747 wv3_loss=0.2399
Epoch 10 step 1100/4126 train_loss=0.4994 train_acc=0.9558 fused_loss=0.1863 sensor_aux_loss=0.8555 s2_loss=0.1893 l89_loss=0.2420 s5p_loss=0.1474 wv3_loss=0.2768
Epoch 10 step 1150/4126 train_loss=0.5004 train_acc=0.9559 fused_loss=0.2462 sensor_aux_loss=0.9879 s2_loss=0.2132 l89_loss=0.1952 s5p_loss=0.4553 wv3_loss=0.1242
Epoch 10 step 1200/4126 train_loss=0.5021 train_acc=0.9557 fused_loss=0.2666 sensor_aux_loss=1.4502 s2_loss=0.1382 l89_loss=0.2980 s5p_loss=0.8524 wv3_loss=0.1617
Epoch 10 step 1250/4126 train_loss=0.5032 train_acc=0.9556 fused_loss=0.2582 sensor_aux_loss=0.8790 s2_loss=0.4090 l89_loss=0.1360 s5p_loss=0.1408 wv3_loss=0.1932
Epoch 10 step 1300/4126 train_loss=0.5033 train_acc=0.9554 fused_loss=0.1684 sensor_aux_loss=0.7612 s2_loss=0.1593 l89_loss=0.2015 s5p_loss=0.2423 wv3_loss=0.1581
Epoch 10 step 1350/4126 train_loss=0.5023 train_acc=0.9557 fused_loss=0.3109 sensor_aux_loss=1.3193 s2_loss=0.6009 l89_loss=0.1353 s5p_loss=0.4356 wv3_loss=0.1473
Epoch 10 step 1400/4126 train_loss=0.5020 train_acc=0.9556 fused_loss=0.2710 sensor_aux_loss=1.2351 s2_loss=0.5819 l89_loss=0.2842 s5p_loss=0.1297 wv3_loss=0.2393
Epoch 10 step 1450/4126 train_loss=0.5022 train_acc=0.9556 fused_loss=0.1543 sensor_aux_loss=0.5491 s2_loss=0.1643 l89_loss=0.1248 s5p_loss=0.1377 wv3_loss=0.1223
Epoch 10 step 1500/4126 train_loss=0.5023 train_acc=0.9555 fused_loss=0.1802 sensor_aux_loss=1.1701 s2_loss=0.4044 l89_loss=0.1451 s5p_loss=0.4169 wv3_loss=0.2036
Epoch 10 step 1550/4126 train_loss=0.5014 train_acc=0.9558 fused_loss=0.2084 sensor_aux_loss=1.1110 s2_loss=0.3882 l89_loss=0.1591 s5p_loss=0.3824 wv3_loss=0.1813
Epoch 10 step 1600/4126 train_loss=0.5019 train_acc=0.9558 fused_loss=0.2666 sensor_aux_loss=1.0346 s2_loss=0.4435 l89_loss=0.1484 s5p_loss=0.2113 wv3_loss=0.2314
Epoch 10 step 1650/4126 train_loss=0.5021 train_acc=0.9556 fused_loss=0.2326 sensor_aux_loss=0.9816 s2_loss=0.2554 l89_loss=0.2442 s5p_loss=0.2302 wv3_loss=0.2518
Epoch 10 step 1700/4126 train_loss=0.5024 train_acc=0.9555 fused_loss=0.2045 sensor_aux_loss=0.9820 s2_loss=0.1980 l89_loss=0.1332 s5p_loss=0.2200 wv3_loss=0.4308
Epoch 10 step 1750/4126 train_loss=0.5025 train_acc=0.9555 fused_loss=0.2308 sensor_aux_loss=0.8614 s2_loss=0.2523 l89_loss=0.1247 s5p_loss=0.3464 wv3_loss=0.1379
Epoch 10 step 1800/4126 train_loss=0.5031 train_acc=0.9555 fused_loss=0.1837 sensor_aux_loss=0.7248 s2_loss=0.2548 l89_loss=0.1451 s5p_loss=0.1713 wv3_loss=0.1536
Epoch 10 step 1850/4126 train_loss=0.5031 train_acc=0.9554 fused_loss=0.3268 sensor_aux_loss=1.4784 s2_loss=0.3751 l89_loss=0.2765 s5p_loss=0.2477 wv3_loss=0.5791
Epoch 10 step 1900/4126 train_loss=0.5028 train_acc=0.9555 fused_loss=0.3192 sensor_aux_loss=1.2273 s2_loss=0.4188 l89_loss=0.1318 s5p_loss=0.1661 wv3_loss=0.5106
Epoch 10 step 1950/4126 train_loss=0.5021 train_acc=0.9557 fused_loss=0.2225 sensor_aux_loss=0.9163 s2_loss=0.2173 l89_loss=0.1553 s5p_loss=0.2215 wv3_loss=0.3222
Epoch 10 step 2000/4126 train_loss=0.5026 train_acc=0.9556 fused_loss=0.2135 sensor_aux_loss=1.2790 s2_loss=0.1525 l89_loss=0.1359 s5p_loss=0.8605 wv3_loss=0.1302
Epoch 10 step 2050/4126 train_loss=0.5022 train_acc=0.9558 fused_loss=0.1382 sensor_aux_loss=0.6824 s2_loss=0.1492 l89_loss=0.1276 s5p_loss=0.2022 wv3_loss=0.2034
Epoch 10 step 2100/4126 train_loss=0.5029 train_acc=0.9558 fused_loss=0.2488 sensor_aux_loss=1.5547 s2_loss=0.3824 l89_loss=0.1450 s5p_loss=0.5390 wv3_loss=0.4883
Epoch 10 step 2150/4126 train_loss=0.5028 train_acc=0.9559 fused_loss=0.2320 sensor_aux_loss=1.0931 s2_loss=0.2971 l89_loss=0.1289 s5p_loss=0.3126 wv3_loss=0.3545
Epoch 10 step 2200/4126 train_loss=0.5030 train_acc=0.9558 fused_loss=0.1400 sensor_aux_loss=0.7867 s2_loss=0.2213 l89_loss=0.1380 s5p_loss=0.3014 wv3_loss=0.1260
Epoch 10 step 2250/4126 train_loss=0.5030 train_acc=0.9559 fused_loss=0.1310 sensor_aux_loss=0.5652 s2_loss=0.1236 l89_loss=0.1266 s5p_loss=0.1863 wv3_loss=0.1287
Epoch 10 step 2300/4126 train_loss=0.5031 train_acc=0.9559 fused_loss=0.2656 sensor_aux_loss=0.9578 s2_loss=0.4208 l89_loss=0.1615 s5p_loss=0.1494 wv3_loss=0.2261
Epoch 10 step 2350/4126 train_loss=0.5033 train_acc=0.9558 fused_loss=0.1750 sensor_aux_loss=0.7350 s2_loss=0.2068 l89_loss=0.1520 s5p_loss=0.2484 wv3_loss=0.1278
Epoch 10 step 2400/4126 train_loss=0.5029 train_acc=0.9560 fused_loss=0.1846 sensor_aux_loss=1.1699 s2_loss=0.3131 l89_loss=0.3582 s5p_loss=0.1896 wv3_loss=0.3090
Epoch 10 step 2450/4126 train_loss=0.5029 train_acc=0.9560 fused_loss=0.3040 sensor_aux_loss=1.1876 s2_loss=0.3584 l89_loss=0.1227 s5p_loss=0.2350 wv3_loss=0.4716
Epoch 10 step 2500/4126 train_loss=0.5036 train_acc=0.9558 fused_loss=0.2595 sensor_aux_loss=1.2153 s2_loss=0.2586 l89_loss=0.2637 s5p_loss=0.4673 wv3_loss=0.2257
Epoch 10 step 2550/4126 train_loss=0.5041 train_acc=0.9556 fused_loss=0.2058 sensor_aux_loss=0.7423 s2_loss=0.1722 l89_loss=0.2117 s5p_loss=0.1716 wv3_loss=0.1868
Epoch 10 step 2600/4126 train_loss=0.5037 train_acc=0.9556 fused_loss=0.2208 sensor_aux_loss=1.0387 s2_loss=0.1801 l89_loss=0.1376 s5p_loss=0.3876 wv3_loss=0.3334
Epoch 10 step 2650/4126 train_loss=0.5032 train_acc=0.9557 fused_loss=0.1757 sensor_aux_loss=0.9042 s2_loss=0.3397 l89_loss=0.1436 s5p_loss=0.1672 wv3_loss=0.2537
Epoch 10 step 2700/4126 train_loss=0.5029 train_acc=0.9558 fused_loss=0.1473 sensor_aux_loss=0.5976 s2_loss=0.1659 l89_loss=0.1265 s5p_loss=0.1307 wv3_loss=0.1744
Epoch 10 step 2750/4126 train_loss=0.5027 train_acc=0.9559 fused_loss=0.2021 sensor_aux_loss=0.8626 s2_loss=0.1731 l89_loss=0.1631 s5p_loss=0.1436 wv3_loss=0.3828
Epoch 10 step 2800/4126 train_loss=0.5027 train_acc=0.9559 fused_loss=0.1633 sensor_aux_loss=0.6873 s2_loss=0.2354 l89_loss=0.1466 s5p_loss=0.1413 wv3_loss=0.1640
Epoch 10 step 2850/4126 train_loss=0.5030 train_acc=0.9557 fused_loss=0.2287 sensor_aux_loss=0.9627 s2_loss=0.3869 l89_loss=0.1848 s5p_loss=0.2064 wv3_loss=0.1847
Epoch 10 step 2900/4126 train_loss=0.5031 train_acc=0.9556 fused_loss=0.2601 sensor_aux_loss=1.2457 s2_loss=0.3713 l89_loss=0.4421 s5p_loss=0.2840 wv3_loss=0.1483
Epoch 10 step 2950/4126 train_loss=0.5034 train_acc=0.9556 fused_loss=0.1439 sensor_aux_loss=0.9564 s2_loss=0.1604 l89_loss=0.1284 s5p_loss=0.3797 wv3_loss=0.2879
Epoch 10 step 3000/4126 train_loss=0.5034 train_acc=0.9554 fused_loss=0.1684 sensor_aux_loss=0.9143 s2_loss=0.2407 l89_loss=0.1397 s5p_loss=0.1553 wv3_loss=0.3784
Epoch 10 step 3050/4126 train_loss=0.5034 train_acc=0.9554 fused_loss=0.2155 sensor_aux_loss=0.9208 s2_loss=0.3132 l89_loss=0.1878 s5p_loss=0.1892 wv3_loss=0.2307
Epoch 10 step 3100/4126 train_loss=0.5035 train_acc=0.9554 fused_loss=0.2023 sensor_aux_loss=0.9549 s2_loss=0.1577 l89_loss=0.2367 s5p_loss=0.3450 wv3_loss=0.2155
Epoch 10 step 3150/4126 train_loss=0.5036 train_acc=0.9553 fused_loss=0.3052 sensor_aux_loss=1.3564 s2_loss=0.5576 l89_loss=0.1253 s5p_loss=0.5224 wv3_loss=0.1511
Epoch 10 step 3200/4126 train_loss=0.5038 train_acc=0.9552 fused_loss=0.1909 sensor_aux_loss=0.7799 s2_loss=0.2519 l89_loss=0.1937 s5p_loss=0.1609 wv3_loss=0.1734
Epoch 10 step 3250/4126 train_loss=0.5038 train_acc=0.9552 fused_loss=0.2029 sensor_aux_loss=0.9233 s2_loss=0.1680 l89_loss=0.1523 s5p_loss=0.4798 wv3_loss=0.1234
Epoch 10 step 3300/4126 train_loss=0.5034 train_acc=0.9552 fused_loss=0.2454 sensor_aux_loss=1.0895 s2_loss=0.4412 l89_loss=0.1400 s5p_loss=0.3349 wv3_loss=0.1734
Epoch 10 step 3350/4126 train_loss=0.5035 train_acc=0.9552 fused_loss=0.2327 sensor_aux_loss=0.9322 s2_loss=0.2601 l89_loss=0.1286 s5p_loss=0.4207 wv3_loss=0.1227
Epoch 10 step 3400/4126 train_loss=0.5039 train_acc=0.9551 fused_loss=0.1644 sensor_aux_loss=0.7167 s2_loss=0.1731 l89_loss=0.1698 s5p_loss=0.2305 wv3_loss=0.1433
Epoch 10 step 3450/4126 train_loss=0.5043 train_acc=0.9551 fused_loss=0.1463 sensor_aux_loss=0.7103 s2_loss=0.1764 l89_loss=0.2590 s5p_loss=0.1465 wv3_loss=0.1283
Epoch 10 step 3500/4126 train_loss=0.5048 train_acc=0.9550 fused_loss=0.2844 sensor_aux_loss=1.2874 s2_loss=0.6599 l89_loss=0.2414 s5p_loss=0.2111 wv3_loss=0.1750
Epoch 10 step 3550/4126 train_loss=0.5054 train_acc=0.9548 fused_loss=0.1847 sensor_aux_loss=0.8481 s2_loss=0.2565 l89_loss=0.1240 s5p_loss=0.3120 wv3_loss=0.1556
Epoch 10 step 3600/4126 train_loss=0.5050 train_acc=0.9549 fused_loss=0.2505 sensor_aux_loss=1.0173 s2_loss=0.2976 l89_loss=0.1293 s5p_loss=0.2454 wv3_loss=0.3451
Epoch 10 step 3650/4126 train_loss=0.5053 train_acc=0.9548 fused_loss=0.2066 sensor_aux_loss=1.1289 s2_loss=0.2522 l89_loss=0.2537 s5p_loss=0.4248 wv3_loss=0.1982
Epoch 10 step 3700/4126 train_loss=0.5054 train_acc=0.9547 fused_loss=0.2106 sensor_aux_loss=0.8618 s2_loss=0.2299 l89_loss=0.2014 s5p_loss=0.1560 wv3_loss=0.2745
Epoch 10 step 3750/4126 train_loss=0.5051 train_acc=0.9547 fused_loss=0.2469 sensor_aux_loss=1.1027 s2_loss=0.1970 l89_loss=0.2530 s5p_loss=0.2317 wv3_loss=0.4210
Epoch 10 step 3800/4126 train_loss=0.5047 train_acc=0.9548 fused_loss=0.2033 sensor_aux_loss=0.8166 s2_loss=0.2694 l89_loss=0.1316 s5p_loss=0.2784 wv3_loss=0.1372
Epoch 10 step 3850/4126 train_loss=0.5048 train_acc=0.9548 fused_loss=0.1467 sensor_aux_loss=0.7497 s2_loss=0.1966 l89_loss=0.1366 s5p_loss=0.1492 wv3_loss=0.2673
Epoch 10 step 3900/4126 train_loss=0.5048 train_acc=0.9548 fused_loss=0.2871 sensor_aux_loss=0.9807 s2_loss=0.1434 l89_loss=0.2050 s5p_loss=0.5049 wv3_loss=0.1273
Epoch 10 step 3950/4126 train_loss=0.5051 train_acc=0.9548 fused_loss=0.2200 sensor_aux_loss=1.4403 s2_loss=0.2723 l89_loss=0.4180 s5p_loss=0.6194 wv3_loss=0.1306
Epoch 10 step 4000/4126 train_loss=0.5048 train_acc=0.9548 fused_loss=0.1868 sensor_aux_loss=1.6665 s2_loss=0.2243 l89_loss=0.1301 s5p_loss=1.0864 wv3_loss=0.2258
Epoch 10 step 4050/4126 train_loss=0.5047 train_acc=0.9548 fused_loss=0.1349 sensor_aux_loss=0.6379 s2_loss=0.1309 l89_loss=0.1277 s5p_loss=0.2238 wv3_loss=0.1555
Epoch 10 step 4100/4126 train_loss=0.5046 train_acc=0.9549 fused_loss=0.4787 sensor_aux_loss=1.7652 s2_loss=0.6058 l89_loss=0.1766 s5p_loss=0.3065 wv3_loss=0.6763
[Cache][Warn] Low free space (97.59 GB) under /diniuvol/yuyao/local_train_temp_cache; falling back to remote reads.
[Cache][Warn] Low free space (97.59 GB) under /diniuvol/yuyao/local_train_temp_cache; falling back to remote reads.
[Cache][Warn] Low free space (97.59 GB) under /diniuvol/yuyao/local_train_temp_cache; falling back to remote reads.
[Cache][Warn] Low free space (97.59 GB) under /diniuvol/yuyao/local_train_temp_cache; falling back to remote reads.
[Cache][Warn] Low free space (97.59 GB) under /diniuvol/yuyao/local_train_temp_cache; falling back to remote reads.
[Cache][Warn] Low free space (97.59 GB) under /diniuvol/yuyao/local_train_temp_cache; falling back to remote reads.
[Cache][Warn] Low free space (97.59 GB) under /diniuvol/yuyao/local_train_temp_cache; falling back to remote reads.
[Cache][Warn] Low free space (97.59 GB) under /diniuvol/yuyao/local_train_temp_cache; falling back to remote reads.
Epoch 10: train_loss=0.5046 train_acc=0.9549 test_loss=0.7683 test_acc=0.8157 test_fpr=0.1319 test_recall=0.7650 test_auroc=0.8813 train_fused_loss=0.2128 train_sensor_aux_loss=0.9726
[EvalSplit][FUSED][ALL][OVERALL] count=36826 acc=0.8157 fpr=0.1319 recall=0.7650 auroc=0.8813
[EvalSplit][FUSED][OVERLAP][OVERALL] count=6241 acc=0.7954 fpr=0.1088 recall=0.7105 auroc=0.8852
[EvalSplit][FUSED][SINGLE][OVERALL] count=30585 acc=0.8199 fpr=0.1363 recall=0.7767 auroc=0.8819
[EvalSplit][FUSED][ALL][SENSOR_S2] count=23781 acc=0.9048 fpr=0.1241 recall=0.9338 auroc=0.9560
[EvalSplit][FUSED][OVERLAP][SENSOR_S2] count=3647 acc=0.8783 fpr=0.0995 recall=0.8560 auroc=0.9432
[EvalSplit][FUSED][SINGLE][SENSOR_S2] count=20134 acc=0.9097 fpr=0.1286 recall=0.9480 auroc=0.9606
[EvalSplit][FUSED][ALL][SENSOR_L89] count=8460 acc=0.6799 fpr=0.1044 recall=0.4607 auroc=0.7699
[EvalSplit][FUSED][OVERLAP][SENSOR_L89] count=1886 acc=0.7466 fpr=0.0891 recall=0.5822 auroc=0.8689
[EvalSplit][FUSED][SINGLE][SENSOR_L89] count=6574 acc=0.6608 fpr=0.1087 recall=0.4255 auroc=0.7441
[EvalSplit][FUSED][ALL][SENSOR_S5P] count=7404 acc=0.7365 fpr=0.1678 recall=0.6504 auroc=0.8072
[EvalSplit][FUSED][OVERLAP][SENSOR_S5P] count=5088 acc=0.7952 fpr=0.1189 recall=0.7203 auroc=0.8702
[EvalSplit][FUSED][SINGLE][SENSOR_S5P] count=2316 acc=0.6075 fpr=0.2698 recall=0.4898 auroc=0.6399
[EvalSplit][FUSED][ALL][SENSOR_WV3] count=3518 acc=0.6711 fpr=0.1389 recall=0.5405 auroc=0.7985
[EvalSplit][FUSED][OVERLAP][SENSOR_WV3] count=1957 acc=0.6903 fpr=0.1170 recall=0.5632 auroc=0.8363
[EvalSplit][FUSED][SINGLE][SENSOR_WV3] count=1561 acc=0.6470 fpr=0.1649 recall=0.5110 auroc=0.7540
[EvalSplit][REF_SENSOR_HEAD][ALL][SENSOR_S2] count=23781 acc=0.9088 fpr=0.1384 recall=0.9560 auroc=0.9634
[EvalSplit][REF_SENSOR_HEAD][OVERLAP][SENSOR_S2] count=3647 acc=0.8966 fpr=0.1626 recall=0.9557 auroc=0.9610
[EvalSplit][REF_SENSOR_HEAD][SINGLE][SENSOR_S2] count=20134 acc=0.9109 fpr=0.1340 recall=0.9560 auroc=0.9639
[EvalSplit][REF_SENSOR_HEAD][ALL][SENSOR_L89] count=8460 acc=0.6658 fpr=0.1062 recall=0.4342 auroc=0.7464
[EvalSplit][REF_SENSOR_HEAD][OVERLAP][SENSOR_L89] count=1886 acc=0.6840 fpr=0.1092 recall=0.4772 auroc=0.7508
[EvalSplit][REF_SENSOR_HEAD][SINGLE][SENSOR_L89] count=6574 acc=0.6606 fpr=0.1054 recall=0.4218 auroc=0.7453
[EvalSplit][REF_SENSOR_HEAD][ALL][SENSOR_S5P] count=7404 acc=0.5331 fpr=0.3070 recall=0.3893 auroc=0.6233
[EvalSplit][REF_SENSOR_HEAD][OVERLAP][SENSOR_S5P] count=5088 acc=0.4961 fpr=0.3214 recall=0.3368 auroc=0.6094
[EvalSplit][REF_SENSOR_HEAD][SINGLE][SENSOR_S5P] count=2316 acc=0.6144 fpr=0.2769 recall=0.5102 auroc=0.6542
[EvalSplit][REF_SENSOR_HEAD][ALL][SENSOR_WV3] count=3518 acc=0.6526 fpr=0.1500 recall=0.5170 auroc=0.7612
[EvalSplit][REF_SENSOR_HEAD][OVERLAP][SENSOR_WV3] count=1957 acc=0.6582 fpr=0.1362 recall=0.5225 auroc=0.7598
[EvalSplit][REF_SENSOR_HEAD][SINGLE][SENSOR_WV3] count=1561 acc=0.6457 fpr=0.1664 recall=0.5099 auroc=0.7630
[Cache][Warn] Low free space (97.58 GB) under /diniuvol/yuyao/local_train_temp_cache; falling back to remote reads.
[Cache][Warn] Low free space (97.58 GB) under /diniuvol/yuyao/local_train_temp_cache; falling back to remote reads.
[Cache][Warn] Low free space (97.58 GB) under /diniuvol/yuyao/local_train_temp_cache; falling back to remote reads.
[Cache][Warn] Low free space (97.58 GB) under /diniuvol/yuyao/local_train_temp_cache; falling back to remote reads.
[Cache][Warn] Low free space (97.58 GB) under /diniuvol/yuyao/local_train_temp_cache; falling back to remote reads.
[Cache][Warn] Low free space (97.58 GB) under /diniuvol/yuyao/local_train_temp_cache; falling back to remote reads.
[Cache][Warn] Low free space (97.58 GB) under /diniuvol/yuyao/local_train_temp_cache; falling back to remote reads.
[Cache][Warn] Low free space (97.58 GB) under /diniuvol/yuyao/local_train_temp_cache; falling back to remote reads.
Epoch 11 step 50/4126 train_loss=0.4642 train_acc=0.9613 fused_loss=0.2079 sensor_aux_loss=1.0218 s2_loss=0.4342 l89_loss=0.1270 s5p_loss=0.1345 wv3_loss=0.3261
Epoch 11 step 100/4126 train_loss=0.4685 train_acc=0.9591 fused_loss=0.1822 sensor_aux_loss=0.8626 s2_loss=0.2571 l89_loss=0.1367 s5p_loss=0.2224 wv3_loss=0.2463
Epoch 11 step 150/4126 train_loss=0.4742 train_acc=0.9581 fused_loss=0.2964 sensor_aux_loss=1.0516 s2_loss=0.4918 l89_loss=0.1299 s5p_loss=0.1997 wv3_loss=0.2302
Epoch 11 step 200/4126 train_loss=0.4717 train_acc=0.9594 fused_loss=0.2596 sensor_aux_loss=1.1259 s2_loss=0.2714 l89_loss=0.2936 s5p_loss=0.3370 wv3_loss=0.2238
Epoch 11 step 250/4126 train_loss=0.4723 train_acc=0.9589 fused_loss=0.3557 sensor_aux_loss=1.2387 s2_loss=0.6619 l89_loss=0.1281 s5p_loss=0.2367 wv3_loss=0.2119
Epoch 11 step 300/4126 train_loss=0.4733 train_acc=0.9587 fused_loss=0.1323 sensor_aux_loss=0.8288 s2_loss=0.2579 l89_loss=0.1218 s5p_loss=0.2957 wv3_loss=0.1535
Epoch 11 step 350/4126 train_loss=0.4764 train_acc=0.9587 fused_loss=0.1971 sensor_aux_loss=0.8801 s2_loss=0.3435 l89_loss=0.1702 s5p_loss=0.1963 wv3_loss=0.1702
Epoch 11 step 400/4126 train_loss=0.4781 train_acc=0.9587 fused_loss=0.1469 sensor_aux_loss=0.6548 s2_loss=0.1359 l89_loss=0.1719 s5p_loss=0.1785 wv3_loss=0.1685
Epoch 11 step 450/4126 train_loss=0.4788 train_acc=0.9593 fused_loss=0.1697 sensor_aux_loss=0.8230 s2_loss=0.1809 l89_loss=0.1355 s5p_loss=0.3616 wv3_loss=0.1450
Epoch 11 step 500/4126 train_loss=0.4747 train_acc=0.9603 fused_loss=0.1438 sensor_aux_loss=0.7328 s2_loss=0.1746 l89_loss=0.1403 s5p_loss=0.2347 wv3_loss=0.1832
Epoch 11 step 550/4126 train_loss=0.4763 train_acc=0.9602 fused_loss=0.2604 sensor_aux_loss=1.1020 s2_loss=0.5373 l89_loss=0.1540 s5p_loss=0.2062 wv3_loss=0.2045
Epoch 11 step 600/4126 train_loss=0.4787 train_acc=0.9591 fused_loss=0.1436 sensor_aux_loss=0.6338 s2_loss=0.2058 l89_loss=0.1407 s5p_loss=0.1596 wv3_loss=0.1277
Epoch 11 step 650/4126 train_loss=0.4801 train_acc=0.9595 fused_loss=0.1433 sensor_aux_loss=0.7464 s2_loss=0.1668 l89_loss=0.2232 s5p_loss=0.2214 wv3_loss=0.1349
Epoch 11 step 700/4126 train_loss=0.4792 train_acc=0.9596 fused_loss=0.1827 sensor_aux_loss=0.7248 s2_loss=0.1743 l89_loss=0.1267 s5p_loss=0.2718 wv3_loss=0.1521
Epoch 11 step 750/4126 train_loss=0.4807 train_acc=0.9594 fused_loss=0.1893 sensor_aux_loss=0.8085 s2_loss=0.2441 l89_loss=0.2036 s5p_loss=0.1591 wv3_loss=0.2016
Epoch 11 step 800/4126 train_loss=0.4833 train_acc=0.9590 fused_loss=0.2271 sensor_aux_loss=1.0443 s2_loss=0.2818 l89_loss=0.1449 s5p_loss=0.3264 wv3_loss=0.2912
Epoch 11 step 850/4126 train_loss=0.4842 train_acc=0.9586 fused_loss=0.1858 sensor_aux_loss=0.7873 s2_loss=0.3694 l89_loss=0.1381 s5p_loss=0.1522 wv3_loss=0.1275
Epoch 11 step 900/4126 train_loss=0.4843 train_acc=0.9586 fused_loss=0.2451 sensor_aux_loss=0.8750 s2_loss=0.2069 l89_loss=0.3147 s5p_loss=0.2339 wv3_loss=0.1195
Epoch 11 step 950/4126 train_loss=0.4840 train_acc=0.9589 fused_loss=0.2848 sensor_aux_loss=1.0260 s2_loss=0.4222 l89_loss=0.1259 s5p_loss=0.3479 wv3_loss=0.1300
Epoch 11 step 1000/4126 train_loss=0.4840 train_acc=0.9591 fused_loss=0.1884 sensor_aux_loss=0.7386 s2_loss=0.2627 l89_loss=0.1315 s5p_loss=0.1727 wv3_loss=0.1717
Epoch 11 step 1050/4126 train_loss=0.4838 train_acc=0.9590 fused_loss=0.1706 sensor_aux_loss=0.6807 s2_loss=0.1322 l89_loss=0.1253 s5p_loss=0.1747 wv3_loss=0.2486
Epoch 11 step 1100/4126 train_loss=0.4841 train_acc=0.9591 fused_loss=0.3102 sensor_aux_loss=1.2076 s2_loss=0.2450 l89_loss=0.1237 s5p_loss=0.1513 wv3_loss=0.6877
Epoch 11 step 1150/4126 train_loss=0.4856 train_acc=0.9589 fused_loss=0.1566 sensor_aux_loss=1.0708 s2_loss=0.2158 l89_loss=0.1281 s5p_loss=0.5168 wv3_loss=0.2101
Epoch 11 step 1200/4126 train_loss=0.4866 train_acc=0.9587 fused_loss=0.1583 sensor_aux_loss=0.7886 s2_loss=0.2667 l89_loss=0.1803 s5p_loss=0.2129 wv3_loss=0.1288
Epoch 11 step 1250/4126 train_loss=0.4870 train_acc=0.9585 fused_loss=0.2241 sensor_aux_loss=0.7864 s2_loss=0.2359 l89_loss=0.1645 s5p_loss=0.2676 wv3_loss=0.1184
Epoch 11 step 1300/4126 train_loss=0.4869 train_acc=0.9586 fused_loss=0.1489 sensor_aux_loss=0.8683 s2_loss=0.1263 l89_loss=0.1271 s5p_loss=0.4906 wv3_loss=0.1242
Epoch 11 step 1350/4126 train_loss=0.4870 train_acc=0.9585 fused_loss=0.2353 sensor_aux_loss=0.8312 s2_loss=0.3202 l89_loss=0.2192 s5p_loss=0.1543 wv3_loss=0.1374
Epoch 11 step 1400/4126 train_loss=0.4876 train_acc=0.9583 fused_loss=0.1828 sensor_aux_loss=0.8008 s2_loss=0.1259 l89_loss=0.1273 s5p_loss=0.3746 wv3_loss=0.1730
Epoch 11 step 1450/4126 train_loss=0.4875 train_acc=0.9582 fused_loss=0.2428 sensor_aux_loss=1.1020 s2_loss=0.2313 l89_loss=0.2505 s5p_loss=0.4824 wv3_loss=0.1377
Epoch 11 step 1500/4126 train_loss=0.4884 train_acc=0.9579 fused_loss=0.2771 sensor_aux_loss=0.8645 s2_loss=0.4112 l89_loss=0.1777 s5p_loss=0.1419 wv3_loss=0.1336
Epoch 11 step 1550/4126 train_loss=0.4880 train_acc=0.9580 fused_loss=0.1481 sensor_aux_loss=0.6336 s2_loss=0.2075 l89_loss=0.1231 s5p_loss=0.1450 wv3_loss=0.1580
Epoch 11 step 1600/4126 train_loss=0.4882 train_acc=0.9582 fused_loss=0.1439 sensor_aux_loss=0.6795 s2_loss=0.1379 l89_loss=0.1657 s5p_loss=0.2098 wv3_loss=0.1661
Epoch 11 step 1650/4126 train_loss=0.4896 train_acc=0.9580 fused_loss=0.2322 sensor_aux_loss=1.1069 s2_loss=0.2245 l89_loss=0.2918 s5p_loss=0.4018 wv3_loss=0.1888
Epoch 11 step 1700/4126 train_loss=0.4895 train_acc=0.9580 fused_loss=0.2063 sensor_aux_loss=0.8813 s2_loss=0.2078 l89_loss=0.1542 s5p_loss=0.1869 wv3_loss=0.3324
Epoch 11 step 1750/4126 train_loss=0.4890 train_acc=0.9581 fused_loss=0.1714 sensor_aux_loss=0.8869 s2_loss=0.2171 l89_loss=0.1249 s5p_loss=0.2791 wv3_loss=0.2659
Epoch 11 step 1800/4126 train_loss=0.4902 train_acc=0.9579 fused_loss=0.2125 sensor_aux_loss=0.7533 s2_loss=0.2829 l89_loss=0.1625 s5p_loss=0.1672 wv3_loss=0.1407
Epoch 11 step 1850/4126 train_loss=0.4902 train_acc=0.9578 fused_loss=0.1933 sensor_aux_loss=0.9021 s2_loss=0.1851 l89_loss=0.1644 s5p_loss=0.2988 wv3_loss=0.2538
Epoch 11 step 1900/4126 train_loss=0.4896 train_acc=0.9579 fused_loss=0.1331 sensor_aux_loss=0.6803 s2_loss=0.1420 l89_loss=0.1415 s5p_loss=0.2682 wv3_loss=0.1285
Epoch 11 step 1950/4126 train_loss=0.4900 train_acc=0.9577 fused_loss=0.2089 sensor_aux_loss=0.8650 s2_loss=0.2341 l89_loss=0.2277 s5p_loss=0.1862 wv3_loss=0.2169
Epoch 11 step 2000/4126 train_loss=0.4903 train_acc=0.9576 fused_loss=0.2243 sensor_aux_loss=1.1602 s2_loss=0.4138 l89_loss=0.1941 s5p_loss=0.4021 wv3_loss=0.1502
Epoch 11 step 2050/4126 train_loss=0.4906 train_acc=0.9575 fused_loss=0.2242 sensor_aux_loss=0.9534 s2_loss=0.1355 l89_loss=0.2258 s5p_loss=0.1230 wv3_loss=0.4690
Epoch 11 step 2100/4126 train_loss=0.4907 train_acc=0.9575 fused_loss=0.1649 sensor_aux_loss=1.3622 s2_loss=0.2005 l89_loss=0.1384 s5p_loss=0.4833 wv3_loss=0.5399
Epoch 11 step 2150/4126 train_loss=0.4917 train_acc=0.9572 fused_loss=0.2287 sensor_aux_loss=1.0689 s2_loss=0.3661 l89_loss=0.1921 s5p_loss=0.1260 wv3_loss=0.3847
Epoch 11 step 2200/4126 train_loss=0.4920 train_acc=0.9572 fused_loss=0.2855 sensor_aux_loss=0.9362 s2_loss=0.3980 l89_loss=0.1636 s5p_loss=0.1214 wv3_loss=0.2532
Epoch 11 step 2250/4126 train_loss=0.4917 train_acc=0.9573 fused_loss=0.3328 sensor_aux_loss=1.1471 s2_loss=0.3376 l89_loss=0.3063 s5p_loss=0.1359 wv3_loss=0.3672
Epoch 11 step 2300/4126 train_loss=0.4921 train_acc=0.9572 fused_loss=0.2512 sensor_aux_loss=1.1025 s2_loss=0.3044 l89_loss=0.1430 s5p_loss=0.5242 wv3_loss=0.1309
Epoch 11 step 2350/4126 train_loss=0.4920 train_acc=0.9572 fused_loss=0.2335 sensor_aux_loss=1.0297 s2_loss=0.2161 l89_loss=0.1775 s5p_loss=0.2957 wv3_loss=0.3405
Epoch 11 step 2400/4126 train_loss=0.4921 train_acc=0.9572 fused_loss=0.1760 sensor_aux_loss=0.9164 s2_loss=0.2688 l89_loss=0.2669 s5p_loss=0.1511 wv3_loss=0.2297
Epoch 11 step 2450/4126 train_loss=0.4917 train_acc=0.9574 fused_loss=0.1990 sensor_aux_loss=1.0700 s2_loss=0.1530 l89_loss=0.1305 s5p_loss=0.1732 wv3_loss=0.6132
Epoch 11 step 2500/4126 train_loss=0.4919 train_acc=0.9574 fused_loss=0.1817 sensor_aux_loss=0.9754 s2_loss=0.2644 l89_loss=0.1506 s5p_loss=0.3579 wv3_loss=0.2026
Epoch 11 step 2550/4126 train_loss=0.4922 train_acc=0.9573 fused_loss=0.2129 sensor_aux_loss=1.3654 s2_loss=0.4327 l89_loss=0.1245 s5p_loss=0.6142 wv3_loss=0.1940
Epoch 11 step 2600/4126 train_loss=0.4924 train_acc=0.9572 fused_loss=0.1699 sensor_aux_loss=0.9526 s2_loss=0.1873 l89_loss=0.2005 s5p_loss=0.1948 wv3_loss=0.3700
Epoch 11 step 2650/4126 train_loss=0.4924 train_acc=0.9572 fused_loss=0.1458 sensor_aux_loss=0.7529 s2_loss=0.2467 l89_loss=0.1993 s5p_loss=0.1326 wv3_loss=0.1743
Epoch 11 step 2700/4126 train_loss=0.4925 train_acc=0.9571 fused_loss=0.1740 sensor_aux_loss=0.8553 s2_loss=0.1923 l89_loss=0.1658 s5p_loss=0.3517 wv3_loss=0.1456
Epoch 11 step 2750/4126 train_loss=0.4925 train_acc=0.9572 fused_loss=0.1536 sensor_aux_loss=0.7829 s2_loss=0.3349 l89_loss=0.1419 s5p_loss=0.1529 wv3_loss=0.1533
Epoch 11 step 2800/4126 train_loss=0.4922 train_acc=0.9573 fused_loss=0.1682 sensor_aux_loss=0.8754 s2_loss=0.1395 l89_loss=0.1741 s5p_loss=0.1665 wv3_loss=0.3953
Epoch 11 step 2850/4126 train_loss=0.4919 train_acc=0.9574 fused_loss=0.1424 sensor_aux_loss=0.7874 s2_loss=0.1918 l89_loss=0.2775 s5p_loss=0.1726 wv3_loss=0.1455
Epoch 11 step 2900/4126 train_loss=0.4920 train_acc=0.9574 fused_loss=0.1908 sensor_aux_loss=1.3077 s2_loss=0.3748 l89_loss=0.1422 s5p_loss=0.5254 wv3_loss=0.2654
Epoch 11 step 2950/4126 train_loss=0.4918 train_acc=0.9574 fused_loss=0.1652 sensor_aux_loss=0.8428 s2_loss=0.2168 l89_loss=0.1733 s5p_loss=0.2661 wv3_loss=0.1866
Epoch 11 step 3000/4126 train_loss=0.4917 train_acc=0.9574 fused_loss=0.1825 sensor_aux_loss=0.6990 s2_loss=0.2739 l89_loss=0.1536 s5p_loss=0.1311 wv3_loss=0.1405
Epoch 11 step 3050/4126 train_loss=0.4918 train_acc=0.9574 fused_loss=0.1588 sensor_aux_loss=0.8002 s2_loss=0.2149 l89_loss=0.1412 s5p_loss=0.2271 wv3_loss=0.2170
Epoch 11 step 3100/4126 train_loss=0.4918 train_acc=0.9574 fused_loss=0.1652 sensor_aux_loss=0.7699 s2_loss=0.2678 l89_loss=0.1490 s5p_loss=0.1965 wv3_loss=0.1566
Epoch 11 step 3150/4126 train_loss=0.4919 train_acc=0.9575 fused_loss=0.2012 sensor_aux_loss=0.9255 s2_loss=0.2515 l89_loss=0.1264 s5p_loss=0.3588 wv3_loss=0.1888
Epoch 11 step 3200/4126 train_loss=0.4917 train_acc=0.9575 fused_loss=0.2322 sensor_aux_loss=1.2101 s2_loss=0.3571 l89_loss=0.1438 s5p_loss=0.5403 wv3_loss=0.1688
Epoch 11 step 3250/4126 train_loss=0.4919 train_acc=0.9573 fused_loss=0.1839 sensor_aux_loss=0.9660 s2_loss=0.3167 l89_loss=0.1746 s5p_loss=0.3047 wv3_loss=0.1700
Epoch 11 step 3300/4126 train_loss=0.4918 train_acc=0.9574 fused_loss=0.1655 sensor_aux_loss=0.7389 s2_loss=0.2025 l89_loss=0.1243 s5p_loss=0.1504 wv3_loss=0.2616
Epoch 11 step 3350/4126 train_loss=0.4916 train_acc=0.9574 fused_loss=0.1659 sensor_aux_loss=0.7396 s2_loss=0.2043 l89_loss=0.1794 s5p_loss=0.1829 wv3_loss=0.1729
Epoch 11 step 3400/4126 train_loss=0.4916 train_acc=0.9574 fused_loss=0.1791 sensor_aux_loss=0.7673 s2_loss=0.2420 l89_loss=0.1782 s5p_loss=0.2137 wv3_loss=0.1335
Epoch 11 step 3450/4126 train_loss=0.4915 train_acc=0.9574 fused_loss=0.1686 sensor_aux_loss=0.6939 s2_loss=0.2226 l89_loss=0.1620 s5p_loss=0.1828 wv3_loss=0.1265
Epoch 11 step 3500/4126 train_loss=0.4910 train_acc=0.9574 fused_loss=0.1706 sensor_aux_loss=0.9839 s2_loss=0.1972 l89_loss=0.1260 s5p_loss=0.4942 wv3_loss=0.1665
Epoch 11 step 3550/4126 train_loss=0.4912 train_acc=0.9575 fused_loss=0.2876 sensor_aux_loss=1.1315 s2_loss=0.6934 l89_loss=0.1669 s5p_loss=0.1483 wv3_loss=0.1229
Epoch 11 step 3600/4126 train_loss=0.4915 train_acc=0.9574 fused_loss=0.2787 sensor_aux_loss=1.2276 s2_loss=0.1398 l89_loss=0.1566 s5p_loss=0.5807 wv3_loss=0.3505
Epoch 11 step 3650/4126 train_loss=0.4914 train_acc=0.9574 fused_loss=0.2037 sensor_aux_loss=0.8804 s2_loss=0.4223 l89_loss=0.1250 s5p_loss=0.1320 wv3_loss=0.2011
Epoch 11 step 3700/4126 train_loss=0.4913 train_acc=0.9574 fused_loss=0.2221 sensor_aux_loss=0.8040 s2_loss=0.3787 l89_loss=0.1242 s5p_loss=0.1598 wv3_loss=0.1412
Epoch 11 step 3750/4126 train_loss=0.4915 train_acc=0.9573 fused_loss=0.1735 sensor_aux_loss=0.7631 s2_loss=0.2728 l89_loss=0.1582 s5p_loss=0.1440 wv3_loss=0.1881
Epoch 11 step 3800/4126 train_loss=0.4915 train_acc=0.9573 fused_loss=0.3221 sensor_aux_loss=1.0637 s2_loss=0.5481 l89_loss=0.1414 s5p_loss=0.1576 wv3_loss=0.2166
Epoch 11 step 3850/4126 train_loss=0.4913 train_acc=0.9573 fused_loss=0.2045 sensor_aux_loss=0.7390 s2_loss=0.1956 l89_loss=0.1887 s5p_loss=0.2301 wv3_loss=0.1246
Epoch 11 step 3900/4126 train_loss=0.4917 train_acc=0.9571 fused_loss=0.2886 sensor_aux_loss=1.1436 s2_loss=0.4242 l89_loss=0.1308 s5p_loss=0.2763 wv3_loss=0.3123
Epoch 11 step 3950/4126 train_loss=0.4912 train_acc=0.9573 fused_loss=0.1527 sensor_aux_loss=0.8204 s2_loss=0.1654 l89_loss=0.1648 s5p_loss=0.1502 wv3_loss=0.3400
Epoch 11 step 4000/4126 train_loss=0.4913 train_acc=0.9573 fused_loss=0.2196 sensor_aux_loss=1.1542 s2_loss=0.2529 l89_loss=0.4131 s5p_loss=0.3576 wv3_loss=0.1306
Epoch 11 step 4050/4126 train_loss=0.4910 train_acc=0.9573 fused_loss=0.2359 sensor_aux_loss=0.8564 s2_loss=0.2991 l89_loss=0.1231 s5p_loss=0.1807 wv3_loss=0.2535
Epoch 11 step 4100/4126 train_loss=0.4910 train_acc=0.9573 fused_loss=0.2223 sensor_aux_loss=1.1505 s2_loss=0.3359 l89_loss=0.1272 s5p_loss=0.5205 wv3_loss=0.1669
[Cache][Warn] Low free space (97.54 GB) under /diniuvol/yuyao/local_train_temp_cache; falling back to remote reads.
[Cache][Warn] Low free space (97.54 GB) under /diniuvol/yuyao/local_train_temp_cache; falling back to remote reads.
[Cache][Warn] Low free space (97.54 GB) under /diniuvol/yuyao/local_train_temp_cache; falling back to remote reads.
[Cache][Warn] Low free space (97.54 GB) under /diniuvol/yuyao/local_train_temp_cache; falling back to remote reads.
[Cache][Warn] Low free space (97.54 GB) under /diniuvol/yuyao/local_train_temp_cache; falling back to remote reads.
[Cache][Warn] Low free space (97.54 GB) under /diniuvol/yuyao/local_train_temp_cache; falling back to remote reads.
[Cache][Warn] Low free space (97.54 GB) under /diniuvol/yuyao/local_train_temp_cache; falling back to remote reads.
[Cache][Warn] Low free space (97.54 GB) under /diniuvol/yuyao/local_train_temp_cache; falling back to remote reads.
Epoch 11: train_loss=0.4908 train_acc=0.9573 test_loss=0.7886 test_acc=0.8154 test_fpr=0.1205 test_recall=0.7533 test_auroc=0.8779 train_fused_loss=0.2078 train_sensor_aux_loss=0.9433
[EvalSplit][FUSED][ALL][OVERALL] count=36826 acc=0.8154 fpr=0.1205 recall=0.7533 auroc=0.8779
[EvalSplit][FUSED][OVERLAP][OVERALL] count=6241 acc=0.7914 fpr=0.0962 recall=0.6917 auroc=0.8794
[EvalSplit][FUSED][SINGLE][OVERALL] count=30585 acc=0.8203 fpr=0.1252 recall=0.7665 auroc=0.8793
[EvalSplit][FUSED][ALL][SENSOR_S2] count=23781 acc=0.9061 fpr=0.1090 recall=0.9212 auroc=0.9567
[EvalSplit][FUSED][OVERLAP][SENSOR_S2] count=3647 acc=0.8725 fpr=0.0852 recall=0.8303 auroc=0.9457
[EvalSplit][FUSED][SINGLE][SENSOR_S2] count=20134 acc=0.9122 fpr=0.1133 recall=0.9377 auroc=0.9606
[EvalSplit][FUSED][ALL][SENSOR_L89] count=8460 acc=0.6719 fpr=0.0971 recall=0.4371 auroc=0.7668
[EvalSplit][FUSED][OVERLAP][SENSOR_L89] count=1886 acc=0.7561 fpr=0.0901 recall=0.6023 auroc=0.8700
[EvalSplit][FUSED][SINGLE][SENSOR_L89] count=6574 acc=0.6477 fpr=0.0991 recall=0.3892 auroc=0.7404
[EvalSplit][FUSED][ALL][SENSOR_S5P] count=7404 acc=0.7316 fpr=0.1626 recall=0.6366 auroc=0.7991
[EvalSplit][FUSED][OVERLAP][SENSOR_S5P] count=5088 acc=0.7883 fpr=0.1038 recall=0.6941 auroc=0.8626
[EvalSplit][FUSED][SINGLE][SENSOR_S5P] count=2316 acc=0.6071 fpr=0.2857 recall=0.5042 auroc=0.6379
[EvalSplit][FUSED][ALL][SENSOR_WV3] count=3518 acc=0.6814 fpr=0.1284 recall=0.5506 auroc=0.8054
[EvalSplit][FUSED][OVERLAP][SENSOR_WV3] count=1957 acc=0.6837 fpr=0.1003 recall=0.5411 auroc=0.8272
[EvalSplit][FUSED][SINGLE][SENSOR_WV3] count=1561 acc=0.6784 fpr=0.1618 recall=0.5629 auroc=0.7806
[EvalSplit][REF_SENSOR_HEAD][ALL][SENSOR_S2] count=23781 acc=0.9132 fpr=0.1219 recall=0.9482 auroc=0.9642
[EvalSplit][REF_SENSOR_HEAD][OVERLAP][SENSOR_S2] count=3647 acc=0.9054 fpr=0.1407 recall=0.9513 auroc=0.9619
[EvalSplit][REF_SENSOR_HEAD][SINGLE][SENSOR_S2] count=20134 acc=0.9146 fpr=0.1185 recall=0.9477 auroc=0.9646
[EvalSplit][REF_SENSOR_HEAD][ALL][SENSOR_L89] count=8460 acc=0.6580 fpr=0.0978 recall=0.4099 auroc=0.7402
[EvalSplit][REF_SENSOR_HEAD][OVERLAP][SENSOR_L89] count=1886 acc=0.6988 fpr=0.1124 recall=0.5101 auroc=0.7612
[EvalSplit][REF_SENSOR_HEAD][SINGLE][SENSOR_L89] count=6574 acc=0.6463 fpr=0.0936 recall=0.3809 auroc=0.7352
[EvalSplit][REF_SENSOR_HEAD][ALL][SENSOR_S5P] count=7404 acc=0.5428 fpr=0.2873 recall=0.3901 auroc=0.6160
[EvalSplit][REF_SENSOR_HEAD][OVERLAP][SENSOR_S5P] count=5088 acc=0.5063 fpr=0.2995 recall=0.3368 auroc=0.6004
[EvalSplit][REF_SENSOR_HEAD][SINGLE][SENSOR_S5P] count=2316 acc=0.6231 fpr=0.2619 recall=0.5127 auroc=0.6490
[EvalSplit][REF_SENSOR_HEAD][ALL][SENSOR_WV3] count=3518 acc=0.6760 fpr=0.1486 recall=0.5554 auroc=0.7758
[EvalSplit][REF_SENSOR_HEAD][OVERLAP][SENSOR_WV3] count=1957 acc=0.6725 fpr=0.1427 recall=0.5505 auroc=0.7662
[EvalSplit][REF_SENSOR_HEAD][SINGLE][SENSOR_WV3] count=1561 acc=0.6803 fpr=0.1557 recall=0.5618 auroc=0.7877
[Cache][Warn] Low free space (97.54 GB) under /diniuvol/yuyao/local_train_temp_cache; falling back to remote reads.
[Cache][Warn] Low free space (97.54 GB) under /diniuvol/yuyao/local_train_temp_cache; falling back to remote reads.
[Cache][Warn] Low free space (97.54 GB) under /diniuvol/yuyao/local_train_temp_cache; falling back to remote reads.
[Cache][Warn] Low free space (97.54 GB) under /diniuvol/yuyao/local_train_temp_cache; falling back to remote reads.
[Cache][Warn] Low free space (97.54 GB) under /diniuvol/yuyao/local_train_temp_cache; falling back to remote reads.
[Cache][Warn] Low free space (97.54 GB) under /diniuvol/yuyao/local_train_temp_cache; falling back to remote reads.
[Cache][Warn] Low free space (97.54 GB) under /diniuvol/yuyao/local_train_temp_cache; falling back to remote reads.
[Cache][Warn] Low free space (97.54 GB) under /diniuvol/yuyao/local_train_temp_cache; falling back to remote reads.
Epoch 12 step 50/4126 train_loss=0.4621 train_acc=0.9625 fused_loss=0.2308 sensor_aux_loss=1.1981 s2_loss=0.1473 l89_loss=0.1256 s5p_loss=0.7973 wv3_loss=0.1280
Epoch 12 step 100/4126 train_loss=0.4634 train_acc=0.9634 fused_loss=0.2061 sensor_aux_loss=0.9269 s2_loss=0.4415 l89_loss=0.1636 s5p_loss=0.1938 wv3_loss=0.1280
Epoch 12 step 150/4126 train_loss=0.4659 train_acc=0.9627 fused_loss=0.1687 sensor_aux_loss=0.6686 s2_loss=0.2968 l89_loss=0.1225 s5p_loss=0.1212 wv3_loss=0.1281
Epoch 12 step 200/4126 train_loss=0.4684 train_acc=0.9620 fused_loss=0.1385 sensor_aux_loss=0.8210 s2_loss=0.1500 l89_loss=0.1201 s5p_loss=0.4135 wv3_loss=0.1374
Epoch 12 step 250/4126 train_loss=0.4709 train_acc=0.9611 fused_loss=0.1960 sensor_aux_loss=0.9686 s2_loss=0.2863 l89_loss=0.2876 s5p_loss=0.2556 wv3_loss=0.1391
Epoch 12 step 300/4126 train_loss=0.4768 train_acc=0.9602 fused_loss=0.1791 sensor_aux_loss=0.9271 s2_loss=0.2647 l89_loss=0.1345 s5p_loss=0.2825 wv3_loss=0.2453
Epoch 12 step 350/4126 train_loss=0.4745 train_acc=0.9604 fused_loss=0.3284 sensor_aux_loss=1.3110 s2_loss=0.4744 l89_loss=0.1230 s5p_loss=0.3569 wv3_loss=0.3567
Epoch 12 step 400/4126 train_loss=0.4780 train_acc=0.9591 fused_loss=0.2107 sensor_aux_loss=1.0123 s2_loss=0.2398 l89_loss=0.2221 s5p_loss=0.3496 wv3_loss=0.2009
Epoch 12 step 450/4126 train_loss=0.4774 train_acc=0.9594 fused_loss=0.2228 sensor_aux_loss=0.8001 s2_loss=0.2726 l89_loss=0.1772 s5p_loss=0.1266 wv3_loss=0.2238
Epoch 12 step 500/4126 train_loss=0.4784 train_acc=0.9597 fused_loss=0.2647 sensor_aux_loss=1.1869 s2_loss=0.1815 l89_loss=0.1501 s5p_loss=0.6128 wv3_loss=0.2425
Epoch 12 step 550/4126 train_loss=0.4784 train_acc=0.9599 fused_loss=0.1569 sensor_aux_loss=0.6642 s2_loss=0.1434 l89_loss=0.1301 s5p_loss=0.1924 wv3_loss=0.1983
Epoch 12 step 600/4126 train_loss=0.4779 train_acc=0.9604 fused_loss=0.1623 sensor_aux_loss=0.6595 s2_loss=0.1352 l89_loss=0.1682 s5p_loss=0.1647 wv3_loss=0.1915
Epoch 12 step 650/4126 train_loss=0.4777 train_acc=0.9601 fused_loss=0.2716 sensor_aux_loss=1.1349 s2_loss=0.4005 l89_loss=0.1247 s5p_loss=0.3711 wv3_loss=0.2386
Epoch 12 step 700/4126 train_loss=0.4789 train_acc=0.9596 fused_loss=0.2654 sensor_aux_loss=0.8887 s2_loss=0.2212 l89_loss=0.1498 s5p_loss=0.2049 wv3_loss=0.3128
Epoch 12 step 750/4126 train_loss=0.4787 train_acc=0.9600 fused_loss=0.1707 sensor_aux_loss=0.7283 s2_loss=0.2397 l89_loss=0.1313 s5p_loss=0.2355 wv3_loss=0.1217
Epoch 12 step 800/4126 train_loss=0.4792 train_acc=0.9599 fused_loss=0.2068 sensor_aux_loss=0.9581 s2_loss=0.2428 l89_loss=0.3166 s5p_loss=0.1654 wv3_loss=0.2333
Epoch 12 step 850/4126 train_loss=0.4796 train_acc=0.9596 fused_loss=0.1493 sensor_aux_loss=0.7079 s2_loss=0.2723 l89_loss=0.1610 s5p_loss=0.1352 wv3_loss=0.1394
Epoch 12 step 900/4126 train_loss=0.4800 train_acc=0.9595 fused_loss=0.2338 sensor_aux_loss=0.9258 s2_loss=0.3171 l89_loss=0.1313 s5p_loss=0.2183 wv3_loss=0.2592
Epoch 12 step 950/4126 train_loss=0.4806 train_acc=0.9593 fused_loss=0.1528 sensor_aux_loss=0.9680 s2_loss=0.1915 l89_loss=0.1354 s5p_loss=0.5099 wv3_loss=0.1312
Epoch 12 step 1000/4126 train_loss=0.4802 train_acc=0.9593 fused_loss=0.1974 sensor_aux_loss=1.0635 s2_loss=0.3583 l89_loss=0.1269 s5p_loss=0.2587 wv3_loss=0.3195
Epoch 12 step 1050/4126 train_loss=0.4797 train_acc=0.9591 fused_loss=0.1520 sensor_aux_loss=0.7404 s2_loss=0.1929 l89_loss=0.1720 s5p_loss=0.2403 wv3_loss=0.1353
Epoch 12 step 1100/4126 train_loss=0.4797 train_acc=0.9591 fused_loss=0.2646 sensor_aux_loss=1.3357 s2_loss=0.3070 l89_loss=0.1282 s5p_loss=0.7012 wv3_loss=0.1994
Epoch 12 step 1150/4126 train_loss=0.4792 train_acc=0.9593 fused_loss=0.1535 sensor_aux_loss=0.6379 s2_loss=0.1847 l89_loss=0.1627 s5p_loss=0.1571 wv3_loss=0.1334
Epoch 12 step 1200/4126 train_loss=0.4782 train_acc=0.9595 fused_loss=0.1662 sensor_aux_loss=0.9615 s2_loss=0.1994 l89_loss=0.1828 s5p_loss=0.1798 wv3_loss=0.3994
Epoch 12 step 1250/4126 train_loss=0.4790 train_acc=0.9594 fused_loss=0.2060 sensor_aux_loss=0.9080 s2_loss=0.2097 l89_loss=0.2642 s5p_loss=0.1929 wv3_loss=0.2412
Epoch 12 step 1300/4126 train_loss=0.4792 train_acc=0.9595 fused_loss=0.1603 sensor_aux_loss=1.0477 s2_loss=0.2010 l89_loss=0.1731 s5p_loss=0.5242 wv3_loss=0.1495
Epoch 12 step 1350/4126 train_loss=0.4799 train_acc=0.9594 fused_loss=0.2107 sensor_aux_loss=1.2117 s2_loss=0.1918 l89_loss=0.1802 s5p_loss=0.6550 wv3_loss=0.1847
Epoch 12 step 1400/4126 train_loss=0.4797 train_acc=0.9595 fused_loss=0.2670 sensor_aux_loss=0.9256 s2_loss=0.3610 l89_loss=0.1988 s5p_loss=0.2154 wv3_loss=0.1504
Epoch 12 step 1450/4126 train_loss=0.4795 train_acc=0.9595 fused_loss=0.2267 sensor_aux_loss=1.1636 s2_loss=0.2986 l89_loss=0.1484 s5p_loss=0.4159 wv3_loss=0.3007
Epoch 12 step 1500/4126 train_loss=0.4795 train_acc=0.9594 fused_loss=0.3056 sensor_aux_loss=1.5025 s2_loss=0.4599 l89_loss=0.1762 s5p_loss=0.6828 wv3_loss=0.1835
Epoch 12 step 1550/4126 train_loss=0.4797 train_acc=0.9594 fused_loss=0.1487 sensor_aux_loss=0.6038 s2_loss=0.1439 l89_loss=0.1231 s5p_loss=0.1585 wv3_loss=0.1784
Epoch 12 step 1600/4126 train_loss=0.4797 train_acc=0.9593 fused_loss=0.1468 sensor_aux_loss=0.7854 s2_loss=0.1293 l89_loss=0.1813 s5p_loss=0.3086 wv3_loss=0.1663
Epoch 12 step 1650/4126 train_loss=0.4795 train_acc=0.9594 fused_loss=0.2259 sensor_aux_loss=0.9512 s2_loss=0.3411 l89_loss=0.1230 s5p_loss=0.2550 wv3_loss=0.2320
Epoch 12 step 1700/4126 train_loss=0.4804 train_acc=0.9591 fused_loss=0.2453 sensor_aux_loss=0.9387 s2_loss=0.3704 l89_loss=0.1253 s5p_loss=0.1905 wv3_loss=0.2524
Epoch 12 step 1750/4126 train_loss=0.4808 train_acc=0.9591 fused_loss=0.1768 sensor_aux_loss=0.9158 s2_loss=0.1731 l89_loss=0.3049 s5p_loss=0.2223 wv3_loss=0.2155
Epoch 12 step 1800/4126 train_loss=0.4807 train_acc=0.9592 fused_loss=0.2498 sensor_aux_loss=0.9057 s2_loss=0.2217 l89_loss=0.1270 s5p_loss=0.1563 wv3_loss=0.4007
Epoch 12 step 1850/4126 train_loss=0.4815 train_acc=0.9590 fused_loss=0.1424 sensor_aux_loss=0.6693 s2_loss=0.2255 l89_loss=0.1322 s5p_loss=0.1267 wv3_loss=0.1849
Epoch 12 step 1900/4126 train_loss=0.4812 train_acc=0.9590 fused_loss=0.1981 sensor_aux_loss=0.9543 s2_loss=0.2725 l89_loss=0.1514 s5p_loss=0.3755 wv3_loss=0.1549
Epoch 12 step 1950/4126 train_loss=0.4811 train_acc=0.9588 fused_loss=0.1837 sensor_aux_loss=0.9679 s2_loss=0.1838 l89_loss=0.1348 s5p_loss=0.4895 wv3_loss=0.1597
Epoch 12 step 2000/4126 train_loss=0.4807 train_acc=0.9589 fused_loss=0.1420 sensor_aux_loss=0.5658 s2_loss=0.1350 l89_loss=0.1245 s5p_loss=0.1383 wv3_loss=0.1680
Epoch 12 step 2050/4126 train_loss=0.4805 train_acc=0.9590 fused_loss=0.3062 sensor_aux_loss=1.6725 s2_loss=0.3154 l89_loss=0.2636 s5p_loss=0.9491 wv3_loss=0.1444
Epoch 12 step 2100/4126 train_loss=0.4802 train_acc=0.9591 fused_loss=0.2023 sensor_aux_loss=0.7914 s2_loss=0.2916 l89_loss=0.1504 s5p_loss=0.1626 wv3_loss=0.1869
Epoch 12 step 2150/4126 train_loss=0.4802 train_acc=0.9592 fused_loss=0.2744 sensor_aux_loss=1.2506 s2_loss=0.3034 l89_loss=0.3953 s5p_loss=0.3036 wv3_loss=0.2483
Epoch 12 step 2200/4126 train_loss=0.4795 train_acc=0.9595 fused_loss=0.2072 sensor_aux_loss=0.7786 s2_loss=0.2887 l89_loss=0.1224 s5p_loss=0.1745 wv3_loss=0.1930
Epoch 12 step 2250/4126 train_loss=0.4796 train_acc=0.9596 fused_loss=0.1845 sensor_aux_loss=0.9818 s2_loss=0.4401 l89_loss=0.1327 s5p_loss=0.2382 wv3_loss=0.1707
Epoch 12 step 2300/4126 train_loss=0.4796 train_acc=0.9598 fused_loss=0.1547 sensor_aux_loss=0.7788 s2_loss=0.1578 l89_loss=0.2127 s5p_loss=0.1436 wv3_loss=0.2646
Epoch 12 step 2350/4126 train_loss=0.4795 train_acc=0.9597 fused_loss=0.1866 sensor_aux_loss=0.7813 s2_loss=0.2358 l89_loss=0.2523 s5p_loss=0.1212 wv3_loss=0.1720
Epoch 12 step 2400/4126 train_loss=0.4794 train_acc=0.9599 fused_loss=0.1464 sensor_aux_loss=0.6259 s2_loss=0.2121 l89_loss=0.1465 s5p_loss=0.1421 wv3_loss=0.1251
Epoch 12 step 2450/4126 train_loss=0.4791 train_acc=0.9600 fused_loss=0.2476 sensor_aux_loss=1.0140 s2_loss=0.3417 l89_loss=0.2418 s5p_loss=0.2041 wv3_loss=0.2264
Epoch 12 step 2500/4126 train_loss=0.4794 train_acc=0.9600 fused_loss=0.2056 sensor_aux_loss=1.1185 s2_loss=0.3730 l89_loss=0.1895 s5p_loss=0.3517 wv3_loss=0.2042
Epoch 12 step 2550/4126 train_loss=0.4791 train_acc=0.9601 fused_loss=0.1424 sensor_aux_loss=0.6373 s2_loss=0.2003 l89_loss=0.1489 s5p_loss=0.1626 wv3_loss=0.1255
Epoch 12 step 2600/4126 train_loss=0.4791 train_acc=0.9600 fused_loss=0.1923 sensor_aux_loss=0.7759 s2_loss=0.2838 l89_loss=0.1340 s5p_loss=0.1728 wv3_loss=0.1853
Epoch 12 step 2650/4126 train_loss=0.4794 train_acc=0.9599 fused_loss=0.2561 sensor_aux_loss=1.0533 s2_loss=0.4216 l89_loss=0.1326 s5p_loss=0.2989 wv3_loss=0.2001
Epoch 12 step 2700/4126 train_loss=0.4791 train_acc=0.9599 fused_loss=0.1846 sensor_aux_loss=0.8642 s2_loss=0.2822 l89_loss=0.1564 s5p_loss=0.2545 wv3_loss=0.1711
Epoch 12 step 2750/4126 train_loss=0.4795 train_acc=0.9598 fused_loss=0.2005 sensor_aux_loss=1.0252 s2_loss=0.1530 l89_loss=0.1684 s5p_loss=0.4181 wv3_loss=0.2858
Epoch 12 step 2800/4126 train_loss=0.4796 train_acc=0.9598 fused_loss=0.1916 sensor_aux_loss=1.0157 s2_loss=0.2008 l89_loss=0.1293 s5p_loss=0.4122 wv3_loss=0.2735
Epoch 12 step 2850/4126 train_loss=0.4794 train_acc=0.9597 fused_loss=0.2069 sensor_aux_loss=0.9095 s2_loss=0.3593 l89_loss=0.2199 s5p_loss=0.2033 wv3_loss=0.1270
Epoch 12 step 2900/4126 train_loss=0.4793 train_acc=0.9597 fused_loss=0.2164 sensor_aux_loss=0.7752 s2_loss=0.3117 l89_loss=0.1413 s5p_loss=0.1890 wv3_loss=0.1332
Epoch 12 step 2950/4126 train_loss=0.4800 train_acc=0.9595 fused_loss=0.2197 sensor_aux_loss=0.9905 s2_loss=0.5535 l89_loss=0.1233 s5p_loss=0.1814 wv3_loss=0.1323
Epoch 12 step 3000/4126 train_loss=0.4799 train_acc=0.9596 fused_loss=0.2178 sensor_aux_loss=1.1338 s2_loss=0.5721 l89_loss=0.1343 s5p_loss=0.2700 wv3_loss=0.1573
Epoch 12 step 3050/4126 train_loss=0.4797 train_acc=0.9596 fused_loss=0.2959 sensor_aux_loss=1.4944 s2_loss=0.8365 l89_loss=0.1329 s5p_loss=0.3864 wv3_loss=0.1386
Epoch 12 step 3100/4126 train_loss=0.4797 train_acc=0.9596 fused_loss=0.2343 sensor_aux_loss=0.8361 s2_loss=0.2122 l89_loss=0.1542 s5p_loss=0.3466 wv3_loss=0.1231
Epoch 12 step 3150/4126 train_loss=0.4799 train_acc=0.9596 fused_loss=0.2272 sensor_aux_loss=0.8923 s2_loss=0.3865 l89_loss=0.1634 s5p_loss=0.1588 wv3_loss=0.1835
Epoch 12 step 3200/4126 train_loss=0.4800 train_acc=0.9596 fused_loss=0.1388 sensor_aux_loss=0.8778 s2_loss=0.1442 l89_loss=0.1568 s5p_loss=0.1878 wv3_loss=0.3890
Epoch 12 step 3250/4126 train_loss=0.4794 train_acc=0.9596 fused_loss=0.1732 sensor_aux_loss=0.7579 s2_loss=0.2744 l89_loss=0.1232 s5p_loss=0.1919 wv3_loss=0.1685
Epoch 12 step 3300/4126 train_loss=0.4794 train_acc=0.9596 fused_loss=0.1532 sensor_aux_loss=0.6338 s2_loss=0.1467 l89_loss=0.1792 s5p_loss=0.1652 wv3_loss=0.1427
Epoch 12 step 3350/4126 train_loss=0.4796 train_acc=0.9597 fused_loss=0.1859 sensor_aux_loss=0.8760 s2_loss=0.2506 l89_loss=0.1208 s5p_loss=0.2993 wv3_loss=0.2054
Epoch 12 step 3400/4126 train_loss=0.4797 train_acc=0.9598 fused_loss=0.1817 sensor_aux_loss=0.9858 s2_loss=0.1870 l89_loss=0.2683 s5p_loss=0.2923 wv3_loss=0.2381
Epoch 12 step 3450/4126 train_loss=0.4797 train_acc=0.9597 fused_loss=0.2300 sensor_aux_loss=1.7569 s2_loss=0.2338 l89_loss=0.1785 s5p_loss=1.1650 wv3_loss=0.1797
Epoch 12 step 3500/4126 train_loss=0.4795 train_acc=0.9598 fused_loss=0.2903 sensor_aux_loss=0.8935 s2_loss=0.4003 l89_loss=0.1292 s5p_loss=0.2229 wv3_loss=0.1411
Epoch 12 step 3550/4126 train_loss=0.4794 train_acc=0.9599 fused_loss=0.1744 sensor_aux_loss=0.8108 s2_loss=0.1391 l89_loss=0.2097 s5p_loss=0.1405 wv3_loss=0.3215
Epoch 12 step 3600/4126 train_loss=0.4795 train_acc=0.9597 fused_loss=0.2539 sensor_aux_loss=0.9953 s2_loss=0.4991 l89_loss=0.1308 s5p_loss=0.2072 wv3_loss=0.1582
Epoch 12 step 3650/4126 train_loss=0.4797 train_acc=0.9596 fused_loss=0.1302 sensor_aux_loss=0.6504 s2_loss=0.2463 l89_loss=0.1367 s5p_loss=0.1382 wv3_loss=0.1293
Epoch 12 step 3700/4126 train_loss=0.4799 train_acc=0.9596 fused_loss=0.1686 sensor_aux_loss=0.6714 s2_loss=0.1704 l89_loss=0.1253 s5p_loss=0.1994 wv3_loss=0.1764
Epoch 12 step 3750/4126 train_loss=0.4799 train_acc=0.9596 fused_loss=0.2367 sensor_aux_loss=0.9400 s2_loss=0.3540 l89_loss=0.2882 s5p_loss=0.1657 wv3_loss=0.1322
Epoch 12 step 3800/4126 train_loss=0.4800 train_acc=0.9596 fused_loss=0.2202 sensor_aux_loss=1.2016 s2_loss=0.1703 l89_loss=0.1914 s5p_loss=0.3367 wv3_loss=0.5031
Epoch 12 step 3850/4126 train_loss=0.4800 train_acc=0.9595 fused_loss=0.2124 sensor_aux_loss=1.0058 s2_loss=0.4703 l89_loss=0.2102 s5p_loss=0.1559 wv3_loss=0.1694
Epoch 12 step 3900/4126 train_loss=0.4802 train_acc=0.9594 fused_loss=0.2114 sensor_aux_loss=0.8744 s2_loss=0.2273 l89_loss=0.1195 s5p_loss=0.3464 wv3_loss=0.1812
Epoch 12 step 3950/4126 train_loss=0.4804 train_acc=0.9594 fused_loss=0.2759 sensor_aux_loss=1.2197 s2_loss=0.3281 l89_loss=0.1972 s5p_loss=0.2161 wv3_loss=0.4783
Epoch 12 step 4000/4126 train_loss=0.4802 train_acc=0.9595 fused_loss=0.2509 sensor_aux_loss=1.0831 s2_loss=0.2383 l89_loss=0.2516 s5p_loss=0.1714 wv3_loss=0.4218
Epoch 12 step 4050/4126 train_loss=0.4802 train_acc=0.9594 fused_loss=0.1947 sensor_aux_loss=1.1996 s2_loss=0.5549 l89_loss=0.1261 s5p_loss=0.3552 wv3_loss=0.1633
Epoch 12 step 4100/4126 train_loss=0.4805 train_acc=0.9593 fused_loss=0.3274 sensor_aux_loss=1.3804 s2_loss=0.5559 l89_loss=0.2650 s5p_loss=0.1544 wv3_loss=0.4051
[Cache][Warn] Low free space (97.51 GB) under /diniuvol/yuyao/local_train_temp_cache; falling back to remote reads.
[Cache][Warn] Low free space (97.51 GB) under /diniuvol/yuyao/local_train_temp_cache; falling back to remote reads.
[Cache][Warn] Low free space (97.51 GB) under /diniuvol/yuyao/local_train_temp_cache; falling back to remote reads.
[Cache][Warn] Low free space (97.51 GB) under /diniuvol/yuyao/local_train_temp_cache; falling back to remote reads.
[Cache][Warn] Low free space (97.51 GB) under /diniuvol/yuyao/local_train_temp_cache; falling back to remote reads.
[Cache][Warn] Low free space (97.51 GB) under /diniuvol/yuyao/local_train_temp_cache; falling back to remote reads.
[Cache][Warn] Low free space (97.51 GB) under /diniuvol/yuyao/local_train_temp_cache; falling back to remote reads.
[Cache][Warn] Low free space (97.51 GB) under /diniuvol/yuyao/local_train_temp_cache; falling back to remote reads.
Epoch 12: train_loss=0.4805 train_acc=0.9594 test_loss=0.7837 test_acc=0.8145 test_fpr=0.1179 test_recall=0.7489 test_auroc=0.8789 train_fused_loss=0.2037 train_sensor_aux_loss=0.9227
[EvalSplit][FUSED][ALL][OVERALL] count=36826 acc=0.8145 fpr=0.1179 recall=0.7489 auroc=0.8789
[EvalSplit][FUSED][OVERLAP][OVERALL] count=6241 acc=0.7896 fpr=0.0863 recall=0.6797 auroc=0.8772
[EvalSplit][FUSED][SINGLE][OVERALL] count=30585 acc=0.8195 fpr=0.1240 recall=0.7638 auroc=0.8810
[EvalSplit][FUSED][ALL][SENSOR_S2] count=23781 acc=0.9087 fpr=0.1057 recall=0.9231 auroc=0.9578
[EvalSplit][FUSED][OVERLAP][SENSOR_S2] count=3647 acc=0.8758 fpr=0.0736 recall=0.8254 auroc=0.9468
[EvalSplit][FUSED][SINGLE][SENSOR_S2] count=20134 acc=0.9146 fpr=0.1115 recall=0.9408 auroc=0.9619
[EvalSplit][FUSED][ALL][SENSOR_L89] count=8460 acc=0.6726 fpr=0.1076 recall=0.4492 auroc=0.7633
[EvalSplit][FUSED][OVERLAP][SENSOR_L89] count=1886 acc=0.7333 fpr=0.0933 recall=0.5599 auroc=0.8560
[EvalSplit][FUSED][SINGLE][SENSOR_L89] count=6574 acc=0.6552 fpr=0.1117 recall=0.4172 auroc=0.7393
[EvalSplit][FUSED][ALL][SENSOR_S5P] count=7404 acc=0.7266 fpr=0.1504 recall=0.6161 auroc=0.7966
[EvalSplit][FUSED][OVERLAP][SENSOR_S5P] count=5088 acc=0.7899 fpr=0.0936 recall=0.6883 auroc=0.8621
[EvalSplit][FUSED][SINGLE][SENSOR_S5P] count=2316 acc=0.5877 fpr=0.2690 recall=0.4501 auroc=0.6282
[EvalSplit][FUSED][ALL][SENSOR_WV3] count=3518 acc=0.6600 fpr=0.1019 recall=0.4964 auroc=0.7926
[EvalSplit][FUSED][OVERLAP][SENSOR_WV3] count=1957 acc=0.6847 fpr=0.0797 recall=0.5293 auroc=0.8184
[EvalSplit][FUSED][SINGLE][SENSOR_WV3] count=1561 acc=0.6291 fpr=0.1282 recall=0.4536 auroc=0.7617
[EvalSplit][REF_SENSOR_HEAD][ALL][SENSOR_S2] count=23781 acc=0.9151 fpr=0.1187 recall=0.9490 auroc=0.9659
[EvalSplit][REF_SENSOR_HEAD][OVERLAP][SENSOR_S2] count=3647 acc=0.9090 fpr=0.1346 recall=0.9524 auroc=0.9638
[EvalSplit][REF_SENSOR_HEAD][SINGLE][SENSOR_S2] count=20134 acc=0.9162 fpr=0.1159 recall=0.9484 auroc=0.9663
[EvalSplit][REF_SENSOR_HEAD][ALL][SENSOR_L89] count=8460 acc=0.6615 fpr=0.1173 recall=0.4366 auroc=0.7402
[EvalSplit][REF_SENSOR_HEAD][OVERLAP][SENSOR_L89] count=1886 acc=0.6819 fpr=0.1241 recall=0.4878 auroc=0.7417
[EvalSplit][REF_SENSOR_HEAD][SINGLE][SENSOR_L89] count=6574 acc=0.6556 fpr=0.1153 recall=0.4218 auroc=0.7401
[EvalSplit][REF_SENSOR_HEAD][ALL][SENSOR_S5P] count=7404 acc=0.5660 fpr=0.2676 recall=0.4165 auroc=0.6254
[EvalSplit][REF_SENSOR_HEAD][OVERLAP][SENSOR_S5P] count=5088 acc=0.5468 fpr=0.2733 recall=0.3898 auroc=0.6167
[EvalSplit][REF_SENSOR_HEAD][SINGLE][SENSOR_S5P] count=2316 acc=0.6084 fpr=0.2557 recall=0.4780 auroc=0.6432
[EvalSplit][REF_SENSOR_HEAD][ALL][SENSOR_WV3] count=3518 acc=0.6549 fpr=0.1249 recall=0.5036 auroc=0.7571
[EvalSplit][REF_SENSOR_HEAD][OVERLAP][SENSOR_WV3] count=1957 acc=0.6673 fpr=0.1170 recall=0.5250 auroc=0.7479
[EvalSplit][REF_SENSOR_HEAD][SINGLE][SENSOR_WV3] count=1561 acc=0.6393 fpr=0.1344 recall=0.4757 auroc=0.7691
[Cache][Warn] Low free space (97.51 GB) under /diniuvol/yuyao/local_train_temp_cache; falling back to remote reads.
[Cache][Warn] Low free space (97.51 GB) under /diniuvol/yuyao/local_train_temp_cache; falling back to remote reads.
[Cache][Warn] Low free space (97.51 GB) under /diniuvol/yuyao/local_train_temp_cache; falling back to remote reads.
[Cache][Warn] Low free space (97.51 GB) under /diniuvol/yuyao/local_train_temp_cache; falling back to remote reads.
[Cache][Warn] Low free space (97.51 GB) under /diniuvol/yuyao/local_train_temp_cache; falling back to remote reads.
[Cache][Warn] Low free space (97.51 GB) under /diniuvol/yuyao/local_train_temp_cache; falling back to remote reads.
[Cache][Warn] Low free space (97.51 GB) under /diniuvol/yuyao/local_train_temp_cache; falling back to remote reads.
[Cache][Warn] Low free space (97.51 GB) under /diniuvol/yuyao/local_train_temp_cache; falling back to remote reads.
Epoch 13 step 50/4126 train_loss=0.4742 train_acc=0.9587 fused_loss=0.1757 sensor_aux_loss=0.6783 s2_loss=0.1839 l89_loss=0.1309 s5p_loss=0.1517 wv3_loss=0.2118
Epoch 13 step 100/4126 train_loss=0.4700 train_acc=0.9600 fused_loss=0.1774 sensor_aux_loss=0.8552 s2_loss=0.2631 l89_loss=0.1203 s5p_loss=0.1645 wv3_loss=0.3072
Epoch 13 step 150/4126 train_loss=0.4678 train_acc=0.9600 fused_loss=0.1718 sensor_aux_loss=1.2081 s2_loss=0.2223 l89_loss=0.1408 s5p_loss=0.3860 wv3_loss=0.4591
Epoch 13 step 200/4126 train_loss=0.4706 train_acc=0.9583 fused_loss=0.2431 sensor_aux_loss=1.0740 s2_loss=0.2878 l89_loss=0.2387 s5p_loss=0.2412 wv3_loss=0.3064
Epoch 13 step 250/4126 train_loss=0.4669 train_acc=0.9599 fused_loss=0.1433 sensor_aux_loss=0.7197 s2_loss=0.2659 l89_loss=0.1333 s5p_loss=0.1840 wv3_loss=0.1364
Epoch 13 step 300/4126 train_loss=0.4648 train_acc=0.9608 fused_loss=0.1602 sensor_aux_loss=0.6433 s2_loss=0.1310 l89_loss=0.1216 s5p_loss=0.1574 wv3_loss=0.2333
Epoch 13 step 350/4126 train_loss=0.4674 train_acc=0.9609 fused_loss=0.3447 sensor_aux_loss=1.4306 s2_loss=0.6658 l89_loss=0.1255 s5p_loss=0.2407 wv3_loss=0.3986
Epoch 13 step 400/4126 train_loss=0.4669 train_acc=0.9612 fused_loss=0.1686 sensor_aux_loss=0.8548 s2_loss=0.3901 l89_loss=0.1390 s5p_loss=0.1578 wv3_loss=0.1679
Epoch 13 step 450/4126 train_loss=0.4674 train_acc=0.9610 fused_loss=0.1514 sensor_aux_loss=0.9123 s2_loss=0.1884 l89_loss=0.1309 s5p_loss=0.4634 wv3_loss=0.1297
Epoch 13 step 500/4126 train_loss=0.4655 train_acc=0.9612 fused_loss=0.1657 sensor_aux_loss=0.8300 s2_loss=0.2851 l89_loss=0.1448 s5p_loss=0.2583 wv3_loss=0.1417
Epoch 13 step 550/4126 train_loss=0.4634 train_acc=0.9622 fused_loss=0.1488 sensor_aux_loss=0.6404 s2_loss=0.1458 l89_loss=0.1401 s5p_loss=0.1988 wv3_loss=0.1557
Epoch 13 step 600/4126 train_loss=0.4627 train_acc=0.9624 fused_loss=0.1709 sensor_aux_loss=0.8509 s2_loss=0.3012 l89_loss=0.2532 s5p_loss=0.1725 wv3_loss=0.1240
Epoch 13 step 650/4126 train_loss=0.4646 train_acc=0.9624 fused_loss=0.1384 sensor_aux_loss=0.5624 s2_loss=0.1445 l89_loss=0.1236 s5p_loss=0.1725 wv3_loss=0.1218
Traceback (most recent call last):
  File "/home/yuyao/panopticon/universal_models_fusion/multi_sensor_panopticon_4.py", line 2108, in <module>
    main(args)
  File "/home/yuyao/panopticon/universal_models_fusion/multi_sensor_panopticon_4.py", line 1634, in main
    for x_dict, labels, sensors, sample_to_row in train_loader:
  File "/home/yuyao/miniconda3/envs/panopticon/lib/python3.9/site-packages/torch/utils/data/dataloader.py", line 634, in __next__
    data = self._next_data()
  File "/home/yuyao/miniconda3/envs/panopticon/lib/python3.9/site-packages/torch/utils/data/dataloader.py", line 1326, in _next_data
    return self._process_data(data)
  File "/home/yuyao/miniconda3/envs/panopticon/lib/python3.9/site-packages/torch/utils/data/dataloader.py", line 1372, in _process_data
    data.reraise()
  File "/home/yuyao/miniconda3/envs/panopticon/lib/python3.9/site-packages/torch/_utils.py", line 644, in reraise
    raise exception
PermissionError: Caught PermissionError in DataLoader worker process 7.
Original Traceback (most recent call last):
  File "/home/yuyao/miniconda3/envs/panopticon/lib/python3.9/site-packages/torch/utils/data/_utils/worker.py", line 308, in _worker_loop
    data = fetcher.fetch(index)
  File "/home/yuyao/miniconda3/envs/panopticon/lib/python3.9/site-packages/torch/utils/data/_utils/fetch.py", line 51, in fetch
    data = [self.dataset[idx] for idx in possibly_batched_index]
  File "/home/yuyao/miniconda3/envs/panopticon/lib/python3.9/site-packages/torch/utils/data/_utils/fetch.py", line 51, in <listcomp>
    data = [self.dataset[idx] for idx in possibly_batched_index]
  File "/home/yuyao/panopticon/universal_models_fusion/multi_sensor_panopticon_4.py", line 853, in __getitem__
    x_dict = self._load_s5p_sample(row, cols[0])
  File "/home/yuyao/panopticon/universal_models_fusion/multi_sensor_panopticon_4.py", line 920, in _load_s5p_sample
    np_obj = np.load(path, allow_pickle=False)
  File "/home/yuyao/miniconda3/envs/panopticon/lib/python3.9/site-packages/numpy/lib/npyio.py", line 405, in load
    fid = stack.enter_context(open(os_fspath(file), "rb"))
PermissionError: [Errno 13] Permission denied: '/mnt/engg-leung/Research_No9_Methane_Emissions/Yuyao/Dataset/s5p_patches_3x3_to_224_offl_triplet/samples2/pos/tan20250326t053926c00s4001-A/s5p_pos_00.npz'

[1;34mwandb[0m: 
[1;34mwandb[0m: 🚀 View run [33mGeo universal overlap dataset include all 2025 (schema2)[0m at: [34m[0m
[1;34mwandb[0m: Find logs at: [1;35mwandb/run-20260401_053813-j71m081c/logs[0m
/home/yuyao/panopticon/dinov2/layers/swiglu_ffn.py:45: UserWarning: xFormers is disabled (SwiGLU)
  warnings.warn("xFormers is disabled (SwiGLU)")
/home/yuyao/panopticon/dinov2/layers/swiglu_ffn.py:51: UserWarning: xFormers is not available (SwiGLU)
  warnings.warn("xFormers is not available (SwiGLU)")
/home/yuyao/panopticon/dinov2/layers/attention.py:30: UserWarning: xFormers is disabled (Attention)
  warnings.warn("xFormers is disabled (Attention)")
/home/yuyao/panopticon/dinov2/layers/attention.py:34: UserWarning: xFormers is not available (Attention)
  warnings.warn("xFormers is not available (Attention)")
/home/yuyao/panopticon/dinov2/layers/block.py:35: UserWarning: xFormers is disabled (Block)
  warnings.warn("xFormers is disabled (Block)")
/home/yuyao/panopticon/dinov2/layers/block.py:40: UserWarning: xFormers is not available (Block)
  warnings.warn("xFormers is not available (Block)")
Traceback (most recent call last):
  File "/home/yuyao/panopticon/universal_models_fusion/multi_sensor_panopticon_4_nonlinear_loraadapter_sensor_specific_earlystopping.py", line 3829, in <module>
    main(args)
  File "/home/yuyao/panopticon/universal_models_fusion/multi_sensor_panopticon_4_nonlinear_loraadapter_sensor_specific_earlystopping.py", line 2733, in main
    base_train_ds = TriSensorTemporalCsvDataset(
  File "/home/yuyao/panopticon/universal_models_fusion/multi_sensor_panopticon_4_nonlinear_loraadapter_sensor_specific_earlystopping.py", line 835, in __init__
    super().__init__(*args, **kwargs)
  File "/home/yuyao/panopticon/dinov2/data/datasets/s2_csv.py", line 401, in __init__
    super().__init__(
  File "/home/yuyao/panopticon/dinov2/data/datasets/s2_csv.py", line 91, in __init__
    dfs = [pd.read_csv(p, low_memory=False) for p in csv_path]
  File "/home/yuyao/panopticon/dinov2/data/datasets/s2_csv.py", line 91, in <listcomp>
    dfs = [pd.read_csv(p, low_memory=False) for p in csv_path]
  File "/home/yuyao/miniconda3/envs/panopticon/lib/python3.9/site-packages/pandas/util/_decorators.py", line 211, in wrapper
    return func(*args, **kwargs)
  File "/home/yuyao/miniconda3/envs/panopticon/lib/python3.9/site-packages/pandas/util/_decorators.py", line 331, in wrapper
    return func(*args, **kwargs)
  File "/home/yuyao/miniconda3/envs/panopticon/lib/python3.9/site-packages/pandas/io/parsers/readers.py", line 950, in read_csv
    return _read(filepath_or_buffer, kwds)
  File "/home/yuyao/miniconda3/envs/panopticon/lib/python3.9/site-packages/pandas/io/parsers/readers.py", line 605, in _read
    parser = TextFileReader(filepath_or_buffer, **kwds)
  File "/home/yuyao/miniconda3/envs/panopticon/lib/python3.9/site-packages/pandas/io/parsers/readers.py", line 1442, in __init__
    self._engine = self._make_engine(f, self.engine)
  File "/home/yuyao/miniconda3/envs/panopticon/lib/python3.9/site-packages/pandas/io/parsers/readers.py", line 1735, in _make_engine
    self.handles = get_handle(
  File "/home/yuyao/miniconda3/envs/panopticon/lib/python3.9/site-packages/pandas/io/common.py", line 856, in get_handle
    handle = open(
PermissionError: [Errno 13] Permission denied: '/mnt/engg-leung/Research_No9_Methane_Emissions/Yuyao/finalDataset/manifest_multisensor_crop_scheme2_train_s5p_replaced_plus_s5p_only_old2025_s5p_balanced_by_plumeid.csv'
