plume_id,event_group_id,event_time,datetime,plume_latitude,plume_longitude,plume_bounds,plume_tif,t0_image_time,t0_product_name,t0_product_id,t0_download_needed,t0_download_target_raw_path,t0_raw_path,t0_local_status,t0_path_source,prev1_image_time,prev1_product_name,prev1_product_id,prev1_download_needed,prev1_download_target_raw_path,prev1_raw_path,prev1_local_status,prev1_path_source,prev2_image_time,prev2_product_name,prev2_product_id,prev2_download_needed,prev2_download_target_raw_path,prev2_raw_path,prev2_local_status,prev2_path_source,prev3_image_time,prev3_product_name,prev3_product_id,prev3_download_needed,prev3_download_target_raw_path,prev3_raw_path,prev3_local_status,prev3_path_source,seasonal_image_time,seasonal_product_name,seasonal_product_id,seasonal_download_needed,seasonal_download_target_raw_path,seasonal_raw_path,seasonal_local_status,seasonal_path_source,year_image_time,year_product_name,year_product_id,year_download_needed,year_download_target_raw_path,year_raw_path,year_local_status,year_path_source,planned_recrop_timepoints,projected_complete_after_recrop,already_complete,prev1_product_local_path,prev1_candidate_source,prev2_product_local_path,prev2_candidate_source,prev3_product_local_path,prev3_candidate_source,seasonal_product_local_path,seasonal_candidate_source,year_product_local_path,year_candidate_source,t0_product_local_path,t0_candidate_source
GAO20191026t152429p0000-B,GAO20191026t152429p0000,2019-10-26T15:24:29+00:00,2019-10-26T15:24:29+00:00,32.694322,-104.0897,"[-104.09943627262157, 32.69310646954115, -104.08795152599996, 32.702771230825235]",https://api.carbonmapper.org/api/v1/catalog/asset/l3a-vis-ch4-mf-v002/2019/10/26/GAO20191026t152429p0000-B/GAO20191026t152429p0000-B_l3a-vis-ch4-mf-v002_plume.tif,2019-10-26T15:24:29+00:00,,,0,,/mnt/engg-leung/Research_No9_Methane_Emissions/Yuyao/Dataset/plume_raw_s2_90360_fixed_512/GAO20191026t152429p0000-B/s2_std_512.tif,available,legacy_gee_correct_512,2019-10-23T17:34:01.024000+00:00,,,0,,/mnt/engg-niulab/yuyao/sensors_raw_data/S2_canonical_6510_local_safe_recrop_v4/prev1/GAO20191026t152429p0000-B/s2_-7.tif,available,local_safe_point_recrop_v4,2019-10-21T17:43:49.024000+00:00,S2B_MSIL2A_20191021T174349_N0500_R098_T13SES_20230616T024520.SAFE,7c388826-41cb-4329-9667-58c1451d37b6,1,/mnt/engg-niulab/yuyao/sensors_raw_data/S2_canonical_6510_local_safe_recrop_v4/prev2/GAO20191026t152429p0000-B/s2_prev2.tif,,missing,canonical_local_safe,2019-10-18T17:33:29.024000+00:00,,,0,,/mnt/engg-niulab/yuyao/sensors_raw_data/S2_canonical_6510_local_safe_recrop_v4/prev3/GAO20191026t152429p0000-B/s2_prev3.tif,available,local_safe_point_recrop_v4,2019-07-28T15:24:29+00:00,,,0,,/mnt/engg-leung/Research_No9_Methane_Emissions/Yuyao/Dataset/plume_raw_s2_90360_fixed_512/GAO20191026t152429p0000-B/s2_90_std_512.tif,available,legacy_gee_correct_512,2018-10-31T15:24:29+00:00,,,0,,/mnt/engg-leung/Research_No9_Methane_Emissions/Yuyao/Dataset/plume_raw_s2_90360_fixed_512/GAO20191026t152429p0000-B/s2_360_std_512.tif,available,legacy_gee_correct_512,prev2,1,0,,,/mnt/engg-niulab/yuyao/sensors_raw_data/S2/raw_data_dir_s2/S2B_MSIL2A_20191021T174349_N0500_R098_T13SES_20230616T024520.SAFE,download_manifest,,,,,,,,
GAO20210506t175942p0000-1,GAO20210506t175942p0000,2021-05-06T17:59:42+00:00,2021-05-06T17:59:42+00:00,30.00155401,-90.39188492,"[-90.39729835438737, 29.996646569241694, -90.39009973883812, 30.002849283152095]",https://api.carbonmapper.org/api/v1/catalog/asset/l3a-vis-ch4-mf-v002/2021/05/06/GAO20210506t175942p0000-1/GAO20210506t175942p0000-1_l3a-vis-ch4-mf-v002_plume.tif,2021-05-07T16:29:01.024000+00:00,S2A_MSIL2A_20210507T162901_N0500_R083_T15RYP_20230204T190511.SAFE,3c3adf42-cdfa-45c8-a81e-e90c46e94dd9,1,/mnt/engg-niulab/yuyao/sensors_raw_data/S2_canonical_6510_local_safe_recrop_v4/t0/GAO20210506t175942p0000-1/s2.tif,,missing,canonical_local_safe,2021-05-07T16:29:01.024000+00:00,S2A_MSIL2A_20210507T162901_N0500_R083_T15RYP_20230204T190511.SAFE,3c3adf42-cdfa-45c8-a81e-e90c46e94dd9,1,/mnt/engg-niulab/yuyao/sensors_raw_data/S2_canonical_6510_local_safe_recrop_v4/prev1/GAO20210506t175942p0000-1/s2_-7.tif,,missing,canonical_local_safe,2021-04-25T16:38:29.024000+00:00,,,0,,/mnt/engg-niulab/yuyao/sensors_raw_data/S2_canonical_6510_local_safe_recrop_v4/prev2/GAO20210506t175942p0000-1/s2_prev2.tif,available,local_safe_point_recrop_v4,2021-04-20T16:38:51.024000+00:00,,,0,,/mnt/engg-niulab/yuyao/sensors_raw_data/S2_canonical_6510_local_safe_recrop_v4/prev3/GAO20210506t175942p0000-1/s2_prev3.tif,available,local_safe_point_recrop_v4,2021-02-01T16:35:19.024000+00:00,,,0,,/mnt/engg-niulab/yuyao/sensors_raw_data/S2_canonical_6510_local_safe_recrop_v4/seasonal/GAO20210506t175942p0000-1/s2_-90.tif,available,local_safe_point_recrop_v4,2020-05-10T16:38:39.024000+00:00,,,0,,/mnt/engg-niulab/yuyao/sensors_raw_data/S2_canonical_6510_local_safe_recrop_v4/year/GAO20210506t175942p0000-1/s2_-360.tif,available,local_safe_point_recrop_v4,"t0,prev1",1,0,/mnt/engg-niulab/yuyao/sensors_raw_data/S2/raw_data_dir_s2/S2A_MSIL2A_20210507T162901_N0500_R083_T15RYP_20230204T190511.SAFE,download_manifest,,,,,,,,,/mnt/engg-niulab/yuyao/sensors_raw_data/S2/raw_data_dir_s2/S2A_MSIL2A_20210507T162901_N0500_R083_T15RYP_20230204T190511.SAFE,download_manifest
GAO20210521t155242p0000-2,GAO20210521t155242p0000,2021-05-21T15:52:42+00:00,2021-05-21T15:52:42+00:00,39.65596768,-80.14917301,"[-80.1514675121018, 39.65396382307766, -80.14486836260085, 39.659044404348485]",https://api.carbonmapper.org/api/v1/catalog/asset/l3a-vis-ch4-mf-v002/2021/05/21/GAO20210521t155242p0000-2/GAO20210521t155242p0000-2_l3a-vis-ch4-mf-v002_plume.tif,2021-05-21T15:52:42+00:00,,,0,,/mnt/engg-leung/Research_No9_Methane_Emissions/Yuyao/Dataset/plume_raw_s2_90360_fixed_512/GAO20210521t155242p0000-2/s2_std_512.tif,available,legacy_gee_correct_512,2021-05-18T15:59:01.024000+00:00,S2A_MSIL2A_20210518T155901_N0500_R097_T17TNE_20230219T122354.SAFE,c12b8411-e688-4fe8-a2d7-f0b856a004c7,1,/mnt/engg-niulab/yuyao/sensors_raw_data/S2_canonical_6510_local_safe_recrop_v4/prev1/GAO20210521t155242p0000-2/s2_-7.tif,,missing,canonical_local_safe,2021-05-18T15:59:01.024000+00:00,S2A_MSIL2A_20210518T155901_N0500_R097_T17TNE_20230219T122354.SAFE,c12b8411-e688-4fe8-a2d7-f0b856a004c7,1,/mnt/engg-niulab/yuyao/sensors_raw_data/S2_canonical_6510_local_safe_recrop_v4/prev2/GAO20210521t155242p0000-2/s2_prev2.tif,,missing,canonical_local_safe,2021-05-13T15:58:19.024000+00:00,,,0,,/mnt/engg-niulab/yuyao/sensors_raw_data/S2_canonical_6510_local_safe_recrop_v4/prev3/GAO20210521t155242p0000-2/s2_prev3.tif,available,local_safe_point_recrop_v4,2021-02-20T15:52:42+00:00,,,0,,/mnt/engg-leung/Research_No9_Methane_Emissions/Yuyao/Dataset/plume_raw_s2_90360_fixed_512/GAO20210521t155242p0000-2/s2_90_std_512.tif,available,legacy_gee_correct_512,2020-05-26T15:52:42+00:00,,,0,,/mnt/engg-leung/Research_No9_Methane_Emissions/Yuyao/Dataset/plume_raw_s2_90360_fixed_512/GAO20210521t155242p0000-2/s2_360_std_512.tif,available,legacy_gee_correct_512,"prev1,prev2",1,0,/mnt/engg-niulab/yuyao/sensors_raw_data/S2/raw_data_dir_s2/S2A_MSIL2A_20210518T155901_N0500_R097_T17TNE_20230219T122354.SAFE,legacy_minus7_manifest,/mnt/engg-niulab/yuyao/sensors_raw_data/S2/raw_data_dir_s2/S2A_MSIL2A_20210518T155901_N0500_R097_T17TNE_20230219T122354.SAFE,download_manifest,,,,,,,,
GAO20210810t154501p0000-B,GAO20210810t154501p0000,2021-08-10T15:45:01+00:00,2021-08-10T15:45:01+00:00,31.9945486,-101.78709,"[-101.78965723224164, 31.992870474449226, -101.78412331975008, 31.997523284995978]",https://api.carbonmapper.org/api/v1/catalog/asset/l3a-vis-ch4-mf-v002/2021/08/10/GAO20210810t154501p0000-B/GAO20210810t154501p0000-B_l3a-vis-ch4-mf-v002_plume.tif,2021-08-10T15:45:01+00:00,,,0,,/mnt/engg-leung/Research_No9_Methane_Emissions/Yuyao/Dataset/plume_raw_s2_90360_fixed_512/GAO20210810t154501p0000-B/s2_std_512.tif,available,legacy_gee_correct_512,2021-08-03T17:29:01.024000+00:00,S2A_MSIL2A_20210803T172901_N0500_R055_T14SKA_20230123T145453.SAFE,495186af-46cd-4cf6-8ab6-61aeafa43d09,1,/mnt/engg-niulab/yuyao/sensors_raw_data/S2_canonical_6510_local_safe_recrop_v4/prev1/GAO20210810t154501p0000-B/s2_-7.tif,,missing,canonical_local_safe,2021-08-03T17:29:01.024000+00:00,S2A_MSIL2A_20210803T172901_N0500_R055_T13SGR_20230123T145453.SAFE,79d5fd4b-347b-42c3-b571-4870c1907477,1,/mnt/engg-niulab/yuyao/sensors_raw_data/S2_canonical_6510_local_safe_recrop_v4/prev2/GAO20210810t154501p0000-B/s2_prev2.tif,,missing,canonical_local_safe,2021-07-31T17:19:01.024000+00:00,,,0,,/mnt/engg-niulab/yuyao/sensors_raw_data/S2_canonical_6510_local_safe_recrop_v4/prev3/GAO20210810t154501p0000-B/s2_prev3.tif,available,local_safe_point_recrop_v4,2021-05-12T15:45:01+00:00,,,0,,/mnt/engg-leung/Research_No9_Methane_Emissions/Yuyao/Dataset/plume_raw_s2_90360_fixed_512/GAO20210810t154501p0000-B/s2_90_std_512.tif,available,legacy_gee_correct_512,2020-08-15T15:45:01+00:00,,,0,,/mnt/engg-leung/Research_No9_Methane_Emissions/Yuyao/Dataset/plume_raw_s2_90360_fixed_512/GAO20210810t154501p0000-B/s2_360_std_512.tif,available,legacy_gee_correct_512,"prev1,prev2",1,0,/mnt/engg-leung/Research_No9_Methane_Emissions/Yuyao/raw_data_dir_S2/S2A_MSIL2A_20210803T172901_N0500_R055_T14SKA_20230123T145453.SAFE,legacy_minus7_manifest,/mnt/engg-leung/Research_No9_Methane_Emissions/Yuyao/raw_data_dir_S2/S2A_MSIL2A_20210803T172901_N0500_R055_T13SGR_20230123T145453.SAFE,download_manifest,,,,,,,,
GAO20220506t194111p0000-A,GAO20220506t194111p0000,2022-05-06T19:41:11+00:00,2022-05-06T19:41:11+00:00,30.000539,-90.397601,"[-90.39853778289115, 29.999321258943198, -90.39435670342996, 30.002973624008497]",https://api.carbonmapper.org/api/v1/catalog/asset/l3a-vis-ch4-mf-v002/2022/05/06/GAO20220506t194111p0000-A/GAO20220506t194111p0000-A_l3a-vis-ch4-mf-v002_plume.tif,2022-05-07T16:28:29.024000+00:00,S2B_MSIL2A_20220507T162829_N0510_R083_T15RYP_20240618T155356.SAFE,d14527a8-139d-4deb-97ff-d7d84163d094,1,/mnt/engg-niulab/yuyao/sensors_raw_data/S2_canonical_6510_local_safe_recrop_v4/t0/GAO20220506t194111p0000-A/s2.tif,,missing,canonical_local_safe,2022-05-07T16:28:29.024000+00:00,S2B_MSIL2A_20220507T162829_N0510_R083_T15RYP_20240618T155356.SAFE,d14527a8-139d-4deb-97ff-d7d84163d094,1,/mnt/engg-niulab/yuyao/sensors_raw_data/S2_canonical_6510_local_safe_recrop_v4/prev1/GAO20220506t194111p0000-A/s2_-7.tif,,missing,canonical_local_safe,2022-04-30T16:38:29.024000+00:00,,,0,,/mnt/engg-niulab/yuyao/sensors_raw_data/S2_canonical_6510_local_safe_recrop_v4/prev2/GAO20220506t194111p0000-A/s2_prev2.tif,available,local_safe_point_recrop_v4,2022-04-10T16:38:39.024000+00:00,,,0,,/mnt/engg-niulab/yuyao/sensors_raw_data/S2_canonical_6510_local_safe_recrop_v4/prev3/GAO20220506t194111p0000-A/s2_prev3.tif,available,local_safe_point_recrop_v4,2022-01-30T16:45:29.024000+00:00,,,0,,/mnt/engg-niulab/yuyao/sensors_raw_data/S2_canonical_6510_local_safe_recrop_v4/seasonal/GAO20220506t194111p0000-A/s2_-90.tif,available,local_safe_point_recrop_v4,2021-04-25T16:38:29.024000+00:00,,,0,,/mnt/engg-niulab/yuyao/sensors_raw_data/S2_canonical_6510_local_safe_recrop_v4/year/GAO20220506t194111p0000-A/s2_-360.tif,available,local_safe_point_recrop_v4,"t0,prev1",1,0,/mnt/engg-niulab/yuyao/sensors_raw_data/S2/raw_data_dir_s2/S2B_MSIL2A_20220507T162829_N0510_R083_T15RYP_20240618T155356.SAFE,download_manifest,,,,,,,,,/mnt/engg-niulab/yuyao/sensors_raw_data/S2/raw_data_dir_s2/S2B_MSIL2A_20220507T162829_N0510_R083_T15RYP_20240618T155356.SAFE,download_manifest
GAO20230430t173028p0000-A,GAO20230430t173028p0000,2023-04-30T17:30:28+00:00,2023-04-30T17:30:28+00:00,29.67935643020867,-94.9177689834817,"[-94.92071600854132, 29.675445079850526, -94.91068279809917, 29.684206924933076]",https://api.carbonmapper.org/api/v1/catalog/asset/l3a-vis-ch4-mf-v002/2023/04/30/GAO20230430t173028p0000-A/GAO20230430t173028p0000-A_l3a-vis-ch4-mf-v002_plume.tif,2023-05-01T16:58:49.024000+00:00,S2B_MSIL2A_20230501T165849_N0510_R069_T15RUN_20240831T081957.SAFE,f3c05f9c-fc91-43a0-bafb-49272b80ce2f,1,/mnt/engg-niulab/yuyao/sensors_raw_data/S2_canonical_6510_local_safe_recrop_v4/t0/GAO20230430t173028p0000-A/s2.tif,,missing,canonical_local_safe,2023-05-01T16:58:49.024000+00:00,S2B_MSIL2A_20230501T165849_N0510_R069_T15RUN_20240831T081957.SAFE,f3c05f9c-fc91-43a0-bafb-49272b80ce2f,1,/mnt/engg-niulab/yuyao/sensors_raw_data/S2_canonical_6510_local_safe_recrop_v4/prev1/GAO20230430t173028p0000-A/s2_-7.tif,,missing,canonical_local_safe,2023-04-28T16:48:49.024000+00:00,,,0,,/mnt/engg-niulab/yuyao/sensors_raw_data/S2_canonical_6510_local_safe_recrop_v4/prev2/GAO20230430t173028p0000-A/s2_prev2.tif,available,local_safe_point_recrop_v4,2023-04-13T16:48:41.024000+00:00,,,0,,/mnt/engg-niulab/yuyao/sensors_raw_data/S2_canonical_6510_local_safe_recrop_v4/prev3/GAO20230430t173028p0000-A/s2_prev3.tif,available,local_safe_point_recrop_v4,2023-01-26T17:06:01.024000+00:00,,,0,,/mnt/engg-niulab/yuyao/sensors_raw_data/S2_canonical_6510_local_safe_recrop_v4/seasonal/GAO20230430t173028p0000-A/s2_-90.tif,available,local_safe_point_recrop_v4,2022-04-28T16:48:51.024000+00:00,,,0,,/mnt/engg-niulab/yuyao/sensors_raw_data/S2_canonical_6510_local_safe_recrop_v4/year/GAO20230430t173028p0000-A/s2_-360.tif,available,local_safe_point_recrop_v4,"t0,prev1",1,0,/mnt/engg-niulab/yuyao/sensors_raw_data/S2/raw_data_dir_s2/S2B_MSIL2A_20230501T165849_N0510_R069_T15RUN_20240831T081957.SAFE,download_manifest,,,,,,,,,/mnt/engg-niulab/yuyao/sensors_raw_data/S2/raw_data_dir_s2/S2B_MSIL2A_20230501T165849_N0510_R069_T15RUN_20240831T081957.SAFE,download_manifest
GAO20230430t185208p0000-A,GAO20230430t185208p0000,2023-04-30T18:52:08+00:00,2023-04-30T18:52:08+00:00,29.681412813274804,-94.91721127406456,"[-94.92094847332075, 29.67743658992839, -94.91215650197836, 29.685074997968684]",https://api.carbonmapper.org/api/v1/catalog/asset/l3a-vis-ch4-mf-v002/2023/04/30/GAO20230430t185208p0000-A/GAO20230430t185208p0000-A_l3a-vis-ch4-mf-v002_plume.tif,2023-05-01T16:58:49.024000+00:00,S2B_MSIL2A_20230501T165849_N0510_R069_T15RUN_20240831T081957.SAFE,f3c05f9c-fc91-43a0-bafb-49272b80ce2f,1,/mnt/engg-niulab/yuyao/sensors_raw_data/S2_canonical_6510_local_safe_recrop_v4/t0/GAO20230430t185208p0000-A/s2.tif,,missing,canonical_local_safe,2023-05-01T16:58:49.024000+00:00,S2B_MSIL2A_20230501T165849_N0510_R069_T15RUN_20240831T081957.SAFE,f3c05f9c-fc91-43a0-bafb-49272b80ce2f,1,/mnt/engg-niulab/yuyao/sensors_raw_data/S2_canonical_6510_local_safe_recrop_v4/prev1/GAO20230430t185208p0000-A/s2_-7.tif,,missing,canonical_local_safe,2023-04-28T16:48:49.024000+00:00,,,0,,/mnt/engg-niulab/yuyao/sensors_raw_data/S2_canonical_6510_local_safe_recrop_v4/prev2/GAO20230430t185208p0000-A/s2_prev2.tif,available,local_safe_point_recrop_v4,2023-04-13T16:48:41.024000+00:00,,,0,,/mnt/engg-niulab/yuyao/sensors_raw_data/S2_canonical_6510_local_safe_recrop_v4/prev3/GAO20230430t185208p0000-A/s2_prev3.tif,available,local_safe_point_recrop_v4,2023-01-26T17:06:01.024000+00:00,,,0,,/mnt/engg-niulab/yuyao/sensors_raw_data/S2_canonical_6510_local_safe_recrop_v4/seasonal/GAO20230430t185208p0000-A/s2_-90.tif,available,local_safe_point_recrop_v4,2022-04-28T16:48:51.024000+00:00,,,0,,/mnt/engg-niulab/yuyao/sensors_raw_data/S2_canonical_6510_local_safe_recrop_v4/year/GAO20230430t185208p0000-A/s2_-360.tif,available,local_safe_point_recrop_v4,"t0,prev1",1,0,/mnt/engg-niulab/yuyao/sensors_raw_data/S2/raw_data_dir_s2/S2B_MSIL2A_20230501T165849_N0510_R069_T15RUN_20240831T081957.SAFE,download_manifest,,,,,,,,,/mnt/engg-niulab/yuyao/sensors_raw_data/S2/raw_data_dir_s2/S2B_MSIL2A_20230501T165849_N0510_R069_T15RUN_20240831T081957.SAFE,download_manifest
GAO20230430t185208p0000-B,GAO20230430t185208p0000,2023-04-30T18:52:08+00:00,2023-04-30T18:52:08+00:00,29.68089059579546,-94.91855571827828,"[-94.92094847332075, 29.67743658992839, -94.91215650197836, 29.685074997968684]",https://api.carbonmapper.org/api/v1/catalog/asset/l3a-vis-ch4-mf-v002/2023/04/30/GAO20230430t185208p0000-B/GAO20230430t185208p0000-B_l3a-vis-ch4-mf-v002_plume.tif,2023-05-01T16:58:49.024000+00:00,S2B_MSIL2A_20230501T165849_N0510_R069_T15RUN_20240831T081957.SAFE,f3c05f9c-fc91-43a0-bafb-49272b80ce2f,1,/mnt/engg-niulab/yuyao/sensors_raw_data/S2_canonical_6510_local_safe_recrop_v4/t0/GAO20230430t185208p0000-B/s2.tif,,missing,canonical_local_safe,2023-05-01T16:58:49.024000+00:00,S2B_MSIL2A_20230501T165849_N0510_R069_T15RUN_20240831T081957.SAFE,f3c05f9c-fc91-43a0-bafb-49272b80ce2f,1,/mnt/engg-niulab/yuyao/sensors_raw_data/S2_canonical_6510_local_safe_recrop_v4/prev1/GAO20230430t185208p0000-B/s2_-7.tif,,missing,canonical_local_safe,2023-04-28T16:48:49.024000+00:00,,,0,,/mnt/engg-niulab/yuyao/sensors_raw_data/S2_canonical_6510_local_safe_recrop_v4/prev2/GAO20230430t185208p0000-B/s2_prev2.tif,available,local_safe_point_recrop_v4,2023-04-13T16:48:41.024000+00:00,,,0,,/mnt/engg-niulab/yuyao/sensors_raw_data/S2_canonical_6510_local_safe_recrop_v4/prev3/GAO20230430t185208p0000-B/s2_prev3.tif,available,local_safe_point_recrop_v4,2023-01-26T17:06:01.024000+00:00,,,0,,/mnt/engg-niulab/yuyao/sensors_raw_data/S2_canonical_6510_local_safe_recrop_v4/seasonal/GAO20230430t185208p0000-B/s2_-90.tif,available,local_safe_point_recrop_v4,2022-04-28T16:48:51.024000+00:00,,,0,,/mnt/engg-niulab/yuyao/sensors_raw_data/S2_canonical_6510_local_safe_recrop_v4/year/GAO20230430t185208p0000-B/s2_-360.tif,available,local_safe_point_recrop_v4,"t0,prev1",1,0,/mnt/engg-niulab/yuyao/sensors_raw_data/S2/raw_data_dir_s2/S2B_MSIL2A_20230501T165849_N0510_R069_T15RUN_20240831T081957.SAFE,download_manifest,,,,,,,,,/mnt/engg-niulab/yuyao/sensors_raw_data/S2/raw_data_dir_s2/S2B_MSIL2A_20230501T165849_N0510_R069_T15RUN_20240831T081957.SAFE,download_manifest
GAO20230824t185535p0000-H,GAO20230824t185535p0000,2023-08-24T18:55:35+00:00,2023-08-24T18:55:35+00:00,31.64692373340641,-101.90558170543945,"[-101.9081239167078, 31.64566763388616, -101.9019975447185, 31.65083796518371]",https://api.carbonmapper.org/api/v1/catalog/asset/l3a-vis-ch4-mf-v002/2023/08/24/GAO20230824t185535p0000-H/GAO20230824t185535p0000-H_l3a-vis-ch4-mf-v002_plume.tif,2023-08-25T17:18:59.024000+00:00,,,0,,/mnt/engg-niulab/yuyao/sensors_raw_data/S2_canonical_6510_local_safe_recrop_v4/t0/GAO20230824t185535p0000-H/s2.tif,available,local_safe_point_recrop_v4,2023-08-25T17:18:59.024000+00:00,,,0,,/mnt/engg-niulab/yuyao/sensors_raw_data/S2_canonical_6510_local_safe_recrop_v4/prev1/GAO20230824t185535p0000-H/s2_-7.tif,available,local_safe_point_recrop_v4,2023-08-20T17:19:01.024000+00:00,,,0,,/mnt/engg-niulab/yuyao/sensors_raw_data/S2_canonical_6510_local_safe_recrop_v4/prev2/GAO20230824t185535p0000-H/s2_prev2.tif,available,local_safe_point_recrop_v4,2023-08-18T17:28:59.024000+00:00,,,0,,/mnt/engg-niulab/yuyao/sensors_raw_data/S2_canonical_6510_local_safe_recrop_v4/prev3/GAO20230824t185535p0000-H/s2_prev3.tif,available,local_safe_point_recrop_v4,2023-05-22T17:30:41.024000+00:00,,,0,,/mnt/engg-niulab/yuyao/sensors_raw_data/S2_canonical_6510_local_safe_recrop_v4/seasonal/GAO20230824t185535p0000-H/s2_-90.tif,available,local_safe_point_recrop_v4,2022-08-28T17:29:11.024000+00:00,S2A_MSIL2A_20220828T172911_N0510_R055_T13SGR_20240710T191125.SAFE,79cd00e7-87e0-4219-8b73-03e1ebdeab83,1,/mnt/engg-niulab/yuyao/sensors_raw_data/S2_canonical_6510_local_safe_recrop_v4/year/GAO20230824t185535p0000-H/s2_-360.tif,,missing,canonical_local_safe,year,1,0,,,,,,,,,/mnt/engg-niulab/yuyao/sensors_raw_data/S2/raw_data_dir_s2/S2A_MSIL2A_20220828T172911_N0510_R055_T13SGR_20240710T191125.SAFE,download_manifest,,
GAO20240509t172110p0000-A,GAO20240509t172110p0000,2024-05-09T17:21:10+00:00,2024-05-09T17:21:10+00:00,32.84407823623418,-104.06179766015318,"[-104.06447694927805, 32.84147716970757, -104.05842526845359, 32.84656149038156]",https://api.carbonmapper.org/api/v1/catalog/asset/l3a-vis-ch4-mf-v002/2024/05/09/GAO20240509t172110p0000-A/GAO20240509t172110p0000-A_l3a-vis-ch4-mf-v002_plume.tif,2024-05-09T17:21:10+00:00,,,0,,/mnt/engg-leung/Research_No9_Methane_Emissions/Yuyao/Dataset/plume_raw_s2_90360_fixed_512/GAO20240509t172110p0000-A/s2_std_512.tif,available,legacy_gee_correct_512,2024-05-07T17:39:09.024000+00:00,,,0,,/mnt/engg-niulab/yuyao/sensors_raw_data/S2_canonical_6510_local_safe_recrop_v4/prev1/GAO20240509t172110p0000-A/s2_-7.tif,available,local_safe_point_recrop_v4,2024-05-07T17:39:09.024000+00:00,,,0,,/mnt/engg-niulab/yuyao/sensors_raw_data/S2_canonical_6510_local_safe_recrop_v4/prev2/GAO20240509t172110p0000-A/s2_prev2.tif,available,local_safe_point_recrop_v4,2024-05-02T17:39:11.024000+00:00,S2A_MSIL2A_20240502T173911_N0510_R098_T13SES_20240503T004651.SAFE,13ec304d-e34c-4586-bb5a-573f35755caa,1,/mnt/engg-niulab/yuyao/sensors_raw_data/S2_canonical_6510_local_safe_recrop_v4/prev3/GAO20240509t172110p0000-A/s2_prev3.tif,,missing,canonical_local_safe,2024-02-09T17:21:10+00:00,,,0,,/mnt/engg-leung/Research_No9_Methane_Emissions/Yuyao/Dataset/plume_raw_s2_90360_fixed_512/GAO20240509t172110p0000-A/s2_90_std_512.tif,available,legacy_gee_correct_512,2023-05-15T17:21:10+00:00,,,0,,/mnt/engg-leung/Research_No9_Methane_Emissions/Yuyao/Dataset/plume_raw_s2_90360_fixed_512/GAO20240509t172110p0000-A/s2_360_std_512.tif,available,legacy_gee_correct_512,prev3,1,0,,,,,/mnt/engg-niulab/yuyao/sensors_raw_data/S2/raw_data_dir_s2/S2A_MSIL2A_20240502T173911_N0510_R098_T13SES_20240503T004651.SAFE,download_manifest,,,,,,
ang20170908t193821-A,ang20170908t193821,2017-09-08T19:38:21+00:00,2017-09-08T19:38:21+00:00,35.39841305,-119.1764741,"[-119.17887332695966, 35.39666214676538, -119.17503459097604, 35.39976430125398]",https://api.carbonmapper.org/api/v1/catalog/asset/l3a-vis-ch4-mf-v002/2017/09/08/ang20170908t193821-A/ang20170908t193821-A_l3a-vis-ch4-mf-v002_plume.tif,2017-09-09T18:40:49.027000+00:00,,,0,,/mnt/engg-niulab/yuyao/sensors_raw_data/S2_canonical_6510_local_safe_recrop_v4/t0/ang20170908t193821-A/s2.tif,available,local_safe_point_recrop_v4,2017-09-09T18:40:49.027000+00:00,,,0,,/mnt/engg-niulab/yuyao/sensors_raw_data/S2_canonical_6510_local_safe_recrop_v4/prev1/ang20170908t193821-A/s2_-7.tif,available,local_safe_point_recrop_v4,2017-09-06T18:44:19.027000+00:00,S2B_MSIL2A_20170906T184419_N0500_R027_T11SKV_20230729T080518.SAFE,00dea230-c27f-437f-8385-2f6e8ca438a1,1,/mnt/engg-niulab/yuyao/sensors_raw_data/S2_canonical_6510_local_safe_recrop_v4/prev2/ang20170908t193821-A/s2_prev2.tif,,missing,canonical_local_safe,2017-09-01T18:29:21.026000+00:00,,,0,,/mnt/engg-niulab/yuyao/sensors_raw_data/S2_canonical_6510_local_safe_recrop_v4/prev3/ang20170908t193821-A/s2_prev3.tif,available,local_safe_point_recrop_v4,2017-06-06T18:39:21.026000+00:00,,,0,,/mnt/engg-niulab/yuyao/sensors_raw_data/S2_canonical_6510_local_safe_recrop_v4/seasonal/ang20170908t193821-A/s2_-90.tif,available,local_safe_point_recrop_v4,2016-09-09T18:54:32.026000+00:00,,,0,,/mnt/engg-niulab/yuyao/sensors_raw_data/S2_canonical_6510_local_safe_recrop_v4/year/ang20170908t193821-A/s2_-360.tif,available,local_safe_point_recrop_v4,prev2,1,0,,,/mnt/engg-niulab/yuyao/sensors_raw_data/S2/raw_data_dir_s2/S2B_MSIL2A_20170906T184419_N0500_R027_T11SKV_20230729T080518.SAFE,download_manifest,,,,,,,,
ang20171013t193251-A,ang20171013t193251,2017-10-13T19:32:51+00:00,2017-10-13T19:32:51+00:00,35.36895,-119.181273,"[-119.18236435466447, 35.36679092888611, -119.17856019993529, 35.36989301828259]",https://api.carbonmapper.org/api/v1/catalog/asset/l3a-vis-ch4-mf-v002/2017/10/13/ang20171013t193251-A/ang20171013t193251-A_l3a-vis-ch4-mf-v002_plume.tif,2017-10-14T18:54:31.026000+00:00,,,0,,/mnt/engg-niulab/yuyao/sensors_raw_data/S2_canonical_6510_local_safe_recrop_v4/t0/ang20171013t193251-A/s2.tif,available,local_safe_point_recrop_v4,2017-10-14T18:54:31.026000+00:00,,,0,,/mnt/engg-niulab/yuyao/sensors_raw_data/S2_canonical_6510_local_safe_recrop_v4/prev1/ang20171013t193251-A/s2_-7.tif,available,local_safe_point_recrop_v4,2017-10-11T18:33:11.026000+00:00,,,0,,/mnt/engg-niulab/yuyao/sensors_raw_data/S2_canonical_6510_local_safe_recrop_v4/prev2/ang20171013t193251-A/s2_prev2.tif,available,local_safe_point_recrop_v4,2017-10-09T18:54:19.027000+00:00,,,0,,/mnt/engg-niulab/yuyao/sensors_raw_data/S2_canonical_6510_local_safe_recrop_v4/prev3/ang20171013t193251-A/s2_prev3.tif,available,local_safe_point_recrop_v4,2017-07-13T18:44:31.026000+00:00,S2A_MSIL2A_20170713T184431_N0500_R027_T11SKV_20230818T181739.SAFE,2217966a-377f-4b31-b0f3-7fe5490cd5ce,1,/mnt/engg-niulab/yuyao/sensors_raw_data/S2_canonical_6510_local_safe_recrop_v4/seasonal/ang20171013t193251-A/s2_-90.tif,,missing,canonical_local_safe,2016-10-09T18:43:02.026000+00:00,,,0,,/mnt/engg-niulab/yuyao/sensors_raw_data/S2_canonical_6510_local_safe_recrop_v4/year/ang20171013t193251-A/s2_-360.tif,available,local_safe_point_recrop_v4,seasonal,1,0,,,,,,,/mnt/engg-niulab/yuyao/sensors_raw_data/S2/raw_data_dir_s2/S2A_MSIL2A_20170713T184431_N0500_R027_T11SKV_20230818T181739.SAFE,download_manifest,,,,
ang20190924t181121-C,ang20190924t181121,2019-09-24T18:11:21+00:00,2019-09-24T18:11:21+00:00,31.86931,-101.824257,"[-101.82806613814391, 31.867616381218717, -101.8164301066738, 31.877497986473504]",https://api.carbonmapper.org/api/v1/catalog/asset/l3a-vis-ch4-mf-v002/2019/09/24/ang20190924t181121-C/ang20190924t181121-C_l3a-vis-ch4-mf-v002_plume.tif,2019-09-25T17:20:49.024000+00:00,,,0,,/mnt/engg-niulab/yuyao/sensors_raw_data/S2_canonical_6510_local_safe_recrop_v4/t0/ang20190924t181121-C/s2.tif,available,local_safe_point_recrop_v4,2019-09-25T17:20:49.024000+00:00,,,0,,/mnt/engg-niulab/yuyao/sensors_raw_data/S2_canonical_6510_local_safe_recrop_v4/prev1/ang20190924t181121-C/s2_-7.tif,available,local_safe_point_recrop_v4,2019-09-20T17:20:11.024000+00:00,,,0,,/mnt/engg-niulab/yuyao/sensors_raw_data/S2_canonical_6510_local_safe_recrop_v4/prev2/ang20190924t181121-C/s2_prev2.tif,available,local_safe_point_recrop_v4,2019-09-18T17:29:59.024000+00:00,,,0,,/mnt/engg-niulab/yuyao/sensors_raw_data/S2_canonical_6510_local_safe_recrop_v4/prev3/ang20190924t181121-C/s2_prev3.tif,available,local_safe_point_recrop_v4,2019-06-25T17:29:01.024000+00:00,S2A_MSIL2A_20190625T172901_N0500_R055_T13SGR_20230628T014341.SAFE,7991ef8e-f3a0-4709-b7dc-ea3b243c6d3e,1,/mnt/engg-niulab/yuyao/sensors_raw_data/S2_canonical_6510_local_safe_recrop_v4/seasonal/ang20190924t181121-C/s2_-90.tif,,missing,canonical_local_safe,2018-09-25T17:20:41.024000+00:00,,,0,,/mnt/engg-niulab/yuyao/sensors_raw_data/S2_canonical_6510_local_safe_recrop_v4/year/ang20190924t181121-C/s2_-360.tif,available,local_safe_point_recrop_v4,seasonal,1,0,,,,,,,/mnt/engg-niulab/yuyao/sensors_raw_data/S2/raw_data_dir_s2/S2A_MSIL2A_20190625T172901_N0500_R055_T13SGR_20230628T014341.SAFE,download_manifest,,,,
ang20191010t155034-E,ang20191010t155034,2019-10-10T15:50:34+00:00,2019-10-10T15:50:34+00:00,31.869294,-101.824531,"[-101.82846457188768, 31.866537528962247, -101.81925335390387, 31.874360101707385]",https://api.carbonmapper.org/api/v1/catalog/asset/l3a-vis-ch4-mf-v002/2019/10/10/ang20191010t155034-E/ang20191010t155034-E_l3a-vis-ch4-mf-v002_plume.tif,2019-10-10T17:22:31.024000+00:00,,,0,,/mnt/engg-niulab/yuyao/sensors_raw_data/S2_canonical_6510_local_safe_recrop_v4/t0/ang20191010t155034-E/s2.tif,available,local_safe_point_recrop_v4,2019-10-10T17:22:31.024000+00:00,,,0,,/mnt/engg-niulab/yuyao/sensors_raw_data/S2_canonical_6510_local_safe_recrop_v4/prev1/ang20191010t155034-E/s2_-7.tif,available,local_safe_point_recrop_v4,2019-10-08T17:32:19.024000+00:00,,,0,,/mnt/engg-niulab/yuyao/sensors_raw_data/S2_canonical_6510_local_safe_recrop_v4/prev2/ang20191010t155034-E/s2_prev2.tif,available,local_safe_point_recrop_v4,2019-10-05T17:21:59.024000+00:00,,,0,,/mnt/engg-niulab/yuyao/sensors_raw_data/S2_canonical_6510_local_safe_recrop_v4/prev3/ang20191010t155034-E/s2_prev3.tif,available,local_safe_point_recrop_v4,2019-06-25T17:29:01.024000+00:00,S2A_MSIL2A_20190625T172901_N0500_R055_T14SKA_20230628T014341.SAFE,7fffaf33-95d3-4f0d-8ac3-ea9f011b96a0,1,/mnt/engg-niulab/yuyao/sensors_raw_data/S2_canonical_6510_local_safe_recrop_v4/seasonal/ang20191010t155034-E/s2_-90.tif,,missing,canonical_local_safe,2018-10-10T17:22:29.024000+00:00,,,0,,/mnt/engg-niulab/yuyao/sensors_raw_data/S2_canonical_6510_local_safe_recrop_v4/year/ang20191010t155034-E/s2_-360.tif,available,local_safe_point_recrop_v4,seasonal,1,0,,,,,,,/mnt/engg-niulab/yuyao/sensors_raw_data/S2/raw_data_dir_s2/S2A_MSIL2A_20190625T172901_N0500_R055_T14SKA_20230628T014341.SAFE,download_manifest,,,,
ang20191013t152730-11,ang20191013t152730,2019-10-13T15:27:30+00:00,2019-10-13T15:27:30+00:00,32.2985609,-104.209062,"[-104.21209985741906, 32.29489404309026, -104.20686170071765, 32.29932179830304]",https://api.carbonmapper.org/api/v1/catalog/asset/l3a-vis-ch4-mf-v002/2019/10/13/ang20191013t152730-11/ang20191013t152730-11_l3a-vis-ch4-mf-v002_plume.tif,2019-10-13T17:33:01.024000+00:00,,,0,,/mnt/engg-niulab/yuyao/sensors_raw_data/S2_canonical_6510_local_safe_recrop_v4/t0/ang20191013t152730-11/s2.tif,available,local_safe_point_recrop_v4,2019-10-13T17:33:01.024000+00:00,,,0,,/mnt/engg-niulab/yuyao/sensors_raw_data/S2_canonical_6510_local_safe_recrop_v4/prev1/ang20191013t152730-11/s2_-7.tif,available,local_safe_point_recrop_v4,2019-10-11T17:42:49.024000+00:00,S2B_MSIL2A_20191011T174249_N0500_R098_T13SER_20230615T141506.SAFE,19f92fec-850f-4cb6-80d4-da68e9672e4b,1,/mnt/engg-niulab/yuyao/sensors_raw_data/S2_canonical_6510_local_safe_recrop_v4/prev2/ang20191013t152730-11/s2_prev2.tif,,missing,canonical_local_safe,2019-09-28T17:31:09.024000+00:00,,,0,,/mnt/engg-niulab/yuyao/sensors_raw_data/S2_canonical_6510_local_safe_recrop_v4/prev3/ang20191013t152730-11/s2_prev3.tif,available,local_safe_point_recrop_v4,2019-07-10T17:29:09.024000+00:00,,,0,,/mnt/engg-niulab/yuyao/sensors_raw_data/S2_canonical_6510_local_safe_recrop_v4/seasonal/ang20191013t152730-11/s2_-90.tif,available,local_safe_point_recrop_v4,2018-10-08T17:32:21.024000+00:00,,,0,,/mnt/engg-niulab/yuyao/sensors_raw_data/S2_canonical_6510_local_safe_recrop_v4/year/ang20191013t152730-11/s2_-360.tif,available,local_safe_point_recrop_v4,prev2,1,0,,,/mnt/engg-niulab/yuyao/sensors_raw_data/S2/raw_data_dir_s2/S2B_MSIL2A_20191011T174249_N0500_R098_T13SER_20230615T141506.SAFE,download_manifest,,,,,,,,
ang20191013t152730-A,ang20191013t152730,2019-10-13T15:27:30+00:00,2019-10-13T15:27:30+00:00,32.311602,-104.204442,"[-104.20784212915287, 32.30881036049151, -104.20277769534677, 32.31305371791275]",https://api.carbonmapper.org/api/v1/catalog/asset/l3a-vis-ch4-mf-v002/2019/10/13/ang20191013t152730-A/ang20191013t152730-A_l3a-vis-ch4-mf-v002_plume.tif,2019-10-13T17:33:01.024000+00:00,,,0,,/mnt/engg-niulab/yuyao/sensors_raw_data/S2_canonical_6510_local_safe_recrop_v4/t0/ang20191013t152730-A/s2.tif,available,local_safe_point_recrop_v4,2019-10-13T17:33:01.024000+00:00,,,0,,/mnt/engg-niulab/yuyao/sensors_raw_data/S2_canonical_6510_local_safe_recrop_v4/prev1/ang20191013t152730-A/s2_-7.tif,available,local_safe_point_recrop_v4,2019-10-11T17:42:49.024000+00:00,S2B_MSIL2A_20191011T174249_N0500_R098_T13SER_20230615T141506.SAFE,19f92fec-850f-4cb6-80d4-da68e9672e4b,1,/mnt/engg-niulab/yuyao/sensors_raw_data/S2_canonical_6510_local_safe_recrop_v4/prev2/ang20191013t152730-A/s2_prev2.tif,,missing,canonical_local_safe,2019-09-28T17:31:09.024000+00:00,,,0,,/mnt/engg-niulab/yuyao/sensors_raw_data/S2_canonical_6510_local_safe_recrop_v4/prev3/ang20191013t152730-A/s2_prev3.tif,available,local_safe_point_recrop_v4,2019-07-10T17:29:09.024000+00:00,,,0,,/mnt/engg-niulab/yuyao/sensors_raw_data/S2_canonical_6510_local_safe_recrop_v4/seasonal/ang20191013t152730-A/s2_-90.tif,available,local_safe_point_recrop_v4,2018-10-08T17:32:21.024000+00:00,,,0,,/mnt/engg-niulab/yuyao/sensors_raw_data/S2_canonical_6510_local_safe_recrop_v4/year/ang20191013t152730-A/s2_-360.tif,available,local_safe_point_recrop_v4,prev2,1,0,,,/mnt/engg-niulab/yuyao/sensors_raw_data/S2/raw_data_dir_s2/S2B_MSIL2A_20191011T174249_N0500_R098_T13SER_20230615T141506.SAFE,download_manifest,,,,,,,,
ang20191013t152730-B,ang20191013t152730,2019-10-13T15:27:30+00:00,2019-10-13T15:27:30+00:00,32.309077,-104.207384,"[-104.20999486615116, 32.30664196097086, -104.20506164231664, 32.31084832230102]",https://api.carbonmapper.org/api/v1/catalog/asset/l3a-vis-ch4-mf-v002/2019/10/13/ang20191013t152730-B/ang20191013t152730-B_l3a-vis-ch4-mf-v002_plume.tif,2019-10-13T17:33:01.024000+00:00,,,0,,/mnt/engg-niulab/yuyao/sensors_raw_data/S2_canonical_6510_local_safe_recrop_v4/t0/ang20191013t152730-B/s2.tif,available,local_safe_point_recrop_v4,2019-10-13T17:33:01.024000+00:00,,,0,,/mnt/engg-niulab/yuyao/sensors_raw_data/S2_canonical_6510_local_safe_recrop_v4/prev1/ang20191013t152730-B/s2_-7.tif,available,local_safe_point_recrop_v4,2019-10-11T17:42:49.024000+00:00,S2B_MSIL2A_20191011T174249_N0500_R098_T13SER_20230615T141506.SAFE,19f92fec-850f-4cb6-80d4-da68e9672e4b,1,/mnt/engg-niulab/yuyao/sensors_raw_data/S2_canonical_6510_local_safe_recrop_v4/prev2/ang20191013t152730-B/s2_prev2.tif,,missing,canonical_local_safe,2019-09-28T17:31:09.024000+00:00,,,0,,/mnt/engg-niulab/yuyao/sensors_raw_data/S2_canonical_6510_local_safe_recrop_v4/prev3/ang20191013t152730-B/s2_prev3.tif,available,local_safe_point_recrop_v4,2019-07-10T17:29:09.024000+00:00,,,0,,/mnt/engg-niulab/yuyao/sensors_raw_data/S2_canonical_6510_local_safe_recrop_v4/seasonal/ang20191013t152730-B/s2_-90.tif,available,local_safe_point_recrop_v4,2018-10-08T17:32:21.024000+00:00,,,0,,/mnt/engg-niulab/yuyao/sensors_raw_data/S2_canonical_6510_local_safe_recrop_v4/year/ang20191013t152730-B/s2_-360.tif,available,local_safe_point_recrop_v4,prev2,1,0,,,/mnt/engg-niulab/yuyao/sensors_raw_data/S2/raw_data_dir_s2/S2B_MSIL2A_20191011T174249_N0500_R098_T13SER_20230615T141506.SAFE,download_manifest,,,,,,,,
ang20200724t212216-1,ang20200724t212216,2020-07-24T21:22:16+00:00,2020-07-24T21:22:16+00:00,35.2164081,-119.21347,"[-119.21526307762633, 35.214342170314154, -119.21130531004252, 35.21754773045144]",https://api.carbonmapper.org/api/v1/catalog/asset/l3a-vis-ch4-mf-v002/2020/07/24/ang20200724t212216-1/ang20200724t212216-1_l3a-vis-ch4-mf-v002_plume.tif,2020-07-25T18:39:19.024000+00:00,,,0,,/mnt/engg-niulab/yuyao/sensors_raw_data/S2_canonical_6510_local_safe_recrop_v4/t0/ang20200724t212216-1/s2.tif,available,local_safe_point_recrop_v4,2020-07-25T18:39:19.024000+00:00,,,0,,/mnt/engg-niulab/yuyao/sensors_raw_data/S2_canonical_6510_local_safe_recrop_v4/prev1/ang20200724t212216-1/s2_-7.tif,available,local_safe_point_recrop_v4,2020-07-22T18:29:19.024000+00:00,S2B_MSIL2A_20200722T182919_N0500_R027_T11SKU_20230324T082228.SAFE,90fa95fd-d3fc-471b-9d03-66640b6fcc30,1,/mnt/engg-niulab/yuyao/sensors_raw_data/S2_canonical_6510_local_safe_recrop_v4/prev2/ang20200724t212216-1/s2_prev2.tif,,missing,canonical_local_safe,2020-07-20T18:39:21.024000+00:00,,,0,,/mnt/engg-niulab/yuyao/sensors_raw_data/S2_canonical_6510_local_safe_recrop_v4/prev3/ang20200724t212216-1/s2_prev3.tif,available,local_safe_point_recrop_v4,2020-04-23T18:29:09.024000+00:00,S2B_MSIL2A_20200423T182909_N0500_R027_T11SKV_20230410T035802.SAFE,4ea19c51-5f3c-4828-bbbd-a89663e736ca,1,/mnt/engg-niulab/yuyao/sensors_raw_data/S2_canonical_6510_local_safe_recrop_v4/seasonal/ang20200724t212216-1/s2_-90.tif,,missing,canonical_local_safe,2019-07-28T18:29:29.024000+00:00,,,0,,/mnt/engg-niulab/yuyao/sensors_raw_data/S2_canonical_6510_local_safe_recrop_v4/year/ang20200724t212216-1/s2_-360.tif,available,local_safe_point_recrop_v4,"prev2,seasonal",1,0,,,/mnt/engg-niulab/yuyao/sensors_raw_data/S2/raw_data_dir_s2/S2B_MSIL2A_20200722T182919_N0500_R027_T11SKU_20230324T082228.SAFE,download_manifest,,,/mnt/engg-niulab/yuyao/sensors_raw_data/S2/raw_data_dir_s2/S2B_MSIL2A_20200423T182909_N0500_R027_T11SKV_20230410T035802.SAFE,download_manifest,,,,
ang20220501t170235-A,ang20220501t170235,2022-05-01T17:02:35+00:00,2022-05-01T17:02:35+00:00,36.549759,-107.914908,"[-107.91763382025717, 36.54797079044732, -107.91114438744687, 36.55313901647924]",https://api.carbonmapper.org/api/v1/catalog/asset/l3a-vis-ch4-mf-v002/2022/05/01/ang20220501t170235-A/ang20220501t170235-A_l3a-vis-ch4-mf-v002_plume.tif,2022-05-01T17:02:35+00:00,,,0,,/mnt/engg-leung/Research_No9_Methane_Emissions/Yuyao/Dataset/plume_raw_s2_90360_fixed_512/ang20220501t170235-A/s2_std_512.tif,available,legacy_gee_correct_512,2022-04-24T17:59:09.024000+00:00,S2B_MSIL2A_20220424T175909_N0510_R041_T12SYF_20240605T103110.SAFE,62bc36b5-9a9c-4c8f-8219-3e270b7eb25e,1,/mnt/engg-niulab/yuyao/sensors_raw_data/S2_canonical_6510_local_safe_recrop_v4/prev1/ang20220501t170235-A/s2_-7.tif,,missing,canonical_local_safe,2022-04-24T17:59:09.024000+00:00,S2B_MSIL2A_20220424T175909_N0510_R041_T12SYF_20240605T103110.SAFE,62bc36b5-9a9c-4c8f-8219-3e270b7eb25e,1,/mnt/engg-niulab/yuyao/sensors_raw_data/S2_canonical_6510_local_safe_recrop_v4/prev2/ang20220501t170235-A/s2_prev2.tif,,missing,canonical_local_safe,2022-04-21T17:48:59.024000+00:00,,,0,,/mnt/engg-niulab/yuyao/sensors_raw_data/S2_canonical_6510_local_safe_recrop_v4/prev3/ang20220501t170235-A/s2_prev3.tif,available,local_safe_point_recrop_v4,2022-01-31T17:02:35+00:00,,,0,,/mnt/engg-leung/Research_No9_Methane_Emissions/Yuyao/Dataset/plume_raw_s2_90360_fixed_512/ang20220501t170235-A/s2_90_std_512.tif,available,legacy_gee_correct_512,2021-05-06T17:02:35+00:00,,,0,,/mnt/engg-leung/Research_No9_Methane_Emissions/Yuyao/Dataset/plume_raw_s2_90360_fixed_512/ang20220501t170235-A/s2_360_std_512.tif,available,legacy_gee_correct_512,"prev1,prev2",1,0,/mnt/engg-niulab/yuyao/sensors_raw_data/S2/raw_data_dir_s2/S2B_MSIL2A_20220424T175909_N0510_R041_T12SYF_20240605T103110.SAFE,legacy_minus7_manifest,/mnt/engg-niulab/yuyao/sensors_raw_data/S2/raw_data_dir_s2/S2B_MSIL2A_20220424T175909_N0510_R041_T12SYF_20240605T103110.SAFE,download_manifest,,,,,,,,
av320241008t185527-A,av320241008t185527,2024-10-08T18:55:27+00:00,2024-10-08T18:55:27+00:00,31.95778320956353,-104.32099162479332,"[-104.32737296214793, 31.956306958568913, -104.31329392700624, 31.96825156668308]",https://api.carbonmapper.org/api/v1/catalog/asset/l3a-vis-ch4-mfa-v3/2024/10/08/av320241008t185527-A/av320241008t185527-A_l3a-vis-ch4-mfa-v3_plume.tif,2024-10-09T17:42:31.024000+00:00,,,0,,/mnt/engg-niulab/yuyao/sensors_raw_data/S2_canonical_6510_local_safe_recrop_v4/t0/av320241008t185527-A/s2.tif,available,local_safe_point_recrop_v4,2024-10-09T17:42:31.024000+00:00,,,0,,/mnt/engg-niulab/yuyao/sensors_raw_data/S2_canonical_6510_local_safe_recrop_v4/prev1/av320241008t185527-A/s2_-7.tif,available,local_safe_point_recrop_v4,2024-10-06T17:32:11.024000+00:00,,,0,,/mnt/engg-niulab/yuyao/sensors_raw_data/S2_canonical_6510_local_safe_recrop_v4/prev2/av320241008t185527-A/s2_prev2.tif,available,local_safe_point_recrop_v4,2024-10-04T17:41:09.024000+00:00,S2B_MSIL2A_20241004T174109_N0511_R098_T13SER_20241004T220141.SAFE,319f87ba-8907-431a-a40f-446f1b99a685,1,/mnt/engg-niulab/yuyao/sensors_raw_data/S2_canonical_6510_local_safe_recrop_v4/prev3/av320241008t185527-A/s2_prev3.tif,,missing,canonical_local_safe,2024-07-06T17:39:09.024000+00:00,S2B_MSIL2A_20240706T173909_N0510_R098_T13SER_20240706T213154.SAFE,25cacdce-3f6e-4f1e-8fe0-134b9eea717e,1,/mnt/engg-niulab/yuyao/sensors_raw_data/S2_canonical_6510_local_safe_recrop_v4/seasonal/av320241008t185527-A/s2_-90.tif,,missing,canonical_local_safe,2023-10-12T17:32:41.024000+00:00,,,0,,/mnt/engg-niulab/yuyao/sensors_raw_data/S2_canonical_6510_local_safe_recrop_v4/year/av320241008t185527-A/s2_-360.tif,available,local_safe_point_recrop_v4,"prev3,seasonal",1,0,,,,,/mnt/engg-niulab/yuyao/sensors_raw_data/S2/raw_data_dir_s2/S2B_MSIL2A_20241004T174109_N0511_R098_T13SER_20241004T220141.SAFE,download_manifest,/mnt/engg-niulab/yuyao/sensors_raw_data/S2/raw_data_dir_s2/S2B_MSIL2A_20240706T173909_N0510_R098_T13SER_20240706T213154.SAFE,download_manifest,,,,
av320241008t185527-B,av320241008t185527,2024-10-08T18:55:27+00:00,2024-10-08T18:55:27+00:00,32.17419614038008,-104.25724012895265,"[-104.26021693962427, 32.1724202801744, -104.25508131422471, 32.176767224356965]",https://api.carbonmapper.org/api/v1/catalog/asset/l3a-vis-ch4-mfa-v3/2024/10/08/av320241008t185527-B/av320241008t185527-B_l3a-vis-ch4-mfa-v3_plume.tif,2024-10-09T17:42:31.024000+00:00,,,0,,/mnt/engg-niulab/yuyao/sensors_raw_data/S2_canonical_6510_local_safe_recrop_v4/t0/av320241008t185527-B/s2.tif,available,local_safe_point_recrop_v4,2024-10-09T17:42:31.024000+00:00,,,0,,/mnt/engg-niulab/yuyao/sensors_raw_data/S2_canonical_6510_local_safe_recrop_v4/prev1/av320241008t185527-B/s2_-7.tif,available,local_safe_point_recrop_v4,2024-10-06T17:32:11.024000+00:00,,,0,,/mnt/engg-niulab/yuyao/sensors_raw_data/S2_canonical_6510_local_safe_recrop_v4/prev2/av320241008t185527-B/s2_prev2.tif,available,local_safe_point_recrop_v4,2024-10-01T17:30:39.024000+00:00,,,0,,/mnt/engg-niulab/yuyao/sensors_raw_data/S2_canonical_6510_local_safe_recrop_v4/prev3/av320241008t185527-B/s2_prev3.tif,available,local_safe_point_recrop_v4,2024-07-06T17:39:09.024000+00:00,S2B_MSIL2A_20240706T173909_N0510_R098_T13SER_20240706T213154.SAFE,25cacdce-3f6e-4f1e-8fe0-134b9eea717e,1,/mnt/engg-niulab/yuyao/sensors_raw_data/S2_canonical_6510_local_safe_recrop_v4/seasonal/av320241008t185527-B/s2_-90.tif,,missing,canonical_local_safe,2023-10-12T17:32:41.024000+00:00,,,0,,/mnt/engg-niulab/yuyao/sensors_raw_data/S2_canonical_6510_local_safe_recrop_v4/year/av320241008t185527-B/s2_-360.tif,available,local_safe_point_recrop_v4,seasonal,1,0,,,,,,,/mnt/engg-niulab/yuyao/sensors_raw_data/S2/raw_data_dir_s2/S2B_MSIL2A_20240706T173909_N0510_R098_T13SER_20240706T213154.SAFE,download_manifest,,,,
av320241008t185527-D,av320241008t185527,2024-10-08T18:55:27+00:00,2024-10-08T18:55:27+00:00,32.545759541136874,-104.14986635820848,"[-104.15711695393385, 32.544563207483726, -104.14492051789455, 32.55484388862558]",https://api.carbonmapper.org/api/v1/catalog/asset/l3a-vis-ch4-mfa-v3/2024/10/08/av320241008t185527-D/av320241008t185527-D_l3a-vis-ch4-mfa-v3_plume.tif,2024-10-09T17:42:31.024000+00:00,,,0,,/mnt/engg-niulab/yuyao/sensors_raw_data/S2_canonical_6510_local_safe_recrop_v4/t0/av320241008t185527-D/s2.tif,available,local_safe_point_recrop_v4,2024-10-09T17:42:31.024000+00:00,,,0,,/mnt/engg-niulab/yuyao/sensors_raw_data/S2_canonical_6510_local_safe_recrop_v4/prev1/av320241008t185527-D/s2_-7.tif,available,local_safe_point_recrop_v4,2024-10-06T17:32:11.024000+00:00,,,0,,/mnt/engg-niulab/yuyao/sensors_raw_data/S2_canonical_6510_local_safe_recrop_v4/prev2/av320241008t185527-D/s2_prev2.tif,available,local_safe_point_recrop_v4,2024-10-04T17:41:09.024000+00:00,S2B_MSIL2A_20241004T174109_N0511_R098_T13SES_20241004T220141.SAFE,9359a404-3195-4ccf-bc52-87a022dd401e,1,/mnt/engg-niulab/yuyao/sensors_raw_data/S2_canonical_6510_local_safe_recrop_v4/prev3/av320241008t185527-D/s2_prev3.tif,,missing,canonical_local_safe,2024-07-06T17:39:09.024000+00:00,,,0,,/mnt/engg-niulab/yuyao/sensors_raw_data/S2_canonical_6510_local_safe_recrop_v4/seasonal/av320241008t185527-D/s2_-90.tif,available,local_safe_point_recrop_v4,2023-10-12T17:32:41.024000+00:00,,,0,,/mnt/engg-niulab/yuyao/sensors_raw_data/S2_canonical_6510_local_safe_recrop_v4/year/av320241008t185527-D/s2_-360.tif,available,local_safe_point_recrop_v4,prev3,1,0,,,,,/mnt/engg-niulab/yuyao/sensors_raw_data/S2/raw_data_dir_s2/S2B_MSIL2A_20241004T174109_N0511_R098_T13SES_20241004T220141.SAFE,download_manifest,,,,,,
emi20230227t172227p11010-A,emi20230227t172227p11010,2023-02-27T17:22:27+00:00,2023-02-27T17:22:27+00:00,32.410289930303364,-116.74765045363046,"[-116.78834715086192, 32.3861552226862, -116.72144399827316, 32.44263441034006]",https://api.carbonmapper.org/api/v1/catalog/asset/l3a-vis-ch4-mfa-v3/2023/02/27/emi20230227t172227p11010-A/emi20230227t172227p11010-A_l3a-vis-ch4-mfa-v3_plume.tif,2023-02-27T18:33:19.025000+00:00,,,0,,/mnt/engg-leung/Research_No9_Methane_Emissions/Yuyao/Dataset/plume_raw_s2_90360_fixed_512/emi20230227t172227p11010-A/s2_std_512.tif,available,legacy_gee_correct_512,2023-02-27T18:33:19.025000+00:00,S2B_MSIL2A_20230227T183319_N0510_R027_T11SNR_20240820T070740.SAFE,aa4a5599-1481-497d-8575-fc75db26bca7,1,/mnt/engg-niulab/yuyao/sensors_raw_data/S2_canonical_6510_local_safe_recrop_v4/prev1/emi20230227t172227p11010-A/s2_-7.tif,,missing,canonical_local_safe,2023-02-24T18:23:39.025000+00:00,,,0,,/mnt/engg-niulab/yuyao/sensors_raw_data/S2_canonical_6510_local_safe_recrop_v4/prev2/emi20230227t172227p11010-A/s2_prev2.tif,available,local_safe_point_recrop_v4,2023-02-09T18:25:21.024000+00:00,,,0,,/mnt/engg-niulab/yuyao/sensors_raw_data/S2_canonical_6510_local_safe_recrop_v4/prev3/emi20230227t172227p11010-A/s2_prev3.tif,available,local_safe_point_recrop_v4,2022-11-29T17:22:27+00:00,,,0,,/mnt/engg-leung/Research_No9_Methane_Emissions/Yuyao/Dataset/plume_raw_s2_90360_fixed_512/emi20230227t172227p11010-A/s2_90_std_512.tif,available,legacy_gee_correct_512,2022-03-04T17:22:27+00:00,,,0,,/mnt/engg-leung/Research_No9_Methane_Emissions/Yuyao/Dataset/plume_raw_s2_90360_fixed_512/emi20230227t172227p11010-A/s2_360_std_512.tif,available,legacy_gee_correct_512,prev1,1,0,/mnt/engg-niulab/yuyao/sensors_raw_data/S2/raw_data_dir_s2/S2B_MSIL2A_20230227T183319_N0510_R027_T11SNR_20240820T070740.SAFE,download_manifest,,,,,,,,,,
emi20230228t163504p11003-B,emi20230228t163504p11003,2023-02-28T16:35:04+00:00,2023-02-28T16:35:04+00:00,33.08463910404694,-112.2830805098216,"[-112.31751126999774, 33.059736449169485, -112.24884524116558, 33.11677099617949]",https://api.carbonmapper.org/api/v1/catalog/asset/l3a-vis-ch4-mfa-v3/2023/02/28/emi20230228t163504p11003-B/emi20230228t163504p11003-B_l3a-vis-ch4-mfa-v3_plume.tif,2023-02-28T18:02:59.025000+00:00,,,0,,/mnt/engg-leung/Research_No9_Methane_Emissions/Yuyao/Dataset/plume_raw_s2_90360_fixed_512/emi20230228t163504p11003-B/s2_std_512.tif,available,legacy_gee_correct_512,2023-02-28T18:02:59.025000+00:00,S2B_MSIL2A_20230228T180259_N0510_R041_T12SUB_20240823T040528.SAFE,78cf0d53-440b-47e5-909d-a4d732e0a9fd,1,/mnt/engg-niulab/yuyao/sensors_raw_data/S2_canonical_6510_local_safe_recrop_v4/prev1/emi20230228t163504p11003-B/s2_-7.tif,,missing,canonical_local_safe,2023-02-23T18:03:31.024000+00:00,S2A_MSIL2A_20230223T180331_N0510_R041_T12SUB_20240821T012624.SAFE,7368ff13-136b-4413-985d-01b4b2c52f3f,1,/mnt/engg-niulab/yuyao/sensors_raw_data/S2_canonical_6510_local_safe_recrop_v4/prev2/emi20230228t163504p11003-B/s2_prev2.tif,,missing,canonical_local_safe,2023-02-18T18:04:09.024000+00:00,S2B_MSIL2A_20230218T180409_N0510_R041_T12SUB_20240820T124525.SAFE,1f6268b0-a8bb-4be1-a2b9-6fbfce394a7f,1,/mnt/engg-niulab/yuyao/sensors_raw_data/S2_canonical_6510_local_safe_recrop_v4/prev3/emi20230228t163504p11003-B/s2_prev3.tif,,missing,canonical_local_safe,2022-11-30T16:35:04+00:00,,,0,,/mnt/engg-leung/Research_No9_Methane_Emissions/Yuyao/Dataset/plume_raw_s2_90360_fixed_512/emi20230228t163504p11003-B/s2_90_std_512.tif,available,legacy_gee_correct_512,2022-03-05T16:35:04+00:00,,,0,,/mnt/engg-leung/Research_No9_Methane_Emissions/Yuyao/Dataset/plume_raw_s2_90360_fixed_512/emi20230228t163504p11003-B/s2_360_std_512.tif,available,legacy_gee_correct_512,"prev1,prev2,prev3",1,0,/mnt/engg-niulab/yuyao/sensors_raw_data/S2/raw_data_dir_s2/S2B_MSIL2A_20230228T180259_N0510_R041_T12SUB_20240823T040528.SAFE,download_manifest,/mnt/engg-niulab/yuyao/sensors_raw_data/S2/raw_data_dir_s2/S2A_MSIL2A_20230223T180331_N0510_R041_T12SUB_20240821T012624.SAFE,download_manifest,/mnt/engg-niulab/yuyao/sensors_raw_data/S2/raw_data_dir_s2/S2B_MSIL2A_20230218T180409_N0510_R041_T12SUB_20240820T124525.SAFE,download_manifest,,,,,,
emi20230325t134135p09034-A,emi20230325t134135p09034,2023-03-25T13:41:35+00:00,2023-03-25T13:41:35+00:00,28.208494663344013,19.91369562971164,"[19.883520257124324, 28.17546531796084, 19.94956497386156, 28.233668263116765]",https://api.carbonmapper.org/api/v1/catalog/asset/l3a-vis-ch4-mfa-v3/2023/03/25/emi20230325t134135p09034-A/emi20230325t134135p09034-A_l3a-vis-ch4-mfa-v3_plume.tif,2023-03-26T09:06:11.024000+00:00,S2A_MSIL2A_20230326T090611_N0510_R050_T34RCS_20240826T064427.SAFE,a43d2bf2-e281-44e7-bf87-c661b847b718,1,/mnt/engg-niulab/yuyao/sensors_raw_data/S2_canonical_6510_local_safe_recrop_v4/t0/emi20230325t134135p09034-A/s2.tif,,missing,canonical_local_safe,2023-03-26T09:06:11.024000+00:00,S2A_MSIL2A_20230326T090611_N0510_R050_T34RCS_20240826T064427.SAFE,a43d2bf2-e281-44e7-bf87-c661b847b718,1,/mnt/engg-niulab/yuyao/sensors_raw_data/S2_canonical_6510_local_safe_recrop_v4/prev1/emi20230325t134135p09034-A/s2_-7.tif,,missing,canonical_local_safe,2023-03-19T09:20:31.024000+00:00,,,0,,/mnt/engg-niulab/yuyao/sensors_raw_data/S2_canonical_6510_local_safe_recrop_v4/prev2/emi20230325t134135p09034-A/s2_prev2.tif,available,local_safe_point_recrop_v4,2023-03-16T09:07:21.024000+00:00,S2A_MSIL2A_20230316T090721_N0510_R050_T34RCS_20240827T132812.SAFE,5a15c515-5b13-4c58-9413-86d1d8df1c3b,1,/mnt/engg-niulab/yuyao/sensors_raw_data/S2_canonical_6510_local_safe_recrop_v4/prev3/emi20230325t134135p09034-A/s2_prev3.tif,,missing,canonical_local_safe,2022-12-19T09:24:11.024000+00:00,,,0,,/mnt/engg-niulab/yuyao/sensors_raw_data/S2_canonical_6510_local_safe_recrop_v4/seasonal/emi20230325t134135p09034-A/s2_-90.tif,available,local_safe_point_recrop_v4,2022-03-29T09:20:29.024000+00:00,,,0,,/mnt/engg-niulab/yuyao/sensors_raw_data/S2_canonical_6510_local_safe_recrop_v4/year/emi20230325t134135p09034-A/s2_-360.tif,available,local_safe_point_recrop_v4,"t0,prev1,prev3",1,0,/mnt/engg-niulab/yuyao/sensors_raw_data/S2/raw_data_dir_s2/S2A_MSIL2A_20230326T090611_N0510_R050_T34RCS_20240826T064427.SAFE,download_manifest,,,/mnt/engg-niulab/yuyao/sensors_raw_data/S2/raw_data_dir_s2/S2A_MSIL2A_20230316T090721_N0510_R050_T34RCS_20240827T132812.SAFE,download_manifest,,,,,/mnt/engg-niulab/yuyao/sensors_raw_data/S2/raw_data_dir_s2/S2A_MSIL2A_20230326T090611_N0510_R050_T34RCS_20240826T064427.SAFE,download_manifest
emi20230424t090806p06011-A,emi20230424t090806p06011,2023-04-24T09:08:06+00:00,2023-04-24T09:08:06+00:00,32.514511074401966,36.11133836657885,"[36.08657608000781, 32.48477687322631, 36.1557248601008, 32.54308732225115]",https://api.carbonmapper.org/api/v1/catalog/asset/l3a-vis-ch4-mfa-v3/2023/04/24/emi20230424t090806p06011-A/emi20230424t090806p06011-A_l3a-vis-ch4-mfa-v3_plume.tif,2023-04-25T08:16:09.024000+00:00,S2B_MSIL2A_20230425T081609_N0510_R121_T36SYA_20240903T225306.SAFE,1a69698e-e726-4d5d-90c3-008c50b41569,1,/mnt/engg-niulab/yuyao/sensors_raw_data/S2_canonical_6510_local_safe_recrop_v4/t0/emi20230424t090806p06011-A/s2.tif,,missing,canonical_local_safe,2023-04-25T08:16:09.024000+00:00,S2B_MSIL2A_20230425T081609_N0510_R121_T36SYA_20240903T225306.SAFE,1a69698e-e726-4d5d-90c3-008c50b41569,1,/mnt/engg-niulab/yuyao/sensors_raw_data/S2_canonical_6510_local_safe_recrop_v4/prev1/emi20230424t090806p06011-A/s2_-7.tif,,missing,canonical_local_safe,2023-04-22T08:06:09.024000+00:00,S2B_MSIL2A_20230422T080609_N0510_R078_T37SBS_20240903T214713.SAFE,dbdcfb17-875a-4087-8c9e-b4aabd510eef,1,/mnt/engg-niulab/yuyao/sensors_raw_data/S2_canonical_6510_local_safe_recrop_v4/prev2/emi20230424t090806p06011-A/s2_prev2.tif,,missing,canonical_local_safe,2023-04-20T08:16:01.024000+00:00,S2A_MSIL2A_20230420T081601_N0510_R121_T37SBR_20240901T210108.SAFE,edc97591-d161-457f-b967-4f60c55362bf,1,/mnt/engg-niulab/yuyao/sensors_raw_data/S2_canonical_6510_local_safe_recrop_v4/prev3/emi20230424t090806p06011-A/s2_prev3.tif,,missing,canonical_local_safe,2023-01-22T08:11:39.024000+00:00,S2B_MSIL2A_20230122T081139_N0510_R078_T36SYB_20240810T061340.SAFE,eba3ad94-d523-43fd-82c0-8609b6ff84be,1,/mnt/engg-niulab/yuyao/sensors_raw_data/S2_canonical_6510_local_safe_recrop_v4/seasonal/emi20230424t090806p06011-A/s2_-90.tif,,missing,canonical_local_safe,2022-04-27T08:05:59.024000+00:00,S2B_MSIL2A_20220427T080559_N0510_R078_T36SYB_20240522T075526.SAFE,b8aeddcb-1534-4b4e-87f5-2c89e9196457,1,/mnt/engg-niulab/yuyao/sensors_raw_data/S2_canonical_6510_local_safe_recrop_v4/year/emi20230424t090806p06011-A/s2_-360.tif,,missing,canonical_local_safe,"t0,prev1,prev2,prev3,seasonal,year",1,0,/mnt/engg-niulab/yuyao/sensors_raw_data/S2/raw_data_dir_s2/S2B_MSIL2A_20230425T081609_N0510_R121_T36SYA_20240903T225306.SAFE,download_manifest,/mnt/engg-niulab/yuyao/sensors_raw_data/S2/raw_data_dir_s2/S2B_MSIL2A_20230422T080609_N0510_R078_T37SBS_20240903T214713.SAFE,download_manifest,/mnt/engg-niulab/yuyao/sensors_raw_data/S2/raw_data_dir_s2/S2A_MSIL2A_20230420T081601_N0510_R121_T37SBR_20240901T210108.SAFE,download_manifest,/mnt/engg-niulab/yuyao/sensors_raw_data/S2/raw_data_dir_s2/S2B_MSIL2A_20230122T081139_N0510_R078_T36SYB_20240810T061340.SAFE,download_manifest,/mnt/engg-niulab/yuyao/sensors_raw_data/S2/raw_data_dir_s2/S2B_MSIL2A_20220427T080559_N0510_R078_T36SYB_20240522T075526.SAFE,download_manifest,/mnt/engg-niulab/yuyao/sensors_raw_data/S2/raw_data_dir_s2/S2B_MSIL2A_20230425T081609_N0510_R121_T36SYA_20240903T225306.SAFE,download_manifest
emi20230805t074037p05052-A,emi20230805t074037p05052,2023-08-05T07:40:37+00:00,2023-08-05T07:40:37+00:00,40.25244033306518,58.439965823190846,"[58.42325611590346, 40.21202951617141, 58.493056159549155, 40.265775230571734]",https://api.carbonmapper.org/api/v1/catalog/asset/l3a-vis-ch4-mfa-v3/2023/08/05/emi20230805t074037p05052-A/emi20230805t074037p05052-A_l3a-vis-ch4-mfa-v3_plume.tif,2023-08-06T06:46:29.024000+00:00,S2B_MSIL2A_20230806T064629_N0510_R020_T40TFK_20241019T015046.SAFE,5f282ff5-8d5f-4267-be2f-9b90aeca288e,1,/mnt/engg-niulab/yuyao/sensors_raw_data/S2_canonical_6510_local_safe_recrop_v4/t0/emi20230805t074037p05052-A/s2.tif,,missing,canonical_local_safe,2023-08-06T06:46:29.024000+00:00,S2B_MSIL2A_20230806T064629_N0510_R020_T40TFK_20241019T015046.SAFE,5f282ff5-8d5f-4267-be2f-9b90aeca288e,1,/mnt/engg-niulab/yuyao/sensors_raw_data/S2_canonical_6510_local_safe_recrop_v4/prev1/emi20230805t074037p05052-A/s2_-7.tif,,missing,canonical_local_safe,2023-08-04T06:56:31.024000+00:00,,,0,,/mnt/engg-niulab/yuyao/sensors_raw_data/S2_canonical_6510_local_safe_recrop_v4/prev2/emi20230805t074037p05052-A/s2_prev2.tif,available,local_safe_point_recrop_v4,2023-08-01T06:46:31.024000+00:00,S2A_MSIL2A_20230801T064631_N0510_R020_T40TFK_20241017T135102.SAFE,a0606613-8d5f-467c-bb14-aa70eb65f3d1,1,/mnt/engg-niulab/yuyao/sensors_raw_data/S2_canonical_6510_local_safe_recrop_v4/prev3/emi20230805t074037p05052-A/s2_prev3.tif,,missing,canonical_local_safe,2023-05-01T06:56:29.024000+00:00,,,0,,/mnt/engg-niulab/yuyao/sensors_raw_data/S2_canonical_6510_local_safe_recrop_v4/seasonal/emi20230805t074037p05052-A/s2_-90.tif,available,local_safe_point_recrop_v4,2022-07-22T06:46:29.024000+00:00,S2B_MSIL2A_20220722T064629_N0510_R020_T40TFK_20240717T155750.SAFE,04f88c80-fd5c-40e9-9b6d-3d614bdc868e,1,/mnt/engg-niulab/yuyao/sensors_raw_data/S2_canonical_6510_local_safe_recrop_v4/year/emi20230805t074037p05052-A/s2_-360.tif,,missing,canonical_local_safe,"t0,prev1,prev3,year",1,0,/mnt/engg-niulab/yuyao/sensors_raw_data/S2/raw_data_dir_s2/S2B_MSIL2A_20230806T064629_N0510_R020_T40TFK_20241019T015046.SAFE,download_manifest,,,/mnt/engg-niulab/yuyao/sensors_raw_data/S2/raw_data_dir_s2/S2A_MSIL2A_20230801T064631_N0510_R020_T40TFK_20241017T135102.SAFE,download_manifest,,,/mnt/engg-niulab/yuyao/sensors_raw_data/S2/raw_data_dir_s2/S2B_MSIL2A_20220722T064629_N0510_R020_T40TFK_20240717T155750.SAFE,download_manifest,/mnt/engg-niulab/yuyao/sensors_raw_data/S2/raw_data_dir_s2/S2B_MSIL2A_20230806T064629_N0510_R020_T40TFK_20241019T015046.SAFE,download_manifest
emi20230809t060349p04028-A,emi20230809t060349p04028,2023-08-09T06:03:49+00:00,2023-08-09T06:03:49+00:00,40.252554009327184,58.44063210747166,"[58.429373634415896, 40.21311740816791, 58.510107268244845, 40.27520458440942]",https://api.carbonmapper.org/api/v1/catalog/asset/l3a-vis-ch4-mfa-v3/2023/08/09/emi20230809t060349p04028-A/emi20230809t060349p04028-A_l3a-vis-ch4-mfa-v3_plume.tif,2023-08-09T06:56:29.024000+00:00,,,0,,/mnt/engg-niulab/yuyao/sensors_raw_data/S2_canonical_6510_local_safe_recrop_v4/t0/emi20230809t060349p04028-A/s2.tif,available,local_safe_point_recrop_v4,2023-08-09T06:56:29.024000+00:00,,,0,,/mnt/engg-niulab/yuyao/sensors_raw_data/S2_canonical_6510_local_safe_recrop_v4/prev1/emi20230809t060349p04028-A/s2_-7.tif,available,local_safe_point_recrop_v4,2023-08-06T06:46:29.024000+00:00,S2B_MSIL2A_20230806T064629_N0510_R020_T40TFK_20241019T015046.SAFE,5f282ff5-8d5f-4267-be2f-9b90aeca288e,1,/mnt/engg-niulab/yuyao/sensors_raw_data/S2_canonical_6510_local_safe_recrop_v4/prev2/emi20230809t060349p04028-A/s2_prev2.tif,,missing,canonical_local_safe,2023-08-04T06:56:31.024000+00:00,,,0,,/mnt/engg-niulab/yuyao/sensors_raw_data/S2_canonical_6510_local_safe_recrop_v4/prev3/emi20230809t060349p04028-A/s2_prev3.tif,available,local_safe_point_recrop_v4,2023-05-08T06:46:29.024000+00:00,S2B_MSIL2A_20230508T064629_N0510_R020_T40TFK_20240908T052516.SAFE,64ea246b-860d-407d-bbf2-e9aea8231b60,1,/mnt/engg-niulab/yuyao/sensors_raw_data/S2_canonical_6510_local_safe_recrop_v4/seasonal/emi20230809t060349p04028-A/s2_-90.tif,,missing,canonical_local_safe,2022-08-11T06:46:29.024000+00:00,S2B_MSIL2A_20220811T064629_N0510_R020_T40TFK_20240709T042256.SAFE,a9b43414-b766-4915-88ab-f9011d81d29b,1,/mnt/engg-niulab/yuyao/sensors_raw_data/S2_canonical_6510_local_safe_recrop_v4/year/emi20230809t060349p04028-A/s2_-360.tif,,missing,canonical_local_safe,"prev2,seasonal,year",1,0,,,/mnt/engg-niulab/yuyao/sensors_raw_data/S2/raw_data_dir_s2/S2B_MSIL2A_20230806T064629_N0510_R020_T40TFK_20241019T015046.SAFE,download_manifest,,,/mnt/engg-niulab/yuyao/sensors_raw_data/S2/raw_data_dir_s2/S2B_MSIL2A_20230508T064629_N0510_R020_T40TFK_20240908T052516.SAFE,download_manifest,/mnt/engg-niulab/yuyao/sensors_raw_data/S2/raw_data_dir_s2/S2B_MSIL2A_20220811T064629_N0510_R020_T40TFK_20240709T042256.SAFE,download_manifest,,
emi20230814t101054p07030-A,emi20230814t101054p07030,2023-08-14T10:10:54+00:00,2023-08-14T10:10:54+00:00,40.2173757807183,63.46771038954429,"[63.42554352973102, 40.182893936710705, 63.49680325958827, 40.23731371854596]",https://api.carbonmapper.org/api/v1/catalog/asset/l3a-vis-ch4-mfa-v3/2023/08/14/emi20230814t101054p07030-A/emi20230814t101054p07030-A_l3a-vis-ch4-mfa-v3_plume.tif,2023-08-15T06:26:31.024000+00:00,,,0,,/mnt/engg-niulab/yuyao/sensors_raw_data/S2_canonical_6510_local_safe_recrop_v4/t0/emi20230814t101054p07030-A/s2.tif,available,local_safe_point_recrop_v4,2023-08-15T06:26:31.024000+00:00,,,0,,/mnt/engg-niulab/yuyao/sensors_raw_data/S2_canonical_6510_local_safe_recrop_v4/prev1/emi20230814t101054p07030-A/s2_-7.tif,available,local_safe_point_recrop_v4,2023-08-13T06:36:29.024000+00:00,,,0,,/mnt/engg-niulab/yuyao/sensors_raw_data/S2_canonical_6510_local_safe_recrop_v4/prev2/emi20230814t101054p07030-A/s2_prev2.tif,available,local_safe_point_recrop_v4,2023-08-10T06:26:29.024000+00:00,S2B_MSIL2A_20230810T062629_N0510_R077_T41TNE_20241021T114643.SAFE,d2fc0d7f-157e-459f-84ff-e8c45d63e8e9,1,/mnt/engg-niulab/yuyao/sensors_raw_data/S2_canonical_6510_local_safe_recrop_v4/prev3/emi20230814t101054p07030-A/s2_prev3.tif,,missing,canonical_local_safe,2023-05-07T06:26:31.024000+00:00,S2A_MSIL2A_20230507T062631_N0510_R077_T41TNE_20240903T164532.SAFE,9af9ab78-8fbd-440d-9a75-a5df472e1664,1,/mnt/engg-niulab/yuyao/sensors_raw_data/S2_canonical_6510_local_safe_recrop_v4/seasonal/emi20230814t101054p07030-A/s2_-90.tif,,missing,canonical_local_safe,2022-08-18T06:36:29.025000+00:00,,,0,,/mnt/engg-niulab/yuyao/sensors_raw_data/S2_canonical_6510_local_safe_recrop_v4/year/emi20230814t101054p07030-A/s2_-360.tif,available,local_safe_point_recrop_v4,"prev3,seasonal",1,0,,,,,/mnt/engg-niulab/yuyao/sensors_raw_data/S2/raw_data_dir_s2/S2B_MSIL2A_20230810T062629_N0510_R077_T41TNE_20241021T114643.SAFE,download_manifest,/mnt/engg-niulab/yuyao/sensors_raw_data/S2/raw_data_dir_s2/S2A_MSIL2A_20230507T062631_N0510_R077_T41TNE_20240903T164532.SAFE,download_manifest,,,,
emi20230814t101054p07030-B,emi20230814t101054p07030,2023-08-14T10:10:54+00:00,2023-08-14T10:10:54+00:00,40.24304222272829,63.44204016872487,"[63.40408722359082, 40.21331701910319, 63.47599730957184, 40.26773560327278]",https://api.carbonmapper.org/api/v1/catalog/asset/l3a-vis-ch4-mfa-v3/2023/08/14/emi20230814t101054p07030-B/emi20230814t101054p07030-B_l3a-vis-ch4-mfa-v3_plume.tif,2023-08-15T06:26:31.024000+00:00,S2A_MSIL2A_20230815T062631_N0510_R077_T41TNE_20241027T000201.SAFE,ec603c23-afb1-46e5-a5f3-6594a8c463eb,1,/mnt/engg-niulab/yuyao/sensors_raw_data/S2_canonical_6510_local_safe_recrop_v4/t0/emi20230814t101054p07030-B/s2.tif,,missing,canonical_local_safe,2023-08-15T06:26:31.024000+00:00,S2A_MSIL2A_20230815T062631_N0510_R077_T41TNE_20241027T000201.SAFE,ec603c23-afb1-46e5-a5f3-6594a8c463eb,1,/mnt/engg-niulab/yuyao/sensors_raw_data/S2_canonical_6510_local_safe_recrop_v4/prev1/emi20230814t101054p07030-B/s2_-7.tif,,missing,canonical_local_safe,2023-08-13T06:36:29.024000+00:00,,,0,,/mnt/engg-niulab/yuyao/sensors_raw_data/S2_canonical_6510_local_safe_recrop_v4/prev2/emi20230814t101054p07030-B/s2_prev2.tif,available,local_safe_point_recrop_v4,2023-08-10T06:26:29.024000+00:00,S2B_MSIL2A_20230810T062629_N0510_R077_T41TNE_20241021T114643.SAFE,d2fc0d7f-157e-459f-84ff-e8c45d63e8e9,1,/mnt/engg-niulab/yuyao/sensors_raw_data/S2_canonical_6510_local_safe_recrop_v4/prev3/emi20230814t101054p07030-B/s2_prev3.tif,,missing,canonical_local_safe,2023-05-07T06:26:31.024000+00:00,S2A_MSIL2A_20230507T062631_N0510_R077_T41TNE_20240903T164532.SAFE,9af9ab78-8fbd-440d-9a75-a5df472e1664,1,/mnt/engg-niulab/yuyao/sensors_raw_data/S2_canonical_6510_local_safe_recrop_v4/seasonal/emi20230814t101054p07030-B/s2_-90.tif,,missing,canonical_local_safe,2022-08-18T06:36:29.025000+00:00,,,0,,/mnt/engg-niulab/yuyao/sensors_raw_data/S2_canonical_6510_local_safe_recrop_v4/year/emi20230814t101054p07030-B/s2_-360.tif,available,local_safe_point_recrop_v4,"t0,prev1,prev3,seasonal",1,0,/mnt/engg-niulab/yuyao/sensors_raw_data/S2/raw_data_dir_s2/S2A_MSIL2A_20230815T062631_N0510_R077_T41TNE_20241027T000201.SAFE,download_manifest,,,/mnt/engg-niulab/yuyao/sensors_raw_data/S2/raw_data_dir_s2/S2B_MSIL2A_20230810T062629_N0510_R077_T41TNE_20241021T114643.SAFE,download_manifest,/mnt/engg-niulab/yuyao/sensors_raw_data/S2/raw_data_dir_s2/S2A_MSIL2A_20230507T062631_N0510_R077_T41TNE_20240903T164532.SAFE,download_manifest,,,/mnt/engg-niulab/yuyao/sensors_raw_data/S2/raw_data_dir_s2/S2A_MSIL2A_20230815T062631_N0510_R077_T41TNE_20241027T000201.SAFE,download_manifest
emi20230822t070125p05020-A,emi20230822t070125p05020,2023-08-22T07:01:25+00:00,2023-08-22T07:01:25+00:00,40.216935732975145,63.46795705806065,"[63.43507027553255, 40.188749015552595, 63.506588279774135, 40.24289063381228]",https://api.carbonmapper.org/api/v1/catalog/asset/l3a-vis-ch4-mfa-v3/2023/08/22/emi20230822t070125p05020-A/emi20230822t070125p05020-A_l3a-vis-ch4-mfa-v3_plume.tif,2023-08-23T06:36:29.024000+00:00,,,0,,/mnt/engg-niulab/yuyao/sensors_raw_data/S2_canonical_6510_local_safe_recrop_v4/t0/emi20230822t070125p05020-A/s2.tif,available,local_safe_point_recrop_v4,2023-08-23T06:36:29.024000+00:00,,,0,,/mnt/engg-niulab/yuyao/sensors_raw_data/S2_canonical_6510_local_safe_recrop_v4/prev1/emi20230822t070125p05020-A/s2_-7.tif,available,local_safe_point_recrop_v4,2023-08-20T06:26:29.024000+00:00,S2B_MSIL2A_20230820T062629_N0510_R077_T41TNE_20241022T060250.SAFE,a6fbb3f6-bd40-4606-b957-75383dbe1281,1,/mnt/engg-niulab/yuyao/sensors_raw_data/S2_canonical_6510_local_safe_recrop_v4/prev2/emi20230822t070125p05020-A/s2_prev2.tif,,missing,canonical_local_safe,2023-08-18T06:36:31.024000+00:00,,,0,,/mnt/engg-niulab/yuyao/sensors_raw_data/S2_canonical_6510_local_safe_recrop_v4/prev3/emi20230822t070125p05020-A/s2_prev3.tif,available,local_safe_point_recrop_v4,2023-05-20T06:36:31.024000+00:00,,,0,,/mnt/engg-niulab/yuyao/sensors_raw_data/S2_canonical_6510_local_safe_recrop_v4/seasonal/emi20230822t070125p05020-A/s2_-90.tif,available,local_safe_point_recrop_v4,2022-08-25T06:26:29.024000+00:00,S2B_MSIL2A_20220825T062629_N0510_R077_T41TNE_20240720T010633.SAFE,20759e05-b143-402c-9799-4cbd16ecd29b,1,/mnt/engg-niulab/yuyao/sensors_raw_data/S2_canonical_6510_local_safe_recrop_v4/year/emi20230822t070125p05020-A/s2_-360.tif,,missing,canonical_local_safe,"prev2,year",1,0,,,/mnt/engg-niulab/yuyao/sensors_raw_data/S2/raw_data_dir_s2/S2B_MSIL2A_20230820T062629_N0510_R077_T41TNE_20241022T060250.SAFE,download_manifest,,,,,/mnt/engg-niulab/yuyao/sensors_raw_data/S2/raw_data_dir_s2/S2B_MSIL2A_20220825T062629_N0510_R077_T41TNE_20240720T010633.SAFE,download_manifest,,
emi20230822t070125p05020-B,emi20230822t070125p05020,2023-08-22T07:01:25+00:00,2023-08-22T07:01:25+00:00,40.24763065410815,63.44185883751214,"[63.415632252869344, 40.228917018409405, 63.487192420624666, 40.28305842986377]",https://api.carbonmapper.org/api/v1/catalog/asset/l3a-vis-ch4-mfa-v3/2023/08/22/emi20230822t070125p05020-B/emi20230822t070125p05020-B_l3a-vis-ch4-mfa-v3_plume.tif,2023-08-23T06:36:29.024000+00:00,,,0,,/mnt/engg-niulab/yuyao/sensors_raw_data/S2_canonical_6510_local_safe_recrop_v4/t0/emi20230822t070125p05020-B/s2.tif,available,local_safe_point_recrop_v4,2023-08-23T06:36:29.024000+00:00,,,0,,/mnt/engg-niulab/yuyao/sensors_raw_data/S2_canonical_6510_local_safe_recrop_v4/prev1/emi20230822t070125p05020-B/s2_-7.tif,available,local_safe_point_recrop_v4,2023-08-20T06:26:29.024000+00:00,S2B_MSIL2A_20230820T062629_N0510_R077_T41TNE_20241022T060250.SAFE,a6fbb3f6-bd40-4606-b957-75383dbe1281,1,/mnt/engg-niulab/yuyao/sensors_raw_data/S2_canonical_6510_local_safe_recrop_v4/prev2/emi20230822t070125p05020-B/s2_prev2.tif,,missing,canonical_local_safe,2023-08-18T06:36:31.024000+00:00,,,0,,/mnt/engg-niulab/yuyao/sensors_raw_data/S2_canonical_6510_local_safe_recrop_v4/prev3/emi20230822t070125p05020-B/s2_prev3.tif,available,local_safe_point_recrop_v4,2023-05-20T06:36:31.024000+00:00,,,0,,/mnt/engg-niulab/yuyao/sensors_raw_data/S2_canonical_6510_local_safe_recrop_v4/seasonal/emi20230822t070125p05020-B/s2_-90.tif,available,local_safe_point_recrop_v4,2022-08-23T06:36:41.024000+00:00,,,0,,/mnt/engg-niulab/yuyao/sensors_raw_data/S2_canonical_6510_local_safe_recrop_v4/year/emi20230822t070125p05020-B/s2_-360.tif,available,local_safe_point_recrop_v4,prev2,1,0,,,/mnt/engg-niulab/yuyao/sensors_raw_data/S2/raw_data_dir_s2/S2B_MSIL2A_20230820T062629_N0510_R077_T41TNE_20241022T060250.SAFE,download_manifest,,,,,,,,
emi20230824t083907p06023-B,emi20230824t083907p06023,2023-08-24T08:39:07+00:00,2023-08-24T08:39:07+00:00,25.132275012931075,47.362585091294,"[47.32571680012155, 25.09662946745104, 47.391489361213765, 25.15617817885067]",https://api.carbonmapper.org/api/v1/catalog/asset/l3a-vis-ch4-mfa-v3/2023/08/24/emi20230824t083907p06023-B/emi20230824t083907p06023-B_l3a-vis-ch4-mfa-v3_plume.tif,2023-08-25T07:16:19.024000+00:00,,,0,,/mnt/engg-niulab/yuyao/sensors_raw_data/S2_canonical_6510_local_safe_recrop_v4/t0/emi20230824t083907p06023-B/s2.tif,available,local_safe_point_recrop_v4,2023-08-25T07:16:19.024000+00:00,,,0,,/mnt/engg-niulab/yuyao/sensors_raw_data/S2_canonical_6510_local_safe_recrop_v4/prev1/emi20230824t083907p06023-B/s2_-7.tif,available,local_safe_point_recrop_v4,2023-08-20T07:16:21.024000+00:00,,,0,,/mnt/engg-niulab/yuyao/sensors_raw_data/S2_canonical_6510_local_safe_recrop_v4/prev2/emi20230824t083907p06023-B/s2_prev2.tif,available,local_safe_point_recrop_v4,2023-08-18T07:26:19.024000+00:00,S2B_MSIL2A_20230818T072619_N0510_R049_T38RQN_20241024T201227.SAFE,b26154c7-033f-4313-915a-b9aae498bc28,1,/mnt/engg-niulab/yuyao/sensors_raw_data/S2_canonical_6510_local_safe_recrop_v4/prev3/emi20230824t083907p06023-B/s2_prev3.tif,,missing,canonical_local_safe,2023-05-22T07:16:21.024000+00:00,,,0,,/mnt/engg-niulab/yuyao/sensors_raw_data/S2_canonical_6510_local_safe_recrop_v4/seasonal/emi20230824t083907p06023-B/s2_-90.tif,available,local_safe_point_recrop_v4,2022-08-25T07:16:31.024000+00:00,,,0,,/mnt/engg-niulab/yuyao/sensors_raw_data/S2_canonical_6510_local_safe_recrop_v4/year/emi20230824t083907p06023-B/s2_-360.tif,available,local_safe_point_recrop_v4,prev3,1,0,,,,,/mnt/engg-niulab/yuyao/sensors_raw_data/S2/raw_data_dir_s2/S2B_MSIL2A_20230818T072619_N0510_R049_T38RQN_20241024T201227.SAFE,download_manifest,,,,,,
emi20230926t114143p08041-A,emi20230926t114143p08041,2023-09-26T11:41:43+00:00,2023-09-26T11:41:43+00:00,32.512833032757285,36.11585638495691,"[36.10052833409686, 32.45918400455927, 36.18494502251234, 32.530384437825745]",https://api.carbonmapper.org/api/v1/catalog/asset/l3a-vis-ch4-mfa-v3/2023/09/26/emi20230926t114143p08041-A/emi20230926t114143p08041-A_l3a-vis-ch4-mfa-v3_plume.tif,2023-09-27T08:17:11.024000+00:00,,,0,,/mnt/engg-niulab/yuyao/sensors_raw_data/S2_canonical_6510_local_safe_recrop_v4/t0/emi20230926t114143p08041-A/s2.tif,available,local_safe_point_recrop_v4,2023-09-27T08:17:11.024000+00:00,,,0,,/mnt/engg-niulab/yuyao/sensors_raw_data/S2_canonical_6510_local_safe_recrop_v4/prev1/emi20230926t114143p08041-A/s2_-7.tif,available,local_safe_point_recrop_v4,2023-09-24T08:06:51.024000+00:00,S2A_MSIL2A_20230924T080651_N0510_R078_T36SYB_20241027T040648.SAFE,67d55367-358f-45bf-8b1e-0a85dadd5c67,1,/mnt/engg-niulab/yuyao/sensors_raw_data/S2_canonical_6510_local_safe_recrop_v4/prev2/emi20230926t114143p08041-A/s2_prev2.tif,,missing,canonical_local_safe,2023-09-22T08:16:39.024000+00:00,,,0,,/mnt/engg-niulab/yuyao/sensors_raw_data/S2_canonical_6510_local_safe_recrop_v4/prev3/emi20230926t114143p08041-A/s2_prev3.tif,available,local_safe_point_recrop_v4,2023-06-26T08:06:11.024000+00:00,S2A_MSIL2A_20230626T080611_N0510_R078_T37SBR_20240917T070423.SAFE,aec24be7-dbde-42fc-b9b4-87bf03948da1,1,/mnt/engg-niulab/yuyao/sensors_raw_data/S2_canonical_6510_local_safe_recrop_v4/seasonal/emi20230926t114143p08041-A/s2_-90.tif,,missing,canonical_local_safe,2022-09-29T08:07:31.024000+00:00,S2A_MSIL2A_20220929T080731_N0510_R078_T37SBS_20240726T001729.SAFE,cc3bfdfa-e3ff-4699-860f-0e0d09844df6,1,/mnt/engg-niulab/yuyao/sensors_raw_data/S2_canonical_6510_local_safe_recrop_v4/year/emi20230926t114143p08041-A/s2_-360.tif,,missing,canonical_local_safe,"prev2,seasonal,year",1,0,,,/mnt/engg-niulab/yuyao/sensors_raw_data/S2/raw_data_dir_s2/S2A_MSIL2A_20230924T080651_N0510_R078_T36SYB_20241027T040648.SAFE,download_manifest,,,/mnt/engg-niulab/yuyao/sensors_raw_data/S2/raw_data_dir_s2/S2A_MSIL2A_20230626T080611_N0510_R078_T37SBR_20240917T070423.SAFE,download_manifest,/mnt/engg-niulab/yuyao/sensors_raw_data/S2/raw_data_dir_s2/S2A_MSIL2A_20220929T080731_N0510_R078_T37SBS_20240726T001729.SAFE,download_manifest,,
emi20231006t100206p07040-B,emi20231006t100206p07040,2023-10-06T10:02:06+00:00,2023-10-06T10:02:06+00:00,33.04926866068013,3.5350665591926425,"[3.496804309678922, 33.025682544940835, 3.563020305002834, 33.08167328311355]",https://api.carbonmapper.org/api/v1/catalog/asset/l3a-vis-ch4-mfa-v3/2023/10/06/emi20231006t100206p07040-B/emi20231006t100206p07040-B_l3a-vis-ch4-mfa-v3_plume.tif,2023-10-06T10:02:06+00:00,,,0,,/mnt/engg-leung/Research_No9_Methane_Emissions/Yuyao/Dataset/plume_raw_s2_90360_fixed_512/emi20231006t100206p07040-B/s2_std_512.tif,available,legacy_gee_correct_512,2023-10-03T10:18:41.024000+00:00,S2A_MSIL2A_20231003T101841_N0510_R065_T31SES_20241103T075022.SAFE,0f3d8cc4-5ea2-43b1-ad85-8d7a8bc15306,1,/mnt/engg-niulab/yuyao/sensors_raw_data/S2_canonical_6510_local_safe_recrop_v4/prev1/emi20231006t100206p07040-B/s2_-7.tif,,missing,canonical_local_safe,2023-10-03T10:18:41.024000+00:00,S2A_MSIL2A_20231003T101841_N0510_R065_T31SES_20241103T075022.SAFE,0f3d8cc4-5ea2-43b1-ad85-8d7a8bc15306,1,/mnt/engg-niulab/yuyao/sensors_raw_data/S2_canonical_6510_local_safe_recrop_v4/prev2/emi20231006t100206p07040-B/s2_prev2.tif,,missing,canonical_local_safe,2023-10-01T10:27:39.024000+00:00,,,0,,/mnt/engg-niulab/yuyao/sensors_raw_data/S2_canonical_6510_local_safe_recrop_v4/prev3/emi20231006t100206p07040-B/s2_prev3.tif,available,local_safe_point_recrop_v4,2023-07-08T10:02:06+00:00,,,0,,/mnt/engg-leung/Research_No9_Methane_Emissions/Yuyao/Dataset/plume_raw_s2_90360_fixed_512/emi20231006t100206p07040-B/s2_90_std_512.tif,available,legacy_gee_correct_512,2022-10-11T10:02:06+00:00,,,0,,/mnt/engg-leung/Research_No9_Methane_Emissions/Yuyao/Dataset/plume_raw_s2_90360_fixed_512/emi20231006t100206p07040-B/s2_360_std_512.tif,available,legacy_gee_correct_512,"prev1,prev2",1,0,/mnt/engg-leung/Research_No9_Methane_Emissions/Yuyao/data_download/raw_data_dir_s2_-7/S2A_MSIL2A_20231003T101841_N0510_R065_T31SES_20241103T075022.SAFE,legacy_minus7_manifest,/mnt/engg-leung/Research_No9_Methane_Emissions/Yuyao/data_download/raw_data_dir_s2_-7/S2A_MSIL2A_20231003T101841_N0510_R065_T31SES_20241103T075022.SAFE,download_manifest,,,,,,,,
emi20231006t100206p07040-F,emi20231006t100206p07040,2023-10-06T10:02:06+00:00,2023-10-06T10:02:06+00:00,33.0339434699894,3.5275419957811494,"[3.4931909862646022, 33.00649844973483, 3.5599770115189275, 33.06248801114754]",https://api.carbonmapper.org/api/v1/catalog/asset/l3a-vis-ch4-mfa-v3/2023/10/06/emi20231006t100206p07040-F/emi20231006t100206p07040-F_l3a-vis-ch4-mfa-v3_plume.tif,2023-10-06T10:02:06+00:00,,,0,,/mnt/engg-leung/Research_No9_Methane_Emissions/Yuyao/Dataset/plume_raw_s2_90360_fixed_512/emi20231006t100206p07040-F/s2_std_512.tif,available,legacy_gee_correct_512,2023-10-03T10:18:41.024000+00:00,S2A_MSIL2A_20231003T101841_N0510_R065_T31SES_20241103T075022.SAFE,0f3d8cc4-5ea2-43b1-ad85-8d7a8bc15306,1,/mnt/engg-niulab/yuyao/sensors_raw_data/S2_canonical_6510_local_safe_recrop_v4/prev1/emi20231006t100206p07040-F/s2_-7.tif,,missing,canonical_local_safe,2023-10-03T10:18:41.024000+00:00,S2A_MSIL2A_20231003T101841_N0510_R065_T31SES_20241103T075022.SAFE,0f3d8cc4-5ea2-43b1-ad85-8d7a8bc15306,1,/mnt/engg-niulab/yuyao/sensors_raw_data/S2_canonical_6510_local_safe_recrop_v4/prev2/emi20231006t100206p07040-F/s2_prev2.tif,,missing,canonical_local_safe,2023-10-01T10:27:39.024000+00:00,,,0,,/mnt/engg-niulab/yuyao/sensors_raw_data/S2_canonical_6510_local_safe_recrop_v4/prev3/emi20231006t100206p07040-F/s2_prev3.tif,available,local_safe_point_recrop_v4,2023-07-08T10:02:06+00:00,,,0,,/mnt/engg-leung/Research_No9_Methane_Emissions/Yuyao/Dataset/plume_raw_s2_90360_fixed_512/emi20231006t100206p07040-F/s2_90_std_512.tif,available,legacy_gee_correct_512,2022-10-11T10:02:06+00:00,,,0,,/mnt/engg-leung/Research_No9_Methane_Emissions/Yuyao/Dataset/plume_raw_s2_90360_fixed_512/emi20231006t100206p07040-F/s2_360_std_512.tif,available,legacy_gee_correct_512,"prev1,prev2",1,0,/mnt/engg-leung/Research_No9_Methane_Emissions/Yuyao/data_download/raw_data_dir_s2_-7/S2A_MSIL2A_20231003T101841_N0510_R065_T31SES_20241103T075022.SAFE,legacy_minus7_manifest,/mnt/engg-leung/Research_No9_Methane_Emissions/Yuyao/data_download/raw_data_dir_s2_-7/S2A_MSIL2A_20231003T101841_N0510_R065_T31SES_20241103T075022.SAFE,download_manifest,,,,,,,,
emi20231015t092740p06023-A,emi20231015t092740p06023,2023-10-15T09:27:40+00:00,2023-10-15T09:27:40+00:00,39.916645032860174,65.90474158912409,"[65.87225605829556, 39.8856955913337, 65.94489548134953, 39.94141099660429]",https://api.carbonmapper.org/api/v1/catalog/asset/l3a-vis-ch4-mfa-v3/2023/10/15/emi20231015t092740p06023-A/emi20231015t092740p06023-A_l3a-vis-ch4-mfa-v3_plume.tif,2023-10-16T06:18:29.024000+00:00,,,0,,/mnt/engg-niulab/yuyao/sensors_raw_data/S2_canonical_6510_local_safe_recrop_v4/t0/emi20231015t092740p06023-A/s2.tif,available,local_safe_point_recrop_v4,2023-10-16T06:18:29.024000+00:00,,,0,,/mnt/engg-niulab/yuyao/sensors_raw_data/S2_canonical_6510_local_safe_recrop_v4/prev1/emi20231015t092740p06023-A/s2_-7.tif,available,local_safe_point_recrop_v4,2023-10-14T06:28:21.024000+00:00,,,0,,/mnt/engg-niulab/yuyao/sensors_raw_data/S2_canonical_6510_local_safe_recrop_v4/prev2/emi20231015t092740p06023-A/s2_prev2.tif,available,local_safe_point_recrop_v4,2023-10-11T06:18:01.024000+00:00,S2A_MSIL2A_20231011T061801_N0510_R034_T41TQE_20241102T192504.SAFE,c83a9c38-f662-42af-8655-76b0c328ad78,1,/mnt/engg-niulab/yuyao/sensors_raw_data/S2_canonical_6510_local_safe_recrop_v4/prev3/emi20231015t092740p06023-A/s2_prev3.tif,,missing,canonical_local_safe,2023-07-16T06:26:31.024000+00:00,,,0,,/mnt/engg-niulab/yuyao/sensors_raw_data/S2_canonical_6510_local_safe_recrop_v4/seasonal/emi20231015t092740p06023-A/s2_-90.tif,available,local_safe_point_recrop_v4,2022-10-16T06:18:41.024000+00:00,S2A_MSIL2A_20221016T061841_N0510_R034_T41TQE_20240722T112741.SAFE,9eb6c5b6-6d6b-43e7-b15c-01e350d3857b,1,/mnt/engg-niulab/yuyao/sensors_raw_data/S2_canonical_6510_local_safe_recrop_v4/year/emi20231015t092740p06023-A/s2_-360.tif,,missing,canonical_local_safe,"prev3,year",1,0,,,,,/mnt/engg-niulab/yuyao/sensors_raw_data/S2/raw_data_dir_s2/S2A_MSIL2A_20231011T061801_N0510_R034_T41TQE_20241102T192504.SAFE,download_manifest,,,/mnt/engg-niulab/yuyao/sensors_raw_data/S2/raw_data_dir_s2/S2A_MSIL2A_20221016T061841_N0510_R034_T41TQE_20240722T112741.SAFE,download_manifest,,
emi20231015t215309p14017-A,emi20231015t215309p14017,2023-10-15T21:53:09+00:00,2023-10-15T21:53:09+00:00,33.08327524489259,-112.28466597488551,"[-112.32473624651952, 33.05792906725912, -112.2558533803986, 33.11514483804664]",https://api.carbonmapper.org/api/v1/catalog/asset/l3a-vis-ch4-mfa-v3/2023/10/15/emi20231015t215309p14017-A/emi20231015t215309p14017-A_l3a-vis-ch4-mfa-v3_plume.tif,2023-10-16T18:03:29.024000+00:00,S2B_MSIL2A_20231016T180329_N0510_R041_T12SUB_20241101T101807.SAFE,a01f6114-6a56-4b8c-9329-e895dc24f12c,1,/mnt/engg-niulab/yuyao/sensors_raw_data/S2_canonical_6510_local_safe_recrop_v4/t0/emi20231015t215309p14017-A/s2.tif,,missing,canonical_local_safe,2023-10-16T18:03:29.024000+00:00,S2B_MSIL2A_20231016T180329_N0510_R041_T12SUB_20241101T101807.SAFE,a01f6114-6a56-4b8c-9329-e895dc24f12c,1,/mnt/engg-niulab/yuyao/sensors_raw_data/S2_canonical_6510_local_safe_recrop_v4/prev1/emi20231015t215309p14017-A/s2_-7.tif,,missing,canonical_local_safe,2023-10-14T18:13:21.024000+00:00,,,0,,/mnt/engg-niulab/yuyao/sensors_raw_data/S2_canonical_6510_local_safe_recrop_v4/prev2/emi20231015t215309p14017-A/s2_prev2.tif,available,local_safe_point_recrop_v4,2023-10-09T18:12:49.024000+00:00,,,0,,/mnt/engg-niulab/yuyao/sensors_raw_data/S2_canonical_6510_local_safe_recrop_v4/prev3/emi20231015t215309p14017-A/s2_prev3.tif,available,local_safe_point_recrop_v4,2023-07-13T17:59:21.024000+00:00,S2A_MSIL2A_20230713T175921_N0510_R041_T12SUB_20241001T164347.SAFE,7213877b-80af-4f0c-84aa-56582834e789,1,/mnt/engg-niulab/yuyao/sensors_raw_data/S2_canonical_6510_local_safe_recrop_v4/seasonal/emi20231015t215309p14017-A/s2_-90.tif,,missing,canonical_local_safe,2022-10-19T18:13:51.024000+00:00,,,0,,/mnt/engg-niulab/yuyao/sensors_raw_data/S2_canonical_6510_local_safe_recrop_v4/year/emi20231015t215309p14017-A/s2_-360.tif,available,local_safe_point_recrop_v4,"t0,prev1,seasonal",1,0,/mnt/engg-niulab/yuyao/sensors_raw_data/S2/raw_data_dir_s2/S2B_MSIL2A_20231016T180329_N0510_R041_T12SUB_20241101T101807.SAFE,download_manifest,,,,,/mnt/engg-niulab/yuyao/sensors_raw_data/S2/raw_data_dir_s2/S2A_MSIL2A_20230713T175921_N0510_R041_T12SUB_20241001T164347.SAFE,download_manifest,,,/mnt/engg-niulab/yuyao/sensors_raw_data/S2/raw_data_dir_s2/S2B_MSIL2A_20231016T180329_N0510_R041_T12SUB_20241101T101807.SAFE,download_manifest
emi20240201t082418p06034-A,emi20240201t082418p06034,2024-02-01T08:24:18+00:00,2024-02-01T08:24:18+00:00,40.25317383617752,58.44007302518867,"[58.40506093148999, 40.22985659655137, 58.47414165093115, 40.28257639703605]",https://api.carbonmapper.org/api/v1/catalog/asset/l3a-vis-ch4-mfa-v3/2024/02/01/emi20240201t082418p06034-A/emi20240201t082418p06034-A_l3a-vis-ch4-mfa-v3_plume.tif,2024-02-02T06:51:09.024000+00:00,S2B_MSIL2A_20240202T065109_N0510_R020_T40TFK_20240202T095544.SAFE,6dec80be-f594-4422-a77a-8602cf88e68b,1,/mnt/engg-niulab/yuyao/sensors_raw_data/S2_canonical_6510_local_safe_recrop_v4/t0/emi20240201t082418p06034-A/s2.tif,,missing,canonical_local_safe,2024-02-02T06:51:09.024000+00:00,S2B_MSIL2A_20240202T065109_N0510_R020_T40TFK_20240202T095544.SAFE,6dec80be-f594-4422-a77a-8602cf88e68b,1,/mnt/engg-niulab/yuyao/sensors_raw_data/S2_canonical_6510_local_safe_recrop_v4/prev1/emi20240201t082418p06034-A/s2_-7.tif,,missing,canonical_local_safe,2024-01-31T07:01:21.024000+00:00,,,0,,/mnt/engg-niulab/yuyao/sensors_raw_data/S2_canonical_6510_local_safe_recrop_v4/prev2/emi20240201t082418p06034-A/s2_prev2.tif,available,local_safe_point_recrop_v4,2024-01-13T06:52:39.024000+00:00,S2B_MSIL2A_20240113T065239_N0510_R020_T40TFK_20240113T084012.SAFE,23028589-0d10-4f01-9ecf-3c9b6ba074e1,1,/mnt/engg-niulab/yuyao/sensors_raw_data/S2_canonical_6510_local_safe_recrop_v4/prev3/emi20240201t082418p06034-A/s2_prev3.tif,,missing,canonical_local_safe,2023-11-02T07:00:31.024000+00:00,,,0,,/mnt/engg-niulab/yuyao/sensors_raw_data/S2_canonical_6510_local_safe_recrop_v4/seasonal/emi20240201t082418p06034-A/s2_-90.tif,available,local_safe_point_recrop_v4,2023-01-31T07:01:19.024000+00:00,,,0,,/mnt/engg-niulab/yuyao/sensors_raw_data/S2_canonical_6510_local_safe_recrop_v4/year/emi20240201t082418p06034-A/s2_-360.tif,available,local_safe_point_recrop_v4,"t0,prev1,prev3",1,0,/mnt/engg-niulab/yuyao/sensors_raw_data/S2/raw_data_dir_s2/S2B_MSIL2A_20240202T065109_N0510_R020_T40TFK_20240202T095544.SAFE,download_manifest,,,/mnt/engg-niulab/yuyao/sensors_raw_data/S2/raw_data_dir_s2/S2B_MSIL2A_20240113T065239_N0510_R020_T40TFK_20240113T084012.SAFE,download_manifest,,,,,/mnt/engg-niulab/yuyao/sensors_raw_data/S2/raw_data_dir_s2/S2B_MSIL2A_20240202T065109_N0510_R020_T40TFK_20240202T095544.SAFE,download_manifest
emi20240215t083826p06019-A,emi20240215t083826p06019,2024-02-15T08:38:26+00:00,2024-02-15T08:38:26+00:00,27.77646594316448,85.22837320383178,"[85.20070446301241, 27.749010830139994, 85.26783728593547, 27.807894978400647]",https://api.carbonmapper.org/api/v1/catalog/asset/l3a-vis-ch4-mfa-v3/2024/02/15/emi20240215t083826p06019-A/emi20240215t083826p06019-A_l3a-vis-ch4-mfa-v3_plume.tif,2024-02-16T04:48:59.024000+00:00,S2B_MSIL2A_20240216T044859_N0510_R076_T45RUL_20240216T071303.SAFE,e3b0271f-3761-403e-a0dc-a70f2f1b836c,1,/mnt/engg-niulab/yuyao/sensors_raw_data/S2_canonical_6510_local_safe_recrop_v4/t0/emi20240215t083826p06019-A/s2.tif,,missing,canonical_local_safe,2024-02-16T04:48:59.024000+00:00,S2B_MSIL2A_20240216T044859_N0510_R076_T45RUL_20240216T071303.SAFE,e3b0271f-3761-403e-a0dc-a70f2f1b836c,1,/mnt/engg-niulab/yuyao/sensors_raw_data/S2_canonical_6510_local_safe_recrop_v4/prev1/emi20240215t083826p06019-A/s2_-7.tif,,missing,canonical_local_safe,2024-02-09T04:59:49.024000+00:00,,,0,,/mnt/engg-niulab/yuyao/sensors_raw_data/S2_canonical_6510_local_safe_recrop_v4/prev2/emi20240215t083826p06019-A/s2_prev2.tif,available,local_safe_point_recrop_v4,2024-01-15T05:01:41.024000+00:00,,,0,,/mnt/engg-niulab/yuyao/sensors_raw_data/S2_canonical_6510_local_safe_recrop_v4/prev3/emi20240215t083826p06019-A/s2_prev3.tif,available,local_safe_point_recrop_v4,2023-11-16T05:00:51.024000+00:00,,,0,,/mnt/engg-niulab/yuyao/sensors_raw_data/S2_canonical_6510_local_safe_recrop_v4/seasonal/emi20240215t083826p06019-A/s2_-90.tif,available,local_safe_point_recrop_v4,2023-02-19T04:58:41.024000+00:00,,,0,,/mnt/engg-niulab/yuyao/sensors_raw_data/S2_canonical_6510_local_safe_recrop_v4/year/emi20240215t083826p06019-A/s2_-360.tif,available,local_safe_point_recrop_v4,"t0,prev1",1,0,/mnt/engg-niulab/yuyao/sensors_raw_data/S2/raw_data_dir_s2/S2B_MSIL2A_20240216T044859_N0510_R076_T45RUL_20240216T071303.SAFE,download_manifest,,,,,,,,,/mnt/engg-niulab/yuyao/sensors_raw_data/S2/raw_data_dir_s2/S2B_MSIL2A_20240216T044859_N0510_R076_T45RUL_20240216T071303.SAFE,download_manifest
emi20240408t052254p04006-A,emi20240408t052254p04006,2024-04-08T05:22:54+00:00,2024-04-08T05:22:54+00:00,39.91698021612467,65.90434686776237,"[65.85776854845773, 39.89026934343105, 65.92801111240368, 39.94414345246082]",https://api.carbonmapper.org/api/v1/catalog/asset/l3a-vis-ch4-mfa-v3/2024/04/08/emi20240408t052254p04006-A/emi20240408t052254p04006-A_l3a-vis-ch4-mfa-v3_plume.tif,2024-04-08T06:19:01.024000+00:00,S2A_MSIL2A_20240408T061901_N0510_R034_T41TQE_20240408T094953.SAFE,814a6762-f8ec-4033-a0e5-91af87587664,1,/mnt/engg-niulab/yuyao/sensors_raw_data/S2_canonical_6510_local_safe_recrop_v4/t0/emi20240408t052254p04006-A/s2.tif,,missing,canonical_local_safe,2024-04-08T06:19:01.024000+00:00,S2A_MSIL2A_20240408T061901_N0510_R034_T42TTK_20240408T094953.SAFE,e4af27ba-1ae7-4b4f-b5c9-2390ea36fcee,1,/mnt/engg-niulab/yuyao/sensors_raw_data/S2_canonical_6510_local_safe_recrop_v4/prev1/emi20240408t052254p04006-A/s2_-7.tif,,missing,canonical_local_safe,2024-04-06T06:26:29.024000+00:00,,,0,,/mnt/engg-niulab/yuyao/sensors_raw_data/S2_canonical_6510_local_safe_recrop_v4/prev2/emi20240408t052254p04006-A/s2_prev2.tif,available,local_safe_point_recrop_v4,2024-03-24T06:16:29.024000+00:00,,,0,,/mnt/engg-niulab/yuyao/sensors_raw_data/S2_canonical_6510_local_safe_recrop_v4/prev3/emi20240408t052254p04006-A/s2_prev3.tif,available,local_safe_point_recrop_v4,2023-12-30T06:22:51.024000+00:00,,,0,,/mnt/engg-niulab/yuyao/sensors_raw_data/S2_canonical_6510_local_safe_recrop_v4/seasonal/emi20240408t052254p04006-A/s2_-90.tif,available,local_safe_point_recrop_v4,2023-04-07T06:26:31.024000+00:00,,,0,,/mnt/engg-niulab/yuyao/sensors_raw_data/S2_canonical_6510_local_safe_recrop_v4/year/emi20240408t052254p04006-A/s2_-360.tif,available,local_safe_point_recrop_v4,"t0,prev1",1,0,/mnt/engg-niulab/yuyao/sensors_raw_data/S2/raw_data_dir_s2/S2A_MSIL2A_20240408T061901_N0510_R034_T42TTK_20240408T094953.SAFE,download_manifest,,,,,,,,,/mnt/engg-niulab/yuyao/sensors_raw_data/S2/raw_data_dir_s2/S2A_MSIL2A_20240408T061901_N0510_R034_T41TQE_20240408T094953.SAFE,download_manifest
emi20240417t080011p05030-A,emi20240417t080011p05030,2024-04-17T08:00:11+00:00,2024-04-17T08:00:11+00:00,14.05820850688808,99.96208667354983,"[99.93499194525832, 14.033341049398757, 99.99785336161236, 14.09431823016836]",https://api.carbonmapper.org/api/v1/catalog/asset/l3a-vis-ch4-mfa-v3/2024/04/17/emi20240417t080011p05030-A/emi20240417t080011p05030-A_l3a-vis-ch4-mfa-v3_plume.tif,2024-04-18T03:45:39.024000+00:00,S2B_MSIL2A_20240418T034539_N0510_R104_T47PPR_20240418T064256.SAFE,e3adb088-d976-45fa-b7d2-e3bd1391d1f8,1,/mnt/engg-niulab/yuyao/sensors_raw_data/S2_canonical_6510_local_safe_recrop_v4/t0/emi20240417t080011p05030-A/s2.tif,,missing,canonical_local_safe,2024-04-18T03:45:39.024000+00:00,S2B_MSIL2A_20240418T034539_N0510_R104_T47PPR_20240418T064256.SAFE,e3adb088-d976-45fa-b7d2-e3bd1391d1f8,1,/mnt/engg-niulab/yuyao/sensors_raw_data/S2_canonical_6510_local_safe_recrop_v4/prev1/emi20240417t080011p05030-A/s2_-7.tif,,missing,canonical_local_safe,2024-04-15T03:35:39.024000+00:00,,,0,,/mnt/engg-niulab/yuyao/sensors_raw_data/S2_canonical_6510_local_safe_recrop_v4/prev2/emi20240417t080011p05030-A/s2_prev2.tif,available,local_safe_point_recrop_v4,2024-04-13T03:45:41.024000+00:00,S2A_MSIL2A_20240413T034541_N0510_R104_T47PPR_20240413T093951.SAFE,8b5ebdd3-8084-4b1a-b17d-a83258853da1,1,/mnt/engg-niulab/yuyao/sensors_raw_data/S2_canonical_6510_local_safe_recrop_v4/prev3/emi20240417t080011p05030-A/s2_prev3.tif,,missing,canonical_local_safe,2024-01-16T03:41:09.024000+00:00,,,0,,/mnt/engg-niulab/yuyao/sensors_raw_data/S2_canonical_6510_local_safe_recrop_v4/seasonal/emi20240417t080011p05030-A/s2_-90.tif,available,local_safe_point_recrop_v4,2023-04-21T03:35:39.024000+00:00,,,0,,/mnt/engg-niulab/yuyao/sensors_raw_data/S2_canonical_6510_local_safe_recrop_v4/year/emi20240417t080011p05030-A/s2_-360.tif,available,local_safe_point_recrop_v4,"t0,prev1,prev3",1,0,/mnt/engg-niulab/yuyao/sensors_raw_data/S2/raw_data_dir_s2/S2B_MSIL2A_20240418T034539_N0510_R104_T47PPR_20240418T064256.SAFE,download_manifest,,,/mnt/engg-niulab/yuyao/sensors_raw_data/S2/raw_data_dir_s2/S2A_MSIL2A_20240413T034541_N0510_R104_T47PPR_20240413T093951.SAFE,download_manifest,,,,,/mnt/engg-niulab/yuyao/sensors_raw_data/S2/raw_data_dir_s2/S2B_MSIL2A_20240418T034539_N0510_R104_T47PPR_20240418T064256.SAFE,download_manifest
emi20240625t051438p04015-B,emi20240625t051438p04015,2024-06-25T05:14:38+00:00,2024-06-25T05:14:38+00:00,38.734743924215024,64.61759710967905,"[64.58023528231152, 38.699138244711726, 64.650940368201, 38.754777481282574]",https://api.carbonmapper.org/api/v1/catalog/asset/l3a-vis-ch4-mfa-v3/2024/06/25/emi20240625t051438p04015-B/emi20240625t051438p04015-B_l3a-vis-ch4-mfa-v3_plume.tif,2024-06-25T05:14:38+00:00,,,0,,/mnt/engg-leung/Research_No9_Methane_Emissions/Yuyao/Dataset/plume_raw_s2_90360_fixed_512/emi20240625t051438p04015-B/s2_std_512.tif,available,legacy_gee_correct_512,2024-06-20T06:26:31.024000+00:00,,,0,,/mnt/engg-niulab/yuyao/sensors_raw_data/S2_canonical_6510_local_safe_recrop_v4/prev1/emi20240625t051438p04015-B/s2_-7.tif,available,local_safe_point_recrop_v4,2024-06-20T06:26:31.024000+00:00,,,0,,/mnt/engg-niulab/yuyao/sensors_raw_data/S2_canonical_6510_local_safe_recrop_v4/prev2/emi20240625t051438p04015-B/s2_prev2.tif,available,local_safe_point_recrop_v4,2024-06-15T06:26:29.024000+00:00,S2B_MSIL2A_20240615T062629_N0510_R077_T41SPD_20240615T080910.SAFE,6ddf70bc-f9df-4c32-85a5-dd9806fdc492,1,/mnt/engg-niulab/yuyao/sensors_raw_data/S2_canonical_6510_local_safe_recrop_v4/prev3/emi20240625t051438p04015-B/s2_prev3.tif,,missing,canonical_local_safe,2024-03-27T05:14:38+00:00,,,0,,/mnt/engg-leung/Research_No9_Methane_Emissions/Yuyao/Dataset/plume_raw_s2_90360_fixed_512/emi20240625t051438p04015-B/s2_90_std_512.tif,available,legacy_gee_correct_512,2023-07-01T05:14:38+00:00,,,0,,/mnt/engg-leung/Research_No9_Methane_Emissions/Yuyao/Dataset/plume_raw_s2_90360_fixed_512/emi20240625t051438p04015-B/s2_360_std_512.tif,available,legacy_gee_correct_512,prev3,1,0,,,,,/mnt/engg-leung/Research_No9_Methane_Emissions/Yuyao/raw_data_dir_s2_90360/S2B_MSIL2A_20240615T062629_N0510_R077_T41SPD_20240615T080910.SAFE,download_manifest,,,,,,
emi20240726t095137p07016-A,emi20240726t095137p07016,2024-07-26T09:51:37+00:00,2024-07-26T09:51:37+00:00,28.04643344997828,53.20116046936744,"[53.167475780349015, 28.027398004543414, 53.23405261058764, 28.085644499309463]",https://api.carbonmapper.org/api/v1/catalog/asset/l3a-vis-ch4-mfa-v3/2024/07/26/emi20240726t095137p07016-A/emi20240726t095137p07016-A_l3a-vis-ch4-mfa-v3_plume.tif,2024-07-27T07:06:29.024000+00:00,S2B_MSIL2A_20240727T070629_N0511_R106_T39RYM_20240727T093733.SAFE,de7c3f08-d906-4cf1-b704-d706513e7c57,1,/mnt/engg-niulab/yuyao/sensors_raw_data/S2_canonical_6510_local_safe_recrop_v4/t0/emi20240726t095137p07016-A/s2.tif,,missing,canonical_local_safe,2024-07-27T07:06:29.024000+00:00,S2B_MSIL2A_20240727T070629_N0511_R106_T39RYM_20240727T093733.SAFE,de7c3f08-d906-4cf1-b704-d706513e7c57,1,/mnt/engg-niulab/yuyao/sensors_raw_data/S2_canonical_6510_local_safe_recrop_v4/prev1/emi20240726t095137p07016-A/s2_-7.tif,,missing,canonical_local_safe,2024-07-24T06:56:29.024000+00:00,,,0,,/mnt/engg-niulab/yuyao/sensors_raw_data/S2_canonical_6510_local_safe_recrop_v4/prev2/emi20240726t095137p07016-A/s2_prev2.tif,available,local_safe_point_recrop_v4,2024-07-22T07:06:21.024000+00:00,S2A_MSIL2A_20240722T070621_N0510_R106_T39RYM_20240722T113149.SAFE,e4391575-bd97-4c47-8b06-b79c7c4c4b84,1,/mnt/engg-niulab/yuyao/sensors_raw_data/S2_canonical_6510_local_safe_recrop_v4/prev3/emi20240726t095137p07016-A/s2_prev3.tif,,missing,canonical_local_safe,2024-04-25T06:56:19.024000+00:00,,,0,,/mnt/engg-niulab/yuyao/sensors_raw_data/S2_canonical_6510_local_safe_recrop_v4/seasonal/emi20240726t095137p07016-A/s2_-90.tif,available,local_safe_point_recrop_v4,2023-07-30T06:56:29.024000+00:00,,,0,,/mnt/engg-niulab/yuyao/sensors_raw_data/S2_canonical_6510_local_safe_recrop_v4/year/emi20240726t095137p07016-A/s2_-360.tif,available,local_safe_point_recrop_v4,"t0,prev1,prev3",1,0,/mnt/engg-niulab/yuyao/sensors_raw_data/S2/raw_data_dir_s2/S2B_MSIL2A_20240727T070629_N0511_R106_T39RYM_20240727T093733.SAFE,download_manifest,,,/mnt/engg-niulab/yuyao/sensors_raw_data/S2/raw_data_dir_s2/S2A_MSIL2A_20240722T070621_N0510_R106_T39RYM_20240722T113149.SAFE,download_manifest,,,,,/mnt/engg-niulab/yuyao/sensors_raw_data/S2/raw_data_dir_s2/S2B_MSIL2A_20240727T070629_N0511_R106_T39RYM_20240727T093733.SAFE,download_manifest
emi20240805t172803p12003-A,emi20240805t172803p12003,2024-08-05T17:28:03+00:00,2024-08-05T17:28:03+00:00,32.40858543342556,-116.74371604340688,"[-116.79254013635168, 32.2754457204348, -116.57516326616079, 32.459049492833635]",https://api.carbonmapper.org/api/v1/catalog/asset/l3a-vis-ch4-mfa-v3/2024/08/05/emi20240805t172803p12003-A/emi20240805t172803p12003-A_l3a-vis-ch4-mfa-v3_plume.tif,2024-08-05T18:41:01.024000+00:00,S2A_MSIL2A_20240805T184101_N0511_R027_T11SNS_20240806T012051.SAFE,c35587a9-9b73-4eda-a15a-dca6235f238d,1,/mnt/engg-niulab/yuyao/sensors_raw_data/S2_canonical_6510_local_safe_recrop_v4/t0/emi20240805t172803p12003-A/s2.tif,,missing,canonical_local_safe,2024-08-05T18:41:01.024000+00:00,S2A_MSIL2A_20240805T184101_N0511_R027_T11SNS_20240806T012051.SAFE,c35587a9-9b73-4eda-a15a-dca6235f238d,1,/mnt/engg-niulab/yuyao/sensors_raw_data/S2_canonical_6510_local_safe_recrop_v4/prev1/emi20240805t172803p12003-A/s2_-7.tif,,missing,canonical_local_safe,2024-08-02T18:19:21.024000+00:00,,,0,,/mnt/engg-niulab/yuyao/sensors_raw_data/S2_canonical_6510_local_safe_recrop_v4/prev2/emi20240805t172803p12003-A/s2_prev2.tif,available,local_safe_point_recrop_v4,2024-07-31T18:29:19.024000+00:00,S2B_MSIL2A_20240731T182919_N0511_R027_T11SNS_20240731T220220.SAFE,c99c673d-a6e6-491c-bf8d-00d2becba192,1,/mnt/engg-niulab/yuyao/sensors_raw_data/S2_canonical_6510_local_safe_recrop_v4/prev3/emi20240805t172803p12003-A/s2_prev3.tif,,missing,canonical_local_safe,2024-05-04T18:19:21.024000+00:00,,,0,,/mnt/engg-niulab/yuyao/sensors_raw_data/S2_canonical_6510_local_safe_recrop_v4/seasonal/emi20240805t172803p12003-A/s2_-90.tif,available,local_safe_point_recrop_v4,2023-08-06T18:29:19.024000+00:00,S2B_MSIL2A_20230806T182919_N0510_R027_T11SNS_20241021T054204.SAFE,09a02ce6-ed7b-471e-a08b-5bcf895087fe,1,/mnt/engg-niulab/yuyao/sensors_raw_data/S2_canonical_6510_local_safe_recrop_v4/year/emi20240805t172803p12003-A/s2_-360.tif,,missing,canonical_local_safe,"t0,prev1,prev3,year",1,0,/mnt/engg-niulab/yuyao/sensors_raw_data/S2/raw_data_dir_s2/S2A_MSIL2A_20240805T184101_N0511_R027_T11SNS_20240806T012051.SAFE,download_manifest,,,/mnt/engg-niulab/yuyao/sensors_raw_data/S2/raw_data_dir_s2/S2B_MSIL2A_20240731T182919_N0511_R027_T11SNS_20240731T220220.SAFE,download_manifest,,,/mnt/engg-niulab/yuyao/sensors_raw_data/S2/raw_data_dir_s2/S2B_MSIL2A_20230806T182919_N0510_R027_T11SNS_20241021T054204.SAFE,download_manifest,/mnt/engg-niulab/yuyao/sensors_raw_data/S2/raw_data_dir_s2/S2A_MSIL2A_20240805T184101_N0511_R027_T11SNS_20240806T012051.SAFE,download_manifest
emi20240817t082107p06021-A,emi20240817t082107p06021,2024-08-17T08:21:07+00:00,2024-08-17T08:21:07+00:00,40.252728365014406,58.440736552022855,"[58.40937874382504, 40.22815697150674, 58.48012524114588, 40.28214887926187]",https://api.carbonmapper.org/api/v1/catalog/asset/l3a-vis-ch4-mfa-v3/2024/08/17/emi20240817t082107p06021-A/emi20240817t082107p06021-A_l3a-vis-ch4-mfa-v3_plume.tif,2024-08-18T06:56:21.024000+00:00,,,0,,/mnt/engg-niulab/yuyao/sensors_raw_data/S2_canonical_6510_local_safe_recrop_v4/t0/emi20240817t082107p06021-A/s2.tif,available,local_safe_point_recrop_v4,2024-08-18T06:56:21.024000+00:00,,,0,,/mnt/engg-niulab/yuyao/sensors_raw_data/S2_canonical_6510_local_safe_recrop_v4/prev1/emi20240817t082107p06021-A/s2_-7.tif,available,local_safe_point_recrop_v4,2024-08-10T06:46:29.024000+00:00,S2B_MSIL2A_20240810T064629_N0511_R020_T40TFK_20240810T111308.SAFE,12600d4a-f7a9-482d-b38e-d43ea772a5fa,1,/mnt/engg-niulab/yuyao/sensors_raw_data/S2_canonical_6510_local_safe_recrop_v4/prev2/emi20240817t082107p06021-A/s2_prev2.tif,,missing,canonical_local_safe,2024-08-05T06:46:31.024000+00:00,S2A_MSIL2A_20240805T064631_N0511_R020_T40TFK_20240805T131606.SAFE,5c8658c4-808f-457a-9f5b-3d6272b95e64,1,/mnt/engg-niulab/yuyao/sensors_raw_data/S2_canonical_6510_local_safe_recrop_v4/prev3/emi20240817t082107p06021-A/s2_prev3.tif,,missing,canonical_local_safe,2024-04-30T06:56:21.024000+00:00,,,0,,/mnt/engg-niulab/yuyao/sensors_raw_data/S2_canonical_6510_local_safe_recrop_v4/seasonal/emi20240817t082107p06021-A/s2_-90.tif,available,local_safe_point_recrop_v4,2023-08-21T06:46:31.024000+00:00,,,0,,/mnt/engg-niulab/yuyao/sensors_raw_data/S2_canonical_6510_local_safe_recrop_v4/year/emi20240817t082107p06021-A/s2_-360.tif,available,local_safe_point_recrop_v4,"prev2,prev3",1,0,,,/mnt/engg-niulab/yuyao/sensors_raw_data/S2/raw_data_dir_s2/S2B_MSIL2A_20240810T064629_N0511_R020_T40TFK_20240810T111308.SAFE,download_manifest,/mnt/engg-niulab/yuyao/sensors_raw_data/S2/raw_data_dir_s2/S2A_MSIL2A_20240805T064631_N0511_R020_T40TFK_20240805T131606.SAFE,download_manifest,,,,,,
emi20240821t081938p06030-B,emi20240821t081938p06030,2024-08-21T08:19:38+00:00,2024-08-21T08:19:38+00:00,31.302124319851018,49.12022154644612,"[49.0334375516228, 31.27294537010408, 49.15336394837306, 31.375391225032004]",https://api.carbonmapper.org/api/v1/catalog/asset/l3a-vis-ch4-mfa-v3/2024/08/21/emi20240821t081938p06030-B/emi20240821t081938p06030-B_l3a-vis-ch4-mfa-v3_plume.tif,2024-08-22T07:26:19.024000+00:00,S2B_MSIL2A_20240822T072619_N0511_R049_T39RUQ_20240822T103322.SAFE,cce6f894-e76b-49d5-8727-d5f0410f42e6,1,/mnt/engg-niulab/yuyao/sensors_raw_data/S2_canonical_6510_local_safe_recrop_v4/t0/emi20240821t081938p06030-B/s2.tif,,missing,canonical_local_safe,2024-08-22T07:26:19.024000+00:00,S2B_MSIL2A_20240822T072619_N0511_R049_T39RUQ_20240822T103322.SAFE,cce6f894-e76b-49d5-8727-d5f0410f42e6,1,/mnt/engg-niulab/yuyao/sensors_raw_data/S2_canonical_6510_local_safe_recrop_v4/prev1/emi20240821t081938p06030-B/s2_-7.tif,,missing,canonical_local_safe,2024-08-19T07:16:19.024000+00:00,,,0,,/mnt/engg-niulab/yuyao/sensors_raw_data/S2_canonical_6510_local_safe_recrop_v4/prev2/emi20240821t081938p06030-B/s2_prev2.tif,available,local_safe_point_recrop_v4,2024-08-17T07:26:21.024000+00:00,S2A_MSIL2A_20240817T072621_N0511_R049_T39RUQ_20240817T120352.SAFE,6ecfc02b-8c6f-446c-a6b6-8ea5a6f530f2,1,/mnt/engg-niulab/yuyao/sensors_raw_data/S2_canonical_6510_local_safe_recrop_v4/prev3/emi20240821t081938p06030-B/s2_prev3.tif,,missing,canonical_local_safe,2024-05-21T07:16:19.024000+00:00,,,0,,/mnt/engg-niulab/yuyao/sensors_raw_data/S2_canonical_6510_local_safe_recrop_v4/seasonal/emi20240821t081938p06030-B/s2_-90.tif,available,local_safe_point_recrop_v4,2023-08-25T07:16:19.024000+00:00,,,0,,/mnt/engg-niulab/yuyao/sensors_raw_data/S2_canonical_6510_local_safe_recrop_v4/year/emi20240821t081938p06030-B/s2_-360.tif,available,local_safe_point_recrop_v4,"t0,prev1,prev3",1,0,/mnt/engg-niulab/yuyao/sensors_raw_data/S2/raw_data_dir_s2/S2B_MSIL2A_20240822T072619_N0511_R049_T39RUQ_20240822T103322.SAFE,download_manifest,,,/mnt/engg-niulab/yuyao/sensors_raw_data/S2/raw_data_dir_s2/S2A_MSIL2A_20240817T072621_N0511_R049_T39RUQ_20240817T120352.SAFE,download_manifest,,,,,/mnt/engg-niulab/yuyao/sensors_raw_data/S2/raw_data_dir_s2/S2B_MSIL2A_20240822T072619_N0511_R049_T39RUQ_20240822T103322.SAFE,download_manifest
emi20240928t104501p07002-A,emi20240928t104501p07002,2024-09-28T10:45:01+00:00,2024-09-28T10:45:01+00:00,28.28623778030604,19.92717598057212,"[19.90130113612431, 28.251990893884376, 19.96731116694487, 28.310121570973816]",https://api.carbonmapper.org/api/v1/catalog/asset/l3a-vis-ch4-mfa-v3/2024/09/28/emi20240928t104501p07002-A/emi20240928t104501p07002-A_l3a-vis-ch4-mfa-v3_plume.tif,2024-09-29T09:20:31.024000+00:00,,,0,,/mnt/engg-niulab/yuyao/sensors_raw_data/S2_canonical_6510_local_safe_recrop_v4/t0/emi20240928t104501p07002-A/s2.tif,available,local_safe_point_recrop_v4,2024-09-29T09:20:31.024000+00:00,,,0,,/mnt/engg-niulab/yuyao/sensors_raw_data/S2_canonical_6510_local_safe_recrop_v4/prev1/emi20240928t104501p07002-A/s2_-7.tif,available,local_safe_point_recrop_v4,2024-09-26T09:07:31.024000+00:00,S2A_MSIL2A_20240926T090731_N0511_R050_T34RCS_20240926T152806.SAFE,2d218d3d-640c-4e2f-a8a6-437770b7483a,1,/mnt/engg-niulab/yuyao/sensors_raw_data/S2_canonical_6510_local_safe_recrop_v4/prev2/emi20240928t104501p07002-A/s2_prev2.tif,,missing,canonical_local_safe,2024-09-24T09:20:29.025000+00:00,,,0,,/mnt/engg-niulab/yuyao/sensors_raw_data/S2_canonical_6510_local_safe_recrop_v4/prev3/emi20240928t104501p07002-A/s2_prev3.tif,available,local_safe_point_recrop_v4,2024-06-28T09:06:01.024000+00:00,S2A_MSIL2A_20240628T090601_N0510_R050_T34RCS_20240628T134250.SAFE,d49fb62d-57f3-4141-bc51-92e12a965dec,1,/mnt/engg-niulab/yuyao/sensors_raw_data/S2_canonical_6510_local_safe_recrop_v4/seasonal/emi20240928t104501p07002-A/s2_-90.tif,,missing,canonical_local_safe,2023-10-02T09:08:11.024000+00:00,S2A_MSIL2A_20231002T090811_N0510_R050_T34RCS_20241101T094232.SAFE,6b65d6d4-c3e6-4448-a5bc-9635be8a79b1,1,/mnt/engg-niulab/yuyao/sensors_raw_data/S2_canonical_6510_local_safe_recrop_v4/year/emi20240928t104501p07002-A/s2_-360.tif,,missing,canonical_local_safe,"prev2,seasonal,year",1,0,,,/mnt/engg-niulab/yuyao/sensors_raw_data/S2/raw_data_dir_s2/S2A_MSIL2A_20240926T090731_N0511_R050_T34RCS_20240926T152806.SAFE,download_manifest,,,/mnt/engg-niulab/yuyao/sensors_raw_data/S2/raw_data_dir_s2/S2A_MSIL2A_20240628T090601_N0510_R050_T34RCS_20240628T134250.SAFE,download_manifest,/mnt/engg-niulab/yuyao/sensors_raw_data/S2/raw_data_dir_s2/S2A_MSIL2A_20231002T090811_N0510_R050_T34RCS_20241101T094232.SAFE,download_manifest,,
emi20250110t122922p08002-A,emi20250110t122922p08002,2025-01-10T12:29:22+00:00,2025-01-10T12:29:22+00:00,-36.76712042391877,-72.96468610691441,"[-73.00213865318385, -36.79064513644257, -72.93268593354276, -36.73500518783531]",https://api.carbonmapper.org/api/v1/catalog/asset/l3a-vis-ch4-mfa-v3/2025/01/10/emi20250110t122922p08002-A/emi20250110t122922p08002-A_l3a-vis-ch4-mfa-v3_plume.tif,2025-01-10T14:47:31.024000+00:00,,,0,,/mnt/engg-leung/Research_No9_Methane_Emissions/Yuyao/Dataset/plume_raw_s2_90360_fixed_512/emi20250110t122922p08002-A/s2_std_512.tif,available,legacy_gee_correct_512,2025-01-10T14:47:31.024000+00:00,S2A_MSIL2A_20250110T144731_N0511_R139_T18HXE_20250110T194901.SAFE,d075e74f-0c18-413d-9f3d-9932c4786fc7,1,/mnt/engg-niulab/yuyao/sensors_raw_data/S2_canonical_6510_local_safe_recrop_v4/prev1/emi20250110t122922p08002-A/s2_-7.tif,,missing,canonical_local_safe,2025-01-02T14:37:39.024000+00:00,,,0,,/mnt/engg-niulab/yuyao/sensors_raw_data/S2_canonical_6510_local_safe_recrop_v4/prev2/emi20250110t122922p08002-A/s2_prev2.tif,available,local_safe_point_recrop_v4,2024-12-31T14:47:31.024000+00:00,S2A_MSIL2A_20241231T144731_N0511_R139_T18HXE_20241231T195105.SAFE,2ce377b1-cd83-48b4-a7ed-58c4d45c8408,1,/mnt/engg-niulab/yuyao/sensors_raw_data/S2_canonical_6510_local_safe_recrop_v4/prev3/emi20250110t122922p08002-A/s2_prev3.tif,,missing,canonical_local_safe,2024-10-12T12:29:22+00:00,,,0,,/mnt/engg-leung/Research_No9_Methane_Emissions/Yuyao/Dataset/plume_raw_s2_90360_fixed_512/emi20250110t122922p08002-A/s2_90_std_512.tif,available,legacy_gee_correct_512,2024-01-16T12:29:22+00:00,,,0,,/mnt/engg-leung/Research_No9_Methane_Emissions/Yuyao/Dataset/plume_raw_s2_90360_fixed_512/emi20250110t122922p08002-A/s2_360_std_512.tif,available,legacy_gee_correct_512,"prev1,prev3",1,0,/mnt/engg-niulab/yuyao/sensors_raw_data/S2/raw_data_dir_s2/S2A_MSIL2A_20250110T144731_N0511_R139_T18HXE_20250110T194901.SAFE,download_manifest,,,/mnt/engg-niulab/yuyao/sensors_raw_data/S2/raw_data_dir_s2/S2A_MSIL2A_20241231T144731_N0511_R139_T18HXE_20241231T195105.SAFE,download_manifest,,,,,,
emi20250521t150649p10006-A,emi20250521t150649p10006,2025-05-21T15:06:49+00:00,2025-05-21T15:06:49+00:00,-22.77854796516605,-47.20538767079268,"[-47.247452649714845, -22.79842780706436, -47.18268860902951, -22.738710469495032]",https://api.carbonmapper.org/api/v1/catalog/asset/l3a-vis-ch4-mfa-v3/2025/05/21/emi20250521t150649p10006-A/emi20250521t150649p10006-A_l3a-vis-ch4-mfa-v3_plume.tif,2025-05-22T13:13:01.024000+00:00,,,0,,/mnt/engg-niulab/yuyao/sensors_raw_data/S2_canonical_6510_local_safe_recrop_v4/t0/emi20250521t150649p10006-A/s2.tif,available,local_safe_point_recrop_v4,2025-05-20T13:13:01.025000+00:00,,,0,,/mnt/engg-niulab/yuyao/sensors_raw_data/S2_canonical_6510_local_safe_recrop_v4/prev1/emi20250521t150649p10006-A/s2_-7.tif,available,local_safe_point_recrop_v4,2025-05-15T13:12:39.024000+00:00,,,0,,/mnt/engg-niulab/yuyao/sensors_raw_data/S2_canonical_6510_local_safe_recrop_v4/prev2/emi20250521t150649p10006-A/s2_prev2.tif,available,local_safe_point_recrop_v4,2025-05-13T13:22:51.025000+00:00,,,0,,/mnt/engg-niulab/yuyao/sensors_raw_data/S2_canonical_6510_local_safe_recrop_v4/prev3/emi20250521t150649p10006-A/s2_prev3.tif,available,local_safe_point_recrop_v4,2025-02-19T13:13:01.025000+00:00,S2C_MSIL2A_20250219T131301_N0511_R138_T23KKQ_20250219T160312.SAFE,0ae6cb8c-7daf-4263-bd2d-d9ba0a7d2b0d,1,/mnt/engg-niulab/yuyao/sensors_raw_data/S2_canonical_6510_local_safe_recrop_v4/seasonal/emi20250521t150649p10006-A/s2_-90.tif,,missing,canonical_local_safe,2024-05-23T13:22:29.024000+00:00,,,0,,/mnt/engg-niulab/yuyao/sensors_raw_data/S2_canonical_6510_local_safe_recrop_v4/year/emi20250521t150649p10006-A/s2_-360.tif,available,local_safe_point_recrop_v4,seasonal,1,0,,,,,,,/mnt/engg-niulab/yuyao/sensors_raw_data/S2/raw_data_dir_s2/S2C_MSIL2A_20250219T131301_N0511_R138_T23KKQ_20250219T160312.SAFE,download_manifest,,,,
emi20250618t073629p05011-A,emi20250618t073629p05011,2025-06-18T07:36:29+00:00,2025-06-18T07:36:29+00:00,40.25258733131102,58.439374582661,"[58.411754194719606, 40.21074299454685, 58.48281747951511, 40.264990518106984]",https://api.carbonmapper.org/api/v1/catalog/asset/l3a-vis-ch4-mfa-v3/2025/06/18/emi20250618t073629p05011-A/emi20250618t073629p05011-A_l3a-vis-ch4-mfa-v3_plume.tif,2025-06-19T06:56:19.024000+00:00,,,0,,/mnt/engg-niulab/yuyao/sensors_raw_data/S2_canonical_6510_local_safe_recrop_v4/t0/emi20250618t073629p05011-A/s2.tif,available,local_safe_point_recrop_v4,2025-06-16T06:46:19.024000+00:00,S2B_MSIL2A_20250616T064619_N0511_R020_T40TFK_20250616T090449.SAFE,161cf685-c181-403c-914f-5d8b9153b217,1,/mnt/engg-niulab/yuyao/sensors_raw_data/S2_canonical_6510_local_safe_recrop_v4/prev1/emi20250618t073629p05011-A/s2_-7.tif,,missing,canonical_local_safe,2025-06-14T06:56:41.025000+00:00,,,0,,/mnt/engg-niulab/yuyao/sensors_raw_data/S2_canonical_6510_local_safe_recrop_v4/prev2/emi20250618t073629p05011-A/s2_prev2.tif,available,local_safe_point_recrop_v4,2025-06-13T06:53:21.024000+00:00,S2A_MSIL2A_20250613T065321_N0511_R020_T40TFK_20250613T094016.SAFE,e2bdd9cf-eaa6-4c61-a619-c0db274fa6f4,1,/mnt/engg-niulab/yuyao/sensors_raw_data/S2_canonical_6510_local_safe_recrop_v4/prev3/emi20250618t073629p05011-A/s2_prev3.tif,,missing,canonical_local_safe,2025-03-18T07:03:21.024000+00:00,,,0,,/mnt/engg-niulab/yuyao/sensors_raw_data/S2_canonical_6510_local_safe_recrop_v4/seasonal/emi20250618t073629p05011-A/s2_-90.tif,available,local_safe_point_recrop_v4,2024-06-19T06:56:31.024000+00:00,,,0,,/mnt/engg-niulab/yuyao/sensors_raw_data/S2_canonical_6510_local_safe_recrop_v4/year/emi20250618t073629p05011-A/s2_-360.tif,available,local_safe_point_recrop_v4,"prev1,prev3",1,0,/mnt/engg-niulab/yuyao/sensors_raw_data/S2/raw_data_dir_s2/S2B_MSIL2A_20250616T064619_N0511_R020_T40TFK_20250616T090449.SAFE,download_manifest,,,/mnt/engg-niulab/yuyao/sensors_raw_data/S2/raw_data_dir_s2/S2A_MSIL2A_20250613T065321_N0511_R020_T40TFK_20250613T094016.SAFE,download_manifest,,,,,,
emi20250623t095348p06019-A,emi20250623t095348p06019,2025-06-23T09:53:48+00:00,2025-06-23T09:53:48+00:00,31.082025077535377,8.033163531593175,"[7.993268463991632, 31.051416931049424, 8.060810860716307, 31.10926322563038]",https://api.carbonmapper.org/api/v1/catalog/asset/l3a-vis-ch4-mfa-v3b/2025/06/23/emi20250623t095348p06019-A/emi20250623t095348p06019-A_l3a-vis-ch4-mfa-v3b_plume.tif,2025-06-23T10:00:29.024000+00:00,S2B_MSIL2A_20250623T100029_N0511_R122_T32RMV_20250623T140147.SAFE,e1cf8dda-f3f6-4408-b84c-4d3fa0fc7a76,1,/mnt/engg-niulab/yuyao/sensors_raw_data/S2_canonical_6510_local_safe_recrop_v4/t0/emi20250623t095348p06019-A/s2.tif,,missing,canonical_local_safe,2025-06-21T10:06:11.025000+00:00,,,0,,/mnt/engg-niulab/yuyao/sensors_raw_data/S2_canonical_6510_local_safe_recrop_v4/prev1/emi20250623t095348p06019-A/s2_-7.tif,available,local_safe_point_recrop_v4,2025-06-18T10:00:41.025000+00:00,S2C_MSIL2A_20250618T100041_N0511_R122_T32RMV_20250618T150415.SAFE,7f93ab6b-d34f-4179-b992-85b534633f06,1,/mnt/engg-niulab/yuyao/sensors_raw_data/S2_canonical_6510_local_safe_recrop_v4/prev2/emi20250623t095348p06019-A/s2_prev2.tif,,missing,canonical_local_safe,2025-06-16T10:05:59.024000+00:00,,,0,,/mnt/engg-niulab/yuyao/sensors_raw_data/S2_canonical_6510_local_safe_recrop_v4/prev3/emi20250623t095348p06019-A/s2_prev3.tif,available,local_safe_point_recrop_v4,2025-03-20T10:00:51.025000+00:00,S2C_MSIL2A_20250320T100051_N0511_R122_T32RMV_20250320T160514.SAFE,2cf569b0-5de7-4a3f-a243-a23e25a6346f,1,/mnt/engg-niulab/yuyao/sensors_raw_data/S2_canonical_6510_local_safe_recrop_v4/seasonal/emi20250623t095348p06019-A/s2_-90.tif,,missing,canonical_local_safe,2024-06-26T10:10:31.024000+00:00,S2A_MSIL2A_20240626T101031_N0510_R022_T32RLV_20240626T174950.SAFE,c8384aa8-415a-45b5-87e2-55373e7d96bd,1,/mnt/engg-niulab/yuyao/sensors_raw_data/S2_canonical_6510_local_safe_recrop_v4/year/emi20250623t095348p06019-A/s2_-360.tif,,missing,canonical_local_safe,"t0,prev2,seasonal,year",1,0,,,/mnt/engg-niulab/yuyao/sensors_raw_data/S2/raw_data_dir_s2/S2C_MSIL2A_20250618T100041_N0511_R122_T32RMV_20250618T150415.SAFE,download_manifest,,,/mnt/engg-niulab/yuyao/sensors_raw_data/S2/raw_data_dir_s2/S2C_MSIL2A_20250320T100051_N0511_R122_T32RMV_20250320T160514.SAFE,download_manifest,/mnt/engg-niulab/yuyao/sensors_raw_data/S2/raw_data_dir_s2/S2A_MSIL2A_20240626T101031_N0510_R022_T32RLV_20240626T174950.SAFE,download_manifest,/mnt/engg-niulab/yuyao/sensors_raw_data/S2/raw_data_dir_s2/S2B_MSIL2A_20250623T100029_N0511_R122_T32RMV_20250623T140147.SAFE,download_manifest
tan20241122t070753c00s4001-A,tan20241122t070753c00s4001,2024-11-22T07:07:53+00:00,2024-11-22T07:07:53+00:00,40.25265582459812,58.43985579713427,"[58.41436668345653, 40.237100465622476, 58.45465433694616, 40.26784818582621]",https://api.carbonmapper.org/api/v1/catalog/asset/l3a-vis-ch4-mfa-v3/2024/11/22/tan20241122t070753c00s4001-A/tan20241122t070753c00s4001-A_l3a-vis-ch4-mfa-v3_plume.tif,2024-11-23T06:52:11.024000+00:00,S2A_MSIL2A_20241123T065211_N0511_R020_T40TFK_20241123T100453.SAFE,41f80095-8c25-4c73-a048-81474163757b,1,/mnt/engg-niulab/yuyao/sensors_raw_data/S2_canonical_6510_local_safe_recrop_v4/t0/tan20241122t070753c00s4001-A/s2.tif,,missing,canonical_local_safe,2024-11-23T06:52:11.024000+00:00,S2A_MSIL2A_20241123T065211_N0511_R020_T40TFK_20241123T100453.SAFE,41f80095-8c25-4c73-a048-81474163757b,1,/mnt/engg-niulab/yuyao/sensors_raw_data/S2_canonical_6510_local_safe_recrop_v4/prev1/tan20241122t070753c00s4001-A/s2_-7.tif,,missing,canonical_local_safe,2024-11-21T07:01:19.024000+00:00,,,0,,/mnt/engg-niulab/yuyao/sensors_raw_data/S2_canonical_6510_local_safe_recrop_v4/prev2/tan20241122t070753c00s4001-A/s2_prev2.tif,available,local_safe_point_recrop_v4,2024-11-16T07:01:51.024000+00:00,,,0,,/mnt/engg-niulab/yuyao/sensors_raw_data/S2_canonical_6510_local_safe_recrop_v4/prev3/tan20241122t070753c00s4001-A/s2_prev3.tif,available,local_safe_point_recrop_v4,2024-08-23T06:56:19.024000+00:00,,,0,,/mnt/engg-niulab/yuyao/sensors_raw_data/S2_canonical_6510_local_safe_recrop_v4/seasonal/tan20241122t070753c00s4001-A/s2_-90.tif,available,local_safe_point_recrop_v4,2023-11-27T07:02:29.024000+00:00,,,0,,/mnt/engg-niulab/yuyao/sensors_raw_data/S2_canonical_6510_local_safe_recrop_v4/year/tan20241122t070753c00s4001-A/s2_-360.tif,available,local_safe_point_recrop_v4,"t0,prev1",1,0,/mnt/engg-niulab/yuyao/sensors_raw_data/S2/raw_data_dir_s2/S2A_MSIL2A_20241123T065211_N0511_R020_T40TFK_20241123T100453.SAFE,download_manifest,,,,,,,,,/mnt/engg-niulab/yuyao/sensors_raw_data/S2/raw_data_dir_s2/S2A_MSIL2A_20241123T065211_N0511_R020_T40TFK_20241123T100453.SAFE,download_manifest
tan20250207t102601c00s4001-A,tan20250207t102601c00s4001,2025-02-07T10:26:01+00:00,2025-02-07T10:26:01+00:00,28.16168379048797,9.835053953522303,"[9.814702776527236, 28.154151108296226, 9.849324284663568, 28.18494194891882]",https://api.carbonmapper.org/api/v1/catalog/asset/l3a-vis-ch4-mfa-v3/2025/02/07/tan20250207t102601c00s4001-A/tan20250207t102601c00s4001-A_l3a-vis-ch4-mfa-v3_plume.tif,2025-02-08T10:02:21.025000+00:00,,,0,,/mnt/engg-niulab/yuyao/sensors_raw_data/S2_canonical_6510_local_safe_recrop_v4/t0/tan20250207t102601c00s4001-A/s2.tif,available,local_safe_point_recrop_v4,2025-02-08T10:02:21.025000+00:00,,,0,,/mnt/engg-niulab/yuyao/sensors_raw_data/S2_canonical_6510_local_safe_recrop_v4/prev1/tan20250207t102601c00s4001-A/s2_-7.tif,available,local_safe_point_recrop_v4,2025-02-03T10:01:29.024000+00:00,,,0,,/mnt/engg-niulab/yuyao/sensors_raw_data/S2_canonical_6510_local_safe_recrop_v4/prev2/tan20250207t102601c00s4001-A/s2_prev2.tif,available,local_safe_point_recrop_v4,2025-01-31T09:51:39.024000+00:00,S2B_MSIL2A_20250131T095139_N0511_R079_T32RNS_20250131T135145.SAFE,e2663050-6f0c-4672-be92-34b2d891e907,1,/mnt/engg-niulab/yuyao/sensors_raw_data/S2_canonical_6510_local_safe_recrop_v4/prev3/tan20250207t102601c00s4001-A/s2_prev3.tif,,missing,canonical_local_safe,2024-11-05T10:01:09.024000+00:00,,,0,,/mnt/engg-niulab/yuyao/sensors_raw_data/S2_canonical_6510_local_safe_recrop_v4/seasonal/tan20250207t102601c00s4001-A/s2_-90.tif,available,local_safe_point_recrop_v4,2024-02-09T10:00:59.024000+00:00,,,0,,/mnt/engg-niulab/yuyao/sensors_raw_data/S2_canonical_6510_local_safe_recrop_v4/year/tan20250207t102601c00s4001-A/s2_-360.tif,available,local_safe_point_recrop_v4,prev3,1,0,,,,,/mnt/engg-niulab/yuyao/sensors_raw_data/S2/raw_data_dir_s2/S2B_MSIL2A_20250131T095139_N0511_R079_T32RNS_20250131T135145.SAFE,download_manifest,,,,,,
tan20250207t102601c00s4001-B,tan20250207t102601c00s4001,2025-02-07T10:26:01+00:00,2025-02-07T10:26:01+00:00,28.1731590990506,9.831348191952458,"[9.814702776527236, 28.154151108296226, 9.849324284663568, 28.18494194891882]",https://api.carbonmapper.org/api/v1/catalog/asset/l3a-vis-ch4-mfa-v3/2025/02/07/tan20250207t102601c00s4001-B/tan20250207t102601c00s4001-B_l3a-vis-ch4-mfa-v3_plume.tif,2025-02-08T10:02:21.025000+00:00,,,0,,/mnt/engg-niulab/yuyao/sensors_raw_data/S2_canonical_6510_local_safe_recrop_v4/t0/tan20250207t102601c00s4001-B/s2.tif,available,local_safe_point_recrop_v4,2025-02-08T10:02:21.025000+00:00,,,0,,/mnt/engg-niulab/yuyao/sensors_raw_data/S2_canonical_6510_local_safe_recrop_v4/prev1/tan20250207t102601c00s4001-B/s2_-7.tif,available,local_safe_point_recrop_v4,2025-02-03T10:01:29.024000+00:00,,,0,,/mnt/engg-niulab/yuyao/sensors_raw_data/S2_canonical_6510_local_safe_recrop_v4/prev2/tan20250207t102601c00s4001-B/s2_prev2.tif,available,local_safe_point_recrop_v4,2025-01-31T09:51:39.024000+00:00,S2B_MSIL2A_20250131T095139_N0511_R079_T32RNS_20250131T135145.SAFE,e2663050-6f0c-4672-be92-34b2d891e907,1,/mnt/engg-niulab/yuyao/sensors_raw_data/S2_canonical_6510_local_safe_recrop_v4/prev3/tan20250207t102601c00s4001-B/s2_prev3.tif,,missing,canonical_local_safe,2024-11-05T10:01:09.024000+00:00,,,0,,/mnt/engg-niulab/yuyao/sensors_raw_data/S2_canonical_6510_local_safe_recrop_v4/seasonal/tan20250207t102601c00s4001-B/s2_-90.tif,available,local_safe_point_recrop_v4,2024-02-09T10:00:59.024000+00:00,,,0,,/mnt/engg-niulab/yuyao/sensors_raw_data/S2_canonical_6510_local_safe_recrop_v4/year/tan20250207t102601c00s4001-B/s2_-360.tif,available,local_safe_point_recrop_v4,prev3,1,0,,,,,/mnt/engg-niulab/yuyao/sensors_raw_data/S2/raw_data_dir_s2/S2B_MSIL2A_20250131T095139_N0511_R079_T32RNS_20250131T135145.SAFE,download_manifest,,,,,,
tan20250207t181204c00s4001-D,tan20250207t181204c00s4001,2025-02-07T18:12:04+00:00,2025-02-07T18:12:04+00:00,32.3342361805783,-104.17914176497214,"[-104.20400370295694, 32.32461640762921, -104.16757515024264, 32.35539447324897]",https://api.carbonmapper.org/api/v1/catalog/asset/l3a-vis-ch4-mfa-v3/2025/02/07/tan20250207t181204c00s4001-D/tan20250207t181204c00s4001-D_l3a-vis-ch4-mfa-v3_plume.tif,2025-02-08T17:34:09.024000+00:00,,,0,,/mnt/engg-niulab/yuyao/sensors_raw_data/S2_canonical_6510_local_safe_recrop_v4/t0/tan20250207t181204c00s4001-D/s2.tif,available,local_safe_point_recrop_v4,2025-02-08T17:34:09.024000+00:00,,,0,,/mnt/engg-niulab/yuyao/sensors_raw_data/S2_canonical_6510_local_safe_recrop_v4/prev1/tan20250207t181204c00s4001-D/s2_-7.tif,available,local_safe_point_recrop_v4,2025-02-03T17:36:01.024000+00:00,,,0,,/mnt/engg-niulab/yuyao/sensors_raw_data/S2_canonical_6510_local_safe_recrop_v4/prev2/tan20250207t181204c00s4001-D/s2_prev2.tif,available,local_safe_point_recrop_v4,2025-01-29T17:34:59.024000+00:00,,,0,,/mnt/engg-niulab/yuyao/sensors_raw_data/S2_canonical_6510_local_safe_recrop_v4/prev3/tan20250207t181204c00s4001-D/s2_prev3.tif,available,local_safe_point_recrop_v4,2024-11-08T17:45:41.024000+00:00,S2A_MSIL2A_20241108T174541_N0511_R098_T13SER_20241108T234352.SAFE,d6323b70-943b-45c2-bbcd-84413bc3f97c,1,/mnt/engg-niulab/yuyao/sensors_raw_data/S2_canonical_6510_local_safe_recrop_v4/seasonal/tan20250207t181204c00s4001-D/s2_-90.tif,,missing,canonical_local_safe,2024-02-12T17:44:41.024000+00:00,S2A_MSIL2A_20240212T174441_N0510_R098_T13SER_20240212T225951.SAFE,8c2bd5f0-ffb5-4817-9db9-cfba9569f426,1,/mnt/engg-niulab/yuyao/sensors_raw_data/S2_canonical_6510_local_safe_recrop_v4/year/tan20250207t181204c00s4001-D/s2_-360.tif,,missing,canonical_local_safe,"seasonal,year",1,0,,,,,,,/mnt/engg-niulab/yuyao/sensors_raw_data/S2/raw_data_dir_s2/S2A_MSIL2A_20241108T174541_N0511_R098_T13SER_20241108T234352.SAFE,download_manifest,/mnt/engg-niulab/yuyao/sensors_raw_data/S2/raw_data_dir_s2/S2A_MSIL2A_20240212T174441_N0510_R098_T13SER_20240212T225951.SAFE,download_manifest,,
tan20250222t015145c00s4001-A,tan20250222t015145c00s4001,2025-02-22T01:51:45+00:00,2025-02-22T01:51:45+00:00,53.15224299537721,143.25384950354163,"[143.23042369194303, 53.134589630897786, 143.2820634115939, 53.165828260174244]",https://api.carbonmapper.org/api/v1/catalog/asset/l3a-vis-ch4-mfa-v3/2025/02/22/tan20250222t015145c00s4001-A/tan20250222t015145c00s4001-A_l3a-vis-ch4-mfa-v3_plume.tif,2025-02-23T01:36:59.024000+00:00,,,0,,/mnt/engg-niulab/yuyao/sensors_raw_data/S2_canonical_6510_local_safe_recrop_v4/t0/tan20250222t015145c00s4001-A/s2.tif,available,local_safe_point_recrop_v4,2025-01-24T01:38:49.024000+00:00,S2B_MSIL2A_20250124T013849_N0511_R117_T54UXE_20250124T031123.SAFE,3d4573ef-25bd-47e6-8adb-6c30a6aedad6,1,/mnt/engg-niulab/yuyao/sensors_raw_data/S2_canonical_6510_local_safe_recrop_v4/prev1/tan20250222t015145c00s4001-A/s2_-7.tif,,missing,canonical_local_safe,2025-01-17T01:49:19.024000+00:00,S2B_MSIL2A_20250117T014919_N0511_R017_T54UXD_20250117T053015.SAFE,95ffbd72-e2cc-474b-9722-8e7903eeaa6f,1,/mnt/engg-niulab/yuyao/sensors_raw_data/S2_canonical_6510_local_safe_recrop_v4/prev2/tan20250222t015145c00s4001-A/s2_prev2.tif,,missing,canonical_local_safe,2024-12-15T01:39:59.024000+00:00,,,0,,/mnt/engg-niulab/yuyao/sensors_raw_data/S2_canonical_6510_local_safe_recrop_v4/prev3/tan20250222t015145c00s4001-A/s2_prev3.tif,available,local_safe_point_recrop_v4,2024-11-18T01:49:29.024000+00:00,S2B_MSIL2A_20241118T014929_N0511_R017_T54UXD_20241118T033549.SAFE,84c39f7e-34a9-4f3e-ad6f-495b23a7ac75,1,/mnt/engg-niulab/yuyao/sensors_raw_data/S2_canonical_6510_local_safe_recrop_v4/seasonal/tan20250222t015145c00s4001-A/s2_-90.tif,,missing,canonical_local_safe,2024-01-20T01:39:59.024000+00:00,S2B_MSIL2A_20240120T013959_N0510_R117_T54UXE_20240120T032333.SAFE,fc6b1763-3260-4acf-856d-02190f8ebe64,1,/mnt/engg-niulab/yuyao/sensors_raw_data/S2_canonical_6510_local_safe_recrop_v4/year/tan20250222t015145c00s4001-A/s2_-360.tif,,missing,canonical_local_safe,"prev1,prev2,seasonal,year",1,0,/mnt/engg-niulab/yuyao/sensors_raw_data/S2/raw_data_dir_s2/S2B_MSIL2A_20250124T013849_N0511_R117_T54UXE_20250124T031123.SAFE,download_manifest,/mnt/engg-niulab/yuyao/sensors_raw_data/S2/raw_data_dir_s2/S2B_MSIL2A_20250117T014919_N0511_R017_T54UXD_20250117T053015.SAFE,download_manifest,,,/mnt/engg-niulab/yuyao/sensors_raw_data/S2/raw_data_dir_s2/S2B_MSIL2A_20241118T014929_N0511_R017_T54UXD_20241118T033549.SAFE,download_manifest,/mnt/engg-niulab/yuyao/sensors_raw_data/S2/raw_data_dir_s2/S2B_MSIL2A_20240120T013959_N0510_R117_T54UXE_20240120T032333.SAFE,download_manifest,,
tan20250223t182611c00s4001-B,tan20250223t182611c00s4001,2025-02-23T18:26:11+00:00,2025-02-23T18:26:11+00:00,25.98310333348408,-109.02150095005804,"[-109.03691602121071, 25.965024016654574, -109.00236747142503, 25.99608118572345]",https://api.carbonmapper.org/api/v1/catalog/asset/l3a-vis-ch4-mfa-v3/2025/02/23/tan20250223t182611c00s4001-B/tan20250223t182611c00s4001-B_l3a-vis-ch4-mfa-v3_plume.tif,2025-02-24T17:52:29.024000+00:00,,,0,,/mnt/engg-niulab/yuyao/sensors_raw_data/S2_canonical_6510_local_safe_recrop_v4/t0/tan20250223t182611c00s4001-B/s2.tif,available,local_safe_point_recrop_v4,2025-02-21T17:42:49.024000+00:00,S2B_MSIL2A_20250221T174249_N0511_R098_T12RYP_20250221T223817.SAFE,28961747-7cfc-4b54-8125-62c656ee872d,1,/mnt/engg-niulab/yuyao/sensors_raw_data/S2_canonical_6510_local_safe_recrop_v4/prev1/tan20250223t182611c00s4001-B/s2_-7.tif,,missing,canonical_local_safe,2025-02-19T17:54:21.025000+00:00,,,0,,/mnt/engg-niulab/yuyao/sensors_raw_data/S2_canonical_6510_local_safe_recrop_v4/prev2/tan20250223t182611c00s4001-B/s2_prev2.tif,available,local_safe_point_recrop_v4,2025-02-16T17:44:31.025000+00:00,S2C_MSIL2A_20250216T174431_N0511_R098_T12RYP_20250216T213715.SAFE,26b988b8-5258-4fe2-85e0-434f2d55add8,1,/mnt/engg-niulab/yuyao/sensors_raw_data/S2_canonical_6510_local_safe_recrop_v4/prev3/tan20250223t182611c00s4001-B/s2_prev3.tif,,missing,canonical_local_safe,2024-11-23T17:45:59.024000+00:00,,,0,,/mnt/engg-niulab/yuyao/sensors_raw_data/S2_canonical_6510_local_safe_recrop_v4/seasonal/tan20250223t182611c00s4001-B/s2_-90.tif,available,local_safe_point_recrop_v4,2024-02-25T17:53:21.024000+00:00,,,0,,/mnt/engg-niulab/yuyao/sensors_raw_data/S2_canonical_6510_local_safe_recrop_v4/year/tan20250223t182611c00s4001-B/s2_-360.tif,available,local_safe_point_recrop_v4,"prev1,prev3",1,0,/mnt/engg-niulab/yuyao/sensors_raw_data/S2/raw_data_dir_s2/S2B_MSIL2A_20250221T174249_N0511_R098_T12RYP_20250221T223817.SAFE,download_manifest,,,/mnt/engg-niulab/yuyao/sensors_raw_data/S2/raw_data_dir_s2/S2C_MSIL2A_20250216T174431_N0511_R098_T12RYP_20250216T213715.SAFE,download_manifest,,,,,,
tan20250228t041236c00s4001-A,tan20250228t041236c00s4001,2025-02-28T04:12:36+00:00,2025-02-28T04:12:36+00:00,26.509716578525087,105.60932623099882,"[105.59256516023231, 26.49912999458868, 105.62698250376664, 26.529927362297514]",https://api.carbonmapper.org/api/v1/catalog/asset/l3a-vis-ch4-mfa-v3/2025/02/28/tan20250228t041236c00s4001-A/tan20250228t041236c00s4001-A_l3a-vis-ch4-mfa-v3_plume.tif,2025-03-01T03:35:59.024000+00:00,S2B_MSIL2A_20250301T033559_N0511_R061_T48RWQ_20250301T061709.SAFE,e581baca-cffa-44bc-9d75-bb8f5c44db54,1,/mnt/engg-niulab/yuyao/sensors_raw_data/S2_canonical_6510_local_safe_recrop_v4/t0/tan20250228t041236c00s4001-A/s2.tif,,missing,canonical_local_safe,2025-01-27T03:29:19.024000+00:00,,,0,,/mnt/engg-niulab/yuyao/sensors_raw_data/S2_canonical_6510_local_safe_recrop_v4/prev1/tan20250228t041236c00s4001-A/s2_-7.tif,available,local_safe_point_recrop_v4,2025-01-12T03:31:11.024000+00:00,,,0,,/mnt/engg-niulab/yuyao/sensors_raw_data/S2_canonical_6510_local_safe_recrop_v4/prev2/tan20250228t041236c00s4001-A/s2_prev2.tif,available,local_safe_point_recrop_v4,2025-01-05T03:41:31.024000+00:00,S2A_MSIL2A_20250105T034131_N0511_R061_T48RWQ_20250105T080351.SAFE,d9231579-2332-4af9-85a9-6049f909149b,1,/mnt/engg-niulab/yuyao/sensors_raw_data/S2_canonical_6510_local_safe_recrop_v4/prev3/tan20250228t041236c00s4001-A/s2_prev3.tif,,missing,canonical_local_safe,2024-10-29T03:27:49.024000+00:00,,,0,,/mnt/engg-niulab/yuyao/sensors_raw_data/S2_canonical_6510_local_safe_recrop_v4/seasonal/tan20250228t041236c00s4001-A/s2_-90.tif,available,local_safe_point_recrop_v4,2024-02-20T03:38:01.024000+00:00,S2A_MSIL2A_20240220T033801_N0510_R061_T48RWQ_20240220T070051.SAFE,2437d639-0bb8-49ac-bd72-4c22ee79e6dc,1,/mnt/engg-niulab/yuyao/sensors_raw_data/S2_canonical_6510_local_safe_recrop_v4/year/tan20250228t041236c00s4001-A/s2_-360.tif,,missing,canonical_local_safe,"t0,prev3,year",1,0,,,,,/mnt/engg-niulab/yuyao/sensors_raw_data/S2/raw_data_dir_s2/S2A_MSIL2A_20250105T034131_N0511_R061_T48RWQ_20250105T080351.SAFE,download_manifest,,,/mnt/engg-niulab/yuyao/sensors_raw_data/S2/raw_data_dir_s2/S2A_MSIL2A_20240220T033801_N0510_R061_T48RWQ_20240220T070051.SAFE,download_manifest,/mnt/engg-niulab/yuyao/sensors_raw_data/S2/raw_data_dir_s2/S2B_MSIL2A_20250301T033559_N0511_R061_T48RWQ_20250301T061709.SAFE,download_manifest
tan20250407t174740c00s4001-A,tan20250407t174740c00s4001,2025-04-07T17:47:40+00:00,2025-04-07T17:47:40+00:00,35.50596725759196,-98.18116226297585,"[-98.20777534211436, 35.48749890128411, -98.17031192237096, 35.51826725503022]",https://api.carbonmapper.org/api/v1/catalog/asset/l3a-vis-ch4-mfa-v3/2025/04/07/tan20250407t174740c00s4001-A/tan20250407t174740c00s4001-A_l3a-vis-ch4-mfa-v3_plume.tif,2025-04-08T17:09:11.025000+00:00,,,0,,/mnt/engg-niulab/yuyao/sensors_raw_data/S2_canonical_6510_local_safe_recrop_v4/t0/tan20250407t174740c00s4001-A/s2.tif,available,local_safe_point_recrop_v4,2025-03-29T17:09:31.025000+00:00,,,0,,/mnt/engg-niulab/yuyao/sensors_raw_data/S2_canonical_6510_local_safe_recrop_v4/prev1/tan20250407t174740c00s4001-A/s2_-7.tif,available,local_safe_point_recrop_v4,2025-03-22T17:20:31.025000+00:00,S2C_MSIL2A_20250322T172031_N0511_R012_T14SNE_20250322T224712.SAFE,27a4d44f-c7b9-42a2-a54b-a47b34469366,1,/mnt/engg-niulab/yuyao/sensors_raw_data/S2_canonical_6510_local_safe_recrop_v4/prev2/tan20250407t174740c00s4001-A/s2_prev2.tif,,missing,canonical_local_safe,2025-03-21T17:17:11.024000+00:00,,,0,,/mnt/engg-niulab/yuyao/sensors_raw_data/S2_canonical_6510_local_safe_recrop_v4/prev3/tan20250407t174740c00s4001-A/s2_prev3.tif,available,local_safe_point_recrop_v4,2025-01-06T17:26:19.024000+00:00,S2B_MSIL2A_20250106T172619_N0511_R012_T14SNE_20250106T212204.SAFE,f771078f-963c-459b-b818-7f42a7488892,1,/mnt/engg-niulab/yuyao/sensors_raw_data/S2_canonical_6510_local_safe_recrop_v4/seasonal/tan20250407t174740c00s4001-A/s2_-90.tif,,missing,canonical_local_safe,2024-04-11T17:18:59.024000+00:00,S2B_MSIL2A_20240411T171859_N0510_R012_T14SNE_20240411T213058.SAFE,2e5bd364-94f4-470d-bd05-090c4ecac66b,1,/mnt/engg-niulab/yuyao/sensors_raw_data/S2_canonical_6510_local_safe_recrop_v4/year/tan20250407t174740c00s4001-A/s2_-360.tif,,missing,canonical_local_safe,"prev2,seasonal,year",1,0,,,/mnt/engg-niulab/yuyao/sensors_raw_data/S2/raw_data_dir_s2/S2C_MSIL2A_20250322T172031_N0511_R012_T14SNE_20250322T224712.SAFE,download_manifest,,,/mnt/engg-niulab/yuyao/sensors_raw_data/S2/raw_data_dir_s2/S2B_MSIL2A_20250106T172619_N0511_R012_T14SNE_20250106T212204.SAFE,download_manifest,/mnt/engg-niulab/yuyao/sensors_raw_data/S2/raw_data_dir_s2/S2B_MSIL2A_20240411T171859_N0510_R012_T14SNE_20240411T213058.SAFE,download_manifest,,
tan20250427t104600c00s4001-B,tan20250427t104600c00s4001,2025-04-27T10:46:00+00:00,2025-04-27T10:46:00+00:00,28.087877137457752,9.7834238896412,"[9.764426140461135, 27.998671615428705, 9.911652123525537, 28.128317627300106]",https://api.carbonmapper.org/api/v1/catalog/asset/l3a-vis-ch4-mfa-v3/2025/04/27/tan20250427t104600c00s4001-B/tan20250427t104600c00s4001-B_l3a-vis-ch4-mfa-v3_plume.tif,2025-04-28T09:50:41.024000+00:00,S2A_MSIL2A_20250428T095041_N0511_R079_T32RNR_20250428T182104.SAFE,aba22d6b-93c7-4693-a2c5-5dddafea6691,1,/mnt/engg-niulab/yuyao/sensors_raw_data/S2_canonical_6510_local_safe_recrop_v4/t0/tan20250427t104600c00s4001-B/s2.tif,,missing,canonical_local_safe,2025-04-26T09:50:51.025000+00:00,S2C_MSIL2A_20250426T095051_N0511_R079_T32RNS_20250426T145202.SAFE,e30b692f-a044-426a-a9f6-ab5294ad204c,1,/mnt/engg-niulab/yuyao/sensors_raw_data/S2_canonical_6510_local_safe_recrop_v4/prev1/tan20250427t104600c00s4001-B/s2_-7.tif,,missing,canonical_local_safe,2025-04-24T10:00:29.024000+00:00,,,0,,/mnt/engg-niulab/yuyao/sensors_raw_data/S2_canonical_6510_local_safe_recrop_v4/prev2/tan20250427t104600c00s4001-B/s2_prev2.tif,available,local_safe_point_recrop_v4,2025-04-19T10:00:51.025000+00:00,,,0,,/mnt/engg-niulab/yuyao/sensors_raw_data/S2_canonical_6510_local_safe_recrop_v4/prev3/tan20250427t104600c00s4001-B/s2_prev3.tif,available,local_safe_point_recrop_v4,2025-01-26T09:53:31.025000+00:00,S2C_MSIL2A_20250126T095331_N0511_R079_T32RNR_20250126T133810.SAFE,b5b6f0a4-c133-4f8a-bc0f-9862f5c5cd91,1,/mnt/engg-niulab/yuyao/sensors_raw_data/S2_canonical_6510_local_safe_recrop_v4/seasonal/tan20250427t104600c00s4001-B/s2_-90.tif,,missing,canonical_local_safe,2024-04-24T10:00:31.024000+00:00,,,0,,/mnt/engg-niulab/yuyao/sensors_raw_data/S2_canonical_6510_local_safe_recrop_v4/year/tan20250427t104600c00s4001-B/s2_-360.tif,available,local_safe_point_recrop_v4,"t0,prev1,seasonal",1,0,/mnt/engg-niulab/yuyao/sensors_raw_data/S2/raw_data_dir_s2/S2C_MSIL2A_20250426T095051_N0511_R079_T32RNS_20250426T145202.SAFE,download_manifest,,,,,/mnt/engg-niulab/yuyao/sensors_raw_data/S2/raw_data_dir_s2/S2C_MSIL2A_20250126T095331_N0511_R079_T32RNR_20250126T133810.SAFE,download_manifest,,,/mnt/engg-niulab/yuyao/sensors_raw_data/S2/raw_data_dir_s2/S2A_MSIL2A_20250428T095041_N0511_R079_T32RNR_20250428T182104.SAFE,download_manifest
tan20250427t104600c00s4001-C,tan20250427t104600c00s4001,2025-04-27T10:46:00+00:00,2025-04-27T10:46:00+00:00,28.074840914177912,9.807445968431892,"[9.772599540685503, 28.033455838923455, 9.865046683903795, 28.11502550519189]",https://api.carbonmapper.org/api/v1/catalog/asset/l3a-vis-ch4-mfa-v3/2025/04/27/tan20250427t104600c00s4001-C/tan20250427t104600c00s4001-C_l3a-vis-ch4-mfa-v3_plume.tif,2025-04-28T09:50:41.024000+00:00,S2A_MSIL2A_20250428T095041_N0511_R079_T32RNS_20250428T182104.SAFE,945c3e75-6163-4b7c-90c4-3a933e822a5d,1,/mnt/engg-niulab/yuyao/sensors_raw_data/S2_canonical_6510_local_safe_recrop_v4/t0/tan20250427t104600c00s4001-C/s2.tif,,missing,canonical_local_safe,2025-04-26T09:50:51.025000+00:00,S2C_MSIL2A_20250426T095051_N0511_R079_T32RNS_20250426T145202.SAFE,e30b692f-a044-426a-a9f6-ab5294ad204c,1,/mnt/engg-niulab/yuyao/sensors_raw_data/S2_canonical_6510_local_safe_recrop_v4/prev1/tan20250427t104600c00s4001-C/s2_-7.tif,,missing,canonical_local_safe,2025-04-24T10:00:29.024000+00:00,,,0,,/mnt/engg-niulab/yuyao/sensors_raw_data/S2_canonical_6510_local_safe_recrop_v4/prev2/tan20250427t104600c00s4001-C/s2_prev2.tif,available,local_safe_point_recrop_v4,2025-04-19T10:00:51.025000+00:00,,,0,,/mnt/engg-niulab/yuyao/sensors_raw_data/S2_canonical_6510_local_safe_recrop_v4/prev3/tan20250427t104600c00s4001-C/s2_prev3.tif,available,local_safe_point_recrop_v4,2025-01-26T09:53:31.025000+00:00,S2C_MSIL2A_20250126T095331_N0511_R079_T32RNS_20250126T133810.SAFE,d36464ce-8e3f-4d53-813b-ddd32980c0a3,1,/mnt/engg-niulab/yuyao/sensors_raw_data/S2_canonical_6510_local_safe_recrop_v4/seasonal/tan20250427t104600c00s4001-C/s2_-90.tif,,missing,canonical_local_safe,2024-04-24T10:00:31.024000+00:00,,,0,,/mnt/engg-niulab/yuyao/sensors_raw_data/S2_canonical_6510_local_safe_recrop_v4/year/tan20250427t104600c00s4001-C/s2_-360.tif,available,local_safe_point_recrop_v4,"t0,prev1,seasonal",1,0,/mnt/engg-niulab/yuyao/sensors_raw_data/S2/raw_data_dir_s2/S2C_MSIL2A_20250426T095051_N0511_R079_T32RNS_20250426T145202.SAFE,download_manifest,,,,,/mnt/engg-niulab/yuyao/sensors_raw_data/S2/raw_data_dir_s2/S2C_MSIL2A_20250126T095331_N0511_R079_T32RNS_20250126T133810.SAFE,download_manifest,,,/mnt/engg-niulab/yuyao/sensors_raw_data/S2/raw_data_dir_s2/S2A_MSIL2A_20250428T095041_N0511_R079_T32RNS_20250428T182104.SAFE,download_manifest
tan20250427t183121c00s4001-A,tan20250427t183121c00s4001,2025-04-27T18:31:21+00:00,2025-04-27T18:31:21+00:00,36.59385418371559,-107.91429325041577,"[-107.93024588174117, 36.584198525255026, -107.89162527370789, 36.6154735012435]",https://api.carbonmapper.org/api/v1/catalog/asset/l3a-vis-ch4-mfa-v3/2025/04/27/tan20250427t183121c00s4001-A/tan20250427t183121c00s4001-A_l3a-vis-ch4-mfa-v3_plume.tif,2025-04-28T17:59:09.024000+00:00,S2B_MSIL2A_20250428T175909_N0511_R041_T13SBA_20250428T215813.SAFE,68bfd06c-7542-40b2-a30e-10716b7d7ee5,1,/mnt/engg-niulab/yuyao/sensors_raw_data/S2_canonical_6510_local_safe_recrop_v4/t0/tan20250427t183121c00s4001-A/s2.tif,,missing,canonical_local_safe,2025-04-25T18:07:51.024000+00:00,S2A_MSIL2A_20250425T180751_N0511_R041_T12SYF_20250426T024013.SAFE,ea956f01-4e10-4c0a-a313-a07c92eab0e4,1,/mnt/engg-niulab/yuyao/sensors_raw_data/S2_canonical_6510_local_safe_recrop_v4/prev1/tan20250427t183121c00s4001-A/s2_-7.tif,,missing,canonical_local_safe,2025-04-25T17:49:09.024000+00:00,,,0,,/mnt/engg-niulab/yuyao/sensors_raw_data/S2_canonical_6510_local_safe_recrop_v4/prev2/tan20250427t183121c00s4001-A/s2_prev2.tif,available,local_safe_point_recrop_v4,2025-04-23T17:59:31.025000+00:00,S2C_MSIL2A_20250423T175931_N0511_R041_T13SBA_20250423T232413.SAFE,dc552259-0805-4e97-a747-22aa735d0888,1,/mnt/engg-niulab/yuyao/sensors_raw_data/S2_canonical_6510_local_safe_recrop_v4/prev3/tan20250427t183121c00s4001-A/s2_prev3.tif,,missing,canonical_local_safe,2025-01-23T18:07:01.025000+00:00,S2C_MSIL2A_20250123T180701_N0511_R041_T12SYF_20250123T212009.SAFE,e7b50b5b-c818-47ca-acfe-ebd99b96a699,1,/mnt/engg-niulab/yuyao/sensors_raw_data/S2_canonical_6510_local_safe_recrop_v4/seasonal/tan20250427t183121c00s4001-A/s2_-90.tif,,missing,canonical_local_safe,2024-04-30T17:49:09.024000+00:00,,,0,,/mnt/engg-niulab/yuyao/sensors_raw_data/S2_canonical_6510_local_safe_recrop_v4/year/tan20250427t183121c00s4001-A/s2_-360.tif,available,local_safe_point_recrop_v4,"t0,prev1,prev3,seasonal",1,0,/mnt/engg-niulab/yuyao/sensors_raw_data/S2/raw_data_dir_s2/S2A_MSIL2A_20250425T180751_N0511_R041_T12SYF_20250426T024013.SAFE,download_manifest,,,/mnt/engg-niulab/yuyao/sensors_raw_data/S2/raw_data_dir_s2/S2C_MSIL2A_20250423T175931_N0511_R041_T13SBA_20250423T232413.SAFE,download_manifest,/mnt/engg-niulab/yuyao/sensors_raw_data/S2/raw_data_dir_s2/S2C_MSIL2A_20250123T180701_N0511_R041_T12SYF_20250123T212009.SAFE,download_manifest,,,/mnt/engg-niulab/yuyao/sensors_raw_data/S2/raw_data_dir_s2/S2B_MSIL2A_20250428T175909_N0511_R041_T13SBA_20250428T215813.SAFE,download_manifest
tan20250601t060447c30s4001-B,tan20250601t060447c30s4001,2025-06-01T06:04:47+00:00,2025-06-01T06:04:47+00:00,54.53636338408501,86.13293387957145,"[86.10916512716715, 54.52160693534969, 86.16207838152059, 54.55230602482743]",https://api.carbonmapper.org/api/v1/catalog/asset/l3a-vis-ch4-mfa-v3/2025/06/01/tan20250601t060447c30s4001-B/tan20250601t060447c30s4001-B_l3a-vis-ch4-mfa-v3_plume.tif,2025-06-02T05:26:49.024000+00:00,,,0,,/mnt/engg-niulab/yuyao/sensors_raw_data/S2_canonical_6510_local_safe_recrop_v4/t0/tan20250601t060447c30s4001-B/s2.tif,available,local_safe_point_recrop_v4,2025-05-01T05:37:01.025000+00:00,S2C_MSIL2A_20250501T053701_N0511_R005_T45UVA_20250501T090514.SAFE,1a6e895b-67ed-4f10-8e23-b5e36ffffb26,1,/mnt/engg-niulab/yuyao/sensors_raw_data/S2_canonical_6510_local_safe_recrop_v4/prev1/tan20250601t060447c30s4001-B/s2_-7.tif,,missing,canonical_local_safe,2025-04-26T05:36:39.024000+00:00,S2B_MSIL2A_20250426T053639_N0511_R005_T45UVA_20250426T074533.SAFE,5610de68-6264-413b-9b82-c89f5a36bc22,1,/mnt/engg-niulab/yuyao/sensors_raw_data/S2_canonical_6510_local_safe_recrop_v4/prev2/tan20250601t060447c30s4001-B/s2_prev2.tif,,missing,canonical_local_safe,2025-04-16T05:36:49.024000+00:00,S2B_MSIL2A_20250416T053649_N0511_R005_T45UVA_20250416T074446.SAFE,d84461df-1e24-4b40-8dc3-84615883025e,1,/mnt/engg-niulab/yuyao/sensors_raw_data/S2_canonical_6510_local_safe_recrop_v4/prev3/tan20250601t060447c30s4001-B/s2_prev3.tif,,missing,canonical_local_safe,2025-02-17T05:29:31.025000+00:00,,,0,,/mnt/engg-niulab/yuyao/sensors_raw_data/S2_canonical_6510_local_safe_recrop_v4/seasonal/tan20250601t060447c30s4001-B/s2_-90.tif,available,local_safe_point_recrop_v4,2024-05-13T05:26:51.024000+00:00,,,0,,/mnt/engg-niulab/yuyao/sensors_raw_data/S2_canonical_6510_local_safe_recrop_v4/year/tan20250601t060447c30s4001-B/s2_-360.tif,available,local_safe_point_recrop_v4,"prev1,prev2,prev3",1,0,/mnt/engg-niulab/yuyao/sensors_raw_data/S2/raw_data_dir_s2/S2C_MSIL2A_20250501T053701_N0511_R005_T45UVA_20250501T090514.SAFE,download_manifest,/mnt/engg-niulab/yuyao/sensors_raw_data/S2/raw_data_dir_s2/S2B_MSIL2A_20250426T053639_N0511_R005_T45UVA_20250426T074533.SAFE,download_manifest,/mnt/engg-niulab/yuyao/sensors_raw_data/S2/raw_data_dir_s2/S2B_MSIL2A_20250416T053649_N0511_R005_T45UVA_20250416T074446.SAFE,download_manifest,,,,,,
tan20250601t060447c30s4001-G,tan20250601t060447c30s4001,2025-06-01T06:04:47+00:00,2025-06-01T06:04:47+00:00,54.61262598491834,86.17950552622142,"[86.16590372661125, 54.60503154908237, 86.21892530720284, 54.63573057483363]",https://api.carbonmapper.org/api/v1/catalog/asset/l3a-vis-ch4-mfa-v3/2025/06/01/tan20250601t060447c30s4001-G/tan20250601t060447c30s4001-G_l3a-vis-ch4-mfa-v3_plume.tif,2025-06-02T05:26:49.024000+00:00,,,0,,/mnt/engg-niulab/yuyao/sensors_raw_data/S2_canonical_6510_local_safe_recrop_v4/t0/tan20250601t060447c30s4001-G/s2.tif,available,local_safe_point_recrop_v4,2025-04-26T05:36:39.024000+00:00,S2B_MSIL2A_20250426T053639_N0511_R005_T45UVA_20250426T074533.SAFE,5610de68-6264-413b-9b82-c89f5a36bc22,1,/mnt/engg-niulab/yuyao/sensors_raw_data/S2_canonical_6510_local_safe_recrop_v4/prev1/tan20250601t060447c30s4001-G/s2_-7.tif,,missing,canonical_local_safe,2025-04-16T05:36:49.024000+00:00,S2B_MSIL2A_20250416T053649_N0511_R005_T45UVA_20250416T074446.SAFE,d84461df-1e24-4b40-8dc3-84615883025e,1,/mnt/engg-niulab/yuyao/sensors_raw_data/S2_canonical_6510_local_safe_recrop_v4/prev2/tan20250601t060447c30s4001-G/s2_prev2.tif,,missing,canonical_local_safe,2025-04-13T05:26:49.024000+00:00,,,0,,/mnt/engg-niulab/yuyao/sensors_raw_data/S2_canonical_6510_local_safe_recrop_v4/prev3/tan20250601t060447c30s4001-G/s2_prev3.tif,available,local_safe_point_recrop_v4,2025-02-17T05:29:31.025000+00:00,,,0,,/mnt/engg-niulab/yuyao/sensors_raw_data/S2_canonical_6510_local_safe_recrop_v4/seasonal/tan20250601t060447c30s4001-G/s2_-90.tif,available,local_safe_point_recrop_v4,2024-05-13T05:26:51.024000+00:00,,,0,,/mnt/engg-niulab/yuyao/sensors_raw_data/S2_canonical_6510_local_safe_recrop_v4/year/tan20250601t060447c30s4001-G/s2_-360.tif,available,local_safe_point_recrop_v4,"prev1,prev2",1,0,/mnt/engg-niulab/yuyao/sensors_raw_data/S2/raw_data_dir_s2/S2B_MSIL2A_20250426T053639_N0511_R005_T45UVA_20250426T074533.SAFE,download_manifest,/mnt/engg-niulab/yuyao/sensors_raw_data/S2/raw_data_dir_s2/S2B_MSIL2A_20250416T053649_N0511_R005_T45UVA_20250416T074446.SAFE,download_manifest,,,,,,,,
tan20250601t060447c30s4001-K,tan20250601t060447c30s4001,2025-06-01T06:04:47+00:00,2025-06-01T06:04:47+00:00,54.596007226730734,86.16957433163071,"[86.14409596348342, 54.58116174218304, 86.197086458622, 54.61186076653989]",https://api.carbonmapper.org/api/v1/catalog/asset/l3a-vis-ch4-mfa-v3/2025/06/01/tan20250601t060447c30s4001-K/tan20250601t060447c30s4001-K_l3a-vis-ch4-mfa-v3_plume.tif,2025-06-02T05:26:49.024000+00:00,,,0,,/mnt/engg-niulab/yuyao/sensors_raw_data/S2_canonical_6510_local_safe_recrop_v4/t0/tan20250601t060447c30s4001-K/s2.tif,available,local_safe_point_recrop_v4,2025-05-01T05:37:01.025000+00:00,S2C_MSIL2A_20250501T053701_N0511_R005_T45UVA_20250501T090514.SAFE,1a6e895b-67ed-4f10-8e23-b5e36ffffb26,1,/mnt/engg-niulab/yuyao/sensors_raw_data/S2_canonical_6510_local_safe_recrop_v4/prev1/tan20250601t060447c30s4001-K/s2_-7.tif,,missing,canonical_local_safe,2025-04-26T05:36:39.024000+00:00,S2B_MSIL2A_20250426T053639_N0511_R005_T45UVA_20250426T074533.SAFE,5610de68-6264-413b-9b82-c89f5a36bc22,1,/mnt/engg-niulab/yuyao/sensors_raw_data/S2_canonical_6510_local_safe_recrop_v4/prev2/tan20250601t060447c30s4001-K/s2_prev2.tif,,missing,canonical_local_safe,2025-04-16T05:36:49.024000+00:00,S2B_MSIL2A_20250416T053649_N0511_R005_T45UVA_20250416T074446.SAFE,d84461df-1e24-4b40-8dc3-84615883025e,1,/mnt/engg-niulab/yuyao/sensors_raw_data/S2_canonical_6510_local_safe_recrop_v4/prev3/tan20250601t060447c30s4001-K/s2_prev3.tif,,missing,canonical_local_safe,2025-02-17T05:29:31.025000+00:00,,,0,,/mnt/engg-niulab/yuyao/sensors_raw_data/S2_canonical_6510_local_safe_recrop_v4/seasonal/tan20250601t060447c30s4001-K/s2_-90.tif,available,local_safe_point_recrop_v4,2024-05-13T05:26:51.024000+00:00,,,0,,/mnt/engg-niulab/yuyao/sensors_raw_data/S2_canonical_6510_local_safe_recrop_v4/year/tan20250601t060447c30s4001-K/s2_-360.tif,available,local_safe_point_recrop_v4,"prev1,prev2,prev3",1,0,/mnt/engg-niulab/yuyao/sensors_raw_data/S2/raw_data_dir_s2/S2C_MSIL2A_20250501T053701_N0511_R005_T45UVA_20250501T090514.SAFE,download_manifest,/mnt/engg-niulab/yuyao/sensors_raw_data/S2/raw_data_dir_s2/S2B_MSIL2A_20250426T053639_N0511_R005_T45UVA_20250426T074533.SAFE,download_manifest,/mnt/engg-niulab/yuyao/sensors_raw_data/S2/raw_data_dir_s2/S2B_MSIL2A_20250416T053649_N0511_R005_T45UVA_20250416T074446.SAFE,download_manifest,,,,,,
tan20250601t060447c30s4001-N,tan20250601t060447c30s4001,2025-06-01T06:04:47+00:00,2025-06-01T06:04:47+00:00,54.60526997165442,86.16064678428381,"[86.13461284878758, 54.590531566015365, 86.18715031736599, 54.62096123542938]",https://api.carbonmapper.org/api/v1/catalog/asset/l3a-vis-ch4-mfa-v3/2025/06/01/tan20250601t060447c30s4001-N/tan20250601t060447c30s4001-N_l3a-vis-ch4-mfa-v3_plume.tif,2025-06-02T05:26:49.024000+00:00,,,0,,/mnt/engg-niulab/yuyao/sensors_raw_data/S2_canonical_6510_local_safe_recrop_v4/t0/tan20250601t060447c30s4001-N/s2.tif,available,local_safe_point_recrop_v4,2025-05-01T05:37:01.025000+00:00,S2C_MSIL2A_20250501T053701_N0511_R005_T45UVA_20250501T090514.SAFE,1a6e895b-67ed-4f10-8e23-b5e36ffffb26,1,/mnt/engg-niulab/yuyao/sensors_raw_data/S2_canonical_6510_local_safe_recrop_v4/prev1/tan20250601t060447c30s4001-N/s2_-7.tif,,missing,canonical_local_safe,2025-04-26T05:36:39.024000+00:00,S2B_MSIL2A_20250426T053639_N0511_R005_T45UVA_20250426T074533.SAFE,5610de68-6264-413b-9b82-c89f5a36bc22,1,/mnt/engg-niulab/yuyao/sensors_raw_data/S2_canonical_6510_local_safe_recrop_v4/prev2/tan20250601t060447c30s4001-N/s2_prev2.tif,,missing,canonical_local_safe,2025-04-16T05:36:49.024000+00:00,S2B_MSIL2A_20250416T053649_N0511_R005_T45UVA_20250416T074446.SAFE,d84461df-1e24-4b40-8dc3-84615883025e,1,/mnt/engg-niulab/yuyao/sensors_raw_data/S2_canonical_6510_local_safe_recrop_v4/prev3/tan20250601t060447c30s4001-N/s2_prev3.tif,,missing,canonical_local_safe,2025-02-17T05:29:31.025000+00:00,,,0,,/mnt/engg-niulab/yuyao/sensors_raw_data/S2_canonical_6510_local_safe_recrop_v4/seasonal/tan20250601t060447c30s4001-N/s2_-90.tif,available,local_safe_point_recrop_v4,2024-05-13T05:26:51.024000+00:00,,,0,,/mnt/engg-niulab/yuyao/sensors_raw_data/S2_canonical_6510_local_safe_recrop_v4/year/tan20250601t060447c30s4001-N/s2_-360.tif,available,local_safe_point_recrop_v4,"prev1,prev2,prev3",1,0,/mnt/engg-niulab/yuyao/sensors_raw_data/S2/raw_data_dir_s2/S2C_MSIL2A_20250501T053701_N0511_R005_T45UVA_20250501T090514.SAFE,download_manifest,/mnt/engg-niulab/yuyao/sensors_raw_data/S2/raw_data_dir_s2/S2B_MSIL2A_20250426T053639_N0511_R005_T45UVA_20250426T074533.SAFE,download_manifest,/mnt/engg-niulab/yuyao/sensors_raw_data/S2/raw_data_dir_s2/S2B_MSIL2A_20250416T053649_N0511_R005_T45UVA_20250416T074446.SAFE,download_manifest,,,,,,
tan20250601t060447c30s4001-O,tan20250601t060447c30s4001,2025-06-01T06:04:47+00:00,2025-06-01T06:04:47+00:00,54.611694852567325,86.14974417074916,"[86.12754103150236, 54.595340391490886, 86.18054902537928, 54.62576967647285]",https://api.carbonmapper.org/api/v1/catalog/asset/l3a-vis-ch4-mfa-v3/2025/06/01/tan20250601t060447c30s4001-O/tan20250601t060447c30s4001-O_l3a-vis-ch4-mfa-v3_plume.tif,2025-06-02T05:26:49.024000+00:00,,,0,,/mnt/engg-niulab/yuyao/sensors_raw_data/S2_canonical_6510_local_safe_recrop_v4/t0/tan20250601t060447c30s4001-O/s2.tif,available,local_safe_point_recrop_v4,2025-05-01T05:37:01.025000+00:00,S2C_MSIL2A_20250501T053701_N0511_R005_T45UVA_20250501T090514.SAFE,1a6e895b-67ed-4f10-8e23-b5e36ffffb26,1,/mnt/engg-niulab/yuyao/sensors_raw_data/S2_canonical_6510_local_safe_recrop_v4/prev1/tan20250601t060447c30s4001-O/s2_-7.tif,,missing,canonical_local_safe,2025-04-26T05:36:39.024000+00:00,,,0,,/mnt/engg-niulab/yuyao/sensors_raw_data/S2_canonical_6510_local_safe_recrop_v4/prev2/tan20250601t060447c30s4001-O/s2_prev2.tif,available,local_safe_point_recrop_v4,2025-04-16T05:36:49.024000+00:00,,,0,,/mnt/engg-niulab/yuyao/sensors_raw_data/S2_canonical_6510_local_safe_recrop_v4/prev3/tan20250601t060447c30s4001-O/s2_prev3.tif,available,local_safe_point_recrop_v4,2025-02-17T05:29:31.025000+00:00,,,0,,/mnt/engg-niulab/yuyao/sensors_raw_data/S2_canonical_6510_local_safe_recrop_v4/seasonal/tan20250601t060447c30s4001-O/s2_-90.tif,available,local_safe_point_recrop_v4,2024-05-13T05:26:51.024000+00:00,,,0,,/mnt/engg-niulab/yuyao/sensors_raw_data/S2_canonical_6510_local_safe_recrop_v4/year/tan20250601t060447c30s4001-O/s2_-360.tif,available,local_safe_point_recrop_v4,prev1,1,0,/mnt/engg-niulab/yuyao/sensors_raw_data/S2/raw_data_dir_s2/S2C_MSIL2A_20250501T053701_N0511_R005_T45UVA_20250501T090514.SAFE,download_manifest,,,,,,,,,,
tan20250601t060447c30s4001-P,tan20250601t060447c30s4001,2025-06-01T06:04:47+00:00,2025-06-01T06:04:47+00:00,54.61875460591676,86.16447144408454,"[86.14083800739986, 54.60351516281427, 86.19339296831656, 54.63421444581566]",https://api.carbonmapper.org/api/v1/catalog/asset/l3a-vis-ch4-mfa-v3/2025/06/01/tan20250601t060447c30s4001-P/tan20250601t060447c30s4001-P_l3a-vis-ch4-mfa-v3_plume.tif,2025-06-02T05:26:49.024000+00:00,,,0,,/mnt/engg-niulab/yuyao/sensors_raw_data/S2_canonical_6510_local_safe_recrop_v4/t0/tan20250601t060447c30s4001-P/s2.tif,available,local_safe_point_recrop_v4,2025-05-01T05:37:01.025000+00:00,S2C_MSIL2A_20250501T053701_N0511_R005_T45UVA_20250501T090514.SAFE,1a6e895b-67ed-4f10-8e23-b5e36ffffb26,1,/mnt/engg-niulab/yuyao/sensors_raw_data/S2_canonical_6510_local_safe_recrop_v4/prev1/tan20250601t060447c30s4001-P/s2_-7.tif,,missing,canonical_local_safe,2025-04-26T05:36:39.024000+00:00,,,0,,/mnt/engg-niulab/yuyao/sensors_raw_data/S2_canonical_6510_local_safe_recrop_v4/prev2/tan20250601t060447c30s4001-P/s2_prev2.tif,available,local_safe_point_recrop_v4,2025-04-16T05:36:49.024000+00:00,S2B_MSIL2A_20250416T053649_N0511_R005_T45UVA_20250416T074446.SAFE,d84461df-1e24-4b40-8dc3-84615883025e,1,/mnt/engg-niulab/yuyao/sensors_raw_data/S2_canonical_6510_local_safe_recrop_v4/prev3/tan20250601t060447c30s4001-P/s2_prev3.tif,,missing,canonical_local_safe,2025-02-17T05:29:31.025000+00:00,,,0,,/mnt/engg-niulab/yuyao/sensors_raw_data/S2_canonical_6510_local_safe_recrop_v4/seasonal/tan20250601t060447c30s4001-P/s2_-90.tif,available,local_safe_point_recrop_v4,2024-05-13T05:26:51.024000+00:00,,,0,,/mnt/engg-niulab/yuyao/sensors_raw_data/S2_canonical_6510_local_safe_recrop_v4/year/tan20250601t060447c30s4001-P/s2_-360.tif,available,local_safe_point_recrop_v4,"prev1,prev3",1,0,/mnt/engg-niulab/yuyao/sensors_raw_data/S2/raw_data_dir_s2/S2C_MSIL2A_20250501T053701_N0511_R005_T45UVA_20250501T090514.SAFE,download_manifest,,,/mnt/engg-niulab/yuyao/sensors_raw_data/S2/raw_data_dir_s2/S2B_MSIL2A_20250416T053649_N0511_R005_T45UVA_20250416T074446.SAFE,download_manifest,,,,,,
tan20250601t060447c30s4001-S,tan20250601t060447c30s4001,2025-06-01T06:04:47+00:00,2025-06-01T06:04:47+00:00,54.59370838510188,86.17282325054526,"[86.14597626435418, 54.580361963269056, 86.19850074338478, 54.61079170839609]",https://api.carbonmapper.org/api/v1/catalog/asset/l3a-vis-ch4-mfa-v3/2025/06/01/tan20250601t060447c30s4001-S/tan20250601t060447c30s4001-S_l3a-vis-ch4-mfa-v3_plume.tif,2025-06-02T05:26:49.024000+00:00,,,0,,/mnt/engg-niulab/yuyao/sensors_raw_data/S2_canonical_6510_local_safe_recrop_v4/t0/tan20250601t060447c30s4001-S/s2.tif,available,local_safe_point_recrop_v4,2025-05-01T05:37:01.025000+00:00,S2C_MSIL2A_20250501T053701_N0511_R005_T45UVA_20250501T090514.SAFE,1a6e895b-67ed-4f10-8e23-b5e36ffffb26,1,/mnt/engg-niulab/yuyao/sensors_raw_data/S2_canonical_6510_local_safe_recrop_v4/prev1/tan20250601t060447c30s4001-S/s2_-7.tif,,missing,canonical_local_safe,2025-04-26T05:36:39.024000+00:00,S2B_MSIL2A_20250426T053639_N0511_R005_T45UVA_20250426T074533.SAFE,5610de68-6264-413b-9b82-c89f5a36bc22,1,/mnt/engg-niulab/yuyao/sensors_raw_data/S2_canonical_6510_local_safe_recrop_v4/prev2/tan20250601t060447c30s4001-S/s2_prev2.tif,,missing,canonical_local_safe,2025-04-16T05:36:49.024000+00:00,S2B_MSIL2A_20250416T053649_N0511_R005_T45UVA_20250416T074446.SAFE,d84461df-1e24-4b40-8dc3-84615883025e,1,/mnt/engg-niulab/yuyao/sensors_raw_data/S2_canonical_6510_local_safe_recrop_v4/prev3/tan20250601t060447c30s4001-S/s2_prev3.tif,,missing,canonical_local_safe,2025-02-17T05:29:31.025000+00:00,,,0,,/mnt/engg-niulab/yuyao/sensors_raw_data/S2_canonical_6510_local_safe_recrop_v4/seasonal/tan20250601t060447c30s4001-S/s2_-90.tif,available,local_safe_point_recrop_v4,2024-05-13T05:26:51.024000+00:00,,,0,,/mnt/engg-niulab/yuyao/sensors_raw_data/S2_canonical_6510_local_safe_recrop_v4/year/tan20250601t060447c30s4001-S/s2_-360.tif,available,local_safe_point_recrop_v4,"prev1,prev2,prev3",1,0,/mnt/engg-niulab/yuyao/sensors_raw_data/S2/raw_data_dir_s2/S2C_MSIL2A_20250501T053701_N0511_R005_T45UVA_20250501T090514.SAFE,download_manifest,/mnt/engg-niulab/yuyao/sensors_raw_data/S2/raw_data_dir_s2/S2B_MSIL2A_20250426T053639_N0511_R005_T45UVA_20250426T074533.SAFE,download_manifest,/mnt/engg-niulab/yuyao/sensors_raw_data/S2/raw_data_dir_s2/S2B_MSIL2A_20250416T053649_N0511_R005_T45UVA_20250416T074446.SAFE,download_manifest,,,,,,
tan20250601t060447c30s4001-T,tan20250601t060447c30s4001,2025-06-01T06:04:47+00:00,2025-06-01T06:04:47+00:00,54.6168564885387,86.18224504536914,"[86.16587062256538, 54.60664905633628, 86.2188943016092, 54.63734807658804]",https://api.carbonmapper.org/api/v1/catalog/asset/l3a-vis-ch4-mfa-v3/2025/06/01/tan20250601t060447c30s4001-T/tan20250601t060447c30s4001-T_l3a-vis-ch4-mfa-v3_plume.tif,2025-06-02T05:26:49.024000+00:00,,,0,,/mnt/engg-niulab/yuyao/sensors_raw_data/S2_canonical_6510_local_safe_recrop_v4/t0/tan20250601t060447c30s4001-T/s2.tif,available,local_safe_point_recrop_v4,2025-04-26T05:36:39.024000+00:00,S2B_MSIL2A_20250426T053639_N0511_R005_T45UVA_20250426T074533.SAFE,5610de68-6264-413b-9b82-c89f5a36bc22,1,/mnt/engg-niulab/yuyao/sensors_raw_data/S2_canonical_6510_local_safe_recrop_v4/prev1/tan20250601t060447c30s4001-T/s2_-7.tif,,missing,canonical_local_safe,2025-04-16T05:36:49.024000+00:00,S2B_MSIL2A_20250416T053649_N0511_R005_T45UVA_20250416T074446.SAFE,d84461df-1e24-4b40-8dc3-84615883025e,1,/mnt/engg-niulab/yuyao/sensors_raw_data/S2_canonical_6510_local_safe_recrop_v4/prev2/tan20250601t060447c30s4001-T/s2_prev2.tif,,missing,canonical_local_safe,2025-04-13T05:26:49.024000+00:00,,,0,,/mnt/engg-niulab/yuyao/sensors_raw_data/S2_canonical_6510_local_safe_recrop_v4/prev3/tan20250601t060447c30s4001-T/s2_prev3.tif,available,local_safe_point_recrop_v4,2025-02-17T05:29:31.025000+00:00,,,0,,/mnt/engg-niulab/yuyao/sensors_raw_data/S2_canonical_6510_local_safe_recrop_v4/seasonal/tan20250601t060447c30s4001-T/s2_-90.tif,available,local_safe_point_recrop_v4,2024-05-13T05:26:51.024000+00:00,,,0,,/mnt/engg-niulab/yuyao/sensors_raw_data/S2_canonical_6510_local_safe_recrop_v4/year/tan20250601t060447c30s4001-T/s2_-360.tif,available,local_safe_point_recrop_v4,"prev1,prev2",1,0,/mnt/engg-niulab/yuyao/sensors_raw_data/S2/raw_data_dir_s2/S2B_MSIL2A_20250426T053639_N0511_R005_T45UVA_20250426T074533.SAFE,download_manifest,/mnt/engg-niulab/yuyao/sensors_raw_data/S2/raw_data_dir_s2/S2B_MSIL2A_20250416T053649_N0511_R005_T45UVA_20250416T074446.SAFE,download_manifest,,,,,,,,
tan20250601t074124c30s4001-B,tan20250601t074124c30s4001,2025-06-01T07:41:24+00:00,2025-06-01T07:41:24+00:00,39.33503519025675,54.15720922288224,"[54.13788335649822, 39.32356372929325, 54.17866139477411, 39.35537116983065]",https://api.carbonmapper.org/api/v1/catalog/asset/l3a-vis-ch4-mfa-v3/2025/06/01/tan20250601t074124c30s4001-B/tan20250601t074124c30s4001-B_l3a-vis-ch4-mfa-v3_plume.tif,2025-06-02T07:06:19.024000+00:00,,,0,,/mnt/engg-niulab/yuyao/sensors_raw_data/S2_canonical_6510_local_safe_recrop_v4/t0/tan20250601t074124c30s4001-B/s2.tif,available,local_safe_point_recrop_v4,2025-05-31T07:16:41.025000+00:00,S2C_MSIL2A_20250531T071641_N0511_R006_T40SBJ_20250531T105512.SAFE,d64e4673-b934-411a-aeb7-1ace4f94e1fc,1,/mnt/engg-niulab/yuyao/sensors_raw_data/S2_canonical_6510_local_safe_recrop_v4/prev1/tan20250601t074124c30s4001-B/s2_-7.tif,,missing,canonical_local_safe,2025-05-28T07:06:41.025000+00:00,,,0,,/mnt/engg-niulab/yuyao/sensors_raw_data/S2_canonical_6510_local_safe_recrop_v4/prev2/tan20250601t074124c30s4001-B/s2_prev2.tif,available,local_safe_point_recrop_v4,2025-05-26T07:16:19.024000+00:00,S2B_MSIL2A_20250526T071619_N0511_R006_T39SYD_20250526T092205.SAFE,7ea9df42-1c80-463f-897c-e38f84984772,1,/mnt/engg-niulab/yuyao/sensors_raw_data/S2_canonical_6510_local_safe_recrop_v4/prev3/tan20250601t074124c30s4001-B/s2_prev3.tif,,missing,canonical_local_safe,2025-03-02T07:18:41.025000+00:00,S2C_MSIL2A_20250302T071841_N0511_R006_T39SYD_20250302T105013.SAFE,aa1f09b8-3b4d-423b-8c02-c9d2d27023e2,1,/mnt/engg-niulab/yuyao/sensors_raw_data/S2_canonical_6510_local_safe_recrop_v4/seasonal/tan20250601t074124c30s4001-B/s2_-90.tif,,missing,canonical_local_safe,2024-06-05T07:16:21.024000+00:00,S2A_MSIL2A_20240605T071621_N0510_R006_T39SYD_20240605T114254.SAFE,7f020919-d492-40e5-a17d-035f0915637a,1,/mnt/engg-niulab/yuyao/sensors_raw_data/S2_canonical_6510_local_safe_recrop_v4/year/tan20250601t074124c30s4001-B/s2_-360.tif,,missing,canonical_local_safe,"prev1,prev3,seasonal,year",1,0,/mnt/engg-niulab/yuyao/sensors_raw_data/S2/raw_data_dir_s2/S2C_MSIL2A_20250531T071641_N0511_R006_T40SBJ_20250531T105512.SAFE,download_manifest,,,/mnt/engg-niulab/yuyao/sensors_raw_data/S2/raw_data_dir_s2/S2B_MSIL2A_20250526T071619_N0511_R006_T39SYD_20250526T092205.SAFE,download_manifest,/mnt/engg-niulab/yuyao/sensors_raw_data/S2/raw_data_dir_s2/S2C_MSIL2A_20250302T071841_N0511_R006_T39SYD_20250302T105013.SAFE,download_manifest,/mnt/engg-niulab/yuyao/sensors_raw_data/S2/raw_data_dir_s2/S2A_MSIL2A_20240605T071621_N0510_R006_T39SYD_20240605T114254.SAFE,download_manifest,,
tan20250601t074124c30s4001-C,tan20250601t074124c30s4001,2025-06-01T07:41:24+00:00,2025-06-01T07:41:24+00:00,39.334627335507605,54.13329654210884,"[54.11115123228931, 39.32235278050824, 54.151230769776255, 39.3536206506005]",https://api.carbonmapper.org/api/v1/catalog/asset/l3a-vis-ch4-mfa-v3/2025/06/01/tan20250601t074124c30s4001-C/tan20250601t074124c30s4001-C_l3a-vis-ch4-mfa-v3_plume.tif,2025-06-02T07:06:19.024000+00:00,,,0,,/mnt/engg-niulab/yuyao/sensors_raw_data/S2_canonical_6510_local_safe_recrop_v4/t0/tan20250601t074124c30s4001-C/s2.tif,available,local_safe_point_recrop_v4,2025-05-31T07:16:41.025000+00:00,S2C_MSIL2A_20250531T071641_N0511_R006_T40SBJ_20250531T105512.SAFE,d64e4673-b934-411a-aeb7-1ace4f94e1fc,1,/mnt/engg-niulab/yuyao/sensors_raw_data/S2_canonical_6510_local_safe_recrop_v4/prev1/tan20250601t074124c30s4001-C/s2_-7.tif,,missing,canonical_local_safe,2025-05-28T07:06:41.025000+00:00,,,0,,/mnt/engg-niulab/yuyao/sensors_raw_data/S2_canonical_6510_local_safe_recrop_v4/prev2/tan20250601t074124c30s4001-C/s2_prev2.tif,available,local_safe_point_recrop_v4,2025-05-26T07:16:19.024000+00:00,,,0,,/mnt/engg-niulab/yuyao/sensors_raw_data/S2_canonical_6510_local_safe_recrop_v4/prev3/tan20250601t074124c30s4001-C/s2_prev3.tif,available,local_safe_point_recrop_v4,2025-03-02T07:18:41.025000+00:00,,,0,,/mnt/engg-niulab/yuyao/sensors_raw_data/S2_canonical_6510_local_safe_recrop_v4/seasonal/tan20250601t074124c30s4001-C/s2_-90.tif,available,local_safe_point_recrop_v4,2024-06-05T07:16:21.024000+00:00,S2A_MSIL2A_20240605T071621_N0510_R006_T39SYD_20240605T114254.SAFE,7f020919-d492-40e5-a17d-035f0915637a,1,/mnt/engg-niulab/yuyao/sensors_raw_data/S2_canonical_6510_local_safe_recrop_v4/year/tan20250601t074124c30s4001-C/s2_-360.tif,,missing,canonical_local_safe,"prev1,year",1,0,/mnt/engg-niulab/yuyao/sensors_raw_data/S2/raw_data_dir_s2/S2C_MSIL2A_20250531T071641_N0511_R006_T40SBJ_20250531T105512.SAFE,download_manifest,,,,,,,/mnt/engg-niulab/yuyao/sensors_raw_data/S2/raw_data_dir_s2/S2A_MSIL2A_20240605T071621_N0510_R006_T39SYD_20240605T114254.SAFE,download_manifest,,
tan20250709t085527c89s4001-A,tan20250709t085527c89s4001,2025-07-09T08:55:27+00:00,2025-07-09T08:55:27+00:00,32.51263019173797,36.11250214352816,"[36.10220132450633, 32.48077041145199, 36.16328737095931, 32.532286117336916]",https://api.carbonmapper.org/api/v1/catalog/asset/l3a-vis-ch4-mfa-v3/2025/07/09/tan20250709t085527c89s4001-A/tan20250709t085527c89s4001-A_l3a-vis-ch4-mfa-v3_plume.tif,2025-07-10T08:06:09.024000+00:00,S2B_MSIL2A_20250710T080609_N0511_R078_T37SBS_20250710T103052.SAFE,b5bb6759-19d7-4de1-9559-10003f457977,1,/mnt/engg-niulab/yuyao/sensors_raw_data/S2_canonical_6510_local_safe_recrop_v4/t0/tan20250709t085527c89s4001-A/s2.tif,,missing,canonical_local_safe,2025-07-08T08:16:31.025000+00:00,,,0,,/mnt/engg-niulab/yuyao/sensors_raw_data/S2_canonical_6510_local_safe_recrop_v4/prev1/tan20250709t085527c89s4001-A/s2_-7.tif,available,local_safe_point_recrop_v4,2025-07-07T08:10:21.024000+00:00,S2A_MSIL2A_20250707T081021_N0511_R078_T36SYB_20250707T114117.SAFE,de110702-636e-41af-a934-5716ce0b7bcd,1,/mnt/engg-niulab/yuyao/sensors_raw_data/S2_canonical_6510_local_safe_recrop_v4/prev2/tan20250709t085527c89s4001-A/s2_prev2.tif,,missing,canonical_local_safe,2025-07-05T08:06:31.025000+00:00,S2C_MSIL2A_20250705T080631_N0511_R078_T36SYB_20250705T114715.SAFE,c245d866-8831-4ee0-9610-a567230b9365,1,/mnt/engg-niulab/yuyao/sensors_raw_data/S2_canonical_6510_local_safe_recrop_v4/prev3/tan20250709t085527c89s4001-A/s2_prev3.tif,,missing,canonical_local_safe,2025-04-09T08:16:31.024000+00:00,S2C_MSIL2A_20250409T081631_N0511_R121_T37SBR_20250409T135659.SAFE,e2c4ce1f-3d3e-4f45-a3c9-564409c23948,1,/mnt/engg-niulab/yuyao/sensors_raw_data/S2_canonical_6510_local_safe_recrop_v4/seasonal/tan20250709t085527c89s4001-A/s2_-90.tif,,missing,canonical_local_safe,2024-07-13T08:16:11.024000+00:00,,,0,,/mnt/engg-niulab/yuyao/sensors_raw_data/S2_canonical_6510_local_safe_recrop_v4/year/tan20250709t085527c89s4001-A/s2_-360.tif,available,local_safe_point_recrop_v4,"t0,prev2,prev3,seasonal",1,0,,,/mnt/engg-niulab/yuyao/sensors_raw_data/S2/raw_data_dir_s2/S2A_MSIL2A_20250707T081021_N0511_R078_T36SYB_20250707T114117.SAFE,download_manifest,/mnt/engg-niulab/yuyao/sensors_raw_data/S2/raw_data_dir_s2/S2C_MSIL2A_20250705T080631_N0511_R078_T36SYB_20250705T114715.SAFE,download_manifest,/mnt/engg-niulab/yuyao/sensors_raw_data/S2/raw_data_dir_s2/S2C_MSIL2A_20250409T081631_N0511_R121_T37SBR_20250409T135659.SAFE,download_manifest,,,/mnt/engg-niulab/yuyao/sensors_raw_data/S2/raw_data_dir_s2/S2B_MSIL2A_20250710T080609_N0511_R078_T37SBS_20250710T103052.SAFE,download_manifest
tan20250709t085527c89s4001-B,tan20250709t085527c89s4001,2025-07-09T08:55:27+00:00,2025-07-09T08:55:27+00:00,32.51095161611411,36.12043691694399,"[36.10220132450633, 32.48077041145199, 36.16328737095931, 32.532286117336916]",https://api.carbonmapper.org/api/v1/catalog/asset/l3a-vis-ch4-mfa-v3/2025/07/09/tan20250709t085527c89s4001-B/tan20250709t085527c89s4001-B_l3a-vis-ch4-mfa-v3_plume.tif,2025-07-10T08:06:09.024000+00:00,S2B_MSIL2A_20250710T080609_N0511_R078_T37SBR_20250710T103052.SAFE,f51b332b-0aeb-4d26-843d-19e192f9ac84,1,/mnt/engg-niulab/yuyao/sensors_raw_data/S2_canonical_6510_local_safe_recrop_v4/t0/tan20250709t085527c89s4001-B/s2.tif,,missing,canonical_local_safe,2025-07-08T08:16:31.025000+00:00,,,0,,/mnt/engg-niulab/yuyao/sensors_raw_data/S2_canonical_6510_local_safe_recrop_v4/prev1/tan20250709t085527c89s4001-B/s2_-7.tif,available,local_safe_point_recrop_v4,2025-07-07T08:10:21.024000+00:00,S2A_MSIL2A_20250707T081021_N0511_R078_T36SYB_20250707T114117.SAFE,de110702-636e-41af-a934-5716ce0b7bcd,1,/mnt/engg-niulab/yuyao/sensors_raw_data/S2_canonical_6510_local_safe_recrop_v4/prev2/tan20250709t085527c89s4001-B/s2_prev2.tif,,missing,canonical_local_safe,2025-07-05T08:06:31.025000+00:00,,,0,,/mnt/engg-niulab/yuyao/sensors_raw_data/S2_canonical_6510_local_safe_recrop_v4/prev3/tan20250709t085527c89s4001-B/s2_prev3.tif,available,local_safe_point_recrop_v4,2025-04-09T08:16:31.024000+00:00,S2C_MSIL2A_20250409T081631_N0511_R121_T37SBR_20250409T135659.SAFE,e2c4ce1f-3d3e-4f45-a3c9-564409c23948,1,/mnt/engg-niulab/yuyao/sensors_raw_data/S2_canonical_6510_local_safe_recrop_v4/seasonal/tan20250709t085527c89s4001-B/s2_-90.tif,,missing,canonical_local_safe,2024-07-13T08:16:11.024000+00:00,,,0,,/mnt/engg-niulab/yuyao/sensors_raw_data/S2_canonical_6510_local_safe_recrop_v4/year/tan20250709t085527c89s4001-B/s2_-360.tif,available,local_safe_point_recrop_v4,"t0,prev2,seasonal",1,0,,,/mnt/engg-niulab/yuyao/sensors_raw_data/S2/raw_data_dir_s2/S2A_MSIL2A_20250707T081021_N0511_R078_T36SYB_20250707T114117.SAFE,download_manifest,,,/mnt/engg-niulab/yuyao/sensors_raw_data/S2/raw_data_dir_s2/S2C_MSIL2A_20250409T081631_N0511_R121_T37SBR_20250409T135659.SAFE,download_manifest,,,/mnt/engg-niulab/yuyao/sensors_raw_data/S2/raw_data_dir_s2/S2B_MSIL2A_20250710T080609_N0511_R078_T37SBR_20250710T103052.SAFE,download_manifest
tan20250709t085527c89s4001-C,tan20250709t085527c89s4001,2025-07-09T08:55:27+00:00,2025-07-09T08:55:27+00:00,32.51052910252726,36.10585798535948,"[36.08800432755157, 32.49422802048373, 36.125104762552546, 32.525514774425446]",https://api.carbonmapper.org/api/v1/catalog/asset/l3a-vis-ch4-mfa-v3/2025/07/09/tan20250709t085527c89s4001-C/tan20250709t085527c89s4001-C_l3a-vis-ch4-mfa-v3_plume.tif,2025-07-10T08:06:09.024000+00:00,S2B_MSIL2A_20250710T080609_N0511_R078_T36SYB_20250710T103052.SAFE,e7655578-7235-44c9-abad-11a0acb06ec0,1,/mnt/engg-niulab/yuyao/sensors_raw_data/S2_canonical_6510_local_safe_recrop_v4/t0/tan20250709t085527c89s4001-C/s2.tif,,missing,canonical_local_safe,2025-07-08T08:16:31.025000+00:00,,,0,,/mnt/engg-niulab/yuyao/sensors_raw_data/S2_canonical_6510_local_safe_recrop_v4/prev1/tan20250709t085527c89s4001-C/s2_-7.tif,available,local_safe_point_recrop_v4,2025-07-07T08:10:21.024000+00:00,S2A_MSIL2A_20250707T081021_N0511_R078_T37SBS_20250707T114117.SAFE,89d6cde0-09c4-4c8b-9570-200dca540e9b,1,/mnt/engg-niulab/yuyao/sensors_raw_data/S2_canonical_6510_local_safe_recrop_v4/prev2/tan20250709t085527c89s4001-C/s2_prev2.tif,,missing,canonical_local_safe,2025-07-05T08:06:31.025000+00:00,S2C_MSIL2A_20250705T080631_N0511_R078_T37SBR_20250705T114715.SAFE,60f43440-66b5-4e20-90d0-50007022679a,1,/mnt/engg-niulab/yuyao/sensors_raw_data/S2_canonical_6510_local_safe_recrop_v4/prev3/tan20250709t085527c89s4001-C/s2_prev3.tif,,missing,canonical_local_safe,2025-04-09T08:16:31.024000+00:00,S2C_MSIL2A_20250409T081631_N0511_R121_T37SBR_20250409T135659.SAFE,e2c4ce1f-3d3e-4f45-a3c9-564409c23948,1,/mnt/engg-niulab/yuyao/sensors_raw_data/S2_canonical_6510_local_safe_recrop_v4/seasonal/tan20250709t085527c89s4001-C/s2_-90.tif,,missing,canonical_local_safe,2024-07-13T08:16:11.024000+00:00,,,0,,/mnt/engg-niulab/yuyao/sensors_raw_data/S2_canonical_6510_local_safe_recrop_v4/year/tan20250709t085527c89s4001-C/s2_-360.tif,available,local_safe_point_recrop_v4,"t0,prev2,prev3,seasonal",1,0,,,/mnt/engg-niulab/yuyao/sensors_raw_data/S2/raw_data_dir_s2/S2A_MSIL2A_20250707T081021_N0511_R078_T37SBS_20250707T114117.SAFE,download_manifest,/mnt/engg-niulab/yuyao/sensors_raw_data/S2/raw_data_dir_s2/S2C_MSIL2A_20250705T080631_N0511_R078_T37SBR_20250705T114715.SAFE,download_manifest,/mnt/engg-niulab/yuyao/sensors_raw_data/S2/raw_data_dir_s2/S2C_MSIL2A_20250409T081631_N0511_R121_T37SBR_20250409T135659.SAFE,download_manifest,,,/mnt/engg-niulab/yuyao/sensors_raw_data/S2/raw_data_dir_s2/S2B_MSIL2A_20250710T080609_N0511_R078_T36SYB_20250710T103052.SAFE,download_manifest
tan20250709t181548c58s4001-M,tan20250709t181548c58s4001,2025-07-09T18:15:48+00:00,2025-07-09T18:15:48+00:00,32.17965099045689,-101.72898206843898,"[-101.74903455071758, 32.16349896239498, -101.71206442878626, 32.19478999508807]",https://api.carbonmapper.org/api/v1/catalog/asset/l3a-vis-ch4-mfa-v3/2025/07/09/tan20250709t181548c58s4001-M/tan20250709t181548c58s4001-M_l3a-vis-ch4-mfa-v3_plume.tif,2025-07-10T17:19:21.025000+00:00,,,0,,/mnt/engg-niulab/yuyao/sensors_raw_data/S2_canonical_6510_local_safe_recrop_v4/t0/tan20250709t181548c58s4001-M/s2.tif,available,local_safe_point_recrop_v4,2025-07-08T17:28:59.024000+00:00,S2B_MSIL2A_20250708T172859_N0511_R055_T14SKA_20250708T212136.SAFE,fc892afa-df09-422f-af08-8f84c5557a21,1,/mnt/engg-niulab/yuyao/sensors_raw_data/S2_canonical_6510_local_safe_recrop_v4/prev1/tan20250709t181548c58s4001-M/s2_-7.tif,,missing,canonical_local_safe,2025-07-05T17:18:59.024000+00:00,S2B_MSIL2A_20250705T171859_N0511_R012_T13SGR_20250705T205335.SAFE,9dc5559e-b38c-4ef3-b18f-7a692adc1403,1,/mnt/engg-niulab/yuyao/sensors_raw_data/S2_canonical_6510_local_safe_recrop_v4/prev2/tan20250709t181548c58s4001-M/s2_prev2.tif,,missing,canonical_local_safe,2025-06-28T17:28:59.024000+00:00,S2B_MSIL2A_20250628T172859_N0511_R055_T13SGR_20250628T210049.SAFE,26052113-ed58-4cc6-8cdc-40357a2c2430,1,/mnt/engg-niulab/yuyao/sensors_raw_data/S2_canonical_6510_local_safe_recrop_v4/prev3/tan20250709t181548c58s4001-M/s2_prev3.tif,,missing,canonical_local_safe,2025-04-09T17:28:59.024000+00:00,S2B_MSIL2A_20250409T172859_N0511_R055_T13SGR_20250409T205934.SAFE,535d0e9b-3e8a-4c37-bfc7-9be3dd26adf0,1,/mnt/engg-niulab/yuyao/sensors_raw_data/S2_canonical_6510_local_safe_recrop_v4/seasonal/tan20250709t181548c58s4001-M/s2_-90.tif,,missing,canonical_local_safe,2024-07-13T17:28:59.024000+00:00,S2B_MSIL2A_20240713T172859_N0510_R055_T14SKA_20240713T214123.SAFE,3be087c4-d6f0-455b-8a61-6fab59c8564a,1,/mnt/engg-niulab/yuyao/sensors_raw_data/S2_canonical_6510_local_safe_recrop_v4/year/tan20250709t181548c58s4001-M/s2_-360.tif,,missing,canonical_local_safe,"prev1,prev2,prev3,seasonal,year",1,0,/mnt/engg-niulab/yuyao/sensors_raw_data/S2/raw_data_dir_s2/S2B_MSIL2A_20250708T172859_N0511_R055_T14SKA_20250708T212136.SAFE,download_manifest,/mnt/engg-niulab/yuyao/sensors_raw_data/S2/raw_data_dir_s2/S2B_MSIL2A_20250705T171859_N0511_R012_T13SGR_20250705T205335.SAFE,download_manifest,/mnt/engg-niulab/yuyao/sensors_raw_data/S2/raw_data_dir_s2/S2B_MSIL2A_20250628T172859_N0511_R055_T13SGR_20250628T210049.SAFE,download_manifest,/mnt/engg-niulab/yuyao/sensors_raw_data/S2/raw_data_dir_s2/S2B_MSIL2A_20250409T172859_N0511_R055_T13SGR_20250409T205934.SAFE,download_manifest,/mnt/engg-niulab/yuyao/sensors_raw_data/S2/raw_data_dir_s2/S2B_MSIL2A_20240713T172859_N0510_R055_T14SKA_20240713T214123.SAFE,download_manifest,,
tan20250709t194517c33s4001-A,tan20250709t194517c33s4001,2025-07-09T19:45:17+00:00,2025-07-09T19:45:17+00:00,45.564558605700974,-121.13249355275006,"[-121.1527509917138, 45.548552540491265, -121.10886210440239, 45.57927972711523]",https://api.carbonmapper.org/api/v1/catalog/asset/l3a-vis-ch4-mfa-v3/2025/07/09/tan20250709t194517c33s4001-A/tan20250709t194517c33s4001-A_l3a-vis-ch4-mfa-v3_plume.tif,2025-07-10T18:59:41.025000+00:00,,,0,,/mnt/engg-leung/Research_No9_Methane_Emissions/Yuyao/Dataset/plume_raw_s2_90360_fixed_512/tan20250709t194517c33s4001-A/s2_std_512.tif,available,legacy_gee_correct_512,2025-07-09T18:58:31.024000+00:00,S2A_MSIL2A_20250709T185831_N0511_R113_T10TFR_20250710T011913.SAFE,d3466e2a-13ab-42d9-8218-356accb19ca7,1,/mnt/engg-niulab/yuyao/sensors_raw_data/S2_canonical_6510_local_safe_recrop_v4/prev1/tan20250709t194517c33s4001-A/s2_-7.tif,,missing,canonical_local_safe,2025-07-07T18:49:41.025000+00:00,S2C_MSIL2A_20250707T184941_N0511_R113_T10TFR_20250707T235518.SAFE,59198873-21c6-403f-a75f-3bb884f0483b,1,/mnt/engg-niulab/yuyao/sensors_raw_data/S2_canonical_6510_local_safe_recrop_v4/prev2/tan20250709t194517c33s4001-A/s2_prev2.tif,,missing,canonical_local_safe,2025-07-05T18:59:19.024000+00:00,,,0,,/mnt/engg-niulab/yuyao/sensors_raw_data/S2_canonical_6510_local_safe_recrop_v4/prev3/tan20250709t194517c33s4001-A/s2_prev3.tif,available,local_safe_point_recrop_v4,2025-04-10T19:45:17+00:00,,,0,,/mnt/engg-leung/Research_No9_Methane_Emissions/Yuyao/Dataset/plume_raw_s2_90360_fixed_512/tan20250709t194517c33s4001-A/s2_90_std_512.tif,available,legacy_gee_correct_512,2024-07-14T19:45:17+00:00,,,0,,/mnt/engg-leung/Research_No9_Methane_Emissions/Yuyao/Dataset/plume_raw_s2_90360_fixed_512/tan20250709t194517c33s4001-A/s2_360_std_512.tif,available,legacy_gee_correct_512,"prev1,prev2",1,0,/mnt/engg-niulab/yuyao/sensors_raw_data/S2/raw_data_dir_s2/S2A_MSIL2A_20250709T185831_N0511_R113_T10TFR_20250710T011913.SAFE,download_manifest,/mnt/engg-niulab/yuyao/sensors_raw_data/S2/raw_data_dir_s2/S2C_MSIL2A_20250707T184941_N0511_R113_T10TFR_20250707T235518.SAFE,download_manifest,,,,,,,,
