plume_id,event_time,plume_latitude,plume_longitude,plume_bounds,sensor,t0_image_time,t0_product_id,t0_product_name,t0_overpass_key,t0_raw_path,t0_512_path,t0_path_source,t0_local_status,t0_download_needed,t0_download_target_raw_path,t0_expected_status,t0_matched_old_timepoint,t0_selection_source,prev1_image_time,prev1_product_id,prev1_product_name,prev1_overpass_key,prev1_raw_path,prev1_512_path,prev1_path_source,prev1_local_status,prev1_download_needed,prev1_download_target_raw_path,prev1_expected_status,prev1_matched_old_timepoint,prev1_selection_source,prev2_image_time,prev2_product_id,prev2_product_name,prev2_overpass_key,prev2_raw_path,prev2_512_path,prev2_path_source,prev2_local_status,prev2_download_needed,prev2_download_target_raw_path,prev2_expected_status,prev2_matched_old_timepoint,prev2_selection_source,prev3_image_time,prev3_product_id,prev3_product_name,prev3_overpass_key,prev3_raw_path,prev3_512_path,prev3_path_source,prev3_local_status,prev3_download_needed,prev3_download_target_raw_path,prev3_expected_status,prev3_matched_old_timepoint,prev3_selection_source,seasonal_image_time,seasonal_product_id,seasonal_product_name,seasonal_overpass_key,seasonal_raw_path,seasonal_512_path,seasonal_path_source,seasonal_local_status,seasonal_download_needed,seasonal_download_target_raw_path,seasonal_expected_status,seasonal_matched_old_timepoint,seasonal_selection_source,year_image_time,year_product_id,year_product_name,year_overpass_key,year_raw_path,year_512_path,year_path_source,year_local_status,year_download_needed,year_download_target_raw_path,year_expected_status,year_matched_old_timepoint,year_selection_source,plume_tif,plume_png,con_tif,rgb_tif,rgb_png,t0_input_path,t0_input_kind,prev1_input_path,prev1_input_kind,prev2_input_path,prev2_input_kind,prev3_input_path,prev3_input_kind,seasonal_input_path,seasonal_input_kind,year_input_path,year_input_kind,has_all6_available,has_all6_input_path,input_kind_pattern,t0_stac_item_id,t0_stac_base_url,t0_stac_cog_base_url,t0_stac_dn_add,t0_stac_source_product_name,t0_stac_mosaic_json,t0_local_mosaic_json,t0_cdse_mosaic_json,t0_tile_repair_status,t0_tile_repair_note,t0_tile_margin_pixels,t0_center_offset_pixels,t0_tile_repair_original_product_name,t0_tile_repair_original_product_id,prev1_stac_item_id,prev1_stac_base_url,prev1_stac_cog_base_url,prev1_stac_dn_add,prev1_stac_source_product_name,prev1_stac_mosaic_json,prev1_local_mosaic_json,prev1_cdse_mosaic_json,prev1_tile_repair_status,prev1_tile_repair_note,prev1_tile_margin_pixels,prev1_center_offset_pixels,prev1_tile_repair_original_product_name,prev1_tile_repair_original_product_id,prev2_stac_item_id,prev2_stac_base_url,prev2_stac_cog_base_url,prev2_stac_dn_add,prev2_stac_source_product_name,prev2_stac_mosaic_json,prev2_local_mosaic_json,prev2_cdse_mosaic_json,prev2_tile_repair_status,prev2_tile_repair_note,prev2_tile_margin_pixels,prev2_center_offset_pixels,prev2_tile_repair_original_product_name,prev2_tile_repair_original_product_id,prev3_stac_item_id,prev3_stac_base_url,prev3_stac_cog_base_url,prev3_stac_dn_add,prev3_stac_source_product_name,prev3_stac_mosaic_json,prev3_local_mosaic_json,prev3_cdse_mosaic_json,prev3_tile_repair_status,prev3_tile_repair_note,prev3_tile_margin_pixels,prev3_center_offset_pixels,prev3_tile_repair_original_product_name,prev3_tile_repair_original_product_id,seasonal_stac_item_id,seasonal_stac_base_url,seasonal_stac_cog_base_url,seasonal_stac_dn_add,seasonal_stac_source_product_name,seasonal_stac_mosaic_json,seasonal_local_mosaic_json,seasonal_cdse_mosaic_json,seasonal_tile_repair_status,seasonal_tile_repair_note,seasonal_tile_margin_pixels,seasonal_center_offset_pixels,seasonal_tile_repair_original_product_name,seasonal_tile_repair_original_product_id,year_stac_item_id,year_stac_base_url,year_stac_cog_base_url,year_stac_dn_add,year_stac_source_product_name,year_stac_mosaic_json,year_local_mosaic_json,year_cdse_mosaic_json,year_tile_repair_status,year_tile_repair_note,year_tile_margin_pixels,year_center_offset_pixels,year_tile_repair_original_product_name,year_tile_repair_original_product_id
GAO20210506t175942p0000-1,2021-05-06T17:59:42+00,30.00155401,-90.39188492,"[-90.39729835438737, 29.996646569241694, -90.39009973883812, 30.002849283152095]",S2,2021-05-07T16:29:01.024000Z,3c3adf42-cdfa-45c8-a81e-e90c46e94dd9,S2A_MSIL2A_20210507T162901_N0500_R083_T15RYP_20230204T190511.SAFE,S2|R083|20210507T1620,/mnt/engg-niulab/yuyao/sensors_raw_data/S2/prev1/GAO20210506t175942p0000-1/s2_-7.tif,,s2_download_manifest:downloaded,available,0,,expected,prev1,t0_24h_window,2021-04-25T16:38:29.024000Z,403d749f-0979-47fe-bd1e-79401eda3a08,S2B_MSIL2A_20210425T163829_N0500_R126_T15RYP_20230524T115639.SAFE,S2|R126|20210425T1630,/mnt/engg-niulab/yuyao/sensors_raw_data/S2/prev2/GAO20210506t175942p0000-1/s2_prev2.tif,,s2_download_manifest:downloaded,available,0,,expected,prev2,,2021-04-20T16:38:51.024000Z,6c7b9af3-89a6-4912-bab1-ccd2fc8a15a6,S2A_MSIL2A_20210420T163851_N0500_R126_T15RYP_20230512T002308.SAFE,S2|R126|20210420T1630,/mnt/engg-niulab/yuyao/sensors_raw_data/S2/prev3/GAO20210506t175942p0000-1/s2_prev3.tif,,s2_download_manifest:downloaded,available,0,,expected,prev3,,2021-04-12T16:28:29.024000Z,9e0fa169-5044-4c8f-9c68-15371ad877b2,S2B_MSIL2A_20210412T162829_N0500_R083_T15RYP_20230512T082244.SAFE,S2|R083|20210412T1620,/mnt/engg-niulab/yuyao/sensors_raw_data/S2/product_crops/9e0fa169-5044-4c8f-9c68-15371ad877b2/GAO20210506t175942p0000-1/prev3.tif,,download_s2_missing_from_clean_table,available,0,,expected,product_crops,,2021-02-01T16:35:19.024000+00:00,40cd0436-af37-4f35-9505-1ec5b50a7689,S2B_MSIL2A_20210201T163519_N0500_R083_T15RYP_20230602T201008.SAFE,S2|R083|20210201T1630,/mnt/engg-niulab/yuyao/sensors_raw_data/S2/seasonal/GAO20210506t175942p0000-1/s2_-90.tif,,master:downloaded_path,available,0,,expected,,kept,2020-05-10T16:38:39.024000+00:00,3bcc49da-c3de-4b6b-83ce-e702f46b8ffd,S2B_MSIL2A_20200510T163839_N0500_R126_T15RYP_20230619T114115.SAFE,S2|R126|20200510T1630,/mnt/engg-niulab/yuyao/sensors_raw_data/S2/year/GAO20210506t175942p0000-1/s2_-360.tif,,master:downloaded_path,available,0,,expected,,kept,,,,,,/mnt/engg-niulab/yuyao/sensors_raw_data/S2/prev1/GAO20210506t175942p0000-1/s2_-7.tif,raw,/mnt/engg-niulab/yuyao/sensors_raw_data/S2/prev2/GAO20210506t175942p0000-1/s2_prev2.tif,raw,/mnt/engg-niulab/yuyao/sensors_raw_data/S2/prev3/GAO20210506t175942p0000-1/s2_prev3.tif,raw,/mnt/engg-niulab/yuyao/sensors_raw_data/S2/product_crops/9e0fa169-5044-4c8f-9c68-15371ad877b2/GAO20210506t175942p0000-1/prev3.tif,raw,/mnt/engg-niulab/yuyao/sensors_raw_data/S2/seasonal/GAO20210506t175942p0000-1/s2_-90.tif,raw,/mnt/engg-niulab/yuyao/sensors_raw_data/S2/year/GAO20210506t175942p0000-1/s2_-360.tif,raw,1,1,raw+raw+raw+raw+raw+raw,,,,,,,,,local_exact,,1325.0,0.899977725581266,S2A_MSIL2A_20210507T162901_N0500_R083_T15RYP_20230204T190511.SAFE,3c3adf42-cdfa-45c8-a81e-e90c46e94dd9,,,,,,,,,local_exact,,1325.0,0.899977725581266,S2B_MSIL2A_20210425T163829_N0500_R126_T15RYP_20230524T115639.SAFE,403d749f-0979-47fe-bd1e-79401eda3a08,,,,,,,,,local_exact,,1325.0,0.899977725581266,S2A_MSIL2A_20210420T163851_N0500_R126_T15RYP_20230512T002308.SAFE,6c7b9af3-89a6-4912-bab1-ccd2fc8a15a6,S2B_15RYP_20210412_1_L2A,https://sentinel-s2-l2a.s3.amazonaws.com/tiles/15/R/YP/2021/4/12/1,https://sentinel-cogs.s3.us-west-2.amazonaws.com/sentinel-s2-l2a-cogs/15/R/YP/2021/4/S2B_15RYP_20210412_1_L2A,1000,S2B_MSIL2A_20210412T162829_N0500_R083_T15RYP_20230512T082244.SAFE,,,,stac_exact,,1325.0,0.899977725581266,S2B_MSIL2A_20210412T162829_N0500_R083_T15RYP_20230512T082244.SAFE,9e0fa169-5044-4c8f-9c68-15371ad877b2,,,,,,,,,local_exact,,1325.0,0.899977725581266,S2B_MSIL2A_20210201T163519_N0500_R083_T15RYP_20230602T201008.SAFE,40cd0436-af37-4f35-9505-1ec5b50a7689,,,,,,,,,local_exact,,1325.0,0.899977725581266,S2B_MSIL2A_20200510T163839_N0500_R126_T15RYP_20230619T114115.SAFE,3bcc49da-c3de-4b6b-83ce-e702f46b8ffd
GAO20220506t194111p0000-A,2022-05-06T19:41:11+00,30.000539,-90.397601,"[-90.39853778289115, 29.999321258943198, -90.39435670342996, 30.002973624008497]",S2,2022-05-07T16:28:29.024000Z,d14527a8-139d-4deb-97ff-d7d84163d094,S2B_MSIL2A_20220507T162829_N0510_R083_T15RYP_20240618T155356.SAFE,S2|R083|20220507T1620,/mnt/engg-niulab/yuyao/sensors_raw_data/S2/prev1/GAO20220506t194111p0000-A/s2_-7.tif,,s2_download_manifest:downloaded,available,0,,expected,prev1,t0_24h_window,2022-04-30T16:38:29.024000Z,26f2015c-1fba-44c6-9b05-cdc2d42a45da,S2B_MSIL2A_20220430T163829_N0510_R126_T15RYP_20240610T163846.SAFE,S2|R126|20220430T1630,/mnt/engg-niulab/yuyao/sensors_raw_data/S2/prev2/GAO20220506t194111p0000-A/s2_prev2.tif,,s2_download_manifest:downloaded,available,0,,expected,prev2,,2022-04-10T16:38:39.024000Z,cdb5f720-f2e6-4dfa-a1d2-174d8b0b20e0,S2B_MSIL2A_20220410T163839_N0510_R126_T15RYP_20240525T112250.SAFE,S2|R126|20220410T1630,/mnt/engg-niulab/yuyao/sensors_raw_data/S2/prev3/GAO20220506t194111p0000-A/s2_prev3.tif,,s2_download_manifest:downloaded,available,0,,expected,prev3,,2022-04-07T16:28:29.024000Z,2752b0c2-ab6c-412f-abb4-83c45a2d99f9,S2B_MSIL2A_20220407T162829_N0510_R083_T15RYP_20240607T053557.SAFE,S2|R083|20220407T1620,/mnt/engg-niulab/yuyao/sensors_raw_data/S2/product_crops/2752b0c2-ab6c-412f-abb4-83c45a2d99f9/GAO20220506t194111p0000-A/prev3.tif,,download_s2_missing_from_clean_table,available,0,,expected,product_crops,,2022-01-30T16:45:29.024000+00:00,94400b82-a45b-4be0-b67a-78132d2c42bc,S2B_MSIL2A_20220130T164529_N0510_R126_T15RYP_20240508T100417.SAFE,S2|R126|20220130T1640,/mnt/engg-niulab/yuyao/sensors_raw_data/S2/seasonal/GAO20220506t194111p0000-A/s2_-90.tif,,master:downloaded_path,available,0,,expected,,kept,2021-04-25T16:38:29.024000+00:00,403d749f-0979-47fe-bd1e-79401eda3a08,S2B_MSIL2A_20210425T163829_N0500_R126_T15RYP_20230524T115639.SAFE,S2|R126|20210425T1630,/mnt/engg-niulab/yuyao/sensors_raw_data/S2/year/GAO20220506t194111p0000-A/s2_-360.tif,,master:downloaded_path,available,0,,expected,,kept,,,,,,/mnt/engg-niulab/yuyao/sensors_raw_data/S2/prev1/GAO20220506t194111p0000-A/s2_-7.tif,raw,/mnt/engg-niulab/yuyao/sensors_raw_data/S2/prev2/GAO20220506t194111p0000-A/s2_prev2.tif,raw,/mnt/engg-niulab/yuyao/sensors_raw_data/S2/prev3/GAO20220506t194111p0000-A/s2_prev3.tif,raw,/mnt/engg-niulab/yuyao/sensors_raw_data/S2/product_crops/2752b0c2-ab6c-412f-abb4-83c45a2d99f9/GAO20220506t194111p0000-A/prev3.tif,raw,/mnt/engg-niulab/yuyao/sensors_raw_data/S2/seasonal/GAO20220506t194111p0000-A/s2_-90.tif,raw,/mnt/engg-niulab/yuyao/sensors_raw_data/S2/year/GAO20220506t194111p0000-A/s2_-360.tif,raw,1,1,raw+raw+raw+raw+raw+raw,,,,,,,,,local_exact,,1318.0,0.8738025978891528,S2B_MSIL2A_20220507T162829_N0510_R083_T15RYP_20240618T155356.SAFE,d14527a8-139d-4deb-97ff-d7d84163d094,,,,,,,,,local_exact,,1318.0,0.8738025978891528,S2B_MSIL2A_20220430T163829_N0510_R126_T15RYP_20240610T163846.SAFE,26f2015c-1fba-44c6-9b05-cdc2d42a45da,,,,,,,,,local_exact,,1318.0,0.8738025978891528,S2B_MSIL2A_20220410T163839_N0510_R126_T15RYP_20240525T112250.SAFE,cdb5f720-f2e6-4dfa-a1d2-174d8b0b20e0,,,,,,,,,stac_grid_only,,1318.0,0.8738025978891528,S2B_MSIL2A_20220407T162829_N0510_R083_T15RYP_20240607T053557.SAFE,2752b0c2-ab6c-412f-abb4-83c45a2d99f9,,,,,,,,,local_exact,,1318.0,0.8738025978891528,S2B_MSIL2A_20220130T164529_N0510_R126_T15RYP_20240508T100417.SAFE,94400b82-a45b-4be0-b67a-78132d2c42bc,,,,,,,,,local_exact,,1318.0,0.8738025978891528,S2B_MSIL2A_20210425T163829_N0500_R126_T15RYP_20230524T115639.SAFE,403d749f-0979-47fe-bd1e-79401eda3a08
GAO20220920t170341p0000-A,2022-09-20T17:03:41+00,33.715237,-86.856394,"[-86.85962374401207, 33.71245199425398, -86.85290036718109, 33.71804454233235]",S2,2022-09-21T16:18:59.024000Z,b5b375a7-99ea-4621-a3d7-1a3467cda5ce,S2B_MSIL2A_20220921T161859_N0510_R040_T16SEC_20240729T181919.SAFE,S2|R040|20220921T1610,/mnt/engg-niulab/yuyao/sensors_raw_data/S2/prev1/GAO20220920t170341p0000-A/s2_-7.tif,,s2_download_manifest:downloaded,available,0,,expected,prev1,t0_24h_window,2022-09-19T16:29:51.024000Z,e9a15e9a-8773-4247-99d1-52f984bcffd9,S2A_MSIL2A_20220919T162951_N0510_R083_T16SEC_20240731T074039.SAFE,S2|R083|20220919T1620,/mnt/engg-niulab/yuyao/sensors_raw_data/S2/prev2/GAO20220920t170341p0000-A/s2_prev2.tif,,s2_download_manifest:downloaded,available,0,,expected,prev2,,2022-09-14T16:28:39.024000Z,6fc5dbfc-62f9-4098-ac15-5f6bd7ed3ac1,S2B_MSIL2A_20220914T162839_N0510_R083_T16SEC_20240731T104852.SAFE,S2|R083|20220914T1620,/mnt/engg-niulab/yuyao/sensors_raw_data/S2/prev3/GAO20220920t170341p0000-A/s2_prev3.tif,,s2_download_manifest:downloaded,available,0,,expected,prev3,,2022-09-01T16:18:29.024000Z,b8068c66-a544-4792-afd6-6907de41e426,S2B_MSIL2A_20220901T161829_N0510_R040_T16SEC_20240721T200913.SAFE,S2|R040|20220901T1610,/mnt/engg-niulab/yuyao/sensors_raw_data/S2/product_crops/b8068c66-a544-4792-afd6-6907de41e426/GAO20220920t170341p0000-A/prev3.tif,,download_s2_missing_from_clean_table,available,0,,expected,product_crops,,2022-06-21T16:29:11.024000+00:00,7f18bd7a-6b4b-43d7-b12d-73a063af8ca1,S2A_MSIL2A_20220621T162911_N0510_R083_T16SEC_20240628T180518.SAFE,S2|R083|20220621T1620,/mnt/engg-niulab/yuyao/sensors_raw_data/S2/seasonal/GAO20220920t170341p0000-A/s2_-90.tif,,master:downloaded_path,available,0,,expected,,kept,2021-09-24T16:30:21.024000+00:00,d1971497-5c0c-4a2c-873d-fcb036115450,S2A_MSIL2A_20210924T163021_N0500_R083_T16SEC_20230118T184928.SAFE,S2|R083|20210924T1630,/mnt/engg-niulab/yuyao/sensors_raw_data/S2/year/GAO20220920t170341p0000-A/s2_-360.tif,,master:downloaded_path,available,0,,expected,,kept,,,,,,/mnt/engg-niulab/yuyao/sensors_raw_data/S2/prev1/GAO20220920t170341p0000-A/s2_-7.tif,raw,/mnt/engg-niulab/yuyao/sensors_raw_data/S2/prev2/GAO20220920t170341p0000-A/s2_prev2.tif,raw,/mnt/engg-niulab/yuyao/sensors_raw_data/S2/prev3/GAO20220920t170341p0000-A/s2_prev3.tif,raw,/mnt/engg-niulab/yuyao/sensors_raw_data/S2/product_crops/b8068c66-a544-4792-afd6-6907de41e426/GAO20220920t170341p0000-A/prev3.tif,raw,/mnt/engg-niulab/yuyao/sensors_raw_data/S2/seasonal/GAO20220920t170341p0000-A/s2_-90.tif,raw,/mnt/engg-niulab/yuyao/sensors_raw_data/S2/year/GAO20220920t170341p0000-A/s2_-360.tif,raw,1,1,raw+raw+raw+raw+raw+raw,,,,,,,,,local_exact,,410.0,0.3996252481592819,S2B_MSIL2A_20220921T161859_N0510_R040_T16SEC_20240729T181919.SAFE,b5b375a7-99ea-4621-a3d7-1a3467cda5ce,,,,,,,,,local_exact,,410.0,0.3996252481592819,S2A_MSIL2A_20220919T162951_N0510_R083_T16SEC_20240731T074039.SAFE,e9a15e9a-8773-4247-99d1-52f984bcffd9,,,,,,,,,local_exact,,410.0,0.3996252481592819,S2B_MSIL2A_20220914T162839_N0510_R083_T16SEC_20240731T104852.SAFE,6fc5dbfc-62f9-4098-ac15-5f6bd7ed3ac1,,,,,,,,,stac_grid_only,,410.0,0.3996252481592819,S2B_MSIL2A_20220901T161829_N0510_R040_T16SEC_20240721T200913.SAFE,b8068c66-a544-4792-afd6-6907de41e426,,,,,,,,,local_exact,,410.0,0.3996252481592819,S2A_MSIL2A_20220621T162911_N0510_R083_T16SEC_20240628T180518.SAFE,7f18bd7a-6b4b-43d7-b12d-73a063af8ca1,,,,,,,,,local_exact,,410.0,0.3996252481592819,S2A_MSIL2A_20210924T163021_N0500_R083_T16SEC_20230118T184928.SAFE,d1971497-5c0c-4a2c-873d-fcb036115450
GAO20220920t170827p0000-A,2022-09-20T17:08:27+00,33.715648,-86.858149,"[-86.86057569279635, 33.71121552271092, -86.85224574698505, 33.71809498054659]",S2,2022-09-21T16:18:59.024000Z,b5b375a7-99ea-4621-a3d7-1a3467cda5ce,S2B_MSIL2A_20220921T161859_N0510_R040_T16SEC_20240729T181919.SAFE,S2|R040|20220921T1610,/mnt/engg-niulab/yuyao/sensors_raw_data/S2/prev1/GAO20220920t170827p0000-A/s2_-7.tif,,s2_download_manifest:downloaded,available,0,,expected,prev1,t0_24h_window,2022-09-19T16:29:51.024000Z,e9a15e9a-8773-4247-99d1-52f984bcffd9,S2A_MSIL2A_20220919T162951_N0510_R083_T16SEC_20240731T074039.SAFE,S2|R083|20220919T1620,/mnt/engg-niulab/yuyao/sensors_raw_data/S2/prev2/GAO20220920t170827p0000-A/s2_prev2.tif,,s2_download_manifest:downloaded,available,0,,expected,prev2,,2022-09-14T16:28:39.024000Z,6fc5dbfc-62f9-4098-ac15-5f6bd7ed3ac1,S2B_MSIL2A_20220914T162839_N0510_R083_T16SEC_20240731T104852.SAFE,S2|R083|20220914T1620,/mnt/engg-niulab/yuyao/sensors_raw_data/S2/prev3/GAO20220920t170827p0000-A/s2_prev3.tif,,s2_download_manifest:downloaded,available,0,,expected,prev3,,2022-09-01T16:18:29.024000Z,b8068c66-a544-4792-afd6-6907de41e426,S2B_MSIL2A_20220901T161829_N0510_R040_T16SEC_20240721T200913.SAFE,S2|R040|20220901T1610,/mnt/engg-niulab/yuyao/sensors_raw_data/S2/product_crops/b8068c66-a544-4792-afd6-6907de41e426/GAO20220920t170827p0000-A/prev3.tif,,download_s2_missing_from_clean_table,available,0,,expected,product_crops,,2022-06-21T16:29:11.024000+00:00,7f18bd7a-6b4b-43d7-b12d-73a063af8ca1,S2A_MSIL2A_20220621T162911_N0510_R083_T16SEC_20240628T180518.SAFE,S2|R083|20220621T1620,/mnt/engg-niulab/yuyao/sensors_raw_data/S2/seasonal/GAO20220920t170827p0000-A/s2_-90.tif,,master:downloaded_path,available,0,,expected,,kept,2021-09-24T16:30:21.024000+00:00,d1971497-5c0c-4a2c-873d-fcb036115450,S2A_MSIL2A_20210924T163021_N0500_R083_T16SEC_20230118T184928.SAFE,S2|R083|20210924T1630,/mnt/engg-niulab/yuyao/sensors_raw_data/S2/year/GAO20220920t170827p0000-A/s2_-360.tif,,master:downloaded_path,available,0,,expected,,kept,,,,,,/mnt/engg-niulab/yuyao/sensors_raw_data/S2/prev1/GAO20220920t170827p0000-A/s2_-7.tif,raw,/mnt/engg-niulab/yuyao/sensors_raw_data/S2/prev2/GAO20220920t170827p0000-A/s2_prev2.tif,raw,/mnt/engg-niulab/yuyao/sensors_raw_data/S2/prev3/GAO20220920t170827p0000-A/s2_prev3.tif,raw,/mnt/engg-niulab/yuyao/sensors_raw_data/S2/product_crops/b8068c66-a544-4792-afd6-6907de41e426/GAO20220920t170827p0000-A/prev3.tif,raw,/mnt/engg-niulab/yuyao/sensors_raw_data/S2/seasonal/GAO20220920t170827p0000-A/s2_-90.tif,raw,/mnt/engg-niulab/yuyao/sensors_raw_data/S2/year/GAO20220920t170827p0000-A/s2_-360.tif,raw,1,1,raw+raw+raw+raw+raw+raw,,,,,,,,,local_exact,,402.0,0.15623317812060122,S2B_MSIL2A_20220921T161859_N0510_R040_T16SEC_20240729T181919.SAFE,b5b375a7-99ea-4621-a3d7-1a3467cda5ce,,,,,,,,,local_exact,,402.0,0.15623317812060122,S2A_MSIL2A_20220919T162951_N0510_R083_T16SEC_20240731T074039.SAFE,e9a15e9a-8773-4247-99d1-52f984bcffd9,,,,,,,,,local_exact,,402.0,0.15623317812060122,S2B_MSIL2A_20220914T162839_N0510_R083_T16SEC_20240731T104852.SAFE,6fc5dbfc-62f9-4098-ac15-5f6bd7ed3ac1,,,,,,,,,stac_grid_only,,402.0,0.15623317812060122,S2B_MSIL2A_20220901T161829_N0510_R040_T16SEC_20240721T200913.SAFE,b8068c66-a544-4792-afd6-6907de41e426,,,,,,,,,local_exact,,402.0,0.15623317812060122,S2A_MSIL2A_20220621T162911_N0510_R083_T16SEC_20240628T180518.SAFE,7f18bd7a-6b4b-43d7-b12d-73a063af8ca1,,,,,,,,,local_exact,,402.0,0.15623317812060122,S2A_MSIL2A_20210924T163021_N0500_R083_T16SEC_20230118T184928.SAFE,d1971497-5c0c-4a2c-873d-fcb036115450
GAO20220920t171237p0000-A,2022-09-20T17:12:37+00,33.715393,-86.85896,"[-86.86140655643847, 33.71111670982551, -86.8536719309637, 33.71759997830795]",S2,2022-09-21T16:18:59.024000Z,b5b375a7-99ea-4621-a3d7-1a3467cda5ce,S2B_MSIL2A_20220921T161859_N0510_R040_T16SEC_20240729T181919.SAFE,S2|R040|20220921T1610,/mnt/engg-niulab/yuyao/sensors_raw_data/S2/prev1/GAO20220920t171237p0000-A/s2_-7.tif,,s2_download_manifest:downloaded,available,0,,expected,prev1,t0_24h_window,2022-09-19T16:29:51.024000Z,e9a15e9a-8773-4247-99d1-52f984bcffd9,S2A_MSIL2A_20220919T162951_N0510_R083_T16SEC_20240731T074039.SAFE,S2|R083|20220919T1620,/mnt/engg-niulab/yuyao/sensors_raw_data/S2/prev2/GAO20220920t171237p0000-A/s2_prev2.tif,,s2_download_manifest:downloaded,available,0,,expected,prev2,,2022-09-14T16:28:39.024000Z,6fc5dbfc-62f9-4098-ac15-5f6bd7ed3ac1,S2B_MSIL2A_20220914T162839_N0510_R083_T16SEC_20240731T104852.SAFE,S2|R083|20220914T1620,/mnt/engg-niulab/yuyao/sensors_raw_data/S2/prev3/GAO20220920t171237p0000-A/s2_prev3.tif,,s2_download_manifest:downloaded,available,0,,expected,prev3,,2022-09-01T16:18:29.024000Z,b8068c66-a544-4792-afd6-6907de41e426,S2B_MSIL2A_20220901T161829_N0510_R040_T16SEC_20240721T200913.SAFE,S2|R040|20220901T1610,/mnt/engg-niulab/yuyao/sensors_raw_data/S2/product_crops/b8068c66-a544-4792-afd6-6907de41e426/GAO20220920t171237p0000-A/prev3.tif,,download_s2_missing_from_clean_table,available,0,,expected,product_crops,,2022-06-21T16:29:11.024000+00:00,7f18bd7a-6b4b-43d7-b12d-73a063af8ca1,S2A_MSIL2A_20220621T162911_N0510_R083_T16SEC_20240628T180518.SAFE,S2|R083|20220621T1620,/mnt/engg-niulab/yuyao/sensors_raw_data/S2/seasonal/GAO20220920t171237p0000-A/s2_-90.tif,,master:downloaded_path,available,0,,expected,,kept,2021-09-24T16:30:21.024000+00:00,d1971497-5c0c-4a2c-873d-fcb036115450,S2A_MSIL2A_20210924T163021_N0500_R083_T16SEC_20230118T184928.SAFE,S2|R083|20210924T1630,/mnt/engg-niulab/yuyao/sensors_raw_data/S2/year/GAO20220920t171237p0000-A/s2_-360.tif,,master:downloaded_path,available,0,,expected,,kept,,,,,,/mnt/engg-niulab/yuyao/sensors_raw_data/S2/prev1/GAO20220920t171237p0000-A/s2_-7.tif,raw,/mnt/engg-niulab/yuyao/sensors_raw_data/S2/prev2/GAO20220920t171237p0000-A/s2_prev2.tif,raw,/mnt/engg-niulab/yuyao/sensors_raw_data/S2/prev3/GAO20220920t171237p0000-A/s2_prev3.tif,raw,/mnt/engg-niulab/yuyao/sensors_raw_data/S2/product_crops/b8068c66-a544-4792-afd6-6907de41e426/GAO20220920t171237p0000-A/prev3.tif,raw,/mnt/engg-niulab/yuyao/sensors_raw_data/S2/seasonal/GAO20220920t171237p0000-A/s2_-90.tif,raw,/mnt/engg-niulab/yuyao/sensors_raw_data/S2/year/GAO20220920t171237p0000-A/s2_-360.tif,raw,1,1,raw+raw+raw+raw+raw+raw,,,,,,,,,local_exact,,398.0,0.551206241332693,S2B_MSIL2A_20220921T161859_N0510_R040_T16SEC_20240729T181919.SAFE,b5b375a7-99ea-4621-a3d7-1a3467cda5ce,,,,,,,,,local_exact,,398.0,0.551206241332693,S2A_MSIL2A_20220919T162951_N0510_R083_T16SEC_20240731T074039.SAFE,e9a15e9a-8773-4247-99d1-52f984bcffd9,,,,,,,,,local_exact,,398.0,0.551206241332693,S2B_MSIL2A_20220914T162839_N0510_R083_T16SEC_20240731T104852.SAFE,6fc5dbfc-62f9-4098-ac15-5f6bd7ed3ac1,,,,,,,,,stac_grid_only,,398.0,0.551206241332693,S2B_MSIL2A_20220901T161829_N0510_R040_T16SEC_20240721T200913.SAFE,b8068c66-a544-4792-afd6-6907de41e426,,,,,,,,,local_exact,,398.0,0.551206241332693,S2A_MSIL2A_20220621T162911_N0510_R083_T16SEC_20240628T180518.SAFE,7f18bd7a-6b4b-43d7-b12d-73a063af8ca1,,,,,,,,,local_exact,,398.0,0.551206241332693,S2A_MSIL2A_20210924T163021_N0500_R083_T16SEC_20230118T184928.SAFE,d1971497-5c0c-4a2c-873d-fcb036115450
GAO20220920t171720p0000-A,2022-09-20T17:17:20+00,33.713619,-86.856966,"[-86.86033901353333, 33.71061725909906, -86.85367527864597, 33.71616031666384]",S2,2022-09-21T16:18:59.024000Z,b5b375a7-99ea-4621-a3d7-1a3467cda5ce,S2B_MSIL2A_20220921T161859_N0510_R040_T16SEC_20240729T181919.SAFE,S2|R040|20220921T1610,/mnt/engg-niulab/yuyao/sensors_raw_data/S2/prev1/GAO20220920t171720p0000-A/s2_-7.tif,,s2_download_manifest:downloaded,available,0,,expected,prev1,t0_24h_window,2022-09-19T16:29:51.024000Z,e9a15e9a-8773-4247-99d1-52f984bcffd9,S2A_MSIL2A_20220919T162951_N0510_R083_T16SEC_20240731T074039.SAFE,S2|R083|20220919T1620,/mnt/engg-niulab/yuyao/sensors_raw_data/S2/prev2/GAO20220920t171720p0000-A/s2_prev2.tif,,s2_download_manifest:downloaded,available,0,,expected,prev2,,2022-09-14T16:28:39.024000Z,6fc5dbfc-62f9-4098-ac15-5f6bd7ed3ac1,S2B_MSIL2A_20220914T162839_N0510_R083_T16SEC_20240731T104852.SAFE,S2|R083|20220914T1620,/mnt/engg-niulab/yuyao/sensors_raw_data/S2/prev3/GAO20220920t171720p0000-A/s2_prev3.tif,,s2_download_manifest:downloaded,available,0,,expected,prev3,,2022-09-01T16:18:29.024000Z,b8068c66-a544-4792-afd6-6907de41e426,S2B_MSIL2A_20220901T161829_N0510_R040_T16SEC_20240721T200913.SAFE,S2|R040|20220901T1610,/mnt/engg-niulab/yuyao/sensors_raw_data/S2/product_crops/b8068c66-a544-4792-afd6-6907de41e426/GAO20220920t171720p0000-A/prev3.tif,,download_s2_missing_from_clean_table,available,0,,expected,product_crops,,2022-06-21T16:29:11.024000+00:00,7f18bd7a-6b4b-43d7-b12d-73a063af8ca1,S2A_MSIL2A_20220621T162911_N0510_R083_T16SEC_20240628T180518.SAFE,S2|R083|20220621T1620,/mnt/engg-niulab/yuyao/sensors_raw_data/S2/seasonal/GAO20220920t171720p0000-A/s2_-90.tif,,master:downloaded_path,available,0,,expected,,kept,2021-09-24T16:30:21.024000+00:00,d1971497-5c0c-4a2c-873d-fcb036115450,S2A_MSIL2A_20210924T163021_N0500_R083_T16SEC_20230118T184928.SAFE,S2|R083|20210924T1630,/mnt/engg-niulab/yuyao/sensors_raw_data/S2/year/GAO20220920t171720p0000-A/s2_-360.tif,,master:downloaded_path,available,0,,expected,,kept,,,,,,/mnt/engg-niulab/yuyao/sensors_raw_data/S2/prev1/GAO20220920t171720p0000-A/s2_-7.tif,raw,/mnt/engg-niulab/yuyao/sensors_raw_data/S2/prev2/GAO20220920t171720p0000-A/s2_prev2.tif,raw,/mnt/engg-niulab/yuyao/sensors_raw_data/S2/prev3/GAO20220920t171720p0000-A/s2_prev3.tif,raw,/mnt/engg-niulab/yuyao/sensors_raw_data/S2/product_crops/b8068c66-a544-4792-afd6-6907de41e426/GAO20220920t171720p0000-A/prev3.tif,raw,/mnt/engg-niulab/yuyao/sensors_raw_data/S2/seasonal/GAO20220920t171720p0000-A/s2_-90.tif,raw,/mnt/engg-niulab/yuyao/sensors_raw_data/S2/year/GAO20220920t171720p0000-A/s2_-360.tif,raw,1,1,raw+raw+raw+raw+raw+raw,,,,,,,,,local_exact,,407.0,0.652333503079717,S2B_MSIL2A_20220921T161859_N0510_R040_T16SEC_20240729T181919.SAFE,b5b375a7-99ea-4621-a3d7-1a3467cda5ce,,,,,,,,,local_exact,,407.0,0.652333503079717,S2A_MSIL2A_20220919T162951_N0510_R083_T16SEC_20240731T074039.SAFE,e9a15e9a-8773-4247-99d1-52f984bcffd9,,,,,,,,,local_exact,,407.0,0.652333503079717,S2B_MSIL2A_20220914T162839_N0510_R083_T16SEC_20240731T104852.SAFE,6fc5dbfc-62f9-4098-ac15-5f6bd7ed3ac1,,,,,,,,,stac_grid_only,,407.0,0.652333503079717,S2B_MSIL2A_20220901T161829_N0510_R040_T16SEC_20240721T200913.SAFE,b8068c66-a544-4792-afd6-6907de41e426,,,,,,,,,local_exact,,407.0,0.652333503079717,S2A_MSIL2A_20220621T162911_N0510_R083_T16SEC_20240628T180518.SAFE,7f18bd7a-6b4b-43d7-b12d-73a063af8ca1,,,,,,,,,local_exact,,407.0,0.652333503079717,S2A_MSIL2A_20210924T163021_N0500_R083_T16SEC_20230118T184928.SAFE,d1971497-5c0c-4a2c-873d-fcb036115450
GAO20230430t173028p0000-A,2023-04-30T17:30:28+00,29.67935643020867,-94.9177689834817,"[-94.92071600854132, 29.675445079850526, -94.91068279809917, 29.684206924933076]",S2,2023-05-01T16:58:49.024000Z,f3c05f9c-fc91-43a0-bafb-49272b80ce2f,S2B_MSIL2A_20230501T165849_N0510_R069_T15RUN_20240831T081957.SAFE,S2|R069|20230501T1650,/mnt/engg-niulab/yuyao/sensors_raw_data/S2/prev1/GAO20230430t173028p0000-A/s2_-7.tif,,s2_download_manifest:downloaded,available,0,,expected,prev1,t0_24h_window,2023-04-28T16:48:49.024000Z,b048a348-c0a4-4f3d-ab12-613ffba35a91,S2B_MSIL2A_20230428T164849_N0510_R026_T15RUN_20240901T042359.SAFE,S2|R026|20230428T1640,/mnt/engg-niulab/yuyao/sensors_raw_data/S2/prev2/GAO20230430t173028p0000-A/s2_prev2.tif,,s2_download_manifest:downloaded,available,0,,expected,prev2,,2023-04-13T16:48:41.024000Z,ebebfe4d-ea82-4a7e-863d-6be9f9d96723,S2A_MSIL2A_20230413T164841_N0510_R026_T15RUN_20240824T173834.SAFE,S2|R026|20230413T1640,/mnt/engg-niulab/yuyao/sensors_raw_data/S2/prev3/GAO20230430t173028p0000-A/s2_prev3.tif,,s2_download_manifest:downloaded,available,0,,expected,prev3,,2023-04-01T16:58:49.024000Z,a83e4a8a-94eb-4b3f-99b0-7f170a17e5ee,S2B_MSIL2A_20230401T165849_N0510_R069_T15RUN_20240828T100301.SAFE,S2|R069|20230401T1650,/mnt/engg-niulab/yuyao/sensors_raw_data/S2/product_crops/a83e4a8a-94eb-4b3f-99b0-7f170a17e5ee/GAO20230430t173028p0000-A/prev3.tif,,download_s2_missing_from_clean_table,available,0,,expected,product_crops,,2023-01-26T17:06:01.024000+00:00,b0b4a18c-59d9-48a9-bd26-69e9fa93f33e,S2A_MSIL2A_20230126T170601_N0510_R069_T15RUN_20240807T125503.SAFE,S2|R069|20230126T1700,/mnt/engg-niulab/yuyao/sensors_raw_data/S2/seasonal/GAO20230430t173028p0000-A/s2_-90.tif,,master:downloaded_path,available,0,,expected,,kept,2022-04-28T16:48:51.024000+00:00,2e369f59-6f1a-45e1-8fcc-35a7e88a9465,S2A_MSIL2A_20220428T164851_N0510_R026_T15RUN_20240609T073709.SAFE,S2|R026|20220428T1640,/mnt/engg-niulab/yuyao/sensors_raw_data/S2/year/GAO20230430t173028p0000-A/s2_-360.tif,,master:downloaded_path,available,0,,expected,,kept,,,,,,/mnt/engg-niulab/yuyao/sensors_raw_data/S2/prev1/GAO20230430t173028p0000-A/s2_-7.tif,raw,/mnt/engg-niulab/yuyao/sensors_raw_data/S2/prev2/GAO20230430t173028p0000-A/s2_prev2.tif,raw,/mnt/engg-niulab/yuyao/sensors_raw_data/S2/prev3/GAO20230430t173028p0000-A/s2_prev3.tif,raw,/mnt/engg-niulab/yuyao/sensors_raw_data/S2/product_crops/a83e4a8a-94eb-4b3f-99b0-7f170a17e5ee/GAO20230430t173028p0000-A/prev3.tif,raw,/mnt/engg-niulab/yuyao/sensors_raw_data/S2/seasonal/GAO20230430t173028p0000-A/s2_-90.tif,raw,/mnt/engg-niulab/yuyao/sensors_raw_data/S2/year/GAO20230430t173028p0000-A/s2_-360.tif,raw,1,1,raw+raw+raw+raw+raw+raw,,,,,,,,,local_exact,,465.0,0.3055425733909942,S2B_MSIL2A_20230501T165849_N0510_R069_T15RUN_20240831T081957.SAFE,f3c05f9c-fc91-43a0-bafb-49272b80ce2f,,,,,,,,,local_exact,,465.0,0.3055425733909942,S2B_MSIL2A_20230428T164849_N0510_R026_T15RUN_20240901T042359.SAFE,b048a348-c0a4-4f3d-ab12-613ffba35a91,,,,,,,,,local_exact,,465.0,0.3055425733909942,S2A_MSIL2A_20230413T164841_N0510_R026_T15RUN_20240824T173834.SAFE,ebebfe4d-ea82-4a7e-863d-6be9f9d96723,,,,,,,,,stac_grid_only,,465.0,0.3055425733909942,S2B_MSIL2A_20230401T165849_N0510_R069_T15RUN_20240828T100301.SAFE,a83e4a8a-94eb-4b3f-99b0-7f170a17e5ee,,,,,,,,,local_exact,,465.0,0.3055425733909942,S2A_MSIL2A_20230126T170601_N0510_R069_T15RUN_20240807T125503.SAFE,b0b4a18c-59d9-48a9-bd26-69e9fa93f33e,,,,,,,,,local_exact,,465.0,0.3055425733909942,S2A_MSIL2A_20220428T164851_N0510_R026_T15RUN_20240609T073709.SAFE,2e369f59-6f1a-45e1-8fcc-35a7e88a9465
GAO20230430t185208p0000-A,2023-04-30T18:52:08+00,29.681412813274804,-94.91721127406456,"[-94.92094847332075, 29.67743658992839, -94.91215650197836, 29.685074997968684]",S2,2023-05-01T16:58:49.024000Z,f3c05f9c-fc91-43a0-bafb-49272b80ce2f,S2B_MSIL2A_20230501T165849_N0510_R069_T15RUN_20240831T081957.SAFE,S2|R069|20230501T1650,/mnt/engg-niulab/yuyao/sensors_raw_data/S2/prev1/GAO20230430t185208p0000-A/s2_-7.tif,,s2_download_manifest:downloaded,available,0,,expected,prev1,t0_24h_window,2023-04-28T16:48:49.024000Z,b048a348-c0a4-4f3d-ab12-613ffba35a91,S2B_MSIL2A_20230428T164849_N0510_R026_T15RUN_20240901T042359.SAFE,S2|R026|20230428T1640,/mnt/engg-niulab/yuyao/sensors_raw_data/S2/prev2/GAO20230430t185208p0000-A/s2_prev2.tif,,s2_download_manifest:downloaded,available,0,,expected,prev2,,2023-04-13T16:48:41.024000Z,ebebfe4d-ea82-4a7e-863d-6be9f9d96723,S2A_MSIL2A_20230413T164841_N0510_R026_T15RUN_20240824T173834.SAFE,S2|R026|20230413T1640,/mnt/engg-niulab/yuyao/sensors_raw_data/S2/prev3/GAO20230430t185208p0000-A/s2_prev3.tif,,s2_download_manifest:downloaded,available,0,,expected,prev3,,2023-04-01T16:58:49.024000Z,a83e4a8a-94eb-4b3f-99b0-7f170a17e5ee,S2B_MSIL2A_20230401T165849_N0510_R069_T15RUN_20240828T100301.SAFE,S2|R069|20230401T1650,/mnt/engg-niulab/yuyao/sensors_raw_data/S2/product_crops/a83e4a8a-94eb-4b3f-99b0-7f170a17e5ee/GAO20230430t185208p0000-A/prev3.tif,,download_s2_missing_from_clean_table,available,0,,expected,product_crops,,2023-01-26T17:06:01.024000+00:00,b0b4a18c-59d9-48a9-bd26-69e9fa93f33e,S2A_MSIL2A_20230126T170601_N0510_R069_T15RUN_20240807T125503.SAFE,S2|R069|20230126T1700,/mnt/engg-niulab/yuyao/sensors_raw_data/S2/seasonal/GAO20230430t185208p0000-A/s2_-90.tif,,master:downloaded_path,available,0,,expected,,kept,2022-04-28T16:48:51.024000+00:00,2e369f59-6f1a-45e1-8fcc-35a7e88a9465,S2A_MSIL2A_20220428T164851_N0510_R026_T15RUN_20240609T073709.SAFE,S2|R026|20220428T1640,/mnt/engg-niulab/yuyao/sensors_raw_data/S2/year/GAO20230430t185208p0000-A/s2_-360.tif,,master:downloaded_path,available,0,,expected,,kept,,,,,,/mnt/engg-niulab/yuyao/sensors_raw_data/S2/prev1/GAO20230430t185208p0000-A/s2_-7.tif,raw,/mnt/engg-niulab/yuyao/sensors_raw_data/S2/prev2/GAO20230430t185208p0000-A/s2_prev2.tif,raw,/mnt/engg-niulab/yuyao/sensors_raw_data/S2/prev3/GAO20230430t185208p0000-A/s2_prev3.tif,raw,/mnt/engg-niulab/yuyao/sensors_raw_data/S2/product_crops/a83e4a8a-94eb-4b3f-99b0-7f170a17e5ee/GAO20230430t185208p0000-A/prev3.tif,raw,/mnt/engg-niulab/yuyao/sensors_raw_data/S2/seasonal/GAO20230430t185208p0000-A/s2_-90.tif,raw,/mnt/engg-niulab/yuyao/sensors_raw_data/S2/year/GAO20230430t185208p0000-A/s2_-360.tif,raw,1,1,raw+raw+raw+raw+raw+raw,,,,,,,,,local_exact,,468.0,0.9261563369946089,S2B_MSIL2A_20230501T165849_N0510_R069_T15RUN_20240831T081957.SAFE,f3c05f9c-fc91-43a0-bafb-49272b80ce2f,,,,,,,,,local_exact,,468.0,0.9261563369946089,S2B_MSIL2A_20230428T164849_N0510_R026_T15RUN_20240901T042359.SAFE,b048a348-c0a4-4f3d-ab12-613ffba35a91,,,,,,,,,local_exact,,468.0,0.9261563369946089,S2A_MSIL2A_20230413T164841_N0510_R026_T15RUN_20240824T173834.SAFE,ebebfe4d-ea82-4a7e-863d-6be9f9d96723,,,,,,,,,stac_grid_only,,468.0,0.9261563369946089,S2B_MSIL2A_20230401T165849_N0510_R069_T15RUN_20240828T100301.SAFE,a83e4a8a-94eb-4b3f-99b0-7f170a17e5ee,,,,,,,,,local_exact,,468.0,0.9261563369946089,S2A_MSIL2A_20230126T170601_N0510_R069_T15RUN_20240807T125503.SAFE,b0b4a18c-59d9-48a9-bd26-69e9fa93f33e,,,,,,,,,local_exact,,468.0,0.9261563369946089,S2A_MSIL2A_20220428T164851_N0510_R026_T15RUN_20240609T073709.SAFE,2e369f59-6f1a-45e1-8fcc-35a7e88a9465
GAO20230430t185208p0000-B,2023-04-30T18:52:08+00,29.68089059579546,-94.91855571827828,"[-94.92094847332075, 29.67743658992839, -94.91215650197836, 29.685074997968684]",S2,2023-05-01T16:58:49.024000Z,f3c05f9c-fc91-43a0-bafb-49272b80ce2f,S2B_MSIL2A_20230501T165849_N0510_R069_T15RUN_20240831T081957.SAFE,S2|R069|20230501T1650,/mnt/engg-niulab/yuyao/sensors_raw_data/S2/prev1/GAO20230430t185208p0000-B/s2_-7.tif,,s2_download_manifest:downloaded,available,0,,expected,prev1,t0_24h_window,2023-04-28T16:48:49.024000Z,b048a348-c0a4-4f3d-ab12-613ffba35a91,S2B_MSIL2A_20230428T164849_N0510_R026_T15RUN_20240901T042359.SAFE,S2|R026|20230428T1640,/mnt/engg-niulab/yuyao/sensors_raw_data/S2/prev2/GAO20230430t185208p0000-B/s2_prev2.tif,,s2_download_manifest:downloaded,available,0,,expected,prev2,,2023-04-13T16:48:41.024000Z,ebebfe4d-ea82-4a7e-863d-6be9f9d96723,S2A_MSIL2A_20230413T164841_N0510_R026_T15RUN_20240824T173834.SAFE,S2|R026|20230413T1640,/mnt/engg-niulab/yuyao/sensors_raw_data/S2/prev3/GAO20230430t185208p0000-B/s2_prev3.tif,,s2_download_manifest:downloaded,available,0,,expected,prev3,,2023-04-01T16:58:49.024000Z,a83e4a8a-94eb-4b3f-99b0-7f170a17e5ee,S2B_MSIL2A_20230401T165849_N0510_R069_T15RUN_20240828T100301.SAFE,S2|R069|20230401T1650,/mnt/engg-niulab/yuyao/sensors_raw_data/S2/product_crops/a83e4a8a-94eb-4b3f-99b0-7f170a17e5ee/GAO20230430t185208p0000-B/prev3.tif,,download_s2_missing_from_clean_table,available,0,,expected,product_crops,,2023-01-26T17:06:01.024000+00:00,b0b4a18c-59d9-48a9-bd26-69e9fa93f33e,S2A_MSIL2A_20230126T170601_N0510_R069_T15RUN_20240807T125503.SAFE,S2|R069|20230126T1700,/mnt/engg-niulab/yuyao/sensors_raw_data/S2/seasonal/GAO20230430t185208p0000-B/s2_-90.tif,,master:downloaded_path,available,0,,expected,,kept,2022-04-28T16:48:51.024000+00:00,2e369f59-6f1a-45e1-8fcc-35a7e88a9465,S2A_MSIL2A_20220428T164851_N0510_R026_T15RUN_20240609T073709.SAFE,S2|R026|20220428T1640,/mnt/engg-niulab/yuyao/sensors_raw_data/S2/year/GAO20230430t185208p0000-B/s2_-360.tif,,master:downloaded_path,available,0,,expected,,kept,,,,,,/mnt/engg-niulab/yuyao/sensors_raw_data/S2/prev1/GAO20230430t185208p0000-B/s2_-7.tif,raw,/mnt/engg-niulab/yuyao/sensors_raw_data/S2/prev2/GAO20230430t185208p0000-B/s2_prev2.tif,raw,/mnt/engg-niulab/yuyao/sensors_raw_data/S2/prev3/GAO20230430t185208p0000-B/s2_prev3.tif,raw,/mnt/engg-niulab/yuyao/sensors_raw_data/S2/product_crops/a83e4a8a-94eb-4b3f-99b0-7f170a17e5ee/GAO20230430t185208p0000-B/prev3.tif,raw,/mnt/engg-niulab/yuyao/sensors_raw_data/S2/seasonal/GAO20230430t185208p0000-B/s2_-90.tif,raw,/mnt/engg-niulab/yuyao/sensors_raw_data/S2/year/GAO20230430t185208p0000-B/s2_-360.tif,raw,1,1,raw+raw+raw+raw+raw+raw,,,,,,,,,local_exact,,461.0,0.7122679117601365,S2B_MSIL2A_20230501T165849_N0510_R069_T15RUN_20240831T081957.SAFE,f3c05f9c-fc91-43a0-bafb-49272b80ce2f,,,,,,,,,local_exact,,461.0,0.7122679117601365,S2B_MSIL2A_20230428T164849_N0510_R026_T15RUN_20240901T042359.SAFE,b048a348-c0a4-4f3d-ab12-613ffba35a91,,,,,,,,,local_exact,,461.0,0.7122679117601365,S2A_MSIL2A_20230413T164841_N0510_R026_T15RUN_20240824T173834.SAFE,ebebfe4d-ea82-4a7e-863d-6be9f9d96723,,,,,,,,,stac_grid_only,,461.0,0.7122679117601365,S2B_MSIL2A_20230401T165849_N0510_R069_T15RUN_20240828T100301.SAFE,a83e4a8a-94eb-4b3f-99b0-7f170a17e5ee,,,,,,,,,local_exact,,461.0,0.7122679117601365,S2A_MSIL2A_20230126T170601_N0510_R069_T15RUN_20240807T125503.SAFE,b0b4a18c-59d9-48a9-bd26-69e9fa93f33e,,,,,,,,,local_exact,,461.0,0.7122679117601365,S2A_MSIL2A_20220428T164851_N0510_R026_T15RUN_20240609T073709.SAFE,2e369f59-6f1a-45e1-8fcc-35a7e88a9465
GAO20230509t172829p0000-A,2023-05-09T17:28:29+00,40.93708956579616,-87.33992704895343,"[-87.35151168991548, 40.92623557936146, -87.33425539995476, 40.939227394957385]",S2,2023-05-10T16:38:41.024000Z,45a8363a-b946-497b-9893-fa4096803a90,S2A_MSIL2A_20230510T163841_N0510_R126_T16TDL_20240902T184958.SAFE,S2|R126|20230510T1630,/mnt/engg-niulab/yuyao/sensors_raw_data/S2/prev1/GAO20230509t172829p0000-A/s2_-7.tif,,s2_download_manifest:downloaded,available,0,,expected,prev1,t0_24h_window,2023-04-12T16:28:39.024000Z,b0a8a2e1-bf2a-497b-96ed-b7a7d461e5c6,S2B_MSIL2A_20230412T162839_N0510_R083_T16TDL_20240828T163951.SAFE,S2|R083|20230412T1620,/mnt/engg-niulab/yuyao/sensors_raw_data/S2/prev2/GAO20230509t172829p0000-A/s2_prev2.tif,,s2_download_manifest:downloaded,available,0,,expected,prev2,,2023-04-07T16:28:31.024000Z,90e72e2e-505b-49b8-a74a-711c77415606,S2A_MSIL2A_20230407T162831_N0510_R083_T16TDL_20240828T220654.SAFE,S2|R083|20230407T1620,/mnt/engg-niulab/yuyao/sensors_raw_data/S2/prev3/GAO20230509t172829p0000-A/s2_prev3.tif,,s2_download_manifest:downloaded,available,0,,expected,prev3,,2023-03-01T16:42:11.024000Z,8d9e3cd4-8270-47fe-b0d2-351cbb01a690,S2A_MSIL2A_20230301T164211_N0510_R126_T16TDL_20240817T132210.SAFE,S2|R126|20230301T1640,/mnt/engg-niulab/yuyao/sensors_raw_data/S2/product_crops/8d9e3cd4-8270-47fe-b0d2-351cbb01a690/GAO20230509t172829p0000-A/prev3.tif,,download_s2_missing_from_clean_table,available,0,,expected,product_crops,,2023-02-04T16:44:59.024000+00:00,a8d49719-0374-41a4-ab41-2d1b18bb5449,S2B_MSIL2A_20230204T164459_N0510_R126_T16TDL_20240816T203359.SAFE,S2|R126|20230204T1640,/mnt/engg-niulab/yuyao/sensors_raw_data/S2/seasonal/GAO20230509t172829p0000-A/s2_-90.tif,,master:downloaded_path,available,0,,expected,,kept,2022-05-12T16:28:41.024000+00:00,6dd486ae-fe79-4786-942d-977e03627cae,S2A_MSIL2A_20220512T162841_N0510_R083_T16TDL_20240618T171123.SAFE,S2|R083|20220512T1620,/mnt/engg-niulab/yuyao/sensors_raw_data/S2/year/GAO20230509t172829p0000-A/s2_-360.tif,,master:downloaded_path,available,0,,expected,,kept,,,,,,/mnt/engg-niulab/yuyao/sensors_raw_data/S2/prev1/GAO20230509t172829p0000-A/s2_-7.tif,raw,/mnt/engg-niulab/yuyao/sensors_raw_data/S2/prev2/GAO20230509t172829p0000-A/s2_prev2.tif,raw,/mnt/engg-niulab/yuyao/sensors_raw_data/S2/prev3/GAO20230509t172829p0000-A/s2_prev3.tif,raw,/mnt/engg-niulab/yuyao/sensors_raw_data/S2/product_crops/8d9e3cd4-8270-47fe-b0d2-351cbb01a690/GAO20230509t172829p0000-A/prev3.tif,raw,/mnt/engg-niulab/yuyao/sensors_raw_data/S2/seasonal/GAO20230509t172829p0000-A/s2_-90.tif,raw,/mnt/engg-niulab/yuyao/sensors_raw_data/S2/year/GAO20230509t172829p0000-A/s2_-360.tif,raw,1,1,raw+raw+raw+raw+raw+raw,,,,,,,,,local_exact,,1663.0,0.5467351089173462,S2A_MSIL2A_20230510T163841_N0510_R126_T16TDL_20240902T184958.SAFE,45a8363a-b946-497b-9893-fa4096803a90,,,,,,,,,local_exact,,1663.0,0.5467351089173462,S2B_MSIL2A_20230412T162839_N0510_R083_T16TDL_20240828T163951.SAFE,b0a8a2e1-bf2a-497b-96ed-b7a7d461e5c6,,,,,,,,,local_exact,,1663.0,0.5467351089173462,S2A_MSIL2A_20230407T162831_N0510_R083_T16TDL_20240828T220654.SAFE,90e72e2e-505b-49b8-a74a-711c77415606,,,,,,,,,local_exact,,1663.0,0.5467351089173462,S2A_MSIL2A_20230301T164211_N0510_R126_T16TDL_20240817T132210.SAFE,8d9e3cd4-8270-47fe-b0d2-351cbb01a690,,,,,,,,,local_exact,,1663.0,0.5467351089173462,S2B_MSIL2A_20230204T164459_N0510_R126_T16TDL_20240816T203359.SAFE,a8d49719-0374-41a4-ab41-2d1b18bb5449,,,,,,,,,local_exact,,1663.0,0.5467351089173462,S2A_MSIL2A_20220512T162841_N0510_R083_T16TDL_20240618T171123.SAFE,6dd486ae-fe79-4786-942d-977e03627cae
GAO20230509t172829p0000-C,2023-05-09T17:28:29+00,40.93895085397128,-87.34174688787508,"[-87.34540411753504, 40.9358487267936, -87.33861990166136, 40.940973620883405]",S2,2023-05-10T16:38:41.024000Z,45a8363a-b946-497b-9893-fa4096803a90,S2A_MSIL2A_20230510T163841_N0510_R126_T16TDL_20240902T184958.SAFE,S2|R126|20230510T1630,/mnt/engg-niulab/yuyao/sensors_raw_data/S2/prev1/GAO20230509t172829p0000-C/s2_-7.tif,,s2_download_manifest:downloaded,available,0,,expected,prev1,t0_24h_window,2023-04-12T16:28:39.024000Z,b0a8a2e1-bf2a-497b-96ed-b7a7d461e5c6,S2B_MSIL2A_20230412T162839_N0510_R083_T16TDL_20240828T163951.SAFE,S2|R083|20230412T1620,/mnt/engg-niulab/yuyao/sensors_raw_data/S2/prev2/GAO20230509t172829p0000-C/s2_prev2.tif,,s2_download_manifest:downloaded,available,0,,expected,prev2,,2023-04-07T16:28:31.024000Z,90e72e2e-505b-49b8-a74a-711c77415606,S2A_MSIL2A_20230407T162831_N0510_R083_T16TDL_20240828T220654.SAFE,S2|R083|20230407T1620,/mnt/engg-niulab/yuyao/sensors_raw_data/S2/prev3/GAO20230509t172829p0000-C/s2_prev3.tif,,s2_download_manifest:downloaded,available,0,,expected,prev3,,2023-03-01T16:42:11.024000Z,8d9e3cd4-8270-47fe-b0d2-351cbb01a690,S2A_MSIL2A_20230301T164211_N0510_R126_T16TDL_20240817T132210.SAFE,S2|R126|20230301T1640,/mnt/engg-niulab/yuyao/sensors_raw_data/S2/product_crops/8d9e3cd4-8270-47fe-b0d2-351cbb01a690/GAO20230509t172829p0000-C/prev3.tif,,download_s2_missing_from_clean_table,available,0,,expected,product_crops,,2023-02-04T16:44:59.024000+00:00,a8d49719-0374-41a4-ab41-2d1b18bb5449,S2B_MSIL2A_20230204T164459_N0510_R126_T16TDL_20240816T203359.SAFE,S2|R126|20230204T1640,/mnt/engg-niulab/yuyao/sensors_raw_data/S2/seasonal/GAO20230509t172829p0000-C/s2_-90.tif,,master:downloaded_path,available,0,,expected,,kept,2022-05-12T16:28:41.024000+00:00,6dd486ae-fe79-4786-942d-977e03627cae,S2A_MSIL2A_20220512T162841_N0510_R083_T16TDL_20240618T171123.SAFE,S2|R083|20220512T1620,/mnt/engg-niulab/yuyao/sensors_raw_data/S2/year/GAO20230509t172829p0000-C/s2_-360.tif,,master:downloaded_path,available,0,,expected,,kept,,,,,,/mnt/engg-niulab/yuyao/sensors_raw_data/S2/prev1/GAO20230509t172829p0000-C/s2_-7.tif,raw,/mnt/engg-niulab/yuyao/sensors_raw_data/S2/prev2/GAO20230509t172829p0000-C/s2_prev2.tif,raw,/mnt/engg-niulab/yuyao/sensors_raw_data/S2/prev3/GAO20230509t172829p0000-C/s2_prev3.tif,raw,/mnt/engg-niulab/yuyao/sensors_raw_data/S2/product_crops/8d9e3cd4-8270-47fe-b0d2-351cbb01a690/GAO20230509t172829p0000-C/prev3.tif,raw,/mnt/engg-niulab/yuyao/sensors_raw_data/S2/seasonal/GAO20230509t172829p0000-C/s2_-90.tif,raw,/mnt/engg-niulab/yuyao/sensors_raw_data/S2/year/GAO20230509t172829p0000-C/s2_-360.tif,raw,1,1,raw+raw+raw+raw+raw+raw,,,,,,,,,local_exact,,1671.0,0.6017987645318499,S2A_MSIL2A_20230510T163841_N0510_R126_T16TDL_20240902T184958.SAFE,45a8363a-b946-497b-9893-fa4096803a90,,,,,,,,,local_exact,,1671.0,0.6017987645318499,S2B_MSIL2A_20230412T162839_N0510_R083_T16TDL_20240828T163951.SAFE,b0a8a2e1-bf2a-497b-96ed-b7a7d461e5c6,,,,,,,,,local_exact,,1671.0,0.6017987645318499,S2A_MSIL2A_20230407T162831_N0510_R083_T16TDL_20240828T220654.SAFE,90e72e2e-505b-49b8-a74a-711c77415606,,,,,,,,,local_exact,,1671.0,0.6017987645318499,S2A_MSIL2A_20230301T164211_N0510_R126_T16TDL_20240817T132210.SAFE,8d9e3cd4-8270-47fe-b0d2-351cbb01a690,,,,,,,,,local_exact,,1671.0,0.6017987645318499,S2B_MSIL2A_20230204T164459_N0510_R126_T16TDL_20240816T203359.SAFE,a8d49719-0374-41a4-ab41-2d1b18bb5449,,,,,,,,,local_exact,,1671.0,0.6017987645318499,S2A_MSIL2A_20220512T162841_N0510_R083_T16TDL_20240618T171123.SAFE,6dd486ae-fe79-4786-942d-977e03627cae
GAO20230612t170617p0000-A,2023-06-12T17:06:17+00,35.56256866703819,-119.09882939543422,"[-119.10073303023567, 35.56081026303235, -119.096249036283, 35.564457903438814]",S2,2023-06-12T18:29:21.024000Z,local_sibling:ab6ed2e9964c05b7,S2A_MSIL2A_20230612T182921_N0510_R027_T11SLV_20240911T195258.SAFE,S2|R027|20230612T1820,/mnt/engg-niulab/yuyao/sensors_raw_data/S2/prev1/GAO20230612t170617p0000-A/s2_-7.tif,,s2_download_manifest:downloaded,available,0,,expected,prev1,t0_24h_window,2023-06-02T18:29:21.024000Z,7596b994-1d45-4c8c-8168-1f8bb978485e,S2A_MSIL2A_20230602T182921_N0510_R027_T11SLV_20240911T202022.SAFE,S2|R027|20230602T1820,/mnt/engg-niulab/yuyao/sensors_raw_data/S2/product_crops/7596b994-1d45-4c8c-8168-1f8bb978485e/GAO20230612t170617p0000-A/prev1.tif,,download_s2_missing_from_clean_table,available,0,,expected,product_crops,,2023-05-31T18:39:19.024000Z,aws_stac:S2B_11SLV_20230531_0_L2A,S2B_MSIL2A_20230531T183919_N0509_R070_T11SLV_20230531T225032.SAFE,S2|R070|20230531T1830,/mnt/engg-niulab/yuyao/sensors_raw_data/S2/prev3/GAO20230612t170617p0000-A/s2_prev3.tif,,s2_download_manifest:downloaded,available,0,,expected,prev3,,2023-05-28T18:29:19.024000Z,30b878eb-8189-4c46-a7b2-8614f4f7163d,S2B_MSIL2A_20230528T182919_N0510_R027_T11SLV_20240908T233506.SAFE,S2|R027|20230528T1820,/mnt/engg-niulab/yuyao/sensors_raw_data/S2/product_crops/30b878eb-8189-4c46-a7b2-8614f4f7163d/GAO20230612t170617p0000-A/prev3.tif,,download_s2_missing_from_clean_table,available,0,,expected,product_crops,,,,,,,/mnt/engg-leung/Research_No9_Methane_Emissions/Yuyao/Dataset/plume_raw_s2_90360_fixed_512/GAO20230612t170617p0000-A/s2_90_std_512.tif,master:existing_512_path,available,0,,,,,,,,,,/mnt/engg-leung/Research_No9_Methane_Emissions/Yuyao/Dataset/plume_raw_s2_90360_fixed_512/GAO20230612t170617p0000-A/s2_360_std_512.tif,master:existing_512_path,available,0,,,,,,,,,,/mnt/engg-niulab/yuyao/sensors_raw_data/S2/prev1/GAO20230612t170617p0000-A/s2_-7.tif,raw,/mnt/engg-niulab/yuyao/sensors_raw_data/S2/product_crops/7596b994-1d45-4c8c-8168-1f8bb978485e/GAO20230612t170617p0000-A/prev1.tif,raw,/mnt/engg-niulab/yuyao/sensors_raw_data/S2/prev3/GAO20230612t170617p0000-A/s2_prev3.tif,raw,/mnt/engg-niulab/yuyao/sensors_raw_data/S2/product_crops/30b878eb-8189-4c46-a7b2-8614f4f7163d/GAO20230612t170617p0000-A/prev3.tif,raw,/mnt/engg-leung/Research_No9_Methane_Emissions/Yuyao/Dataset/plume_raw_s2_90360_fixed_512/GAO20230612t170617p0000-A/s2_90_std_512.tif,512,/mnt/engg-leung/Research_No9_Methane_Emissions/Yuyao/Dataset/plume_raw_s2_90360_fixed_512/GAO20230612t170617p0000-A/s2_360_std_512.tif,512,1,1,raw+raw+raw+raw+512+512,,,,,,,,,local_point_repaired,,233.0,0.22497387576731853,S2A_MSIL2A_20230612T182921_N0510_R027_T11SKV_20240911T195258.SAFE,b9cb6d0f-a97c-47fb-a897-04f13685f633,,,,,,,,,local_exact,,233.0,0.22497387576731853,S2A_MSIL2A_20230602T182921_N0510_R027_T11SLV_20240911T202022.SAFE,7596b994-1d45-4c8c-8168-1f8bb978485e,S2B_11SLV_20230531_0_L2A,https://sentinel-s2-l2a.s3.amazonaws.com/tiles/11/S/LV/2023/5/31/0,https://sentinel-cogs.s3.us-west-2.amazonaws.com/sentinel-s2-l2a-cogs/11/S/LV/2023/5/S2B_11SLV_20230531_0_L2A,1000,S2B_MSIL2A_20230531T183919_N0509_R070_T11SLV_20230531T225032.SAFE,,,,stac_point_repaired,,233.0,0.22497387576731853,S2B_MSIL2A_20230531T183919_N0510_R070_T11SKV_20240909T014906.SAFE,d6a89f27-6906-40af-b601-ebc22088f912,,,,,,,,,stac_grid_only,,233.0,0.22497387576731853,S2B_MSIL2A_20230528T182919_N0510_R027_T11SLV_20240908T233506.SAFE,30b878eb-8189-4c46-a7b2-8614f4f7163d,,,,,,,,,,,,,,,,,,,,,,,,,,,,
GAO20230718t203120p0000-B,2023-07-18T20:31:20+00,47.456271082474814,-122.0489193274618,"[-122.05305328955345, 47.45357995198902, -122.04554618709876, 47.45865591444235]",S2,2023-07-19T19:09:19.024000Z,7f19aaa6-b6f7-4870-9c9a-94a937e4c339,S2B_MSIL2A_20230719T190919_N0510_R056_T10TET_20240911T210427.SAFE,S2|R056|20230719T1900,/mnt/engg-niulab/yuyao/sensors_raw_data/S2/prev1/GAO20230718t203120p0000-B/s2_-7.tif,,s2_download_manifest:downloaded,available,0,,expected,prev1,t0_24h_window,2023-07-14T19:09:21.024000Z,f570160d-02ac-4c7a-b697-f8f8d67e6beb,S2A_MSIL2A_20230714T190921_N0510_R056_T10TET_20240926T101014.SAFE,S2|R056|20230714T1900,/mnt/engg-niulab/yuyao/sensors_raw_data/S2/prev2/GAO20230718t203120p0000-B/s2_prev2.tif,,s2_download_manifest:downloaded,available,0,,expected,prev2,,2023-07-06T18:59:19.024000Z,14cb3191-8bdb-4ded-a319-96a9c6b33646,S2B_MSIL2A_20230706T185919_N0510_R013_T10TET_20240913T035119.SAFE,S2|R013|20230706T1850,/mnt/engg-niulab/yuyao/sensors_raw_data/S2/prev3/GAO20230718t203120p0000-B/s2_prev3.tif,,s2_download_manifest:downloaded,available,0,,expected,prev3,,2023-07-04T19:09:21.024000Z,59cc60b8-85b2-4c0e-8ed1-908c4e87cef4,S2A_MSIL2A_20230704T190921_N0510_R056_T10TET_20240912T224754.SAFE,S2|R056|20230704T1900,/mnt/engg-niulab/yuyao/sensors_raw_data/S2/product_crops/59cc60b8-85b2-4c0e-8ed1-908c4e87cef4/GAO20230718t203120p0000-B/prev3.tif,,download_s2_missing_from_clean_table,available,0,,expected,product_crops,,2023-03-18T19:01:19.024000+00:00,2d84a2b2-b6b5-4ee6-a08e-1676241a2a32,S2B_MSIL2A_20230318T190119_N0510_R013_T10TET_20240831T022430.SAFE,S2|R013|20230318T1900,/mnt/engg-niulab/yuyao/sensors_raw_data/S2/seasonal/GAO20230718t203120p0000-B/s2_-90.tif,,master:downloaded_path,available,0,,expected,,kept,2022-07-21T18:59:19.024000+00:00,e410acd8-07f2-40a9-af50-e91ceefdc1c1,S2B_MSIL2A_20220721T185919_N0510_R013_T10TET_20240711T220810.SAFE,S2|R013|20220721T1850,/mnt/engg-niulab/yuyao/sensors_raw_data/S2/year/GAO20230718t203120p0000-B/s2_-360.tif,,master:downloaded_path,available,0,,expected,,kept,,,,,,/mnt/engg-niulab/yuyao/sensors_raw_data/S2/prev1/GAO20230718t203120p0000-B/s2_-7.tif,raw,/mnt/engg-niulab/yuyao/sensors_raw_data/S2/prev2/GAO20230718t203120p0000-B/s2_prev2.tif,raw,/mnt/engg-niulab/yuyao/sensors_raw_data/S2/prev3/GAO20230718t203120p0000-B/s2_prev3.tif,raw,/mnt/engg-niulab/yuyao/sensors_raw_data/S2/product_crops/59cc60b8-85b2-4c0e-8ed1-908c4e87cef4/GAO20230718t203120p0000-B/prev3.tif,raw,/mnt/engg-niulab/yuyao/sensors_raw_data/S2/seasonal/GAO20230718t203120p0000-B/s2_-90.tif,raw,/mnt/engg-niulab/yuyao/sensors_raw_data/S2/year/GAO20230718t203120p0000-B/s2_-360.tif,raw,1,1,raw+raw+raw+raw+raw+raw,,,,,,,,,local_exact,,1649.0,0.5860872923512943,S2B_MSIL2A_20230719T190919_N0510_R056_T10TET_20240911T210427.SAFE,7f19aaa6-b6f7-4870-9c9a-94a937e4c339,,,,,,,,,local_exact,,1649.0,0.5860872923512943,S2A_MSIL2A_20230714T190921_N0510_R056_T10TET_20240926T101014.SAFE,f570160d-02ac-4c7a-b697-f8f8d67e6beb,,,,,,,,,local_exact,,1649.0,0.5860872923512943,S2B_MSIL2A_20230706T185919_N0510_R013_T10TET_20240913T035119.SAFE,14cb3191-8bdb-4ded-a319-96a9c6b33646,,,,,,,,,local_exact,,1649.0,0.5860872923512943,S2A_MSIL2A_20230704T190921_N0510_R056_T10TET_20240912T224754.SAFE,59cc60b8-85b2-4c0e-8ed1-908c4e87cef4,,,,,,,,,local_exact,,1649.0,0.5860872923512943,S2B_MSIL2A_20230318T190119_N0510_R013_T10TET_20240831T022430.SAFE,2d84a2b2-b6b5-4ee6-a08e-1676241a2a32,,,,,,,,,local_exact,,1649.0,0.5860872923512943,S2B_MSIL2A_20220721T185919_N0510_R013_T10TET_20240711T220810.SAFE,e410acd8-07f2-40a9-af50-e91ceefdc1c1
GAO20230718t203531p0000-A,2023-07-18T20:35:31+00,47.44938771262849,-122.0506639224772,"[-122.05390466836676, 47.44679337845717, -122.04639852815784, 47.45186934529294]",S2,2023-07-19T19:09:19.024000Z,7f19aaa6-b6f7-4870-9c9a-94a937e4c339,S2B_MSIL2A_20230719T190919_N0510_R056_T10TET_20240911T210427.SAFE,S2|R056|20230719T1900,/mnt/engg-niulab/yuyao/sensors_raw_data/S2/prev1/GAO20230718t203531p0000-A/s2_-7.tif,,s2_download_manifest:downloaded,available,0,,expected,prev1,t0_24h_window,2023-07-14T19:09:21.024000Z,f570160d-02ac-4c7a-b697-f8f8d67e6beb,S2A_MSIL2A_20230714T190921_N0510_R056_T10TET_20240926T101014.SAFE,S2|R056|20230714T1900,/mnt/engg-niulab/yuyao/sensors_raw_data/S2/prev2/GAO20230718t203531p0000-A/s2_prev2.tif,,s2_download_manifest:downloaded,available,0,,expected,prev2,,2023-07-06T18:59:19.024000Z,14cb3191-8bdb-4ded-a319-96a9c6b33646,S2B_MSIL2A_20230706T185919_N0510_R013_T10TET_20240913T035119.SAFE,S2|R013|20230706T1850,/mnt/engg-niulab/yuyao/sensors_raw_data/S2/prev3/GAO20230718t203531p0000-A/s2_prev3.tif,,s2_download_manifest:downloaded,available,0,,expected,prev3,,2023-07-04T19:09:21.024000Z,59cc60b8-85b2-4c0e-8ed1-908c4e87cef4,S2A_MSIL2A_20230704T190921_N0510_R056_T10TET_20240912T224754.SAFE,S2|R056|20230704T1900,/mnt/engg-niulab/yuyao/sensors_raw_data/S2/product_crops/59cc60b8-85b2-4c0e-8ed1-908c4e87cef4/GAO20230718t203531p0000-A/prev3.tif,,download_s2_missing_from_clean_table,available,0,,expected,product_crops,,2023-03-18T19:01:19.024000+00:00,2d84a2b2-b6b5-4ee6-a08e-1676241a2a32,S2B_MSIL2A_20230318T190119_N0510_R013_T10TET_20240831T022430.SAFE,S2|R013|20230318T1900,/mnt/engg-niulab/yuyao/sensors_raw_data/S2/seasonal/GAO20230718t203531p0000-A/s2_-90.tif,,master:downloaded_path,available,0,,expected,,kept,2022-07-21T18:59:19.024000+00:00,e410acd8-07f2-40a9-af50-e91ceefdc1c1,S2B_MSIL2A_20220721T185919_N0510_R013_T10TET_20240711T220810.SAFE,S2|R013|20220721T1850,/mnt/engg-niulab/yuyao/sensors_raw_data/S2/year/GAO20230718t203531p0000-A/s2_-360.tif,,master:downloaded_path,available,0,,expected,,kept,,,,,,/mnt/engg-niulab/yuyao/sensors_raw_data/S2/prev1/GAO20230718t203531p0000-A/s2_-7.tif,raw,/mnt/engg-niulab/yuyao/sensors_raw_data/S2/prev2/GAO20230718t203531p0000-A/s2_prev2.tif,raw,/mnt/engg-niulab/yuyao/sensors_raw_data/S2/prev3/GAO20230718t203531p0000-A/s2_prev3.tif,raw,/mnt/engg-niulab/yuyao/sensors_raw_data/S2/product_crops/59cc60b8-85b2-4c0e-8ed1-908c4e87cef4/GAO20230718t203531p0000-A/prev3.tif,raw,/mnt/engg-niulab/yuyao/sensors_raw_data/S2/seasonal/GAO20230718t203531p0000-A/s2_-90.tif,raw,/mnt/engg-niulab/yuyao/sensors_raw_data/S2/year/GAO20230718t203531p0000-A/s2_-360.tif,raw,1,1,raw+raw+raw+raw+raw+raw,,,,,,,,,local_exact,,1655.0,0.9152231971966103,S2B_MSIL2A_20230719T190919_N0510_R056_T10TET_20240911T210427.SAFE,7f19aaa6-b6f7-4870-9c9a-94a937e4c339,,,,,,,,,local_exact,,1655.0,0.9152231971966103,S2A_MSIL2A_20230714T190921_N0510_R056_T10TET_20240926T101014.SAFE,f570160d-02ac-4c7a-b697-f8f8d67e6beb,,,,,,,,,local_exact,,1655.0,0.9152231971966103,S2B_MSIL2A_20230706T185919_N0510_R013_T10TET_20240913T035119.SAFE,14cb3191-8bdb-4ded-a319-96a9c6b33646,,,,,,,,,local_exact,,1655.0,0.9152231971966103,S2A_MSIL2A_20230704T190921_N0510_R056_T10TET_20240912T224754.SAFE,59cc60b8-85b2-4c0e-8ed1-908c4e87cef4,,,,,,,,,local_exact,,1655.0,0.9152231971966103,S2B_MSIL2A_20230318T190119_N0510_R013_T10TET_20240831T022430.SAFE,2d84a2b2-b6b5-4ee6-a08e-1676241a2a32,,,,,,,,,local_exact,,1655.0,0.9152231971966103,S2B_MSIL2A_20220721T185919_N0510_R013_T10TET_20240711T220810.SAFE,e410acd8-07f2-40a9-af50-e91ceefdc1c1
GAO20230718t203531p0000-B,2023-07-18T20:35:31+00,47.45594628958358,-122.05162592629353,"[-122.05397535052767, 47.453947483614904, -122.04646807723861, 47.45906844463876]",S2,2023-07-19T19:09:19.024000Z,7f19aaa6-b6f7-4870-9c9a-94a937e4c339,S2B_MSIL2A_20230719T190919_N0510_R056_T10TET_20240911T210427.SAFE,S2|R056|20230719T1900,/mnt/engg-niulab/yuyao/sensors_raw_data/S2/prev1/GAO20230718t203531p0000-B/s2_-7.tif,,s2_download_manifest:downloaded,available,0,,expected,prev1,t0_24h_window,2023-07-14T19:09:21.024000Z,f570160d-02ac-4c7a-b697-f8f8d67e6beb,S2A_MSIL2A_20230714T190921_N0510_R056_T10TET_20240926T101014.SAFE,S2|R056|20230714T1900,/mnt/engg-niulab/yuyao/sensors_raw_data/S2/prev2/GAO20230718t203531p0000-B/s2_prev2.tif,,s2_download_manifest:downloaded,available,0,,expected,prev2,,2023-07-06T18:59:19.024000Z,14cb3191-8bdb-4ded-a319-96a9c6b33646,S2B_MSIL2A_20230706T185919_N0510_R013_T10TET_20240913T035119.SAFE,S2|R013|20230706T1850,/mnt/engg-niulab/yuyao/sensors_raw_data/S2/prev3/GAO20230718t203531p0000-B/s2_prev3.tif,,s2_download_manifest:downloaded,available,0,,expected,prev3,,2023-07-04T19:09:21.024000Z,59cc60b8-85b2-4c0e-8ed1-908c4e87cef4,S2A_MSIL2A_20230704T190921_N0510_R056_T10TET_20240912T224754.SAFE,S2|R056|20230704T1900,/mnt/engg-niulab/yuyao/sensors_raw_data/S2/product_crops/59cc60b8-85b2-4c0e-8ed1-908c4e87cef4/GAO20230718t203531p0000-B/prev3.tif,,download_s2_missing_from_clean_table,available,0,,expected,product_crops,,2023-03-18T19:01:19.024000+00:00,2d84a2b2-b6b5-4ee6-a08e-1676241a2a32,S2B_MSIL2A_20230318T190119_N0510_R013_T10TET_20240831T022430.SAFE,S2|R013|20230318T1900,/mnt/engg-niulab/yuyao/sensors_raw_data/S2/seasonal/GAO20230718t203531p0000-B/s2_-90.tif,,master:downloaded_path,available,0,,expected,,kept,2022-07-21T18:59:19.024000+00:00,e410acd8-07f2-40a9-af50-e91ceefdc1c1,S2B_MSIL2A_20220721T185919_N0510_R013_T10TET_20240711T220810.SAFE,S2|R013|20220721T1850,/mnt/engg-niulab/yuyao/sensors_raw_data/S2/year/GAO20230718t203531p0000-B/s2_-360.tif,,master:downloaded_path,available,0,,expected,,kept,,,,,,/mnt/engg-niulab/yuyao/sensors_raw_data/S2/prev1/GAO20230718t203531p0000-B/s2_-7.tif,raw,/mnt/engg-niulab/yuyao/sensors_raw_data/S2/prev2/GAO20230718t203531p0000-B/s2_prev2.tif,raw,/mnt/engg-niulab/yuyao/sensors_raw_data/S2/prev3/GAO20230718t203531p0000-B/s2_prev3.tif,raw,/mnt/engg-niulab/yuyao/sensors_raw_data/S2/product_crops/59cc60b8-85b2-4c0e-8ed1-908c4e87cef4/GAO20230718t203531p0000-B/prev3.tif,raw,/mnt/engg-niulab/yuyao/sensors_raw_data/S2/seasonal/GAO20230718t203531p0000-B/s2_-90.tif,raw,/mnt/engg-niulab/yuyao/sensors_raw_data/S2/year/GAO20230718t203531p0000-B/s2_-360.tif,raw,1,1,raw+raw+raw+raw+raw+raw,,,,,,,,,local_exact,,1659.0,0.5154483334627002,S2B_MSIL2A_20230719T190919_N0510_R056_T10TET_20240911T210427.SAFE,7f19aaa6-b6f7-4870-9c9a-94a937e4c339,,,,,,,,,local_exact,,1659.0,0.5154483334627002,S2A_MSIL2A_20230714T190921_N0510_R056_T10TET_20240926T101014.SAFE,f570160d-02ac-4c7a-b697-f8f8d67e6beb,,,,,,,,,local_exact,,1659.0,0.5154483334627002,S2B_MSIL2A_20230706T185919_N0510_R013_T10TET_20240913T035119.SAFE,14cb3191-8bdb-4ded-a319-96a9c6b33646,,,,,,,,,local_exact,,1659.0,0.5154483334627002,S2A_MSIL2A_20230704T190921_N0510_R056_T10TET_20240912T224754.SAFE,59cc60b8-85b2-4c0e-8ed1-908c4e87cef4,,,,,,,,,local_exact,,1659.0,0.5154483334627002,S2B_MSIL2A_20230318T190119_N0510_R013_T10TET_20240831T022430.SAFE,2d84a2b2-b6b5-4ee6-a08e-1676241a2a32,,,,,,,,,local_exact,,1659.0,0.5154483334627002,S2B_MSIL2A_20220721T185919_N0510_R013_T10TET_20240711T220810.SAFE,e410acd8-07f2-40a9-af50-e91ceefdc1c1
GAO20230718t203531p0000-C,2023-07-18T20:35:31+00,47.45783607780581,-122.0483175447901,"[-122.05264647554205, 47.45407147723753, -122.04513918559351, 47.459192437549014]",S2,2023-07-19T19:09:19.024000Z,7f19aaa6-b6f7-4870-9c9a-94a937e4c339,S2B_MSIL2A_20230719T190919_N0510_R056_T10TET_20240911T210427.SAFE,S2|R056|20230719T1900,/mnt/engg-niulab/yuyao/sensors_raw_data/S2/prev1/GAO20230718t203531p0000-C/s2_-7.tif,,s2_download_manifest:downloaded,available,0,,expected,prev1,t0_24h_window,2023-07-14T19:09:21.024000Z,f570160d-02ac-4c7a-b697-f8f8d67e6beb,S2A_MSIL2A_20230714T190921_N0510_R056_T10TET_20240926T101014.SAFE,S2|R056|20230714T1900,/mnt/engg-niulab/yuyao/sensors_raw_data/S2/prev2/GAO20230718t203531p0000-C/s2_prev2.tif,,s2_download_manifest:downloaded,available,0,,expected,prev2,,2023-07-06T18:59:19.024000Z,14cb3191-8bdb-4ded-a319-96a9c6b33646,S2B_MSIL2A_20230706T185919_N0510_R013_T10TET_20240913T035119.SAFE,S2|R013|20230706T1850,/mnt/engg-niulab/yuyao/sensors_raw_data/S2/prev3/GAO20230718t203531p0000-C/s2_prev3.tif,,s2_download_manifest:downloaded,available,0,,expected,prev3,,2023-07-04T19:09:21.024000Z,59cc60b8-85b2-4c0e-8ed1-908c4e87cef4,S2A_MSIL2A_20230704T190921_N0510_R056_T10TET_20240912T224754.SAFE,S2|R056|20230704T1900,/mnt/engg-niulab/yuyao/sensors_raw_data/S2/product_crops/59cc60b8-85b2-4c0e-8ed1-908c4e87cef4/GAO20230718t203531p0000-C/prev3.tif,,download_s2_missing_from_clean_table,available,0,,expected,product_crops,,2023-03-18T19:01:19.024000+00:00,2d84a2b2-b6b5-4ee6-a08e-1676241a2a32,S2B_MSIL2A_20230318T190119_N0510_R013_T10TET_20240831T022430.SAFE,S2|R013|20230318T1900,/mnt/engg-niulab/yuyao/sensors_raw_data/S2/seasonal/GAO20230718t203531p0000-C/s2_-90.tif,,master:downloaded_path,available,0,,expected,,kept,2022-07-21T18:59:19.024000+00:00,e410acd8-07f2-40a9-af50-e91ceefdc1c1,S2B_MSIL2A_20220721T185919_N0510_R013_T10TET_20240711T220810.SAFE,S2|R013|20220721T1850,/mnt/engg-niulab/yuyao/sensors_raw_data/S2/year/GAO20230718t203531p0000-C/s2_-360.tif,,master:downloaded_path,available,0,,expected,,kept,,,,,,/mnt/engg-niulab/yuyao/sensors_raw_data/S2/prev1/GAO20230718t203531p0000-C/s2_-7.tif,raw,/mnt/engg-niulab/yuyao/sensors_raw_data/S2/prev2/GAO20230718t203531p0000-C/s2_prev2.tif,raw,/mnt/engg-niulab/yuyao/sensors_raw_data/S2/prev3/GAO20230718t203531p0000-C/s2_prev3.tif,raw,/mnt/engg-niulab/yuyao/sensors_raw_data/S2/product_crops/59cc60b8-85b2-4c0e-8ed1-908c4e87cef4/GAO20230718t203531p0000-C/prev3.tif,raw,/mnt/engg-niulab/yuyao/sensors_raw_data/S2/seasonal/GAO20230718t203531p0000-C/s2_-90.tif,raw,/mnt/engg-niulab/yuyao/sensors_raw_data/S2/year/GAO20230718t203531p0000-C/s2_-360.tif,raw,1,1,raw+raw+raw+raw+raw+raw,,,,,,,,,local_exact,,1647.0,0.8621304174885154,S2B_MSIL2A_20230719T190919_N0510_R056_T10TET_20240911T210427.SAFE,7f19aaa6-b6f7-4870-9c9a-94a937e4c339,,,,,,,,,local_exact,,1647.0,0.8621304174885154,S2A_MSIL2A_20230714T190921_N0510_R056_T10TET_20240926T101014.SAFE,f570160d-02ac-4c7a-b697-f8f8d67e6beb,,,,,,,,,local_exact,,1647.0,0.8621304174885154,S2B_MSIL2A_20230706T185919_N0510_R013_T10TET_20240913T035119.SAFE,14cb3191-8bdb-4ded-a319-96a9c6b33646,,,,,,,,,local_exact,,1647.0,0.8621304174885154,S2A_MSIL2A_20230704T190921_N0510_R056_T10TET_20240912T224754.SAFE,59cc60b8-85b2-4c0e-8ed1-908c4e87cef4,,,,,,,,,local_exact,,1647.0,0.8621304174885154,S2B_MSIL2A_20230318T190119_N0510_R013_T10TET_20240831T022430.SAFE,2d84a2b2-b6b5-4ee6-a08e-1676241a2a32,,,,,,,,,local_exact,,1647.0,0.8621304174885154,S2B_MSIL2A_20220721T185919_N0510_R013_T10TET_20240711T220810.SAFE,e410acd8-07f2-40a9-af50-e91ceefdc1c1
GAO20230824t185535p0000-H,2023-08-24T18:55:35+00,31.64692373340641,-101.90558170543945,"[-101.9081239167078, 31.64566763388616, -101.9019975447185, 31.65083796518371]",S2,2023-08-25T17:18:59.024000Z,a88f1027-2068-4b57-bd6b-53ec0e4c9e73,S2B_MSIL2A_20230825T171859_N0510_R012_T14SKA_20241017T081533.SAFE,S2|R012|20230825T1710,/mnt/engg-niulab/yuyao/sensors_raw_data/S2/prev1/GAO20230824t185535p0000-H/s2_-7.tif,,s2_download_manifest:downloaded,available,0,,expected,prev1,t0_24h_window,2023-08-20T17:19:01.024000Z,78865678-bf5d-495e-a829-4bc79fd6c4ec,S2A_MSIL2A_20230820T171901_N0510_R012_T13SGR_20241023T052026.SAFE,S2|R012|20230820T1710,/mnt/engg-niulab/yuyao/sensors_raw_data/S2/product_crops/78865678-bf5d-495e-a829-4bc79fd6c4ec/GAO20230824t185535p0000-H/prev1.tif,,download_s2_missing_from_clean_table,available,0,,expected,product_crops,,2023-08-18T17:28:59.024000Z,93b67235-1975-447f-a264-f31205287f4c,S2B_MSIL2A_20230818T172859_N0510_R055_T14SKA_20241014T190350.SAFE,S2|R055|20230818T1720,/mnt/engg-niulab/yuyao/sensors_raw_data/S2/prev3/GAO20230824t185535p0000-H/s2_prev3.tif,,s2_download_manifest:downloaded,available,0,,expected,prev3,,2023-08-15T17:18:59.024000Z,053011d8-28a9-4b1f-88eb-247fbd1433c7,S2B_MSIL2A_20230815T171859_N0510_R012_T14SKA_20241017T174442.SAFE,S2|R012|20230815T1710,/mnt/engg-niulab/yuyao/sensors_raw_data/S2/product_crops/053011d8-28a9-4b1f-88eb-247fbd1433c7/GAO20230824t185535p0000-H/prev3.tif,,download_s2_missing_from_clean_table,available,0,,expected,product_crops,,2023-05-22T17:30:41.024000+00:00,c932d951-3e44-437b-bcbd-43059cf84a4d,S2A_MSIL2A_20230522T173041_N0510_R012_T13SGR_20240907T234143.SAFE,S2|R012|20230522T1730,/mnt/engg-niulab/yuyao/sensors_raw_data/S2/seasonal/GAO20230824t185535p0000-H/s2_-90.tif,,master:downloaded_path,available,0,,expected,,kept,2022-08-28T17:29:11.024000+00:00,79cd00e7-87e0-4219-8b73-03e1ebdeab83,S2A_MSIL2A_20220828T172911_N0510_R055_T13SGR_20240710T191125.SAFE,S2|R055|20220828T1720,/mnt/engg-niulab/yuyao/sensors_raw_data/S2/year/GAO20230824t185535p0000-H/s2_-360.tif,,master:downloaded_path,available,0,,expected,,kept,,,,,,/mnt/engg-niulab/yuyao/sensors_raw_data/S2/prev1/GAO20230824t185535p0000-H/s2_-7.tif,raw,/mnt/engg-niulab/yuyao/sensors_raw_data/S2/product_crops/78865678-bf5d-495e-a829-4bc79fd6c4ec/GAO20230824t185535p0000-H/prev1.tif,raw,/mnt/engg-niulab/yuyao/sensors_raw_data/S2/prev3/GAO20230824t185535p0000-H/s2_prev3.tif,raw,/mnt/engg-niulab/yuyao/sensors_raw_data/S2/product_crops/053011d8-28a9-4b1f-88eb-247fbd1433c7/GAO20230824t185535p0000-H/prev3.tif,raw,/mnt/engg-niulab/yuyao/sensors_raw_data/S2/seasonal/GAO20230824t185535p0000-H/s2_-90.tif,raw,/mnt/engg-niulab/yuyao/sensors_raw_data/S2/year/GAO20230824t185535p0000-H/s2_-360.tif,raw,1,1,raw+raw+raw+raw+raw+raw,,,,,,,,,local_exact,,483.0,0.6160756724984822,S2B_MSIL2A_20230825T171859_N0510_R012_T14SKA_20241017T081533.SAFE,a88f1027-2068-4b57-bd6b-53ec0e4c9e73,,,,,,,,,local_exact,,508.0,0.9311071811825968,S2A_MSIL2A_20230820T171901_N0510_R012_T13SGR_20241023T052026.SAFE,78865678-bf5d-495e-a829-4bc79fd6c4ec,,,,,,,,,local_exact,,483.0,0.6160756724984822,S2B_MSIL2A_20230818T172859_N0510_R055_T14SKA_20241014T190350.SAFE,93b67235-1975-447f-a264-f31205287f4c,,,,,,,,,local_exact,,483.0,0.6160756724984822,S2B_MSIL2A_20230815T171859_N0510_R012_T14SKA_20241017T174442.SAFE,053011d8-28a9-4b1f-88eb-247fbd1433c7,,,,,,,,,local_exact,,508.0,0.9311071811825968,S2A_MSIL2A_20230522T173041_N0510_R012_T13SGR_20240907T234143.SAFE,c932d951-3e44-437b-bcbd-43059cf84a4d,,,,,,,,,local_exact,,508.0,0.9311071811825968,S2A_MSIL2A_20220828T172911_N0510_R055_T13SGR_20240710T191125.SAFE,79cd00e7-87e0-4219-8b73-03e1ebdeab83
GAO20240508t181643p0000-D,2024-05-08T18:16:43+00,32.31442079219727,-104.23587969694724,"[-104.23811593286229, 32.31201585858864, -104.23209940149266, 32.317145582185695]",S2,2024-05-09T17:29:01.024000Z,4102294e-4aef-4c6e-bf0e-257a58187516,S2A_MSIL2A_20240509T172901_N0510_R055_T13SER_20240510T002045.SAFE,S2|R055|20240509T1720,/mnt/engg-niulab/yuyao/sensors_raw_data/S2/prev1/GAO20240508t181643p0000-D/s2_-7.tif,,s2_download_manifest:downloaded,available,0,,expected,prev1,t0_24h_window,2024-05-07T17:39:09.024000Z,188f988e-2fe4-4a53-a3fe-e46382cfd34e,S2B_MSIL2A_20240507T173909_N0510_R098_T13SER_20240507T213337.SAFE,S2|R098|20240507T1730,/mnt/engg-niulab/yuyao/sensors_raw_data/S2/prev2/GAO20240508t181643p0000-D/s2_prev2.tif,,s2_download_manifest:downloaded,available,0,,expected,prev2,,2024-05-04T17:28:59.024000Z,574a6d38-3ec7-4349-8727-690b46563cf3,S2B_MSIL2A_20240504T172859_N0510_R055_T13SER_20240505T065607.SAFE,S2|R055|20240504T1720,/mnt/engg-niulab/yuyao/sensors_raw_data/S2/prev3/GAO20240508t181643p0000-D/s2_prev3.tif,,s2_download_manifest:downloaded,available,0,,expected,prev3,,2024-05-02T17:39:11.024000Z,8afe3e30-49fe-48d0-b9b3-7f8d1fc54daa,S2A_MSIL2A_20240502T173911_N0510_R098_T13SER_20240503T004651.SAFE,S2|R098|20240502T1730,/mnt/engg-niulab/yuyao/sensors_raw_data/S2/product_crops/8afe3e30-49fe-48d0-b9b3-7f8d1fc54daa/GAO20240508t181643p0000-D/prev3.tif,,download_s2_missing_from_clean_table,available,0,,expected,product_crops,,2024-02-04T17:35:29.024000+00:00,d4ee2cb9-3f8e-4e3a-aab5-33ae552ba6fd,S2B_MSIL2A_20240204T173529_N0510_R055_T13SER_20240204T210401.SAFE,S2|R055|20240204T1730,/mnt/engg-niulab/yuyao/sensors_raw_data/S2/seasonal/GAO20240508t181643p0000-D/s2_-90.tif,,master:downloaded_path,available,0,,expected,,kept,2023-05-10T17:28:59.024000+00:00,8b984f82-3945-4e6e-a4ce-2dcd63104efa,S2B_MSIL2A_20230510T172859_N0510_R055_T13SER_20240902T231304.SAFE,S2|R055|20230510T1720,/mnt/engg-niulab/yuyao/sensors_raw_data/S2/year/GAO20240508t181643p0000-D/s2_-360.tif,,master:downloaded_path,available,0,,expected,,kept,,,,,,/mnt/engg-niulab/yuyao/sensors_raw_data/S2/prev1/GAO20240508t181643p0000-D/s2_-7.tif,raw,/mnt/engg-niulab/yuyao/sensors_raw_data/S2/prev2/GAO20240508t181643p0000-D/s2_prev2.tif,raw,/mnt/engg-niulab/yuyao/sensors_raw_data/S2/prev3/GAO20240508t181643p0000-D/s2_prev3.tif,raw,/mnt/engg-niulab/yuyao/sensors_raw_data/S2/product_crops/8afe3e30-49fe-48d0-b9b3-7f8d1fc54daa/GAO20240508t181643p0000-D/prev3.tif,raw,/mnt/engg-niulab/yuyao/sensors_raw_data/S2/seasonal/GAO20240508t181643p0000-D/s2_-90.tif,raw,/mnt/engg-niulab/yuyao/sensors_raw_data/S2/year/GAO20240508t181643p0000-D/s2_-360.tif,raw,1,1,raw+raw+raw+raw+raw+raw,,,,,,,,,local_exact,,966.0,0.7931035728252027,S2A_MSIL2A_20240509T172901_N0510_R055_T13SER_20240510T002045.SAFE,4102294e-4aef-4c6e-bf0e-257a58187516,,,,,,,,,local_exact,,966.0,0.7931035728252027,S2B_MSIL2A_20240507T173909_N0510_R098_T13SER_20240507T213337.SAFE,188f988e-2fe4-4a53-a3fe-e46382cfd34e,,,,,,,,,local_exact,,966.0,0.7931035728252027,S2B_MSIL2A_20240504T172859_N0510_R055_T13SER_20240505T065607.SAFE,574a6d38-3ec7-4349-8727-690b46563cf3,S2A_13SER_20240502_0_L2A,https://sentinel-s2-l2a.s3.amazonaws.com/tiles/13/S/ER/2024/5/2/0,https://sentinel-cogs.s3.us-west-2.amazonaws.com/sentinel-s2-l2a-cogs/13/S/ER/2024/5/S2A_13SER_20240502_0_L2A,1000,S2A_MSIL2A_20240502T173911_N0510_R098_T13SER_20240503T004651.SAFE,,,,stac_exact,,966.0,0.7931035728252027,S2A_MSIL2A_20240502T173911_N0510_R098_T13SER_20240503T004651.SAFE,8afe3e30-49fe-48d0-b9b3-7f8d1fc54daa,,,,,,,,,local_exact,,966.0,0.7931035728252027,S2B_MSIL2A_20240204T173529_N0510_R055_T13SER_20240204T210401.SAFE,d4ee2cb9-3f8e-4e3a-aab5-33ae552ba6fd,,,,,,,,,local_exact,,966.0,0.7931035728252027,S2B_MSIL2A_20230510T172859_N0510_R055_T13SER_20240902T231304.SAFE,8b984f82-3945-4e6e-a4ce-2dcd63104efa
GAO20240606t202820p0000-A,2024-06-06T20:28:20+00,38.03078972113789,-120.93037852686216,"[-120.93398572016596, 38.0280377610584, -120.92605232201704, 38.03433166121019]",S2,2024-06-07T18:49:19.024000Z,4d14e014-e84e-436c-83f6-72f2f28cc772,S2B_MSIL2A_20240607T184919_N0510_R113_T10SFH_20240607T230008.SAFE,S2|R113|20240607T1840,/mnt/engg-niulab/yuyao/sensors_raw_data/S2/prev1/GAO20240606t202820p0000-A/s2_-7.tif,,s2_download_manifest:downloaded,available,0,,expected,prev1,t0_24h_window,2024-06-04T18:39:19.024000Z,97666aea-f1c3-447c-b89d-49aedf4e7e68,S2B_MSIL2A_20240604T183919_N0510_R070_T10SFH_20240604T221437.SAFE,S2|R070|20240604T1830,/mnt/engg-niulab/yuyao/sensors_raw_data/S2/prev2/GAO20240606t202820p0000-A/s2_prev2.tif,,s2_download_manifest:downloaded,available,0,,expected,prev2,,2024-05-28T18:49:19.025000Z,578d6ec2-2932-4475-81dd-0a4d3af58fbe,S2B_MSIL2A_20240528T184919_N0510_R113_T10SFH_20240528T213744.SAFE,S2|R113|20240528T1840,/mnt/engg-niulab/yuyao/sensors_raw_data/S2/prev3/GAO20240606t202820p0000-A/s2_prev3.tif,,s2_download_manifest:downloaded,available,0,,expected,prev3,,2024-05-25T18:39:19.024000Z,4ee3d707-0734-45a7-8ea4-47bf6f7fdec9,S2B_MSIL2A_20240525T183919_N0510_R070_T10SFH_20240525T220718.SAFE,S2|R070|20240525T1830,/mnt/engg-niulab/yuyao/sensors_raw_data/S2/product_crops/4ee3d707-0734-45a7-8ea4-47bf6f7fdec9/GAO20240606t202820p0000-A/prev3.tif,,download_s2_missing_from_clean_table,available,0,,expected,product_crops,,2024-02-28T18:53:19.024000+00:00,9f0a34ad-e3de-4c93-8e40-49b8528b8974,S2B_MSIL2A_20240228T185319_N0510_R113_T10SFH_20240228T213630.SAFE,S2|R113|20240228T1850,/mnt/engg-niulab/yuyao/sensors_raw_data/S2/seasonal/GAO20240606t202820p0000-A/s2_-90.tif,,master:downloaded_path,available,0,,expected,,kept,2023-06-08T18:49:21.024000+00:00,0fe9e335-db82-4af1-959e-a06ab4a47b69,S2A_MSIL2A_20230608T184921_N0510_R113_T10SFH_20240913T014258.SAFE,S2|R113|20230608T1840,/mnt/engg-niulab/yuyao/sensors_raw_data/S2/year/GAO20240606t202820p0000-A/s2_-360.tif,,master:downloaded_path,available,0,,expected,,kept,,,,,,/mnt/engg-niulab/yuyao/sensors_raw_data/S2/prev1/GAO20240606t202820p0000-A/s2_-7.tif,raw,/mnt/engg-niulab/yuyao/sensors_raw_data/S2/prev2/GAO20240606t202820p0000-A/s2_prev2.tif,raw,/mnt/engg-niulab/yuyao/sensors_raw_data/S2/prev3/GAO20240606t202820p0000-A/s2_prev3.tif,raw,/mnt/engg-niulab/yuyao/sensors_raw_data/S2/product_crops/4ee3d707-0734-45a7-8ea4-47bf6f7fdec9/GAO20240606t202820p0000-A/prev3.tif,raw,/mnt/engg-niulab/yuyao/sensors_raw_data/S2/seasonal/GAO20240606t202820p0000-A/s2_-90.tif,raw,/mnt/engg-niulab/yuyao/sensors_raw_data/S2/year/GAO20240606t202820p0000-A/s2_-360.tif,raw,1,1,raw+raw+raw+raw+raw+raw,,,,,,,,,local_exact,,796.0,0.35849084006622434,S2B_MSIL2A_20240607T184919_N0510_R113_T10SFH_20240607T230008.SAFE,4d14e014-e84e-436c-83f6-72f2f28cc772,,,,,,,,,local_exact,,796.0,0.35849084006622434,S2B_MSIL2A_20240604T183919_N0510_R070_T10SFH_20240604T221437.SAFE,97666aea-f1c3-447c-b89d-49aedf4e7e68,,,,,,,,,local_exact,,796.0,0.35849084006622434,S2B_MSIL2A_20240528T184919_N0510_R113_T10SFH_20240528T213744.SAFE,578d6ec2-2932-4475-81dd-0a4d3af58fbe,S2B_10SFH_20240525_0_L2A,https://sentinel-s2-l2a.s3.amazonaws.com/tiles/10/S/FH/2024/5/25/0,https://sentinel-cogs.s3.us-west-2.amazonaws.com/sentinel-s2-l2a-cogs/10/S/FH/2024/5/S2B_10SFH_20240525_0_L2A,1000,S2B_MSIL2A_20240525T183919_N0510_R070_T10SFH_20240525T220718.SAFE,,,,stac_exact,,796.0,0.35849084006622434,S2B_MSIL2A_20240525T183919_N0510_R070_T10SFH_20240525T220718.SAFE,4ee3d707-0734-45a7-8ea4-47bf6f7fdec9,,,,,,,,,local_exact,,796.0,0.35849084006622434,S2B_MSIL2A_20240228T185319_N0510_R113_T10SFH_20240228T213630.SAFE,9f0a34ad-e3de-4c93-8e40-49b8528b8974,,,,,,,,,local_exact,,796.0,0.35849084006622434,S2A_MSIL2A_20230608T184921_N0510_R113_T10SFH_20240913T014258.SAFE,0fe9e335-db82-4af1-959e-a06ab4a47b69
ang20161008t202359-D,2016-10-08T20:23:59+00,35.501939,-119.078414,"[-119.08007451801197, 35.500133002649825, -119.07626400623631, 35.50326210891114]",S2,2016-10-09T18:43:02.026000Z,76499ef0-4674-4a27-87ae-56f8e18bf56e,S2A_MSIL2A_20161009T184302_N0500_R070_T11SLV_20230926T052457.SAFE,S2|R070|20161009T1840,/mnt/engg-niulab/yuyao/sensors_raw_data/S2/prev1/ang20161008t202359-D/s2_-7.tif,,s2_download_manifest:downloaded,available,0,,expected,prev1,t0_24h_window,2016-10-06T18:44:22.026000Z,81af311b-7d6a-46d0-87d7-2c247a84c266,S2A_MSIL2A_20161006T184422_N0500_R027_T11SLV_20230922T114844.SAFE,S2|R027|20161006T1840,/mnt/engg-niulab/yuyao/sensors_raw_data/S2/prev2/ang20161008t202359-D/s2_prev2.tif,,s2_download_manifest:downloaded,available,0,,expected,prev2,,2016-09-29T18:54:22.026000Z,89b2d664-1aa2-46e6-a418-92d7003edb89,S2A_MSIL2A_20160929T185422_N0500_R070_T11SLV_20231002T061036.SAFE,S2|R070|20160929T1850,/mnt/engg-niulab/yuyao/sensors_raw_data/S2/prev3/ang20161008t202359-D/s2_prev3.tif,,s2_download_manifest:downloaded,available,0,,expected,prev3,,2016-09-26T18:31:22.026000Z,6c0dfabf-398f-4074-89f8-5c879654a2fd,S2A_MSIL2A_20160926T183122_N0500_R027_T11SLV_20230929T205418.SAFE,S2|R027|20160926T1830,/mnt/engg-niulab/yuyao/sensors_raw_data/S2/product_crops/6c0dfabf-398f-4074-89f8-5c879654a2fd/ang20161008t202359-D/prev3.tif,,download_s2_missing_from_clean_table,available,0,,expected,product_crops,,2016-07-08T18:29:22.026000+00:00,161f51ce-6635-4a63-ad73-67e3d79198b7,S2A_MSIL2A_20160708T182922_N0500_R027_T11SLV_20231002T152346.SAFE,S2|R027|20160708T1820,/mnt/engg-niulab/yuyao/sensors_raw_data/S2/seasonal/ang20161008t202359-D/s2_-90.tif,,master:downloaded_path,available,0,,expected,,kept,2015-09-22T18:44:36.027000+00:00,9d16c59c-4931-447b-a9c1-62574a67fb72,S2A_MSIL2A_20150922T184436_N0500_R027_T11SLV_20231017T001227.SAFE,S2|R027|20150922T1840,/mnt/engg-niulab/yuyao/sensors_raw_data/S2/year/ang20161008t202359-D/s2_-360.tif,,master:downloaded_path,available,0,,expected,,kept,,,,,,/mnt/engg-niulab/yuyao/sensors_raw_data/S2/prev1/ang20161008t202359-D/s2_-7.tif,raw,/mnt/engg-niulab/yuyao/sensors_raw_data/S2/prev2/ang20161008t202359-D/s2_prev2.tif,raw,/mnt/engg-niulab/yuyao/sensors_raw_data/S2/prev3/ang20161008t202359-D/s2_prev3.tif,raw,/mnt/engg-niulab/yuyao/sensors_raw_data/S2/product_crops/6c0dfabf-398f-4074-89f8-5c879654a2fd/ang20161008t202359-D/prev3.tif,raw,/mnt/engg-niulab/yuyao/sensors_raw_data/S2/seasonal/ang20161008t202359-D/s2_-90.tif,raw,/mnt/engg-niulab/yuyao/sensors_raw_data/S2/year/ang20161008t202359-D/s2_-360.tif,raw,1,1,raw+raw+raw+raw+raw+raw,,,,,,,,,local_exact,,318.0,0.6574140431985143,S2A_MSIL2A_20161009T184302_N0500_R070_T11SLV_20230926T052457.SAFE,76499ef0-4674-4a27-87ae-56f8e18bf56e,,,,,,,,,local_exact,,318.0,0.6574140431985143,S2A_MSIL2A_20161006T184422_N0500_R027_T11SLV_20230922T114844.SAFE,81af311b-7d6a-46d0-87d7-2c247a84c266,,,,,,,,,local_exact,,318.0,0.6574140431985143,S2A_MSIL2A_20160929T185422_N0500_R070_T11SLV_20231002T061036.SAFE,89b2d664-1aa2-46e6-a418-92d7003edb89,,,,,,,,,local_exact,,318.0,0.6574140431985143,S2A_MSIL2A_20160926T183122_N0500_R027_T11SLV_20230929T205418.SAFE,6c0dfabf-398f-4074-89f8-5c879654a2fd,,,,,,,,,local_exact,,318.0,0.6574140431985143,S2A_MSIL2A_20160708T182922_N0500_R027_T11SLV_20231002T152346.SAFE,161f51ce-6635-4a63-ad73-67e3d79198b7,,,,,,,,,local_exact,,318.0,0.6574140431985143,S2A_MSIL2A_20150922T184436_N0500_R027_T11SLV_20231017T001227.SAFE,9d16c59c-4931-447b-a9c1-62574a67fb72
ang20161008t202359-E,2016-10-08T20:23:59+00,35.503686,-119.082367,"[-119.08432597977473, 35.50211502648074, -119.08051529850722, 35.50521721963625]",S2,2016-10-09T18:43:02.026000Z,76499ef0-4674-4a27-87ae-56f8e18bf56e,S2A_MSIL2A_20161009T184302_N0500_R070_T11SLV_20230926T052457.SAFE,S2|R070|20161009T1840,/mnt/engg-niulab/yuyao/sensors_raw_data/S2/prev1/ang20161008t202359-E/s2_-7.tif,,s2_download_manifest:downloaded,available,0,,expected,prev1,t0_24h_window,2016-10-06T18:44:22.026000Z,81af311b-7d6a-46d0-87d7-2c247a84c266,S2A_MSIL2A_20161006T184422_N0500_R027_T11SLV_20230922T114844.SAFE,S2|R027|20161006T1840,/mnt/engg-niulab/yuyao/sensors_raw_data/S2/prev2/ang20161008t202359-E/s2_prev2.tif,,s2_download_manifest:downloaded,available,0,,expected,prev2,,2016-09-29T18:54:22.026000Z,89b2d664-1aa2-46e6-a418-92d7003edb89,S2A_MSIL2A_20160929T185422_N0500_R070_T11SLV_20231002T061036.SAFE,S2|R070|20160929T1850,/mnt/engg-niulab/yuyao/sensors_raw_data/S2/prev3/ang20161008t202359-E/s2_prev3.tif,,s2_download_manifest:downloaded,available,0,,expected,prev3,,2016-09-26T18:31:22.026000Z,6c0dfabf-398f-4074-89f8-5c879654a2fd,S2A_MSIL2A_20160926T183122_N0500_R027_T11SLV_20230929T205418.SAFE,S2|R027|20160926T1830,/mnt/engg-niulab/yuyao/sensors_raw_data/S2/product_crops/6c0dfabf-398f-4074-89f8-5c879654a2fd/ang20161008t202359-E/prev3.tif,,download_s2_missing_from_clean_table,available,0,,expected,product_crops,,2016-07-08T18:29:22.026000+00:00,161f51ce-6635-4a63-ad73-67e3d79198b7,S2A_MSIL2A_20160708T182922_N0500_R027_T11SLV_20231002T152346.SAFE,S2|R027|20160708T1820,/mnt/engg-niulab/yuyao/sensors_raw_data/S2/seasonal/ang20161008t202359-E/s2_-90.tif,,master:downloaded_path,available,0,,expected,,kept,2015-09-22T18:44:36.027000+00:00,9d16c59c-4931-447b-a9c1-62574a67fb72,S2A_MSIL2A_20150922T184436_N0500_R027_T11SLV_20231017T001227.SAFE,S2|R027|20150922T1840,/mnt/engg-niulab/yuyao/sensors_raw_data/S2/year/ang20161008t202359-E/s2_-360.tif,,master:downloaded_path,available,0,,expected,,kept,,,,,,/mnt/engg-niulab/yuyao/sensors_raw_data/S2/prev1/ang20161008t202359-E/s2_-7.tif,raw,/mnt/engg-niulab/yuyao/sensors_raw_data/S2/prev2/ang20161008t202359-E/s2_prev2.tif,raw,/mnt/engg-niulab/yuyao/sensors_raw_data/S2/prev3/ang20161008t202359-E/s2_prev3.tif,raw,/mnt/engg-niulab/yuyao/sensors_raw_data/S2/product_crops/6c0dfabf-398f-4074-89f8-5c879654a2fd/ang20161008t202359-E/prev3.tif,raw,/mnt/engg-niulab/yuyao/sensors_raw_data/S2/seasonal/ang20161008t202359-E/s2_-90.tif,raw,/mnt/engg-niulab/yuyao/sensors_raw_data/S2/year/ang20161008t202359-E/s2_-360.tif,raw,1,1,raw+raw+raw+raw+raw+raw,,,,,,,,,local_exact,,300.0,0.933082211542569,S2A_MSIL2A_20161009T184302_N0500_R070_T11SLV_20230926T052457.SAFE,76499ef0-4674-4a27-87ae-56f8e18bf56e,,,,,,,,,local_exact,,300.0,0.933082211542569,S2A_MSIL2A_20161006T184422_N0500_R027_T11SLV_20230922T114844.SAFE,81af311b-7d6a-46d0-87d7-2c247a84c266,,,,,,,,,local_exact,,300.0,0.933082211542569,S2A_MSIL2A_20160929T185422_N0500_R070_T11SLV_20231002T061036.SAFE,89b2d664-1aa2-46e6-a418-92d7003edb89,,,,,,,,,local_exact,,300.0,0.933082211542569,S2A_MSIL2A_20160926T183122_N0500_R027_T11SLV_20230929T205418.SAFE,6c0dfabf-398f-4074-89f8-5c879654a2fd,,,,,,,,,local_exact,,300.0,0.933082211542569,S2A_MSIL2A_20160708T182922_N0500_R027_T11SLV_20231002T152346.SAFE,161f51ce-6635-4a63-ad73-67e3d79198b7,,,,,,,,,local_exact,,300.0,0.933082211542569,S2A_MSIL2A_20150922T184436_N0500_R027_T11SLV_20231017T001227.SAFE,9d16c59c-4931-447b-a9c1-62574a67fb72
ang20161008t202359-F,2016-10-08T20:23:59+00,35.518128,-119.075155,"[-119.07705433261691, 35.51641151761262, -119.07324304905993, 35.51954062321567]",S2,2016-10-09T18:43:02.026000Z,76499ef0-4674-4a27-87ae-56f8e18bf56e,S2A_MSIL2A_20161009T184302_N0500_R070_T11SLV_20230926T052457.SAFE,S2|R070|20161009T1840,/mnt/engg-niulab/yuyao/sensors_raw_data/S2/prev1/ang20161008t202359-F/s2_-7.tif,,s2_download_manifest:downloaded,available,0,,expected,prev1,t0_24h_window,2016-10-06T18:44:22.026000Z,81af311b-7d6a-46d0-87d7-2c247a84c266,S2A_MSIL2A_20161006T184422_N0500_R027_T11SLV_20230922T114844.SAFE,S2|R027|20161006T1840,/mnt/engg-niulab/yuyao/sensors_raw_data/S2/prev2/ang20161008t202359-F/s2_prev2.tif,,s2_download_manifest:downloaded,available,0,,expected,prev2,,2016-09-29T18:54:22.026000Z,89b2d664-1aa2-46e6-a418-92d7003edb89,S2A_MSIL2A_20160929T185422_N0500_R070_T11SLV_20231002T061036.SAFE,S2|R070|20160929T1850,/mnt/engg-niulab/yuyao/sensors_raw_data/S2/prev3/ang20161008t202359-F/s2_prev3.tif,,s2_download_manifest:downloaded,available,0,,expected,prev3,,2016-09-26T18:31:22.026000Z,6c0dfabf-398f-4074-89f8-5c879654a2fd,S2A_MSIL2A_20160926T183122_N0500_R027_T11SLV_20230929T205418.SAFE,S2|R027|20160926T1830,/mnt/engg-niulab/yuyao/sensors_raw_data/S2/product_crops/6c0dfabf-398f-4074-89f8-5c879654a2fd/ang20161008t202359-F/prev3.tif,,download_s2_missing_from_clean_table,available,0,,expected,product_crops,,2016-07-08T18:29:22.026000+00:00,161f51ce-6635-4a63-ad73-67e3d79198b7,S2A_MSIL2A_20160708T182922_N0500_R027_T11SLV_20231002T152346.SAFE,S2|R027|20160708T1820,/mnt/engg-niulab/yuyao/sensors_raw_data/S2/seasonal/ang20161008t202359-F/s2_-90.tif,,master:downloaded_path,available,0,,expected,,kept,2015-09-22T18:44:36.027000+00:00,9d16c59c-4931-447b-a9c1-62574a67fb72,S2A_MSIL2A_20150922T184436_N0500_R027_T11SLV_20231017T001227.SAFE,S2|R027|20150922T1840,/mnt/engg-niulab/yuyao/sensors_raw_data/S2/year/ang20161008t202359-F/s2_-360.tif,,master:downloaded_path,available,0,,expected,,kept,,,,,,/mnt/engg-niulab/yuyao/sensors_raw_data/S2/prev1/ang20161008t202359-F/s2_-7.tif,raw,/mnt/engg-niulab/yuyao/sensors_raw_data/S2/prev2/ang20161008t202359-F/s2_prev2.tif,raw,/mnt/engg-niulab/yuyao/sensors_raw_data/S2/prev3/ang20161008t202359-F/s2_prev3.tif,raw,/mnt/engg-niulab/yuyao/sensors_raw_data/S2/product_crops/6c0dfabf-398f-4074-89f8-5c879654a2fd/ang20161008t202359-F/prev3.tif,raw,/mnt/engg-niulab/yuyao/sensors_raw_data/S2/seasonal/ang20161008t202359-F/s2_-90.tif,raw,/mnt/engg-niulab/yuyao/sensors_raw_data/S2/year/ang20161008t202359-F/s2_-360.tif,raw,1,1,raw+raw+raw+raw+raw+raw,,,,,,,,,local_exact,,335.0,0.7912125494331121,S2A_MSIL2A_20161009T184302_N0500_R070_T11SLV_20230926T052457.SAFE,76499ef0-4674-4a27-87ae-56f8e18bf56e,,,,,,,,,local_exact,,335.0,0.7912125494331121,S2A_MSIL2A_20161006T184422_N0500_R027_T11SLV_20230922T114844.SAFE,81af311b-7d6a-46d0-87d7-2c247a84c266,,,,,,,,,local_exact,,335.0,0.7912125494331121,S2A_MSIL2A_20160929T185422_N0500_R070_T11SLV_20231002T061036.SAFE,89b2d664-1aa2-46e6-a418-92d7003edb89,,,,,,,,,local_exact,,335.0,0.7912125494331121,S2A_MSIL2A_20160926T183122_N0500_R027_T11SLV_20230929T205418.SAFE,6c0dfabf-398f-4074-89f8-5c879654a2fd,,,,,,,,,local_exact,,335.0,0.7912125494331121,S2A_MSIL2A_20160708T182922_N0500_R027_T11SLV_20231002T152346.SAFE,161f51ce-6635-4a63-ad73-67e3d79198b7,,,,,,,,,local_exact,,335.0,0.7912125494331121,S2A_MSIL2A_20150922T184436_N0500_R027_T11SLV_20231017T001227.SAFE,9d16c59c-4931-447b-a9c1-62574a67fb72
ang20161008t202359-G,2016-10-08T20:23:59+00,35.522467496425406,-119.07356976289292,"[-119.07538022857227, 35.52076730463592, -119.0715686531059, 35.52386950495483]",S2,2016-10-09T18:43:02.026000Z,76499ef0-4674-4a27-87ae-56f8e18bf56e,S2A_MSIL2A_20161009T184302_N0500_R070_T11SLV_20230926T052457.SAFE,S2|R070|20161009T1840,/mnt/engg-niulab/yuyao/sensors_raw_data/S2/prev1/ang20161008t202359-G/s2_-7.tif,,s2_download_manifest:downloaded,available,0,,expected,prev1,t0_24h_window,2016-10-06T18:44:22.026000Z,81af311b-7d6a-46d0-87d7-2c247a84c266,S2A_MSIL2A_20161006T184422_N0500_R027_T11SLV_20230922T114844.SAFE,S2|R027|20161006T1840,/mnt/engg-niulab/yuyao/sensors_raw_data/S2/prev2/ang20161008t202359-G/s2_prev2.tif,,s2_download_manifest:downloaded,available,0,,expected,prev2,,2016-09-29T18:54:22.026000Z,89b2d664-1aa2-46e6-a418-92d7003edb89,S2A_MSIL2A_20160929T185422_N0500_R070_T11SLV_20231002T061036.SAFE,S2|R070|20160929T1850,/mnt/engg-niulab/yuyao/sensors_raw_data/S2/prev3/ang20161008t202359-G/s2_prev3.tif,,s2_download_manifest:downloaded,available,0,,expected,prev3,,2016-09-26T18:31:22.026000Z,6c0dfabf-398f-4074-89f8-5c879654a2fd,S2A_MSIL2A_20160926T183122_N0500_R027_T11SLV_20230929T205418.SAFE,S2|R027|20160926T1830,/mnt/engg-niulab/yuyao/sensors_raw_data/S2/product_crops/6c0dfabf-398f-4074-89f8-5c879654a2fd/ang20161008t202359-G/prev3.tif,,download_s2_missing_from_clean_table,available,0,,expected,product_crops,,2016-07-08T18:29:22.026000+00:00,161f51ce-6635-4a63-ad73-67e3d79198b7,S2A_MSIL2A_20160708T182922_N0500_R027_T11SLV_20231002T152346.SAFE,S2|R027|20160708T1820,/mnt/engg-niulab/yuyao/sensors_raw_data/S2/seasonal/ang20161008t202359-G/s2_-90.tif,,master:downloaded_path,available,0,,expected,,kept,2015-09-22T18:44:36.027000+00:00,9d16c59c-4931-447b-a9c1-62574a67fb72,S2A_MSIL2A_20150922T184436_N0500_R027_T11SLV_20231017T001227.SAFE,S2|R027|20150922T1840,/mnt/engg-niulab/yuyao/sensors_raw_data/S2/year/ang20161008t202359-G/s2_-360.tif,,master:downloaded_path,available,0,,expected,,kept,,,,,,/mnt/engg-niulab/yuyao/sensors_raw_data/S2/prev1/ang20161008t202359-G/s2_-7.tif,raw,/mnt/engg-niulab/yuyao/sensors_raw_data/S2/prev2/ang20161008t202359-G/s2_prev2.tif,raw,/mnt/engg-niulab/yuyao/sensors_raw_data/S2/prev3/ang20161008t202359-G/s2_prev3.tif,raw,/mnt/engg-niulab/yuyao/sensors_raw_data/S2/product_crops/6c0dfabf-398f-4074-89f8-5c879654a2fd/ang20161008t202359-G/prev3.tif,raw,/mnt/engg-niulab/yuyao/sensors_raw_data/S2/seasonal/ang20161008t202359-G/s2_-90.tif,raw,/mnt/engg-niulab/yuyao/sensors_raw_data/S2/year/ang20161008t202359-G/s2_-360.tif,raw,1,1,raw+raw+raw+raw+raw+raw,,,,,,,,,local_exact,,343.0,0.8735564567323308,S2A_MSIL2A_20161009T184302_N0500_R070_T11SLV_20230926T052457.SAFE,76499ef0-4674-4a27-87ae-56f8e18bf56e,,,,,,,,,local_exact,,343.0,0.8735564567323308,S2A_MSIL2A_20161006T184422_N0500_R027_T11SLV_20230922T114844.SAFE,81af311b-7d6a-46d0-87d7-2c247a84c266,,,,,,,,,local_exact,,343.0,0.8735564567323308,S2A_MSIL2A_20160929T185422_N0500_R070_T11SLV_20231002T061036.SAFE,89b2d664-1aa2-46e6-a418-92d7003edb89,,,,,,,,,local_exact,,343.0,0.8735564567323308,S2A_MSIL2A_20160926T183122_N0500_R027_T11SLV_20230929T205418.SAFE,6c0dfabf-398f-4074-89f8-5c879654a2fd,,,,,,,,,local_exact,,343.0,0.8735564567323308,S2A_MSIL2A_20160708T182922_N0500_R027_T11SLV_20231002T152346.SAFE,161f51ce-6635-4a63-ad73-67e3d79198b7,,,,,,,,,local_exact,,343.0,0.8735564567323308,S2A_MSIL2A_20150922T184436_N0500_R027_T11SLV_20231017T001227.SAFE,9d16c59c-4931-447b-a9c1-62574a67fb72
ang20161008t202359-H,2016-10-08T20:23:59+00,35.525324,-119.075145,"[-119.07690901327997, 35.52360771177777, -119.07309730670819, 35.526709909006]",S2,2016-10-09T18:43:02.026000Z,76499ef0-4674-4a27-87ae-56f8e18bf56e,S2A_MSIL2A_20161009T184302_N0500_R070_T11SLV_20230926T052457.SAFE,S2|R070|20161009T1840,/mnt/engg-niulab/yuyao/sensors_raw_data/S2/prev1/ang20161008t202359-H/s2_-7.tif,,s2_download_manifest:downloaded,available,0,,expected,prev1,t0_24h_window,2016-10-06T18:44:22.026000Z,81af311b-7d6a-46d0-87d7-2c247a84c266,S2A_MSIL2A_20161006T184422_N0500_R027_T11SLV_20230922T114844.SAFE,S2|R027|20161006T1840,/mnt/engg-niulab/yuyao/sensors_raw_data/S2/prev2/ang20161008t202359-H/s2_prev2.tif,,s2_download_manifest:downloaded,available,0,,expected,prev2,,2016-09-29T18:54:22.026000Z,89b2d664-1aa2-46e6-a418-92d7003edb89,S2A_MSIL2A_20160929T185422_N0500_R070_T11SLV_20231002T061036.SAFE,S2|R070|20160929T1850,/mnt/engg-niulab/yuyao/sensors_raw_data/S2/prev3/ang20161008t202359-H/s2_prev3.tif,,s2_download_manifest:downloaded,available,0,,expected,prev3,,2016-09-26T18:31:22.026000Z,6c0dfabf-398f-4074-89f8-5c879654a2fd,S2A_MSIL2A_20160926T183122_N0500_R027_T11SLV_20230929T205418.SAFE,S2|R027|20160926T1830,/mnt/engg-niulab/yuyao/sensors_raw_data/S2/product_crops/6c0dfabf-398f-4074-89f8-5c879654a2fd/ang20161008t202359-H/prev3.tif,,download_s2_missing_from_clean_table,available,0,,expected,product_crops,,2016-07-08T18:29:22.026000+00:00,161f51ce-6635-4a63-ad73-67e3d79198b7,S2A_MSIL2A_20160708T182922_N0500_R027_T11SLV_20231002T152346.SAFE,S2|R027|20160708T1820,/mnt/engg-niulab/yuyao/sensors_raw_data/S2/seasonal/ang20161008t202359-H/s2_-90.tif,,master:downloaded_path,available,0,,expected,,kept,2015-09-22T18:44:36.027000+00:00,9d16c59c-4931-447b-a9c1-62574a67fb72,S2A_MSIL2A_20150922T184436_N0500_R027_T11SLV_20231017T001227.SAFE,S2|R027|20150922T1840,/mnt/engg-niulab/yuyao/sensors_raw_data/S2/year/ang20161008t202359-H/s2_-360.tif,,master:downloaded_path,available,0,,expected,,kept,,,,,,/mnt/engg-niulab/yuyao/sensors_raw_data/S2/prev1/ang20161008t202359-H/s2_-7.tif,raw,/mnt/engg-niulab/yuyao/sensors_raw_data/S2/prev2/ang20161008t202359-H/s2_prev2.tif,raw,/mnt/engg-niulab/yuyao/sensors_raw_data/S2/prev3/ang20161008t202359-H/s2_prev3.tif,raw,/mnt/engg-niulab/yuyao/sensors_raw_data/S2/product_crops/6c0dfabf-398f-4074-89f8-5c879654a2fd/ang20161008t202359-H/prev3.tif,raw,/mnt/engg-niulab/yuyao/sensors_raw_data/S2/seasonal/ang20161008t202359-H/s2_-90.tif,raw,/mnt/engg-niulab/yuyao/sensors_raw_data/S2/year/ang20161008t202359-H/s2_-360.tif,raw,1,1,raw+raw+raw+raw+raw+raw,,,,,,,,,local_exact,,336.0,0.8796932158875279,S2A_MSIL2A_20161009T184302_N0500_R070_T11SLV_20230926T052457.SAFE,76499ef0-4674-4a27-87ae-56f8e18bf56e,,,,,,,,,local_exact,,336.0,0.8796932158875279,S2A_MSIL2A_20161006T184422_N0500_R027_T11SLV_20230922T114844.SAFE,81af311b-7d6a-46d0-87d7-2c247a84c266,,,,,,,,,local_exact,,336.0,0.8796932158875279,S2A_MSIL2A_20160929T185422_N0500_R070_T11SLV_20231002T061036.SAFE,89b2d664-1aa2-46e6-a418-92d7003edb89,,,,,,,,,local_exact,,336.0,0.8796932158875279,S2A_MSIL2A_20160926T183122_N0500_R027_T11SLV_20230929T205418.SAFE,6c0dfabf-398f-4074-89f8-5c879654a2fd,,,,,,,,,local_exact,,336.0,0.8796932158875279,S2A_MSIL2A_20160708T182922_N0500_R027_T11SLV_20231002T152346.SAFE,161f51ce-6635-4a63-ad73-67e3d79198b7,,,,,,,,,local_exact,,336.0,0.8796932158875279,S2A_MSIL2A_20150922T184436_N0500_R027_T11SLV_20231017T001227.SAFE,9d16c59c-4931-447b-a9c1-62574a67fb72
ang20161008t202359-J,2016-10-08T20:23:59+00,35.511630601210115,-119.07431834956292,"[-119.07555771488425, 35.50967611784359, -119.07174666208661, 35.51277832134789]",S2,2016-10-09T18:43:02.026000Z,76499ef0-4674-4a27-87ae-56f8e18bf56e,S2A_MSIL2A_20161009T184302_N0500_R070_T11SLV_20230926T052457.SAFE,S2|R070|20161009T1840,/mnt/engg-niulab/yuyao/sensors_raw_data/S2/prev1/ang20161008t202359-J/s2_-7.tif,,s2_download_manifest:downloaded,available,0,,expected,prev1,t0_24h_window,2016-10-06T18:44:22.026000Z,81af311b-7d6a-46d0-87d7-2c247a84c266,S2A_MSIL2A_20161006T184422_N0500_R027_T11SLV_20230922T114844.SAFE,S2|R027|20161006T1840,/mnt/engg-niulab/yuyao/sensors_raw_data/S2/prev2/ang20161008t202359-J/s2_prev2.tif,,s2_download_manifest:downloaded,available,0,,expected,prev2,,2016-09-29T18:54:22.026000Z,89b2d664-1aa2-46e6-a418-92d7003edb89,S2A_MSIL2A_20160929T185422_N0500_R070_T11SLV_20231002T061036.SAFE,S2|R070|20160929T1850,/mnt/engg-niulab/yuyao/sensors_raw_data/S2/prev3/ang20161008t202359-J/s2_prev3.tif,,s2_download_manifest:downloaded,available,0,,expected,prev3,,2016-09-26T18:31:22.026000Z,6c0dfabf-398f-4074-89f8-5c879654a2fd,S2A_MSIL2A_20160926T183122_N0500_R027_T11SLV_20230929T205418.SAFE,S2|R027|20160926T1830,/mnt/engg-niulab/yuyao/sensors_raw_data/S2/product_crops/6c0dfabf-398f-4074-89f8-5c879654a2fd/ang20161008t202359-J/prev3.tif,,download_s2_missing_from_clean_table,available,0,,expected,product_crops,,2016-07-08T18:29:22.026000+00:00,161f51ce-6635-4a63-ad73-67e3d79198b7,S2A_MSIL2A_20160708T182922_N0500_R027_T11SLV_20231002T152346.SAFE,S2|R027|20160708T1820,/mnt/engg-niulab/yuyao/sensors_raw_data/S2/seasonal/ang20161008t202359-J/s2_-90.tif,,master:downloaded_path,available,0,,expected,,kept,2015-09-22T18:44:36.027000+00:00,9d16c59c-4931-447b-a9c1-62574a67fb72,S2A_MSIL2A_20150922T184436_N0500_R027_T11SLV_20231017T001227.SAFE,S2|R027|20150922T1840,/mnt/engg-niulab/yuyao/sensors_raw_data/S2/year/ang20161008t202359-J/s2_-360.tif,,master:downloaded_path,available,0,,expected,,kept,,,,,,/mnt/engg-niulab/yuyao/sensors_raw_data/S2/prev1/ang20161008t202359-J/s2_-7.tif,raw,/mnt/engg-niulab/yuyao/sensors_raw_data/S2/prev2/ang20161008t202359-J/s2_prev2.tif,raw,/mnt/engg-niulab/yuyao/sensors_raw_data/S2/prev3/ang20161008t202359-J/s2_prev3.tif,raw,/mnt/engg-niulab/yuyao/sensors_raw_data/S2/product_crops/6c0dfabf-398f-4074-89f8-5c879654a2fd/ang20161008t202359-J/prev3.tif,raw,/mnt/engg-niulab/yuyao/sensors_raw_data/S2/seasonal/ang20161008t202359-J/s2_-90.tif,raw,/mnt/engg-niulab/yuyao/sensors_raw_data/S2/year/ang20161008t202359-J/s2_-360.tif,raw,1,1,raw+raw+raw+raw+raw+raw,,,,,,,,,local_exact,,338.0,0.9087143689393997,S2A_MSIL2A_20161009T184302_N0500_R070_T11SLV_20230926T052457.SAFE,76499ef0-4674-4a27-87ae-56f8e18bf56e,,,,,,,,,local_exact,,338.0,0.9087143689393997,S2A_MSIL2A_20161006T184422_N0500_R027_T11SLV_20230922T114844.SAFE,81af311b-7d6a-46d0-87d7-2c247a84c266,,,,,,,,,local_exact,,338.0,0.9087143689393997,S2A_MSIL2A_20160929T185422_N0500_R070_T11SLV_20231002T061036.SAFE,89b2d664-1aa2-46e6-a418-92d7003edb89,,,,,,,,,local_exact,,338.0,0.9087143689393997,S2A_MSIL2A_20160926T183122_N0500_R027_T11SLV_20230929T205418.SAFE,6c0dfabf-398f-4074-89f8-5c879654a2fd,,,,,,,,,local_exact,,338.0,0.9087143689393997,S2A_MSIL2A_20160708T182922_N0500_R027_T11SLV_20231002T152346.SAFE,161f51ce-6635-4a63-ad73-67e3d79198b7,,,,,,,,,local_exact,,338.0,0.9087143689393997,S2A_MSIL2A_20150922T184436_N0500_R027_T11SLV_20231017T001227.SAFE,9d16c59c-4931-447b-a9c1-62574a67fb72
ang20161008t202359-K,2016-10-08T20:23:59+00,35.515579,-119.075784,"[-119.07755023302184, 35.51383378781638, -119.0737390717496, 35.5169628934986]",S2,2016-10-09T18:43:02.026000Z,76499ef0-4674-4a27-87ae-56f8e18bf56e,S2A_MSIL2A_20161009T184302_N0500_R070_T11SLV_20230926T052457.SAFE,S2|R070|20161009T1840,/mnt/engg-niulab/yuyao/sensors_raw_data/S2/prev1/ang20161008t202359-K/s2_-7.tif,,s2_download_manifest:downloaded,available,0,,expected,prev1,t0_24h_window,2016-10-06T18:44:22.026000Z,81af311b-7d6a-46d0-87d7-2c247a84c266,S2A_MSIL2A_20161006T184422_N0500_R027_T11SLV_20230922T114844.SAFE,S2|R027|20161006T1840,/mnt/engg-niulab/yuyao/sensors_raw_data/S2/prev2/ang20161008t202359-K/s2_prev2.tif,,s2_download_manifest:downloaded,available,0,,expected,prev2,,2016-09-29T18:54:22.026000Z,89b2d664-1aa2-46e6-a418-92d7003edb89,S2A_MSIL2A_20160929T185422_N0500_R070_T11SLV_20231002T061036.SAFE,S2|R070|20160929T1850,/mnt/engg-niulab/yuyao/sensors_raw_data/S2/prev3/ang20161008t202359-K/s2_prev3.tif,,s2_download_manifest:downloaded,available,0,,expected,prev3,,2016-09-26T18:31:22.026000Z,6c0dfabf-398f-4074-89f8-5c879654a2fd,S2A_MSIL2A_20160926T183122_N0500_R027_T11SLV_20230929T205418.SAFE,S2|R027|20160926T1830,/mnt/engg-niulab/yuyao/sensors_raw_data/S2/product_crops/6c0dfabf-398f-4074-89f8-5c879654a2fd/ang20161008t202359-K/prev3.tif,,download_s2_missing_from_clean_table,available,0,,expected,product_crops,,2016-07-08T18:29:22.026000+00:00,161f51ce-6635-4a63-ad73-67e3d79198b7,S2A_MSIL2A_20160708T182922_N0500_R027_T11SLV_20231002T152346.SAFE,S2|R027|20160708T1820,/mnt/engg-niulab/yuyao/sensors_raw_data/S2/seasonal/ang20161008t202359-K/s2_-90.tif,,master:downloaded_path,available,0,,expected,,kept,2015-09-22T18:44:36.027000+00:00,9d16c59c-4931-447b-a9c1-62574a67fb72,S2A_MSIL2A_20150922T184436_N0500_R027_T11SLV_20231017T001227.SAFE,S2|R027|20150922T1840,/mnt/engg-niulab/yuyao/sensors_raw_data/S2/year/ang20161008t202359-K/s2_-360.tif,,master:downloaded_path,available,0,,expected,,kept,,,,,,/mnt/engg-niulab/yuyao/sensors_raw_data/S2/prev1/ang20161008t202359-K/s2_-7.tif,raw,/mnt/engg-niulab/yuyao/sensors_raw_data/S2/prev2/ang20161008t202359-K/s2_prev2.tif,raw,/mnt/engg-niulab/yuyao/sensors_raw_data/S2/prev3/ang20161008t202359-K/s2_prev3.tif,raw,/mnt/engg-niulab/yuyao/sensors_raw_data/S2/product_crops/6c0dfabf-398f-4074-89f8-5c879654a2fd/ang20161008t202359-K/prev3.tif,raw,/mnt/engg-niulab/yuyao/sensors_raw_data/S2/seasonal/ang20161008t202359-K/s2_-90.tif,raw,/mnt/engg-niulab/yuyao/sensors_raw_data/S2/year/ang20161008t202359-K/s2_-360.tif,raw,1,1,raw+raw+raw+raw+raw+raw,,,,,,,,,local_exact,,332.0,0.8691320081416052,S2A_MSIL2A_20161009T184302_N0500_R070_T11SLV_20230926T052457.SAFE,76499ef0-4674-4a27-87ae-56f8e18bf56e,,,,,,,,,local_exact,,332.0,0.8691320081416052,S2A_MSIL2A_20161006T184422_N0500_R027_T11SLV_20230922T114844.SAFE,81af311b-7d6a-46d0-87d7-2c247a84c266,,,,,,,,,local_exact,,332.0,0.8691320081416052,S2A_MSIL2A_20160929T185422_N0500_R070_T11SLV_20231002T061036.SAFE,89b2d664-1aa2-46e6-a418-92d7003edb89,,,,,,,,,local_exact,,332.0,0.8691320081416052,S2A_MSIL2A_20160926T183122_N0500_R027_T11SLV_20230929T205418.SAFE,6c0dfabf-398f-4074-89f8-5c879654a2fd,,,,,,,,,local_exact,,332.0,0.8691320081416052,S2A_MSIL2A_20160708T182922_N0500_R027_T11SLV_20231002T152346.SAFE,161f51ce-6635-4a63-ad73-67e3d79198b7,,,,,,,,,local_exact,,332.0,0.8691320081416052,S2A_MSIL2A_20150922T184436_N0500_R027_T11SLV_20231017T001227.SAFE,9d16c59c-4931-447b-a9c1-62574a67fb72
ang20161008t202359-L,2016-10-08T20:23:59+00,35.518333,-119.078181,"[-119.08020253981354, 35.51662765480385, -119.07635794033686, 35.51972991818964]",S2,2016-10-09T18:43:02.026000Z,76499ef0-4674-4a27-87ae-56f8e18bf56e,S2A_MSIL2A_20161009T184302_N0500_R070_T11SLV_20230926T052457.SAFE,S2|R070|20161009T1840,/mnt/engg-niulab/yuyao/sensors_raw_data/S2/prev1/ang20161008t202359-L/s2_-7.tif,,s2_download_manifest:downloaded,available,0,,expected,prev1,t0_24h_window,2016-10-06T18:44:22.026000Z,81af311b-7d6a-46d0-87d7-2c247a84c266,S2A_MSIL2A_20161006T184422_N0500_R027_T11SLV_20230922T114844.SAFE,S2|R027|20161006T1840,/mnt/engg-niulab/yuyao/sensors_raw_data/S2/prev2/ang20161008t202359-L/s2_prev2.tif,,s2_download_manifest:downloaded,available,0,,expected,prev2,,2016-09-29T18:54:22.026000Z,89b2d664-1aa2-46e6-a418-92d7003edb89,S2A_MSIL2A_20160929T185422_N0500_R070_T11SLV_20231002T061036.SAFE,S2|R070|20160929T1850,/mnt/engg-niulab/yuyao/sensors_raw_data/S2/prev3/ang20161008t202359-L/s2_prev3.tif,,s2_download_manifest:downloaded,available,0,,expected,prev3,,2016-09-26T18:31:22.026000Z,6c0dfabf-398f-4074-89f8-5c879654a2fd,S2A_MSIL2A_20160926T183122_N0500_R027_T11SLV_20230929T205418.SAFE,S2|R027|20160926T1830,/mnt/engg-niulab/yuyao/sensors_raw_data/S2/product_crops/6c0dfabf-398f-4074-89f8-5c879654a2fd/ang20161008t202359-L/prev3.tif,,download_s2_missing_from_clean_table,available,0,,expected,product_crops,,2016-07-08T18:29:22.026000+00:00,161f51ce-6635-4a63-ad73-67e3d79198b7,S2A_MSIL2A_20160708T182922_N0500_R027_T11SLV_20231002T152346.SAFE,S2|R027|20160708T1820,/mnt/engg-niulab/yuyao/sensors_raw_data/S2/seasonal/ang20161008t202359-L/s2_-90.tif,,master:downloaded_path,available,0,,expected,,kept,2015-09-22T18:44:36.027000+00:00,9d16c59c-4931-447b-a9c1-62574a67fb72,S2A_MSIL2A_20150922T184436_N0500_R027_T11SLV_20231017T001227.SAFE,S2|R027|20150922T1840,/mnt/engg-niulab/yuyao/sensors_raw_data/S2/year/ang20161008t202359-L/s2_-360.tif,,master:downloaded_path,available,0,,expected,,kept,,,,,,/mnt/engg-niulab/yuyao/sensors_raw_data/S2/prev1/ang20161008t202359-L/s2_-7.tif,raw,/mnt/engg-niulab/yuyao/sensors_raw_data/S2/prev2/ang20161008t202359-L/s2_prev2.tif,raw,/mnt/engg-niulab/yuyao/sensors_raw_data/S2/prev3/ang20161008t202359-L/s2_prev3.tif,raw,/mnt/engg-niulab/yuyao/sensors_raw_data/S2/product_crops/6c0dfabf-398f-4074-89f8-5c879654a2fd/ang20161008t202359-L/prev3.tif,raw,/mnt/engg-niulab/yuyao/sensors_raw_data/S2/seasonal/ang20161008t202359-L/s2_-90.tif,raw,/mnt/engg-niulab/yuyao/sensors_raw_data/S2/year/ang20161008t202359-L/s2_-360.tif,raw,1,1,raw+raw+raw+raw+raw+raw,,,,,,,,,local_exact,,321.0,0.6307259302993771,S2A_MSIL2A_20161009T184302_N0500_R070_T11SLV_20230926T052457.SAFE,76499ef0-4674-4a27-87ae-56f8e18bf56e,,,,,,,,,local_exact,,321.0,0.6307259302993771,S2A_MSIL2A_20161006T184422_N0500_R027_T11SLV_20230922T114844.SAFE,81af311b-7d6a-46d0-87d7-2c247a84c266,,,,,,,,,local_exact,,321.0,0.6307259302993771,S2A_MSIL2A_20160929T185422_N0500_R070_T11SLV_20231002T061036.SAFE,89b2d664-1aa2-46e6-a418-92d7003edb89,,,,,,,,,local_exact,,321.0,0.6307259302993771,S2A_MSIL2A_20160926T183122_N0500_R027_T11SLV_20230929T205418.SAFE,6c0dfabf-398f-4074-89f8-5c879654a2fd,,,,,,,,,local_exact,,321.0,0.6307259302993771,S2A_MSIL2A_20160708T182922_N0500_R027_T11SLV_20231002T152346.SAFE,161f51ce-6635-4a63-ad73-67e3d79198b7,,,,,,,,,local_exact,,321.0,0.6307259302993771,S2A_MSIL2A_20150922T184436_N0500_R027_T11SLV_20231017T001227.SAFE,9d16c59c-4931-447b-a9c1-62574a67fb72
ang20161008t202359-M,2016-10-08T20:23:59+00,35.534,-119.083153,"[-119.08462586222345, 35.532040538484225, -119.07971975561215, 35.53603298285095]",S2,2016-10-09T18:43:02.026000Z,76499ef0-4674-4a27-87ae-56f8e18bf56e,S2A_MSIL2A_20161009T184302_N0500_R070_T11SLV_20230926T052457.SAFE,S2|R070|20161009T1840,/mnt/engg-niulab/yuyao/sensors_raw_data/S2/prev1/ang20161008t202359-M/s2_-7.tif,,s2_download_manifest:downloaded,available,0,,expected,prev1,t0_24h_window,2016-10-06T18:44:22.026000Z,81af311b-7d6a-46d0-87d7-2c247a84c266,S2A_MSIL2A_20161006T184422_N0500_R027_T11SLV_20230922T114844.SAFE,S2|R027|20161006T1840,/mnt/engg-niulab/yuyao/sensors_raw_data/S2/prev2/ang20161008t202359-M/s2_prev2.tif,,s2_download_manifest:downloaded,available,0,,expected,prev2,,2016-09-29T18:54:22.026000Z,89b2d664-1aa2-46e6-a418-92d7003edb89,S2A_MSIL2A_20160929T185422_N0500_R070_T11SLV_20231002T061036.SAFE,S2|R070|20160929T1850,/mnt/engg-niulab/yuyao/sensors_raw_data/S2/prev3/ang20161008t202359-M/s2_prev3.tif,,s2_download_manifest:downloaded,available,0,,expected,prev3,,2016-09-26T18:31:22.026000Z,6c0dfabf-398f-4074-89f8-5c879654a2fd,S2A_MSIL2A_20160926T183122_N0500_R027_T11SLV_20230929T205418.SAFE,S2|R027|20160926T1830,/mnt/engg-niulab/yuyao/sensors_raw_data/S2/product_crops/6c0dfabf-398f-4074-89f8-5c879654a2fd/ang20161008t202359-M/prev3.tif,,download_s2_missing_from_clean_table,available,0,,expected,product_crops,,2016-07-08T18:29:22.026000+00:00,161f51ce-6635-4a63-ad73-67e3d79198b7,S2A_MSIL2A_20160708T182922_N0500_R027_T11SLV_20231002T152346.SAFE,S2|R027|20160708T1820,/mnt/engg-niulab/yuyao/sensors_raw_data/S2/seasonal/ang20161008t202359-M/s2_-90.tif,,master:downloaded_path,available,0,,expected,,kept,2015-09-22T18:44:36.027000+00:00,9d16c59c-4931-447b-a9c1-62574a67fb72,S2A_MSIL2A_20150922T184436_N0500_R027_T11SLV_20231017T001227.SAFE,S2|R027|20150922T1840,/mnt/engg-niulab/yuyao/sensors_raw_data/S2/year/ang20161008t202359-M/s2_-360.tif,,master:downloaded_path,available,0,,expected,,kept,,,,,,/mnt/engg-niulab/yuyao/sensors_raw_data/S2/prev1/ang20161008t202359-M/s2_-7.tif,raw,/mnt/engg-niulab/yuyao/sensors_raw_data/S2/prev2/ang20161008t202359-M/s2_prev2.tif,raw,/mnt/engg-niulab/yuyao/sensors_raw_data/S2/prev3/ang20161008t202359-M/s2_prev3.tif,raw,/mnt/engg-niulab/yuyao/sensors_raw_data/S2/product_crops/6c0dfabf-398f-4074-89f8-5c879654a2fd/ang20161008t202359-M/prev3.tif,raw,/mnt/engg-niulab/yuyao/sensors_raw_data/S2/seasonal/ang20161008t202359-M/s2_-90.tif,raw,/mnt/engg-niulab/yuyao/sensors_raw_data/S2/year/ang20161008t202359-M/s2_-360.tif,raw,1,1,raw+raw+raw+raw+raw+raw,,,,,,,,,local_exact,,300.0,0.9923369214229751,S2A_MSIL2A_20161009T184302_N0500_R070_T11SLV_20230926T052457.SAFE,76499ef0-4674-4a27-87ae-56f8e18bf56e,,,,,,,,,local_exact,,300.0,0.9923369214229751,S2A_MSIL2A_20161006T184422_N0500_R027_T11SLV_20230922T114844.SAFE,81af311b-7d6a-46d0-87d7-2c247a84c266,,,,,,,,,local_exact,,300.0,0.9923369214229751,S2A_MSIL2A_20160929T185422_N0500_R070_T11SLV_20231002T061036.SAFE,89b2d664-1aa2-46e6-a418-92d7003edb89,,,,,,,,,local_exact,,300.0,0.9923369214229751,S2A_MSIL2A_20160926T183122_N0500_R027_T11SLV_20230929T205418.SAFE,6c0dfabf-398f-4074-89f8-5c879654a2fd,,,,,,,,,local_exact,,300.0,0.9923369214229751,S2A_MSIL2A_20160708T182922_N0500_R027_T11SLV_20231002T152346.SAFE,161f51ce-6635-4a63-ad73-67e3d79198b7,,,,,,,,,local_exact,,300.0,0.9923369214229751,S2A_MSIL2A_20150922T184436_N0500_R027_T11SLV_20231017T001227.SAFE,9d16c59c-4931-447b-a9c1-62574a67fb72
ang20161008t204039-B,2016-10-08T20:40:39+00,35.515579,-119.075784,"[-119.077583797144, 35.51358060978034, -119.07373933771933, 35.51668287790484]",S2,2016-10-09T18:43:02.026000Z,76499ef0-4674-4a27-87ae-56f8e18bf56e,S2A_MSIL2A_20161009T184302_N0500_R070_T11SLV_20230926T052457.SAFE,S2|R070|20161009T1840,/mnt/engg-niulab/yuyao/sensors_raw_data/S2/prev1/ang20161008t204039-B/s2_-7.tif,,s2_download_manifest:downloaded,available,0,,expected,prev1,t0_24h_window,2016-10-06T18:44:22.026000Z,81af311b-7d6a-46d0-87d7-2c247a84c266,S2A_MSIL2A_20161006T184422_N0500_R027_T11SLV_20230922T114844.SAFE,S2|R027|20161006T1840,/mnt/engg-niulab/yuyao/sensors_raw_data/S2/prev2/ang20161008t204039-B/s2_prev2.tif,,s2_download_manifest:downloaded,available,0,,expected,prev2,,2016-09-29T18:54:22.026000Z,89b2d664-1aa2-46e6-a418-92d7003edb89,S2A_MSIL2A_20160929T185422_N0500_R070_T11SLV_20231002T061036.SAFE,S2|R070|20160929T1850,/mnt/engg-niulab/yuyao/sensors_raw_data/S2/prev3/ang20161008t204039-B/s2_prev3.tif,,s2_download_manifest:downloaded,available,0,,expected,prev3,,2016-09-26T18:31:22.026000Z,6c0dfabf-398f-4074-89f8-5c879654a2fd,S2A_MSIL2A_20160926T183122_N0500_R027_T11SLV_20230929T205418.SAFE,S2|R027|20160926T1830,/mnt/engg-niulab/yuyao/sensors_raw_data/S2/product_crops/6c0dfabf-398f-4074-89f8-5c879654a2fd/ang20161008t204039-B/prev3.tif,,download_s2_missing_from_clean_table,available,0,,expected,product_crops,,2016-07-08T18:29:22.026000+00:00,161f51ce-6635-4a63-ad73-67e3d79198b7,S2A_MSIL2A_20160708T182922_N0500_R027_T11SLV_20231002T152346.SAFE,S2|R027|20160708T1820,/mnt/engg-niulab/yuyao/sensors_raw_data/S2/seasonal/ang20161008t204039-B/s2_-90.tif,,master:downloaded_path,available,0,,expected,,kept,2015-09-22T18:44:36.027000+00:00,9d16c59c-4931-447b-a9c1-62574a67fb72,S2A_MSIL2A_20150922T184436_N0500_R027_T11SLV_20231017T001227.SAFE,S2|R027|20150922T1840,/mnt/engg-niulab/yuyao/sensors_raw_data/S2/year/ang20161008t204039-B/s2_-360.tif,,master:downloaded_path,available,0,,expected,,kept,,,,,,/mnt/engg-niulab/yuyao/sensors_raw_data/S2/prev1/ang20161008t204039-B/s2_-7.tif,raw,/mnt/engg-niulab/yuyao/sensors_raw_data/S2/prev2/ang20161008t204039-B/s2_prev2.tif,raw,/mnt/engg-niulab/yuyao/sensors_raw_data/S2/prev3/ang20161008t204039-B/s2_prev3.tif,raw,/mnt/engg-niulab/yuyao/sensors_raw_data/S2/product_crops/6c0dfabf-398f-4074-89f8-5c879654a2fd/ang20161008t204039-B/prev3.tif,raw,/mnt/engg-niulab/yuyao/sensors_raw_data/S2/seasonal/ang20161008t204039-B/s2_-90.tif,raw,/mnt/engg-niulab/yuyao/sensors_raw_data/S2/year/ang20161008t204039-B/s2_-360.tif,raw,1,1,raw+raw+raw+raw+raw+raw,,,,,,,,,local_exact,,332.0,0.8691320081416052,S2A_MSIL2A_20161009T184302_N0500_R070_T11SLV_20230926T052457.SAFE,76499ef0-4674-4a27-87ae-56f8e18bf56e,,,,,,,,,local_exact,,332.0,0.8691320081416052,S2A_MSIL2A_20161006T184422_N0500_R027_T11SLV_20230922T114844.SAFE,81af311b-7d6a-46d0-87d7-2c247a84c266,,,,,,,,,local_exact,,332.0,0.8691320081416052,S2A_MSIL2A_20160929T185422_N0500_R070_T11SLV_20231002T061036.SAFE,89b2d664-1aa2-46e6-a418-92d7003edb89,,,,,,,,,local_exact,,332.0,0.8691320081416052,S2A_MSIL2A_20160926T183122_N0500_R027_T11SLV_20230929T205418.SAFE,6c0dfabf-398f-4074-89f8-5c879654a2fd,,,,,,,,,local_exact,,332.0,0.8691320081416052,S2A_MSIL2A_20160708T182922_N0500_R027_T11SLV_20231002T152346.SAFE,161f51ce-6635-4a63-ad73-67e3d79198b7,,,,,,,,,local_exact,,332.0,0.8691320081416052,S2A_MSIL2A_20150922T184436_N0500_R027_T11SLV_20231017T001227.SAFE,9d16c59c-4931-447b-a9c1-62574a67fb72
ang20161008t204039-C,2016-10-08T20:40:39+00,35.501939,-119.078414,"[-119.08024789008165, 35.50017496708974, -119.07643729286058, 35.50327716675763]",S2,2016-10-09T18:43:02.026000Z,76499ef0-4674-4a27-87ae-56f8e18bf56e,S2A_MSIL2A_20161009T184302_N0500_R070_T11SLV_20230926T052457.SAFE,S2|R070|20161009T1840,/mnt/engg-niulab/yuyao/sensors_raw_data/S2/prev1/ang20161008t204039-C/s2_-7.tif,,s2_download_manifest:downloaded,available,0,,expected,prev1,t0_24h_window,2016-10-06T18:44:22.026000Z,81af311b-7d6a-46d0-87d7-2c247a84c266,S2A_MSIL2A_20161006T184422_N0500_R027_T11SLV_20230922T114844.SAFE,S2|R027|20161006T1840,/mnt/engg-niulab/yuyao/sensors_raw_data/S2/prev2/ang20161008t204039-C/s2_prev2.tif,,s2_download_manifest:downloaded,available,0,,expected,prev2,,2016-09-29T18:54:22.026000Z,89b2d664-1aa2-46e6-a418-92d7003edb89,S2A_MSIL2A_20160929T185422_N0500_R070_T11SLV_20231002T061036.SAFE,S2|R070|20160929T1850,/mnt/engg-niulab/yuyao/sensors_raw_data/S2/prev3/ang20161008t204039-C/s2_prev3.tif,,s2_download_manifest:downloaded,available,0,,expected,prev3,,2016-09-26T18:31:22.026000Z,6c0dfabf-398f-4074-89f8-5c879654a2fd,S2A_MSIL2A_20160926T183122_N0500_R027_T11SLV_20230929T205418.SAFE,S2|R027|20160926T1830,/mnt/engg-niulab/yuyao/sensors_raw_data/S2/product_crops/6c0dfabf-398f-4074-89f8-5c879654a2fd/ang20161008t204039-C/prev3.tif,,download_s2_missing_from_clean_table,available,0,,expected,product_crops,,2016-07-08T18:29:22.026000+00:00,161f51ce-6635-4a63-ad73-67e3d79198b7,S2A_MSIL2A_20160708T182922_N0500_R027_T11SLV_20231002T152346.SAFE,S2|R027|20160708T1820,/mnt/engg-niulab/yuyao/sensors_raw_data/S2/seasonal/ang20161008t204039-C/s2_-90.tif,,master:downloaded_path,available,0,,expected,,kept,2015-09-22T18:44:36.027000+00:00,9d16c59c-4931-447b-a9c1-62574a67fb72,S2A_MSIL2A_20150922T184436_N0500_R027_T11SLV_20231017T001227.SAFE,S2|R027|20150922T1840,/mnt/engg-niulab/yuyao/sensors_raw_data/S2/year/ang20161008t204039-C/s2_-360.tif,,master:downloaded_path,available,0,,expected,,kept,,,,,,/mnt/engg-niulab/yuyao/sensors_raw_data/S2/prev1/ang20161008t204039-C/s2_-7.tif,raw,/mnt/engg-niulab/yuyao/sensors_raw_data/S2/prev2/ang20161008t204039-C/s2_prev2.tif,raw,/mnt/engg-niulab/yuyao/sensors_raw_data/S2/prev3/ang20161008t204039-C/s2_prev3.tif,raw,/mnt/engg-niulab/yuyao/sensors_raw_data/S2/product_crops/6c0dfabf-398f-4074-89f8-5c879654a2fd/ang20161008t204039-C/prev3.tif,raw,/mnt/engg-niulab/yuyao/sensors_raw_data/S2/seasonal/ang20161008t204039-C/s2_-90.tif,raw,/mnt/engg-niulab/yuyao/sensors_raw_data/S2/year/ang20161008t204039-C/s2_-360.tif,raw,1,1,raw+raw+raw+raw+raw+raw,,,,,,,,,local_exact,,318.0,0.6574140431985143,S2A_MSIL2A_20161009T184302_N0500_R070_T11SLV_20230926T052457.SAFE,76499ef0-4674-4a27-87ae-56f8e18bf56e,,,,,,,,,local_exact,,318.0,0.6574140431985143,S2A_MSIL2A_20161006T184422_N0500_R027_T11SLV_20230922T114844.SAFE,81af311b-7d6a-46d0-87d7-2c247a84c266,,,,,,,,,local_exact,,318.0,0.6574140431985143,S2A_MSIL2A_20160929T185422_N0500_R070_T11SLV_20231002T061036.SAFE,89b2d664-1aa2-46e6-a418-92d7003edb89,,,,,,,,,local_exact,,318.0,0.6574140431985143,S2A_MSIL2A_20160926T183122_N0500_R027_T11SLV_20230929T205418.SAFE,6c0dfabf-398f-4074-89f8-5c879654a2fd,,,,,,,,,local_exact,,318.0,0.6574140431985143,S2A_MSIL2A_20160708T182922_N0500_R027_T11SLV_20231002T152346.SAFE,161f51ce-6635-4a63-ad73-67e3d79198b7,,,,,,,,,local_exact,,318.0,0.6574140431985143,S2A_MSIL2A_20150922T184436_N0500_R027_T11SLV_20231017T001227.SAFE,9d16c59c-4931-447b-a9c1-62574a67fb72
ang20161008t204039-G,2016-10-08T20:40:39+00,35.52244,-119.07365,"[-119.0753186878511, 35.52067821956862, -119.07150720022963, 35.52380732637265]",S2,2016-10-09T18:43:02.026000Z,76499ef0-4674-4a27-87ae-56f8e18bf56e,S2A_MSIL2A_20161009T184302_N0500_R070_T11SLV_20230926T052457.SAFE,S2|R070|20161009T1840,/mnt/engg-niulab/yuyao/sensors_raw_data/S2/prev1/ang20161008t204039-G/s2_-7.tif,,s2_download_manifest:downloaded,available,0,,expected,prev1,t0_24h_window,2016-10-06T18:44:22.026000Z,81af311b-7d6a-46d0-87d7-2c247a84c266,S2A_MSIL2A_20161006T184422_N0500_R027_T11SLV_20230922T114844.SAFE,S2|R027|20161006T1840,/mnt/engg-niulab/yuyao/sensors_raw_data/S2/prev2/ang20161008t204039-G/s2_prev2.tif,,s2_download_manifest:downloaded,available,0,,expected,prev2,,2016-09-29T18:54:22.026000Z,89b2d664-1aa2-46e6-a418-92d7003edb89,S2A_MSIL2A_20160929T185422_N0500_R070_T11SLV_20231002T061036.SAFE,S2|R070|20160929T1850,/mnt/engg-niulab/yuyao/sensors_raw_data/S2/prev3/ang20161008t204039-G/s2_prev3.tif,,s2_download_manifest:downloaded,available,0,,expected,prev3,,2016-09-26T18:31:22.026000Z,6c0dfabf-398f-4074-89f8-5c879654a2fd,S2A_MSIL2A_20160926T183122_N0500_R027_T11SLV_20230929T205418.SAFE,S2|R027|20160926T1830,/mnt/engg-niulab/yuyao/sensors_raw_data/S2/product_crops/6c0dfabf-398f-4074-89f8-5c879654a2fd/ang20161008t204039-G/prev3.tif,,download_s2_missing_from_clean_table,available,0,,expected,product_crops,,2016-07-08T18:29:22.026000+00:00,161f51ce-6635-4a63-ad73-67e3d79198b7,S2A_MSIL2A_20160708T182922_N0500_R027_T11SLV_20231002T152346.SAFE,S2|R027|20160708T1820,/mnt/engg-niulab/yuyao/sensors_raw_data/S2/seasonal/ang20161008t204039-G/s2_-90.tif,,master:downloaded_path,available,0,,expected,,kept,2015-09-22T18:44:36.027000+00:00,9d16c59c-4931-447b-a9c1-62574a67fb72,S2A_MSIL2A_20150922T184436_N0500_R027_T11SLV_20231017T001227.SAFE,S2|R027|20150922T1840,/mnt/engg-niulab/yuyao/sensors_raw_data/S2/year/ang20161008t204039-G/s2_-360.tif,,master:downloaded_path,available,0,,expected,,kept,,,,,,/mnt/engg-niulab/yuyao/sensors_raw_data/S2/prev1/ang20161008t204039-G/s2_-7.tif,raw,/mnt/engg-niulab/yuyao/sensors_raw_data/S2/prev2/ang20161008t204039-G/s2_prev2.tif,raw,/mnt/engg-niulab/yuyao/sensors_raw_data/S2/prev3/ang20161008t204039-G/s2_prev3.tif,raw,/mnt/engg-niulab/yuyao/sensors_raw_data/S2/product_crops/6c0dfabf-398f-4074-89f8-5c879654a2fd/ang20161008t204039-G/prev3.tif,raw,/mnt/engg-niulab/yuyao/sensors_raw_data/S2/seasonal/ang20161008t204039-G/s2_-90.tif,raw,/mnt/engg-niulab/yuyao/sensors_raw_data/S2/year/ang20161008t204039-G/s2_-360.tif,raw,1,1,raw+raw+raw+raw+raw+raw,,,,,,,,,local_exact,,342.0,0.6561967563648068,S2A_MSIL2A_20161009T184302_N0500_R070_T11SLV_20230926T052457.SAFE,76499ef0-4674-4a27-87ae-56f8e18bf56e,,,,,,,,,local_exact,,342.0,0.6561967563648068,S2A_MSIL2A_20161006T184422_N0500_R027_T11SLV_20230922T114844.SAFE,81af311b-7d6a-46d0-87d7-2c247a84c266,,,,,,,,,local_exact,,342.0,0.6561967563648068,S2A_MSIL2A_20160929T185422_N0500_R070_T11SLV_20231002T061036.SAFE,89b2d664-1aa2-46e6-a418-92d7003edb89,,,,,,,,,local_exact,,342.0,0.6561967563648068,S2A_MSIL2A_20160926T183122_N0500_R027_T11SLV_20230929T205418.SAFE,6c0dfabf-398f-4074-89f8-5c879654a2fd,,,,,,,,,local_exact,,342.0,0.6561967563648068,S2A_MSIL2A_20160708T182922_N0500_R027_T11SLV_20231002T152346.SAFE,161f51ce-6635-4a63-ad73-67e3d79198b7,,,,,,,,,local_exact,,342.0,0.6561967563648068,S2A_MSIL2A_20150922T184436_N0500_R027_T11SLV_20231017T001227.SAFE,9d16c59c-4931-447b-a9c1-62574a67fb72
ang20161008t204039-I,2016-10-08T20:40:39+00,35.511695,-119.074463,"[-119.07585081488813, 35.50922936353812, -119.07203986741507, 35.51235847313052]",S2,2016-10-09T18:43:02.026000Z,76499ef0-4674-4a27-87ae-56f8e18bf56e,S2A_MSIL2A_20161009T184302_N0500_R070_T11SLV_20230926T052457.SAFE,S2|R070|20161009T1840,/mnt/engg-niulab/yuyao/sensors_raw_data/S2/prev1/ang20161008t204039-I/s2_-7.tif,,s2_download_manifest:downloaded,available,0,,expected,prev1,t0_24h_window,2016-10-06T18:44:22.026000Z,81af311b-7d6a-46d0-87d7-2c247a84c266,S2A_MSIL2A_20161006T184422_N0500_R027_T11SLV_20230922T114844.SAFE,S2|R027|20161006T1840,/mnt/engg-niulab/yuyao/sensors_raw_data/S2/prev2/ang20161008t204039-I/s2_prev2.tif,,s2_download_manifest:downloaded,available,0,,expected,prev2,,2016-09-29T18:54:22.026000Z,89b2d664-1aa2-46e6-a418-92d7003edb89,S2A_MSIL2A_20160929T185422_N0500_R070_T11SLV_20231002T061036.SAFE,S2|R070|20160929T1850,/mnt/engg-niulab/yuyao/sensors_raw_data/S2/prev3/ang20161008t204039-I/s2_prev3.tif,,s2_download_manifest:downloaded,available,0,,expected,prev3,,2016-09-26T18:31:22.026000Z,6c0dfabf-398f-4074-89f8-5c879654a2fd,S2A_MSIL2A_20160926T183122_N0500_R027_T11SLV_20230929T205418.SAFE,S2|R027|20160926T1830,/mnt/engg-niulab/yuyao/sensors_raw_data/S2/product_crops/6c0dfabf-398f-4074-89f8-5c879654a2fd/ang20161008t204039-I/prev3.tif,,download_s2_missing_from_clean_table,available,0,,expected,product_crops,,2016-07-08T18:29:22.026000+00:00,161f51ce-6635-4a63-ad73-67e3d79198b7,S2A_MSIL2A_20160708T182922_N0500_R027_T11SLV_20231002T152346.SAFE,S2|R027|20160708T1820,/mnt/engg-niulab/yuyao/sensors_raw_data/S2/seasonal/ang20161008t204039-I/s2_-90.tif,,master:downloaded_path,available,0,,expected,,kept,2015-09-22T18:44:36.027000+00:00,9d16c59c-4931-447b-a9c1-62574a67fb72,S2A_MSIL2A_20150922T184436_N0500_R027_T11SLV_20231017T001227.SAFE,S2|R027|20150922T1840,/mnt/engg-niulab/yuyao/sensors_raw_data/S2/year/ang20161008t204039-I/s2_-360.tif,,master:downloaded_path,available,0,,expected,,kept,,,,,,/mnt/engg-niulab/yuyao/sensors_raw_data/S2/prev1/ang20161008t204039-I/s2_-7.tif,raw,/mnt/engg-niulab/yuyao/sensors_raw_data/S2/prev2/ang20161008t204039-I/s2_prev2.tif,raw,/mnt/engg-niulab/yuyao/sensors_raw_data/S2/prev3/ang20161008t204039-I/s2_prev3.tif,raw,/mnt/engg-niulab/yuyao/sensors_raw_data/S2/product_crops/6c0dfabf-398f-4074-89f8-5c879654a2fd/ang20161008t204039-I/prev3.tif,raw,/mnt/engg-niulab/yuyao/sensors_raw_data/S2/seasonal/ang20161008t204039-I/s2_-90.tif,raw,/mnt/engg-niulab/yuyao/sensors_raw_data/S2/year/ang20161008t204039-I/s2_-360.tif,raw,1,1,raw+raw+raw+raw+raw+raw,,,,,,,,,local_exact,,337.0,0.7156529987241811,S2A_MSIL2A_20161009T184302_N0500_R070_T11SLV_20230926T052457.SAFE,76499ef0-4674-4a27-87ae-56f8e18bf56e,,,,,,,,,local_exact,,337.0,0.7156529987241811,S2A_MSIL2A_20161006T184422_N0500_R027_T11SLV_20230922T114844.SAFE,81af311b-7d6a-46d0-87d7-2c247a84c266,,,,,,,,,local_exact,,337.0,0.7156529987241811,S2A_MSIL2A_20160929T185422_N0500_R070_T11SLV_20231002T061036.SAFE,89b2d664-1aa2-46e6-a418-92d7003edb89,,,,,,,,,local_exact,,337.0,0.7156529987241811,S2A_MSIL2A_20160926T183122_N0500_R027_T11SLV_20230929T205418.SAFE,6c0dfabf-398f-4074-89f8-5c879654a2fd,,,,,,,,,local_exact,,337.0,0.7156529987241811,S2A_MSIL2A_20160708T182922_N0500_R027_T11SLV_20231002T152346.SAFE,161f51ce-6635-4a63-ad73-67e3d79198b7,,,,,,,,,local_exact,,337.0,0.7156529987241811,S2A_MSIL2A_20150922T184436_N0500_R027_T11SLV_20231017T001227.SAFE,9d16c59c-4931-447b-a9c1-62574a67fb72
ang20161008t204039-J,2016-10-08T20:40:39+00,35.518333,-119.078181,"[-119.0800480041025, 35.51678357069989, -119.07623662458037, 35.51988576550547]",S2,2016-10-09T18:43:02.026000Z,76499ef0-4674-4a27-87ae-56f8e18bf56e,S2A_MSIL2A_20161009T184302_N0500_R070_T11SLV_20230926T052457.SAFE,S2|R070|20161009T1840,/mnt/engg-niulab/yuyao/sensors_raw_data/S2/prev1/ang20161008t204039-J/s2_-7.tif,,s2_download_manifest:downloaded,available,0,,expected,prev1,t0_24h_window,2016-10-06T18:44:22.026000Z,81af311b-7d6a-46d0-87d7-2c247a84c266,S2A_MSIL2A_20161006T184422_N0500_R027_T11SLV_20230922T114844.SAFE,S2|R027|20161006T1840,/mnt/engg-niulab/yuyao/sensors_raw_data/S2/prev2/ang20161008t204039-J/s2_prev2.tif,,s2_download_manifest:downloaded,available,0,,expected,prev2,,2016-09-29T18:54:22.026000Z,89b2d664-1aa2-46e6-a418-92d7003edb89,S2A_MSIL2A_20160929T185422_N0500_R070_T11SLV_20231002T061036.SAFE,S2|R070|20160929T1850,/mnt/engg-niulab/yuyao/sensors_raw_data/S2/prev3/ang20161008t204039-J/s2_prev3.tif,,s2_download_manifest:downloaded,available,0,,expected,prev3,,2016-09-26T18:31:22.026000Z,6c0dfabf-398f-4074-89f8-5c879654a2fd,S2A_MSIL2A_20160926T183122_N0500_R027_T11SLV_20230929T205418.SAFE,S2|R027|20160926T1830,/mnt/engg-niulab/yuyao/sensors_raw_data/S2/product_crops/6c0dfabf-398f-4074-89f8-5c879654a2fd/ang20161008t204039-J/prev3.tif,,download_s2_missing_from_clean_table,available,0,,expected,product_crops,,2016-07-08T18:29:22.026000+00:00,161f51ce-6635-4a63-ad73-67e3d79198b7,S2A_MSIL2A_20160708T182922_N0500_R027_T11SLV_20231002T152346.SAFE,S2|R027|20160708T1820,/mnt/engg-niulab/yuyao/sensors_raw_data/S2/seasonal/ang20161008t204039-J/s2_-90.tif,,master:downloaded_path,available,0,,expected,,kept,2015-09-22T18:44:36.027000+00:00,9d16c59c-4931-447b-a9c1-62574a67fb72,S2A_MSIL2A_20150922T184436_N0500_R027_T11SLV_20231017T001227.SAFE,S2|R027|20150922T1840,/mnt/engg-niulab/yuyao/sensors_raw_data/S2/year/ang20161008t204039-J/s2_-360.tif,,master:downloaded_path,available,0,,expected,,kept,,,,,,/mnt/engg-niulab/yuyao/sensors_raw_data/S2/prev1/ang20161008t204039-J/s2_-7.tif,raw,/mnt/engg-niulab/yuyao/sensors_raw_data/S2/prev2/ang20161008t204039-J/s2_prev2.tif,raw,/mnt/engg-niulab/yuyao/sensors_raw_data/S2/prev3/ang20161008t204039-J/s2_prev3.tif,raw,/mnt/engg-niulab/yuyao/sensors_raw_data/S2/product_crops/6c0dfabf-398f-4074-89f8-5c879654a2fd/ang20161008t204039-J/prev3.tif,raw,/mnt/engg-niulab/yuyao/sensors_raw_data/S2/seasonal/ang20161008t204039-J/s2_-90.tif,raw,/mnt/engg-niulab/yuyao/sensors_raw_data/S2/year/ang20161008t204039-J/s2_-360.tif,raw,1,1,raw+raw+raw+raw+raw+raw,,,,,,,,,local_exact,,321.0,0.6307259302993771,S2A_MSIL2A_20161009T184302_N0500_R070_T11SLV_20230926T052457.SAFE,76499ef0-4674-4a27-87ae-56f8e18bf56e,,,,,,,,,local_exact,,321.0,0.6307259302993771,S2A_MSIL2A_20161006T184422_N0500_R027_T11SLV_20230922T114844.SAFE,81af311b-7d6a-46d0-87d7-2c247a84c266,,,,,,,,,local_exact,,321.0,0.6307259302993771,S2A_MSIL2A_20160929T185422_N0500_R070_T11SLV_20231002T061036.SAFE,89b2d664-1aa2-46e6-a418-92d7003edb89,,,,,,,,,local_exact,,321.0,0.6307259302993771,S2A_MSIL2A_20160926T183122_N0500_R027_T11SLV_20230929T205418.SAFE,6c0dfabf-398f-4074-89f8-5c879654a2fd,,,,,,,,,local_exact,,321.0,0.6307259302993771,S2A_MSIL2A_20160708T182922_N0500_R027_T11SLV_20231002T152346.SAFE,161f51ce-6635-4a63-ad73-67e3d79198b7,,,,,,,,,local_exact,,321.0,0.6307259302993771,S2A_MSIL2A_20150922T184436_N0500_R027_T11SLV_20231017T001227.SAFE,9d16c59c-4931-447b-a9c1-62574a67fb72
ang20161008t204039-K,2016-10-08T20:40:39+00,35.534,-119.083153,"[-119.08506177547244, 35.53234015960312, -119.08058659648364, 35.53598192218326]",S2,2016-10-09T18:43:02.026000Z,76499ef0-4674-4a27-87ae-56f8e18bf56e,S2A_MSIL2A_20161009T184302_N0500_R070_T11SLV_20230926T052457.SAFE,S2|R070|20161009T1840,/mnt/engg-niulab/yuyao/sensors_raw_data/S2/prev1/ang20161008t204039-K/s2_-7.tif,,s2_download_manifest:downloaded,available,0,,expected,prev1,t0_24h_window,2016-10-06T18:44:22.026000Z,81af311b-7d6a-46d0-87d7-2c247a84c266,S2A_MSIL2A_20161006T184422_N0500_R027_T11SLV_20230922T114844.SAFE,S2|R027|20161006T1840,/mnt/engg-niulab/yuyao/sensors_raw_data/S2/prev2/ang20161008t204039-K/s2_prev2.tif,,s2_download_manifest:downloaded,available,0,,expected,prev2,,2016-09-29T18:54:22.026000Z,89b2d664-1aa2-46e6-a418-92d7003edb89,S2A_MSIL2A_20160929T185422_N0500_R070_T11SLV_20231002T061036.SAFE,S2|R070|20160929T1850,/mnt/engg-niulab/yuyao/sensors_raw_data/S2/prev3/ang20161008t204039-K/s2_prev3.tif,,s2_download_manifest:downloaded,available,0,,expected,prev3,,2016-09-26T18:31:22.026000Z,6c0dfabf-398f-4074-89f8-5c879654a2fd,S2A_MSIL2A_20160926T183122_N0500_R027_T11SLV_20230929T205418.SAFE,S2|R027|20160926T1830,/mnt/engg-niulab/yuyao/sensors_raw_data/S2/product_crops/6c0dfabf-398f-4074-89f8-5c879654a2fd/ang20161008t204039-K/prev3.tif,,download_s2_missing_from_clean_table,available,0,,expected,product_crops,,2016-07-08T18:29:22.026000+00:00,161f51ce-6635-4a63-ad73-67e3d79198b7,S2A_MSIL2A_20160708T182922_N0500_R027_T11SLV_20231002T152346.SAFE,S2|R027|20160708T1820,/mnt/engg-niulab/yuyao/sensors_raw_data/S2/seasonal/ang20161008t204039-K/s2_-90.tif,,master:downloaded_path,available,0,,expected,,kept,2015-09-22T18:44:36.027000+00:00,9d16c59c-4931-447b-a9c1-62574a67fb72,S2A_MSIL2A_20150922T184436_N0500_R027_T11SLV_20231017T001227.SAFE,S2|R027|20150922T1840,/mnt/engg-niulab/yuyao/sensors_raw_data/S2/year/ang20161008t204039-K/s2_-360.tif,,master:downloaded_path,available,0,,expected,,kept,,,,,,/mnt/engg-niulab/yuyao/sensors_raw_data/S2/prev1/ang20161008t204039-K/s2_-7.tif,raw,/mnt/engg-niulab/yuyao/sensors_raw_data/S2/prev2/ang20161008t204039-K/s2_prev2.tif,raw,/mnt/engg-niulab/yuyao/sensors_raw_data/S2/prev3/ang20161008t204039-K/s2_prev3.tif,raw,/mnt/engg-niulab/yuyao/sensors_raw_data/S2/product_crops/6c0dfabf-398f-4074-89f8-5c879654a2fd/ang20161008t204039-K/prev3.tif,raw,/mnt/engg-niulab/yuyao/sensors_raw_data/S2/seasonal/ang20161008t204039-K/s2_-90.tif,raw,/mnt/engg-niulab/yuyao/sensors_raw_data/S2/year/ang20161008t204039-K/s2_-360.tif,raw,1,1,raw+raw+raw+raw+raw+raw,,,,,,,,,local_exact,,300.0,0.9923369214229751,S2A_MSIL2A_20161009T184302_N0500_R070_T11SLV_20230926T052457.SAFE,76499ef0-4674-4a27-87ae-56f8e18bf56e,,,,,,,,,local_exact,,300.0,0.9923369214229751,S2A_MSIL2A_20161006T184422_N0500_R027_T11SLV_20230922T114844.SAFE,81af311b-7d6a-46d0-87d7-2c247a84c266,,,,,,,,,local_exact,,300.0,0.9923369214229751,S2A_MSIL2A_20160929T185422_N0500_R070_T11SLV_20231002T061036.SAFE,89b2d664-1aa2-46e6-a418-92d7003edb89,,,,,,,,,local_exact,,300.0,0.9923369214229751,S2A_MSIL2A_20160926T183122_N0500_R027_T11SLV_20230929T205418.SAFE,6c0dfabf-398f-4074-89f8-5c879654a2fd,,,,,,,,,local_exact,,300.0,0.9923369214229751,S2A_MSIL2A_20160708T182922_N0500_R027_T11SLV_20231002T152346.SAFE,161f51ce-6635-4a63-ad73-67e3d79198b7,,,,,,,,,local_exact,,300.0,0.9923369214229751,S2A_MSIL2A_20150922T184436_N0500_R027_T11SLV_20231017T001227.SAFE,9d16c59c-4931-447b-a9c1-62574a67fb72
ang20161008t204039-L,2016-10-08T20:40:39+00,35.511072,-119.078294,"[-119.08018748534786, 35.50937105265772, -119.07637645514062, 35.512473249560756]",S2,2016-10-09T18:43:02.026000Z,76499ef0-4674-4a27-87ae-56f8e18bf56e,S2A_MSIL2A_20161009T184302_N0500_R070_T11SLV_20230926T052457.SAFE,S2|R070|20161009T1840,/mnt/engg-niulab/yuyao/sensors_raw_data/S2/prev1/ang20161008t204039-L/s2_-7.tif,,s2_download_manifest:downloaded,available,0,,expected,prev1,t0_24h_window,2016-10-06T18:44:22.026000Z,81af311b-7d6a-46d0-87d7-2c247a84c266,S2A_MSIL2A_20161006T184422_N0500_R027_T11SLV_20230922T114844.SAFE,S2|R027|20161006T1840,/mnt/engg-niulab/yuyao/sensors_raw_data/S2/prev2/ang20161008t204039-L/s2_prev2.tif,,s2_download_manifest:downloaded,available,0,,expected,prev2,,2016-09-29T18:54:22.026000Z,89b2d664-1aa2-46e6-a418-92d7003edb89,S2A_MSIL2A_20160929T185422_N0500_R070_T11SLV_20231002T061036.SAFE,S2|R070|20160929T1850,/mnt/engg-niulab/yuyao/sensors_raw_data/S2/prev3/ang20161008t204039-L/s2_prev3.tif,,s2_download_manifest:downloaded,available,0,,expected,prev3,,2016-09-26T18:31:22.026000Z,6c0dfabf-398f-4074-89f8-5c879654a2fd,S2A_MSIL2A_20160926T183122_N0500_R027_T11SLV_20230929T205418.SAFE,S2|R027|20160926T1830,/mnt/engg-niulab/yuyao/sensors_raw_data/S2/product_crops/6c0dfabf-398f-4074-89f8-5c879654a2fd/ang20161008t204039-L/prev3.tif,,download_s2_missing_from_clean_table,available,0,,expected,product_crops,,2016-07-08T18:29:22.026000+00:00,161f51ce-6635-4a63-ad73-67e3d79198b7,S2A_MSIL2A_20160708T182922_N0500_R027_T11SLV_20231002T152346.SAFE,S2|R027|20160708T1820,/mnt/engg-niulab/yuyao/sensors_raw_data/S2/seasonal/ang20161008t204039-L/s2_-90.tif,,master:downloaded_path,available,0,,expected,,kept,2015-09-22T18:44:36.027000+00:00,9d16c59c-4931-447b-a9c1-62574a67fb72,S2A_MSIL2A_20150922T184436_N0500_R027_T11SLV_20231017T001227.SAFE,S2|R027|20150922T1840,/mnt/engg-niulab/yuyao/sensors_raw_data/S2/year/ang20161008t204039-L/s2_-360.tif,,master:downloaded_path,available,0,,expected,,kept,,,,,,/mnt/engg-niulab/yuyao/sensors_raw_data/S2/prev1/ang20161008t204039-L/s2_-7.tif,raw,/mnt/engg-niulab/yuyao/sensors_raw_data/S2/prev2/ang20161008t204039-L/s2_prev2.tif,raw,/mnt/engg-niulab/yuyao/sensors_raw_data/S2/prev3/ang20161008t204039-L/s2_prev3.tif,raw,/mnt/engg-niulab/yuyao/sensors_raw_data/S2/product_crops/6c0dfabf-398f-4074-89f8-5c879654a2fd/ang20161008t204039-L/prev3.tif,raw,/mnt/engg-niulab/yuyao/sensors_raw_data/S2/seasonal/ang20161008t204039-L/s2_-90.tif,raw,/mnt/engg-niulab/yuyao/sensors_raw_data/S2/year/ang20161008t204039-L/s2_-360.tif,raw,1,1,raw+raw+raw+raw+raw+raw,,,,,,,,,local_exact,,320.0,0.6272991307196207,S2A_MSIL2A_20161009T184302_N0500_R070_T11SLV_20230926T052457.SAFE,76499ef0-4674-4a27-87ae-56f8e18bf56e,,,,,,,,,local_exact,,320.0,0.6272991307196207,S2A_MSIL2A_20161006T184422_N0500_R027_T11SLV_20230922T114844.SAFE,81af311b-7d6a-46d0-87d7-2c247a84c266,,,,,,,,,local_exact,,320.0,0.6272991307196207,S2A_MSIL2A_20160929T185422_N0500_R070_T11SLV_20231002T061036.SAFE,89b2d664-1aa2-46e6-a418-92d7003edb89,,,,,,,,,local_exact,,320.0,0.6272991307196207,S2A_MSIL2A_20160926T183122_N0500_R027_T11SLV_20230929T205418.SAFE,6c0dfabf-398f-4074-89f8-5c879654a2fd,,,,,,,,,local_exact,,320.0,0.6272991307196207,S2A_MSIL2A_20160708T182922_N0500_R027_T11SLV_20231002T152346.SAFE,161f51ce-6635-4a63-ad73-67e3d79198b7,,,,,,,,,local_exact,,320.0,0.6272991307196207,S2A_MSIL2A_20150922T184436_N0500_R027_T11SLV_20231017T001227.SAFE,9d16c59c-4931-447b-a9c1-62574a67fb72
ang20161008t205502-L,2016-10-08T20:55:02+00,35.534,-119.083153,"[-119.0841518103433, 35.53205395958197, -119.08003695480471, 35.53538543598324]",S2,2016-10-09T18:43:02.026000Z,76499ef0-4674-4a27-87ae-56f8e18bf56e,S2A_MSIL2A_20161009T184302_N0500_R070_T11SLV_20230926T052457.SAFE,S2|R070|20161009T1840,/mnt/engg-niulab/yuyao/sensors_raw_data/S2/prev1/ang20161008t205502-L/s2_-7.tif,,s2_download_manifest:downloaded,available,0,,expected,prev1,t0_24h_window,2016-10-06T18:44:22.026000Z,81af311b-7d6a-46d0-87d7-2c247a84c266,S2A_MSIL2A_20161006T184422_N0500_R027_T11SLV_20230922T114844.SAFE,S2|R027|20161006T1840,/mnt/engg-niulab/yuyao/sensors_raw_data/S2/prev2/ang20161008t205502-L/s2_prev2.tif,,s2_download_manifest:downloaded,available,0,,expected,prev2,,2016-09-29T18:54:22.026000Z,89b2d664-1aa2-46e6-a418-92d7003edb89,S2A_MSIL2A_20160929T185422_N0500_R070_T11SLV_20231002T061036.SAFE,S2|R070|20160929T1850,/mnt/engg-niulab/yuyao/sensors_raw_data/S2/prev3/ang20161008t205502-L/s2_prev3.tif,,s2_download_manifest:downloaded,available,0,,expected,prev3,,2016-09-26T18:31:22.026000Z,6c0dfabf-398f-4074-89f8-5c879654a2fd,S2A_MSIL2A_20160926T183122_N0500_R027_T11SLV_20230929T205418.SAFE,S2|R027|20160926T1830,/mnt/engg-niulab/yuyao/sensors_raw_data/S2/product_crops/6c0dfabf-398f-4074-89f8-5c879654a2fd/ang20161008t205502-L/prev3.tif,,download_s2_missing_from_clean_table,available,0,,expected,product_crops,,2016-07-08T18:29:22.026000+00:00,161f51ce-6635-4a63-ad73-67e3d79198b7,S2A_MSIL2A_20160708T182922_N0500_R027_T11SLV_20231002T152346.SAFE,S2|R027|20160708T1820,/mnt/engg-niulab/yuyao/sensors_raw_data/S2/seasonal/ang20161008t205502-L/s2_-90.tif,,master:downloaded_path,available,0,,expected,,kept,2015-09-22T18:44:36.027000+00:00,9d16c59c-4931-447b-a9c1-62574a67fb72,S2A_MSIL2A_20150922T184436_N0500_R027_T11SLV_20231017T001227.SAFE,S2|R027|20150922T1840,/mnt/engg-niulab/yuyao/sensors_raw_data/S2/year/ang20161008t205502-L/s2_-360.tif,,master:downloaded_path,available,0,,expected,,kept,,,,,,/mnt/engg-niulab/yuyao/sensors_raw_data/S2/prev1/ang20161008t205502-L/s2_-7.tif,raw,/mnt/engg-niulab/yuyao/sensors_raw_data/S2/prev2/ang20161008t205502-L/s2_prev2.tif,raw,/mnt/engg-niulab/yuyao/sensors_raw_data/S2/prev3/ang20161008t205502-L/s2_prev3.tif,raw,/mnt/engg-niulab/yuyao/sensors_raw_data/S2/product_crops/6c0dfabf-398f-4074-89f8-5c879654a2fd/ang20161008t205502-L/prev3.tif,raw,/mnt/engg-niulab/yuyao/sensors_raw_data/S2/seasonal/ang20161008t205502-L/s2_-90.tif,raw,/mnt/engg-niulab/yuyao/sensors_raw_data/S2/year/ang20161008t205502-L/s2_-360.tif,raw,1,1,raw+raw+raw+raw+raw+raw,,,,,,,,,local_exact,,300.0,0.9923369214229751,S2A_MSIL2A_20161009T184302_N0500_R070_T11SLV_20230926T052457.SAFE,76499ef0-4674-4a27-87ae-56f8e18bf56e,,,,,,,,,local_exact,,300.0,0.9923369214229751,S2A_MSIL2A_20161006T184422_N0500_R027_T11SLV_20230922T114844.SAFE,81af311b-7d6a-46d0-87d7-2c247a84c266,,,,,,,,,local_exact,,300.0,0.9923369214229751,S2A_MSIL2A_20160929T185422_N0500_R070_T11SLV_20231002T061036.SAFE,89b2d664-1aa2-46e6-a418-92d7003edb89,,,,,,,,,local_exact,,300.0,0.9923369214229751,S2A_MSIL2A_20160926T183122_N0500_R027_T11SLV_20230929T205418.SAFE,6c0dfabf-398f-4074-89f8-5c879654a2fd,,,,,,,,,local_exact,,300.0,0.9923369214229751,S2A_MSIL2A_20160708T182922_N0500_R027_T11SLV_20231002T152346.SAFE,161f51ce-6635-4a63-ad73-67e3d79198b7,,,,,,,,,local_exact,,300.0,0.9923369214229751,S2A_MSIL2A_20150922T184436_N0500_R027_T11SLV_20231017T001227.SAFE,9d16c59c-4931-447b-a9c1-62574a67fb72
ang20161008t211115-B,2016-10-08T21:11:15+00,35.50196,-119.07846,"[-119.07963250954819, 35.500950124977685, -119.07706995598, 35.503018303905]",S2,2016-10-09T18:43:02.026000Z,76499ef0-4674-4a27-87ae-56f8e18bf56e,S2A_MSIL2A_20161009T184302_N0500_R070_T11SLV_20230926T052457.SAFE,S2|R070|20161009T1840,/mnt/engg-niulab/yuyao/sensors_raw_data/S2/prev1/ang20161008t211115-B/s2_-7.tif,,s2_download_manifest:downloaded,available,0,,expected,prev1,t0_24h_window,2016-10-06T18:44:22.026000Z,81af311b-7d6a-46d0-87d7-2c247a84c266,S2A_MSIL2A_20161006T184422_N0500_R027_T11SLV_20230922T114844.SAFE,S2|R027|20161006T1840,/mnt/engg-niulab/yuyao/sensors_raw_data/S2/prev2/ang20161008t211115-B/s2_prev2.tif,,s2_download_manifest:downloaded,available,0,,expected,prev2,,2016-09-29T18:54:22.026000Z,89b2d664-1aa2-46e6-a418-92d7003edb89,S2A_MSIL2A_20160929T185422_N0500_R070_T11SLV_20231002T061036.SAFE,S2|R070|20160929T1850,/mnt/engg-niulab/yuyao/sensors_raw_data/S2/prev3/ang20161008t211115-B/s2_prev3.tif,,s2_download_manifest:downloaded,available,0,,expected,prev3,,2016-09-26T18:31:22.026000Z,6c0dfabf-398f-4074-89f8-5c879654a2fd,S2A_MSIL2A_20160926T183122_N0500_R027_T11SLV_20230929T205418.SAFE,S2|R027|20160926T1830,/mnt/engg-niulab/yuyao/sensors_raw_data/S2/product_crops/6c0dfabf-398f-4074-89f8-5c879654a2fd/ang20161008t211115-B/prev3.tif,,download_s2_missing_from_clean_table,available,0,,expected,product_crops,,2016-07-08T18:29:22.026000+00:00,161f51ce-6635-4a63-ad73-67e3d79198b7,S2A_MSIL2A_20160708T182922_N0500_R027_T11SLV_20231002T152346.SAFE,S2|R027|20160708T1820,/mnt/engg-niulab/yuyao/sensors_raw_data/S2/seasonal/ang20161008t211115-B/s2_-90.tif,,master:downloaded_path,available,0,,expected,,kept,2015-09-22T18:44:36.027000+00:00,9d16c59c-4931-447b-a9c1-62574a67fb72,S2A_MSIL2A_20150922T184436_N0500_R027_T11SLV_20231017T001227.SAFE,S2|R027|20150922T1840,/mnt/engg-niulab/yuyao/sensors_raw_data/S2/year/ang20161008t211115-B/s2_-360.tif,,master:downloaded_path,available,0,,expected,,kept,,,,,,/mnt/engg-niulab/yuyao/sensors_raw_data/S2/prev1/ang20161008t211115-B/s2_-7.tif,raw,/mnt/engg-niulab/yuyao/sensors_raw_data/S2/prev2/ang20161008t211115-B/s2_prev2.tif,raw,/mnt/engg-niulab/yuyao/sensors_raw_data/S2/prev3/ang20161008t211115-B/s2_prev3.tif,raw,/mnt/engg-niulab/yuyao/sensors_raw_data/S2/product_crops/6c0dfabf-398f-4074-89f8-5c879654a2fd/ang20161008t211115-B/prev3.tif,raw,/mnt/engg-niulab/yuyao/sensors_raw_data/S2/seasonal/ang20161008t211115-B/s2_-90.tif,raw,/mnt/engg-niulab/yuyao/sensors_raw_data/S2/year/ang20161008t211115-B/s2_-360.tif,raw,1,1,raw+raw+raw+raw+raw+raw,,,,,,,,,local_exact,,318.0,0.45123470640101004,S2A_MSIL2A_20161009T184302_N0500_R070_T11SLV_20230926T052457.SAFE,76499ef0-4674-4a27-87ae-56f8e18bf56e,,,,,,,,,local_exact,,318.0,0.45123470640101004,S2A_MSIL2A_20161006T184422_N0500_R027_T11SLV_20230922T114844.SAFE,81af311b-7d6a-46d0-87d7-2c247a84c266,,,,,,,,,local_exact,,318.0,0.45123470640101004,S2A_MSIL2A_20160929T185422_N0500_R070_T11SLV_20231002T061036.SAFE,89b2d664-1aa2-46e6-a418-92d7003edb89,,,,,,,,,local_exact,,318.0,0.45123470640101004,S2A_MSIL2A_20160926T183122_N0500_R027_T11SLV_20230929T205418.SAFE,6c0dfabf-398f-4074-89f8-5c879654a2fd,,,,,,,,,local_exact,,318.0,0.45123470640101004,S2A_MSIL2A_20160708T182922_N0500_R027_T11SLV_20231002T152346.SAFE,161f51ce-6635-4a63-ad73-67e3d79198b7,,,,,,,,,local_exact,,318.0,0.45123470640101004,S2A_MSIL2A_20150922T184436_N0500_R027_T11SLV_20231017T001227.SAFE,9d16c59c-4931-447b-a9c1-62574a67fb72
ang20161008t211115-E,2016-10-08T21:11:15+00,35.52244,-119.07365,"[-119.07453058390169, 35.521176883246945, -119.07198953666247, 35.52324501706152]",S2,2016-10-09T18:43:02.026000Z,76499ef0-4674-4a27-87ae-56f8e18bf56e,S2A_MSIL2A_20161009T184302_N0500_R070_T11SLV_20230926T052457.SAFE,S2|R070|20161009T1840,/mnt/engg-niulab/yuyao/sensors_raw_data/S2/prev1/ang20161008t211115-E/s2_-7.tif,,s2_download_manifest:downloaded,available,0,,expected,prev1,t0_24h_window,2016-10-06T18:44:22.026000Z,81af311b-7d6a-46d0-87d7-2c247a84c266,S2A_MSIL2A_20161006T184422_N0500_R027_T11SLV_20230922T114844.SAFE,S2|R027|20161006T1840,/mnt/engg-niulab/yuyao/sensors_raw_data/S2/prev2/ang20161008t211115-E/s2_prev2.tif,,s2_download_manifest:downloaded,available,0,,expected,prev2,,2016-09-29T18:54:22.026000Z,89b2d664-1aa2-46e6-a418-92d7003edb89,S2A_MSIL2A_20160929T185422_N0500_R070_T11SLV_20231002T061036.SAFE,S2|R070|20160929T1850,/mnt/engg-niulab/yuyao/sensors_raw_data/S2/prev3/ang20161008t211115-E/s2_prev3.tif,,s2_download_manifest:downloaded,available,0,,expected,prev3,,2016-09-26T18:31:22.026000Z,6c0dfabf-398f-4074-89f8-5c879654a2fd,S2A_MSIL2A_20160926T183122_N0500_R027_T11SLV_20230929T205418.SAFE,S2|R027|20160926T1830,/mnt/engg-niulab/yuyao/sensors_raw_data/S2/product_crops/6c0dfabf-398f-4074-89f8-5c879654a2fd/ang20161008t211115-E/prev3.tif,,download_s2_missing_from_clean_table,available,0,,expected,product_crops,,2016-07-08T18:29:22.026000+00:00,161f51ce-6635-4a63-ad73-67e3d79198b7,S2A_MSIL2A_20160708T182922_N0500_R027_T11SLV_20231002T152346.SAFE,S2|R027|20160708T1820,/mnt/engg-niulab/yuyao/sensors_raw_data/S2/seasonal/ang20161008t211115-E/s2_-90.tif,,master:downloaded_path,available,0,,expected,,kept,2015-09-22T18:44:36.027000+00:00,9d16c59c-4931-447b-a9c1-62574a67fb72,S2A_MSIL2A_20150922T184436_N0500_R027_T11SLV_20231017T001227.SAFE,S2|R027|20150922T1840,/mnt/engg-niulab/yuyao/sensors_raw_data/S2/year/ang20161008t211115-E/s2_-360.tif,,master:downloaded_path,available,0,,expected,,kept,,,,,,/mnt/engg-niulab/yuyao/sensors_raw_data/S2/prev1/ang20161008t211115-E/s2_-7.tif,raw,/mnt/engg-niulab/yuyao/sensors_raw_data/S2/prev2/ang20161008t211115-E/s2_prev2.tif,raw,/mnt/engg-niulab/yuyao/sensors_raw_data/S2/prev3/ang20161008t211115-E/s2_prev3.tif,raw,/mnt/engg-niulab/yuyao/sensors_raw_data/S2/product_crops/6c0dfabf-398f-4074-89f8-5c879654a2fd/ang20161008t211115-E/prev3.tif,raw,/mnt/engg-niulab/yuyao/sensors_raw_data/S2/seasonal/ang20161008t211115-E/s2_-90.tif,raw,/mnt/engg-niulab/yuyao/sensors_raw_data/S2/year/ang20161008t211115-E/s2_-360.tif,raw,1,1,raw+raw+raw+raw+raw+raw,,,,,,,,,local_exact,,342.0,0.6561967563648068,S2A_MSIL2A_20161009T184302_N0500_R070_T11SLV_20230926T052457.SAFE,76499ef0-4674-4a27-87ae-56f8e18bf56e,,,,,,,,,local_exact,,342.0,0.6561967563648068,S2A_MSIL2A_20161006T184422_N0500_R027_T11SLV_20230922T114844.SAFE,81af311b-7d6a-46d0-87d7-2c247a84c266,,,,,,,,,local_exact,,342.0,0.6561967563648068,S2A_MSIL2A_20160929T185422_N0500_R070_T11SLV_20231002T061036.SAFE,89b2d664-1aa2-46e6-a418-92d7003edb89,,,,,,,,,local_exact,,342.0,0.6561967563648068,S2A_MSIL2A_20160926T183122_N0500_R027_T11SLV_20230929T205418.SAFE,6c0dfabf-398f-4074-89f8-5c879654a2fd,,,,,,,,,local_exact,,342.0,0.6561967563648068,S2A_MSIL2A_20160708T182922_N0500_R027_T11SLV_20231002T152346.SAFE,161f51ce-6635-4a63-ad73-67e3d79198b7,,,,,,,,,local_exact,,342.0,0.6561967563648068,S2A_MSIL2A_20150922T184436_N0500_R027_T11SLV_20231017T001227.SAFE,9d16c59c-4931-447b-a9c1-62574a67fb72
ang20161008t211115-I,2016-10-08T21:11:15+00,35.51174696075647,-119.07429703130838,"[-119.07508520925539, 35.510169365425156, -119.07254450828121, 35.51223750098322]",S2,2016-10-09T18:43:02.026000Z,76499ef0-4674-4a27-87ae-56f8e18bf56e,S2A_MSIL2A_20161009T184302_N0500_R070_T11SLV_20230926T052457.SAFE,S2|R070|20161009T1840,/mnt/engg-niulab/yuyao/sensors_raw_data/S2/prev1/ang20161008t211115-I/s2_-7.tif,,s2_download_manifest:downloaded,available,0,,expected,prev1,t0_24h_window,2016-10-06T18:44:22.026000Z,81af311b-7d6a-46d0-87d7-2c247a84c266,S2A_MSIL2A_20161006T184422_N0500_R027_T11SLV_20230922T114844.SAFE,S2|R027|20161006T1840,/mnt/engg-niulab/yuyao/sensors_raw_data/S2/prev2/ang20161008t211115-I/s2_prev2.tif,,s2_download_manifest:downloaded,available,0,,expected,prev2,,2016-09-29T18:54:22.026000Z,89b2d664-1aa2-46e6-a418-92d7003edb89,S2A_MSIL2A_20160929T185422_N0500_R070_T11SLV_20231002T061036.SAFE,S2|R070|20160929T1850,/mnt/engg-niulab/yuyao/sensors_raw_data/S2/prev3/ang20161008t211115-I/s2_prev3.tif,,s2_download_manifest:downloaded,available,0,,expected,prev3,,2016-09-26T18:31:22.026000Z,6c0dfabf-398f-4074-89f8-5c879654a2fd,S2A_MSIL2A_20160926T183122_N0500_R027_T11SLV_20230929T205418.SAFE,S2|R027|20160926T1830,/mnt/engg-niulab/yuyao/sensors_raw_data/S2/product_crops/6c0dfabf-398f-4074-89f8-5c879654a2fd/ang20161008t211115-I/prev3.tif,,download_s2_missing_from_clean_table,available,0,,expected,product_crops,,2016-07-08T18:29:22.026000+00:00,161f51ce-6635-4a63-ad73-67e3d79198b7,S2A_MSIL2A_20160708T182922_N0500_R027_T11SLV_20231002T152346.SAFE,S2|R027|20160708T1820,/mnt/engg-niulab/yuyao/sensors_raw_data/S2/seasonal/ang20161008t211115-I/s2_-90.tif,,master:downloaded_path,available,0,,expected,,kept,2015-09-22T18:44:36.027000+00:00,9d16c59c-4931-447b-a9c1-62574a67fb72,S2A_MSIL2A_20150922T184436_N0500_R027_T11SLV_20231017T001227.SAFE,S2|R027|20150922T1840,/mnt/engg-niulab/yuyao/sensors_raw_data/S2/year/ang20161008t211115-I/s2_-360.tif,,master:downloaded_path,available,0,,expected,,kept,,,,,,/mnt/engg-niulab/yuyao/sensors_raw_data/S2/prev1/ang20161008t211115-I/s2_-7.tif,raw,/mnt/engg-niulab/yuyao/sensors_raw_data/S2/prev2/ang20161008t211115-I/s2_prev2.tif,raw,/mnt/engg-niulab/yuyao/sensors_raw_data/S2/prev3/ang20161008t211115-I/s2_prev3.tif,raw,/mnt/engg-niulab/yuyao/sensors_raw_data/S2/product_crops/6c0dfabf-398f-4074-89f8-5c879654a2fd/ang20161008t211115-I/prev3.tif,raw,/mnt/engg-niulab/yuyao/sensors_raw_data/S2/seasonal/ang20161008t211115-I/s2_-90.tif,raw,/mnt/engg-niulab/yuyao/sensors_raw_data/S2/year/ang20161008t211115-I/s2_-360.tif,raw,1,1,raw+raw+raw+raw+raw+raw,,,,,,,,,local_exact,,338.0,0.47437971002727863,S2A_MSIL2A_20161009T184302_N0500_R070_T11SLV_20230926T052457.SAFE,76499ef0-4674-4a27-87ae-56f8e18bf56e,,,,,,,,,local_exact,,338.0,0.47437971002727863,S2A_MSIL2A_20161006T184422_N0500_R027_T11SLV_20230922T114844.SAFE,81af311b-7d6a-46d0-87d7-2c247a84c266,,,,,,,,,local_exact,,338.0,0.47437971002727863,S2A_MSIL2A_20160929T185422_N0500_R070_T11SLV_20231002T061036.SAFE,89b2d664-1aa2-46e6-a418-92d7003edb89,,,,,,,,,local_exact,,338.0,0.47437971002727863,S2A_MSIL2A_20160926T183122_N0500_R027_T11SLV_20230929T205418.SAFE,6c0dfabf-398f-4074-89f8-5c879654a2fd,,,,,,,,,local_exact,,338.0,0.47437971002727863,S2A_MSIL2A_20160708T182922_N0500_R027_T11SLV_20231002T152346.SAFE,161f51ce-6635-4a63-ad73-67e3d79198b7,,,,,,,,,local_exact,,338.0,0.47437971002727863,S2A_MSIL2A_20150922T184436_N0500_R027_T11SLV_20231017T001227.SAFE,9d16c59c-4931-447b-a9c1-62574a67fb72
ang20161008t211115-J,2016-10-08T21:11:15+00,35.51566279868622,-119.0758342753727,"[-119.07704765022021, 35.51446227032329, -119.0745289112949, 35.51651241933502]",S2,2016-10-09T18:43:02.026000Z,76499ef0-4674-4a27-87ae-56f8e18bf56e,S2A_MSIL2A_20161009T184302_N0500_R070_T11SLV_20230926T052457.SAFE,S2|R070|20161009T1840,/mnt/engg-niulab/yuyao/sensors_raw_data/S2/prev1/ang20161008t211115-J/s2_-7.tif,,s2_download_manifest:downloaded,available,0,,expected,prev1,t0_24h_window,2016-10-06T18:44:22.026000Z,81af311b-7d6a-46d0-87d7-2c247a84c266,S2A_MSIL2A_20161006T184422_N0500_R027_T11SLV_20230922T114844.SAFE,S2|R027|20161006T1840,/mnt/engg-niulab/yuyao/sensors_raw_data/S2/prev2/ang20161008t211115-J/s2_prev2.tif,,s2_download_manifest:downloaded,available,0,,expected,prev2,,2016-09-29T18:54:22.026000Z,89b2d664-1aa2-46e6-a418-92d7003edb89,S2A_MSIL2A_20160929T185422_N0500_R070_T11SLV_20231002T061036.SAFE,S2|R070|20160929T1850,/mnt/engg-niulab/yuyao/sensors_raw_data/S2/prev3/ang20161008t211115-J/s2_prev3.tif,,s2_download_manifest:downloaded,available,0,,expected,prev3,,2016-09-26T18:31:22.026000Z,6c0dfabf-398f-4074-89f8-5c879654a2fd,S2A_MSIL2A_20160926T183122_N0500_R027_T11SLV_20230929T205418.SAFE,S2|R027|20160926T1830,/mnt/engg-niulab/yuyao/sensors_raw_data/S2/product_crops/6c0dfabf-398f-4074-89f8-5c879654a2fd/ang20161008t211115-J/prev3.tif,,download_s2_missing_from_clean_table,available,0,,expected,product_crops,,2016-07-08T18:29:22.026000+00:00,161f51ce-6635-4a63-ad73-67e3d79198b7,S2A_MSIL2A_20160708T182922_N0500_R027_T11SLV_20231002T152346.SAFE,S2|R027|20160708T1820,/mnt/engg-niulab/yuyao/sensors_raw_data/S2/seasonal/ang20161008t211115-J/s2_-90.tif,,master:downloaded_path,available,0,,expected,,kept,2015-09-22T18:44:36.027000+00:00,9d16c59c-4931-447b-a9c1-62574a67fb72,S2A_MSIL2A_20150922T184436_N0500_R027_T11SLV_20231017T001227.SAFE,S2|R027|20150922T1840,/mnt/engg-niulab/yuyao/sensors_raw_data/S2/year/ang20161008t211115-J/s2_-360.tif,,master:downloaded_path,available,0,,expected,,kept,,,,,,/mnt/engg-niulab/yuyao/sensors_raw_data/S2/prev1/ang20161008t211115-J/s2_-7.tif,raw,/mnt/engg-niulab/yuyao/sensors_raw_data/S2/prev2/ang20161008t211115-J/s2_prev2.tif,raw,/mnt/engg-niulab/yuyao/sensors_raw_data/S2/prev3/ang20161008t211115-J/s2_prev3.tif,raw,/mnt/engg-niulab/yuyao/sensors_raw_data/S2/product_crops/6c0dfabf-398f-4074-89f8-5c879654a2fd/ang20161008t211115-J/prev3.tif,raw,/mnt/engg-niulab/yuyao/sensors_raw_data/S2/seasonal/ang20161008t211115-J/s2_-90.tif,raw,/mnt/engg-niulab/yuyao/sensors_raw_data/S2/year/ang20161008t211115-J/s2_-360.tif,raw,1,1,raw+raw+raw+raw+raw+raw,,,,,,,,,local_exact,,331.0,0.9603263638800854,S2A_MSIL2A_20161009T184302_N0500_R070_T11SLV_20230926T052457.SAFE,76499ef0-4674-4a27-87ae-56f8e18bf56e,,,,,,,,,local_exact,,331.0,0.9603263638800854,S2A_MSIL2A_20161006T184422_N0500_R027_T11SLV_20230922T114844.SAFE,81af311b-7d6a-46d0-87d7-2c247a84c266,,,,,,,,,local_exact,,331.0,0.9603263638800854,S2A_MSIL2A_20160929T185422_N0500_R070_T11SLV_20231002T061036.SAFE,89b2d664-1aa2-46e6-a418-92d7003edb89,,,,,,,,,local_exact,,331.0,0.9603263638800854,S2A_MSIL2A_20160926T183122_N0500_R027_T11SLV_20230929T205418.SAFE,6c0dfabf-398f-4074-89f8-5c879654a2fd,,,,,,,,,local_exact,,331.0,0.9603263638800854,S2A_MSIL2A_20160708T182922_N0500_R027_T11SLV_20231002T152346.SAFE,161f51ce-6635-4a63-ad73-67e3d79198b7,,,,,,,,,local_exact,,331.0,0.9603263638800854,S2A_MSIL2A_20150922T184436_N0500_R027_T11SLV_20231017T001227.SAFE,9d16c59c-4931-447b-a9c1-62574a67fb72
ang20161008t211637-B,2016-10-08T21:16:37+00,35.503686,-119.082367,"[-119.08293534485185, 35.50309458804104, -119.08165404450934, 35.504146659577685]",S2,2016-10-09T18:43:02.026000Z,76499ef0-4674-4a27-87ae-56f8e18bf56e,S2A_MSIL2A_20161009T184302_N0500_R070_T11SLV_20230926T052457.SAFE,S2|R070|20161009T1840,/mnt/engg-niulab/yuyao/sensors_raw_data/S2/prev1/ang20161008t211637-B/s2_-7.tif,,s2_download_manifest:downloaded,available,0,,expected,prev1,t0_24h_window,2016-10-06T18:44:22.026000Z,81af311b-7d6a-46d0-87d7-2c247a84c266,S2A_MSIL2A_20161006T184422_N0500_R027_T11SLV_20230922T114844.SAFE,S2|R027|20161006T1840,/mnt/engg-niulab/yuyao/sensors_raw_data/S2/prev2/ang20161008t211637-B/s2_prev2.tif,,s2_download_manifest:downloaded,available,0,,expected,prev2,,2016-09-29T18:54:22.026000Z,89b2d664-1aa2-46e6-a418-92d7003edb89,S2A_MSIL2A_20160929T185422_N0500_R070_T11SLV_20231002T061036.SAFE,S2|R070|20160929T1850,/mnt/engg-niulab/yuyao/sensors_raw_data/S2/prev3/ang20161008t211637-B/s2_prev3.tif,,s2_download_manifest:downloaded,available,0,,expected,prev3,,2016-09-26T18:31:22.026000Z,6c0dfabf-398f-4074-89f8-5c879654a2fd,S2A_MSIL2A_20160926T183122_N0500_R027_T11SLV_20230929T205418.SAFE,S2|R027|20160926T1830,/mnt/engg-niulab/yuyao/sensors_raw_data/S2/product_crops/6c0dfabf-398f-4074-89f8-5c879654a2fd/ang20161008t211637-B/prev3.tif,,download_s2_missing_from_clean_table,available,0,,expected,product_crops,,2016-07-08T18:29:22.026000+00:00,161f51ce-6635-4a63-ad73-67e3d79198b7,S2A_MSIL2A_20160708T182922_N0500_R027_T11SLV_20231002T152346.SAFE,S2|R027|20160708T1820,/mnt/engg-niulab/yuyao/sensors_raw_data/S2/seasonal/ang20161008t211637-B/s2_-90.tif,,master:downloaded_path,available,0,,expected,,kept,2015-09-22T18:44:36.027000+00:00,9d16c59c-4931-447b-a9c1-62574a67fb72,S2A_MSIL2A_20150922T184436_N0500_R027_T11SLV_20231017T001227.SAFE,S2|R027|20150922T1840,/mnt/engg-niulab/yuyao/sensors_raw_data/S2/year/ang20161008t211637-B/s2_-360.tif,,master:downloaded_path,available,0,,expected,,kept,,,,,,/mnt/engg-niulab/yuyao/sensors_raw_data/S2/prev1/ang20161008t211637-B/s2_-7.tif,raw,/mnt/engg-niulab/yuyao/sensors_raw_data/S2/prev2/ang20161008t211637-B/s2_prev2.tif,raw,/mnt/engg-niulab/yuyao/sensors_raw_data/S2/prev3/ang20161008t211637-B/s2_prev3.tif,raw,/mnt/engg-niulab/yuyao/sensors_raw_data/S2/product_crops/6c0dfabf-398f-4074-89f8-5c879654a2fd/ang20161008t211637-B/prev3.tif,raw,/mnt/engg-niulab/yuyao/sensors_raw_data/S2/seasonal/ang20161008t211637-B/s2_-90.tif,raw,/mnt/engg-niulab/yuyao/sensors_raw_data/S2/year/ang20161008t211637-B/s2_-360.tif,raw,1,1,raw+raw+raw+raw+raw+raw,,,,,,,,,local_exact,,300.0,0.933082211542569,S2A_MSIL2A_20161009T184302_N0500_R070_T11SLV_20230926T052457.SAFE,76499ef0-4674-4a27-87ae-56f8e18bf56e,,,,,,,,,local_exact,,300.0,0.933082211542569,S2A_MSIL2A_20161006T184422_N0500_R027_T11SLV_20230922T114844.SAFE,81af311b-7d6a-46d0-87d7-2c247a84c266,,,,,,,,,local_exact,,300.0,0.933082211542569,S2A_MSIL2A_20160929T185422_N0500_R070_T11SLV_20231002T061036.SAFE,89b2d664-1aa2-46e6-a418-92d7003edb89,,,,,,,,,local_exact,,300.0,0.933082211542569,S2A_MSIL2A_20160926T183122_N0500_R027_T11SLV_20230929T205418.SAFE,6c0dfabf-398f-4074-89f8-5c879654a2fd,,,,,,,,,local_exact,,300.0,0.933082211542569,S2A_MSIL2A_20160708T182922_N0500_R027_T11SLV_20231002T152346.SAFE,161f51ce-6635-4a63-ad73-67e3d79198b7,,,,,,,,,local_exact,,300.0,0.933082211542569,S2A_MSIL2A_20150922T184436_N0500_R027_T11SLV_20231017T001227.SAFE,9d16c59c-4931-447b-a9c1-62574a67fb72
ang20161008t211637-C,2016-10-08T21:16:37+00,35.511072,-119.078294,"[-119.07884913495955, 35.510512068894755, -119.07756771477045, 35.5115641416544]",S2,2016-10-09T18:43:02.026000Z,76499ef0-4674-4a27-87ae-56f8e18bf56e,S2A_MSIL2A_20161009T184302_N0500_R070_T11SLV_20230926T052457.SAFE,S2|R070|20161009T1840,/mnt/engg-niulab/yuyao/sensors_raw_data/S2/prev1/ang20161008t211637-C/s2_-7.tif,,s2_download_manifest:downloaded,available,0,,expected,prev1,t0_24h_window,2016-10-06T18:44:22.026000Z,81af311b-7d6a-46d0-87d7-2c247a84c266,S2A_MSIL2A_20161006T184422_N0500_R027_T11SLV_20230922T114844.SAFE,S2|R027|20161006T1840,/mnt/engg-niulab/yuyao/sensors_raw_data/S2/prev2/ang20161008t211637-C/s2_prev2.tif,,s2_download_manifest:downloaded,available,0,,expected,prev2,,2016-09-29T18:54:22.026000Z,89b2d664-1aa2-46e6-a418-92d7003edb89,S2A_MSIL2A_20160929T185422_N0500_R070_T11SLV_20231002T061036.SAFE,S2|R070|20160929T1850,/mnt/engg-niulab/yuyao/sensors_raw_data/S2/prev3/ang20161008t211637-C/s2_prev3.tif,,s2_download_manifest:downloaded,available,0,,expected,prev3,,2016-09-26T18:31:22.026000Z,6c0dfabf-398f-4074-89f8-5c879654a2fd,S2A_MSIL2A_20160926T183122_N0500_R027_T11SLV_20230929T205418.SAFE,S2|R027|20160926T1830,/mnt/engg-niulab/yuyao/sensors_raw_data/S2/product_crops/6c0dfabf-398f-4074-89f8-5c879654a2fd/ang20161008t211637-C/prev3.tif,,download_s2_missing_from_clean_table,available,0,,expected,product_crops,,2016-07-08T18:29:22.026000+00:00,161f51ce-6635-4a63-ad73-67e3d79198b7,S2A_MSIL2A_20160708T182922_N0500_R027_T11SLV_20231002T152346.SAFE,S2|R027|20160708T1820,/mnt/engg-niulab/yuyao/sensors_raw_data/S2/seasonal/ang20161008t211637-C/s2_-90.tif,,master:downloaded_path,available,0,,expected,,kept,2015-09-22T18:44:36.027000+00:00,9d16c59c-4931-447b-a9c1-62574a67fb72,S2A_MSIL2A_20150922T184436_N0500_R027_T11SLV_20231017T001227.SAFE,S2|R027|20150922T1840,/mnt/engg-niulab/yuyao/sensors_raw_data/S2/year/ang20161008t211637-C/s2_-360.tif,,master:downloaded_path,available,0,,expected,,kept,,,,,,/mnt/engg-niulab/yuyao/sensors_raw_data/S2/prev1/ang20161008t211637-C/s2_-7.tif,raw,/mnt/engg-niulab/yuyao/sensors_raw_data/S2/prev2/ang20161008t211637-C/s2_prev2.tif,raw,/mnt/engg-niulab/yuyao/sensors_raw_data/S2/prev3/ang20161008t211637-C/s2_prev3.tif,raw,/mnt/engg-niulab/yuyao/sensors_raw_data/S2/product_crops/6c0dfabf-398f-4074-89f8-5c879654a2fd/ang20161008t211637-C/prev3.tif,raw,/mnt/engg-niulab/yuyao/sensors_raw_data/S2/seasonal/ang20161008t211637-C/s2_-90.tif,raw,/mnt/engg-niulab/yuyao/sensors_raw_data/S2/year/ang20161008t211637-C/s2_-360.tif,raw,1,1,raw+raw+raw+raw+raw+raw,,,,,,,,,local_exact,,320.0,0.6272991307196207,S2A_MSIL2A_20161009T184302_N0500_R070_T11SLV_20230926T052457.SAFE,76499ef0-4674-4a27-87ae-56f8e18bf56e,,,,,,,,,local_exact,,320.0,0.6272991307196207,S2A_MSIL2A_20161006T184422_N0500_R027_T11SLV_20230922T114844.SAFE,81af311b-7d6a-46d0-87d7-2c247a84c266,,,,,,,,,local_exact,,320.0,0.6272991307196207,S2A_MSIL2A_20160929T185422_N0500_R070_T11SLV_20231002T061036.SAFE,89b2d664-1aa2-46e6-a418-92d7003edb89,,,,,,,,,local_exact,,320.0,0.6272991307196207,S2A_MSIL2A_20160926T183122_N0500_R027_T11SLV_20230929T205418.SAFE,6c0dfabf-398f-4074-89f8-5c879654a2fd,,,,,,,,,local_exact,,320.0,0.6272991307196207,S2A_MSIL2A_20160708T182922_N0500_R027_T11SLV_20231002T152346.SAFE,161f51ce-6635-4a63-ad73-67e3d79198b7,,,,,,,,,local_exact,,320.0,0.6272991307196207,S2A_MSIL2A_20150922T184436_N0500_R027_T11SLV_20231017T001227.SAFE,9d16c59c-4931-447b-a9c1-62574a67fb72
ang20161008t211637-D,2016-10-08T21:16:37+00,35.515579,-119.075784,"[-119.07647432441175, 35.5150515282718, -119.0751818122095, 35.51610357841167]",S2,2016-10-09T18:43:02.026000Z,76499ef0-4674-4a27-87ae-56f8e18bf56e,S2A_MSIL2A_20161009T184302_N0500_R070_T11SLV_20230926T052457.SAFE,S2|R070|20161009T1840,/mnt/engg-niulab/yuyao/sensors_raw_data/S2/prev1/ang20161008t211637-D/s2_-7.tif,,s2_download_manifest:downloaded,available,0,,expected,prev1,t0_24h_window,2016-10-06T18:44:22.026000Z,81af311b-7d6a-46d0-87d7-2c247a84c266,S2A_MSIL2A_20161006T184422_N0500_R027_T11SLV_20230922T114844.SAFE,S2|R027|20161006T1840,/mnt/engg-niulab/yuyao/sensors_raw_data/S2/prev2/ang20161008t211637-D/s2_prev2.tif,,s2_download_manifest:downloaded,available,0,,expected,prev2,,2016-09-29T18:54:22.026000Z,89b2d664-1aa2-46e6-a418-92d7003edb89,S2A_MSIL2A_20160929T185422_N0500_R070_T11SLV_20231002T061036.SAFE,S2|R070|20160929T1850,/mnt/engg-niulab/yuyao/sensors_raw_data/S2/prev3/ang20161008t211637-D/s2_prev3.tif,,s2_download_manifest:downloaded,available,0,,expected,prev3,,2016-09-26T18:31:22.026000Z,6c0dfabf-398f-4074-89f8-5c879654a2fd,S2A_MSIL2A_20160926T183122_N0500_R027_T11SLV_20230929T205418.SAFE,S2|R027|20160926T1830,/mnt/engg-niulab/yuyao/sensors_raw_data/S2/product_crops/6c0dfabf-398f-4074-89f8-5c879654a2fd/ang20161008t211637-D/prev3.tif,,download_s2_missing_from_clean_table,available,0,,expected,product_crops,,2016-07-08T18:29:22.026000+00:00,161f51ce-6635-4a63-ad73-67e3d79198b7,S2A_MSIL2A_20160708T182922_N0500_R027_T11SLV_20231002T152346.SAFE,S2|R027|20160708T1820,/mnt/engg-niulab/yuyao/sensors_raw_data/S2/seasonal/ang20161008t211637-D/s2_-90.tif,,master:downloaded_path,available,0,,expected,,kept,2015-09-22T18:44:36.027000+00:00,9d16c59c-4931-447b-a9c1-62574a67fb72,S2A_MSIL2A_20150922T184436_N0500_R027_T11SLV_20231017T001227.SAFE,S2|R027|20150922T1840,/mnt/engg-niulab/yuyao/sensors_raw_data/S2/year/ang20161008t211637-D/s2_-360.tif,,master:downloaded_path,available,0,,expected,,kept,,,,,,/mnt/engg-niulab/yuyao/sensors_raw_data/S2/prev1/ang20161008t211637-D/s2_-7.tif,raw,/mnt/engg-niulab/yuyao/sensors_raw_data/S2/prev2/ang20161008t211637-D/s2_prev2.tif,raw,/mnt/engg-niulab/yuyao/sensors_raw_data/S2/prev3/ang20161008t211637-D/s2_prev3.tif,raw,/mnt/engg-niulab/yuyao/sensors_raw_data/S2/product_crops/6c0dfabf-398f-4074-89f8-5c879654a2fd/ang20161008t211637-D/prev3.tif,raw,/mnt/engg-niulab/yuyao/sensors_raw_data/S2/seasonal/ang20161008t211637-D/s2_-90.tif,raw,/mnt/engg-niulab/yuyao/sensors_raw_data/S2/year/ang20161008t211637-D/s2_-360.tif,raw,1,1,raw+raw+raw+raw+raw+raw,,,,,,,,,local_exact,,332.0,0.8691320081416052,S2A_MSIL2A_20161009T184302_N0500_R070_T11SLV_20230926T052457.SAFE,76499ef0-4674-4a27-87ae-56f8e18bf56e,,,,,,,,,local_exact,,332.0,0.8691320081416052,S2A_MSIL2A_20161006T184422_N0500_R027_T11SLV_20230922T114844.SAFE,81af311b-7d6a-46d0-87d7-2c247a84c266,,,,,,,,,local_exact,,332.0,0.8691320081416052,S2A_MSIL2A_20160929T185422_N0500_R070_T11SLV_20231002T061036.SAFE,89b2d664-1aa2-46e6-a418-92d7003edb89,,,,,,,,,local_exact,,332.0,0.8691320081416052,S2A_MSIL2A_20160926T183122_N0500_R027_T11SLV_20230929T205418.SAFE,6c0dfabf-398f-4074-89f8-5c879654a2fd,,,,,,,,,local_exact,,332.0,0.8691320081416052,S2A_MSIL2A_20160708T182922_N0500_R027_T11SLV_20231002T152346.SAFE,161f51ce-6635-4a63-ad73-67e3d79198b7,,,,,,,,,local_exact,,332.0,0.8691320081416052,S2A_MSIL2A_20150922T184436_N0500_R027_T11SLV_20231017T001227.SAFE,9d16c59c-4931-447b-a9c1-62574a67fb72
ang20161008t211637-E,2016-10-08T21:16:37+00,35.525324,-119.075145,"[-119.07581916082218, 35.52472659247655, -119.07452652235848, 35.52576962695141]",S2,2016-10-09T18:43:02.026000Z,76499ef0-4674-4a27-87ae-56f8e18bf56e,S2A_MSIL2A_20161009T184302_N0500_R070_T11SLV_20230926T052457.SAFE,S2|R070|20161009T1840,/mnt/engg-niulab/yuyao/sensors_raw_data/S2/prev1/ang20161008t211637-E/s2_-7.tif,,s2_download_manifest:downloaded,available,0,,expected,prev1,t0_24h_window,2016-10-06T18:44:22.026000Z,81af311b-7d6a-46d0-87d7-2c247a84c266,S2A_MSIL2A_20161006T184422_N0500_R027_T11SLV_20230922T114844.SAFE,S2|R027|20161006T1840,/mnt/engg-niulab/yuyao/sensors_raw_data/S2/prev2/ang20161008t211637-E/s2_prev2.tif,,s2_download_manifest:downloaded,available,0,,expected,prev2,,2016-09-29T18:54:22.026000Z,89b2d664-1aa2-46e6-a418-92d7003edb89,S2A_MSIL2A_20160929T185422_N0500_R070_T11SLV_20231002T061036.SAFE,S2|R070|20160929T1850,/mnt/engg-niulab/yuyao/sensors_raw_data/S2/prev3/ang20161008t211637-E/s2_prev3.tif,,s2_download_manifest:downloaded,available,0,,expected,prev3,,2016-09-26T18:31:22.026000Z,6c0dfabf-398f-4074-89f8-5c879654a2fd,S2A_MSIL2A_20160926T183122_N0500_R027_T11SLV_20230929T205418.SAFE,S2|R027|20160926T1830,/mnt/engg-niulab/yuyao/sensors_raw_data/S2/product_crops/6c0dfabf-398f-4074-89f8-5c879654a2fd/ang20161008t211637-E/prev3.tif,,download_s2_missing_from_clean_table,available,0,,expected,product_crops,,2016-07-08T18:29:22.026000+00:00,161f51ce-6635-4a63-ad73-67e3d79198b7,S2A_MSIL2A_20160708T182922_N0500_R027_T11SLV_20231002T152346.SAFE,S2|R027|20160708T1820,/mnt/engg-niulab/yuyao/sensors_raw_data/S2/seasonal/ang20161008t211637-E/s2_-90.tif,,master:downloaded_path,available,0,,expected,,kept,2015-09-22T18:44:36.027000+00:00,9d16c59c-4931-447b-a9c1-62574a67fb72,S2A_MSIL2A_20150922T184436_N0500_R027_T11SLV_20231017T001227.SAFE,S2|R027|20150922T1840,/mnt/engg-niulab/yuyao/sensors_raw_data/S2/year/ang20161008t211637-E/s2_-360.tif,,master:downloaded_path,available,0,,expected,,kept,,,,,,/mnt/engg-niulab/yuyao/sensors_raw_data/S2/prev1/ang20161008t211637-E/s2_-7.tif,raw,/mnt/engg-niulab/yuyao/sensors_raw_data/S2/prev2/ang20161008t211637-E/s2_prev2.tif,raw,/mnt/engg-niulab/yuyao/sensors_raw_data/S2/prev3/ang20161008t211637-E/s2_prev3.tif,raw,/mnt/engg-niulab/yuyao/sensors_raw_data/S2/product_crops/6c0dfabf-398f-4074-89f8-5c879654a2fd/ang20161008t211637-E/prev3.tif,raw,/mnt/engg-niulab/yuyao/sensors_raw_data/S2/seasonal/ang20161008t211637-E/s2_-90.tif,raw,/mnt/engg-niulab/yuyao/sensors_raw_data/S2/year/ang20161008t211637-E/s2_-360.tif,raw,1,1,raw+raw+raw+raw+raw+raw,,,,,,,,,local_exact,,336.0,0.8796932158875279,S2A_MSIL2A_20161009T184302_N0500_R070_T11SLV_20230926T052457.SAFE,76499ef0-4674-4a27-87ae-56f8e18bf56e,,,,,,,,,local_exact,,336.0,0.8796932158875279,S2A_MSIL2A_20161006T184422_N0500_R027_T11SLV_20230922T114844.SAFE,81af311b-7d6a-46d0-87d7-2c247a84c266,,,,,,,,,local_exact,,336.0,0.8796932158875279,S2A_MSIL2A_20160929T185422_N0500_R070_T11SLV_20231002T061036.SAFE,89b2d664-1aa2-46e6-a418-92d7003edb89,,,,,,,,,local_exact,,336.0,0.8796932158875279,S2A_MSIL2A_20160926T183122_N0500_R027_T11SLV_20230929T205418.SAFE,6c0dfabf-398f-4074-89f8-5c879654a2fd,,,,,,,,,local_exact,,336.0,0.8796932158875279,S2A_MSIL2A_20160708T182922_N0500_R027_T11SLV_20231002T152346.SAFE,161f51ce-6635-4a63-ad73-67e3d79198b7,,,,,,,,,local_exact,,336.0,0.8796932158875279,S2A_MSIL2A_20150922T184436_N0500_R027_T11SLV_20231017T001227.SAFE,9d16c59c-4931-447b-a9c1-62574a67fb72
ang20161008t211637-H,2016-10-08T21:16:37+00,35.537543,-119.07636,"[-119.0770405844304, 35.53701945836599, -119.07575874326228, 35.53807152920806]",S2,2016-10-09T18:43:02.026000Z,76499ef0-4674-4a27-87ae-56f8e18bf56e,S2A_MSIL2A_20161009T184302_N0500_R070_T11SLV_20230926T052457.SAFE,S2|R070|20161009T1840,/mnt/engg-niulab/yuyao/sensors_raw_data/S2/prev1/ang20161008t211637-H/s2_-7.tif,,s2_download_manifest:downloaded,available,0,,expected,prev1,t0_24h_window,2016-10-06T18:44:22.026000Z,81af311b-7d6a-46d0-87d7-2c247a84c266,S2A_MSIL2A_20161006T184422_N0500_R027_T11SLV_20230922T114844.SAFE,S2|R027|20161006T1840,/mnt/engg-niulab/yuyao/sensors_raw_data/S2/prev2/ang20161008t211637-H/s2_prev2.tif,,s2_download_manifest:downloaded,available,0,,expected,prev2,,2016-09-29T18:54:22.026000Z,89b2d664-1aa2-46e6-a418-92d7003edb89,S2A_MSIL2A_20160929T185422_N0500_R070_T11SLV_20231002T061036.SAFE,S2|R070|20160929T1850,/mnt/engg-niulab/yuyao/sensors_raw_data/S2/prev3/ang20161008t211637-H/s2_prev3.tif,,s2_download_manifest:downloaded,available,0,,expected,prev3,,2016-09-26T18:31:22.026000Z,6c0dfabf-398f-4074-89f8-5c879654a2fd,S2A_MSIL2A_20160926T183122_N0500_R027_T11SLV_20230929T205418.SAFE,S2|R027|20160926T1830,/mnt/engg-niulab/yuyao/sensors_raw_data/S2/product_crops/6c0dfabf-398f-4074-89f8-5c879654a2fd/ang20161008t211637-H/prev3.tif,,download_s2_missing_from_clean_table,available,0,,expected,product_crops,,2016-07-08T18:29:22.026000+00:00,161f51ce-6635-4a63-ad73-67e3d79198b7,S2A_MSIL2A_20160708T182922_N0500_R027_T11SLV_20231002T152346.SAFE,S2|R027|20160708T1820,/mnt/engg-niulab/yuyao/sensors_raw_data/S2/seasonal/ang20161008t211637-H/s2_-90.tif,,master:downloaded_path,available,0,,expected,,kept,2015-09-22T18:44:36.027000+00:00,9d16c59c-4931-447b-a9c1-62574a67fb72,S2A_MSIL2A_20150922T184436_N0500_R027_T11SLV_20231017T001227.SAFE,S2|R027|20150922T1840,/mnt/engg-niulab/yuyao/sensors_raw_data/S2/year/ang20161008t211637-H/s2_-360.tif,,master:downloaded_path,available,0,,expected,,kept,,,,,,/mnt/engg-niulab/yuyao/sensors_raw_data/S2/prev1/ang20161008t211637-H/s2_-7.tif,raw,/mnt/engg-niulab/yuyao/sensors_raw_data/S2/prev2/ang20161008t211637-H/s2_prev2.tif,raw,/mnt/engg-niulab/yuyao/sensors_raw_data/S2/prev3/ang20161008t211637-H/s2_prev3.tif,raw,/mnt/engg-niulab/yuyao/sensors_raw_data/S2/product_crops/6c0dfabf-398f-4074-89f8-5c879654a2fd/ang20161008t211637-H/prev3.tif,raw,/mnt/engg-niulab/yuyao/sensors_raw_data/S2/seasonal/ang20161008t211637-H/s2_-90.tif,raw,/mnt/engg-niulab/yuyao/sensors_raw_data/S2/year/ang20161008t211637-H/s2_-360.tif,raw,1,1,raw+raw+raw+raw+raw+raw,,,,,,,,,local_exact,,332.0,0.9911123032215983,S2A_MSIL2A_20161009T184302_N0500_R070_T11SLV_20230926T052457.SAFE,76499ef0-4674-4a27-87ae-56f8e18bf56e,,,,,,,,,local_exact,,332.0,0.9911123032215983,S2A_MSIL2A_20161006T184422_N0500_R027_T11SLV_20230922T114844.SAFE,81af311b-7d6a-46d0-87d7-2c247a84c266,,,,,,,,,local_exact,,332.0,0.9911123032215983,S2A_MSIL2A_20160929T185422_N0500_R070_T11SLV_20231002T061036.SAFE,89b2d664-1aa2-46e6-a418-92d7003edb89,,,,,,,,,local_exact,,332.0,0.9911123032215983,S2A_MSIL2A_20160926T183122_N0500_R027_T11SLV_20230929T205418.SAFE,6c0dfabf-398f-4074-89f8-5c879654a2fd,,,,,,,,,local_exact,,332.0,0.9911123032215983,S2A_MSIL2A_20160708T182922_N0500_R027_T11SLV_20231002T152346.SAFE,161f51ce-6635-4a63-ad73-67e3d79198b7,,,,,,,,,local_exact,,332.0,0.9911123032215983,S2A_MSIL2A_20150922T184436_N0500_R027_T11SLV_20231017T001227.SAFE,9d16c59c-4931-447b-a9c1-62574a67fb72
ang20161008t211637-I,2016-10-08T21:16:37+00,35.518333,-119.078181,"[-119.07879955953912, 35.517942339384945, -119.07745173645687, 35.51904836241862]",S2,2016-10-09T18:43:02.026000Z,76499ef0-4674-4a27-87ae-56f8e18bf56e,S2A_MSIL2A_20161009T184302_N0500_R070_T11SLV_20230926T052457.SAFE,S2|R070|20161009T1840,/mnt/engg-niulab/yuyao/sensors_raw_data/S2/prev1/ang20161008t211637-I/s2_-7.tif,,s2_download_manifest:downloaded,available,0,,expected,prev1,t0_24h_window,2016-10-06T18:44:22.026000Z,81af311b-7d6a-46d0-87d7-2c247a84c266,S2A_MSIL2A_20161006T184422_N0500_R027_T11SLV_20230922T114844.SAFE,S2|R027|20161006T1840,/mnt/engg-niulab/yuyao/sensors_raw_data/S2/prev2/ang20161008t211637-I/s2_prev2.tif,,s2_download_manifest:downloaded,available,0,,expected,prev2,,2016-09-29T18:54:22.026000Z,89b2d664-1aa2-46e6-a418-92d7003edb89,S2A_MSIL2A_20160929T185422_N0500_R070_T11SLV_20231002T061036.SAFE,S2|R070|20160929T1850,/mnt/engg-niulab/yuyao/sensors_raw_data/S2/prev3/ang20161008t211637-I/s2_prev3.tif,,s2_download_manifest:downloaded,available,0,,expected,prev3,,2016-09-26T18:31:22.026000Z,6c0dfabf-398f-4074-89f8-5c879654a2fd,S2A_MSIL2A_20160926T183122_N0500_R027_T11SLV_20230929T205418.SAFE,S2|R027|20160926T1830,/mnt/engg-niulab/yuyao/sensors_raw_data/S2/product_crops/6c0dfabf-398f-4074-89f8-5c879654a2fd/ang20161008t211637-I/prev3.tif,,download_s2_missing_from_clean_table,available,0,,expected,product_crops,,2016-07-08T18:29:22.026000+00:00,161f51ce-6635-4a63-ad73-67e3d79198b7,S2A_MSIL2A_20160708T182922_N0500_R027_T11SLV_20231002T152346.SAFE,S2|R027|20160708T1820,/mnt/engg-niulab/yuyao/sensors_raw_data/S2/seasonal/ang20161008t211637-I/s2_-90.tif,,master:downloaded_path,available,0,,expected,,kept,2015-09-22T18:44:36.027000+00:00,9d16c59c-4931-447b-a9c1-62574a67fb72,S2A_MSIL2A_20150922T184436_N0500_R027_T11SLV_20231017T001227.SAFE,S2|R027|20150922T1840,/mnt/engg-niulab/yuyao/sensors_raw_data/S2/year/ang20161008t211637-I/s2_-360.tif,,master:downloaded_path,available,0,,expected,,kept,,,,,,/mnt/engg-niulab/yuyao/sensors_raw_data/S2/prev1/ang20161008t211637-I/s2_-7.tif,raw,/mnt/engg-niulab/yuyao/sensors_raw_data/S2/prev2/ang20161008t211637-I/s2_prev2.tif,raw,/mnt/engg-niulab/yuyao/sensors_raw_data/S2/prev3/ang20161008t211637-I/s2_prev3.tif,raw,/mnt/engg-niulab/yuyao/sensors_raw_data/S2/product_crops/6c0dfabf-398f-4074-89f8-5c879654a2fd/ang20161008t211637-I/prev3.tif,raw,/mnt/engg-niulab/yuyao/sensors_raw_data/S2/seasonal/ang20161008t211637-I/s2_-90.tif,raw,/mnt/engg-niulab/yuyao/sensors_raw_data/S2/year/ang20161008t211637-I/s2_-360.tif,raw,1,1,raw+raw+raw+raw+raw+raw,,,,,,,,,local_exact,,321.0,0.6307259302993771,S2A_MSIL2A_20161009T184302_N0500_R070_T11SLV_20230926T052457.SAFE,76499ef0-4674-4a27-87ae-56f8e18bf56e,,,,,,,,,local_exact,,321.0,0.6307259302993771,S2A_MSIL2A_20161006T184422_N0500_R027_T11SLV_20230922T114844.SAFE,81af311b-7d6a-46d0-87d7-2c247a84c266,,,,,,,,,local_exact,,321.0,0.6307259302993771,S2A_MSIL2A_20160929T185422_N0500_R070_T11SLV_20231002T061036.SAFE,89b2d664-1aa2-46e6-a418-92d7003edb89,,,,,,,,,local_exact,,321.0,0.6307259302993771,S2A_MSIL2A_20160926T183122_N0500_R027_T11SLV_20230929T205418.SAFE,6c0dfabf-398f-4074-89f8-5c879654a2fd,,,,,,,,,local_exact,,321.0,0.6307259302993771,S2A_MSIL2A_20160708T182922_N0500_R027_T11SLV_20231002T152346.SAFE,161f51ce-6635-4a63-ad73-67e3d79198b7,,,,,,,,,local_exact,,321.0,0.6307259302993771,S2A_MSIL2A_20150922T184436_N0500_R027_T11SLV_20231017T001227.SAFE,9d16c59c-4931-447b-a9c1-62574a67fb72
ang20161008t211637-J,2016-10-08T21:16:37+00,35.530514,-119.077731,"[-119.07877280605706, 35.53008077859009, -119.0761983638937, 35.532175859383365]",S2,2016-10-09T18:43:02.026000Z,76499ef0-4674-4a27-87ae-56f8e18bf56e,S2A_MSIL2A_20161009T184302_N0500_R070_T11SLV_20230926T052457.SAFE,S2|R070|20161009T1840,/mnt/engg-niulab/yuyao/sensors_raw_data/S2/prev1/ang20161008t211637-J/s2_-7.tif,,s2_download_manifest:downloaded,available,0,,expected,prev1,t0_24h_window,2016-10-06T18:44:22.026000Z,81af311b-7d6a-46d0-87d7-2c247a84c266,S2A_MSIL2A_20161006T184422_N0500_R027_T11SLV_20230922T114844.SAFE,S2|R027|20161006T1840,/mnt/engg-niulab/yuyao/sensors_raw_data/S2/prev2/ang20161008t211637-J/s2_prev2.tif,,s2_download_manifest:downloaded,available,0,,expected,prev2,,2016-09-29T18:54:22.026000Z,89b2d664-1aa2-46e6-a418-92d7003edb89,S2A_MSIL2A_20160929T185422_N0500_R070_T11SLV_20231002T061036.SAFE,S2|R070|20160929T1850,/mnt/engg-niulab/yuyao/sensors_raw_data/S2/prev3/ang20161008t211637-J/s2_prev3.tif,,s2_download_manifest:downloaded,available,0,,expected,prev3,,2016-09-26T18:31:22.026000Z,6c0dfabf-398f-4074-89f8-5c879654a2fd,S2A_MSIL2A_20160926T183122_N0500_R027_T11SLV_20230929T205418.SAFE,S2|R027|20160926T1830,/mnt/engg-niulab/yuyao/sensors_raw_data/S2/product_crops/6c0dfabf-398f-4074-89f8-5c879654a2fd/ang20161008t211637-J/prev3.tif,,download_s2_missing_from_clean_table,available,0,,expected,product_crops,,2016-07-08T18:29:22.026000+00:00,161f51ce-6635-4a63-ad73-67e3d79198b7,S2A_MSIL2A_20160708T182922_N0500_R027_T11SLV_20231002T152346.SAFE,S2|R027|20160708T1820,/mnt/engg-niulab/yuyao/sensors_raw_data/S2/seasonal/ang20161008t211637-J/s2_-90.tif,,master:downloaded_path,available,0,,expected,,kept,2015-09-22T18:44:36.027000+00:00,9d16c59c-4931-447b-a9c1-62574a67fb72,S2A_MSIL2A_20150922T184436_N0500_R027_T11SLV_20231017T001227.SAFE,S2|R027|20150922T1840,/mnt/engg-niulab/yuyao/sensors_raw_data/S2/year/ang20161008t211637-J/s2_-360.tif,,master:downloaded_path,available,0,,expected,,kept,,,,,,/mnt/engg-niulab/yuyao/sensors_raw_data/S2/prev1/ang20161008t211637-J/s2_-7.tif,raw,/mnt/engg-niulab/yuyao/sensors_raw_data/S2/prev2/ang20161008t211637-J/s2_prev2.tif,raw,/mnt/engg-niulab/yuyao/sensors_raw_data/S2/prev3/ang20161008t211637-J/s2_prev3.tif,raw,/mnt/engg-niulab/yuyao/sensors_raw_data/S2/product_crops/6c0dfabf-398f-4074-89f8-5c879654a2fd/ang20161008t211637-J/prev3.tif,raw,/mnt/engg-niulab/yuyao/sensors_raw_data/S2/seasonal/ang20161008t211637-J/s2_-90.tif,raw,/mnt/engg-niulab/yuyao/sensors_raw_data/S2/year/ang20161008t211637-J/s2_-360.tif,raw,1,1,raw+raw+raw+raw+raw+raw,,,,,,,,,local_exact,,325.0,0.8463930534780957,S2A_MSIL2A_20161009T184302_N0500_R070_T11SLV_20230926T052457.SAFE,76499ef0-4674-4a27-87ae-56f8e18bf56e,,,,,,,,,local_exact,,325.0,0.8463930534780957,S2A_MSIL2A_20161006T184422_N0500_R027_T11SLV_20230922T114844.SAFE,81af311b-7d6a-46d0-87d7-2c247a84c266,,,,,,,,,local_exact,,325.0,0.8463930534780957,S2A_MSIL2A_20160929T185422_N0500_R070_T11SLV_20231002T061036.SAFE,89b2d664-1aa2-46e6-a418-92d7003edb89,,,,,,,,,local_exact,,325.0,0.8463930534780957,S2A_MSIL2A_20160926T183122_N0500_R027_T11SLV_20230929T205418.SAFE,6c0dfabf-398f-4074-89f8-5c879654a2fd,,,,,,,,,local_exact,,325.0,0.8463930534780957,S2A_MSIL2A_20160708T182922_N0500_R027_T11SLV_20231002T152346.SAFE,161f51ce-6635-4a63-ad73-67e3d79198b7,,,,,,,,,local_exact,,325.0,0.8463930534780957,S2A_MSIL2A_20150922T184436_N0500_R027_T11SLV_20231017T001227.SAFE,9d16c59c-4931-447b-a9c1-62574a67fb72
ang20161008t211637-K,2016-10-08T21:16:37+00,35.518128,-119.075155,"[-119.07574438684864, 35.51754313979415, -119.07445186310389, 35.518586175050785]",S2,2016-10-09T18:43:02.026000Z,76499ef0-4674-4a27-87ae-56f8e18bf56e,S2A_MSIL2A_20161009T184302_N0500_R070_T11SLV_20230926T052457.SAFE,S2|R070|20161009T1840,/mnt/engg-niulab/yuyao/sensors_raw_data/S2/prev1/ang20161008t211637-K/s2_-7.tif,,s2_download_manifest:downloaded,available,0,,expected,prev1,t0_24h_window,2016-10-06T18:44:22.026000Z,81af311b-7d6a-46d0-87d7-2c247a84c266,S2A_MSIL2A_20161006T184422_N0500_R027_T11SLV_20230922T114844.SAFE,S2|R027|20161006T1840,/mnt/engg-niulab/yuyao/sensors_raw_data/S2/prev2/ang20161008t211637-K/s2_prev2.tif,,s2_download_manifest:downloaded,available,0,,expected,prev2,,2016-09-29T18:54:22.026000Z,89b2d664-1aa2-46e6-a418-92d7003edb89,S2A_MSIL2A_20160929T185422_N0500_R070_T11SLV_20231002T061036.SAFE,S2|R070|20160929T1850,/mnt/engg-niulab/yuyao/sensors_raw_data/S2/prev3/ang20161008t211637-K/s2_prev3.tif,,s2_download_manifest:downloaded,available,0,,expected,prev3,,2016-09-26T18:31:22.026000Z,6c0dfabf-398f-4074-89f8-5c879654a2fd,S2A_MSIL2A_20160926T183122_N0500_R027_T11SLV_20230929T205418.SAFE,S2|R027|20160926T1830,/mnt/engg-niulab/yuyao/sensors_raw_data/S2/product_crops/6c0dfabf-398f-4074-89f8-5c879654a2fd/ang20161008t211637-K/prev3.tif,,download_s2_missing_from_clean_table,available,0,,expected,product_crops,,2016-07-08T18:29:22.026000+00:00,161f51ce-6635-4a63-ad73-67e3d79198b7,S2A_MSIL2A_20160708T182922_N0500_R027_T11SLV_20231002T152346.SAFE,S2|R027|20160708T1820,/mnt/engg-niulab/yuyao/sensors_raw_data/S2/seasonal/ang20161008t211637-K/s2_-90.tif,,master:downloaded_path,available,0,,expected,,kept,2015-09-22T18:44:36.027000+00:00,9d16c59c-4931-447b-a9c1-62574a67fb72,S2A_MSIL2A_20150922T184436_N0500_R027_T11SLV_20231017T001227.SAFE,S2|R027|20150922T1840,/mnt/engg-niulab/yuyao/sensors_raw_data/S2/year/ang20161008t211637-K/s2_-360.tif,,master:downloaded_path,available,0,,expected,,kept,,,,,,/mnt/engg-niulab/yuyao/sensors_raw_data/S2/prev1/ang20161008t211637-K/s2_-7.tif,raw,/mnt/engg-niulab/yuyao/sensors_raw_data/S2/prev2/ang20161008t211637-K/s2_prev2.tif,raw,/mnt/engg-niulab/yuyao/sensors_raw_data/S2/prev3/ang20161008t211637-K/s2_prev3.tif,raw,/mnt/engg-niulab/yuyao/sensors_raw_data/S2/product_crops/6c0dfabf-398f-4074-89f8-5c879654a2fd/ang20161008t211637-K/prev3.tif,raw,/mnt/engg-niulab/yuyao/sensors_raw_data/S2/seasonal/ang20161008t211637-K/s2_-90.tif,raw,/mnt/engg-niulab/yuyao/sensors_raw_data/S2/year/ang20161008t211637-K/s2_-360.tif,raw,1,1,raw+raw+raw+raw+raw+raw,,,,,,,,,local_exact,,335.0,0.7912125494331121,S2A_MSIL2A_20161009T184302_N0500_R070_T11SLV_20230926T052457.SAFE,76499ef0-4674-4a27-87ae-56f8e18bf56e,,,,,,,,,local_exact,,335.0,0.7912125494331121,S2A_MSIL2A_20161006T184422_N0500_R027_T11SLV_20230922T114844.SAFE,81af311b-7d6a-46d0-87d7-2c247a84c266,,,,,,,,,local_exact,,335.0,0.7912125494331121,S2A_MSIL2A_20160929T185422_N0500_R070_T11SLV_20231002T061036.SAFE,89b2d664-1aa2-46e6-a418-92d7003edb89,,,,,,,,,local_exact,,335.0,0.7912125494331121,S2A_MSIL2A_20160926T183122_N0500_R027_T11SLV_20230929T205418.SAFE,6c0dfabf-398f-4074-89f8-5c879654a2fd,,,,,,,,,local_exact,,335.0,0.7912125494331121,S2A_MSIL2A_20160708T182922_N0500_R027_T11SLV_20231002T152346.SAFE,161f51ce-6635-4a63-ad73-67e3d79198b7,,,,,,,,,local_exact,,335.0,0.7912125494331121,S2A_MSIL2A_20150922T184436_N0500_R027_T11SLV_20231017T001227.SAFE,9d16c59c-4931-447b-a9c1-62574a67fb72
ang20161008t213309-C,2016-10-08T21:33:09+00,35.511072,-119.078294,"[-119.07927738650102, 35.51024985951235, -119.07724483308994, 35.51190436456263]",S2,2016-10-09T18:43:02.026000Z,76499ef0-4674-4a27-87ae-56f8e18bf56e,S2A_MSIL2A_20161009T184302_N0500_R070_T11SLV_20230926T052457.SAFE,S2|R070|20161009T1840,/mnt/engg-niulab/yuyao/sensors_raw_data/S2/prev1/ang20161008t213309-C/s2_-7.tif,,s2_download_manifest:downloaded,available,0,,expected,prev1,t0_24h_window,2016-10-06T18:44:22.026000Z,81af311b-7d6a-46d0-87d7-2c247a84c266,S2A_MSIL2A_20161006T184422_N0500_R027_T11SLV_20230922T114844.SAFE,S2|R027|20161006T1840,/mnt/engg-niulab/yuyao/sensors_raw_data/S2/prev2/ang20161008t213309-C/s2_prev2.tif,,s2_download_manifest:downloaded,available,0,,expected,prev2,,2016-09-29T18:54:22.026000Z,89b2d664-1aa2-46e6-a418-92d7003edb89,S2A_MSIL2A_20160929T185422_N0500_R070_T11SLV_20231002T061036.SAFE,S2|R070|20160929T1850,/mnt/engg-niulab/yuyao/sensors_raw_data/S2/prev3/ang20161008t213309-C/s2_prev3.tif,,s2_download_manifest:downloaded,available,0,,expected,prev3,,2016-09-26T18:31:22.026000Z,6c0dfabf-398f-4074-89f8-5c879654a2fd,S2A_MSIL2A_20160926T183122_N0500_R027_T11SLV_20230929T205418.SAFE,S2|R027|20160926T1830,/mnt/engg-niulab/yuyao/sensors_raw_data/S2/product_crops/6c0dfabf-398f-4074-89f8-5c879654a2fd/ang20161008t213309-C/prev3.tif,,download_s2_missing_from_clean_table,available,0,,expected,product_crops,,2016-07-08T18:29:22.026000+00:00,161f51ce-6635-4a63-ad73-67e3d79198b7,S2A_MSIL2A_20160708T182922_N0500_R027_T11SLV_20231002T152346.SAFE,S2|R027|20160708T1820,/mnt/engg-niulab/yuyao/sensors_raw_data/S2/seasonal/ang20161008t213309-C/s2_-90.tif,,master:downloaded_path,available,0,,expected,,kept,2015-09-22T18:44:36.027000+00:00,9d16c59c-4931-447b-a9c1-62574a67fb72,S2A_MSIL2A_20150922T184436_N0500_R027_T11SLV_20231017T001227.SAFE,S2|R027|20150922T1840,/mnt/engg-niulab/yuyao/sensors_raw_data/S2/year/ang20161008t213309-C/s2_-360.tif,,master:downloaded_path,available,0,,expected,,kept,,,,,,/mnt/engg-niulab/yuyao/sensors_raw_data/S2/prev1/ang20161008t213309-C/s2_-7.tif,raw,/mnt/engg-niulab/yuyao/sensors_raw_data/S2/prev2/ang20161008t213309-C/s2_prev2.tif,raw,/mnt/engg-niulab/yuyao/sensors_raw_data/S2/prev3/ang20161008t213309-C/s2_prev3.tif,raw,/mnt/engg-niulab/yuyao/sensors_raw_data/S2/product_crops/6c0dfabf-398f-4074-89f8-5c879654a2fd/ang20161008t213309-C/prev3.tif,raw,/mnt/engg-niulab/yuyao/sensors_raw_data/S2/seasonal/ang20161008t213309-C/s2_-90.tif,raw,/mnt/engg-niulab/yuyao/sensors_raw_data/S2/year/ang20161008t213309-C/s2_-360.tif,raw,1,1,raw+raw+raw+raw+raw+raw,,,,,,,,,local_exact,,320.0,0.6272991307196207,S2A_MSIL2A_20161009T184302_N0500_R070_T11SLV_20230926T052457.SAFE,76499ef0-4674-4a27-87ae-56f8e18bf56e,,,,,,,,,local_exact,,320.0,0.6272991307196207,S2A_MSIL2A_20161006T184422_N0500_R027_T11SLV_20230922T114844.SAFE,81af311b-7d6a-46d0-87d7-2c247a84c266,,,,,,,,,local_exact,,320.0,0.6272991307196207,S2A_MSIL2A_20160929T185422_N0500_R070_T11SLV_20231002T061036.SAFE,89b2d664-1aa2-46e6-a418-92d7003edb89,,,,,,,,,local_exact,,320.0,0.6272991307196207,S2A_MSIL2A_20160926T183122_N0500_R027_T11SLV_20230929T205418.SAFE,6c0dfabf-398f-4074-89f8-5c879654a2fd,,,,,,,,,local_exact,,320.0,0.6272991307196207,S2A_MSIL2A_20160708T182922_N0500_R027_T11SLV_20231002T152346.SAFE,161f51ce-6635-4a63-ad73-67e3d79198b7,,,,,,,,,local_exact,,320.0,0.6272991307196207,S2A_MSIL2A_20150922T184436_N0500_R027_T11SLV_20231017T001227.SAFE,9d16c59c-4931-447b-a9c1-62574a67fb72
ang20161008t213309-D,2016-10-08T21:33:09+00,35.525324,-119.075145,"[-119.07623787345217, 35.52442283062321, -119.07418723821114, 35.52607737232719]",S2,2016-10-09T18:43:02.026000Z,76499ef0-4674-4a27-87ae-56f8e18bf56e,S2A_MSIL2A_20161009T184302_N0500_R070_T11SLV_20230926T052457.SAFE,S2|R070|20161009T1840,/mnt/engg-niulab/yuyao/sensors_raw_data/S2/prev1/ang20161008t213309-D/s2_-7.tif,,s2_download_manifest:downloaded,available,0,,expected,prev1,t0_24h_window,2016-10-06T18:44:22.026000Z,81af311b-7d6a-46d0-87d7-2c247a84c266,S2A_MSIL2A_20161006T184422_N0500_R027_T11SLV_20230922T114844.SAFE,S2|R027|20161006T1840,/mnt/engg-niulab/yuyao/sensors_raw_data/S2/prev2/ang20161008t213309-D/s2_prev2.tif,,s2_download_manifest:downloaded,available,0,,expected,prev2,,2016-09-29T18:54:22.026000Z,89b2d664-1aa2-46e6-a418-92d7003edb89,S2A_MSIL2A_20160929T185422_N0500_R070_T11SLV_20231002T061036.SAFE,S2|R070|20160929T1850,/mnt/engg-niulab/yuyao/sensors_raw_data/S2/prev3/ang20161008t213309-D/s2_prev3.tif,,s2_download_manifest:downloaded,available,0,,expected,prev3,,2016-09-26T18:31:22.026000Z,6c0dfabf-398f-4074-89f8-5c879654a2fd,S2A_MSIL2A_20160926T183122_N0500_R027_T11SLV_20230929T205418.SAFE,S2|R027|20160926T1830,/mnt/engg-niulab/yuyao/sensors_raw_data/S2/product_crops/6c0dfabf-398f-4074-89f8-5c879654a2fd/ang20161008t213309-D/prev3.tif,,download_s2_missing_from_clean_table,available,0,,expected,product_crops,,2016-07-08T18:29:22.026000+00:00,161f51ce-6635-4a63-ad73-67e3d79198b7,S2A_MSIL2A_20160708T182922_N0500_R027_T11SLV_20231002T152346.SAFE,S2|R027|20160708T1820,/mnt/engg-niulab/yuyao/sensors_raw_data/S2/seasonal/ang20161008t213309-D/s2_-90.tif,,master:downloaded_path,available,0,,expected,,kept,2015-09-22T18:44:36.027000+00:00,9d16c59c-4931-447b-a9c1-62574a67fb72,S2A_MSIL2A_20150922T184436_N0500_R027_T11SLV_20231017T001227.SAFE,S2|R027|20150922T1840,/mnt/engg-niulab/yuyao/sensors_raw_data/S2/year/ang20161008t213309-D/s2_-360.tif,,master:downloaded_path,available,0,,expected,,kept,,,,,,/mnt/engg-niulab/yuyao/sensors_raw_data/S2/prev1/ang20161008t213309-D/s2_-7.tif,raw,/mnt/engg-niulab/yuyao/sensors_raw_data/S2/prev2/ang20161008t213309-D/s2_prev2.tif,raw,/mnt/engg-niulab/yuyao/sensors_raw_data/S2/prev3/ang20161008t213309-D/s2_prev3.tif,raw,/mnt/engg-niulab/yuyao/sensors_raw_data/S2/product_crops/6c0dfabf-398f-4074-89f8-5c879654a2fd/ang20161008t213309-D/prev3.tif,raw,/mnt/engg-niulab/yuyao/sensors_raw_data/S2/seasonal/ang20161008t213309-D/s2_-90.tif,raw,/mnt/engg-niulab/yuyao/sensors_raw_data/S2/year/ang20161008t213309-D/s2_-360.tif,raw,1,1,raw+raw+raw+raw+raw+raw,,,,,,,,,local_exact,,336.0,0.8796932158875279,S2A_MSIL2A_20161009T184302_N0500_R070_T11SLV_20230926T052457.SAFE,76499ef0-4674-4a27-87ae-56f8e18bf56e,,,,,,,,,local_exact,,336.0,0.8796932158875279,S2A_MSIL2A_20161006T184422_N0500_R027_T11SLV_20230922T114844.SAFE,81af311b-7d6a-46d0-87d7-2c247a84c266,,,,,,,,,local_exact,,336.0,0.8796932158875279,S2A_MSIL2A_20160929T185422_N0500_R070_T11SLV_20231002T061036.SAFE,89b2d664-1aa2-46e6-a418-92d7003edb89,,,,,,,,,local_exact,,336.0,0.8796932158875279,S2A_MSIL2A_20160926T183122_N0500_R027_T11SLV_20230929T205418.SAFE,6c0dfabf-398f-4074-89f8-5c879654a2fd,,,,,,,,,local_exact,,336.0,0.8796932158875279,S2A_MSIL2A_20160708T182922_N0500_R027_T11SLV_20231002T152346.SAFE,161f51ce-6635-4a63-ad73-67e3d79198b7,,,,,,,,,local_exact,,336.0,0.8796932158875279,S2A_MSIL2A_20150922T184436_N0500_R027_T11SLV_20231017T001227.SAFE,9d16c59c-4931-447b-a9c1-62574a67fb72
ang20161008t213309-H,2016-10-08T21:33:09+00,35.515579,-119.075784,"[-119.0767637492455, 35.51470675267265, -119.07473108152368, 35.51636125892548]",S2,2016-10-09T18:43:02.026000Z,76499ef0-4674-4a27-87ae-56f8e18bf56e,S2A_MSIL2A_20161009T184302_N0500_R070_T11SLV_20230926T052457.SAFE,S2|R070|20161009T1840,/mnt/engg-niulab/yuyao/sensors_raw_data/S2/prev1/ang20161008t213309-H/s2_-7.tif,,s2_download_manifest:downloaded,available,0,,expected,prev1,t0_24h_window,2016-10-06T18:44:22.026000Z,81af311b-7d6a-46d0-87d7-2c247a84c266,S2A_MSIL2A_20161006T184422_N0500_R027_T11SLV_20230922T114844.SAFE,S2|R027|20161006T1840,/mnt/engg-niulab/yuyao/sensors_raw_data/S2/prev2/ang20161008t213309-H/s2_prev2.tif,,s2_download_manifest:downloaded,available,0,,expected,prev2,,2016-09-29T18:54:22.026000Z,89b2d664-1aa2-46e6-a418-92d7003edb89,S2A_MSIL2A_20160929T185422_N0500_R070_T11SLV_20231002T061036.SAFE,S2|R070|20160929T1850,/mnt/engg-niulab/yuyao/sensors_raw_data/S2/prev3/ang20161008t213309-H/s2_prev3.tif,,s2_download_manifest:downloaded,available,0,,expected,prev3,,2016-09-26T18:31:22.026000Z,6c0dfabf-398f-4074-89f8-5c879654a2fd,S2A_MSIL2A_20160926T183122_N0500_R027_T11SLV_20230929T205418.SAFE,S2|R027|20160926T1830,/mnt/engg-niulab/yuyao/sensors_raw_data/S2/product_crops/6c0dfabf-398f-4074-89f8-5c879654a2fd/ang20161008t213309-H/prev3.tif,,download_s2_missing_from_clean_table,available,0,,expected,product_crops,,2016-07-08T18:29:22.026000+00:00,161f51ce-6635-4a63-ad73-67e3d79198b7,S2A_MSIL2A_20160708T182922_N0500_R027_T11SLV_20231002T152346.SAFE,S2|R027|20160708T1820,/mnt/engg-niulab/yuyao/sensors_raw_data/S2/seasonal/ang20161008t213309-H/s2_-90.tif,,master:downloaded_path,available,0,,expected,,kept,2015-09-22T18:44:36.027000+00:00,9d16c59c-4931-447b-a9c1-62574a67fb72,S2A_MSIL2A_20150922T184436_N0500_R027_T11SLV_20231017T001227.SAFE,S2|R027|20150922T1840,/mnt/engg-niulab/yuyao/sensors_raw_data/S2/year/ang20161008t213309-H/s2_-360.tif,,master:downloaded_path,available,0,,expected,,kept,,,,,,/mnt/engg-niulab/yuyao/sensors_raw_data/S2/prev1/ang20161008t213309-H/s2_-7.tif,raw,/mnt/engg-niulab/yuyao/sensors_raw_data/S2/prev2/ang20161008t213309-H/s2_prev2.tif,raw,/mnt/engg-niulab/yuyao/sensors_raw_data/S2/prev3/ang20161008t213309-H/s2_prev3.tif,raw,/mnt/engg-niulab/yuyao/sensors_raw_data/S2/product_crops/6c0dfabf-398f-4074-89f8-5c879654a2fd/ang20161008t213309-H/prev3.tif,raw,/mnt/engg-niulab/yuyao/sensors_raw_data/S2/seasonal/ang20161008t213309-H/s2_-90.tif,raw,/mnt/engg-niulab/yuyao/sensors_raw_data/S2/year/ang20161008t213309-H/s2_-360.tif,raw,1,1,raw+raw+raw+raw+raw+raw,,,,,,,,,local_exact,,332.0,0.8691320081416052,S2A_MSIL2A_20161009T184302_N0500_R070_T11SLV_20230926T052457.SAFE,76499ef0-4674-4a27-87ae-56f8e18bf56e,,,,,,,,,local_exact,,332.0,0.8691320081416052,S2A_MSIL2A_20161006T184422_N0500_R027_T11SLV_20230922T114844.SAFE,81af311b-7d6a-46d0-87d7-2c247a84c266,,,,,,,,,local_exact,,332.0,0.8691320081416052,S2A_MSIL2A_20160929T185422_N0500_R070_T11SLV_20231002T061036.SAFE,89b2d664-1aa2-46e6-a418-92d7003edb89,,,,,,,,,local_exact,,332.0,0.8691320081416052,S2A_MSIL2A_20160926T183122_N0500_R027_T11SLV_20230929T205418.SAFE,6c0dfabf-398f-4074-89f8-5c879654a2fd,,,,,,,,,local_exact,,332.0,0.8691320081416052,S2A_MSIL2A_20160708T182922_N0500_R027_T11SLV_20231002T152346.SAFE,161f51ce-6635-4a63-ad73-67e3d79198b7,,,,,,,,,local_exact,,332.0,0.8691320081416052,S2A_MSIL2A_20150922T184436_N0500_R027_T11SLV_20231017T001227.SAFE,9d16c59c-4931-447b-a9c1-62574a67fb72
ang20161008t213309-I,2016-10-08T21:33:09+00,35.518333,-119.078181,"[-119.08016707570007, 35.51603535314561, -119.07638441027542, 35.51912859272617]",S2,2016-10-09T18:43:02.026000Z,76499ef0-4674-4a27-87ae-56f8e18bf56e,S2A_MSIL2A_20161009T184302_N0500_R070_T11SLV_20230926T052457.SAFE,S2|R070|20161009T1840,/mnt/engg-niulab/yuyao/sensors_raw_data/S2/prev1/ang20161008t213309-I/s2_-7.tif,,s2_download_manifest:downloaded,available,0,,expected,prev1,t0_24h_window,2016-10-06T18:44:22.026000Z,81af311b-7d6a-46d0-87d7-2c247a84c266,S2A_MSIL2A_20161006T184422_N0500_R027_T11SLV_20230922T114844.SAFE,S2|R027|20161006T1840,/mnt/engg-niulab/yuyao/sensors_raw_data/S2/prev2/ang20161008t213309-I/s2_prev2.tif,,s2_download_manifest:downloaded,available,0,,expected,prev2,,2016-09-29T18:54:22.026000Z,89b2d664-1aa2-46e6-a418-92d7003edb89,S2A_MSIL2A_20160929T185422_N0500_R070_T11SLV_20231002T061036.SAFE,S2|R070|20160929T1850,/mnt/engg-niulab/yuyao/sensors_raw_data/S2/prev3/ang20161008t213309-I/s2_prev3.tif,,s2_download_manifest:downloaded,available,0,,expected,prev3,,2016-09-26T18:31:22.026000Z,6c0dfabf-398f-4074-89f8-5c879654a2fd,S2A_MSIL2A_20160926T183122_N0500_R027_T11SLV_20230929T205418.SAFE,S2|R027|20160926T1830,/mnt/engg-niulab/yuyao/sensors_raw_data/S2/product_crops/6c0dfabf-398f-4074-89f8-5c879654a2fd/ang20161008t213309-I/prev3.tif,,download_s2_missing_from_clean_table,available,0,,expected,product_crops,,2016-07-08T18:29:22.026000+00:00,161f51ce-6635-4a63-ad73-67e3d79198b7,S2A_MSIL2A_20160708T182922_N0500_R027_T11SLV_20231002T152346.SAFE,S2|R027|20160708T1820,/mnt/engg-niulab/yuyao/sensors_raw_data/S2/seasonal/ang20161008t213309-I/s2_-90.tif,,master:downloaded_path,available,0,,expected,,kept,2015-09-22T18:44:36.027000+00:00,9d16c59c-4931-447b-a9c1-62574a67fb72,S2A_MSIL2A_20150922T184436_N0500_R027_T11SLV_20231017T001227.SAFE,S2|R027|20150922T1840,/mnt/engg-niulab/yuyao/sensors_raw_data/S2/year/ang20161008t213309-I/s2_-360.tif,,master:downloaded_path,available,0,,expected,,kept,,,,,,/mnt/engg-niulab/yuyao/sensors_raw_data/S2/prev1/ang20161008t213309-I/s2_-7.tif,raw,/mnt/engg-niulab/yuyao/sensors_raw_data/S2/prev2/ang20161008t213309-I/s2_prev2.tif,raw,/mnt/engg-niulab/yuyao/sensors_raw_data/S2/prev3/ang20161008t213309-I/s2_prev3.tif,raw,/mnt/engg-niulab/yuyao/sensors_raw_data/S2/product_crops/6c0dfabf-398f-4074-89f8-5c879654a2fd/ang20161008t213309-I/prev3.tif,raw,/mnt/engg-niulab/yuyao/sensors_raw_data/S2/seasonal/ang20161008t213309-I/s2_-90.tif,raw,/mnt/engg-niulab/yuyao/sensors_raw_data/S2/year/ang20161008t213309-I/s2_-360.tif,raw,1,1,raw+raw+raw+raw+raw+raw,,,,,,,,,local_exact,,321.0,0.6307259302993771,S2A_MSIL2A_20161009T184302_N0500_R070_T11SLV_20230926T052457.SAFE,76499ef0-4674-4a27-87ae-56f8e18bf56e,,,,,,,,,local_exact,,321.0,0.6307259302993771,S2A_MSIL2A_20161006T184422_N0500_R027_T11SLV_20230922T114844.SAFE,81af311b-7d6a-46d0-87d7-2c247a84c266,,,,,,,,,local_exact,,321.0,0.6307259302993771,S2A_MSIL2A_20160929T185422_N0500_R070_T11SLV_20231002T061036.SAFE,89b2d664-1aa2-46e6-a418-92d7003edb89,,,,,,,,,local_exact,,321.0,0.6307259302993771,S2A_MSIL2A_20160926T183122_N0500_R027_T11SLV_20230929T205418.SAFE,6c0dfabf-398f-4074-89f8-5c879654a2fd,,,,,,,,,local_exact,,321.0,0.6307259302993771,S2A_MSIL2A_20160708T182922_N0500_R027_T11SLV_20231002T152346.SAFE,161f51ce-6635-4a63-ad73-67e3d79198b7,,,,,,,,,local_exact,,321.0,0.6307259302993771,S2A_MSIL2A_20150922T184436_N0500_R027_T11SLV_20231017T001227.SAFE,9d16c59c-4931-447b-a9c1-62574a67fb72
ang20161008t213955-J,2016-10-08T21:39:55+00,35.522444,-119.073653,"[-119.07535033004613, 35.52087017227575, -119.07166580481457, 35.523868965860444]",S2,2016-10-09T18:43:02.026000Z,76499ef0-4674-4a27-87ae-56f8e18bf56e,S2A_MSIL2A_20161009T184302_N0500_R070_T11SLV_20230926T052457.SAFE,S2|R070|20161009T1840,/mnt/engg-niulab/yuyao/sensors_raw_data/S2/prev1/ang20161008t213955-J/s2_-7.tif,,s2_download_manifest:downloaded,available,0,,expected,prev1,t0_24h_window,2016-10-06T18:44:22.026000Z,81af311b-7d6a-46d0-87d7-2c247a84c266,S2A_MSIL2A_20161006T184422_N0500_R027_T11SLV_20230922T114844.SAFE,S2|R027|20161006T1840,/mnt/engg-niulab/yuyao/sensors_raw_data/S2/prev2/ang20161008t213955-J/s2_prev2.tif,,s2_download_manifest:downloaded,available,0,,expected,prev2,,2016-09-29T18:54:22.026000Z,89b2d664-1aa2-46e6-a418-92d7003edb89,S2A_MSIL2A_20160929T185422_N0500_R070_T11SLV_20231002T061036.SAFE,S2|R070|20160929T1850,/mnt/engg-niulab/yuyao/sensors_raw_data/S2/prev3/ang20161008t213955-J/s2_prev3.tif,,s2_download_manifest:downloaded,available,0,,expected,prev3,,2016-09-26T18:31:22.026000Z,6c0dfabf-398f-4074-89f8-5c879654a2fd,S2A_MSIL2A_20160926T183122_N0500_R027_T11SLV_20230929T205418.SAFE,S2|R027|20160926T1830,/mnt/engg-niulab/yuyao/sensors_raw_data/S2/product_crops/6c0dfabf-398f-4074-89f8-5c879654a2fd/ang20161008t213955-J/prev3.tif,,download_s2_missing_from_clean_table,available,0,,expected,product_crops,,2016-07-08T18:29:22.026000+00:00,161f51ce-6635-4a63-ad73-67e3d79198b7,S2A_MSIL2A_20160708T182922_N0500_R027_T11SLV_20231002T152346.SAFE,S2|R027|20160708T1820,/mnt/engg-niulab/yuyao/sensors_raw_data/S2/seasonal/ang20161008t213955-J/s2_-90.tif,,master:downloaded_path,available,0,,expected,,kept,2015-09-22T18:44:36.027000+00:00,9d16c59c-4931-447b-a9c1-62574a67fb72,S2A_MSIL2A_20150922T184436_N0500_R027_T11SLV_20231017T001227.SAFE,S2|R027|20150922T1840,/mnt/engg-niulab/yuyao/sensors_raw_data/S2/year/ang20161008t213955-J/s2_-360.tif,,master:downloaded_path,available,0,,expected,,kept,,,,,,/mnt/engg-niulab/yuyao/sensors_raw_data/S2/prev1/ang20161008t213955-J/s2_-7.tif,raw,/mnt/engg-niulab/yuyao/sensors_raw_data/S2/prev2/ang20161008t213955-J/s2_prev2.tif,raw,/mnt/engg-niulab/yuyao/sensors_raw_data/S2/prev3/ang20161008t213955-J/s2_prev3.tif,raw,/mnt/engg-niulab/yuyao/sensors_raw_data/S2/product_crops/6c0dfabf-398f-4074-89f8-5c879654a2fd/ang20161008t213955-J/prev3.tif,raw,/mnt/engg-niulab/yuyao/sensors_raw_data/S2/seasonal/ang20161008t213955-J/s2_-90.tif,raw,/mnt/engg-niulab/yuyao/sensors_raw_data/S2/year/ang20161008t213955-J/s2_-360.tif,raw,1,1,raw+raw+raw+raw+raw+raw,,,,,,,,,local_exact,,342.0,0.9959388653514907,S2A_MSIL2A_20161009T184302_N0500_R070_T11SLV_20230926T052457.SAFE,76499ef0-4674-4a27-87ae-56f8e18bf56e,,,,,,,,,local_exact,,342.0,0.9959388653514907,S2A_MSIL2A_20161006T184422_N0500_R027_T11SLV_20230922T114844.SAFE,81af311b-7d6a-46d0-87d7-2c247a84c266,,,,,,,,,local_exact,,342.0,0.9959388653514907,S2A_MSIL2A_20160929T185422_N0500_R070_T11SLV_20231002T061036.SAFE,89b2d664-1aa2-46e6-a418-92d7003edb89,,,,,,,,,local_exact,,342.0,0.9959388653514907,S2A_MSIL2A_20160926T183122_N0500_R027_T11SLV_20230929T205418.SAFE,6c0dfabf-398f-4074-89f8-5c879654a2fd,,,,,,,,,local_exact,,342.0,0.9959388653514907,S2A_MSIL2A_20160708T182922_N0500_R027_T11SLV_20231002T152346.SAFE,161f51ce-6635-4a63-ad73-67e3d79198b7,,,,,,,,,local_exact,,342.0,0.9959388653514907,S2A_MSIL2A_20150922T184436_N0500_R027_T11SLV_20231017T001227.SAFE,9d16c59c-4931-447b-a9c1-62574a67fb72
ang20161008t213955-K,2016-10-08T21:39:55+00,35.525324,-119.075145,"[-119.07696005154757, 35.5237710983625, -119.07324343795108, 35.52676982310343]",S2,2016-10-09T18:43:02.026000Z,76499ef0-4674-4a27-87ae-56f8e18bf56e,S2A_MSIL2A_20161009T184302_N0500_R070_T11SLV_20230926T052457.SAFE,S2|R070|20161009T1840,/mnt/engg-niulab/yuyao/sensors_raw_data/S2/prev1/ang20161008t213955-K/s2_-7.tif,,s2_download_manifest:downloaded,available,0,,expected,prev1,t0_24h_window,2016-10-06T18:44:22.026000Z,81af311b-7d6a-46d0-87d7-2c247a84c266,S2A_MSIL2A_20161006T184422_N0500_R027_T11SLV_20230922T114844.SAFE,S2|R027|20161006T1840,/mnt/engg-niulab/yuyao/sensors_raw_data/S2/prev2/ang20161008t213955-K/s2_prev2.tif,,s2_download_manifest:downloaded,available,0,,expected,prev2,,2016-09-29T18:54:22.026000Z,89b2d664-1aa2-46e6-a418-92d7003edb89,S2A_MSIL2A_20160929T185422_N0500_R070_T11SLV_20231002T061036.SAFE,S2|R070|20160929T1850,/mnt/engg-niulab/yuyao/sensors_raw_data/S2/prev3/ang20161008t213955-K/s2_prev3.tif,,s2_download_manifest:downloaded,available,0,,expected,prev3,,2016-09-26T18:31:22.026000Z,6c0dfabf-398f-4074-89f8-5c879654a2fd,S2A_MSIL2A_20160926T183122_N0500_R027_T11SLV_20230929T205418.SAFE,S2|R027|20160926T1830,/mnt/engg-niulab/yuyao/sensors_raw_data/S2/product_crops/6c0dfabf-398f-4074-89f8-5c879654a2fd/ang20161008t213955-K/prev3.tif,,download_s2_missing_from_clean_table,available,0,,expected,product_crops,,2016-07-08T18:29:22.026000+00:00,161f51ce-6635-4a63-ad73-67e3d79198b7,S2A_MSIL2A_20160708T182922_N0500_R027_T11SLV_20231002T152346.SAFE,S2|R027|20160708T1820,/mnt/engg-niulab/yuyao/sensors_raw_data/S2/seasonal/ang20161008t213955-K/s2_-90.tif,,master:downloaded_path,available,0,,expected,,kept,2015-09-22T18:44:36.027000+00:00,9d16c59c-4931-447b-a9c1-62574a67fb72,S2A_MSIL2A_20150922T184436_N0500_R027_T11SLV_20231017T001227.SAFE,S2|R027|20150922T1840,/mnt/engg-niulab/yuyao/sensors_raw_data/S2/year/ang20161008t213955-K/s2_-360.tif,,master:downloaded_path,available,0,,expected,,kept,,,,,,/mnt/engg-niulab/yuyao/sensors_raw_data/S2/prev1/ang20161008t213955-K/s2_-7.tif,raw,/mnt/engg-niulab/yuyao/sensors_raw_data/S2/prev2/ang20161008t213955-K/s2_prev2.tif,raw,/mnt/engg-niulab/yuyao/sensors_raw_data/S2/prev3/ang20161008t213955-K/s2_prev3.tif,raw,/mnt/engg-niulab/yuyao/sensors_raw_data/S2/product_crops/6c0dfabf-398f-4074-89f8-5c879654a2fd/ang20161008t213955-K/prev3.tif,raw,/mnt/engg-niulab/yuyao/sensors_raw_data/S2/seasonal/ang20161008t213955-K/s2_-90.tif,raw,/mnt/engg-niulab/yuyao/sensors_raw_data/S2/year/ang20161008t213955-K/s2_-360.tif,raw,1,1,raw+raw+raw+raw+raw+raw,,,,,,,,,local_exact,,336.0,0.8796932158875279,S2A_MSIL2A_20161009T184302_N0500_R070_T11SLV_20230926T052457.SAFE,76499ef0-4674-4a27-87ae-56f8e18bf56e,,,,,,,,,local_exact,,336.0,0.8796932158875279,S2A_MSIL2A_20161006T184422_N0500_R027_T11SLV_20230922T114844.SAFE,81af311b-7d6a-46d0-87d7-2c247a84c266,,,,,,,,,local_exact,,336.0,0.8796932158875279,S2A_MSIL2A_20160929T185422_N0500_R070_T11SLV_20231002T061036.SAFE,89b2d664-1aa2-46e6-a418-92d7003edb89,,,,,,,,,local_exact,,336.0,0.8796932158875279,S2A_MSIL2A_20160926T183122_N0500_R027_T11SLV_20230929T205418.SAFE,6c0dfabf-398f-4074-89f8-5c879654a2fd,,,,,,,,,local_exact,,336.0,0.8796932158875279,S2A_MSIL2A_20160708T182922_N0500_R027_T11SLV_20231002T152346.SAFE,161f51ce-6635-4a63-ad73-67e3d79198b7,,,,,,,,,local_exact,,336.0,0.8796932158875279,S2A_MSIL2A_20150922T184436_N0500_R027_T11SLV_20231017T001227.SAFE,9d16c59c-4931-447b-a9c1-62574a67fb72
ang20161008t213955-N,2016-10-08T21:39:55+00,35.511695,-119.074463,"[-119.0755996172892, 35.509441501930326, -119.07191561279059, 35.51244029859594]",S2,2016-10-09T18:43:02.026000Z,76499ef0-4674-4a27-87ae-56f8e18bf56e,S2A_MSIL2A_20161009T184302_N0500_R070_T11SLV_20230926T052457.SAFE,S2|R070|20161009T1840,/mnt/engg-niulab/yuyao/sensors_raw_data/S2/prev1/ang20161008t213955-N/s2_-7.tif,,s2_download_manifest:downloaded,available,0,,expected,prev1,t0_24h_window,2016-10-06T18:44:22.026000Z,81af311b-7d6a-46d0-87d7-2c247a84c266,S2A_MSIL2A_20161006T184422_N0500_R027_T11SLV_20230922T114844.SAFE,S2|R027|20161006T1840,/mnt/engg-niulab/yuyao/sensors_raw_data/S2/prev2/ang20161008t213955-N/s2_prev2.tif,,s2_download_manifest:downloaded,available,0,,expected,prev2,,2016-09-29T18:54:22.026000Z,89b2d664-1aa2-46e6-a418-92d7003edb89,S2A_MSIL2A_20160929T185422_N0500_R070_T11SLV_20231002T061036.SAFE,S2|R070|20160929T1850,/mnt/engg-niulab/yuyao/sensors_raw_data/S2/prev3/ang20161008t213955-N/s2_prev3.tif,,s2_download_manifest:downloaded,available,0,,expected,prev3,,2016-09-26T18:31:22.026000Z,6c0dfabf-398f-4074-89f8-5c879654a2fd,S2A_MSIL2A_20160926T183122_N0500_R027_T11SLV_20230929T205418.SAFE,S2|R027|20160926T1830,/mnt/engg-niulab/yuyao/sensors_raw_data/S2/product_crops/6c0dfabf-398f-4074-89f8-5c879654a2fd/ang20161008t213955-N/prev3.tif,,download_s2_missing_from_clean_table,available,0,,expected,product_crops,,2016-07-08T18:29:22.026000+00:00,161f51ce-6635-4a63-ad73-67e3d79198b7,S2A_MSIL2A_20160708T182922_N0500_R027_T11SLV_20231002T152346.SAFE,S2|R027|20160708T1820,/mnt/engg-niulab/yuyao/sensors_raw_data/S2/seasonal/ang20161008t213955-N/s2_-90.tif,,master:downloaded_path,available,0,,expected,,kept,2015-09-22T18:44:36.027000+00:00,9d16c59c-4931-447b-a9c1-62574a67fb72,S2A_MSIL2A_20150922T184436_N0500_R027_T11SLV_20231017T001227.SAFE,S2|R027|20150922T1840,/mnt/engg-niulab/yuyao/sensors_raw_data/S2/year/ang20161008t213955-N/s2_-360.tif,,master:downloaded_path,available,0,,expected,,kept,,,,,,/mnt/engg-niulab/yuyao/sensors_raw_data/S2/prev1/ang20161008t213955-N/s2_-7.tif,raw,/mnt/engg-niulab/yuyao/sensors_raw_data/S2/prev2/ang20161008t213955-N/s2_prev2.tif,raw,/mnt/engg-niulab/yuyao/sensors_raw_data/S2/prev3/ang20161008t213955-N/s2_prev3.tif,raw,/mnt/engg-niulab/yuyao/sensors_raw_data/S2/product_crops/6c0dfabf-398f-4074-89f8-5c879654a2fd/ang20161008t213955-N/prev3.tif,raw,/mnt/engg-niulab/yuyao/sensors_raw_data/S2/seasonal/ang20161008t213955-N/s2_-90.tif,raw,/mnt/engg-niulab/yuyao/sensors_raw_data/S2/year/ang20161008t213955-N/s2_-360.tif,raw,1,1,raw+raw+raw+raw+raw+raw,,,,,,,,,local_exact,,337.0,0.7156529987241811,S2A_MSIL2A_20161009T184302_N0500_R070_T11SLV_20230926T052457.SAFE,76499ef0-4674-4a27-87ae-56f8e18bf56e,,,,,,,,,local_exact,,337.0,0.7156529987241811,S2A_MSIL2A_20161006T184422_N0500_R027_T11SLV_20230922T114844.SAFE,81af311b-7d6a-46d0-87d7-2c247a84c266,,,,,,,,,local_exact,,337.0,0.7156529987241811,S2A_MSIL2A_20160929T185422_N0500_R070_T11SLV_20231002T061036.SAFE,89b2d664-1aa2-46e6-a418-92d7003edb89,,,,,,,,,local_exact,,337.0,0.7156529987241811,S2A_MSIL2A_20160926T183122_N0500_R027_T11SLV_20230929T205418.SAFE,6c0dfabf-398f-4074-89f8-5c879654a2fd,,,,,,,,,local_exact,,337.0,0.7156529987241811,S2A_MSIL2A_20160708T182922_N0500_R027_T11SLV_20231002T152346.SAFE,161f51ce-6635-4a63-ad73-67e3d79198b7,,,,,,,,,local_exact,,337.0,0.7156529987241811,S2A_MSIL2A_20150922T184436_N0500_R027_T11SLV_20231017T001227.SAFE,9d16c59c-4931-447b-a9c1-62574a67fb72
ang20161008t213955-O,2016-10-08T21:39:55+00,35.515579,-119.075784,"[-119.07708027375655, 35.513546607624775, -119.07339608494179, 35.516545400990054]",S2,2016-10-09T18:43:02.026000Z,76499ef0-4674-4a27-87ae-56f8e18bf56e,S2A_MSIL2A_20161009T184302_N0500_R070_T11SLV_20230926T052457.SAFE,S2|R070|20161009T1840,/mnt/engg-niulab/yuyao/sensors_raw_data/S2/prev1/ang20161008t213955-O/s2_-7.tif,,s2_download_manifest:downloaded,available,0,,expected,prev1,t0_24h_window,2016-10-06T18:44:22.026000Z,81af311b-7d6a-46d0-87d7-2c247a84c266,S2A_MSIL2A_20161006T184422_N0500_R027_T11SLV_20230922T114844.SAFE,S2|R027|20161006T1840,/mnt/engg-niulab/yuyao/sensors_raw_data/S2/prev2/ang20161008t213955-O/s2_prev2.tif,,s2_download_manifest:downloaded,available,0,,expected,prev2,,2016-09-29T18:54:22.026000Z,89b2d664-1aa2-46e6-a418-92d7003edb89,S2A_MSIL2A_20160929T185422_N0500_R070_T11SLV_20231002T061036.SAFE,S2|R070|20160929T1850,/mnt/engg-niulab/yuyao/sensors_raw_data/S2/prev3/ang20161008t213955-O/s2_prev3.tif,,s2_download_manifest:downloaded,available,0,,expected,prev3,,2016-09-26T18:31:22.026000Z,6c0dfabf-398f-4074-89f8-5c879654a2fd,S2A_MSIL2A_20160926T183122_N0500_R027_T11SLV_20230929T205418.SAFE,S2|R027|20160926T1830,/mnt/engg-niulab/yuyao/sensors_raw_data/S2/product_crops/6c0dfabf-398f-4074-89f8-5c879654a2fd/ang20161008t213955-O/prev3.tif,,download_s2_missing_from_clean_table,available,0,,expected,product_crops,,2016-07-08T18:29:22.026000+00:00,161f51ce-6635-4a63-ad73-67e3d79198b7,S2A_MSIL2A_20160708T182922_N0500_R027_T11SLV_20231002T152346.SAFE,S2|R027|20160708T1820,/mnt/engg-niulab/yuyao/sensors_raw_data/S2/seasonal/ang20161008t213955-O/s2_-90.tif,,master:downloaded_path,available,0,,expected,,kept,2015-09-22T18:44:36.027000+00:00,9d16c59c-4931-447b-a9c1-62574a67fb72,S2A_MSIL2A_20150922T184436_N0500_R027_T11SLV_20231017T001227.SAFE,S2|R027|20150922T1840,/mnt/engg-niulab/yuyao/sensors_raw_data/S2/year/ang20161008t213955-O/s2_-360.tif,,master:downloaded_path,available,0,,expected,,kept,,,,,,/mnt/engg-niulab/yuyao/sensors_raw_data/S2/prev1/ang20161008t213955-O/s2_-7.tif,raw,/mnt/engg-niulab/yuyao/sensors_raw_data/S2/prev2/ang20161008t213955-O/s2_prev2.tif,raw,/mnt/engg-niulab/yuyao/sensors_raw_data/S2/prev3/ang20161008t213955-O/s2_prev3.tif,raw,/mnt/engg-niulab/yuyao/sensors_raw_data/S2/product_crops/6c0dfabf-398f-4074-89f8-5c879654a2fd/ang20161008t213955-O/prev3.tif,raw,/mnt/engg-niulab/yuyao/sensors_raw_data/S2/seasonal/ang20161008t213955-O/s2_-90.tif,raw,/mnt/engg-niulab/yuyao/sensors_raw_data/S2/year/ang20161008t213955-O/s2_-360.tif,raw,1,1,raw+raw+raw+raw+raw+raw,,,,,,,,,local_exact,,332.0,0.8691320081416052,S2A_MSIL2A_20161009T184302_N0500_R070_T11SLV_20230926T052457.SAFE,76499ef0-4674-4a27-87ae-56f8e18bf56e,,,,,,,,,local_exact,,332.0,0.8691320081416052,S2A_MSIL2A_20161006T184422_N0500_R027_T11SLV_20230922T114844.SAFE,81af311b-7d6a-46d0-87d7-2c247a84c266,,,,,,,,,local_exact,,332.0,0.8691320081416052,S2A_MSIL2A_20160929T185422_N0500_R070_T11SLV_20231002T061036.SAFE,89b2d664-1aa2-46e6-a418-92d7003edb89,,,,,,,,,local_exact,,332.0,0.8691320081416052,S2A_MSIL2A_20160926T183122_N0500_R027_T11SLV_20230929T205418.SAFE,6c0dfabf-398f-4074-89f8-5c879654a2fd,,,,,,,,,local_exact,,332.0,0.8691320081416052,S2A_MSIL2A_20160708T182922_N0500_R027_T11SLV_20231002T152346.SAFE,161f51ce-6635-4a63-ad73-67e3d79198b7,,,,,,,,,local_exact,,332.0,0.8691320081416052,S2A_MSIL2A_20150922T184436_N0500_R027_T11SLV_20231017T001227.SAFE,9d16c59c-4931-447b-a9c1-62574a67fb72
ang20161008t213955-P,2016-10-08T21:39:55+00,35.534,-119.083153,"[-119.08498690711775, 35.53223738059314, -119.08104544479562, 35.535418757470666]",S2,2016-10-09T18:43:02.026000Z,76499ef0-4674-4a27-87ae-56f8e18bf56e,S2A_MSIL2A_20161009T184302_N0500_R070_T11SLV_20230926T052457.SAFE,S2|R070|20161009T1840,/mnt/engg-niulab/yuyao/sensors_raw_data/S2/prev1/ang20161008t213955-P/s2_-7.tif,,s2_download_manifest:downloaded,available,0,,expected,prev1,t0_24h_window,2016-10-06T18:44:22.026000Z,81af311b-7d6a-46d0-87d7-2c247a84c266,S2A_MSIL2A_20161006T184422_N0500_R027_T11SLV_20230922T114844.SAFE,S2|R027|20161006T1840,/mnt/engg-niulab/yuyao/sensors_raw_data/S2/prev2/ang20161008t213955-P/s2_prev2.tif,,s2_download_manifest:downloaded,available,0,,expected,prev2,,2016-09-29T18:54:22.026000Z,89b2d664-1aa2-46e6-a418-92d7003edb89,S2A_MSIL2A_20160929T185422_N0500_R070_T11SLV_20231002T061036.SAFE,S2|R070|20160929T1850,/mnt/engg-niulab/yuyao/sensors_raw_data/S2/prev3/ang20161008t213955-P/s2_prev3.tif,,s2_download_manifest:downloaded,available,0,,expected,prev3,,2016-09-26T18:31:22.026000Z,6c0dfabf-398f-4074-89f8-5c879654a2fd,S2A_MSIL2A_20160926T183122_N0500_R027_T11SLV_20230929T205418.SAFE,S2|R027|20160926T1830,/mnt/engg-niulab/yuyao/sensors_raw_data/S2/product_crops/6c0dfabf-398f-4074-89f8-5c879654a2fd/ang20161008t213955-P/prev3.tif,,download_s2_missing_from_clean_table,available,0,,expected,product_crops,,2016-07-08T18:29:22.026000+00:00,161f51ce-6635-4a63-ad73-67e3d79198b7,S2A_MSIL2A_20160708T182922_N0500_R027_T11SLV_20231002T152346.SAFE,S2|R027|20160708T1820,/mnt/engg-niulab/yuyao/sensors_raw_data/S2/seasonal/ang20161008t213955-P/s2_-90.tif,,master:downloaded_path,available,0,,expected,,kept,2015-09-22T18:44:36.027000+00:00,9d16c59c-4931-447b-a9c1-62574a67fb72,S2A_MSIL2A_20150922T184436_N0500_R027_T11SLV_20231017T001227.SAFE,S2|R027|20150922T1840,/mnt/engg-niulab/yuyao/sensors_raw_data/S2/year/ang20161008t213955-P/s2_-360.tif,,master:downloaded_path,available,0,,expected,,kept,,,,,,/mnt/engg-niulab/yuyao/sensors_raw_data/S2/prev1/ang20161008t213955-P/s2_-7.tif,raw,/mnt/engg-niulab/yuyao/sensors_raw_data/S2/prev2/ang20161008t213955-P/s2_prev2.tif,raw,/mnt/engg-niulab/yuyao/sensors_raw_data/S2/prev3/ang20161008t213955-P/s2_prev3.tif,raw,/mnt/engg-niulab/yuyao/sensors_raw_data/S2/product_crops/6c0dfabf-398f-4074-89f8-5c879654a2fd/ang20161008t213955-P/prev3.tif,raw,/mnt/engg-niulab/yuyao/sensors_raw_data/S2/seasonal/ang20161008t213955-P/s2_-90.tif,raw,/mnt/engg-niulab/yuyao/sensors_raw_data/S2/year/ang20161008t213955-P/s2_-360.tif,raw,1,1,raw+raw+raw+raw+raw+raw,,,,,,,,,local_exact,,300.0,0.9923369214229751,S2A_MSIL2A_20161009T184302_N0500_R070_T11SLV_20230926T052457.SAFE,76499ef0-4674-4a27-87ae-56f8e18bf56e,,,,,,,,,local_exact,,300.0,0.9923369214229751,S2A_MSIL2A_20161006T184422_N0500_R027_T11SLV_20230922T114844.SAFE,81af311b-7d6a-46d0-87d7-2c247a84c266,,,,,,,,,local_exact,,300.0,0.9923369214229751,S2A_MSIL2A_20160929T185422_N0500_R070_T11SLV_20231002T061036.SAFE,89b2d664-1aa2-46e6-a418-92d7003edb89,,,,,,,,,local_exact,,300.0,0.9923369214229751,S2A_MSIL2A_20160926T183122_N0500_R027_T11SLV_20230929T205418.SAFE,6c0dfabf-398f-4074-89f8-5c879654a2fd,,,,,,,,,local_exact,,300.0,0.9923369214229751,S2A_MSIL2A_20160708T182922_N0500_R027_T11SLV_20231002T152346.SAFE,161f51ce-6635-4a63-ad73-67e3d79198b7,,,,,,,,,local_exact,,300.0,0.9923369214229751,S2A_MSIL2A_20150922T184436_N0500_R027_T11SLV_20231017T001227.SAFE,9d16c59c-4931-447b-a9c1-62574a67fb72
ang20161008t213955-Q,2016-10-08T21:39:55+00,35.530406,-119.080039,"[-119.0831659984156, 35.52843254706332, -119.0773982519429, 35.53312635901378]",S2,2016-10-09T18:43:02.026000Z,76499ef0-4674-4a27-87ae-56f8e18bf56e,S2A_MSIL2A_20161009T184302_N0500_R070_T11SLV_20230926T052457.SAFE,S2|R070|20161009T1840,/mnt/engg-niulab/yuyao/sensors_raw_data/S2/prev1/ang20161008t213955-Q/s2_-7.tif,,s2_download_manifest:downloaded,available,0,,expected,prev1,t0_24h_window,2016-10-06T18:44:22.026000Z,81af311b-7d6a-46d0-87d7-2c247a84c266,S2A_MSIL2A_20161006T184422_N0500_R027_T11SLV_20230922T114844.SAFE,S2|R027|20161006T1840,/mnt/engg-niulab/yuyao/sensors_raw_data/S2/prev2/ang20161008t213955-Q/s2_prev2.tif,,s2_download_manifest:downloaded,available,0,,expected,prev2,,2016-09-29T18:54:22.026000Z,89b2d664-1aa2-46e6-a418-92d7003edb89,S2A_MSIL2A_20160929T185422_N0500_R070_T11SLV_20231002T061036.SAFE,S2|R070|20160929T1850,/mnt/engg-niulab/yuyao/sensors_raw_data/S2/prev3/ang20161008t213955-Q/s2_prev3.tif,,s2_download_manifest:downloaded,available,0,,expected,prev3,,2016-09-26T18:31:22.026000Z,6c0dfabf-398f-4074-89f8-5c879654a2fd,S2A_MSIL2A_20160926T183122_N0500_R027_T11SLV_20230929T205418.SAFE,S2|R027|20160926T1830,/mnt/engg-niulab/yuyao/sensors_raw_data/S2/product_crops/6c0dfabf-398f-4074-89f8-5c879654a2fd/ang20161008t213955-Q/prev3.tif,,download_s2_missing_from_clean_table,available,0,,expected,product_crops,,2016-07-08T18:29:22.026000+00:00,161f51ce-6635-4a63-ad73-67e3d79198b7,S2A_MSIL2A_20160708T182922_N0500_R027_T11SLV_20231002T152346.SAFE,S2|R027|20160708T1820,/mnt/engg-niulab/yuyao/sensors_raw_data/S2/seasonal/ang20161008t213955-Q/s2_-90.tif,,master:downloaded_path,available,0,,expected,,kept,2015-09-22T18:44:36.027000+00:00,9d16c59c-4931-447b-a9c1-62574a67fb72,S2A_MSIL2A_20150922T184436_N0500_R027_T11SLV_20231017T001227.SAFE,S2|R027|20150922T1840,/mnt/engg-niulab/yuyao/sensors_raw_data/S2/year/ang20161008t213955-Q/s2_-360.tif,,master:downloaded_path,available,0,,expected,,kept,,,,,,/mnt/engg-niulab/yuyao/sensors_raw_data/S2/prev1/ang20161008t213955-Q/s2_-7.tif,raw,/mnt/engg-niulab/yuyao/sensors_raw_data/S2/prev2/ang20161008t213955-Q/s2_prev2.tif,raw,/mnt/engg-niulab/yuyao/sensors_raw_data/S2/prev3/ang20161008t213955-Q/s2_prev3.tif,raw,/mnt/engg-niulab/yuyao/sensors_raw_data/S2/product_crops/6c0dfabf-398f-4074-89f8-5c879654a2fd/ang20161008t213955-Q/prev3.tif,raw,/mnt/engg-niulab/yuyao/sensors_raw_data/S2/seasonal/ang20161008t213955-Q/s2_-90.tif,raw,/mnt/engg-niulab/yuyao/sensors_raw_data/S2/year/ang20161008t213955-Q/s2_-360.tif,raw,1,1,raw+raw+raw+raw+raw+raw,,,,,,,,,local_exact,,314.0,0.6185820313185104,S2A_MSIL2A_20161009T184302_N0500_R070_T11SLV_20230926T052457.SAFE,76499ef0-4674-4a27-87ae-56f8e18bf56e,,,,,,,,,local_exact,,314.0,0.6185820313185104,S2A_MSIL2A_20161006T184422_N0500_R027_T11SLV_20230922T114844.SAFE,81af311b-7d6a-46d0-87d7-2c247a84c266,,,,,,,,,local_exact,,314.0,0.6185820313185104,S2A_MSIL2A_20160929T185422_N0500_R070_T11SLV_20231002T061036.SAFE,89b2d664-1aa2-46e6-a418-92d7003edb89,,,,,,,,,local_exact,,314.0,0.6185820313185104,S2A_MSIL2A_20160926T183122_N0500_R027_T11SLV_20230929T205418.SAFE,6c0dfabf-398f-4074-89f8-5c879654a2fd,,,,,,,,,local_exact,,314.0,0.6185820313185104,S2A_MSIL2A_20160708T182922_N0500_R027_T11SLV_20231002T152346.SAFE,161f51ce-6635-4a63-ad73-67e3d79198b7,,,,,,,,,local_exact,,314.0,0.6185820313185104,S2A_MSIL2A_20150922T184436_N0500_R027_T11SLV_20231017T001227.SAFE,9d16c59c-4931-447b-a9c1-62574a67fb72
ang20170615t223601-C,2017-06-15T22:36:01+00,35.525324,-119.075145,"[-119.07628492742788, 35.52428082864255, -119.07387084351764, 35.52624555350723]",S2,2017-06-16T18:54:31.026000Z,a1ac0e7e-8d57-4168-a6a1-c26f1f8399b8,S2A_MSIL2A_20170616T185431_N0500_R070_T11SLV_20230902T090912.SAFE,S2|R070|20170616T1850,/mnt/engg-niulab/yuyao/sensors_raw_data/S2/prev1/ang20170615t223601-C/s2_-7.tif,,s2_download_manifest:downloaded,available,0,,expected,prev1,t0_24h_window,2017-06-13T18:29:21.026000Z,78c3c82d-19e8-4a84-afe4-26e052ba9a90,S2A_MSIL2A_20170613T182921_N0500_R027_T11SLV_20231024T043227.SAFE,S2|R027|20170613T1820,/mnt/engg-niulab/yuyao/sensors_raw_data/S2/prev2/ang20170615t223601-C/s2_prev2.tif,,s2_download_manifest:downloaded,available,0,,expected,prev2,,2017-06-06T18:39:21.026000Z,1c802cd0-7efc-41ca-8a78-f7dd8ed4a19c,S2A_MSIL2A_20170606T183921_N0500_R070_T11SLV_20230902T092758.SAFE,S2|R070|20170606T1830,/mnt/engg-niulab/yuyao/sensors_raw_data/S2/prev3/ang20170615t223601-C/s2_prev3.tif,,s2_download_manifest:downloaded,available,0,,expected,prev3,,2017-05-27T18:54:31.026000Z,8a48c779-53c2-4ee7-b33b-e914d29d683a,S2A_MSIL2A_20170527T185431_N0500_R070_T11SLV_20230908T144148.SAFE,S2|R070|20170527T1850,/mnt/engg-niulab/yuyao/sensors_raw_data/S2/product_crops/8a48c779-53c2-4ee7-b33b-e914d29d683a/ang20170615t223601-C/prev3.tif,,download_s2_missing_from_clean_table,available,0,,expected,product_crops,,2017-03-15T18:44:21.026000+00:00,ebb115f4-090a-49ab-b2be-c0e4e0482c02,S2A_MSIL2A_20170315T184421_N0500_R027_T11SLV_20230909T145053.SAFE,S2|R027|20170315T1840,/mnt/engg-niulab/yuyao/sensors_raw_data/S2/seasonal/ang20170615t223601-C/s2_-90.tif,,master:downloaded_path,available,0,,expected,,kept,2016-06-18T18:29:22.027000+00:00,2667ffb4-c58c-4489-8828-039dcbc24488,S2A_MSIL2A_20160618T182922_N0500_R027_T11SLV_20231009T114102.SAFE,S2|R027|20160618T1820,/mnt/engg-niulab/yuyao/sensors_raw_data/S2/year/ang20170615t223601-C/s2_-360.tif,,master:downloaded_path,available,0,,expected,,kept,,,,,,/mnt/engg-niulab/yuyao/sensors_raw_data/S2/prev1/ang20170615t223601-C/s2_-7.tif,raw,/mnt/engg-niulab/yuyao/sensors_raw_data/S2/prev2/ang20170615t223601-C/s2_prev2.tif,raw,/mnt/engg-niulab/yuyao/sensors_raw_data/S2/prev3/ang20170615t223601-C/s2_prev3.tif,raw,/mnt/engg-niulab/yuyao/sensors_raw_data/S2/product_crops/8a48c779-53c2-4ee7-b33b-e914d29d683a/ang20170615t223601-C/prev3.tif,raw,/mnt/engg-niulab/yuyao/sensors_raw_data/S2/seasonal/ang20170615t223601-C/s2_-90.tif,raw,/mnt/engg-niulab/yuyao/sensors_raw_data/S2/year/ang20170615t223601-C/s2_-360.tif,raw,1,1,raw+raw+raw+raw+raw+raw,,,,,,,,,local_exact,,336.0,0.8796932158875279,S2A_MSIL2A_20170616T185431_N0500_R070_T11SLV_20230902T090912.SAFE,a1ac0e7e-8d57-4168-a6a1-c26f1f8399b8,,,,,,,,,local_exact,,336.0,0.8796932158875279,S2A_MSIL2A_20170613T182921_N0500_R027_T11SLV_20231024T043227.SAFE,78c3c82d-19e8-4a84-afe4-26e052ba9a90,,,,,,,,,local_exact,,336.0,0.8796932158875279,S2A_MSIL2A_20170606T183921_N0500_R070_T11SLV_20230902T092758.SAFE,1c802cd0-7efc-41ca-8a78-f7dd8ed4a19c,,,,,,,,,stac_grid_only,,336.0,0.8796932158875279,S2A_MSIL2A_20170527T185431_N0500_R070_T11SLV_20230908T144148.SAFE,8a48c779-53c2-4ee7-b33b-e914d29d683a,,,,,,,,,local_exact,,336.0,0.8796932158875279,S2A_MSIL2A_20170315T184421_N0500_R027_T11SLV_20230909T145053.SAFE,ebb115f4-090a-49ab-b2be-c0e4e0482c02,,,,,,,,,local_exact,,336.0,0.8796932158875279,S2A_MSIL2A_20160618T182922_N0500_R027_T11SLV_20231009T114102.SAFE,2667ffb4-c58c-4489-8828-039dcbc24488
ang20170615t223601-E,2017-06-15T22:36:01+00,35.53653,-119.077937,"[-119.07896222954062, 35.53547068581238, -119.07654781464184, 35.53743540602606]",S2,2017-06-16T18:54:31.026000Z,a1ac0e7e-8d57-4168-a6a1-c26f1f8399b8,S2A_MSIL2A_20170616T185431_N0500_R070_T11SLV_20230902T090912.SAFE,S2|R070|20170616T1850,/mnt/engg-niulab/yuyao/sensors_raw_data/S2/prev1/ang20170615t223601-E/s2_-7.tif,,s2_download_manifest:downloaded,available,0,,expected,prev1,t0_24h_window,2017-06-13T18:29:21.026000Z,78c3c82d-19e8-4a84-afe4-26e052ba9a90,S2A_MSIL2A_20170613T182921_N0500_R027_T11SLV_20231024T043227.SAFE,S2|R027|20170613T1820,/mnt/engg-niulab/yuyao/sensors_raw_data/S2/prev2/ang20170615t223601-E/s2_prev2.tif,,s2_download_manifest:downloaded,available,0,,expected,prev2,,2017-06-06T18:39:21.026000Z,1c802cd0-7efc-41ca-8a78-f7dd8ed4a19c,S2A_MSIL2A_20170606T183921_N0500_R070_T11SLV_20230902T092758.SAFE,S2|R070|20170606T1830,/mnt/engg-niulab/yuyao/sensors_raw_data/S2/prev3/ang20170615t223601-E/s2_prev3.tif,,s2_download_manifest:downloaded,available,0,,expected,prev3,,2017-05-27T18:54:31.026000Z,8a48c779-53c2-4ee7-b33b-e914d29d683a,S2A_MSIL2A_20170527T185431_N0500_R070_T11SLV_20230908T144148.SAFE,S2|R070|20170527T1850,/mnt/engg-niulab/yuyao/sensors_raw_data/S2/product_crops/8a48c779-53c2-4ee7-b33b-e914d29d683a/ang20170615t223601-E/prev3.tif,,download_s2_missing_from_clean_table,available,0,,expected,product_crops,,2017-03-15T18:44:21.026000+00:00,ebb115f4-090a-49ab-b2be-c0e4e0482c02,S2A_MSIL2A_20170315T184421_N0500_R027_T11SLV_20230909T145053.SAFE,S2|R027|20170315T1840,/mnt/engg-niulab/yuyao/sensors_raw_data/S2/seasonal/ang20170615t223601-E/s2_-90.tif,,master:downloaded_path,available,0,,expected,,kept,2016-06-18T18:29:22.027000+00:00,2667ffb4-c58c-4489-8828-039dcbc24488,S2A_MSIL2A_20160618T182922_N0500_R027_T11SLV_20231009T114102.SAFE,S2|R027|20160618T1820,/mnt/engg-niulab/yuyao/sensors_raw_data/S2/year/ang20170615t223601-E/s2_-360.tif,,master:downloaded_path,available,0,,expected,,kept,,,,,,/mnt/engg-niulab/yuyao/sensors_raw_data/S2/prev1/ang20170615t223601-E/s2_-7.tif,raw,/mnt/engg-niulab/yuyao/sensors_raw_data/S2/prev2/ang20170615t223601-E/s2_prev2.tif,raw,/mnt/engg-niulab/yuyao/sensors_raw_data/S2/prev3/ang20170615t223601-E/s2_prev3.tif,raw,/mnt/engg-niulab/yuyao/sensors_raw_data/S2/product_crops/8a48c779-53c2-4ee7-b33b-e914d29d683a/ang20170615t223601-E/prev3.tif,raw,/mnt/engg-niulab/yuyao/sensors_raw_data/S2/seasonal/ang20170615t223601-E/s2_-90.tif,raw,/mnt/engg-niulab/yuyao/sensors_raw_data/S2/year/ang20170615t223601-E/s2_-360.tif,raw,1,1,raw+raw+raw+raw+raw+raw,,,,,,,,,local_exact,,324.0,0.865137208289525,S2A_MSIL2A_20170616T185431_N0500_R070_T11SLV_20230902T090912.SAFE,a1ac0e7e-8d57-4168-a6a1-c26f1f8399b8,,,,,,,,,local_exact,,324.0,0.865137208289525,S2A_MSIL2A_20170613T182921_N0500_R027_T11SLV_20231024T043227.SAFE,78c3c82d-19e8-4a84-afe4-26e052ba9a90,,,,,,,,,local_exact,,324.0,0.865137208289525,S2A_MSIL2A_20170606T183921_N0500_R070_T11SLV_20230902T092758.SAFE,1c802cd0-7efc-41ca-8a78-f7dd8ed4a19c,,,,,,,,,stac_grid_only,,324.0,0.865137208289525,S2A_MSIL2A_20170527T185431_N0500_R070_T11SLV_20230908T144148.SAFE,8a48c779-53c2-4ee7-b33b-e914d29d683a,,,,,,,,,local_exact,,324.0,0.865137208289525,S2A_MSIL2A_20170315T184421_N0500_R027_T11SLV_20230909T145053.SAFE,ebb115f4-090a-49ab-b2be-c0e4e0482c02,,,,,,,,,local_exact,,324.0,0.865137208289525,S2A_MSIL2A_20160618T182922_N0500_R027_T11SLV_20231009T114102.SAFE,2667ffb4-c58c-4489-8828-039dcbc24488
ang20170618t223820-A,2017-06-18T22:38:20+00,37.073418,-120.39228,"[-120.39466495708108, 37.072580869346446, -120.39012388074798, 37.07617611329919]",S2,2017-06-19T18:49:21.026000Z,7591b96f-c18b-4a76-ab11-c58e5ded2794,S2A_MSIL2A_20170619T184921_N0500_R113_T10SGG_20230905T225028.SAFE,S2|R113|20170619T1840,/mnt/engg-niulab/yuyao/sensors_raw_data/S2/prev1/ang20170618t223820-A/s2_-7.tif,,s2_download_manifest:downloaded,available,0,,expected,prev1,t0_24h_window,2017-06-06T18:39:21.026000Z,c98c4d4e-ff02-42d5-bca4-c6543d07e7e9,S2A_MSIL2A_20170606T183921_N0500_R070_T10SGG_20230902T092758.SAFE,S2|R070|20170606T1830,/mnt/engg-niulab/yuyao/sensors_raw_data/S2/prev2/ang20170618t223820-A/s2_prev2.tif,,s2_download_manifest:downloaded,available,0,,expected,prev2,,2017-05-20T19:03:51.026000Z,4be7ab2f-c27e-405e-85c1-02131b3a094f,S2A_MSIL2A_20170520T190351_N0500_R113_T10SGG_20230912T103926.SAFE,S2|R113|20170520T1900,/mnt/engg-niulab/yuyao/sensors_raw_data/S2/prev3/ang20170618t223820-A/s2_prev3.tif,,s2_download_manifest:downloaded,available,0,,expected,prev3,,2017-04-30T19:03:51.026000Z,c4f836f0-e068-4e1b-984b-78474c871668,S2A_MSIL2A_20170430T190351_N0500_R113_T10SGG_20230924T073240.SAFE,S2|R113|20170430T1900,/mnt/engg-niulab/yuyao/sensors_raw_data/S2/product_crops/c4f836f0-e068-4e1b-984b-78474c871668/ang20170618t223820-A/prev3.tif,,download_s2_missing_from_clean_table,available,0,,expected,product_crops,,2017-03-01T19:03:41.026000+00:00,791669d9-7daf-49d7-92d8-9b30b5b19364,S2A_MSIL2A_20170301T190341_N0500_R113_T10SGG_20230909T140504.SAFE,S2|R113|20170301T1900,/mnt/engg-niulab/yuyao/sensors_raw_data/S2/seasonal/ang20170618t223820-A/s2_-90.tif,,master:downloaded_path,available,0,,expected,,kept,2016-06-14T19:03:52.027000+00:00,c472061e-cd7c-4f94-9546-476925ee19ef,S2A_MSIL2A_20160614T190352_N0500_R113_T10SGG_20231007T122504.SAFE,S2|R113|20160614T1900,/mnt/engg-niulab/yuyao/sensors_raw_data/S2/year/ang20170618t223820-A/s2_-360.tif,,master:downloaded_path,available,0,,expected,,kept,,,,,,/mnt/engg-niulab/yuyao/sensors_raw_data/S2/prev1/ang20170618t223820-A/s2_-7.tif,raw,/mnt/engg-niulab/yuyao/sensors_raw_data/S2/prev2/ang20170618t223820-A/s2_prev2.tif,raw,/mnt/engg-niulab/yuyao/sensors_raw_data/S2/prev3/ang20170618t223820-A/s2_prev3.tif,raw,/mnt/engg-niulab/yuyao/sensors_raw_data/S2/product_crops/c4f836f0-e068-4e1b-984b-78474c871668/ang20170618t223820-A/prev3.tif,raw,/mnt/engg-niulab/yuyao/sensors_raw_data/S2/seasonal/ang20170618t223820-A/s2_-90.tif,raw,/mnt/engg-niulab/yuyao/sensors_raw_data/S2/year/ang20170618t223820-A/s2_-360.tif,raw,1,1,raw+raw+raw+raw+raw+raw,,,,,,,,,local_exact,,544.0,0.17295657016074983,S2A_MSIL2A_20170619T184921_N0500_R113_T10SGG_20230905T225028.SAFE,7591b96f-c18b-4a76-ab11-c58e5ded2794,,,,,,,,,local_exact,,544.0,0.17295657016074983,S2A_MSIL2A_20170606T183921_N0500_R070_T10SGG_20230902T092758.SAFE,c98c4d4e-ff02-42d5-bca4-c6543d07e7e9,,,,,,,,,local_exact,,544.0,0.17295657016074983,S2A_MSIL2A_20170520T190351_N0500_R113_T10SGG_20230912T103926.SAFE,4be7ab2f-c27e-405e-85c1-02131b3a094f,,,,,,,,,stac_grid_only,,544.0,0.17295657016074983,S2A_MSIL2A_20170430T190351_N0500_R113_T10SGG_20230924T073240.SAFE,c4f836f0-e068-4e1b-984b-78474c871668,,,,,,,,,local_exact,,544.0,0.17295657016074983,S2A_MSIL2A_20170301T190341_N0500_R113_T10SGG_20230909T140504.SAFE,791669d9-7daf-49d7-92d8-9b30b5b19364,,,,,,,,,local_exact,,544.0,0.17295657016074983,S2A_MSIL2A_20160614T190352_N0500_R113_T10SGG_20231007T122504.SAFE,c472061e-cd7c-4f94-9546-476925ee19ef
ang20171013t193251-A,2017-10-13T19:32:51+00,35.36895,-119.181273,"[-119.18236435466447, 35.36679092888611, -119.17856019993529, 35.36989301828259]",S2,2017-10-14T18:54:31.026000Z,local_sibling:06bd51b67a33591a,S2A_MSIL2A_20171014T185431_N0500_R070_T11SKV_20230727T145402.SAFE,S2|R070|20171014T1850,/mnt/engg-niulab/yuyao/sensors_raw_data/S2/t0/ang20171013t193251-A/s2.tif,,s2_download_manifest:downloaded,available,0,,expected,t0,t0_24h_window,2017-10-11T18:33:11.026000Z,836d052b-b810-483f-a9c5-9d9af0bf57bb,S2A_MSIL2A_20171011T183311_N0500_R027_T11SKV_20230722T091749.SAFE,S2|R027|20171011T1830,/mnt/engg-niulab/yuyao/sensors_raw_data/S2/prev2/ang20171013t193251-A/s2_prev2.tif,,s2_download_manifest:downloaded,available,0,,expected,prev2,,2017-10-09T18:54:19.027000Z,local_sibling:9ea5db090b621022,S2B_MSIL2A_20171009T185419_N0500_R070_T11SKV_20230722T062709.SAFE,S2|R070|20171009T1850,/mnt/engg-niulab/yuyao/sensors_raw_data/S2/prev3/ang20171013t193251-A/s2_prev3.tif,,s2_download_manifest:downloaded,available,0,,expected,prev3,,2017-10-04T18:42:21.026000Z,local_sibling:7552998dfede0fca,S2A_MSIL2A_20171004T184221_N0500_R070_T11SKV_20230910T141758.SAFE,S2|R070|20171004T1840,/mnt/engg-niulab/yuyao/sensors_raw_data/S2/product_crops/72555c9f-0757-441b-940b-cf60d59bd2a5/ang20171013t193251-A/prev3.tif,,download_s2_missing_from_clean_table,available,0,,expected,product_crops,,2017-07-13T18:44:31.026000+00:00,2217966a-377f-4b31-b0f3-7fe5490cd5ce,S2A_MSIL2A_20170713T184431_N0500_R027_T11SKV_20230818T181739.SAFE,S2|R027|20170713T1840,/mnt/engg-niulab/yuyao/sensors_raw_data/S2/seasonal/ang20171013t193251-A/s2_-90.tif,,master:downloaded_path,available,0,,expected,,kept,2016-10-09T18:43:02.026000+00:00,893fc518-50cf-4c15-b758-60b77c1a3257,S2A_MSIL2A_20161009T184302_N0500_R070_T11SKV_20230926T052457.SAFE,S2|R070|20161009T1840,/mnt/engg-niulab/yuyao/sensors_raw_data/S2/year/ang20171013t193251-A/s2_-360.tif,,master:downloaded_path,available,0,,expected,,kept,,,,,,/mnt/engg-niulab/yuyao/sensors_raw_data/S2/t0/ang20171013t193251-A/s2.tif,raw,/mnt/engg-niulab/yuyao/sensors_raw_data/S2/prev2/ang20171013t193251-A/s2_prev2.tif,raw,/mnt/engg-niulab/yuyao/sensors_raw_data/S2/prev3/ang20171013t193251-A/s2_prev3.tif,raw,/mnt/engg-niulab/yuyao/sensors_raw_data/S2/product_crops/72555c9f-0757-441b-940b-cf60d59bd2a5/ang20171013t193251-A/prev3.tif,raw,/mnt/engg-niulab/yuyao/sensors_raw_data/S2/seasonal/ang20171013t193251-A/s2_-90.tif,raw,/mnt/engg-niulab/yuyao/sensors_raw_data/S2/year/ang20171013t193251-A/s2_-360.tif,raw,1,1,raw+raw+raw+raw+raw+raw,,,,,,,,,local_point_repaired,,142.0,0.8433852903181105,S2A_MSIL2A_20171014T185431_N0500_R070_T11SLV_20230727T145402.SAFE,b05cf3c8-884e-4bba-a946-61296f8eb8a3,,,,,,,,,local_exact,,142.0,0.8433852903181105,S2A_MSIL2A_20171011T183311_N0500_R027_T11SKV_20230722T091749.SAFE,836d052b-b810-483f-a9c5-9d9af0bf57bb,,,,,,,,,local_point_repaired,,142.0,0.8433852903181105,S2B_MSIL2A_20171009T185419_N0500_R070_T11SLV_20230722T062709.SAFE,81469d00-9a0d-4915-8845-7f193e061d8e,,,,,,,,,local_point_repaired,,142.0,0.8433852903181105,S2A_MSIL2A_20171004T184221_N0500_R070_T11SLV_20230910T141758.SAFE,72555c9f-0757-441b-940b-cf60d59bd2a5,,,,,,,,,local_exact,,142.0,0.8433852903181105,S2A_MSIL2A_20170713T184431_N0500_R027_T11SKV_20230818T181739.SAFE,2217966a-377f-4b31-b0f3-7fe5490cd5ce,,,,,,,,,local_exact,,142.0,0.8433852903181105,S2A_MSIL2A_20161009T184302_N0500_R070_T11SKV_20230926T052457.SAFE,893fc518-50cf-4c15-b758-60b77c1a3257
ang20190924t181121-C,2019-09-24T18:11:21+00,31.86931,-101.824257,"[-101.82806613814391, 31.867616381218717, -101.8164301066738, 31.877497986473504]",S2,2019-09-25T17:20:49.024000Z,a763e6f4-3ff6-4d51-b32a-b91e7d89509a,S2B_MSIL2A_20190925T172049_N0500_R012_T14SKA_20230504T103722.SAFE,S2|R012|20190925T1720,/mnt/engg-niulab/yuyao/sensors_raw_data/S2/t0/ang20190924t181121-C/s2.tif,,s2_download_manifest:downloaded,available,0,,expected,t0,t0_24h_window,2019-09-20T17:20:11.024000Z,e3768e42-90e2-42ae-93b0-d8011968a766,S2A_MSIL2A_20190920T172011_N0500_R012_T14SKA_20230628T041805.SAFE,S2|R012|20190920T1720,/mnt/engg-niulab/yuyao/sensors_raw_data/S2/prev2/ang20190924t181121-C/s2_prev2.tif,,s2_download_manifest:downloaded,available,0,,expected,prev2,,2019-09-18T17:29:59.024000Z,69c63f35-40da-4518-8e29-0370192dc6ee,S2B_MSIL2A_20190918T172959_N0500_R055_T13SGR_20230702T113411.SAFE,S2|R055|20190918T1720,/mnt/engg-niulab/yuyao/sensors_raw_data/S2/prev3/ang20190924t181121-C/s2_prev3.tif,,s2_download_manifest:downloaded,available,0,,expected,prev3,,2019-09-15T17:19:29.024000Z,1068a803-6405-4ccd-b743-afcc51e6fb64,S2B_MSIL2A_20190915T171929_N0500_R012_T14SKA_20230502T032230.SAFE,S2|R012|20190915T1710,/mnt/engg-niulab/yuyao/sensors_raw_data/S2/product_crops/1068a803-6405-4ccd-b743-afcc51e6fb64/ang20190924t181121-C/prev3.tif,,download_s2_missing_from_clean_table,available,0,,expected,product_crops,,2019-06-25T17:29:01.024000+00:00,7991ef8e-f3a0-4709-b7dc-ea3b243c6d3e,S2A_MSIL2A_20190625T172901_N0500_R055_T13SGR_20230628T014341.SAFE,S2|R055|20190625T1720,/mnt/engg-niulab/yuyao/sensors_raw_data/S2/seasonal/ang20190924t181121-C/s2_-90.tif,,master:downloaded_path,available,0,,expected,,kept,2018-09-25T17:20:41.024000+00:00,7f2f7b5e-ca67-41d1-ae2e-0e1d5fbcf273,S2A_MSIL2A_20180925T172041_N0500_R012_T13SGR_20230730T042054.SAFE,S2|R012|20180925T1720,/mnt/engg-niulab/yuyao/sensors_raw_data/S2/year/ang20190924t181121-C/s2_-360.tif,,master:downloaded_path,available,0,,expected,,kept,,,,,,/mnt/engg-niulab/yuyao/sensors_raw_data/S2/t0/ang20190924t181121-C/s2.tif,raw,/mnt/engg-niulab/yuyao/sensors_raw_data/S2/prev2/ang20190924t181121-C/s2_prev2.tif,raw,/mnt/engg-niulab/yuyao/sensors_raw_data/S2/prev3/ang20190924t181121-C/s2_prev3.tif,raw,/mnt/engg-niulab/yuyao/sensors_raw_data/S2/product_crops/1068a803-6405-4ccd-b743-afcc51e6fb64/ang20190924t181121-C/prev3.tif,raw,/mnt/engg-niulab/yuyao/sensors_raw_data/S2/seasonal/ang20190924t181121-C/s2_-90.tif,raw,/mnt/engg-niulab/yuyao/sensors_raw_data/S2/year/ang20190924t181121-C/s2_-360.tif,raw,1,1,raw+raw+raw+raw+raw+raw,,,,,,,,,local_exact,,1385.0,0.5746554583311081,S2B_MSIL2A_20190925T172049_N0500_R012_T14SKA_20230504T103722.SAFE,a763e6f4-3ff6-4d51-b32a-b91e7d89509a,,,,,,,,,local_exact,,1385.0,0.5746554583311081,S2A_MSIL2A_20190920T172011_N0500_R012_T14SKA_20230628T041805.SAFE,e3768e42-90e2-42ae-93b0-d8011968a766,,,,,,,,,local_exact,,210.0,0.9585675844427897,S2B_MSIL2A_20190918T172959_N0500_R055_T13SGR_20230702T113411.SAFE,69c63f35-40da-4518-8e29-0370192dc6ee,,,,,,,,,local_exact,,1385.0,0.5746554583311081,S2B_MSIL2A_20190915T171929_N0500_R012_T14SKA_20230502T032230.SAFE,1068a803-6405-4ccd-b743-afcc51e6fb64,,,,,,,,,local_exact,,210.0,0.9585675844427897,S2A_MSIL2A_20190625T172901_N0500_R055_T13SGR_20230628T014341.SAFE,7991ef8e-f3a0-4709-b7dc-ea3b243c6d3e,,,,,,,,,local_exact,,210.0,0.9585675844427897,S2A_MSIL2A_20180925T172041_N0500_R012_T13SGR_20230730T042054.SAFE,7f2f7b5e-ca67-41d1-ae2e-0e1d5fbcf273
ang20191010t155034-E,2019-10-10T15:50:34+00,31.869294,-101.824531,"[-101.82846457188768, 31.866537528962247, -101.81925335390387, 31.874360101707385]",S2,2019-10-10T17:22:31.024000Z,beb4ddfe-2af8-4e63-b207-0401e62ed726,S2A_MSIL2A_20191010T172231_N0500_R012_T14SKA_20230614T022721.SAFE,S2|R012|20191010T1720,/mnt/engg-niulab/yuyao/sensors_raw_data/S2/prev1/ang20191010t155034-E/s2_-7.tif,,s2_download_manifest:downloaded,available,0,,expected,prev1,t0_24h_window,2019-10-08T17:32:19.024000Z,d64972a8-3f6c-4827-a7e1-a6a9c50446d8,S2B_MSIL2A_20191008T173219_N0500_R055_T14SKA_20230614T005808.SAFE,S2|R055|20191008T1730,/mnt/engg-niulab/yuyao/sensors_raw_data/S2/prev2/ang20191010t155034-E/s2_prev2.tif,,s2_download_manifest:downloaded,available,0,,expected,prev2,,2019-10-05T17:21:59.024000Z,5617a143-ceff-48bd-96fa-6d2c01eda1f0,S2B_MSIL2A_20191005T172159_N0500_R012_T14SKA_20230613T183752.SAFE,S2|R012|20191005T1720,/mnt/engg-niulab/yuyao/sensors_raw_data/S2/prev3/ang20191010t155034-E/s2_prev3.tif,,s2_download_manifest:downloaded,available,0,,expected,prev3,,2019-09-25T17:20:49.024000Z,c44ae5c4-97b0-4871-9a33-813a9f83da43,S2B_MSIL2A_20190925T172049_N0500_R012_T13SGR_20230504T103722.SAFE,S2|R012|20190925T1720,/mnt/engg-niulab/yuyao/sensors_raw_data/S2/product_crops/c44ae5c4-97b0-4871-9a33-813a9f83da43/ang20191010t155034-E/prev3.tif,,download_s2_missing_from_clean_table,available,0,,expected,product_crops,,2019-06-25T17:29:01.024000+00:00,7fffaf33-95d3-4f0d-8ac3-ea9f011b96a0,S2A_MSIL2A_20190625T172901_N0500_R055_T14SKA_20230628T014341.SAFE,S2|R055|20190625T1720,/mnt/engg-niulab/yuyao/sensors_raw_data/S2/seasonal/ang20191010t155034-E/s2_-90.tif,,master:downloaded_path,available,0,,expected,,kept,2018-10-10T17:22:29.024000+00:00,2fdd8b18-4f5d-49b1-be72-ed7941991087,S2B_MSIL2A_20181010T172229_N0500_R012_T14SKA_20230729T224604.SAFE,S2|R012|20181010T1720,/mnt/engg-niulab/yuyao/sensors_raw_data/S2/year/ang20191010t155034-E/s2_-360.tif,,master:downloaded_path,available,0,,expected,,kept,,,,,,/mnt/engg-niulab/yuyao/sensors_raw_data/S2/prev1/ang20191010t155034-E/s2_-7.tif,raw,/mnt/engg-niulab/yuyao/sensors_raw_data/S2/prev2/ang20191010t155034-E/s2_prev2.tif,raw,/mnt/engg-niulab/yuyao/sensors_raw_data/S2/prev3/ang20191010t155034-E/s2_prev3.tif,raw,/mnt/engg-niulab/yuyao/sensors_raw_data/S2/product_crops/c44ae5c4-97b0-4871-9a33-813a9f83da43/ang20191010t155034-E/prev3.tif,raw,/mnt/engg-niulab/yuyao/sensors_raw_data/S2/seasonal/ang20191010t155034-E/s2_-90.tif,raw,/mnt/engg-niulab/yuyao/sensors_raw_data/S2/year/ang20191010t155034-E/s2_-360.tif,raw,1,1,raw+raw+raw+raw+raw+raw,,,,,,,,,local_exact,,1384.0,0.629602176923072,S2A_MSIL2A_20191010T172231_N0500_R012_T14SKA_20230614T022721.SAFE,beb4ddfe-2af8-4e63-b207-0401e62ed726,,,,,,,,,local_exact,,1384.0,0.629602176923072,S2B_MSIL2A_20191008T173219_N0500_R055_T14SKA_20230614T005808.SAFE,d64972a8-3f6c-4827-a7e1-a6a9c50446d8,,,,,,,,,local_exact,,1384.0,0.629602176923072,S2B_MSIL2A_20191005T172159_N0500_R012_T14SKA_20230613T183752.SAFE,5617a143-ceff-48bd-96fa-6d2c01eda1f0,,,,,,,,,local_exact,,211.0,0.6749853099463508,S2B_MSIL2A_20190925T172049_N0500_R012_T13SGR_20230504T103722.SAFE,c44ae5c4-97b0-4871-9a33-813a9f83da43,,,,,,,,,local_exact,,1384.0,0.629602176923072,S2A_MSIL2A_20190625T172901_N0500_R055_T14SKA_20230628T014341.SAFE,7fffaf33-95d3-4f0d-8ac3-ea9f011b96a0,,,,,,,,,local_exact,,1384.0,0.629602176923072,S2B_MSIL2A_20181010T172229_N0500_R012_T14SKA_20230729T224604.SAFE,2fdd8b18-4f5d-49b1-be72-ed7941991087
ang20191010t184216-A,2019-10-10T18:42:16+00,32.02088445,-104.3023935,"[-104.30380791252973, 32.01910959338425, -104.29342437632825, 32.027913072809014]",S2,2019-10-11T17:42:49.024000Z,19f92fec-850f-4cb6-80d4-da68e9672e4b,S2B_MSIL2A_20191011T174249_N0500_R098_T13SER_20230615T141506.SAFE,S2|R098|20191011T1740,/mnt/engg-niulab/yuyao/sensors_raw_data/S2/prev1/ang20191010t184216-A/s2_-7.tif,,s2_download_manifest:downloaded,available,0,,expected,prev1,t0_24h_window,2019-09-28T17:31:09.024000Z,d5e06641-cdf2-422e-a852-19e120773508,S2B_MSIL2A_20190928T173109_N0500_R055_T13SER_20230628T131435.SAFE,S2|R055|20190928T1730,/mnt/engg-niulab/yuyao/sensors_raw_data/S2/prev2/ang20191010t184216-A/s2_prev2.tif,,s2_download_manifest:downloaded,available,0,,expected,prev2,,2019-09-26T17:41:01.024000Z,3164572a-d645-4c6d-a852-d9e703853bcc,S2A_MSIL2A_20190926T174101_N0500_R098_T13SER_20230509T092053.SAFE,S2|R098|20190926T1740,/mnt/engg-niulab/yuyao/sensors_raw_data/S2/prev3/ang20191010t184216-A/s2_prev3.tif,,s2_download_manifest:downloaded,available,0,,expected,prev3,,2019-09-18T17:29:59.024000Z,023ed090-5df2-4219-98d6-e88e72639903,S2B_MSIL2A_20190918T172959_N0500_R055_T13SER_20230702T113411.SAFE,S2|R055|20190918T1720,/mnt/engg-niulab/yuyao/sensors_raw_data/S2/product_crops/023ed090-5df2-4219-98d6-e88e72639903/ang20191010t184216-A/prev3.tif,,download_s2_missing_from_clean_table,available,0,,expected,product_crops,,2019-07-10T17:29:09.024000+00:00,7ea88150-ca0a-4c2d-b8f2-c98d312040ca,S2B_MSIL2A_20190710T172909_N0500_R055_T13SER_20230624T234711.SAFE,S2|R055|20190710T1720,/mnt/engg-niulab/yuyao/sensors_raw_data/S2/seasonal/ang20191010t184216-A/s2_-90.tif,,master:downloaded_path,available,0,,expected,,kept,2018-10-08T17:32:21.024000+00:00,83fc9925-4e61-4452-b687-5470514bb907,S2A_MSIL2A_20181008T173221_N0500_R055_T13SER_20230816T095641.SAFE,S2|R055|20181008T1730,/mnt/engg-niulab/yuyao/sensors_raw_data/S2/year/ang20191010t184216-A/s2_-360.tif,,master:downloaded_path,available,0,,expected,,kept,,,,,,/mnt/engg-niulab/yuyao/sensors_raw_data/S2/prev1/ang20191010t184216-A/s2_-7.tif,raw,/mnt/engg-niulab/yuyao/sensors_raw_data/S2/prev2/ang20191010t184216-A/s2_prev2.tif,raw,/mnt/engg-niulab/yuyao/sensors_raw_data/S2/prev3/ang20191010t184216-A/s2_prev3.tif,raw,/mnt/engg-niulab/yuyao/sensors_raw_data/S2/product_crops/023ed090-5df2-4219-98d6-e88e72639903/ang20191010t184216-A/prev3.tif,raw,/mnt/engg-niulab/yuyao/sensors_raw_data/S2/seasonal/ang20191010t184216-A/s2_-90.tif,raw,/mnt/engg-niulab/yuyao/sensors_raw_data/S2/year/ang20191010t184216-A/s2_-360.tif,raw,1,1,raw+raw+raw+raw+raw+raw,,,,,,,,,local_exact,,1940.0,0.922015868134622,S2B_MSIL2A_20191011T174249_N0500_R098_T13SER_20230615T141506.SAFE,19f92fec-850f-4cb6-80d4-da68e9672e4b,,,,,,,,,local_exact,,1940.0,0.922015868134622,S2B_MSIL2A_20190928T173109_N0500_R055_T13SER_20230628T131435.SAFE,d5e06641-cdf2-422e-a852-19e120773508,,,,,,,,,local_exact,,1940.0,0.922015868134622,S2A_MSIL2A_20190926T174101_N0500_R098_T13SER_20230509T092053.SAFE,3164572a-d645-4c6d-a852-d9e703853bcc,,,,,,,,,local_exact,,1940.0,0.922015868134622,S2B_MSIL2A_20190918T172959_N0500_R055_T13SER_20230702T113411.SAFE,023ed090-5df2-4219-98d6-e88e72639903,,,,,,,,,local_exact,,1940.0,0.922015868134622,S2B_MSIL2A_20190710T172909_N0500_R055_T13SER_20230624T234711.SAFE,7ea88150-ca0a-4c2d-b8f2-c98d312040ca,,,,,,,,,local_exact,,1940.0,0.922015868134622,S2A_MSIL2A_20181008T173221_N0500_R055_T13SER_20230816T095641.SAFE,83fc9925-4e61-4452-b687-5470514bb907
ang20191010t193818-F,2019-10-10T19:38:18+00,32.17747822,-104.2757108,"[-104.27730975672486, 32.175016714258255, -104.26841842582427, 32.18260884687667]",S2,2019-10-11T17:42:49.024000Z,19f92fec-850f-4cb6-80d4-da68e9672e4b,S2B_MSIL2A_20191011T174249_N0500_R098_T13SER_20230615T141506.SAFE,S2|R098|20191011T1740,/mnt/engg-niulab/yuyao/sensors_raw_data/S2/prev1/ang20191010t193818-F/s2_-7.tif,,s2_download_manifest:downloaded,available,0,,expected,prev1,t0_24h_window,2019-09-28T17:31:09.024000Z,d5e06641-cdf2-422e-a852-19e120773508,S2B_MSIL2A_20190928T173109_N0500_R055_T13SER_20230628T131435.SAFE,S2|R055|20190928T1730,/mnt/engg-niulab/yuyao/sensors_raw_data/S2/prev2/ang20191010t193818-F/s2_prev2.tif,,s2_download_manifest:downloaded,available,0,,expected,prev2,,2019-09-26T17:41:01.024000Z,3164572a-d645-4c6d-a852-d9e703853bcc,S2A_MSIL2A_20190926T174101_N0500_R098_T13SER_20230509T092053.SAFE,S2|R098|20190926T1740,/mnt/engg-niulab/yuyao/sensors_raw_data/S2/prev3/ang20191010t193818-F/s2_prev3.tif,,s2_download_manifest:downloaded,available,0,,expected,prev3,,2019-09-18T17:29:59.024000Z,023ed090-5df2-4219-98d6-e88e72639903,S2B_MSIL2A_20190918T172959_N0500_R055_T13SER_20230702T113411.SAFE,S2|R055|20190918T1720,/mnt/engg-niulab/yuyao/sensors_raw_data/S2/product_crops/023ed090-5df2-4219-98d6-e88e72639903/ang20191010t193818-F/prev3.tif,,download_s2_missing_from_clean_table,available,0,,expected,product_crops,,2019-07-10T17:29:09.024000+00:00,7ea88150-ca0a-4c2d-b8f2-c98d312040ca,S2B_MSIL2A_20190710T172909_N0500_R055_T13SER_20230624T234711.SAFE,S2|R055|20190710T1720,/mnt/engg-niulab/yuyao/sensors_raw_data/S2/seasonal/ang20191010t193818-F/s2_-90.tif,,master:downloaded_path,available,0,,expected,,kept,2018-10-08T17:32:21.024000+00:00,83fc9925-4e61-4452-b687-5470514bb907,S2A_MSIL2A_20181008T173221_N0500_R055_T13SER_20230816T095641.SAFE,S2|R055|20181008T1730,/mnt/engg-niulab/yuyao/sensors_raw_data/S2/year/ang20191010t193818-F/s2_-360.tif,,master:downloaded_path,available,0,,expected,,kept,,,,,,/mnt/engg-niulab/yuyao/sensors_raw_data/S2/prev1/ang20191010t193818-F/s2_-7.tif,raw,/mnt/engg-niulab/yuyao/sensors_raw_data/S2/prev2/ang20191010t193818-F/s2_prev2.tif,raw,/mnt/engg-niulab/yuyao/sensors_raw_data/S2/prev3/ang20191010t193818-F/s2_prev3.tif,raw,/mnt/engg-niulab/yuyao/sensors_raw_data/S2/product_crops/023ed090-5df2-4219-98d6-e88e72639903/ang20191010t193818-F/prev3.tif,raw,/mnt/engg-niulab/yuyao/sensors_raw_data/S2/seasonal/ang20191010t193818-F/s2_-90.tif,raw,/mnt/engg-niulab/yuyao/sensors_raw_data/S2/year/ang20191010t193818-F/s2_-360.tif,raw,1,1,raw+raw+raw+raw+raw+raw,,,,,,,,,local_exact,,1727.0,0.10327567963395268,S2B_MSIL2A_20191011T174249_N0500_R098_T13SER_20230615T141506.SAFE,19f92fec-850f-4cb6-80d4-da68e9672e4b,,,,,,,,,local_exact,,1727.0,0.10327567963395268,S2B_MSIL2A_20190928T173109_N0500_R055_T13SER_20230628T131435.SAFE,d5e06641-cdf2-422e-a852-19e120773508,,,,,,,,,local_exact,,1727.0,0.10327567963395268,S2A_MSIL2A_20190926T174101_N0500_R098_T13SER_20230509T092053.SAFE,3164572a-d645-4c6d-a852-d9e703853bcc,,,,,,,,,local_exact,,1727.0,0.10327567963395268,S2B_MSIL2A_20190918T172959_N0500_R055_T13SER_20230702T113411.SAFE,023ed090-5df2-4219-98d6-e88e72639903,,,,,,,,,local_exact,,1727.0,0.10327567963395268,S2B_MSIL2A_20190710T172909_N0500_R055_T13SER_20230624T234711.SAFE,7ea88150-ca0a-4c2d-b8f2-c98d312040ca,,,,,,,,,local_exact,,1727.0,0.10327567963395268,S2A_MSIL2A_20181008T173221_N0500_R055_T13SER_20230816T095641.SAFE,83fc9925-4e61-4452-b687-5470514bb907
ang20191011t163647-E,2019-10-11T16:36:47+00,32.17697138,-104.2916098,"[-104.2975719441049, 32.17188566628443, -104.2886808956788, 32.17947781873687]",S2,2019-10-11T17:42:49.024000Z,19f92fec-850f-4cb6-80d4-da68e9672e4b,S2B_MSIL2A_20191011T174249_N0500_R098_T13SER_20230615T141506.SAFE,S2|R098|20191011T1740,/mnt/engg-niulab/yuyao/sensors_raw_data/S2/prev1/ang20191011t163647-E/s2_-7.tif,,s2_download_manifest:downloaded,available,0,,expected,prev1,t0_24h_window,2019-09-28T17:31:09.024000Z,d5e06641-cdf2-422e-a852-19e120773508,S2B_MSIL2A_20190928T173109_N0500_R055_T13SER_20230628T131435.SAFE,S2|R055|20190928T1730,/mnt/engg-niulab/yuyao/sensors_raw_data/S2/prev2/ang20191011t163647-E/s2_prev2.tif,,s2_download_manifest:downloaded,available,0,,expected,prev2,,2019-09-26T17:41:01.024000Z,3164572a-d645-4c6d-a852-d9e703853bcc,S2A_MSIL2A_20190926T174101_N0500_R098_T13SER_20230509T092053.SAFE,S2|R098|20190926T1740,/mnt/engg-niulab/yuyao/sensors_raw_data/S2/prev3/ang20191011t163647-E/s2_prev3.tif,,s2_download_manifest:downloaded,available,0,,expected,prev3,,2019-09-18T17:29:59.024000Z,023ed090-5df2-4219-98d6-e88e72639903,S2B_MSIL2A_20190918T172959_N0500_R055_T13SER_20230702T113411.SAFE,S2|R055|20190918T1720,/mnt/engg-niulab/yuyao/sensors_raw_data/S2/product_crops/023ed090-5df2-4219-98d6-e88e72639903/ang20191011t163647-E/prev3.tif,,download_s2_missing_from_clean_table,available,0,,expected,product_crops,,2019-07-10T17:29:09.024000+00:00,7ea88150-ca0a-4c2d-b8f2-c98d312040ca,S2B_MSIL2A_20190710T172909_N0500_R055_T13SER_20230624T234711.SAFE,S2|R055|20190710T1720,/mnt/engg-niulab/yuyao/sensors_raw_data/S2/seasonal/ang20191011t163647-E/s2_-90.tif,,master:downloaded_path,available,0,,expected,,kept,2018-10-08T17:32:21.024000+00:00,83fc9925-4e61-4452-b687-5470514bb907,S2A_MSIL2A_20181008T173221_N0500_R055_T13SER_20230816T095641.SAFE,S2|R055|20181008T1730,/mnt/engg-niulab/yuyao/sensors_raw_data/S2/year/ang20191011t163647-E/s2_-360.tif,,master:downloaded_path,available,0,,expected,,kept,,,,,,/mnt/engg-niulab/yuyao/sensors_raw_data/S2/prev1/ang20191011t163647-E/s2_-7.tif,raw,/mnt/engg-niulab/yuyao/sensors_raw_data/S2/prev2/ang20191011t163647-E/s2_prev2.tif,raw,/mnt/engg-niulab/yuyao/sensors_raw_data/S2/prev3/ang20191011t163647-E/s2_prev3.tif,raw,/mnt/engg-niulab/yuyao/sensors_raw_data/S2/product_crops/023ed090-5df2-4219-98d6-e88e72639903/ang20191011t163647-E/prev3.tif,raw,/mnt/engg-niulab/yuyao/sensors_raw_data/S2/seasonal/ang20191011t163647-E/s2_-90.tif,raw,/mnt/engg-niulab/yuyao/sensors_raw_data/S2/year/ang20191011t163647-E/s2_-360.tif,raw,1,1,raw+raw+raw+raw+raw+raw,,,,,,,,,local_exact,,1730.0,0.4114354350895155,S2B_MSIL2A_20191011T174249_N0500_R098_T13SER_20230615T141506.SAFE,19f92fec-850f-4cb6-80d4-da68e9672e4b,,,,,,,,,local_exact,,1730.0,0.4114354350895155,S2B_MSIL2A_20190928T173109_N0500_R055_T13SER_20230628T131435.SAFE,d5e06641-cdf2-422e-a852-19e120773508,,,,,,,,,local_exact,,1730.0,0.4114354350895155,S2A_MSIL2A_20190926T174101_N0500_R098_T13SER_20230509T092053.SAFE,3164572a-d645-4c6d-a852-d9e703853bcc,,,,,,,,,local_exact,,1730.0,0.4114354350895155,S2B_MSIL2A_20190918T172959_N0500_R055_T13SER_20230702T113411.SAFE,023ed090-5df2-4219-98d6-e88e72639903,,,,,,,,,local_exact,,1730.0,0.4114354350895155,S2B_MSIL2A_20190710T172909_N0500_R055_T13SER_20230624T234711.SAFE,7ea88150-ca0a-4c2d-b8f2-c98d312040ca,,,,,,,,,local_exact,,1730.0,0.4114354350895155,S2A_MSIL2A_20181008T173221_N0500_R055_T13SER_20230816T095641.SAFE,83fc9925-4e61-4452-b687-5470514bb907
ang20191013t152730-11,2019-10-13T15:27:30+00,32.2985609,-104.209062,"[-104.21209985741906, 32.29489404309026, -104.20686170071765, 32.29932179830304]",S2,2019-10-13T17:33:01.024000Z,3faf5264-ff5c-40b7-b916-67c09daa1bf3,S2A_MSIL2A_20191013T173301_N0500_R055_T13SER_20230714T083847.SAFE,S2|R055|20191013T1730,/mnt/engg-niulab/yuyao/sensors_raw_data/S2/prev1/ang20191013t152730-11/s2_-7.tif,,s2_download_manifest:downloaded,available,0,,expected,prev1,t0_24h_window,2019-10-11T17:42:49.024000Z,19f92fec-850f-4cb6-80d4-da68e9672e4b,S2B_MSIL2A_20191011T174249_N0500_R098_T13SER_20230615T141506.SAFE,S2|R098|20191011T1740,/mnt/engg-niulab/yuyao/sensors_raw_data/S2/prev2/ang20191013t152730-11/s2_prev2.tif,,s2_download_manifest:downloaded,available,0,,expected,prev2,,2019-09-28T17:31:09.024000Z,d5e06641-cdf2-422e-a852-19e120773508,S2B_MSIL2A_20190928T173109_N0500_R055_T13SER_20230628T131435.SAFE,S2|R055|20190928T1730,/mnt/engg-niulab/yuyao/sensors_raw_data/S2/prev3/ang20191013t152730-11/s2_prev3.tif,,s2_download_manifest:downloaded,available,0,,expected,prev3,,2019-09-18T17:29:59.024000Z,023ed090-5df2-4219-98d6-e88e72639903,S2B_MSIL2A_20190918T172959_N0500_R055_T13SER_20230702T113411.SAFE,S2|R055|20190918T1720,/mnt/engg-niulab/yuyao/sensors_raw_data/S2/product_crops/023ed090-5df2-4219-98d6-e88e72639903/ang20191013t152730-11/prev3.tif,,download_s2_missing_from_clean_table,available,0,,expected,product_crops,,2019-07-10T17:29:09.024000+00:00,49079a18-b701-4251-b72d-1bc4a8d75ecb,S2B_MSIL2A_20190710T172909_N0500_R055_T13SER_20230625T201720.SAFE,S2|R055|20190710T1720,/mnt/engg-niulab/yuyao/sensors_raw_data/S2/seasonal/ang20191013t152730-11/s2_-90.tif,,master:downloaded_path,available,0,,expected,,kept,2018-10-08T17:32:21.024000+00:00,83fc9925-4e61-4452-b687-5470514bb907,S2A_MSIL2A_20181008T173221_N0500_R055_T13SER_20230816T095641.SAFE,S2|R055|20181008T1730,/mnt/engg-niulab/yuyao/sensors_raw_data/S2/year/ang20191013t152730-11/s2_-360.tif,,master:downloaded_path,available,0,,expected,,kept,,,,,,/mnt/engg-niulab/yuyao/sensors_raw_data/S2/prev1/ang20191013t152730-11/s2_-7.tif,raw,/mnt/engg-niulab/yuyao/sensors_raw_data/S2/prev2/ang20191013t152730-11/s2_prev2.tif,raw,/mnt/engg-niulab/yuyao/sensors_raw_data/S2/prev3/ang20191013t152730-11/s2_prev3.tif,raw,/mnt/engg-niulab/yuyao/sensors_raw_data/S2/product_crops/023ed090-5df2-4219-98d6-e88e72639903/ang20191013t152730-11/prev3.tif,raw,/mnt/engg-niulab/yuyao/sensors_raw_data/S2/seasonal/ang20191013t152730-11/s2_-90.tif,raw,/mnt/engg-niulab/yuyao/sensors_raw_data/S2/year/ang20191013t152730-11/s2_-360.tif,raw,1,1,raw+raw+raw+raw+raw+raw,,,,,,,,,local_exact,,1053.0,0.7827285291277803,S2A_MSIL2A_20191013T173301_N0500_R055_T13SER_20230714T083847.SAFE,3faf5264-ff5c-40b7-b916-67c09daa1bf3,,,,,,,,,local_exact,,1053.0,0.7827285291277803,S2B_MSIL2A_20191011T174249_N0500_R098_T13SER_20230615T141506.SAFE,19f92fec-850f-4cb6-80d4-da68e9672e4b,,,,,,,,,local_exact,,1053.0,0.7827285291277803,S2B_MSIL2A_20190928T173109_N0500_R055_T13SER_20230628T131435.SAFE,d5e06641-cdf2-422e-a852-19e120773508,,,,,,,,,local_exact,,1053.0,0.7827285291277803,S2B_MSIL2A_20190918T172959_N0500_R055_T13SER_20230702T113411.SAFE,023ed090-5df2-4219-98d6-e88e72639903,,,,,,,,,local_exact,,1053.0,0.7827285291277803,S2B_MSIL2A_20190710T172909_N0500_R055_T13SER_20230625T201720.SAFE,49079a18-b701-4251-b72d-1bc4a8d75ecb,,,,,,,,,local_exact,,1053.0,0.7827285291277803,S2A_MSIL2A_20181008T173221_N0500_R055_T13SER_20230816T095641.SAFE,83fc9925-4e61-4452-b687-5470514bb907
ang20191013t152730-A,2019-10-13T15:27:30+00,32.311602,-104.204442,"[-104.20784212915287, 32.30881036049151, -104.20277769534677, 32.31305371791275]",S2,2019-10-13T17:33:01.024000Z,3faf5264-ff5c-40b7-b916-67c09daa1bf3,S2A_MSIL2A_20191013T173301_N0500_R055_T13SER_20230714T083847.SAFE,S2|R055|20191013T1730,/mnt/engg-niulab/yuyao/sensors_raw_data/S2/prev1/ang20191013t152730-A/s2_-7.tif,,s2_download_manifest:downloaded,available,0,,expected,prev1,t0_24h_window,2019-10-11T17:42:49.024000Z,19f92fec-850f-4cb6-80d4-da68e9672e4b,S2B_MSIL2A_20191011T174249_N0500_R098_T13SER_20230615T141506.SAFE,S2|R098|20191011T1740,/mnt/engg-niulab/yuyao/sensors_raw_data/S2/prev2/ang20191013t152730-A/s2_prev2.tif,,s2_download_manifest:downloaded,available,0,,expected,prev2,,2019-09-28T17:31:09.024000Z,d5e06641-cdf2-422e-a852-19e120773508,S2B_MSIL2A_20190928T173109_N0500_R055_T13SER_20230628T131435.SAFE,S2|R055|20190928T1730,/mnt/engg-niulab/yuyao/sensors_raw_data/S2/prev3/ang20191013t152730-A/s2_prev3.tif,,s2_download_manifest:downloaded,available,0,,expected,prev3,,2019-09-18T17:29:59.024000Z,023ed090-5df2-4219-98d6-e88e72639903,S2B_MSIL2A_20190918T172959_N0500_R055_T13SER_20230702T113411.SAFE,S2|R055|20190918T1720,/mnt/engg-niulab/yuyao/sensors_raw_data/S2/product_crops/023ed090-5df2-4219-98d6-e88e72639903/ang20191013t152730-A/prev3.tif,,download_s2_missing_from_clean_table,available,0,,expected,product_crops,,2019-07-10T17:29:09.024000+00:00,49079a18-b701-4251-b72d-1bc4a8d75ecb,S2B_MSIL2A_20190710T172909_N0500_R055_T13SER_20230625T201720.SAFE,S2|R055|20190710T1720,/mnt/engg-niulab/yuyao/sensors_raw_data/S2/seasonal/ang20191013t152730-A/s2_-90.tif,,master:downloaded_path,available,0,,expected,,kept,2018-10-08T17:32:21.024000+00:00,83fc9925-4e61-4452-b687-5470514bb907,S2A_MSIL2A_20181008T173221_N0500_R055_T13SER_20230816T095641.SAFE,S2|R055|20181008T1730,/mnt/engg-niulab/yuyao/sensors_raw_data/S2/year/ang20191013t152730-A/s2_-360.tif,,master:downloaded_path,available,0,,expected,,kept,,,,,,/mnt/engg-niulab/yuyao/sensors_raw_data/S2/prev1/ang20191013t152730-A/s2_-7.tif,raw,/mnt/engg-niulab/yuyao/sensors_raw_data/S2/prev2/ang20191013t152730-A/s2_prev2.tif,raw,/mnt/engg-niulab/yuyao/sensors_raw_data/S2/prev3/ang20191013t152730-A/s2_prev3.tif,raw,/mnt/engg-niulab/yuyao/sensors_raw_data/S2/product_crops/023ed090-5df2-4219-98d6-e88e72639903/ang20191013t152730-A/prev3.tif,raw,/mnt/engg-niulab/yuyao/sensors_raw_data/S2/seasonal/ang20191013t152730-A/s2_-90.tif,raw,/mnt/engg-niulab/yuyao/sensors_raw_data/S2/year/ang20191013t152730-A/s2_-360.tif,raw,1,1,raw+raw+raw+raw+raw+raw,,,,,,,,,local_exact,,981.0,0.5249068356642965,S2A_MSIL2A_20191013T173301_N0500_R055_T13SER_20230714T083847.SAFE,3faf5264-ff5c-40b7-b916-67c09daa1bf3,,,,,,,,,local_exact,,981.0,0.5249068356642965,S2B_MSIL2A_20191011T174249_N0500_R098_T13SER_20230615T141506.SAFE,19f92fec-850f-4cb6-80d4-da68e9672e4b,,,,,,,,,local_exact,,981.0,0.5249068356642965,S2B_MSIL2A_20190928T173109_N0500_R055_T13SER_20230628T131435.SAFE,d5e06641-cdf2-422e-a852-19e120773508,,,,,,,,,local_exact,,981.0,0.5249068356642965,S2B_MSIL2A_20190918T172959_N0500_R055_T13SER_20230702T113411.SAFE,023ed090-5df2-4219-98d6-e88e72639903,,,,,,,,,local_exact,,981.0,0.5249068356642965,S2B_MSIL2A_20190710T172909_N0500_R055_T13SER_20230625T201720.SAFE,49079a18-b701-4251-b72d-1bc4a8d75ecb,,,,,,,,,local_exact,,981.0,0.5249068356642965,S2A_MSIL2A_20181008T173221_N0500_R055_T13SER_20230816T095641.SAFE,83fc9925-4e61-4452-b687-5470514bb907
ang20191013t152730-B,2019-10-13T15:27:30+00,32.309077,-104.207384,"[-104.20999486615116, 32.30664196097086, -104.20506164231664, 32.31084832230102]",S2,2019-10-13T17:33:01.024000Z,3faf5264-ff5c-40b7-b916-67c09daa1bf3,S2A_MSIL2A_20191013T173301_N0500_R055_T13SER_20230714T083847.SAFE,S2|R055|20191013T1730,/mnt/engg-niulab/yuyao/sensors_raw_data/S2/prev1/ang20191013t152730-B/s2_-7.tif,,s2_download_manifest:downloaded,available,0,,expected,prev1,t0_24h_window,2019-10-11T17:42:49.024000Z,19f92fec-850f-4cb6-80d4-da68e9672e4b,S2B_MSIL2A_20191011T174249_N0500_R098_T13SER_20230615T141506.SAFE,S2|R098|20191011T1740,/mnt/engg-niulab/yuyao/sensors_raw_data/S2/prev2/ang20191013t152730-B/s2_prev2.tif,,s2_download_manifest:downloaded,available,0,,expected,prev2,,2019-09-28T17:31:09.024000Z,d5e06641-cdf2-422e-a852-19e120773508,S2B_MSIL2A_20190928T173109_N0500_R055_T13SER_20230628T131435.SAFE,S2|R055|20190928T1730,/mnt/engg-niulab/yuyao/sensors_raw_data/S2/prev3/ang20191013t152730-B/s2_prev3.tif,,s2_download_manifest:downloaded,available,0,,expected,prev3,,2019-09-18T17:29:59.024000Z,023ed090-5df2-4219-98d6-e88e72639903,S2B_MSIL2A_20190918T172959_N0500_R055_T13SER_20230702T113411.SAFE,S2|R055|20190918T1720,/mnt/engg-niulab/yuyao/sensors_raw_data/S2/product_crops/023ed090-5df2-4219-98d6-e88e72639903/ang20191013t152730-B/prev3.tif,,download_s2_missing_from_clean_table,available,0,,expected,product_crops,,2019-07-10T17:29:09.024000+00:00,49079a18-b701-4251-b72d-1bc4a8d75ecb,S2B_MSIL2A_20190710T172909_N0500_R055_T13SER_20230625T201720.SAFE,S2|R055|20190710T1720,/mnt/engg-niulab/yuyao/sensors_raw_data/S2/seasonal/ang20191013t152730-B/s2_-90.tif,,master:downloaded_path,available,0,,expected,,kept,2018-10-08T17:32:21.024000+00:00,83fc9925-4e61-4452-b687-5470514bb907,S2A_MSIL2A_20181008T173221_N0500_R055_T13SER_20230816T095641.SAFE,S2|R055|20181008T1730,/mnt/engg-niulab/yuyao/sensors_raw_data/S2/year/ang20191013t152730-B/s2_-360.tif,,master:downloaded_path,available,0,,expected,,kept,,,,,,/mnt/engg-niulab/yuyao/sensors_raw_data/S2/prev1/ang20191013t152730-B/s2_-7.tif,raw,/mnt/engg-niulab/yuyao/sensors_raw_data/S2/prev2/ang20191013t152730-B/s2_prev2.tif,raw,/mnt/engg-niulab/yuyao/sensors_raw_data/S2/prev3/ang20191013t152730-B/s2_prev3.tif,raw,/mnt/engg-niulab/yuyao/sensors_raw_data/S2/product_crops/023ed090-5df2-4219-98d6-e88e72639903/ang20191013t152730-B/prev3.tif,raw,/mnt/engg-niulab/yuyao/sensors_raw_data/S2/seasonal/ang20191013t152730-B/s2_-90.tif,raw,/mnt/engg-niulab/yuyao/sensors_raw_data/S2/year/ang20191013t152730-B/s2_-360.tif,raw,1,1,raw+raw+raw+raw+raw+raw,,,,,,,,,local_exact,,995.0,0.7806362214905676,S2A_MSIL2A_20191013T173301_N0500_R055_T13SER_20230714T083847.SAFE,3faf5264-ff5c-40b7-b916-67c09daa1bf3,,,,,,,,,local_exact,,995.0,0.7806362214905676,S2B_MSIL2A_20191011T174249_N0500_R098_T13SER_20230615T141506.SAFE,19f92fec-850f-4cb6-80d4-da68e9672e4b,,,,,,,,,local_exact,,995.0,0.7806362214905676,S2B_MSIL2A_20190928T173109_N0500_R055_T13SER_20230628T131435.SAFE,d5e06641-cdf2-422e-a852-19e120773508,,,,,,,,,local_exact,,995.0,0.7806362214905676,S2B_MSIL2A_20190918T172959_N0500_R055_T13SER_20230702T113411.SAFE,023ed090-5df2-4219-98d6-e88e72639903,,,,,,,,,local_exact,,995.0,0.7806362214905676,S2B_MSIL2A_20190710T172909_N0500_R055_T13SER_20230625T201720.SAFE,49079a18-b701-4251-b72d-1bc4a8d75ecb,,,,,,,,,local_exact,,995.0,0.7806362214905676,S2A_MSIL2A_20181008T173221_N0500_R055_T13SER_20230816T095641.SAFE,83fc9925-4e61-4452-b687-5470514bb907
ang20191013t152730-C,2019-10-13T15:27:30+00,32.29668,-104.218693,"[-104.2212034554402, 32.294580172394596, -104.21627087490984, 32.29878654502654]",S2,2019-10-13T17:33:01.024000Z,3faf5264-ff5c-40b7-b916-67c09daa1bf3,S2A_MSIL2A_20191013T173301_N0500_R055_T13SER_20230714T083847.SAFE,S2|R055|20191013T1730,/mnt/engg-niulab/yuyao/sensors_raw_data/S2/prev1/ang20191013t152730-C/s2_-7.tif,,s2_download_manifest:downloaded,available,0,,expected,prev1,t0_24h_window,2019-10-11T17:42:49.024000Z,19f92fec-850f-4cb6-80d4-da68e9672e4b,S2B_MSIL2A_20191011T174249_N0500_R098_T13SER_20230615T141506.SAFE,S2|R098|20191011T1740,/mnt/engg-niulab/yuyao/sensors_raw_data/S2/prev2/ang20191013t152730-C/s2_prev2.tif,,s2_download_manifest:downloaded,available,0,,expected,prev2,,2019-09-28T17:31:09.024000Z,d5e06641-cdf2-422e-a852-19e120773508,S2B_MSIL2A_20190928T173109_N0500_R055_T13SER_20230628T131435.SAFE,S2|R055|20190928T1730,/mnt/engg-niulab/yuyao/sensors_raw_data/S2/prev3/ang20191013t152730-C/s2_prev3.tif,,s2_download_manifest:downloaded,available,0,,expected,prev3,,2019-09-26T17:41:01.024000Z,3164572a-d645-4c6d-a852-d9e703853bcc,S2A_MSIL2A_20190926T174101_N0500_R098_T13SER_20230509T092053.SAFE,S2|R098|20190926T1740,/mnt/engg-niulab/yuyao/sensors_raw_data/S2/product_crops/3164572a-d645-4c6d-a852-d9e703853bcc/ang20191013t152730-C/prev3.tif,,download_s2_missing_from_clean_table,available,0,,expected,product_crops,,2019-07-10T17:29:09.024000+00:00,49079a18-b701-4251-b72d-1bc4a8d75ecb,S2B_MSIL2A_20190710T172909_N0500_R055_T13SER_20230625T201720.SAFE,S2|R055|20190710T1720,/mnt/engg-niulab/yuyao/sensors_raw_data/S2/seasonal/ang20191013t152730-C/s2_-90.tif,,master:downloaded_path,available,0,,expected,,kept,2018-10-08T17:32:21.024000+00:00,83fc9925-4e61-4452-b687-5470514bb907,S2A_MSIL2A_20181008T173221_N0500_R055_T13SER_20230816T095641.SAFE,S2|R055|20181008T1730,/mnt/engg-niulab/yuyao/sensors_raw_data/S2/year/ang20191013t152730-C/s2_-360.tif,,master:downloaded_path,available,0,,expected,,kept,,,,,,/mnt/engg-niulab/yuyao/sensors_raw_data/S2/prev1/ang20191013t152730-C/s2_-7.tif,raw,/mnt/engg-niulab/yuyao/sensors_raw_data/S2/prev2/ang20191013t152730-C/s2_prev2.tif,raw,/mnt/engg-niulab/yuyao/sensors_raw_data/S2/prev3/ang20191013t152730-C/s2_prev3.tif,raw,/mnt/engg-niulab/yuyao/sensors_raw_data/S2/product_crops/3164572a-d645-4c6d-a852-d9e703853bcc/ang20191013t152730-C/prev3.tif,raw,/mnt/engg-niulab/yuyao/sensors_raw_data/S2/seasonal/ang20191013t152730-C/s2_-90.tif,raw,/mnt/engg-niulab/yuyao/sensors_raw_data/S2/year/ang20191013t152730-C/s2_-360.tif,raw,1,1,raw+raw+raw+raw+raw+raw,,,,,,,,,local_exact,,1064.0,0.5402284314041026,S2A_MSIL2A_20191013T173301_N0500_R055_T13SER_20230714T083847.SAFE,3faf5264-ff5c-40b7-b916-67c09daa1bf3,,,,,,,,,local_exact,,1064.0,0.5402284314041026,S2B_MSIL2A_20191011T174249_N0500_R098_T13SER_20230615T141506.SAFE,19f92fec-850f-4cb6-80d4-da68e9672e4b,,,,,,,,,local_exact,,1064.0,0.5402284314041026,S2B_MSIL2A_20190928T173109_N0500_R055_T13SER_20230628T131435.SAFE,d5e06641-cdf2-422e-a852-19e120773508,,,,,,,,,local_exact,,1064.0,0.5402284314041026,S2A_MSIL2A_20190926T174101_N0500_R098_T13SER_20230509T092053.SAFE,3164572a-d645-4c6d-a852-d9e703853bcc,,,,,,,,,local_exact,,1064.0,0.5402284314041026,S2B_MSIL2A_20190710T172909_N0500_R055_T13SER_20230625T201720.SAFE,49079a18-b701-4251-b72d-1bc4a8d75ecb,,,,,,,,,local_exact,,1064.0,0.5402284314041026,S2A_MSIL2A_20181008T173221_N0500_R055_T13SER_20230816T095641.SAFE,83fc9925-4e61-4452-b687-5470514bb907
ang20191013t152730-D,2019-10-13T15:27:30+00,32.242995,-104.284219,"[-104.2863371251304, 32.24022487183426, -104.2813200611563, 32.244468299991]",S2,2019-10-13T17:33:01.024000Z,3faf5264-ff5c-40b7-b916-67c09daa1bf3,S2A_MSIL2A_20191013T173301_N0500_R055_T13SER_20230714T083847.SAFE,S2|R055|20191013T1730,/mnt/engg-niulab/yuyao/sensors_raw_data/S2/prev1/ang20191013t152730-D/s2_-7.tif,,s2_download_manifest:downloaded,available,0,,expected,prev1,t0_24h_window,2019-10-11T17:42:49.024000Z,19f92fec-850f-4cb6-80d4-da68e9672e4b,S2B_MSIL2A_20191011T174249_N0500_R098_T13SER_20230615T141506.SAFE,S2|R098|20191011T1740,/mnt/engg-niulab/yuyao/sensors_raw_data/S2/prev2/ang20191013t152730-D/s2_prev2.tif,,s2_download_manifest:downloaded,available,0,,expected,prev2,,2019-09-28T17:31:09.024000Z,d5e06641-cdf2-422e-a852-19e120773508,S2B_MSIL2A_20190928T173109_N0500_R055_T13SER_20230628T131435.SAFE,S2|R055|20190928T1730,/mnt/engg-niulab/yuyao/sensors_raw_data/S2/prev3/ang20191013t152730-D/s2_prev3.tif,,s2_download_manifest:downloaded,available,0,,expected,prev3,,2019-09-26T17:41:01.024000Z,3164572a-d645-4c6d-a852-d9e703853bcc,S2A_MSIL2A_20190926T174101_N0500_R098_T13SER_20230509T092053.SAFE,S2|R098|20190926T1740,/mnt/engg-niulab/yuyao/sensors_raw_data/S2/product_crops/3164572a-d645-4c6d-a852-d9e703853bcc/ang20191013t152730-D/prev3.tif,,download_s2_missing_from_clean_table,available,0,,expected,product_crops,,2019-07-13T17:39:09.024000+00:00,3e27bb98-7075-4635-b108-c6bb62d179bf,S2B_MSIL2A_20190713T173909_N0500_R098_T13SER_20230723T074326.SAFE,S2|R098|20190713T1730,/mnt/engg-niulab/yuyao/sensors_raw_data/S2/seasonal/ang20191013t152730-D/s2_-90.tif,,master:downloaded_path,available,0,,expected,,kept,2018-10-08T17:32:21.024000+00:00,83fc9925-4e61-4452-b687-5470514bb907,S2A_MSIL2A_20181008T173221_N0500_R055_T13SER_20230816T095641.SAFE,S2|R055|20181008T1730,/mnt/engg-niulab/yuyao/sensors_raw_data/S2/year/ang20191013t152730-D/s2_-360.tif,,master:downloaded_path,available,0,,expected,,kept,,,,,,/mnt/engg-niulab/yuyao/sensors_raw_data/S2/prev1/ang20191013t152730-D/s2_-7.tif,raw,/mnt/engg-niulab/yuyao/sensors_raw_data/S2/prev2/ang20191013t152730-D/s2_prev2.tif,raw,/mnt/engg-niulab/yuyao/sensors_raw_data/S2/prev3/ang20191013t152730-D/s2_prev3.tif,raw,/mnt/engg-niulab/yuyao/sensors_raw_data/S2/product_crops/3164572a-d645-4c6d-a852-d9e703853bcc/ang20191013t152730-D/prev3.tif,raw,/mnt/engg-niulab/yuyao/sensors_raw_data/S2/seasonal/ang20191013t152730-D/s2_-90.tif,raw,/mnt/engg-niulab/yuyao/sensors_raw_data/S2/year/ang20191013t152730-D/s2_-360.tif,raw,1,1,raw+raw+raw+raw+raw+raw,,,,,,,,,local_exact,,1364.0,0.5593278268243012,S2A_MSIL2A_20191013T173301_N0500_R055_T13SER_20230714T083847.SAFE,3faf5264-ff5c-40b7-b916-67c09daa1bf3,,,,,,,,,local_exact,,1364.0,0.5593278268243012,S2B_MSIL2A_20191011T174249_N0500_R098_T13SER_20230615T141506.SAFE,19f92fec-850f-4cb6-80d4-da68e9672e4b,,,,,,,,,local_exact,,1364.0,0.5593278268243012,S2B_MSIL2A_20190928T173109_N0500_R055_T13SER_20230628T131435.SAFE,d5e06641-cdf2-422e-a852-19e120773508,,,,,,,,,local_exact,,1364.0,0.5593278268243012,S2A_MSIL2A_20190926T174101_N0500_R098_T13SER_20230509T092053.SAFE,3164572a-d645-4c6d-a852-d9e703853bcc,,,,,,,,,local_exact,,1364.0,0.5593278268243012,S2B_MSIL2A_20190713T173909_N0500_R098_T13SER_20230723T074326.SAFE,3e27bb98-7075-4635-b108-c6bb62d179bf,,,,,,,,,local_exact,,1364.0,0.5593278268243012,S2A_MSIL2A_20181008T173221_N0500_R055_T13SER_20230816T095641.SAFE,83fc9925-4e61-4452-b687-5470514bb907
ang20191013t154421-A,2019-10-13T15:44:21+00,32.338326,-104.203046,"[-104.2061444402502, 32.3361675851581, -104.20116595431193, 32.340373931442215]",S2,2019-10-13T17:33:01.024000Z,3faf5264-ff5c-40b7-b916-67c09daa1bf3,S2A_MSIL2A_20191013T173301_N0500_R055_T13SER_20230714T083847.SAFE,S2|R055|20191013T1730,/mnt/engg-niulab/yuyao/sensors_raw_data/S2/prev1/ang20191013t154421-A/s2_-7.tif,,s2_download_manifest:downloaded,available,0,,expected,prev1,t0_24h_window,2019-10-11T17:42:49.024000Z,19f92fec-850f-4cb6-80d4-da68e9672e4b,S2B_MSIL2A_20191011T174249_N0500_R098_T13SER_20230615T141506.SAFE,S2|R098|20191011T1740,/mnt/engg-niulab/yuyao/sensors_raw_data/S2/prev2/ang20191013t154421-A/s2_prev2.tif,,s2_download_manifest:downloaded,available,0,,expected,prev2,,2019-09-28T17:31:09.024000Z,d5e06641-cdf2-422e-a852-19e120773508,S2B_MSIL2A_20190928T173109_N0500_R055_T13SER_20230628T131435.SAFE,S2|R055|20190928T1730,/mnt/engg-niulab/yuyao/sensors_raw_data/S2/prev3/ang20191013t154421-A/s2_prev3.tif,,s2_download_manifest:downloaded,available,0,,expected,prev3,,2019-09-26T17:41:01.024000Z,3164572a-d645-4c6d-a852-d9e703853bcc,S2A_MSIL2A_20190926T174101_N0500_R098_T13SER_20230509T092053.SAFE,S2|R098|20190926T1740,/mnt/engg-niulab/yuyao/sensors_raw_data/S2/product_crops/3164572a-d645-4c6d-a852-d9e703853bcc/ang20191013t154421-A/prev3.tif,,download_s2_missing_from_clean_table,available,0,,expected,product_crops,,2019-07-10T17:29:09.024000+00:00,49079a18-b701-4251-b72d-1bc4a8d75ecb,S2B_MSIL2A_20190710T172909_N0500_R055_T13SER_20230625T201720.SAFE,S2|R055|20190710T1720,/mnt/engg-niulab/yuyao/sensors_raw_data/S2/seasonal/ang20191013t154421-A/s2_-90.tif,,master:downloaded_path,available,0,,expected,,kept,2018-10-08T17:32:21.024000+00:00,83fc9925-4e61-4452-b687-5470514bb907,S2A_MSIL2A_20181008T173221_N0500_R055_T13SER_20230816T095641.SAFE,S2|R055|20181008T1730,/mnt/engg-niulab/yuyao/sensors_raw_data/S2/year/ang20191013t154421-A/s2_-360.tif,,master:downloaded_path,available,0,,expected,,kept,,,,,,/mnt/engg-niulab/yuyao/sensors_raw_data/S2/prev1/ang20191013t154421-A/s2_-7.tif,raw,/mnt/engg-niulab/yuyao/sensors_raw_data/S2/prev2/ang20191013t154421-A/s2_prev2.tif,raw,/mnt/engg-niulab/yuyao/sensors_raw_data/S2/prev3/ang20191013t154421-A/s2_prev3.tif,raw,/mnt/engg-niulab/yuyao/sensors_raw_data/S2/product_crops/3164572a-d645-4c6d-a852-d9e703853bcc/ang20191013t154421-A/prev3.tif,raw,/mnt/engg-niulab/yuyao/sensors_raw_data/S2/seasonal/ang20191013t154421-A/s2_-90.tif,raw,/mnt/engg-niulab/yuyao/sensors_raw_data/S2/year/ang20191013t154421-A/s2_-360.tif,raw,1,1,raw+raw+raw+raw+raw+raw,,,,,,,,,local_exact,,833.0,0.9940172899223398,S2A_MSIL2A_20191013T173301_N0500_R055_T13SER_20230714T083847.SAFE,3faf5264-ff5c-40b7-b916-67c09daa1bf3,,,,,,,,,local_exact,,833.0,0.9940172899223398,S2B_MSIL2A_20191011T174249_N0500_R098_T13SER_20230615T141506.SAFE,19f92fec-850f-4cb6-80d4-da68e9672e4b,,,,,,,,,local_exact,,833.0,0.9940172899223398,S2B_MSIL2A_20190928T173109_N0500_R055_T13SER_20230628T131435.SAFE,d5e06641-cdf2-422e-a852-19e120773508,,,,,,,,,local_exact,,833.0,0.9940172899223398,S2A_MSIL2A_20190926T174101_N0500_R098_T13SER_20230509T092053.SAFE,3164572a-d645-4c6d-a852-d9e703853bcc,,,,,,,,,local_exact,,833.0,0.9940172899223398,S2B_MSIL2A_20190710T172909_N0500_R055_T13SER_20230625T201720.SAFE,49079a18-b701-4251-b72d-1bc4a8d75ecb,,,,,,,,,local_exact,,833.0,0.9940172899223398,S2A_MSIL2A_20181008T173221_N0500_R055_T13SER_20230816T095641.SAFE,83fc9925-4e61-4452-b687-5470514bb907
ang20191013t154421-B,2019-10-13T15:44:21+00,32.308499,-104.231618,"[-104.234151592331, 32.305716266790796, -104.22921840340187, 32.30992264133304]",S2,2019-10-13T17:33:01.024000Z,3faf5264-ff5c-40b7-b916-67c09daa1bf3,S2A_MSIL2A_20191013T173301_N0500_R055_T13SER_20230714T083847.SAFE,S2|R055|20191013T1730,/mnt/engg-niulab/yuyao/sensors_raw_data/S2/prev1/ang20191013t154421-B/s2_-7.tif,,s2_download_manifest:downloaded,available,0,,expected,prev1,t0_24h_window,2019-10-11T17:42:49.024000Z,19f92fec-850f-4cb6-80d4-da68e9672e4b,S2B_MSIL2A_20191011T174249_N0500_R098_T13SER_20230615T141506.SAFE,S2|R098|20191011T1740,/mnt/engg-niulab/yuyao/sensors_raw_data/S2/prev2/ang20191013t154421-B/s2_prev2.tif,,s2_download_manifest:downloaded,available,0,,expected,prev2,,2019-09-28T17:31:09.024000Z,d5e06641-cdf2-422e-a852-19e120773508,S2B_MSIL2A_20190928T173109_N0500_R055_T13SER_20230628T131435.SAFE,S2|R055|20190928T1730,/mnt/engg-niulab/yuyao/sensors_raw_data/S2/prev3/ang20191013t154421-B/s2_prev3.tif,,s2_download_manifest:downloaded,available,0,,expected,prev3,,2019-09-26T17:41:01.024000Z,3164572a-d645-4c6d-a852-d9e703853bcc,S2A_MSIL2A_20190926T174101_N0500_R098_T13SER_20230509T092053.SAFE,S2|R098|20190926T1740,/mnt/engg-niulab/yuyao/sensors_raw_data/S2/product_crops/3164572a-d645-4c6d-a852-d9e703853bcc/ang20191013t154421-B/prev3.tif,,download_s2_missing_from_clean_table,available,0,,expected,product_crops,,2019-07-13T17:39:09.024000+00:00,3e27bb98-7075-4635-b108-c6bb62d179bf,S2B_MSIL2A_20190713T173909_N0500_R098_T13SER_20230723T074326.SAFE,S2|R098|20190713T1730,/mnt/engg-niulab/yuyao/sensors_raw_data/S2/seasonal/ang20191013t154421-B/s2_-90.tif,,master:downloaded_path,available,0,,expected,,kept,2018-10-08T17:32:21.024000+00:00,83fc9925-4e61-4452-b687-5470514bb907,S2A_MSIL2A_20181008T173221_N0500_R055_T13SER_20230816T095641.SAFE,S2|R055|20181008T1730,/mnt/engg-niulab/yuyao/sensors_raw_data/S2/year/ang20191013t154421-B/s2_-360.tif,,master:downloaded_path,available,0,,expected,,kept,,,,,,/mnt/engg-niulab/yuyao/sensors_raw_data/S2/prev1/ang20191013t154421-B/s2_-7.tif,raw,/mnt/engg-niulab/yuyao/sensors_raw_data/S2/prev2/ang20191013t154421-B/s2_prev2.tif,raw,/mnt/engg-niulab/yuyao/sensors_raw_data/S2/prev3/ang20191013t154421-B/s2_prev3.tif,raw,/mnt/engg-niulab/yuyao/sensors_raw_data/S2/product_crops/3164572a-d645-4c6d-a852-d9e703853bcc/ang20191013t154421-B/prev3.tif,raw,/mnt/engg-niulab/yuyao/sensors_raw_data/S2/seasonal/ang20191013t154421-B/s2_-90.tif,raw,/mnt/engg-niulab/yuyao/sensors_raw_data/S2/year/ang20191013t154421-B/s2_-360.tif,raw,1,1,raw+raw+raw+raw+raw+raw,,,,,,,,,local_exact,,999.0,0.7330839035275858,S2A_MSIL2A_20191013T173301_N0500_R055_T13SER_20230714T083847.SAFE,3faf5264-ff5c-40b7-b916-67c09daa1bf3,,,,,,,,,local_exact,,999.0,0.7330839035275858,S2B_MSIL2A_20191011T174249_N0500_R098_T13SER_20230615T141506.SAFE,19f92fec-850f-4cb6-80d4-da68e9672e4b,,,,,,,,,local_exact,,999.0,0.7330839035275858,S2B_MSIL2A_20190928T173109_N0500_R055_T13SER_20230628T131435.SAFE,d5e06641-cdf2-422e-a852-19e120773508,,,,,,,,,local_exact,,999.0,0.7330839035275858,S2A_MSIL2A_20190926T174101_N0500_R098_T13SER_20230509T092053.SAFE,3164572a-d645-4c6d-a852-d9e703853bcc,,,,,,,,,local_exact,,999.0,0.7330839035275858,S2B_MSIL2A_20190713T173909_N0500_R098_T13SER_20230723T074326.SAFE,3e27bb98-7075-4635-b108-c6bb62d179bf,,,,,,,,,local_exact,,999.0,0.7330839035275858,S2A_MSIL2A_20181008T173221_N0500_R055_T13SER_20230816T095641.SAFE,83fc9925-4e61-4452-b687-5470514bb907
ang20191013t155909-B,2019-10-13T15:59:09+00,32.35264473835207,-104.23661022721798,"[-104.24068931217502, 32.35128759381643, -104.23549170062964, 32.35567834203122]",S2,2019-10-13T17:33:01.024000Z,3faf5264-ff5c-40b7-b916-67c09daa1bf3,S2A_MSIL2A_20191013T173301_N0500_R055_T13SER_20230714T083847.SAFE,S2|R055|20191013T1730,/mnt/engg-niulab/yuyao/sensors_raw_data/S2/prev1/ang20191013t155909-B/s2_-7.tif,,s2_download_manifest:downloaded,available,0,,expected,prev1,t0_24h_window,2019-10-11T17:42:49.024000Z,19f92fec-850f-4cb6-80d4-da68e9672e4b,S2B_MSIL2A_20191011T174249_N0500_R098_T13SER_20230615T141506.SAFE,S2|R098|20191011T1740,/mnt/engg-niulab/yuyao/sensors_raw_data/S2/prev2/ang20191013t155909-B/s2_prev2.tif,,s2_download_manifest:downloaded,available,0,,expected,prev2,,2019-09-28T17:31:09.024000Z,d5e06641-cdf2-422e-a852-19e120773508,S2B_MSIL2A_20190928T173109_N0500_R055_T13SER_20230628T131435.SAFE,S2|R055|20190928T1730,/mnt/engg-niulab/yuyao/sensors_raw_data/S2/prev3/ang20191013t155909-B/s2_prev3.tif,,s2_download_manifest:downloaded,available,0,,expected,prev3,,2019-09-26T17:41:01.024000Z,3164572a-d645-4c6d-a852-d9e703853bcc,S2A_MSIL2A_20190926T174101_N0500_R098_T13SER_20230509T092053.SAFE,S2|R098|20190926T1740,/mnt/engg-niulab/yuyao/sensors_raw_data/S2/product_crops/3164572a-d645-4c6d-a852-d9e703853bcc/ang20191013t155909-B/prev3.tif,,download_s2_missing_from_clean_table,available,0,,expected,product_crops,,2019-07-13T17:39:09.024000+00:00,3e27bb98-7075-4635-b108-c6bb62d179bf,S2B_MSIL2A_20190713T173909_N0500_R098_T13SER_20230723T074326.SAFE,S2|R098|20190713T1730,/mnt/engg-niulab/yuyao/sensors_raw_data/S2/seasonal/ang20191013t155909-B/s2_-90.tif,,master:downloaded_path,available,0,,expected,,kept,2018-10-08T17:32:21.024000+00:00,83fc9925-4e61-4452-b687-5470514bb907,S2A_MSIL2A_20181008T173221_N0500_R055_T13SER_20230816T095641.SAFE,S2|R055|20181008T1730,/mnt/engg-niulab/yuyao/sensors_raw_data/S2/year/ang20191013t155909-B/s2_-360.tif,,master:downloaded_path,available,0,,expected,,kept,,,,,,/mnt/engg-niulab/yuyao/sensors_raw_data/S2/prev1/ang20191013t155909-B/s2_-7.tif,raw,/mnt/engg-niulab/yuyao/sensors_raw_data/S2/prev2/ang20191013t155909-B/s2_prev2.tif,raw,/mnt/engg-niulab/yuyao/sensors_raw_data/S2/prev3/ang20191013t155909-B/s2_prev3.tif,raw,/mnt/engg-niulab/yuyao/sensors_raw_data/S2/product_crops/3164572a-d645-4c6d-a852-d9e703853bcc/ang20191013t155909-B/prev3.tif,raw,/mnt/engg-niulab/yuyao/sensors_raw_data/S2/seasonal/ang20191013t155909-B/s2_-90.tif,raw,/mnt/engg-niulab/yuyao/sensors_raw_data/S2/year/ang20191013t155909-B/s2_-360.tif,raw,1,1,raw+raw+raw+raw+raw+raw,,,,,,,,,local_exact,,754.0,0.9565126456436701,S2A_MSIL2A_20191013T173301_N0500_R055_T13SER_20230714T083847.SAFE,3faf5264-ff5c-40b7-b916-67c09daa1bf3,,,,,,,,,local_exact,,754.0,0.9565126456436701,S2B_MSIL2A_20191011T174249_N0500_R098_T13SER_20230615T141506.SAFE,19f92fec-850f-4cb6-80d4-da68e9672e4b,,,,,,,,,local_exact,,754.0,0.9565126456436701,S2B_MSIL2A_20190928T173109_N0500_R055_T13SER_20230628T131435.SAFE,d5e06641-cdf2-422e-a852-19e120773508,,,,,,,,,local_exact,,754.0,0.9565126456436701,S2A_MSIL2A_20190926T174101_N0500_R098_T13SER_20230509T092053.SAFE,3164572a-d645-4c6d-a852-d9e703853bcc,,,,,,,,,local_exact,,754.0,0.9565126456436701,S2B_MSIL2A_20190713T173909_N0500_R098_T13SER_20230723T074326.SAFE,3e27bb98-7075-4635-b108-c6bb62d179bf,,,,,,,,,local_exact,,754.0,0.9565126456436701,S2A_MSIL2A_20181008T173221_N0500_R055_T13SER_20230816T095641.SAFE,83fc9925-4e61-4452-b687-5470514bb907
ang20191013t163024-E,2019-10-13T16:30:24+00,32.417673,-104.206121,"[-104.20890483838328, 32.415571867372606, -104.20383447663448, 32.41981517784504]",S2,2019-10-13T17:33:01.024000Z,3faf5264-ff5c-40b7-b916-67c09daa1bf3,S2A_MSIL2A_20191013T173301_N0500_R055_T13SER_20230714T083847.SAFE,S2|R055|20191013T1730,/mnt/engg-niulab/yuyao/sensors_raw_data/S2/prev1/ang20191013t163024-E/s2_-7.tif,,s2_download_manifest:downloaded,available,0,,expected,prev1,t0_24h_window,2019-10-11T17:42:49.024000Z,19f92fec-850f-4cb6-80d4-da68e9672e4b,S2B_MSIL2A_20191011T174249_N0500_R098_T13SER_20230615T141506.SAFE,S2|R098|20191011T1740,/mnt/engg-niulab/yuyao/sensors_raw_data/S2/prev2/ang20191013t163024-E/s2_prev2.tif,,s2_download_manifest:downloaded,available,0,,expected,prev2,,2019-09-28T17:31:09.024000Z,d5e06641-cdf2-422e-a852-19e120773508,S2B_MSIL2A_20190928T173109_N0500_R055_T13SER_20230628T131435.SAFE,S2|R055|20190928T1730,/mnt/engg-niulab/yuyao/sensors_raw_data/S2/prev3/ang20191013t163024-E/s2_prev3.tif,,s2_download_manifest:downloaded,available,0,,expected,prev3,,2019-09-26T17:41:01.024000Z,3164572a-d645-4c6d-a852-d9e703853bcc,S2A_MSIL2A_20190926T174101_N0500_R098_T13SER_20230509T092053.SAFE,S2|R098|20190926T1740,/mnt/engg-niulab/yuyao/sensors_raw_data/S2/product_crops/3164572a-d645-4c6d-a852-d9e703853bcc/ang20191013t163024-E/prev3.tif,,download_s2_missing_from_clean_table,available,0,,expected,product_crops,,2019-07-13T17:39:09.024000+00:00,3e27bb98-7075-4635-b108-c6bb62d179bf,S2B_MSIL2A_20190713T173909_N0500_R098_T13SER_20230723T074326.SAFE,S2|R098|20190713T1730,/mnt/engg-niulab/yuyao/sensors_raw_data/S2/seasonal/ang20191013t163024-E/s2_-90.tif,,master:downloaded_path,available,0,,expected,,kept,2018-10-08T17:32:21.024000+00:00,83fc9925-4e61-4452-b687-5470514bb907,S2A_MSIL2A_20181008T173221_N0500_R055_T13SER_20230816T095641.SAFE,S2|R055|20181008T1730,/mnt/engg-niulab/yuyao/sensors_raw_data/S2/year/ang20191013t163024-E/s2_-360.tif,,master:downloaded_path,available,0,,expected,,kept,,,,,,/mnt/engg-niulab/yuyao/sensors_raw_data/S2/prev1/ang20191013t163024-E/s2_-7.tif,raw,/mnt/engg-niulab/yuyao/sensors_raw_data/S2/prev2/ang20191013t163024-E/s2_prev2.tif,raw,/mnt/engg-niulab/yuyao/sensors_raw_data/S2/prev3/ang20191013t163024-E/s2_prev3.tif,raw,/mnt/engg-niulab/yuyao/sensors_raw_data/S2/product_crops/3164572a-d645-4c6d-a852-d9e703853bcc/ang20191013t163024-E/prev3.tif,raw,/mnt/engg-niulab/yuyao/sensors_raw_data/S2/seasonal/ang20191013t163024-E/s2_-90.tif,raw,/mnt/engg-niulab/yuyao/sensors_raw_data/S2/year/ang20191013t163024-E/s2_-360.tif,raw,1,1,raw+raw+raw+raw+raw+raw,,,,,,,,,local_exact,,393.0,0.4818248147785198,S2A_MSIL2A_20191013T173301_N0500_R055_T13SER_20230714T083847.SAFE,3faf5264-ff5c-40b7-b916-67c09daa1bf3,,,,,,,,,local_exact,,393.0,0.4818248147785198,S2B_MSIL2A_20191011T174249_N0500_R098_T13SER_20230615T141506.SAFE,19f92fec-850f-4cb6-80d4-da68e9672e4b,,,,,,,,,local_exact,,393.0,0.4818248147785198,S2B_MSIL2A_20190928T173109_N0500_R055_T13SER_20230628T131435.SAFE,d5e06641-cdf2-422e-a852-19e120773508,,,,,,,,,local_exact,,393.0,0.4818248147785198,S2A_MSIL2A_20190926T174101_N0500_R098_T13SER_20230509T092053.SAFE,3164572a-d645-4c6d-a852-d9e703853bcc,,,,,,,,,local_exact,,393.0,0.4818248147785198,S2B_MSIL2A_20190713T173909_N0500_R098_T13SER_20230723T074326.SAFE,3e27bb98-7075-4635-b108-c6bb62d179bf,,,,,,,,,local_exact,,393.0,0.4818248147785198,S2A_MSIL2A_20181008T173221_N0500_R055_T13SER_20230816T095641.SAFE,83fc9925-4e61-4452-b687-5470514bb907
ang20200714t204231-A,2020-07-14T20:42:31+00,35.5555,-119.08288,"[-119.084818475807, 35.553880114885914, -119.08084389844525, 35.5570857682097]",S2,2020-07-15T18:39:19.024000Z,f2a2b20d-dd97-43e9-ba2c-095a5057fcf1,S2B_MSIL2A_20200715T183919_N0500_R070_T11SLV_20230411T054303.SAFE,S2|R070|20200715T1830,/mnt/engg-niulab/yuyao/sensors_raw_data/S2/prev1/ang20200714t204231-A/s2_-7.tif,,s2_download_manifest:downloaded,available,0,,expected,prev1,t0_24h_window,2020-07-12T18:29:19.024000Z,28a0041b-f27f-4f9b-9958-47e175c29dea,S2B_MSIL2A_20200712T182919_N0500_R027_T11SLV_20230325T231052.SAFE,S2|R027|20200712T1820,/mnt/engg-niulab/yuyao/sensors_raw_data/S2/prev2/ang20200714t204231-A/s2_prev2.tif,,s2_download_manifest:downloaded,available,0,,expected,prev2,,2020-07-10T18:39:21.024000Z,33c27306-9b2c-44b6-93e6-623a78769c8e,S2A_MSIL2A_20200710T183921_N0500_R070_T11SLV_20230322T220215.SAFE,S2|R070|20200710T1830,/mnt/engg-niulab/yuyao/sensors_raw_data/S2/prev3/ang20200714t204231-A/s2_prev3.tif,,s2_download_manifest:downloaded,available,0,,expected,prev3,,2020-07-07T18:29:21.024000Z,95aafa94-5a07-4b40-84c9-bcae21cd5f37,S2A_MSIL2A_20200707T182921_N0500_R027_T11SLV_20230515T110928.SAFE,S2|R027|20200707T1820,/mnt/engg-niulab/yuyao/sensors_raw_data/S2/product_crops/95aafa94-5a07-4b40-84c9-bcae21cd5f37/ang20200714t204231-A/prev3.tif,,download_s2_missing_from_clean_table,available,0,,expected,product_crops,,2020-04-03T18:29:19.024000+00:00,4f98ad40-2a58-43ce-b243-c883bb92b79e,S2B_MSIL2A_20200403T182919_N0500_R027_T11SLV_20230405T025236.SAFE,S2|R027|20200403T1820,/mnt/engg-niulab/yuyao/sensors_raw_data/S2/seasonal/ang20200714t204231-A/s2_-90.tif,,master:downloaded_path,available,0,,expected,,kept,2019-07-18T18:29:29.024000+00:00,3f41278f-3f9e-4f4e-8f63-687af9c3b578,S2B_MSIL2A_20190718T182929_N0500_R027_T11SLV_20230723T081740.SAFE,S2|R027|20190718T1820,/mnt/engg-niulab/yuyao/sensors_raw_data/S2/year/ang20200714t204231-A/s2_-360.tif,,master:downloaded_path,available,0,,expected,,kept,,,,,,/mnt/engg-niulab/yuyao/sensors_raw_data/S2/prev1/ang20200714t204231-A/s2_-7.tif,raw,/mnt/engg-niulab/yuyao/sensors_raw_data/S2/prev2/ang20200714t204231-A/s2_prev2.tif,raw,/mnt/engg-niulab/yuyao/sensors_raw_data/S2/prev3/ang20200714t204231-A/s2_prev3.tif,raw,/mnt/engg-niulab/yuyao/sensors_raw_data/S2/product_crops/95aafa94-5a07-4b40-84c9-bcae21cd5f37/ang20200714t204231-A/prev3.tif,raw,/mnt/engg-niulab/yuyao/sensors_raw_data/S2/seasonal/ang20200714t204231-A/s2_-90.tif,raw,/mnt/engg-niulab/yuyao/sensors_raw_data/S2/year/ang20200714t204231-A/s2_-360.tif,raw,1,1,raw+raw+raw+raw+raw+raw,,,,,,,,,local_exact,,304.0,0.7685818016761914,S2B_MSIL2A_20200715T183919_N0500_R070_T11SLV_20230411T054303.SAFE,f2a2b20d-dd97-43e9-ba2c-095a5057fcf1,,,,,,,,,local_exact,,304.0,0.7685818016761914,S2B_MSIL2A_20200712T182919_N0500_R027_T11SLV_20230325T231052.SAFE,28a0041b-f27f-4f9b-9958-47e175c29dea,,,,,,,,,local_exact,,304.0,0.7685818016761914,S2A_MSIL2A_20200710T183921_N0500_R070_T11SLV_20230322T220215.SAFE,33c27306-9b2c-44b6-93e6-623a78769c8e,,,,,,,,,local_exact,,304.0,0.7685818016761914,S2A_MSIL2A_20200707T182921_N0500_R027_T11SLV_20230515T110928.SAFE,95aafa94-5a07-4b40-84c9-bcae21cd5f37,,,,,,,,,local_exact,,304.0,0.7685818016761914,S2B_MSIL2A_20200403T182919_N0500_R027_T11SLV_20230405T025236.SAFE,4f98ad40-2a58-43ce-b243-c883bb92b79e,,,,,,,,,local_exact,,304.0,0.7685818016761914,S2B_MSIL2A_20190718T182929_N0500_R027_T11SLV_20230723T081740.SAFE,3f41278f-3f9e-4f4e-8f63-687af9c3b578
ang20200714t204231-B,2020-07-14T20:42:31+00,35.536492,-119.07776,"[-119.07950875055319, 35.53499663646284, -119.07553509164661, 35.53820230381742]",S2,2020-07-15T18:39:19.024000Z,f2a2b20d-dd97-43e9-ba2c-095a5057fcf1,S2B_MSIL2A_20200715T183919_N0500_R070_T11SLV_20230411T054303.SAFE,S2|R070|20200715T1830,/mnt/engg-niulab/yuyao/sensors_raw_data/S2/prev1/ang20200714t204231-B/s2_-7.tif,,s2_download_manifest:downloaded,available,0,,expected,prev1,t0_24h_window,2020-07-12T18:29:19.024000Z,28a0041b-f27f-4f9b-9958-47e175c29dea,S2B_MSIL2A_20200712T182919_N0500_R027_T11SLV_20230325T231052.SAFE,S2|R027|20200712T1820,/mnt/engg-niulab/yuyao/sensors_raw_data/S2/prev2/ang20200714t204231-B/s2_prev2.tif,,s2_download_manifest:downloaded,available,0,,expected,prev2,,2020-07-10T18:39:21.024000Z,33c27306-9b2c-44b6-93e6-623a78769c8e,S2A_MSIL2A_20200710T183921_N0500_R070_T11SLV_20230322T220215.SAFE,S2|R070|20200710T1830,/mnt/engg-niulab/yuyao/sensors_raw_data/S2/prev3/ang20200714t204231-B/s2_prev3.tif,,s2_download_manifest:downloaded,available,0,,expected,prev3,,2020-07-07T18:29:21.024000Z,95aafa94-5a07-4b40-84c9-bcae21cd5f37,S2A_MSIL2A_20200707T182921_N0500_R027_T11SLV_20230515T110928.SAFE,S2|R027|20200707T1820,/mnt/engg-niulab/yuyao/sensors_raw_data/S2/product_crops/95aafa94-5a07-4b40-84c9-bcae21cd5f37/ang20200714t204231-B/prev3.tif,,download_s2_missing_from_clean_table,available,0,,expected,product_crops,,2020-04-03T18:29:19.024000+00:00,4f98ad40-2a58-43ce-b243-c883bb92b79e,S2B_MSIL2A_20200403T182919_N0500_R027_T11SLV_20230405T025236.SAFE,S2|R027|20200403T1820,/mnt/engg-niulab/yuyao/sensors_raw_data/S2/seasonal/ang20200714t204231-B/s2_-90.tif,,master:downloaded_path,available,0,,expected,,kept,2019-07-18T18:29:29.024000+00:00,3f41278f-3f9e-4f4e-8f63-687af9c3b578,S2B_MSIL2A_20190718T182929_N0500_R027_T11SLV_20230723T081740.SAFE,S2|R027|20190718T1820,/mnt/engg-niulab/yuyao/sensors_raw_data/S2/year/ang20200714t204231-B/s2_-360.tif,,master:downloaded_path,available,0,,expected,,kept,,,,,,/mnt/engg-niulab/yuyao/sensors_raw_data/S2/prev1/ang20200714t204231-B/s2_-7.tif,raw,/mnt/engg-niulab/yuyao/sensors_raw_data/S2/prev2/ang20200714t204231-B/s2_prev2.tif,raw,/mnt/engg-niulab/yuyao/sensors_raw_data/S2/prev3/ang20200714t204231-B/s2_prev3.tif,raw,/mnt/engg-niulab/yuyao/sensors_raw_data/S2/product_crops/95aafa94-5a07-4b40-84c9-bcae21cd5f37/ang20200714t204231-B/prev3.tif,raw,/mnt/engg-niulab/yuyao/sensors_raw_data/S2/seasonal/ang20200714t204231-B/s2_-90.tif,raw,/mnt/engg-niulab/yuyao/sensors_raw_data/S2/year/ang20200714t204231-B/s2_-360.tif,raw,1,1,raw+raw+raw+raw+raw+raw,,,,,,,,,local_exact,,325.0,0.6866860158042982,S2B_MSIL2A_20200715T183919_N0500_R070_T11SLV_20230411T054303.SAFE,f2a2b20d-dd97-43e9-ba2c-095a5057fcf1,,,,,,,,,local_exact,,325.0,0.6866860158042982,S2B_MSIL2A_20200712T182919_N0500_R027_T11SLV_20230325T231052.SAFE,28a0041b-f27f-4f9b-9958-47e175c29dea,,,,,,,,,local_exact,,325.0,0.6866860158042982,S2A_MSIL2A_20200710T183921_N0500_R070_T11SLV_20230322T220215.SAFE,33c27306-9b2c-44b6-93e6-623a78769c8e,,,,,,,,,local_exact,,325.0,0.6866860158042982,S2A_MSIL2A_20200707T182921_N0500_R027_T11SLV_20230515T110928.SAFE,95aafa94-5a07-4b40-84c9-bcae21cd5f37,,,,,,,,,local_exact,,325.0,0.6866860158042982,S2B_MSIL2A_20200403T182919_N0500_R027_T11SLV_20230405T025236.SAFE,4f98ad40-2a58-43ce-b243-c883bb92b79e,,,,,,,,,local_exact,,325.0,0.6866860158042982,S2B_MSIL2A_20190718T182929_N0500_R027_T11SLV_20230723T081740.SAFE,3f41278f-3f9e-4f4e-8f63-687af9c3b578
ang20200714t204945-A,2020-07-14T20:49:45+00,35.538659,-119.08743,"[-119.08971663157024, 35.53615069110763, -119.08448327695844, 35.54043798799285]",S2,2020-07-15T18:39:19.024000Z,f2a2b20d-dd97-43e9-ba2c-095a5057fcf1,S2B_MSIL2A_20200715T183919_N0500_R070_T11SLV_20230411T054303.SAFE,S2|R070|20200715T1830,/mnt/engg-niulab/yuyao/sensors_raw_data/S2/prev1/ang20200714t204945-A/s2_-7.tif,,s2_download_manifest:downloaded,available,0,,expected,prev1,t0_24h_window,2020-07-12T18:29:19.024000Z,28a0041b-f27f-4f9b-9958-47e175c29dea,S2B_MSIL2A_20200712T182919_N0500_R027_T11SLV_20230325T231052.SAFE,S2|R027|20200712T1820,/mnt/engg-niulab/yuyao/sensors_raw_data/S2/prev2/ang20200714t204945-A/s2_prev2.tif,,s2_download_manifest:downloaded,available,0,,expected,prev2,,2020-07-10T18:39:21.024000Z,33c27306-9b2c-44b6-93e6-623a78769c8e,S2A_MSIL2A_20200710T183921_N0500_R070_T11SLV_20230322T220215.SAFE,S2|R070|20200710T1830,/mnt/engg-niulab/yuyao/sensors_raw_data/S2/prev3/ang20200714t204945-A/s2_prev3.tif,,s2_download_manifest:downloaded,available,0,,expected,prev3,,2020-07-07T18:29:21.024000Z,95aafa94-5a07-4b40-84c9-bcae21cd5f37,S2A_MSIL2A_20200707T182921_N0500_R027_T11SLV_20230515T110928.SAFE,S2|R027|20200707T1820,/mnt/engg-niulab/yuyao/sensors_raw_data/S2/product_crops/95aafa94-5a07-4b40-84c9-bcae21cd5f37/ang20200714t204945-A/prev3.tif,,download_s2_missing_from_clean_table,available,0,,expected,product_crops,,2020-04-03T18:29:19.024000+00:00,4f98ad40-2a58-43ce-b243-c883bb92b79e,S2B_MSIL2A_20200403T182919_N0500_R027_T11SLV_20230405T025236.SAFE,S2|R027|20200403T1820,/mnt/engg-niulab/yuyao/sensors_raw_data/S2/seasonal/ang20200714t204945-A/s2_-90.tif,,master:downloaded_path,available,0,,expected,,kept,2019-07-18T18:29:29.024000+00:00,3f41278f-3f9e-4f4e-8f63-687af9c3b578,S2B_MSIL2A_20190718T182929_N0500_R027_T11SLV_20230723T081740.SAFE,S2|R027|20190718T1820,/mnt/engg-niulab/yuyao/sensors_raw_data/S2/year/ang20200714t204945-A/s2_-360.tif,,master:downloaded_path,available,0,,expected,,kept,,,,,,/mnt/engg-niulab/yuyao/sensors_raw_data/S2/prev1/ang20200714t204945-A/s2_-7.tif,raw,/mnt/engg-niulab/yuyao/sensors_raw_data/S2/prev2/ang20200714t204945-A/s2_prev2.tif,raw,/mnt/engg-niulab/yuyao/sensors_raw_data/S2/prev3/ang20200714t204945-A/s2_prev3.tif,raw,/mnt/engg-niulab/yuyao/sensors_raw_data/S2/product_crops/95aafa94-5a07-4b40-84c9-bcae21cd5f37/ang20200714t204945-A/prev3.tif,raw,/mnt/engg-niulab/yuyao/sensors_raw_data/S2/seasonal/ang20200714t204945-A/s2_-90.tif,raw,/mnt/engg-niulab/yuyao/sensors_raw_data/S2/year/ang20200714t204945-A/s2_-360.tif,raw,1,1,raw+raw+raw+raw+raw+raw,,,,,,,,,local_exact,,282.0,0.7408206392137799,S2B_MSIL2A_20200715T183919_N0500_R070_T11SLV_20230411T054303.SAFE,f2a2b20d-dd97-43e9-ba2c-095a5057fcf1,,,,,,,,,local_exact,,282.0,0.7408206392137799,S2B_MSIL2A_20200712T182919_N0500_R027_T11SLV_20230325T231052.SAFE,28a0041b-f27f-4f9b-9958-47e175c29dea,,,,,,,,,local_exact,,282.0,0.7408206392137799,S2A_MSIL2A_20200710T183921_N0500_R070_T11SLV_20230322T220215.SAFE,33c27306-9b2c-44b6-93e6-623a78769c8e,,,,,,,,,local_exact,,282.0,0.7408206392137799,S2A_MSIL2A_20200707T182921_N0500_R027_T11SLV_20230515T110928.SAFE,95aafa94-5a07-4b40-84c9-bcae21cd5f37,,,,,,,,,local_exact,,282.0,0.7408206392137799,S2B_MSIL2A_20200403T182919_N0500_R027_T11SLV_20230405T025236.SAFE,4f98ad40-2a58-43ce-b243-c883bb92b79e,,,,,,,,,local_exact,,282.0,0.7408206392137799,S2B_MSIL2A_20190718T182929_N0500_R027_T11SLV_20230723T081740.SAFE,3f41278f-3f9e-4f4e-8f63-687af9c3b578
ang20200724t212216-1,2020-07-24T21:22:16+00,35.2164081,-119.21347,"[-119.21526307762633, 35.214342170314154, -119.21130531004252, 35.21754773045144]",S2,2020-07-25T18:39:19.024000Z,local_sibling:1dd159a06599d102,S2B_MSIL2A_20200725T183919_N0500_R070_T11SKV_20230422T204433.SAFE,S2|R070|20200725T1830,/mnt/engg-niulab/yuyao/sensors_raw_data/S2/t0/ang20200724t212216-1/s2.tif,,s2_download_manifest:downloaded,available,0,,expected,t0,t0_24h_window,2020-07-22T18:29:19.024000Z,3b1c783d-3584-430a-a0ca-6c2e01371a7a,S2B_MSIL2A_20200722T182919_N0500_R027_T11SKV_20230324T082228.SAFE,S2|R027|20200722T1820,/mnt/engg-niulab/yuyao/sensors_raw_data/S2/product_crops/3b1c783d-3584-430a-a0ca-6c2e01371a7a/ang20200724t212216-1/prev1.tif,,download_s2_missing_from_clean_table,available,0,,expected,product_crops,,2020-07-20T18:39:21.024000Z,f7e34b9a-660e-4d4d-b7ae-f3c756d72b16,S2A_MSIL2A_20200720T183921_N0500_R070_T11SKV_20230323T235904.SAFE,S2|R070|20200720T1830,/mnt/engg-niulab/yuyao/sensors_raw_data/S2/prev3/ang20200724t212216-1/s2_prev3.tif,,s2_download_manifest:downloaded,available,0,,expected,prev3,,2020-07-17T18:29:21.024000Z,local_mosaic:c5387faf2e2da98a:-119.2_35.2,S2A_MSIL2A_20200717T182921_N0500_R027_T11SKU_20230324T051106.SAFE,S2|R027|20200717T1820,/mnt/engg-niulab/yuyao/sensors_raw_data/S2/product_crops/991fb3ef-70c0-402d-ac9c-f748aa437c1b/ang20200724t212216-1/prev3.tif,,download_s2_missing_from_clean_table,available,0,,expected,product_crops,,2020-04-23T18:29:09.024000+00:00,4ea19c51-5f3c-4828-bbbd-a89663e736ca,S2B_MSIL2A_20200423T182909_N0500_R027_T11SKV_20230410T035802.SAFE,S2|R027|20200423T1820,/mnt/engg-niulab/yuyao/sensors_raw_data/S2/seasonal/ang20200724t212216-1/s2_-90.tif,,master:downloaded_path,available,0,,expected,,kept,2019-07-28T18:29:29.024000+00:00,local_mosaic:c65ff622fc7fdb99:-119.2_35.2,S2B_MSIL2A_20190728T182929_N0500_R027_T11SKU_20230803T195109.SAFE,S2|R027|20190728T1820,/mnt/engg-niulab/yuyao/sensors_raw_data/S2/year/ang20200724t212216-1/s2_-360.tif,,master:downloaded_path,available,0,,expected,,kept,,,,,,/mnt/engg-niulab/yuyao/sensors_raw_data/S2/t0/ang20200724t212216-1/s2.tif,raw,/mnt/engg-niulab/yuyao/sensors_raw_data/S2/product_crops/3b1c783d-3584-430a-a0ca-6c2e01371a7a/ang20200724t212216-1/prev1.tif,raw,/mnt/engg-niulab/yuyao/sensors_raw_data/S2/prev3/ang20200724t212216-1/s2_prev3.tif,raw,/mnt/engg-niulab/yuyao/sensors_raw_data/S2/product_crops/991fb3ef-70c0-402d-ac9c-f748aa437c1b/ang20200724t212216-1/prev3.tif,raw,/mnt/engg-niulab/yuyao/sensors_raw_data/S2/seasonal/ang20200724t212216-1/s2_-90.tif,raw,/mnt/engg-niulab/yuyao/sensors_raw_data/S2/year/ang20200724t212216-1/s2_-360.tif,raw,1,1,raw+raw+raw+raw+raw+raw,,,,,,,,,local_point_repaired,,198.0,0.6748704428318888,S2B_MSIL2A_20200725T183919_N0500_R070_T11SKU_20230422T204433.SAFE,cccf024e-56f8-465e-9c71-b079080059ef,,,,,,,,,local_exact,,198.0,0.6748704428318888,S2B_MSIL2A_20200722T182919_N0500_R027_T11SKV_20230324T082228.SAFE,3b1c783d-3584-430a-a0ca-6c2e01371a7a,,,,,,,,,local_exact,,198.0,0.6748704428318888,S2A_MSIL2A_20200720T183921_N0500_R070_T11SKV_20230323T235904.SAFE,f7e34b9a-660e-4d4d-b7ae-f3c756d72b16,,,,,,,"[{""product_name"":""S2A_MSIL2A_20200717T182921_N0500_R027_T11SKU_20230324T051106.SAFE"",""product_dir"":""/mnt/engg-leung/Research_No9_Methane_Emissions/Yuyao/raw_data_dir_s2/S2A_MSIL2A_20200717T182921_N0500_R027_T11SKU_20230324T051106.SAFE""},{""product_name"":""S2A_MSIL2A_20200717T182921_N0500_R027_T11SMT_20230324T051106.SAFE"",""product_dir"":""/mnt/engg-niulab/yuyao/sensors_raw_data/S2/raw_data_dir_s2/S2A_MSIL2A_20200717T182921_N0500_R027_T11SMT_20230324T051106.SAFE""},{""product_name"":""S2A_MSIL2A_20200717T182921_N0500_R027_T11SLT_20230324T051106.SAFE"",""product_dir"":""/mnt/engg-niulab/yuyao/sensors_raw_data/S2/raw_data_dir_s2/S2A_MSIL2A_20200717T182921_N0500_R027_T11SLT_20230324T051106.SAFE""},{""product_name"":""S2A_MSIL2A_20200717T182921_N0500_R027_T11SLU_20230324T051106.SAFE"",""product_dir"":""/mnt/engg-niulab/yuyao/sensors_raw_data/S2/raw_data_dir_s2/S2A_MSIL2A_20200717T182921_N0500_R027_T11SLU_20230324T051106.SAFE""},{""product_name"":""S2A_MSIL2A_20200717T182921_N0500_R027_T11SLV_20230324T051106.SAFE"",""product_dir"":""/mnt/engg-leung/Research_No9_Methane_Emissions/Yuyao/raw_data_dir_s2/S2A_MSIL2A_20200717T182921_N0500_R027_T11SLV_20230324T051106.SAFE""}]",,local_mosaic_repaired,,-221.0,0.6748704428318888,S2A_MSIL2A_20200717T182921_N0500_R027_T11SKU_20230324T051106.SAFE,991fb3ef-70c0-402d-ac9c-f748aa437c1b,,,,,,,,,local_exact,,198.0,0.6748704428318888,S2B_MSIL2A_20200423T182909_N0500_R027_T11SKV_20230410T035802.SAFE,4ea19c51-5f3c-4828-bbbd-a89663e736ca,,,,,,,"[{""product_name"":""S2B_MSIL2A_20190728T182929_N0500_R027_T11SKU_20230803T195109.SAFE"",""product_dir"":""/mnt/engg-niulab/yuyao/sensors_raw_data/S2/raw_data_dir_s2/S2B_MSIL2A_20190728T182929_N0500_R027_T11SKU_20230803T195109.SAFE""},{""product_name"":""S2B_MSIL2A_20190728T182929_N0500_R027_T11SLV_20230803T195109.SAFE"",""product_dir"":""/mnt/engg-niulab/yuyao/sensors_raw_data/S2/raw_data_dir_s2/S2B_MSIL2A_20190728T182929_N0500_R027_T11SLV_20230803T195109.SAFE""},{""product_name"":""S2B_MSIL2A_20190728T182929_N0500_R027_T11SLU_20230803T195109.SAFE"",""product_dir"":""/mnt/engg-niulab/yuyao/sensors_raw_data/S2/raw_data_dir_s2/S2B_MSIL2A_20190728T182929_N0500_R027_T11SLU_20230803T195109.SAFE""}]",,local_mosaic_repaired,,-221.0,0.6748704428318888,S2B_MSIL2A_20190728T182929_N0500_R027_T11SKU_20230803T195109.SAFE,3a0e39cf-fb3c-4093-ac54-cd9c7b83a395
av320241008t185527-A,2024-10-08T18:55:27+00,31.95778320956353,-104.32099162479332,"[-104.32737296214793, 31.956306958568913, -104.31329392700624, 31.96825156668308]",S2,2024-10-09T17:42:31.024000Z,8e6631a8-81b7-46d9-ad4e-715f354c0a75,S2A_MSIL2A_20241009T174231_N0511_R098_T13SER_20241010T001558.SAFE,S2|R098|20241009T1740,/mnt/engg-niulab/yuyao/sensors_raw_data/S2/prev1/av320241008t185527-A/s2_-7.tif,,s2_download_manifest:downloaded,available,0,,expected,prev1,t0_24h_window,2024-10-06T17:32:11.024000Z,d54e9c75-4ef2-43e6-9b2c-4d87b346135e,S2A_MSIL2A_20241006T173211_N0511_R055_T13SER_20241006T224550.SAFE,S2|R055|20241006T1730,/mnt/engg-niulab/yuyao/sensors_raw_data/S2/prev2/av320241008t185527-A/s2_prev2.tif,,s2_download_manifest:downloaded,available,0,,expected,prev2,,2024-10-04T17:41:09.024000Z,319f87ba-8907-431a-a40f-446f1b99a685,S2B_MSIL2A_20241004T174109_N0511_R098_T13SER_20241004T220141.SAFE,S2|R098|20241004T1740,/mnt/engg-niulab/yuyao/sensors_raw_data/S2/prev3/av320241008t185527-A/s2_prev3.tif,,s2_download_manifest:downloaded,available,0,,expected,prev3,,2024-10-01T17:30:39.024000Z,8b85b559-a0e9-42c3-80a3-f2b990c27f21,S2B_MSIL2A_20241001T173039_N0511_R055_T13SER_20241001T215053.SAFE,S2|R055|20241001T1730,/mnt/engg-niulab/yuyao/sensors_raw_data/S2/product_crops/8b85b559-a0e9-42c3-80a3-f2b990c27f21/av320241008t185527-A/prev3.tif,,download_s2_missing_from_clean_table,available,0,,expected,product_crops,,2024-07-06T17:39:09.024000+00:00,25cacdce-3f6e-4f1e-8fe0-134b9eea717e,S2B_MSIL2A_20240706T173909_N0510_R098_T13SER_20240706T213154.SAFE,S2|R098|20240706T1730,/mnt/engg-niulab/yuyao/sensors_raw_data/S2/seasonal/av320241008t185527-A/s2_-90.tif,,master:downloaded_path,available,0,,expected,,kept,2023-10-12T17:32:41.024000+00:00,13526364-b8ce-416e-9bbf-0d7419bb55e7,S2A_MSIL2A_20231012T173241_N0510_R055_T13SER_20241022T054331.SAFE,S2|R055|20231012T1730,/mnt/engg-niulab/yuyao/sensors_raw_data/S2/year/av320241008t185527-A/s2_-360.tif,,master:downloaded_path,available,0,,expected,,kept,,,,,,/mnt/engg-niulab/yuyao/sensors_raw_data/S2/prev1/av320241008t185527-A/s2_-7.tif,raw,/mnt/engg-niulab/yuyao/sensors_raw_data/S2/prev2/av320241008t185527-A/s2_prev2.tif,raw,/mnt/engg-niulab/yuyao/sensors_raw_data/S2/prev3/av320241008t185527-A/s2_prev3.tif,raw,/mnt/engg-niulab/yuyao/sensors_raw_data/S2/product_crops/8b85b559-a0e9-42c3-80a3-f2b990c27f21/av320241008t185527-A/prev3.tif,raw,/mnt/engg-niulab/yuyao/sensors_raw_data/S2/seasonal/av320241008t185527-A/s2_-90.tif,raw,/mnt/engg-niulab/yuyao/sensors_raw_data/S2/year/av320241008t185527-A/s2_-360.tif,raw,1,1,raw+raw+raw+raw+raw+raw,,,,,,,,,local_exact,,2025.0,0.3002568381452875,S2A_MSIL2A_20241009T174231_N0511_R098_T13SER_20241010T001558.SAFE,8e6631a8-81b7-46d9-ad4e-715f354c0a75,,,,,,,,,local_exact,,2025.0,0.3002568381452875,S2A_MSIL2A_20241006T173211_N0511_R055_T13SER_20241006T224550.SAFE,d54e9c75-4ef2-43e6-9b2c-4d87b346135e,,,,,,,,,local_exact,,2025.0,0.3002568381452875,S2B_MSIL2A_20241004T174109_N0511_R098_T13SER_20241004T220141.SAFE,319f87ba-8907-431a-a40f-446f1b99a685,,,,,,,,,local_exact,,2025.0,0.3002568381452875,S2B_MSIL2A_20241001T173039_N0511_R055_T13SER_20241001T215053.SAFE,8b85b559-a0e9-42c3-80a3-f2b990c27f21,,,,,,,,,local_exact,,2025.0,0.3002568381452875,S2B_MSIL2A_20240706T173909_N0510_R098_T13SER_20240706T213154.SAFE,25cacdce-3f6e-4f1e-8fe0-134b9eea717e,,,,,,,,,local_exact,,2025.0,0.3002568381452875,S2A_MSIL2A_20231012T173241_N0510_R055_T13SER_20241022T054331.SAFE,13526364-b8ce-416e-9bbf-0d7419bb55e7
av320241008t185527-B,2024-10-08T18:55:27+00,32.17419614038008,-104.25724012895265,"[-104.26021693962427, 32.1724202801744, -104.25508131422471, 32.176767224356965]",S2,2024-10-09T17:42:31.024000Z,8e6631a8-81b7-46d9-ad4e-715f354c0a75,S2A_MSIL2A_20241009T174231_N0511_R098_T13SER_20241010T001558.SAFE,S2|R098|20241009T1740,/mnt/engg-niulab/yuyao/sensors_raw_data/S2/prev1/av320241008t185527-B/s2_-7.tif,,s2_download_manifest:downloaded,available,0,,expected,prev1,t0_24h_window,2024-10-06T17:32:11.024000Z,d54e9c75-4ef2-43e6-9b2c-4d87b346135e,S2A_MSIL2A_20241006T173211_N0511_R055_T13SER_20241006T224550.SAFE,S2|R055|20241006T1730,/mnt/engg-niulab/yuyao/sensors_raw_data/S2/prev2/av320241008t185527-B/s2_prev2.tif,,s2_download_manifest:downloaded,available,0,,expected,prev2,,2024-10-01T17:30:39.024000Z,8b85b559-a0e9-42c3-80a3-f2b990c27f21,S2B_MSIL2A_20241001T173039_N0511_R055_T13SER_20241001T215053.SAFE,S2|R055|20241001T1730,/mnt/engg-niulab/yuyao/sensors_raw_data/S2/prev3/av320241008t185527-B/s2_prev3.tif,,s2_download_manifest:downloaded,available,0,,expected,prev3,,2024-09-26T17:31:01.024000Z,2e8461aa-5b16-4ff6-8d37-978697aa42df,S2A_MSIL2A_20240926T173101_N0511_R055_T13SER_20240927T003707.SAFE,S2|R055|20240926T1730,/mnt/engg-niulab/yuyao/sensors_raw_data/S2/product_crops/2e8461aa-5b16-4ff6-8d37-978697aa42df/av320241008t185527-B/prev3.tif,,download_s2_missing_from_clean_table,available,0,,expected,product_crops,,2024-07-06T17:39:09.024000+00:00,25cacdce-3f6e-4f1e-8fe0-134b9eea717e,S2B_MSIL2A_20240706T173909_N0510_R098_T13SER_20240706T213154.SAFE,S2|R098|20240706T1730,/mnt/engg-niulab/yuyao/sensors_raw_data/S2/seasonal/av320241008t185527-B/s2_-90.tif,,master:downloaded_path,available,0,,expected,,kept,2023-10-12T17:32:41.024000+00:00,13526364-b8ce-416e-9bbf-0d7419bb55e7,S2A_MSIL2A_20231012T173241_N0510_R055_T13SER_20241022T054331.SAFE,S2|R055|20231012T1730,/mnt/engg-niulab/yuyao/sensors_raw_data/S2/year/av320241008t185527-B/s2_-360.tif,,master:downloaded_path,available,0,,expected,,kept,,,,,,/mnt/engg-niulab/yuyao/sensors_raw_data/S2/prev1/av320241008t185527-B/s2_-7.tif,raw,/mnt/engg-niulab/yuyao/sensors_raw_data/S2/prev2/av320241008t185527-B/s2_prev2.tif,raw,/mnt/engg-niulab/yuyao/sensors_raw_data/S2/prev3/av320241008t185527-B/s2_prev3.tif,raw,/mnt/engg-niulab/yuyao/sensors_raw_data/S2/product_crops/2e8461aa-5b16-4ff6-8d37-978697aa42df/av320241008t185527-B/prev3.tif,raw,/mnt/engg-niulab/yuyao/sensors_raw_data/S2/seasonal/av320241008t185527-B/s2_-90.tif,raw,/mnt/engg-niulab/yuyao/sensors_raw_data/S2/year/av320241008t185527-B/s2_-360.tif,raw,1,1,raw+raw+raw+raw+raw+raw,,,,,,,,,local_exact,,1732.0,0.7004916309088003,S2A_MSIL2A_20241009T174231_N0511_R098_T13SER_20241010T001558.SAFE,8e6631a8-81b7-46d9-ad4e-715f354c0a75,,,,,,,,,local_exact,,1732.0,0.7004916309088003,S2A_MSIL2A_20241006T173211_N0511_R055_T13SER_20241006T224550.SAFE,d54e9c75-4ef2-43e6-9b2c-4d87b346135e,,,,,,,,,local_exact,,1732.0,0.7004916309088003,S2B_MSIL2A_20241001T173039_N0511_R055_T13SER_20241001T215053.SAFE,8b85b559-a0e9-42c3-80a3-f2b990c27f21,S2A_13SER_20240926_0_L2A,https://sentinel-s2-l2a.s3.amazonaws.com/tiles/13/S/ER/2024/9/26/0,https://sentinel-cogs.s3.us-west-2.amazonaws.com/sentinel-s2-l2a-cogs/13/S/ER/2024/9/S2A_13SER_20240926_0_L2A,1000,S2A_MSIL2A_20240926T173101_N0511_R055_T13SER_20240927T003707.SAFE,,,,stac_exact,,1732.0,0.7004916309088003,S2A_MSIL2A_20240926T173101_N0511_R055_T13SER_20240927T003707.SAFE,2e8461aa-5b16-4ff6-8d37-978697aa42df,,,,,,,,,local_exact,,1732.0,0.7004916309088003,S2B_MSIL2A_20240706T173909_N0510_R098_T13SER_20240706T213154.SAFE,25cacdce-3f6e-4f1e-8fe0-134b9eea717e,,,,,,,,,local_exact,,1732.0,0.7004916309088003,S2A_MSIL2A_20231012T173241_N0510_R055_T13SER_20241022T054331.SAFE,13526364-b8ce-416e-9bbf-0d7419bb55e7
av320241008t185527-C,2024-10-08T18:55:27+00,32.29689904506819,-104.25552047571831,"[-104.25850686246953, 32.295284006056136, -104.25345391040287, 32.29959299241305]",S2,2024-10-09T17:42:31.024000Z,8e6631a8-81b7-46d9-ad4e-715f354c0a75,S2A_MSIL2A_20241009T174231_N0511_R098_T13SER_20241010T001558.SAFE,S2|R098|20241009T1740,/mnt/engg-niulab/yuyao/sensors_raw_data/S2/prev1/av320241008t185527-C/s2_-7.tif,,s2_download_manifest:downloaded,available,0,,expected,prev1,t0_24h_window,2024-10-06T17:32:11.024000Z,d54e9c75-4ef2-43e6-9b2c-4d87b346135e,S2A_MSIL2A_20241006T173211_N0511_R055_T13SER_20241006T224550.SAFE,S2|R055|20241006T1730,/mnt/engg-niulab/yuyao/sensors_raw_data/S2/prev2/av320241008t185527-C/s2_prev2.tif,,s2_download_manifest:downloaded,available,0,,expected,prev2,,2024-10-04T17:41:09.024000Z,319f87ba-8907-431a-a40f-446f1b99a685,S2B_MSIL2A_20241004T174109_N0511_R098_T13SER_20241004T220141.SAFE,S2|R098|20241004T1740,/mnt/engg-niulab/yuyao/sensors_raw_data/S2/prev3/av320241008t185527-C/s2_prev3.tif,,s2_download_manifest:downloaded,available,0,,expected,prev3,,2024-10-01T17:30:39.024000Z,8b85b559-a0e9-42c3-80a3-f2b990c27f21,S2B_MSIL2A_20241001T173039_N0511_R055_T13SER_20241001T215053.SAFE,S2|R055|20241001T1730,/mnt/engg-niulab/yuyao/sensors_raw_data/S2/product_crops/8b85b559-a0e9-42c3-80a3-f2b990c27f21/av320241008t185527-C/prev3.tif,,download_s2_missing_from_clean_table,available,0,,expected,product_crops,,2024-07-06T17:39:09.024000+00:00,25cacdce-3f6e-4f1e-8fe0-134b9eea717e,S2B_MSIL2A_20240706T173909_N0510_R098_T13SER_20240706T213154.SAFE,S2|R098|20240706T1730,/mnt/engg-niulab/yuyao/sensors_raw_data/S2/seasonal/av320241008t185527-C/s2_-90.tif,,master:downloaded_path,available,0,,expected,,kept,2023-10-12T17:32:41.024000+00:00,13526364-b8ce-416e-9bbf-0d7419bb55e7,S2A_MSIL2A_20231012T173241_N0510_R055_T13SER_20241022T054331.SAFE,S2|R055|20231012T1730,/mnt/engg-niulab/yuyao/sensors_raw_data/S2/year/av320241008t185527-C/s2_-360.tif,,master:downloaded_path,available,0,,expected,,kept,,,,,,/mnt/engg-niulab/yuyao/sensors_raw_data/S2/prev1/av320241008t185527-C/s2_-7.tif,raw,/mnt/engg-niulab/yuyao/sensors_raw_data/S2/prev2/av320241008t185527-C/s2_prev2.tif,raw,/mnt/engg-niulab/yuyao/sensors_raw_data/S2/prev3/av320241008t185527-C/s2_prev3.tif,raw,/mnt/engg-niulab/yuyao/sensors_raw_data/S2/product_crops/8b85b559-a0e9-42c3-80a3-f2b990c27f21/av320241008t185527-C/prev3.tif,raw,/mnt/engg-niulab/yuyao/sensors_raw_data/S2/seasonal/av320241008t185527-C/s2_-90.tif,raw,/mnt/engg-niulab/yuyao/sensors_raw_data/S2/year/av320241008t185527-C/s2_-360.tif,raw,1,1,raw+raw+raw+raw+raw+raw,,,,,,,,,local_exact,,1064.0,0.6690875390922884,S2A_MSIL2A_20241009T174231_N0511_R098_T13SER_20241010T001558.SAFE,8e6631a8-81b7-46d9-ad4e-715f354c0a75,,,,,,,,,local_exact,,1064.0,0.6690875390922884,S2A_MSIL2A_20241006T173211_N0511_R055_T13SER_20241006T224550.SAFE,d54e9c75-4ef2-43e6-9b2c-4d87b346135e,,,,,,,,,local_exact,,1064.0,0.6690875390922884,S2B_MSIL2A_20241004T174109_N0511_R098_T13SER_20241004T220141.SAFE,319f87ba-8907-431a-a40f-446f1b99a685,,,,,,,,,local_exact,,1064.0,0.6690875390922884,S2B_MSIL2A_20241001T173039_N0511_R055_T13SER_20241001T215053.SAFE,8b85b559-a0e9-42c3-80a3-f2b990c27f21,,,,,,,,,local_exact,,1064.0,0.6690875390922884,S2B_MSIL2A_20240706T173909_N0510_R098_T13SER_20240706T213154.SAFE,25cacdce-3f6e-4f1e-8fe0-134b9eea717e,,,,,,,,,local_exact,,1064.0,0.6690875390922884,S2A_MSIL2A_20231012T173241_N0510_R055_T13SER_20241022T054331.SAFE,13526364-b8ce-416e-9bbf-0d7419bb55e7
av320241008t185527-D,2024-10-08T18:55:27+00,32.545759541136874,-104.14986635820848,"[-104.15711695393385, 32.544563207483726, -104.14492051789455, 32.55484388862558]",S2,2024-10-09T17:42:31.024000Z,4958b1a0-62e1-4b3f-899d-4084507cc245,S2A_MSIL2A_20241009T174231_N0511_R098_T13SES_20241010T001558.SAFE,S2|R098|20241009T1740,/mnt/engg-niulab/yuyao/sensors_raw_data/S2/prev1/av320241008t185527-D/s2_-7.tif,,s2_download_manifest:downloaded,available,0,,expected,prev1,t0_24h_window,2024-10-06T17:32:11.024000Z,41fb861c-a404-4808-a123-4c6a4238ae1f,S2A_MSIL2A_20241006T173211_N0511_R055_T13SES_20241006T224550.SAFE,S2|R055|20241006T1730,/mnt/engg-niulab/yuyao/sensors_raw_data/S2/prev2/av320241008t185527-D/s2_prev2.tif,,s2_download_manifest:downloaded,available,0,,expected,prev2,,2024-10-04T17:41:09.024000Z,9359a404-3195-4ccf-bc52-87a022dd401e,S2B_MSIL2A_20241004T174109_N0511_R098_T13SES_20241004T220141.SAFE,S2|R098|20241004T1740,/mnt/engg-niulab/yuyao/sensors_raw_data/S2/prev3/av320241008t185527-D/s2_prev3.tif,,s2_download_manifest:downloaded,available,0,,expected,prev3,,2024-10-01T17:30:39.024000Z,17a438a7-c61b-4988-a879-d420b81b8f3b,S2B_MSIL2A_20241001T173039_N0511_R055_T13SES_20241001T215053.SAFE,S2|R055|20241001T1730,/mnt/engg-niulab/yuyao/sensors_raw_data/S2/product_crops/17a438a7-c61b-4988-a879-d420b81b8f3b/av320241008t185527-D/prev3.tif,,download_s2_missing_from_clean_table,available,0,,expected,product_crops,,2024-07-06T17:39:09.024000+00:00,c5cabf50-0579-4319-afe1-7cbc16b786cf,S2B_MSIL2A_20240706T173909_N0510_R098_T13SES_20240706T213154.SAFE,S2|R098|20240706T1730,/mnt/engg-niulab/yuyao/sensors_raw_data/S2/seasonal/av320241008t185527-D/s2_-90.tif,,master:downloaded_path,available,0,,expected,,kept,2023-10-12T17:32:41.024000+00:00,36a9da80-f73d-4bb1-a34d-655c163a592f,S2A_MSIL2A_20231012T173241_N0510_R055_T13SES_20241022T054331.SAFE,S2|R055|20231012T1730,/mnt/engg-niulab/yuyao/sensors_raw_data/S2/year/av320241008t185527-D/s2_-360.tif,,master:downloaded_path,available,0,,expected,,kept,,,,,,/mnt/engg-niulab/yuyao/sensors_raw_data/S2/prev1/av320241008t185527-D/s2_-7.tif,raw,/mnt/engg-niulab/yuyao/sensors_raw_data/S2/prev2/av320241008t185527-D/s2_prev2.tif,raw,/mnt/engg-niulab/yuyao/sensors_raw_data/S2/prev3/av320241008t185527-D/s2_prev3.tif,raw,/mnt/engg-niulab/yuyao/sensors_raw_data/S2/product_crops/17a438a7-c61b-4988-a879-d420b81b8f3b/av320241008t185527-D/prev3.tif,raw,/mnt/engg-niulab/yuyao/sensors_raw_data/S2/seasonal/av320241008t185527-D/s2_-90.tif,raw,/mnt/engg-niulab/yuyao/sensors_raw_data/S2/year/av320241008t185527-D/s2_-360.tif,raw,1,1,raw+raw+raw+raw+raw+raw,,,,,,,,,local_exact,,296.0,0.48870185468695126,S2A_MSIL2A_20241009T174231_N0511_R098_T13SES_20241010T001558.SAFE,4958b1a0-62e1-4b3f-899d-4084507cc245,,,,,,,,,local_exact,,296.0,0.48870185468695126,S2A_MSIL2A_20241006T173211_N0511_R055_T13SES_20241006T224550.SAFE,41fb861c-a404-4808-a123-4c6a4238ae1f,,,,,,,,,local_exact,,296.0,0.48870185468695126,S2B_MSIL2A_20241004T174109_N0511_R098_T13SES_20241004T220141.SAFE,9359a404-3195-4ccf-bc52-87a022dd401e,S2B_13SES_20241001_0_L2A,https://sentinel-s2-l2a.s3.amazonaws.com/tiles/13/S/ES/2024/10/1/0,https://sentinel-cogs.s3.us-west-2.amazonaws.com/sentinel-s2-l2a-cogs/13/S/ES/2024/10/S2B_13SES_20241001_0_L2A,1000,S2B_MSIL2A_20241001T173039_N0511_R055_T13SES_20241001T215053.SAFE,,,,stac_exact,,296.0,0.48870185468695126,S2B_MSIL2A_20241001T173039_N0511_R055_T13SES_20241001T215053.SAFE,17a438a7-c61b-4988-a879-d420b81b8f3b,,,,,,,,,local_exact,,296.0,0.48870185468695126,S2B_MSIL2A_20240706T173909_N0510_R098_T13SES_20240706T213154.SAFE,c5cabf50-0579-4319-afe1-7cbc16b786cf,,,,,,,,,local_exact,,296.0,0.48870185468695126,S2A_MSIL2A_20231012T173241_N0510_R055_T13SES_20241022T054331.SAFE,36a9da80-f73d-4bb1-a34d-655c163a592f
av320250803t160107-F,2025-08-03T16:01:07+00,39.86170275720988,-80.31388073694552,"[-80.31792821634484, 39.85977672615947, -80.311384343805, 39.86479971885246]",S2,2025-08-03T16:08:29.024000Z,982f3a1f-b90a-45b2-ae1c-d12f7bbb4041,S2B_MSIL2A_20250803T160829_N0511_R140_T17TNE_20250803T212823.SAFE,S2|R140|20250803T1600,/mnt/engg-niulab/yuyao/sensors_raw_data/S2/t0/av320250803t160107-F/s2.tif,/mnt/engg-niulab/yuyao/preprocessed_512/S2/av320250803t160107-F/s2_0_std_512.tif,s2_download_manifest:downloaded;master:target_512_path,available,0,,expected,t0,t0_24h_window,2025-07-04T16:08:29.024000Z,b637084a-7d1b-494b-8569-7d4f850f1b43,S2B_MSIL2A_20250704T160829_N0511_R140_T17TNE_20250704T211831.SAFE,S2|R140|20250704T1600,/mnt/engg-niulab/yuyao/sensors_raw_data/S2/prev1/av320250803t160107-F/s2_-7.tif,,s2_download_manifest:downloaded,available,0,,expected,prev1,,2025-06-24T16:08:29.024000Z,63b0ec14-ce75-44b4-8f8f-2ce510e14f7f,S2B_MSIL2A_20250624T160829_N0511_R140_T17TNE_20250624T201551.SAFE,S2|R140|20250624T1600,/mnt/engg-niulab/yuyao/sensors_raw_data/S2/prev2/av320250803t160107-F/s2_prev2.tif,,s2_download_manifest:downloaded,available,0,,expected,prev2,,2025-06-11T16:17:01.024000Z,7cce5d22-e217-4c2e-95fb-275f2d60f7ab,S2A_MSIL2A_20250611T161701_N0511_R140_T17TNE_20250612T023314.SAFE,S2|R140|20250611T1610,/mnt/engg-niulab/yuyao/sensors_raw_data/S2/prev3/av320250803t160107-F/s2_prev3.tif,,s2_download_manifest:downloaded,available,0,,expected,prev3,,2025-04-30T16:09:21.025000Z,198f0091-ef9b-400f-a42e-b8a2af0ca55a,S2C_MSIL2A_20250430T160921_N0511_R140_T17TNE_20250430T213220.SAFE,S2|R140|20250430T1600,/mnt/engg-niulab/yuyao/sensors_raw_data/S2/seasonal/av320250803t160107-F/s2_-90.tif,/mnt/engg-niulab/yuyao/preprocessed_512/S2/av320250803t160107-F/s2_-90_std_512.tif,master:downloaded_path;master:target_512_path,available,0,,expected,,legacy_minus90_window,2024-07-19T16:08:29.024000Z,06d74d98-1a7e-4638-a266-6284168c2bcd,S2B_MSIL2A_20240719T160829_N0510_R140_T17TNE_20240719T213429.SAFE,S2|R140|20240719T1600,/mnt/engg-niulab/yuyao/sensors_raw_data/S2/year/av320250803t160107-F/s2_-360.tif,/mnt/engg-niulab/yuyao/preprocessed_512/S2/av320250803t160107-F/s2_-360_std_512.tif,master:downloaded_path;master:target_512_path,available,0,,expected,,legacy_minus360_window,https://api.carbonmapper.org/api/v1/catalog/asset/l3a-vis-ch4-mfa-v3/2025/08/03/av320250803t160107-F/av320250803t160107-F_l3a-vis-ch4-mfa-v3_plume.tif,https://api.carbonmapper.org/api/v1/catalog/asset/l3a-vis-ch4-mfa-v3/2025/08/03/av320250803t160107-F/av320250803t160107-F_l3a-vis-ch4-mfa-v3_plume.png,https://api.carbonmapper.org/api/v1/catalog/asset/l3a-ime-ch4-mfa-v3/2025/08/03/av320250803t160107-F/av320250803t160107-F_l3a-ime-ch4-mfa-v3_ime-cmf-concentrations.tif,https://api.carbonmapper.org/api/v1/catalog/asset/l3a-vis-ch4-mfa-v3/2025/08/03/av320250803t160107-F/av320250803t160107-F_l3a-vis-ch4-mfa-v3_rgb.tif,https://api.carbonmapper.org/api/v1/catalog/asset/l3a-vis-ch4-mfa-v3/2025/08/03/av320250803t160107-F/av320250803t160107-F_l3a-vis-ch4-mfa-v3_rgb.png,/mnt/engg-niulab/yuyao/sensors_raw_data/S2/t0/av320250803t160107-F/s2.tif,raw,/mnt/engg-niulab/yuyao/sensors_raw_data/S2/prev1/av320250803t160107-F/s2_-7.tif,raw,/mnt/engg-niulab/yuyao/sensors_raw_data/S2/prev2/av320250803t160107-F/s2_prev2.tif,raw,/mnt/engg-niulab/yuyao/sensors_raw_data/S2/prev3/av320250803t160107-F/s2_prev3.tif,raw,/mnt/engg-niulab/yuyao/sensors_raw_data/S2/seasonal/av320250803t160107-F/s2_-90.tif,raw,/mnt/engg-niulab/yuyao/sensors_raw_data/S2/year/av320250803t160107-F/s2_-360.tif,raw,1,1,raw+raw+raw+raw+raw+raw,,,,,,,,,local_exact,,866.0,0.35107371120830067,S2B_MSIL2A_20250803T160829_N0511_R140_T17TNE_20250803T212823.SAFE,982f3a1f-b90a-45b2-ae1c-d12f7bbb4041,S2B_17TNE_20250704_1_L2A,https://sentinel-s2-l2a.s3.amazonaws.com/tiles/17/T/NE/2025/7/4/1/R20m,https://sentinel-cogs.s3.us-west-2.amazonaws.com/sentinel-s2-l2a-cogs/17/T/NE/2025/7/S2B_17TNE_20250704_1_L2A,1000,S2B_MSIL2A_20250704T160829_N0511_R140_T17TNE_20250704T211831.SAFE,,,,stac_exact,,866.0,0.35107371120830067,S2B_MSIL2A_20250704T160829_N0511_R140_T17TNE_20250704T211831.SAFE,b637084a-7d1b-494b-8569-7d4f850f1b43,,,,,,,,,local_exact,,866.0,0.35107371120830067,S2B_MSIL2A_20250624T160829_N0511_R140_T17TNE_20250624T201551.SAFE,63b0ec14-ce75-44b4-8f8f-2ce510e14f7f,,,,,,,,,local_exact,,866.0,0.35107371120830067,S2A_MSIL2A_20250611T161701_N0511_R140_T17TNE_20250612T023314.SAFE,7cce5d22-e217-4c2e-95fb-275f2d60f7ab,,,,,,,,,local_exact,,866.0,0.35107371120830067,S2C_MSIL2A_20250430T160921_N0511_R140_T17TNE_20250430T213220.SAFE,198f0091-ef9b-400f-a42e-b8a2af0ca55a,,,,,,,,,local_exact,,866.0,0.35107371120830067,S2B_MSIL2A_20240719T160829_N0510_R140_T17TNE_20240719T213429.SAFE,06d74d98-1a7e-4638-a266-6284168c2bcd
av320250803t160107-H,2025-08-03T16:01:07+00,39.8368820532703,-80.27253693923944,"[-80.27602908532535, 39.834667002267906, -80.26948761000129, 39.83968999185713]",S2,2025-08-03T16:08:29.024000Z,982f3a1f-b90a-45b2-ae1c-d12f7bbb4041,S2B_MSIL2A_20250803T160829_N0511_R140_T17TNE_20250803T212823.SAFE,S2|R140|20250803T1600,/mnt/engg-niulab/yuyao/sensors_raw_data/S2/t0/av320250803t160107-H/s2.tif,/mnt/engg-niulab/yuyao/preprocessed_512/S2/av320250803t160107-H/s2_0_std_512.tif,s2_download_manifest:downloaded;master:target_512_path,available,0,,expected,t0,t0_24h_window,2025-07-04T16:08:29.024000Z,b637084a-7d1b-494b-8569-7d4f850f1b43,S2B_MSIL2A_20250704T160829_N0511_R140_T17TNE_20250704T211831.SAFE,S2|R140|20250704T1600,/mnt/engg-niulab/yuyao/sensors_raw_data/S2/prev1/av320250803t160107-H/s2_-7.tif,,s2_download_manifest:downloaded,available,0,,expected,prev1,,2025-06-24T16:08:29.024000Z,63b0ec14-ce75-44b4-8f8f-2ce510e14f7f,S2B_MSIL2A_20250624T160829_N0511_R140_T17TNE_20250624T201551.SAFE,S2|R140|20250624T1600,/mnt/engg-niulab/yuyao/sensors_raw_data/S2/prev2/av320250803t160107-H/s2_prev2.tif,,s2_download_manifest:downloaded,available,0,,expected,prev2,,2025-06-11T16:17:01.024000Z,7cce5d22-e217-4c2e-95fb-275f2d60f7ab,S2A_MSIL2A_20250611T161701_N0511_R140_T17TNE_20250612T023314.SAFE,S2|R140|20250611T1610,/mnt/engg-niulab/yuyao/sensors_raw_data/S2/prev3/av320250803t160107-H/s2_prev3.tif,,s2_download_manifest:downloaded,available,0,,expected,prev3,,2025-04-30T16:09:21.025000Z,198f0091-ef9b-400f-a42e-b8a2af0ca55a,S2C_MSIL2A_20250430T160921_N0511_R140_T17TNE_20250430T213220.SAFE,S2|R140|20250430T1600,/mnt/engg-niulab/yuyao/sensors_raw_data/S2/seasonal/av320250803t160107-H/s2_-90.tif,/mnt/engg-niulab/yuyao/preprocessed_512/S2/av320250803t160107-H/s2_-90_std_512.tif,master:downloaded_path;master:target_512_path,available,0,,expected,,legacy_minus90_window,2024-07-19T16:08:29.024000Z,06d74d98-1a7e-4638-a266-6284168c2bcd,S2B_MSIL2A_20240719T160829_N0510_R140_T17TNE_20240719T213429.SAFE,S2|R140|20240719T1600,/mnt/engg-niulab/yuyao/sensors_raw_data/S2/year/av320250803t160107-H/s2_-360.tif,/mnt/engg-niulab/yuyao/preprocessed_512/S2/av320250803t160107-H/s2_-360_std_512.tif,master:downloaded_path;master:target_512_path,available,0,,expected,,legacy_minus360_window,https://api.carbonmapper.org/api/v1/catalog/asset/l3a-vis-ch4-mfa-v3/2025/08/03/av320250803t160107-H/av320250803t160107-H_l3a-vis-ch4-mfa-v3_plume.tif,https://api.carbonmapper.org/api/v1/catalog/asset/l3a-vis-ch4-mfa-v3/2025/08/03/av320250803t160107-H/av320250803t160107-H_l3a-vis-ch4-mfa-v3_plume.png,https://api.carbonmapper.org/api/v1/catalog/asset/l3a-ime-ch4-mfa-v3/2025/08/03/av320250803t160107-H/av320250803t160107-H_l3a-ime-ch4-mfa-v3_ime-cmf-concentrations.tif,https://api.carbonmapper.org/api/v1/catalog/asset/l3a-vis-ch4-mfa-v3/2025/08/03/av320250803t160107-H/av320250803t160107-H_l3a-vis-ch4-mfa-v3_rgb.tif,https://api.carbonmapper.org/api/v1/catalog/asset/l3a-vis-ch4-mfa-v3/2025/08/03/av320250803t160107-H/av320250803t160107-H_l3a-vis-ch4-mfa-v3_rgb.png,/mnt/engg-niulab/yuyao/sensors_raw_data/S2/t0/av320250803t160107-H/s2.tif,raw,/mnt/engg-niulab/yuyao/sensors_raw_data/S2/prev1/av320250803t160107-H/s2_-7.tif,raw,/mnt/engg-niulab/yuyao/sensors_raw_data/S2/prev2/av320250803t160107-H/s2_prev2.tif,raw,/mnt/engg-niulab/yuyao/sensors_raw_data/S2/prev3/av320250803t160107-H/s2_prev3.tif,raw,/mnt/engg-niulab/yuyao/sensors_raw_data/S2/seasonal/av320250803t160107-H/s2_-90.tif,raw,/mnt/engg-niulab/yuyao/sensors_raw_data/S2/year/av320250803t160107-H/s2_-360.tif,raw,1,1,raw+raw+raw+raw+raw+raw,,,,,,,,,local_exact,,730.0,0.6942233575391583,S2B_MSIL2A_20250803T160829_N0511_R140_T17TNE_20250803T212823.SAFE,982f3a1f-b90a-45b2-ae1c-d12f7bbb4041,S2B_17TNE_20250704_1_L2A,https://sentinel-s2-l2a.s3.amazonaws.com/tiles/17/T/NE/2025/7/4/1/R20m,https://sentinel-cogs.s3.us-west-2.amazonaws.com/sentinel-s2-l2a-cogs/17/T/NE/2025/7/S2B_17TNE_20250704_1_L2A,1000,S2B_MSIL2A_20250704T160829_N0511_R140_T17TNE_20250704T211831.SAFE,,,,stac_exact,,730.0,0.6942233575391583,S2B_MSIL2A_20250704T160829_N0511_R140_T17TNE_20250704T211831.SAFE,b637084a-7d1b-494b-8569-7d4f850f1b43,,,,,,,,,local_exact,,730.0,0.6942233575391583,S2B_MSIL2A_20250624T160829_N0511_R140_T17TNE_20250624T201551.SAFE,63b0ec14-ce75-44b4-8f8f-2ce510e14f7f,,,,,,,,,local_exact,,730.0,0.6942233575391583,S2A_MSIL2A_20250611T161701_N0511_R140_T17TNE_20250612T023314.SAFE,7cce5d22-e217-4c2e-95fb-275f2d60f7ab,,,,,,,,,local_exact,,730.0,0.6942233575391583,S2C_MSIL2A_20250430T160921_N0511_R140_T17TNE_20250430T213220.SAFE,198f0091-ef9b-400f-a42e-b8a2af0ca55a,,,,,,,,,local_exact,,730.0,0.6942233575391583,S2B_MSIL2A_20240719T160829_N0510_R140_T17TNE_20240719T213429.SAFE,06d74d98-1a7e-4638-a266-6284168c2bcd
emi20230227t172227p11010-A,2023-02-27T17:22:27+00,32.410289930303364,-116.74765045363046,"[-116.78834715086192, 32.3861552226862, -116.72144399827316, 32.44263441034006]",S2,2023-02-27T18:33:19.025000Z,aa4a5599-1481-497d-8575-fc75db26bca7,S2B_MSIL2A_20230227T183319_N0510_R027_T11SNR_20240820T070740.SAFE,S2|R027|20230227T1830,/mnt/engg-niulab/yuyao/sensors_raw_data/S2/prev1/emi20230227t172227p11010-A/s2_-7.tif,,s2_download_manifest:downloaded,available,0,,expected,prev1,t0_24h_window,2023-02-24T18:23:39.025000Z,99cffc75-4038-4e47-af11-1113a8f901ff,S2B_MSIL2A_20230224T182339_N0510_R127_T11SNR_20240730T190645.SAFE,S2|R127|20230224T1820,/mnt/engg-niulab/yuyao/sensors_raw_data/S2/prev2/emi20230227t172227p11010-A/s2_prev2.tif,,s2_download_manifest:downloaded,available,0,,expected,prev2,,2023-02-09T18:25:21.024000Z,1f89dd87-17d5-4fa4-a398-e4ea6ce14e6d,S2A_MSIL2A_20230209T182521_N0510_R127_T11SNR_20240815T113309.SAFE,S2|R127|20230209T1820,/mnt/engg-niulab/yuyao/sensors_raw_data/S2/prev3/emi20230227t172227p11010-A/s2_prev3.tif,,s2_download_manifest:downloaded,available,0,,expected,prev3,,2023-02-07T18:35:29.024000Z,7a0cfe94-755b-40ae-93e7-e7de4799f7e4,S2B_MSIL2A_20230207T183529_N0510_R027_T11SNR_20240812T224025.SAFE,S2|R027|20230207T1830,/mnt/engg-niulab/yuyao/sensors_raw_data/S2/product_crops/7a0cfe94-755b-40ae-93e7-e7de4799f7e4/emi20230227t172227p11010-A/prev3.tif,,download_s2_missing_from_clean_table,available,0,,expected,product_crops,,,,,,,/mnt/engg-leung/Research_No9_Methane_Emissions/Yuyao/Dataset/plume_raw_s2_90360_fixed_512/emi20230227t172227p11010-A/s2_90_std_512.tif,master:existing_512_path,available,0,,,,,,,,,,/mnt/engg-leung/Research_No9_Methane_Emissions/Yuyao/Dataset/plume_raw_s2_90360_fixed_512/emi20230227t172227p11010-A/s2_360_std_512.tif,master:existing_512_path,available,0,,,,,,,,,,/mnt/engg-niulab/yuyao/sensors_raw_data/S2/prev1/emi20230227t172227p11010-A/s2_-7.tif,raw,/mnt/engg-niulab/yuyao/sensors_raw_data/S2/prev2/emi20230227t172227p11010-A/s2_prev2.tif,raw,/mnt/engg-niulab/yuyao/sensors_raw_data/S2/prev3/emi20230227t172227p11010-A/s2_prev3.tif,raw,/mnt/engg-niulab/yuyao/sensors_raw_data/S2/product_crops/7a0cfe94-755b-40ae-93e7-e7de4799f7e4/emi20230227t172227p11010-A/prev3.tif,raw,/mnt/engg-leung/Research_No9_Methane_Emissions/Yuyao/Dataset/plume_raw_s2_90360_fixed_512/emi20230227t172227p11010-A/s2_90_std_512.tif,512,/mnt/engg-leung/Research_No9_Methane_Emissions/Yuyao/Dataset/plume_raw_s2_90360_fixed_512/emi20230227t172227p11010-A/s2_360_std_512.tif,512,1,1,raw+raw+raw+raw+512+512,,,,,,,,,local_exact,,446.0,0.8640039835590869,S2B_MSIL2A_20230227T183319_N0510_R027_T11SNR_20240820T070740.SAFE,aa4a5599-1481-497d-8575-fc75db26bca7,,,,,,,,,local_exact,,446.0,0.8640039835590869,S2B_MSIL2A_20230224T182339_N0510_R127_T11SNR_20240730T190645.SAFE,99cffc75-4038-4e47-af11-1113a8f901ff,,,,,,,,,local_exact,,446.0,0.8640039835590869,S2A_MSIL2A_20230209T182521_N0510_R127_T11SNR_20240815T113309.SAFE,1f89dd87-17d5-4fa4-a398-e4ea6ce14e6d,,,,,,,,,stac_grid_only,,446.0,0.8640039835590869,S2B_MSIL2A_20230207T183529_N0510_R027_T11SNR_20240812T224025.SAFE,7a0cfe94-755b-40ae-93e7-e7de4799f7e4,,,,,,,,,,,,,,,,,,,,,,,,,,,,
emi20230228t163504p11003-B,2023-02-28T16:35:04+00,33.08463910404694,-112.2830805098216,"[-112.31751126999774, 33.059736449169485, -112.24884524116558, 33.11677099617949]",S2,2023-02-28T18:02:59.025000Z,78cf0d53-440b-47e5-909d-a4d732e0a9fd,S2B_MSIL2A_20230228T180259_N0510_R041_T12SUB_20240823T040528.SAFE,S2|R041|20230228T1800,/mnt/engg-niulab/yuyao/sensors_raw_data/S2/prev1/emi20230228t163504p11003-B/s2_-7.tif,,s2_download_manifest:downloaded,available,0,,expected,prev1,t0_24h_window,2023-02-23T18:03:31.024000Z,7368ff13-136b-4413-985d-01b4b2c52f3f,S2A_MSIL2A_20230223T180331_N0510_R041_T12SUB_20240821T012624.SAFE,S2|R041|20230223T1800,/mnt/engg-niulab/yuyao/sensors_raw_data/S2/prev2/emi20230228t163504p11003-B/s2_prev2.tif,,s2_download_manifest:downloaded,available,0,,expected,prev2,,2023-02-18T18:04:09.024000Z,1f6268b0-a8bb-4be1-a2b9-6fbfce394a7f,S2B_MSIL2A_20230218T180409_N0510_R041_T12SUB_20240820T124525.SAFE,S2|R041|20230218T1800,/mnt/engg-niulab/yuyao/sensors_raw_data/S2/prev3/emi20230228t163504p11003-B/s2_prev3.tif,,s2_download_manifest:downloaded,available,0,,expected,prev3,,2023-02-16T18:14:21.024000Z,84b3589f-3e55-44f4-90ce-6ee22d5ddb82,S2A_MSIL2A_20230216T181421_N0510_R084_T12SUB_20240815T144421.SAFE,S2|R084|20230216T1810,/mnt/engg-niulab/yuyao/sensors_raw_data/S2/product_crops/84b3589f-3e55-44f4-90ce-6ee22d5ddb82/emi20230228t163504p11003-B/prev3.tif,,download_s2_missing_from_clean_table,available,0,,expected,product_crops,,,,,,,/mnt/engg-leung/Research_No9_Methane_Emissions/Yuyao/Dataset/plume_raw_s2_90360_fixed_512/emi20230228t163504p11003-B/s2_90_std_512.tif,master:existing_512_path,available,0,,,,,,,,,,/mnt/engg-leung/Research_No9_Methane_Emissions/Yuyao/Dataset/plume_raw_s2_90360_fixed_512/emi20230228t163504p11003-B/s2_360_std_512.tif,master:existing_512_path,available,0,,,,,,,,,,/mnt/engg-niulab/yuyao/sensors_raw_data/S2/prev1/emi20230228t163504p11003-B/s2_-7.tif,raw,/mnt/engg-niulab/yuyao/sensors_raw_data/S2/prev2/emi20230228t163504p11003-B/s2_prev2.tif,raw,/mnt/engg-niulab/yuyao/sensors_raw_data/S2/prev3/emi20230228t163504p11003-B/s2_prev3.tif,raw,/mnt/engg-niulab/yuyao/sensors_raw_data/S2/product_crops/84b3589f-3e55-44f4-90ce-6ee22d5ddb82/emi20230228t163504p11003-B/prev3.tif,raw,/mnt/engg-leung/Research_No9_Methane_Emissions/Yuyao/Dataset/plume_raw_s2_90360_fixed_512/emi20230228t163504p11003-B/s2_90_std_512.tif,512,/mnt/engg-leung/Research_No9_Methane_Emissions/Yuyao/Dataset/plume_raw_s2_90360_fixed_512/emi20230228t163504p11003-B/s2_360_std_512.tif,512,1,1,raw+raw+raw+raw+512+512,,,,,,,,,local_exact,,1222.0,0.8943902807077393,S2B_MSIL2A_20230228T180259_N0510_R041_T12SUB_20240823T040528.SAFE,78cf0d53-440b-47e5-909d-a4d732e0a9fd,,,,,,,,,local_exact,,1222.0,0.8943902807077393,S2A_MSIL2A_20230223T180331_N0510_R041_T12SUB_20240821T012624.SAFE,7368ff13-136b-4413-985d-01b4b2c52f3f,,,,,,,,,local_exact,,1222.0,0.8943902807077393,S2B_MSIL2A_20230218T180409_N0510_R041_T12SUB_20240820T124525.SAFE,1f6268b0-a8bb-4be1-a2b9-6fbfce394a7f,,,,,,,,,local_exact,,1222.0,0.8943902807077393,S2A_MSIL2A_20230216T181421_N0510_R084_T12SUB_20240815T144421.SAFE,84b3589f-3e55-44f4-90ce-6ee22d5ddb82,,,,,,,,,,,,,,,,,,,,,,,,,,,,
emi20230325t134135p09034-A,2023-03-25T13:41:35+00,28.208494663344013,19.91369562971164,"[19.883520257124324, 28.17546531796084, 19.94956497386156, 28.233668263116765]",S2,2023-03-26T09:06:11.024000Z,a43d2bf2-e281-44e7-bf87-c661b847b718,S2A_MSIL2A_20230326T090611_N0510_R050_T34RCS_20240826T064427.SAFE,S2|R050|20230326T0900,/mnt/engg-niulab/yuyao/sensors_raw_data/S2/prev1/emi20230325t134135p09034-A/s2_-7.tif,,s2_download_manifest:downloaded,available,0,,expected,prev1,t0_24h_window,2023-03-19T09:20:31.024000Z,d1bfec42-b9a7-40e4-af34-6bfef2c04fb8,S2A_MSIL2A_20230319T092031_N0510_R093_T34RCS_20240825T033320.SAFE,S2|R093|20230319T0920,/mnt/engg-niulab/yuyao/sensors_raw_data/S2/prev2/emi20230325t134135p09034-A/s2_prev2.tif,,s2_download_manifest:downloaded,available,0,,expected,prev2,,2023-03-16T09:07:21.024000Z,5a15c515-5b13-4c58-9413-86d1d8df1c3b,S2A_MSIL2A_20230316T090721_N0510_R050_T34RCS_20240827T132812.SAFE,S2|R050|20230316T0900,/mnt/engg-niulab/yuyao/sensors_raw_data/S2/prev3/emi20230325t134135p09034-A/s2_prev3.tif,,s2_download_manifest:downloaded,available,0,,expected,prev3,,2023-03-14T09:20:29.024000Z,ef54f4be-c688-4c46-a848-152e8da526d1,S2B_MSIL2A_20230314T092029_N0510_R093_T34RCS_20240821T004751.SAFE,S2|R093|20230314T0920,/mnt/engg-niulab/yuyao/sensors_raw_data/S2/product_crops/ef54f4be-c688-4c46-a848-152e8da526d1/emi20230325t134135p09034-A/prev3.tif,,download_s2_missing_from_clean_table,available,0,,expected,product_crops,,2022-12-19T09:24:11.024000+00:00,2e728ad9-ac54-46ee-87b5-61978166f1c9,S2A_MSIL2A_20221219T092411_N0510_R093_T34RCS_20240808T180808.SAFE,S2|R093|20221219T0920,/mnt/engg-niulab/yuyao/sensors_raw_data/S2/seasonal/emi20230325t134135p09034-A/s2_-90.tif,,master:downloaded_path,available,0,,expected,,kept,2022-03-29T09:20:29.024000+00:00,0a41d40d-e6fe-4702-a397-85d8de3cb416,S2B_MSIL2A_20220329T092029_N0510_R093_T34RCS_20240530T212441.SAFE,S2|R093|20220329T0920,/mnt/engg-niulab/yuyao/sensors_raw_data/S2/year/emi20230325t134135p09034-A/s2_-360.tif,,master:downloaded_path,available,0,,expected,,kept,,,,,,/mnt/engg-niulab/yuyao/sensors_raw_data/S2/prev1/emi20230325t134135p09034-A/s2_-7.tif,raw,/mnt/engg-niulab/yuyao/sensors_raw_data/S2/prev2/emi20230325t134135p09034-A/s2_prev2.tif,raw,/mnt/engg-niulab/yuyao/sensors_raw_data/S2/prev3/emi20230325t134135p09034-A/s2_prev3.tif,raw,/mnt/engg-niulab/yuyao/sensors_raw_data/S2/product_crops/ef54f4be-c688-4c46-a848-152e8da526d1/emi20230325t134135p09034-A/prev3.tif,raw,/mnt/engg-niulab/yuyao/sensors_raw_data/S2/seasonal/emi20230325t134135p09034-A/s2_-90.tif,raw,/mnt/engg-niulab/yuyao/sensors_raw_data/S2/year/emi20230325t134135p09034-A/s2_-360.tif,raw,1,1,raw+raw+raw+raw+raw+raw,,,,,,,,,local_exact,,565.0,0.7269097458120086,S2A_MSIL2A_20230326T090611_N0510_R050_T34RCS_20240826T064427.SAFE,a43d2bf2-e281-44e7-bf87-c661b847b718,,,,,,,,,local_exact,,565.0,0.7269097458120086,S2A_MSIL2A_20230319T092031_N0510_R093_T34RCS_20240825T033320.SAFE,d1bfec42-b9a7-40e4-af34-6bfef2c04fb8,,,,,,,,,local_exact,,565.0,0.7269097458120086,S2A_MSIL2A_20230316T090721_N0510_R050_T34RCS_20240827T132812.SAFE,5a15c515-5b13-4c58-9413-86d1d8df1c3b,,,,,,,,,stac_grid_only,,565.0,0.7269097458120086,S2B_MSIL2A_20230314T092029_N0510_R093_T34RCS_20240821T004751.SAFE,ef54f4be-c688-4c46-a848-152e8da526d1,,,,,,,,,local_exact,,565.0,0.7269097458120086,S2A_MSIL2A_20221219T092411_N0510_R093_T34RCS_20240808T180808.SAFE,2e728ad9-ac54-46ee-87b5-61978166f1c9,,,,,,,,,local_exact,,565.0,0.7269097458120086,S2B_MSIL2A_20220329T092029_N0510_R093_T34RCS_20240530T212441.SAFE,0a41d40d-e6fe-4702-a397-85d8de3cb416
emi20230330t094934p07041-A,2023-03-30T09:49:34+00,37.47655927977188,61.027586980808906,"[60.98937315768894, 37.454033039164806, 61.05885669704096, 37.509171611909146]",S2,2023-03-31T06:36:21.024000Z,638439bd-c426-46c2-8e82-b78006e03f7b,S2A_MSIL2A_20230331T063621_N0510_R120_T41SLB_20240825T201928.SAFE,S2|R120|20230331T0630,/mnt/engg-niulab/yuyao/sensors_raw_data/S2/prev1/emi20230330t094934p07041-A/s2_-7.tif,,s2_download_manifest:downloaded,available,0,,expected,prev1,t0_24h_window,2023-03-29T06:46:29.024000Z,409e1ec0-424f-42bb-97ac-2cb976a6cc1b,S2B_MSIL2A_20230329T064629_N0510_R020_T41SLB_20240823T165234.SAFE,S2|R020|20230329T0640,/mnt/engg-niulab/yuyao/sensors_raw_data/S2/prev2/emi20230330t094934p07041-A/s2_prev2.tif,,s2_download_manifest:downloaded,available,0,,expected,prev2,,2023-03-26T06:36:29.024000Z,aedd02fa-5528-434e-a473-ee2ad2276132,S2B_MSIL2A_20230326T063629_N0510_R120_T41SLB_20240826T033146.SAFE,S2|R120|20230326T0630,/mnt/engg-niulab/yuyao/sensors_raw_data/S2/prev3/emi20230330t094934p07041-A/s2_prev3.tif,,s2_download_manifest:downloaded,available,0,,expected,prev3,,2023-03-21T06:36:21.024000Z,e15490e9-397a-4252-b57f-38ceb6efedf1,S2A_MSIL2A_20230321T063621_N0510_R120_T41SLB_20240827T060715.SAFE,S2|R120|20230321T0630,/mnt/engg-niulab/yuyao/sensors_raw_data/S2/product_crops/e15490e9-397a-4252-b57f-38ceb6efedf1/emi20230330t094934p07041-A/prev3.tif,,download_s2_missing_from_clean_table,available,0,,expected,product_crops,,2022-12-29T06:53:09.024000+00:00,99d082fa-ed08-49a8-8d2e-a70bb8e6b446,S2B_MSIL2A_20221229T065309_N0510_R020_T41SLB_20240807T233300.SAFE,S2|R020|20221229T0650,/mnt/engg-niulab/yuyao/sensors_raw_data/S2/seasonal/emi20230330t094934p07041-A/s2_-90.tif,,master:downloaded_path,available,0,,expected,,kept,2022-03-31T06:36:19.024000+00:00,53cd46e2-c4c8-4b6c-b7bb-d0ad0ec8f1cf,S2B_MSIL2A_20220331T063619_N0510_R120_T41SLB_20240527T014857.SAFE,S2|R120|20220331T0630,/mnt/engg-niulab/yuyao/sensors_raw_data/S2/year/emi20230330t094934p07041-A/s2_-360.tif,,master:downloaded_path,available,0,,expected,,kept,,,,,,/mnt/engg-niulab/yuyao/sensors_raw_data/S2/prev1/emi20230330t094934p07041-A/s2_-7.tif,raw,/mnt/engg-niulab/yuyao/sensors_raw_data/S2/prev2/emi20230330t094934p07041-A/s2_prev2.tif,raw,/mnt/engg-niulab/yuyao/sensors_raw_data/S2/prev3/emi20230330t094934p07041-A/s2_prev3.tif,raw,/mnt/engg-niulab/yuyao/sensors_raw_data/S2/product_crops/e15490e9-397a-4252-b57f-38ceb6efedf1/emi20230330t094934p07041-A/prev3.tif,raw,/mnt/engg-niulab/yuyao/sensors_raw_data/S2/seasonal/emi20230330t094934p07041-A/s2_-90.tif,raw,/mnt/engg-niulab/yuyao/sensors_raw_data/S2/year/emi20230330t094934p07041-A/s2_-360.tif,raw,1,1,raw+raw+raw+raw+raw+raw,,,,,,,,,local_exact,,1023.0,0.7376173342236143,S2A_MSIL2A_20230331T063621_N0510_R120_T41SLB_20240825T201928.SAFE,638439bd-c426-46c2-8e82-b78006e03f7b,,,,,,,,,local_exact,,1023.0,0.7376173342236143,S2B_MSIL2A_20230329T064629_N0510_R020_T41SLB_20240823T165234.SAFE,409e1ec0-424f-42bb-97ac-2cb976a6cc1b,,,,,,,,,local_exact,,1023.0,0.7376173342236143,S2B_MSIL2A_20230326T063629_N0510_R120_T41SLB_20240826T033146.SAFE,aedd02fa-5528-434e-a473-ee2ad2276132,,,,,,,,,local_exact,,1023.0,0.7376173342236143,S2A_MSIL2A_20230321T063621_N0510_R120_T41SLB_20240827T060715.SAFE,e15490e9-397a-4252-b57f-38ceb6efedf1,,,,,,,,,local_exact,,1023.0,0.7376173342236143,S2B_MSIL2A_20221229T065309_N0510_R020_T41SLB_20240807T233300.SAFE,99d082fa-ed08-49a8-8d2e-a70bb8e6b446,,,,,,,,,local_exact,,1023.0,0.7376173342236143,S2B_MSIL2A_20220331T063619_N0510_R120_T41SLB_20240527T014857.SAFE,53cd46e2-c4c8-4b6c-b7bb-d0ad0ec8f1cf
emi20230424t090806p06011-A,2023-04-24T09:08:06+00,32.514511074401966,36.11133836657885,"[36.08657608000781, 32.48477687322631, 36.1557248601008, 32.54308732225115]",S2,2023-04-25T08:16:09.024000Z,aws_stac:S2B_36SYB_20230425_0_L2A,S2B_MSIL2A_20230425T081609_N0509_R121_T36SYB_20230425T103741.SAFE,S2|R121|20230425T0810,/mnt/engg-niulab/yuyao/sensors_raw_data/S2/prev1/emi20230424t090806p06011-A/s2_-7.tif,,s2_download_manifest:downloaded,available,0,,expected,prev1,t0_24h_window,2023-04-22T08:06:09.024000Z,9c234605-d623-46dd-94bf-b57304950e71,S2B_MSIL2A_20230422T080609_N0510_R078_T36SYB_20240903T214713.SAFE,S2|R078|20230422T0800,/mnt/engg-niulab/yuyao/sensors_raw_data/S2/product_crops/9c234605-d623-46dd-94bf-b57304950e71/emi20230424t090806p06011-A/prev1.tif,,download_s2_missing_from_clean_table,available,0,,expected,product_crops,,2023-04-20T08:16:01.024000Z,b0ac0de9-b584-4fc0-b2a5-a4a8720fbec2,S2A_MSIL2A_20230420T081601_N0510_R121_T37SBS_20240901T210108.SAFE,S2|R121|20230420T0810,/mnt/engg-niulab/yuyao/sensors_raw_data/S2/product_crops/b0ac0de9-b584-4fc0-b2a5-a4a8720fbec2/emi20230424t090806p06011-A/prev2.tif,,download_s2_missing_from_clean_table,available,0,,expected,product_crops,,2023-04-17T08:06:11.024000Z,aa4d37c8-ae54-4350-9b77-75c02a78efe0,S2A_MSIL2A_20230417T080611_N0510_R078_T36SYB_20240902T194454.SAFE,S2|R078|20230417T0800,/mnt/engg-niulab/yuyao/sensors_raw_data/S2/product_crops/aa4d37c8-ae54-4350-9b77-75c02a78efe0/emi20230424t090806p06011-A/prev3.tif,,download_s2_missing_from_clean_table,available,0,,expected,product_crops,,2023-01-22T08:11:39.024000+00:00,eba3ad94-d523-43fd-82c0-8609b6ff84be,S2B_MSIL2A_20230122T081139_N0510_R078_T36SYB_20240810T061340.SAFE,S2|R078|20230122T0810,/mnt/engg-niulab/yuyao/sensors_raw_data/S2/seasonal/emi20230424t090806p06011-A/s2_-90.tif,,master:downloaded_path,available,0,,expected,,kept,2022-04-27T08:05:59.024000+00:00,b8aeddcb-1534-4b4e-87f5-2c89e9196457,S2B_MSIL2A_20220427T080559_N0510_R078_T36SYB_20240522T075526.SAFE,S2|R078|20220427T0800,/mnt/engg-niulab/yuyao/sensors_raw_data/S2/year/emi20230424t090806p06011-A/s2_-360.tif,,master:downloaded_path,available,0,,expected,,kept,,,,,,/mnt/engg-niulab/yuyao/sensors_raw_data/S2/prev1/emi20230424t090806p06011-A/s2_-7.tif,raw,/mnt/engg-niulab/yuyao/sensors_raw_data/S2/product_crops/9c234605-d623-46dd-94bf-b57304950e71/emi20230424t090806p06011-A/prev1.tif,raw,/mnt/engg-niulab/yuyao/sensors_raw_data/S2/product_crops/b0ac0de9-b584-4fc0-b2a5-a4a8720fbec2/emi20230424t090806p06011-A/prev2.tif,raw,/mnt/engg-niulab/yuyao/sensors_raw_data/S2/product_crops/aa4d37c8-ae54-4350-9b77-75c02a78efe0/emi20230424t090806p06011-A/prev3.tif,raw,/mnt/engg-niulab/yuyao/sensors_raw_data/S2/seasonal/emi20230424t090806p06011-A/s2_-90.tif,raw,/mnt/engg-niulab/yuyao/sensors_raw_data/S2/year/emi20230424t090806p06011-A/s2_-360.tif,raw,1,1,raw+raw+raw+raw+raw+raw,S2B_36SYB_20230425_0_L2A,https://sentinel-s2-l2a.s3.amazonaws.com/tiles/36/S/YB/2023/4/25/0,https://sentinel-cogs.s3.us-west-2.amazonaws.com/sentinel-s2-l2a-cogs/36/S/YB/2023/4/S2B_36SYB_20230425_0_L2A,1000,S2B_MSIL2A_20230425T081609_N0509_R121_T36SYB_20230425T103741.SAFE,,,,stac_point_repaired,,320.0,0.5348500745094498,S2B_MSIL2A_20230425T081609_N0510_R121_T36SYA_20240903T225306.SAFE,1a69698e-e726-4d5d-90c3-008c50b41569,,,,,,,,,stac_grid_only,,320.0,0.5348500745094498,S2B_MSIL2A_20230422T080609_N0510_R078_T36SYB_20240903T214713.SAFE,9c234605-d623-46dd-94bf-b57304950e71,,,,,,,,,stac_grid_only,,291.0,0.8104887038043671,S2A_MSIL2A_20230420T081601_N0510_R121_T37SBS_20240901T210108.SAFE,b0ac0de9-b584-4fc0-b2a5-a4a8720fbec2,,,,,,,,,stac_grid_only,,320.0,0.5348500745094498,S2A_MSIL2A_20230417T080611_N0510_R078_T36SYB_20240902T194454.SAFE,aa4d37c8-ae54-4350-9b77-75c02a78efe0,,,,,,,,,local_exact,,320.0,0.5348500745094498,S2B_MSIL2A_20230122T081139_N0510_R078_T36SYB_20240810T061340.SAFE,eba3ad94-d523-43fd-82c0-8609b6ff84be,,,,,,,,,local_exact,,320.0,0.5348500745094498,S2B_MSIL2A_20220427T080559_N0510_R078_T36SYB_20240522T075526.SAFE,b8aeddcb-1534-4b4e-87f5-2c89e9196457
emi20230622t115014p08009-A,2023-06-22T11:50:14+00,32.40385866943578,4.0070231689869615,"[3.9709239872924327, 32.37486740477507, 4.03951880555845, 32.43228236708114]",S2,2023-06-23T10:25:59.024000Z,f5b7686d-bfb1-4673-8805-c21bab4e753f,S2B_MSIL2A_20230623T102559_N0510_R108_T31SER_20240909T013344.SAFE,S2|R108|20230623T1020,/mnt/engg-niulab/yuyao/sensors_raw_data/S2/prev1/emi20230622t115014p08009-A/s2_-7.tif,,s2_download_manifest:downloaded,available,0,,expected,prev1,t0_24h_window,2023-06-20T10:15:59.024000Z,7a043f23-c98a-47f1-bec6-cece68716988,S2B_MSIL2A_20230620T101559_N0510_R065_T31SER_20240909T210307.SAFE,S2|R065|20230620T1010,/mnt/engg-niulab/yuyao/sensors_raw_data/S2/prev2/emi20230622t115014p08009-A/s2_prev2.tif,,s2_download_manifest:downloaded,available,0,,expected,prev2,,2023-06-18T10:26:01.024000Z,ccef991f-54d1-4758-a1ed-64cb56654204,S2A_MSIL2A_20230618T102601_N0510_R108_T31SER_20240909T063855.SAFE,S2|R108|20230618T1020,/mnt/engg-niulab/yuyao/sensors_raw_data/S2/prev3/emi20230622t115014p08009-A/s2_prev3.tif,,s2_download_manifest:downloaded,available,0,,expected,prev3,,2023-06-15T10:20:31.024000Z,727335ca-3d66-4a45-b650-b86d8b1c4d79,S2A_MSIL2A_20230615T102031_N0510_R065_T31SER_20240912T065622.SAFE,S2|R065|20230615T1020,/mnt/engg-niulab/yuyao/sensors_raw_data/S2/product_crops/727335ca-3d66-4a45-b650-b86d8b1c4d79/emi20230622t115014p08009-A/prev3.tif,,download_s2_missing_from_clean_table,available,0,,expected,product_crops,,2023-03-22T10:16:49.024000+00:00,76f957fc-6d3f-44a1-9b30-5b522366c41a,S2B_MSIL2A_20230322T101649_N0510_R065_T31SER_20240827T150923.SAFE,S2|R065|20230322T1010,/mnt/engg-niulab/yuyao/sensors_raw_data/S2/seasonal/emi20230622t115014p08009-A/s2_-90.tif,,master:downloaded_path,available,0,,expected,,kept,2022-06-25T10:15:59.024000+00:00,509a89ed-fe7c-4d73-b6c8-409c581596bb,S2B_MSIL2A_20220625T101559_N0510_R065_T31SER_20240629T115118.SAFE,S2|R065|20220625T1010,/mnt/engg-niulab/yuyao/sensors_raw_data/S2/year/emi20230622t115014p08009-A/s2_-360.tif,,master:downloaded_path,available,0,,expected,,kept,,,,,,/mnt/engg-niulab/yuyao/sensors_raw_data/S2/prev1/emi20230622t115014p08009-A/s2_-7.tif,raw,/mnt/engg-niulab/yuyao/sensors_raw_data/S2/prev2/emi20230622t115014p08009-A/s2_prev2.tif,raw,/mnt/engg-niulab/yuyao/sensors_raw_data/S2/prev3/emi20230622t115014p08009-A/s2_prev3.tif,raw,/mnt/engg-niulab/yuyao/sensors_raw_data/S2/product_crops/727335ca-3d66-4a45-b650-b86d8b1c4d79/emi20230622t115014p08009-A/prev3.tif,raw,/mnt/engg-niulab/yuyao/sensors_raw_data/S2/seasonal/emi20230622t115014p08009-A/s2_-90.tif,raw,/mnt/engg-niulab/yuyao/sensors_raw_data/S2/year/emi20230622t115014p08009-A/s2_-360.tif,raw,1,1,raw+raw+raw+raw+raw+raw,,,,,,,,,local_exact,,461.0,0.6091784438176546,S2B_MSIL2A_20230623T102559_N0510_R108_T31SER_20240909T013344.SAFE,f5b7686d-bfb1-4673-8805-c21bab4e753f,,,,,,,,,local_exact,,461.0,0.6091784438176546,S2B_MSIL2A_20230620T101559_N0510_R065_T31SER_20240909T210307.SAFE,7a043f23-c98a-47f1-bec6-cece68716988,,,,,,,,,local_exact,,461.0,0.6091784438176546,S2A_MSIL2A_20230618T102601_N0510_R108_T31SER_20240909T063855.SAFE,ccef991f-54d1-4758-a1ed-64cb56654204,,,,,,,,,stac_grid_only,,461.0,0.6091784438176546,S2A_MSIL2A_20230615T102031_N0510_R065_T31SER_20240912T065622.SAFE,727335ca-3d66-4a45-b650-b86d8b1c4d79,,,,,,,,,local_exact,,461.0,0.6091784438176546,S2B_MSIL2A_20230322T101649_N0510_R065_T31SER_20240827T150923.SAFE,76f957fc-6d3f-44a1-9b30-5b522366c41a,,,,,,,,,local_exact,,461.0,0.6091784438176546,S2B_MSIL2A_20220625T101559_N0510_R065_T31SER_20240629T115118.SAFE,509a89ed-fe7c-4d73-b6c8-409c581596bb
emi20230802t082953p06048-A,2023-08-02T08:29:53+00,40.07864468950737,62.53211930454384,"[62.491087550826734, 40.04438640111484, 62.5610422571586, 40.09791892818792]",S2,2023-08-03T06:36:29.024000Z,620ddd6a-47b0-413f-9ba6-137d2b160692,S2B_MSIL2A_20230803T063629_N0510_R120_T41TME_20241016T124147.SAFE,S2|R120|20230803T0630,/mnt/engg-niulab/yuyao/sensors_raw_data/S2/prev1/emi20230802t082953p06048-A/s2_-7.tif,,s2_download_manifest:downloaded,available,0,,expected,prev1,t0_24h_window,2023-07-29T06:36:31.024000Z,6f2acafa-a0a4-471b-9887-8f4564883c7d,S2A_MSIL2A_20230729T063631_N0510_R120_T41TME_20241021T213623.SAFE,S2|R120|20230729T0630,/mnt/engg-niulab/yuyao/sensors_raw_data/S2/prev2/emi20230802t082953p06048-A/s2_prev2.tif,,s2_download_manifest:downloaded,available,0,,expected,prev2,,2023-07-24T06:36:29.024000Z,0558820d-9bc7-4ec2-bf3e-14dc72aa2cfd,S2B_MSIL2A_20230724T063629_N0510_R120_T41TME_20240930T071835.SAFE,S2|R120|20230724T0630,/mnt/engg-niulab/yuyao/sensors_raw_data/S2/prev3/emi20230802t082953p06048-A/s2_prev3.tif,,s2_download_manifest:downloaded,available,0,,expected,prev3,,2023-07-19T06:36:31.024000Z,0f256b27-f46e-4482-a818-ffc5dbb8e651,S2A_MSIL2A_20230719T063631_N0510_R120_T41TME_20240913T213935.SAFE,S2|R120|20230719T0630,/mnt/engg-niulab/yuyao/sensors_raw_data/S2/product_crops/0f256b27-f46e-4482-a818-ffc5dbb8e651/emi20230802t082953p06048-A/prev3.tif,,download_s2_missing_from_clean_table,available,0,,expected,product_crops,,2023-04-25T06:36:29.024000+00:00,12400ab4-3a4d-4f91-9daf-8526fb64163f,S2B_MSIL2A_20230425T063629_N0510_R120_T41TME_20240901T173441.SAFE,S2|R120|20230425T0630,/mnt/engg-niulab/yuyao/sensors_raw_data/S2/seasonal/emi20230802t082953p06048-A/s2_-90.tif,,master:downloaded_path,available,0,,expected,,kept,2022-08-03T06:36:41.024000+00:00,ce269eed-8f24-4730-bff2-190ffc4ddc0e,S2A_MSIL2A_20220803T063641_N0510_R120_T41TME_20240702T174219.SAFE,S2|R120|20220803T0630,/mnt/engg-niulab/yuyao/sensors_raw_data/S2/year/emi20230802t082953p06048-A/s2_-360.tif,,master:downloaded_path,available,0,,expected,,kept,,,,,,/mnt/engg-niulab/yuyao/sensors_raw_data/S2/prev1/emi20230802t082953p06048-A/s2_-7.tif,raw,/mnt/engg-niulab/yuyao/sensors_raw_data/S2/prev2/emi20230802t082953p06048-A/s2_prev2.tif,raw,/mnt/engg-niulab/yuyao/sensors_raw_data/S2/prev3/emi20230802t082953p06048-A/s2_prev3.tif,raw,/mnt/engg-niulab/yuyao/sensors_raw_data/S2/product_crops/0f256b27-f46e-4482-a818-ffc5dbb8e651/emi20230802t082953p06048-A/prev3.tif,raw,/mnt/engg-niulab/yuyao/sensors_raw_data/S2/seasonal/emi20230802t082953p06048-A/s2_-90.tif,raw,/mnt/engg-niulab/yuyao/sensors_raw_data/S2/year/emi20230802t082953p06048-A/s2_-360.tif,raw,1,1,raw+raw+raw+raw+raw+raw,,,,,,,,,local_exact,,2064.0,0.45298732820083387,S2B_MSIL2A_20230803T063629_N0510_R120_T41TME_20241016T124147.SAFE,620ddd6a-47b0-413f-9ba6-137d2b160692,,,,,,,,,local_exact,,2064.0,0.45298732820083387,S2A_MSIL2A_20230729T063631_N0510_R120_T41TME_20241021T213623.SAFE,6f2acafa-a0a4-471b-9887-8f4564883c7d,,,,,,,,,local_exact,,2064.0,0.45298732820083387,S2B_MSIL2A_20230724T063629_N0510_R120_T41TME_20240930T071835.SAFE,0558820d-9bc7-4ec2-bf3e-14dc72aa2cfd,,,,,,,,,stac_grid_only,,2064.0,0.45298732820083387,S2A_MSIL2A_20230719T063631_N0510_R120_T41TME_20240913T213935.SAFE,0f256b27-f46e-4482-a818-ffc5dbb8e651,,,,,,,,,local_exact,,2064.0,0.45298732820083387,S2B_MSIL2A_20230425T063629_N0510_R120_T41TME_20240901T173441.SAFE,12400ab4-3a4d-4f91-9daf-8526fb64163f,,,,,,,,,local_exact,,2064.0,0.45298732820083387,S2A_MSIL2A_20220803T063641_N0510_R120_T41TME_20240702T174219.SAFE,ce269eed-8f24-4730-bff2-190ffc4ddc0e
emi20230805t074037p05052-A,2023-08-05T07:40:37+00,40.25244033306518,58.439965823190846,"[58.42325611590346, 40.21202951617141, 58.493056159549155, 40.265775230571734]",S2,2023-08-06T06:46:29.024000Z,5f282ff5-8d5f-4267-be2f-9b90aeca288e,S2B_MSIL2A_20230806T064629_N0510_R020_T40TFK_20241019T015046.SAFE,S2|R020|20230806T0640,/mnt/engg-niulab/yuyao/sensors_raw_data/S2/prev1/emi20230805t074037p05052-A/s2_-7.tif,,s2_download_manifest:downloaded,available,0,,expected,prev1,t0_24h_window,2023-08-04T06:56:31.024000Z,1d82c461-cc7f-430a-bfe8-1e0eb67fe357,S2A_MSIL2A_20230804T065631_N0510_R063_T40TFK_20241027T205436.SAFE,S2|R063|20230804T0650,/mnt/engg-niulab/yuyao/sensors_raw_data/S2/prev2/emi20230805t074037p05052-A/s2_prev2.tif,,s2_download_manifest:downloaded,available,0,,expected,prev2,,2023-08-01T06:46:31.024000Z,a0606613-8d5f-467c-bb14-aa70eb65f3d1,S2A_MSIL2A_20230801T064631_N0510_R020_T40TFK_20241017T135102.SAFE,S2|R020|20230801T0640,/mnt/engg-niulab/yuyao/sensors_raw_data/S2/prev3/emi20230805t074037p05052-A/s2_prev3.tif,,s2_download_manifest:downloaded,available,0,,expected,prev3,,2023-07-30T06:56:29.024000Z,2766f924-668d-40de-941c-5668cc9c1075,S2B_MSIL2A_20230730T065629_N0510_R063_T40TFK_20241020T001907.SAFE,S2|R063|20230730T0650,/mnt/engg-niulab/yuyao/sensors_raw_data/S2/product_crops/2766f924-668d-40de-941c-5668cc9c1075/emi20230805t074037p05052-A/prev3.tif,,download_s2_missing_from_clean_table,available,0,,expected,product_crops,,2023-05-01T06:56:29.024000+00:00,2ddc5cd1-2fc7-4c53-86a1-240494a38d24,S2B_MSIL2A_20230501T065629_N0510_R063_T40TFK_20240831T132114.SAFE,S2|R063|20230501T0650,/mnt/engg-niulab/yuyao/sensors_raw_data/S2/seasonal/emi20230805t074037p05052-A/s2_-90.tif,,master:downloaded_path,available,0,,expected,,kept,2022-07-22T06:46:29.024000+00:00,04f88c80-fd5c-40e9-9b6d-3d614bdc868e,S2B_MSIL2A_20220722T064629_N0510_R020_T40TFK_20240717T155750.SAFE,S2|R020|20220722T0640,/mnt/engg-niulab/yuyao/sensors_raw_data/S2/year/emi20230805t074037p05052-A/s2_-360.tif,,master:downloaded_path,available,0,,expected,,kept,,,,,,/mnt/engg-niulab/yuyao/sensors_raw_data/S2/prev1/emi20230805t074037p05052-A/s2_-7.tif,raw,/mnt/engg-niulab/yuyao/sensors_raw_data/S2/prev2/emi20230805t074037p05052-A/s2_prev2.tif,raw,/mnt/engg-niulab/yuyao/sensors_raw_data/S2/prev3/emi20230805t074037p05052-A/s2_prev3.tif,raw,/mnt/engg-niulab/yuyao/sensors_raw_data/S2/product_crops/2766f924-668d-40de-941c-5668cc9c1075/emi20230805t074037p05052-A/prev3.tif,raw,/mnt/engg-niulab/yuyao/sensors_raw_data/S2/seasonal/emi20230805t074037p05052-A/s2_-90.tif,raw,/mnt/engg-niulab/yuyao/sensors_raw_data/S2/year/emi20230805t074037p05052-A/s2_-360.tif,raw,1,1,raw+raw+raw+raw+raw+raw,,,,,,,,,local_exact,,867.0,0.4643610378552694,S2B_MSIL2A_20230806T064629_N0510_R020_T40TFK_20241019T015046.SAFE,5f282ff5-8d5f-4267-be2f-9b90aeca288e,,,,,,,,,local_exact,,867.0,0.4643610378552694,S2A_MSIL2A_20230804T065631_N0510_R063_T40TFK_20241027T205436.SAFE,1d82c461-cc7f-430a-bfe8-1e0eb67fe357,,,,,,,,,local_exact,,867.0,0.4643610378552694,S2A_MSIL2A_20230801T064631_N0510_R020_T40TFK_20241017T135102.SAFE,a0606613-8d5f-467c-bb14-aa70eb65f3d1,,,,,,,,,stac_grid_only,,867.0,0.4643610378552694,S2B_MSIL2A_20230730T065629_N0510_R063_T40TFK_20241020T001907.SAFE,2766f924-668d-40de-941c-5668cc9c1075,,,,,,,,,local_exact,,867.0,0.4643610378552694,S2B_MSIL2A_20230501T065629_N0510_R063_T40TFK_20240831T132114.SAFE,2ddc5cd1-2fc7-4c53-86a1-240494a38d24,,,,,,,,,local_exact,,867.0,0.4643610378552694,S2B_MSIL2A_20220722T064629_N0510_R020_T40TFK_20240717T155750.SAFE,04f88c80-fd5c-40e9-9b6d-3d614bdc868e
emi20230809t060349p04028-A,2023-08-09T06:03:49+00,40.252554009327184,58.44063210747166,"[58.429373634415896, 40.21311740816791, 58.510107268244845, 40.27520458440942]",S2,2023-08-09T06:56:29.024000Z,70a86f77-d322-4db6-abc6-6c2436f4d623,S2B_MSIL2A_20230809T065629_N0510_R063_T40TFK_20241016T213921.SAFE,S2|R063|20230809T0650,/mnt/engg-niulab/yuyao/sensors_raw_data/S2/prev1/emi20230809t060349p04028-A/s2_-7.tif,,s2_download_manifest:downloaded,available,0,,expected,prev1,t0_24h_window,2023-08-06T06:46:29.024000Z,5f282ff5-8d5f-4267-be2f-9b90aeca288e,S2B_MSIL2A_20230806T064629_N0510_R020_T40TFK_20241019T015046.SAFE,S2|R020|20230806T0640,/mnt/engg-niulab/yuyao/sensors_raw_data/S2/prev2/emi20230809t060349p04028-A/s2_prev2.tif,,s2_download_manifest:downloaded,available,0,,expected,prev2,,2023-08-04T06:56:31.024000Z,1d82c461-cc7f-430a-bfe8-1e0eb67fe357,S2A_MSIL2A_20230804T065631_N0510_R063_T40TFK_20241027T205436.SAFE,S2|R063|20230804T0650,/mnt/engg-niulab/yuyao/sensors_raw_data/S2/prev3/emi20230809t060349p04028-A/s2_prev3.tif,,s2_download_manifest:downloaded,available,0,,expected,prev3,,2023-08-01T06:46:31.024000Z,a0606613-8d5f-467c-bb14-aa70eb65f3d1,S2A_MSIL2A_20230801T064631_N0510_R020_T40TFK_20241017T135102.SAFE,S2|R020|20230801T0640,/mnt/engg-niulab/yuyao/sensors_raw_data/S2/product_crops/a0606613-8d5f-467c-bb14-aa70eb65f3d1/emi20230809t060349p04028-A/prev3.tif,,download_s2_missing_from_clean_table,available,0,,expected,product_crops,,2023-05-08T06:46:29.024000+00:00,64ea246b-860d-407d-bbf2-e9aea8231b60,S2B_MSIL2A_20230508T064629_N0510_R020_T40TFK_20240908T052516.SAFE,S2|R020|20230508T0640,/mnt/engg-niulab/yuyao/sensors_raw_data/S2/seasonal/emi20230809t060349p04028-A/s2_-90.tif,,master:downloaded_path,available,0,,expected,,kept,2022-08-11T06:46:29.024000+00:00,a9b43414-b766-4915-88ab-f9011d81d29b,S2B_MSIL2A_20220811T064629_N0510_R020_T40TFK_20240709T042256.SAFE,S2|R020|20220811T0640,/mnt/engg-niulab/yuyao/sensors_raw_data/S2/year/emi20230809t060349p04028-A/s2_-360.tif,,master:downloaded_path,available,0,,expected,,kept,,,,,,/mnt/engg-niulab/yuyao/sensors_raw_data/S2/prev1/emi20230809t060349p04028-A/s2_-7.tif,raw,/mnt/engg-niulab/yuyao/sensors_raw_data/S2/prev2/emi20230809t060349p04028-A/s2_prev2.tif,raw,/mnt/engg-niulab/yuyao/sensors_raw_data/S2/prev3/emi20230809t060349p04028-A/s2_prev3.tif,raw,/mnt/engg-niulab/yuyao/sensors_raw_data/S2/product_crops/a0606613-8d5f-467c-bb14-aa70eb65f3d1/emi20230809t060349p04028-A/prev3.tif,raw,/mnt/engg-niulab/yuyao/sensors_raw_data/S2/seasonal/emi20230809t060349p04028-A/s2_-90.tif,raw,/mnt/engg-niulab/yuyao/sensors_raw_data/S2/year/emi20230809t060349p04028-A/s2_-360.tif,raw,1,1,raw+raw+raw+raw+raw+raw,,,,,,,,,local_exact,,869.0,0.9921438251476502,S2B_MSIL2A_20230809T065629_N0510_R063_T40TFK_20241016T213921.SAFE,70a86f77-d322-4db6-abc6-6c2436f4d623,,,,,,,,,local_exact,,869.0,0.9921438251476502,S2B_MSIL2A_20230806T064629_N0510_R020_T40TFK_20241019T015046.SAFE,5f282ff5-8d5f-4267-be2f-9b90aeca288e,,,,,,,,,local_exact,,869.0,0.9921438251476502,S2A_MSIL2A_20230804T065631_N0510_R063_T40TFK_20241027T205436.SAFE,1d82c461-cc7f-430a-bfe8-1e0eb67fe357,,,,,,,,,local_exact,,869.0,0.9921438251476502,S2A_MSIL2A_20230801T064631_N0510_R020_T40TFK_20241017T135102.SAFE,a0606613-8d5f-467c-bb14-aa70eb65f3d1,,,,,,,,,local_exact,,869.0,0.9921438251476502,S2B_MSIL2A_20230508T064629_N0510_R020_T40TFK_20240908T052516.SAFE,64ea246b-860d-407d-bbf2-e9aea8231b60,,,,,,,,,local_exact,,869.0,0.9921438251476502,S2B_MSIL2A_20220811T064629_N0510_R020_T40TFK_20240709T042256.SAFE,a9b43414-b766-4915-88ab-f9011d81d29b
emi20230814t101054p07030-A,2023-08-14T10:10:54+00,40.2173757807183,63.46771038954429,"[63.42554352973102, 40.182893936710705, 63.49680325958827, 40.23731371854596]",S2,2023-08-15T06:26:31.024000Z,ec603c23-afb1-46e5-a5f3-6594a8c463eb,S2A_MSIL2A_20230815T062631_N0510_R077_T41TNE_20241027T000201.SAFE,S2|R077|20230815T0620,/mnt/engg-niulab/yuyao/sensors_raw_data/S2/prev1/emi20230814t101054p07030-A/s2_-7.tif,,s2_download_manifest:downloaded,available,0,,expected,prev1,t0_24h_window,2023-08-13T06:36:29.024000Z,4051e854-a4b4-47f6-ad17-e94ba7a91a24,S2B_MSIL2A_20230813T063629_N0510_R120_T41TNE_20241020T075725.SAFE,S2|R120|20230813T0630,/mnt/engg-niulab/yuyao/sensors_raw_data/S2/prev2/emi20230814t101054p07030-A/s2_prev2.tif,,s2_download_manifest:downloaded,available,0,,expected,prev2,,2023-08-10T06:26:29.024000Z,d2fc0d7f-157e-459f-84ff-e8c45d63e8e9,S2B_MSIL2A_20230810T062629_N0510_R077_T41TNE_20241021T114643.SAFE,S2|R077|20230810T0620,/mnt/engg-niulab/yuyao/sensors_raw_data/S2/prev3/emi20230814t101054p07030-A/s2_prev3.tif,,s2_download_manifest:downloaded,available,0,,expected,prev3,,2023-08-08T06:36:31.024000Z,6c8712bd-adec-45b6-a8fb-a3f627b828be,S2A_MSIL2A_20230808T063631_N0510_R120_T41TNE_20241021T084732.SAFE,S2|R120|20230808T0630,/mnt/engg-niulab/yuyao/sensors_raw_data/S2/product_crops/6c8712bd-adec-45b6-a8fb-a3f627b828be/emi20230814t101054p07030-A/prev3.tif,,download_s2_missing_from_clean_table,available,0,,expected,product_crops,,2023-05-07T06:26:31.024000+00:00,9af9ab78-8fbd-440d-9a75-a5df472e1664,S2A_MSIL2A_20230507T062631_N0510_R077_T41TNE_20240903T164532.SAFE,S2|R077|20230507T0620,/mnt/engg-niulab/yuyao/sensors_raw_data/S2/seasonal/emi20230814t101054p07030-A/s2_-90.tif,,master:downloaded_path,available,0,,expected,,kept,2022-08-18T06:36:29.025000+00:00,295941ec-b33d-404d-bd2d-4994fb1328e7,S2B_MSIL2A_20220818T063629_N0510_R120_T41TNE_20240703T185941.SAFE,S2|R120|20220818T0630,/mnt/engg-niulab/yuyao/sensors_raw_data/S2/year/emi20230814t101054p07030-A/s2_-360.tif,,master:downloaded_path,available,0,,expected,,kept,,,,,,/mnt/engg-niulab/yuyao/sensors_raw_data/S2/prev1/emi20230814t101054p07030-A/s2_-7.tif,raw,/mnt/engg-niulab/yuyao/sensors_raw_data/S2/prev2/emi20230814t101054p07030-A/s2_prev2.tif,raw,/mnt/engg-niulab/yuyao/sensors_raw_data/S2/prev3/emi20230814t101054p07030-A/s2_prev3.tif,raw,/mnt/engg-niulab/yuyao/sensors_raw_data/S2/product_crops/6c8712bd-adec-45b6-a8fb-a3f627b828be/emi20230814t101054p07030-A/prev3.tif,raw,/mnt/engg-niulab/yuyao/sensors_raw_data/S2/seasonal/emi20230814t101054p07030-A/s2_-90.tif,raw,/mnt/engg-niulab/yuyao/sensors_raw_data/S2/year/emi20230814t101054p07030-A/s2_-360.tif,raw,1,1,raw+raw+raw+raw+raw+raw,,,,,,,,,local_exact,,1734.0,0.840454527107795,S2A_MSIL2A_20230815T062631_N0510_R077_T41TNE_20241027T000201.SAFE,ec603c23-afb1-46e5-a5f3-6594a8c463eb,,,,,,,,,local_exact,,1734.0,0.840454527107795,S2B_MSIL2A_20230813T063629_N0510_R120_T41TNE_20241020T075725.SAFE,4051e854-a4b4-47f6-ad17-e94ba7a91a24,,,,,,,,,local_exact,,1734.0,0.840454527107795,S2B_MSIL2A_20230810T062629_N0510_R077_T41TNE_20241021T114643.SAFE,d2fc0d7f-157e-459f-84ff-e8c45d63e8e9,,,,,,,,,stac_grid_only,,1734.0,0.840454527107795,S2A_MSIL2A_20230808T063631_N0510_R120_T41TNE_20241021T084732.SAFE,6c8712bd-adec-45b6-a8fb-a3f627b828be,,,,,,,,,local_exact,,1734.0,0.840454527107795,S2A_MSIL2A_20230507T062631_N0510_R077_T41TNE_20240903T164532.SAFE,9af9ab78-8fbd-440d-9a75-a5df472e1664,,,,,,,,,local_exact,,1734.0,0.840454527107795,S2B_MSIL2A_20220818T063629_N0510_R120_T41TNE_20240703T185941.SAFE,295941ec-b33d-404d-bd2d-4994fb1328e7
emi20230814t101054p07030-B,2023-08-14T10:10:54+00,40.24304222272829,63.44204016872487,"[63.40408722359082, 40.21331701910319, 63.47599730957184, 40.26773560327278]",S2,2023-08-15T06:26:31.024000Z,ec603c23-afb1-46e5-a5f3-6594a8c463eb,S2A_MSIL2A_20230815T062631_N0510_R077_T41TNE_20241027T000201.SAFE,S2|R077|20230815T0620,/mnt/engg-niulab/yuyao/sensors_raw_data/S2/prev1/emi20230814t101054p07030-B/s2_-7.tif,,s2_download_manifest:downloaded,available,0,,expected,prev1,t0_24h_window,2023-08-13T06:36:29.024000Z,4051e854-a4b4-47f6-ad17-e94ba7a91a24,S2B_MSIL2A_20230813T063629_N0510_R120_T41TNE_20241020T075725.SAFE,S2|R120|20230813T0630,/mnt/engg-niulab/yuyao/sensors_raw_data/S2/prev2/emi20230814t101054p07030-B/s2_prev2.tif,,s2_download_manifest:downloaded,available,0,,expected,prev2,,2023-08-10T06:26:29.024000Z,d2fc0d7f-157e-459f-84ff-e8c45d63e8e9,S2B_MSIL2A_20230810T062629_N0510_R077_T41TNE_20241021T114643.SAFE,S2|R077|20230810T0620,/mnt/engg-niulab/yuyao/sensors_raw_data/S2/prev3/emi20230814t101054p07030-B/s2_prev3.tif,,s2_download_manifest:downloaded,available,0,,expected,prev3,,2023-08-08T06:36:31.024000Z,6c8712bd-adec-45b6-a8fb-a3f627b828be,S2A_MSIL2A_20230808T063631_N0510_R120_T41TNE_20241021T084732.SAFE,S2|R120|20230808T0630,/mnt/engg-niulab/yuyao/sensors_raw_data/S2/product_crops/6c8712bd-adec-45b6-a8fb-a3f627b828be/emi20230814t101054p07030-B/prev3.tif,,download_s2_missing_from_clean_table,available,0,,expected,product_crops,,2023-05-07T06:26:31.024000+00:00,9af9ab78-8fbd-440d-9a75-a5df472e1664,S2A_MSIL2A_20230507T062631_N0510_R077_T41TNE_20240903T164532.SAFE,S2|R077|20230507T0620,/mnt/engg-niulab/yuyao/sensors_raw_data/S2/seasonal/emi20230814t101054p07030-B/s2_-90.tif,,master:downloaded_path,available,0,,expected,,kept,2022-08-18T06:36:29.025000+00:00,295941ec-b33d-404d-bd2d-4994fb1328e7,S2B_MSIL2A_20220818T063629_N0510_R120_T41TNE_20240703T185941.SAFE,S2|R120|20220818T0630,/mnt/engg-niulab/yuyao/sensors_raw_data/S2/year/emi20230814t101054p07030-B/s2_-360.tif,,master:downloaded_path,available,0,,expected,,kept,,,,,,/mnt/engg-niulab/yuyao/sensors_raw_data/S2/prev1/emi20230814t101054p07030-B/s2_-7.tif,raw,/mnt/engg-niulab/yuyao/sensors_raw_data/S2/prev2/emi20230814t101054p07030-B/s2_prev2.tif,raw,/mnt/engg-niulab/yuyao/sensors_raw_data/S2/prev3/emi20230814t101054p07030-B/s2_prev3.tif,raw,/mnt/engg-niulab/yuyao/sensors_raw_data/S2/product_crops/6c8712bd-adec-45b6-a8fb-a3f627b828be/emi20230814t101054p07030-B/prev3.tif,raw,/mnt/engg-niulab/yuyao/sensors_raw_data/S2/seasonal/emi20230814t101054p07030-B/s2_-90.tif,raw,/mnt/engg-niulab/yuyao/sensors_raw_data/S2/year/emi20230814t101054p07030-B/s2_-360.tif,raw,1,1,raw+raw+raw+raw+raw+raw,,,,,,,,,local_exact,,1624.0,0.9181734350750048,S2A_MSIL2A_20230815T062631_N0510_R077_T41TNE_20241027T000201.SAFE,ec603c23-afb1-46e5-a5f3-6594a8c463eb,,,,,,,,,local_exact,,1624.0,0.9181734350750048,S2B_MSIL2A_20230813T063629_N0510_R120_T41TNE_20241020T075725.SAFE,4051e854-a4b4-47f6-ad17-e94ba7a91a24,,,,,,,,,local_exact,,1624.0,0.9181734350750048,S2B_MSIL2A_20230810T062629_N0510_R077_T41TNE_20241021T114643.SAFE,d2fc0d7f-157e-459f-84ff-e8c45d63e8e9,,,,,,,,,stac_grid_only,,1624.0,0.9181734350750048,S2A_MSIL2A_20230808T063631_N0510_R120_T41TNE_20241021T084732.SAFE,6c8712bd-adec-45b6-a8fb-a3f627b828be,,,,,,,,,local_exact,,1624.0,0.9181734350750048,S2A_MSIL2A_20230507T062631_N0510_R077_T41TNE_20240903T164532.SAFE,9af9ab78-8fbd-440d-9a75-a5df472e1664,,,,,,,,,local_exact,,1624.0,0.9181734350750048,S2B_MSIL2A_20220818T063629_N0510_R120_T41TNE_20240703T185941.SAFE,295941ec-b33d-404d-bd2d-4994fb1328e7
emi20230817t092416p06022-A,2023-08-17T09:24:16+00,37.476483070789726,61.02672116406953,"[60.98899792415444, 37.44148600061043, 61.05937642494758, 37.49734387693721]",S2,2023-08-18T06:36:31.024000Z,12177af4-b5ae-4fbe-99f4-48a11edb68e7,S2A_MSIL2A_20230818T063631_N0510_R120_T41SLB_20241025T030951.SAFE,S2|R120|20230818T0630,/mnt/engg-niulab/yuyao/sensors_raw_data/S2/prev1/emi20230817t092416p06022-A/s2_-7.tif,,s2_download_manifest:downloaded,available,0,,expected,prev1,t0_24h_window,2023-08-16T06:46:29.024000Z,493284e4-835a-4f2e-987e-a873bceabaec,S2B_MSIL2A_20230816T064629_N0510_R020_T41SLB_20241020T060547.SAFE,S2|R020|20230816T0640,/mnt/engg-niulab/yuyao/sensors_raw_data/S2/prev2/emi20230817t092416p06022-A/s2_prev2.tif,,s2_download_manifest:downloaded,available,0,,expected,prev2,,2023-08-13T06:36:29.024000Z,f35a457d-b95f-4c87-9c92-2f5da29e1d04,S2B_MSIL2A_20230813T063629_N0510_R120_T41SLB_20241020T075725.SAFE,S2|R120|20230813T0630,/mnt/engg-niulab/yuyao/sensors_raw_data/S2/prev3/emi20230817t092416p06022-A/s2_prev3.tif,,s2_download_manifest:downloaded,available,0,,expected,prev3,,2023-08-11T06:46:31.024000Z,95f51d9f-0c48-46dc-b334-0629d3b0f612,S2A_MSIL2A_20230811T064631_N0510_R020_T41SLB_20241112T143010.SAFE,S2|R020|20230811T0640,/mnt/engg-niulab/yuyao/sensors_raw_data/S2/product_crops/95f51d9f-0c48-46dc-b334-0629d3b0f612/emi20230817t092416p06022-A/prev3.tif,,download_s2_missing_from_clean_table,available,0,,expected,product_crops,,2023-05-13T06:46:21.024000+00:00,4e0d7fc6-02f0-41c9-895b-7392743fdfea,S2A_MSIL2A_20230513T064621_N0510_R020_T41SLB_20240903T042715.SAFE,S2|R020|20230513T0640,/mnt/engg-niulab/yuyao/sensors_raw_data/S2/seasonal/emi20230817t092416p06022-A/s2_-90.tif,,master:downloaded_path,available,0,,expected,,kept,2022-08-21T06:46:29.024000+00:00,b5bc70c0-74b3-4be9-8b3e-ccf5b99e3be8,S2B_MSIL2A_20220821T064629_N0510_R020_T41SLB_20240704T040858.SAFE,S2|R020|20220821T0640,/mnt/engg-niulab/yuyao/sensors_raw_data/S2/year/emi20230817t092416p06022-A/s2_-360.tif,,master:downloaded_path,available,0,,expected,,kept,,,,,,/mnt/engg-niulab/yuyao/sensors_raw_data/S2/prev1/emi20230817t092416p06022-A/s2_-7.tif,raw,/mnt/engg-niulab/yuyao/sensors_raw_data/S2/prev2/emi20230817t092416p06022-A/s2_prev2.tif,raw,/mnt/engg-niulab/yuyao/sensors_raw_data/S2/prev3/emi20230817t092416p06022-A/s2_prev3.tif,raw,/mnt/engg-niulab/yuyao/sensors_raw_data/S2/product_crops/95f51d9f-0c48-46dc-b334-0629d3b0f612/emi20230817t092416p06022-A/prev3.tif,raw,/mnt/engg-niulab/yuyao/sensors_raw_data/S2/seasonal/emi20230817t092416p06022-A/s2_-90.tif,raw,/mnt/engg-niulab/yuyao/sensors_raw_data/S2/year/emi20230817t092416p06022-A/s2_-360.tif,raw,1,1,raw+raw+raw+raw+raw+raw,,,,,,,,,local_exact,,1019.0,0.9583188581746072,S2A_MSIL2A_20230818T063631_N0510_R120_T41SLB_20241025T030951.SAFE,12177af4-b5ae-4fbe-99f4-48a11edb68e7,,,,,,,,,local_exact,,1019.0,0.9583188581746072,S2B_MSIL2A_20230816T064629_N0510_R020_T41SLB_20241020T060547.SAFE,493284e4-835a-4f2e-987e-a873bceabaec,,,,,,,,,local_exact,,1019.0,0.9583188581746072,S2B_MSIL2A_20230813T063629_N0510_R120_T41SLB_20241020T075725.SAFE,f35a457d-b95f-4c87-9c92-2f5da29e1d04,,,,,,,,,stac_grid_only,,1019.0,0.9583188581746072,S2A_MSIL2A_20230811T064631_N0510_R020_T41SLB_20241112T143010.SAFE,95f51d9f-0c48-46dc-b334-0629d3b0f612,,,,,,,,,local_exact,,1019.0,0.9583188581746072,S2A_MSIL2A_20230513T064621_N0510_R020_T41SLB_20240903T042715.SAFE,4e0d7fc6-02f0-41c9-895b-7392743fdfea,,,,,,,,,local_exact,,1019.0,0.9583188581746072,S2B_MSIL2A_20220821T064629_N0510_R020_T41SLB_20240704T040858.SAFE,b5bc70c0-74b3-4be9-8b3e-ccf5b99e3be8
emi20230822t070125p05020-A,2023-08-22T07:01:25+00,40.216935732975145,63.46795705806065,"[63.43507027553255, 40.188749015552595, 63.506588279774135, 40.24289063381228]",S2,2023-08-23T06:36:29.024000Z,5644ce04-9d5b-490e-a595-869a4ee9da1d,S2B_MSIL2A_20230823T063629_N0510_R120_T41TNE_20241027T172748.SAFE,S2|R120|20230823T0630,/mnt/engg-niulab/yuyao/sensors_raw_data/S2/prev1/emi20230822t070125p05020-A/s2_-7.tif,,s2_download_manifest:downloaded,available,0,,expected,prev1,t0_24h_window,2023-08-20T06:26:29.024000Z,a6fbb3f6-bd40-4606-b957-75383dbe1281,S2B_MSIL2A_20230820T062629_N0510_R077_T41TNE_20241022T060250.SAFE,S2|R077|20230820T0620,/mnt/engg-niulab/yuyao/sensors_raw_data/S2/prev2/emi20230822t070125p05020-A/s2_prev2.tif,,s2_download_manifest:downloaded,available,0,,expected,prev2,,2023-08-18T06:36:31.024000Z,c6d0ddc1-bc24-40f5-bf81-f9ce7285c445,S2A_MSIL2A_20230818T063631_N0510_R120_T41TNE_20241025T030951.SAFE,S2|R120|20230818T0630,/mnt/engg-niulab/yuyao/sensors_raw_data/S2/prev3/emi20230822t070125p05020-A/s2_prev3.tif,,s2_download_manifest:downloaded,available,0,,expected,prev3,,2023-08-15T06:26:31.024000Z,ec603c23-afb1-46e5-a5f3-6594a8c463eb,S2A_MSIL2A_20230815T062631_N0510_R077_T41TNE_20241027T000201.SAFE,S2|R077|20230815T0620,/mnt/engg-niulab/yuyao/sensors_raw_data/S2/product_crops/ec603c23-afb1-46e5-a5f3-6594a8c463eb/emi20230822t070125p05020-A/prev3.tif,,download_s2_missing_from_clean_table,available,0,,expected,product_crops,,2023-05-20T06:36:31.024000+00:00,bc76b7f5-b176-4843-835c-65d8193fa388,S2A_MSIL2A_20230520T063631_N0510_R120_T41TNE_20240904T095050.SAFE,S2|R120|20230520T0630,/mnt/engg-niulab/yuyao/sensors_raw_data/S2/seasonal/emi20230822t070125p05020-A/s2_-90.tif,,master:downloaded_path,available,0,,expected,,kept,2022-08-25T06:26:29.024000+00:00,20759e05-b143-402c-9799-4cbd16ecd29b,S2B_MSIL2A_20220825T062629_N0510_R077_T41TNE_20240720T010633.SAFE,S2|R077|20220825T0620,/mnt/engg-niulab/yuyao/sensors_raw_data/S2/year/emi20230822t070125p05020-A/s2_-360.tif,,master:downloaded_path,available,0,,expected,,kept,,,,,,/mnt/engg-niulab/yuyao/sensors_raw_data/S2/prev1/emi20230822t070125p05020-A/s2_-7.tif,raw,/mnt/engg-niulab/yuyao/sensors_raw_data/S2/prev2/emi20230822t070125p05020-A/s2_prev2.tif,raw,/mnt/engg-niulab/yuyao/sensors_raw_data/S2/prev3/emi20230822t070125p05020-A/s2_prev3.tif,raw,/mnt/engg-niulab/yuyao/sensors_raw_data/S2/product_crops/ec603c23-afb1-46e5-a5f3-6594a8c463eb/emi20230822t070125p05020-A/prev3.tif,raw,/mnt/engg-niulab/yuyao/sensors_raw_data/S2/seasonal/emi20230822t070125p05020-A/s2_-90.tif,raw,/mnt/engg-niulab/yuyao/sensors_raw_data/S2/year/emi20230822t070125p05020-A/s2_-360.tif,raw,1,1,raw+raw+raw+raw+raw+raw,,,,,,,,,local_exact,,1735.0,0.9796038366330322,S2B_MSIL2A_20230823T063629_N0510_R120_T41TNE_20241027T172748.SAFE,5644ce04-9d5b-490e-a595-869a4ee9da1d,,,,,,,,,local_exact,,1735.0,0.9796038366330322,S2B_MSIL2A_20230820T062629_N0510_R077_T41TNE_20241022T060250.SAFE,a6fbb3f6-bd40-4606-b957-75383dbe1281,,,,,,,,,local_exact,,1735.0,0.9796038366330322,S2A_MSIL2A_20230818T063631_N0510_R120_T41TNE_20241025T030951.SAFE,c6d0ddc1-bc24-40f5-bf81-f9ce7285c445,,,,,,,,,local_exact,,1735.0,0.9796038366330322,S2A_MSIL2A_20230815T062631_N0510_R077_T41TNE_20241027T000201.SAFE,ec603c23-afb1-46e5-a5f3-6594a8c463eb,,,,,,,,,local_exact,,1735.0,0.9796038366330322,S2A_MSIL2A_20230520T063631_N0510_R120_T41TNE_20240904T095050.SAFE,bc76b7f5-b176-4843-835c-65d8193fa388,,,,,,,,,local_exact,,1735.0,0.9796038366330322,S2B_MSIL2A_20220825T062629_N0510_R077_T41TNE_20240720T010633.SAFE,20759e05-b143-402c-9799-4cbd16ecd29b
emi20230822t070125p05020-B,2023-08-22T07:01:25+00,40.24763065410815,63.44185883751214,"[63.415632252869344, 40.228917018409405, 63.487192420624666, 40.28305842986377]",S2,2023-08-23T06:36:29.024000Z,5644ce04-9d5b-490e-a595-869a4ee9da1d,S2B_MSIL2A_20230823T063629_N0510_R120_T41TNE_20241027T172748.SAFE,S2|R120|20230823T0630,/mnt/engg-niulab/yuyao/sensors_raw_data/S2/prev1/emi20230822t070125p05020-B/s2_-7.tif,,s2_download_manifest:downloaded,available,0,,expected,prev1,t0_24h_window,2023-08-20T06:26:29.024000Z,a6fbb3f6-bd40-4606-b957-75383dbe1281,S2B_MSIL2A_20230820T062629_N0510_R077_T41TNE_20241022T060250.SAFE,S2|R077|20230820T0620,/mnt/engg-niulab/yuyao/sensors_raw_data/S2/prev2/emi20230822t070125p05020-B/s2_prev2.tif,,s2_download_manifest:downloaded,available,0,,expected,prev2,,2023-08-18T06:36:31.024000Z,c6d0ddc1-bc24-40f5-bf81-f9ce7285c445,S2A_MSIL2A_20230818T063631_N0510_R120_T41TNE_20241025T030951.SAFE,S2|R120|20230818T0630,/mnt/engg-niulab/yuyao/sensors_raw_data/S2/prev3/emi20230822t070125p05020-B/s2_prev3.tif,,s2_download_manifest:downloaded,available,0,,expected,prev3,,2023-08-15T06:26:31.024000Z,ec603c23-afb1-46e5-a5f3-6594a8c463eb,S2A_MSIL2A_20230815T062631_N0510_R077_T41TNE_20241027T000201.SAFE,S2|R077|20230815T0620,/mnt/engg-niulab/yuyao/sensors_raw_data/S2/product_crops/ec603c23-afb1-46e5-a5f3-6594a8c463eb/emi20230822t070125p05020-B/prev3.tif,,download_s2_missing_from_clean_table,available,0,,expected,product_crops,,2023-05-20T06:36:31.024000+00:00,bc76b7f5-b176-4843-835c-65d8193fa388,S2A_MSIL2A_20230520T063631_N0510_R120_T41TNE_20240904T095050.SAFE,S2|R120|20230520T0630,/mnt/engg-niulab/yuyao/sensors_raw_data/S2/seasonal/emi20230822t070125p05020-B/s2_-90.tif,,master:downloaded_path,available,0,,expected,,kept,2022-08-23T06:36:41.024000+00:00,4c82152b-1083-456d-bae1-861c12a35126,S2A_MSIL2A_20220823T063641_N0510_R120_T41TNE_20240821T162101.SAFE,S2|R120|20220823T0630,/mnt/engg-niulab/yuyao/sensors_raw_data/S2/year/emi20230822t070125p05020-B/s2_-360.tif,,master:downloaded_path,available,0,,expected,,kept,,,,,,/mnt/engg-niulab/yuyao/sensors_raw_data/S2/prev1/emi20230822t070125p05020-B/s2_-7.tif,raw,/mnt/engg-niulab/yuyao/sensors_raw_data/S2/prev2/emi20230822t070125p05020-B/s2_prev2.tif,raw,/mnt/engg-niulab/yuyao/sensors_raw_data/S2/prev3/emi20230822t070125p05020-B/s2_prev3.tif,raw,/mnt/engg-niulab/yuyao/sensors_raw_data/S2/product_crops/ec603c23-afb1-46e5-a5f3-6594a8c463eb/emi20230822t070125p05020-B/prev3.tif,raw,/mnt/engg-niulab/yuyao/sensors_raw_data/S2/seasonal/emi20230822t070125p05020-B/s2_-90.tif,raw,/mnt/engg-niulab/yuyao/sensors_raw_data/S2/year/emi20230822t070125p05020-B/s2_-360.tif,raw,1,1,raw+raw+raw+raw+raw+raw,,,,,,,,,local_exact,,1624.0,0.19932732902816497,S2B_MSIL2A_20230823T063629_N0510_R120_T41TNE_20241027T172748.SAFE,5644ce04-9d5b-490e-a595-869a4ee9da1d,,,,,,,,,local_exact,,1624.0,0.19932732902816497,S2B_MSIL2A_20230820T062629_N0510_R077_T41TNE_20241022T060250.SAFE,a6fbb3f6-bd40-4606-b957-75383dbe1281,,,,,,,,,local_exact,,1624.0,0.19932732902816497,S2A_MSIL2A_20230818T063631_N0510_R120_T41TNE_20241025T030951.SAFE,c6d0ddc1-bc24-40f5-bf81-f9ce7285c445,,,,,,,,,local_exact,,1624.0,0.19932732902816497,S2A_MSIL2A_20230815T062631_N0510_R077_T41TNE_20241027T000201.SAFE,ec603c23-afb1-46e5-a5f3-6594a8c463eb,,,,,,,,,local_exact,,1624.0,0.19932732902816497,S2A_MSIL2A_20230520T063631_N0510_R120_T41TNE_20240904T095050.SAFE,bc76b7f5-b176-4843-835c-65d8193fa388,,,,,,,,,local_exact,,1624.0,0.19932732902816497,S2A_MSIL2A_20220823T063641_N0510_R120_T41TNE_20240821T162101.SAFE,4c82152b-1083-456d-bae1-861c12a35126
emi20230824t083907p06023-B,2023-08-24T08:39:07+00,25.132275012931075,47.362585091294,"[47.32571680012155, 25.09662946745104, 47.391489361213765, 25.15617817885067]",S2,2023-08-25T07:16:19.024000Z,d608b63b-fd2d-4634-95f1-945bbb7e9abe,S2B_MSIL2A_20230825T071619_N0510_R006_T38RQN_20241015T083146.SAFE,S2|R006|20230825T0710,/mnt/engg-niulab/yuyao/sensors_raw_data/S2/prev1/emi20230824t083907p06023-B/s2_-7.tif,,s2_download_manifest:downloaded,available,0,,expected,prev1,t0_24h_window,2023-08-20T07:16:21.024000Z,9a3733e5-ff40-4ef6-b23b-3be2873d4856,S2A_MSIL2A_20230820T071621_N0510_R006_T38RQN_20241022T075652.SAFE,S2|R006|20230820T0710,/mnt/engg-niulab/yuyao/sensors_raw_data/S2/prev2/emi20230824t083907p06023-B/s2_prev2.tif,,s2_download_manifest:downloaded,available,0,,expected,prev2,,2023-08-18T07:26:19.024000Z,b26154c7-033f-4313-915a-b9aae498bc28,S2B_MSIL2A_20230818T072619_N0510_R049_T38RQN_20241024T201227.SAFE,S2|R049|20230818T0720,/mnt/engg-niulab/yuyao/sensors_raw_data/S2/prev3/emi20230824t083907p06023-B/s2_prev3.tif,,s2_download_manifest:downloaded,available,0,,expected,prev3,,2023-08-15T07:16:29.024000Z,061fdeac-7488-4528-a105-f745c57fe9a8,S2B_MSIL2A_20230815T071629_N0510_R006_T38RQN_20241015T163456.SAFE,S2|R006|20230815T0710,/mnt/engg-niulab/yuyao/sensors_raw_data/S2/product_crops/061fdeac-7488-4528-a105-f745c57fe9a8/emi20230824t083907p06023-B/prev3.tif,,download_s2_missing_from_clean_table,available,0,,expected,product_crops,,2023-05-22T07:16:21.024000+00:00,a7f98665-c20e-48bc-a643-d1c269b24c5e,S2A_MSIL2A_20230522T071621_N0510_R006_T38RQN_20240906T061509.SAFE,S2|R006|20230522T0710,/mnt/engg-niulab/yuyao/sensors_raw_data/S2/seasonal/emi20230824t083907p06023-B/s2_-90.tif,,master:downloaded_path,available,0,,expected,,kept,2022-08-25T07:16:31.024000+00:00,14ac8c32-a387-4068-90e2-e5afaec6775e,S2A_MSIL2A_20220825T071631_N0510_R006_T38RQN_20240705T085735.SAFE,S2|R006|20220825T0710,/mnt/engg-niulab/yuyao/sensors_raw_data/S2/year/emi20230824t083907p06023-B/s2_-360.tif,,master:downloaded_path,available,0,,expected,,kept,,,,,,/mnt/engg-niulab/yuyao/sensors_raw_data/S2/prev1/emi20230824t083907p06023-B/s2_-7.tif,raw,/mnt/engg-niulab/yuyao/sensors_raw_data/S2/prev2/emi20230824t083907p06023-B/s2_prev2.tif,raw,/mnt/engg-niulab/yuyao/sensors_raw_data/S2/prev3/emi20230824t083907p06023-B/s2_prev3.tif,raw,/mnt/engg-niulab/yuyao/sensors_raw_data/S2/product_crops/061fdeac-7488-4528-a105-f745c57fe9a8/emi20230824t083907p06023-B/prev3.tif,raw,/mnt/engg-niulab/yuyao/sensors_raw_data/S2/seasonal/emi20230824t083907p06023-B/s2_-90.tif,raw,/mnt/engg-niulab/yuyao/sensors_raw_data/S2/year/emi20230824t083907p06023-B/s2_-360.tif,raw,1,1,raw+raw+raw+raw+raw+raw,,,,,,,,,local_exact,,660.0,0.9484486232104246,S2B_MSIL2A_20230825T071619_N0510_R006_T38RQN_20241015T083146.SAFE,d608b63b-fd2d-4634-95f1-945bbb7e9abe,,,,,,,,,local_exact,,660.0,0.9484486232104246,S2A_MSIL2A_20230820T071621_N0510_R006_T38RQN_20241022T075652.SAFE,9a3733e5-ff40-4ef6-b23b-3be2873d4856,,,,,,,,,local_exact,,660.0,0.9484486232104246,S2B_MSIL2A_20230818T072619_N0510_R049_T38RQN_20241024T201227.SAFE,b26154c7-033f-4313-915a-b9aae498bc28,,,,,,,,,cdse_point_repaired,selected by CDSE crop-region coverage; boundary_distance_m=18338.969,660.9484504289582,0.0,S2B_MSIL2A_20230815T071629_N0510_R006_T38RQN_20241015T163456.SAFE,061fdeac-7488-4528-a105-f745c57fe9a8,,,,,,,,,local_exact,,660.0,0.9484486232104246,S2A_MSIL2A_20230522T071621_N0510_R006_T38RQN_20240906T061509.SAFE,a7f98665-c20e-48bc-a643-d1c269b24c5e,,,,,,,,,local_exact,,660.0,0.9484486232104246,S2A_MSIL2A_20220825T071631_N0510_R006_T38RQN_20240705T085735.SAFE,14ac8c32-a387-4068-90e2-e5afaec6775e
emi20230926t114143p08041-A,2023-09-26T11:41:43+00,32.512833032757285,36.11585638495691,"[36.10052833409686, 32.45918400455927, 36.18494502251234, 32.530384437825745]",S2,2023-09-27T08:17:11.024000Z,d502108a-d56f-4f74-84f5-ccd9d5fcb3b9,S2A_MSIL2A_20230927T081711_N0510_R121_T37SBS_20241101T161748.SAFE,S2|R121|20230927T0810,/mnt/engg-niulab/yuyao/sensors_raw_data/S2/t0/emi20230926t114143p08041-A/s2.tif,,s2_download_manifest:downloaded,available,0,,expected,t0,t0_24h_window,2023-09-24T08:06:51.024000Z,local_sibling:1a62b01ad83a6ff2,S2A_MSIL2A_20230924T080651_N0510_R078_T36SYB_20241027T040648.SAFE,S2|R078|20230924T0800,/mnt/engg-niulab/yuyao/sensors_raw_data/S2/product_crops/225e4cde-84d0-43b0-be87-b27e4874936e/emi20230926t114143p08041-A/prev1.tif,,download_s2_missing_from_clean_table,available,0,,expected,product_crops,,2023-09-22T08:16:39.024000Z,7f1f6c32-b00c-470a-a78b-86dba4750cbc,S2B_MSIL2A_20230922T081639_N0510_R121_T36SYB_20240917T015041.SAFE,S2|R121|20230922T0810,/mnt/engg-niulab/yuyao/sensors_raw_data/S2/prev3/emi20230926t114143p08041-A/s2_prev3.tif,,s2_download_manifest:downloaded,available,0,,expected,prev3,,2023-09-19T08:06:09.024000Z,aws_mosaic:34a7a4a28fe94bb9:36.1_32.5,S2B_MSIL2A_20230919T080609_N0509_R078_T36SYB_20230919T113627.SAFE,S2|R078|20230919T0800,/mnt/engg-niulab/yuyao/sensors_raw_data/S2/product_crops/595abb86-6c1e-4b48-8162-cbab3ebdf51d/emi20230926t114143p08041-A/prev3.tif,,download_s2_missing_from_clean_table,available,0,,expected,product_crops,,2023-06-26T08:06:11.024000+00:00,aws_mosaic:55e9057fdf44f538:36.1_32.5,S2A_MSIL2A_20230626T080611_N0509_R078_T36SYB_20230626T113655.SAFE,S2|R078|20230626T0800,/mnt/engg-niulab/yuyao/sensors_raw_data/S2/seasonal/emi20230926t114143p08041-A/s2_-90.tif,,master:downloaded_path,available,0,,expected,,kept,2022-09-29T08:07:31.024000+00:00,cc3bfdfa-e3ff-4699-860f-0e0d09844df6,S2A_MSIL2A_20220929T080731_N0510_R078_T37SBS_20240726T001729.SAFE,S2|R078|20220929T0800,/mnt/engg-niulab/yuyao/sensors_raw_data/S2/year/emi20230926t114143p08041-A/s2_-360.tif,,master:downloaded_path,available,0,,expected,,kept,,,,,,/mnt/engg-niulab/yuyao/sensors_raw_data/S2/t0/emi20230926t114143p08041-A/s2.tif,raw,/mnt/engg-niulab/yuyao/sensors_raw_data/S2/product_crops/225e4cde-84d0-43b0-be87-b27e4874936e/emi20230926t114143p08041-A/prev1.tif,raw,/mnt/engg-niulab/yuyao/sensors_raw_data/S2/prev3/emi20230926t114143p08041-A/s2_prev3.tif,raw,/mnt/engg-niulab/yuyao/sensors_raw_data/S2/product_crops/595abb86-6c1e-4b48-8162-cbab3ebdf51d/emi20230926t114143p08041-A/prev3.tif,raw,/mnt/engg-niulab/yuyao/sensors_raw_data/S2/seasonal/emi20230926t114143p08041-A/s2_-90.tif,raw,/mnt/engg-niulab/yuyao/sensors_raw_data/S2/year/emi20230926t114143p08041-A/s2_-360.tif,raw,1,1,raw+raw+raw+raw+raw+raw,,,,,,,,,local_exact,,281.0,0.7874812971112988,S2A_MSIL2A_20230927T081711_N0510_R121_T37SBS_20241101T161748.SAFE,d502108a-d56f-4f74-84f5-ccd9d5fcb3b9,,,,,,,,,local_point_repaired,,312.0,0.8840210909838788,S2A_MSIL2A_20230924T080651_N0510_R078_T37SBR_20241027T040648.SAFE,225e4cde-84d0-43b0-be87-b27e4874936e,,,,,,,,,local_exact,,312.0,0.8840210909838788,S2B_MSIL2A_20230922T081639_N0510_R121_T36SYB_20240917T015041.SAFE,7f1f6c32-b00c-470a-a78b-86dba4750cbc,S2B_36SYB_20230919_0_L2A,https://sentinel-s2-l2a.s3.amazonaws.com/tiles/36/S/YB/2023/9/19/0,https://sentinel-cogs.s3.us-west-2.amazonaws.com/sentinel-s2-l2a-cogs/36/S/YB/2023/9/S2B_36SYB_20230919_0_L2A,1000,S2B_MSIL2A_20230919T080609_N0509_R078_T36SYB_20230919T113627.SAFE,"[{""stac_item_id"":""S2B_36SYB_20230919_0_L2A"",""stac_base_url"":""https://sentinel-s2-l2a.s3.amazonaws.com/tiles/36/S/YB/2023/9/19/0"",""stac_cog_base_url"":""https://sentinel-cogs.s3.us-west-2.amazonaws.com/sentinel-s2-l2a-cogs/36/S/YB/2023/9/S2B_36SYB_20230919_0_L2A"",""stac_dn_add"":""1000"",""stac_source_product_name"":""S2B_MSIL2A_20230919T080609_N0509_R078_T36SYB_20230919T113627.SAFE""},{""stac_item_id"":""S2B_37SBS_20230919_0_L2A"",""stac_base_url"":""https://sentinel-s2-l2a.s3.amazonaws.com/tiles/37/S/BS/2023/9/19/0"",""stac_cog_base_url"":""https://sentinel-cogs.s3.us-west-2.amazonaws.com/sentinel-s2-l2a-cogs/37/S/BS/2023/9/S2B_37SBS_20230919_0_L2A"",""stac_dn_add"":""1000"",""stac_source_product_name"":""S2B_MSIL2A_20230919T080609_N0509_R078_T37SBS_20230919T113627.SAFE""}]",,,stac_mosaic_repaired,,312.0,0.8840210909838788,S2B_MSIL2A_20230919T080609_N0510_R078_T36SYA_20241031T145014.SAFE,595abb86-6c1e-4b48-8162-cbab3ebdf51d,S2A_36SYB_20230626_0_L2A,https://sentinel-s2-l2a.s3.amazonaws.com/tiles/36/S/YB/2023/6/26/0,https://sentinel-cogs.s3.us-west-2.amazonaws.com/sentinel-s2-l2a-cogs/36/S/YB/2023/6/S2A_36SYB_20230626_0_L2A,1000,S2A_MSIL2A_20230626T080611_N0509_R078_T36SYB_20230626T113655.SAFE,"[{""stac_item_id"":""S2A_36SYB_20230626_0_L2A"",""stac_base_url"":""https://sentinel-s2-l2a.s3.amazonaws.com/tiles/36/S/YB/2023/6/26/0"",""stac_cog_base_url"":""https://sentinel-cogs.s3.us-west-2.amazonaws.com/sentinel-s2-l2a-cogs/36/S/YB/2023/6/S2A_36SYB_20230626_0_L2A"",""stac_dn_add"":""1000"",""stac_source_product_name"":""S2A_MSIL2A_20230626T080611_N0509_R078_T36SYB_20230626T113655.SAFE""},{""stac_item_id"":""S2A_37SBS_20230626_0_L2A"",""stac_base_url"":""https://sentinel-s2-l2a.s3.amazonaws.com/tiles/37/S/BS/2023/6/26/0"",""stac_cog_base_url"":""https://sentinel-cogs.s3.us-west-2.amazonaws.com/sentinel-s2-l2a-cogs/37/S/BS/2023/6/S2A_37SBS_20230626_0_L2A"",""stac_dn_add"":""1000"",""stac_source_product_name"":""S2A_MSIL2A_20230626T080611_N0509_R078_T37SBS_20230626T113655.SAFE""}]",,,stac_mosaic_repaired,,312.0,0.8840210909838788,S2A_MSIL2A_20230626T080611_N0510_R078_T37SBR_20240917T070423.SAFE,aec24be7-dbde-42fc-b9b4-87bf03948da1,,,,,,,,,local_exact,,281.0,0.7874812971112988,S2A_MSIL2A_20220929T080731_N0510_R078_T37SBS_20240726T001729.SAFE,cc3bfdfa-e3ff-4699-860f-0e0d09844df6
emi20230929t092159p06042-A,2023-09-29T09:21:59+00,37.4769012098935,61.02763355087009,"[60.990195148893, 37.45065390665218, 61.05964232249952, 37.50576612334655]",S2,2023-09-30T06:46:51.024000Z,4d0a40f1-97e0-4072-953c-8c76931d0cb8,S2A_MSIL2A_20230930T064651_N0510_R020_T41SLB_20241027T063914.SAFE,S2|R020|20230930T0640,/mnt/engg-niulab/yuyao/sensors_raw_data/S2/prev1/emi20230929t092159p06042-A/s2_-7.tif,,s2_download_manifest:downloaded,available,0,,expected,prev1,t0_24h_window,2023-09-27T06:36:31.024000Z,3a8ffd22-4b8d-45f6-a1d5-4e7b4feedc3b,S2A_MSIL2A_20230927T063631_N0510_R120_T41SLB_20241027T101503.SAFE,S2|R120|20230927T0630,/mnt/engg-niulab/yuyao/sensors_raw_data/S2/prev2/emi20230929t092159p06042-A/s2_prev2.tif,,s2_download_manifest:downloaded,available,0,,expected,prev2,,2023-09-25T06:46:29.024000Z,c710cf28-8b58-4480-9dfa-feb8862f6541,S2B_MSIL2A_20230925T064629_N0510_R020_T41SLB_20241106T041733.SAFE,S2|R020|20230925T0640,/mnt/engg-niulab/yuyao/sensors_raw_data/S2/prev3/emi20230929t092159p06042-A/s2_prev3.tif,,s2_download_manifest:downloaded,available,0,,expected,prev3,,2023-09-22T06:36:29.024000Z,720a7330-edff-48d3-839f-9cc17b51d269,S2B_MSIL2A_20230922T063629_N0510_R120_T41SLB_20241105T092643.SAFE,S2|R120|20230922T0630,/mnt/engg-niulab/yuyao/sensors_raw_data/S2/product_crops/720a7330-edff-48d3-839f-9cc17b51d269/emi20230929t092159p06042-A/prev3.tif,,download_s2_missing_from_clean_table,available,0,,expected,product_crops,,2023-06-29T06:36:31.024000+00:00,292a10be-b008-4ca3-953c-d9638d163eb9,S2A_MSIL2A_20230629T063631_N0510_R120_T41SLB_20240912T100248.SAFE,S2|R120|20230629T0630,/mnt/engg-niulab/yuyao/sensors_raw_data/S2/seasonal/emi20230929t092159p06042-A/s2_-90.tif,,master:downloaded_path,available,0,,expected,,kept,2022-10-02T06:37:11.024000+00:00,1985911e-00f0-481f-87c3-1db8962924f7,S2A_MSIL2A_20221002T063711_N0510_R120_T41SLB_20240801T185107.SAFE,S2|R120|20221002T0630,/mnt/engg-niulab/yuyao/sensors_raw_data/S2/year/emi20230929t092159p06042-A/s2_-360.tif,,master:downloaded_path,available,0,,expected,,kept,,,,,,/mnt/engg-niulab/yuyao/sensors_raw_data/S2/prev1/emi20230929t092159p06042-A/s2_-7.tif,raw,/mnt/engg-niulab/yuyao/sensors_raw_data/S2/prev2/emi20230929t092159p06042-A/s2_prev2.tif,raw,/mnt/engg-niulab/yuyao/sensors_raw_data/S2/prev3/emi20230929t092159p06042-A/s2_prev3.tif,raw,/mnt/engg-niulab/yuyao/sensors_raw_data/S2/product_crops/720a7330-edff-48d3-839f-9cc17b51d269/emi20230929t092159p06042-A/prev3.tif,raw,/mnt/engg-niulab/yuyao/sensors_raw_data/S2/seasonal/emi20230929t092159p06042-A/s2_-90.tif,raw,/mnt/engg-niulab/yuyao/sensors_raw_data/S2/year/emi20230929t092159p06042-A/s2_-360.tif,raw,1,1,raw+raw+raw+raw+raw+raw,,,,,,,,,local_exact,,1023.0,0.9832792291199439,S2A_MSIL2A_20230930T064651_N0510_R020_T41SLB_20241027T063914.SAFE,4d0a40f1-97e0-4072-953c-8c76931d0cb8,,,,,,,,,local_exact,,1023.0,0.9832792291199439,S2A_MSIL2A_20230927T063631_N0510_R120_T41SLB_20241027T101503.SAFE,3a8ffd22-4b8d-45f6-a1d5-4e7b4feedc3b,,,,,,,,,local_exact,,1023.0,0.9832792291199439,S2B_MSIL2A_20230925T064629_N0510_R020_T41SLB_20241106T041733.SAFE,c710cf28-8b58-4480-9dfa-feb8862f6541,,,,,,,,,stac_grid_only,,1023.0,0.9832792291199439,S2B_MSIL2A_20230922T063629_N0510_R120_T41SLB_20241105T092643.SAFE,720a7330-edff-48d3-839f-9cc17b51d269,,,,,,,,,local_exact,,1023.0,0.9832792291199439,S2A_MSIL2A_20230629T063631_N0510_R120_T41SLB_20240912T100248.SAFE,292a10be-b008-4ca3-953c-d9638d163eb9,,,,,,,,,local_exact,,1023.0,0.9832792291199439,S2A_MSIL2A_20221002T063711_N0510_R120_T41SLB_20240801T185107.SAFE,1985911e-00f0-481f-87c3-1db8962924f7
emi20231015t092740p06023-A,2023-10-15T09:27:40+00,39.916645032860174,65.90474158912409,"[65.87225605829556, 39.8856955913337, 65.94489548134953, 39.94141099660429]",S2,2023-10-16T06:18:29.024000Z,dcc3198c-a6c1-452f-947b-422a9aee9af1,S2B_MSIL2A_20231016T061829_N0511_R034_T41TQE_20250808T092116.SAFE,S2|R034|20231016T0610,/mnt/engg-niulab/yuyao/sensors_raw_data/S2/prev1/emi20231015t092740p06023-A/s2_-7.tif,,s2_download_manifest:downloaded,available,0,,expected,prev1,t0_24h_window,2023-10-14T06:28:21.024000Z,1384fd94-df9f-4f89-ab96-34751d971ec3,S2A_MSIL2A_20231014T062821_N0510_R077_T41TQE_20241028T070157.SAFE,S2|R077|20231014T0620,/mnt/engg-niulab/yuyao/sensors_raw_data/S2/prev2/emi20231015t092740p06023-A/s2_prev2.tif,,s2_download_manifest:downloaded,available,0,,expected,prev2,,2023-10-11T06:18:01.024000Z,c83a9c38-f662-42af-8655-76b0c328ad78,S2A_MSIL2A_20231011T061801_N0510_R034_T41TQE_20241102T192504.SAFE,S2|R034|20231011T0610,/mnt/engg-niulab/yuyao/sensors_raw_data/S2/prev3/emi20231015t092740p06023-A/s2_prev3.tif,,s2_download_manifest:downloaded,available,0,,expected,prev3,,2023-10-09T06:27:49.024000Z,1831e7f6-1a35-4e67-bac9-7b64dbb25efb,S2B_MSIL2A_20231009T062749_N0510_R077_T41TQE_20241102T163309.SAFE,S2|R077|20231009T0620,/mnt/engg-niulab/yuyao/sensors_raw_data/S2/product_crops/1831e7f6-1a35-4e67-bac9-7b64dbb25efb/emi20231015t092740p06023-A/prev3.tif,,download_s2_missing_from_clean_table,available,0,,expected,product_crops,,2023-07-16T06:26:31.024000+00:00,1f394f5b-4b30-4818-9f80-edf28158acd2,S2A_MSIL2A_20230716T062631_N0510_R077_T41TQE_20240913T174621.SAFE,S2|R077|20230716T0620,/mnt/engg-niulab/yuyao/sensors_raw_data/S2/seasonal/emi20231015t092740p06023-A/s2_-90.tif,,master:downloaded_path,available,0,,expected,,kept,2022-10-16T06:18:41.024000+00:00,9eb6c5b6-6d6b-43e7-b15c-01e350d3857b,S2A_MSIL2A_20221016T061841_N0510_R034_T41TQE_20240722T112741.SAFE,S2|R034|20221016T0610,/mnt/engg-niulab/yuyao/sensors_raw_data/S2/year/emi20231015t092740p06023-A/s2_-360.tif,,master:downloaded_path,available,0,,expected,,kept,,,,,,/mnt/engg-niulab/yuyao/sensors_raw_data/S2/prev1/emi20231015t092740p06023-A/s2_-7.tif,raw,/mnt/engg-niulab/yuyao/sensors_raw_data/S2/prev2/emi20231015t092740p06023-A/s2_prev2.tif,raw,/mnt/engg-niulab/yuyao/sensors_raw_data/S2/prev3/emi20231015t092740p06023-A/s2_prev3.tif,raw,/mnt/engg-niulab/yuyao/sensors_raw_data/S2/product_crops/1831e7f6-1a35-4e67-bac9-7b64dbb25efb/emi20231015t092740p06023-A/prev3.tif,raw,/mnt/engg-niulab/yuyao/sensors_raw_data/S2/seasonal/emi20231015t092740p06023-A/s2_-90.tif,raw,/mnt/engg-niulab/yuyao/sensors_raw_data/S2/year/emi20231015t092740p06023-A/s2_-360.tif,raw,1,1,raw+raw+raw+raw+raw+raw,,,,,,,,,local_exact,,1362.0,0.7095246313838288,S2B_MSIL2A_20231016T061829_N0511_R034_T41TQE_20250808T092116.SAFE,dcc3198c-a6c1-452f-947b-422a9aee9af1,,,,,,,,,local_exact,,1362.0,0.7095246313838288,S2A_MSIL2A_20231014T062821_N0510_R077_T41TQE_20241028T070157.SAFE,1384fd94-df9f-4f89-ab96-34751d971ec3,,,,,,,,,local_exact,,1362.0,0.7095246313838288,S2A_MSIL2A_20231011T061801_N0510_R034_T41TQE_20241102T192504.SAFE,c83a9c38-f662-42af-8655-76b0c328ad78,,,,,,,,,stac_grid_only,,1362.0,0.7095246313838288,S2B_MSIL2A_20231009T062749_N0510_R077_T41TQE_20241102T163309.SAFE,1831e7f6-1a35-4e67-bac9-7b64dbb25efb,,,,,,,,,local_exact,,1362.0,0.7095246313838288,S2A_MSIL2A_20230716T062631_N0510_R077_T41TQE_20240913T174621.SAFE,1f394f5b-4b30-4818-9f80-edf28158acd2,,,,,,,,,local_exact,,1362.0,0.7095246313838288,S2A_MSIL2A_20221016T061841_N0510_R034_T41TQE_20240722T112741.SAFE,9eb6c5b6-6d6b-43e7-b15c-01e350d3857b
emi20231015t215309p14017-A,2023-10-15T21:53:09+00,33.08327524489259,-112.28466597488551,"[-112.32473624651952, 33.05792906725912, -112.2558533803986, 33.11514483804664]",S2,2023-10-16T18:03:29.024000Z,a01f6114-6a56-4b8c-9329-e895dc24f12c,S2B_MSIL2A_20231016T180329_N0510_R041_T12SUB_20241101T101807.SAFE,S2|R041|20231016T1800,/mnt/engg-niulab/yuyao/sensors_raw_data/S2/prev1/emi20231015t215309p14017-A/s2_-7.tif,,s2_download_manifest:downloaded,available,0,,expected,prev1,t0_24h_window,2023-10-14T18:13:21.024000Z,4bedda05-f1f6-481c-a6c3-fb2efbd7e7b5,S2A_MSIL2A_20231014T181321_N0510_R084_T12SUB_20241030T094956.SAFE,S2|R084|20231014T1810,/mnt/engg-niulab/yuyao/sensors_raw_data/S2/prev2/emi20231015t215309p14017-A/s2_prev2.tif,,s2_download_manifest:downloaded,available,0,,expected,prev2,,2023-10-09T18:12:49.024000Z,6d8abb64-b0d1-4d1e-9ae0-f8f4cd772a1f,S2B_MSIL2A_20231009T181249_N0510_R084_T12SUB_20241106T214900.SAFE,S2|R084|20231009T1810,/mnt/engg-niulab/yuyao/sensors_raw_data/S2/prev3/emi20231015t215309p14017-A/s2_prev3.tif,,s2_download_manifest:downloaded,available,0,,expected,prev3,,2023-10-04T18:12:11.024000Z,53c59fa8-7418-4791-b174-dd16393da533,S2A_MSIL2A_20231004T181211_N0510_R084_T12SUB_20241109T013510.SAFE,S2|R084|20231004T1810,/mnt/engg-niulab/yuyao/sensors_raw_data/S2/product_crops/53c59fa8-7418-4791-b174-dd16393da533/emi20231015t215309p14017-A/prev3.tif,,download_s2_missing_from_clean_table,available,0,,expected,product_crops,,2023-07-13T17:59:21.024000+00:00,7213877b-80af-4f0c-84aa-56582834e789,S2A_MSIL2A_20230713T175921_N0510_R041_T12SUB_20241001T164347.SAFE,S2|R041|20230713T1750,/mnt/engg-niulab/yuyao/sensors_raw_data/S2/seasonal/emi20231015t215309p14017-A/s2_-90.tif,,master:downloaded_path,available,0,,expected,,kept,2022-10-19T18:13:51.024000+00:00,301d34ec-abcf-42ae-a8b2-fe378d09b661,S2A_MSIL2A_20221019T181351_N0510_R084_T12SUB_20240722T005733.SAFE,S2|R084|20221019T1810,/mnt/engg-niulab/yuyao/sensors_raw_data/S2/year/emi20231015t215309p14017-A/s2_-360.tif,,master:downloaded_path,available,0,,expected,,kept,,,,,,/mnt/engg-niulab/yuyao/sensors_raw_data/S2/prev1/emi20231015t215309p14017-A/s2_-7.tif,raw,/mnt/engg-niulab/yuyao/sensors_raw_data/S2/prev2/emi20231015t215309p14017-A/s2_prev2.tif,raw,/mnt/engg-niulab/yuyao/sensors_raw_data/S2/prev3/emi20231015t215309p14017-A/s2_prev3.tif,raw,/mnt/engg-niulab/yuyao/sensors_raw_data/S2/product_crops/53c59fa8-7418-4791-b174-dd16393da533/emi20231015t215309p14017-A/prev3.tif,raw,/mnt/engg-niulab/yuyao/sensors_raw_data/S2/seasonal/emi20231015t215309p14017-A/s2_-90.tif,raw,/mnt/engg-niulab/yuyao/sensors_raw_data/S2/year/emi20231015t215309p14017-A/s2_-360.tif,raw,1,1,raw+raw+raw+raw+raw+raw,,,,,,,,,local_exact,,1229.0,0.3646240727684926,S2B_MSIL2A_20231016T180329_N0510_R041_T12SUB_20241101T101807.SAFE,a01f6114-6a56-4b8c-9329-e895dc24f12c,,,,,,,,,local_exact,,1229.0,0.3646240727684926,S2A_MSIL2A_20231014T181321_N0510_R084_T12SUB_20241030T094956.SAFE,4bedda05-f1f6-481c-a6c3-fb2efbd7e7b5,,,,,,,,,local_exact,,1229.0,0.3646240727684926,S2B_MSIL2A_20231009T181249_N0510_R084_T12SUB_20241106T214900.SAFE,6d8abb64-b0d1-4d1e-9ae0-f8f4cd772a1f,,,,,,,,,stac_grid_only,,1229.0,0.3646240727684926,S2A_MSIL2A_20231004T181211_N0510_R084_T12SUB_20241109T013510.SAFE,53c59fa8-7418-4791-b174-dd16393da533,,,,,,,,,local_exact,,1229.0,0.3646240727684926,S2A_MSIL2A_20230713T175921_N0510_R041_T12SUB_20241001T164347.SAFE,7213877b-80af-4f0c-84aa-56582834e789,,,,,,,,,local_exact,,1229.0,0.3646240727684926,S2A_MSIL2A_20221019T181351_N0510_R084_T12SUB_20240722T005733.SAFE,301d34ec-abcf-42ae-a8b2-fe378d09b661
emi20231225t043719p03009-A,2023-12-25T04:37:19+00,27.32941016019315,95.2756077322037,"[95.24224718789247, 27.304456198715705, 95.30864554111663, 27.363953633520207]",S2,2023-12-26T04:11:59.024000Z,686acc2f-1a52-46cf-a49b-d9f034357827,S2B_MSIL2A_20231226T041159_N0510_R047_T46RGR_20231226T063510.SAFE,S2|R047|20231226T0410,/mnt/engg-niulab/yuyao/sensors_raw_data/S2/prev1/emi20231225t043719p03009-A/s2_-7.tif,,s2_download_manifest:downloaded,available,0,,expected,prev1,t0_24h_window,2023-12-21T04:11:51.024000Z,e666a712-42f0-49c4-9b8a-8d279ed21ffd,S2A_MSIL2A_20231221T041151_N0510_R047_T46RGR_20231221T075652.SAFE,S2|R047|20231221T0410,/mnt/engg-niulab/yuyao/sensors_raw_data/S2/prev2/emi20231225t043719p03009-A/s2_prev2.tif,,s2_download_manifest:downloaded,available,0,,expected,prev2,,2023-12-16T04:11:49.024000Z,bdb87ec5-58c8-479e-a821-9133cd81d4be,S2B_MSIL2A_20231216T041149_N0510_R047_T46RGR_20231216T063410.SAFE,S2|R047|20231216T0410,/mnt/engg-niulab/yuyao/sensors_raw_data/S2/prev3/emi20231225t043719p03009-A/s2_prev3.tif,,s2_download_manifest:downloaded,available,0,,expected,prev3,,2023-12-11T04:11:41.024000Z,1ac26bb4-162f-4323-85eb-a73b80f9b300,S2A_MSIL2A_20231211T041141_N0510_R047_T46RGR_20241107T230752.SAFE,S2|R047|20231211T0410,/mnt/engg-niulab/yuyao/sensors_raw_data/S2/product_crops/1ac26bb4-162f-4323-85eb-a73b80f9b300/emi20231225t043719p03009-A/prev3.tif,,download_s2_missing_from_clean_table,available,0,,expected,product_crops,,2023-09-25T04:15:51.024000+00:00,56076fd7-c4b3-42e7-baff-74782480b5d8,S2A_MSIL2A_20230925T041551_N0510_R090_T46RGR_20240916T233050.SAFE,S2|R090|20230925T0410,/mnt/engg-niulab/yuyao/sensors_raw_data/S2/seasonal/emi20231225t043719p03009-A/s2_-90.tif,,master:downloaded_path,available,0,,expected,,kept,2022-12-24T04:21:59.024000+00:00,e29e7f6d-f2d0-4159-b71b-18544676b742,S2B_MSIL2A_20221224T042159_N0510_R090_T46RGR_20240805T013331.SAFE,S2|R090|20221224T0420,/mnt/engg-niulab/yuyao/sensors_raw_data/S2/year/emi20231225t043719p03009-A/s2_-360.tif,,master:downloaded_path,available,0,,expected,,kept,,,,,,/mnt/engg-niulab/yuyao/sensors_raw_data/S2/prev1/emi20231225t043719p03009-A/s2_-7.tif,raw,/mnt/engg-niulab/yuyao/sensors_raw_data/S2/prev2/emi20231225t043719p03009-A/s2_prev2.tif,raw,/mnt/engg-niulab/yuyao/sensors_raw_data/S2/prev3/emi20231225t043719p03009-A/s2_prev3.tif,raw,/mnt/engg-niulab/yuyao/sensors_raw_data/S2/product_crops/1ac26bb4-162f-4323-85eb-a73b80f9b300/emi20231225t043719p03009-A/prev3.tif,raw,/mnt/engg-niulab/yuyao/sensors_raw_data/S2/seasonal/emi20231225t043719p03009-A/s2_-90.tif,raw,/mnt/engg-niulab/yuyao/sensors_raw_data/S2/year/emi20231225t043719p03009-A/s2_-360.tif,raw,1,1,raw+raw+raw+raw+raw+raw,,,,,,,,,local_exact,,1003.0,0.38710854649252724,S2B_MSIL2A_20231226T041159_N0510_R047_T46RGR_20231226T063510.SAFE,686acc2f-1a52-46cf-a49b-d9f034357827,,,,,,,,,local_exact,,1003.0,0.38710854649252724,S2A_MSIL2A_20231221T041151_N0510_R047_T46RGR_20231221T075652.SAFE,e666a712-42f0-49c4-9b8a-8d279ed21ffd,,,,,,,,,local_exact,,1003.0,0.38710854649252724,S2B_MSIL2A_20231216T041149_N0510_R047_T46RGR_20231216T063410.SAFE,bdb87ec5-58c8-479e-a821-9133cd81d4be,,,,,,,,,stac_grid_only,,1003.0,0.38710854649252724,S2A_MSIL2A_20231211T041141_N0510_R047_T46RGR_20241107T230752.SAFE,1ac26bb4-162f-4323-85eb-a73b80f9b300,,,,,,,,,local_exact,,1003.0,0.38710854649252724,S2A_MSIL2A_20230925T041551_N0510_R090_T46RGR_20240916T233050.SAFE,56076fd7-c4b3-42e7-baff-74782480b5d8,,,,,,,,,local_exact,,1003.0,0.38710854649252724,S2B_MSIL2A_20221224T042159_N0510_R090_T46RGR_20240805T013331.SAFE,e29e7f6d-f2d0-4159-b71b-18544676b742
emi20240201t082418p06034-A,2024-02-01T08:24:18+00,40.25317383617752,58.44007302518867,"[58.40506093148999, 40.22985659655137, 58.47414165093115, 40.28257639703605]",S2,2024-02-02T06:51:09.024000Z,6dec80be-f594-4422-a77a-8602cf88e68b,S2B_MSIL2A_20240202T065109_N0510_R020_T40TFK_20240202T095544.SAFE,S2|R020|20240202T0650,/mnt/engg-niulab/yuyao/sensors_raw_data/S2/prev1/emi20240201t082418p06034-A/s2_-7.tif,,s2_download_manifest:downloaded,available,0,,expected,prev1,t0_24h_window,2024-01-31T07:01:21.024000Z,ca9f6dce-9eaf-47cf-bd41-1393817b2bc4,S2A_MSIL2A_20240131T070121_N0510_R063_T40TFK_20240131T101153.SAFE,S2|R063|20240131T0700,/mnt/engg-niulab/yuyao/sensors_raw_data/S2/prev2/emi20240201t082418p06034-A/s2_prev2.tif,,s2_download_manifest:downloaded,available,0,,expected,prev2,,2024-01-13T06:52:39.024000Z,23028589-0d10-4f01-9ecf-3c9b6ba074e1,S2B_MSIL2A_20240113T065239_N0510_R020_T40TFK_20240113T084012.SAFE,S2|R020|20240113T0650,/mnt/engg-niulab/yuyao/sensors_raw_data/S2/prev3/emi20240201t082418p06034-A/s2_prev3.tif,,s2_download_manifest:downloaded,available,0,,expected,prev3,,2024-01-11T07:02:41.024000Z,ffbe1305-ea6a-48e4-bc84-cc6c05b94b96,S2A_MSIL2A_20240111T070241_N0510_R063_T40TFK_20240111T100459.SAFE,S2|R063|20240111T0700,/mnt/engg-niulab/yuyao/sensors_raw_data/S2/product_crops/ffbe1305-ea6a-48e4-bc84-cc6c05b94b96/emi20240201t082418p06034-A/prev3.tif,,download_s2_missing_from_clean_table,available,0,,expected,product_crops,,2023-11-02T07:00:31.024000+00:00,77c757cf-7168-44f2-aec5-910b01f5a319,S2A_MSIL2A_20231102T070031_N0510_R063_T40TFK_20241111T055147.SAFE,S2|R063|20231102T0700,/mnt/engg-niulab/yuyao/sensors_raw_data/S2/seasonal/emi20240201t082418p06034-A/s2_-90.tif,,master:downloaded_path,available,0,,expected,,kept,2023-01-31T07:01:19.024000+00:00,76a3f72f-58e8-4eaf-9cb4-0cfc647c0b59,S2B_MSIL2A_20230131T070119_N0510_R063_T40TFK_20240808T172146.SAFE,S2|R063|20230131T0700,/mnt/engg-niulab/yuyao/sensors_raw_data/S2/year/emi20240201t082418p06034-A/s2_-360.tif,,master:downloaded_path,available,0,,expected,,kept,,,,,,/mnt/engg-niulab/yuyao/sensors_raw_data/S2/prev1/emi20240201t082418p06034-A/s2_-7.tif,raw,/mnt/engg-niulab/yuyao/sensors_raw_data/S2/prev2/emi20240201t082418p06034-A/s2_prev2.tif,raw,/mnt/engg-niulab/yuyao/sensors_raw_data/S2/prev3/emi20240201t082418p06034-A/s2_prev3.tif,raw,/mnt/engg-niulab/yuyao/sensors_raw_data/S2/product_crops/ffbe1305-ea6a-48e4-bc84-cc6c05b94b96/emi20240201t082418p06034-A/prev3.tif,raw,/mnt/engg-niulab/yuyao/sensors_raw_data/S2/seasonal/emi20240201t082418p06034-A/s2_-90.tif,raw,/mnt/engg-niulab/yuyao/sensors_raw_data/S2/year/emi20240201t082418p06034-A/s2_-360.tif,raw,1,1,raw+raw+raw+raw+raw+raw,,,,,,,,,local_exact,,867.0,0.5587968000581895,S2B_MSIL2A_20240202T065109_N0510_R020_T40TFK_20240202T095544.SAFE,6dec80be-f594-4422-a77a-8602cf88e68b,,,,,,,,,local_exact,,867.0,0.5587968000581895,S2A_MSIL2A_20240131T070121_N0510_R063_T40TFK_20240131T101153.SAFE,ca9f6dce-9eaf-47cf-bd41-1393817b2bc4,,,,,,,,,local_exact,,867.0,0.5587968000581895,S2B_MSIL2A_20240113T065239_N0510_R020_T40TFK_20240113T084012.SAFE,23028589-0d10-4f01-9ecf-3c9b6ba074e1,S2A_40TFK_20240111_0_L2A,https://sentinel-s2-l2a.s3.amazonaws.com/tiles/40/T/FK/2024/1/11/0,https://sentinel-cogs.s3.us-west-2.amazonaws.com/sentinel-s2-l2a-cogs/40/T/FK/2024/1/S2A_40TFK_20240111_0_L2A,1000,S2A_MSIL2A_20240111T070241_N0510_R063_T40TFK_20240111T100459.SAFE,,,,stac_exact,,867.0,0.5587968000581895,S2A_MSIL2A_20240111T070241_N0510_R063_T40TFK_20240111T100459.SAFE,ffbe1305-ea6a-48e4-bc84-cc6c05b94b96,,,,,,,,,local_exact,,867.0,0.5587968000581895,S2A_MSIL2A_20231102T070031_N0510_R063_T40TFK_20241111T055147.SAFE,77c757cf-7168-44f2-aec5-910b01f5a319,,,,,,,,,local_exact,,867.0,0.5587968000581895,S2B_MSIL2A_20230131T070119_N0510_R063_T40TFK_20240808T172146.SAFE,76a3f72f-58e8-4eaf-9cb4-0cfc647c0b59
emi20240215t083826p06019-A,2024-02-15T08:38:26+00,27.77646594316448,85.22837320383178,"[85.20070446301241, 27.749010830139994, 85.26783728593547, 27.807894978400647]",S2,2024-02-16T04:48:59.024000Z,e3b0271f-3761-403e-a0dc-a70f2f1b836c,S2B_MSIL2A_20240216T044859_N0510_R076_T45RUL_20240216T071303.SAFE,S2|R076|20240216T0440,/mnt/engg-niulab/yuyao/sensors_raw_data/S2/prev1/emi20240215t083826p06019-A/s2_-7.tif,,s2_download_manifest:downloaded,available,0,,expected,prev1,t0_24h_window,2024-02-09T04:59:49.024000Z,4e89273c-92bc-49da-8fb3-b415b5196088,S2B_MSIL2A_20240209T045949_N0510_R119_T45RUL_20240209T072747.SAFE,S2|R119|20240209T0450,/mnt/engg-niulab/yuyao/sensors_raw_data/S2/prev2/emi20240215t083826p06019-A/s2_prev2.tif,,s2_download_manifest:downloaded,available,0,,expected,prev2,,2024-01-15T05:01:41.024000Z,4800a38f-381d-412f-a0df-61c3d9b63359,S2A_MSIL2A_20240115T050141_N0510_R119_T45RUL_20240115T081652.SAFE,S2|R119|20240115T0500,/mnt/engg-niulab/yuyao/sensors_raw_data/S2/prev3/emi20240215t083826p06019-A/s2_prev3.tif,,s2_download_manifest:downloaded,available,0,,expected,prev3,,2024-01-07T04:51:59.024000Z,3183abc6-f77a-4228-b8ea-2d4774273777,S2B_MSIL2A_20240107T045159_N0510_R076_T45RUL_20240107T070907.SAFE,S2|R076|20240107T0450,/mnt/engg-niulab/yuyao/sensors_raw_data/S2/product_crops/3183abc6-f77a-4228-b8ea-2d4774273777/emi20240215t083826p06019-A/prev3.tif,,download_s2_missing_from_clean_table,available,0,,expected,product_crops,,2023-11-16T05:00:51.024000+00:00,9249b720-6722-45bb-9597-8669a46e90d2,S2A_MSIL2A_20231116T050051_N0510_R119_T45RUL_20241107T120519.SAFE,S2|R119|20231116T0500,/mnt/engg-niulab/yuyao/sensors_raw_data/S2/seasonal/emi20240215t083826p06019-A/s2_-90.tif,,master:downloaded_path,available,0,,expected,,kept,2023-02-19T04:58:41.024000+00:00,794c286d-d700-4a3f-b8b0-437427b3eb79,S2A_MSIL2A_20230219T045841_N0510_R119_T45RUL_20240821T002345.SAFE,S2|R119|20230219T0450,/mnt/engg-niulab/yuyao/sensors_raw_data/S2/year/emi20240215t083826p06019-A/s2_-360.tif,,master:downloaded_path,available,0,,expected,,kept,,,,,,/mnt/engg-niulab/yuyao/sensors_raw_data/S2/prev1/emi20240215t083826p06019-A/s2_-7.tif,raw,/mnt/engg-niulab/yuyao/sensors_raw_data/S2/prev2/emi20240215t083826p06019-A/s2_prev2.tif,raw,/mnt/engg-niulab/yuyao/sensors_raw_data/S2/prev3/emi20240215t083826p06019-A/s2_prev3.tif,raw,/mnt/engg-niulab/yuyao/sensors_raw_data/S2/product_crops/3183abc6-f77a-4228-b8ea-2d4774273777/emi20240215t083826p06019-A/prev3.tif,raw,/mnt/engg-niulab/yuyao/sensors_raw_data/S2/seasonal/emi20240215t083826p06019-A/s2_-90.tif,raw,/mnt/engg-niulab/yuyao/sensors_raw_data/S2/year/emi20240215t083826p06019-A/s2_-360.tif,raw,1,1,raw+raw+raw+raw+raw+raw,,,,,,,,,local_exact,,1015.0,0.7602780038068886,S2B_MSIL2A_20240216T044859_N0510_R076_T45RUL_20240216T071303.SAFE,e3b0271f-3761-403e-a0dc-a70f2f1b836c,,,,,,,,,local_exact,,1015.0,0.7602780038068886,S2B_MSIL2A_20240209T045949_N0510_R119_T45RUL_20240209T072747.SAFE,4e89273c-92bc-49da-8fb3-b415b5196088,,,,,,,,,local_exact,,1015.0,0.7602780038068886,S2A_MSIL2A_20240115T050141_N0510_R119_T45RUL_20240115T081652.SAFE,4800a38f-381d-412f-a0df-61c3d9b63359,S2B_45RUL_20240107_0_L2A,https://sentinel-s2-l2a.s3.amazonaws.com/tiles/45/R/UL/2024/1/7/0,https://sentinel-cogs.s3.us-west-2.amazonaws.com/sentinel-s2-l2a-cogs/45/R/UL/2024/1/S2B_45RUL_20240107_0_L2A,1000,S2B_MSIL2A_20240107T045159_N0510_R076_T45RUL_20240107T070907.SAFE,,,,stac_exact,,1015.0,0.7602780038068886,S2B_MSIL2A_20240107T045159_N0510_R076_T45RUL_20240107T070907.SAFE,3183abc6-f77a-4228-b8ea-2d4774273777,,,,,,,,,local_exact,,1015.0,0.7602780038068886,S2A_MSIL2A_20231116T050051_N0510_R119_T45RUL_20241107T120519.SAFE,9249b720-6722-45bb-9597-8669a46e90d2,,,,,,,,,local_exact,,1015.0,0.7602780038068886,S2A_MSIL2A_20230219T045841_N0510_R119_T45RUL_20240821T002345.SAFE,794c286d-d700-4a3f-b8b0-437427b3eb79
emi20240329t192727p13029-A,2024-03-29T19:27:27+00,40.93628821351234,-87.33846277277694,"[-87.37776093330751, 40.91880553350374, -87.30785361075101, 40.97160909044118]",S2,2024-03-30T16:38:39.024000Z,bf1658a6-aeb6-40bc-8ad6-af2e571c5835,S2B_MSIL2A_20240330T163839_N0510_R126_T16TDL_20240330T210416.SAFE,S2|R126|20240330T1630,/mnt/engg-niulab/yuyao/sensors_raw_data/S2/prev1/emi20240329t192727p13029-A/s2_-7.tif,,s2_download_manifest:downloaded,available,0,,expected,prev1,t0_24h_window,2024-03-20T16:39:09.024000Z,17e54d84-2fa2-4c51-a2f3-55ea2f5a30c1,S2B_MSIL2A_20240320T163909_N0510_R126_T16TDL_20240320T221126.SAFE,S2|R126|20240320T1630,/mnt/engg-niulab/yuyao/sensors_raw_data/S2/prev2/emi20240329t192727p13029-A/s2_prev2.tif,,s2_download_manifest:downloaded,available,0,,expected,prev2,,2024-03-10T16:40:09.024000Z,14d5f2fb-9136-4b94-8b81-621011812ec3,S2B_MSIL2A_20240310T164009_N0510_R126_T16TDL_20240310T210738.SAFE,S2|R126|20240310T1640,/mnt/engg-niulab/yuyao/sensors_raw_data/S2/prev3/emi20240329t192727p13029-A/s2_prev3.tif,,s2_download_manifest:downloaded,available,0,,expected,prev3,,2024-03-02T16:32:01.024000Z,4f4ca88b-c47d-4840-8691-1940e1fc53ad,S2A_MSIL2A_20240302T163201_N0510_R083_T16TDL_20240302T220552.SAFE,S2|R083|20240302T1630,/mnt/engg-niulab/yuyao/sensors_raw_data/S2/product_crops/4f4ca88b-c47d-4840-8691-1940e1fc53ad/emi20240329t192727p13029-A/prev3.tif,,download_s2_missing_from_clean_table,available,0,,expected,product_crops,,2023-12-13T16:37:01.024000+00:00,a3f8862e-7c58-4602-b3e1-64205c5d732e,S2A_MSIL2A_20231213T163701_N0510_R083_T16TDL_20231213T200651.SAFE,S2|R083|20231213T1630,/mnt/engg-niulab/yuyao/sensors_raw_data/S2/seasonal/emi20240329t192727p13029-A/s2_-90.tif,,master:downloaded_path,available,0,,expected,,kept,2023-03-01T16:42:11.024000+00:00,8d9e3cd4-8270-47fe-b0d2-351cbb01a690,S2A_MSIL2A_20230301T164211_N0510_R126_T16TDL_20240817T132210.SAFE,S2|R126|20230301T1640,/mnt/engg-niulab/yuyao/sensors_raw_data/S2/year/emi20240329t192727p13029-A/s2_-360.tif,,master:downloaded_path,available,0,,expected,,kept,,,,,,/mnt/engg-niulab/yuyao/sensors_raw_data/S2/prev1/emi20240329t192727p13029-A/s2_-7.tif,raw,/mnt/engg-niulab/yuyao/sensors_raw_data/S2/prev2/emi20240329t192727p13029-A/s2_prev2.tif,raw,/mnt/engg-niulab/yuyao/sensors_raw_data/S2/prev3/emi20240329t192727p13029-A/s2_prev3.tif,raw,/mnt/engg-niulab/yuyao/sensors_raw_data/S2/product_crops/4f4ca88b-c47d-4840-8691-1940e1fc53ad/emi20240329t192727p13029-A/prev3.tif,raw,/mnt/engg-niulab/yuyao/sensors_raw_data/S2/seasonal/emi20240329t192727p13029-A/s2_-90.tif,raw,/mnt/engg-niulab/yuyao/sensors_raw_data/S2/year/emi20240329t192727p13029-A/s2_-360.tif,raw,1,1,raw+raw+raw+raw+raw+raw,,,,,,,,,local_exact,,1657.0,0.36731896037235856,S2B_MSIL2A_20240330T163839_N0510_R126_T16TDL_20240330T210416.SAFE,bf1658a6-aeb6-40bc-8ad6-af2e571c5835,,,,,,,,,local_exact,,1657.0,0.36731896037235856,S2B_MSIL2A_20240320T163909_N0510_R126_T16TDL_20240320T221126.SAFE,17e54d84-2fa2-4c51-a2f3-55ea2f5a30c1,,,,,,,,,local_exact,,1657.0,0.36731896037235856,S2B_MSIL2A_20240310T164009_N0510_R126_T16TDL_20240310T210738.SAFE,14d5f2fb-9136-4b94-8b81-621011812ec3,S2A_16TDL_20240302_0_L2A,https://sentinel-s2-l2a.s3.amazonaws.com/tiles/16/T/DL/2024/3/2/0,https://sentinel-cogs.s3.us-west-2.amazonaws.com/sentinel-s2-l2a-cogs/16/T/DL/2024/3/S2A_16TDL_20240302_0_L2A,1000,S2A_MSIL2A_20240302T163201_N0510_R083_T16TDL_20240302T220552.SAFE,,,,stac_exact,,1657.0,0.36731896037235856,S2A_MSIL2A_20240302T163201_N0510_R083_T16TDL_20240302T220552.SAFE,4f4ca88b-c47d-4840-8691-1940e1fc53ad,,,,,,,,,local_exact,,1657.0,0.36731896037235856,S2A_MSIL2A_20231213T163701_N0510_R083_T16TDL_20231213T200651.SAFE,a3f8862e-7c58-4602-b3e1-64205c5d732e,,,,,,,,,local_exact,,1657.0,0.36731896037235856,S2A_MSIL2A_20230301T164211_N0510_R126_T16TDL_20240817T132210.SAFE,8d9e3cd4-8270-47fe-b0d2-351cbb01a690
emi20240408t052254p04006-A,2024-04-08T05:22:54+00,39.91698021612467,65.90434686776237,"[65.85776854845773, 39.89026934343105, 65.92801111240368, 39.94414345246082]",S2,2024-04-08T06:19:01.024000Z,814a6762-f8ec-4033-a0e5-91af87587664,S2A_MSIL2A_20240408T061901_N0510_R034_T41TQE_20240408T094953.SAFE,S2|R034|20240408T0610,/mnt/engg-niulab/yuyao/sensors_raw_data/S2/t0/emi20240408t052254p04006-A/s2.tif,,s2_download_manifest:downloaded,available,0,,expected,t0,t0_24h_window,2024-04-06T06:26:29.024000Z,2b6738a7-d7ce-4f31-bc22-682cca50f8e0,S2B_MSIL2A_20240406T062629_N0510_R077_T42TTK_20240406T085145.SAFE,S2|R077|20240406T0620,/mnt/engg-niulab/yuyao/sensors_raw_data/S2/product_crops/2b6738a7-d7ce-4f31-bc22-682cca50f8e0/emi20240408t052254p04006-A/prev1.tif,,download_s2_missing_from_clean_table,available,0,,expected,product_crops,,2024-03-24T06:16:29.024000Z,0ce2a027-8eff-4bc7-9226-f0cda74fb1c5,S2B_MSIL2A_20240324T061629_N0510_R034_T41TQE_20240324T084607.SAFE,S2|R034|20240324T0610,/mnt/engg-niulab/yuyao/sensors_raw_data/S2/prev3/emi20240408t052254p04006-A/s2_prev3.tif,,s2_download_manifest:downloaded,available,0,,expected,prev3,,2024-03-17T06:26:29.024000Z,6bed9ace-c532-41e3-9aa8-4abfc43dd745,S2B_MSIL2A_20240317T062629_N0510_R077_T42TTK_20240317T075130.SAFE,S2|R077|20240317T0620,/mnt/engg-niulab/yuyao/sensors_raw_data/S2/product_crops/6bed9ace-c532-41e3-9aa8-4abfc43dd745/emi20240408t052254p04006-A/prev3.tif,,download_s2_missing_from_clean_table,available,0,,expected,product_crops,,2023-12-30T06:22:51.024000+00:00,30e7f422-135e-40d5-9e55-aa26f63fb7d8,S2A_MSIL2A_20231230T062251_N0510_R034_T42TTK_20231230T091603.SAFE,S2|R034|20231230T0620,/mnt/engg-niulab/yuyao/sensors_raw_data/S2/seasonal/emi20240408t052254p04006-A/s2_-90.tif,,master:downloaded_path,available,0,,expected,,kept,2023-04-07T06:26:31.024000+00:00,5c1c51b0-745c-400f-ad87-0a6c64109c33,S2A_MSIL2A_20230407T062631_N0510_R077_T41TQE_20240828T080118.SAFE,S2|R077|20230407T0620,/mnt/engg-niulab/yuyao/sensors_raw_data/S2/year/emi20240408t052254p04006-A/s2_-360.tif,,master:downloaded_path,available,0,,expected,,kept,,,,,,/mnt/engg-niulab/yuyao/sensors_raw_data/S2/t0/emi20240408t052254p04006-A/s2.tif,raw,/mnt/engg-niulab/yuyao/sensors_raw_data/S2/product_crops/2b6738a7-d7ce-4f31-bc22-682cca50f8e0/emi20240408t052254p04006-A/prev1.tif,raw,/mnt/engg-niulab/yuyao/sensors_raw_data/S2/prev3/emi20240408t052254p04006-A/s2_prev3.tif,raw,/mnt/engg-niulab/yuyao/sensors_raw_data/S2/product_crops/6bed9ace-c532-41e3-9aa8-4abfc43dd745/emi20240408t052254p04006-A/prev3.tif,raw,/mnt/engg-niulab/yuyao/sensors_raw_data/S2/seasonal/emi20240408t052254p04006-A/s2_-90.tif,raw,/mnt/engg-niulab/yuyao/sensors_raw_data/S2/year/emi20240408t052254p04006-A/s2_-360.tif,raw,1,1,raw+raw+raw+raw+raw+raw,,,,,,,,,local_exact,,1364.0,0.9039488644339144,S2A_MSIL2A_20240408T061901_N0510_R034_T41TQE_20240408T094953.SAFE,814a6762-f8ec-4033-a0e5-91af87587664,S2B_42TTK_20240406_1_L2A,https://sentinel-s2-l2a.s3.amazonaws.com/tiles/42/T/TK/2024/4/6/1,https://sentinel-cogs.s3.us-west-2.amazonaws.com/sentinel-s2-l2a-cogs/42/T/TK/2024/4/S2B_42TTK_20240406_1_L2A,1000,S2B_MSIL2A_20240406T062629_N0510_R077_T42TTK_20240406T085145.SAFE,,,,stac_exact,,1391.0,0.6637912035112095,S2B_MSIL2A_20240406T062629_N0510_R077_T42TTK_20240406T085145.SAFE,2b6738a7-d7ce-4f31-bc22-682cca50f8e0,,,,,,,,,local_exact,,1364.0,0.9039488644339144,S2B_MSIL2A_20240324T061629_N0510_R034_T41TQE_20240324T084607.SAFE,0ce2a027-8eff-4bc7-9226-f0cda74fb1c5,S2B_42TTK_20240317_0_L2A,https://sentinel-s2-l2a.s3.amazonaws.com/tiles/42/T/TK/2024/3/17/0,https://sentinel-cogs.s3.us-west-2.amazonaws.com/sentinel-s2-l2a-cogs/42/T/TK/2024/3/S2B_42TTK_20240317_0_L2A,1000,S2B_MSIL2A_20240317T062629_N0510_R077_T42TTK_20240317T075130.SAFE,,,,stac_exact,,1391.0,0.6637912035112095,S2B_MSIL2A_20240317T062629_N0510_R077_T42TTK_20240317T075130.SAFE,6bed9ace-c532-41e3-9aa8-4abfc43dd745,,,,,,,,,local_exact,,1391.0,0.6637912035112095,S2A_MSIL2A_20231230T062251_N0510_R034_T42TTK_20231230T091603.SAFE,30e7f422-135e-40d5-9e55-aa26f63fb7d8,,,,,,,,,local_exact,,1364.0,0.9039488644339144,S2A_MSIL2A_20230407T062631_N0510_R077_T41TQE_20240828T080118.SAFE,5c1c51b0-745c-400f-ad87-0a6c64109c33
emi20240414t193218p13041-A,2024-04-14T19:32:18+00,35.34065604001701,-80.65700618586894,"[-80.68414650805344, 35.31838447995642, -80.61631884210952, 35.374199100103034]",S2,2024-04-15T16:08:31.024000Z,b3e694ca-463d-4755-8454-d3dba295d486,S2A_MSIL2A_20240415T160831_N0510_R140_T17SNV_20240415T235351.SAFE,S2|R140|20240415T1600,/mnt/engg-niulab/yuyao/sensors_raw_data/S2/prev1/emi20240414t193218p13041-A/s2_-7.tif,,s2_download_manifest:downloaded,available,0,,expected,prev1,t0_24h_window,2024-04-12T15:59:01.024000Z,721626a7-b6a2-4c2c-a4b0-bbb079b5242c,S2A_MSIL2A_20240412T155901_N0510_R097_T17SNV_20240412T235553.SAFE,S2|R097|20240412T1550,/mnt/engg-niulab/yuyao/sensors_raw_data/S2/prev2/emi20240414t193218p13041-A/s2_prev2.tif,,s2_download_manifest:downloaded,available,0,,expected,prev2,,2024-04-07T15:58:19.024000Z,6fe28942-a039-475a-a0fe-8159a13076b2,S2B_MSIL2A_20240407T155819_N0510_R097_T17SNV_20240407T202406.SAFE,S2|R097|20240407T1550,/mnt/engg-niulab/yuyao/sensors_raw_data/S2/prev3/emi20240414t193218p13041-A/s2_prev3.tif,,s2_download_manifest:downloaded,available,0,,expected,prev3,,2024-04-05T16:09:01.024000Z,c08008f9-e3cc-4f89-abdd-8f6ad45b735d,S2A_MSIL2A_20240405T160901_N0510_R140_T17SNV_20240405T215554.SAFE,S2|R140|20240405T1600,/mnt/engg-niulab/yuyao/sensors_raw_data/S2/product_crops/c08008f9-e3cc-4f89-abdd-8f6ad45b735d/emi20240414t193218p13041-A/prev3.tif,,download_s2_missing_from_clean_table,available,0,,expected,product_crops,,2024-01-13T16:06:21.024000+00:00,cf9cea8c-bb7f-4058-8c0e-253af45a5b98,S2A_MSIL2A_20240113T160621_N0510_R097_T17SNV_20240113T212350.SAFE,S2|R097|20240113T1600,/mnt/engg-niulab/yuyao/sensors_raw_data/S2/seasonal/emi20240414t193218p13041-A/s2_-90.tif,,master:downloaded_path,available,0,,expected,,kept,2023-04-18T15:58:21.024000+00:00,244b7b5a-ccb0-42e3-86a3-a433364b216a,S2A_MSIL2A_20230418T155821_N0510_R097_T17SNV_20240906T005219.SAFE,S2|R097|20230418T1550,/mnt/engg-niulab/yuyao/sensors_raw_data/S2/year/emi20240414t193218p13041-A/s2_-360.tif,,master:downloaded_path,available,0,,expected,,kept,,,,,,/mnt/engg-niulab/yuyao/sensors_raw_data/S2/prev1/emi20240414t193218p13041-A/s2_-7.tif,raw,/mnt/engg-niulab/yuyao/sensors_raw_data/S2/prev2/emi20240414t193218p13041-A/s2_prev2.tif,raw,/mnt/engg-niulab/yuyao/sensors_raw_data/S2/prev3/emi20240414t193218p13041-A/s2_prev3.tif,raw,/mnt/engg-niulab/yuyao/sensors_raw_data/S2/product_crops/c08008f9-e3cc-4f89-abdd-8f6ad45b735d/emi20240414t193218p13041-A/prev3.tif,raw,/mnt/engg-niulab/yuyao/sensors_raw_data/S2/seasonal/emi20240414t193218p13041-A/s2_-90.tif,raw,/mnt/engg-niulab/yuyao/sensors_raw_data/S2/year/emi20240414t193218p13041-A/s2_-360.tif,raw,1,1,raw+raw+raw+raw+raw+raw,,,,,,,,,local_exact,,777.0,0.4273624100969755,S2A_MSIL2A_20240415T160831_N0510_R140_T17SNV_20240415T235351.SAFE,b3e694ca-463d-4755-8454-d3dba295d486,,,,,,,,,local_exact,,777.0,0.4273624100969755,S2A_MSIL2A_20240412T155901_N0510_R097_T17SNV_20240412T235553.SAFE,721626a7-b6a2-4c2c-a4b0-bbb079b5242c,,,,,,,,,local_exact,,777.0,0.4273624100969755,S2B_MSIL2A_20240407T155819_N0510_R097_T17SNV_20240407T202406.SAFE,6fe28942-a039-475a-a0fe-8159a13076b2,S2A_17SNV_20240405_0_L2A,https://sentinel-s2-l2a.s3.amazonaws.com/tiles/17/S/NV/2024/4/5/0,https://sentinel-cogs.s3.us-west-2.amazonaws.com/sentinel-s2-l2a-cogs/17/S/NV/2024/4/S2A_17SNV_20240405_0_L2A,1000,S2A_MSIL2A_20240405T160901_N0510_R140_T17SNV_20240405T215554.SAFE,,,,stac_exact,,777.0,0.4273624100969755,S2A_MSIL2A_20240405T160901_N0510_R140_T17SNV_20240405T215554.SAFE,c08008f9-e3cc-4f89-abdd-8f6ad45b735d,,,,,,,,,local_exact,,777.0,0.4273624100969755,S2A_MSIL2A_20240113T160621_N0510_R097_T17SNV_20240113T212350.SAFE,cf9cea8c-bb7f-4058-8c0e-253af45a5b98,,,,,,,,,local_exact,,777.0,0.4273624100969755,S2A_MSIL2A_20230418T155821_N0510_R097_T17SNV_20240906T005219.SAFE,244b7b5a-ccb0-42e3-86a3-a433364b216a
emi20240417t080011p05030-A,2024-04-17T08:00:11+00,14.05820850688808,99.96208667354983,"[99.93499194525832, 14.033341049398757, 99.99785336161236, 14.09431823016836]",S2,2024-04-18T03:45:39.024000Z,aws_mosaic:7ce4f051a0347bd9:100.0_14.1,S2B_MSIL2A_20240418T034539_N0510_R104_T47PNR_20240418T064256.SAFE,S2|R104|20240418T0340,/mnt/engg-niulab/yuyao/sensors_raw_data/S2/prev1/emi20240417t080011p05030-A/s2_-7.tif,,s2_download_manifest:downloaded,available,0,,expected,prev1,t0_24h_window,2024-04-15T03:35:39.024000Z,1d30fa9d-dc88-4146-975a-eb373fe268e4,S2B_MSIL2A_20240415T033539_N0510_R061_T47PNR_20240415T072928.SAFE,S2|R061|20240415T0330,/mnt/engg-niulab/yuyao/sensors_raw_data/S2/prev2/emi20240417t080011p05030-A/s2_prev2.tif,,s2_download_manifest:downloaded,available,0,,expected,prev2,,2024-04-13T03:45:41.024000Z,aws_mosaic:b8b17ad972b55825:100.0_14.1,S2A_MSIL2A_20240413T034541_N0510_R104_T47PNR_20240413T093951.SAFE,S2|R104|20240413T0340,/mnt/engg-niulab/yuyao/sensors_raw_data/S2/prev3/emi20240417t080011p05030-A/s2_prev3.tif,,s2_download_manifest:downloaded,available,0,,expected,prev3,,2024-04-08T03:45:29.024000Z,aws_mosaic:a2b1c09bbeea7c4d:100.0_14.1,S2B_MSIL2A_20240408T034529_N0510_R104_T47PNR_20240408T063227.SAFE,S2|R104|20240408T0340,/mnt/engg-niulab/yuyao/sensors_raw_data/S2/product_crops/11dc58d5-e793-462f-9fae-d61785b64e03/emi20240417t080011p05030-A/prev3.tif,,download_s2_missing_from_clean_table,available,0,,expected,product_crops,,2024-01-16T03:41:09.024000+00:00,c6ffcc39-7abc-4b6b-ab99-98449ecc1626,S2B_MSIL2A_20240116T034109_N0510_R061_T47PNR_20240116T062535.SAFE,S2|R061|20240116T0340,/mnt/engg-niulab/yuyao/sensors_raw_data/S2/seasonal/emi20240417t080011p05030-A/s2_-90.tif,,master:downloaded_path,available,0,,expected,,kept,2023-04-21T03:35:39.024000+00:00,local_sibling:93eb1d0dccae1c1e,S2B_MSIL2A_20230421T033539_N0510_R061_T47PNR_20240902T035508.SAFE,S2|R061|20230421T0330,/mnt/engg-niulab/yuyao/sensors_raw_data/S2/year/emi20240417t080011p05030-A/s2_-360.tif,,master:downloaded_path,available,0,,expected,,kept,,,,,,/mnt/engg-niulab/yuyao/sensors_raw_data/S2/prev1/emi20240417t080011p05030-A/s2_-7.tif,raw,/mnt/engg-niulab/yuyao/sensors_raw_data/S2/prev2/emi20240417t080011p05030-A/s2_prev2.tif,raw,/mnt/engg-niulab/yuyao/sensors_raw_data/S2/prev3/emi20240417t080011p05030-A/s2_prev3.tif,raw,/mnt/engg-niulab/yuyao/sensors_raw_data/S2/product_crops/11dc58d5-e793-462f-9fae-d61785b64e03/emi20240417t080011p05030-A/prev3.tif,raw,/mnt/engg-niulab/yuyao/sensors_raw_data/S2/seasonal/emi20240417t080011p05030-A/s2_-90.tif,raw,/mnt/engg-niulab/yuyao/sensors_raw_data/S2/year/emi20240417t080011p05030-A/s2_-360.tif,raw,1,1,raw+raw+raw+raw+raw+raw,S2B_47PNR_20240418_0_L2A,https://sentinel-s2-l2a.s3.amazonaws.com/tiles/47/P/NR/2024/4/18/0,https://sentinel-cogs.s3.us-west-2.amazonaws.com/sentinel-s2-l2a-cogs/47/P/NR/2024/4/S2B_47PNR_20240418_0_L2A,1000,S2B_MSIL2A_20240418T034539_N0510_R104_T47PNR_20240418T064256.SAFE,"[{""stac_item_id"":""S2B_47PNR_20240418_0_L2A"",""stac_base_url"":""https://sentinel-s2-l2a.s3.amazonaws.com/tiles/47/P/NR/2024/4/18/0"",""stac_cog_base_url"":""https://sentinel-cogs.s3.us-west-2.amazonaws.com/sentinel-s2-l2a-cogs/47/P/NR/2024/4/S2B_47PNR_20240418_0_L2A"",""stac_dn_add"":""1000"",""stac_source_product_name"":""S2B_MSIL2A_20240418T034539_N0510_R104_T47PNR_20240418T064256.SAFE""},{""stac_item_id"":""S2B_47PPR_20240418_0_L2A"",""stac_base_url"":""https://sentinel-s2-l2a.s3.amazonaws.com/tiles/47/P/PR/2024/4/18/0"",""stac_cog_base_url"":""https://sentinel-cogs.s3.us-west-2.amazonaws.com/sentinel-s2-l2a-cogs/47/P/PR/2024/4/S2B_47PPR_20240418_0_L2A"",""stac_dn_add"":""1000"",""stac_source_product_name"":""S2B_MSIL2A_20240418T034539_N0510_R104_T47PPR_20240418T064256.SAFE""}]",,,stac_mosaic_repaired,,40.0,0.7309417677133752,S2B_MSIL2A_20240418T034539_N0510_R104_T47PPR_20240418T064256.SAFE,e3adb088-d976-45fa-b7d2-e3bd1391d1f8,,,,,,,,,local_exact,,40.0,0.7309417677133752,S2B_MSIL2A_20240415T033539_N0510_R061_T47PNR_20240415T072928.SAFE,1d30fa9d-dc88-4146-975a-eb373fe268e4,S2A_47PNR_20240413_0_L2A,https://sentinel-s2-l2a.s3.amazonaws.com/tiles/47/P/NR/2024/4/13/0,https://sentinel-cogs.s3.us-west-2.amazonaws.com/sentinel-s2-l2a-cogs/47/P/NR/2024/4/S2A_47PNR_20240413_0_L2A,1000,S2A_MSIL2A_20240413T034541_N0510_R104_T47PNR_20240413T093951.SAFE,"[{""stac_item_id"":""S2A_47PNR_20240413_0_L2A"",""stac_base_url"":""https://sentinel-s2-l2a.s3.amazonaws.com/tiles/47/P/NR/2024/4/13/0"",""stac_cog_base_url"":""https://sentinel-cogs.s3.us-west-2.amazonaws.com/sentinel-s2-l2a-cogs/47/P/NR/2024/4/S2A_47PNR_20240413_0_L2A"",""stac_dn_add"":""1000"",""stac_source_product_name"":""S2A_MSIL2A_20240413T034541_N0510_R104_T47PNR_20240413T093951.SAFE""},{""stac_item_id"":""S2A_47PPR_20240413_0_L2A"",""stac_base_url"":""https://sentinel-s2-l2a.s3.amazonaws.com/tiles/47/P/PR/2024/4/13/0"",""stac_cog_base_url"":""https://sentinel-cogs.s3.us-west-2.amazonaws.com/sentinel-s2-l2a-cogs/47/P/PR/2024/4/S2A_47PPR_20240413_0_L2A"",""stac_dn_add"":""1000"",""stac_source_product_name"":""S2A_MSIL2A_20240413T034541_N0510_R104_T47PPR_20240413T093951.SAFE""}]",,,stac_mosaic_repaired,,40.0,0.7309417677133752,S2A_MSIL2A_20240413T034541_N0510_R104_T47PPR_20240413T093951.SAFE,8b5ebdd3-8084-4b1a-b17d-a83258853da1,S2B_47PNR_20240408_0_L2A,https://sentinel-s2-l2a.s3.amazonaws.com/tiles/47/P/NR/2024/4/8/0,https://sentinel-cogs.s3.us-west-2.amazonaws.com/sentinel-s2-l2a-cogs/47/P/NR/2024/4/S2B_47PNR_20240408_0_L2A,1000,S2B_MSIL2A_20240408T034529_N0510_R104_T47PNR_20240408T063227.SAFE,"[{""stac_item_id"":""S2B_47PNR_20240408_0_L2A"",""stac_base_url"":""https://sentinel-s2-l2a.s3.amazonaws.com/tiles/47/P/NR/2024/4/8/0"",""stac_cog_base_url"":""https://sentinel-cogs.s3.us-west-2.amazonaws.com/sentinel-s2-l2a-cogs/47/P/NR/2024/4/S2B_47PNR_20240408_0_L2A"",""stac_dn_add"":""1000"",""stac_source_product_name"":""S2B_MSIL2A_20240408T034529_N0510_R104_T47PNR_20240408T063227.SAFE""},{""stac_item_id"":""S2B_47PPR_20240408_0_L2A"",""stac_base_url"":""https://sentinel-s2-l2a.s3.amazonaws.com/tiles/47/P/PR/2024/4/8/0"",""stac_cog_base_url"":""https://sentinel-cogs.s3.us-west-2.amazonaws.com/sentinel-s2-l2a-cogs/47/P/PR/2024/4/S2B_47PPR_20240408_0_L2A"",""stac_dn_add"":""1000"",""stac_source_product_name"":""S2B_MSIL2A_20240408T034529_N0510_R104_T47PPR_20240408T063227.SAFE""}]",,,stac_mosaic_repaired,,40.0,0.7309417677133752,S2B_MSIL2A_20240408T034529_N0510_R104_T47PPR_20240408T063227.SAFE,11dc58d5-e793-462f-9fae-d61785b64e03,,,,,,,,,local_exact,,40.0,0.7309417677133752,S2B_MSIL2A_20240116T034109_N0510_R061_T47PNR_20240116T062535.SAFE,c6ffcc39-7abc-4b6b-ab99-98449ecc1626,,,,,,,,,local_point_repaired,,40.0,0.7309417677133752,S2B_MSIL2A_20230421T033539_N0510_R061_T47PPR_20240902T035508.SAFE,61c204e2-7ed9-42c3-bd3c-4020f9741ef7
emi20240726t095137p07016-A,2024-07-26T09:51:37+00,28.04643344997828,53.20116046936744,"[53.167475780349015, 28.027398004543414, 53.23405261058764, 28.085644499309463]",S2,2024-07-27T07:06:29.024000Z,de7c3f08-d906-4cf1-b704-d706513e7c57,S2B_MSIL2A_20240727T070629_N0511_R106_T39RYM_20240727T093733.SAFE,S2|R106|20240727T0700,/mnt/engg-niulab/yuyao/sensors_raw_data/S2/prev1/emi20240726t095137p07016-A/s2_-7.tif,,s2_download_manifest:downloaded,available,0,,expected,prev1,t0_24h_window,2024-07-24T06:56:29.024000Z,ba1887c5-4f36-4118-baf1-5c396257f8ca,S2B_MSIL2A_20240724T065629_N0511_R063_T39RYM_20240724T103526.SAFE,S2|R063|20240724T0650,/mnt/engg-niulab/yuyao/sensors_raw_data/S2/prev2/emi20240726t095137p07016-A/s2_prev2.tif,,s2_download_manifest:downloaded,available,0,,expected,prev2,,2024-07-22T07:06:21.024000Z,e4391575-bd97-4c47-8b06-b79c7c4c4b84,S2A_MSIL2A_20240722T070621_N0510_R106_T39RYM_20240722T113149.SAFE,S2|R106|20240722T0700,/mnt/engg-niulab/yuyao/sensors_raw_data/S2/prev3/emi20240726t095137p07016-A/s2_prev3.tif,,s2_download_manifest:downloaded,available,0,,expected,prev3,,2024-07-19T06:56:21.024000Z,ac9549e5-8bc0-410f-aa91-07792dd1d1ef,S2A_MSIL2A_20240719T065621_N0510_R063_T39RYM_20240719T110051.SAFE,S2|R063|20240719T0650,/mnt/engg-niulab/yuyao/sensors_raw_data/S2/product_crops/ac9549e5-8bc0-410f-aa91-07792dd1d1ef/emi20240726t095137p07016-A/prev3.tif,,download_s2_missing_from_clean_table,available,0,,expected,product_crops,,2024-04-25T06:56:19.024000+00:00,0ddd9606-e23f-4ee7-9e25-e68ba4b9ed75,S2B_MSIL2A_20240425T065619_N0510_R063_T39RYM_20240425T092157.SAFE,S2|R063|20240425T0650,/mnt/engg-niulab/yuyao/sensors_raw_data/S2/seasonal/emi20240726t095137p07016-A/s2_-90.tif,,master:downloaded_path,available,0,,expected,,kept,2023-07-30T06:56:29.024000+00:00,a1d64875-24a7-4bcd-a105-bcb958810286,S2B_MSIL2A_20230730T065629_N0510_R063_T39RYM_20241020T001907.SAFE,S2|R063|20230730T0650,/mnt/engg-niulab/yuyao/sensors_raw_data/S2/year/emi20240726t095137p07016-A/s2_-360.tif,,master:downloaded_path,available,0,,expected,,kept,,,,,,/mnt/engg-niulab/yuyao/sensors_raw_data/S2/prev1/emi20240726t095137p07016-A/s2_-7.tif,raw,/mnt/engg-niulab/yuyao/sensors_raw_data/S2/prev2/emi20240726t095137p07016-A/s2_prev2.tif,raw,/mnt/engg-niulab/yuyao/sensors_raw_data/S2/prev3/emi20240726t095137p07016-A/s2_prev3.tif,raw,/mnt/engg-niulab/yuyao/sensors_raw_data/S2/product_crops/ac9549e5-8bc0-410f-aa91-07792dd1d1ef/emi20240726t095137p07016-A/prev3.tif,raw,/mnt/engg-niulab/yuyao/sensors_raw_data/S2/seasonal/emi20240726t095137p07016-A/s2_-90.tif,raw,/mnt/engg-niulab/yuyao/sensors_raw_data/S2/year/emi20240726t095137p07016-A/s2_-360.tif,raw,1,1,raw+raw+raw+raw+raw+raw,,,,,,,,,local_exact,,448.0,0.9606577384693082,S2B_MSIL2A_20240727T070629_N0511_R106_T39RYM_20240727T093733.SAFE,de7c3f08-d906-4cf1-b704-d706513e7c57,,,,,,,,,local_exact,,448.0,0.9606577384693082,S2B_MSIL2A_20240724T065629_N0511_R063_T39RYM_20240724T103526.SAFE,ba1887c5-4f36-4118-baf1-5c396257f8ca,,,,,,,,,local_exact,,448.0,0.9606577384693082,S2A_MSIL2A_20240722T070621_N0510_R106_T39RYM_20240722T113149.SAFE,e4391575-bd97-4c47-8b06-b79c7c4c4b84,S2A_39RYM_20240719_0_L2A,https://sentinel-s2-l2a.s3.amazonaws.com/tiles/39/R/YM/2024/7/19/0,https://sentinel-cogs.s3.us-west-2.amazonaws.com/sentinel-s2-l2a-cogs/39/R/YM/2024/7/S2A_39RYM_20240719_0_L2A,1000,S2A_MSIL2A_20240719T065621_N0510_R063_T39RYM_20240719T110051.SAFE,,,,stac_exact,,448.0,0.9606577384693082,S2A_MSIL2A_20240719T065621_N0510_R063_T39RYM_20240719T110051.SAFE,ac9549e5-8bc0-410f-aa91-07792dd1d1ef,,,,,,,,,local_exact,,448.0,0.9606577384693082,S2B_MSIL2A_20240425T065619_N0510_R063_T39RYM_20240425T092157.SAFE,0ddd9606-e23f-4ee7-9e25-e68ba4b9ed75,,,,,,,,,local_exact,,448.0,0.9606577384693082,S2B_MSIL2A_20230730T065629_N0510_R063_T39RYM_20241020T001907.SAFE,a1d64875-24a7-4bcd-a105-bcb958810286
emi20240805t172803p12003-A,2024-08-05T17:28:03+00,32.40858543342556,-116.74371604340688,"[-116.79254013635168, 32.2754457204348, -116.57516326616079, 32.459049492833635]",S2,2024-08-05T18:41:01.024000Z,aws_mosaic:8faaeb34050d9f71:-116.7_32.4,S2A_MSIL2A_20240805T184101_N0511_R027_T11SNR_20240806T012051.SAFE,S2|R027|20240805T1840,/mnt/engg-niulab/yuyao/sensors_raw_data/S2/prev1/emi20240805t172803p12003-A/s2_-7.tif,,s2_download_manifest:downloaded,available,0,,expected,prev1,t0_24h_window,2024-08-02T18:19:21.024000Z,6d574136-8e3b-4913-bb6f-5a0116987919,S2A_MSIL2A_20240802T181921_N0511_R127_T11SNR_20240803T020050.SAFE,S2|R127|20240802T1810,/mnt/engg-niulab/yuyao/sensors_raw_data/S2/product_crops/6d574136-8e3b-4913-bb6f-5a0116987919/emi20240805t172803p12003-A/prev1.tif,,download_s2_missing_from_clean_table,available,0,,expected,product_crops,,2024-07-31T18:29:19.024000Z,aws_mosaic:8d954d9a550c35e7:-116.7_32.4,S2B_MSIL2A_20240731T182919_N0511_R027_T11SNR_20240731T220220.SAFE,S2|R027|20240731T1820,/mnt/engg-niulab/yuyao/sensors_raw_data/S2/prev3/emi20240805t172803p12003-A/s2_prev3.tif,,s2_download_manifest:downloaded,available,0,,expected,prev3,,2024-07-28T18:19:19.024000Z,bca4298f-e3fa-4d51-b321-102678cb725b,S2B_MSIL2A_20240728T181919_N0511_R127_T11SNR_20240728T215925.SAFE,S2|R127|20240728T1810,/mnt/engg-niulab/yuyao/sensors_raw_data/S2/product_crops/bca4298f-e3fa-4d51-b321-102678cb725b/emi20240805t172803p12003-A/prev3.tif,,download_s2_missing_from_clean_table,available,0,,expected,product_crops,,2024-05-04T18:19:21.024000+00:00,bc699aff-b94a-46f1-8e8a-348cd64d8c99,S2A_MSIL2A_20240504T181921_N0510_R127_T11SNR_20240505T001450.SAFE,S2|R127|20240504T1810,/mnt/engg-niulab/yuyao/sensors_raw_data/S2/seasonal/emi20240805t172803p12003-A/s2_-90.tif,,master:downloaded_path,available,0,,expected,,kept,2023-08-06T18:29:19.024000+00:00,aws_mosaic:21adb1b2c5f7b341:-116.7_32.4,S2B_MSIL2A_20230806T182919_N0509_R027_T11SNR_20230806T223347.SAFE,S2|R027|20230806T1820,/mnt/engg-niulab/yuyao/sensors_raw_data/S2/year/emi20240805t172803p12003-A/s2_-360.tif,,master:downloaded_path,available,0,,expected,,kept,,,,,,/mnt/engg-niulab/yuyao/sensors_raw_data/S2/prev1/emi20240805t172803p12003-A/s2_-7.tif,raw,/mnt/engg-niulab/yuyao/sensors_raw_data/S2/product_crops/6d574136-8e3b-4913-bb6f-5a0116987919/emi20240805t172803p12003-A/prev1.tif,raw,/mnt/engg-niulab/yuyao/sensors_raw_data/S2/prev3/emi20240805t172803p12003-A/s2_prev3.tif,raw,/mnt/engg-niulab/yuyao/sensors_raw_data/S2/product_crops/bca4298f-e3fa-4d51-b321-102678cb725b/emi20240805t172803p12003-A/prev3.tif,raw,/mnt/engg-niulab/yuyao/sensors_raw_data/S2/seasonal/emi20240805t172803p12003-A/s2_-90.tif,raw,/mnt/engg-niulab/yuyao/sensors_raw_data/S2/year/emi20240805t172803p12003-A/s2_-360.tif,raw,1,1,raw+raw+raw+raw+raw+raw,S2A_11SNR_20240805_0_L2A,https://sentinel-s2-l2a.s3.amazonaws.com/tiles/11/S/NR/2024/8/5/0,https://sentinel-cogs.s3.us-west-2.amazonaws.com/sentinel-s2-l2a-cogs/11/S/NR/2024/8/S2A_11SNR_20240805_0_L2A,1000,S2A_MSIL2A_20240805T184101_N0511_R027_T11SNR_20240806T012051.SAFE,"[{""stac_item_id"":""S2A_11SNR_20240805_0_L2A"",""stac_base_url"":""https://sentinel-s2-l2a.s3.amazonaws.com/tiles/11/S/NR/2024/8/5/0"",""stac_cog_base_url"":""https://sentinel-cogs.s3.us-west-2.amazonaws.com/sentinel-s2-l2a-cogs/11/S/NR/2024/8/S2A_11SNR_20240805_0_L2A"",""stac_dn_add"":""1000"",""stac_source_product_name"":""S2A_MSIL2A_20240805T184101_N0511_R027_T11SNR_20240806T012051.SAFE""}]",,,stac_mosaic_repaired,,456.0,0.9729945186954865,S2A_MSIL2A_20240805T184101_N0511_R027_T11SNS_20240806T012051.SAFE,c35587a9-9b73-4eda-a15a-dca6235f238d,,,,,,,,,local_exact,,456.0,0.9729945186954865,S2A_MSIL2A_20240802T181921_N0511_R127_T11SNR_20240803T020050.SAFE,6d574136-8e3b-4913-bb6f-5a0116987919,S2B_11SNR_20240731_0_L2A,https://sentinel-s2-l2a.s3.amazonaws.com/tiles/11/S/NR/2024/7/31/0,https://sentinel-cogs.s3.us-west-2.amazonaws.com/sentinel-s2-l2a-cogs/11/S/NR/2024/7/S2B_11SNR_20240731_0_L2A,1000,S2B_MSIL2A_20240731T182919_N0511_R027_T11SNR_20240731T220220.SAFE,"[{""stac_item_id"":""S2B_11SNR_20240731_0_L2A"",""stac_base_url"":""https://sentinel-s2-l2a.s3.amazonaws.com/tiles/11/S/NR/2024/7/31/0"",""stac_cog_base_url"":""https://sentinel-cogs.s3.us-west-2.amazonaws.com/sentinel-s2-l2a-cogs/11/S/NR/2024/7/S2B_11SNR_20240731_0_L2A"",""stac_dn_add"":""1000"",""stac_source_product_name"":""S2B_MSIL2A_20240731T182919_N0511_R027_T11SNR_20240731T220220.SAFE""}]",,,stac_mosaic_repaired,,456.0,0.9729945186954865,S2B_MSIL2A_20240731T182919_N0511_R027_T11SNS_20240731T220220.SAFE,c99c673d-a6e6-491c-bf8d-00d2becba192,,,,,,,,,local_exact,,456.0,0.9729945186954865,S2B_MSIL2A_20240728T181919_N0511_R127_T11SNR_20240728T215925.SAFE,bca4298f-e3fa-4d51-b321-102678cb725b,,,,,,,,,local_exact,,456.0,0.9729945186954865,S2A_MSIL2A_20240504T181921_N0510_R127_T11SNR_20240505T001450.SAFE,bc699aff-b94a-46f1-8e8a-348cd64d8c99,S2B_11SNR_20230806_0_L2A,https://sentinel-s2-l2a.s3.amazonaws.com/tiles/11/S/NR/2023/8/6/0,https://sentinel-cogs.s3.us-west-2.amazonaws.com/sentinel-s2-l2a-cogs/11/S/NR/2023/8/S2B_11SNR_20230806_0_L2A,1000,S2B_MSIL2A_20230806T182919_N0509_R027_T11SNR_20230806T223347.SAFE,"[{""stac_item_id"":""S2B_11SNR_20230806_0_L2A"",""stac_base_url"":""https://sentinel-s2-l2a.s3.amazonaws.com/tiles/11/S/NR/2023/8/6/0"",""stac_cog_base_url"":""https://sentinel-cogs.s3.us-west-2.amazonaws.com/sentinel-s2-l2a-cogs/11/S/NR/2023/8/S2B_11SNR_20230806_0_L2A"",""stac_dn_add"":""1000"",""stac_source_product_name"":""S2B_MSIL2A_20230806T182919_N0509_R027_T11SNR_20230806T223347.SAFE""}]",,,stac_mosaic_repaired,,456.0,0.9729945186954865,S2B_MSIL2A_20230806T182919_N0510_R027_T11SNS_20241021T054204.SAFE,09a02ce6-ed7b-471e-a08b-5bcf895087fe
emi20240817t082107p06021-A,2024-08-17T08:21:07+00,40.252728365014406,58.440736552022855,"[58.40937874382504, 40.22815697150674, 58.48012524114588, 40.28214887926187]",S2,2024-08-18T06:56:21.024000Z,69cc2091-b4f4-4f6b-9265-4a5262c61bf1,S2A_MSIL2A_20240818T065621_N0511_R063_T40TFK_20240818T114351.SAFE,S2|R063|20240818T0650,/mnt/engg-niulab/yuyao/sensors_raw_data/S2/prev1/emi20240817t082107p06021-A/s2_-7.tif,,s2_download_manifest:downloaded,available,0,,expected,prev1,t0_24h_window,2024-08-10T06:46:29.024000Z,12600d4a-f7a9-482d-b38e-d43ea772a5fa,S2B_MSIL2A_20240810T064629_N0511_R020_T40TFK_20240810T111308.SAFE,S2|R020|20240810T0640,/mnt/engg-niulab/yuyao/sensors_raw_data/S2/prev2/emi20240817t082107p06021-A/s2_prev2.tif,,s2_download_manifest:downloaded,available,0,,expected,prev2,,2024-08-05T06:46:31.024000Z,5c8658c4-808f-457a-9f5b-3d6272b95e64,S2A_MSIL2A_20240805T064631_N0511_R020_T40TFK_20240805T131606.SAFE,S2|R020|20240805T0640,/mnt/engg-niulab/yuyao/sensors_raw_data/S2/prev3/emi20240817t082107p06021-A/s2_prev3.tif,,s2_download_manifest:downloaded,available,0,,expected,prev3,,2024-07-31T06:46:29.024000Z,774a733f-dcb2-4944-99e9-21dcf0e1c0a4,S2B_MSIL2A_20240731T064629_N0511_R020_T40TFK_20240731T091612.SAFE,S2|R020|20240731T0640,/mnt/engg-niulab/yuyao/sensors_raw_data/S2/product_crops/774a733f-dcb2-4944-99e9-21dcf0e1c0a4/emi20240817t082107p06021-A/prev3.tif,,download_s2_missing_from_clean_table,available,0,,expected,product_crops,,2024-04-30T06:56:21.024000+00:00,ea51bfb9-64ea-4581-ab11-7d87798bfa8f,S2A_MSIL2A_20240430T065621_N0510_R063_T40TFK_20240430T101745.SAFE,S2|R063|20240430T0650,/mnt/engg-niulab/yuyao/sensors_raw_data/S2/seasonal/emi20240817t082107p06021-A/s2_-90.tif,,master:downloaded_path,available,0,,expected,,kept,2023-08-21T06:46:31.024000+00:00,3fed64d0-4e91-41d8-b2fe-2d7ed6e60e80,S2A_MSIL2A_20230821T064631_N0510_R020_T40TFK_20241024T082644.SAFE,S2|R020|20230821T0640,/mnt/engg-niulab/yuyao/sensors_raw_data/S2/year/emi20240817t082107p06021-A/s2_-360.tif,,master:downloaded_path,available,0,,expected,,kept,,,,,,/mnt/engg-niulab/yuyao/sensors_raw_data/S2/prev1/emi20240817t082107p06021-A/s2_-7.tif,raw,/mnt/engg-niulab/yuyao/sensors_raw_data/S2/prev2/emi20240817t082107p06021-A/s2_prev2.tif,raw,/mnt/engg-niulab/yuyao/sensors_raw_data/S2/prev3/emi20240817t082107p06021-A/s2_prev3.tif,raw,/mnt/engg-niulab/yuyao/sensors_raw_data/S2/product_crops/774a733f-dcb2-4944-99e9-21dcf0e1c0a4/emi20240817t082107p06021-A/prev3.tif,raw,/mnt/engg-niulab/yuyao/sensors_raw_data/S2/seasonal/emi20240817t082107p06021-A/s2_-90.tif,raw,/mnt/engg-niulab/yuyao/sensors_raw_data/S2/year/emi20240817t082107p06021-A/s2_-360.tif,raw,1,1,raw+raw+raw+raw+raw+raw,,,,,,,,,local_exact,,870.0,0.8125205739634112,S2A_MSIL2A_20240818T065621_N0511_R063_T40TFK_20240818T114351.SAFE,69cc2091-b4f4-4f6b-9265-4a5262c61bf1,,,,,,,,,local_exact,,870.0,0.8125205739634112,S2B_MSIL2A_20240810T064629_N0511_R020_T40TFK_20240810T111308.SAFE,12600d4a-f7a9-482d-b38e-d43ea772a5fa,,,,,,,,,local_exact,,870.0,0.8125205739634112,S2A_MSIL2A_20240805T064631_N0511_R020_T40TFK_20240805T131606.SAFE,5c8658c4-808f-457a-9f5b-3d6272b95e64,S2B_40TFK_20240731_0_L2A,https://sentinel-s2-l2a.s3.amazonaws.com/tiles/40/T/FK/2024/7/31/0,https://sentinel-cogs.s3.us-west-2.amazonaws.com/sentinel-s2-l2a-cogs/40/T/FK/2024/7/S2B_40TFK_20240731_0_L2A,1000,S2B_MSIL2A_20240731T064629_N0511_R020_T40TFK_20240731T091612.SAFE,,,,stac_exact,,870.0,0.8125205739634112,S2B_MSIL2A_20240731T064629_N0511_R020_T40TFK_20240731T091612.SAFE,774a733f-dcb2-4944-99e9-21dcf0e1c0a4,,,,,,,,,local_exact,,870.0,0.8125205739634112,S2A_MSIL2A_20240430T065621_N0510_R063_T40TFK_20240430T101745.SAFE,ea51bfb9-64ea-4581-ab11-7d87798bfa8f,,,,,,,,,local_exact,,870.0,0.8125205739634112,S2A_MSIL2A_20230821T064631_N0510_R020_T40TFK_20241024T082644.SAFE,3fed64d0-4e91-41d8-b2fe-2d7ed6e60e80
emi20240821t081938p06030-B,2024-08-21T08:19:38+00,31.302124319851018,49.12022154644612,"[49.0334375516228, 31.27294537010408, 49.15336394837306, 31.375391225032004]",S2,2024-08-22T07:26:19.024000Z,cce6f894-e76b-49d5-8727-d5f0410f42e6,S2B_MSIL2A_20240822T072619_N0511_R049_T39RUQ_20240822T103322.SAFE,S2|R049|20240822T0720,/mnt/engg-niulab/yuyao/sensors_raw_data/S2/prev1/emi20240821t081938p06030-B/s2_-7.tif,,s2_download_manifest:downloaded,available,0,,expected,prev1,t0_24h_window,2024-08-19T07:16:19.024000Z,c700c721-9ad2-442a-82d4-035212e6bc08,S2B_MSIL2A_20240819T071619_N0511_R006_T39RUQ_20240819T115421.SAFE,S2|R006|20240819T0710,/mnt/engg-niulab/yuyao/sensors_raw_data/S2/prev2/emi20240821t081938p06030-B/s2_prev2.tif,,s2_download_manifest:downloaded,available,0,,expected,prev2,,2024-08-17T07:26:21.024000Z,6ecfc02b-8c6f-446c-a6b6-8ea5a6f530f2,S2A_MSIL2A_20240817T072621_N0511_R049_T39RUQ_20240817T120352.SAFE,S2|R049|20240817T0720,/mnt/engg-niulab/yuyao/sensors_raw_data/S2/prev3/emi20240821t081938p06030-B/s2_prev3.tif,,s2_download_manifest:downloaded,available,0,,expected,prev3,,2024-08-14T07:16:21.024000Z,03849c01-76d0-4c44-b8cc-44a900e957e5,S2A_MSIL2A_20240814T071621_N0511_R006_T39RUQ_20240814T121757.SAFE,S2|R006|20240814T0710,/mnt/engg-niulab/yuyao/sensors_raw_data/S2/product_crops/03849c01-76d0-4c44-b8cc-44a900e957e5/emi20240821t081938p06030-B/prev3.tif,,download_s2_missing_from_clean_table,available,0,,expected,product_crops,,2024-05-21T07:16:19.024000+00:00,8102317e-249a-443c-8846-9bf86873d8bc,S2B_MSIL2A_20240521T071619_N0510_R006_T39RUQ_20240521T085451.SAFE,S2|R006|20240521T0710,/mnt/engg-niulab/yuyao/sensors_raw_data/S2/seasonal/emi20240821t081938p06030-B/s2_-90.tif,,master:downloaded_path,available,0,,expected,,kept,2023-08-25T07:16:19.024000+00:00,c7dbc7fd-45ee-4330-bf17-12f2a57ea678,S2B_MSIL2A_20230825T071619_N0510_R006_T39RUQ_20241015T083146.SAFE,S2|R006|20230825T0710,/mnt/engg-niulab/yuyao/sensors_raw_data/S2/year/emi20240821t081938p06030-B/s2_-360.tif,,master:downloaded_path,available,0,,expected,,kept,,,,,,/mnt/engg-niulab/yuyao/sensors_raw_data/S2/prev1/emi20240821t081938p06030-B/s2_-7.tif,raw,/mnt/engg-niulab/yuyao/sensors_raw_data/S2/prev2/emi20240821t081938p06030-B/s2_prev2.tif,raw,/mnt/engg-niulab/yuyao/sensors_raw_data/S2/prev3/emi20240821t081938p06030-B/s2_prev3.tif,raw,/mnt/engg-niulab/yuyao/sensors_raw_data/S2/product_crops/03849c01-76d0-4c44-b8cc-44a900e957e5/emi20240821t081938p06030-B/prev3.tif,raw,/mnt/engg-niulab/yuyao/sensors_raw_data/S2/seasonal/emi20240821t081938p06030-B/s2_-90.tif,raw,/mnt/engg-niulab/yuyao/sensors_raw_data/S2/year/emi20240821t081938p06030-B/s2_-360.tif,raw,1,1,raw+raw+raw+raw+raw+raw,,,,,,,,,local_exact,,798.0,0.9174295057873678,S2B_MSIL2A_20240822T072619_N0511_R049_T39RUQ_20240822T103322.SAFE,cce6f894-e76b-49d5-8727-d5f0410f42e6,,,,,,,,,local_exact,,798.0,0.9174295057873678,S2B_MSIL2A_20240819T071619_N0511_R006_T39RUQ_20240819T115421.SAFE,c700c721-9ad2-442a-82d4-035212e6bc08,,,,,,,,,local_exact,,798.0,0.9174295057873678,S2A_MSIL2A_20240817T072621_N0511_R049_T39RUQ_20240817T120352.SAFE,6ecfc02b-8c6f-446c-a6b6-8ea5a6f530f2,S2A_39RUQ_20240814_0_L2A,https://sentinel-s2-l2a.s3.amazonaws.com/tiles/39/R/UQ/2024/8/14/0,https://sentinel-cogs.s3.us-west-2.amazonaws.com/sentinel-s2-l2a-cogs/39/R/UQ/2024/8/S2A_39RUQ_20240814_0_L2A,1000,S2A_MSIL2A_20240814T071621_N0511_R006_T39RUQ_20240814T121757.SAFE,,,,stac_exact,,798.0,0.9174295057873678,S2A_MSIL2A_20240814T071621_N0511_R006_T39RUQ_20240814T121757.SAFE,03849c01-76d0-4c44-b8cc-44a900e957e5,,,,,,,,,local_exact,,798.0,0.9174295057873678,S2B_MSIL2A_20240521T071619_N0510_R006_T39RUQ_20240521T085451.SAFE,8102317e-249a-443c-8846-9bf86873d8bc,,,,,,,,,local_exact,,798.0,0.9174295057873678,S2B_MSIL2A_20230825T071619_N0510_R006_T39RUQ_20241015T083146.SAFE,c7dbc7fd-45ee-4330-bf17-12f2a57ea678
emi20240928t104449p07001-A,2024-09-28T10:44:49+00,28.054616573068017,19.91187845379025,"[19.886132271176507, 28.02025848776955, 19.951632907855867, 28.07806570679298]",S2,2024-09-29T09:20:31.024000Z,local_sibling:e3d5516831cda10a,S2A_MSIL2A_20240929T092031_N0511_R093_T34RCS_20240929T122650.SAFE,S2|R093|20240929T0920,/mnt/engg-niulab/yuyao/sensors_raw_data/S2/t0/emi20240928t104449p07001-A/s2.tif,,s2_download_manifest:downloaded,available,0,,expected,t0,t0_24h_window,2024-09-26T09:07:31.024000Z,local_sibling:deace0745e6b45c5,S2A_MSIL2A_20240926T090731_N0511_R050_T34RCS_20240926T152806.SAFE,S2|R050|20240926T0900,/mnt/engg-niulab/yuyao/sensors_raw_data/S2/product_crops/e8222e89-532e-4066-ad05-cef85ac4c118/emi20240928t104449p07001-A/prev1.tif,,download_s2_missing_from_clean_table,available,0,,expected,product_crops,,2024-09-24T09:20:29.025000Z,93f26483-bc37-42d8-bd3f-488b2e0ef53f,S2B_MSIL2A_20240924T092029_N0511_R093_T34RCS_20240924T120844.SAFE,S2|R093|20240924T0920,/mnt/engg-niulab/yuyao/sensors_raw_data/S2/product_crops/93f26483-bc37-42d8-bd3f-488b2e0ef53f/emi20240928t104449p07001-A/prev2.tif,,download_s2_missing_from_clean_table,available,0,,expected,product_crops,,2024-09-21T09:05:59.024000Z,f44efa8b-15fc-437c-9b0f-51bbab4d1d2c,S2B_MSIL2A_20240921T090559_N0511_R050_T34RCS_20240921T115053.SAFE,S2|R050|20240921T0900,/mnt/engg-niulab/yuyao/sensors_raw_data/S2/product_crops/f44efa8b-15fc-437c-9b0f-51bbab4d1d2c/emi20240928t104449p07001-A/prev3.tif,,download_s2_missing_from_clean_table,available,0,,expected,product_crops,,2024-06-28T09:06:01.024000+00:00,local_sibling:c7851390d984d0c5,S2A_MSIL2A_20240628T090601_N0510_R050_T34RCS_20240628T134250.SAFE,S2|R050|20240628T0900,/mnt/engg-niulab/yuyao/sensors_raw_data/S2/seasonal/emi20240928t104449p07001-A/s2_-90.tif,,master:downloaded_path,available,0,,expected,,kept,2023-10-02T09:08:11.024000+00:00,6b65d6d4-c3e6-4448-a5bc-9635be8a79b1,S2A_MSIL2A_20231002T090811_N0510_R050_T34RCS_20241101T094232.SAFE,S2|R050|20231002T0900,/mnt/engg-niulab/yuyao/sensors_raw_data/S2/year/emi20240928t104449p07001-A/s2_-360.tif,,master:downloaded_path,available,0,,expected,,kept,,,,,,/mnt/engg-niulab/yuyao/sensors_raw_data/S2/t0/emi20240928t104449p07001-A/s2.tif,raw,/mnt/engg-niulab/yuyao/sensors_raw_data/S2/product_crops/e8222e89-532e-4066-ad05-cef85ac4c118/emi20240928t104449p07001-A/prev1.tif,raw,/mnt/engg-niulab/yuyao/sensors_raw_data/S2/product_crops/93f26483-bc37-42d8-bd3f-488b2e0ef53f/emi20240928t104449p07001-A/prev2.tif,raw,/mnt/engg-niulab/yuyao/sensors_raw_data/S2/product_crops/f44efa8b-15fc-437c-9b0f-51bbab4d1d2c/emi20240928t104449p07001-A/prev3.tif,raw,/mnt/engg-niulab/yuyao/sensors_raw_data/S2/seasonal/emi20240928t104449p07001-A/s2_-90.tif,raw,/mnt/engg-niulab/yuyao/sensors_raw_data/S2/year/emi20240928t104449p07001-A/s2_-360.tif,raw,1,1,raw+raw+raw+raw+raw+raw,,,,,,,,,local_point_repaired,,419.0,0.4919938323437236,S2A_MSIL2A_20240929T092031_N0511_R093_T34RCR_20240929T122650.SAFE,61a816d6-af0a-411e-a99f-addd24823ee1,,,,,,,,,local_point_repaired,,419.0,0.4919938323437236,S2A_MSIL2A_20240926T090731_N0511_R050_T34RCR_20240926T152806.SAFE,e8222e89-532e-4066-ad05-cef85ac4c118,,,,,,,,,local_exact,,419.0,0.4919938323437236,S2B_MSIL2A_20240924T092029_N0511_R093_T34RCS_20240924T120844.SAFE,93f26483-bc37-42d8-bd3f-488b2e0ef53f,S2B_34RCS_20240921_0_L2A,https://sentinel-s2-l2a.s3.amazonaws.com/tiles/34/R/CS/2024/9/21/0,https://sentinel-cogs.s3.us-west-2.amazonaws.com/sentinel-s2-l2a-cogs/34/R/CS/2024/9/S2B_34RCS_20240921_0_L2A,1000,S2B_MSIL2A_20240921T090559_N0511_R050_T34RCS_20240921T115053.SAFE,,,,stac_exact,,419.0,0.4919938323437236,S2B_MSIL2A_20240921T090559_N0511_R050_T34RCS_20240921T115053.SAFE,f44efa8b-15fc-437c-9b0f-51bbab4d1d2c,,,,,,,,,local_point_repaired,,419.0,0.4919938323437236,S2A_MSIL2A_20240628T090601_N0510_R050_T34RCR_20240628T134250.SAFE,24fce6d3-764f-45b6-a5d9-8d71ac776481,,,,,,,,,local_exact,,419.0,0.4919938323437236,S2A_MSIL2A_20231002T090811_N0510_R050_T34RCS_20241101T094232.SAFE,6b65d6d4-c3e6-4448-a5bc-9635be8a79b1
emi20240928t104501p07002-A,2024-09-28T10:45:01+00,28.28623778030604,19.92717598057212,"[19.90130113612431, 28.251990893884376, 19.96731116694487, 28.310121570973816]",S2,2024-09-29T09:20:31.024000Z,0a61eab0-a5ec-4ea3-b00f-5e6b3e6a6a7d,S2A_MSIL2A_20240929T092031_N0511_R093_T34RCS_20240929T122650.SAFE,S2|R093|20240929T0920,/mnt/engg-niulab/yuyao/sensors_raw_data/S2/prev1/emi20240928t104501p07002-A/s2_-7.tif,,s2_download_manifest:downloaded,available,0,,expected,prev1,t0_24h_window,2024-09-26T09:07:31.024000Z,2d218d3d-640c-4e2f-a8a6-437770b7483a,S2A_MSIL2A_20240926T090731_N0511_R050_T34RCS_20240926T152806.SAFE,S2|R050|20240926T0900,/mnt/engg-niulab/yuyao/sensors_raw_data/S2/prev2/emi20240928t104501p07002-A/s2_prev2.tif,,s2_download_manifest:downloaded,available,0,,expected,prev2,,2024-09-24T09:20:29.025000Z,93f26483-bc37-42d8-bd3f-488b2e0ef53f,S2B_MSIL2A_20240924T092029_N0511_R093_T34RCS_20240924T120844.SAFE,S2|R093|20240924T0920,/mnt/engg-niulab/yuyao/sensors_raw_data/S2/prev3/emi20240928t104501p07002-A/s2_prev3.tif,,s2_download_manifest:downloaded,available,0,,expected,prev3,,2024-09-21T09:05:59.024000Z,f44efa8b-15fc-437c-9b0f-51bbab4d1d2c,S2B_MSIL2A_20240921T090559_N0511_R050_T34RCS_20240921T115053.SAFE,S2|R050|20240921T0900,/mnt/engg-niulab/yuyao/sensors_raw_data/S2/product_crops/f44efa8b-15fc-437c-9b0f-51bbab4d1d2c/emi20240928t104501p07002-A/prev3.tif,,download_s2_missing_from_clean_table,available,0,,expected,product_crops,,2024-06-28T09:06:01.024000+00:00,d49fb62d-57f3-4141-bc51-92e12a965dec,S2A_MSIL2A_20240628T090601_N0510_R050_T34RCS_20240628T134250.SAFE,S2|R050|20240628T0900,/mnt/engg-niulab/yuyao/sensors_raw_data/S2/seasonal/emi20240928t104501p07002-A/s2_-90.tif,,master:downloaded_path,available,0,,expected,,kept,2023-10-02T09:08:11.024000+00:00,6b65d6d4-c3e6-4448-a5bc-9635be8a79b1,S2A_MSIL2A_20231002T090811_N0510_R050_T34RCS_20241101T094232.SAFE,S2|R050|20231002T0900,/mnt/engg-niulab/yuyao/sensors_raw_data/S2/year/emi20240928t104501p07002-A/s2_-360.tif,,master:downloaded_path,available,0,,expected,,kept,,,,,,/mnt/engg-niulab/yuyao/sensors_raw_data/S2/prev1/emi20240928t104501p07002-A/s2_-7.tif,raw,/mnt/engg-niulab/yuyao/sensors_raw_data/S2/prev2/emi20240928t104501p07002-A/s2_prev2.tif,raw,/mnt/engg-niulab/yuyao/sensors_raw_data/S2/prev3/emi20240928t104501p07002-A/s2_prev3.tif,raw,/mnt/engg-niulab/yuyao/sensors_raw_data/S2/product_crops/f44efa8b-15fc-437c-9b0f-51bbab4d1d2c/emi20240928t104501p07002-A/prev3.tif,raw,/mnt/engg-niulab/yuyao/sensors_raw_data/S2/seasonal/emi20240928t104501p07002-A/s2_-90.tif,raw,/mnt/engg-niulab/yuyao/sensors_raw_data/S2/year/emi20240928t104501p07002-A/s2_-360.tif,raw,1,1,raw+raw+raw+raw+raw+raw,,,,,,,,,local_exact,,495.0,0.6934301313740434,S2A_MSIL2A_20240929T092031_N0511_R093_T34RCS_20240929T122650.SAFE,0a61eab0-a5ec-4ea3-b00f-5e6b3e6a6a7d,,,,,,,,,local_exact,,495.0,0.6934301313740434,S2A_MSIL2A_20240926T090731_N0511_R050_T34RCS_20240926T152806.SAFE,2d218d3d-640c-4e2f-a8a6-437770b7483a,,,,,,,,,local_exact,,495.0,0.6934301313740434,S2B_MSIL2A_20240924T092029_N0511_R093_T34RCS_20240924T120844.SAFE,93f26483-bc37-42d8-bd3f-488b2e0ef53f,S2B_34RCS_20240921_0_L2A,https://sentinel-s2-l2a.s3.amazonaws.com/tiles/34/R/CS/2024/9/21/0,https://sentinel-cogs.s3.us-west-2.amazonaws.com/sentinel-s2-l2a-cogs/34/R/CS/2024/9/S2B_34RCS_20240921_0_L2A,1000,S2B_MSIL2A_20240921T090559_N0511_R050_T34RCS_20240921T115053.SAFE,,,,stac_exact,,495.0,0.6934301313740434,S2B_MSIL2A_20240921T090559_N0511_R050_T34RCS_20240921T115053.SAFE,f44efa8b-15fc-437c-9b0f-51bbab4d1d2c,,,,,,,,,local_exact,,495.0,0.6934301313740434,S2A_MSIL2A_20240628T090601_N0510_R050_T34RCS_20240628T134250.SAFE,d49fb62d-57f3-4141-bc51-92e12a965dec,,,,,,,,,local_exact,,495.0,0.6934301313740434,S2A_MSIL2A_20231002T090811_N0510_R050_T34RCS_20241101T094232.SAFE,6b65d6d4-c3e6-4448-a5bc-9635be8a79b1
emi20250110t122922p08002-A,2025-01-10T12:29:22+00,-36.76712042391877,-72.96468610691441,"[-73.00213865318385, -36.79064513644257, -72.93268593354276, -36.73500518783531]",S2,2025-01-10T14:47:31.024000Z,d075e74f-0c18-413d-9f3d-9932c4786fc7,S2A_MSIL2A_20250110T144731_N0511_R139_T18HXE_20250110T194901.SAFE,S2|R139|20250110T1440,/mnt/engg-niulab/yuyao/sensors_raw_data/S2/prev1/emi20250110t122922p08002-A/s2_-7.tif,,s2_download_manifest:downloaded,available,0,,expected,prev1,t0_24h_window,2025-01-02T14:37:39.024000Z,2eb4c755-8bdb-4f07-8e0a-0d248298cc6c,S2B_MSIL2A_20250102T143739_N0511_R096_T18HXE_20250102T213323.SAFE,S2|R096|20250102T1430,/mnt/engg-niulab/yuyao/sensors_raw_data/S2/prev2/emi20250110t122922p08002-A/s2_prev2.tif,,s2_download_manifest:downloaded,available,0,,expected,prev2,,2024-12-31T14:47:31.024000Z,2ce377b1-cd83-48b4-a7ed-58c4d45c8408,S2A_MSIL2A_20241231T144731_N0511_R139_T18HXE_20241231T195105.SAFE,S2|R139|20241231T1440,/mnt/engg-niulab/yuyao/sensors_raw_data/S2/prev3/emi20250110t122922p08002-A/s2_prev3.tif,,s2_download_manifest:downloaded,available,0,,expected,prev3,,2024-12-23T14:37:49.024000Z,10d60a8c-ee22-4571-b3cb-e6d69b5dac4c,S2B_MSIL2A_20241223T143749_N0511_R096_T18HXE_20241223T182554.SAFE,S2|R096|20241223T1430,/mnt/engg-niulab/yuyao/sensors_raw_data/S2/product_crops/10d60a8c-ee22-4571-b3cb-e6d69b5dac4c/emi20250110t122922p08002-A/prev3.tif,,download_s2_missing_from_clean_table,available,0,,expected,product_crops,,,,,,,/mnt/engg-leung/Research_No9_Methane_Emissions/Yuyao/Dataset/plume_raw_s2_90360_fixed_512/emi20250110t122922p08002-A/s2_90_std_512.tif,master:existing_512_path,available,0,,,,,,,,,,/mnt/engg-leung/Research_No9_Methane_Emissions/Yuyao/Dataset/plume_raw_s2_90360_fixed_512/emi20250110t122922p08002-A/s2_360_std_512.tif,master:existing_512_path,available,0,,,,,,,,,,/mnt/engg-niulab/yuyao/sensors_raw_data/S2/prev1/emi20250110t122922p08002-A/s2_-7.tif,raw,/mnt/engg-niulab/yuyao/sensors_raw_data/S2/prev2/emi20250110t122922p08002-A/s2_prev2.tif,raw,/mnt/engg-niulab/yuyao/sensors_raw_data/S2/prev3/emi20250110t122922p08002-A/s2_prev3.tif,raw,/mnt/engg-niulab/yuyao/sensors_raw_data/S2/product_crops/10d60a8c-ee22-4571-b3cb-e6d69b5dac4c/emi20250110t122922p08002-A/prev3.tif,raw,/mnt/engg-leung/Research_No9_Methane_Emissions/Yuyao/Dataset/plume_raw_s2_90360_fixed_512/emi20250110t122922p08002-A/s2_90_std_512.tif,512,/mnt/engg-leung/Research_No9_Methane_Emissions/Yuyao/Dataset/plume_raw_s2_90360_fixed_512/emi20250110t122922p08002-A/s2_360_std_512.tif,512,1,1,raw+raw+raw+raw+512+512,,,,,,,,,local_exact,,1152.0,0.797009045156301,S2A_MSIL2A_20250110T144731_N0511_R139_T18HXE_20250110T194901.SAFE,d075e74f-0c18-413d-9f3d-9932c4786fc7,,,,,,,,,local_exact,,1152.0,0.797009045156301,S2B_MSIL2A_20250102T143739_N0511_R096_T18HXE_20250102T213323.SAFE,2eb4c755-8bdb-4f07-8e0a-0d248298cc6c,,,,,,,,,local_exact,,1152.0,0.797009045156301,S2A_MSIL2A_20241231T144731_N0511_R139_T18HXE_20241231T195105.SAFE,2ce377b1-cd83-48b4-a7ed-58c4d45c8408,S2B_18HXE_20241223_0_L2A,https://sentinel-s2-l2a.s3.amazonaws.com/tiles/18/H/XE/2024/12/23/0,https://sentinel-cogs.s3.us-west-2.amazonaws.com/sentinel-s2-l2a-cogs/18/H/XE/2024/12/S2B_18HXE_20241223_0_L2A,1000,S2B_MSIL2A_20241223T143749_N0511_R096_T18HXE_20241223T182554.SAFE,,,,stac_exact,,1152.0,0.797009045156301,S2B_MSIL2A_20241223T143749_N0511_R096_T18HXE_20241223T182554.SAFE,10d60a8c-ee22-4571-b3cb-e6d69b5dac4c,,,,,,,,,,,,,,,,,,,,,,,,,,,,
emi20250521t150649p10006-A,2025-05-21T15:06:49+00,-22.77854796516605,-47.20538767079268,"[-47.247452649714845, -22.79842780706436, -47.18268860902951, -22.738710469495032]",S2,2025-05-22T13:13:01.024000Z,43b55aa6-4531-4d7e-9123-584da6f18f27,S2A_MSIL2A_20250522T131301_N0511_R138_T22KHV_20250522T175612.SAFE,S2|R138|20250522T1310,/mnt/engg-niulab/yuyao/sensors_raw_data/S2/t0/emi20250521t150649p10006-A/s2.tif,/mnt/engg-niulab/yuyao/preprocessed_512/S2/emi20250521t150649p10006-A/s2_0_std_512.tif,s2_download_manifest:downloaded;master:target_512_path,available,0,,expected,t0,t0_24h_window,2025-05-20T13:13:01.025000Z,5d53f6cb-9a5d-48be-8364-ec71e2f70600,S2C_MSIL2A_20250520T131301_N0511_R138_T22KHV_20250520T155411.SAFE,S2|R138|20250520T1310,/mnt/engg-niulab/yuyao/sensors_raw_data/S2/product_crops/5d53f6cb-9a5d-48be-8364-ec71e2f70600/emi20250521t150649p10006-A/prev1.tif,,download_s2_missing_from_clean_table,available,0,,expected,product_crops,,2025-05-15T13:12:39.024000Z,ee8c8a93-a6b8-4091-b6ad-eefda143e67f,S2B_MSIL2A_20250515T131239_N0511_R138_T23KKQ_20250515T162754.SAFE,S2|R138|20250515T1310,/mnt/engg-niulab/yuyao/sensors_raw_data/S2/product_crops/ee8c8a93-a6b8-4091-b6ad-eefda143e67f/emi20250521t150649p10006-A/prev2.tif,,download_s2_missing_from_clean_table,available,0,,expected,product_crops,,2025-05-13T13:22:51.025000Z,02c94aa0-3129-4f6d-b712-e48a6758c83f,S2C_MSIL2A_20250513T132251_N0511_R038_T23KKQ_20250513T160117.SAFE,S2|R038|20250513T1320,/mnt/engg-niulab/yuyao/sensors_raw_data/S2/prev3/emi20250521t150649p10006-A/s2_prev3.tif,,s2_download_manifest:downloaded,available,0,,expected,prev3,,2025-02-19T13:13:01.025000Z,0ae6cb8c-7daf-4263-bd2d-d9ba0a7d2b0d,S2C_MSIL2A_20250219T131301_N0511_R138_T23KKQ_20250219T160312.SAFE,S2|R138|20250219T1310,/mnt/engg-niulab/yuyao/sensors_raw_data/S2/seasonal/emi20250521t150649p10006-A/s2_-90.tif,/mnt/engg-niulab/yuyao/preprocessed_512/S2/emi20250521t150649p10006-A/s2_-90_std_512.tif,master:downloaded_path;master:target_512_path,available,0,,expected,,legacy_minus90_window,2024-05-23T13:22:29.024000Z,8eabc154-8131-4b63-a9cc-a1192b4af2df,S2B_MSIL2A_20240523T132229_N0510_R038_T23KKQ_20240523T142146.SAFE,S2|R038|20240523T1320,/mnt/engg-niulab/yuyao/sensors_raw_data/S2/year/emi20250521t150649p10006-A/s2_-360.tif,/mnt/engg-niulab/yuyao/preprocessed_512/S2/emi20250521t150649p10006-A/s2_-360_std_512.tif,master:downloaded_path;master:target_512_path,available,0,,expected,,legacy_minus360_window,https://api.carbonmapper.org/api/v1/catalog/asset/l3a-vis-ch4-mfa-v3/2025/05/21/emi20250521t150649p10006-A/emi20250521t150649p10006-A_l3a-vis-ch4-mfa-v3_plume.tif,https://api.carbonmapper.org/api/v1/catalog/asset/l3a-vis-ch4-mfa-v3/2025/05/21/emi20250521t150649p10006-A/emi20250521t150649p10006-A_l3a-vis-ch4-mfa-v3_plume.png,https://api.carbonmapper.org/api/v1/catalog/asset/l3a-ime-ch4-mfa-v3/2025/05/21/emi20250521t150649p10006-A/emi20250521t150649p10006-A_l3a-ime-ch4-mfa-v3_ime-cmf-concentrations.tif,https://api.carbonmapper.org/api/v1/catalog/asset/l3a-vis-ch4-mfa-v3/2025/05/21/emi20250521t150649p10006-A/emi20250521t150649p10006-A_l3a-vis-ch4-mfa-v3_rgb.tif,https://api.carbonmapper.org/api/v1/catalog/asset/l3a-vis-ch4-mfa-v3/2025/05/21/emi20250521t150649p10006-A/emi20250521t150649p10006-A_l3a-vis-ch4-mfa-v3_rgb.png,/mnt/engg-niulab/yuyao/sensors_raw_data/S2/t0/emi20250521t150649p10006-A/s2.tif,raw,/mnt/engg-niulab/yuyao/sensors_raw_data/S2/product_crops/5d53f6cb-9a5d-48be-8364-ec71e2f70600/emi20250521t150649p10006-A/prev1.tif,raw,/mnt/engg-niulab/yuyao/sensors_raw_data/S2/product_crops/ee8c8a93-a6b8-4091-b6ad-eefda143e67f/emi20250521t150649p10006-A/prev2.tif,raw,/mnt/engg-niulab/yuyao/sensors_raw_data/S2/prev3/emi20250521t150649p10006-A/s2_prev3.tif,raw,/mnt/engg-niulab/yuyao/sensors_raw_data/S2/seasonal/emi20250521t150649p10006-A/s2_-90.tif,raw,/mnt/engg-niulab/yuyao/sensors_raw_data/S2/year/emi20250521t150649p10006-A/s2_-360.tif,raw,1,1,raw+raw+raw+raw+raw+raw,,,,,,,,,local_exact,,748.0,0.49976411946408916,S2A_MSIL2A_20250522T131301_N0511_R138_T22KHV_20250522T175612.SAFE,43b55aa6-4531-4d7e-9123-584da6f18f27,S2C_22KHV_20250520_0_L2A,https://sentinel-s2-l2a.s3.amazonaws.com/tiles/22/K/HV/2025/5/20/0/R20m,https://sentinel-cogs.s3.us-west-2.amazonaws.com/sentinel-s2-l2a-cogs/22/K/HV/2025/5/S2C_22KHV_20250520_0_L2A,1000,S2C_MSIL2A_20250520T131301_N0511_R138_T22KHV_20250520T155411.SAFE,,,,stac_exact,,748.0,0.49976411946408916,S2C_MSIL2A_20250520T131301_N0511_R138_T22KHV_20250520T155411.SAFE,5d53f6cb-9a5d-48be-8364-ec71e2f70600,,,,,,,,,local_exact,,780.0,0.6558017544448376,S2B_MSIL2A_20250515T131239_N0511_R138_T23KKQ_20250515T162754.SAFE,ee8c8a93-a6b8-4091-b6ad-eefda143e67f,,,,,,,,,local_exact,,780.0,0.6558017544448376,S2C_MSIL2A_20250513T132251_N0511_R038_T23KKQ_20250513T160117.SAFE,02c94aa0-3129-4f6d-b712-e48a6758c83f,,,,,,,,,local_exact,,780.0,0.6558017544448376,S2C_MSIL2A_20250219T131301_N0511_R138_T23KKQ_20250219T160312.SAFE,0ae6cb8c-7daf-4263-bd2d-d9ba0a7d2b0d,,,,,,,,,local_exact,,780.0,0.6558017544448376,S2B_MSIL2A_20240523T132229_N0510_R038_T23KKQ_20240523T142146.SAFE,8eabc154-8131-4b63-a9cc-a1192b4af2df
emi20250614t091515p06023-B,2025-06-14T09:15:15+00,37.10760631939698,62.5978889491019,"[62.55507201049789, 37.05609728514585, 62.62961063584575, 37.11555920840608]",S2,2025-06-15T06:26:51.025000Z,57cacf0a-d786-43fc-b82f-5d0a004ec633,S2C_MSIL2A_20250615T062651_N0511_R077_T41SMB_20250615T091818.SAFE,S2|R077|20250615T0620,/mnt/engg-niulab/yuyao/sensors_raw_data/S2/t0/emi20250614t091515p06023-B/s2.tif,/mnt/engg-niulab/yuyao/preprocessed_512/S2/emi20250614t091515p06023-B/s2_0_std_512.tif,s2_download_manifest:downloaded;master:target_512_path,available,0,,expected,t0,t0_24h_window,2025-06-13T06:36:19.024000Z,2c2e8859-f375-4bbc-8c6e-cc9aea1312d3,S2B_MSIL2A_20250613T063619_N0511_R120_T41SMB_20250613T101244.SAFE,S2|R120|20250613T0630,/mnt/engg-niulab/yuyao/sensors_raw_data/S2/prev1/emi20250614t091515p06023-B/s2_-7.tif,,s2_download_manifest:downloaded,available,0,,expected,prev1,,2025-06-07T06:33:21.024000Z,c0182987-cce2-41e2-9eb5-b1c2b7abe06a,S2A_MSIL2A_20250607T063321_N0511_R077_T41SMB_20250607T092212.SAFE,S2|R077|20250607T0630,/mnt/engg-niulab/yuyao/sensors_raw_data/S2/prev2/emi20250614t091515p06023-B/s2_prev2.tif,,s2_download_manifest:downloaded,available,0,,expected,prev2,,2025-06-03T06:36:29.024000Z,29531386-c5e9-43f1-b2d4-55fbb0ea016c,S2B_MSIL2A_20250603T063629_N0511_R120_T41SMB_20250603T085408.SAFE,S2|R120|20250603T0630,/mnt/engg-niulab/yuyao/sensors_raw_data/S2/prev3/emi20250614t091515p06023-B/s2_prev3.tif,,s2_download_manifest:downloaded,available,0,,expected,prev3,,2025-03-15T06:36:29.024000Z,e1f7b9a0-eff2-4c66-aef2-99a86ccd099b,S2B_MSIL2A_20250315T063629_N0511_R120_T41SMB_20250315T101235.SAFE,S2|R120|20250315T0630,/mnt/engg-niulab/yuyao/sensors_raw_data/S2/seasonal/emi20250614t091515p06023-B/s2_-90.tif,/mnt/engg-niulab/yuyao/preprocessed_512/S2/emi20250614t091515p06023-B/s2_-90_std_512.tif,master:downloaded_path;master:target_512_path,available,0,,expected,,legacy_minus90_window,2024-06-18T06:36:29.024000Z,5cfc5a1c-d6a1-497a-bb03-eec621745172,S2B_MSIL2A_20240618T063629_N0510_R120_T41SMB_20240618T090937.SAFE,S2|R120|20240618T0630,/mnt/engg-niulab/yuyao/sensors_raw_data/S2/year/emi20250614t091515p06023-B/s2_-360.tif,/mnt/engg-niulab/yuyao/preprocessed_512/S2/emi20250614t091515p06023-B/s2_-360_std_512.tif,master:downloaded_path;master:target_512_path,available,0,,expected,,legacy_minus360_window,https://api.carbonmapper.org/api/v1/catalog/asset/l3a-vis-ch4-mfa-v3b/2025/06/14/emi20250614t091515p06023-B/emi20250614t091515p06023-B_l3a-vis-ch4-mfa-v3b_plume.tif,https://api.carbonmapper.org/api/v1/catalog/asset/l3a-vis-ch4-mfa-v3b/2025/06/14/emi20250614t091515p06023-B/emi20250614t091515p06023-B_l3a-vis-ch4-mfa-v3b_plume.png,https://api.carbonmapper.org/api/v1/catalog/asset/l3a-ime-ch4-mfa-v3b/2025/06/14/emi20250614t091515p06023-B/emi20250614t091515p06023-B_l3a-ime-ch4-mfa-v3b_ime-cmf-concentrations.tif,https://api.carbonmapper.org/api/v1/catalog/asset/l3a-vis-ch4-mfa-v3b/2025/06/14/emi20250614t091515p06023-B/emi20250614t091515p06023-B_l3a-vis-ch4-mfa-v3b_rgb.tif,https://api.carbonmapper.org/api/v1/catalog/asset/l3a-vis-ch4-mfa-v3b/2025/06/14/emi20250614t091515p06023-B/emi20250614t091515p06023-B_l3a-vis-ch4-mfa-v3b_rgb.png,/mnt/engg-niulab/yuyao/sensors_raw_data/S2/t0/emi20250614t091515p06023-B/s2.tif,raw,/mnt/engg-niulab/yuyao/sensors_raw_data/S2/prev1/emi20250614t091515p06023-B/s2_-7.tif,raw,/mnt/engg-niulab/yuyao/sensors_raw_data/S2/prev2/emi20250614t091515p06023-B/s2_prev2.tif,raw,/mnt/engg-niulab/yuyao/sensors_raw_data/S2/prev3/emi20250614t091515p06023-B/s2_prev3.tif,raw,/mnt/engg-niulab/yuyao/sensors_raw_data/S2/seasonal/emi20250614t091515p06023-B/s2_-90.tif,raw,/mnt/engg-niulab/yuyao/sensors_raw_data/S2/year/emi20250614t091515p06023-B/s2_-360.tif,raw,1,1,raw+raw+raw+raw+raw+raw,,,,,,,,,local_exact,,579.0,0.7381419688754249,S2C_MSIL2A_20250615T062651_N0511_R077_T41SMB_20250615T091818.SAFE,57cacf0a-d786-43fc-b82f-5d0a004ec633,,,,,,,,,local_exact,,579.0,0.7381419688754249,S2B_MSIL2A_20250613T063619_N0511_R120_T41SMB_20250613T101244.SAFE,2c2e8859-f375-4bbc-8c6e-cc9aea1312d3,,,,,,,,,local_exact,,579.0,0.7381419688754249,S2A_MSIL2A_20250607T063321_N0511_R077_T41SMB_20250607T092212.SAFE,c0182987-cce2-41e2-9eb5-b1c2b7abe06a,,,,,,,,,local_exact,,579.0,0.7381419688754249,S2B_MSIL2A_20250603T063629_N0511_R120_T41SMB_20250603T085408.SAFE,29531386-c5e9-43f1-b2d4-55fbb0ea016c,,,,,,,,,local_exact,,579.0,0.7381419688754249,S2B_MSIL2A_20250315T063629_N0511_R120_T41SMB_20250315T101235.SAFE,e1f7b9a0-eff2-4c66-aef2-99a86ccd099b,,,,,,,,,local_exact,,579.0,0.7381419688754249,S2B_MSIL2A_20240618T063629_N0510_R120_T41SMB_20240618T090937.SAFE,5cfc5a1c-d6a1-497a-bb03-eec621745172
emi20250618t073629p05011-A,2025-06-18T07:36:29+00,40.25258733131102,58.439374582661,"[58.411754194719606, 40.21074299454685, 58.48281747951511, 40.264990518106984]",S2,2025-06-19T06:56:19.024000Z,0be36c35-d983-4501-8a53-a11eb28705c9,S2B_MSIL2A_20250619T065619_N0511_R063_T40TFK_20250619T092316.SAFE,S2|R063|20250619T0650,/mnt/engg-niulab/yuyao/sensors_raw_data/S2/t0/emi20250618t073629p05011-A/s2.tif,/mnt/engg-niulab/yuyao/preprocessed_512/S2/emi20250618t073629p05011-A/s2_0_std_512.tif,s2_download_manifest:downloaded;master:target_512_path,available,0,,expected,t0,t0_24h_window,2025-06-16T06:46:19.024000Z,161cf685-c181-403c-914f-5d8b9153b217,S2B_MSIL2A_20250616T064619_N0511_R020_T40TFK_20250616T090449.SAFE,S2|R020|20250616T0640,/mnt/engg-niulab/yuyao/sensors_raw_data/S2/prev1/emi20250618t073629p05011-A/s2_-7.tif,,s2_download_manifest:downloaded,available,0,,expected,prev1,,2025-06-14T06:56:41.025000Z,15c6b74b-7b03-421b-9636-dff57b68754e,S2C_MSIL2A_20250614T065641_N0511_R063_T40TFK_20250614T104417.SAFE,S2|R063|20250614T0650,/mnt/engg-niulab/yuyao/sensors_raw_data/S2/prev2/emi20250618t073629p05011-A/s2_prev2.tif,,s2_download_manifest:downloaded,available,0,,expected,prev2,,2025-06-13T06:53:21.024000Z,e2bdd9cf-eaa6-4c61-a619-c0db274fa6f4,S2A_MSIL2A_20250613T065321_N0511_R020_T40TFK_20250613T094016.SAFE,S2|R020|20250613T0650,/mnt/engg-niulab/yuyao/sensors_raw_data/S2/prev3/emi20250618t073629p05011-A/s2_prev3.tif,,s2_download_manifest:downloaded,available,0,,expected,prev3,,2025-03-18T07:03:21.024000Z,b72fdad6-ddfc-40a4-931a-86385e96c67b,S2A_MSIL2A_20250318T070321_N0511_R063_T40TFK_20250318T113717.SAFE,S2|R063|20250318T0700,/mnt/engg-niulab/yuyao/sensors_raw_data/S2/seasonal/emi20250618t073629p05011-A/s2_-90.tif,/mnt/engg-niulab/yuyao/preprocessed_512/S2/emi20250618t073629p05011-A/s2_-90_std_512.tif,master:downloaded_path;master:target_512_path,available,0,,expected,,legacy_minus90_window,2024-06-19T06:56:31.024000Z,799688b5-53ef-491e-be57-b39f31f550e0,S2A_MSIL2A_20240619T065631_N0510_R063_T40TFK_20240619T104547.SAFE,S2|R063|20240619T0650,/mnt/engg-niulab/yuyao/sensors_raw_data/S2/year/emi20250618t073629p05011-A/s2_-360.tif,/mnt/engg-niulab/yuyao/preprocessed_512/S2/emi20250618t073629p05011-A/s2_-360_std_512.tif,master:downloaded_path;master:target_512_path,available,0,,expected,,legacy_minus360_window,https://api.carbonmapper.org/api/v1/catalog/asset/l3a-vis-ch4-mfa-v3/2025/06/18/emi20250618t073629p05011-A/emi20250618t073629p05011-A_l3a-vis-ch4-mfa-v3_plume.tif,https://api.carbonmapper.org/api/v1/catalog/asset/l3a-vis-ch4-mfa-v3/2025/06/18/emi20250618t073629p05011-A/emi20250618t073629p05011-A_l3a-vis-ch4-mfa-v3_plume.png,https://api.carbonmapper.org/api/v1/catalog/asset/l3a-ime-ch4-mfa-v3/2025/06/18/emi20250618t073629p05011-A/emi20250618t073629p05011-A_l3a-ime-ch4-mfa-v3_ime-cmf-concentrations.tif,https://api.carbonmapper.org/api/v1/catalog/asset/l3a-vis-ch4-mfa-v3/2025/06/18/emi20250618t073629p05011-A/emi20250618t073629p05011-A_l3a-vis-ch4-mfa-v3_rgb.tif,https://api.carbonmapper.org/api/v1/catalog/asset/l3a-vis-ch4-mfa-v3/2025/06/18/emi20250618t073629p05011-A/emi20250618t073629p05011-A_l3a-vis-ch4-mfa-v3_rgb.png,/mnt/engg-niulab/yuyao/sensors_raw_data/S2/t0/emi20250618t073629p05011-A/s2.tif,raw,/mnt/engg-niulab/yuyao/sensors_raw_data/S2/prev1/emi20250618t073629p05011-A/s2_-7.tif,raw,/mnt/engg-niulab/yuyao/sensors_raw_data/S2/prev2/emi20250618t073629p05011-A/s2_prev2.tif,raw,/mnt/engg-niulab/yuyao/sensors_raw_data/S2/prev3/emi20250618t073629p05011-A/s2_prev3.tif,raw,/mnt/engg-niulab/yuyao/sensors_raw_data/S2/seasonal/emi20250618t073629p05011-A/s2_-90.tif,raw,/mnt/engg-niulab/yuyao/sensors_raw_data/S2/year/emi20250618t073629p05011-A/s2_-360.tif,raw,1,1,raw+raw+raw+raw+raw+raw,,,,,,,,,local_exact,,864.0,0.6893434270750731,S2B_MSIL2A_20250619T065619_N0511_R063_T40TFK_20250619T092316.SAFE,0be36c35-d983-4501-8a53-a11eb28705c9,,,,,,,,,local_exact,,864.0,0.6893434270750731,S2B_MSIL2A_20250616T064619_N0511_R020_T40TFK_20250616T090449.SAFE,161cf685-c181-403c-914f-5d8b9153b217,,,,,,,,,local_exact,,864.0,0.6893434270750731,S2C_MSIL2A_20250614T065641_N0511_R063_T40TFK_20250614T104417.SAFE,15c6b74b-7b03-421b-9636-dff57b68754e,,,,,,,,,local_exact,,864.0,0.6893434270750731,S2A_MSIL2A_20250613T065321_N0511_R020_T40TFK_20250613T094016.SAFE,e2bdd9cf-eaa6-4c61-a619-c0db274fa6f4,,,,,,,,,local_exact,,864.0,0.6893434270750731,S2A_MSIL2A_20250318T070321_N0511_R063_T40TFK_20250318T113717.SAFE,b72fdad6-ddfc-40a4-931a-86385e96c67b,,,,,,,,,local_exact,,864.0,0.6893434270750731,S2A_MSIL2A_20240619T065631_N0510_R063_T40TFK_20240619T104547.SAFE,799688b5-53ef-491e-be57-b39f31f550e0
emi20250623t095348p06019-A,2025-06-23T09:53:48+00,31.082025077535377,8.033163531593175,"[7.993268463991632, 31.051416931049424, 8.060810860716307, 31.10926322563038]",S2,2025-06-23T10:00:29.024000Z,e1cf8dda-f3f6-4408-b84c-4d3fa0fc7a76,S2B_MSIL2A_20250623T100029_N0511_R122_T32RMV_20250623T140147.SAFE,S2|R122|20250623T1000,/mnt/engg-niulab/yuyao/sensors_raw_data/S2/t0/emi20250623t095348p06019-A/s2.tif,/mnt/engg-niulab/yuyao/preprocessed_512/S2/emi20250623t095348p06019-A/s2_0_std_512.tif,s2_download_manifest:downloaded;master:target_512_path,available,0,,expected,t0,t0_24h_window,2025-06-21T10:06:11.025000Z,580adb45-1266-4fcb-9f60-00f7f7cc4002,S2C_MSIL2A_20250621T100611_N0511_R022_T32RMV_20250623T084315.SAFE,S2|R022|20250621T1000,/mnt/engg-niulab/yuyao/sensors_raw_data/S2/prev1/emi20250623t095348p06019-A/s2_-7.tif,,s2_download_manifest:downloaded,available,0,,expected,prev1,,2025-06-18T10:00:41.025000Z,7f93ab6b-d34f-4179-b992-85b534633f06,S2C_MSIL2A_20250618T100041_N0511_R122_T32RMV_20250618T150415.SAFE,S2|R122|20250618T1000,/mnt/engg-niulab/yuyao/sensors_raw_data/S2/prev2/emi20250623t095348p06019-A/s2_prev2.tif,,s2_download_manifest:downloaded,available,0,,expected,prev2,,2025-06-16T10:05:59.024000Z,local_sibling:96555aa675bfdc8f,S2B_MSIL2A_20250616T100559_N0511_R022_T32RMV_20250616T130446.SAFE,S2|R022|20250616T1000,/mnt/engg-niulab/yuyao/sensors_raw_data/S2/product_crops/7e3fefd8-7370-4696-901c-ce72a60e5ca1/emi20250623t095348p06019-A/prev3.tif,,download_s2_missing_from_clean_table,available,0,,expected,product_crops,,2025-03-20T10:00:51.025000Z,2cf569b0-5de7-4a3f-a243-a23e25a6346f,S2C_MSIL2A_20250320T100051_N0511_R122_T32RMV_20250320T160514.SAFE,S2|R122|20250320T1000,/mnt/engg-niulab/yuyao/sensors_raw_data/S2/seasonal/emi20250623t095348p06019-A/s2_-90.tif,/mnt/engg-niulab/yuyao/preprocessed_512/S2/emi20250623t095348p06019-A/s2_-90_std_512.tif,master:downloaded_path;master:target_512_path,available,0,,expected,,legacy_minus90_window,2024-06-26T10:10:31.024000Z,aws_stac:S2A_32RMV_20240626_0_L2A,S2A_MSIL2A_20240626T101031_N0510_R022_T32RMV_20240626T174950.SAFE,S2|R022|20240626T1010,/mnt/engg-niulab/yuyao/sensors_raw_data/S2/year/emi20250623t095348p06019-A/s2_-360.tif,/mnt/engg-niulab/yuyao/preprocessed_512/S2/emi20250623t095348p06019-A/s2_-360_std_512.tif,master:downloaded_path;master:target_512_path,available,0,,expected,,legacy_minus360_window,https://api.carbonmapper.org/api/v1/catalog/asset/l3a-vis-ch4-mfa-v3b/2025/06/23/emi20250623t095348p06019-A/emi20250623t095348p06019-A_l3a-vis-ch4-mfa-v3b_plume.tif,https://api.carbonmapper.org/api/v1/catalog/asset/l3a-vis-ch4-mfa-v3b/2025/06/23/emi20250623t095348p06019-A/emi20250623t095348p06019-A_l3a-vis-ch4-mfa-v3b_plume.png,https://api.carbonmapper.org/api/v1/catalog/asset/l3a-ime-ch4-mfa-v3b/2025/06/23/emi20250623t095348p06019-A/emi20250623t095348p06019-A_l3a-ime-ch4-mfa-v3b_ime-cmf-concentrations.tif,https://api.carbonmapper.org/api/v1/catalog/asset/l3a-vis-ch4-mfa-v3b/2025/06/23/emi20250623t095348p06019-A/emi20250623t095348p06019-A_l3a-vis-ch4-mfa-v3b_rgb.tif,https://api.carbonmapper.org/api/v1/catalog/asset/l3a-vis-ch4-mfa-v3b/2025/06/23/emi20250623t095348p06019-A/emi20250623t095348p06019-A_l3a-vis-ch4-mfa-v3b_rgb.png,/mnt/engg-niulab/yuyao/sensors_raw_data/S2/t0/emi20250623t095348p06019-A/s2.tif,raw,/mnt/engg-niulab/yuyao/sensors_raw_data/S2/prev1/emi20250623t095348p06019-A/s2_-7.tif,raw,/mnt/engg-niulab/yuyao/sensors_raw_data/S2/prev2/emi20250623t095348p06019-A/s2_prev2.tif,raw,/mnt/engg-niulab/yuyao/sensors_raw_data/S2/product_crops/7e3fefd8-7370-4696-901c-ce72a60e5ca1/emi20250623t095348p06019-A/prev3.tif,raw,/mnt/engg-niulab/yuyao/sensors_raw_data/S2/seasonal/emi20250623t095348p06019-A/s2_-90.tif,raw,/mnt/engg-niulab/yuyao/sensors_raw_data/S2/year/emi20250623t095348p06019-A/s2_-360.tif,raw,1,1,raw+raw+raw+raw+raw+raw,,,,,,,,,local_exact,,134.0,0.8485599154919328,S2B_MSIL2A_20250623T100029_N0511_R122_T32RMV_20250623T140147.SAFE,e1cf8dda-f3f6-4408-b84c-4d3fa0fc7a76,,,,,,,,,local_exact,,134.0,0.8485599154919328,S2C_MSIL2A_20250621T100611_N0511_R022_T32RMV_20250623T084315.SAFE,580adb45-1266-4fcb-9f60-00f7f7cc4002,,,,,,,,,local_exact,,134.0,0.8485599154919328,S2C_MSIL2A_20250618T100041_N0511_R122_T32RMV_20250618T150415.SAFE,7f93ab6b-d34f-4179-b992-85b534633f06,,,,,,,,,local_point_repaired,,134.0,0.8485599154919328,S2B_MSIL2A_20250616T100559_N0511_R022_T32RLV_20250616T130446.SAFE,7e3fefd8-7370-4696-901c-ce72a60e5ca1,,,,,,,,,local_exact,,134.0,0.8485599154919328,S2C_MSIL2A_20250320T100051_N0511_R122_T32RMV_20250320T160514.SAFE,2cf569b0-5de7-4a3f-a243-a23e25a6346f,S2A_32RMV_20240626_0_L2A,https://sentinel-s2-l2a.s3.amazonaws.com/tiles/32/R/MV/2024/6/26/0,https://sentinel-cogs.s3.us-west-2.amazonaws.com/sentinel-s2-l2a-cogs/32/R/MV/2024/6/S2A_32RMV_20240626_0_L2A,1000,S2A_MSIL2A_20240626T101031_N0510_R022_T32RMV_20240626T174950.SAFE,,,,stac_point_repaired,,134.0,0.8485599154919328,S2A_MSIL2A_20240626T101031_N0510_R022_T32RLV_20240626T174950.SAFE,c8384aa8-415a-45b5-87e2-55373e7d96bd
emi20250728t185104p12009-A,2025-07-28T18:51:04+00,33.18984033006697,-97.07755955873472,"[-97.11084172863566, 33.16318215398062, -97.04354995982497, 33.219495069936954]",S2,2025-07-29T16:58:49.024000Z,0844edf5-40bd-4335-b48c-3365a67de780,S2B_MSIL2A_20250729T165849_N0511_R069_T14SPB_20250729T210742.SAFE,S2|R069|20250729T1650,/mnt/engg-niulab/yuyao/sensors_raw_data/S2/t0/emi20250728t185104p12009-A/s2.tif,/mnt/engg-niulab/yuyao/preprocessed_512/S2/emi20250728t185104p12009-A/s2_0_std_512.tif,s2_download_manifest:downloaded;master:target_512_path,available,0,,expected,t0,t0_24h_window,2025-07-24T16:59:11.025000Z,6f0c2ccb-a09d-4b10-8235-14fe6d5be23b,S2C_MSIL2A_20250724T165911_N0511_R069_T14SPB_20250724T220257.SAFE,S2|R069|20250724T1650,/mnt/engg-niulab/yuyao/sensors_raw_data/S2/prev1/emi20250728t185104p12009-A/s2_-7.tif,,s2_download_manifest:downloaded,available,0,,expected,prev1,,2025-07-22T17:08:49.025000Z,585d1a34-1b32-423c-a330-6db6687da0b7,S2B_MSIL2A_20250722T170849_N0511_R112_T14SPB_20250722T211527.SAFE,S2|R112|20250722T1700,/mnt/engg-niulab/yuyao/sensors_raw_data/S2/prev2/emi20250728t185104p12009-A/s2_prev2.tif,,s2_download_manifest:downloaded,available,0,,expected,prev2,,2025-07-19T17:17:21.024000Z,772142fb-bb5c-4b27-8c60-a61621b823c2,S2A_MSIL2A_20250719T171721_N0511_R112_T14SPB_20250719T233614.SAFE,S2|R112|20250719T1710,/mnt/engg-niulab/yuyao/sensors_raw_data/S2/prev3/emi20250728t185104p12009-A/s2_prev3.tif,,s2_download_manifest:downloaded,available,0,,expected,prev3,,2025-04-15T16:59:11.025000Z,5b5a6f38-e84e-471a-bf48-bbb5d8aaf53f,S2C_MSIL2A_20250415T165911_N0511_R069_T14SPB_20250415T233312.SAFE,S2|R069|20250415T1650,/mnt/engg-niulab/yuyao/sensors_raw_data/S2/seasonal/emi20250728t185104p12009-A/s2_-90.tif,/mnt/engg-niulab/yuyao/preprocessed_512/S2/emi20250728t185104p12009-A/s2_-90_std_512.tif,master:downloaded_path;master:target_512_path,available,0,,expected,,legacy_minus90_window,2024-08-01T17:08:51.024000Z,3941f562-1e83-4c9d-9219-d87e957f1965,S2A_MSIL2A_20240801T170851_N0511_R112_T14SPB_20240802T002152.SAFE,S2|R112|20240801T1700,/mnt/engg-niulab/yuyao/sensors_raw_data/S2/year/emi20250728t185104p12009-A/s2_-360.tif,/mnt/engg-niulab/yuyao/preprocessed_512/S2/emi20250728t185104p12009-A/s2_-360_std_512.tif,master:downloaded_path;master:target_512_path,available,0,,expected,,legacy_minus360_window,https://api.carbonmapper.org/api/v1/catalog/asset/l3a-vis-ch4-mfa-v3b/2025/07/28/emi20250728t185104p12009-A/emi20250728t185104p12009-A_l3a-vis-ch4-mfa-v3b_plume.tif,https://api.carbonmapper.org/api/v1/catalog/asset/l3a-vis-ch4-mfa-v3b/2025/07/28/emi20250728t185104p12009-A/emi20250728t185104p12009-A_l3a-vis-ch4-mfa-v3b_plume.png,https://api.carbonmapper.org/api/v1/catalog/asset/l3a-ime-ch4-mfa-v3b/2025/07/28/emi20250728t185104p12009-A/emi20250728t185104p12009-A_l3a-ime-ch4-mfa-v3b_ime-cmf-concentrations.tif,https://api.carbonmapper.org/api/v1/catalog/asset/l3a-vis-ch4-mfa-v3b/2025/07/28/emi20250728t185104p12009-A/emi20250728t185104p12009-A_l3a-vis-ch4-mfa-v3b_rgb.tif,https://api.carbonmapper.org/api/v1/catalog/asset/l3a-vis-ch4-mfa-v3b/2025/07/28/emi20250728t185104p12009-A/emi20250728t185104p12009-A_l3a-vis-ch4-mfa-v3b_rgb.png,/mnt/engg-niulab/yuyao/sensors_raw_data/S2/t0/emi20250728t185104p12009-A/s2.tif,raw,/mnt/engg-niulab/yuyao/sensors_raw_data/S2/prev1/emi20250728t185104p12009-A/s2_-7.tif,raw,/mnt/engg-niulab/yuyao/sensors_raw_data/S2/prev2/emi20250728t185104p12009-A/s2_prev2.tif,raw,/mnt/engg-niulab/yuyao/sensors_raw_data/S2/prev3/emi20250728t185104p12009-A/s2_prev3.tif,raw,/mnt/engg-niulab/yuyao/sensors_raw_data/S2/seasonal/emi20250728t185104p12009-A/s2_-90.tif,raw,/mnt/engg-niulab/yuyao/sensors_raw_data/S2/year/emi20250728t185104p12009-A/s2_-360.tif,raw,1,1,raw+raw+raw+raw+raw+raw,S2B_14SPB_20250729_0_L2A,https://sentinel-s2-l2a.s3.amazonaws.com/tiles/14/S/PB/2025/7/29/0/R20m,https://sentinel-cogs.s3.us-west-2.amazonaws.com/sentinel-s2-l2a-cogs/14/S/PB/2025/7/S2B_14SPB_20250729_0_L2A,1000,S2B_MSIL2A_20250729T165849_N0511_R069_T14SPB_20250729T210742.SAFE,,,,stac_exact,,1046.0,0.7188298069449957,S2B_MSIL2A_20250729T165849_N0511_R069_T14SPB_20250729T210742.SAFE,0844edf5-40bd-4335-b48c-3365a67de780,S2C_14SPB_20250724_0_L2A,https://sentinel-s2-l2a.s3.amazonaws.com/tiles/14/S/PB/2025/7/24/0/R20m,https://sentinel-cogs.s3.us-west-2.amazonaws.com/sentinel-s2-l2a-cogs/14/S/PB/2025/7/S2C_14SPB_20250724_0_L2A,1000,S2C_MSIL2A_20250724T165911_N0511_R069_T14SPB_20250724T220257.SAFE,,,,stac_exact,,1046.0,0.7188298069449957,S2C_MSIL2A_20250724T165911_N0511_R069_T14SPB_20250724T220257.SAFE,6f0c2ccb-a09d-4b10-8235-14fe6d5be23b,S2B_14SPB_20250722_0_L2A,https://sentinel-s2-l2a.s3.amazonaws.com/tiles/14/S/PB/2025/7/22/0/R20m,https://sentinel-cogs.s3.us-west-2.amazonaws.com/sentinel-s2-l2a-cogs/14/S/PB/2025/7/S2B_14SPB_20250722_0_L2A,1000,S2B_MSIL2A_20250722T170849_N0511_R112_T14SPB_20250722T211527.SAFE,,,,stac_exact,,1046.0,0.7188298069449957,S2B_MSIL2A_20250722T170849_N0511_R112_T14SPB_20250722T211527.SAFE,585d1a34-1b32-423c-a330-6db6687da0b7,S2A_14SPB_20250719_1_L2A,https://sentinel-s2-l2a.s3.amazonaws.com/tiles/14/S/PB/2025/7/19/1/R20m,https://sentinel-cogs.s3.us-west-2.amazonaws.com/sentinel-s2-l2a-cogs/14/S/PB/2025/7/S2A_14SPB_20250719_1_L2A,1000,S2A_MSIL2A_20250719T171721_N0511_R112_T14SPB_20250719T233614.SAFE,,,,stac_exact,,1046.0,0.7188298069449957,S2A_MSIL2A_20250719T171721_N0511_R112_T14SPB_20250719T233614.SAFE,772142fb-bb5c-4b27-8c60-a61621b823c2,S2C_14SPB_20250415_0_L2A,https://sentinel-s2-l2a.s3.amazonaws.com/tiles/14/S/PB/2025/4/15/0/R20m,https://sentinel-cogs.s3.us-west-2.amazonaws.com/sentinel-s2-l2a-cogs/14/S/PB/2025/4/S2C_14SPB_20250415_0_L2A,1000,S2C_MSIL2A_20250415T165911_N0511_R069_T14SPB_20250415T233312.SAFE,,,,stac_exact,,1046.0,0.7188298069449957,S2C_MSIL2A_20250415T165911_N0511_R069_T14SPB_20250415T233312.SAFE,5b5a6f38-e84e-471a-bf48-bbb5d8aaf53f,S2A_14SPB_20240801_0_L2A,https://sentinel-s2-l2a.s3.amazonaws.com/tiles/14/S/PB/2024/8/1/0,https://sentinel-cogs.s3.us-west-2.amazonaws.com/sentinel-s2-l2a-cogs/14/S/PB/2024/8/S2A_14SPB_20240801_0_L2A,1000,S2A_MSIL2A_20240801T170851_N0511_R112_T14SPB_20240802T002152.SAFE,,,,stac_exact,,1046.0,0.7188298069449957,S2A_MSIL2A_20240801T170851_N0511_R112_T14SPB_20240802T002152.SAFE,3941f562-1e83-4c9d-9219-d87e957f1965
emi20250803t153306p10003-A,2025-08-03T15:33:06+00,18.984322837883624,-98.13752287770517,"[-98.16121035614357, 18.95040047849848, -98.09827136373211, 19.010444158708648]",S2,2025-08-03T16:59:11.025000Z,aws_stac:S2C_14QNG_20250803_0_L2A,S2C_MSIL2A_20250803T165911_N0511_R069_T14QNG_20250803T214521.SAFE,S2|R069|20250803T1650,/mnt/engg-niulab/yuyao/sensors_raw_data/S2/t0/emi20250803t153306p10003-A/s2.tif,/mnt/engg-niulab/yuyao/preprocessed_512/S2/emi20250803t153306p10003-A/s2_0_std_512.tif,s2_download_manifest:downloaded;master:target_512_path,available,0,,expected,t0,t0_24h_window,2025-07-29T16:58:49.024000Z,694dfdcd-cb50-4623-86cd-e4348e6f2ae9,S2B_MSIL2A_20250729T165849_N0511_R069_T14QNG_20250729T221939.SAFE,S2|R069|20250729T1650,/mnt/engg-niulab/yuyao/sensors_raw_data/S2/prev1/emi20250803t153306p10003-A/s2_-7.tif,,s2_download_manifest:downloaded,available,0,,expected,prev1,,2025-07-24T16:59:11.025000Z,aws_stac:S2C_14QNG_20250724_0_L2A,S2C_MSIL2A_20250724T165911_N0511_R069_T14QNG_20250724T220257.SAFE,S2|R069|20250724T1650,/mnt/engg-niulab/yuyao/sensors_raw_data/S2/prev2/emi20250803t153306p10003-A/s2_prev2.tif,,s2_download_manifest:downloaded,available,0,,expected,prev2,,2025-07-21T16:49:21.025000Z,7f1acd32-f8b0-4d29-b113-0e6f4dd09b43,S2C_MSIL2A_20250721T164921_N0511_R026_T14QNG_20250721T211713.SAFE,S2|R026|20250721T1640,/mnt/engg-niulab/yuyao/sensors_raw_data/S2/prev3/emi20250803t153306p10003-A/s2_prev3.tif,,s2_download_manifest:downloaded,available,0,,expected,prev3,,2025-05-02T16:49:01.025000Z,2f7ef802-619a-4466-b1dc-7e5a6870bc1d,S2C_MSIL2A_20250502T164901_N0511_R026_T14QNG_20250502T214604.SAFE,S2|R026|20250502T1640,/mnt/engg-niulab/yuyao/sensors_raw_data/S2/seasonal/emi20250803t153306p10003-A/s2_-90.tif,/mnt/engg-niulab/yuyao/preprocessed_512/S2/emi20250803t153306p10003-A/s2_-90_std_512.tif,master:downloaded_path;master:target_512_path,available,0,,expected,,legacy_minus90_window,2024-08-03T16:58:49.024000Z,aws_stac:S2B_14QNG_20240803_0_L2A,S2B_MSIL2A_20240803T165849_N0511_R069_T14QNG_20240804T084346.SAFE,S2|R069|20240803T1650,/mnt/engg-niulab/yuyao/sensors_raw_data/S2/year/emi20250803t153306p10003-A/s2_-360.tif,/mnt/engg-niulab/yuyao/preprocessed_512/S2/emi20250803t153306p10003-A/s2_-360_std_512.tif,master:downloaded_path;master:target_512_path,available,0,,expected,,legacy_minus360_window,https://api.carbonmapper.org/api/v1/catalog/asset/l3a-vis-ch4-mfa-v3d/2025/08/03/emi20250803t153306p10003-A/emi20250803t153306p10003-A_l3a-vis-ch4-mfa-v3d_plume.tif,https://api.carbonmapper.org/api/v1/catalog/asset/l3a-vis-ch4-mfa-v3d/2025/08/03/emi20250803t153306p10003-A/emi20250803t153306p10003-A_l3a-vis-ch4-mfa-v3d_plume.png,https://api.carbonmapper.org/api/v1/catalog/asset/l3a-ime-ch4-mfa-v3d/2025/08/03/emi20250803t153306p10003-A/emi20250803t153306p10003-A_l3a-ime-ch4-mfa-v3d_ime-cmf-concentrations.tif,https://api.carbonmapper.org/api/v1/catalog/asset/l3a-vis-ch4-mfa-v3d/2025/08/03/emi20250803t153306p10003-A/emi20250803t153306p10003-A_l3a-vis-ch4-mfa-v3d_rgb.tif,https://api.carbonmapper.org/api/v1/catalog/asset/l3a-vis-ch4-mfa-v3d/2025/08/03/emi20250803t153306p10003-A/emi20250803t153306p10003-A_l3a-vis-ch4-mfa-v3d_rgb.png,/mnt/engg-niulab/yuyao/sensors_raw_data/S2/t0/emi20250803t153306p10003-A/s2.tif,raw,/mnt/engg-niulab/yuyao/sensors_raw_data/S2/prev1/emi20250803t153306p10003-A/s2_-7.tif,raw,/mnt/engg-niulab/yuyao/sensors_raw_data/S2/prev2/emi20250803t153306p10003-A/s2_prev2.tif,raw,/mnt/engg-niulab/yuyao/sensors_raw_data/S2/prev3/emi20250803t153306p10003-A/s2_prev3.tif,raw,/mnt/engg-niulab/yuyao/sensors_raw_data/S2/seasonal/emi20250803t153306p10003-A/s2_-90.tif,raw,/mnt/engg-niulab/yuyao/sensors_raw_data/S2/year/emi20250803t153306p10003-A/s2_-360.tif,raw,1,1,raw+raw+raw+raw+raw+raw,S2C_14QNG_20250803_0_L2A,https://sentinel-s2-l2a.s3.amazonaws.com/tiles/14/Q/NG/2025/8/3/0/R20m,https://sentinel-cogs.s3.us-west-2.amazonaws.com/sentinel-s2-l2a-cogs/14/Q/NG/2025/8/S2C_14QNG_20250803_0_L2A,1000,S2C_MSIL2A_20250803T165911_N0511_R069_T14QNG_20250803T214521.SAFE,,,,stac_point_repaired,,199.0,0.3421641761815408,S2C_MSIL2A_20250803T165911_N0511_R069_T14QNF_20250803T214521.SAFE,c628b2cd-d1a2-4449-b719-0ac4a201f8e5,S2B_14QNG_20250729_0_L2A,https://sentinel-s2-l2a.s3.amazonaws.com/tiles/14/Q/NG/2025/7/29/0/R20m,https://sentinel-cogs.s3.us-west-2.amazonaws.com/sentinel-s2-l2a-cogs/14/Q/NG/2025/7/S2B_14QNG_20250729_0_L2A,1000,S2B_MSIL2A_20250729T165849_N0511_R069_T14QNG_20250729T221939.SAFE,,,,stac_exact,,199.0,0.3421641761815408,S2B_MSIL2A_20250729T165849_N0511_R069_T14QNG_20250729T221939.SAFE,694dfdcd-cb50-4623-86cd-e4348e6f2ae9,S2C_14QNG_20250724_0_L2A,https://sentinel-s2-l2a.s3.amazonaws.com/tiles/14/Q/NG/2025/7/24/0/R20m,https://sentinel-cogs.s3.us-west-2.amazonaws.com/sentinel-s2-l2a-cogs/14/Q/NG/2025/7/S2C_14QNG_20250724_0_L2A,1000,S2C_MSIL2A_20250724T165911_N0511_R069_T14QNG_20250724T220257.SAFE,,,,stac_point_repaired,,199.0,0.3421641761815408,S2C_MSIL2A_20250724T165911_N0511_R069_T14QNF_20250724T220257.SAFE,4ab6eb02-65fc-4294-b56c-04670bd6109f,S2C_14QNG_20250721_0_L2A,https://sentinel-s2-l2a.s3.amazonaws.com/tiles/14/Q/NG/2025/7/21/0/R20m,https://sentinel-cogs.s3.us-west-2.amazonaws.com/sentinel-s2-l2a-cogs/14/Q/NG/2025/7/S2C_14QNG_20250721_0_L2A,1000,S2C_MSIL2A_20250721T164921_N0511_R026_T14QNG_20250721T211713.SAFE,,,,stac_exact,,199.0,0.3421641761815408,S2C_MSIL2A_20250721T164921_N0511_R026_T14QNG_20250721T211713.SAFE,7f1acd32-f8b0-4d29-b113-0e6f4dd09b43,S2C_14QNG_20250502_0_L2A,https://sentinel-s2-l2a.s3.amazonaws.com/tiles/14/Q/NG/2025/5/2/0/R20m,https://sentinel-cogs.s3.us-west-2.amazonaws.com/sentinel-s2-l2a-cogs/14/Q/NG/2025/5/S2C_14QNG_20250502_0_L2A,1000,S2C_MSIL2A_20250502T164901_N0511_R026_T14QNG_20250502T214604.SAFE,,,,stac_exact,,199.0,0.3421641761815408,S2C_MSIL2A_20250502T164901_N0511_R026_T14QNG_20250502T214604.SAFE,2f7ef802-619a-4466-b1dc-7e5a6870bc1d,S2B_14QNG_20240803_0_L2A,https://sentinel-s2-l2a.s3.amazonaws.com/tiles/14/Q/NG/2024/8/3/0,https://sentinel-cogs.s3.us-west-2.amazonaws.com/sentinel-s2-l2a-cogs/14/Q/NG/2024/8/S2B_14QNG_20240803_0_L2A,1000,S2B_MSIL2A_20240803T165849_N0511_R069_T14QNG_20240804T084346.SAFE,,,,stac_point_repaired,,199.0,0.3421641761815408,S2B_MSIL2A_20240803T165849_N0511_R069_T14QNF_20240804T084346.SAFE,f03f687d-05de-4599-b890-284c94b30960
tan20241029t031427c00s4001-H,2024-10-29T03:14:27+00,32.864711930011566,116.82154321388674,"[116.80190671308877, 32.84961799378263, 116.83822593253257, 32.88039434232662]",S2,2024-10-30T02:57:49.024000Z,020e7016-1c5d-4b59-80fe-c394ba85a9b7,S2B_MSIL2A_20241030T025749_N0511_R032_T50SMB_20241030T061242.SAFE,S2|R032|20241030T0250,/mnt/engg-niulab/yuyao/sensors_raw_data/S2/prev1/tan20241029t031427c00s4001-H/s2_-7.tif,,s2_download_manifest:downloaded,available,0,,expected,prev1,t0_24h_window,2024-10-02T02:45:31.024000Z,f7d75fc8-100c-4555-a270-8186e600f506,S2A_MSIL2A_20241002T024531_N0511_R132_T50SMB_20241002T073447.SAFE,S2|R132|20241002T0240,/mnt/engg-niulab/yuyao/sensors_raw_data/S2/prev2/tan20241029t031427c00s4001-H/s2_prev2.tif,,s2_download_manifest:downloaded,available,0,,expected,prev2,,2024-09-25T02:55:31.024000Z,bca5ac9d-2929-4e70-a7ac-a97d5027c45f,S2A_MSIL2A_20240925T025531_N0511_R032_T50SMB_20240925T062149.SAFE,S2|R032|20240925T0250,/mnt/engg-niulab/yuyao/sensors_raw_data/S2/prev3/tan20241029t031427c00s4001-H/s2_prev3.tif,,s2_download_manifest:downloaded,available,0,,expected,prev3,,2024-09-22T02:45:31.024000Z,6609918e-9d4e-425d-ae4e-45cf65b85215,S2A_MSIL2A_20240922T024531_N0511_R132_T50SMB_20240922T132653.SAFE,S2|R132|20240922T0240,/mnt/engg-niulab/yuyao/sensors_raw_data/S2/product_crops/6609918e-9d4e-425d-ae4e-45cf65b85215/tan20241029t031427c00s4001-H/prev3.tif,,download_s2_missing_from_clean_table,available,0,,expected,product_crops,,2024-07-29T02:45:29.024000+00:00,b6c41c9e-be35-4d02-b676-59ebb57c514b,S2B_MSIL2A_20240729T024529_N0511_R132_T50SMB_20240729T045922.SAFE,S2|R132|20240729T0240,/mnt/engg-niulab/yuyao/sensors_raw_data/S2/seasonal/tan20241029t031427c00s4001-H/s2_-90.tif,,master:downloaded_path,available,0,,expected,,kept,2023-11-02T02:48:49.024000+00:00,4e4b36e5-880e-4fdd-a3b7-bde8091b906a,S2B_MSIL2A_20231102T024849_N0510_R132_T50SMB_20241021T215444.SAFE,S2|R132|20231102T0240,/mnt/engg-niulab/yuyao/sensors_raw_data/S2/year/tan20241029t031427c00s4001-H/s2_-360.tif,,master:downloaded_path,available,0,,expected,,kept,,,,,,/mnt/engg-niulab/yuyao/sensors_raw_data/S2/prev1/tan20241029t031427c00s4001-H/s2_-7.tif,raw,/mnt/engg-niulab/yuyao/sensors_raw_data/S2/prev2/tan20241029t031427c00s4001-H/s2_prev2.tif,raw,/mnt/engg-niulab/yuyao/sensors_raw_data/S2/prev3/tan20241029t031427c00s4001-H/s2_prev3.tif,raw,/mnt/engg-niulab/yuyao/sensors_raw_data/S2/product_crops/6609918e-9d4e-425d-ae4e-45cf65b85215/tan20241029t031427c00s4001-H/prev3.tif,raw,/mnt/engg-niulab/yuyao/sensors_raw_data/S2/seasonal/tan20241029t031427c00s4001-H/s2_-90.tif,raw,/mnt/engg-niulab/yuyao/sensors_raw_data/S2/year/tan20241029t031427c00s4001-H/s2_-360.tif,raw,1,1,raw+raw+raw+raw+raw+raw,,,,,,,,,local_exact,,1067.0,0.8415950576309115,S2B_MSIL2A_20241030T025749_N0511_R032_T50SMB_20241030T061242.SAFE,020e7016-1c5d-4b59-80fe-c394ba85a9b7,,,,,,,,,local_exact,,1067.0,0.8415950576309115,S2A_MSIL2A_20241002T024531_N0511_R132_T50SMB_20241002T073447.SAFE,f7d75fc8-100c-4555-a270-8186e600f506,,,,,,,,,local_exact,,1067.0,0.8415950576309115,S2A_MSIL2A_20240925T025531_N0511_R032_T50SMB_20240925T062149.SAFE,bca5ac9d-2929-4e70-a7ac-a97d5027c45f,S2A_50SMB_20240922_0_L2A,https://sentinel-s2-l2a.s3.amazonaws.com/tiles/50/S/MB/2024/9/22/0,https://sentinel-cogs.s3.us-west-2.amazonaws.com/sentinel-s2-l2a-cogs/50/S/MB/2024/9/S2A_50SMB_20240922_0_L2A,1000,S2A_MSIL2A_20240922T024531_N0511_R132_T50SMB_20240922T132653.SAFE,,,,stac_exact,,1067.0,0.8415950576309115,S2A_MSIL2A_20240922T024531_N0511_R132_T50SMB_20240922T132653.SAFE,6609918e-9d4e-425d-ae4e-45cf65b85215,,,,,,,,,local_exact,,1067.0,0.8415950576309115,S2B_MSIL2A_20240729T024529_N0511_R132_T50SMB_20240729T045922.SAFE,b6c41c9e-be35-4d02-b676-59ebb57c514b,,,,,,,,,local_exact,,1067.0,0.8415950576309115,S2B_MSIL2A_20231102T024849_N0510_R132_T50SMB_20241021T215444.SAFE,4e4b36e5-880e-4fdd-a3b7-bde8091b906a
tan20241122t070753c00s4001-A,2024-11-22T07:07:53+00,40.25265582459812,58.43985579713427,"[58.41436668345653, 40.237100465622476, 58.45465433694616, 40.26784818582621]",S2,2024-11-23T06:52:11.024000Z,41f80095-8c25-4c73-a048-81474163757b,S2A_MSIL2A_20241123T065211_N0511_R020_T40TFK_20241123T100453.SAFE,S2|R020|20241123T0650,/mnt/engg-niulab/yuyao/sensors_raw_data/S2/prev1/tan20241122t070753c00s4001-A/s2_-7.tif,,s2_download_manifest:downloaded,available,0,,expected,prev1,t0_24h_window,2024-11-21T07:01:19.024000Z,f857b5a1-a87e-4916-acb0-842acd1577a4,S2B_MSIL2A_20241121T070119_N0511_R063_T40TFK_20241121T092101.SAFE,S2|R063|20241121T0700,/mnt/engg-niulab/yuyao/sensors_raw_data/S2/prev2/tan20241122t070753c00s4001-A/s2_prev2.tif,,s2_download_manifest:downloaded,available,0,,expected,prev2,,2024-11-16T07:01:51.024000Z,08f1e850-90ce-420b-b3d0-2dc3c6e1ed82,S2A_MSIL2A_20241116T070151_N0511_R063_T40TFK_20241116T100349.SAFE,S2|R063|20241116T0700,/mnt/engg-niulab/yuyao/sensors_raw_data/S2/prev3/tan20241122t070753c00s4001-A/s2_prev3.tif,,s2_download_manifest:downloaded,available,0,,expected,prev3,,2024-11-01T06:59:39.024000Z,72decb39-51ad-48b8-83fb-84f91478303f,S2B_MSIL2A_20241101T065939_N0511_R063_T40TFK_20241102T020504.SAFE,S2|R063|20241101T0650,/mnt/engg-niulab/yuyao/sensors_raw_data/S2/product_crops/72decb39-51ad-48b8-83fb-84f91478303f/tan20241122t070753c00s4001-A/prev3.tif,,download_s2_missing_from_clean_table,available,0,,expected,product_crops,,2024-08-23T06:56:19.024000+00:00,f6c24323-ac02-4216-8c4e-fd8d46e101c1,S2B_MSIL2A_20240823T065619_N0511_R063_T40TFK_20240823T113539.SAFE,S2|R063|20240823T0650,/mnt/engg-niulab/yuyao/sensors_raw_data/S2/seasonal/tan20241122t070753c00s4001-A/s2_-90.tif,,master:downloaded_path,available,0,,expected,,kept,2023-11-27T07:02:29.024000+00:00,46b2f1a1-cf32-4bfe-9c01-bb4328894a8f,S2B_MSIL2A_20231127T070229_N0510_R063_T40TFK_20241029T071827.SAFE,S2|R063|20231127T0700,/mnt/engg-niulab/yuyao/sensors_raw_data/S2/year/tan20241122t070753c00s4001-A/s2_-360.tif,,master:downloaded_path,available,0,,expected,,kept,,,,,,/mnt/engg-niulab/yuyao/sensors_raw_data/S2/prev1/tan20241122t070753c00s4001-A/s2_-7.tif,raw,/mnt/engg-niulab/yuyao/sensors_raw_data/S2/prev2/tan20241122t070753c00s4001-A/s2_prev2.tif,raw,/mnt/engg-niulab/yuyao/sensors_raw_data/S2/prev3/tan20241122t070753c00s4001-A/s2_prev3.tif,raw,/mnt/engg-niulab/yuyao/sensors_raw_data/S2/product_crops/72decb39-51ad-48b8-83fb-84f91478303f/tan20241122t070753c00s4001-A/prev3.tif,raw,/mnt/engg-niulab/yuyao/sensors_raw_data/S2/seasonal/tan20241122t070753c00s4001-A/s2_-90.tif,raw,/mnt/engg-niulab/yuyao/sensors_raw_data/S2/year/tan20241122t070753c00s4001-A/s2_-360.tif,raw,1,1,raw+raw+raw+raw+raw+raw,,,,,,,,,local_exact,,866.0,0.6817496537369152,S2A_MSIL2A_20241123T065211_N0511_R020_T40TFK_20241123T100453.SAFE,41f80095-8c25-4c73-a048-81474163757b,,,,,,,,,local_exact,,866.0,0.6817496537369152,S2B_MSIL2A_20241121T070119_N0511_R063_T40TFK_20241121T092101.SAFE,f857b5a1-a87e-4916-acb0-842acd1577a4,,,,,,,,,local_exact,,866.0,0.6817496537369152,S2A_MSIL2A_20241116T070151_N0511_R063_T40TFK_20241116T100349.SAFE,08f1e850-90ce-420b-b3d0-2dc3c6e1ed82,S2B_40TFK_20241101_0_L2A,https://sentinel-s2-l2a.s3.amazonaws.com/tiles/40/T/FK/2024/11/1/0,https://sentinel-cogs.s3.us-west-2.amazonaws.com/sentinel-s2-l2a-cogs/40/T/FK/2024/11/S2B_40TFK_20241101_0_L2A,1000,S2B_MSIL2A_20241101T065939_N0511_R063_T40TFK_20241102T020504.SAFE,,,,stac_exact,,866.0,0.6817496537369152,S2B_MSIL2A_20241101T065939_N0511_R063_T40TFK_20241102T020504.SAFE,72decb39-51ad-48b8-83fb-84f91478303f,,,,,,,,,local_exact,,866.0,0.6817496537369152,S2B_MSIL2A_20240823T065619_N0511_R063_T40TFK_20240823T113539.SAFE,f6c24323-ac02-4216-8c4e-fd8d46e101c1,,,,,,,,,local_exact,,866.0,0.6817496537369152,S2B_MSIL2A_20231127T070229_N0510_R063_T40TFK_20241029T071827.SAFE,46b2f1a1-cf32-4bfe-9c01-bb4328894a8f
tan20241225t080702c00s4001-A,2024-12-25T08:07:02+00,35.34004767433687,44.472232639135655,"[44.46486965685827, 35.325427268404674, 44.50258767693148, 35.3559249891568]",S2,2024-12-26T07:52:39.024000Z,8baf603f-192d-4d11-aadb-9304bfb6e69e,S2B_MSIL2A_20241226T075239_N0511_R135_T38SME_20241226T085842.SAFE,S2|R135|20241226T0750,/mnt/engg-niulab/yuyao/sensors_raw_data/S2/prev1/tan20241225t080702c00s4001-A/s2_-7.tif,,s2_download_manifest:downloaded,available,0,,expected,prev1,t0_24h_window,2024-12-21T07:53:31.024000Z,8ea89bec-05c3-4e78-bd84-eb2414c5fe7e,S2A_MSIL2A_20241221T075331_N0511_R135_T38SME_20241221T105655.SAFE,S2|R135|20241221T0750,/mnt/engg-niulab/yuyao/sensors_raw_data/S2/prev2/tan20241225t080702c00s4001-A/s2_prev2.tif,,s2_download_manifest:downloaded,available,0,,expected,prev2,,2024-12-18T07:43:51.025000Z,6215cfc7-d6d5-40a9-9212-b12486b2c850,S2C_MSIL2A_20241218T074351_N0511_R092_T38SME_20260404T134939.SAFE,S2|R092|20241218T0740,/mnt/engg-niulab/yuyao/sensors_raw_data/S2/prev3/tan20241225t080702c00s4001-A/s2_prev3.tif,,s2_download_manifest:downloaded,available,0,,expected,prev3,,2024-12-11T07:53:51.025000Z,7884c564-e480-4076-95ef-133b0a37591d,S2C_MSIL2A_20241211T075351_N0511_R135_T38SME_20260512T165620.SAFE,S2|R135|20241211T0750,/mnt/engg-niulab/yuyao/sensors_raw_data/S2/product_crops/7884c564-e480-4076-95ef-133b0a37591d/tan20241225t080702c00s4001-A/prev3.tif,,download_s2_missing_from_clean_table,available,0,,expected,product_crops,,2024-09-24T07:36:09.024000+00:00,fc76c2ab-67d0-4676-bc0f-ec6ec270bb83,S2B_MSIL2A_20240924T073609_N0511_R092_T38SME_20240924T100530.SAFE,S2|R092|20240924T0730,/mnt/engg-niulab/yuyao/sensors_raw_data/S2/seasonal/tan20241225t080702c00s4001-A/s2_-90.tif,,master:downloaded_path,available,0,,expected,,kept,2023-12-29T07:42:39.024000+00:00,8239bd90-537f-4f2c-a8c2-8ff8570d9c1d,S2B_MSIL2A_20231229T074239_N0510_R092_T38SME_20231229T091445.SAFE,S2|R092|20231229T0740,/mnt/engg-niulab/yuyao/sensors_raw_data/S2/year/tan20241225t080702c00s4001-A/s2_-360.tif,,master:downloaded_path,available,0,,expected,,kept,,,,,,/mnt/engg-niulab/yuyao/sensors_raw_data/S2/prev1/tan20241225t080702c00s4001-A/s2_-7.tif,raw,/mnt/engg-niulab/yuyao/sensors_raw_data/S2/prev2/tan20241225t080702c00s4001-A/s2_prev2.tif,raw,/mnt/engg-niulab/yuyao/sensors_raw_data/S2/prev3/tan20241225t080702c00s4001-A/s2_prev3.tif,raw,/mnt/engg-niulab/yuyao/sensors_raw_data/S2/product_crops/7884c564-e480-4076-95ef-133b0a37591d/tan20241225t080702c00s4001-A/prev3.tif,raw,/mnt/engg-niulab/yuyao/sensors_raw_data/S2/seasonal/tan20241225t080702c00s4001-A/s2_-90.tif,raw,/mnt/engg-niulab/yuyao/sensors_raw_data/S2/year/tan20241225t080702c00s4001-A/s2_-360.tif,raw,1,1,raw+raw+raw+raw+raw+raw,,,,,,,,,local_exact,,778.0,0.905645272549009,S2B_MSIL2A_20241226T075239_N0511_R135_T38SME_20241226T085842.SAFE,8baf603f-192d-4d11-aadb-9304bfb6e69e,,,,,,,,,local_exact,,778.0,0.905645272549009,S2A_MSIL2A_20241221T075331_N0511_R135_T38SME_20241221T105655.SAFE,8ea89bec-05c3-4e78-bd84-eb2414c5fe7e,,,,,,,,,local_exact,,778.0,0.905645272549009,S2C_MSIL2A_20241218T074351_N0511_R092_T38SME_20260404T134939.SAFE,6215cfc7-d6d5-40a9-9212-b12486b2c850,,,,,,,,,local_exact,,778.0,0.905645272549009,S2C_MSIL2A_20241211T075351_N0511_R135_T38SME_20260512T165620.SAFE,7884c564-e480-4076-95ef-133b0a37591d,,,,,,,,,local_exact,,778.0,0.905645272549009,S2B_MSIL2A_20240924T073609_N0511_R092_T38SME_20240924T100530.SAFE,fc76c2ab-67d0-4676-bc0f-ec6ec270bb83,,,,,,,,,local_exact,,778.0,0.905645272549009,S2B_MSIL2A_20231229T074239_N0510_R092_T38SME_20231229T091445.SAFE,8239bd90-537f-4f2c-a8c2-8ff8570d9c1d
tan20241226t060035c00s4001-A,2024-12-26T06:00:35+00,19.122884339472208,72.95339846296017,"[72.93620283366725, 19.110166624786814, 72.96879835814967, 19.14096296767219]",S2,2024-12-27T05:41:49.024000Z,24d213a9-794d-4412-bfe8-1fcf44ed2713,S2B_MSIL2A_20241227T054149_N0511_R005_T43QBB_20241227T074107.SAFE,S2|R005|20241227T0540,/mnt/engg-niulab/yuyao/sensors_raw_data/S2/prev1/tan20241226t060035c00s4001-A/s2_-7.tif,,s2_download_manifest:downloaded,available,0,,expected,prev1,t0_24h_window,2024-12-17T05:41:39.024000Z,c2728654-d0ba-4e8d-a1ed-a962008cbfce,S2B_MSIL2A_20241217T054139_N0511_R005_T43QBB_20241217T074201.SAFE,S2|R005|20241217T0540,/mnt/engg-niulab/yuyao/sensors_raw_data/S2/prev2/tan20241226t060035c00s4001-A/s2_prev2.tif,,s2_download_manifest:downloaded,available,0,,expected,prev2,,2024-12-12T05:43:01.025000Z,28093895-1f26-46fb-882e-a9b4cd537c44,S2C_MSIL2A_20241212T054301_N0511_R005_T43QBB_20260507T194133.SAFE,S2|R005|20241212T0540,/mnt/engg-niulab/yuyao/sensors_raw_data/S2/prev3/tan20241226t060035c00s4001-A/s2_prev3.tif,,s2_download_manifest:downloaded,available,0,,expected,prev3,,2024-11-27T05:41:09.024000Z,38ec345d-f7be-468c-9381-4e417a72dd4b,S2B_MSIL2A_20241127T054109_N0511_R005_T43QBB_20241127T075308.SAFE,S2|R005|20241127T0540,/mnt/engg-niulab/yuyao/sensors_raw_data/S2/product_crops/38ec345d-f7be-468c-9381-4e417a72dd4b/tan20241226t060035c00s4001-A/prev3.tif,,download_s2_missing_from_clean_table,available,0,,expected,product_crops,,2024-09-18T05:36:39.024000+00:00,491c0f2c-e360-44ef-82ca-6f73b3d4fc6e,S2B_MSIL2A_20240918T053639_N0511_R005_T43QBB_20240918T092705.SAFE,S2|R005|20240918T0530,/mnt/engg-niulab/yuyao/sensors_raw_data/S2/seasonal/tan20241226t060035c00s4001-A/s2_-90.tif,,master:downloaded_path,available,0,,expected,,kept,2023-12-28T05:42:31.024000+00:00,8e0c74b5-cc59-435b-9410-94b9b75342f8,S2A_MSIL2A_20231228T054231_N0510_R005_T43QBB_20231228T084607.SAFE,S2|R005|20231228T0540,/mnt/engg-niulab/yuyao/sensors_raw_data/S2/year/tan20241226t060035c00s4001-A/s2_-360.tif,,master:downloaded_path,available,0,,expected,,kept,,,,,,/mnt/engg-niulab/yuyao/sensors_raw_data/S2/prev1/tan20241226t060035c00s4001-A/s2_-7.tif,raw,/mnt/engg-niulab/yuyao/sensors_raw_data/S2/prev2/tan20241226t060035c00s4001-A/s2_prev2.tif,raw,/mnt/engg-niulab/yuyao/sensors_raw_data/S2/prev3/tan20241226t060035c00s4001-A/s2_prev3.tif,raw,/mnt/engg-niulab/yuyao/sensors_raw_data/S2/product_crops/38ec345d-f7be-468c-9381-4e417a72dd4b/tan20241226t060035c00s4001-A/prev3.tif,raw,/mnt/engg-niulab/yuyao/sensors_raw_data/S2/seasonal/tan20241226t060035c00s4001-A/s2_-90.tif,raw,/mnt/engg-niulab/yuyao/sensors_raw_data/S2/year/tan20241226t060035c00s4001-A/s2_-360.tif,raw,1,1,raw+raw+raw+raw+raw+raw,,,,,,,,,local_exact,,998.0,0.8911806914256886,S2B_MSIL2A_20241227T054149_N0511_R005_T43QBB_20241227T074107.SAFE,24d213a9-794d-4412-bfe8-1fcf44ed2713,,,,,,,,,local_exact,,998.0,0.8911806914256886,S2B_MSIL2A_20241217T054139_N0511_R005_T43QBB_20241217T074201.SAFE,c2728654-d0ba-4e8d-a1ed-a962008cbfce,,,,,,,,,local_exact,,998.0,0.8911806914256886,S2C_MSIL2A_20241212T054301_N0511_R005_T43QBB_20260507T194133.SAFE,28093895-1f26-46fb-882e-a9b4cd537c44,,,,,,,,,local_exact,,998.0,0.8911806914256886,S2B_MSIL2A_20241127T054109_N0511_R005_T43QBB_20241127T075308.SAFE,38ec345d-f7be-468c-9381-4e417a72dd4b,,,,,,,,,local_exact,,998.0,0.8911806914256886,S2B_MSIL2A_20240918T053639_N0511_R005_T43QBB_20240918T092705.SAFE,491c0f2c-e360-44ef-82ca-6f73b3d4fc6e,,,,,,,,,local_exact,,998.0,0.8911806914256886,S2A_MSIL2A_20231228T054231_N0510_R005_T43QBB_20231228T084607.SAFE,8e0c74b5-cc59-435b-9410-94b9b75342f8
tan20241226t060035c00s4001-C,2024-12-26T06:00:35+00,19.07319527463976,73.02304660082376,"[73.01316549426828, 19.064659110040193, 73.0457526223485, 19.095185867181492]",S2,2024-12-27T05:41:49.024000Z,24d213a9-794d-4412-bfe8-1fcf44ed2713,S2B_MSIL2A_20241227T054149_N0511_R005_T43QBB_20241227T074107.SAFE,S2|R005|20241227T0540,/mnt/engg-niulab/yuyao/sensors_raw_data/S2/prev1/tan20241226t060035c00s4001-C/s2_-7.tif,,s2_download_manifest:downloaded,available,0,,expected,prev1,t0_24h_window,2024-12-17T05:41:39.024000Z,c2728654-d0ba-4e8d-a1ed-a962008cbfce,S2B_MSIL2A_20241217T054139_N0511_R005_T43QBB_20241217T074201.SAFE,S2|R005|20241217T0540,/mnt/engg-niulab/yuyao/sensors_raw_data/S2/prev2/tan20241226t060035c00s4001-C/s2_prev2.tif,,s2_download_manifest:downloaded,available,0,,expected,prev2,,2024-12-12T05:43:01.025000Z,28093895-1f26-46fb-882e-a9b4cd537c44,S2C_MSIL2A_20241212T054301_N0511_R005_T43QBB_20260507T194133.SAFE,S2|R005|20241212T0540,/mnt/engg-niulab/yuyao/sensors_raw_data/S2/prev3/tan20241226t060035c00s4001-C/s2_prev3.tif,,s2_download_manifest:downloaded,available,0,,expected,prev3,,2024-11-27T05:41:09.024000Z,38ec345d-f7be-468c-9381-4e417a72dd4b,S2B_MSIL2A_20241127T054109_N0511_R005_T43QBB_20241127T075308.SAFE,S2|R005|20241127T0540,/mnt/engg-niulab/yuyao/sensors_raw_data/S2/product_crops/38ec345d-f7be-468c-9381-4e417a72dd4b/tan20241226t060035c00s4001-C/prev3.tif,,download_s2_missing_from_clean_table,available,0,,expected,product_crops,,2024-09-18T05:36:39.024000+00:00,491c0f2c-e360-44ef-82ca-6f73b3d4fc6e,S2B_MSIL2A_20240918T053639_N0511_R005_T43QBB_20240918T092705.SAFE,S2|R005|20240918T0530,/mnt/engg-niulab/yuyao/sensors_raw_data/S2/seasonal/tan20241226t060035c00s4001-C/s2_-90.tif,,master:downloaded_path,available,0,,expected,,kept,2023-12-28T05:42:31.024000+00:00,8e0c74b5-cc59-435b-9410-94b9b75342f8,S2A_MSIL2A_20231228T054231_N0510_R005_T43QBB_20231228T084607.SAFE,S2|R005|20231228T0540,/mnt/engg-niulab/yuyao/sensors_raw_data/S2/year/tan20241226t060035c00s4001-C/s2_-360.tif,,master:downloaded_path,available,0,,expected,,kept,,,,,,/mnt/engg-niulab/yuyao/sensors_raw_data/S2/prev1/tan20241226t060035c00s4001-C/s2_-7.tif,raw,/mnt/engg-niulab/yuyao/sensors_raw_data/S2/prev2/tan20241226t060035c00s4001-C/s2_prev2.tif,raw,/mnt/engg-niulab/yuyao/sensors_raw_data/S2/prev3/tan20241226t060035c00s4001-C/s2_prev3.tif,raw,/mnt/engg-niulab/yuyao/sensors_raw_data/S2/product_crops/38ec345d-f7be-468c-9381-4e417a72dd4b/tan20241226t060035c00s4001-C/prev3.tif,raw,/mnt/engg-niulab/yuyao/sensors_raw_data/S2/seasonal/tan20241226t060035c00s4001-C/s2_-90.tif,raw,/mnt/engg-niulab/yuyao/sensors_raw_data/S2/year/tan20241226t060035c00s4001-C/s2_-360.tif,raw,1,1,raw+raw+raw+raw+raw+raw,,,,,,,,,local_exact,,634.0,0.21665815377491526,S2B_MSIL2A_20241227T054149_N0511_R005_T43QBB_20241227T074107.SAFE,24d213a9-794d-4412-bfe8-1fcf44ed2713,,,,,,,,,local_exact,,634.0,0.21665815377491526,S2B_MSIL2A_20241217T054139_N0511_R005_T43QBB_20241217T074201.SAFE,c2728654-d0ba-4e8d-a1ed-a962008cbfce,,,,,,,,,local_exact,,634.0,0.21665815377491526,S2C_MSIL2A_20241212T054301_N0511_R005_T43QBB_20260507T194133.SAFE,28093895-1f26-46fb-882e-a9b4cd537c44,,,,,,,,,local_exact,,634.0,0.21665815377491526,S2B_MSIL2A_20241127T054109_N0511_R005_T43QBB_20241127T075308.SAFE,38ec345d-f7be-468c-9381-4e417a72dd4b,,,,,,,,,local_exact,,634.0,0.21665815377491526,S2B_MSIL2A_20240918T053639_N0511_R005_T43QBB_20240918T092705.SAFE,491c0f2c-e360-44ef-82ca-6f73b3d4fc6e,,,,,,,,,local_exact,,634.0,0.21665815377491526,S2A_MSIL2A_20231228T054231_N0510_R005_T43QBB_20231228T084607.SAFE,8e0c74b5-cc59-435b-9410-94b9b75342f8
tan20250102t105724c00s4001-A,2025-01-02T10:57:24+00,36.66462596714396,2.829607822785505,"[2.8035907414992365, 36.65586280809533, 2.8816644548009984, 36.71874060435015]",S2,2025-01-03T10:33:39.024000Z,27d53363-6d20-45bf-8ff9-39e8cc98c962,S2B_MSIL2A_20250103T103339_N0511_R108_T31SDA_20250103T144158.SAFE,S2|R108|20250103T1030,/mnt/engg-niulab/yuyao/sensors_raw_data/S2/prev1/tan20250102t105724c00s4001-A/s2_-7.tif,,s2_download_manifest:downloaded,available,0,,expected,prev1,t0_24h_window,2024-12-29T10:34:41.024000Z,cfa9e708-2f4e-452d-bfe6-da09cd721ae6,S2A_MSIL2A_20241229T103441_N0511_R108_T31SDA_20241229T144845.SAFE,S2|R108|20241229T1030,/mnt/engg-niulab/yuyao/sensors_raw_data/S2/prev2/tan20250102t105724c00s4001-A/s2_prev2.tif,,s2_download_manifest:downloaded,available,0,,expected,prev2,,2024-12-22T10:44:41.024000Z,dc016d1d-8ad5-4d85-a932-853580266a6b,S2A_MSIL2A_20241222T104441_N0511_R008_T31SDA_20241222T145048.SAFE,S2|R008|20241222T1040,/mnt/engg-niulab/yuyao/sensors_raw_data/S2/prev3/tan20250102t105724c00s4001-A/s2_prev3.tif,,s2_download_manifest:downloaded,available,0,,expected,prev3,,2024-12-17T10:43:49.025000Z,2de4861b-0d0e-4e12-8c42-1ad21f494927,S2B_MSIL2A_20241217T104349_N0511_R008_T31SDA_20241217T125302.SAFE,S2|R008|20241217T1040,/mnt/engg-niulab/yuyao/sensors_raw_data/S2/product_crops/2de4861b-0d0e-4e12-8c42-1ad21f494927/tan20250102t105724c00s4001-A/prev3.tif,,download_s2_missing_from_clean_table,available,0,,expected,product_crops,,2024-09-30T10:28:31.024000+00:00,ead975c3-a72d-4047-8e1b-df645c2c686e,S2A_MSIL2A_20240930T102831_N0511_R108_T31SDA_20240930T164713.SAFE,S2|R108|20240930T1020,/mnt/engg-niulab/yuyao/sensors_raw_data/S2/seasonal/tan20250102t105724c00s4001-A/s2_-90.tif,,master:downloaded_path,available,0,,expected,,kept,2024-01-04T10:34:31.024000+00:00,15faca25-0cff-41d9-8d7c-ed5945ca56a5,S2A_MSIL2A_20240104T103431_N0510_R108_T31SDA_20240104T144951.SAFE,S2|R108|20240104T1030,/mnt/engg-niulab/yuyao/sensors_raw_data/S2/year/tan20250102t105724c00s4001-A/s2_-360.tif,,master:downloaded_path,available,0,,expected,,kept,,,,,,/mnt/engg-niulab/yuyao/sensors_raw_data/S2/prev1/tan20250102t105724c00s4001-A/s2_-7.tif,raw,/mnt/engg-niulab/yuyao/sensors_raw_data/S2/prev2/tan20250102t105724c00s4001-A/s2_prev2.tif,raw,/mnt/engg-niulab/yuyao/sensors_raw_data/S2/prev3/tan20250102t105724c00s4001-A/s2_prev3.tif,raw,/mnt/engg-niulab/yuyao/sensors_raw_data/S2/product_crops/2de4861b-0d0e-4e12-8c42-1ad21f494927/tan20250102t105724c00s4001-A/prev3.tif,raw,/mnt/engg-niulab/yuyao/sensors_raw_data/S2/seasonal/tan20250102t105724c00s4001-A/s2_-90.tif,raw,/mnt/engg-niulab/yuyao/sensors_raw_data/S2/year/tan20250102t105724c00s4001-A/s2_-360.tif,raw,1,1,raw+raw+raw+raw+raw+raw,,,,,,,,,local_exact,,994.0,0.8594372785591986,S2B_MSIL2A_20250103T103339_N0511_R108_T31SDA_20250103T144158.SAFE,27d53363-6d20-45bf-8ff9-39e8cc98c962,,,,,,,,,local_exact,,994.0,0.8594372785591986,S2A_MSIL2A_20241229T103441_N0511_R108_T31SDA_20241229T144845.SAFE,cfa9e708-2f4e-452d-bfe6-da09cd721ae6,,,,,,,,,local_exact,,994.0,0.8594372785591986,S2A_MSIL2A_20241222T104441_N0511_R008_T31SDA_20241222T145048.SAFE,dc016d1d-8ad5-4d85-a932-853580266a6b,S2B_31SDA_20241217_0_L2A,https://sentinel-s2-l2a.s3.amazonaws.com/tiles/31/S/DA/2024/12/17/0,https://sentinel-cogs.s3.us-west-2.amazonaws.com/sentinel-s2-l2a-cogs/31/S/DA/2024/12/S2B_31SDA_20241217_0_L2A,1000,S2B_MSIL2A_20241217T104349_N0511_R008_T31SDA_20241217T125302.SAFE,,,,stac_exact,,994.0,0.8594372785591986,S2B_MSIL2A_20241217T104349_N0511_R008_T31SDA_20241217T125302.SAFE,2de4861b-0d0e-4e12-8c42-1ad21f494927,,,,,,,,,local_exact,,994.0,0.8594372785591986,S2A_MSIL2A_20240930T102831_N0511_R108_T31SDA_20240930T164713.SAFE,ead975c3-a72d-4047-8e1b-df645c2c686e,,,,,,,,,local_exact,,994.0,0.8594372785591986,S2A_MSIL2A_20240104T103431_N0510_R108_T31SDA_20240104T144951.SAFE,15faca25-0cff-41d9-8d7c-ed5945ca56a5
tan20250207t102601c00s4001-A,2025-02-07T10:26:01+00,28.16168379048797,9.835053953522303,"[9.814702776527236, 28.154151108296226, 9.849324284663568, 28.18494194891882]",S2,2025-02-08T10:02:21.025000Z,3b4cbc4d-2ba4-41c2-b6ab-4c7c9aab37aa,S2C_MSIL2A_20250208T100221_N0511_R122_T32RNS_20250208T141612.SAFE,S2|R122|20250208T1000,/mnt/engg-niulab/yuyao/sensors_raw_data/S2/prev1/tan20250207t102601c00s4001-A/s2_-7.tif,,s2_download_manifest:downloaded,available,0,,expected,prev1,t0_24h_window,2025-02-03T10:01:29.024000Z,f9109acc-68fe-4461-9919-6449d8c91dc2,S2B_MSIL2A_20250203T100129_N0511_R122_T32RNS_20250203T122140.SAFE,S2|R122|20250203T1000,/mnt/engg-niulab/yuyao/sensors_raw_data/S2/prev2/tan20250207t102601c00s4001-A/s2_prev2.tif,,s2_download_manifest:downloaded,available,0,,expected,prev2,,2025-01-31T09:51:39.024000Z,e2663050-6f0c-4672-be92-34b2d891e907,S2B_MSIL2A_20250131T095139_N0511_R079_T32RNS_20250131T135145.SAFE,S2|R079|20250131T0950,/mnt/engg-niulab/yuyao/sensors_raw_data/S2/prev3/tan20250207t102601c00s4001-A/s2_prev3.tif,,s2_download_manifest:downloaded,available,0,,expected,prev3,,2025-01-29T10:03:21.025000Z,8d1bbbb2-2490-4263-9944-faaf3627077f,S2C_MSIL2A_20250129T100321_N0511_R122_T32RNS_20250129T133812.SAFE,S2|R122|20250129T1000,/mnt/engg-niulab/yuyao/sensors_raw_data/S2/product_crops/8d1bbbb2-2490-4263-9944-faaf3627077f/tan20250207t102601c00s4001-A/prev3.tif,,download_s2_missing_from_clean_table,available,0,,expected,product_crops,,2024-11-05T10:01:09.024000+00:00,5dd222f4-7542-40d0-a738-737236dc1128,S2B_MSIL2A_20241105T100109_N0511_R122_T32RNS_20241105T124136.SAFE,S2|R122|20241105T1000,/mnt/engg-niulab/yuyao/sensors_raw_data/S2/seasonal/tan20250207t102601c00s4001-A/s2_-90.tif,,master:downloaded_path,available,0,,expected,,kept,2024-02-09T10:00:59.024000+00:00,c2a8f498-ed53-452d-93e6-2838a26d5fee,S2B_MSIL2A_20240209T100059_N0510_R122_T32RNS_20240209T124537.SAFE,S2|R122|20240209T1000,/mnt/engg-niulab/yuyao/sensors_raw_data/S2/year/tan20250207t102601c00s4001-A/s2_-360.tif,,master:downloaded_path,available,0,,expected,,kept,,,,,,/mnt/engg-niulab/yuyao/sensors_raw_data/S2/prev1/tan20250207t102601c00s4001-A/s2_-7.tif,raw,/mnt/engg-niulab/yuyao/sensors_raw_data/S2/prev2/tan20250207t102601c00s4001-A/s2_prev2.tif,raw,/mnt/engg-niulab/yuyao/sensors_raw_data/S2/prev3/tan20250207t102601c00s4001-A/s2_prev3.tif,raw,/mnt/engg-niulab/yuyao/sensors_raw_data/S2/product_crops/8d1bbbb2-2490-4263-9944-faaf3627077f/tan20250207t102601c00s4001-A/prev3.tif,raw,/mnt/engg-niulab/yuyao/sensors_raw_data/S2/seasonal/tan20250207t102601c00s4001-A/s2_-90.tif,raw,/mnt/engg-niulab/yuyao/sensors_raw_data/S2/year/tan20250207t102601c00s4001-A/s2_-360.tif,raw,1,1,raw+raw+raw+raw+raw+raw,,,,,,,,,local_exact,,1002.0,0.24497433842043392,S2C_MSIL2A_20250208T100221_N0511_R122_T32RNS_20250208T141612.SAFE,3b4cbc4d-2ba4-41c2-b6ab-4c7c9aab37aa,,,,,,,,,local_exact,,1002.0,0.24497433842043392,S2B_MSIL2A_20250203T100129_N0511_R122_T32RNS_20250203T122140.SAFE,f9109acc-68fe-4461-9919-6449d8c91dc2,,,,,,,,,local_exact,,1002.0,0.24497433842043392,S2B_MSIL2A_20250131T095139_N0511_R079_T32RNS_20250131T135145.SAFE,e2663050-6f0c-4672-be92-34b2d891e907,,,,,,,,,local_exact,,1002.0,0.24497433842043392,S2C_MSIL2A_20250129T100321_N0511_R122_T32RNS_20250129T133812.SAFE,8d1bbbb2-2490-4263-9944-faaf3627077f,,,,,,,,,local_exact,,1002.0,0.24497433842043392,S2B_MSIL2A_20241105T100109_N0511_R122_T32RNS_20241105T124136.SAFE,5dd222f4-7542-40d0-a738-737236dc1128,,,,,,,,,local_exact,,1002.0,0.24497433842043392,S2B_MSIL2A_20240209T100059_N0510_R122_T32RNS_20240209T124537.SAFE,c2a8f498-ed53-452d-93e6-2838a26d5fee
tan20250207t102601c00s4001-B,2025-02-07T10:26:01+00,28.1731590990506,9.831348191952458,"[9.814702776527236, 28.154151108296226, 9.849324284663568, 28.18494194891882]",S2,2025-02-08T10:02:21.025000Z,3b4cbc4d-2ba4-41c2-b6ab-4c7c9aab37aa,S2C_MSIL2A_20250208T100221_N0511_R122_T32RNS_20250208T141612.SAFE,S2|R122|20250208T1000,/mnt/engg-niulab/yuyao/sensors_raw_data/S2/prev1/tan20250207t102601c00s4001-B/s2_-7.tif,,s2_download_manifest:downloaded,available,0,,expected,prev1,t0_24h_window,2025-02-03T10:01:29.024000Z,f9109acc-68fe-4461-9919-6449d8c91dc2,S2B_MSIL2A_20250203T100129_N0511_R122_T32RNS_20250203T122140.SAFE,S2|R122|20250203T1000,/mnt/engg-niulab/yuyao/sensors_raw_data/S2/prev2/tan20250207t102601c00s4001-B/s2_prev2.tif,,s2_download_manifest:downloaded,available,0,,expected,prev2,,2025-01-31T09:51:39.024000Z,e2663050-6f0c-4672-be92-34b2d891e907,S2B_MSIL2A_20250131T095139_N0511_R079_T32RNS_20250131T135145.SAFE,S2|R079|20250131T0950,/mnt/engg-niulab/yuyao/sensors_raw_data/S2/prev3/tan20250207t102601c00s4001-B/s2_prev3.tif,,s2_download_manifest:downloaded,available,0,,expected,prev3,,2025-01-29T10:03:21.025000Z,8d1bbbb2-2490-4263-9944-faaf3627077f,S2C_MSIL2A_20250129T100321_N0511_R122_T32RNS_20250129T133812.SAFE,S2|R122|20250129T1000,/mnt/engg-niulab/yuyao/sensors_raw_data/S2/product_crops/8d1bbbb2-2490-4263-9944-faaf3627077f/tan20250207t102601c00s4001-B/prev3.tif,,download_s2_missing_from_clean_table,available,0,,expected,product_crops,,2024-11-05T10:01:09.024000+00:00,5dd222f4-7542-40d0-a738-737236dc1128,S2B_MSIL2A_20241105T100109_N0511_R122_T32RNS_20241105T124136.SAFE,S2|R122|20241105T1000,/mnt/engg-niulab/yuyao/sensors_raw_data/S2/seasonal/tan20250207t102601c00s4001-B/s2_-90.tif,,master:downloaded_path,available,0,,expected,,kept,2024-02-09T10:00:59.024000+00:00,c2a8f498-ed53-452d-93e6-2838a26d5fee,S2B_MSIL2A_20240209T100059_N0510_R122_T32RNS_20240209T124537.SAFE,S2|R122|20240209T1000,/mnt/engg-niulab/yuyao/sensors_raw_data/S2/year/tan20250207t102601c00s4001-B/s2_-360.tif,,master:downloaded_path,available,0,,expected,,kept,,,,,,/mnt/engg-niulab/yuyao/sensors_raw_data/S2/prev1/tan20250207t102601c00s4001-B/s2_-7.tif,raw,/mnt/engg-niulab/yuyao/sensors_raw_data/S2/prev2/tan20250207t102601c00s4001-B/s2_prev2.tif,raw,/mnt/engg-niulab/yuyao/sensors_raw_data/S2/prev3/tan20250207t102601c00s4001-B/s2_prev3.tif,raw,/mnt/engg-niulab/yuyao/sensors_raw_data/S2/product_crops/8d1bbbb2-2490-4263-9944-faaf3627077f/tan20250207t102601c00s4001-B/prev3.tif,raw,/mnt/engg-niulab/yuyao/sensors_raw_data/S2/seasonal/tan20250207t102601c00s4001-B/s2_-90.tif,raw,/mnt/engg-niulab/yuyao/sensors_raw_data/S2/year/tan20250207t102601c00s4001-B/s2_-360.tif,raw,1,1,raw+raw+raw+raw+raw+raw,,,,,,,,,local_exact,,1066.0,0.8056157241517212,S2C_MSIL2A_20250208T100221_N0511_R122_T32RNS_20250208T141612.SAFE,3b4cbc4d-2ba4-41c2-b6ab-4c7c9aab37aa,,,,,,,,,local_exact,,1066.0,0.8056157241517212,S2B_MSIL2A_20250203T100129_N0511_R122_T32RNS_20250203T122140.SAFE,f9109acc-68fe-4461-9919-6449d8c91dc2,,,,,,,,,local_exact,,1066.0,0.8056157241517212,S2B_MSIL2A_20250131T095139_N0511_R079_T32RNS_20250131T135145.SAFE,e2663050-6f0c-4672-be92-34b2d891e907,,,,,,,,,local_exact,,1066.0,0.8056157241517212,S2C_MSIL2A_20250129T100321_N0511_R122_T32RNS_20250129T133812.SAFE,8d1bbbb2-2490-4263-9944-faaf3627077f,,,,,,,,,local_exact,,1066.0,0.8056157241517212,S2B_MSIL2A_20241105T100109_N0511_R122_T32RNS_20241105T124136.SAFE,5dd222f4-7542-40d0-a738-737236dc1128,,,,,,,,,local_exact,,1066.0,0.8056157241517212,S2B_MSIL2A_20240209T100059_N0510_R122_T32RNS_20240209T124537.SAFE,c2a8f498-ed53-452d-93e6-2838a26d5fee
tan20250207t181204c00s4001-A,2025-02-07T18:12:04+00,32.418769022340484,-104.20652528287664,"[-104.22945540034728, 32.405419257272904, -104.19299357150409, 32.43619789938745]",S2,2025-02-08T17:34:09.024000Z,5234cfa3-f9c2-4030-8561-4a11b299d864,S2B_MSIL2A_20250208T173409_N0511_R055_T13SER_20250208T205002.SAFE,S2|R055|20250208T1730,/mnt/engg-niulab/yuyao/sensors_raw_data/S2/prev1/tan20250207t181204c00s4001-A/s2_-7.tif,,s2_download_manifest:downloaded,available,0,,expected,prev1,t0_24h_window,2025-02-06T17:45:41.025000Z,6bbf5266-fbc0-4caa-8845-6844a946f5fe,S2C_MSIL2A_20250206T174541_N0511_R098_T13SER_20250206T212254.SAFE,S2|R098|20250206T1740,/mnt/engg-niulab/yuyao/sensors_raw_data/S2/prev2/tan20250207t181204c00s4001-A/s2_prev2.tif,,s2_download_manifest:downloaded,available,0,,expected,prev2,,2025-02-03T17:36:01.024000Z,bd997ad3-ab63-47d8-b492-790f7bbb4f94,S2C_MSIL2A_20250203T173601_N0511_R055_T13SER_20250203T205456.SAFE,S2|R055|20250203T1730,/mnt/engg-niulab/yuyao/sensors_raw_data/S2/prev3/tan20250207t181204c00s4001-A/s2_prev3.tif,,s2_download_manifest:downloaded,available,0,,expected,prev3,,2025-01-29T17:34:59.024000Z,9bf0c45c-319e-4eca-b116-cfac5d4b05f1,S2B_MSIL2A_20250129T173459_N0511_R055_T13SER_20250129T213024.SAFE,S2|R055|20250129T1730,/mnt/engg-niulab/yuyao/sensors_raw_data/S2/product_crops/9bf0c45c-319e-4eca-b116-cfac5d4b05f1/tan20250207t181204c00s4001-A/prev3.tif,,download_s2_missing_from_clean_table,available,0,,expected,product_crops,,2024-11-08T17:45:41.024000+00:00,d6323b70-943b-45c2-bbcd-84413bc3f97c,S2A_MSIL2A_20241108T174541_N0511_R098_T13SER_20241108T234352.SAFE,S2|R098|20241108T1740,/mnt/engg-niulab/yuyao/sensors_raw_data/S2/seasonal/tan20250207t181204c00s4001-A/s2_-90.tif,,master:downloaded_path,available,0,,expected,,kept,2024-02-12T17:44:41.024000+00:00,8c2bd5f0-ffb5-4817-9db9-cfba9569f426,S2A_MSIL2A_20240212T174441_N0510_R098_T13SER_20240212T225951.SAFE,S2|R098|20240212T1740,/mnt/engg-niulab/yuyao/sensors_raw_data/S2/year/tan20250207t181204c00s4001-A/s2_-360.tif,,master:downloaded_path,available,0,,expected,,kept,,,,,,/mnt/engg-niulab/yuyao/sensors_raw_data/S2/prev1/tan20250207t181204c00s4001-A/s2_-7.tif,raw,/mnt/engg-niulab/yuyao/sensors_raw_data/S2/prev2/tan20250207t181204c00s4001-A/s2_prev2.tif,raw,/mnt/engg-niulab/yuyao/sensors_raw_data/S2/prev3/tan20250207t181204c00s4001-A/s2_prev3.tif,raw,/mnt/engg-niulab/yuyao/sensors_raw_data/S2/product_crops/9bf0c45c-319e-4eca-b116-cfac5d4b05f1/tan20250207t181204c00s4001-A/prev3.tif,raw,/mnt/engg-niulab/yuyao/sensors_raw_data/S2/seasonal/tan20250207t181204c00s4001-A/s2_-90.tif,raw,/mnt/engg-niulab/yuyao/sensors_raw_data/S2/year/tan20250207t181204c00s4001-A/s2_-360.tif,raw,1,1,raw+raw+raw+raw+raw+raw,,,,,,,,,local_exact,,387.0,0.4209980596206151,S2B_MSIL2A_20250208T173409_N0511_R055_T13SER_20250208T205002.SAFE,5234cfa3-f9c2-4030-8561-4a11b299d864,,,,,,,,,local_exact,,387.0,0.4209980596206151,S2C_MSIL2A_20250206T174541_N0511_R098_T13SER_20250206T212254.SAFE,6bbf5266-fbc0-4caa-8845-6844a946f5fe,,,,,,,,,local_exact,,387.0,0.4209980596206151,S2C_MSIL2A_20250203T173601_N0511_R055_T13SER_20250203T205456.SAFE,bd997ad3-ab63-47d8-b492-790f7bbb4f94,,,,,,,,,local_exact,,387.0,0.4209980596206151,S2B_MSIL2A_20250129T173459_N0511_R055_T13SER_20250129T213024.SAFE,9bf0c45c-319e-4eca-b116-cfac5d4b05f1,,,,,,,,,local_exact,,387.0,0.4209980596206151,S2A_MSIL2A_20241108T174541_N0511_R098_T13SER_20241108T234352.SAFE,d6323b70-943b-45c2-bbcd-84413bc3f97c,,,,,,,,,local_exact,,387.0,0.4209980596206151,S2A_MSIL2A_20240212T174441_N0510_R098_T13SER_20240212T225951.SAFE,8c2bd5f0-ffb5-4817-9db9-cfba9569f426
tan20250207t181204c00s4001-D,2025-02-07T18:12:04+00,32.3342361805783,-104.17914176497214,"[-104.20400370295694, 32.32461640762921, -104.16757515024264, 32.35539447324897]",S2,2025-02-08T17:34:09.024000Z,5234cfa3-f9c2-4030-8561-4a11b299d864,S2B_MSIL2A_20250208T173409_N0511_R055_T13SER_20250208T205002.SAFE,S2|R055|20250208T1730,/mnt/engg-niulab/yuyao/sensors_raw_data/S2/prev1/tan20250207t181204c00s4001-D/s2_-7.tif,,s2_download_manifest:downloaded,available,0,,expected,prev1,t0_24h_window,2025-02-03T17:36:01.024000Z,bd997ad3-ab63-47d8-b492-790f7bbb4f94,S2C_MSIL2A_20250203T173601_N0511_R055_T13SER_20250203T205456.SAFE,S2|R055|20250203T1730,/mnt/engg-niulab/yuyao/sensors_raw_data/S2/prev2/tan20250207t181204c00s4001-D/s2_prev2.tif,,s2_download_manifest:downloaded,available,0,,expected,prev2,,2025-01-29T17:34:59.024000Z,9bf0c45c-319e-4eca-b116-cfac5d4b05f1,S2B_MSIL2A_20250129T173459_N0511_R055_T13SER_20250129T213024.SAFE,S2|R055|20250129T1730,/mnt/engg-niulab/yuyao/sensors_raw_data/S2/prev3/tan20250207t181204c00s4001-D/s2_prev3.tif,,s2_download_manifest:downloaded,available,0,,expected,prev3,,2025-01-19T17:35:49.024000Z,dc12e0b0-ddb9-4143-96d3-a7f0f38d308f,S2B_MSIL2A_20250119T173549_N0511_R055_T13SER_20250119T213856.SAFE,S2|R055|20250119T1730,/mnt/engg-niulab/yuyao/sensors_raw_data/S2/product_crops/dc12e0b0-ddb9-4143-96d3-a7f0f38d308f/tan20250207t181204c00s4001-D/prev3.tif,,download_s2_missing_from_clean_table,available,0,,expected,product_crops,,2024-11-08T17:45:41.024000+00:00,d6323b70-943b-45c2-bbcd-84413bc3f97c,S2A_MSIL2A_20241108T174541_N0511_R098_T13SER_20241108T234352.SAFE,S2|R098|20241108T1740,/mnt/engg-niulab/yuyao/sensors_raw_data/S2/seasonal/tan20250207t181204c00s4001-D/s2_-90.tif,,master:downloaded_path,available,0,,expected,,kept,2024-02-12T17:44:41.024000+00:00,8c2bd5f0-ffb5-4817-9db9-cfba9569f426,S2A_MSIL2A_20240212T174441_N0510_R098_T13SER_20240212T225951.SAFE,S2|R098|20240212T1740,/mnt/engg-niulab/yuyao/sensors_raw_data/S2/year/tan20250207t181204c00s4001-D/s2_-360.tif,,master:downloaded_path,available,0,,expected,,kept,,,,,,/mnt/engg-niulab/yuyao/sensors_raw_data/S2/prev1/tan20250207t181204c00s4001-D/s2_-7.tif,raw,/mnt/engg-niulab/yuyao/sensors_raw_data/S2/prev2/tan20250207t181204c00s4001-D/s2_prev2.tif,raw,/mnt/engg-niulab/yuyao/sensors_raw_data/S2/prev3/tan20250207t181204c00s4001-D/s2_prev3.tif,raw,/mnt/engg-niulab/yuyao/sensors_raw_data/S2/product_crops/dc12e0b0-ddb9-4143-96d3-a7f0f38d308f/tan20250207t181204c00s4001-D/prev3.tif,raw,/mnt/engg-niulab/yuyao/sensors_raw_data/S2/seasonal/tan20250207t181204c00s4001-D/s2_-90.tif,raw,/mnt/engg-niulab/yuyao/sensors_raw_data/S2/year/tan20250207t181204c00s4001-D/s2_-360.tif,raw,1,1,raw+raw+raw+raw+raw+raw,,,,,,,,,local_exact,,854.0,0.9886102814925835,S2B_MSIL2A_20250208T173409_N0511_R055_T13SER_20250208T205002.SAFE,5234cfa3-f9c2-4030-8561-4a11b299d864,,,,,,,,,local_exact,,854.0,0.9886102814925835,S2C_MSIL2A_20250203T173601_N0511_R055_T13SER_20250203T205456.SAFE,bd997ad3-ab63-47d8-b492-790f7bbb4f94,,,,,,,,,local_exact,,854.0,0.9886102814925835,S2B_MSIL2A_20250129T173459_N0511_R055_T13SER_20250129T213024.SAFE,9bf0c45c-319e-4eca-b116-cfac5d4b05f1,S2B_13SER_20250119_0_L2A,https://sentinel-s2-l2a.s3.amazonaws.com/tiles/13/S/ER/2025/1/19/0,https://sentinel-cogs.s3.us-west-2.amazonaws.com/sentinel-s2-l2a-cogs/13/S/ER/2025/1/S2B_13SER_20250119_0_L2A,1000,S2B_MSIL2A_20250119T173549_N0511_R055_T13SER_20250119T213856.SAFE,,,,stac_exact,,854.0,0.9886102814925835,S2B_MSIL2A_20250119T173549_N0511_R055_T13SER_20250119T213856.SAFE,dc12e0b0-ddb9-4143-96d3-a7f0f38d308f,,,,,,,,,local_exact,,854.0,0.9886102814925835,S2A_MSIL2A_20241108T174541_N0511_R098_T13SER_20241108T234352.SAFE,d6323b70-943b-45c2-bbcd-84413bc3f97c,,,,,,,,,local_exact,,854.0,0.9886102814925835,S2A_MSIL2A_20240212T174441_N0510_R098_T13SER_20240212T225951.SAFE,8c2bd5f0-ffb5-4817-9db9-cfba9569f426
tan20250207t181204c00s4001-E,2025-02-07T18:12:04+00,32.314624609363904,-104.23614356198756,"[-104.25647217090993, 32.30058072304905, -104.22037333322672, 32.33108836001307]",S2,2025-02-08T17:34:09.024000Z,5234cfa3-f9c2-4030-8561-4a11b299d864,S2B_MSIL2A_20250208T173409_N0511_R055_T13SER_20250208T205002.SAFE,S2|R055|20250208T1730,/mnt/engg-niulab/yuyao/sensors_raw_data/S2/prev1/tan20250207t181204c00s4001-E/s2_-7.tif,,s2_download_manifest:downloaded,available,0,,expected,prev1,t0_24h_window,2025-02-06T17:45:41.025000Z,6bbf5266-fbc0-4caa-8845-6844a946f5fe,S2C_MSIL2A_20250206T174541_N0511_R098_T13SER_20250206T212254.SAFE,S2|R098|20250206T1740,/mnt/engg-niulab/yuyao/sensors_raw_data/S2/prev2/tan20250207t181204c00s4001-E/s2_prev2.tif,,s2_download_manifest:downloaded,available,0,,expected,prev2,,2025-02-03T17:36:01.024000Z,bd997ad3-ab63-47d8-b492-790f7bbb4f94,S2C_MSIL2A_20250203T173601_N0511_R055_T13SER_20250203T205456.SAFE,S2|R055|20250203T1730,/mnt/engg-niulab/yuyao/sensors_raw_data/S2/prev3/tan20250207t181204c00s4001-E/s2_prev3.tif,,s2_download_manifest:downloaded,available,0,,expected,prev3,,2025-01-29T17:34:59.024000Z,9bf0c45c-319e-4eca-b116-cfac5d4b05f1,S2B_MSIL2A_20250129T173459_N0511_R055_T13SER_20250129T213024.SAFE,S2|R055|20250129T1730,/mnt/engg-niulab/yuyao/sensors_raw_data/S2/product_crops/9bf0c45c-319e-4eca-b116-cfac5d4b05f1/tan20250207t181204c00s4001-E/prev3.tif,,download_s2_missing_from_clean_table,available,0,,expected,product_crops,,2024-11-08T17:45:41.024000+00:00,d6323b70-943b-45c2-bbcd-84413bc3f97c,S2A_MSIL2A_20241108T174541_N0511_R098_T13SER_20241108T234352.SAFE,S2|R098|20241108T1740,/mnt/engg-niulab/yuyao/sensors_raw_data/S2/seasonal/tan20250207t181204c00s4001-E/s2_-90.tif,,master:downloaded_path,available,0,,expected,,kept,2024-02-12T17:44:41.024000+00:00,8c2bd5f0-ffb5-4817-9db9-cfba9569f426,S2A_MSIL2A_20240212T174441_N0510_R098_T13SER_20240212T225951.SAFE,S2|R098|20240212T1740,/mnt/engg-niulab/yuyao/sensors_raw_data/S2/year/tan20250207t181204c00s4001-E/s2_-360.tif,,master:downloaded_path,available,0,,expected,,kept,,,,,,/mnt/engg-niulab/yuyao/sensors_raw_data/S2/prev1/tan20250207t181204c00s4001-E/s2_-7.tif,raw,/mnt/engg-niulab/yuyao/sensors_raw_data/S2/prev2/tan20250207t181204c00s4001-E/s2_prev2.tif,raw,/mnt/engg-niulab/yuyao/sensors_raw_data/S2/prev3/tan20250207t181204c00s4001-E/s2_prev3.tif,raw,/mnt/engg-niulab/yuyao/sensors_raw_data/S2/product_crops/9bf0c45c-319e-4eca-b116-cfac5d4b05f1/tan20250207t181204c00s4001-E/prev3.tif,raw,/mnt/engg-niulab/yuyao/sensors_raw_data/S2/seasonal/tan20250207t181204c00s4001-E/s2_-90.tif,raw,/mnt/engg-niulab/yuyao/sensors_raw_data/S2/year/tan20250207t181204c00s4001-E/s2_-360.tif,raw,1,1,raw+raw+raw+raw+raw+raw,,,,,,,,,local_exact,,965.0,0.6722773262299597,S2B_MSIL2A_20250208T173409_N0511_R055_T13SER_20250208T205002.SAFE,5234cfa3-f9c2-4030-8561-4a11b299d864,,,,,,,,,local_exact,,965.0,0.6722773262299597,S2C_MSIL2A_20250206T174541_N0511_R098_T13SER_20250206T212254.SAFE,6bbf5266-fbc0-4caa-8845-6844a946f5fe,,,,,,,,,local_exact,,965.0,0.6722773262299597,S2C_MSIL2A_20250203T173601_N0511_R055_T13SER_20250203T205456.SAFE,bd997ad3-ab63-47d8-b492-790f7bbb4f94,,,,,,,,,local_exact,,965.0,0.6722773262299597,S2B_MSIL2A_20250129T173459_N0511_R055_T13SER_20250129T213024.SAFE,9bf0c45c-319e-4eca-b116-cfac5d4b05f1,,,,,,,,,local_exact,,965.0,0.6722773262299597,S2A_MSIL2A_20241108T174541_N0511_R098_T13SER_20241108T234352.SAFE,d6323b70-943b-45c2-bbcd-84413bc3f97c,,,,,,,,,local_exact,,965.0,0.6722773262299597,S2A_MSIL2A_20240212T174441_N0510_R098_T13SER_20240212T225951.SAFE,8c2bd5f0-ffb5-4817-9db9-cfba9569f426
tan20250207t181204c00s4001-H,2025-02-07T18:12:04+00,32.128575702532046,-104.3044458983537,"[-104.32256006280285, 32.111776230149175, -104.28621453452728, 32.142556162259055]",S2,2025-02-08T17:34:09.024000Z,5234cfa3-f9c2-4030-8561-4a11b299d864,S2B_MSIL2A_20250208T173409_N0511_R055_T13SER_20250208T205002.SAFE,S2|R055|20250208T1730,/mnt/engg-niulab/yuyao/sensors_raw_data/S2/prev1/tan20250207t181204c00s4001-H/s2_-7.tif,,s2_download_manifest:downloaded,available,0,,expected,prev1,t0_24h_window,2025-02-06T17:45:41.025000Z,6bbf5266-fbc0-4caa-8845-6844a946f5fe,S2C_MSIL2A_20250206T174541_N0511_R098_T13SER_20250206T212254.SAFE,S2|R098|20250206T1740,/mnt/engg-niulab/yuyao/sensors_raw_data/S2/prev2/tan20250207t181204c00s4001-H/s2_prev2.tif,,s2_download_manifest:downloaded,available,0,,expected,prev2,,2025-02-03T17:36:01.024000Z,bd997ad3-ab63-47d8-b492-790f7bbb4f94,S2C_MSIL2A_20250203T173601_N0511_R055_T13SER_20250203T205456.SAFE,S2|R055|20250203T1730,/mnt/engg-niulab/yuyao/sensors_raw_data/S2/prev3/tan20250207t181204c00s4001-H/s2_prev3.tif,,s2_download_manifest:downloaded,available,0,,expected,prev3,,2025-01-29T17:34:59.024000Z,9bf0c45c-319e-4eca-b116-cfac5d4b05f1,S2B_MSIL2A_20250129T173459_N0511_R055_T13SER_20250129T213024.SAFE,S2|R055|20250129T1730,/mnt/engg-niulab/yuyao/sensors_raw_data/S2/product_crops/9bf0c45c-319e-4eca-b116-cfac5d4b05f1/tan20250207t181204c00s4001-H/prev3.tif,,download_s2_missing_from_clean_table,available,0,,expected,product_crops,,2024-11-08T17:45:41.024000+00:00,d6323b70-943b-45c2-bbcd-84413bc3f97c,S2A_MSIL2A_20241108T174541_N0511_R098_T13SER_20241108T234352.SAFE,S2|R098|20241108T1740,/mnt/engg-niulab/yuyao/sensors_raw_data/S2/seasonal/tan20250207t181204c00s4001-H/s2_-90.tif,,master:downloaded_path,available,0,,expected,,kept,2024-02-12T17:44:41.024000+00:00,8c2bd5f0-ffb5-4817-9db9-cfba9569f426,S2A_MSIL2A_20240212T174441_N0510_R098_T13SER_20240212T225951.SAFE,S2|R098|20240212T1740,/mnt/engg-niulab/yuyao/sensors_raw_data/S2/year/tan20250207t181204c00s4001-H/s2_-360.tif,,master:downloaded_path,available,0,,expected,,kept,,,,,,/mnt/engg-niulab/yuyao/sensors_raw_data/S2/prev1/tan20250207t181204c00s4001-H/s2_-7.tif,raw,/mnt/engg-niulab/yuyao/sensors_raw_data/S2/prev2/tan20250207t181204c00s4001-H/s2_prev2.tif,raw,/mnt/engg-niulab/yuyao/sensors_raw_data/S2/prev3/tan20250207t181204c00s4001-H/s2_prev3.tif,raw,/mnt/engg-niulab/yuyao/sensors_raw_data/S2/product_crops/9bf0c45c-319e-4eca-b116-cfac5d4b05f1/tan20250207t181204c00s4001-H/prev3.tif,raw,/mnt/engg-niulab/yuyao/sensors_raw_data/S2/seasonal/tan20250207t181204c00s4001-H/s2_-90.tif,raw,/mnt/engg-niulab/yuyao/sensors_raw_data/S2/year/tan20250207t181204c00s4001-H/s2_-360.tif,raw,1,1,raw+raw+raw+raw+raw+raw,,,,,,,,,local_exact,,1953.0,0.3830275891778001,S2B_MSIL2A_20250208T173409_N0511_R055_T13SER_20250208T205002.SAFE,5234cfa3-f9c2-4030-8561-4a11b299d864,,,,,,,,,local_exact,,1953.0,0.3830275891778001,S2C_MSIL2A_20250206T174541_N0511_R098_T13SER_20250206T212254.SAFE,6bbf5266-fbc0-4caa-8845-6844a946f5fe,,,,,,,,,local_exact,,1953.0,0.3830275891778001,S2C_MSIL2A_20250203T173601_N0511_R055_T13SER_20250203T205456.SAFE,bd997ad3-ab63-47d8-b492-790f7bbb4f94,,,,,,,,,local_exact,,1953.0,0.3830275891778001,S2B_MSIL2A_20250129T173459_N0511_R055_T13SER_20250129T213024.SAFE,9bf0c45c-319e-4eca-b116-cfac5d4b05f1,,,,,,,,,local_exact,,1953.0,0.3830275891778001,S2A_MSIL2A_20241108T174541_N0511_R098_T13SER_20241108T234352.SAFE,d6323b70-943b-45c2-bbcd-84413bc3f97c,,,,,,,,,local_exact,,1953.0,0.3830275891778001,S2A_MSIL2A_20240212T174441_N0510_R098_T13SER_20240212T225951.SAFE,8c2bd5f0-ffb5-4817-9db9-cfba9569f426
tan20250216t090419c00s4001-B,2025-02-16T09:04:19+00,29.679267217785053,28.432124162872555,"[28.41842740500167, 29.645928866003878, 28.497989793212327, 29.715052675324262]",S2,2025-02-17T08:50:51.025000Z,2bb75f37-c450-4f38-b854-9b6620bbcd12,S2C_MSIL2A_20250217T085051_N0511_R107_T35RPN_20250217T130256.SAFE,S2|R107|20250217T0850,/mnt/engg-niulab/yuyao/sensors_raw_data/S2/t0/tan20250216t090419c00s4001-B/s2.tif,/mnt/engg-niulab/yuyao/preprocessed_512/S2/tan20250216t090419c00s4001-B/s2_0_std_512.tif,s2_download_manifest:downloaded;master:target_512_path,available,0,,expected,t0,t0_24h_window,2025-02-14T08:41:11.025000Z,92ab2b38-db39-44f7-b291-546f51e5d9ed,S2C_MSIL2A_20250214T084111_N0511_R064_T35RPN_20250214T125712.SAFE,S2|R064|20250214T0840,/mnt/engg-niulab/yuyao/sensors_raw_data/S2/prev1/tan20250216t090419c00s4001-B/s2_-7.tif,,s2_download_manifest:downloaded,available,0,,expected,prev1,,2025-02-12T08:50:09.024000Z,11902da5-1676-4276-b777-390bbd9687a9,S2B_MSIL2A_20250212T085009_N0511_R107_T35RPN_20250212T095930.SAFE,S2|R107|20250212T0850,/mnt/engg-niulab/yuyao/sensors_raw_data/S2/prev2/tan20250216t090419c00s4001-B/s2_prev2.tif,,s2_download_manifest:downloaded,available,0,,expected,prev2,,2025-02-09T08:40:19.024000Z,1027872b-59cb-43ae-ab59-648dd3bf64c0,S2B_MSIL2A_20250209T084019_N0511_R064_T35RPN_20250209T113054.SAFE,S2|R064|20250209T0840,/mnt/engg-niulab/yuyao/sensors_raw_data/S2/prev3/tan20250216t090419c00s4001-B/s2_prev3.tif,,s2_download_manifest:downloaded,available,0,,expected,prev3,,2024-11-16T08:52:11.025000Z,0917627e-0efd-41c3-9681-07607a3371b6,S2C_MSIL2A_20241116T085211_N0511_R064_T35RPN_20260627T090946.SAFE,S2|R064|20241116T0850,/mnt/engg-niulab/yuyao/sensors_raw_data/S2/seasonal/tan20250216t090419c00s4001-B/s2_-90.tif,/mnt/engg-niulab/yuyao/preprocessed_512/S2/tan20250216t090419c00s4001-B/s2_-90_std_512.tif,master:downloaded_path;master:target_512_path,available,0,,expected,,legacy_minus90_window,2024-02-20T08:40:11.024000Z,13cd9a0f-078c-4172-9972-a068a1a7c56f,S2A_MSIL2A_20240220T084011_N0510_R064_T35RPN_20240220T112950.SAFE,S2|R064|20240220T0840,/mnt/engg-niulab/yuyao/sensors_raw_data/S2/year/tan20250216t090419c00s4001-B/s2_-360.tif,/mnt/engg-niulab/yuyao/preprocessed_512/S2/tan20250216t090419c00s4001-B/s2_-360_std_512.tif,master:downloaded_path;master:target_512_path,available,0,,expected,,legacy_minus360_window,https://api.carbonmapper.org/api/v1/catalog/asset/l3a-vis-ch4-mfa-v3/2025/02/16/tan20250216t090419c00s4001-B/tan20250216t090419c00s4001-B_l3a-vis-ch4-mfa-v3_plume.tif,https://api.carbonmapper.org/api/v1/catalog/asset/l3a-vis-ch4-mfa-v3/2025/02/16/tan20250216t090419c00s4001-B/tan20250216t090419c00s4001-B_l3a-vis-ch4-mfa-v3_plume.png,https://api.carbonmapper.org/api/v1/catalog/asset/l3a-ime-ch4-mfa-v3/2025/02/16/tan20250216t090419c00s4001-B/tan20250216t090419c00s4001-B_l3a-ime-ch4-mfa-v3_ime-cmf-concentrations.tif,https://api.carbonmapper.org/api/v1/catalog/asset/l3a-vis-ch4-mfa-v3/2025/02/16/tan20250216t090419c00s4001-B/tan20250216t090419c00s4001-B_l3a-vis-ch4-mfa-v3_rgb.tif,https://api.carbonmapper.org/api/v1/catalog/asset/l3a-vis-ch4-mfa-v3/2025/02/16/tan20250216t090419c00s4001-B/tan20250216t090419c00s4001-B_l3a-vis-ch4-mfa-v3_rgb.png,/mnt/engg-niulab/yuyao/sensors_raw_data/S2/t0/tan20250216t090419c00s4001-B/s2.tif,raw,/mnt/engg-niulab/yuyao/sensors_raw_data/S2/prev1/tan20250216t090419c00s4001-B/s2_-7.tif,raw,/mnt/engg-niulab/yuyao/sensors_raw_data/S2/prev2/tan20250216t090419c00s4001-B/s2_prev2.tif,raw,/mnt/engg-niulab/yuyao/sensors_raw_data/S2/prev3/tan20250216t090419c00s4001-B/s2_prev3.tif,raw,/mnt/engg-niulab/yuyao/sensors_raw_data/S2/seasonal/tan20250216t090419c00s4001-B/s2_-90.tif,raw,/mnt/engg-niulab/yuyao/sensors_raw_data/S2/year/tan20250216t090419c00s4001-B/s2_-360.tif,raw,1,1,raw+raw+raw+raw+raw+raw,,,,,,,,,local_exact,,538.0,0.7971306458639447,S2C_MSIL2A_20250217T085051_N0511_R107_T35RPN_20250217T130256.SAFE,2bb75f37-c450-4f38-b854-9b6620bbcd12,,,,,,,,,local_exact,,538.0,0.7971306458639447,S2C_MSIL2A_20250214T084111_N0511_R064_T35RPN_20250214T125712.SAFE,92ab2b38-db39-44f7-b291-546f51e5d9ed,,,,,,,,,local_exact,,538.0,0.7971306458639447,S2B_MSIL2A_20250212T085009_N0511_R107_T35RPN_20250212T095930.SAFE,11902da5-1676-4276-b777-390bbd9687a9,,,,,,,,,local_exact,,538.0,0.7971306458639447,S2B_MSIL2A_20250209T084019_N0511_R064_T35RPN_20250209T113054.SAFE,1027872b-59cb-43ae-ab59-648dd3bf64c0,,,,,,,,,local_exact,,538.0,0.7971306458639447,S2C_MSIL2A_20241116T085211_N0511_R064_T35RPN_20260627T090946.SAFE,0917627e-0efd-41c3-9681-07607a3371b6,,,,,,,,,local_exact,,538.0,0.7971306458639447,S2A_MSIL2A_20240220T084011_N0510_R064_T35RPN_20240220T112950.SAFE,13cd9a0f-078c-4172-9972-a068a1a7c56f
tan20250222t015145c00s4001-A,2025-02-22T01:51:45+00,53.15224299537721,143.25384950354163,"[143.23042369194303, 53.134589630897786, 143.2820634115939, 53.165828260174244]",S2,2025-02-23T01:36:59.024000Z,bef2f654-de3c-460c-a009-394bd8496108,S2B_MSIL2A_20250223T013659_N0511_R117_T54UXD_20250223T031159.SAFE,S2|R117|20250223T0130,/mnt/engg-niulab/yuyao/sensors_raw_data/S2/t0/tan20250222t015145c00s4001-A/s2.tif,/mnt/engg-niulab/yuyao/preprocessed_512/S2/tan20250222t015145c00s4001-A/s2_0_std_512.tif,s2_download_manifest:downloaded;master:target_512_path,available,0,,expected,t0,t0_24h_window,2025-01-24T01:38:49.024000Z,aws_stac:S2B_54UXD_20250124_0_L2A,S2B_MSIL2A_20250124T013849_N0511_R117_T54UXD_20250124T031123.SAFE,S2|R117|20250124T0130,/mnt/engg-niulab/yuyao/sensors_raw_data/S2/prev1/tan20250222t015145c00s4001-A/s2_-7.tif,,s2_download_manifest:downloaded,available,0,,expected,prev1,,2025-01-17T01:49:19.024000Z,local_sibling:dbe60c63ae06509a,S2B_MSIL2A_20250117T014919_N0511_R017_T54UXD_20250117T053015.SAFE,S2|R017|20250117T0140,/mnt/engg-niulab/yuyao/sensors_raw_data/S2/product_crops/ce2aa1fa-d82b-4b05-846d-e6f40bbaf591/tan20250222t015145c00s4001-A/prev2.tif,,download_s2_missing_from_clean_table,available,0,,expected,product_crops,,2024-12-15T01:39:59.024000Z,0656ce3b-a1fc-412f-b629-a4cd3425c557,S2B_MSIL2A_20241215T013959_N0511_R117_T54UXD_20241215T031307.SAFE,S2|R117|20241215T0130,/mnt/engg-niulab/yuyao/sensors_raw_data/S2/prev3/tan20250222t015145c00s4001-A/s2_prev3.tif,,s2_download_manifest:downloaded,available,0,,expected,prev3,,2024-11-18T01:49:29.024000Z,84c39f7e-34a9-4f3e-ad6f-495b23a7ac75,S2B_MSIL2A_20241118T014929_N0511_R017_T54UXD_20241118T033549.SAFE,S2|R017|20241118T0140,/mnt/engg-niulab/yuyao/sensors_raw_data/S2/seasonal/tan20250222t015145c00s4001-A/s2_-90.tif,/mnt/engg-niulab/yuyao/preprocessed_512/S2/tan20250222t015145c00s4001-A/s2_-90_std_512.tif,master:downloaded_path;master:target_512_path,available,0,,expected,,legacy_minus90_window,2024-01-20T01:39:59.024000Z,aws_stac:S2B_54UXD_20240120_0_L2A,S2B_MSIL2A_20240120T013959_N0510_R117_T54UXD_20240120T032333.SAFE,S2|R117|20240120T0130,/mnt/engg-niulab/yuyao/sensors_raw_data/S2/year/tan20250222t015145c00s4001-A/s2_-360.tif,/mnt/engg-niulab/yuyao/preprocessed_512/S2/tan20250222t015145c00s4001-A/s2_-360_std_512.tif,master:downloaded_path;master:target_512_path,available,0,,expected,,legacy_minus360_window,https://api.carbonmapper.org/api/v1/catalog/asset/l3a-vis-ch4-mfa-v3/2025/02/22/tan20250222t015145c00s4001-A/tan20250222t015145c00s4001-A_l3a-vis-ch4-mfa-v3_plume.tif,https://api.carbonmapper.org/api/v1/catalog/asset/l3a-vis-ch4-mfa-v3/2025/02/22/tan20250222t015145c00s4001-A/tan20250222t015145c00s4001-A_l3a-vis-ch4-mfa-v3_plume.png,https://api.carbonmapper.org/api/v1/catalog/asset/l3a-ime-ch4-mfa-v3/2025/02/22/tan20250222t015145c00s4001-A/tan20250222t015145c00s4001-A_l3a-ime-ch4-mfa-v3_ime-cmf-concentrations.tif,https://api.carbonmapper.org/api/v1/catalog/asset/l3a-vis-ch4-mfa-v3/2025/02/22/tan20250222t015145c00s4001-A/tan20250222t015145c00s4001-A_l3a-vis-ch4-mfa-v3_rgb.tif,https://api.carbonmapper.org/api/v1/catalog/asset/l3a-vis-ch4-mfa-v3/2025/02/22/tan20250222t015145c00s4001-A/tan20250222t015145c00s4001-A_l3a-vis-ch4-mfa-v3_rgb.png,/mnt/engg-niulab/yuyao/sensors_raw_data/S2/t0/tan20250222t015145c00s4001-A/s2.tif,raw,/mnt/engg-niulab/yuyao/sensors_raw_data/S2/prev1/tan20250222t015145c00s4001-A/s2_-7.tif,raw,/mnt/engg-niulab/yuyao/sensors_raw_data/S2/product_crops/ce2aa1fa-d82b-4b05-846d-e6f40bbaf591/tan20250222t015145c00s4001-A/prev2.tif,raw,/mnt/engg-niulab/yuyao/sensors_raw_data/S2/prev3/tan20250222t015145c00s4001-A/s2_prev3.tif,raw,/mnt/engg-niulab/yuyao/sensors_raw_data/S2/seasonal/tan20250222t015145c00s4001-A/s2_-90.tif,raw,/mnt/engg-niulab/yuyao/sensors_raw_data/S2/year/tan20250222t015145c00s4001-A/s2_-360.tif,raw,1,1,raw+raw+raw+raw+raw+raw,,,,,,,,,local_exact,,167.0,0.6598023526203178,S2B_MSIL2A_20250223T013659_N0511_R117_T54UXD_20250223T031159.SAFE,bef2f654-de3c-460c-a009-394bd8496108,S2B_54UXD_20250124_0_L2A,https://sentinel-s2-l2a.s3.amazonaws.com/tiles/54/U/XD/2025/1/24/0,https://sentinel-cogs.s3.us-west-2.amazonaws.com/sentinel-s2-l2a-cogs/54/U/XD/2025/1/S2B_54UXD_20250124_0_L2A,1000,S2B_MSIL2A_20250124T013849_N0511_R117_T54UXD_20250124T031123.SAFE,,,,stac_point_repaired,,167.0,0.6598023526203178,S2B_MSIL2A_20250124T013849_N0511_R117_T54UXE_20250124T031123.SAFE,3d4573ef-25bd-47e6-8adb-6c30a6aedad6,,,,,,,,,local_point_repaired,,167.0,0.6598023526203178,S2B_MSIL2A_20250117T014919_N0511_R017_T54UXE_20250117T053015.SAFE,ce2aa1fa-d82b-4b05-846d-e6f40bbaf591,,,,,,,,,local_exact,,167.0,0.6598023526203178,S2B_MSIL2A_20241215T013959_N0511_R117_T54UXD_20241215T031307.SAFE,0656ce3b-a1fc-412f-b629-a4cd3425c557,,,,,,,,,local_exact,,167.0,0.6598023526203178,S2B_MSIL2A_20241118T014929_N0511_R017_T54UXD_20241118T033549.SAFE,84c39f7e-34a9-4f3e-ad6f-495b23a7ac75,S2B_54UXD_20240120_0_L2A,https://sentinel-s2-l2a.s3.amazonaws.com/tiles/54/U/XD/2024/1/20/0,https://sentinel-cogs.s3.us-west-2.amazonaws.com/sentinel-s2-l2a-cogs/54/U/XD/2024/1/S2B_54UXD_20240120_0_L2A,1000,S2B_MSIL2A_20240120T013959_N0510_R117_T54UXD_20240120T032333.SAFE,,,,stac_point_repaired,,167.0,0.6598023526203178,S2B_MSIL2A_20240120T013959_N0510_R117_T54UXE_20240120T032333.SAFE,fc6b1763-3260-4acf-856d-02190f8ebe64
tan20250223t182611c00s4001-B,2025-02-23T18:26:11+00,25.98310333348408,-109.02150095005804,"[-109.03691602121071, 25.965024016654574, -109.00236747142503, 25.99608118572345]",S2,2025-02-24T17:52:29.024000Z,local_sibling:0efa27c217d157fb,S2B_MSIL2A_20250224T175229_N0511_R141_T12RXP_20250224T213300.SAFE,S2|R141|20250224T1750,/mnt/engg-niulab/yuyao/sensors_raw_data/S2/t0/tan20250223t182611c00s4001-B/s2.tif,/mnt/engg-niulab/yuyao/preprocessed_512/S2/tan20250223t182611c00s4001-B/s2_0_std_512.tif,s2_download_manifest:downloaded;master:target_512_path,available,0,,expected,t0,t0_24h_window,2025-02-21T17:42:49.024000Z,aws_stac:S2B_12RXP_20250221_0_L2A,S2B_MSIL2A_20250221T174249_N0511_R098_T12RXP_20250221T223817.SAFE,S2|R098|20250221T1740,/mnt/engg-niulab/yuyao/sensors_raw_data/S2/prev1/tan20250223t182611c00s4001-B/s2_-7.tif,,s2_download_manifest:downloaded,available,0,,expected,prev1,,2025-02-19T17:54:21.025000Z,local_sibling:a6eb36b102f3dd31,S2C_MSIL2A_20250219T175421_N0511_R141_T12RXP_20250219T210556.SAFE,S2|R141|20250219T1750,/mnt/engg-niulab/yuyao/sensors_raw_data/S2/prev2/tan20250223t182611c00s4001-B/s2_prev2.tif,,s2_download_manifest:downloaded,available,0,,expected,prev2,,2025-02-16T17:44:31.025000Z,local_sibling:1efd1276429426eb,S2C_MSIL2A_20250216T174431_N0511_R098_T12RXP_20250216T213715.SAFE,S2|R098|20250216T1740,/mnt/engg-niulab/yuyao/sensors_raw_data/S2/prev3/tan20250223t182611c00s4001-B/s2_prev3.tif,,s2_download_manifest:downloaded,available,0,,expected,prev3,,2024-11-23T17:45:59.024000Z,95517e2e-95da-4d9a-91e7-739aadc38499,S2B_MSIL2A_20241123T174559_N0511_R098_T12RXP_20241123T214621.SAFE,S2|R098|20241123T1740,/mnt/engg-niulab/yuyao/sensors_raw_data/S2/seasonal/tan20250223t182611c00s4001-B/s2_-90.tif,/mnt/engg-niulab/yuyao/preprocessed_512/S2/tan20250223t182611c00s4001-B/s2_-90_std_512.tif,master:downloaded_path;master:target_512_path,available,0,,expected,,legacy_minus90_window,2024-02-25T17:53:21.024000Z,local_sibling:fe6eb0c42b1c1998,S2A_MSIL2A_20240225T175321_N0510_R141_T12RXP_20240225T225943.SAFE,S2|R141|20240225T1750,/mnt/engg-niulab/yuyao/sensors_raw_data/S2/year/tan20250223t182611c00s4001-B/s2_-360.tif,/mnt/engg-niulab/yuyao/preprocessed_512/S2/tan20250223t182611c00s4001-B/s2_-360_std_512.tif,master:downloaded_path;master:target_512_path,available,0,,expected,,legacy_minus360_window,https://api.carbonmapper.org/api/v1/catalog/asset/l3a-vis-ch4-mfa-v3/2025/02/23/tan20250223t182611c00s4001-B/tan20250223t182611c00s4001-B_l3a-vis-ch4-mfa-v3_plume.tif,https://api.carbonmapper.org/api/v1/catalog/asset/l3a-vis-ch4-mfa-v3/2025/02/23/tan20250223t182611c00s4001-B/tan20250223t182611c00s4001-B_l3a-vis-ch4-mfa-v3_plume.png,https://api.carbonmapper.org/api/v1/catalog/asset/l3a-ime-ch4-mfa-v3/2025/02/23/tan20250223t182611c00s4001-B/tan20250223t182611c00s4001-B_l3a-ime-ch4-mfa-v3_ime-cmf-concentrations.tif,https://api.carbonmapper.org/api/v1/catalog/asset/l3a-vis-ch4-mfa-v3/2025/02/23/tan20250223t182611c00s4001-B/tan20250223t182611c00s4001-B_l3a-vis-ch4-mfa-v3_rgb.tif,https://api.carbonmapper.org/api/v1/catalog/asset/l3a-vis-ch4-mfa-v3/2025/02/23/tan20250223t182611c00s4001-B/tan20250223t182611c00s4001-B_l3a-vis-ch4-mfa-v3_rgb.png,/mnt/engg-niulab/yuyao/sensors_raw_data/S2/t0/tan20250223t182611c00s4001-B/s2.tif,raw,/mnt/engg-niulab/yuyao/sensors_raw_data/S2/prev1/tan20250223t182611c00s4001-B/s2_-7.tif,raw,/mnt/engg-niulab/yuyao/sensors_raw_data/S2/prev2/tan20250223t182611c00s4001-B/s2_prev2.tif,raw,/mnt/engg-niulab/yuyao/sensors_raw_data/S2/prev3/tan20250223t182611c00s4001-B/s2_prev3.tif,raw,/mnt/engg-niulab/yuyao/sensors_raw_data/S2/seasonal/tan20250223t182611c00s4001-B/s2_-90.tif,raw,/mnt/engg-niulab/yuyao/sensors_raw_data/S2/year/tan20250223t182611c00s4001-B/s2_-360.tif,raw,1,1,raw+raw+raw+raw+raw+raw,,,,,,,,,local_point_repaired,,332.0,0.8154833346125088,S2B_MSIL2A_20250224T175229_N0511_R141_T12RYP_20250224T213300.SAFE,0e6d50e2-c3a7-4cca-9de0-05ce18edcc3d,S2B_12RXP_20250221_0_L2A,https://sentinel-s2-l2a.s3.amazonaws.com/tiles/12/R/XP/2025/2/21/0/R20m,https://sentinel-cogs.s3.us-west-2.amazonaws.com/sentinel-s2-l2a-cogs/12/R/XP/2025/2/S2B_12RXP_20250221_0_L2A,1000,S2B_MSIL2A_20250221T174249_N0511_R098_T12RXP_20250221T223817.SAFE,,,,stac_point_repaired,,332.0,0.8154833346125088,S2B_MSIL2A_20250221T174249_N0511_R098_T12RYP_20250221T223817.SAFE,28961747-7cfc-4b54-8125-62c656ee872d,,,,,,,,,local_point_repaired,,332.0,0.8154833346125088,S2C_MSIL2A_20250219T175421_N0511_R141_T12RYP_20250219T210556.SAFE,9304ca46-5eab-4562-8d34-15620652fea7,,,,,,,,,local_point_repaired,,332.0,0.8154833346125088,S2C_MSIL2A_20250216T174431_N0511_R098_T12RYP_20250216T213715.SAFE,26b988b8-5258-4fe2-85e0-434f2d55add8,,,,,,,,,local_exact,,332.0,0.8154833346125088,S2B_MSIL2A_20241123T174559_N0511_R098_T12RXP_20241123T214621.SAFE,95517e2e-95da-4d9a-91e7-739aadc38499,,,,,,,,,local_point_repaired,,332.0,0.8154833346125088,S2A_MSIL2A_20240225T175321_N0510_R141_T12RYP_20240225T225943.SAFE,572fa2dd-3a67-4cf1-933e-3901fda3d344
tan20250223t182611c00s4001-C,2025-02-23T18:26:11+00,25.99426915279122,-109.00892579045868,"[-109.03424393671936, 25.96310853314483, -108.99038183638564, 26.002807303686833]",S2,2025-02-24T17:52:29.024000Z,f5b3a179-273d-4393-b466-b7b26d4ccb72,S2B_MSIL2A_20250224T175229_N0511_R141_T12RXP_20250224T213300.SAFE,S2|R141|20250224T1750,/mnt/engg-niulab/yuyao/sensors_raw_data/S2/t0/tan20250223t182611c00s4001-C/s2.tif,/mnt/engg-niulab/yuyao/preprocessed_512/S2/tan20250223t182611c00s4001-C/s2_0_std_512.tif,s2_download_manifest:downloaded;master:target_512_path,available,0,,expected,t0,t0_24h_window,2025-02-21T17:42:49.024000Z,aws_stac:S2B_12RXP_20250221_0_L2A,S2B_MSIL2A_20250221T174249_N0511_R098_T12RXP_20250221T223817.SAFE,S2|R098|20250221T1740,/mnt/engg-niulab/yuyao/sensors_raw_data/S2/prev1/tan20250223t182611c00s4001-C/s2_-7.tif,,s2_download_manifest:downloaded,available,0,,expected,prev1,,2025-02-19T17:54:21.025000Z,local_sibling:a6eb36b102f3dd31,S2C_MSIL2A_20250219T175421_N0511_R141_T12RXP_20250219T210556.SAFE,S2|R141|20250219T1750,/mnt/engg-niulab/yuyao/sensors_raw_data/S2/product_crops/9304ca46-5eab-4562-8d34-15620652fea7/tan20250223t182611c00s4001-C/prev2.tif,,download_s2_missing_from_clean_table,available,0,,expected,product_crops,,2025-02-16T17:44:31.025000Z,bfc3dd3b-2602-4361-924d-eee204948e1b,S2C_MSIL2A_20250216T174431_N0511_R098_T12RXP_20250216T213715.SAFE,S2|R098|20250216T1740,/mnt/engg-niulab/yuyao/sensors_raw_data/S2/prev3/tan20250223t182611c00s4001-C/s2_prev3.tif,,s2_download_manifest:downloaded,available,0,,expected,prev3,,2024-11-23T17:45:59.024000Z,local_sibling:eae96c0caec62a94,S2B_MSIL2A_20241123T174559_N0511_R098_T12RXP_20241123T214621.SAFE,S2|R098|20241123T1740,/mnt/engg-niulab/yuyao/sensors_raw_data/S2/seasonal/tan20250223t182611c00s4001-C/s2_-90.tif,/mnt/engg-niulab/yuyao/preprocessed_512/S2/tan20250223t182611c00s4001-C/s2_-90_std_512.tif,master:downloaded_path;master:target_512_path,available,0,,expected,,legacy_minus90_window,2024-02-25T17:53:21.024000Z,9b9def51-0d16-45c5-8110-a7657f2b24ef,S2A_MSIL2A_20240225T175321_N0510_R141_T12RXP_20240225T225943.SAFE,S2|R141|20240225T1750,/mnt/engg-niulab/yuyao/sensors_raw_data/S2/year/tan20250223t182611c00s4001-C/s2_-360.tif,/mnt/engg-niulab/yuyao/preprocessed_512/S2/tan20250223t182611c00s4001-C/s2_-360_std_512.tif,master:downloaded_path;master:target_512_path,available,0,,expected,,legacy_minus360_window,https://api.carbonmapper.org/api/v1/catalog/asset/l3a-vis-ch4-mfa-v3a/2025/02/23/tan20250223t182611c00s4001-C/tan20250223t182611c00s4001-C_l3a-vis-ch4-mfa-v3a_plume.tif,https://api.carbonmapper.org/api/v1/catalog/asset/l3a-vis-ch4-mfa-v3a/2025/02/23/tan20250223t182611c00s4001-C/tan20250223t182611c00s4001-C_l3a-vis-ch4-mfa-v3a_plume.png,https://api.carbonmapper.org/api/v1/catalog/asset/l3a-ime-ch4-mfa-v3a/2025/02/23/tan20250223t182611c00s4001-C/tan20250223t182611c00s4001-C_l3a-ime-ch4-mfa-v3a_ime-cmf-concentrations.tif,https://api.carbonmapper.org/api/v1/catalog/asset/l3a-vis-ch4-mfa-v3a/2025/02/23/tan20250223t182611c00s4001-C/tan20250223t182611c00s4001-C_l3a-vis-ch4-mfa-v3a_rgb.tif,https://api.carbonmapper.org/api/v1/catalog/asset/l3a-vis-ch4-mfa-v3a/2025/02/23/tan20250223t182611c00s4001-C/tan20250223t182611c00s4001-C_l3a-vis-ch4-mfa-v3a_rgb.png,/mnt/engg-niulab/yuyao/sensors_raw_data/S2/t0/tan20250223t182611c00s4001-C/s2.tif,raw,/mnt/engg-niulab/yuyao/sensors_raw_data/S2/prev1/tan20250223t182611c00s4001-C/s2_-7.tif,raw,/mnt/engg-niulab/yuyao/sensors_raw_data/S2/product_crops/9304ca46-5eab-4562-8d34-15620652fea7/tan20250223t182611c00s4001-C/prev2.tif,raw,/mnt/engg-niulab/yuyao/sensors_raw_data/S2/prev3/tan20250223t182611c00s4001-C/s2_prev3.tif,raw,/mnt/engg-niulab/yuyao/sensors_raw_data/S2/seasonal/tan20250223t182611c00s4001-C/s2_-90.tif,raw,/mnt/engg-niulab/yuyao/sensors_raw_data/S2/year/tan20250223t182611c00s4001-C/s2_-360.tif,raw,1,1,raw+raw+raw+raw+raw+raw,,,,,,,,,local_exact,,270.0,0.8303335315358709,S2B_MSIL2A_20250224T175229_N0511_R141_T12RXP_20250224T213300.SAFE,f5b3a179-273d-4393-b466-b7b26d4ccb72,S2B_12RXP_20250221_0_L2A,https://sentinel-s2-l2a.s3.amazonaws.com/tiles/12/R/XP/2025/2/21/0/R20m,https://sentinel-cogs.s3.us-west-2.amazonaws.com/sentinel-s2-l2a-cogs/12/R/XP/2025/2/S2B_12RXP_20250221_0_L2A,1000,S2B_MSIL2A_20250221T174249_N0511_R098_T12RXP_20250221T223817.SAFE,,,,stac_point_repaired,,270.0,0.8303335315358709,S2B_MSIL2A_20250221T174249_N0511_R098_T12RYP_20250221T223817.SAFE,28961747-7cfc-4b54-8125-62c656ee872d,,,,,,,,,local_point_repaired,,270.0,0.8303335315358709,S2C_MSIL2A_20250219T175421_N0511_R141_T12RYP_20250219T210556.SAFE,9304ca46-5eab-4562-8d34-15620652fea7,,,,,,,,,local_exact,,270.0,0.8303335315358709,S2C_MSIL2A_20250216T174431_N0511_R098_T12RXP_20250216T213715.SAFE,bfc3dd3b-2602-4361-924d-eee204948e1b,,,,,,,,,local_point_repaired,,270.0,0.8303335315358709,S2B_MSIL2A_20241123T174559_N0511_R098_T12RYP_20241123T214621.SAFE,89c0486e-0a0b-4f7b-8188-891fb1ae2693,,,,,,,,,local_exact,,270.0,0.8303335315358709,S2A_MSIL2A_20240225T175321_N0510_R141_T12RXP_20240225T225943.SAFE,9b9def51-0d16-45c5-8110-a7657f2b24ef
tan20250228t041236c00s4001-A,2025-02-28T04:12:36+00,26.509716578525087,105.60932623099882,"[105.59256516023231, 26.49912999458868, 105.62698250376664, 26.529927362297514]",S2,2025-03-01T03:35:59.024000Z,e581baca-cffa-44bc-9d75-bb8f5c44db54,S2B_MSIL2A_20250301T033559_N0511_R061_T48RWQ_20250301T061709.SAFE,S2|R061|20250301T0330,/mnt/engg-niulab/yuyao/sensors_raw_data/S2/t0/tan20250228t041236c00s4001-A/s2.tif,/mnt/engg-niulab/yuyao/preprocessed_512/S2/tan20250228t041236c00s4001-A/s2_0_std_512.tif,s2_download_manifest:downloaded;master:target_512_path,available,0,,expected,t0,t0_24h_window,2025-01-27T03:29:19.024000Z,25252b37-d45a-44a5-8335-cd073f6b940b,S2B_MSIL2A_20250127T032919_N0511_R018_T48RWQ_20250127T062622.SAFE,S2|R018|20250127T0320,/mnt/engg-niulab/yuyao/sensors_raw_data/S2/prev1/tan20250228t041236c00s4001-A/s2_-7.tif,,s2_download_manifest:downloaded,available,0,,expected,prev1,,2025-01-12T03:31:11.024000Z,8fca7a8a-6b5d-4bbf-8c9f-f9dc82b7b054,S2A_MSIL2A_20250112T033111_N0511_R018_T48RWQ_20250112T071550.SAFE,S2|R018|20250112T0330,/mnt/engg-niulab/yuyao/sensors_raw_data/S2/prev2/tan20250228t041236c00s4001-A/s2_prev2.tif,,s2_download_manifest:downloaded,available,0,,expected,prev2,,2025-01-05T03:41:31.024000Z,d9231579-2332-4af9-85a9-6049f909149b,S2A_MSIL2A_20250105T034131_N0511_R061_T48RWQ_20250105T080351.SAFE,S2|R061|20250105T0340,/mnt/engg-niulab/yuyao/sensors_raw_data/S2/prev3/tan20250228t041236c00s4001-A/s2_prev3.tif,,s2_download_manifest:downloaded,available,0,,expected,prev3,,2024-10-29T03:27:49.024000Z,06d7e8e6-5262-44f7-91db-e1fb3903876a,S2B_MSIL2A_20241029T032749_N0511_R018_T48RWQ_20241029T062836.SAFE,S2|R018|20241029T0320,/mnt/engg-niulab/yuyao/sensors_raw_data/S2/seasonal/tan20250228t041236c00s4001-A/s2_-90.tif,/mnt/engg-niulab/yuyao/preprocessed_512/S2/tan20250228t041236c00s4001-A/s2_-90_std_512.tif,master:downloaded_path;master:target_512_path,available,0,,expected,,legacy_minus90_window,2024-02-20T03:38:01.024000Z,2437d639-0bb8-49ac-bd72-4c22ee79e6dc,S2A_MSIL2A_20240220T033801_N0510_R061_T48RWQ_20240220T070051.SAFE,S2|R061|20240220T0330,/mnt/engg-niulab/yuyao/sensors_raw_data/S2/year/tan20250228t041236c00s4001-A/s2_-360.tif,/mnt/engg-niulab/yuyao/preprocessed_512/S2/tan20250228t041236c00s4001-A/s2_-360_std_512.tif,master:downloaded_path;master:target_512_path,available,0,,expected,,legacy_minus360_window,https://api.carbonmapper.org/api/v1/catalog/asset/l3a-vis-ch4-mfa-v3/2025/02/28/tan20250228t041236c00s4001-A/tan20250228t041236c00s4001-A_l3a-vis-ch4-mfa-v3_plume.tif,https://api.carbonmapper.org/api/v1/catalog/asset/l3a-vis-ch4-mfa-v3/2025/02/28/tan20250228t041236c00s4001-A/tan20250228t041236c00s4001-A_l3a-vis-ch4-mfa-v3_plume.png,https://api.carbonmapper.org/api/v1/catalog/asset/l3a-ime-ch4-mfa-v3/2025/02/28/tan20250228t041236c00s4001-A/tan20250228t041236c00s4001-A_l3a-ime-ch4-mfa-v3_ime-cmf-concentrations.tif,https://api.carbonmapper.org/api/v1/catalog/asset/l3a-vis-ch4-mfa-v3/2025/02/28/tan20250228t041236c00s4001-A/tan20250228t041236c00s4001-A_l3a-vis-ch4-mfa-v3_rgb.tif,https://api.carbonmapper.org/api/v1/catalog/asset/l3a-vis-ch4-mfa-v3/2025/02/28/tan20250228t041236c00s4001-A/tan20250228t041236c00s4001-A_l3a-vis-ch4-mfa-v3_rgb.png,/mnt/engg-niulab/yuyao/sensors_raw_data/S2/t0/tan20250228t041236c00s4001-A/s2.tif,raw,/mnt/engg-niulab/yuyao/sensors_raw_data/S2/prev1/tan20250228t041236c00s4001-A/s2_-7.tif,raw,/mnt/engg-niulab/yuyao/sensors_raw_data/S2/prev2/tan20250228t041236c00s4001-A/s2_prev2.tif,raw,/mnt/engg-niulab/yuyao/sensors_raw_data/S2/prev3/tan20250228t041236c00s4001-A/s2_prev3.tif,raw,/mnt/engg-niulab/yuyao/sensors_raw_data/S2/seasonal/tan20250228t041236c00s4001-A/s2_-90.tif,raw,/mnt/engg-niulab/yuyao/sensors_raw_data/S2/year/tan20250228t041236c00s4001-A/s2_-360.tif,raw,1,1,raw+raw+raw+raw+raw+raw,,,,,,,,,local_exact,,1848.0,0.7538629799819319,S2B_MSIL2A_20250301T033559_N0511_R061_T48RWQ_20250301T061709.SAFE,e581baca-cffa-44bc-9d75-bb8f5c44db54,,,,,,,,,local_exact,,1848.0,0.7538629799819319,S2B_MSIL2A_20250127T032919_N0511_R018_T48RWQ_20250127T062622.SAFE,25252b37-d45a-44a5-8335-cd073f6b940b,,,,,,,,,local_exact,,1848.0,0.7538629799819319,S2A_MSIL2A_20250112T033111_N0511_R018_T48RWQ_20250112T071550.SAFE,8fca7a8a-6b5d-4bbf-8c9f-f9dc82b7b054,,,,,,,,,local_exact,,1848.0,0.7538629799819319,S2A_MSIL2A_20250105T034131_N0511_R061_T48RWQ_20250105T080351.SAFE,d9231579-2332-4af9-85a9-6049f909149b,,,,,,,,,local_exact,,1848.0,0.7538629799819319,S2B_MSIL2A_20241029T032749_N0511_R018_T48RWQ_20241029T062836.SAFE,06d7e8e6-5262-44f7-91db-e1fb3903876a,,,,,,,,,local_exact,,1848.0,0.7538629799819319,S2A_MSIL2A_20240220T033801_N0510_R061_T48RWQ_20240220T070051.SAFE,2437d639-0bb8-49ac-bd72-4c22ee79e6dc
tan20250328t054218c00s4001-F,2025-03-28T05:42:18+00,53.74643492783679,88.11675398451479,"[88.09347551281826, 53.732998026313346, 88.14539654882324, 53.763700640407755]",S2,2025-03-29T05:28:41.025000Z,e3fca9f3-b04e-49a1-8103-a15baedcd215,S2C_MSIL2A_20250329T052841_N0511_R105_T45UWV_20250329T105014.SAFE,S2|R105|20250329T0520,/mnt/engg-niulab/yuyao/sensors_raw_data/S2/t0/tan20250328t054218c00s4001-F/s2.tif,/mnt/engg-niulab/yuyao/preprocessed_512/S2/tan20250328t054218c00s4001-F/s2_0_std_512.tif,s2_download_manifest:downloaded;master:target_512_path,available,0,,expected,t0,t0_24h_window,2025-03-06T05:17:21.025000Z,8dfcbc88-3c81-46ab-b4b1-0acfc753ac00,S2C_MSIL2A_20250306T051721_N0511_R062_T45UWV_20250306T105014.SAFE,S2|R062|20250306T0510,/mnt/engg-niulab/yuyao/sensors_raw_data/S2/prev1/tan20250328t054218c00s4001-F/s2_-7.tif,,s2_download_manifest:downloaded,available,0,,expected,prev1,,2025-02-19T05:17:59.024000Z,5c47a7c4-dcc8-4668-86ac-5d7770ad17ef,S2B_MSIL2A_20250219T051759_N0511_R062_T45UWV_20250219T072733.SAFE,S2|R062|20250219T0510,/mnt/engg-niulab/yuyao/sensors_raw_data/S2/prev2/tan20250328t054218c00s4001-F/s2_prev2.tif,,s2_download_manifest:downloaded,available,0,,expected,prev2,,2025-02-17T05:29:31.025000Z,37b1e542-2144-4ada-a304-61e2a0fc3b8c,S2C_MSIL2A_20250217T052931_N0511_R105_T45UWV_20250217T084611.SAFE,S2|R105|20250217T0520,/mnt/engg-niulab/yuyao/sensors_raw_data/S2/prev3/tan20250328t054218c00s4001-F/s2_prev3.tif,,s2_download_manifest:downloaded,available,0,,expected,prev3,,2024-12-26T05:22:31.024000Z,4afb3945-187a-432b-9cfa-23f98de0445f,S2A_MSIL2A_20241226T052231_N0511_R062_T45UWV_20241226T082750.SAFE,S2|R062|20241226T0520,/mnt/engg-niulab/yuyao/sensors_raw_data/S2/seasonal/tan20250328t054218c00s4001-F/s2_-90.tif,/mnt/engg-niulab/yuyao/preprocessed_512/S2/tan20250328t054218c00s4001-F/s2_-90_std_512.tif,master:downloaded_path;master:target_512_path,available,0,,expected,,legacy_minus90_window,2024-03-24T05:26:51.024000Z,5fe84f7f-9002-4761-8024-1405ae8c3fa2,S2A_MSIL2A_20240324T052651_N0510_R105_T45UWV_20240324T151951.SAFE,S2|R105|20240324T0520,/mnt/engg-niulab/yuyao/sensors_raw_data/S2/year/tan20250328t054218c00s4001-F/s2_-360.tif,/mnt/engg-niulab/yuyao/preprocessed_512/S2/tan20250328t054218c00s4001-F/s2_-360_std_512.tif,master:downloaded_path;master:target_512_path,available,0,,expected,,legacy_minus360_window,https://api.carbonmapper.org/api/v1/catalog/asset/l3a-vis-ch4-mfa-v3/2025/03/28/tan20250328t054218c00s4001-F/tan20250328t054218c00s4001-F_l3a-vis-ch4-mfa-v3_plume.tif,https://api.carbonmapper.org/api/v1/catalog/asset/l3a-vis-ch4-mfa-v3/2025/03/28/tan20250328t054218c00s4001-F/tan20250328t054218c00s4001-F_l3a-vis-ch4-mfa-v3_plume.png,https://api.carbonmapper.org/api/v1/catalog/asset/l3a-ime-ch4-mfa-v3/2025/03/28/tan20250328t054218c00s4001-F/tan20250328t054218c00s4001-F_l3a-ime-ch4-mfa-v3_ime-cmf-concentrations.tif,https://api.carbonmapper.org/api/v1/catalog/asset/l3a-vis-ch4-mfa-v3/2025/03/28/tan20250328t054218c00s4001-F/tan20250328t054218c00s4001-F_l3a-vis-ch4-mfa-v3_rgb.tif,https://api.carbonmapper.org/api/v1/catalog/asset/l3a-vis-ch4-mfa-v3/2025/03/28/tan20250328t054218c00s4001-F/tan20250328t054218c00s4001-F_l3a-vis-ch4-mfa-v3_rgb.png,/mnt/engg-niulab/yuyao/sensors_raw_data/S2/t0/tan20250328t054218c00s4001-F/s2.tif,raw,/mnt/engg-niulab/yuyao/sensors_raw_data/S2/prev1/tan20250328t054218c00s4001-F/s2_-7.tif,raw,/mnt/engg-niulab/yuyao/sensors_raw_data/S2/prev2/tan20250328t054218c00s4001-F/s2_prev2.tif,raw,/mnt/engg-niulab/yuyao/sensors_raw_data/S2/prev3/tan20250328t054218c00s4001-F/s2_prev3.tif,raw,/mnt/engg-niulab/yuyao/sensors_raw_data/S2/seasonal/tan20250328t054218c00s4001-F/s2_-90.tif,raw,/mnt/engg-niulab/yuyao/sensors_raw_data/S2/year/tan20250328t054218c00s4001-F/s2_-360.tif,raw,1,1,raw+raw+raw+raw+raw+raw,,,,,,,,,local_exact,,1551.0,0.5354977233801037,S2C_MSIL2A_20250329T052841_N0511_R105_T45UWV_20250329T105014.SAFE,e3fca9f3-b04e-49a1-8103-a15baedcd215,,,,,,,,,local_exact,,1551.0,0.5354977233801037,S2C_MSIL2A_20250306T051721_N0511_R062_T45UWV_20250306T105014.SAFE,8dfcbc88-3c81-46ab-b4b1-0acfc753ac00,,,,,,,,,local_exact,,1551.0,0.5354977233801037,S2B_MSIL2A_20250219T051759_N0511_R062_T45UWV_20250219T072733.SAFE,5c47a7c4-dcc8-4668-86ac-5d7770ad17ef,,,,,,,,,local_exact,,1551.0,0.5354977233801037,S2C_MSIL2A_20250217T052931_N0511_R105_T45UWV_20250217T084611.SAFE,37b1e542-2144-4ada-a304-61e2a0fc3b8c,,,,,,,,,local_exact,,1551.0,0.5354977233801037,S2A_MSIL2A_20241226T052231_N0511_R062_T45UWV_20241226T082750.SAFE,4afb3945-187a-432b-9cfa-23f98de0445f,,,,,,,,,local_exact,,1551.0,0.5354977233801037,S2A_MSIL2A_20240324T052651_N0510_R105_T45UWV_20240324T151951.SAFE,5fe84f7f-9002-4761-8024-1405ae8c3fa2
tan20250407t174740c00s4001-A,2025-04-07T17:47:40+00,35.50596725759196,-98.18116226297585,"[-98.20777534211436, 35.48749890128411, -98.17031192237096, 35.51826725503022]",S2,2025-04-08T17:09:11.025000Z,dde080c0-1d43-4872-a527-596c35624d4c,S2C_MSIL2A_20250408T170911_N0511_R112_T14SNE_20250408T230517.SAFE,S2|R112|20250408T1700,/mnt/engg-niulab/yuyao/sensors_raw_data/S2/t0/tan20250407t174740c00s4001-A/s2.tif,/mnt/engg-niulab/yuyao/preprocessed_512/S2/tan20250407t174740c00s4001-A/s2_0_std_512.tif,s2_download_manifest:downloaded;master:target_512_path,available,0,,expected,t0,t0_24h_window,2025-03-29T17:09:31.025000Z,80fb4802-dde3-4204-8472-e4559201a20c,S2C_MSIL2A_20250329T170931_N0511_R112_T14SNE_20250329T231316.SAFE,S2|R112|20250329T1700,/mnt/engg-niulab/yuyao/sensors_raw_data/S2/prev1/tan20250407t174740c00s4001-A/s2_-7.tif,,s2_download_manifest:downloaded,available,0,,expected,prev1,,2025-03-22T17:20:31.025000Z,27a4d44f-c7b9-42a2-a54b-a47b34469366,S2C_MSIL2A_20250322T172031_N0511_R012_T14SNE_20250322T224712.SAFE,S2|R012|20250322T1720,/mnt/engg-niulab/yuyao/sensors_raw_data/S2/prev2/tan20250407t174740c00s4001-A/s2_prev2.tif,,s2_download_manifest:downloaded,available,0,,expected,prev2,,2025-03-21T17:17:11.024000Z,1d2445be-986d-4c65-9462-faf773052f43,S2A_MSIL2A_20250321T171711_N0511_R112_T14SNE_20250321T204610.SAFE,S2|R112|20250321T1710,/mnt/engg-niulab/yuyao/sensors_raw_data/S2/prev3/tan20250407t174740c00s4001-A/s2_prev3.tif,,s2_download_manifest:downloaded,available,0,,expected,prev3,,2025-01-06T17:26:19.024000Z,f771078f-963c-459b-b818-7f42a7488892,S2B_MSIL2A_20250106T172619_N0511_R012_T14SNE_20250106T212204.SAFE,S2|R012|20250106T1720,/mnt/engg-niulab/yuyao/sensors_raw_data/S2/seasonal/tan20250407t174740c00s4001-A/s2_-90.tif,/mnt/engg-niulab/yuyao/preprocessed_512/S2/tan20250407t174740c00s4001-A/s2_-90_std_512.tif,master:downloaded_path;master:target_512_path,available,0,,expected,,legacy_minus90_window,2024-04-11T17:18:59.024000Z,2e5bd364-94f4-470d-bd05-090c4ecac66b,S2B_MSIL2A_20240411T171859_N0510_R012_T14SNE_20240411T213058.SAFE,S2|R012|20240411T1710,/mnt/engg-niulab/yuyao/sensors_raw_data/S2/year/tan20250407t174740c00s4001-A/s2_-360.tif,/mnt/engg-niulab/yuyao/preprocessed_512/S2/tan20250407t174740c00s4001-A/s2_-360_std_512.tif,master:downloaded_path;master:target_512_path,available,0,,expected,,legacy_minus360_window,https://api.carbonmapper.org/api/v1/catalog/asset/l3a-vis-ch4-mfa-v3/2025/04/07/tan20250407t174740c00s4001-A/tan20250407t174740c00s4001-A_l3a-vis-ch4-mfa-v3_plume.tif,https://api.carbonmapper.org/api/v1/catalog/asset/l3a-vis-ch4-mfa-v3/2025/04/07/tan20250407t174740c00s4001-A/tan20250407t174740c00s4001-A_l3a-vis-ch4-mfa-v3_plume.png,https://api.carbonmapper.org/api/v1/catalog/asset/l3a-ime-ch4-mfa-v3/2025/04/07/tan20250407t174740c00s4001-A/tan20250407t174740c00s4001-A_l3a-ime-ch4-mfa-v3_ime-cmf-concentrations.tif,https://api.carbonmapper.org/api/v1/catalog/asset/l3a-vis-ch4-mfa-v3/2025/04/07/tan20250407t174740c00s4001-A/tan20250407t174740c00s4001-A_l3a-vis-ch4-mfa-v3_rgb.tif,https://api.carbonmapper.org/api/v1/catalog/asset/l3a-vis-ch4-mfa-v3/2025/04/07/tan20250407t174740c00s4001-A/tan20250407t174740c00s4001-A_l3a-vis-ch4-mfa-v3_rgb.png,/mnt/engg-niulab/yuyao/sensors_raw_data/S2/t0/tan20250407t174740c00s4001-A/s2.tif,raw,/mnt/engg-niulab/yuyao/sensors_raw_data/S2/prev1/tan20250407t174740c00s4001-A/s2_-7.tif,raw,/mnt/engg-niulab/yuyao/sensors_raw_data/S2/prev2/tan20250407t174740c00s4001-A/s2_prev2.tif,raw,/mnt/engg-niulab/yuyao/sensors_raw_data/S2/prev3/tan20250407t174740c00s4001-A/s2_prev3.tif,raw,/mnt/engg-niulab/yuyao/sensors_raw_data/S2/seasonal/tan20250407t174740c00s4001-A/s2_-90.tif,raw,/mnt/engg-niulab/yuyao/sensors_raw_data/S2/year/tan20250407t174740c00s4001-A/s2_-360.tif,raw,1,1,raw+raw+raw+raw+raw+raw,,,,,,,,,local_exact,,1521.0,0.9134827558191319,S2C_MSIL2A_20250408T170911_N0511_R112_T14SNE_20250408T230517.SAFE,dde080c0-1d43-4872-a527-596c35624d4c,,,,,,,,,local_exact,,1521.0,0.9134827558191319,S2C_MSIL2A_20250329T170931_N0511_R112_T14SNE_20250329T231316.SAFE,80fb4802-dde3-4204-8472-e4559201a20c,,,,,,,,,local_exact,,1521.0,0.9134827558191319,S2C_MSIL2A_20250322T172031_N0511_R012_T14SNE_20250322T224712.SAFE,27a4d44f-c7b9-42a2-a54b-a47b34469366,,,,,,,,,local_exact,,1521.0,0.9134827558191319,S2A_MSIL2A_20250321T171711_N0511_R112_T14SNE_20250321T204610.SAFE,1d2445be-986d-4c65-9462-faf773052f43,,,,,,,,,local_exact,,1521.0,0.9134827558191319,S2B_MSIL2A_20250106T172619_N0511_R012_T14SNE_20250106T212204.SAFE,f771078f-963c-459b-b818-7f42a7488892,,,,,,,,,local_exact,,1521.0,0.9134827558191319,S2B_MSIL2A_20240411T171859_N0510_R012_T14SNE_20240411T213058.SAFE,2e5bd364-94f4-470d-bd05-090c4ecac66b
tan20250427t104600c00s4001-A,2025-04-27T10:46:00+00,28.05184063287021,9.811851951481144,"[9.803758343306031, 28.03858452405497, 9.838342062931023, 28.069104863873793]",S2,2025-04-28T09:50:41.024000Z,945c3e75-6163-4b7c-90c4-3a933e822a5d,S2A_MSIL2A_20250428T095041_N0511_R079_T32RNS_20250428T182104.SAFE,S2|R079|20250428T0950,/mnt/engg-niulab/yuyao/sensors_raw_data/S2/t0/tan20250427t104600c00s4001-A/s2.tif,/mnt/engg-niulab/yuyao/preprocessed_512/S2/tan20250427t104600c00s4001-A/s2_0_std_512.tif,s2_download_manifest:downloaded;master:target_512_path,available,0,,expected,t0,t0_24h_window,2025-04-26T09:50:51.025000Z,e30b692f-a044-426a-a9f6-ab5294ad204c,S2C_MSIL2A_20250426T095051_N0511_R079_T32RNS_20250426T145202.SAFE,S2|R079|20250426T0950,/mnt/engg-niulab/yuyao/sensors_raw_data/S2/prev1/tan20250427t104600c00s4001-A/s2_-7.tif,,s2_download_manifest:downloaded,available,0,,expected,prev1,,2025-04-24T10:00:29.024000Z,bbaae0b6-30c0-48c0-895c-fea038839733,S2B_MSIL2A_20250424T100029_N0511_R122_T32RNS_20250424T124939.SAFE,S2|R122|20250424T1000,/mnt/engg-niulab/yuyao/sensors_raw_data/S2/prev2/tan20250427t104600c00s4001-A/s2_prev2.tif,,s2_download_manifest:downloaded,available,0,,expected,prev2,,2025-04-19T10:00:51.025000Z,efd27843-0f49-4b99-979a-ce8d97bd28ce,S2C_MSIL2A_20250419T100051_N0511_R122_T32RNS_20250419T153118.SAFE,S2|R122|20250419T1000,/mnt/engg-niulab/yuyao/sensors_raw_data/S2/prev3/tan20250427t104600c00s4001-A/s2_prev3.tif,,s2_download_manifest:downloaded,available,0,,expected,prev3,,2025-01-26T09:53:31.025000Z,d36464ce-8e3f-4d53-813b-ddd32980c0a3,S2C_MSIL2A_20250126T095331_N0511_R079_T32RNS_20250126T133810.SAFE,S2|R079|20250126T0950,/mnt/engg-niulab/yuyao/sensors_raw_data/S2/seasonal/tan20250427t104600c00s4001-A/s2_-90.tif,/mnt/engg-niulab/yuyao/preprocessed_512/S2/tan20250427t104600c00s4001-A/s2_-90_std_512.tif,master:downloaded_path;master:target_512_path,available,0,,expected,,legacy_minus90_window,2024-04-24T10:00:31.024000Z,59bb0c0a-8a05-41c9-8803-3e0b8d179542,S2A_MSIL2A_20240424T100031_N0510_R122_T32RNS_20240424T155449.SAFE,S2|R122|20240424T1000,/mnt/engg-niulab/yuyao/sensors_raw_data/S2/year/tan20250427t104600c00s4001-A/s2_-360.tif,/mnt/engg-niulab/yuyao/preprocessed_512/S2/tan20250427t104600c00s4001-A/s2_-360_std_512.tif,master:downloaded_path;master:target_512_path,available,0,,expected,,legacy_minus360_window,https://api.carbonmapper.org/api/v1/catalog/asset/l3a-vis-ch4-mfa-v3/2025/04/27/tan20250427t104600c00s4001-A/tan20250427t104600c00s4001-A_l3a-vis-ch4-mfa-v3_plume.tif,https://api.carbonmapper.org/api/v1/catalog/asset/l3a-vis-ch4-mfa-v3/2025/04/27/tan20250427t104600c00s4001-A/tan20250427t104600c00s4001-A_l3a-vis-ch4-mfa-v3_plume.png,https://api.carbonmapper.org/api/v1/catalog/asset/l3a-ime-ch4-mfa-v3/2025/04/27/tan20250427t104600c00s4001-A/tan20250427t104600c00s4001-A_l3a-ime-ch4-mfa-v3_ime-cmf-concentrations.tif,https://api.carbonmapper.org/api/v1/catalog/asset/l3a-vis-ch4-mfa-v3/2025/04/27/tan20250427t104600c00s4001-A/tan20250427t104600c00s4001-A_l3a-vis-ch4-mfa-v3_rgb.tif,https://api.carbonmapper.org/api/v1/catalog/asset/l3a-vis-ch4-mfa-v3/2025/04/27/tan20250427t104600c00s4001-A/tan20250427t104600c00s4001-A_l3a-vis-ch4-mfa-v3_rgb.png,/mnt/engg-niulab/yuyao/sensors_raw_data/S2/t0/tan20250427t104600c00s4001-A/s2.tif,raw,/mnt/engg-niulab/yuyao/sensors_raw_data/S2/prev1/tan20250427t104600c00s4001-A/s2_-7.tif,raw,/mnt/engg-niulab/yuyao/sensors_raw_data/S2/prev2/tan20250427t104600c00s4001-A/s2_prev2.tif,raw,/mnt/engg-niulab/yuyao/sensors_raw_data/S2/prev3/tan20250427t104600c00s4001-A/s2_prev3.tif,raw,/mnt/engg-niulab/yuyao/sensors_raw_data/S2/seasonal/tan20250427t104600c00s4001-A/s2_-90.tif,raw,/mnt/engg-niulab/yuyao/sensors_raw_data/S2/year/tan20250427t104600c00s4001-A/s2_-360.tif,raw,1,1,raw+raw+raw+raw+raw+raw,,,,,,,,,local_exact,,393.0,0.45575419085798785,S2A_MSIL2A_20250428T095041_N0511_R079_T32RNS_20250428T182104.SAFE,945c3e75-6163-4b7c-90c4-3a933e822a5d,,,,,,,,,local_exact,,393.0,0.45575419085798785,S2C_MSIL2A_20250426T095051_N0511_R079_T32RNS_20250426T145202.SAFE,e30b692f-a044-426a-a9f6-ab5294ad204c,,,,,,,,,local_exact,,393.0,0.45575419085798785,S2B_MSIL2A_20250424T100029_N0511_R122_T32RNS_20250424T124939.SAFE,bbaae0b6-30c0-48c0-895c-fea038839733,,,,,,,,,local_exact,,393.0,0.45575419085798785,S2C_MSIL2A_20250419T100051_N0511_R122_T32RNS_20250419T153118.SAFE,efd27843-0f49-4b99-979a-ce8d97bd28ce,,,,,,,,,local_exact,,393.0,0.45575419085798785,S2C_MSIL2A_20250126T095331_N0511_R079_T32RNS_20250126T133810.SAFE,d36464ce-8e3f-4d53-813b-ddd32980c0a3,,,,,,,,,local_exact,,393.0,0.45575419085798785,S2A_MSIL2A_20240424T100031_N0510_R122_T32RNS_20240424T155449.SAFE,59bb0c0a-8a05-41c9-8803-3e0b8d179542
tan20250427t104600c00s4001-B,2025-04-27T10:46:00+00,28.087877137457752,9.7834238896412,"[9.764426140461135, 27.998671615428705, 9.911652123525537, 28.128317627300106]",S2,2025-04-28T09:50:41.024000Z,local_sibling:0fb1f2e7a0926ad7,S2A_MSIL2A_20250428T095041_N0511_R079_T32RNS_20250428T182104.SAFE,S2|R079|20250428T0950,/mnt/engg-niulab/yuyao/sensors_raw_data/S2/t0/tan20250427t104600c00s4001-B/s2.tif,/mnt/engg-niulab/yuyao/preprocessed_512/S2/tan20250427t104600c00s4001-B/s2_0_std_512.tif,s2_download_manifest:downloaded;master:target_512_path,available,0,,expected,t0,t0_24h_window,2025-04-26T09:50:51.025000Z,e30b692f-a044-426a-a9f6-ab5294ad204c,S2C_MSIL2A_20250426T095051_N0511_R079_T32RNS_20250426T145202.SAFE,S2|R079|20250426T0950,/mnt/engg-niulab/yuyao/sensors_raw_data/S2/prev1/tan20250427t104600c00s4001-B/s2_-7.tif,,s2_download_manifest:downloaded,available,0,,expected,prev1,,2025-04-24T10:00:29.024000Z,local_sibling:b576675c40c2cc64,S2B_MSIL2A_20250424T100029_N0511_R122_T32RNS_20250424T124939.SAFE,S2|R122|20250424T1000,/mnt/engg-niulab/yuyao/sensors_raw_data/S2/prev2/tan20250427t104600c00s4001-B/s2_prev2.tif,,s2_download_manifest:downloaded,available,0,,expected,prev2,,2025-04-19T10:00:51.025000Z,efd27843-0f49-4b99-979a-ce8d97bd28ce,S2C_MSIL2A_20250419T100051_N0511_R122_T32RNS_20250419T153118.SAFE,S2|R122|20250419T1000,/mnt/engg-niulab/yuyao/sensors_raw_data/S2/product_crops/efd27843-0f49-4b99-979a-ce8d97bd28ce/tan20250427t104600c00s4001-B/prev3.tif,,download_s2_missing_from_clean_table,available,0,,expected,product_crops,,2025-01-26T09:53:31.025000Z,local_sibling:b2a6b2fbae927d92,S2C_MSIL2A_20250126T095331_N0511_R079_T32RNS_20250126T133810.SAFE,S2|R079|20250126T0950,/mnt/engg-niulab/yuyao/sensors_raw_data/S2/seasonal/tan20250427t104600c00s4001-B/s2_-90.tif,/mnt/engg-niulab/yuyao/preprocessed_512/S2/tan20250427t104600c00s4001-B/s2_-90_std_512.tif,master:downloaded_path;master:target_512_path,available,0,,expected,,legacy_minus90_window,2024-04-24T10:00:31.024000Z,59bb0c0a-8a05-41c9-8803-3e0b8d179542,S2A_MSIL2A_20240424T100031_N0510_R122_T32RNS_20240424T155449.SAFE,S2|R122|20240424T1000,/mnt/engg-niulab/yuyao/sensors_raw_data/S2/year/tan20250427t104600c00s4001-B/s2_-360.tif,/mnt/engg-niulab/yuyao/preprocessed_512/S2/tan20250427t104600c00s4001-B/s2_-360_std_512.tif,master:downloaded_path;master:target_512_path,available,0,,expected,,legacy_minus360_window,https://api.carbonmapper.org/api/v1/catalog/asset/l3a-vis-ch4-mfa-v3/2025/04/27/tan20250427t104600c00s4001-B/tan20250427t104600c00s4001-B_l3a-vis-ch4-mfa-v3_plume.tif,https://api.carbonmapper.org/api/v1/catalog/asset/l3a-vis-ch4-mfa-v3/2025/04/27/tan20250427t104600c00s4001-B/tan20250427t104600c00s4001-B_l3a-vis-ch4-mfa-v3_plume.png,https://api.carbonmapper.org/api/v1/catalog/asset/l3a-ime-ch4-mfa-v3/2025/04/27/tan20250427t104600c00s4001-B/tan20250427t104600c00s4001-B_l3a-ime-ch4-mfa-v3_ime-cmf-concentrations.tif,https://api.carbonmapper.org/api/v1/catalog/asset/l3a-vis-ch4-mfa-v3/2025/04/27/tan20250427t104600c00s4001-B/tan20250427t104600c00s4001-B_l3a-vis-ch4-mfa-v3_rgb.tif,https://api.carbonmapper.org/api/v1/catalog/asset/l3a-vis-ch4-mfa-v3/2025/04/27/tan20250427t104600c00s4001-B/tan20250427t104600c00s4001-B_l3a-vis-ch4-mfa-v3_rgb.png,/mnt/engg-niulab/yuyao/sensors_raw_data/S2/t0/tan20250427t104600c00s4001-B/s2.tif,raw,/mnt/engg-niulab/yuyao/sensors_raw_data/S2/prev1/tan20250427t104600c00s4001-B/s2_-7.tif,raw,/mnt/engg-niulab/yuyao/sensors_raw_data/S2/prev2/tan20250427t104600c00s4001-B/s2_prev2.tif,raw,/mnt/engg-niulab/yuyao/sensors_raw_data/S2/product_crops/efd27843-0f49-4b99-979a-ce8d97bd28ce/tan20250427t104600c00s4001-B/prev3.tif,raw,/mnt/engg-niulab/yuyao/sensors_raw_data/S2/seasonal/tan20250427t104600c00s4001-B/s2_-90.tif,raw,/mnt/engg-niulab/yuyao/sensors_raw_data/S2/year/tan20250427t104600c00s4001-B/s2_-360.tif,raw,1,1,raw+raw+raw+raw+raw+raw,,,,,,,,,local_point_repaired,,592.0,0.7604690319858491,S2A_MSIL2A_20250428T095041_N0511_R079_T32RNR_20250428T182104.SAFE,aba22d6b-93c7-4693-a2c5-5dddafea6691,,,,,,,,,local_exact,,592.0,0.7604690319858491,S2C_MSIL2A_20250426T095051_N0511_R079_T32RNS_20250426T145202.SAFE,e30b692f-a044-426a-a9f6-ab5294ad204c,,,,,,,,,local_point_repaired,,592.0,0.7604690319858491,S2B_MSIL2A_20250424T100029_N0511_R122_T32RNR_20250424T124939.SAFE,666ff8d8-4160-4f1e-a8a0-c1bedcb184f1,,,,,,,,,local_exact,,592.0,0.7604690319858491,S2C_MSIL2A_20250419T100051_N0511_R122_T32RNS_20250419T153118.SAFE,efd27843-0f49-4b99-979a-ce8d97bd28ce,,,,,,,,,local_point_repaired,,592.0,0.7604690319858491,S2C_MSIL2A_20250126T095331_N0511_R079_T32RNR_20250126T133810.SAFE,b5b6f0a4-c133-4f8a-bc0f-9862f5c5cd91,,,,,,,,,local_exact,,592.0,0.7604690319858491,S2A_MSIL2A_20240424T100031_N0510_R122_T32RNS_20240424T155449.SAFE,59bb0c0a-8a05-41c9-8803-3e0b8d179542
tan20250427t104600c00s4001-C,2025-04-27T10:46:00+00,28.074840914177912,9.807445968431892,"[9.772599540685503, 28.033455838923455, 9.865046683903795, 28.11502550519189]",S2,2025-04-28T09:50:41.024000Z,945c3e75-6163-4b7c-90c4-3a933e822a5d,S2A_MSIL2A_20250428T095041_N0511_R079_T32RNS_20250428T182104.SAFE,S2|R079|20250428T0950,/mnt/engg-niulab/yuyao/sensors_raw_data/S2/t0/tan20250427t104600c00s4001-C/s2.tif,/mnt/engg-niulab/yuyao/preprocessed_512/S2/tan20250427t104600c00s4001-C/s2_0_std_512.tif,s2_download_manifest:downloaded;master:target_512_path,available,0,,expected,t0,t0_24h_window,2025-04-26T09:50:51.025000Z,e30b692f-a044-426a-a9f6-ab5294ad204c,S2C_MSIL2A_20250426T095051_N0511_R079_T32RNS_20250426T145202.SAFE,S2|R079|20250426T0950,/mnt/engg-niulab/yuyao/sensors_raw_data/S2/prev1/tan20250427t104600c00s4001-C/s2_-7.tif,,s2_download_manifest:downloaded,available,0,,expected,prev1,,2025-04-24T10:00:29.024000Z,bbaae0b6-30c0-48c0-895c-fea038839733,S2B_MSIL2A_20250424T100029_N0511_R122_T32RNS_20250424T124939.SAFE,S2|R122|20250424T1000,/mnt/engg-niulab/yuyao/sensors_raw_data/S2/prev2/tan20250427t104600c00s4001-C/s2_prev2.tif,,s2_download_manifest:downloaded,available,0,,expected,prev2,,2025-04-19T10:00:51.025000Z,efd27843-0f49-4b99-979a-ce8d97bd28ce,S2C_MSIL2A_20250419T100051_N0511_R122_T32RNS_20250419T153118.SAFE,S2|R122|20250419T1000,/mnt/engg-niulab/yuyao/sensors_raw_data/S2/prev3/tan20250427t104600c00s4001-C/s2_prev3.tif,,s2_download_manifest:downloaded,available,0,,expected,prev3,,2025-01-26T09:53:31.025000Z,d36464ce-8e3f-4d53-813b-ddd32980c0a3,S2C_MSIL2A_20250126T095331_N0511_R079_T32RNS_20250126T133810.SAFE,S2|R079|20250126T0950,/mnt/engg-niulab/yuyao/sensors_raw_data/S2/seasonal/tan20250427t104600c00s4001-C/s2_-90.tif,/mnt/engg-niulab/yuyao/preprocessed_512/S2/tan20250427t104600c00s4001-C/s2_-90_std_512.tif,master:downloaded_path;master:target_512_path,available,0,,expected,,legacy_minus90_window,2024-04-24T10:00:31.024000Z,59bb0c0a-8a05-41c9-8803-3e0b8d179542,S2A_MSIL2A_20240424T100031_N0510_R122_T32RNS_20240424T155449.SAFE,S2|R122|20240424T1000,/mnt/engg-niulab/yuyao/sensors_raw_data/S2/year/tan20250427t104600c00s4001-C/s2_-360.tif,/mnt/engg-niulab/yuyao/preprocessed_512/S2/tan20250427t104600c00s4001-C/s2_-360_std_512.tif,master:downloaded_path;master:target_512_path,available,0,,expected,,legacy_minus360_window,https://api.carbonmapper.org/api/v1/catalog/asset/l3a-vis-ch4-mfa-v3/2025/04/27/tan20250427t104600c00s4001-C/tan20250427t104600c00s4001-C_l3a-vis-ch4-mfa-v3_plume.tif,https://api.carbonmapper.org/api/v1/catalog/asset/l3a-vis-ch4-mfa-v3/2025/04/27/tan20250427t104600c00s4001-C/tan20250427t104600c00s4001-C_l3a-vis-ch4-mfa-v3_plume.png,https://api.carbonmapper.org/api/v1/catalog/asset/l3a-ime-ch4-mfa-v3/2025/04/27/tan20250427t104600c00s4001-C/tan20250427t104600c00s4001-C_l3a-ime-ch4-mfa-v3_ime-cmf-concentrations.tif,https://api.carbonmapper.org/api/v1/catalog/asset/l3a-vis-ch4-mfa-v3/2025/04/27/tan20250427t104600c00s4001-C/tan20250427t104600c00s4001-C_l3a-vis-ch4-mfa-v3_rgb.tif,https://api.carbonmapper.org/api/v1/catalog/asset/l3a-vis-ch4-mfa-v3/2025/04/27/tan20250427t104600c00s4001-C/tan20250427t104600c00s4001-C_l3a-vis-ch4-mfa-v3_rgb.png,/mnt/engg-niulab/yuyao/sensors_raw_data/S2/t0/tan20250427t104600c00s4001-C/s2.tif,raw,/mnt/engg-niulab/yuyao/sensors_raw_data/S2/prev1/tan20250427t104600c00s4001-C/s2_-7.tif,raw,/mnt/engg-niulab/yuyao/sensors_raw_data/S2/prev2/tan20250427t104600c00s4001-C/s2_prev2.tif,raw,/mnt/engg-niulab/yuyao/sensors_raw_data/S2/prev3/tan20250427t104600c00s4001-C/s2_prev3.tif,raw,/mnt/engg-niulab/yuyao/sensors_raw_data/S2/seasonal/tan20250427t104600c00s4001-C/s2_-90.tif,raw,/mnt/engg-niulab/yuyao/sensors_raw_data/S2/year/tan20250427t104600c00s4001-C/s2_-360.tif,raw,1,1,raw+raw+raw+raw+raw+raw,,,,,,,,,local_exact,,520.0,0.8340098403641605,S2A_MSIL2A_20250428T095041_N0511_R079_T32RNS_20250428T182104.SAFE,945c3e75-6163-4b7c-90c4-3a933e822a5d,,,,,,,,,local_exact,,520.0,0.8340098403641605,S2C_MSIL2A_20250426T095051_N0511_R079_T32RNS_20250426T145202.SAFE,e30b692f-a044-426a-a9f6-ab5294ad204c,,,,,,,,,local_exact,,520.0,0.8340098403641605,S2B_MSIL2A_20250424T100029_N0511_R122_T32RNS_20250424T124939.SAFE,bbaae0b6-30c0-48c0-895c-fea038839733,,,,,,,,,local_exact,,520.0,0.8340098403641605,S2C_MSIL2A_20250419T100051_N0511_R122_T32RNS_20250419T153118.SAFE,efd27843-0f49-4b99-979a-ce8d97bd28ce,,,,,,,,,local_exact,,520.0,0.8340098403641605,S2C_MSIL2A_20250126T095331_N0511_R079_T32RNS_20250126T133810.SAFE,d36464ce-8e3f-4d53-813b-ddd32980c0a3,,,,,,,,,local_exact,,520.0,0.8340098403641605,S2A_MSIL2A_20240424T100031_N0510_R122_T32RNS_20240424T155449.SAFE,59bb0c0a-8a05-41c9-8803-3e0b8d179542
tan20250427t104600c00s4001-H,2025-04-27T10:46:00+00,28.065841758232693,9.827580366891226,"[9.799534873661422, 28.04461487448006, 9.861369820145146, 28.09917541869229]",S2,2025-04-28T09:50:41.024000Z,945c3e75-6163-4b7c-90c4-3a933e822a5d,S2A_MSIL2A_20250428T095041_N0511_R079_T32RNS_20250428T182104.SAFE,S2|R079|20250428T0950,/mnt/engg-niulab/yuyao/sensors_raw_data/S2/t0/tan20250427t104600c00s4001-H/s2.tif,/mnt/engg-niulab/yuyao/preprocessed_512/S2/tan20250427t104600c00s4001-H/s2_0_std_512.tif,s2_download_manifest:downloaded;master:target_512_path,available,0,,expected,t0,t0_24h_window,2025-04-26T09:50:51.025000Z,e30b692f-a044-426a-a9f6-ab5294ad204c,S2C_MSIL2A_20250426T095051_N0511_R079_T32RNS_20250426T145202.SAFE,S2|R079|20250426T0950,/mnt/engg-niulab/yuyao/sensors_raw_data/S2/prev1/tan20250427t104600c00s4001-H/s2_-7.tif,,s2_download_manifest:downloaded,available,0,,expected,prev1,,2025-04-24T10:00:29.024000Z,bbaae0b6-30c0-48c0-895c-fea038839733,S2B_MSIL2A_20250424T100029_N0511_R122_T32RNS_20250424T124939.SAFE,S2|R122|20250424T1000,/mnt/engg-niulab/yuyao/sensors_raw_data/S2/prev2/tan20250427t104600c00s4001-H/s2_prev2.tif,,s2_download_manifest:downloaded,available,0,,expected,prev2,,2025-04-19T10:00:51.025000Z,efd27843-0f49-4b99-979a-ce8d97bd28ce,S2C_MSIL2A_20250419T100051_N0511_R122_T32RNS_20250419T153118.SAFE,S2|R122|20250419T1000,/mnt/engg-niulab/yuyao/sensors_raw_data/S2/prev3/tan20250427t104600c00s4001-H/s2_prev3.tif,,s2_download_manifest:downloaded,available,0,,expected,prev3,,2025-01-26T09:53:31.025000Z,d36464ce-8e3f-4d53-813b-ddd32980c0a3,S2C_MSIL2A_20250126T095331_N0511_R079_T32RNS_20250126T133810.SAFE,S2|R079|20250126T0950,/mnt/engg-niulab/yuyao/sensors_raw_data/S2/seasonal/tan20250427t104600c00s4001-H/s2_-90.tif,/mnt/engg-niulab/yuyao/preprocessed_512/S2/tan20250427t104600c00s4001-H/s2_-90_std_512.tif,master:downloaded_path;master:target_512_path,available,0,,expected,,legacy_minus90_window,2024-04-24T10:00:31.024000Z,59bb0c0a-8a05-41c9-8803-3e0b8d179542,S2A_MSIL2A_20240424T100031_N0510_R122_T32RNS_20240424T155449.SAFE,S2|R122|20240424T1000,/mnt/engg-niulab/yuyao/sensors_raw_data/S2/year/tan20250427t104600c00s4001-H/s2_-360.tif,/mnt/engg-niulab/yuyao/preprocessed_512/S2/tan20250427t104600c00s4001-H/s2_-360_std_512.tif,master:downloaded_path;master:target_512_path,available,0,,expected,,legacy_minus360_window,https://api.carbonmapper.org/api/v1/catalog/asset/l3a-vis-ch4-mfa-v3/2025/04/27/tan20250427t104600c00s4001-H/tan20250427t104600c00s4001-H_l3a-vis-ch4-mfa-v3_plume.tif,https://api.carbonmapper.org/api/v1/catalog/asset/l3a-vis-ch4-mfa-v3/2025/04/27/tan20250427t104600c00s4001-H/tan20250427t104600c00s4001-H_l3a-vis-ch4-mfa-v3_plume.png,https://api.carbonmapper.org/api/v1/catalog/asset/l3a-ime-ch4-mfa-v3/2025/04/27/tan20250427t104600c00s4001-H/tan20250427t104600c00s4001-H_l3a-ime-ch4-mfa-v3_ime-cmf-concentrations.tif,https://api.carbonmapper.org/api/v1/catalog/asset/l3a-vis-ch4-mfa-v3/2025/04/27/tan20250427t104600c00s4001-H/tan20250427t104600c00s4001-H_l3a-vis-ch4-mfa-v3_rgb.tif,https://api.carbonmapper.org/api/v1/catalog/asset/l3a-vis-ch4-mfa-v3/2025/04/27/tan20250427t104600c00s4001-H/tan20250427t104600c00s4001-H_l3a-vis-ch4-mfa-v3_rgb.png,/mnt/engg-niulab/yuyao/sensors_raw_data/S2/t0/tan20250427t104600c00s4001-H/s2.tif,raw,/mnt/engg-niulab/yuyao/sensors_raw_data/S2/prev1/tan20250427t104600c00s4001-H/s2_-7.tif,raw,/mnt/engg-niulab/yuyao/sensors_raw_data/S2/prev2/tan20250427t104600c00s4001-H/s2_prev2.tif,raw,/mnt/engg-niulab/yuyao/sensors_raw_data/S2/prev3/tan20250427t104600c00s4001-H/s2_prev3.tif,raw,/mnt/engg-niulab/yuyao/sensors_raw_data/S2/seasonal/tan20250427t104600c00s4001-H/s2_-90.tif,raw,/mnt/engg-niulab/yuyao/sensors_raw_data/S2/year/tan20250427t104600c00s4001-H/s2_-360.tif,raw,1,1,raw+raw+raw+raw+raw+raw,,,,,,,,,local_exact,,471.0,0.38167992274975404,S2A_MSIL2A_20250428T095041_N0511_R079_T32RNS_20250428T182104.SAFE,945c3e75-6163-4b7c-90c4-3a933e822a5d,,,,,,,,,local_exact,,471.0,0.38167992274975404,S2C_MSIL2A_20250426T095051_N0511_R079_T32RNS_20250426T145202.SAFE,e30b692f-a044-426a-a9f6-ab5294ad204c,,,,,,,,,local_exact,,471.0,0.38167992274975404,S2B_MSIL2A_20250424T100029_N0511_R122_T32RNS_20250424T124939.SAFE,bbaae0b6-30c0-48c0-895c-fea038839733,,,,,,,,,local_exact,,471.0,0.38167992274975404,S2C_MSIL2A_20250419T100051_N0511_R122_T32RNS_20250419T153118.SAFE,efd27843-0f49-4b99-979a-ce8d97bd28ce,,,,,,,,,local_exact,,471.0,0.38167992274975404,S2C_MSIL2A_20250126T095331_N0511_R079_T32RNS_20250126T133810.SAFE,d36464ce-8e3f-4d53-813b-ddd32980c0a3,,,,,,,,,local_exact,,471.0,0.38167992274975404,S2A_MSIL2A_20240424T100031_N0510_R122_T32RNS_20240424T155449.SAFE,59bb0c0a-8a05-41c9-8803-3e0b8d179542
tan20250427t183121c00s4001-A,2025-04-27T18:31:21+00,36.59385418371559,-107.91429325041577,"[-107.93024588174117, 36.584198525255026, -107.89162527370789, 36.6154735012435]",S2,2025-04-28T17:59:09.024000Z,68bfd06c-7542-40b2-a30e-10716b7d7ee5,S2B_MSIL2A_20250428T175909_N0511_R041_T13SBA_20250428T215813.SAFE,S2|R041|20250428T1750,/mnt/engg-niulab/yuyao/sensors_raw_data/S2/t0/tan20250427t183121c00s4001-A/s2.tif,/mnt/engg-niulab/yuyao/preprocessed_512/S2/tan20250427t183121c00s4001-A/s2_0_std_512.tif,s2_download_manifest:downloaded;master:target_512_path,available,0,,expected,t0,t0_24h_window,2025-04-25T18:07:51.024000Z,ea956f01-4e10-4c0a-a313-a07c92eab0e4,S2A_MSIL2A_20250425T180751_N0511_R041_T12SYF_20250426T024013.SAFE,S2|R041|20250425T1800,/mnt/engg-niulab/yuyao/sensors_raw_data/S2/prev1/tan20250427t183121c00s4001-A/s2_-7.tif,,s2_download_manifest:downloaded,available,0,,expected,prev1,,2025-04-25T17:49:09.024000Z,80758365-cbc7-414b-ae93-0af828f22cff,S2B_MSIL2A_20250425T174909_N0511_R141_T13SBA_20250425T214722.SAFE,S2|R141|20250425T1740,/mnt/engg-niulab/yuyao/sensors_raw_data/S2/product_crops/80758365-cbc7-414b-ae93-0af828f22cff/tan20250427t183121c00s4001-A/prev2.tif,,download_s2_missing_from_clean_table,available,0,,expected,product_crops,,2025-04-23T17:59:31.025000Z,dc552259-0805-4e97-a747-22aa735d0888,S2C_MSIL2A_20250423T175931_N0511_R041_T13SBA_20250423T232413.SAFE,S2|R041|20250423T1750,/mnt/engg-niulab/yuyao/sensors_raw_data/S2/prev3/tan20250427t183121c00s4001-A/s2_prev3.tif,,s2_download_manifest:downloaded,available,0,,expected,prev3,,2025-01-23T18:07:01.025000Z,e7b50b5b-c818-47ca-acfe-ebd99b96a699,S2C_MSIL2A_20250123T180701_N0511_R041_T12SYF_20250123T212009.SAFE,S2|R041|20250123T1800,/mnt/engg-niulab/yuyao/sensors_raw_data/S2/seasonal/tan20250427t183121c00s4001-A/s2_-90.tif,/mnt/engg-niulab/yuyao/preprocessed_512/S2/tan20250427t183121c00s4001-A/s2_-90_std_512.tif,master:downloaded_path;master:target_512_path,available,0,,expected,,legacy_minus90_window,2024-04-30T17:49:09.024000Z,f2d05143-1970-4a23-978b-433e7180fa91,S2B_MSIL2A_20240430T174909_N0510_R141_T13SBA_20240430T214032.SAFE,S2|R141|20240430T1740,/mnt/engg-niulab/yuyao/sensors_raw_data/S2/year/tan20250427t183121c00s4001-A/s2_-360.tif,/mnt/engg-niulab/yuyao/preprocessed_512/S2/tan20250427t183121c00s4001-A/s2_-360_std_512.tif,master:downloaded_path;master:target_512_path,available,0,,expected,,legacy_minus360_window,https://api.carbonmapper.org/api/v1/catalog/asset/l3a-vis-ch4-mfa-v3/2025/04/27/tan20250427t183121c00s4001-A/tan20250427t183121c00s4001-A_l3a-vis-ch4-mfa-v3_plume.tif,https://api.carbonmapper.org/api/v1/catalog/asset/l3a-vis-ch4-mfa-v3/2025/04/27/tan20250427t183121c00s4001-A/tan20250427t183121c00s4001-A_l3a-vis-ch4-mfa-v3_plume.png,https://api.carbonmapper.org/api/v1/catalog/asset/l3a-ime-ch4-mfa-v3/2025/04/27/tan20250427t183121c00s4001-A/tan20250427t183121c00s4001-A_l3a-ime-ch4-mfa-v3_ime-cmf-concentrations.tif,https://api.carbonmapper.org/api/v1/catalog/asset/l3a-vis-ch4-mfa-v3/2025/04/27/tan20250427t183121c00s4001-A/tan20250427t183121c00s4001-A_l3a-vis-ch4-mfa-v3_rgb.tif,https://api.carbonmapper.org/api/v1/catalog/asset/l3a-vis-ch4-mfa-v3/2025/04/27/tan20250427t183121c00s4001-A/tan20250427t183121c00s4001-A_l3a-vis-ch4-mfa-v3_rgb.png,/mnt/engg-niulab/yuyao/sensors_raw_data/S2/t0/tan20250427t183121c00s4001-A/s2.tif,raw,/mnt/engg-niulab/yuyao/sensors_raw_data/S2/prev1/tan20250427t183121c00s4001-A/s2_-7.tif,raw,/mnt/engg-niulab/yuyao/sensors_raw_data/S2/product_crops/80758365-cbc7-414b-ae93-0af828f22cff/tan20250427t183121c00s4001-A/prev2.tif,raw,/mnt/engg-niulab/yuyao/sensors_raw_data/S2/prev3/tan20250427t183121c00s4001-A/s2_prev3.tif,raw,/mnt/engg-niulab/yuyao/sensors_raw_data/S2/seasonal/tan20250427t183121c00s4001-A/s2_-90.tif,raw,/mnt/engg-niulab/yuyao/sensors_raw_data/S2/year/tan20250427t183121c00s4001-A/s2_-360.tif,raw,1,1,raw+raw+raw+raw+raw+raw,,,,,,,,,local_exact,,1709.0,0.6114072453001427,S2B_MSIL2A_20250428T175909_N0511_R041_T13SBA_20250428T215813.SAFE,68bfd06c-7542-40b2-a30e-10716b7d7ee5,,,,,,,,,local_exact,,1430.0,0.36928674759110436,S2A_MSIL2A_20250425T180751_N0511_R041_T12SYF_20250426T024013.SAFE,ea956f01-4e10-4c0a-a313-a07c92eab0e4,S2B_13SBA_20250425_0_L2A,https://sentinel-s2-l2a.s3.amazonaws.com/tiles/13/S/BA/2025/4/25/0/R20m,https://sentinel-cogs.s3.us-west-2.amazonaws.com/sentinel-s2-l2a-cogs/13/S/BA/2025/4/S2B_13SBA_20250425_0_L2A,1000,S2B_MSIL2A_20250425T174909_N0511_R141_T13SBA_20250425T214722.SAFE,,,,stac_exact,,1709.0,0.6114072453001427,S2B_MSIL2A_20250425T174909_N0511_R141_T13SBA_20250425T214722.SAFE,80758365-cbc7-414b-ae93-0af828f22cff,,,,,,,,,local_exact,,1709.0,0.6114072453001427,S2C_MSIL2A_20250423T175931_N0511_R041_T13SBA_20250423T232413.SAFE,dc552259-0805-4e97-a747-22aa735d0888,,,,,,,,,local_exact,,1430.0,0.36928674759110436,S2C_MSIL2A_20250123T180701_N0511_R041_T12SYF_20250123T212009.SAFE,e7b50b5b-c818-47ca-acfe-ebd99b96a699,,,,,,,,,local_exact,,1709.0,0.6114072453001427,S2B_MSIL2A_20240430T174909_N0510_R141_T13SBA_20240430T214032.SAFE,f2d05143-1970-4a23-978b-433e7180fa91
tan20250516t055035c00s4001-A,2025-05-16T05:50:35+00,45.61941567703303,85.41692692601544,"[85.3920406440471, 45.603294829877655, 85.43635455494376, 45.634289261674404]",S2,2025-05-17T05:06:49.024000Z,4070bcdb-13f9-446a-a03b-9fd44926d1a0,S2B_MSIL2A_20250517T050649_N0511_R019_T45TUL_20250517T074224.SAFE,S2|R019|20250517T0500,/mnt/engg-niulab/yuyao/sensors_raw_data/S2/t0/tan20250516t055035c00s4001-A/s2.tif,/mnt/engg-niulab/yuyao/preprocessed_512/S2/tan20250516t055035c00s4001-A/s2_0_std_512.tif,s2_download_manifest:downloaded;master:target_512_path,available,0,,expected,t0,t0_24h_window,2025-05-15T05:17:11.025000Z,c7228fe1-25c3-49e1-8767-f8a013b03a3d,S2C_MSIL2A_20250515T051711_N0511_R062_T45TUL_20250515T091614.SAFE,S2|R062|20250515T0510,/mnt/engg-niulab/yuyao/sensors_raw_data/S2/prev1/tan20250516t055035c00s4001-A/s2_-7.tif,,s2_download_manifest:downloaded,available,0,,expected,prev1,,2025-05-14T05:12:41.024000Z,a0130d31-ebb4-4fae-8f6e-4a16c42c3976,S2A_MSIL2A_20250514T051241_N0511_R019_T45TUL_20250514T075816.SAFE,S2|R019|20250514T0510,/mnt/engg-niulab/yuyao/sensors_raw_data/S2/prev2/tan20250516t055035c00s4001-A/s2_prev2.tif,,s2_download_manifest:downloaded,available,0,,expected,prev2,,2025-05-07T05:06:59.024000Z,ae4a1d19-ee41-4a26-bad5-329ded6d279a,S2B_MSIL2A_20250507T050659_N0511_R019_T45TUL_20250507T074549.SAFE,S2|R019|20250507T0500,/mnt/engg-niulab/yuyao/sensors_raw_data/S2/prev3/tan20250516t055035c00s4001-A/s2_prev3.tif,,s2_download_manifest:downloaded,available,0,,expected,prev3,,2025-02-14T05:19:41.025000Z,0f73f518-2cce-4ab6-9363-513cea93a116,S2C_MSIL2A_20250214T051941_N0511_R062_T45TUL_20250214T084613.SAFE,S2|R062|20250214T0510,/mnt/engg-niulab/yuyao/sensors_raw_data/S2/seasonal/tan20250516t055035c00s4001-A/s2_-90.tif,/mnt/engg-niulab/yuyao/preprocessed_512/S2/tan20250516t055035c00s4001-A/s2_-90_std_512.tif,master:downloaded_path;master:target_512_path,available,0,,expected,,legacy_minus90_window,2024-05-15T05:16:49.024000Z,c3716ccc-1b76-4bc5-8e35-fec60ea51df2,S2B_MSIL2A_20240515T051649_N0510_R062_T45TUL_20240515T074641.SAFE,S2|R062|20240515T0510,/mnt/engg-niulab/yuyao/sensors_raw_data/S2/year/tan20250516t055035c00s4001-A/s2_-360.tif,/mnt/engg-niulab/yuyao/preprocessed_512/S2/tan20250516t055035c00s4001-A/s2_-360_std_512.tif,master:downloaded_path;master:target_512_path,available,0,,expected,,legacy_minus360_window,https://api.carbonmapper.org/api/v1/catalog/asset/l3a-vis-ch4-mfa-v3/2025/05/16/tan20250516t055035c00s4001-A/tan20250516t055035c00s4001-A_l3a-vis-ch4-mfa-v3_plume.tif,https://api.carbonmapper.org/api/v1/catalog/asset/l3a-vis-ch4-mfa-v3/2025/05/16/tan20250516t055035c00s4001-A/tan20250516t055035c00s4001-A_l3a-vis-ch4-mfa-v3_plume.png,https://api.carbonmapper.org/api/v1/catalog/asset/l3a-ime-ch4-mfa-v3/2025/05/16/tan20250516t055035c00s4001-A/tan20250516t055035c00s4001-A_l3a-ime-ch4-mfa-v3_ime-cmf-concentrations.tif,https://api.carbonmapper.org/api/v1/catalog/asset/l3a-vis-ch4-mfa-v3/2025/05/16/tan20250516t055035c00s4001-A/tan20250516t055035c00s4001-A_l3a-vis-ch4-mfa-v3_rgb.tif,https://api.carbonmapper.org/api/v1/catalog/asset/l3a-vis-ch4-mfa-v3/2025/05/16/tan20250516t055035c00s4001-A/tan20250516t055035c00s4001-A_l3a-vis-ch4-mfa-v3_rgb.png,/mnt/engg-niulab/yuyao/sensors_raw_data/S2/t0/tan20250516t055035c00s4001-A/s2.tif,raw,/mnt/engg-niulab/yuyao/sensors_raw_data/S2/prev1/tan20250516t055035c00s4001-A/s2_-7.tif,raw,/mnt/engg-niulab/yuyao/sensors_raw_data/S2/prev2/tan20250516t055035c00s4001-A/s2_prev2.tif,raw,/mnt/engg-niulab/yuyao/sensors_raw_data/S2/prev3/tan20250516t055035c00s4001-A/s2_prev3.tif,raw,/mnt/engg-niulab/yuyao/sensors_raw_data/S2/seasonal/tan20250516t055035c00s4001-A/s2_-90.tif,raw,/mnt/engg-niulab/yuyao/sensors_raw_data/S2/year/tan20250516t055035c00s4001-A/s2_-360.tif,raw,1,1,raw+raw+raw+raw+raw+raw,,,,,,,,,local_exact,,1405.0,0.8938307895150501,S2B_MSIL2A_20250517T050649_N0511_R019_T45TUL_20250517T074224.SAFE,4070bcdb-13f9-446a-a03b-9fd44926d1a0,,,,,,,,,local_exact,,1405.0,0.8938307895150501,S2C_MSIL2A_20250515T051711_N0511_R062_T45TUL_20250515T091614.SAFE,c7228fe1-25c3-49e1-8767-f8a013b03a3d,,,,,,,,,local_exact,,1405.0,0.8938307895150501,S2A_MSIL2A_20250514T051241_N0511_R019_T45TUL_20250514T075816.SAFE,a0130d31-ebb4-4fae-8f6e-4a16c42c3976,,,,,,,,,local_exact,,1405.0,0.8938307895150501,S2B_MSIL2A_20250507T050659_N0511_R019_T45TUL_20250507T074549.SAFE,ae4a1d19-ee41-4a26-bad5-329ded6d279a,,,,,,,,,local_exact,,1405.0,0.8938307895150501,S2C_MSIL2A_20250214T051941_N0511_R062_T45TUL_20250214T084613.SAFE,0f73f518-2cce-4ab6-9363-513cea93a116,,,,,,,,,local_exact,,1405.0,0.8938307895150501,S2B_MSIL2A_20240515T051649_N0510_R062_T45TUL_20240515T074641.SAFE,c3716ccc-1b76-4bc5-8e35-fec60ea51df2
tan20250601t060447c30s4001-B,2025-06-01T06:04:47+00,54.53636338408501,86.13293387957145,"[86.10916512716715, 54.52160693534969, 86.16207838152059, 54.55230602482743]",S2,2025-06-02T05:26:49.024000Z,bd1bf860-6d56-4da7-abc6-0b58769f136a,S2B_MSIL2A_20250602T052649_N0511_R105_T45UVA_20250602T074411.SAFE,S2|R105|20250602T0520,/mnt/engg-niulab/yuyao/sensors_raw_data/S2/t0/tan20250601t060447c30s4001-B/s2.tif,/mnt/engg-niulab/yuyao/preprocessed_512/S2/tan20250601t060447c30s4001-B/s2_0_std_512.tif,s2_download_manifest:downloaded;master:target_512_path,available,0,,expected,t0,t0_24h_window,2025-05-01T05:37:01.025000Z,1a6e895b-67ed-4f10-8e23-b5e36ffffb26,S2C_MSIL2A_20250501T053701_N0511_R005_T45UVA_20250501T090514.SAFE,S2|R005|20250501T0530,/mnt/engg-niulab/yuyao/sensors_raw_data/S2/prev1/tan20250601t060447c30s4001-B/s2_-7.tif,,s2_download_manifest:downloaded,available,0,,expected,prev1,,2025-04-26T05:36:39.024000Z,5610de68-6264-413b-9b82-c89f5a36bc22,S2B_MSIL2A_20250426T053639_N0511_R005_T45UVA_20250426T074533.SAFE,S2|R005|20250426T0530,/mnt/engg-niulab/yuyao/sensors_raw_data/S2/prev2/tan20250601t060447c30s4001-B/s2_prev2.tif,,s2_download_manifest:downloaded,available,0,,expected,prev2,,2025-04-16T05:36:49.024000Z,d84461df-1e24-4b40-8dc3-84615883025e,S2B_MSIL2A_20250416T053649_N0511_R005_T45UVA_20250416T074446.SAFE,S2|R005|20250416T0530,/mnt/engg-niulab/yuyao/sensors_raw_data/S2/prev3/tan20250601t060447c30s4001-B/s2_prev3.tif,,s2_download_manifest:downloaded,available,0,,expected,prev3,,2025-02-17T05:29:31.025000Z,f5131c81-05ae-4581-8c61-544d5143c3e7,S2C_MSIL2A_20250217T052931_N0511_R105_T45UVA_20250217T084611.SAFE,S2|R105|20250217T0520,/mnt/engg-niulab/yuyao/sensors_raw_data/S2/seasonal/tan20250601t060447c30s4001-B/s2_-90.tif,/mnt/engg-niulab/yuyao/preprocessed_512/S2/tan20250601t060447c30s4001-B/s2_-90_std_512.tif,master:downloaded_path;master:target_512_path,available,0,,expected,,legacy_minus90_window,2024-05-13T05:26:51.024000Z,71126a86-60dd-42cc-8480-a7cce6772117,S2A_MSIL2A_20240513T052651_N0510_R105_T45UVA_20240513T135054.SAFE,S2|R105|20240513T0520,/mnt/engg-niulab/yuyao/sensors_raw_data/S2/year/tan20250601t060447c30s4001-B/s2_-360.tif,/mnt/engg-niulab/yuyao/preprocessed_512/S2/tan20250601t060447c30s4001-B/s2_-360_std_512.tif,master:downloaded_path;master:target_512_path,available,0,,expected,,legacy_minus360_window,https://api.carbonmapper.org/api/v1/catalog/asset/l3a-vis-ch4-mfa-v3/2025/06/01/tan20250601t060447c30s4001-B/tan20250601t060447c30s4001-B_l3a-vis-ch4-mfa-v3_plume.tif,https://api.carbonmapper.org/api/v1/catalog/asset/l3a-vis-ch4-mfa-v3/2025/06/01/tan20250601t060447c30s4001-B/tan20250601t060447c30s4001-B_l3a-vis-ch4-mfa-v3_plume.png,https://api.carbonmapper.org/api/v1/catalog/asset/l3a-ime-ch4-mfa-v3/2025/06/01/tan20250601t060447c30s4001-B/tan20250601t060447c30s4001-B_l3a-ime-ch4-mfa-v3_ime-cmf-concentrations.tif,https://api.carbonmapper.org/api/v1/catalog/asset/l3a-vis-ch4-mfa-v3/2025/06/01/tan20250601t060447c30s4001-B/tan20250601t060447c30s4001-B_l3a-vis-ch4-mfa-v3_rgb.tif,https://api.carbonmapper.org/api/v1/catalog/asset/l3a-vis-ch4-mfa-v3/2025/06/01/tan20250601t060447c30s4001-B/tan20250601t060447c30s4001-B_l3a-vis-ch4-mfa-v3_rgb.png,/mnt/engg-niulab/yuyao/sensors_raw_data/S2/t0/tan20250601t060447c30s4001-B/s2.tif,raw,/mnt/engg-niulab/yuyao/sensors_raw_data/S2/prev1/tan20250601t060447c30s4001-B/s2_-7.tif,raw,/mnt/engg-niulab/yuyao/sensors_raw_data/S2/prev2/tan20250601t060447c30s4001-B/s2_prev2.tif,raw,/mnt/engg-niulab/yuyao/sensors_raw_data/S2/prev3/tan20250601t060447c30s4001-B/s2_prev3.tif,raw,/mnt/engg-niulab/yuyao/sensors_raw_data/S2/seasonal/tan20250601t060447c30s4001-B/s2_-90.tif,raw,/mnt/engg-niulab/yuyao/sensors_raw_data/S2/year/tan20250601t060447c30s4001-B/s2_-360.tif,raw,1,1,raw+raw+raw+raw+raw+raw,,,,,,,,,local_exact,,1940.0,0.9014719493497978,S2B_MSIL2A_20250602T052649_N0511_R105_T45UVA_20250602T074411.SAFE,bd1bf860-6d56-4da7-abc6-0b58769f136a,,,,,,,,,local_exact,,1940.0,0.9014719493497978,S2C_MSIL2A_20250501T053701_N0511_R005_T45UVA_20250501T090514.SAFE,1a6e895b-67ed-4f10-8e23-b5e36ffffb26,,,,,,,,,local_exact,,1940.0,0.9014719493497978,S2B_MSIL2A_20250426T053639_N0511_R005_T45UVA_20250426T074533.SAFE,5610de68-6264-413b-9b82-c89f5a36bc22,,,,,,,,,local_exact,,1940.0,0.9014719493497978,S2B_MSIL2A_20250416T053649_N0511_R005_T45UVA_20250416T074446.SAFE,d84461df-1e24-4b40-8dc3-84615883025e,,,,,,,,,local_exact,,1940.0,0.9014719493497978,S2C_MSIL2A_20250217T052931_N0511_R105_T45UVA_20250217T084611.SAFE,f5131c81-05ae-4581-8c61-544d5143c3e7,,,,,,,,,local_exact,,1940.0,0.9014719493497978,S2A_MSIL2A_20240513T052651_N0510_R105_T45UVA_20240513T135054.SAFE,71126a86-60dd-42cc-8480-a7cce6772117
tan20250601t060447c30s4001-C,2025-06-01T06:04:47+00,54.57330505700415,86.05971994243237,"[86.04291857726817, 54.55779759519746, 86.09587814481813, 54.5884963024948]",S2,2025-06-02T05:26:49.024000Z,bd1bf860-6d56-4da7-abc6-0b58769f136a,S2B_MSIL2A_20250602T052649_N0511_R105_T45UVA_20250602T074411.SAFE,S2|R105|20250602T0520,/mnt/engg-niulab/yuyao/sensors_raw_data/S2/t0/tan20250601t060447c30s4001-C/s2.tif,/mnt/engg-niulab/yuyao/preprocessed_512/S2/tan20250601t060447c30s4001-C/s2_0_std_512.tif,s2_download_manifest:downloaded;master:target_512_path,available,0,,expected,t0,t0_24h_window,2025-05-01T05:37:01.025000Z,1a6e895b-67ed-4f10-8e23-b5e36ffffb26,S2C_MSIL2A_20250501T053701_N0511_R005_T45UVA_20250501T090514.SAFE,S2|R005|20250501T0530,/mnt/engg-niulab/yuyao/sensors_raw_data/S2/prev1/tan20250601t060447c30s4001-C/s2_-7.tif,,s2_download_manifest:downloaded,available,0,,expected,prev1,,2025-04-26T05:36:39.024000Z,5610de68-6264-413b-9b82-c89f5a36bc22,S2B_MSIL2A_20250426T053639_N0511_R005_T45UVA_20250426T074533.SAFE,S2|R005|20250426T0530,/mnt/engg-niulab/yuyao/sensors_raw_data/S2/prev2/tan20250601t060447c30s4001-C/s2_prev2.tif,,s2_download_manifest:downloaded,available,0,,expected,prev2,,2025-04-16T05:36:49.024000Z,d84461df-1e24-4b40-8dc3-84615883025e,S2B_MSIL2A_20250416T053649_N0511_R005_T45UVA_20250416T074446.SAFE,S2|R005|20250416T0530,/mnt/engg-niulab/yuyao/sensors_raw_data/S2/prev3/tan20250601t060447c30s4001-C/s2_prev3.tif,,s2_download_manifest:downloaded,available,0,,expected,prev3,,2025-02-17T05:29:31.025000Z,f5131c81-05ae-4581-8c61-544d5143c3e7,S2C_MSIL2A_20250217T052931_N0511_R105_T45UVA_20250217T084611.SAFE,S2|R105|20250217T0520,/mnt/engg-niulab/yuyao/sensors_raw_data/S2/seasonal/tan20250601t060447c30s4001-C/s2_-90.tif,/mnt/engg-niulab/yuyao/preprocessed_512/S2/tan20250601t060447c30s4001-C/s2_-90_std_512.tif,master:downloaded_path;master:target_512_path,available,0,,expected,,legacy_minus90_window,2024-05-13T05:26:51.024000Z,71126a86-60dd-42cc-8480-a7cce6772117,S2A_MSIL2A_20240513T052651_N0510_R105_T45UVA_20240513T135054.SAFE,S2|R105|20240513T0520,/mnt/engg-niulab/yuyao/sensors_raw_data/S2/year/tan20250601t060447c30s4001-C/s2_-360.tif,/mnt/engg-niulab/yuyao/preprocessed_512/S2/tan20250601t060447c30s4001-C/s2_-360_std_512.tif,master:downloaded_path;master:target_512_path,available,0,,expected,,legacy_minus360_window,https://api.carbonmapper.org/api/v1/catalog/asset/l3a-vis-ch4-mfa-v3/2025/06/01/tan20250601t060447c30s4001-C/tan20250601t060447c30s4001-C_l3a-vis-ch4-mfa-v3_plume.tif,https://api.carbonmapper.org/api/v1/catalog/asset/l3a-vis-ch4-mfa-v3/2025/06/01/tan20250601t060447c30s4001-C/tan20250601t060447c30s4001-C_l3a-vis-ch4-mfa-v3_plume.png,https://api.carbonmapper.org/api/v1/catalog/asset/l3a-ime-ch4-mfa-v3/2025/06/01/tan20250601t060447c30s4001-C/tan20250601t060447c30s4001-C_l3a-ime-ch4-mfa-v3_ime-cmf-concentrations.tif,https://api.carbonmapper.org/api/v1/catalog/asset/l3a-vis-ch4-mfa-v3/2025/06/01/tan20250601t060447c30s4001-C/tan20250601t060447c30s4001-C_l3a-vis-ch4-mfa-v3_rgb.tif,https://api.carbonmapper.org/api/v1/catalog/asset/l3a-vis-ch4-mfa-v3/2025/06/01/tan20250601t060447c30s4001-C/tan20250601t060447c30s4001-C_l3a-vis-ch4-mfa-v3_rgb.png,/mnt/engg-niulab/yuyao/sensors_raw_data/S2/t0/tan20250601t060447c30s4001-C/s2.tif,raw,/mnt/engg-niulab/yuyao/sensors_raw_data/S2/prev1/tan20250601t060447c30s4001-C/s2_-7.tif,raw,/mnt/engg-niulab/yuyao/sensors_raw_data/S2/prev2/tan20250601t060447c30s4001-C/s2_prev2.tif,raw,/mnt/engg-niulab/yuyao/sensors_raw_data/S2/prev3/tan20250601t060447c30s4001-C/s2_prev3.tif,raw,/mnt/engg-niulab/yuyao/sensors_raw_data/S2/seasonal/tan20250601t060447c30s4001-C/s2_-90.tif,raw,/mnt/engg-niulab/yuyao/sensors_raw_data/S2/year/tan20250601t060447c30s4001-C/s2_-360.tif,raw,1,1,raw+raw+raw+raw+raw+raw,,,,,,,,,local_exact,,1706.0,0.7971814975862799,S2B_MSIL2A_20250602T052649_N0511_R105_T45UVA_20250602T074411.SAFE,bd1bf860-6d56-4da7-abc6-0b58769f136a,,,,,,,,,local_exact,,1706.0,0.7971814975862799,S2C_MSIL2A_20250501T053701_N0511_R005_T45UVA_20250501T090514.SAFE,1a6e895b-67ed-4f10-8e23-b5e36ffffb26,,,,,,,,,local_exact,,1706.0,0.7971814975862799,S2B_MSIL2A_20250426T053639_N0511_R005_T45UVA_20250426T074533.SAFE,5610de68-6264-413b-9b82-c89f5a36bc22,,,,,,,,,local_exact,,1706.0,0.7971814975862799,S2B_MSIL2A_20250416T053649_N0511_R005_T45UVA_20250416T074446.SAFE,d84461df-1e24-4b40-8dc3-84615883025e,,,,,,,,,local_exact,,1706.0,0.7971814975862799,S2C_MSIL2A_20250217T052931_N0511_R105_T45UVA_20250217T084611.SAFE,f5131c81-05ae-4581-8c61-544d5143c3e7,,,,,,,,,local_exact,,1706.0,0.7971814975862799,S2A_MSIL2A_20240513T052651_N0510_R105_T45UVA_20240513T135054.SAFE,71126a86-60dd-42cc-8480-a7cce6772117
tan20250601t060447c30s4001-G,2025-06-01T06:04:47+00,54.61262598491834,86.17950552622142,"[86.16590372661125, 54.60503154908237, 86.21892530720284, 54.63573057483363]",S2,2025-06-02T05:26:49.024000Z,bd1bf860-6d56-4da7-abc6-0b58769f136a,S2B_MSIL2A_20250602T052649_N0511_R105_T45UVA_20250602T074411.SAFE,S2|R105|20250602T0520,/mnt/engg-niulab/yuyao/sensors_raw_data/S2/t0/tan20250601t060447c30s4001-G/s2.tif,/mnt/engg-niulab/yuyao/preprocessed_512/S2/tan20250601t060447c30s4001-G/s2_0_std_512.tif,s2_download_manifest:downloaded;master:target_512_path,available,0,,expected,t0,t0_24h_window,2025-04-26T05:36:39.024000Z,5610de68-6264-413b-9b82-c89f5a36bc22,S2B_MSIL2A_20250426T053639_N0511_R005_T45UVA_20250426T074533.SAFE,S2|R005|20250426T0530,/mnt/engg-niulab/yuyao/sensors_raw_data/S2/prev1/tan20250601t060447c30s4001-G/s2_-7.tif,,s2_download_manifest:downloaded,available,0,,expected,prev1,,2025-04-16T05:36:49.024000Z,d84461df-1e24-4b40-8dc3-84615883025e,S2B_MSIL2A_20250416T053649_N0511_R005_T45UVA_20250416T074446.SAFE,S2|R005|20250416T0530,/mnt/engg-niulab/yuyao/sensors_raw_data/S2/prev2/tan20250601t060447c30s4001-G/s2_prev2.tif,,s2_download_manifest:downloaded,available,0,,expected,prev2,,2025-04-13T05:26:49.024000Z,e7a1a246-bb2d-4657-93aa-0ce4b333b4ed,S2B_MSIL2A_20250413T052649_N0511_R105_T45UVA_20250413T073235.SAFE,S2|R105|20250413T0520,/mnt/engg-niulab/yuyao/sensors_raw_data/S2/prev3/tan20250601t060447c30s4001-G/s2_prev3.tif,,s2_download_manifest:downloaded,available,0,,expected,prev3,,2025-02-17T05:29:31.025000Z,f5131c81-05ae-4581-8c61-544d5143c3e7,S2C_MSIL2A_20250217T052931_N0511_R105_T45UVA_20250217T084611.SAFE,S2|R105|20250217T0520,/mnt/engg-niulab/yuyao/sensors_raw_data/S2/seasonal/tan20250601t060447c30s4001-G/s2_-90.tif,/mnt/engg-niulab/yuyao/preprocessed_512/S2/tan20250601t060447c30s4001-G/s2_-90_std_512.tif,master:downloaded_path;master:target_512_path,available,0,,expected,,legacy_minus90_window,2024-05-13T05:26:51.024000Z,71126a86-60dd-42cc-8480-a7cce6772117,S2A_MSIL2A_20240513T052651_N0510_R105_T45UVA_20240513T135054.SAFE,S2|R105|20240513T0520,/mnt/engg-niulab/yuyao/sensors_raw_data/S2/year/tan20250601t060447c30s4001-G/s2_-360.tif,/mnt/engg-niulab/yuyao/preprocessed_512/S2/tan20250601t060447c30s4001-G/s2_-360_std_512.tif,master:downloaded_path;master:target_512_path,available,0,,expected,,legacy_minus360_window,https://api.carbonmapper.org/api/v1/catalog/asset/l3a-vis-ch4-mfa-v3/2025/06/01/tan20250601t060447c30s4001-G/tan20250601t060447c30s4001-G_l3a-vis-ch4-mfa-v3_plume.tif,https://api.carbonmapper.org/api/v1/catalog/asset/l3a-vis-ch4-mfa-v3/2025/06/01/tan20250601t060447c30s4001-G/tan20250601t060447c30s4001-G_l3a-vis-ch4-mfa-v3_plume.png,https://api.carbonmapper.org/api/v1/catalog/asset/l3a-ime-ch4-mfa-v3/2025/06/01/tan20250601t060447c30s4001-G/tan20250601t060447c30s4001-G_l3a-ime-ch4-mfa-v3_ime-cmf-concentrations.tif,https://api.carbonmapper.org/api/v1/catalog/asset/l3a-vis-ch4-mfa-v3/2025/06/01/tan20250601t060447c30s4001-G/tan20250601t060447c30s4001-G_l3a-vis-ch4-mfa-v3_rgb.tif,https://api.carbonmapper.org/api/v1/catalog/asset/l3a-vis-ch4-mfa-v3/2025/06/01/tan20250601t060447c30s4001-G/tan20250601t060447c30s4001-G_l3a-vis-ch4-mfa-v3_rgb.png,/mnt/engg-niulab/yuyao/sensors_raw_data/S2/t0/tan20250601t060447c30s4001-G/s2.tif,raw,/mnt/engg-niulab/yuyao/sensors_raw_data/S2/prev1/tan20250601t060447c30s4001-G/s2_-7.tif,raw,/mnt/engg-niulab/yuyao/sensors_raw_data/S2/prev2/tan20250601t060447c30s4001-G/s2_prev2.tif,raw,/mnt/engg-niulab/yuyao/sensors_raw_data/S2/prev3/tan20250601t060447c30s4001-G/s2_prev3.tif,raw,/mnt/engg-niulab/yuyao/sensors_raw_data/S2/seasonal/tan20250601t060447c30s4001-G/s2_-90.tif,raw,/mnt/engg-niulab/yuyao/sensors_raw_data/S2/year/tan20250601t060447c30s4001-G/s2_-360.tif,raw,1,1,raw+raw+raw+raw+raw+raw,,,,,,,,,local_exact,,2096.0,0.5161105116094404,S2B_MSIL2A_20250602T052649_N0511_R105_T45UVA_20250602T074411.SAFE,bd1bf860-6d56-4da7-abc6-0b58769f136a,,,,,,,,,local_exact,,2096.0,0.5161105116094404,S2B_MSIL2A_20250426T053639_N0511_R005_T45UVA_20250426T074533.SAFE,5610de68-6264-413b-9b82-c89f5a36bc22,,,,,,,,,local_exact,,2096.0,0.5161105116094404,S2B_MSIL2A_20250416T053649_N0511_R005_T45UVA_20250416T074446.SAFE,d84461df-1e24-4b40-8dc3-84615883025e,,,,,,,,,local_exact,,2096.0,0.5161105116094404,S2B_MSIL2A_20250413T052649_N0511_R105_T45UVA_20250413T073235.SAFE,e7a1a246-bb2d-4657-93aa-0ce4b333b4ed,,,,,,,,,local_exact,,2096.0,0.5161105116094404,S2C_MSIL2A_20250217T052931_N0511_R105_T45UVA_20250217T084611.SAFE,f5131c81-05ae-4581-8c61-544d5143c3e7,,,,,,,,,local_exact,,2096.0,0.5161105116094404,S2A_MSIL2A_20240513T052651_N0510_R105_T45UVA_20240513T135054.SAFE,71126a86-60dd-42cc-8480-a7cce6772117
tan20250601t060447c30s4001-H,2025-06-01T06:04:47+00,54.64912828947834,86.15389990822456,"[86.12759320260673, 54.63632310039327, 86.18065440367418, 54.666752251446056]",S2,2025-06-02T05:26:49.024000Z,bd1bf860-6d56-4da7-abc6-0b58769f136a,S2B_MSIL2A_20250602T052649_N0511_R105_T45UVA_20250602T074411.SAFE,S2|R105|20250602T0520,/mnt/engg-niulab/yuyao/sensors_raw_data/S2/t0/tan20250601t060447c30s4001-H/s2.tif,/mnt/engg-niulab/yuyao/preprocessed_512/S2/tan20250601t060447c30s4001-H/s2_0_std_512.tif,s2_download_manifest:downloaded;master:target_512_path,available,0,,expected,t0,t0_24h_window,2025-05-01T05:37:01.025000Z,1a6e895b-67ed-4f10-8e23-b5e36ffffb26,S2C_MSIL2A_20250501T053701_N0511_R005_T45UVA_20250501T090514.SAFE,S2|R005|20250501T0530,/mnt/engg-niulab/yuyao/sensors_raw_data/S2/prev1/tan20250601t060447c30s4001-H/s2_-7.tif,,s2_download_manifest:downloaded,available,0,,expected,prev1,,2025-04-26T05:36:39.024000Z,5610de68-6264-413b-9b82-c89f5a36bc22,S2B_MSIL2A_20250426T053639_N0511_R005_T45UVA_20250426T074533.SAFE,S2|R005|20250426T0530,/mnt/engg-niulab/yuyao/sensors_raw_data/S2/prev2/tan20250601t060447c30s4001-H/s2_prev2.tif,,s2_download_manifest:downloaded,available,0,,expected,prev2,,2025-04-16T05:36:49.024000Z,d84461df-1e24-4b40-8dc3-84615883025e,S2B_MSIL2A_20250416T053649_N0511_R005_T45UVA_20250416T074446.SAFE,S2|R005|20250416T0530,/mnt/engg-niulab/yuyao/sensors_raw_data/S2/prev3/tan20250601t060447c30s4001-H/s2_prev3.tif,,s2_download_manifest:downloaded,available,0,,expected,prev3,,2025-02-17T05:29:31.025000Z,f5131c81-05ae-4581-8c61-544d5143c3e7,S2C_MSIL2A_20250217T052931_N0511_R105_T45UVA_20250217T084611.SAFE,S2|R105|20250217T0520,/mnt/engg-niulab/yuyao/sensors_raw_data/S2/seasonal/tan20250601t060447c30s4001-H/s2_-90.tif,/mnt/engg-niulab/yuyao/preprocessed_512/S2/tan20250601t060447c30s4001-H/s2_-90_std_512.tif,master:downloaded_path;master:target_512_path,available,0,,expected,,legacy_minus90_window,2024-05-13T05:26:51.024000Z,71126a86-60dd-42cc-8480-a7cce6772117,S2A_MSIL2A_20240513T052651_N0510_R105_T45UVA_20240513T135054.SAFE,S2|R105|20240513T0520,/mnt/engg-niulab/yuyao/sensors_raw_data/S2/year/tan20250601t060447c30s4001-H/s2_-360.tif,/mnt/engg-niulab/yuyao/preprocessed_512/S2/tan20250601t060447c30s4001-H/s2_-360_std_512.tif,master:downloaded_path;master:target_512_path,available,0,,expected,,legacy_minus360_window,https://api.carbonmapper.org/api/v1/catalog/asset/l3a-vis-ch4-mfa-v3/2025/06/01/tan20250601t060447c30s4001-H/tan20250601t060447c30s4001-H_l3a-vis-ch4-mfa-v3_plume.tif,https://api.carbonmapper.org/api/v1/catalog/asset/l3a-vis-ch4-mfa-v3/2025/06/01/tan20250601t060447c30s4001-H/tan20250601t060447c30s4001-H_l3a-vis-ch4-mfa-v3_plume.png,https://api.carbonmapper.org/api/v1/catalog/asset/l3a-ime-ch4-mfa-v3/2025/06/01/tan20250601t060447c30s4001-H/tan20250601t060447c30s4001-H_l3a-ime-ch4-mfa-v3_ime-cmf-concentrations.tif,https://api.carbonmapper.org/api/v1/catalog/asset/l3a-vis-ch4-mfa-v3/2025/06/01/tan20250601t060447c30s4001-H/tan20250601t060447c30s4001-H_l3a-vis-ch4-mfa-v3_rgb.tif,https://api.carbonmapper.org/api/v1/catalog/asset/l3a-vis-ch4-mfa-v3/2025/06/01/tan20250601t060447c30s4001-H/tan20250601t060447c30s4001-H_l3a-vis-ch4-mfa-v3_rgb.png,/mnt/engg-niulab/yuyao/sensors_raw_data/S2/t0/tan20250601t060447c30s4001-H/s2.tif,raw,/mnt/engg-niulab/yuyao/sensors_raw_data/S2/prev1/tan20250601t060447c30s4001-H/s2_-7.tif,raw,/mnt/engg-niulab/yuyao/sensors_raw_data/S2/prev2/tan20250601t060447c30s4001-H/s2_prev2.tif,raw,/mnt/engg-niulab/yuyao/sensors_raw_data/S2/prev3/tan20250601t060447c30s4001-H/s2_prev3.tif,raw,/mnt/engg-niulab/yuyao/sensors_raw_data/S2/seasonal/tan20250601t060447c30s4001-H/s2_-90.tif,raw,/mnt/engg-niulab/yuyao/sensors_raw_data/S2/year/tan20250601t060447c30s4001-H/s2_-360.tif,raw,1,1,raw+raw+raw+raw+raw+raw,,,,,,,,,local_exact,,1941.0,0.2797606282256311,S2B_MSIL2A_20250602T052649_N0511_R105_T45UVA_20250602T074411.SAFE,bd1bf860-6d56-4da7-abc6-0b58769f136a,,,,,,,,,local_exact,,1941.0,0.2797606282256311,S2C_MSIL2A_20250501T053701_N0511_R005_T45UVA_20250501T090514.SAFE,1a6e895b-67ed-4f10-8e23-b5e36ffffb26,,,,,,,,,local_exact,,1941.0,0.2797606282256311,S2B_MSIL2A_20250426T053639_N0511_R005_T45UVA_20250426T074533.SAFE,5610de68-6264-413b-9b82-c89f5a36bc22,,,,,,,,,local_exact,,1941.0,0.2797606282256311,S2B_MSIL2A_20250416T053649_N0511_R005_T45UVA_20250416T074446.SAFE,d84461df-1e24-4b40-8dc3-84615883025e,,,,,,,,,local_exact,,1941.0,0.2797606282256311,S2C_MSIL2A_20250217T052931_N0511_R105_T45UVA_20250217T084611.SAFE,f5131c81-05ae-4581-8c61-544d5143c3e7,,,,,,,,,local_exact,,1941.0,0.2797606282256311,S2A_MSIL2A_20240513T052651_N0510_R105_T45UVA_20240513T135054.SAFE,71126a86-60dd-42cc-8480-a7cce6772117
tan20250601t060447c30s4001-K,2025-06-01T06:04:47+00,54.596007226730734,86.16957433163071,"[86.14409596348342, 54.58116174218304, 86.197086458622, 54.61186076653989]",S2,2025-06-02T05:26:49.024000Z,bd1bf860-6d56-4da7-abc6-0b58769f136a,S2B_MSIL2A_20250602T052649_N0511_R105_T45UVA_20250602T074411.SAFE,S2|R105|20250602T0520,/mnt/engg-niulab/yuyao/sensors_raw_data/S2/t0/tan20250601t060447c30s4001-K/s2.tif,/mnt/engg-niulab/yuyao/preprocessed_512/S2/tan20250601t060447c30s4001-K/s2_0_std_512.tif,s2_download_manifest:downloaded;master:target_512_path,available,0,,expected,t0,t0_24h_window,2025-05-01T05:37:01.025000Z,1a6e895b-67ed-4f10-8e23-b5e36ffffb26,S2C_MSIL2A_20250501T053701_N0511_R005_T45UVA_20250501T090514.SAFE,S2|R005|20250501T0530,/mnt/engg-niulab/yuyao/sensors_raw_data/S2/prev1/tan20250601t060447c30s4001-K/s2_-7.tif,,s2_download_manifest:downloaded,available,0,,expected,prev1,,2025-04-26T05:36:39.024000Z,5610de68-6264-413b-9b82-c89f5a36bc22,S2B_MSIL2A_20250426T053639_N0511_R005_T45UVA_20250426T074533.SAFE,S2|R005|20250426T0530,/mnt/engg-niulab/yuyao/sensors_raw_data/S2/prev2/tan20250601t060447c30s4001-K/s2_prev2.tif,,s2_download_manifest:downloaded,available,0,,expected,prev2,,2025-04-16T05:36:49.024000Z,d84461df-1e24-4b40-8dc3-84615883025e,S2B_MSIL2A_20250416T053649_N0511_R005_T45UVA_20250416T074446.SAFE,S2|R005|20250416T0530,/mnt/engg-niulab/yuyao/sensors_raw_data/S2/prev3/tan20250601t060447c30s4001-K/s2_prev3.tif,,s2_download_manifest:downloaded,available,0,,expected,prev3,,2025-02-17T05:29:31.025000Z,f5131c81-05ae-4581-8c61-544d5143c3e7,S2C_MSIL2A_20250217T052931_N0511_R105_T45UVA_20250217T084611.SAFE,S2|R105|20250217T0520,/mnt/engg-niulab/yuyao/sensors_raw_data/S2/seasonal/tan20250601t060447c30s4001-K/s2_-90.tif,/mnt/engg-niulab/yuyao/preprocessed_512/S2/tan20250601t060447c30s4001-K/s2_-90_std_512.tif,master:downloaded_path;master:target_512_path,available,0,,expected,,legacy_minus90_window,2024-05-13T05:26:51.024000Z,71126a86-60dd-42cc-8480-a7cce6772117,S2A_MSIL2A_20240513T052651_N0510_R105_T45UVA_20240513T135054.SAFE,S2|R105|20240513T0520,/mnt/engg-niulab/yuyao/sensors_raw_data/S2/year/tan20250601t060447c30s4001-K/s2_-360.tif,/mnt/engg-niulab/yuyao/preprocessed_512/S2/tan20250601t060447c30s4001-K/s2_-360_std_512.tif,master:downloaded_path;master:target_512_path,available,0,,expected,,legacy_minus360_window,https://api.carbonmapper.org/api/v1/catalog/asset/l3a-vis-ch4-mfa-v3/2025/06/01/tan20250601t060447c30s4001-K/tan20250601t060447c30s4001-K_l3a-vis-ch4-mfa-v3_plume.tif,https://api.carbonmapper.org/api/v1/catalog/asset/l3a-vis-ch4-mfa-v3/2025/06/01/tan20250601t060447c30s4001-K/tan20250601t060447c30s4001-K_l3a-vis-ch4-mfa-v3_plume.png,https://api.carbonmapper.org/api/v1/catalog/asset/l3a-ime-ch4-mfa-v3/2025/06/01/tan20250601t060447c30s4001-K/tan20250601t060447c30s4001-K_l3a-ime-ch4-mfa-v3_ime-cmf-concentrations.tif,https://api.carbonmapper.org/api/v1/catalog/asset/l3a-vis-ch4-mfa-v3/2025/06/01/tan20250601t060447c30s4001-K/tan20250601t060447c30s4001-K_l3a-vis-ch4-mfa-v3_rgb.tif,https://api.carbonmapper.org/api/v1/catalog/asset/l3a-vis-ch4-mfa-v3/2025/06/01/tan20250601t060447c30s4001-K/tan20250601t060447c30s4001-K_l3a-vis-ch4-mfa-v3_rgb.png,/mnt/engg-niulab/yuyao/sensors_raw_data/S2/t0/tan20250601t060447c30s4001-K/s2.tif,raw,/mnt/engg-niulab/yuyao/sensors_raw_data/S2/prev1/tan20250601t060447c30s4001-K/s2_-7.tif,raw,/mnt/engg-niulab/yuyao/sensors_raw_data/S2/prev2/tan20250601t060447c30s4001-K/s2_prev2.tif,raw,/mnt/engg-niulab/yuyao/sensors_raw_data/S2/prev3/tan20250601t060447c30s4001-K/s2_prev3.tif,raw,/mnt/engg-niulab/yuyao/sensors_raw_data/S2/seasonal/tan20250601t060447c30s4001-K/s2_-90.tif,raw,/mnt/engg-niulab/yuyao/sensors_raw_data/S2/year/tan20250601t060447c30s4001-K/s2_-360.tif,raw,1,1,raw+raw+raw+raw+raw+raw,,,,,,,,,local_exact,,2063.0,0.35528299448196776,S2B_MSIL2A_20250602T052649_N0511_R105_T45UVA_20250602T074411.SAFE,bd1bf860-6d56-4da7-abc6-0b58769f136a,,,,,,,,,local_exact,,2063.0,0.35528299448196776,S2C_MSIL2A_20250501T053701_N0511_R005_T45UVA_20250501T090514.SAFE,1a6e895b-67ed-4f10-8e23-b5e36ffffb26,,,,,,,,,local_exact,,2063.0,0.35528299448196776,S2B_MSIL2A_20250426T053639_N0511_R005_T45UVA_20250426T074533.SAFE,5610de68-6264-413b-9b82-c89f5a36bc22,,,,,,,,,local_exact,,2063.0,0.35528299448196776,S2B_MSIL2A_20250416T053649_N0511_R005_T45UVA_20250416T074446.SAFE,d84461df-1e24-4b40-8dc3-84615883025e,,,,,,,,,local_exact,,2063.0,0.35528299448196776,S2C_MSIL2A_20250217T052931_N0511_R105_T45UVA_20250217T084611.SAFE,f5131c81-05ae-4581-8c61-544d5143c3e7,,,,,,,,,local_exact,,2063.0,0.35528299448196776,S2A_MSIL2A_20240513T052651_N0510_R105_T45UVA_20240513T135054.SAFE,71126a86-60dd-42cc-8480-a7cce6772117
tan20250601t060447c30s4001-N,2025-06-01T06:04:47+00,54.60526997165442,86.16064678428381,"[86.13461284878758, 54.590531566015365, 86.18715031736599, 54.62096123542938]",S2,2025-06-02T05:26:49.024000Z,bd1bf860-6d56-4da7-abc6-0b58769f136a,S2B_MSIL2A_20250602T052649_N0511_R105_T45UVA_20250602T074411.SAFE,S2|R105|20250602T0520,/mnt/engg-niulab/yuyao/sensors_raw_data/S2/t0/tan20250601t060447c30s4001-N/s2.tif,/mnt/engg-niulab/yuyao/preprocessed_512/S2/tan20250601t060447c30s4001-N/s2_0_std_512.tif,s2_download_manifest:downloaded;master:target_512_path,available,0,,expected,t0,t0_24h_window,2025-05-01T05:37:01.025000Z,1a6e895b-67ed-4f10-8e23-b5e36ffffb26,S2C_MSIL2A_20250501T053701_N0511_R005_T45UVA_20250501T090514.SAFE,S2|R005|20250501T0530,/mnt/engg-niulab/yuyao/sensors_raw_data/S2/prev1/tan20250601t060447c30s4001-N/s2_-7.tif,,s2_download_manifest:downloaded,available,0,,expected,prev1,,2025-04-26T05:36:39.024000Z,5610de68-6264-413b-9b82-c89f5a36bc22,S2B_MSIL2A_20250426T053639_N0511_R005_T45UVA_20250426T074533.SAFE,S2|R005|20250426T0530,/mnt/engg-niulab/yuyao/sensors_raw_data/S2/prev2/tan20250601t060447c30s4001-N/s2_prev2.tif,,s2_download_manifest:downloaded,available,0,,expected,prev2,,2025-04-16T05:36:49.024000Z,d84461df-1e24-4b40-8dc3-84615883025e,S2B_MSIL2A_20250416T053649_N0511_R005_T45UVA_20250416T074446.SAFE,S2|R005|20250416T0530,/mnt/engg-niulab/yuyao/sensors_raw_data/S2/prev3/tan20250601t060447c30s4001-N/s2_prev3.tif,,s2_download_manifest:downloaded,available,0,,expected,prev3,,2025-02-17T05:29:31.025000Z,f5131c81-05ae-4581-8c61-544d5143c3e7,S2C_MSIL2A_20250217T052931_N0511_R105_T45UVA_20250217T084611.SAFE,S2|R105|20250217T0520,/mnt/engg-niulab/yuyao/sensors_raw_data/S2/seasonal/tan20250601t060447c30s4001-N/s2_-90.tif,/mnt/engg-niulab/yuyao/preprocessed_512/S2/tan20250601t060447c30s4001-N/s2_-90_std_512.tif,master:downloaded_path;master:target_512_path,available,0,,expected,,legacy_minus90_window,2024-05-13T05:26:51.024000Z,71126a86-60dd-42cc-8480-a7cce6772117,S2A_MSIL2A_20240513T052651_N0510_R105_T45UVA_20240513T135054.SAFE,S2|R105|20240513T0520,/mnt/engg-niulab/yuyao/sensors_raw_data/S2/year/tan20250601t060447c30s4001-N/s2_-360.tif,/mnt/engg-niulab/yuyao/preprocessed_512/S2/tan20250601t060447c30s4001-N/s2_-360_std_512.tif,master:downloaded_path;master:target_512_path,available,0,,expected,,legacy_minus360_window,https://api.carbonmapper.org/api/v1/catalog/asset/l3a-vis-ch4-mfa-v3/2025/06/01/tan20250601t060447c30s4001-N/tan20250601t060447c30s4001-N_l3a-vis-ch4-mfa-v3_plume.tif,https://api.carbonmapper.org/api/v1/catalog/asset/l3a-vis-ch4-mfa-v3/2025/06/01/tan20250601t060447c30s4001-N/tan20250601t060447c30s4001-N_l3a-vis-ch4-mfa-v3_plume.png,https://api.carbonmapper.org/api/v1/catalog/asset/l3a-ime-ch4-mfa-v3/2025/06/01/tan20250601t060447c30s4001-N/tan20250601t060447c30s4001-N_l3a-ime-ch4-mfa-v3_ime-cmf-concentrations.tif,https://api.carbonmapper.org/api/v1/catalog/asset/l3a-vis-ch4-mfa-v3/2025/06/01/tan20250601t060447c30s4001-N/tan20250601t060447c30s4001-N_l3a-vis-ch4-mfa-v3_rgb.tif,https://api.carbonmapper.org/api/v1/catalog/asset/l3a-vis-ch4-mfa-v3/2025/06/01/tan20250601t060447c30s4001-N/tan20250601t060447c30s4001-N_l3a-vis-ch4-mfa-v3_rgb.png,/mnt/engg-niulab/yuyao/sensors_raw_data/S2/t0/tan20250601t060447c30s4001-N/s2.tif,raw,/mnt/engg-niulab/yuyao/sensors_raw_data/S2/prev1/tan20250601t060447c30s4001-N/s2_-7.tif,raw,/mnt/engg-niulab/yuyao/sensors_raw_data/S2/prev2/tan20250601t060447c30s4001-N/s2_prev2.tif,raw,/mnt/engg-niulab/yuyao/sensors_raw_data/S2/prev3/tan20250601t060447c30s4001-N/s2_prev3.tif,raw,/mnt/engg-niulab/yuyao/sensors_raw_data/S2/seasonal/tan20250601t060447c30s4001-N/s2_-90.tif,raw,/mnt/engg-niulab/yuyao/sensors_raw_data/S2/year/tan20250601t060447c30s4001-N/s2_-360.tif,raw,1,1,raw+raw+raw+raw+raw+raw,,,,,,,,,local_exact,,2035.0,0.42823138256790116,S2B_MSIL2A_20250602T052649_N0511_R105_T45UVA_20250602T074411.SAFE,bd1bf860-6d56-4da7-abc6-0b58769f136a,,,,,,,,,local_exact,,2035.0,0.42823138256790116,S2C_MSIL2A_20250501T053701_N0511_R005_T45UVA_20250501T090514.SAFE,1a6e895b-67ed-4f10-8e23-b5e36ffffb26,,,,,,,,,local_exact,,2035.0,0.42823138256790116,S2B_MSIL2A_20250426T053639_N0511_R005_T45UVA_20250426T074533.SAFE,5610de68-6264-413b-9b82-c89f5a36bc22,,,,,,,,,local_exact,,2035.0,0.42823138256790116,S2B_MSIL2A_20250416T053649_N0511_R005_T45UVA_20250416T074446.SAFE,d84461df-1e24-4b40-8dc3-84615883025e,,,,,,,,,local_exact,,2035.0,0.42823138256790116,S2C_MSIL2A_20250217T052931_N0511_R105_T45UVA_20250217T084611.SAFE,f5131c81-05ae-4581-8c61-544d5143c3e7,,,,,,,,,local_exact,,2035.0,0.42823138256790116,S2A_MSIL2A_20240513T052651_N0510_R105_T45UVA_20240513T135054.SAFE,71126a86-60dd-42cc-8480-a7cce6772117
tan20250601t060447c30s4001-O,2025-06-01T06:04:47+00,54.611694852567325,86.14974417074916,"[86.12754103150236, 54.595340391490886, 86.18054902537928, 54.62576967647285]",S2,2025-06-02T05:26:49.024000Z,bd1bf860-6d56-4da7-abc6-0b58769f136a,S2B_MSIL2A_20250602T052649_N0511_R105_T45UVA_20250602T074411.SAFE,S2|R105|20250602T0520,/mnt/engg-niulab/yuyao/sensors_raw_data/S2/t0/tan20250601t060447c30s4001-O/s2.tif,/mnt/engg-niulab/yuyao/preprocessed_512/S2/tan20250601t060447c30s4001-O/s2_0_std_512.tif,s2_download_manifest:downloaded;master:target_512_path,available,0,,expected,t0,t0_24h_window,2025-05-01T05:37:01.025000Z,1a6e895b-67ed-4f10-8e23-b5e36ffffb26,S2C_MSIL2A_20250501T053701_N0511_R005_T45UVA_20250501T090514.SAFE,S2|R005|20250501T0530,/mnt/engg-niulab/yuyao/sensors_raw_data/S2/prev1/tan20250601t060447c30s4001-O/s2_-7.tif,,s2_download_manifest:downloaded,available,0,,expected,prev1,,2025-04-26T05:36:39.024000Z,5610de68-6264-413b-9b82-c89f5a36bc22,S2B_MSIL2A_20250426T053639_N0511_R005_T45UVA_20250426T074533.SAFE,S2|R005|20250426T0530,/mnt/engg-niulab/yuyao/sensors_raw_data/S2/prev2/tan20250601t060447c30s4001-O/s2_prev2.tif,,s2_download_manifest:downloaded,available,0,,expected,prev2,,2025-04-16T05:36:49.024000Z,d84461df-1e24-4b40-8dc3-84615883025e,S2B_MSIL2A_20250416T053649_N0511_R005_T45UVA_20250416T074446.SAFE,S2|R005|20250416T0530,/mnt/engg-niulab/yuyao/sensors_raw_data/S2/prev3/tan20250601t060447c30s4001-O/s2_prev3.tif,,s2_download_manifest:downloaded,available,0,,expected,prev3,,2025-02-17T05:29:31.025000Z,f5131c81-05ae-4581-8c61-544d5143c3e7,S2C_MSIL2A_20250217T052931_N0511_R105_T45UVA_20250217T084611.SAFE,S2|R105|20250217T0520,/mnt/engg-niulab/yuyao/sensors_raw_data/S2/seasonal/tan20250601t060447c30s4001-O/s2_-90.tif,/mnt/engg-niulab/yuyao/preprocessed_512/S2/tan20250601t060447c30s4001-O/s2_-90_std_512.tif,master:downloaded_path;master:target_512_path,available,0,,expected,,legacy_minus90_window,2024-05-13T05:26:51.024000Z,71126a86-60dd-42cc-8480-a7cce6772117,S2A_MSIL2A_20240513T052651_N0510_R105_T45UVA_20240513T135054.SAFE,S2|R105|20240513T0520,/mnt/engg-niulab/yuyao/sensors_raw_data/S2/year/tan20250601t060447c30s4001-O/s2_-360.tif,/mnt/engg-niulab/yuyao/preprocessed_512/S2/tan20250601t060447c30s4001-O/s2_-360_std_512.tif,master:downloaded_path;master:target_512_path,available,0,,expected,,legacy_minus360_window,https://api.carbonmapper.org/api/v1/catalog/asset/l3a-vis-ch4-mfa-v3/2025/06/01/tan20250601t060447c30s4001-O/tan20250601t060447c30s4001-O_l3a-vis-ch4-mfa-v3_plume.tif,https://api.carbonmapper.org/api/v1/catalog/asset/l3a-vis-ch4-mfa-v3/2025/06/01/tan20250601t060447c30s4001-O/tan20250601t060447c30s4001-O_l3a-vis-ch4-mfa-v3_plume.png,https://api.carbonmapper.org/api/v1/catalog/asset/l3a-ime-ch4-mfa-v3/2025/06/01/tan20250601t060447c30s4001-O/tan20250601t060447c30s4001-O_l3a-ime-ch4-mfa-v3_ime-cmf-concentrations.tif,https://api.carbonmapper.org/api/v1/catalog/asset/l3a-vis-ch4-mfa-v3/2025/06/01/tan20250601t060447c30s4001-O/tan20250601t060447c30s4001-O_l3a-vis-ch4-mfa-v3_rgb.tif,https://api.carbonmapper.org/api/v1/catalog/asset/l3a-vis-ch4-mfa-v3/2025/06/01/tan20250601t060447c30s4001-O/tan20250601t060447c30s4001-O_l3a-vis-ch4-mfa-v3_rgb.png,/mnt/engg-niulab/yuyao/sensors_raw_data/S2/t0/tan20250601t060447c30s4001-O/s2.tif,raw,/mnt/engg-niulab/yuyao/sensors_raw_data/S2/prev1/tan20250601t060447c30s4001-O/s2_-7.tif,raw,/mnt/engg-niulab/yuyao/sensors_raw_data/S2/prev2/tan20250601t060447c30s4001-O/s2_prev2.tif,raw,/mnt/engg-niulab/yuyao/sensors_raw_data/S2/prev3/tan20250601t060447c30s4001-O/s2_prev3.tif,raw,/mnt/engg-niulab/yuyao/sensors_raw_data/S2/seasonal/tan20250601t060447c30s4001-O/s2_-90.tif,raw,/mnt/engg-niulab/yuyao/sensors_raw_data/S2/year/tan20250601t060447c30s4001-O/s2_-360.tif,raw,1,1,raw+raw+raw+raw+raw+raw,,,,,,,,,local_exact,,2000.0,0.35240559959129314,S2B_MSIL2A_20250602T052649_N0511_R105_T45UVA_20250602T074411.SAFE,bd1bf860-6d56-4da7-abc6-0b58769f136a,,,,,,,,,local_exact,,2000.0,0.35240559959129314,S2C_MSIL2A_20250501T053701_N0511_R005_T45UVA_20250501T090514.SAFE,1a6e895b-67ed-4f10-8e23-b5e36ffffb26,,,,,,,,,local_exact,,2000.0,0.35240559959129314,S2B_MSIL2A_20250426T053639_N0511_R005_T45UVA_20250426T074533.SAFE,5610de68-6264-413b-9b82-c89f5a36bc22,,,,,,,,,local_exact,,2000.0,0.35240559959129314,S2B_MSIL2A_20250416T053649_N0511_R005_T45UVA_20250416T074446.SAFE,d84461df-1e24-4b40-8dc3-84615883025e,,,,,,,,,local_exact,,2000.0,0.35240559959129314,S2C_MSIL2A_20250217T052931_N0511_R105_T45UVA_20250217T084611.SAFE,f5131c81-05ae-4581-8c61-544d5143c3e7,,,,,,,,,local_exact,,2000.0,0.35240559959129314,S2A_MSIL2A_20240513T052651_N0510_R105_T45UVA_20240513T135054.SAFE,71126a86-60dd-42cc-8480-a7cce6772117
tan20250601t060447c30s4001-P,2025-06-01T06:04:47+00,54.61875460591676,86.16447144408454,"[86.14083800739986, 54.60351516281427, 86.19339296831656, 54.63421444581566]",S2,2025-06-02T05:26:49.024000Z,bd1bf860-6d56-4da7-abc6-0b58769f136a,S2B_MSIL2A_20250602T052649_N0511_R105_T45UVA_20250602T074411.SAFE,S2|R105|20250602T0520,/mnt/engg-niulab/yuyao/sensors_raw_data/S2/t0/tan20250601t060447c30s4001-P/s2.tif,/mnt/engg-niulab/yuyao/preprocessed_512/S2/tan20250601t060447c30s4001-P/s2_0_std_512.tif,s2_download_manifest:downloaded;master:target_512_path,available,0,,expected,t0,t0_24h_window,2025-05-01T05:37:01.025000Z,1a6e895b-67ed-4f10-8e23-b5e36ffffb26,S2C_MSIL2A_20250501T053701_N0511_R005_T45UVA_20250501T090514.SAFE,S2|R005|20250501T0530,/mnt/engg-niulab/yuyao/sensors_raw_data/S2/prev1/tan20250601t060447c30s4001-P/s2_-7.tif,,s2_download_manifest:downloaded,available,0,,expected,prev1,,2025-04-26T05:36:39.024000Z,5610de68-6264-413b-9b82-c89f5a36bc22,S2B_MSIL2A_20250426T053639_N0511_R005_T45UVA_20250426T074533.SAFE,S2|R005|20250426T0530,/mnt/engg-niulab/yuyao/sensors_raw_data/S2/prev2/tan20250601t060447c30s4001-P/s2_prev2.tif,,s2_download_manifest:downloaded,available,0,,expected,prev2,,2025-04-16T05:36:49.024000Z,d84461df-1e24-4b40-8dc3-84615883025e,S2B_MSIL2A_20250416T053649_N0511_R005_T45UVA_20250416T074446.SAFE,S2|R005|20250416T0530,/mnt/engg-niulab/yuyao/sensors_raw_data/S2/prev3/tan20250601t060447c30s4001-P/s2_prev3.tif,,s2_download_manifest:downloaded,available,0,,expected,prev3,,2025-02-17T05:29:31.025000Z,f5131c81-05ae-4581-8c61-544d5143c3e7,S2C_MSIL2A_20250217T052931_N0511_R105_T45UVA_20250217T084611.SAFE,S2|R105|20250217T0520,/mnt/engg-niulab/yuyao/sensors_raw_data/S2/seasonal/tan20250601t060447c30s4001-P/s2_-90.tif,/mnt/engg-niulab/yuyao/preprocessed_512/S2/tan20250601t060447c30s4001-P/s2_-90_std_512.tif,master:downloaded_path;master:target_512_path,available,0,,expected,,legacy_minus90_window,2024-05-13T05:26:51.024000Z,71126a86-60dd-42cc-8480-a7cce6772117,S2A_MSIL2A_20240513T052651_N0510_R105_T45UVA_20240513T135054.SAFE,S2|R105|20240513T0520,/mnt/engg-niulab/yuyao/sensors_raw_data/S2/year/tan20250601t060447c30s4001-P/s2_-360.tif,/mnt/engg-niulab/yuyao/preprocessed_512/S2/tan20250601t060447c30s4001-P/s2_-360_std_512.tif,master:downloaded_path;master:target_512_path,available,0,,expected,,legacy_minus360_window,https://api.carbonmapper.org/api/v1/catalog/asset/l3a-vis-ch4-mfa-v3/2025/06/01/tan20250601t060447c30s4001-P/tan20250601t060447c30s4001-P_l3a-vis-ch4-mfa-v3_plume.tif,https://api.carbonmapper.org/api/v1/catalog/asset/l3a-vis-ch4-mfa-v3/2025/06/01/tan20250601t060447c30s4001-P/tan20250601t060447c30s4001-P_l3a-vis-ch4-mfa-v3_plume.png,https://api.carbonmapper.org/api/v1/catalog/asset/l3a-ime-ch4-mfa-v3/2025/06/01/tan20250601t060447c30s4001-P/tan20250601t060447c30s4001-P_l3a-ime-ch4-mfa-v3_ime-cmf-concentrations.tif,https://api.carbonmapper.org/api/v1/catalog/asset/l3a-vis-ch4-mfa-v3/2025/06/01/tan20250601t060447c30s4001-P/tan20250601t060447c30s4001-P_l3a-vis-ch4-mfa-v3_rgb.tif,https://api.carbonmapper.org/api/v1/catalog/asset/l3a-vis-ch4-mfa-v3/2025/06/01/tan20250601t060447c30s4001-P/tan20250601t060447c30s4001-P_l3a-vis-ch4-mfa-v3_rgb.png,/mnt/engg-niulab/yuyao/sensors_raw_data/S2/t0/tan20250601t060447c30s4001-P/s2.tif,raw,/mnt/engg-niulab/yuyao/sensors_raw_data/S2/prev1/tan20250601t060447c30s4001-P/s2_-7.tif,raw,/mnt/engg-niulab/yuyao/sensors_raw_data/S2/prev2/tan20250601t060447c30s4001-P/s2_prev2.tif,raw,/mnt/engg-niulab/yuyao/sensors_raw_data/S2/prev3/tan20250601t060447c30s4001-P/s2_prev3.tif,raw,/mnt/engg-niulab/yuyao/sensors_raw_data/S2/seasonal/tan20250601t060447c30s4001-P/s2_-90.tif,raw,/mnt/engg-niulab/yuyao/sensors_raw_data/S2/year/tan20250601t060447c30s4001-P/s2_-360.tif,raw,1,1,raw+raw+raw+raw+raw+raw,,,,,,,,,local_exact,,2048.0,0.5550329750985838,S2B_MSIL2A_20250602T052649_N0511_R105_T45UVA_20250602T074411.SAFE,bd1bf860-6d56-4da7-abc6-0b58769f136a,,,,,,,,,local_exact,,2048.0,0.5550329750985838,S2C_MSIL2A_20250501T053701_N0511_R005_T45UVA_20250501T090514.SAFE,1a6e895b-67ed-4f10-8e23-b5e36ffffb26,,,,,,,,,local_exact,,2048.0,0.5550329750985838,S2B_MSIL2A_20250426T053639_N0511_R005_T45UVA_20250426T074533.SAFE,5610de68-6264-413b-9b82-c89f5a36bc22,,,,,,,,,local_exact,,2048.0,0.5550329750985838,S2B_MSIL2A_20250416T053649_N0511_R005_T45UVA_20250416T074446.SAFE,d84461df-1e24-4b40-8dc3-84615883025e,,,,,,,,,local_exact,,2048.0,0.5550329750985838,S2C_MSIL2A_20250217T052931_N0511_R105_T45UVA_20250217T084611.SAFE,f5131c81-05ae-4581-8c61-544d5143c3e7,,,,,,,,,local_exact,,2048.0,0.5550329750985838,S2A_MSIL2A_20240513T052651_N0510_R105_T45UVA_20240513T135054.SAFE,71126a86-60dd-42cc-8480-a7cce6772117
tan20250601t060447c30s4001-Q,2025-06-01T06:04:47+00,54.65143143259127,86.14758415696036,"[86.12759320260673, 54.63632310039327, 86.18065440367418, 54.666752251446056]",S2,2025-06-02T05:26:49.024000Z,bd1bf860-6d56-4da7-abc6-0b58769f136a,S2B_MSIL2A_20250602T052649_N0511_R105_T45UVA_20250602T074411.SAFE,S2|R105|20250602T0520,/mnt/engg-niulab/yuyao/sensors_raw_data/S2/t0/tan20250601t060447c30s4001-Q/s2.tif,/mnt/engg-niulab/yuyao/preprocessed_512/S2/tan20250601t060447c30s4001-Q/s2_0_std_512.tif,s2_download_manifest:downloaded;master:target_512_path,available,0,,expected,t0,t0_24h_window,2025-05-01T05:37:01.025000Z,1a6e895b-67ed-4f10-8e23-b5e36ffffb26,S2C_MSIL2A_20250501T053701_N0511_R005_T45UVA_20250501T090514.SAFE,S2|R005|20250501T0530,/mnt/engg-niulab/yuyao/sensors_raw_data/S2/prev1/tan20250601t060447c30s4001-Q/s2_-7.tif,,s2_download_manifest:downloaded,available,0,,expected,prev1,,2025-04-26T05:36:39.024000Z,5610de68-6264-413b-9b82-c89f5a36bc22,S2B_MSIL2A_20250426T053639_N0511_R005_T45UVA_20250426T074533.SAFE,S2|R005|20250426T0530,/mnt/engg-niulab/yuyao/sensors_raw_data/S2/prev2/tan20250601t060447c30s4001-Q/s2_prev2.tif,,s2_download_manifest:downloaded,available,0,,expected,prev2,,2025-04-16T05:36:49.024000Z,d84461df-1e24-4b40-8dc3-84615883025e,S2B_MSIL2A_20250416T053649_N0511_R005_T45UVA_20250416T074446.SAFE,S2|R005|20250416T0530,/mnt/engg-niulab/yuyao/sensors_raw_data/S2/prev3/tan20250601t060447c30s4001-Q/s2_prev3.tif,,s2_download_manifest:downloaded,available,0,,expected,prev3,,2025-02-17T05:29:31.025000Z,f5131c81-05ae-4581-8c61-544d5143c3e7,S2C_MSIL2A_20250217T052931_N0511_R105_T45UVA_20250217T084611.SAFE,S2|R105|20250217T0520,/mnt/engg-niulab/yuyao/sensors_raw_data/S2/seasonal/tan20250601t060447c30s4001-Q/s2_-90.tif,/mnt/engg-niulab/yuyao/preprocessed_512/S2/tan20250601t060447c30s4001-Q/s2_-90_std_512.tif,master:downloaded_path;master:target_512_path,available,0,,expected,,legacy_minus90_window,2024-05-13T05:26:51.024000Z,71126a86-60dd-42cc-8480-a7cce6772117,S2A_MSIL2A_20240513T052651_N0510_R105_T45UVA_20240513T135054.SAFE,S2|R105|20240513T0520,/mnt/engg-niulab/yuyao/sensors_raw_data/S2/year/tan20250601t060447c30s4001-Q/s2_-360.tif,/mnt/engg-niulab/yuyao/preprocessed_512/S2/tan20250601t060447c30s4001-Q/s2_-360_std_512.tif,master:downloaded_path;master:target_512_path,available,0,,expected,,legacy_minus360_window,https://api.carbonmapper.org/api/v1/catalog/asset/l3a-vis-ch4-mfa-v3/2025/06/01/tan20250601t060447c30s4001-Q/tan20250601t060447c30s4001-Q_l3a-vis-ch4-mfa-v3_plume.tif,https://api.carbonmapper.org/api/v1/catalog/asset/l3a-vis-ch4-mfa-v3/2025/06/01/tan20250601t060447c30s4001-Q/tan20250601t060447c30s4001-Q_l3a-vis-ch4-mfa-v3_plume.png,https://api.carbonmapper.org/api/v1/catalog/asset/l3a-ime-ch4-mfa-v3/2025/06/01/tan20250601t060447c30s4001-Q/tan20250601t060447c30s4001-Q_l3a-ime-ch4-mfa-v3_ime-cmf-concentrations.tif,https://api.carbonmapper.org/api/v1/catalog/asset/l3a-vis-ch4-mfa-v3/2025/06/01/tan20250601t060447c30s4001-Q/tan20250601t060447c30s4001-Q_l3a-vis-ch4-mfa-v3_rgb.tif,https://api.carbonmapper.org/api/v1/catalog/asset/l3a-vis-ch4-mfa-v3/2025/06/01/tan20250601t060447c30s4001-Q/tan20250601t060447c30s4001-Q_l3a-vis-ch4-mfa-v3_rgb.png,/mnt/engg-niulab/yuyao/sensors_raw_data/S2/t0/tan20250601t060447c30s4001-Q/s2.tif,raw,/mnt/engg-niulab/yuyao/sensors_raw_data/S2/prev1/tan20250601t060447c30s4001-Q/s2_-7.tif,raw,/mnt/engg-niulab/yuyao/sensors_raw_data/S2/prev2/tan20250601t060447c30s4001-Q/s2_prev2.tif,raw,/mnt/engg-niulab/yuyao/sensors_raw_data/S2/prev3/tan20250601t060447c30s4001-Q/s2_prev3.tif,raw,/mnt/engg-niulab/yuyao/sensors_raw_data/S2/seasonal/tan20250601t060447c30s4001-Q/s2_-90.tif,raw,/mnt/engg-niulab/yuyao/sensors_raw_data/S2/year/tan20250601t060447c30s4001-Q/s2_-360.tif,raw,1,1,raw+raw+raw+raw+raw+raw,,,,,,,,,local_exact,,1928.0,0.10559083271073177,S2B_MSIL2A_20250602T052649_N0511_R105_T45UVA_20250602T074411.SAFE,bd1bf860-6d56-4da7-abc6-0b58769f136a,,,,,,,,,local_exact,,1928.0,0.10559083271073177,S2C_MSIL2A_20250501T053701_N0511_R005_T45UVA_20250501T090514.SAFE,1a6e895b-67ed-4f10-8e23-b5e36ffffb26,,,,,,,,,local_exact,,1928.0,0.10559083271073177,S2B_MSIL2A_20250426T053639_N0511_R005_T45UVA_20250426T074533.SAFE,5610de68-6264-413b-9b82-c89f5a36bc22,,,,,,,,,local_exact,,1928.0,0.10559083271073177,S2B_MSIL2A_20250416T053649_N0511_R005_T45UVA_20250416T074446.SAFE,d84461df-1e24-4b40-8dc3-84615883025e,,,,,,,,,local_exact,,1928.0,0.10559083271073177,S2C_MSIL2A_20250217T052931_N0511_R105_T45UVA_20250217T084611.SAFE,f5131c81-05ae-4581-8c61-544d5143c3e7,,,,,,,,,local_exact,,1928.0,0.10559083271073177,S2A_MSIL2A_20240513T052651_N0510_R105_T45UVA_20240513T135054.SAFE,71126a86-60dd-42cc-8480-a7cce6772117
tan20250601t060447c30s4001-S,2025-06-01T06:04:47+00,54.59370838510188,86.17282325054526,"[86.14597626435418, 54.580361963269056, 86.19850074338478, 54.61079170839609]",S2,2025-06-02T05:26:49.024000Z,bd1bf860-6d56-4da7-abc6-0b58769f136a,S2B_MSIL2A_20250602T052649_N0511_R105_T45UVA_20250602T074411.SAFE,S2|R105|20250602T0520,/mnt/engg-niulab/yuyao/sensors_raw_data/S2/t0/tan20250601t060447c30s4001-S/s2.tif,/mnt/engg-niulab/yuyao/preprocessed_512/S2/tan20250601t060447c30s4001-S/s2_0_std_512.tif,s2_download_manifest:downloaded;master:target_512_path,available,0,,expected,t0,t0_24h_window,2025-05-01T05:37:01.025000Z,1a6e895b-67ed-4f10-8e23-b5e36ffffb26,S2C_MSIL2A_20250501T053701_N0511_R005_T45UVA_20250501T090514.SAFE,S2|R005|20250501T0530,/mnt/engg-niulab/yuyao/sensors_raw_data/S2/prev1/tan20250601t060447c30s4001-S/s2_-7.tif,,s2_download_manifest:downloaded,available,0,,expected,prev1,,2025-04-26T05:36:39.024000Z,5610de68-6264-413b-9b82-c89f5a36bc22,S2B_MSIL2A_20250426T053639_N0511_R005_T45UVA_20250426T074533.SAFE,S2|R005|20250426T0530,/mnt/engg-niulab/yuyao/sensors_raw_data/S2/prev2/tan20250601t060447c30s4001-S/s2_prev2.tif,,s2_download_manifest:downloaded,available,0,,expected,prev2,,2025-04-16T05:36:49.024000Z,d84461df-1e24-4b40-8dc3-84615883025e,S2B_MSIL2A_20250416T053649_N0511_R005_T45UVA_20250416T074446.SAFE,S2|R005|20250416T0530,/mnt/engg-niulab/yuyao/sensors_raw_data/S2/prev3/tan20250601t060447c30s4001-S/s2_prev3.tif,,s2_download_manifest:downloaded,available,0,,expected,prev3,,2025-02-17T05:29:31.025000Z,f5131c81-05ae-4581-8c61-544d5143c3e7,S2C_MSIL2A_20250217T052931_N0511_R105_T45UVA_20250217T084611.SAFE,S2|R105|20250217T0520,/mnt/engg-niulab/yuyao/sensors_raw_data/S2/seasonal/tan20250601t060447c30s4001-S/s2_-90.tif,/mnt/engg-niulab/yuyao/preprocessed_512/S2/tan20250601t060447c30s4001-S/s2_-90_std_512.tif,master:downloaded_path;master:target_512_path,available,0,,expected,,legacy_minus90_window,2024-05-13T05:26:51.024000Z,71126a86-60dd-42cc-8480-a7cce6772117,S2A_MSIL2A_20240513T052651_N0510_R105_T45UVA_20240513T135054.SAFE,S2|R105|20240513T0520,/mnt/engg-niulab/yuyao/sensors_raw_data/S2/year/tan20250601t060447c30s4001-S/s2_-360.tif,/mnt/engg-niulab/yuyao/preprocessed_512/S2/tan20250601t060447c30s4001-S/s2_-360_std_512.tif,master:downloaded_path;master:target_512_path,available,0,,expected,,legacy_minus360_window,https://api.carbonmapper.org/api/v1/catalog/asset/l3a-vis-ch4-mfa-v3/2025/06/01/tan20250601t060447c30s4001-S/tan20250601t060447c30s4001-S_l3a-vis-ch4-mfa-v3_plume.tif,https://api.carbonmapper.org/api/v1/catalog/asset/l3a-vis-ch4-mfa-v3/2025/06/01/tan20250601t060447c30s4001-S/tan20250601t060447c30s4001-S_l3a-vis-ch4-mfa-v3_plume.png,https://api.carbonmapper.org/api/v1/catalog/asset/l3a-ime-ch4-mfa-v3/2025/06/01/tan20250601t060447c30s4001-S/tan20250601t060447c30s4001-S_l3a-ime-ch4-mfa-v3_ime-cmf-concentrations.tif,https://api.carbonmapper.org/api/v1/catalog/asset/l3a-vis-ch4-mfa-v3/2025/06/01/tan20250601t060447c30s4001-S/tan20250601t060447c30s4001-S_l3a-vis-ch4-mfa-v3_rgb.tif,https://api.carbonmapper.org/api/v1/catalog/asset/l3a-vis-ch4-mfa-v3/2025/06/01/tan20250601t060447c30s4001-S/tan20250601t060447c30s4001-S_l3a-vis-ch4-mfa-v3_rgb.png,/mnt/engg-niulab/yuyao/sensors_raw_data/S2/t0/tan20250601t060447c30s4001-S/s2.tif,raw,/mnt/engg-niulab/yuyao/sensors_raw_data/S2/prev1/tan20250601t060447c30s4001-S/s2_-7.tif,raw,/mnt/engg-niulab/yuyao/sensors_raw_data/S2/prev2/tan20250601t060447c30s4001-S/s2_prev2.tif,raw,/mnt/engg-niulab/yuyao/sensors_raw_data/S2/prev3/tan20250601t060447c30s4001-S/s2_prev3.tif,raw,/mnt/engg-niulab/yuyao/sensors_raw_data/S2/seasonal/tan20250601t060447c30s4001-S/s2_-90.tif,raw,/mnt/engg-niulab/yuyao/sensors_raw_data/S2/year/tan20250601t060447c30s4001-S/s2_-360.tif,raw,1,1,raw+raw+raw+raw+raw+raw,,,,,,,,,local_exact,,2073.0,0.6999928052391624,S2B_MSIL2A_20250602T052649_N0511_R105_T45UVA_20250602T074411.SAFE,bd1bf860-6d56-4da7-abc6-0b58769f136a,,,,,,,,,local_exact,,2073.0,0.6999928052391624,S2C_MSIL2A_20250501T053701_N0511_R005_T45UVA_20250501T090514.SAFE,1a6e895b-67ed-4f10-8e23-b5e36ffffb26,,,,,,,,,local_exact,,2073.0,0.6999928052391624,S2B_MSIL2A_20250426T053639_N0511_R005_T45UVA_20250426T074533.SAFE,5610de68-6264-413b-9b82-c89f5a36bc22,,,,,,,,,local_exact,,2073.0,0.6999928052391624,S2B_MSIL2A_20250416T053649_N0511_R005_T45UVA_20250416T074446.SAFE,d84461df-1e24-4b40-8dc3-84615883025e,,,,,,,,,local_exact,,2073.0,0.6999928052391624,S2C_MSIL2A_20250217T052931_N0511_R105_T45UVA_20250217T084611.SAFE,f5131c81-05ae-4581-8c61-544d5143c3e7,,,,,,,,,local_exact,,2073.0,0.6999928052391624,S2A_MSIL2A_20240513T052651_N0510_R105_T45UVA_20240513T135054.SAFE,71126a86-60dd-42cc-8480-a7cce6772117
tan20250601t060447c30s4001-T,2025-06-01T06:04:47+00,54.6168564885387,86.18224504536914,"[86.16587062256538, 54.60664905633628, 86.2188943016092, 54.63734807658804]",S2,2025-06-02T05:26:49.024000Z,bd1bf860-6d56-4da7-abc6-0b58769f136a,S2B_MSIL2A_20250602T052649_N0511_R105_T45UVA_20250602T074411.SAFE,S2|R105|20250602T0520,/mnt/engg-niulab/yuyao/sensors_raw_data/S2/t0/tan20250601t060447c30s4001-T/s2.tif,/mnt/engg-niulab/yuyao/preprocessed_512/S2/tan20250601t060447c30s4001-T/s2_0_std_512.tif,s2_download_manifest:downloaded;master:target_512_path,available,0,,expected,t0,t0_24h_window,2025-04-26T05:36:39.024000Z,5610de68-6264-413b-9b82-c89f5a36bc22,S2B_MSIL2A_20250426T053639_N0511_R005_T45UVA_20250426T074533.SAFE,S2|R005|20250426T0530,/mnt/engg-niulab/yuyao/sensors_raw_data/S2/prev1/tan20250601t060447c30s4001-T/s2_-7.tif,,s2_download_manifest:downloaded,available,0,,expected,prev1,,2025-04-16T05:36:49.024000Z,d84461df-1e24-4b40-8dc3-84615883025e,S2B_MSIL2A_20250416T053649_N0511_R005_T45UVA_20250416T074446.SAFE,S2|R005|20250416T0530,/mnt/engg-niulab/yuyao/sensors_raw_data/S2/prev2/tan20250601t060447c30s4001-T/s2_prev2.tif,,s2_download_manifest:downloaded,available,0,,expected,prev2,,2025-04-13T05:26:49.024000Z,e7a1a246-bb2d-4657-93aa-0ce4b333b4ed,S2B_MSIL2A_20250413T052649_N0511_R105_T45UVA_20250413T073235.SAFE,S2|R105|20250413T0520,/mnt/engg-niulab/yuyao/sensors_raw_data/S2/prev3/tan20250601t060447c30s4001-T/s2_prev3.tif,,s2_download_manifest:downloaded,available,0,,expected,prev3,,2025-02-17T05:29:31.025000Z,f5131c81-05ae-4581-8c61-544d5143c3e7,S2C_MSIL2A_20250217T052931_N0511_R105_T45UVA_20250217T084611.SAFE,S2|R105|20250217T0520,/mnt/engg-niulab/yuyao/sensors_raw_data/S2/seasonal/tan20250601t060447c30s4001-T/s2_-90.tif,/mnt/engg-niulab/yuyao/preprocessed_512/S2/tan20250601t060447c30s4001-T/s2_-90_std_512.tif,master:downloaded_path;master:target_512_path,available,0,,expected,,legacy_minus90_window,2024-05-13T05:26:51.024000Z,71126a86-60dd-42cc-8480-a7cce6772117,S2A_MSIL2A_20240513T052651_N0510_R105_T45UVA_20240513T135054.SAFE,S2|R105|20240513T0520,/mnt/engg-niulab/yuyao/sensors_raw_data/S2/year/tan20250601t060447c30s4001-T/s2_-360.tif,/mnt/engg-niulab/yuyao/preprocessed_512/S2/tan20250601t060447c30s4001-T/s2_-360_std_512.tif,master:downloaded_path;master:target_512_path,available,0,,expected,,legacy_minus360_window,https://api.carbonmapper.org/api/v1/catalog/asset/l3a-vis-ch4-mfa-v3/2025/06/01/tan20250601t060447c30s4001-T/tan20250601t060447c30s4001-T_l3a-vis-ch4-mfa-v3_plume.tif,https://api.carbonmapper.org/api/v1/catalog/asset/l3a-vis-ch4-mfa-v3/2025/06/01/tan20250601t060447c30s4001-T/tan20250601t060447c30s4001-T_l3a-vis-ch4-mfa-v3_plume.png,https://api.carbonmapper.org/api/v1/catalog/asset/l3a-ime-ch4-mfa-v3/2025/06/01/tan20250601t060447c30s4001-T/tan20250601t060447c30s4001-T_l3a-ime-ch4-mfa-v3_ime-cmf-concentrations.tif,https://api.carbonmapper.org/api/v1/catalog/asset/l3a-vis-ch4-mfa-v3/2025/06/01/tan20250601t060447c30s4001-T/tan20250601t060447c30s4001-T_l3a-vis-ch4-mfa-v3_rgb.tif,https://api.carbonmapper.org/api/v1/catalog/asset/l3a-vis-ch4-mfa-v3/2025/06/01/tan20250601t060447c30s4001-T/tan20250601t060447c30s4001-T_l3a-vis-ch4-mfa-v3_rgb.png,/mnt/engg-niulab/yuyao/sensors_raw_data/S2/t0/tan20250601t060447c30s4001-T/s2.tif,raw,/mnt/engg-niulab/yuyao/sensors_raw_data/S2/prev1/tan20250601t060447c30s4001-T/s2_-7.tif,raw,/mnt/engg-niulab/yuyao/sensors_raw_data/S2/prev2/tan20250601t060447c30s4001-T/s2_prev2.tif,raw,/mnt/engg-niulab/yuyao/sensors_raw_data/S2/prev3/tan20250601t060447c30s4001-T/s2_prev3.tif,raw,/mnt/engg-niulab/yuyao/sensors_raw_data/S2/seasonal/tan20250601t060447c30s4001-T/s2_-90.tif,raw,/mnt/engg-niulab/yuyao/sensors_raw_data/S2/year/tan20250601t060447c30s4001-T/s2_-360.tif,raw,1,1,raw+raw+raw+raw+raw+raw,,,,,,,,,local_exact,,2105.0,0.7900926193105988,S2B_MSIL2A_20250602T052649_N0511_R105_T45UVA_20250602T074411.SAFE,bd1bf860-6d56-4da7-abc6-0b58769f136a,,,,,,,,,local_exact,,2105.0,0.7900926193105988,S2B_MSIL2A_20250426T053639_N0511_R005_T45UVA_20250426T074533.SAFE,5610de68-6264-413b-9b82-c89f5a36bc22,,,,,,,,,local_exact,,2105.0,0.7900926193105988,S2B_MSIL2A_20250416T053649_N0511_R005_T45UVA_20250416T074446.SAFE,d84461df-1e24-4b40-8dc3-84615883025e,,,,,,,,,local_exact,,2105.0,0.7900926193105988,S2B_MSIL2A_20250413T052649_N0511_R105_T45UVA_20250413T073235.SAFE,e7a1a246-bb2d-4657-93aa-0ce4b333b4ed,,,,,,,,,local_exact,,2105.0,0.7900926193105988,S2C_MSIL2A_20250217T052931_N0511_R105_T45UVA_20250217T084611.SAFE,f5131c81-05ae-4581-8c61-544d5143c3e7,,,,,,,,,local_exact,,2105.0,0.7900926193105988,S2A_MSIL2A_20240513T052651_N0510_R105_T45UVA_20240513T135054.SAFE,71126a86-60dd-42cc-8480-a7cce6772117
tan20250601t074124c30s4001-B,2025-06-01T07:41:24+00,39.33503519025675,54.15720922288224,"[54.13788335649822, 39.32356372929325, 54.17866139477411, 39.35537116983065]",S2,2025-06-02T07:06:19.024000Z,850c91fe-28e4-4dd3-b3bb-70e26879244d,S2B_MSIL2A_20250602T070619_N0511_R106_T40SBJ_20250602T092625.SAFE,S2|R106|20250602T0700,/mnt/engg-niulab/yuyao/sensors_raw_data/S2/t0/tan20250601t074124c30s4001-B/s2.tif,/mnt/engg-niulab/yuyao/preprocessed_512/S2/tan20250601t074124c30s4001-B/s2_0_std_512.tif,s2_download_manifest:downloaded;master:target_512_path,available,0,,expected,t0,t0_24h_window,2025-05-31T07:16:41.025000Z,d64e4673-b934-411a-aeb7-1ace4f94e1fc,S2C_MSIL2A_20250531T071641_N0511_R006_T40SBJ_20250531T105512.SAFE,S2|R006|20250531T0710,/mnt/engg-niulab/yuyao/sensors_raw_data/S2/prev1/tan20250601t074124c30s4001-B/s2_-7.tif,,s2_download_manifest:downloaded,available,0,,expected,prev1,,2025-05-28T07:06:41.025000Z,b8459497-3e4d-4d76-996b-faa18b636796,S2C_MSIL2A_20250528T070641_N0511_R106_T39SYD_20250528T102801.SAFE,S2|R106|20250528T0700,/mnt/engg-niulab/yuyao/sensors_raw_data/S2/prev2/tan20250601t074124c30s4001-B/s2_prev2.tif,,s2_download_manifest:downloaded,available,0,,expected,prev2,,2025-05-26T07:16:19.024000Z,ee2696fe-bc57-43d3-a0c8-6c37df215a6a,S2B_MSIL2A_20250526T071619_N0511_R006_T40SBJ_20250526T092205.SAFE,S2|R006|20250526T0710,/mnt/engg-niulab/yuyao/sensors_raw_data/S2/product_crops/ee2696fe-bc57-43d3-a0c8-6c37df215a6a/tan20250601t074124c30s4001-B/prev3.tif,,download_s2_missing_from_clean_table,available,0,,expected,product_crops,,2025-03-02T07:18:41.025000Z,aa1f09b8-3b4d-423b-8c02-c9d2d27023e2,S2C_MSIL2A_20250302T071841_N0511_R006_T39SYD_20250302T105013.SAFE,S2|R006|20250302T0710,/mnt/engg-niulab/yuyao/sensors_raw_data/S2/seasonal/tan20250601t074124c30s4001-B/s2_-90.tif,/mnt/engg-niulab/yuyao/preprocessed_512/S2/tan20250601t074124c30s4001-B/s2_-90_std_512.tif,master:downloaded_path;master:target_512_path,available,0,,expected,,legacy_minus90_window,2024-06-05T07:16:21.024000Z,7f020919-d492-40e5-a17d-035f0915637a,S2A_MSIL2A_20240605T071621_N0510_R006_T39SYD_20240605T114254.SAFE,S2|R006|20240605T0710,/mnt/engg-niulab/yuyao/sensors_raw_data/S2/year/tan20250601t074124c30s4001-B/s2_-360.tif,/mnt/engg-niulab/yuyao/preprocessed_512/S2/tan20250601t074124c30s4001-B/s2_-360_std_512.tif,master:downloaded_path;master:target_512_path,available,0,,expected,,legacy_minus360_window,https://api.carbonmapper.org/api/v1/catalog/asset/l3a-vis-ch4-mfa-v3/2025/06/01/tan20250601t074124c30s4001-B/tan20250601t074124c30s4001-B_l3a-vis-ch4-mfa-v3_plume.tif,https://api.carbonmapper.org/api/v1/catalog/asset/l3a-vis-ch4-mfa-v3/2025/06/01/tan20250601t074124c30s4001-B/tan20250601t074124c30s4001-B_l3a-vis-ch4-mfa-v3_plume.png,https://api.carbonmapper.org/api/v1/catalog/asset/l3a-ime-ch4-mfa-v3/2025/06/01/tan20250601t074124c30s4001-B/tan20250601t074124c30s4001-B_l3a-ime-ch4-mfa-v3_ime-cmf-concentrations.tif,https://api.carbonmapper.org/api/v1/catalog/asset/l3a-vis-ch4-mfa-v3/2025/06/01/tan20250601t074124c30s4001-B/tan20250601t074124c30s4001-B_l3a-vis-ch4-mfa-v3_rgb.tif,https://api.carbonmapper.org/api/v1/catalog/asset/l3a-vis-ch4-mfa-v3/2025/06/01/tan20250601t074124c30s4001-B/tan20250601t074124c30s4001-B_l3a-vis-ch4-mfa-v3_rgb.png,/mnt/engg-niulab/yuyao/sensors_raw_data/S2/t0/tan20250601t074124c30s4001-B/s2.tif,raw,/mnt/engg-niulab/yuyao/sensors_raw_data/S2/prev1/tan20250601t074124c30s4001-B/s2_-7.tif,raw,/mnt/engg-niulab/yuyao/sensors_raw_data/S2/prev2/tan20250601t074124c30s4001-B/s2_prev2.tif,raw,/mnt/engg-niulab/yuyao/sensors_raw_data/S2/product_crops/ee2696fe-bc57-43d3-a0c8-6c37df215a6a/tan20250601t074124c30s4001-B/prev3.tif,raw,/mnt/engg-niulab/yuyao/sensors_raw_data/S2/seasonal/tan20250601t074124c30s4001-B/s2_-90.tif,raw,/mnt/engg-niulab/yuyao/sensors_raw_data/S2/year/tan20250601t074124c30s4001-B/s2_-360.tif,raw,1,1,raw+raw+raw+raw+raw+raw,,,,,,,,,local_exact,,1855.0,0.42838965490227565,S2B_MSIL2A_20250602T070619_N0511_R106_T40SBJ_20250602T092625.SAFE,850c91fe-28e4-4dd3-b3bb-70e26879244d,,,,,,,,,local_exact,,1855.0,0.42838965490227565,S2C_MSIL2A_20250531T071641_N0511_R006_T40SBJ_20250531T105512.SAFE,d64e4673-b934-411a-aeb7-1ace4f94e1fc,,,,,,,,,local_exact,,1626.0,0.40881284489296377,S2C_MSIL2A_20250528T070641_N0511_R106_T39SYD_20250528T102801.SAFE,b8459497-3e4d-4d76-996b-faa18b636796,,,,,,,,,local_exact,,1855.0,0.42838965490227565,S2B_MSIL2A_20250526T071619_N0511_R006_T40SBJ_20250526T092205.SAFE,ee2696fe-bc57-43d3-a0c8-6c37df215a6a,,,,,,,,,local_exact,,1626.0,0.40881284489296377,S2C_MSIL2A_20250302T071841_N0511_R006_T39SYD_20250302T105013.SAFE,aa1f09b8-3b4d-423b-8c02-c9d2d27023e2,,,,,,,,,local_exact,,1626.0,0.40881284489296377,S2A_MSIL2A_20240605T071621_N0510_R006_T39SYD_20240605T114254.SAFE,7f020919-d492-40e5-a17d-035f0915637a
tan20250601t074124c30s4001-C,2025-06-01T07:41:24+00,39.334627335507605,54.13329654210884,"[54.11115123228931, 39.32235278050824, 54.151230769776255, 39.3536206506005]",S2,2025-06-02T07:06:19.024000Z,850c91fe-28e4-4dd3-b3bb-70e26879244d,S2B_MSIL2A_20250602T070619_N0511_R106_T40SBJ_20250602T092625.SAFE,S2|R106|20250602T0700,/mnt/engg-niulab/yuyao/sensors_raw_data/S2/t0/tan20250601t074124c30s4001-C/s2.tif,/mnt/engg-niulab/yuyao/preprocessed_512/S2/tan20250601t074124c30s4001-C/s2_0_std_512.tif,s2_download_manifest:downloaded;master:target_512_path,available,0,,expected,t0,t0_24h_window,2025-05-31T07:16:41.025000Z,ee92240d-9d1d-4122-a7a9-5d99729abfe3,S2C_MSIL2A_20250531T071641_N0511_R006_T39SYD_20250531T105512.SAFE,S2|R006|20250531T0710,/mnt/engg-niulab/yuyao/sensors_raw_data/S2/product_crops/ee92240d-9d1d-4122-a7a9-5d99729abfe3/tan20250601t074124c30s4001-C/prev1.tif,,download_s2_missing_from_clean_table,available,0,,expected,product_crops,,2025-05-28T07:06:41.025000Z,354b030c-b334-46a8-a958-48a9aacfd6c8,S2C_MSIL2A_20250528T070641_N0511_R106_T40SBJ_20250528T102801.SAFE,S2|R106|20250528T0700,/mnt/engg-niulab/yuyao/sensors_raw_data/S2/product_crops/354b030c-b334-46a8-a958-48a9aacfd6c8/tan20250601t074124c30s4001-C/prev2.tif,,download_s2_missing_from_clean_table,available,0,,expected,product_crops,,2025-05-26T07:16:19.024000Z,7ea9df42-1c80-463f-897c-e38f84984772,S2B_MSIL2A_20250526T071619_N0511_R006_T39SYD_20250526T092205.SAFE,S2|R006|20250526T0710,/mnt/engg-niulab/yuyao/sensors_raw_data/S2/product_crops/7ea9df42-1c80-463f-897c-e38f84984772/tan20250601t074124c30s4001-C/prev3.tif,,download_s2_missing_from_clean_table,available,0,,expected,product_crops,,2025-03-02T07:18:41.025000Z,1634f2af-de90-4818-8bd6-1d5c55e1ed70,S2C_MSIL2A_20250302T071841_N0511_R006_T40SBJ_20250302T105013.SAFE,S2|R006|20250302T0710,/mnt/engg-niulab/yuyao/sensors_raw_data/S2/seasonal/tan20250601t074124c30s4001-C/s2_-90.tif,/mnt/engg-niulab/yuyao/preprocessed_512/S2/tan20250601t074124c30s4001-C/s2_-90_std_512.tif,master:downloaded_path;master:target_512_path,available,0,,expected,,legacy_minus90_window,2024-06-05T07:16:21.024000Z,7f020919-d492-40e5-a17d-035f0915637a,S2A_MSIL2A_20240605T071621_N0510_R006_T39SYD_20240605T114254.SAFE,S2|R006|20240605T0710,/mnt/engg-niulab/yuyao/sensors_raw_data/S2/year/tan20250601t074124c30s4001-C/s2_-360.tif,/mnt/engg-niulab/yuyao/preprocessed_512/S2/tan20250601t074124c30s4001-C/s2_-360_std_512.tif,master:downloaded_path;master:target_512_path,available,0,,expected,,legacy_minus360_window,https://api.carbonmapper.org/api/v1/catalog/asset/l3a-vis-ch4-mfa-v3/2025/06/01/tan20250601t074124c30s4001-C/tan20250601t074124c30s4001-C_l3a-vis-ch4-mfa-v3_plume.tif,https://api.carbonmapper.org/api/v1/catalog/asset/l3a-vis-ch4-mfa-v3/2025/06/01/tan20250601t074124c30s4001-C/tan20250601t074124c30s4001-C_l3a-vis-ch4-mfa-v3_plume.png,https://api.carbonmapper.org/api/v1/catalog/asset/l3a-ime-ch4-mfa-v3/2025/06/01/tan20250601t074124c30s4001-C/tan20250601t074124c30s4001-C_l3a-ime-ch4-mfa-v3_ime-cmf-concentrations.tif,https://api.carbonmapper.org/api/v1/catalog/asset/l3a-vis-ch4-mfa-v3/2025/06/01/tan20250601t074124c30s4001-C/tan20250601t074124c30s4001-C_l3a-vis-ch4-mfa-v3_rgb.tif,https://api.carbonmapper.org/api/v1/catalog/asset/l3a-vis-ch4-mfa-v3/2025/06/01/tan20250601t074124c30s4001-C/tan20250601t074124c30s4001-C_l3a-vis-ch4-mfa-v3_rgb.png,/mnt/engg-niulab/yuyao/sensors_raw_data/S2/t0/tan20250601t074124c30s4001-C/s2.tif,raw,/mnt/engg-niulab/yuyao/sensors_raw_data/S2/product_crops/ee92240d-9d1d-4122-a7a9-5d99729abfe3/tan20250601t074124c30s4001-C/prev1.tif,raw,/mnt/engg-niulab/yuyao/sensors_raw_data/S2/product_crops/354b030c-b334-46a8-a958-48a9aacfd6c8/tan20250601t074124c30s4001-C/prev2.tif,raw,/mnt/engg-niulab/yuyao/sensors_raw_data/S2/product_crops/7ea9df42-1c80-463f-897c-e38f84984772/tan20250601t074124c30s4001-C/prev3.tif,raw,/mnt/engg-niulab/yuyao/sensors_raw_data/S2/seasonal/tan20250601t074124c30s4001-C/s2_-90.tif,raw,/mnt/engg-niulab/yuyao/sensors_raw_data/S2/year/tan20250601t074124c30s4001-C/s2_-360.tif,raw,1,1,raw+raw+raw+raw+raw+raw,,,,,,,,,local_exact,,1854.0,0.4343364914820995,S2B_MSIL2A_20250602T070619_N0511_R106_T40SBJ_20250602T092625.SAFE,850c91fe-28e4-4dd3-b3bb-70e26879244d,S2C_39SYD_20250531_0_L2A,https://sentinel-s2-l2a.s3.amazonaws.com/tiles/39/S/YD/2025/5/31/0/R20m,https://sentinel-cogs.s3.us-west-2.amazonaws.com/sentinel-s2-l2a-cogs/39/S/YD/2025/5/S2C_39SYD_20250531_0_L2A,1000,S2C_MSIL2A_20250531T071641_N0511_R006_T39SYD_20250531T105512.SAFE,,,,stac_exact,,1729.0,0.2627131229965016,S2C_MSIL2A_20250531T071641_N0511_R006_T39SYD_20250531T105512.SAFE,ee92240d-9d1d-4122-a7a9-5d99729abfe3,,,,,,,,,local_exact,,1854.0,0.4343364914820995,S2C_MSIL2A_20250528T070641_N0511_R106_T40SBJ_20250528T102801.SAFE,354b030c-b334-46a8-a958-48a9aacfd6c8,,,,,,,,,local_exact,,1729.0,0.2627131229965016,S2B_MSIL2A_20250526T071619_N0511_R006_T39SYD_20250526T092205.SAFE,7ea9df42-1c80-463f-897c-e38f84984772,,,,,,,,,local_exact,,1854.0,0.4343364914820995,S2C_MSIL2A_20250302T071841_N0511_R006_T40SBJ_20250302T105013.SAFE,1634f2af-de90-4818-8bd6-1d5c55e1ed70,,,,,,,,,local_exact,,1729.0,0.2627131229965016,S2A_MSIL2A_20240605T071621_N0510_R006_T39SYD_20240605T114254.SAFE,7f020919-d492-40e5-a17d-035f0915637a
tan20250612t080918c12s4001-A,2025-06-12T08:09:18+00,39.93974584556295,49.25628449177225,"[49.22353412882473, 39.93113209165253, 49.28333858920329, 39.97697577520811]",S2,2025-06-13T07:26:31.025000Z,f5b53579-fbfd-40cb-aed7-3719de6363fe,S2C_MSIL2A_20250613T072631_N0511_R049_T39TUE_20250613T102121.SAFE,S2|R049|20250613T0720,/mnt/engg-niulab/yuyao/sensors_raw_data/S2/t0/tan20250612t080918c12s4001-A/s2.tif,/mnt/engg-niulab/yuyao/preprocessed_512/S2/tan20250612t080918c12s4001-A/s2_0_std_512.tif,s2_download_manifest:downloaded;master:target_512_path,available,0,,expected,t0,t0_24h_window,2025-06-11T07:36:09.024000Z,766a025b-d929-4b30-9927-746c3631b9ff,S2B_MSIL2A_20250611T073609_N0511_R092_T39TUE_20250611T095948.SAFE,S2|R092|20250611T0730,/mnt/engg-niulab/yuyao/sensors_raw_data/S2/prev1/tan20250612t080918c12s4001-A/s2_-7.tif,,s2_download_manifest:downloaded,available,0,,expected,prev1,,2025-06-03T07:26:41.025000Z,2b83e627-a736-4788-a398-ca6a893afe53,S2C_MSIL2A_20250603T072641_N0511_R049_T39TUE_20250603T101214.SAFE,S2|R049|20250603T0720,/mnt/engg-niulab/yuyao/sensors_raw_data/S2/prev2/tan20250612t080918c12s4001-A/s2_prev2.tif,,s2_download_manifest:downloaded,available,0,,expected,prev2,,2025-06-01T07:36:19.024000Z,bdfa53b9-0dd6-477d-a7f0-a7f786117bc7,S2B_MSIL2A_20250601T073619_N0511_R092_T39TUE_20250601T094131.SAFE,S2|R092|20250601T0730,/mnt/engg-niulab/yuyao/sensors_raw_data/S2/prev3/tan20250612t080918c12s4001-A/s2_prev3.tif,,s2_download_manifest:downloaded,available,0,,expected,prev3,,2025-03-13T07:36:19.024000Z,90d544d2-1845-46c6-9e7b-725a85e1a828,S2B_MSIL2A_20250313T073619_N0511_R092_T39TUE_20250313T100211.SAFE,S2|R092|20250313T0730,/mnt/engg-niulab/yuyao/sensors_raw_data/S2/seasonal/tan20250612t080918c12s4001-A/s2_-90.tif,/mnt/engg-niulab/yuyao/preprocessed_512/S2/tan20250612t080918c12s4001-A/s2_-90_std_512.tif,master:downloaded_path;master:target_512_path,available,0,,expected,,legacy_minus90_window,2024-06-16T07:36:19.024000Z,0925d9e5-c8b8-4407-baf3-e67cf397ecd7,S2B_MSIL2A_20240616T073619_N0510_R092_T39TUE_20240616T091501.SAFE,S2|R092|20240616T0730,/mnt/engg-niulab/yuyao/sensors_raw_data/S2/year/tan20250612t080918c12s4001-A/s2_-360.tif,/mnt/engg-niulab/yuyao/preprocessed_512/S2/tan20250612t080918c12s4001-A/s2_-360_std_512.tif,master:downloaded_path;master:target_512_path,available,0,,expected,,legacy_minus360_window,https://api.carbonmapper.org/api/v1/catalog/asset/l3a-vis-ch4-mfa-v3/2025/06/12/tan20250612t080918c12s4001-A/tan20250612t080918c12s4001-A_l3a-vis-ch4-mfa-v3_plume.tif,https://api.carbonmapper.org/api/v1/catalog/asset/l3a-vis-ch4-mfa-v3/2025/06/12/tan20250612t080918c12s4001-A/tan20250612t080918c12s4001-A_l3a-vis-ch4-mfa-v3_plume.png,https://api.carbonmapper.org/api/v1/catalog/asset/l3a-ime-ch4-mfa-v3/2025/06/12/tan20250612t080918c12s4001-A/tan20250612t080918c12s4001-A_l3a-ime-ch4-mfa-v3_ime-cmf-concentrations.tif,https://api.carbonmapper.org/api/v1/catalog/asset/l3a-vis-ch4-mfa-v3/2025/06/12/tan20250612t080918c12s4001-A/tan20250612t080918c12s4001-A_l3a-vis-ch4-mfa-v3_rgb.tif,https://api.carbonmapper.org/api/v1/catalog/asset/l3a-vis-ch4-mfa-v3/2025/06/12/tan20250612t080918c12s4001-A/tan20250612t080918c12s4001-A_l3a-vis-ch4-mfa-v3_rgb.png,/mnt/engg-niulab/yuyao/sensors_raw_data/S2/t0/tan20250612t080918c12s4001-A/s2.tif,raw,/mnt/engg-niulab/yuyao/sensors_raw_data/S2/prev1/tan20250612t080918c12s4001-A/s2_-7.tif,raw,/mnt/engg-niulab/yuyao/sensors_raw_data/S2/prev2/tan20250612t080918c12s4001-A/s2_prev2.tif,raw,/mnt/engg-niulab/yuyao/sensors_raw_data/S2/prev3/tan20250612t080918c12s4001-A/s2_prev3.tif,raw,/mnt/engg-niulab/yuyao/sensors_raw_data/S2/seasonal/tan20250612t080918c12s4001-A/s2_-90.tif,raw,/mnt/engg-niulab/yuyao/sensors_raw_data/S2/year/tan20250612t080918c12s4001-A/s2_-360.tif,raw,1,1,raw+raw+raw+raw+raw+raw,,,,,,,,,local_exact,,1361.0,0.7386082562443335,S2C_MSIL2A_20250613T072631_N0511_R049_T39TUE_20250613T102121.SAFE,f5b53579-fbfd-40cb-aed7-3719de6363fe,,,,,,,,,local_exact,,1361.0,0.7386082562443335,S2B_MSIL2A_20250611T073609_N0511_R092_T39TUE_20250611T095948.SAFE,766a025b-d929-4b30-9927-746c3631b9ff,,,,,,,,,local_exact,,1361.0,0.7386082562443335,S2C_MSIL2A_20250603T072641_N0511_R049_T39TUE_20250603T101214.SAFE,2b83e627-a736-4788-a398-ca6a893afe53,,,,,,,,,local_exact,,1361.0,0.7386082562443335,S2B_MSIL2A_20250601T073619_N0511_R092_T39TUE_20250601T094131.SAFE,bdfa53b9-0dd6-477d-a7f0-a7f786117bc7,,,,,,,,,local_exact,,1361.0,0.7386082562443335,S2B_MSIL2A_20250313T073619_N0511_R092_T39TUE_20250313T100211.SAFE,90d544d2-1845-46c6-9e7b-725a85e1a828,,,,,,,,,local_exact,,1361.0,0.7386082562443335,S2B_MSIL2A_20240616T073619_N0510_R092_T39TUE_20240616T091501.SAFE,0925d9e5-c8b8-4407-baf3-e67cf397ecd7
tan20250612t080918c12s4001-B,2025-06-12T08:09:18+00,39.91274823151238,49.25698165740832,"[49.23560871019714, 39.89911536963016, 49.27604157722087, 39.930127435720514]",S2,2025-06-13T07:26:31.025000Z,f5b53579-fbfd-40cb-aed7-3719de6363fe,S2C_MSIL2A_20250613T072631_N0511_R049_T39TUE_20250613T102121.SAFE,S2|R049|20250613T0720,/mnt/engg-niulab/yuyao/sensors_raw_data/S2/t0/tan20250612t080918c12s4001-B/s2.tif,/mnt/engg-niulab/yuyao/preprocessed_512/S2/tan20250612t080918c12s4001-B/s2_0_std_512.tif,s2_download_manifest:downloaded;master:target_512_path,available,0,,expected,t0,t0_24h_window,2025-06-11T07:36:09.024000Z,766a025b-d929-4b30-9927-746c3631b9ff,S2B_MSIL2A_20250611T073609_N0511_R092_T39TUE_20250611T095948.SAFE,S2|R092|20250611T0730,/mnt/engg-niulab/yuyao/sensors_raw_data/S2/prev1/tan20250612t080918c12s4001-B/s2_-7.tif,,s2_download_manifest:downloaded,available,0,,expected,prev1,,2025-06-03T07:26:41.025000Z,2b83e627-a736-4788-a398-ca6a893afe53,S2C_MSIL2A_20250603T072641_N0511_R049_T39TUE_20250603T101214.SAFE,S2|R049|20250603T0720,/mnt/engg-niulab/yuyao/sensors_raw_data/S2/prev2/tan20250612t080918c12s4001-B/s2_prev2.tif,,s2_download_manifest:downloaded,available,0,,expected,prev2,,2025-06-01T07:36:19.024000Z,bdfa53b9-0dd6-477d-a7f0-a7f786117bc7,S2B_MSIL2A_20250601T073619_N0511_R092_T39TUE_20250601T094131.SAFE,S2|R092|20250601T0730,/mnt/engg-niulab/yuyao/sensors_raw_data/S2/prev3/tan20250612t080918c12s4001-B/s2_prev3.tif,,s2_download_manifest:downloaded,available,0,,expected,prev3,,2025-03-13T07:36:19.024000Z,90d544d2-1845-46c6-9e7b-725a85e1a828,S2B_MSIL2A_20250313T073619_N0511_R092_T39TUE_20250313T100211.SAFE,S2|R092|20250313T0730,/mnt/engg-niulab/yuyao/sensors_raw_data/S2/seasonal/tan20250612t080918c12s4001-B/s2_-90.tif,/mnt/engg-niulab/yuyao/preprocessed_512/S2/tan20250612t080918c12s4001-B/s2_-90_std_512.tif,master:downloaded_path;master:target_512_path,available,0,,expected,,legacy_minus90_window,2024-06-16T07:36:19.024000Z,0925d9e5-c8b8-4407-baf3-e67cf397ecd7,S2B_MSIL2A_20240616T073619_N0510_R092_T39TUE_20240616T091501.SAFE,S2|R092|20240616T0730,/mnt/engg-niulab/yuyao/sensors_raw_data/S2/year/tan20250612t080918c12s4001-B/s2_-360.tif,/mnt/engg-niulab/yuyao/preprocessed_512/S2/tan20250612t080918c12s4001-B/s2_-360_std_512.tif,master:downloaded_path;master:target_512_path,available,0,,expected,,legacy_minus360_window,https://api.carbonmapper.org/api/v1/catalog/asset/l3a-vis-ch4-mfa-v3/2025/06/12/tan20250612t080918c12s4001-B/tan20250612t080918c12s4001-B_l3a-vis-ch4-mfa-v3_plume.tif,https://api.carbonmapper.org/api/v1/catalog/asset/l3a-vis-ch4-mfa-v3/2025/06/12/tan20250612t080918c12s4001-B/tan20250612t080918c12s4001-B_l3a-vis-ch4-mfa-v3_plume.png,https://api.carbonmapper.org/api/v1/catalog/asset/l3a-ime-ch4-mfa-v3/2025/06/12/tan20250612t080918c12s4001-B/tan20250612t080918c12s4001-B_l3a-ime-ch4-mfa-v3_ime-cmf-concentrations.tif,https://api.carbonmapper.org/api/v1/catalog/asset/l3a-vis-ch4-mfa-v3/2025/06/12/tan20250612t080918c12s4001-B/tan20250612t080918c12s4001-B_l3a-vis-ch4-mfa-v3_rgb.tif,https://api.carbonmapper.org/api/v1/catalog/asset/l3a-vis-ch4-mfa-v3/2025/06/12/tan20250612t080918c12s4001-B/tan20250612t080918c12s4001-B_l3a-vis-ch4-mfa-v3_rgb.png,/mnt/engg-niulab/yuyao/sensors_raw_data/S2/t0/tan20250612t080918c12s4001-B/s2.tif,raw,/mnt/engg-niulab/yuyao/sensors_raw_data/S2/prev1/tan20250612t080918c12s4001-B/s2_-7.tif,raw,/mnt/engg-niulab/yuyao/sensors_raw_data/S2/prev2/tan20250612t080918c12s4001-B/s2_prev2.tif,raw,/mnt/engg-niulab/yuyao/sensors_raw_data/S2/prev3/tan20250612t080918c12s4001-B/s2_prev3.tif,raw,/mnt/engg-niulab/yuyao/sensors_raw_data/S2/seasonal/tan20250612t080918c12s4001-B/s2_-90.tif,raw,/mnt/engg-niulab/yuyao/sensors_raw_data/S2/year/tan20250612t080918c12s4001-B/s2_-360.tif,raw,1,1,raw+raw+raw+raw+raw+raw,,,,,,,,,local_exact,,1211.0,0.6308100479654968,S2C_MSIL2A_20250613T072631_N0511_R049_T39TUE_20250613T102121.SAFE,f5b53579-fbfd-40cb-aed7-3719de6363fe,,,,,,,,,local_exact,,1211.0,0.6308100479654968,S2B_MSIL2A_20250611T073609_N0511_R092_T39TUE_20250611T095948.SAFE,766a025b-d929-4b30-9927-746c3631b9ff,,,,,,,,,local_exact,,1211.0,0.6308100479654968,S2C_MSIL2A_20250603T072641_N0511_R049_T39TUE_20250603T101214.SAFE,2b83e627-a736-4788-a398-ca6a893afe53,,,,,,,,,local_exact,,1211.0,0.6308100479654968,S2B_MSIL2A_20250601T073619_N0511_R092_T39TUE_20250601T094131.SAFE,bdfa53b9-0dd6-477d-a7f0-a7f786117bc7,,,,,,,,,local_exact,,1211.0,0.6308100479654968,S2B_MSIL2A_20250313T073619_N0511_R092_T39TUE_20250313T100211.SAFE,90d544d2-1845-46c6-9e7b-725a85e1a828,,,,,,,,,local_exact,,1211.0,0.6308100479654968,S2B_MSIL2A_20240616T073619_N0510_R092_T39TUE_20240616T091501.SAFE,0925d9e5-c8b8-4407-baf3-e67cf397ecd7
tan20250709t085527c89s4001-A,2025-07-09T08:55:27+00,32.51263019173797,36.11250214352816,"[36.10220132450633, 32.48077041145199, 36.16328737095931, 32.532286117336916]",S2,2025-07-10T08:06:09.024000Z,b5bb6759-19d7-4de1-9559-10003f457977,S2B_MSIL2A_20250710T080609_N0511_R078_T37SBS_20250710T103052.SAFE,S2|R078|20250710T0800,/mnt/engg-niulab/yuyao/sensors_raw_data/S2/t0/tan20250709t085527c89s4001-A/s2.tif,/mnt/engg-niulab/yuyao/preprocessed_512/S2/tan20250709t085527c89s4001-A/s2_0_std_512.tif,s2_download_manifest:downloaded;master:target_512_path,available,0,,expected,t0,t0_24h_window,2025-07-08T08:16:31.025000Z,df143708-5af5-44df-99a6-138b141c9875,S2C_MSIL2A_20250708T081631_N0511_R121_T36SYB_20250708T140936.SAFE,S2|R121|20250708T0810,/mnt/engg-niulab/yuyao/sensors_raw_data/S2/prev1/tan20250709t085527c89s4001-A/s2_-7.tif,,s2_download_manifest:downloaded,available,0,,expected,prev1,,2025-07-07T08:10:21.024000Z,de110702-636e-41af-a934-5716ce0b7bcd,S2A_MSIL2A_20250707T081021_N0511_R078_T36SYB_20250707T114117.SAFE,S2|R078|20250707T0810,/mnt/engg-niulab/yuyao/sensors_raw_data/S2/prev2/tan20250709t085527c89s4001-A/s2_prev2.tif,,s2_download_manifest:downloaded,available,0,,expected,prev2,,2025-07-05T08:06:31.025000Z,local_sibling:104b5b2de78636c9,S2C_MSIL2A_20250705T080631_N0511_R078_T36SYB_20250705T114715.SAFE,S2|R078|20250705T0800,/mnt/engg-niulab/yuyao/sensors_raw_data/S2/product_crops/60f43440-66b5-4e20-90d0-50007022679a/tan20250709t085527c89s4001-A/prev3.tif,,download_s2_missing_from_clean_table,available,0,,expected,product_crops,,2025-04-09T08:16:31.024000Z,aws_stac:S2C_36SYB_20250409_0_L2A,S2C_MSIL2A_20250409T081631_N0511_R121_T36SYB_20250409T135659.SAFE,S2|R121|20250409T0810,/mnt/engg-niulab/yuyao/sensors_raw_data/S2/seasonal/tan20250709t085527c89s4001-A/s2_-90.tif,/mnt/engg-niulab/yuyao/preprocessed_512/S2/tan20250709t085527c89s4001-A/s2_-90_std_512.tif,master:downloaded_path;master:target_512_path,available,0,,expected,,legacy_minus90_window,2024-07-13T08:16:11.024000Z,6aa70cef-f078-4553-9db3-5ddbaa25554f,S2A_MSIL2A_20240713T081611_N0510_R121_T37SBS_20240713T123751.SAFE,S2|R121|20240713T0810,/mnt/engg-niulab/yuyao/sensors_raw_data/S2/year/tan20250709t085527c89s4001-A/s2_-360.tif,/mnt/engg-niulab/yuyao/preprocessed_512/S2/tan20250709t085527c89s4001-A/s2_-360_std_512.tif,master:downloaded_path;master:target_512_path,available,0,,expected,,legacy_minus360_window,https://api.carbonmapper.org/api/v1/catalog/asset/l3a-vis-ch4-mfa-v3/2025/07/09/tan20250709t085527c89s4001-A/tan20250709t085527c89s4001-A_l3a-vis-ch4-mfa-v3_plume.tif,https://api.carbonmapper.org/api/v1/catalog/asset/l3a-vis-ch4-mfa-v3/2025/07/09/tan20250709t085527c89s4001-A/tan20250709t085527c89s4001-A_l3a-vis-ch4-mfa-v3_plume.png,https://api.carbonmapper.org/api/v1/catalog/asset/l3a-ime-ch4-mfa-v3/2025/07/09/tan20250709t085527c89s4001-A/tan20250709t085527c89s4001-A_l3a-ime-ch4-mfa-v3_ime-cmf-concentrations.tif,https://api.carbonmapper.org/api/v1/catalog/asset/l3a-vis-ch4-mfa-v3/2025/07/09/tan20250709t085527c89s4001-A/tan20250709t085527c89s4001-A_l3a-vis-ch4-mfa-v3_rgb.tif,https://api.carbonmapper.org/api/v1/catalog/asset/l3a-vis-ch4-mfa-v3/2025/07/09/tan20250709t085527c89s4001-A/tan20250709t085527c89s4001-A_l3a-vis-ch4-mfa-v3_rgb.png,/mnt/engg-niulab/yuyao/sensors_raw_data/S2/t0/tan20250709t085527c89s4001-A/s2.tif,raw,/mnt/engg-niulab/yuyao/sensors_raw_data/S2/prev1/tan20250709t085527c89s4001-A/s2_-7.tif,raw,/mnt/engg-niulab/yuyao/sensors_raw_data/S2/prev2/tan20250709t085527c89s4001-A/s2_prev2.tif,raw,/mnt/engg-niulab/yuyao/sensors_raw_data/S2/product_crops/60f43440-66b5-4e20-90d0-50007022679a/tan20250709t085527c89s4001-A/prev3.tif,raw,/mnt/engg-niulab/yuyao/sensors_raw_data/S2/seasonal/tan20250709t085527c89s4001-A/s2_-90.tif,raw,/mnt/engg-niulab/yuyao/sensors_raw_data/S2/year/tan20250709t085527c89s4001-A/s2_-360.tif,raw,1,1,raw+raw+raw+raw+raw+raw,,,,,,,,,local_exact,,280.0,0.2528618154756259,S2B_MSIL2A_20250710T080609_N0511_R078_T37SBS_20250710T103052.SAFE,b5bb6759-19d7-4de1-9559-10003f457977,,,,,,,,,local_exact,,310.0,0.4699281214270741,S2C_MSIL2A_20250708T081631_N0511_R121_T36SYB_20250708T140936.SAFE,df143708-5af5-44df-99a6-138b141c9875,,,,,,,,,local_exact,,310.0,0.4699281214270741,S2A_MSIL2A_20250707T081021_N0511_R078_T36SYB_20250707T114117.SAFE,de110702-636e-41af-a934-5716ce0b7bcd,,,,,,,,,local_point_repaired,,310.0,0.4699281214270741,S2C_MSIL2A_20250705T080631_N0511_R078_T37SBR_20250705T114715.SAFE,60f43440-66b5-4e20-90d0-50007022679a,S2C_36SYB_20250409_0_L2A,https://sentinel-s2-l2a.s3.amazonaws.com/tiles/36/S/YB/2025/4/9/0/R20m,https://sentinel-cogs.s3.us-west-2.amazonaws.com/sentinel-s2-l2a-cogs/36/S/YB/2025/4/S2C_36SYB_20250409_0_L2A,1000,S2C_MSIL2A_20250409T081631_N0511_R121_T36SYB_20250409T135659.SAFE,,,,stac_point_repaired,,310.0,0.4699281214270741,S2C_MSIL2A_20250409T081631_N0511_R121_T37SBR_20250409T135659.SAFE,e2c4ce1f-3d3e-4f45-a3c9-564409c23948,,,,,,,,,local_exact,,280.0,0.2528618154756259,S2A_MSIL2A_20240713T081611_N0510_R121_T37SBS_20240713T123751.SAFE,6aa70cef-f078-4553-9db3-5ddbaa25554f
tan20250709t085527c89s4001-B,2025-07-09T08:55:27+00,32.51095161611411,36.12043691694399,"[36.10220132450633, 32.48077041145199, 36.16328737095931, 32.532286117336916]",S2,2025-07-10T08:06:09.024000Z,local_sibling:2e888a87775b56a1,S2B_MSIL2A_20250710T080609_N0511_R078_T36SYB_20250710T103052.SAFE,S2|R078|20250710T0800,/mnt/engg-niulab/yuyao/sensors_raw_data/S2/t0/tan20250709t085527c89s4001-B/s2.tif,/mnt/engg-niulab/yuyao/preprocessed_512/S2/tan20250709t085527c89s4001-B/s2_0_std_512.tif,s2_download_manifest:downloaded;master:target_512_path,available,0,,expected,t0,t0_24h_window,2025-07-08T08:16:31.025000Z,local_sibling:0ecbdd1376431629,S2C_MSIL2A_20250708T081631_N0511_R121_T36SYB_20250708T140936.SAFE,S2|R121|20250708T0810,/mnt/engg-niulab/yuyao/sensors_raw_data/S2/prev1/tan20250709t085527c89s4001-B/s2_-7.tif,,s2_download_manifest:downloaded,available,0,,expected,prev1,,2025-07-07T08:10:21.024000Z,de110702-636e-41af-a934-5716ce0b7bcd,S2A_MSIL2A_20250707T081021_N0511_R078_T36SYB_20250707T114117.SAFE,S2|R078|20250707T0810,/mnt/engg-niulab/yuyao/sensors_raw_data/S2/prev2/tan20250709t085527c89s4001-B/s2_prev2.tif,,s2_download_manifest:downloaded,available,0,,expected,prev2,,2025-07-05T08:06:31.025000Z,local_sibling:104b5b2de78636c9,S2C_MSIL2A_20250705T080631_N0511_R078_T36SYB_20250705T114715.SAFE,S2|R078|20250705T0800,/mnt/engg-niulab/yuyao/sensors_raw_data/S2/prev3/tan20250709t085527c89s4001-B/s2_prev3.tif,,s2_download_manifest:downloaded,available,0,,expected,prev3,,2025-04-09T08:16:31.024000Z,aws_stac:S2C_36SYB_20250409_0_L2A,S2C_MSIL2A_20250409T081631_N0511_R121_T36SYB_20250409T135659.SAFE,S2|R121|20250409T0810,/mnt/engg-niulab/yuyao/sensors_raw_data/S2/seasonal/tan20250709t085527c89s4001-B/s2_-90.tif,/mnt/engg-niulab/yuyao/preprocessed_512/S2/tan20250709t085527c89s4001-B/s2_-90_std_512.tif,master:downloaded_path;master:target_512_path,available,0,,expected,,legacy_minus90_window,2024-07-13T08:16:11.024000Z,local_sibling:a299bdc6541d1093,S2A_MSIL2A_20240713T081611_N0510_R121_T37SBS_20240713T123751.SAFE,S2|R121|20240713T0810,/mnt/engg-niulab/yuyao/sensors_raw_data/S2/year/tan20250709t085527c89s4001-B/s2_-360.tif,/mnt/engg-niulab/yuyao/preprocessed_512/S2/tan20250709t085527c89s4001-B/s2_-360_std_512.tif,master:downloaded_path;master:target_512_path,available,0,,expected,,legacy_minus360_window,https://api.carbonmapper.org/api/v1/catalog/asset/l3a-vis-ch4-mfa-v3/2025/07/09/tan20250709t085527c89s4001-B/tan20250709t085527c89s4001-B_l3a-vis-ch4-mfa-v3_plume.tif,https://api.carbonmapper.org/api/v1/catalog/asset/l3a-vis-ch4-mfa-v3/2025/07/09/tan20250709t085527c89s4001-B/tan20250709t085527c89s4001-B_l3a-vis-ch4-mfa-v3_plume.png,https://api.carbonmapper.org/api/v1/catalog/asset/l3a-ime-ch4-mfa-v3/2025/07/09/tan20250709t085527c89s4001-B/tan20250709t085527c89s4001-B_l3a-ime-ch4-mfa-v3_ime-cmf-concentrations.tif,https://api.carbonmapper.org/api/v1/catalog/asset/l3a-vis-ch4-mfa-v3/2025/07/09/tan20250709t085527c89s4001-B/tan20250709t085527c89s4001-B_l3a-vis-ch4-mfa-v3_rgb.tif,https://api.carbonmapper.org/api/v1/catalog/asset/l3a-vis-ch4-mfa-v3/2025/07/09/tan20250709t085527c89s4001-B/tan20250709t085527c89s4001-B_l3a-vis-ch4-mfa-v3_rgb.png,/mnt/engg-niulab/yuyao/sensors_raw_data/S2/t0/tan20250709t085527c89s4001-B/s2.tif,raw,/mnt/engg-niulab/yuyao/sensors_raw_data/S2/prev1/tan20250709t085527c89s4001-B/s2_-7.tif,raw,/mnt/engg-niulab/yuyao/sensors_raw_data/S2/prev2/tan20250709t085527c89s4001-B/s2_prev2.tif,raw,/mnt/engg-niulab/yuyao/sensors_raw_data/S2/prev3/tan20250709t085527c89s4001-B/s2_prev3.tif,raw,/mnt/engg-niulab/yuyao/sensors_raw_data/S2/seasonal/tan20250709t085527c89s4001-B/s2_-90.tif,raw,/mnt/engg-niulab/yuyao/sensors_raw_data/S2/year/tan20250709t085527c89s4001-B/s2_-360.tif,raw,1,1,raw+raw+raw+raw+raw+raw,,,,,,,,,local_point_repaired,,302.0,0.8688189160020556,S2B_MSIL2A_20250710T080609_N0511_R078_T37SBR_20250710T103052.SAFE,f51b332b-0aeb-4d26-843d-19e192f9ac84,,,,,,,,,local_point_repaired,,302.0,0.8688189160020556,S2C_MSIL2A_20250708T081631_N0511_R121_T36SYA_20250708T140936.SAFE,47f990bf-090e-42a2-b818-4e91994650ec,,,,,,,,,local_exact,,302.0,0.8688189160020556,S2A_MSIL2A_20250707T081021_N0511_R078_T36SYB_20250707T114117.SAFE,de110702-636e-41af-a934-5716ce0b7bcd,,,,,,,,,local_point_repaired,,302.0,0.8688189160020556,S2C_MSIL2A_20250705T080631_N0511_R078_T37SBR_20250705T114715.SAFE,60f43440-66b5-4e20-90d0-50007022679a,S2C_36SYB_20250409_0_L2A,https://sentinel-s2-l2a.s3.amazonaws.com/tiles/36/S/YB/2025/4/9/0/R20m,https://sentinel-cogs.s3.us-west-2.amazonaws.com/sentinel-s2-l2a-cogs/36/S/YB/2025/4/S2C_36SYB_20250409_0_L2A,1000,S2C_MSIL2A_20250409T081631_N0511_R121_T36SYB_20250409T135659.SAFE,,,,stac_point_repaired,,302.0,0.8688189160020556,S2C_MSIL2A_20250409T081631_N0511_R121_T37SBR_20250409T135659.SAFE,e2c4ce1f-3d3e-4f45-a3c9-564409c23948,,,,,,,,,local_point_repaired,,270.0,0.5708882639009971,S2A_MSIL2A_20240713T081611_N0510_R121_T36SYA_20240713T123751.SAFE,b3784f1f-63b2-4c62-beb7-39b601c0fb69
tan20250709t085527c89s4001-C,2025-07-09T08:55:27+00,32.51052910252726,36.10585798535948,"[36.08800432755157, 32.49422802048373, 36.125104762552546, 32.525514774425446]",S2,2025-07-10T08:06:09.024000Z,e7655578-7235-44c9-abad-11a0acb06ec0,S2B_MSIL2A_20250710T080609_N0511_R078_T36SYB_20250710T103052.SAFE,S2|R078|20250710T0800,/mnt/engg-niulab/yuyao/sensors_raw_data/S2/t0/tan20250709t085527c89s4001-C/s2.tif,/mnt/engg-niulab/yuyao/preprocessed_512/S2/tan20250709t085527c89s4001-C/s2_0_std_512.tif,s2_download_manifest:downloaded;master:target_512_path,available,0,,expected,t0,t0_24h_window,2025-07-08T08:16:31.025000Z,local_sibling:0ecbdd1376431629,S2C_MSIL2A_20250708T081631_N0511_R121_T36SYB_20250708T140936.SAFE,S2|R121|20250708T0810,/mnt/engg-niulab/yuyao/sensors_raw_data/S2/product_crops/47f990bf-090e-42a2-b818-4e91994650ec/tan20250709t085527c89s4001-C/prev1.tif,,download_s2_missing_from_clean_table,available,0,,expected,product_crops,,2025-07-07T08:10:21.024000Z,de110702-636e-41af-a934-5716ce0b7bcd,S2A_MSIL2A_20250707T081021_N0511_R078_T36SYB_20250707T114117.SAFE,S2|R078|20250707T0810,/mnt/engg-niulab/yuyao/sensors_raw_data/S2/product_crops/de110702-636e-41af-a934-5716ce0b7bcd/tan20250709t085527c89s4001-C/prev2.tif,,download_s2_missing_from_clean_table,available,0,,expected,product_crops,,2025-07-05T08:06:31.025000Z,local_sibling:104b5b2de78636c9,S2C_MSIL2A_20250705T080631_N0511_R078_T36SYB_20250705T114715.SAFE,S2|R078|20250705T0800,/mnt/engg-niulab/yuyao/sensors_raw_data/S2/prev3/tan20250709t085527c89s4001-C/s2_prev3.tif,,s2_download_manifest:downloaded,available,0,,expected,prev3,,2025-04-09T08:16:31.024000Z,aws_stac:S2C_36SYB_20250409_0_L2A,S2C_MSIL2A_20250409T081631_N0511_R121_T36SYB_20250409T135659.SAFE,S2|R121|20250409T0810,/mnt/engg-niulab/yuyao/sensors_raw_data/S2/seasonal/tan20250709t085527c89s4001-C/s2_-90.tif,/mnt/engg-niulab/yuyao/preprocessed_512/S2/tan20250709t085527c89s4001-C/s2_-90_std_512.tif,master:downloaded_path;master:target_512_path,available,0,,expected,,legacy_minus90_window,2024-07-13T08:16:11.024000Z,6aa70cef-f078-4553-9db3-5ddbaa25554f,S2A_MSIL2A_20240713T081611_N0510_R121_T37SBS_20240713T123751.SAFE,S2|R121|20240713T0810,/mnt/engg-niulab/yuyao/sensors_raw_data/S2/year/tan20250709t085527c89s4001-C/s2_-360.tif,/mnt/engg-niulab/yuyao/preprocessed_512/S2/tan20250709t085527c89s4001-C/s2_-360_std_512.tif,master:downloaded_path;master:target_512_path,available,0,,expected,,legacy_minus360_window,https://api.carbonmapper.org/api/v1/catalog/asset/l3a-vis-ch4-mfa-v3/2025/07/09/tan20250709t085527c89s4001-C/tan20250709t085527c89s4001-C_l3a-vis-ch4-mfa-v3_plume.tif,https://api.carbonmapper.org/api/v1/catalog/asset/l3a-vis-ch4-mfa-v3/2025/07/09/tan20250709t085527c89s4001-C/tan20250709t085527c89s4001-C_l3a-vis-ch4-mfa-v3_plume.png,https://api.carbonmapper.org/api/v1/catalog/asset/l3a-ime-ch4-mfa-v3/2025/07/09/tan20250709t085527c89s4001-C/tan20250709t085527c89s4001-C_l3a-ime-ch4-mfa-v3_ime-cmf-concentrations.tif,https://api.carbonmapper.org/api/v1/catalog/asset/l3a-vis-ch4-mfa-v3/2025/07/09/tan20250709t085527c89s4001-C/tan20250709t085527c89s4001-C_l3a-vis-ch4-mfa-v3_rgb.tif,https://api.carbonmapper.org/api/v1/catalog/asset/l3a-vis-ch4-mfa-v3/2025/07/09/tan20250709t085527c89s4001-C/tan20250709t085527c89s4001-C_l3a-vis-ch4-mfa-v3_rgb.png,/mnt/engg-niulab/yuyao/sensors_raw_data/S2/t0/tan20250709t085527c89s4001-C/s2.tif,raw,/mnt/engg-niulab/yuyao/sensors_raw_data/S2/product_crops/47f990bf-090e-42a2-b818-4e91994650ec/tan20250709t085527c89s4001-C/prev1.tif,raw,/mnt/engg-niulab/yuyao/sensors_raw_data/S2/product_crops/de110702-636e-41af-a934-5716ce0b7bcd/tan20250709t085527c89s4001-C/prev2.tif,raw,/mnt/engg-niulab/yuyao/sensors_raw_data/S2/prev3/tan20250709t085527c89s4001-C/s2_prev3.tif,raw,/mnt/engg-niulab/yuyao/sensors_raw_data/S2/seasonal/tan20250709t085527c89s4001-C/s2_-90.tif,raw,/mnt/engg-niulab/yuyao/sensors_raw_data/S2/year/tan20250709t085527c89s4001-C/s2_-360.tif,raw,1,1,raw+raw+raw+raw+raw+raw,,,,,,,,,local_exact,,297.0,0.4258245926030213,S2B_MSIL2A_20250710T080609_N0511_R078_T36SYB_20250710T103052.SAFE,e7655578-7235-44c9-abad-11a0acb06ec0,,,,,,,,,local_point_repaired,,297.0,0.4258245926030213,S2C_MSIL2A_20250708T081631_N0511_R121_T36SYA_20250708T140936.SAFE,47f990bf-090e-42a2-b818-4e91994650ec,,,,,,,,,local_exact,,297.0,0.4258245926030213,S2A_MSIL2A_20250707T081021_N0511_R078_T36SYB_20250707T114117.SAFE,de110702-636e-41af-a934-5716ce0b7bcd,,,,,,,,,local_point_repaired,,297.0,0.4258245926030213,S2C_MSIL2A_20250705T080631_N0511_R078_T37SBR_20250705T114715.SAFE,60f43440-66b5-4e20-90d0-50007022679a,S2C_36SYB_20250409_0_L2A,https://sentinel-s2-l2a.s3.amazonaws.com/tiles/36/S/YB/2025/4/9/0/R20m,https://sentinel-cogs.s3.us-west-2.amazonaws.com/sentinel-s2-l2a-cogs/36/S/YB/2025/4/S2C_36SYB_20250409_0_L2A,1000,S2C_MSIL2A_20250409T081631_N0511_R121_T36SYB_20250409T135659.SAFE,,,,stac_point_repaired,,297.0,0.4258245926030213,S2C_MSIL2A_20250409T081631_N0511_R121_T37SBR_20250409T135659.SAFE,e2c4ce1f-3d3e-4f45-a3c9-564409c23948,,,,,,,,,local_exact,,269.0,0.45951967367545876,S2A_MSIL2A_20240713T081611_N0510_R121_T37SBS_20240713T123751.SAFE,6aa70cef-f078-4553-9db3-5ddbaa25554f
tan20250709t181548c58s4001-M,2025-07-09T18:15:48+00,32.17965099045689,-101.72898206843898,"[-101.74903455071758, 32.16349896239498, -101.71206442878626, 32.19478999508807]",S2,2025-07-10T17:19:21.025000Z,8b91f3c1-7e86-4a96-8931-b5431872ae3c,S2C_MSIL2A_20250710T171921_N0511_R012_T14SKA_20250710T221202.SAFE,S2|R012|20250710T1710,/mnt/engg-niulab/yuyao/sensors_raw_data/S2/t0/tan20250709t181548c58s4001-M/s2.tif,/mnt/engg-niulab/yuyao/preprocessed_512/S2/tan20250709t181548c58s4001-M/s2_0_std_512.tif,s2_download_manifest:downloaded;master:target_512_path,available,0,,expected,t0,t0_24h_window,2025-07-08T17:28:59.024000Z,fc892afa-df09-422f-af08-8f84c5557a21,S2B_MSIL2A_20250708T172859_N0511_R055_T14SKA_20250708T212136.SAFE,S2|R055|20250708T1720,/mnt/engg-niulab/yuyao/sensors_raw_data/S2/prev1/tan20250709t181548c58s4001-M/s2_-7.tif,,s2_download_manifest:downloaded,available,0,,expected,prev1,,2025-07-05T17:18:59.024000Z,ad8e117b-a0d3-4360-82e8-8ca634098559,S2B_MSIL2A_20250705T171859_N0511_R012_T14SKA_20250705T205335.SAFE,S2|R012|20250705T1710,/mnt/engg-niulab/yuyao/sensors_raw_data/S2/prev2/tan20250709t181548c58s4001-M/s2_prev2.tif,,s2_download_manifest:downloaded,available,0,,expected,prev2,,2025-06-28T17:28:59.024000Z,local_sibling:a3dbd42100859a39,S2B_MSIL2A_20250628T172859_N0511_R055_T14SKA_20250628T210049.SAFE,S2|R055|20250628T1720,/mnt/engg-niulab/yuyao/sensors_raw_data/S2/prev3/tan20250709t181548c58s4001-M/s2_prev3.tif,,s2_download_manifest:downloaded,available,0,,expected,prev3,,2025-04-09T17:28:59.024000Z,local_mosaic:6fe8c0dadaf87f54:-101.7_32.2,S2B_MSIL2A_20250409T172859_N0511_R055_T13SGR_20250409T205934.SAFE,S2|R055|20250409T1720,/mnt/engg-niulab/yuyao/sensors_raw_data/S2/seasonal/tan20250709t181548c58s4001-M/s2_-90.tif,/mnt/engg-niulab/yuyao/preprocessed_512/S2/tan20250709t181548c58s4001-M/s2_-90_std_512.tif,master:downloaded_path;master:target_512_path,available,0,,expected,,legacy_minus90_window,2024-07-13T17:28:59.024000Z,3be087c4-d6f0-455b-8a61-6fab59c8564a,S2B_MSIL2A_20240713T172859_N0510_R055_T14SKA_20240713T214123.SAFE,S2|R055|20240713T1720,/mnt/engg-niulab/yuyao/sensors_raw_data/S2/year/tan20250709t181548c58s4001-M/s2_-360.tif,/mnt/engg-niulab/yuyao/preprocessed_512/S2/tan20250709t181548c58s4001-M/s2_-360_std_512.tif,master:downloaded_path;master:target_512_path,available,0,,expected,,legacy_minus360_window,https://api.carbonmapper.org/api/v1/catalog/asset/l3a-vis-ch4-mfa-v3/2025/07/09/tan20250709t181548c58s4001-M/tan20250709t181548c58s4001-M_l3a-vis-ch4-mfa-v3_plume.tif,https://api.carbonmapper.org/api/v1/catalog/asset/l3a-vis-ch4-mfa-v3/2025/07/09/tan20250709t181548c58s4001-M/tan20250709t181548c58s4001-M_l3a-vis-ch4-mfa-v3_plume.png,https://api.carbonmapper.org/api/v1/catalog/asset/l3a-ime-ch4-mfa-v3/2025/07/09/tan20250709t181548c58s4001-M/tan20250709t181548c58s4001-M_l3a-ime-ch4-mfa-v3_ime-cmf-concentrations.tif,https://api.carbonmapper.org/api/v1/catalog/asset/l3a-vis-ch4-mfa-v3/2025/07/09/tan20250709t181548c58s4001-M/tan20250709t181548c58s4001-M_l3a-vis-ch4-mfa-v3_rgb.tif,https://api.carbonmapper.org/api/v1/catalog/asset/l3a-vis-ch4-mfa-v3/2025/07/09/tan20250709t181548c58s4001-M/tan20250709t181548c58s4001-M_l3a-vis-ch4-mfa-v3_rgb.png,/mnt/engg-niulab/yuyao/sensors_raw_data/S2/t0/tan20250709t181548c58s4001-M/s2.tif,raw,/mnt/engg-niulab/yuyao/sensors_raw_data/S2/prev1/tan20250709t181548c58s4001-M/s2_-7.tif,raw,/mnt/engg-niulab/yuyao/sensors_raw_data/S2/prev2/tan20250709t181548c58s4001-M/s2_prev2.tif,raw,/mnt/engg-niulab/yuyao/sensors_raw_data/S2/prev3/tan20250709t181548c58s4001-M/s2_prev3.tif,raw,/mnt/engg-niulab/yuyao/sensors_raw_data/S2/seasonal/tan20250709t181548c58s4001-M/s2_-90.tif,raw,/mnt/engg-niulab/yuyao/sensors_raw_data/S2/year/tan20250709t181548c58s4001-M/s2_-360.tif,raw,1,1,raw+raw+raw+raw+raw+raw,,,,,,,,,local_exact,,1563.0,0.7255155566144822,S2C_MSIL2A_20250710T171921_N0511_R012_T14SKA_20250710T221202.SAFE,8b91f3c1-7e86-4a96-8931-b5431872ae3c,,,,,,,,,local_exact,,1563.0,0.7255155566144822,S2B_MSIL2A_20250708T172859_N0511_R055_T14SKA_20250708T212136.SAFE,fc892afa-df09-422f-af08-8f84c5557a21,,,,,,,,,cdse_point_repaired,selected by CDSE crop-region coverage; boundary_distance_m=36386.089,1563.3044732758037,0.0,S2B_MSIL2A_20250705T171859_N0511_R012_T13SGR_20250705T205335.SAFE,9dc5559e-b38c-4ef3-b18f-7a692adc1403,,,,,,,,,local_point_repaired,,1563.0,0.7255155566144822,S2B_MSIL2A_20250628T172859_N0511_R055_T13SGR_20250628T210049.SAFE,26052113-ed58-4cc6-8cdc-40357a2c2430,,,,,,,"[{""product_name"":""S2B_MSIL2A_20250409T172859_N0511_R055_T13SGR_20250409T205934.SAFE"",""product_dir"":""/mnt/engg-niulab/yuyao/sensors_raw_data/S2/raw_data_dir_s2/S2B_MSIL2A_20250409T172859_N0511_R055_T13SGR_20250409T205934.SAFE""},{""product_name"":""S2B_MSIL2A_20250409T172859_N0511_R055_T13SER_20250409T205934.SAFE"",""product_dir"":""/mnt/engg-leung/Research_No9_Methane_Emissions/Yuyao/raw_data_dir_s2_90360/S2B_MSIL2A_20250409T172859_N0511_R055_T13SER_20250409T205934.SAFE""},{""product_name"":""S2B_MSIL2A_20250409T172859_N0511_R055_T13SFR_20250409T205934.SAFE"",""product_dir"":""/mnt/engg-leung/Research_No9_Methane_Emissions/Yuyao/raw_data_dir_s2_90360/S2B_MSIL2A_20250409T172859_N0511_R055_T13SFR_20250409T205934.SAFE""},{""product_name"":""S2B_MSIL2A_20250409T172859_N0511_R055_T13RFQ_20250409T205934.SAFE"",""product_dir"":""/mnt/engg-leung/Research_No9_Methane_Emissions/Yuyao/raw_data_dir_s2/S2B_MSIL2A_20250409T172859_N0511_R055_T13RFQ_20250409T205934.SAFE""},{""product_name"":""S2B_MSIL2A_20250409T172859_N0511_R055_T13RGQ_20250409T205934.SAFE"",""product_dir"":""/mnt/engg-leung/Research_No9_Methane_Emissions/Yuyao/raw_data_dir_s2/S2B_MSIL2A_20250409T172859_N0511_R055_T13RGQ_20250409T205934.SAFE""}]",,local_mosaic_repaired,,-189.0,0.9500484964810312,S2B_MSIL2A_20250409T172859_N0511_R055_T13SGR_20250409T205934.SAFE,535d0e9b-3e8a-4c37-bfc7-9be3dd26adf0,,,,,,,,,local_exact,,1563.0,0.7255155566144822,S2B_MSIL2A_20240713T172859_N0510_R055_T14SKA_20240713T214123.SAFE,3be087c4-d6f0-455b-8a61-6fab59c8564a
tan20250709t194517c33s4001-A,2025-07-09T19:45:17+00,45.564558605700974,-121.13249355275006,"[-121.1527509917138, 45.548552540491265, -121.10886210440239, 45.57927972711523]",S2,2025-07-10T18:59:41.025000Z,90bf6d84-f74c-490c-beea-cd61fbb879a5,S2C_MSIL2A_20250710T185941_N0511_R013_T10TFR_20250710T231458.SAFE,S2|R013|20250710T1850,/mnt/engg-niulab/yuyao/sensors_raw_data/S2/t0/tan20250709t194517c33s4001-A/s2.tif,,s2_download_manifest:downloaded,available,0,,expected,t0,t0_24h_window,2025-07-09T18:58:31.024000Z,d3466e2a-13ab-42d9-8218-356accb19ca7,S2A_MSIL2A_20250709T185831_N0511_R113_T10TFR_20250710T011913.SAFE,S2|R113|20250709T1850,/mnt/engg-niulab/yuyao/sensors_raw_data/S2/prev1/tan20250709t194517c33s4001-A/s2_-7.tif,,s2_download_manifest:downloaded,available,0,,expected,prev1,,2025-07-07T18:49:41.025000Z,59198873-21c6-403f-a75f-3bb884f0483b,S2C_MSIL2A_20250707T184941_N0511_R113_T10TFR_20250707T235518.SAFE,S2|R113|20250707T1840,/mnt/engg-niulab/yuyao/sensors_raw_data/S2/prev2/tan20250709t194517c33s4001-A/s2_prev2.tif,,s2_download_manifest:downloaded,available,0,,expected,prev2,,2025-07-05T18:59:19.024000Z,e50d4df4-99ab-4de0-b99d-5d42b4ac911a,S2B_MSIL2A_20250705T185919_N0511_R013_T10TFR_20250705T212336.SAFE,S2|R013|20250705T1850,/mnt/engg-niulab/yuyao/sensors_raw_data/S2/prev3/tan20250709t194517c33s4001-A/s2_prev3.tif,,s2_download_manifest:downloaded,available,0,,expected,prev3,,,,,,,/mnt/engg-leung/Research_No9_Methane_Emissions/Yuyao/Dataset/plume_raw_s2_90360_fixed_512/tan20250709t194517c33s4001-A/s2_90_std_512.tif,master:existing_512_path,available,0,,,,,,,,,,/mnt/engg-leung/Research_No9_Methane_Emissions/Yuyao/Dataset/plume_raw_s2_90360_fixed_512/tan20250709t194517c33s4001-A/s2_360_std_512.tif,master:existing_512_path,available,0,,,,,https://api.carbonmapper.org/api/v1/catalog/asset/l3a-vis-ch4-mfa-v3/2025/07/09/tan20250709t194517c33s4001-A/tan20250709t194517c33s4001-A_l3a-vis-ch4-mfa-v3_plume.tif,https://api.carbonmapper.org/api/v1/catalog/asset/l3a-vis-ch4-mfa-v3/2025/07/09/tan20250709t194517c33s4001-A/tan20250709t194517c33s4001-A_l3a-vis-ch4-mfa-v3_plume.png,https://api.carbonmapper.org/api/v1/catalog/asset/l3a-ime-ch4-mfa-v3/2025/07/09/tan20250709t194517c33s4001-A/tan20250709t194517c33s4001-A_l3a-ime-ch4-mfa-v3_ime-cmf-concentrations.tif,https://api.carbonmapper.org/api/v1/catalog/asset/l3a-vis-ch4-mfa-v3/2025/07/09/tan20250709t194517c33s4001-A/tan20250709t194517c33s4001-A_l3a-vis-ch4-mfa-v3_rgb.tif,https://api.carbonmapper.org/api/v1/catalog/asset/l3a-vis-ch4-mfa-v3/2025/07/09/tan20250709t194517c33s4001-A/tan20250709t194517c33s4001-A_l3a-vis-ch4-mfa-v3_rgb.png,/mnt/engg-niulab/yuyao/sensors_raw_data/S2/t0/tan20250709t194517c33s4001-A/s2.tif,raw,/mnt/engg-niulab/yuyao/sensors_raw_data/S2/prev1/tan20250709t194517c33s4001-A/s2_-7.tif,raw,/mnt/engg-niulab/yuyao/sensors_raw_data/S2/prev2/tan20250709t194517c33s4001-A/s2_prev2.tif,raw,/mnt/engg-niulab/yuyao/sensors_raw_data/S2/prev3/tan20250709t194517c33s4001-A/s2_prev3.tif,raw,/mnt/engg-leung/Research_No9_Methane_Emissions/Yuyao/Dataset/plume_raw_s2_90360_fixed_512/tan20250709t194517c33s4001-A/s2_90_std_512.tif,512,/mnt/engg-leung/Research_No9_Methane_Emissions/Yuyao/Dataset/plume_raw_s2_90360_fixed_512/tan20250709t194517c33s4001-A/s2_360_std_512.tif,512,1,1,raw+raw+raw+raw+512+512,,,,,,,,,local_exact,,2030.0,0.7500000000291038,S2C_MSIL2A_20250710T185941_N0511_R013_T10TFR_20250710T231458.SAFE,90bf6d84-f74c-490c-beea-cd61fbb879a5,,,,,,,,,local_exact,,2030.0,0.7500000000291038,S2A_MSIL2A_20250709T185831_N0511_R113_T10TFR_20250710T011913.SAFE,d3466e2a-13ab-42d9-8218-356accb19ca7,,,,,,,,,local_exact,,2030.0,0.7500000000291038,S2C_MSIL2A_20250707T184941_N0511_R113_T10TFR_20250707T235518.SAFE,59198873-21c6-403f-a75f-3bb884f0483b,,,,,,,,,local_exact,,2030.0,0.7500000000291038,S2B_MSIL2A_20250705T185919_N0511_R013_T10TFR_20250705T212336.SAFE,e50d4df4-99ab-4de0-b99d-5d42b4ac911a,,,,,,,,,,,,,,,,,,,,,,,,,,,,
tan20250725t060053c55s4001-A,2025-07-25T06:00:53+00,45.71158896655024,86.76244265867024,"[86.73258032234521, 45.693465592749675, 86.77659021514462, 45.723928409608334]",S2,2025-07-26T05:06:59.024000Z,9c848fb2-ca89-4f30-8191-5ff799f18c6c,S2B_MSIL2A_20250726T050659_N0511_R019_T45TVL_20250726T072055.SAFE,S2|R019|20250726T0500,/mnt/engg-niulab/yuyao/sensors_raw_data/S2/t0/tan20250725t060053c55s4001-A/s2.tif,/mnt/engg-niulab/yuyao/preprocessed_512/S2/tan20250725t060053c55s4001-A/s2_0_std_512.tif,s2_download_manifest:downloaded;master:target_512_path,available,0,,expected,t0,t0_24h_window,2025-07-24T05:17:11.025000Z,803540da-6456-4130-a235-aaa4269d9334,S2C_MSIL2A_20250724T051711_N0511_R062_T45TVL_20250724T084504.SAFE,S2|R062|20250724T0510,/mnt/engg-niulab/yuyao/sensors_raw_data/S2/prev1/tan20250725t060053c55s4001-A/s2_-7.tif,,s2_download_manifest:downloaded,available,0,,expected,prev1,,2025-07-21T05:07:11.025000Z,c198d767-7b2a-47b9-8ee2-dcabd2e41e79,S2C_MSIL2A_20250721T050711_N0511_R019_T45TVL_20250721T102814.SAFE,S2|R019|20250721T0500,/mnt/engg-niulab/yuyao/sensors_raw_data/S2/prev2/tan20250725t060053c55s4001-A/s2_prev2.tif,,s2_download_manifest:downloaded,available,0,,expected,prev2,,2025-07-19T05:16:59.024000Z,82e8bb80-ca6c-4797-bf1d-0fa4f25195ec,S2B_MSIL2A_20250719T051659_N0511_R062_T45TVL_20250719T073015.SAFE,S2|R062|20250719T0510,/mnt/engg-niulab/yuyao/sensors_raw_data/S2/prev3/tan20250725t060053c55s4001-A/s2_prev3.tif,,s2_download_manifest:downloaded,available,0,,expected,prev3,,2025-04-25T05:17:11.025000Z,fdab6561-3c6c-49d7-850b-a74ac468d811,S2C_MSIL2A_20250425T051711_N0511_R062_T45TVL_20250425T103213.SAFE,S2|R062|20250425T0510,/mnt/engg-niulab/yuyao/sensors_raw_data/S2/seasonal/tan20250725t060053c55s4001-A/s2_-90.tif,/mnt/engg-niulab/yuyao/preprocessed_512/S2/tan20250725t060053c55s4001-A/s2_-90_std_512.tif,master:downloaded_path;master:target_512_path,available,0,,expected,,legacy_minus90_window,2024-07-29T05:16:51.024000Z,61cbcfc0-9cb0-4a31-9897-b38359604a31,S2A_MSIL2A_20240729T051651_N0511_R062_T45TVL_20240729T110054.SAFE,S2|R062|20240729T0510,/mnt/engg-niulab/yuyao/sensors_raw_data/S2/year/tan20250725t060053c55s4001-A/s2_-360.tif,/mnt/engg-niulab/yuyao/preprocessed_512/S2/tan20250725t060053c55s4001-A/s2_-360_std_512.tif,master:downloaded_path;master:target_512_path,available,0,,expected,,legacy_minus360_window,https://api.carbonmapper.org/api/v1/catalog/asset/l3a-vis-ch4-mfa-v3/2025/07/25/tan20250725t060053c55s4001-A/tan20250725t060053c55s4001-A_l3a-vis-ch4-mfa-v3_plume.tif,https://api.carbonmapper.org/api/v1/catalog/asset/l3a-vis-ch4-mfa-v3/2025/07/25/tan20250725t060053c55s4001-A/tan20250725t060053c55s4001-A_l3a-vis-ch4-mfa-v3_plume.png,https://api.carbonmapper.org/api/v1/catalog/asset/l3a-ime-ch4-mfa-v3/2025/07/25/tan20250725t060053c55s4001-A/tan20250725t060053c55s4001-A_l3a-ime-ch4-mfa-v3_ime-cmf-concentrations.tif,https://api.carbonmapper.org/api/v1/catalog/asset/l3a-vis-ch4-mfa-v3/2025/07/25/tan20250725t060053c55s4001-A/tan20250725t060053c55s4001-A_l3a-vis-ch4-mfa-v3_rgb.tif,https://api.carbonmapper.org/api/v1/catalog/asset/l3a-vis-ch4-mfa-v3/2025/07/25/tan20250725t060053c55s4001-A/tan20250725t060053c55s4001-A_l3a-vis-ch4-mfa-v3_rgb.png,/mnt/engg-niulab/yuyao/sensors_raw_data/S2/t0/tan20250725t060053c55s4001-A/s2.tif,raw,/mnt/engg-niulab/yuyao/sensors_raw_data/S2/prev1/tan20250725t060053c55s4001-A/s2_-7.tif,raw,/mnt/engg-niulab/yuyao/sensors_raw_data/S2/prev2/tan20250725t060053c55s4001-A/s2_prev2.tif,raw,/mnt/engg-niulab/yuyao/sensors_raw_data/S2/prev3/tan20250725t060053c55s4001-A/s2_prev3.tif,raw,/mnt/engg-niulab/yuyao/sensors_raw_data/S2/seasonal/tan20250725t060053c55s4001-A/s2_-90.tif,raw,/mnt/engg-niulab/yuyao/sensors_raw_data/S2/year/tan20250725t060053c55s4001-A/s2_-360.tif,raw,1,1,raw+raw+raw+raw+raw+raw,S2B_45TVL_20250726_0_L2A,https://sentinel-s2-l2a.s3.amazonaws.com/tiles/45/T/VL/2025/7/26/0/R20m,https://sentinel-cogs.s3.us-west-2.amazonaws.com/sentinel-s2-l2a-cogs/45/T/VL/2025/7/S2B_45TVL_20250726_0_L2A,1000,S2B_MSIL2A_20250726T050659_N0511_R019_T45TVL_20250726T072055.SAFE,,,,stac_exact,,1157.0,0.5024653978907736,S2B_MSIL2A_20250726T050659_N0511_R019_T45TVL_20250726T072055.SAFE,9c848fb2-ca89-4f30-8191-5ff799f18c6c,S2C_45TVL_20250724_0_L2A,https://sentinel-s2-l2a.s3.amazonaws.com/tiles/45/T/VL/2025/7/24/0/R20m,https://sentinel-cogs.s3.us-west-2.amazonaws.com/sentinel-s2-l2a-cogs/45/T/VL/2025/7/S2C_45TVL_20250724_0_L2A,1000,S2C_MSIL2A_20250724T051711_N0511_R062_T45TVL_20250724T084504.SAFE,,,,stac_exact,,1157.0,0.5024653978907736,S2C_MSIL2A_20250724T051711_N0511_R062_T45TVL_20250724T084504.SAFE,803540da-6456-4130-a235-aaa4269d9334,S2C_45TVL_20250721_0_L2A,https://sentinel-s2-l2a.s3.amazonaws.com/tiles/45/T/VL/2025/7/21/0/R20m,https://sentinel-cogs.s3.us-west-2.amazonaws.com/sentinel-s2-l2a-cogs/45/T/VL/2025/7/S2C_45TVL_20250721_0_L2A,1000,S2C_MSIL2A_20250721T050711_N0511_R019_T45TVL_20250721T102814.SAFE,,,,stac_exact,,1157.0,0.5024653978907736,S2C_MSIL2A_20250721T050711_N0511_R019_T45TVL_20250721T102814.SAFE,c198d767-7b2a-47b9-8ee2-dcabd2e41e79,S2B_45TVL_20250719_0_L2A,https://sentinel-s2-l2a.s3.amazonaws.com/tiles/45/T/VL/2025/7/19/0/R20m,https://sentinel-cogs.s3.us-west-2.amazonaws.com/sentinel-s2-l2a-cogs/45/T/VL/2025/7/S2B_45TVL_20250719_0_L2A,1000,S2B_MSIL2A_20250719T051659_N0511_R062_T45TVL_20250719T073015.SAFE,,,,stac_exact,,1157.0,0.5024653978907736,S2B_MSIL2A_20250719T051659_N0511_R062_T45TVL_20250719T073015.SAFE,82e8bb80-ca6c-4797-bf1d-0fa4f25195ec,S2C_45TVL_20250425_0_L2A,https://sentinel-s2-l2a.s3.amazonaws.com/tiles/45/T/VL/2025/4/25/0/R20m,https://sentinel-cogs.s3.us-west-2.amazonaws.com/sentinel-s2-l2a-cogs/45/T/VL/2025/4/S2C_45TVL_20250425_0_L2A,1000,S2C_MSIL2A_20250425T051711_N0511_R062_T45TVL_20250425T103213.SAFE,,,,stac_exact,,1157.0,0.5024653978907736,S2C_MSIL2A_20250425T051711_N0511_R062_T45TVL_20250425T103213.SAFE,fdab6561-3c6c-49d7-850b-a74ac468d811,,,,,,,,,local_exact,,1157.0,0.5024653978907736,S2A_MSIL2A_20240729T051651_N0511_R062_T45TVL_20240729T110054.SAFE,61cbcfc0-9cb0-4a31-9897-b38359604a31
tan20250824t092752c76s4001-A,2025-08-24T09:27:52+00,34.77204881988136,32.50605405581692,"[32.48791651102905, 34.756350550820166, 32.525046522378695, 34.787120188501135]",S2,2025-08-25T08:25:59.024000Z,31245f61-f458-419a-8712-937e238cdb1c,S2B_MSIL2A_20250825T082559_N0511_R021_T36SVD_20250825T104951.SAFE,S2|R021|20250825T0820,/mnt/engg-niulab/yuyao/sensors_raw_data/S2/t0/tan20250824t092752c76s4001-A/s2.tif,/mnt/engg-niulab/yuyao/preprocessed_512/S2/tan20250824t092752c76s4001-A/s2_0_std_512.tif,s2_download_manifest:downloaded;master:target_512_path,available,0,,expected,t0,t0_24h_window,2025-08-22T08:27:51.024000Z,a5005aed-4526-4e78-9b8e-c6704d55925b,S2A_MSIL2A_20250822T082751_N0511_R021_T36SVD_20250822T121906.SAFE,S2|R021|20250822T0820,/mnt/engg-niulab/yuyao/sensors_raw_data/S2/prev1/tan20250824t092752c76s4001-A/s2_-7.tif,,s2_download_manifest:downloaded,available,0,,expected,prev1,,2025-08-20T08:27:11.025000Z,8f237a21-3b85-4d81-b77f-b84fe9ba0fcd,S2C_MSIL2A_20250820T082711_N0511_R021_T36SVD_20250820T140316.SAFE,S2|R021|20250820T0820,/mnt/engg-niulab/yuyao/sensors_raw_data/S2/prev2/tan20250824t092752c76s4001-A/s2_prev2.tif,,s2_download_manifest:downloaded,available,0,,expected,prev2,,2025-08-18T08:35:59.024000Z,7c88f55c-c206-4e0b-b62b-c9a63d32271e,S2B_MSIL2A_20250818T083559_N0511_R064_T36SVD_20250818T111754.SAFE,S2|R064|20250818T0830,/mnt/engg-niulab/yuyao/sensors_raw_data/S2/prev3/tan20250824t092752c76s4001-A/s2_prev3.tif,,s2_download_manifest:downloaded,available,0,,expected,prev3,,2025-05-24T08:35:31.024000Z,201367b6-cd22-477f-ab0e-5e0b59422390,S2A_MSIL2A_20250524T083531_N0511_R021_T36SVD_20250524T104812.SAFE,S2|R021|20250524T0830,/mnt/engg-niulab/yuyao/sensors_raw_data/S2/seasonal/tan20250824t092752c76s4001-A/s2_-90.tif,/mnt/engg-niulab/yuyao/preprocessed_512/S2/tan20250824t092752c76s4001-A/s2_-90_std_512.tif,master:downloaded_path;master:target_512_path,available,0,,expected,,legacy_minus90_window,2024-08-28T08:36:01.024000Z,1c9c9ecc-b57e-427f-939d-210ce415e7fb,S2A_MSIL2A_20240828T083601_N0511_R064_T36SVD_20240828T130859.SAFE,S2|R064|20240828T0830,/mnt/engg-niulab/yuyao/sensors_raw_data/S2/year/tan20250824t092752c76s4001-A/s2_-360.tif,/mnt/engg-niulab/yuyao/preprocessed_512/S2/tan20250824t092752c76s4001-A/s2_-360_std_512.tif,master:downloaded_path;master:target_512_path,available,0,,expected,,legacy_minus360_window,https://api.carbonmapper.org/api/v1/catalog/asset/l3a-vis-ch4-mfa-v3/2025/08/24/tan20250824t092752c76s4001-A/tan20250824t092752c76s4001-A_l3a-vis-ch4-mfa-v3_plume.tif,https://api.carbonmapper.org/api/v1/catalog/asset/l3a-vis-ch4-mfa-v3/2025/08/24/tan20250824t092752c76s4001-A/tan20250824t092752c76s4001-A_l3a-vis-ch4-mfa-v3_plume.png,https://api.carbonmapper.org/api/v1/catalog/asset/l3a-ime-ch4-mfa-v3/2025/08/24/tan20250824t092752c76s4001-A/tan20250824t092752c76s4001-A_l3a-ime-ch4-mfa-v3_ime-cmf-concentrations.tif,https://api.carbonmapper.org/api/v1/catalog/asset/l3a-vis-ch4-mfa-v3/2025/08/24/tan20250824t092752c76s4001-A/tan20250824t092752c76s4001-A_l3a-vis-ch4-mfa-v3_rgb.tif,https://api.carbonmapper.org/api/v1/catalog/asset/l3a-vis-ch4-mfa-v3/2025/08/24/tan20250824t092752c76s4001-A/tan20250824t092752c76s4001-A_l3a-vis-ch4-mfa-v3_rgb.png,/mnt/engg-niulab/yuyao/sensors_raw_data/S2/t0/tan20250824t092752c76s4001-A/s2.tif,raw,/mnt/engg-niulab/yuyao/sensors_raw_data/S2/prev1/tan20250824t092752c76s4001-A/s2_-7.tif,raw,/mnt/engg-niulab/yuyao/sensors_raw_data/S2/prev2/tan20250824t092752c76s4001-A/s2_prev2.tif,raw,/mnt/engg-niulab/yuyao/sensors_raw_data/S2/prev3/tan20250824t092752c76s4001-A/s2_prev3.tif,raw,/mnt/engg-niulab/yuyao/sensors_raw_data/S2/seasonal/tan20250824t092752c76s4001-A/s2_-90.tif,raw,/mnt/engg-niulab/yuyao/sensors_raw_data/S2/year/tan20250824t092752c76s4001-A/s2_-360.tif,raw,1,1,raw+raw+raw+raw+raw+raw,S2B_36SVD_20250825_1_L2A,https://sentinel-s2-l2a.s3.amazonaws.com/tiles/36/S/VD/2025/8/25/1/R20m,https://sentinel-cogs.s3.us-west-2.amazonaws.com/sentinel-s2-l2a-cogs/36/S/VD/2025/8/S2B_36SVD_20250825_1_L2A,1000,S2B_MSIL2A_20250825T082559_N0511_R021_T36SVD_20250825T104951.SAFE,,,,stac_exact,,2350.0,0.21329628251260146,S2B_MSIL2A_20250825T082559_N0511_R021_T36SVD_20250825T104951.SAFE,31245f61-f458-419a-8712-937e238cdb1c,S2A_36SVD_20250822_0_L2A,https://sentinel-s2-l2a.s3.amazonaws.com/tiles/36/S/VD/2025/8/22/0/R20m,https://sentinel-cogs.s3.us-west-2.amazonaws.com/sentinel-s2-l2a-cogs/36/S/VD/2025/8/S2A_36SVD_20250822_0_L2A,1000,S2A_MSIL2A_20250822T082751_N0511_R021_T36SVD_20250822T121906.SAFE,,,,stac_exact,,2350.0,0.21329628251260146,S2A_MSIL2A_20250822T082751_N0511_R021_T36SVD_20250822T121906.SAFE,a5005aed-4526-4e78-9b8e-c6704d55925b,S2C_36SVD_20250820_0_L2A,https://sentinel-s2-l2a.s3.amazonaws.com/tiles/36/S/VD/2025/8/20/0/R20m,https://sentinel-cogs.s3.us-west-2.amazonaws.com/sentinel-s2-l2a-cogs/36/S/VD/2025/8/S2C_36SVD_20250820_0_L2A,1000,S2C_MSIL2A_20250820T082711_N0511_R021_T36SVD_20250820T140316.SAFE,,,,stac_exact,,2350.0,0.21329628251260146,S2C_MSIL2A_20250820T082711_N0511_R021_T36SVD_20250820T140316.SAFE,8f237a21-3b85-4d81-b77f-b84fe9ba0fcd,S2B_36SVD_20250818_0_L2A,https://sentinel-s2-l2a.s3.amazonaws.com/tiles/36/S/VD/2025/8/18/0/R20m,https://sentinel-cogs.s3.us-west-2.amazonaws.com/sentinel-s2-l2a-cogs/36/S/VD/2025/8/S2B_36SVD_20250818_0_L2A,1000,S2B_MSIL2A_20250818T083559_N0511_R064_T36SVD_20250818T111754.SAFE,,,,stac_exact,,2350.0,0.21329628251260146,S2B_MSIL2A_20250818T083559_N0511_R064_T36SVD_20250818T111754.SAFE,7c88f55c-c206-4e0b-b62b-c9a63d32271e,,,,,,,,,local_exact,,2350.0,0.21329628251260146,S2A_MSIL2A_20250524T083531_N0511_R021_T36SVD_20250524T104812.SAFE,201367b6-cd22-477f-ab0e-5e0b59422390,,,,,,,,,local_exact,,2350.0,0.21329628251260146,S2A_MSIL2A_20240828T083601_N0511_R064_T36SVD_20240828T130859.SAFE,1c9c9ecc-b57e-427f-939d-210ce415e7fb
tan20250909t080902c64s4001-C,2025-09-09T08:09:02+00,39.33673880640035,54.15599861226269,"[54.133059014598935, 39.32315779947124, 54.17313863237336, 39.35415588391975]",S2,2025-09-10T07:06:19.024000Z,9f5ebd35-b8ce-4b73-a66b-bc24dd55b19e,S2B_MSIL2A_20250910T070619_N0511_R106_T40SBJ_20250910T092531.SAFE,S2|R106|20250910T0700,/mnt/engg-niulab/yuyao/sensors_raw_data/S2/t0/tan20250909t080902c64s4001-C/s2.tif,/mnt/engg-niulab/yuyao/preprocessed_512/S2/tan20250909t080902c64s4001-C/s2_0_std_512.tif,s2_download_manifest:downloaded;master:target_512_path,available,0,,expected,t0,t0_24h_window,2025-09-08T07:16:31.025000Z,e74585cf-2b7d-4d23-bff2-1575da382f15,S2C_MSIL2A_20250908T071631_N0511_R006_T39SYD_20250908T104213.SAFE,S2|R006|20250908T0710,/mnt/engg-niulab/yuyao/sensors_raw_data/S2/product_crops/e74585cf-2b7d-4d23-bff2-1575da382f15/tan20250909t080902c64s4001-C/prev1.tif,,download_s2_missing_from_clean_table,available,0,,expected,product_crops,,2025-09-05T07:06:41.025000Z,22410193-865f-46e6-8d45-7a6d669124f3,S2C_MSIL2A_20250905T070641_N0511_R106_T40SBJ_20250905T125219.SAFE,S2|R106|20250905T0700,/mnt/engg-niulab/yuyao/sensors_raw_data/S2/prev2/tan20250909t080902c64s4001-C/s2_prev2.tif,,s2_download_manifest:downloaded,available,0,,expected,prev2,,2025-09-03T07:16:19.024000Z,edc1af18-83d3-49a4-9703-2af08ae3e927,S2B_MSIL2A_20250903T071619_N0511_R006_T40SBJ_20250903T093802.SAFE,S2|R006|20250903T0710,/mnt/engg-niulab/yuyao/sensors_raw_data/S2/product_crops/edc1af18-83d3-49a4-9703-2af08ae3e927/tan20250909t080902c64s4001-C/prev3.tif,,download_s2_missing_from_clean_table,available,0,,expected,product_crops,,2025-06-10T07:16:41.024000Z,6a5817c5-7606-4ccf-afde-3605ef8f5528,S2C_MSIL2A_20250610T071641_N0511_R006_T39SYD_20250610T100116.SAFE,S2|R006|20250610T0710,/mnt/engg-niulab/yuyao/sensors_raw_data/S2/seasonal/tan20250909t080902c64s4001-C/s2_-90.tif,/mnt/engg-niulab/yuyao/preprocessed_512/S2/tan20250909t080902c64s4001-C/s2_-90_std_512.tif,master:downloaded_path;master:target_512_path,available,0,,expected,,legacy_minus90_window,2024-09-13T07:16:21.024000Z,472f2623-9d43-4485-a32b-f1b690d898ee,S2A_MSIL2A_20240913T071621_N0511_R006_T39SYD_20240913T122245.SAFE,S2|R006|20240913T0710,/mnt/engg-niulab/yuyao/sensors_raw_data/S2/year/tan20250909t080902c64s4001-C/s2_-360.tif,/mnt/engg-niulab/yuyao/preprocessed_512/S2/tan20250909t080902c64s4001-C/s2_-360_std_512.tif,master:downloaded_path;master:target_512_path,available,0,,expected,,legacy_minus360_window,https://api.carbonmapper.org/api/v1/catalog/asset/l3a-vis-ch4-mfa-v3/2025/09/09/tan20250909t080902c64s4001-C/tan20250909t080902c64s4001-C_l3a-vis-ch4-mfa-v3_plume.tif,https://api.carbonmapper.org/api/v1/catalog/asset/l3a-vis-ch4-mfa-v3/2025/09/09/tan20250909t080902c64s4001-C/tan20250909t080902c64s4001-C_l3a-vis-ch4-mfa-v3_plume.png,https://api.carbonmapper.org/api/v1/catalog/asset/l3a-ime-ch4-mfa-v3/2025/09/09/tan20250909t080902c64s4001-C/tan20250909t080902c64s4001-C_l3a-ime-ch4-mfa-v3_ime-cmf-concentrations.tif,https://api.carbonmapper.org/api/v1/catalog/asset/l3a-vis-ch4-mfa-v3/2025/09/09/tan20250909t080902c64s4001-C/tan20250909t080902c64s4001-C_l3a-vis-ch4-mfa-v3_rgb.tif,https://api.carbonmapper.org/api/v1/catalog/asset/l3a-vis-ch4-mfa-v3/2025/09/09/tan20250909t080902c64s4001-C/tan20250909t080902c64s4001-C_l3a-vis-ch4-mfa-v3_rgb.png,/mnt/engg-niulab/yuyao/sensors_raw_data/S2/t0/tan20250909t080902c64s4001-C/s2.tif,raw,/mnt/engg-niulab/yuyao/sensors_raw_data/S2/product_crops/e74585cf-2b7d-4d23-bff2-1575da382f15/tan20250909t080902c64s4001-C/prev1.tif,raw,/mnt/engg-niulab/yuyao/sensors_raw_data/S2/prev2/tan20250909t080902c64s4001-C/s2_prev2.tif,raw,/mnt/engg-niulab/yuyao/sensors_raw_data/S2/product_crops/edc1af18-83d3-49a4-9703-2af08ae3e927/tan20250909t080902c64s4001-C/prev3.tif,raw,/mnt/engg-niulab/yuyao/sensors_raw_data/S2/seasonal/tan20250909t080902c64s4001-C/s2_-90.tif,raw,/mnt/engg-niulab/yuyao/sensors_raw_data/S2/year/tan20250909t080902c64s4001-C/s2_-360.tif,raw,1,1,raw+raw+raw+raw+raw+raw,,,,,,,,,local_exact,,1845.0,0.8086570336017758,S2B_MSIL2A_20250910T070619_N0511_R106_T40SBJ_20250910T092531.SAFE,9f5ebd35-b8ce-4b73-a66b-bc24dd55b19e,,,,,,,,,local_exact,,1632.0,0.5330347247654572,S2C_MSIL2A_20250908T071631_N0511_R006_T39SYD_20250908T104213.SAFE,e74585cf-2b7d-4d23-bff2-1575da382f15,S2C_40SBJ_20250905_0_L2A,https://sentinel-s2-l2a.s3.amazonaws.com/tiles/40/S/BJ/2025/9/5/0/R20m,https://sentinel-cogs.s3.us-west-2.amazonaws.com/sentinel-s2-l2a-cogs/40/S/BJ/2025/9/S2C_40SBJ_20250905_0_L2A,1000,S2C_MSIL2A_20250905T070641_N0511_R106_T40SBJ_20250905T125219.SAFE,,,,stac_exact,,1845.0,0.8086570336017758,S2C_MSIL2A_20250905T070641_N0511_R106_T40SBJ_20250905T125219.SAFE,22410193-865f-46e6-8d45-7a6d669124f3,S2B_40SBJ_20250903_0_L2A,https://sentinel-s2-l2a.s3.amazonaws.com/tiles/40/S/BJ/2025/9/3/0/R20m,https://sentinel-cogs.s3.us-west-2.amazonaws.com/sentinel-s2-l2a-cogs/40/S/BJ/2025/9/S2B_40SBJ_20250903_0_L2A,1000,S2B_MSIL2A_20250903T071619_N0511_R006_T40SBJ_20250903T093802.SAFE,,,,stac_exact,,1845.0,0.8086570336017758,S2B_MSIL2A_20250903T071619_N0511_R006_T40SBJ_20250903T093802.SAFE,edc1af18-83d3-49a4-9703-2af08ae3e927,,,,,,,,,local_exact,,1632.0,0.5330347247654572,S2C_MSIL2A_20250610T071641_N0511_R006_T39SYD_20250610T100116.SAFE,6a5817c5-7606-4ccf-afde-3605ef8f5528,,,,,,,,,local_exact,,1632.0,0.5330347247654572,S2A_MSIL2A_20240913T071621_N0511_R006_T39SYD_20240913T122245.SAFE,472f2623-9d43-4485-a32b-f1b690d898ee
tan20251014t112208c80s4001-C,2025-10-14T11:22:08+00,32.39059192376179,4.015315738004233,"[3.970327982761824, 32.382417197314155, 4.027888071206908, 32.43101316964435]",S2,2025-10-15T10:30:31.025000Z,76286d3b-6127-407b-bd3c-b6e4c9f986dd,S2C_MSIL2A_20251015T103031_N0511_R108_T31SER_20251015T161117.SAFE,S2|R108|20251015T1030,/mnt/engg-niulab/yuyao/sensors_raw_data/S2/t0/tan20251014t112208c80s4001-C/s2.tif,/mnt/engg-niulab/yuyao/preprocessed_512/S2/tan20251014t112208c80s4001-C/s2_0_std_512.tif,s2_download_manifest:downloaded;master:target_512_path,available,0,,expected,t0,t0_24h_window,2025-10-07T10:29:31.024000Z,b92350a6-4e0f-4e63-9918-cffcd714efaa,S2A_MSIL2A_20251007T102931_N0511_R108_T31SER_20251007T142913.SAFE,S2|R108|20251007T1020,/mnt/engg-niulab/yuyao/sensors_raw_data/S2/prev1/tan20251014t112208c80s4001-C/s2_-7.tif,,s2_download_manifest:downloaded,available,0,,expected,prev1,,2025-10-07T10:18:09.024000Z,662c81c7-fd8e-4314-8afd-8ccd237d53f0,S2B_MSIL2A_20251007T101809_N0511_R065_T31SER_20251007T160137.SAFE,S2|R065|20251007T1010,/mnt/engg-niulab/yuyao/sensors_raw_data/S2/prev2/tan20251014t112208c80s4001-C/s2_prev2.tif,,s2_download_manifest:downloaded,available,0,,expected,prev2,,2025-10-05T10:29:21.025000Z,3ffb2ff1-c24c-4b0b-afea-23b0ceb88584,S2C_MSIL2A_20251005T102921_N0511_R108_T31SER_20251005T155605.SAFE,S2|R108|20251005T1020,/mnt/engg-niulab/yuyao/sensors_raw_data/S2/prev3/tan20251014t112208c80s4001-C/s2_prev3.tif,,s2_download_manifest:downloaded,available,0,,expected,prev3,,2025-07-16T10:17:01.024000Z,1d53ca53-4647-48aa-aba3-104bc22cd1d7,S2A_MSIL2A_20250716T101701_N0511_R065_T31SER_20250716T142417.SAFE,S2|R065|20250716T1010,/mnt/engg-niulab/yuyao/sensors_raw_data/S2/seasonal/tan20251014t112208c80s4001-C/s2_-90.tif,/mnt/engg-niulab/yuyao/preprocessed_512/S2/tan20251014t112208c80s4001-C/s2_-90_std_512.tif,master:downloaded_path;master:target_512_path,available,0,,expected,,legacy_minus90_window,2024-10-17T10:20:21.024000Z,3dcfa990-29f8-4a0a-86a9-e5c71fa0f15b,S2A_MSIL2A_20241017T102021_N0511_R065_T31SER_20241017T143350.SAFE,S2|R065|20241017T1020,/mnt/engg-niulab/yuyao/sensors_raw_data/S2/year/tan20251014t112208c80s4001-C/s2_-360.tif,/mnt/engg-niulab/yuyao/preprocessed_512/S2/tan20251014t112208c80s4001-C/s2_-360_std_512.tif,master:downloaded_path;master:target_512_path,available,0,,expected,,legacy_minus360_window,https://api.carbonmapper.org/api/v1/catalog/asset/l3a-vis-ch4-mfa-v3/2025/10/14/tan20251014t112208c80s4001-C/tan20251014t112208c80s4001-C_l3a-vis-ch4-mfa-v3_plume.tif,https://api.carbonmapper.org/api/v1/catalog/asset/l3a-vis-ch4-mfa-v3/2025/10/14/tan20251014t112208c80s4001-C/tan20251014t112208c80s4001-C_l3a-vis-ch4-mfa-v3_plume.png,https://api.carbonmapper.org/api/v1/catalog/asset/l3a-ime-ch4-mfa-v3/2025/10/14/tan20251014t112208c80s4001-C/tan20251014t112208c80s4001-C_l3a-ime-ch4-mfa-v3_ime-cmf-concentrations.tif,https://api.carbonmapper.org/api/v1/catalog/asset/l3a-vis-ch4-mfa-v3/2025/10/14/tan20251014t112208c80s4001-C/tan20251014t112208c80s4001-C_l3a-vis-ch4-mfa-v3_rgb.tif,https://api.carbonmapper.org/api/v1/catalog/asset/l3a-vis-ch4-mfa-v3/2025/10/14/tan20251014t112208c80s4001-C/tan20251014t112208c80s4001-C_l3a-vis-ch4-mfa-v3_rgb.png,/mnt/engg-niulab/yuyao/sensors_raw_data/S2/t0/tan20251014t112208c80s4001-C/s2.tif,raw,/mnt/engg-niulab/yuyao/sensors_raw_data/S2/prev1/tan20251014t112208c80s4001-C/s2_-7.tif,raw,/mnt/engg-niulab/yuyao/sensors_raw_data/S2/prev2/tan20251014t112208c80s4001-C/s2_prev2.tif,raw,/mnt/engg-niulab/yuyao/sensors_raw_data/S2/prev3/tan20251014t112208c80s4001-C/s2_prev3.tif,raw,/mnt/engg-niulab/yuyao/sensors_raw_data/S2/seasonal/tan20251014t112208c80s4001-C/s2_-90.tif,raw,/mnt/engg-niulab/yuyao/sensors_raw_data/S2/year/tan20251014t112208c80s4001-C/s2_-360.tif,raw,1,1,raw+raw+raw+raw+raw+raw,,,,,,,,,local_exact,,459.0,0.7758729963097721,S2C_MSIL2A_20251015T103031_N0511_R108_T31SER_20251015T161117.SAFE,76286d3b-6127-407b-bd3c-b6e4c9f986dd,S2A_31SER_20251007_0_L2A,https://sentinel-s2-l2a.s3.amazonaws.com/tiles/31/S/ER/2025/10/7/0/R20m,https://sentinel-cogs.s3.us-west-2.amazonaws.com/sentinel-s2-l2a-cogs/31/S/ER/2025/10/S2A_31SER_20251007_0_L2A,1000,S2A_MSIL2A_20251007T102931_N0511_R108_T31SER_20251007T142913.SAFE,,,,stac_exact,,459.0,0.7758729963097721,S2A_MSIL2A_20251007T102931_N0511_R108_T31SER_20251007T142913.SAFE,b92350a6-4e0f-4e63-9918-cffcd714efaa,S2B_31SER_20251007_1_L2A,https://sentinel-s2-l2a.s3.amazonaws.com/tiles/31/S/ER/2025/10/7/1/R20m,https://sentinel-cogs.s3.us-west-2.amazonaws.com/sentinel-s2-l2a-cogs/31/S/ER/2025/10/S2B_31SER_20251007_1_L2A,1000,S2B_MSIL2A_20251007T101809_N0511_R065_T31SER_20251007T160137.SAFE,,,,stac_exact,,459.0,0.7758729963097721,S2B_MSIL2A_20251007T101809_N0511_R065_T31SER_20251007T160137.SAFE,662c81c7-fd8e-4314-8afd-8ccd237d53f0,S2C_31SER_20251005_0_L2A,https://sentinel-s2-l2a.s3.amazonaws.com/tiles/31/S/ER/2025/10/5/0/R20m,https://sentinel-cogs.s3.us-west-2.amazonaws.com/sentinel-s2-l2a-cogs/31/S/ER/2025/10/S2C_31SER_20251005_0_L2A,1000,S2C_MSIL2A_20251005T102921_N0511_R108_T31SER_20251005T155605.SAFE,,,,stac_exact,,459.0,0.7758729963097721,S2C_MSIL2A_20251005T102921_N0511_R108_T31SER_20251005T155605.SAFE,3ffb2ff1-c24c-4b0b-afea-23b0ceb88584,,,,,,,,,local_exact,,459.0,0.7758729963097721,S2A_MSIL2A_20250716T101701_N0511_R065_T31SER_20250716T142417.SAFE,1d53ca53-4647-48aa-aba3-104bc22cd1d7,,,,,,,,,local_exact,,459.0,0.7758729963097721,S2A_MSIL2A_20241017T102021_N0511_R065_T31SER_20241017T143350.SAFE,3dcfa990-29f8-4a0a-86a9-e5c71fa0f15b
tan20251016t064808c90s4001-A,2025-10-16T06:48:08+00,60.8158032014336,77.27344144606457,"[77.23979872318792, 60.80156172989997, 77.30381599011226, 60.8327764222045]",S2,2025-10-17T06:08:51.025000Z,f95fcbbb-e929-4990-9c2b-1ba928c5c227,S2C_MSIL2A_20251017T060851_N0511_R134_T43VFH_20251017T095815.SAFE,S2|R134|20251017T0600,/mnt/engg-niulab/yuyao/sensors_raw_data/S2/t0/tan20251016t064808c90s4001-A/s2.tif,/mnt/engg-niulab/yuyao/preprocessed_512/S2/tan20251016t064808c90s4001-A/s2_0_std_512.tif,s2_download_manifest:downloaded;master:target_512_path,available,0,,expected,t0,t0_24h_window,2025-10-15T06:17:29.024000Z,0c860f9f-b8e5-403b-855e-affbe2141d74,S2B_MSIL2A_20251015T061729_N0511_R034_T43VFH_20251015T082005.SAFE,S2|R034|20251015T0610,/mnt/engg-niulab/yuyao/sensors_raw_data/S2/prev1/tan20251016t064808c90s4001-A/s2_-7.tif,,s2_download_manifest:downloaded,available,0,,expected,prev1,,2025-10-13T06:28:31.024000Z,46b37491-96a0-44e9-9b42-faea6d7edd82,S2C_MSIL2A_20251013T062831_N0511_R077_T43VFH_20251013T093923.SAFE,S2|R077|20251013T0620,/mnt/engg-niulab/yuyao/sensors_raw_data/S2/prev2/tan20251016t064808c90s4001-A/s2_prev2.tif,,s2_download_manifest:downloaded,available,0,,expected,prev2,,2025-10-12T06:07:09.024000Z,a4f0dc3a-65a2-467a-8d8a-04e4be14b2b4,S2B_MSIL2A_20251012T060709_N0511_R134_T43VFH_20251012T080829.SAFE,S2|R134|20251012T0600,/mnt/engg-niulab/yuyao/sensors_raw_data/S2/prev3/tan20251016t064808c90s4001-A/s2_prev3.tif,,s2_download_manifest:downloaded,available,0,,expected,prev3,,2025-07-14T06:06:39.024000Z,615900dc-781f-426b-b397-068065a7924a,S2B_MSIL2A_20250714T060639_N0511_R134_T43VFH_20250714T070232.SAFE,S2|R134|20250714T0600,/mnt/engg-niulab/yuyao/sensors_raw_data/S2/seasonal/tan20251016t064808c90s4001-A/s2_-90.tif,/mnt/engg-niulab/yuyao/preprocessed_512/S2/tan20251016t064808c90s4001-A/s2_-90_std_512.tif,master:downloaded_path;master:target_512_path,available,0,,expected,,legacy_minus90_window,2024-09-27T06:06:29.024000Z,3d157911-1ea0-493e-8096-c97992e87c51,S2B_MSIL2A_20240927T060629_N0511_R134_T43VFH_20240927T074237.SAFE,S2|R134|20240927T0600,/mnt/engg-niulab/yuyao/sensors_raw_data/S2/year/tan20251016t064808c90s4001-A/s2_-360.tif,/mnt/engg-niulab/yuyao/preprocessed_512/S2/tan20251016t064808c90s4001-A/s2_-360_std_512.tif,master:downloaded_path;master:target_512_path,available,0,,expected,,legacy_minus360_window,https://api.carbonmapper.org/api/v1/catalog/asset/l3a-vis-ch4-mfa-v3/2025/10/16/tan20251016t064808c90s4001-A/tan20251016t064808c90s4001-A_l3a-vis-ch4-mfa-v3_plume.tif,https://api.carbonmapper.org/api/v1/catalog/asset/l3a-vis-ch4-mfa-v3/2025/10/16/tan20251016t064808c90s4001-A/tan20251016t064808c90s4001-A_l3a-vis-ch4-mfa-v3_plume.png,https://api.carbonmapper.org/api/v1/catalog/asset/l3a-ime-ch4-mfa-v3/2025/10/16/tan20251016t064808c90s4001-A/tan20251016t064808c90s4001-A_l3a-ime-ch4-mfa-v3_ime-cmf-concentrations.tif,https://api.carbonmapper.org/api/v1/catalog/asset/l3a-vis-ch4-mfa-v3/2025/10/16/tan20251016t064808c90s4001-A/tan20251016t064808c90s4001-A_l3a-vis-ch4-mfa-v3_rgb.tif,https://api.carbonmapper.org/api/v1/catalog/asset/l3a-vis-ch4-mfa-v3/2025/10/16/tan20251016t064808c90s4001-A/tan20251016t064808c90s4001-A_l3a-vis-ch4-mfa-v3_rgb.png,/mnt/engg-niulab/yuyao/sensors_raw_data/S2/t0/tan20251016t064808c90s4001-A/s2.tif,raw,/mnt/engg-niulab/yuyao/sensors_raw_data/S2/prev1/tan20251016t064808c90s4001-A/s2_-7.tif,raw,/mnt/engg-niulab/yuyao/sensors_raw_data/S2/prev2/tan20251016t064808c90s4001-A/s2_prev2.tif,raw,/mnt/engg-niulab/yuyao/sensors_raw_data/S2/prev3/tan20251016t064808c90s4001-A/s2_prev3.tif,raw,/mnt/engg-niulab/yuyao/sensors_raw_data/S2/seasonal/tan20251016t064808c90s4001-A/s2_-90.tif,raw,/mnt/engg-niulab/yuyao/sensors_raw_data/S2/year/tan20251016t064808c90s4001-A/s2_-360.tif,raw,1,1,raw+raw+raw+raw+raw+raw,S2C_43VFH_20251017_0_L2A,https://sentinel-s2-l2a.s3.amazonaws.com/tiles/43/V/FH/2025/10/17/0/R20m,https://sentinel-cogs.s3.us-west-2.amazonaws.com/sentinel-s2-l2a-cogs/43/V/FH/2025/10/S2C_43VFH_20251017_0_L2A,1000,S2C_MSIL2A_20251017T060851_N0511_R134_T43VFH_20251017T095815.SAFE,,,,stac_exact,,926.0,0.7666280298508354,S2C_MSIL2A_20251017T060851_N0511_R134_T43VFH_20251017T095815.SAFE,f95fcbbb-e929-4990-9c2b-1ba928c5c227,S2B_43VFH_20251015_0_L2A,https://sentinel-s2-l2a.s3.amazonaws.com/tiles/43/V/FH/2025/10/15/0/R20m,https://sentinel-cogs.s3.us-west-2.amazonaws.com/sentinel-s2-l2a-cogs/43/V/FH/2025/10/S2B_43VFH_20251015_0_L2A,1000,S2B_MSIL2A_20251015T061729_N0511_R034_T43VFH_20251015T082005.SAFE,,,,stac_exact,,926.0,0.7666280298508354,S2B_MSIL2A_20251015T061729_N0511_R034_T43VFH_20251015T082005.SAFE,0c860f9f-b8e5-403b-855e-affbe2141d74,S2C_43VFH_20251013_0_L2A,https://sentinel-s2-l2a.s3.amazonaws.com/tiles/43/V/FH/2025/10/13/0/R20m,https://sentinel-cogs.s3.us-west-2.amazonaws.com/sentinel-s2-l2a-cogs/43/V/FH/2025/10/S2C_43VFH_20251013_0_L2A,1000,S2C_MSIL2A_20251013T062831_N0511_R077_T43VFH_20251013T093923.SAFE,,,,stac_exact,,926.0,0.7666280298508354,S2C_MSIL2A_20251013T062831_N0511_R077_T43VFH_20251013T093923.SAFE,46b37491-96a0-44e9-9b42-faea6d7edd82,S2B_43VFH_20251012_0_L2A,https://sentinel-s2-l2a.s3.amazonaws.com/tiles/43/V/FH/2025/10/12/0/R20m,https://sentinel-cogs.s3.us-west-2.amazonaws.com/sentinel-s2-l2a-cogs/43/V/FH/2025/10/S2B_43VFH_20251012_0_L2A,1000,S2B_MSIL2A_20251012T060709_N0511_R134_T43VFH_20251012T080829.SAFE,,,,stac_exact,,926.0,0.7666280298508354,S2B_MSIL2A_20251012T060709_N0511_R134_T43VFH_20251012T080829.SAFE,a4f0dc3a-65a2-467a-8d8a-04e4be14b2b4,,,,,,,,,local_exact,,926.0,0.7666280298508354,S2B_MSIL2A_20250714T060639_N0511_R134_T43VFH_20250714T070232.SAFE,615900dc-781f-426b-b397-068065a7924a,S2B_43VFH_20240927_0_L2A,https://sentinel-s2-l2a.s3.amazonaws.com/tiles/43/V/FH/2024/9/27/0,https://sentinel-cogs.s3.us-west-2.amazonaws.com/sentinel-s2-l2a-cogs/43/V/FH/2024/9/S2B_43VFH_20240927_0_L2A,1000,S2B_MSIL2A_20240927T060629_N0511_R134_T43VFH_20240927T074237.SAFE,,,,stac_exact,,926.0,0.7666280298508354,S2B_MSIL2A_20240927T060629_N0511_R134_T43VFH_20240927T074237.SAFE,3d157911-1ea0-493e-8096-c97992e87c51
tan20251114t110045c31s4001-A,2025-11-14T11:00:45+00,28.0518542110722,9.81190279558652,"[9.733333317632349, 28.00291683665775, 9.886998835847642, 28.138506249641814]",S2,2025-11-15T10:03:11.025000Z,6a772fce-44a7-48fb-812b-7c12521d8b8d,S2C_MSIL2A_20251115T100311_N0511_R122_T32RNS_20251115T132710.SAFE,S2|R122|20251115T1000,/mnt/engg-niulab/yuyao/sensors_raw_data/S2/t0/tan20251114t110045c31s4001-A/s2.tif,/mnt/engg-niulab/yuyao/preprocessed_512/S2/tan20251114t110045c31s4001-A/s2_0_std_512.tif,s2_download_manifest:downloaded;master:target_512_path,available,0,,expected,t0,t0_24h_window,2025-11-12T09:52:51.025000Z,02f34a95-ca40-48f7-889f-05a3490f9d23,S2C_MSIL2A_20251112T095251_N0511_R079_T32RNS_20251112T134718.SAFE,S2|R079|20251112T0950,/mnt/engg-niulab/yuyao/sensors_raw_data/S2/prev1/tan20251114t110045c31s4001-A/s2_-7.tif,,s2_download_manifest:downloaded,available,0,,expected,prev1,,2025-11-10T10:01:39.024000Z,cb661d33-bb91-459c-908d-deef94f776c5,S2B_MSIL2A_20251110T100139_N0511_R122_T32RNS_20251110T123825.SAFE,S2|R122|20251110T1000,/mnt/engg-niulab/yuyao/sensors_raw_data/S2/product_crops/cb661d33-bb91-459c-908d-deef94f776c5/tan20251114t110045c31s4001-A/prev2.tif,,download_s2_missing_from_clean_table,available,0,,expected,product_crops,,2025-11-07T09:51:19.024000Z,9b7f2a3f-8c13-4d2f-8acc-5ae09fcee132,S2B_MSIL2A_20251107T095119_N0511_R079_T32RNS_20251107T120952.SAFE,S2|R079|20251107T0950,/mnt/engg-niulab/yuyao/sensors_raw_data/S2/prev3/tan20251114t110045c31s4001-A/s2_prev3.tif,,s2_download_manifest:downloaded,available,0,,expected,prev3,,2025-08-14T09:50:51.025000Z,aws_mosaic:5c393ef49c505b2c:9.8_28.1,S2C_MSIL2A_20250814T095051_N0511_R079_T32RNS_20250814T154107.SAFE,S2|R079|20250814T0950,/mnt/engg-niulab/yuyao/sensors_raw_data/S2/seasonal/tan20251114t110045c31s4001-A/s2_-90.tif,/mnt/engg-niulab/yuyao/preprocessed_512/S2/tan20251114t110045c31s4001-A/s2_-90_std_512.tif,master:downloaded_path;master:target_512_path,available,0,,expected,,legacy_minus90_window,2024-11-17T10:03:11.025000Z,aws_mosaic:0195b09d59592118:9.8_28.1,S2C_MSIL2A_20241117T100311_N0511_R079_T32RNS_20260626T183836.SAFE,S2|R079|20241117T1000,/mnt/engg-niulab/yuyao/sensors_raw_data/S2/year/tan20251114t110045c31s4001-A/s2_-360.tif,/mnt/engg-niulab/yuyao/preprocessed_512/S2/tan20251114t110045c31s4001-A/s2_-360_std_512.tif,master:downloaded_path;master:target_512_path,available,0,,expected,,legacy_minus360_window,https://api.carbonmapper.org/api/v1/catalog/asset/l3a-vis-ch4-mfa-v3a/2025/11/14/tan20251114t110045c31s4001-A/tan20251114t110045c31s4001-A_l3a-vis-ch4-mfa-v3a_plume.tif,https://api.carbonmapper.org/api/v1/catalog/asset/l3a-vis-ch4-mfa-v3a/2025/11/14/tan20251114t110045c31s4001-A/tan20251114t110045c31s4001-A_l3a-vis-ch4-mfa-v3a_plume.png,https://api.carbonmapper.org/api/v1/catalog/asset/l3a-ime-ch4-mfa-v3a/2025/11/14/tan20251114t110045c31s4001-A/tan20251114t110045c31s4001-A_l3a-ime-ch4-mfa-v3a_ime-cmf-concentrations.tif,https://api.carbonmapper.org/api/v1/catalog/asset/l3a-vis-ch4-mfa-v3a/2025/11/14/tan20251114t110045c31s4001-A/tan20251114t110045c31s4001-A_l3a-vis-ch4-mfa-v3a_rgb.tif,https://api.carbonmapper.org/api/v1/catalog/asset/l3a-vis-ch4-mfa-v3a/2025/11/14/tan20251114t110045c31s4001-A/tan20251114t110045c31s4001-A_l3a-vis-ch4-mfa-v3a_rgb.png,/mnt/engg-niulab/yuyao/sensors_raw_data/S2/t0/tan20251114t110045c31s4001-A/s2.tif,raw,/mnt/engg-niulab/yuyao/sensors_raw_data/S2/prev1/tan20251114t110045c31s4001-A/s2_-7.tif,raw,/mnt/engg-niulab/yuyao/sensors_raw_data/S2/product_crops/cb661d33-bb91-459c-908d-deef94f776c5/tan20251114t110045c31s4001-A/prev2.tif,raw,/mnt/engg-niulab/yuyao/sensors_raw_data/S2/prev3/tan20251114t110045c31s4001-A/s2_prev3.tif,raw,/mnt/engg-niulab/yuyao/sensors_raw_data/S2/seasonal/tan20251114t110045c31s4001-A/s2_-90.tif,raw,/mnt/engg-niulab/yuyao/sensors_raw_data/S2/year/tan20251114t110045c31s4001-A/s2_-360.tif,raw,1,1,raw+raw+raw+raw+raw+raw,S2C_32RNS_20251115_0_L2A,https://sentinel-s2-l2a.s3.amazonaws.com/tiles/32/R/NS/2025/11/15/0/R20m,https://sentinel-cogs.s3.us-west-2.amazonaws.com/sentinel-s2-l2a-cogs/32/R/NS/2025/11/S2C_32RNS_20251115_0_L2A,1000,S2C_MSIL2A_20251115T100311_N0511_R122_T32RNS_20251115T132710.SAFE,,,,stac_exact,,393.0,0.5792711184731161,S2C_MSIL2A_20251115T100311_N0511_R122_T32RNS_20251115T132710.SAFE,6a772fce-44a7-48fb-812b-7c12521d8b8d,S2C_32RNS_20251112_0_L2A,https://sentinel-s2-l2a.s3.amazonaws.com/tiles/32/R/NS/2025/11/12/0/R20m,https://sentinel-cogs.s3.us-west-2.amazonaws.com/sentinel-s2-l2a-cogs/32/R/NS/2025/11/S2C_32RNS_20251112_0_L2A,1000,S2C_MSIL2A_20251112T095251_N0511_R079_T32RNS_20251112T134718.SAFE,,,,stac_exact,,393.0,0.5792711184731161,S2C_MSIL2A_20251112T095251_N0511_R079_T32RNS_20251112T134718.SAFE,02f34a95-ca40-48f7-889f-05a3490f9d23,S2B_32RNS_20251110_0_L2A,https://sentinel-s2-l2a.s3.amazonaws.com/tiles/32/R/NS/2025/11/10/0/R20m,https://sentinel-cogs.s3.us-west-2.amazonaws.com/sentinel-s2-l2a-cogs/32/R/NS/2025/11/S2B_32RNS_20251110_0_L2A,1000,S2B_MSIL2A_20251110T100139_N0511_R122_T32RNS_20251110T123825.SAFE,,,,stac_exact,,393.0,0.5792711184731161,S2B_MSIL2A_20251110T100139_N0511_R122_T32RNS_20251110T123825.SAFE,cb661d33-bb91-459c-908d-deef94f776c5,S2B_32RNS_20251107_0_L2A,https://sentinel-s2-l2a.s3.amazonaws.com/tiles/32/R/NS/2025/11/7/0/R20m,https://sentinel-cogs.s3.us-west-2.amazonaws.com/sentinel-s2-l2a-cogs/32/R/NS/2025/11/S2B_32RNS_20251107_0_L2A,1000,S2B_MSIL2A_20251107T095119_N0511_R079_T32RNS_20251107T120952.SAFE,,,,stac_exact,,393.0,0.5792711184731161,S2B_MSIL2A_20251107T095119_N0511_R079_T32RNS_20251107T120952.SAFE,9b7f2a3f-8c13-4d2f-8acc-5ae09fcee132,S2C_32RNS_20250814_0_L2A,https://sentinel-s2-l2a.s3.amazonaws.com/tiles/32/R/NS/2025/8/14/0/R20m,https://sentinel-cogs.s3.us-west-2.amazonaws.com/sentinel-s2-l2a-cogs/32/R/NS/2025/8/S2C_32RNS_20250814_0_L2A,1000,S2C_MSIL2A_20250814T095051_N0511_R079_T32RNS_20250814T154107.SAFE,"[{""stac_item_id"":""S2C_32RNS_20250814_0_L2A"",""stac_base_url"":""https://sentinel-s2-l2a.s3.amazonaws.com/tiles/32/R/NS/2025/8/14/0/R20m"",""stac_cog_base_url"":""https://sentinel-cogs.s3.us-west-2.amazonaws.com/sentinel-s2-l2a-cogs/32/R/NS/2025/8/S2C_32RNS_20250814_0_L2A"",""stac_dn_add"":""1000"",""stac_source_product_name"":""S2C_MSIL2A_20250814T095051_N0511_R079_T32RNS_20250814T154107.SAFE""}]",,,stac_mosaic_repaired,,393.0,0.5792711184731161,S2C_MSIL2A_20250814T095051_N0511_R079_T32RNR_20250814T154107.SAFE,5c7c8fd5-37f8-40dd-b11f-a68a9629de42,S2C_32RNS_20241117_1_L2A,https://sentinel-s2-l2a.s3.amazonaws.com/tiles/32/R/NS/2024/11/17/1/R20m,https://sentinel-cogs.s3.us-west-2.amazonaws.com/sentinel-s2-l2a-cogs/32/R/NS/2024/11/S2C_32RNS_20241117_1_L2A,1000,S2C_MSIL2A_20241117T100311_N0511_R079_T32RNS_20260626T183836.SAFE,"[{""stac_item_id"":""S2C_32RNS_20241117_1_L2A"",""stac_base_url"":""https://sentinel-s2-l2a.s3.amazonaws.com/tiles/32/R/NS/2024/11/17/1/R20m"",""stac_cog_base_url"":""https://sentinel-cogs.s3.us-west-2.amazonaws.com/sentinel-s2-l2a-cogs/32/R/NS/2024/11/S2C_32RNS_20241117_1_L2A"",""stac_dn_add"":""1000"",""stac_source_product_name"":""S2C_MSIL2A_20241117T100311_N0511_R079_T32RNS_20260626T183836.SAFE""}]",,,stac_mosaic_repaired,,393.0,0.5792711184731161,S2C_MSIL2A_20241117T100311_N0511_R079_T32RNR_20260626T183836.SAFE,a36dcdb4-4eb6-4b92-8b92-b80bd291776f
tan20251207t190449c98s4001-E,2025-12-07T19:04:49+00,25.98326585223832,-109.01809313854976,"[-109.03629350987315, 25.966374536420116, -109.00204688945651, 25.99715997022505]",S2,2025-12-08T17:46:29.024000Z,aws_mosaic:7bb59b4bb5024662:-109.0_26.0,S2B_MSIL2A_20251208T174629_N0511_R098_T12RXP_20251208T210331.SAFE,S2|R098|20251208T1740,/mnt/engg-niulab/yuyao/sensors_raw_data/S2/t0/tan20251207t190449c98s4001-E/s2.tif,/mnt/engg-niulab/yuyao/preprocessed_512/S2/tan20251207t190449c98s4001-E/s2_0_std_512.tif,s2_download_manifest:downloaded;master:target_512_path,available,0,,expected,t0,t0_24h_window,2025-12-06T17:57:41.025000Z,aws_stac:S2C_12RXP_20251206_0_L2A,S2C_MSIL2A_20251206T175741_N0511_R141_T12RXP_20251206T202719.SAFE,S2|R141|20251206T1750,/mnt/engg-niulab/yuyao/sensors_raw_data/S2/prev1/tan20251207t190449c98s4001-E/s2_-7.tif,,s2_download_manifest:downloaded,available,0,,expected,prev1,,2025-11-23T17:47:01.025000Z,28bdecbc-ba2e-4b35-9fff-b557df6283a6,S2C_MSIL2A_20251123T174701_N0511_R098_T12RXP_20251123T202708.SAFE,S2|R098|20251123T1740,/mnt/engg-niulab/yuyao/sensors_raw_data/S2/product_crops/28bdecbc-ba2e-4b35-9fff-b557df6283a6/tan20251207t190449c98s4001-E/prev2.tif,,download_s2_missing_from_clean_table,available,0,,expected,product_crops,,2025-11-21T17:55:49.024000Z,aws_stac:S2B_12RXP_20251121_0_L2A,S2B_MSIL2A_20251121T175549_N0511_R141_T12RXP_20251121T200432.SAFE,S2|R141|20251121T1750,/mnt/engg-niulab/yuyao/sensors_raw_data/S2/product_crops/4630b9bf-9f09-4085-b15b-946e92a548f1/tan20251207t190449c98s4001-E/prev3.tif,,download_s2_missing_from_clean_table,available,0,,expected,product_crops,,2025-09-07T17:49:21.025000Z,aws_stac:S2C_12RXP_20250907_0_L2A,S2C_MSIL2A_20250907T174921_N0511_R141_T12RXP_20250907T223713.SAFE,S2|R141|20250907T1740,/mnt/engg-niulab/yuyao/sensors_raw_data/S2/seasonal/tan20251207t190449c98s4001-E/s2_-90.tif,/mnt/engg-niulab/yuyao/preprocessed_512/S2/tan20251207t190449c98s4001-E/s2_-90_std_512.tif,master:downloaded_path;master:target_512_path,available,0,,expected,,legacy_minus90_window,2024-12-11T17:58:11.025000Z,d0a011d6-f7f2-476d-80d2-09ead4ea9cf8,S2C_MSIL2A_20241211T175811_N0511_R141_T12RXP_20260519T190108.SAFE,S2|R141|20241211T1750,/mnt/engg-niulab/yuyao/sensors_raw_data/S2/year/tan20251207t190449c98s4001-E/s2_-360.tif,/mnt/engg-niulab/yuyao/preprocessed_512/S2/tan20251207t190449c98s4001-E/s2_-360_std_512.tif,master:downloaded_path;master:target_512_path,available,0,,expected,,legacy_minus360_window,https://api.carbonmapper.org/api/v1/catalog/asset/l3a-vis-ch4-mfa-v3a/2025/12/07/tan20251207t190449c98s4001-E/tan20251207t190449c98s4001-E_l3a-vis-ch4-mfa-v3a_plume.tif,https://api.carbonmapper.org/api/v1/catalog/asset/l3a-vis-ch4-mfa-v3a/2025/12/07/tan20251207t190449c98s4001-E/tan20251207t190449c98s4001-E_l3a-vis-ch4-mfa-v3a_plume.png,https://api.carbonmapper.org/api/v1/catalog/asset/l3a-ime-ch4-mfa-v3a/2025/12/07/tan20251207t190449c98s4001-E/tan20251207t190449c98s4001-E_l3a-ime-ch4-mfa-v3a_ime-cmf-concentrations.tif,https://api.carbonmapper.org/api/v1/catalog/asset/l3a-vis-ch4-mfa-v3a/2025/12/07/tan20251207t190449c98s4001-E/tan20251207t190449c98s4001-E_l3a-vis-ch4-mfa-v3a_rgb.tif,https://api.carbonmapper.org/api/v1/catalog/asset/l3a-vis-ch4-mfa-v3a/2025/12/07/tan20251207t190449c98s4001-E/tan20251207t190449c98s4001-E_l3a-vis-ch4-mfa-v3a_rgb.png,/mnt/engg-niulab/yuyao/sensors_raw_data/S2/t0/tan20251207t190449c98s4001-E/s2.tif,raw,/mnt/engg-niulab/yuyao/sensors_raw_data/S2/prev1/tan20251207t190449c98s4001-E/s2_-7.tif,raw,/mnt/engg-niulab/yuyao/sensors_raw_data/S2/product_crops/28bdecbc-ba2e-4b35-9fff-b557df6283a6/tan20251207t190449c98s4001-E/prev2.tif,raw,/mnt/engg-niulab/yuyao/sensors_raw_data/S2/product_crops/4630b9bf-9f09-4085-b15b-946e92a548f1/tan20251207t190449c98s4001-E/prev3.tif,raw,/mnt/engg-niulab/yuyao/sensors_raw_data/S2/seasonal/tan20251207t190449c98s4001-E/s2_-90.tif,raw,/mnt/engg-niulab/yuyao/sensors_raw_data/S2/year/tan20251207t190449c98s4001-E/s2_-360.tif,raw,1,1,raw+raw+raw+raw+raw+raw,S2B_12RXP_20251208_0_L2A,https://sentinel-s2-l2a.s3.amazonaws.com/tiles/12/R/XP/2025/12/8/0/R20m,https://sentinel-cogs.s3.us-west-2.amazonaws.com/sentinel-s2-l2a-cogs/12/R/XP/2025/12/S2B_12RXP_20251208_0_L2A,1000,S2B_MSIL2A_20251208T174629_N0511_R098_T12RXP_20251208T210331.SAFE,"[{""stac_item_id"":""S2B_12RXP_20251208_0_L2A"",""stac_base_url"":""https://sentinel-s2-l2a.s3.amazonaws.com/tiles/12/R/XP/2025/12/8/0/R20m"",""stac_cog_base_url"":""https://sentinel-cogs.s3.us-west-2.amazonaws.com/sentinel-s2-l2a-cogs/12/R/XP/2025/12/S2B_12RXP_20251208_0_L2A"",""stac_dn_add"":""1000"",""stac_source_product_name"":""S2B_MSIL2A_20251208T174629_N0511_R098_T12RXP_20251208T210331.SAFE""}]",,,stac_mosaic_repaired,,315.0,0.8628863575795549,S2B_MSIL2A_20251208T174629_N0511_R098_T12RYP_20251208T210331.SAFE,7bc4f2c7-9f92-4bf9-bafc-13adf9b52daa,S2C_12RXP_20251206_0_L2A,https://sentinel-s2-l2a.s3.amazonaws.com/tiles/12/R/XP/2025/12/6/0/R20m,https://sentinel-cogs.s3.us-west-2.amazonaws.com/sentinel-s2-l2a-cogs/12/R/XP/2025/12/S2C_12RXP_20251206_0_L2A,1000,S2C_MSIL2A_20251206T175741_N0511_R141_T12RXP_20251206T202719.SAFE,,,,stac_point_repaired,,315.0,0.8628863575795549,S2C_MSIL2A_20251206T175741_N0511_R141_T12RYP_20251206T202719.SAFE,32ca6a5f-cc93-4727-809a-56533b690880,S2C_12RXP_20251123_0_L2A,https://sentinel-s2-l2a.s3.amazonaws.com/tiles/12/R/XP/2025/11/23/0/R20m,https://sentinel-cogs.s3.us-west-2.amazonaws.com/sentinel-s2-l2a-cogs/12/R/XP/2025/11/S2C_12RXP_20251123_0_L2A,1000,S2C_MSIL2A_20251123T174701_N0511_R098_T12RXP_20251123T202708.SAFE,,,,stac_exact,,315.0,0.8628863575795549,S2C_MSIL2A_20251123T174701_N0511_R098_T12RXP_20251123T202708.SAFE,28bdecbc-ba2e-4b35-9fff-b557df6283a6,S2B_12RXP_20251121_0_L2A,https://sentinel-s2-l2a.s3.amazonaws.com/tiles/12/R/XP/2025/11/21/0/R20m,https://sentinel-cogs.s3.us-west-2.amazonaws.com/sentinel-s2-l2a-cogs/12/R/XP/2025/11/S2B_12RXP_20251121_0_L2A,1000,S2B_MSIL2A_20251121T175549_N0511_R141_T12RXP_20251121T200432.SAFE,,,,stac_point_repaired,,315.0,0.8628863575795549,S2B_MSIL2A_20251121T175549_N0511_R141_T12RYP_20251121T200432.SAFE,4630b9bf-9f09-4085-b15b-946e92a548f1,S2C_12RXP_20250907_0_L2A,https://sentinel-s2-l2a.s3.amazonaws.com/tiles/12/R/XP/2025/9/7/0/R20m,https://sentinel-cogs.s3.us-west-2.amazonaws.com/sentinel-s2-l2a-cogs/12/R/XP/2025/9/S2C_12RXP_20250907_0_L2A,1000,S2C_MSIL2A_20250907T174921_N0511_R141_T12RXP_20250907T223713.SAFE,,,,stac_point_repaired,,315.0,0.8628863575795549,S2C_MSIL2A_20250907T174921_N0511_R141_T12RYP_20250907T223713.SAFE,f69192f7-d3b0-429b-84d9-88026db4c144,,,,,,,,,cdse_point_repaired,selected by CDSE crop-region coverage; boundary_distance_m=11402.742,314.1371136309335,0.0,S2C_MSIL2A_20241211T175811_N0511_R141_T12RXP_20260519T190108.SAFE,d0a011d6-f7f2-476d-80d2-09ead4ea9cf8
tan20251223t100027c09s4001-A,2025-12-23T10:00:27+00,29.85097339117556,27.83165893651505,"[27.813009108756276, 29.783612304615996, 27.99673254951444, 29.942940140974706]",S2,2025-12-24T08:54:11.025000Z,615cf9f5-81f0-4983-bf65-0085194bbd3d,S2C_MSIL2A_20251224T085411_N0511_R107_T35RNP_20251224T130210.SAFE,S2|R107|20251224T0850,/mnt/engg-niulab/yuyao/sensors_raw_data/S2/t0/tan20251223t100027c09s4001-A/s2.tif,/mnt/engg-niulab/yuyao/preprocessed_512/S2/tan20251223t100027c09s4001-A/s2_0_std_512.tif,s2_download_manifest:downloaded;master:target_512_path,available,0,,expected,t0,t0_24h_window,2025-12-23T08:45:01.024000Z,aws_mosaic:24bb2b6d1f931aa4:27.8_29.9,S2A_MSIL2A_20251223T084501_N0511_R064_T35RNP_20251223T103711.SAFE,S2|R064|20251223T0840,/mnt/engg-niulab/yuyao/sensors_raw_data/S2/prev1/tan20251223t100027c09s4001-A/s2_-7.tif,,s2_download_manifest:downloaded,available,0,,expected,prev1,,2025-12-21T08:44:01.025000Z,b5a36080-647e-4960-9844-3aa09c1ee6d0,S2C_MSIL2A_20251221T084401_N0511_R064_T35RNP_20251221T124111.SAFE,S2|R064|20251221T0840,/mnt/engg-niulab/yuyao/sensors_raw_data/S2/prev2/tan20251223t100027c09s4001-A/s2_prev2.tif,,s2_download_manifest:downloaded,available,0,,expected,prev2,,2025-12-19T08:52:59.024000Z,9fcff18c-7d6d-4917-acd3-9e89972ab41d,S2B_MSIL2A_20251219T085259_N0511_R107_T35RNP_20251219T095214.SAFE,S2|R107|20251219T0850,/mnt/engg-niulab/yuyao/sensors_raw_data/S2/prev3/tan20251223t100027c09s4001-A/s2_prev3.tif,,s2_download_manifest:downloaded,available,0,,expected,prev3,,2025-09-24T08:37:41.024000Z,5f28f21c-859b-47c3-9fde-4c1176051f7a,S2A_MSIL2A_20250924T083741_N0511_R064_T35RNP_20250924T103514.SAFE,S2|R064|20250924T0830,/mnt/engg-niulab/yuyao/sensors_raw_data/S2/seasonal/tan20251223t100027c09s4001-A/s2_-90.tif,/mnt/engg-niulab/yuyao/preprocessed_512/S2/tan20251223t100027c09s4001-A/s2_-90_std_512.tif,master:downloaded_path;master:target_512_path,available,0,,expected,,legacy_minus90_window,2024-12-24T08:53:09.024000Z,aws_stac:S2B_35RNP_20241224_1_L2A,S2B_MSIL2A_20241224T085309_N0511_R107_T35RNP_20241224T111216.SAFE,S2|R107|20241224T0850,/mnt/engg-niulab/yuyao/sensors_raw_data/S2/year/tan20251223t100027c09s4001-A/s2_-360.tif,/mnt/engg-niulab/yuyao/preprocessed_512/S2/tan20251223t100027c09s4001-A/s2_-360_std_512.tif,master:downloaded_path;master:target_512_path,available,0,,expected,,legacy_minus360_window,https://api.carbonmapper.org/api/v1/catalog/asset/l3a-vis-ch4-mfa-v3b/2025/12/23/tan20251223t100027c09s4001-A/tan20251223t100027c09s4001-A_l3a-vis-ch4-mfa-v3b_plume.tif,https://api.carbonmapper.org/api/v1/catalog/asset/l3a-vis-ch4-mfa-v3b/2025/12/23/tan20251223t100027c09s4001-A/tan20251223t100027c09s4001-A_l3a-vis-ch4-mfa-v3b_plume.png,https://api.carbonmapper.org/api/v1/catalog/asset/l3a-ime-ch4-mfa-v3b/2025/12/23/tan20251223t100027c09s4001-A/tan20251223t100027c09s4001-A_l3a-ime-ch4-mfa-v3b_ime-cmf-concentrations.tif,https://api.carbonmapper.org/api/v1/catalog/asset/l3a-vis-ch4-mfa-v3b/2025/12/23/tan20251223t100027c09s4001-A/tan20251223t100027c09s4001-A_l3a-vis-ch4-mfa-v3b_rgb.tif,https://api.carbonmapper.org/api/v1/catalog/asset/l3a-vis-ch4-mfa-v3b/2025/12/23/tan20251223t100027c09s4001-A/tan20251223t100027c09s4001-A_l3a-vis-ch4-mfa-v3b_rgb.png,/mnt/engg-niulab/yuyao/sensors_raw_data/S2/t0/tan20251223t100027c09s4001-A/s2.tif,raw,/mnt/engg-niulab/yuyao/sensors_raw_data/S2/prev1/tan20251223t100027c09s4001-A/s2_-7.tif,raw,/mnt/engg-niulab/yuyao/sensors_raw_data/S2/prev2/tan20251223t100027c09s4001-A/s2_prev2.tif,raw,/mnt/engg-niulab/yuyao/sensors_raw_data/S2/prev3/tan20251223t100027c09s4001-A/s2_prev3.tif,raw,/mnt/engg-niulab/yuyao/sensors_raw_data/S2/seasonal/tan20251223t100027c09s4001-A/s2_-90.tif,raw,/mnt/engg-niulab/yuyao/sensors_raw_data/S2/year/tan20251223t100027c09s4001-A/s2_-360.tif,raw,1,1,raw+raw+raw+raw+raw+raw,S2C_35RNP_20251224_0_L2A,https://sentinel-s2-l2a.s3.amazonaws.com/tiles/35/R/NP/2025/12/24/0/R20m,https://sentinel-cogs.s3.us-west-2.amazonaws.com/sentinel-s2-l2a-cogs/35/R/NP/2025/12/S2C_35RNP_20251224_0_L2A,1000,S2C_MSIL2A_20251224T085411_N0511_R107_T35RNP_20251224T130210.SAFE,,,,stac_exact,,362.0,0.8803433879802469,S2C_MSIL2A_20251224T085411_N0511_R107_T35RNP_20251224T130210.SAFE,615cf9f5-81f0-4983-bf65-0085194bbd3d,S2A_35RNP_20251223_0_L2A,https://sentinel-s2-l2a.s3.amazonaws.com/tiles/35/R/NP/2025/12/23/0/R20m,https://sentinel-cogs.s3.us-west-2.amazonaws.com/sentinel-s2-l2a-cogs/35/R/NP/2025/12/S2A_35RNP_20251223_0_L2A,1000,S2A_MSIL2A_20251223T084501_N0511_R064_T35RNP_20251223T103711.SAFE,"[{""stac_item_id"":""S2A_35RNP_20251223_0_L2A"",""stac_base_url"":""https://sentinel-s2-l2a.s3.amazonaws.com/tiles/35/R/NP/2025/12/23/0/R20m"",""stac_cog_base_url"":""https://sentinel-cogs.s3.us-west-2.amazonaws.com/sentinel-s2-l2a-cogs/35/R/NP/2025/12/S2A_35RNP_20251223_0_L2A"",""stac_dn_add"":""1000"",""stac_source_product_name"":""S2A_MSIL2A_20251223T084501_N0511_R064_T35RNP_20251223T103711.SAFE""}]",,,stac_mosaic_repaired,,362.0,0.8803433879802469,S2A_MSIL2A_20251223T084501_N0511_R064_T35RNN_20251223T103711.SAFE,85c3deeb-e96b-43a4-8564-55db03e1c1a4,S2C_35RNP_20251221_0_L2A,https://sentinel-s2-l2a.s3.amazonaws.com/tiles/35/R/NP/2025/12/21/0/R20m,https://sentinel-cogs.s3.us-west-2.amazonaws.com/sentinel-s2-l2a-cogs/35/R/NP/2025/12/S2C_35RNP_20251221_0_L2A,1000,S2C_MSIL2A_20251221T084401_N0511_R064_T35RNP_20251221T124111.SAFE,,,,stac_exact,,362.0,0.8803433879802469,S2C_MSIL2A_20251221T084401_N0511_R064_T35RNP_20251221T124111.SAFE,b5a36080-647e-4960-9844-3aa09c1ee6d0,S2B_35RNP_20251219_0_L2A,https://sentinel-s2-l2a.s3.amazonaws.com/tiles/35/R/NP/2025/12/19/0/R20m,https://sentinel-cogs.s3.us-west-2.amazonaws.com/sentinel-s2-l2a-cogs/35/R/NP/2025/12/S2B_35RNP_20251219_0_L2A,1000,S2B_MSIL2A_20251219T085259_N0511_R107_T35RNP_20251219T095214.SAFE,,,,stac_exact,,362.0,0.8803433879802469,S2B_MSIL2A_20251219T085259_N0511_R107_T35RNP_20251219T095214.SAFE,9fcff18c-7d6d-4917-acd3-9e89972ab41d,S2A_35RNP_20250924_0_L2A,https://sentinel-s2-l2a.s3.amazonaws.com/tiles/35/R/NP/2025/9/24/0/R20m,https://sentinel-cogs.s3.us-west-2.amazonaws.com/sentinel-s2-l2a-cogs/35/R/NP/2025/9/S2A_35RNP_20250924_0_L2A,1000,S2A_MSIL2A_20250924T083741_N0511_R064_T35RNP_20250924T103514.SAFE,,,,stac_exact,,362.0,0.8803433879802469,S2A_MSIL2A_20250924T083741_N0511_R064_T35RNP_20250924T103514.SAFE,5f28f21c-859b-47c3-9fde-4c1176051f7a,S2B_35RNP_20241224_1_L2A,https://sentinel-s2-l2a.s3.amazonaws.com/tiles/35/R/NP/2024/12/24/1,https://sentinel-cogs.s3.us-west-2.amazonaws.com/sentinel-s2-l2a-cogs/35/R/NP/2024/12/S2B_35RNP_20241224_1_L2A,1000,S2B_MSIL2A_20241224T085309_N0511_R107_T35RNP_20241224T111216.SAFE,,,,stac_point_repaired,,362.0,0.8803433879802469,S2B_MSIL2A_20241224T085309_N0511_R107_T35RNN_20241224T111216.SAFE,7f7b9b3f-c47a-4adf-8206-176bc03c5aae
tan20251223t100027c09s4001-B,2025-12-23T10:00:27+00,29.85244290083861,27.847369265854525,"[27.813009108756276, 29.783612304615996, 27.99673254951444, 29.942940140974706]",S2,2025-12-24T08:54:11.025000Z,aws_stac:S2C_35RNP_20251224_0_L2A,S2C_MSIL2A_20251224T085411_N0511_R107_T35RNP_20251224T130210.SAFE,S2|R107|20251224T0850,/mnt/engg-niulab/yuyao/sensors_raw_data/S2/t0/tan20251223t100027c09s4001-B/s2.tif,/mnt/engg-niulab/yuyao/preprocessed_512/S2/tan20251223t100027c09s4001-B/s2_0_std_512.tif,s2_download_manifest:downloaded;master:target_512_path,available,0,,expected,t0,t0_24h_window,2025-12-23T08:45:01.024000Z,c857d39a-5f29-4fa2-8e1a-fcfcfb472f71,S2A_MSIL2A_20251223T084501_N0511_R064_T35RNP_20251223T103711.SAFE,S2|R064|20251223T0840,/mnt/engg-niulab/yuyao/sensors_raw_data/S2/product_crops/c857d39a-5f29-4fa2-8e1a-fcfcfb472f71/tan20251223t100027c09s4001-B/prev1.tif,,download_s2_missing_from_clean_table,available,0,,expected,product_crops,,2025-12-21T08:44:01.025000Z,b5a36080-647e-4960-9844-3aa09c1ee6d0,S2C_MSIL2A_20251221T084401_N0511_R064_T35RNP_20251221T124111.SAFE,S2|R064|20251221T0840,/mnt/engg-niulab/yuyao/sensors_raw_data/S2/prev2/tan20251223t100027c09s4001-B/s2_prev2.tif,,s2_download_manifest:downloaded,available,0,,expected,prev2,,2025-12-19T08:52:59.024000Z,9fcff18c-7d6d-4917-acd3-9e89972ab41d,S2B_MSIL2A_20251219T085259_N0511_R107_T35RNP_20251219T095214.SAFE,S2|R107|20251219T0850,/mnt/engg-niulab/yuyao/sensors_raw_data/S2/prev3/tan20251223t100027c09s4001-B/s2_prev3.tif,,s2_download_manifest:downloaded,available,0,,expected,prev3,,2025-09-24T08:37:41.024000Z,aws_mosaic:707a7a08473d2351:27.8_29.9,S2A_MSIL2A_20250924T083741_N0511_R064_T35RNP_20250924T103514.SAFE,S2|R064|20250924T0830,/mnt/engg-niulab/yuyao/sensors_raw_data/S2/seasonal/tan20251223t100027c09s4001-B/s2_-90.tif,/mnt/engg-niulab/yuyao/preprocessed_512/S2/tan20251223t100027c09s4001-B/s2_-90_std_512.tif,master:downloaded_path;master:target_512_path,available,0,,expected,,legacy_minus90_window,2024-12-24T08:53:09.024000Z,aws_stac:S2B_35RNP_20241224_1_L2A,S2B_MSIL2A_20241224T085309_N0511_R107_T35RNP_20241224T111216.SAFE,S2|R107|20241224T0850,/mnt/engg-niulab/yuyao/sensors_raw_data/S2/year/tan20251223t100027c09s4001-B/s2_-360.tif,/mnt/engg-niulab/yuyao/preprocessed_512/S2/tan20251223t100027c09s4001-B/s2_-360_std_512.tif,master:downloaded_path;master:target_512_path,available,0,,expected,,legacy_minus360_window,https://api.carbonmapper.org/api/v1/catalog/asset/l3a-vis-ch4-mfa-v3b/2025/12/23/tan20251223t100027c09s4001-B/tan20251223t100027c09s4001-B_l3a-vis-ch4-mfa-v3b_plume.tif,https://api.carbonmapper.org/api/v1/catalog/asset/l3a-vis-ch4-mfa-v3b/2025/12/23/tan20251223t100027c09s4001-B/tan20251223t100027c09s4001-B_l3a-vis-ch4-mfa-v3b_plume.png,https://api.carbonmapper.org/api/v1/catalog/asset/l3a-ime-ch4-mfa-v3b/2025/12/23/tan20251223t100027c09s4001-B/tan20251223t100027c09s4001-B_l3a-ime-ch4-mfa-v3b_ime-cmf-concentrations.tif,https://api.carbonmapper.org/api/v1/catalog/asset/l3a-vis-ch4-mfa-v3b/2025/12/23/tan20251223t100027c09s4001-B/tan20251223t100027c09s4001-B_l3a-vis-ch4-mfa-v3b_rgb.tif,https://api.carbonmapper.org/api/v1/catalog/asset/l3a-vis-ch4-mfa-v3b/2025/12/23/tan20251223t100027c09s4001-B/tan20251223t100027c09s4001-B_l3a-vis-ch4-mfa-v3b_rgb.png,/mnt/engg-niulab/yuyao/sensors_raw_data/S2/t0/tan20251223t100027c09s4001-B/s2.tif,raw,/mnt/engg-niulab/yuyao/sensors_raw_data/S2/product_crops/c857d39a-5f29-4fa2-8e1a-fcfcfb472f71/tan20251223t100027c09s4001-B/prev1.tif,raw,/mnt/engg-niulab/yuyao/sensors_raw_data/S2/prev2/tan20251223t100027c09s4001-B/s2_prev2.tif,raw,/mnt/engg-niulab/yuyao/sensors_raw_data/S2/prev3/tan20251223t100027c09s4001-B/s2_prev3.tif,raw,/mnt/engg-niulab/yuyao/sensors_raw_data/S2/seasonal/tan20251223t100027c09s4001-B/s2_-90.tif,raw,/mnt/engg-niulab/yuyao/sensors_raw_data/S2/year/tan20251223t100027c09s4001-B/s2_-360.tif,raw,1,1,raw+raw+raw+raw+raw+raw,S2C_35RNP_20251224_0_L2A,https://sentinel-s2-l2a.s3.amazonaws.com/tiles/35/R/NP/2025/12/24/0/R20m,https://sentinel-cogs.s3.us-west-2.amazonaws.com/sentinel-s2-l2a-cogs/35/R/NP/2025/12/S2C_35RNP_20251224_0_L2A,1000,S2C_MSIL2A_20251224T085411_N0511_R107_T35RNP_20251224T130210.SAFE,,,,stac_point_repaired,,370.0,0.44785406716619036,S2C_MSIL2A_20251224T085411_N0511_R107_T35RNN_20251224T130210.SAFE,20c50e8a-3a2e-46f2-8c52-125f0d54f8bf,S2A_35RNP_20251223_0_L2A,https://sentinel-s2-l2a.s3.amazonaws.com/tiles/35/R/NP/2025/12/23/0/R20m,https://sentinel-cogs.s3.us-west-2.amazonaws.com/sentinel-s2-l2a-cogs/35/R/NP/2025/12/S2A_35RNP_20251223_0_L2A,1000,S2A_MSIL2A_20251223T084501_N0511_R064_T35RNP_20251223T103711.SAFE,,,,stac_exact,,370.0,0.44785406716619036,S2A_MSIL2A_20251223T084501_N0511_R064_T35RNP_20251223T103711.SAFE,c857d39a-5f29-4fa2-8e1a-fcfcfb472f71,S2C_35RNP_20251221_0_L2A,https://sentinel-s2-l2a.s3.amazonaws.com/tiles/35/R/NP/2025/12/21/0/R20m,https://sentinel-cogs.s3.us-west-2.amazonaws.com/sentinel-s2-l2a-cogs/35/R/NP/2025/12/S2C_35RNP_20251221_0_L2A,1000,S2C_MSIL2A_20251221T084401_N0511_R064_T35RNP_20251221T124111.SAFE,,,,stac_exact,,370.0,0.44785406716619036,S2C_MSIL2A_20251221T084401_N0511_R064_T35RNP_20251221T124111.SAFE,b5a36080-647e-4960-9844-3aa09c1ee6d0,S2B_35RNP_20251219_0_L2A,https://sentinel-s2-l2a.s3.amazonaws.com/tiles/35/R/NP/2025/12/19/0/R20m,https://sentinel-cogs.s3.us-west-2.amazonaws.com/sentinel-s2-l2a-cogs/35/R/NP/2025/12/S2B_35RNP_20251219_0_L2A,1000,S2B_MSIL2A_20251219T085259_N0511_R107_T35RNP_20251219T095214.SAFE,,,,stac_exact,,370.0,0.44785406716619036,S2B_MSIL2A_20251219T085259_N0511_R107_T35RNP_20251219T095214.SAFE,9fcff18c-7d6d-4917-acd3-9e89972ab41d,S2A_35RNP_20250924_0_L2A,https://sentinel-s2-l2a.s3.amazonaws.com/tiles/35/R/NP/2025/9/24/0/R20m,https://sentinel-cogs.s3.us-west-2.amazonaws.com/sentinel-s2-l2a-cogs/35/R/NP/2025/9/S2A_35RNP_20250924_0_L2A,1000,S2A_MSIL2A_20250924T083741_N0511_R064_T35RNP_20250924T103514.SAFE,"[{""stac_item_id"":""S2A_35RNP_20250924_0_L2A"",""stac_base_url"":""https://sentinel-s2-l2a.s3.amazonaws.com/tiles/35/R/NP/2025/9/24/0/R20m"",""stac_cog_base_url"":""https://sentinel-cogs.s3.us-west-2.amazonaws.com/sentinel-s2-l2a-cogs/35/R/NP/2025/9/S2A_35RNP_20250924_0_L2A"",""stac_dn_add"":""1000"",""stac_source_product_name"":""S2A_MSIL2A_20250924T083741_N0511_R064_T35RNP_20250924T103514.SAFE""}]",,,stac_mosaic_repaired,,370.0,0.44785406716619036,S2A_MSIL2A_20250924T083741_N0511_R064_T35RNN_20250924T103514.SAFE,2c2ef405-530a-46f2-afe9-81802215a27b,S2B_35RNP_20241224_1_L2A,https://sentinel-s2-l2a.s3.amazonaws.com/tiles/35/R/NP/2024/12/24/1,https://sentinel-cogs.s3.us-west-2.amazonaws.com/sentinel-s2-l2a-cogs/35/R/NP/2024/12/S2B_35RNP_20241224_1_L2A,1000,S2B_MSIL2A_20241224T085309_N0511_R107_T35RNP_20241224T111216.SAFE,,,,stac_point_repaired,,370.0,0.44785406716619036,S2B_MSIL2A_20241224T085309_N0511_R107_T35RNN_20241224T111216.SAFE,7f7b9b3f-c47a-4adf-8206-176bc03c5aae
tan20251224t092008c77s4001-A,2025-12-24T09:20:08+00,32.51441594144066,36.10936756045473,"[36.017000863983334, 32.45250653267325, 36.12286385332915, 32.54179328525468]",S2,2025-12-25T08:23:51.025000Z,53a2f6a7-e2a7-43c4-9d0f-d2aed9590424,S2C_MSIL2A_20251225T082351_N0511_R121_T36SYB_20251225T111708.SAFE,S2|R121|20251225T0820,/mnt/engg-niulab/yuyao/sensors_raw_data/S2/t0/tan20251224t092008c77s4001-A/s2.tif,/mnt/engg-niulab/yuyao/preprocessed_512/S2/tan20251224t092008c77s4001-A/s2_0_std_512.tif,s2_download_manifest:downloaded;master:target_512_path,available,0,,expected,t0,t0_24h_window,2025-12-24T08:14:01.024000Z,aws_mosaic:fc1e9ee9f8afbaa3:36.1_32.5,S2A_MSIL2A_20251224T081401_N0511_R078_T36SYB_20251224T115116.SAFE,S2|R078|20251224T0810,/mnt/engg-niulab/yuyao/sensors_raw_data/S2/prev1/tan20251224t092008c77s4001-A/s2_-7.tif,,s2_download_manifest:downloaded,available,0,,expected,prev1,,2025-12-22T08:13:51.025000Z,264a8cfa-7a26-4903-8100-e4a0d2ba713c,S2C_MSIL2A_20251222T081351_N0511_R078_T36SYB_20251222T095909.SAFE,S2|R078|20251222T0810,/mnt/engg-niulab/yuyao/sensors_raw_data/S2/product_crops/264a8cfa-7a26-4903-8100-e4a0d2ba713c/tan20251224t092008c77s4001-A/prev2.tif,,download_s2_missing_from_clean_table,available,0,,expected,product_crops,,2025-12-20T08:22:49.024000Z,aws_stac:S2B_36SYB_20251220_0_L2A,S2B_MSIL2A_20251220T082249_N0511_R121_T36SYB_20251220T090911.SAFE,S2|R121|20251220T0820,/mnt/engg-niulab/yuyao/sensors_raw_data/S2/prev3/tan20251224t092008c77s4001-A/s2_prev3.tif,,s2_download_manifest:downloaded,available,0,,expected,prev3,,2025-09-23T08:07:01.025000Z,aws_mosaic:d7c9a505977da686:36.1_32.5,S2C_MSIL2A_20250923T080701_N0511_R078_T36SYB_20250923T134018.SAFE,S2|R078|20250923T0800,/mnt/engg-niulab/yuyao/sensors_raw_data/S2/seasonal/tan20251224t092008c77s4001-A/s2_-90.tif,/mnt/engg-niulab/yuyao/preprocessed_512/S2/tan20251224t092008c77s4001-A/s2_-90_std_512.tif,master:downloaded_path;master:target_512_path,available,0,,expected,,legacy_minus90_window,2024-12-25T08:22:49.024000Z,aws_stac:S2B_36SYB_20241225_0_L2A,S2B_MSIL2A_20241225T082249_N0511_R121_T36SYB_20241225T103650.SAFE,S2|R121|20241225T0820,/mnt/engg-niulab/yuyao/sensors_raw_data/S2/year/tan20251224t092008c77s4001-A/s2_-360.tif,/mnt/engg-niulab/yuyao/preprocessed_512/S2/tan20251224t092008c77s4001-A/s2_-360_std_512.tif,master:downloaded_path;master:target_512_path,available,0,,expected,,legacy_minus360_window,https://api.carbonmapper.org/api/v1/catalog/asset/l3a-vis-ch4-mfa-v3b/2025/12/24/tan20251224t092008c77s4001-A/tan20251224t092008c77s4001-A_l3a-vis-ch4-mfa-v3b_plume.tif,https://api.carbonmapper.org/api/v1/catalog/asset/l3a-vis-ch4-mfa-v3b/2025/12/24/tan20251224t092008c77s4001-A/tan20251224t092008c77s4001-A_l3a-vis-ch4-mfa-v3b_plume.png,https://api.carbonmapper.org/api/v1/catalog/asset/l3a-ime-ch4-mfa-v3b/2025/12/24/tan20251224t092008c77s4001-A/tan20251224t092008c77s4001-A_l3a-ime-ch4-mfa-v3b_ime-cmf-concentrations.tif,https://api.carbonmapper.org/api/v1/catalog/asset/l3a-vis-ch4-mfa-v3b/2025/12/24/tan20251224t092008c77s4001-A/tan20251224t092008c77s4001-A_l3a-vis-ch4-mfa-v3b_rgb.tif,https://api.carbonmapper.org/api/v1/catalog/asset/l3a-vis-ch4-mfa-v3b/2025/12/24/tan20251224t092008c77s4001-A/tan20251224t092008c77s4001-A_l3a-vis-ch4-mfa-v3b_rgb.png,/mnt/engg-niulab/yuyao/sensors_raw_data/S2/t0/tan20251224t092008c77s4001-A/s2.tif,raw,/mnt/engg-niulab/yuyao/sensors_raw_data/S2/prev1/tan20251224t092008c77s4001-A/s2_-7.tif,raw,/mnt/engg-niulab/yuyao/sensors_raw_data/S2/product_crops/264a8cfa-7a26-4903-8100-e4a0d2ba713c/tan20251224t092008c77s4001-A/prev2.tif,raw,/mnt/engg-niulab/yuyao/sensors_raw_data/S2/prev3/tan20251224t092008c77s4001-A/s2_prev3.tif,raw,/mnt/engg-niulab/yuyao/sensors_raw_data/S2/seasonal/tan20251224t092008c77s4001-A/s2_-90.tif,raw,/mnt/engg-niulab/yuyao/sensors_raw_data/S2/year/tan20251224t092008c77s4001-A/s2_-360.tif,raw,1,1,raw+raw+raw+raw+raw+raw,S2C_36SYB_20251225_0_L2A,https://sentinel-s2-l2a.s3.amazonaws.com/tiles/36/S/YB/2025/12/25/0/R20m,https://sentinel-cogs.s3.us-west-2.amazonaws.com/sentinel-s2-l2a-cogs/36/S/YB/2025/12/S2C_36SYB_20251225_0_L2A,1000,S2C_MSIL2A_20251225T082351_N0511_R121_T36SYB_20251225T111708.SAFE,,,,stac_exact,,320.0,0.996382626821287,S2C_MSIL2A_20251225T082351_N0511_R121_T36SYB_20251225T111708.SAFE,53a2f6a7-e2a7-43c4-9d0f-d2aed9590424,S2A_36SYB_20251224_0_L2A,https://sentinel-s2-l2a.s3.amazonaws.com/tiles/36/S/YB/2025/12/24/0/R20m,https://sentinel-cogs.s3.us-west-2.amazonaws.com/sentinel-s2-l2a-cogs/36/S/YB/2025/12/S2A_36SYB_20251224_0_L2A,1000,S2A_MSIL2A_20251224T081401_N0511_R078_T36SYB_20251224T115116.SAFE,"[{""stac_item_id"":""S2A_36SYB_20251224_0_L2A"",""stac_base_url"":""https://sentinel-s2-l2a.s3.amazonaws.com/tiles/36/S/YB/2025/12/24/0/R20m"",""stac_cog_base_url"":""https://sentinel-cogs.s3.us-west-2.amazonaws.com/sentinel-s2-l2a-cogs/36/S/YB/2025/12/S2A_36SYB_20251224_0_L2A"",""stac_dn_add"":""1000"",""stac_source_product_name"":""S2A_MSIL2A_20251224T081401_N0511_R078_T36SYB_20251224T115116.SAFE""},{""stac_item_id"":""S2A_37SBS_20251224_0_L2A"",""stac_base_url"":""https://sentinel-s2-l2a.s3.amazonaws.com/tiles/37/S/BS/2025/12/24/0/R20m"",""stac_cog_base_url"":""https://sentinel-cogs.s3.us-west-2.amazonaws.com/sentinel-s2-l2a-cogs/37/S/BS/2025/12/S2A_37SBS_20251224_0_L2A"",""stac_dn_add"":""1000"",""stac_source_product_name"":""S2A_MSIL2A_20251224T081401_N0511_R078_T37SBS_20251224T115116.SAFE""}]",,,stac_mosaic_repaired,,320.0,0.996382626821287,S2A_MSIL2A_20251224T081401_N0511_R078_T36SYA_20251224T115116.SAFE,dc6e7c4d-b7b0-4261-80b7-7018bc7aa9e0,S2C_36SYB_20251222_0_L2A,https://sentinel-s2-l2a.s3.amazonaws.com/tiles/36/S/YB/2025/12/22/0/R20m,https://sentinel-cogs.s3.us-west-2.amazonaws.com/sentinel-s2-l2a-cogs/36/S/YB/2025/12/S2C_36SYB_20251222_0_L2A,1000,S2C_MSIL2A_20251222T081351_N0511_R078_T36SYB_20251222T095909.SAFE,,,,stac_exact,,320.0,0.996382626821287,S2C_MSIL2A_20251222T081351_N0511_R078_T36SYB_20251222T095909.SAFE,264a8cfa-7a26-4903-8100-e4a0d2ba713c,S2B_36SYB_20251220_0_L2A,https://sentinel-s2-l2a.s3.amazonaws.com/tiles/36/S/YB/2025/12/20/0/R20m,https://sentinel-cogs.s3.us-west-2.amazonaws.com/sentinel-s2-l2a-cogs/36/S/YB/2025/12/S2B_36SYB_20251220_0_L2A,1000,S2B_MSIL2A_20251220T082249_N0511_R121_T36SYB_20251220T090911.SAFE,,,,stac_point_repaired,,320.0,0.996382626821287,S2B_MSIL2A_20251220T082249_N0511_R121_T37SBR_20251220T090911.SAFE,27813cb1-b0e3-4ce2-ad77-94318d5be981,S2C_36SYB_20250923_0_L2A,https://sentinel-s2-l2a.s3.amazonaws.com/tiles/36/S/YB/2025/9/23/0/R20m,https://sentinel-cogs.s3.us-west-2.amazonaws.com/sentinel-s2-l2a-cogs/36/S/YB/2025/9/S2C_36SYB_20250923_0_L2A,1000,S2C_MSIL2A_20250923T080701_N0511_R078_T36SYB_20250923T134018.SAFE,"[{""stac_item_id"":""S2C_36SYB_20250923_0_L2A"",""stac_base_url"":""https://sentinel-s2-l2a.s3.amazonaws.com/tiles/36/S/YB/2025/9/23/0/R20m"",""stac_cog_base_url"":""https://sentinel-cogs.s3.us-west-2.amazonaws.com/sentinel-s2-l2a-cogs/36/S/YB/2025/9/S2C_36SYB_20250923_0_L2A"",""stac_dn_add"":""1000"",""stac_source_product_name"":""S2C_MSIL2A_20250923T080701_N0511_R078_T36SYB_20250923T134018.SAFE""},{""stac_item_id"":""S2C_37SBS_20250923_0_L2A"",""stac_base_url"":""https://sentinel-s2-l2a.s3.amazonaws.com/tiles/37/S/BS/2025/9/23/0/R20m"",""stac_cog_base_url"":""https://sentinel-cogs.s3.us-west-2.amazonaws.com/sentinel-s2-l2a-cogs/37/S/BS/2025/9/S2C_37SBS_20250923_0_L2A"",""stac_dn_add"":""1000"",""stac_source_product_name"":""S2C_MSIL2A_20250923T080701_N0511_R078_T37SBS_20250923T134018.SAFE""}]",,,stac_mosaic_repaired,,320.0,0.996382626821287,S2C_MSIL2A_20250923T080701_N0511_R078_T37SBR_20250923T134018.SAFE,3fcb2c51-25c2-4ba1-971e-a50ad0da14e3,S2B_36SYB_20241225_0_L2A,https://sentinel-s2-l2a.s3.amazonaws.com/tiles/36/S/YB/2024/12/25/0,https://sentinel-cogs.s3.us-west-2.amazonaws.com/sentinel-s2-l2a-cogs/36/S/YB/2024/12/S2B_36SYB_20241225_0_L2A,1000,S2B_MSIL2A_20241225T082249_N0511_R121_T36SYB_20241225T103650.SAFE,,,,stac_point_repaired,,320.0,0.996382626821287,S2B_MSIL2A_20241225T082249_N0511_R121_T37SBR_20241225T103650.SAFE,c56d04cf-f9f0-4c81-abaf-dd778972ceb3
tan20251224t092008c77s4001-D,2025-12-24T09:20:08+00,32.51609686270535,36.10943244162888,"[36.017000863983334, 32.45250653267325, 36.12286385332915, 32.54179328525468]",S2,2025-12-25T08:23:51.025000Z,aws_stac:S2C_36SYB_20251225_0_L2A,S2C_MSIL2A_20251225T082351_N0511_R121_T36SYB_20251225T111708.SAFE,S2|R121|20251225T0820,/mnt/engg-niulab/yuyao/sensors_raw_data/S2/t0/tan20251224t092008c77s4001-D/s2.tif,/mnt/engg-niulab/yuyao/preprocessed_512/S2/tan20251224t092008c77s4001-D/s2_0_std_512.tif,s2_download_manifest:downloaded;master:target_512_path,available,0,,expected,t0,t0_24h_window,2025-12-24T08:14:01.024000Z,aws_mosaic:fc1e9ee9f8afbaa3:36.1_32.5,S2A_MSIL2A_20251224T081401_N0511_R078_T36SYB_20251224T115116.SAFE,S2|R078|20251224T0810,/mnt/engg-niulab/yuyao/sensors_raw_data/S2/prev1/tan20251224t092008c77s4001-D/s2_-7.tif,,s2_download_manifest:downloaded,available,0,,expected,prev1,,2025-12-22T08:13:51.025000Z,264a8cfa-7a26-4903-8100-e4a0d2ba713c,S2C_MSIL2A_20251222T081351_N0511_R078_T36SYB_20251222T095909.SAFE,S2|R078|20251222T0810,/mnt/engg-niulab/yuyao/sensors_raw_data/S2/product_crops/264a8cfa-7a26-4903-8100-e4a0d2ba713c/tan20251224t092008c77s4001-D/prev2.tif,,download_s2_missing_from_clean_table,available,0,,expected,product_crops,,2025-12-20T08:22:49.024000Z,aws_stac:S2B_36SYB_20251220_0_L2A,S2B_MSIL2A_20251220T082249_N0511_R121_T36SYB_20251220T090911.SAFE,S2|R121|20251220T0820,/mnt/engg-niulab/yuyao/sensors_raw_data/S2/prev3/tan20251224t092008c77s4001-D/s2_prev3.tif,,s2_download_manifest:downloaded,available,0,,expected,prev3,,2025-09-23T08:07:01.025000Z,aws_mosaic:d7c9a505977da686:36.1_32.5,S2C_MSIL2A_20250923T080701_N0511_R078_T36SYB_20250923T134018.SAFE,S2|R078|20250923T0800,/mnt/engg-niulab/yuyao/sensors_raw_data/S2/seasonal/tan20251224t092008c77s4001-D/s2_-90.tif,/mnt/engg-niulab/yuyao/preprocessed_512/S2/tan20251224t092008c77s4001-D/s2_-90_std_512.tif,master:downloaded_path;master:target_512_path,available,0,,expected,,legacy_minus90_window,2024-12-25T08:22:49.024000Z,aws_stac:S2B_36SYB_20241225_0_L2A,S2B_MSIL2A_20241225T082249_N0511_R121_T36SYB_20241225T103650.SAFE,S2|R121|20241225T0820,/mnt/engg-niulab/yuyao/sensors_raw_data/S2/year/tan20251224t092008c77s4001-D/s2_-360.tif,/mnt/engg-niulab/yuyao/preprocessed_512/S2/tan20251224t092008c77s4001-D/s2_-360_std_512.tif,master:downloaded_path;master:target_512_path,available,0,,expected,,legacy_minus360_window,https://api.carbonmapper.org/api/v1/catalog/asset/l3a-vis-ch4-mfa-v3b/2025/12/24/tan20251224t092008c77s4001-D/tan20251224t092008c77s4001-D_l3a-vis-ch4-mfa-v3b_plume.tif,https://api.carbonmapper.org/api/v1/catalog/asset/l3a-vis-ch4-mfa-v3b/2025/12/24/tan20251224t092008c77s4001-D/tan20251224t092008c77s4001-D_l3a-vis-ch4-mfa-v3b_plume.png,https://api.carbonmapper.org/api/v1/catalog/asset/l3a-ime-ch4-mfa-v3b/2025/12/24/tan20251224t092008c77s4001-D/tan20251224t092008c77s4001-D_l3a-ime-ch4-mfa-v3b_ime-cmf-concentrations.tif,https://api.carbonmapper.org/api/v1/catalog/asset/l3a-vis-ch4-mfa-v3b/2025/12/24/tan20251224t092008c77s4001-D/tan20251224t092008c77s4001-D_l3a-vis-ch4-mfa-v3b_rgb.tif,https://api.carbonmapper.org/api/v1/catalog/asset/l3a-vis-ch4-mfa-v3b/2025/12/24/tan20251224t092008c77s4001-D/tan20251224t092008c77s4001-D_l3a-vis-ch4-mfa-v3b_rgb.png,/mnt/engg-niulab/yuyao/sensors_raw_data/S2/t0/tan20251224t092008c77s4001-D/s2.tif,raw,/mnt/engg-niulab/yuyao/sensors_raw_data/S2/prev1/tan20251224t092008c77s4001-D/s2_-7.tif,raw,/mnt/engg-niulab/yuyao/sensors_raw_data/S2/product_crops/264a8cfa-7a26-4903-8100-e4a0d2ba713c/tan20251224t092008c77s4001-D/prev2.tif,raw,/mnt/engg-niulab/yuyao/sensors_raw_data/S2/prev3/tan20251224t092008c77s4001-D/s2_prev3.tif,raw,/mnt/engg-niulab/yuyao/sensors_raw_data/S2/seasonal/tan20251224t092008c77s4001-D/s2_-90.tif,raw,/mnt/engg-niulab/yuyao/sensors_raw_data/S2/year/tan20251224t092008c77s4001-D/s2_-360.tif,raw,1,1,raw+raw+raw+raw+raw+raw,S2C_36SYB_20251225_0_L2A,https://sentinel-s2-l2a.s3.amazonaws.com/tiles/36/S/YB/2025/12/25/0/R20m,https://sentinel-cogs.s3.us-west-2.amazonaws.com/sentinel-s2-l2a-cogs/36/S/YB/2025/12/S2C_36SYB_20251225_0_L2A,1000,S2C_MSIL2A_20251225T082351_N0511_R121_T36SYB_20251225T111708.SAFE,,,,stac_point_repaired,,329.0,0.6650127285392955,S2C_MSIL2A_20251225T082351_N0511_R121_T36SYA_20251225T111708.SAFE,850fcd7b-e212-46b4-b4b5-62d1913a393b,S2A_36SYB_20251224_0_L2A,https://sentinel-s2-l2a.s3.amazonaws.com/tiles/36/S/YB/2025/12/24/0/R20m,https://sentinel-cogs.s3.us-west-2.amazonaws.com/sentinel-s2-l2a-cogs/36/S/YB/2025/12/S2A_36SYB_20251224_0_L2A,1000,S2A_MSIL2A_20251224T081401_N0511_R078_T36SYB_20251224T115116.SAFE,"[{""stac_item_id"":""S2A_36SYB_20251224_0_L2A"",""stac_base_url"":""https://sentinel-s2-l2a.s3.amazonaws.com/tiles/36/S/YB/2025/12/24/0/R20m"",""stac_cog_base_url"":""https://sentinel-cogs.s3.us-west-2.amazonaws.com/sentinel-s2-l2a-cogs/36/S/YB/2025/12/S2A_36SYB_20251224_0_L2A"",""stac_dn_add"":""1000"",""stac_source_product_name"":""S2A_MSIL2A_20251224T081401_N0511_R078_T36SYB_20251224T115116.SAFE""},{""stac_item_id"":""S2A_37SBS_20251224_0_L2A"",""stac_base_url"":""https://sentinel-s2-l2a.s3.amazonaws.com/tiles/37/S/BS/2025/12/24/0/R20m"",""stac_cog_base_url"":""https://sentinel-cogs.s3.us-west-2.amazonaws.com/sentinel-s2-l2a-cogs/37/S/BS/2025/12/S2A_37SBS_20251224_0_L2A"",""stac_dn_add"":""1000"",""stac_source_product_name"":""S2A_MSIL2A_20251224T081401_N0511_R078_T37SBS_20251224T115116.SAFE""}]",,,stac_mosaic_repaired,,329.0,0.6650127285392955,S2A_MSIL2A_20251224T081401_N0511_R078_T36SYA_20251224T115116.SAFE,dc6e7c4d-b7b0-4261-80b7-7018bc7aa9e0,S2C_36SYB_20251222_0_L2A,https://sentinel-s2-l2a.s3.amazonaws.com/tiles/36/S/YB/2025/12/22/0/R20m,https://sentinel-cogs.s3.us-west-2.amazonaws.com/sentinel-s2-l2a-cogs/36/S/YB/2025/12/S2C_36SYB_20251222_0_L2A,1000,S2C_MSIL2A_20251222T081351_N0511_R078_T36SYB_20251222T095909.SAFE,,,,stac_exact,,329.0,0.6650127285392955,S2C_MSIL2A_20251222T081351_N0511_R078_T36SYB_20251222T095909.SAFE,264a8cfa-7a26-4903-8100-e4a0d2ba713c,S2B_36SYB_20251220_0_L2A,https://sentinel-s2-l2a.s3.amazonaws.com/tiles/36/S/YB/2025/12/20/0/R20m,https://sentinel-cogs.s3.us-west-2.amazonaws.com/sentinel-s2-l2a-cogs/36/S/YB/2025/12/S2B_36SYB_20251220_0_L2A,1000,S2B_MSIL2A_20251220T082249_N0511_R121_T36SYB_20251220T090911.SAFE,,,,stac_point_repaired,,329.0,0.6650127285392955,S2B_MSIL2A_20251220T082249_N0511_R121_T37SBR_20251220T090911.SAFE,27813cb1-b0e3-4ce2-ad77-94318d5be981,S2C_36SYB_20250923_0_L2A,https://sentinel-s2-l2a.s3.amazonaws.com/tiles/36/S/YB/2025/9/23/0/R20m,https://sentinel-cogs.s3.us-west-2.amazonaws.com/sentinel-s2-l2a-cogs/36/S/YB/2025/9/S2C_36SYB_20250923_0_L2A,1000,S2C_MSIL2A_20250923T080701_N0511_R078_T36SYB_20250923T134018.SAFE,"[{""stac_item_id"":""S2C_36SYB_20250923_0_L2A"",""stac_base_url"":""https://sentinel-s2-l2a.s3.amazonaws.com/tiles/36/S/YB/2025/9/23/0/R20m"",""stac_cog_base_url"":""https://sentinel-cogs.s3.us-west-2.amazonaws.com/sentinel-s2-l2a-cogs/36/S/YB/2025/9/S2C_36SYB_20250923_0_L2A"",""stac_dn_add"":""1000"",""stac_source_product_name"":""S2C_MSIL2A_20250923T080701_N0511_R078_T36SYB_20250923T134018.SAFE""},{""stac_item_id"":""S2C_37SBS_20250923_0_L2A"",""stac_base_url"":""https://sentinel-s2-l2a.s3.amazonaws.com/tiles/37/S/BS/2025/9/23/0/R20m"",""stac_cog_base_url"":""https://sentinel-cogs.s3.us-west-2.amazonaws.com/sentinel-s2-l2a-cogs/37/S/BS/2025/9/S2C_37SBS_20250923_0_L2A"",""stac_dn_add"":""1000"",""stac_source_product_name"":""S2C_MSIL2A_20250923T080701_N0511_R078_T37SBS_20250923T134018.SAFE""}]",,,stac_mosaic_repaired,,329.0,0.6650127285392955,S2C_MSIL2A_20250923T080701_N0511_R078_T37SBR_20250923T134018.SAFE,3fcb2c51-25c2-4ba1-971e-a50ad0da14e3,S2B_36SYB_20241225_0_L2A,https://sentinel-s2-l2a.s3.amazonaws.com/tiles/36/S/YB/2024/12/25/0,https://sentinel-cogs.s3.us-west-2.amazonaws.com/sentinel-s2-l2a-cogs/36/S/YB/2024/12/S2B_36SYB_20241225_0_L2A,1000,S2B_MSIL2A_20241225T082249_N0511_R121_T36SYB_20241225T103650.SAFE,,,,stac_point_repaired,,329.0,0.6650127285392955,S2B_MSIL2A_20241225T082249_N0511_R121_T37SBR_20241225T103650.SAFE,c56d04cf-f9f0-4c81-abaf-dd778972ceb3
tan20260114t045129c40s4001-A,2026-01-14T04:51:29+00,14.05374014254616,99.96140518067313,"[99.94115071616993, 14.044406395389876, 99.97543421037498, 14.077392312059532]",S2,2026-01-15T03:40:09.024000Z,aws_stac:S2B_47PNR_20260115_0_L2A,S2B_MSIL2A_20260115T034009_N0511_R061_T47PNR_20260115T071831.SAFE,S2|R061|20260115T0340,/mnt/engg-niulab/yuyao/sensors_raw_data/S2/t0/tan20260114t045129c40s4001-A/s2.tif,/mnt/engg-niulab/yuyao/preprocessed_512/S2/tan20260114t045129c40s4001-A/s2_0_std_512.tif,s2_download_manifest:downloaded;master:target_512_path,available,0,,expected,t0,t0_24h_window,2026-01-13T03:51:21.025000Z,aws_mosaic:63169ff4f5e0810f:100.0_14.1,S2C_MSIL2A_20260113T035121_N0511_R104_T47PNR_20260113T064318.SAFE,S2|R104|20260113T0350,/mnt/engg-niulab/yuyao/sensors_raw_data/S2/prev1/tan20260114t045129c40s4001-A/s2_-7.tif,,s2_download_manifest:downloaded,available,0,,expected,prev1,,2026-01-12T03:42:01.024000Z,5f862f24-5952-4c8a-95ae-26b0ba83221c,S2A_MSIL2A_20260112T034201_N0511_R061_T47PNR_20260112T073809.SAFE,S2|R061|20260112T0340,/mnt/engg-niulab/yuyao/sensors_raw_data/S2/prev2/tan20260114t045129c40s4001-A/s2_prev2.tif,,s2_download_manifest:downloaded,available,0,,expected,prev2,,2026-01-10T03:41:31.025000Z,aws_stac:S2C_47PNR_20260110_0_L2A,S2C_MSIL2A_20260110T034131_N0511_R061_T47PNR_20260110T063308.SAFE,S2|R061|20260110T0340,/mnt/engg-niulab/yuyao/sensors_raw_data/S2/prev3/tan20260114t045129c40s4001-A/s2_prev3.tif,,s2_download_manifest:downloaded,available,0,,expected,prev3,,2025-10-10T03:45:59.024000Z,aws_mosaic:f6164e1efcf96764:100.0_14.1,S2B_MSIL2A_20251010T034559_N0511_R104_T47PNR_20251010T072748.SAFE,S2|R104|20251010T0340,/mnt/engg-niulab/yuyao/sensors_raw_data/S2/seasonal/tan20260114t045129c40s4001-A/s2_-90.tif,/mnt/engg-niulab/yuyao/preprocessed_512/S2/tan20260114t045129c40s4001-A/s2_-90_std_512.tif,master:downloaded_path;master:target_512_path,available,0,,expected,,legacy_minus90_window,2025-01-18T03:51:01.024000Z,aws_mosaic:3f066eae2e306837:100.0_14.1,S2A_MSIL2A_20250118T035101_N0511_R104_T47PNR_20250118T065552.SAFE,S2|R104|20250118T0350,/mnt/engg-niulab/yuyao/sensors_raw_data/S2/year/tan20260114t045129c40s4001-A/s2_-360.tif,/mnt/engg-niulab/yuyao/preprocessed_512/S2/tan20260114t045129c40s4001-A/s2_-360_std_512.tif,master:downloaded_path;master:target_512_path,available,0,,expected,,legacy_minus360_window,https://api.carbonmapper.org/api/v1/catalog/asset/l3a-vis-ch4-mfa-v3b/2026/01/14/tan20260114t045129c40s4001-A/tan20260114t045129c40s4001-A_l3a-vis-ch4-mfa-v3b_plume.tif,https://api.carbonmapper.org/api/v1/catalog/asset/l3a-vis-ch4-mfa-v3b/2026/01/14/tan20260114t045129c40s4001-A/tan20260114t045129c40s4001-A_l3a-vis-ch4-mfa-v3b_plume.png,https://api.carbonmapper.org/api/v1/catalog/asset/l3a-ime-ch4-mfa-v3b/2026/01/14/tan20260114t045129c40s4001-A/tan20260114t045129c40s4001-A_l3a-ime-ch4-mfa-v3b_ime-cmf-concentrations.tif,https://api.carbonmapper.org/api/v1/catalog/asset/l3a-vis-ch4-mfa-v3b/2026/01/14/tan20260114t045129c40s4001-A/tan20260114t045129c40s4001-A_l3a-vis-ch4-mfa-v3b_rgb.tif,https://api.carbonmapper.org/api/v1/catalog/asset/l3a-vis-ch4-mfa-v3b/2026/01/14/tan20260114t045129c40s4001-A/tan20260114t045129c40s4001-A_l3a-vis-ch4-mfa-v3b_rgb.png,/mnt/engg-niulab/yuyao/sensors_raw_data/S2/t0/tan20260114t045129c40s4001-A/s2.tif,raw,/mnt/engg-niulab/yuyao/sensors_raw_data/S2/prev1/tan20260114t045129c40s4001-A/s2_-7.tif,raw,/mnt/engg-niulab/yuyao/sensors_raw_data/S2/prev2/tan20260114t045129c40s4001-A/s2_prev2.tif,raw,/mnt/engg-niulab/yuyao/sensors_raw_data/S2/prev3/tan20260114t045129c40s4001-A/s2_prev3.tif,raw,/mnt/engg-niulab/yuyao/sensors_raw_data/S2/seasonal/tan20260114t045129c40s4001-A/s2_-90.tif,raw,/mnt/engg-niulab/yuyao/sensors_raw_data/S2/year/tan20260114t045129c40s4001-A/s2_-360.tif,raw,1,1,raw+raw+raw+raw+raw+raw,S2B_47PNR_20260115_0_L2A,https://sentinel-s2-l2a.s3.amazonaws.com/tiles/47/P/NR/2026/1/15/0/R20m,https://sentinel-cogs.s3.us-west-2.amazonaws.com/sentinel-s2-l2a-cogs/47/P/NR/2026/1/S2B_47PNR_20260115_0_L2A,1000,S2B_MSIL2A_20260115T034009_N0511_R061_T47PNR_20260115T071831.SAFE,,,,stac_point_repaired,,43.0,0.939623048165231,S2B_MSIL2A_20260115T034009_N0511_R061_T47PPR_20260115T071831.SAFE,e24b2513-ff2d-4d06-8215-b939bcaf22fd,S2C_47PNR_20260113_0_L2A,https://sentinel-s2-l2a.s3.amazonaws.com/tiles/47/P/NR/2026/1/13/0/R20m,https://sentinel-cogs.s3.us-west-2.amazonaws.com/sentinel-s2-l2a-cogs/47/P/NR/2026/1/S2C_47PNR_20260113_0_L2A,1000,S2C_MSIL2A_20260113T035121_N0511_R104_T47PNR_20260113T064318.SAFE,"[{""stac_item_id"":""S2C_47PNR_20260113_0_L2A"",""stac_base_url"":""https://sentinel-s2-l2a.s3.amazonaws.com/tiles/47/P/NR/2026/1/13/0/R20m"",""stac_cog_base_url"":""https://sentinel-cogs.s3.us-west-2.amazonaws.com/sentinel-s2-l2a-cogs/47/P/NR/2026/1/S2C_47PNR_20260113_0_L2A"",""stac_dn_add"":""1000"",""stac_source_product_name"":""S2C_MSIL2A_20260113T035121_N0511_R104_T47PNR_20260113T064318.SAFE""},{""stac_item_id"":""S2C_47PPR_20260113_0_L2A"",""stac_base_url"":""https://sentinel-s2-l2a.s3.amazonaws.com/tiles/47/P/PR/2026/1/13/0/R20m"",""stac_cog_base_url"":""https://sentinel-cogs.s3.us-west-2.amazonaws.com/sentinel-s2-l2a-cogs/47/P/PR/2026/1/S2C_47PPR_20260113_0_L2A"",""stac_dn_add"":""1000"",""stac_source_product_name"":""S2C_MSIL2A_20260113T035121_N0511_R104_T47PPR_20260113T064318.SAFE""}]",,,stac_mosaic_repaired,,43.0,0.939623048165231,S2C_MSIL2A_20260113T035121_N0511_R104_T47PPR_20260113T064318.SAFE,cf6c86a5-7bdf-495f-ad16-44d6ad873af9,S2A_47PNR_20260112_0_L2A,https://sentinel-s2-l2a.s3.amazonaws.com/tiles/47/P/NR/2026/1/12/0/R20m,https://sentinel-cogs.s3.us-west-2.amazonaws.com/sentinel-s2-l2a-cogs/47/P/NR/2026/1/S2A_47PNR_20260112_0_L2A,1000,S2A_MSIL2A_20260112T034201_N0511_R061_T47PNR_20260112T073809.SAFE,,,,stac_exact,,43.0,0.939623048165231,S2A_MSIL2A_20260112T034201_N0511_R061_T47PNR_20260112T073809.SAFE,5f862f24-5952-4c8a-95ae-26b0ba83221c,S2C_47PNR_20260110_0_L2A,https://sentinel-s2-l2a.s3.amazonaws.com/tiles/47/P/NR/2026/1/10/0/R20m,https://sentinel-cogs.s3.us-west-2.amazonaws.com/sentinel-s2-l2a-cogs/47/P/NR/2026/1/S2C_47PNR_20260110_0_L2A,1000,S2C_MSIL2A_20260110T034131_N0511_R061_T47PNR_20260110T063308.SAFE,,,,stac_point_repaired,,43.0,0.939623048165231,S2C_MSIL2A_20260110T034131_N0511_R061_T47PPR_20260110T063308.SAFE,4caa9f55-0a9a-4a48-a740-cb824d97a460,S2B_47PNR_20251010_0_L2A,https://sentinel-s2-l2a.s3.amazonaws.com/tiles/47/P/NR/2025/10/10/0/R20m,https://sentinel-cogs.s3.us-west-2.amazonaws.com/sentinel-s2-l2a-cogs/47/P/NR/2025/10/S2B_47PNR_20251010_0_L2A,1000,S2B_MSIL2A_20251010T034559_N0511_R104_T47PNR_20251010T072748.SAFE,"[{""stac_item_id"":""S2B_47PNR_20251010_0_L2A"",""stac_base_url"":""https://sentinel-s2-l2a.s3.amazonaws.com/tiles/47/P/NR/2025/10/10/0/R20m"",""stac_cog_base_url"":""https://sentinel-cogs.s3.us-west-2.amazonaws.com/sentinel-s2-l2a-cogs/47/P/NR/2025/10/S2B_47PNR_20251010_0_L2A"",""stac_dn_add"":""1000"",""stac_source_product_name"":""S2B_MSIL2A_20251010T034559_N0511_R104_T47PNR_20251010T072748.SAFE""},{""stac_item_id"":""S2B_47PPR_20251010_0_L2A"",""stac_base_url"":""https://sentinel-s2-l2a.s3.amazonaws.com/tiles/47/P/PR/2025/10/10/0/R20m"",""stac_cog_base_url"":""https://sentinel-cogs.s3.us-west-2.amazonaws.com/sentinel-s2-l2a-cogs/47/P/PR/2025/10/S2B_47PPR_20251010_0_L2A"",""stac_dn_add"":""1000"",""stac_source_product_name"":""S2B_MSIL2A_20251010T034559_N0511_R104_T47PPR_20251010T072748.SAFE""}]",,,stac_mosaic_repaired,,43.0,0.939623048165231,S2B_MSIL2A_20251010T034559_N0511_R104_T47PPR_20251010T072748.SAFE,2b4ef830-3613-4e22-8322-b9e2146926d0,S2A_47PNR_20250118_0_L2A,https://sentinel-s2-l2a.s3.amazonaws.com/tiles/47/P/NR/2025/1/18/0,https://sentinel-cogs.s3.us-west-2.amazonaws.com/sentinel-s2-l2a-cogs/47/P/NR/2025/1/S2A_47PNR_20250118_0_L2A,1000,S2A_MSIL2A_20250118T035101_N0511_R104_T47PNR_20250118T065552.SAFE,"[{""stac_item_id"":""S2A_47PNR_20250118_0_L2A"",""stac_base_url"":""https://sentinel-s2-l2a.s3.amazonaws.com/tiles/47/P/NR/2025/1/18/0"",""stac_cog_base_url"":""https://sentinel-cogs.s3.us-west-2.amazonaws.com/sentinel-s2-l2a-cogs/47/P/NR/2025/1/S2A_47PNR_20250118_0_L2A"",""stac_dn_add"":""1000"",""stac_source_product_name"":""S2A_MSIL2A_20250118T035101_N0511_R104_T47PNR_20250118T065552.SAFE""},{""stac_item_id"":""S2A_47PPR_20250118_0_L2A"",""stac_base_url"":""https://sentinel-s2-l2a.s3.amazonaws.com/tiles/47/P/PR/2025/1/18/0"",""stac_cog_base_url"":""https://sentinel-cogs.s3.us-west-2.amazonaws.com/sentinel-s2-l2a-cogs/47/P/PR/2025/1/S2A_47PPR_20250118_0_L2A"",""stac_dn_add"":""1000"",""stac_source_product_name"":""S2A_MSIL2A_20250118T035101_N0511_R104_T47PPR_20250118T065552.SAFE""}]",,,stac_mosaic_repaired,,43.0,0.939623048165231,S2A_MSIL2A_20250118T035101_N0511_R104_T47PPR_20250118T065552.SAFE,e38352d0-eed2-4a93-b168-f19d24249907
tan20260313t065426c45s4001-A,2026-03-13T06:54:26+00,19.091410841050376,73.11563925443372,"[73.09972208503869, 19.073687250730462, 73.13231255587695, 19.10421547482565]",S2,2026-03-14T05:26:51.025000Z,aws_mosaic:df82222bb83f0421:73.1_19.1,S2C_MSIL2A_20260314T052651_N0512_R105_T43QBB_20260314T105213.SAFE,S2|R105|20260314T0520,/mnt/engg-niulab/yuyao/sensors_raw_data/S2/t0/tan20260313t065426c45s4001-A/s2.tif,/mnt/engg-niulab/yuyao/preprocessed_512/S2/tan20260313t065426c45s4001-A/s2_0_std_512.tif,s2_download_manifest:downloaded;master:target_512_path,available,0,,expected,t0,t0_24h_window,2026-03-12T05:36:39.024000Z,aws_stac:S2B_43QBB_20260312_0_L2A,S2B_MSIL2A_20260312T053639_N0512_R005_T43QBB_20260312T092622.SAFE,S2|R005|20260312T0530,/mnt/engg-niulab/yuyao/sensors_raw_data/S2/product_crops/7e760ff0-840f-4588-8459-cfe439f8d258/tan20260313t065426c45s4001-A/prev1.tif,,download_s2_missing_from_clean_table,available,0,,expected,product_crops,,2026-03-09T05:42:51.024000Z,aws_stac:S2A_43QBB_20260309_1_L2A,S2A_MSIL2A_20260309T054251_N0512_R005_T43QBB_20260309T140613.SAFE,S2|R005|20260309T0540,/mnt/engg-niulab/yuyao/sensors_raw_data/S2/prev2/tan20260313t065426c45s4001-A/s2_prev2.tif,,s2_download_manifest:downloaded,available,0,,expected,prev2,,2026-03-09T05:26:39.024000Z,4a2d0257-0355-418a-914f-1c7bd7f1a69c,S2B_MSIL2A_20260309T052639_N0512_R105_T43QBB_20260309T092006.SAFE,S2|R105|20260309T0520,/mnt/engg-niulab/yuyao/sensors_raw_data/S2/product_crops/4a2d0257-0355-418a-914f-1c7bd7f1a69c/tan20260313t065426c45s4001-A/prev3.tif,,download_s2_missing_from_clean_table,available,0,,expected,product_crops,,2025-12-12T05:41:39.024000Z,aws_stac:S2B_43QBB_20251212_0_L2A,S2B_MSIL2A_20251212T054139_N0511_R005_T43QBB_20251212T073145.SAFE,S2|R005|20251212T0540,/mnt/engg-niulab/yuyao/sensors_raw_data/S2/seasonal/tan20260313t065426c45s4001-A/s2_-90.tif,/mnt/engg-niulab/yuyao/preprocessed_512/S2/tan20260313t065426c45s4001-A/s2_-90_std_512.tif,master:downloaded_path;master:target_512_path,available,0,,expected,,legacy_minus90_window,2025-03-17T05:36:49.024000Z,e1232068-446b-48d0-94df-6d9b84ded8a1,S2B_MSIL2A_20250317T053649_N0511_R005_T43QBB_20250317T075158.SAFE,S2|R005|20250317T0530,/mnt/engg-niulab/yuyao/sensors_raw_data/S2/year/tan20260313t065426c45s4001-A/s2_-360.tif,/mnt/engg-niulab/yuyao/preprocessed_512/S2/tan20260313t065426c45s4001-A/s2_-360_std_512.tif,master:downloaded_path;master:target_512_path,available,0,,expected,,legacy_minus360_window,https://api.carbonmapper.org/api/v1/catalog/asset/l3a-vis-ch4-mfa-v3c/2026/03/13/tan20260313t065426c45s4001-A/tan20260313t065426c45s4001-A_l3a-vis-ch4-mfa-v3c_plume.tif,https://api.carbonmapper.org/api/v1/catalog/asset/l3a-vis-ch4-mfa-v3c/2026/03/13/tan20260313t065426c45s4001-A/tan20260313t065426c45s4001-A_l3a-vis-ch4-mfa-v3c_plume.png,https://api.carbonmapper.org/api/v1/catalog/asset/l3a-ime-ch4-mfa-v3c/2026/03/13/tan20260313t065426c45s4001-A/tan20260313t065426c45s4001-A_l3a-ime-ch4-mfa-v3c_ime-cmf-concentrations.tif,https://api.carbonmapper.org/api/v1/catalog/asset/l3a-vis-ch4-mfa-v3c/2026/03/13/tan20260313t065426c45s4001-A/tan20260313t065426c45s4001-A_l3a-vis-ch4-mfa-v3c_rgb.tif,https://api.carbonmapper.org/api/v1/catalog/asset/l3a-vis-ch4-mfa-v3c/2026/03/13/tan20260313t065426c45s4001-A/tan20260313t065426c45s4001-A_l3a-vis-ch4-mfa-v3c_rgb.png,/mnt/engg-niulab/yuyao/sensors_raw_data/S2/t0/tan20260313t065426c45s4001-A/s2.tif,raw,/mnt/engg-niulab/yuyao/sensors_raw_data/S2/product_crops/7e760ff0-840f-4588-8459-cfe439f8d258/tan20260313t065426c45s4001-A/prev1.tif,raw,/mnt/engg-niulab/yuyao/sensors_raw_data/S2/prev2/tan20260313t065426c45s4001-A/s2_prev2.tif,raw,/mnt/engg-niulab/yuyao/sensors_raw_data/S2/product_crops/4a2d0257-0355-418a-914f-1c7bd7f1a69c/tan20260313t065426c45s4001-A/prev3.tif,raw,/mnt/engg-niulab/yuyao/sensors_raw_data/S2/seasonal/tan20260313t065426c45s4001-A/s2_-90.tif,raw,/mnt/engg-niulab/yuyao/sensors_raw_data/S2/year/tan20260313t065426c45s4001-A/s2_-360.tif,raw,1,1,raw+raw+raw+raw+raw+raw,S2C_43QBB_20260314_0_L2A,https://sentinel-s2-l2a.s3.amazonaws.com/tiles/43/Q/BB/2026/3/14/0/R20m,https://sentinel-cogs.s3.us-west-2.amazonaws.com/sentinel-s2-l2a-cogs/43/Q/BB/2026/3/S2C_43QBB_20260314_0_L2A,1000,S2C_MSIL2A_20260314T052651_N0512_R105_T43QBB_20260314T105213.SAFE,"[{""stac_item_id"":""S2C_43QBB_20260314_0_L2A"",""stac_base_url"":""https://sentinel-s2-l2a.s3.amazonaws.com/tiles/43/Q/BB/2026/3/14/0/R20m"",""stac_cog_base_url"":""https://sentinel-cogs.s3.us-west-2.amazonaws.com/sentinel-s2-l2a-cogs/43/Q/BB/2026/3/S2C_43QBB_20260314_0_L2A"",""stac_dn_add"":""1000"",""stac_source_product_name"":""S2C_MSIL2A_20260314T052651_N0512_R105_T43QBB_20260314T105213.SAFE""},{""stac_item_id"":""S2C_43QCB_20260314_0_L2A"",""stac_base_url"":""https://sentinel-s2-l2a.s3.amazonaws.com/tiles/43/Q/CB/2026/3/14/0/R20m"",""stac_cog_base_url"":""https://sentinel-cogs.s3.us-west-2.amazonaws.com/sentinel-s2-l2a-cogs/43/Q/CB/2026/3/S2C_43QCB_20260314_0_L2A"",""stac_dn_add"":""1000"",""stac_source_product_name"":""S2C_MSIL2A_20260314T052651_N0512_R105_T43QCB_20260314T105213.SAFE""}]",,,stac_mosaic_repaired,,146.0,0.5770585019490682,S2C_MSIL2A_20260314T052651_N0512_R105_T43QCB_20260314T105213.SAFE,42526957-cedd-424b-950e-5db0d82df313,S2B_43QBB_20260312_0_L2A,https://sentinel-s2-l2a.s3.amazonaws.com/tiles/43/Q/BB/2026/3/12/0/R20m,https://sentinel-cogs.s3.us-west-2.amazonaws.com/sentinel-s2-l2a-cogs/43/Q/BB/2026/3/S2B_43QBB_20260312_0_L2A,1000,S2B_MSIL2A_20260312T053639_N0512_R005_T43QBB_20260312T092622.SAFE,,,,stac_point_repaired,,146.0,0.5770585019490682,S2B_MSIL2A_20260312T053639_N0512_R005_T43QCB_20260312T092622.SAFE,7e760ff0-840f-4588-8459-cfe439f8d258,S2A_43QBB_20260309_1_L2A,https://sentinel-s2-l2a.s3.amazonaws.com/tiles/43/Q/BB/2026/3/9/1/R20m,https://sentinel-cogs.s3.us-west-2.amazonaws.com/sentinel-s2-l2a-cogs/43/Q/BB/2026/3/S2A_43QBB_20260309_1_L2A,1000,S2A_MSIL2A_20260309T054251_N0512_R005_T43QBB_20260309T140613.SAFE,,,,stac_point_repaired,,146.0,0.5770585019490682,S2A_MSIL2A_20260309T054251_N0512_R005_T43QCB_20260309T140613.SAFE,13cd5996-6bf3-4679-8ef9-58d881ebf714,S2B_43QBB_20260309_0_L2A,https://sentinel-s2-l2a.s3.amazonaws.com/tiles/43/Q/BB/2026/3/9/0/R20m,https://sentinel-cogs.s3.us-west-2.amazonaws.com/sentinel-s2-l2a-cogs/43/Q/BB/2026/3/S2B_43QBB_20260309_0_L2A,1000,S2B_MSIL2A_20260309T052639_N0512_R105_T43QBB_20260309T092006.SAFE,,,,stac_exact,,146.0,0.5770585019490682,S2B_MSIL2A_20260309T052639_N0512_R105_T43QBB_20260309T092006.SAFE,4a2d0257-0355-418a-914f-1c7bd7f1a69c,S2B_43QBB_20251212_0_L2A,https://sentinel-s2-l2a.s3.amazonaws.com/tiles/43/Q/BB/2025/12/12/0/R20m,https://sentinel-cogs.s3.us-west-2.amazonaws.com/sentinel-s2-l2a-cogs/43/Q/BB/2025/12/S2B_43QBB_20251212_0_L2A,1000,S2B_MSIL2A_20251212T054139_N0511_R005_T43QBB_20251212T073145.SAFE,,,,stac_point_repaired,,146.0,0.5770585019490682,S2B_MSIL2A_20251212T054139_N0511_R005_T43QCB_20251212T073145.SAFE,736127a6-85dd-4286-9e42-0d165d1645f8,S2B_43QBB_20250317_0_L2A,https://sentinel-s2-l2a.s3.amazonaws.com/tiles/43/Q/BB/2025/3/17/0/R20m,https://sentinel-cogs.s3.us-west-2.amazonaws.com/sentinel-s2-l2a-cogs/43/Q/BB/2025/3/S2B_43QBB_20250317_0_L2A,1000,S2B_MSIL2A_20250317T053649_N0511_R005_T43QBB_20250317T075158.SAFE,,,,stac_exact,,146.0,0.5770585019490682,S2B_MSIL2A_20250317T053649_N0511_R005_T43QBB_20250317T075158.SAFE,e1232068-446b-48d0-94df-6d9b84ded8a1
tan20260313t065426c45s4001-K,2026-03-13T06:54:26+00,19.33473357819483,73.17564104231624,"[73.14838520840887, 19.303810551817037, 73.18818186416564, 19.341365484112238]",S2,2026-03-14T05:26:51.025000Z,aws_mosaic:b38b65fcdd9e967e:73.2_19.3,S2C_MSIL2A_20260314T052651_N0512_R105_T43QCB_20260314T105213.SAFE,S2|R105|20260314T0520,/mnt/engg-niulab/yuyao/sensors_raw_data/S2/t0/tan20260313t065426c45s4001-K/s2.tif,/mnt/engg-niulab/yuyao/preprocessed_512/S2/tan20260313t065426c45s4001-K/s2_0_std_512.tif,s2_download_manifest:downloaded;master:target_512_path,available,0,,expected,t0,t0_24h_window,2026-03-12T05:36:39.024000Z,aws_stac:S2B_43QCB_20260312_0_L2A,S2B_MSIL2A_20260312T053639_N0512_R005_T43QCB_20260312T092622.SAFE,S2|R005|20260312T0530,/mnt/engg-niulab/yuyao/sensors_raw_data/S2/product_crops/ae8b303f-5122-464b-9ae3-ee5097d7dd09/tan20260313t065426c45s4001-K/prev1.tif,,download_s2_missing_from_clean_table,available,0,,expected,product_crops,,2026-03-09T05:42:51.024000Z,13cd5996-6bf3-4679-8ef9-58d881ebf714,S2A_MSIL2A_20260309T054251_N0512_R005_T43QCB_20260309T140613.SAFE,S2|R005|20260309T0540,/mnt/engg-niulab/yuyao/sensors_raw_data/S2/product_crops/13cd5996-6bf3-4679-8ef9-58d881ebf714/tan20260313t065426c45s4001-K/prev2.tif,,download_s2_missing_from_clean_table,available,0,,expected,product_crops,,2026-03-09T05:26:39.024000Z,b65692ae-3483-4274-81a1-8028218c7db8,S2B_MSIL2A_20260309T052639_N0512_R105_T43QCB_20260309T092006.SAFE,S2|R105|20260309T0520,/mnt/engg-niulab/yuyao/sensors_raw_data/S2/prev3/tan20260313t065426c45s4001-K/s2_prev3.tif,,s2_download_manifest:downloaded,available,0,,expected,prev3,,2025-12-12T05:41:39.024000Z,aws_stac:S2B_43QCB_20251212_0_L2A,S2B_MSIL2A_20251212T054139_N0511_R005_T43QCB_20251212T073145.SAFE,S2|R005|20251212T0540,/mnt/engg-niulab/yuyao/sensors_raw_data/S2/seasonal/tan20260313t065426c45s4001-K/s2_-90.tif,/mnt/engg-niulab/yuyao/preprocessed_512/S2/tan20260313t065426c45s4001-K/s2_-90_std_512.tif,master:downloaded_path;master:target_512_path,available,0,,expected,,legacy_minus90_window,2025-03-17T05:36:49.024000Z,e9110bb6-58b6-4475-9883-4440310ceebf,S2B_MSIL2A_20250317T053649_N0511_R005_T43QCB_20250317T075158.SAFE,S2|R005|20250317T0530,/mnt/engg-niulab/yuyao/sensors_raw_data/S2/year/tan20260313t065426c45s4001-K/s2_-360.tif,/mnt/engg-niulab/yuyao/preprocessed_512/S2/tan20260313t065426c45s4001-K/s2_-360_std_512.tif,master:downloaded_path;master:target_512_path,available,0,,expected,,legacy_minus360_window,https://api.carbonmapper.org/api/v1/catalog/asset/l3a-vis-ch4-mfa-v3c/2026/03/13/tan20260313t065426c45s4001-K/tan20260313t065426c45s4001-K_l3a-vis-ch4-mfa-v3c_plume.tif,https://api.carbonmapper.org/api/v1/catalog/asset/l3a-vis-ch4-mfa-v3c/2026/03/13/tan20260313t065426c45s4001-K/tan20260313t065426c45s4001-K_l3a-vis-ch4-mfa-v3c_plume.png,https://api.carbonmapper.org/api/v1/catalog/asset/l3a-ime-ch4-mfa-v3c/2026/03/13/tan20260313t065426c45s4001-K/tan20260313t065426c45s4001-K_l3a-ime-ch4-mfa-v3c_ime-cmf-concentrations.tif,https://api.carbonmapper.org/api/v1/catalog/asset/l3a-vis-ch4-mfa-v3c/2026/03/13/tan20260313t065426c45s4001-K/tan20260313t065426c45s4001-K_l3a-vis-ch4-mfa-v3c_rgb.tif,https://api.carbonmapper.org/api/v1/catalog/asset/l3a-vis-ch4-mfa-v3c/2026/03/13/tan20260313t065426c45s4001-K/tan20260313t065426c45s4001-K_l3a-vis-ch4-mfa-v3c_rgb.png,/mnt/engg-niulab/yuyao/sensors_raw_data/S2/t0/tan20260313t065426c45s4001-K/s2.tif,raw,/mnt/engg-niulab/yuyao/sensors_raw_data/S2/product_crops/ae8b303f-5122-464b-9ae3-ee5097d7dd09/tan20260313t065426c45s4001-K/prev1.tif,raw,/mnt/engg-niulab/yuyao/sensors_raw_data/S2/product_crops/13cd5996-6bf3-4679-8ef9-58d881ebf714/tan20260313t065426c45s4001-K/prev2.tif,raw,/mnt/engg-niulab/yuyao/sensors_raw_data/S2/prev3/tan20260313t065426c45s4001-K/s2_prev3.tif,raw,/mnt/engg-niulab/yuyao/sensors_raw_data/S2/seasonal/tan20260313t065426c45s4001-K/s2_-90.tif,raw,/mnt/engg-niulab/yuyao/sensors_raw_data/S2/year/tan20260313t065426c45s4001-K/s2_-360.tif,raw,1,1,raw+raw+raw+raw+raw+raw,S2C_43QCB_20260314_0_L2A,https://sentinel-s2-l2a.s3.amazonaws.com/tiles/43/Q/CB/2026/3/14/0/R20m,https://sentinel-cogs.s3.us-west-2.amazonaws.com/sentinel-s2-l2a-cogs/43/Q/CB/2026/3/S2C_43QCB_20260314_0_L2A,1000,S2C_MSIL2A_20260314T052651_N0512_R105_T43QCB_20260314T105213.SAFE,"[{""stac_item_id"":""S2C_43QCB_20260314_0_L2A"",""stac_base_url"":""https://sentinel-s2-l2a.s3.amazonaws.com/tiles/43/Q/CB/2026/3/14/0/R20m"",""stac_cog_base_url"":""https://sentinel-cogs.s3.us-west-2.amazonaws.com/sentinel-s2-l2a-cogs/43/Q/CB/2026/3/S2C_43QCB_20260314_0_L2A"",""stac_dn_add"":""1000"",""stac_source_product_name"":""S2C_MSIL2A_20260314T052651_N0512_R105_T43QCB_20260314T105213.SAFE""},{""stac_item_id"":""S2C_43QBB_20260314_0_L2A"",""stac_base_url"":""https://sentinel-s2-l2a.s3.amazonaws.com/tiles/43/Q/BB/2026/3/14/0/R20m"",""stac_cog_base_url"":""https://sentinel-cogs.s3.us-west-2.amazonaws.com/sentinel-s2-l2a-cogs/43/Q/BB/2026/3/S2C_43QBB_20260314_0_L2A"",""stac_dn_add"":""1000"",""stac_source_product_name"":""S2C_MSIL2A_20260314T052651_N0512_R105_T43QBB_20260314T105213.SAFE""}]",,,stac_mosaic_repaired,,161.0,0.40839484550087946,S2C_MSIL2A_20260314T052651_N0512_R105_T43QBB_20260314T105213.SAFE,8f2962e0-367d-4e16-85b5-c80a68815006,S2B_43QCB_20260312_0_L2A,https://sentinel-s2-l2a.s3.amazonaws.com/tiles/43/Q/CB/2026/3/12/0/R20m,https://sentinel-cogs.s3.us-west-2.amazonaws.com/sentinel-s2-l2a-cogs/43/Q/CB/2026/3/S2B_43QCB_20260312_0_L2A,1000,S2B_MSIL2A_20260312T053639_N0512_R005_T43QCB_20260312T092622.SAFE,,,,stac_point_repaired,,161.0,0.40839484550087946,S2B_MSIL2A_20260312T053639_N0512_R005_T43QBB_20260312T092622.SAFE,ae8b303f-5122-464b-9ae3-ee5097d7dd09,S2A_43QCB_20260309_1_L2A,https://sentinel-s2-l2a.s3.amazonaws.com/tiles/43/Q/CB/2026/3/9/1/R20m,https://sentinel-cogs.s3.us-west-2.amazonaws.com/sentinel-s2-l2a-cogs/43/Q/CB/2026/3/S2A_43QCB_20260309_1_L2A,1000,S2A_MSIL2A_20260309T054251_N0512_R005_T43QCB_20260309T140613.SAFE,,,,stac_exact,,161.0,0.40839484550087946,S2A_MSIL2A_20260309T054251_N0512_R005_T43QCB_20260309T140613.SAFE,13cd5996-6bf3-4679-8ef9-58d881ebf714,S2B_43QCB_20260309_0_L2A,https://sentinel-s2-l2a.s3.amazonaws.com/tiles/43/Q/CB/2026/3/9/0/R20m,https://sentinel-cogs.s3.us-west-2.amazonaws.com/sentinel-s2-l2a-cogs/43/Q/CB/2026/3/S2B_43QCB_20260309_0_L2A,1000,S2B_MSIL2A_20260309T052639_N0512_R105_T43QCB_20260309T092006.SAFE,,,,stac_exact,,161.0,0.40839484550087946,S2B_MSIL2A_20260309T052639_N0512_R105_T43QCB_20260309T092006.SAFE,b65692ae-3483-4274-81a1-8028218c7db8,S2B_43QCB_20251212_0_L2A,https://sentinel-s2-l2a.s3.amazonaws.com/tiles/43/Q/CB/2025/12/12/0/R20m,https://sentinel-cogs.s3.us-west-2.amazonaws.com/sentinel-s2-l2a-cogs/43/Q/CB/2025/12/S2B_43QCB_20251212_0_L2A,1000,S2B_MSIL2A_20251212T054139_N0511_R005_T43QCB_20251212T073145.SAFE,,,,stac_point_repaired,,161.0,0.40839484550087946,S2B_MSIL2A_20251212T054139_N0511_R005_T43QBB_20251212T073145.SAFE,1367b9f2-749f-43ef-8f6f-48764df2fc41,S2B_43QCB_20250317_0_L2A,https://sentinel-s2-l2a.s3.amazonaws.com/tiles/43/Q/CB/2025/3/17/0/R20m,https://sentinel-cogs.s3.us-west-2.amazonaws.com/sentinel-s2-l2a-cogs/43/Q/CB/2025/3/S2B_43QCB_20250317_0_L2A,1000,S2B_MSIL2A_20250317T053649_N0511_R005_T43QCB_20250317T075158.SAFE,,,,stac_exact,,161.0,0.40839484550087946,S2B_MSIL2A_20250317T053649_N0511_R005_T43QCB_20250317T075158.SAFE,e9110bb6-58b6-4475-9883-4440310ceebf
tan20260318t051007c70s4001-A,2026-03-18T05:10:07+00,14.057717017970418,99.96194332241544,"[99.92978444672062, 14.05044987673291, 99.97605666403747, 14.095333332494201]",S2,2026-03-19T03:45:29.024000Z,aws_mosaic:56244056172661da:100.0_14.1,S2B_MSIL2A_20260319T034529_N0512_R104_T47PNR_20260319T073036.SAFE,S2|R104|20260319T0340,/mnt/engg-niulab/yuyao/sensors_raw_data/S2/t0/tan20260318t051007c70s4001-A/s2.tif,/mnt/engg-niulab/yuyao/preprocessed_512/S2/tan20260318t051007c70s4001-A/s2_0_std_512.tif,s2_download_manifest:downloaded;master:target_512_path,available,0,,expected,t0,t0_24h_window,2026-03-16T03:35:29.024000Z,78c9ca3b-2a20-4bb0-82d8-9f03b742bbdf,S2B_MSIL2A_20260316T033529_N0512_R061_T47PNR_20260316T072001.SAFE,S2|R061|20260316T0330,/mnt/engg-niulab/yuyao/sensors_raw_data/S2/prev1/tan20260318t051007c70s4001-A/s2_-7.tif,,s2_download_manifest:downloaded,available,0,,expected,prev1,,2026-03-14T03:45:41.025000Z,aws_mosaic:d1f236a8ac4d2688:100.0_14.1,S2C_MSIL2A_20260314T034541_N0512_R104_T47PNR_20260314T091810.SAFE,S2|R104|20260314T0340,/mnt/engg-niulab/yuyao/sensors_raw_data/S2/prev2/tan20260318t051007c70s4001-A/s2_prev2.tif,,s2_download_manifest:downloaded,available,0,,expected,prev2,,2026-03-13T03:42:01.027000Z,a0081676-d1a7-4b33-b6c5-68ffb2ff35a8,S2A_MSIL2A_20260313T034201_N0512_R061_T47PNR_20260313T083010.SAFE,S2|R061|20260313T0340,/mnt/engg-niulab/yuyao/sensors_raw_data/S2/prev3/tan20260318t051007c70s4001-A/s2_prev3.tif,,s2_download_manifest:downloaded,available,0,,expected,prev3,,2025-12-16T03:40:49.024000Z,aws_stac:S2B_47PNR_20251216_0_L2A,S2B_MSIL2A_20251216T034049_N0511_R061_T47PNR_20251216T055847.SAFE,S2|R061|20251216T0340,/mnt/engg-niulab/yuyao/sensors_raw_data/S2/seasonal/tan20260318t051007c70s4001-A/s2_-90.tif,/mnt/engg-niulab/yuyao/preprocessed_512/S2/tan20260318t051007c70s4001-A/s2_-90_std_512.tif,master:downloaded_path;master:target_512_path,available,0,,expected,,legacy_minus90_window,2025-03-19T03:46:01.025000Z,aws_mosaic:1b0bb5de7058151d:100.0_14.1,S2C_MSIL2A_20250319T034601_N0511_R104_T47PNR_20250319T090407.SAFE,S2|R104|20250319T0340,/mnt/engg-niulab/yuyao/sensors_raw_data/S2/year/tan20260318t051007c70s4001-A/s2_-360.tif,/mnt/engg-niulab/yuyao/preprocessed_512/S2/tan20260318t051007c70s4001-A/s2_-360_std_512.tif,master:downloaded_path;master:target_512_path,available,0,,expected,,legacy_minus360_window,https://api.carbonmapper.org/api/v1/catalog/asset/l3a-vis-ch4-mfa-v3c/2026/03/18/tan20260318t051007c70s4001-A/tan20260318t051007c70s4001-A_l3a-vis-ch4-mfa-v3c_plume.tif,https://api.carbonmapper.org/api/v1/catalog/asset/l3a-vis-ch4-mfa-v3c/2026/03/18/tan20260318t051007c70s4001-A/tan20260318t051007c70s4001-A_l3a-vis-ch4-mfa-v3c_plume.png,https://api.carbonmapper.org/api/v1/catalog/asset/l3a-ime-ch4-mfa-v3c/2026/03/18/tan20260318t051007c70s4001-A/tan20260318t051007c70s4001-A_l3a-ime-ch4-mfa-v3c_ime-cmf-concentrations.tif,https://api.carbonmapper.org/api/v1/catalog/asset/l3a-vis-ch4-mfa-v3c/2026/03/18/tan20260318t051007c70s4001-A/tan20260318t051007c70s4001-A_l3a-vis-ch4-mfa-v3c_rgb.tif,https://api.carbonmapper.org/api/v1/catalog/asset/l3a-vis-ch4-mfa-v3c/2026/03/18/tan20260318t051007c70s4001-A/tan20260318t051007c70s4001-A_l3a-vis-ch4-mfa-v3c_rgb.png,/mnt/engg-niulab/yuyao/sensors_raw_data/S2/t0/tan20260318t051007c70s4001-A/s2.tif,raw,/mnt/engg-niulab/yuyao/sensors_raw_data/S2/prev1/tan20260318t051007c70s4001-A/s2_-7.tif,raw,/mnt/engg-niulab/yuyao/sensors_raw_data/S2/prev2/tan20260318t051007c70s4001-A/s2_prev2.tif,raw,/mnt/engg-niulab/yuyao/sensors_raw_data/S2/prev3/tan20260318t051007c70s4001-A/s2_prev3.tif,raw,/mnt/engg-niulab/yuyao/sensors_raw_data/S2/seasonal/tan20260318t051007c70s4001-A/s2_-90.tif,raw,/mnt/engg-niulab/yuyao/sensors_raw_data/S2/year/tan20260318t051007c70s4001-A/s2_-360.tif,raw,1,1,raw+raw+raw+raw+raw+raw,S2B_47PNR_20260319_1_L2A,https://sentinel-s2-l2a.s3.amazonaws.com/tiles/47/P/NR/2026/3/19/1/R20m,https://sentinel-cogs.s3.us-west-2.amazonaws.com/sentinel-s2-l2a-cogs/47/P/NR/2026/3/S2B_47PNR_20260319_1_L2A,1000,S2B_MSIL2A_20260319T034529_N0512_R104_T47PNR_20260319T073036.SAFE,"[{""stac_item_id"":""S2B_47PNR_20260319_1_L2A"",""stac_base_url"":""https://sentinel-s2-l2a.s3.amazonaws.com/tiles/47/P/NR/2026/3/19/1/R20m"",""stac_cog_base_url"":""https://sentinel-cogs.s3.us-west-2.amazonaws.com/sentinel-s2-l2a-cogs/47/P/NR/2026/3/S2B_47PNR_20260319_1_L2A"",""stac_dn_add"":""1000"",""stac_source_product_name"":""S2B_MSIL2A_20260319T034529_N0512_R104_T47PNR_20260319T073036.SAFE""},{""stac_item_id"":""S2B_47PPR_20260319_0_L2A"",""stac_base_url"":""https://sentinel-s2-l2a.s3.amazonaws.com/tiles/47/P/PR/2026/3/19/0/R20m"",""stac_cog_base_url"":""https://sentinel-cogs.s3.us-west-2.amazonaws.com/sentinel-s2-l2a-cogs/47/P/PR/2026/3/S2B_47PPR_20260319_0_L2A"",""stac_dn_add"":""1000"",""stac_source_product_name"":""S2B_MSIL2A_20260319T034529_N0512_R104_T47PPR_20260319T073036.SAFE""}]",,,stac_mosaic_repaired,,41.0,0.9680961685662623,S2B_MSIL2A_20260319T034529_N0512_R104_T47PPR_20260319T073036.SAFE,bc17abec-922d-4bd8-9b90-88ca5c5d803c,S2B_47PNR_20260316_0_L2A,https://sentinel-s2-l2a.s3.amazonaws.com/tiles/47/P/NR/2026/3/16/0/R20m,https://sentinel-cogs.s3.us-west-2.amazonaws.com/sentinel-s2-l2a-cogs/47/P/NR/2026/3/S2B_47PNR_20260316_0_L2A,1000,S2B_MSIL2A_20260316T033529_N0512_R061_T47PNR_20260316T072001.SAFE,,,,stac_exact,,41.0,0.9680961685662623,S2B_MSIL2A_20260316T033529_N0512_R061_T47PNR_20260316T072001.SAFE,78c9ca3b-2a20-4bb0-82d8-9f03b742bbdf,S2C_47PNR_20260314_0_L2A,https://sentinel-s2-l2a.s3.amazonaws.com/tiles/47/P/NR/2026/3/14/0/R20m,https://sentinel-cogs.s3.us-west-2.amazonaws.com/sentinel-s2-l2a-cogs/47/P/NR/2026/3/S2C_47PNR_20260314_0_L2A,1000,S2C_MSIL2A_20260314T034541_N0512_R104_T47PNR_20260314T091810.SAFE,"[{""stac_item_id"":""S2C_47PNR_20260314_0_L2A"",""stac_base_url"":""https://sentinel-s2-l2a.s3.amazonaws.com/tiles/47/P/NR/2026/3/14/0/R20m"",""stac_cog_base_url"":""https://sentinel-cogs.s3.us-west-2.amazonaws.com/sentinel-s2-l2a-cogs/47/P/NR/2026/3/S2C_47PNR_20260314_0_L2A"",""stac_dn_add"":""1000"",""stac_source_product_name"":""S2C_MSIL2A_20260314T034541_N0512_R104_T47PNR_20260314T091810.SAFE""},{""stac_item_id"":""S2C_47PPR_20260314_0_L2A"",""stac_base_url"":""https://sentinel-s2-l2a.s3.amazonaws.com/tiles/47/P/PR/2026/3/14/0/R20m"",""stac_cog_base_url"":""https://sentinel-cogs.s3.us-west-2.amazonaws.com/sentinel-s2-l2a-cogs/47/P/PR/2026/3/S2C_47PPR_20260314_0_L2A"",""stac_dn_add"":""1000"",""stac_source_product_name"":""S2C_MSIL2A_20260314T034541_N0512_R104_T47PPR_20260314T091810.SAFE""}]",,,stac_mosaic_repaired,,41.0,0.9680961685662623,S2C_MSIL2A_20260314T034541_N0512_R104_T47PPR_20260314T091810.SAFE,cfe3e77a-4b68-46a2-8e5f-72941c48b63b,S2A_47PNR_20260313_0_L2A,https://sentinel-s2-l2a.s3.amazonaws.com/tiles/47/P/NR/2026/3/13/0/R20m,https://sentinel-cogs.s3.us-west-2.amazonaws.com/sentinel-s2-l2a-cogs/47/P/NR/2026/3/S2A_47PNR_20260313_0_L2A,1000,S2A_MSIL2A_20260313T034201_N0512_R061_T47PNR_20260313T083010.SAFE,,,,stac_exact,,41.0,0.9680961685662623,S2A_MSIL2A_20260313T034201_N0512_R061_T47PNR_20260313T083010.SAFE,a0081676-d1a7-4b33-b6c5-68ffb2ff35a8,S2B_47PNR_20251216_0_L2A,https://sentinel-s2-l2a.s3.amazonaws.com/tiles/47/P/NR/2025/12/16/0/R20m,https://sentinel-cogs.s3.us-west-2.amazonaws.com/sentinel-s2-l2a-cogs/47/P/NR/2025/12/S2B_47PNR_20251216_0_L2A,1000,S2B_MSIL2A_20251216T034049_N0511_R061_T47PNR_20251216T055847.SAFE,,,,stac_point_repaired,,41.0,0.9680961685662623,S2B_MSIL2A_20251216T034049_N0511_R061_T47PPR_20251216T055847.SAFE,362e49aa-a270-4e82-b859-e4f20512dbcf,S2C_47PNR_20250319_0_L2A,https://sentinel-s2-l2a.s3.amazonaws.com/tiles/47/P/NR/2025/3/19/0/R20m,https://sentinel-cogs.s3.us-west-2.amazonaws.com/sentinel-s2-l2a-cogs/47/P/NR/2025/3/S2C_47PNR_20250319_0_L2A,1000,S2C_MSIL2A_20250319T034601_N0511_R104_T47PNR_20250319T090407.SAFE,"[{""stac_item_id"":""S2C_47PNR_20250319_0_L2A"",""stac_base_url"":""https://sentinel-s2-l2a.s3.amazonaws.com/tiles/47/P/NR/2025/3/19/0/R20m"",""stac_cog_base_url"":""https://sentinel-cogs.s3.us-west-2.amazonaws.com/sentinel-s2-l2a-cogs/47/P/NR/2025/3/S2C_47PNR_20250319_0_L2A"",""stac_dn_add"":""1000"",""stac_source_product_name"":""S2C_MSIL2A_20250319T034601_N0511_R104_T47PNR_20250319T090407.SAFE""},{""stac_item_id"":""S2C_47PPR_20250319_0_L2A"",""stac_base_url"":""https://sentinel-s2-l2a.s3.amazonaws.com/tiles/47/P/PR/2025/3/19/0/R20m"",""stac_cog_base_url"":""https://sentinel-cogs.s3.us-west-2.amazonaws.com/sentinel-s2-l2a-cogs/47/P/PR/2025/3/S2C_47PPR_20250319_0_L2A"",""stac_dn_add"":""1000"",""stac_source_product_name"":""S2C_MSIL2A_20250319T034601_N0511_R104_T47PPR_20250319T090407.SAFE""}]",,,stac_mosaic_repaired,,41.0,0.9680961685662623,S2C_MSIL2A_20250319T034601_N0511_R104_T47PPR_20250319T090407.SAFE,0bb86bc9-af57-4210-b203-65700cc8515e
tan20260424t082511c52s4001-AW,2026-04-24T08:25:11+00,39.33414031953825,54.132950749603,"[54.11570515649201, 39.3216535161987, 54.155784399900966, 39.352921469609036]",S2,2026-04-25T07:18:51.024000Z,1845bdb0-fb6d-4269-8188-17d7d0f61a11,S2A_MSIL2A_20260425T071851_N0512_R106_T40SBJ_20260425T100059.SAFE,S2|R106|20260425T0710,/mnt/engg-niulab/yuyao/sensors_raw_data/S2/t0/tan20260424t082511c52s4001-AW/s2.tif,/mnt/engg-niulab/yuyao/preprocessed_512/S2/tan20260424t082511c52s4001-AW/s2_0_std_512.tif,s2_download_manifest:downloaded;master:target_512_path,available,0,,expected,t0,t0_24h_window,2026-04-23T07:07:31.025000Z,1baa1c21-e883-44b6-9d72-629738cd928f,S2C_MSIL2A_20260423T070731_N0512_R106_T40SBJ_20260423T104117.SAFE,S2|R106|20260423T0700,/mnt/engg-niulab/yuyao/sensors_raw_data/S2/product_crops/1baa1c21-e883-44b6-9d72-629738cd928f/tan20260424t082511c52s4001-AW/prev1.tif,,download_s2_missing_from_clean_table,available,0,,expected,product_crops,,2026-04-18T07:23:21.024000Z,2320736e-861d-4327-be28-8946d5c2dde5,S2A_MSIL2A_20260418T072321_N0512_R006_T40SBJ_20260418T104709.SAFE,S2|R006|20260418T0720,/mnt/engg-niulab/yuyao/sensors_raw_data/S2/prev2/tan20260424t082511c52s4001-AW/s2_prev2.tif,,s2_download_manifest:downloaded,available,0,,expected,prev2,,2026-04-18T07:06:19.024000Z,0f8ff229-ec53-4e19-a0e5-2b64f0bbb193,S2B_MSIL2A_20260418T070619_N0512_R106_T40SBJ_20260418T102342.SAFE,S2|R106|20260418T0700,/mnt/engg-niulab/yuyao/sensors_raw_data/S2/prev3/tan20260424t082511c52s4001-AW/s2_prev3.tif,,s2_download_manifest:downloaded,available,0,,expected,prev3,,2026-01-18T07:11:29.024000Z,200b9f2a-3e23-404f-8d11-334923a45c85,S2B_MSIL2A_20260118T071129_N0511_R106_T39SYD_20260118T092359.SAFE,S2|R106|20260118T0710,/mnt/engg-niulab/yuyao/sensors_raw_data/S2/seasonal/tan20260424t082511c52s4001-AW/s2_-90.tif,/mnt/engg-niulab/yuyao/preprocessed_512/S2/tan20260424t082511c52s4001-AW/s2_-90_std_512.tif,master:downloaded_path;master:target_512_path,available,0,,expected,,legacy_minus90_window,2025-04-21T07:16:41.025000Z,0bb0ccd3-7065-43bf-9d24-b98fb4c2e650,S2C_MSIL2A_20250421T071641_N0511_R006_T40SBJ_20250421T105406.SAFE,S2|R006|20250421T0710,/mnt/engg-niulab/yuyao/sensors_raw_data/S2/year/tan20260424t082511c52s4001-AW/s2_-360.tif,/mnt/engg-niulab/yuyao/preprocessed_512/S2/tan20260424t082511c52s4001-AW/s2_-360_std_512.tif,master:downloaded_path;master:target_512_path,available,0,,expected,,legacy_minus360_window,https://api.carbonmapper.org/api/v1/catalog/asset/l3a-vis-ch4-mfa-v3d/2026/04/24/tan20260424t082511c52s4001-AW/tan20260424t082511c52s4001-AW_l3a-vis-ch4-mfa-v3d_plume.tif,https://api.carbonmapper.org/api/v1/catalog/asset/l3a-vis-ch4-mfa-v3d/2026/04/24/tan20260424t082511c52s4001-AW/tan20260424t082511c52s4001-AW_l3a-vis-ch4-mfa-v3d_plume.png,https://api.carbonmapper.org/api/v1/catalog/asset/l3a-ime-ch4-mfa-v3d/2026/04/24/tan20260424t082511c52s4001-AW/tan20260424t082511c52s4001-AW_l3a-ime-ch4-mfa-v3d_ime-cmf-concentrations.tif,https://api.carbonmapper.org/api/v1/catalog/asset/l3a-vis-ch4-mfa-v3d/2026/04/24/tan20260424t082511c52s4001-AW/tan20260424t082511c52s4001-AW_l3a-vis-ch4-mfa-v3d_rgb.tif,https://api.carbonmapper.org/api/v1/catalog/asset/l3a-vis-ch4-mfa-v3d/2026/04/24/tan20260424t082511c52s4001-AW/tan20260424t082511c52s4001-AW_l3a-vis-ch4-mfa-v3d_rgb.png,/mnt/engg-niulab/yuyao/sensors_raw_data/S2/t0/tan20260424t082511c52s4001-AW/s2.tif,raw,/mnt/engg-niulab/yuyao/sensors_raw_data/S2/product_crops/1baa1c21-e883-44b6-9d72-629738cd928f/tan20260424t082511c52s4001-AW/prev1.tif,raw,/mnt/engg-niulab/yuyao/sensors_raw_data/S2/prev2/tan20260424t082511c52s4001-AW/s2_prev2.tif,raw,/mnt/engg-niulab/yuyao/sensors_raw_data/S2/prev3/tan20260424t082511c52s4001-AW/s2_prev3.tif,raw,/mnt/engg-niulab/yuyao/sensors_raw_data/S2/seasonal/tan20260424t082511c52s4001-AW/s2_-90.tif,raw,/mnt/engg-niulab/yuyao/sensors_raw_data/S2/year/tan20260424t082511c52s4001-AW/s2_-360.tif,raw,1,1,raw+raw+raw+raw+raw+raw,S2A_40SBJ_20260425_0_L2A,https://sentinel-s2-l2a.s3.amazonaws.com/tiles/40/S/BJ/2026/4/25/0/R20m,https://sentinel-cogs.s3.us-west-2.amazonaws.com/sentinel-s2-l2a-cogs/40/S/BJ/2026/4/S2A_40SBJ_20260425_0_L2A,1000,S2A_MSIL2A_20260425T071851_N0512_R106_T40SBJ_20260425T100059.SAFE,,,,stac_exact,,1857.0,0.43045089559745975,S2A_MSIL2A_20260425T071851_N0512_R106_T40SBJ_20260425T100059.SAFE,1845bdb0-fb6d-4269-8188-17d7d0f61a11,S2C_40SBJ_20260423_0_L2A,https://sentinel-s2-l2a.s3.amazonaws.com/tiles/40/S/BJ/2026/4/23/0/R20m,https://sentinel-cogs.s3.us-west-2.amazonaws.com/sentinel-s2-l2a-cogs/40/S/BJ/2026/4/S2C_40SBJ_20260423_0_L2A,1000,S2C_MSIL2A_20260423T070731_N0512_R106_T40SBJ_20260423T104117.SAFE,,,,stac_exact,,1857.0,0.43045089559745975,S2C_MSIL2A_20260423T070731_N0512_R106_T40SBJ_20260423T104117.SAFE,1baa1c21-e883-44b6-9d72-629738cd928f,,,,,,,,,remote_original_strict_pending,no point-covering STAC tiles for tan20260424t082511c52s4001-AW prev2,-1000000.0,1000000.0,S2A_MSIL2A_20260418T072321_N0512_R006_T40SBJ_20260418T104709.SAFE,2320736e-861d-4327-be28-8946d5c2dde5,,,,,,,,,cdse_point_repaired,selected by CDSE crop-region coverage; boundary_distance_m=42261.802,1857.090090363517,0.0,S2B_MSIL2A_20260418T070619_N0512_R106_T39SYD_20260418T102342.SAFE,107adc8f-2222-4962-b73c-9de12a6486d4,S2B_39SYD_20260118_0_L2A,https://sentinel-s2-l2a.s3.amazonaws.com/tiles/39/S/YD/2026/1/18/0/R20m,https://sentinel-cogs.s3.us-west-2.amazonaws.com/sentinel-s2-l2a-cogs/39/S/YD/2026/1/S2B_39SYD_20260118_0_L2A,1000,S2B_MSIL2A_20260118T071129_N0511_R106_T39SYD_20260118T092359.SAFE,,,,stac_exact,,1731.0,0.6907631188805681,S2B_MSIL2A_20260118T071129_N0511_R106_T39SYD_20260118T092359.SAFE,200b9f2a-3e23-404f-8d11-334923a45c85,,,,,,,,,local_exact,,1857.0,0.43045089559745975,S2C_MSIL2A_20250421T071641_N0511_R006_T40SBJ_20250421T105406.SAFE,0bb0ccd3-7065-43bf-9d24-b98fb4c2e650
tan20260506t143530c13s4001-E,2026-05-06T14:35:30+00,-23.45378276022809,-46.91022211807612,"[-46.92731670261214, -23.47131009191324, -46.893454147992585, -23.44024568318486]",S2,2026-05-07T13:12:51.024000Z,aws_mosaic:51fd62a78062b8b2:-46.9_-23.5,S2A_MSIL2A_20260507T131251_N0512_R138_T23KKQ_20260507T224213.SAFE,S2|R138|20260507T1310,/mnt/engg-niulab/yuyao/sensors_raw_data/S2/t0/tan20260506t143530c13s4001-E/s2.tif,/mnt/engg-niulab/yuyao/preprocessed_512/S2/tan20260506t143530c13s4001-E/s2_0_std_512.tif,s2_download_manifest:downloaded;master:target_512_path,available,0,,expected,t0,t0_24h_window,2026-05-05T13:12:41.025000Z,aws_mosaic:b4e9dd61a7779601:-46.9_-23.5,S2C_MSIL2A_20260505T131241_N0512_R138_T23KKQ_20260505T163354.SAFE,S2|R138|20260505T1310,/mnt/engg-niulab/yuyao/sensors_raw_data/S2/prev1/tan20260506t143530c13s4001-E/s2_-7.tif,,s2_download_manifest:downloaded,available,0,,expected,prev1,,2026-04-23T13:22:29.024000Z,aws_mosaic:6866e11471a87527:-46.9_-23.5,S2B_MSIL2A_20260423T132229_N0512_R038_T23KKQ_20260423T153948.SAFE,S2|R038|20260423T1320,/mnt/engg-niulab/yuyao/sensors_raw_data/S2/prev2/tan20260506t143530c13s4001-E/s2_prev2.tif,,s2_download_manifest:downloaded,available,0,,expected,prev2,,2026-04-20T13:12:39.024000Z,aws_mosaic:bb0b16401856a213:-46.9_-23.5,S2B_MSIL2A_20260420T131239_N0512_R138_T23KKQ_20260420T150139.SAFE,S2|R138|20260420T1310,/mnt/engg-niulab/yuyao/sensors_raw_data/S2/prev3/tan20260506t143530c13s4001-E/s2_prev3.tif,,s2_download_manifest:downloaded,available,0,,expected,prev3,,2026-01-10T13:12:39.024000Z,aws_mosaic:964dd3dc33952362:-46.9_-23.5,S2B_MSIL2A_20260110T131239_N0511_R138_T23KKQ_20260110T163330.SAFE,S2|R138|20260110T1310,/mnt/engg-niulab/yuyao/sensors_raw_data/S2/seasonal/tan20260506t143530c13s4001-E/s2_-90.tif,/mnt/engg-niulab/yuyao/preprocessed_512/S2/tan20260506t143530c13s4001-E/s2_-90_std_512.tif,master:downloaded_path;master:target_512_path,available,0,,expected,,legacy_minus90_window,2025-05-05T13:12:49.024000Z,aws_mosaic:372fa92d4248183c:-46.9_-23.5,S2B_MSIL2A_20250505T131249_N0511_R138_T23KKQ_20250505T164152.SAFE,S2|R138|20250505T1310,/mnt/engg-niulab/yuyao/sensors_raw_data/S2/year/tan20260506t143530c13s4001-E/s2_-360.tif,/mnt/engg-niulab/yuyao/preprocessed_512/S2/tan20260506t143530c13s4001-E/s2_-360_std_512.tif,master:downloaded_path;master:target_512_path,available,0,,expected,,legacy_minus360_window,https://api.carbonmapper.org/api/v1/catalog/asset/l3a-vis-ch4-mfa-v3d/2026/05/06/tan20260506t143530c13s4001-E/tan20260506t143530c13s4001-E_l3a-vis-ch4-mfa-v3d_plume.tif,https://api.carbonmapper.org/api/v1/catalog/asset/l3a-vis-ch4-mfa-v3d/2026/05/06/tan20260506t143530c13s4001-E/tan20260506t143530c13s4001-E_l3a-vis-ch4-mfa-v3d_plume.png,https://api.carbonmapper.org/api/v1/catalog/asset/l3a-ime-ch4-mfa-v3d/2026/05/06/tan20260506t143530c13s4001-E/tan20260506t143530c13s4001-E_l3a-ime-ch4-mfa-v3d_ime-cmf-concentrations.tif,https://api.carbonmapper.org/api/v1/catalog/asset/l3a-vis-ch4-mfa-v3d/2026/05/06/tan20260506t143530c13s4001-E/tan20260506t143530c13s4001-E_l3a-vis-ch4-mfa-v3d_rgb.tif,https://api.carbonmapper.org/api/v1/catalog/asset/l3a-vis-ch4-mfa-v3d/2026/05/06/tan20260506t143530c13s4001-E/tan20260506t143530c13s4001-E_l3a-vis-ch4-mfa-v3d_rgb.png,/mnt/engg-niulab/yuyao/sensors_raw_data/S2/t0/tan20260506t143530c13s4001-E/s2.tif,raw,/mnt/engg-niulab/yuyao/sensors_raw_data/S2/prev1/tan20260506t143530c13s4001-E/s2_-7.tif,raw,/mnt/engg-niulab/yuyao/sensors_raw_data/S2/prev2/tan20260506t143530c13s4001-E/s2_prev2.tif,raw,/mnt/engg-niulab/yuyao/sensors_raw_data/S2/prev3/tan20260506t143530c13s4001-E/s2_prev3.tif,raw,/mnt/engg-niulab/yuyao/sensors_raw_data/S2/seasonal/tan20260506t143530c13s4001-E/s2_-90.tif,raw,/mnt/engg-niulab/yuyao/sensors_raw_data/S2/year/tan20260506t143530c13s4001-E/s2_-360.tif,raw,1,1,raw+raw+raw+raw+raw+raw,S2A_23KKQ_20260507_0_L2A,https://sentinel-s2-l2a.s3.amazonaws.com/tiles/23/K/KQ/2026/5/7/0/R20m,https://sentinel-cogs.s3.us-west-2.amazonaws.com/sentinel-s2-l2a-cogs/23/K/KQ/2026/5/S2A_23KKQ_20260507_0_L2A,1000,S2A_MSIL2A_20260507T131251_N0512_R138_T23KKQ_20260507T224213.SAFE,"[{""stac_item_id"":""S2A_23KKQ_20260507_0_L2A"",""stac_base_url"":""https://sentinel-s2-l2a.s3.amazonaws.com/tiles/23/K/KQ/2026/5/7/0/R20m"",""stac_cog_base_url"":""https://sentinel-cogs.s3.us-west-2.amazonaws.com/sentinel-s2-l2a-cogs/23/K/KQ/2026/5/S2A_23KKQ_20260507_0_L2A"",""stac_dn_add"":""1000"",""stac_source_product_name"":""S2A_MSIL2A_20260507T131251_N0512_R138_T23KKQ_20260507T224213.SAFE""},{""stac_item_id"":""S2A_23KLQ_20260507_0_L2A"",""stac_base_url"":""https://sentinel-s2-l2a.s3.amazonaws.com/tiles/23/K/LQ/2026/5/7/0/R20m"",""stac_cog_base_url"":""https://sentinel-cogs.s3.us-west-2.amazonaws.com/sentinel-s2-l2a-cogs/23/K/LQ/2026/5/S2A_23KLQ_20260507_0_L2A"",""stac_dn_add"":""1000"",""stac_source_product_name"":""S2A_MSIL2A_20260507T131251_N0512_R138_T23KLQ_20260507T224213.SAFE""}]",,,stac_mosaic_repaired,,-10.0,0.6577984639716306,S2A_MSIL2A_20260507T131251_N0512_R138_T23KKQ_20260507T224213.SAFE,4afc044e-4f71-445a-a047-dec125959c91,S2C_23KKQ_20260505_0_L2A,https://sentinel-s2-l2a.s3.amazonaws.com/tiles/23/K/KQ/2026/5/5/0/R20m,https://sentinel-cogs.s3.us-west-2.amazonaws.com/sentinel-s2-l2a-cogs/23/K/KQ/2026/5/S2C_23KKQ_20260505_0_L2A,1000,S2C_MSIL2A_20260505T131241_N0512_R138_T23KKQ_20260505T163354.SAFE,"[{""stac_item_id"":""S2C_23KKQ_20260505_0_L2A"",""stac_base_url"":""https://sentinel-s2-l2a.s3.amazonaws.com/tiles/23/K/KQ/2026/5/5/0/R20m"",""stac_cog_base_url"":""https://sentinel-cogs.s3.us-west-2.amazonaws.com/sentinel-s2-l2a-cogs/23/K/KQ/2026/5/S2C_23KKQ_20260505_0_L2A"",""stac_dn_add"":""1000"",""stac_source_product_name"":""S2C_MSIL2A_20260505T131241_N0512_R138_T23KKQ_20260505T163354.SAFE""},{""stac_item_id"":""S2C_23KLQ_20260505_0_L2A"",""stac_base_url"":""https://sentinel-s2-l2a.s3.amazonaws.com/tiles/23/K/LQ/2026/5/5/0/R20m"",""stac_cog_base_url"":""https://sentinel-cogs.s3.us-west-2.amazonaws.com/sentinel-s2-l2a-cogs/23/K/LQ/2026/5/S2C_23KLQ_20260505_0_L2A"",""stac_dn_add"":""1000"",""stac_source_product_name"":""S2C_MSIL2A_20260505T131241_N0512_R138_T23KLQ_20260505T163354.SAFE""}]",,,stac_mosaic_repaired,,-10.0,0.6577984639716306,S2C_MSIL2A_20260505T131241_N0512_R138_T23KKQ_20260505T163354.SAFE,62619cc4-b69c-4c12-96c0-9cc411d3bc80,S2B_23KKQ_20260423_0_L2A,https://sentinel-s2-l2a.s3.amazonaws.com/tiles/23/K/KQ/2026/4/23/0/R20m,https://sentinel-cogs.s3.us-west-2.amazonaws.com/sentinel-s2-l2a-cogs/23/K/KQ/2026/4/S2B_23KKQ_20260423_0_L2A,1000,S2B_MSIL2A_20260423T132229_N0512_R038_T23KKQ_20260423T153948.SAFE,"[{""stac_item_id"":""S2B_23KKQ_20260423_0_L2A"",""stac_base_url"":""https://sentinel-s2-l2a.s3.amazonaws.com/tiles/23/K/KQ/2026/4/23/0/R20m"",""stac_cog_base_url"":""https://sentinel-cogs.s3.us-west-2.amazonaws.com/sentinel-s2-l2a-cogs/23/K/KQ/2026/4/S2B_23KKQ_20260423_0_L2A"",""stac_dn_add"":""1000"",""stac_source_product_name"":""S2B_MSIL2A_20260423T132229_N0512_R038_T23KKQ_20260423T153948.SAFE""},{""stac_item_id"":""S2B_23KLQ_20260423_0_L2A"",""stac_base_url"":""https://sentinel-s2-l2a.s3.amazonaws.com/tiles/23/K/LQ/2026/4/23/0/R20m"",""stac_cog_base_url"":""https://sentinel-cogs.s3.us-west-2.amazonaws.com/sentinel-s2-l2a-cogs/23/K/LQ/2026/4/S2B_23KLQ_20260423_0_L2A"",""stac_dn_add"":""1000"",""stac_source_product_name"":""S2B_MSIL2A_20260423T132229_N0512_R038_T23KLQ_20260423T153948.SAFE""}]",,,stac_mosaic_repaired,,-10.0,0.6577984639716306,S2B_MSIL2A_20260423T132229_N0512_R038_T23KLQ_20260423T153948.SAFE,78e6b175-e39b-4dcd-8349-3ffe4a89f1ef,S2B_23KKQ_20260420_0_L2A,https://sentinel-s2-l2a.s3.amazonaws.com/tiles/23/K/KQ/2026/4/20/0/R20m,https://sentinel-cogs.s3.us-west-2.amazonaws.com/sentinel-s2-l2a-cogs/23/K/KQ/2026/4/S2B_23KKQ_20260420_0_L2A,1000,S2B_MSIL2A_20260420T131239_N0512_R138_T23KKQ_20260420T150139.SAFE,"[{""stac_item_id"":""S2B_23KKQ_20260420_0_L2A"",""stac_base_url"":""https://sentinel-s2-l2a.s3.amazonaws.com/tiles/23/K/KQ/2026/4/20/0/R20m"",""stac_cog_base_url"":""https://sentinel-cogs.s3.us-west-2.amazonaws.com/sentinel-s2-l2a-cogs/23/K/KQ/2026/4/S2B_23KKQ_20260420_0_L2A"",""stac_dn_add"":""1000"",""stac_source_product_name"":""S2B_MSIL2A_20260420T131239_N0512_R138_T23KKQ_20260420T150139.SAFE""},{""stac_item_id"":""S2B_23KLQ_20260420_0_L2A"",""stac_base_url"":""https://sentinel-s2-l2a.s3.amazonaws.com/tiles/23/K/LQ/2026/4/20/0/R20m"",""stac_cog_base_url"":""https://sentinel-cogs.s3.us-west-2.amazonaws.com/sentinel-s2-l2a-cogs/23/K/LQ/2026/4/S2B_23KLQ_20260420_0_L2A"",""stac_dn_add"":""1000"",""stac_source_product_name"":""S2B_MSIL2A_20260420T131239_N0512_R138_T23KLQ_20260420T150139.SAFE""}]",,,stac_mosaic_repaired,,-10.0,0.6577984639716306,S2B_MSIL2A_20260420T131239_N0512_R138_T23KLQ_20260420T150139.SAFE,68ad461c-db7c-4e60-8991-7801cd4c8803,S2B_23KKQ_20260110_0_L2A,https://sentinel-s2-l2a.s3.amazonaws.com/tiles/23/K/KQ/2026/1/10/0/R20m,https://sentinel-cogs.s3.us-west-2.amazonaws.com/sentinel-s2-l2a-cogs/23/K/KQ/2026/1/S2B_23KKQ_20260110_0_L2A,1000,S2B_MSIL2A_20260110T131239_N0511_R138_T23KKQ_20260110T163330.SAFE,"[{""stac_item_id"":""S2B_23KKQ_20260110_0_L2A"",""stac_base_url"":""https://sentinel-s2-l2a.s3.amazonaws.com/tiles/23/K/KQ/2026/1/10/0/R20m"",""stac_cog_base_url"":""https://sentinel-cogs.s3.us-west-2.amazonaws.com/sentinel-s2-l2a-cogs/23/K/KQ/2026/1/S2B_23KKQ_20260110_0_L2A"",""stac_dn_add"":""1000"",""stac_source_product_name"":""S2B_MSIL2A_20260110T131239_N0511_R138_T23KKQ_20260110T163330.SAFE""},{""stac_item_id"":""S2B_23KLQ_20260110_0_L2A"",""stac_base_url"":""https://sentinel-s2-l2a.s3.amazonaws.com/tiles/23/K/LQ/2026/1/10/0/R20m"",""stac_cog_base_url"":""https://sentinel-cogs.s3.us-west-2.amazonaws.com/sentinel-s2-l2a-cogs/23/K/LQ/2026/1/S2B_23KLQ_20260110_0_L2A"",""stac_dn_add"":""1000"",""stac_source_product_name"":""S2B_MSIL2A_20260110T131239_N0511_R138_T23KLQ_20260110T163330.SAFE""}]",,,stac_mosaic_repaired,,-10.0,0.6577984639716306,S2B_MSIL2A_20260110T131239_N0511_R138_T23KKQ_20260110T163330.SAFE,a45b0614-bd05-4aeb-a004-dcd654415d5e,S2B_23KKQ_20250505_0_L2A,https://sentinel-s2-l2a.s3.amazonaws.com/tiles/23/K/KQ/2025/5/5/0/R20m,https://sentinel-cogs.s3.us-west-2.amazonaws.com/sentinel-s2-l2a-cogs/23/K/KQ/2025/5/S2B_23KKQ_20250505_0_L2A,1000,S2B_MSIL2A_20250505T131249_N0511_R138_T23KKQ_20250505T164152.SAFE,"[{""stac_item_id"":""S2B_23KKQ_20250505_0_L2A"",""stac_base_url"":""https://sentinel-s2-l2a.s3.amazonaws.com/tiles/23/K/KQ/2025/5/5/0/R20m"",""stac_cog_base_url"":""https://sentinel-cogs.s3.us-west-2.amazonaws.com/sentinel-s2-l2a-cogs/23/K/KQ/2025/5/S2B_23KKQ_20250505_0_L2A"",""stac_dn_add"":""1000"",""stac_source_product_name"":""S2B_MSIL2A_20250505T131249_N0511_R138_T23KKQ_20250505T164152.SAFE""},{""stac_item_id"":""S2B_23KLQ_20250505_0_L2A"",""stac_base_url"":""https://sentinel-s2-l2a.s3.amazonaws.com/tiles/23/K/LQ/2025/5/5/0/R20m"",""stac_cog_base_url"":""https://sentinel-cogs.s3.us-west-2.amazonaws.com/sentinel-s2-l2a-cogs/23/K/LQ/2025/5/S2B_23KLQ_20250505_0_L2A"",""stac_dn_add"":""1000"",""stac_source_product_name"":""S2B_MSIL2A_20250505T131249_N0511_R138_T23KLQ_20250505T164152.SAFE""}]",,,stac_mosaic_repaired,,-10.0,0.6577984639716306,S2B_MSIL2A_20250505T131249_N0511_R138_T23KLQ_20250505T164152.SAFE,e96b7a1d-0d1f-4a78-897e-d3b59f870b70
