/home/yuyao/panopticon/dinov2/layers/swiglu_ffn.py:45: UserWarning: xFormers is disabled (SwiGLU)
  warnings.warn("xFormers is disabled (SwiGLU)")
/home/yuyao/panopticon/dinov2/layers/swiglu_ffn.py:51: UserWarning: xFormers is not available (SwiGLU)
  warnings.warn("xFormers is not available (SwiGLU)")
/home/yuyao/panopticon/dinov2/layers/attention.py:30: UserWarning: xFormers is disabled (Attention)
  warnings.warn("xFormers is disabled (Attention)")
/home/yuyao/panopticon/dinov2/layers/attention.py:34: UserWarning: xFormers is not available (Attention)
  warnings.warn("xFormers is not available (Attention)")
/home/yuyao/panopticon/dinov2/layers/block.py:35: UserWarning: xFormers is disabled (Block)
  warnings.warn("xFormers is disabled (Block)")
/home/yuyao/panopticon/dinov2/layers/block.py:40: UserWarning: xFormers is not available (Block)
  warnings.warn("xFormers is not available (Block)")
[Cache] Enabled local cache dir=/diniuvol/yuyao/local_train_temp_cache (min_free_gb=200.00)
[Cache] Warmup disabled; cache will populate lazily on first file access.
/home/yuyao/panopticon/universal_models_fusion/multi_sensor_panopticon_4_overall_boost.py:768: UserWarning: Wide-table uses EMIT columns; mapping emit_*_path to sensor key 'wv3' for this script.
  self._validate_sensor_column()
/home/yuyao/panopticon/universal_models_fusion/multi_sensor_panopticon_4_overall_boost.py:768: UserWarning: Wide-table uses EMIT columns; mapping emit_*_path to sensor key 'wv3' for this script.
  self._validate_sensor_column()
Checkpoints will be saved under: /transferdiniu2/yuyao/checkpoints/multi_sensor_overall/ovb_singlew_ctrl_all1
wandb: Currently logged in as: yuyao16 (yuyao16-university-of-alberta) to https://api.wandb.ai. Use `wandb login --relogin` to force relogin
wandb: setting up run a0eybi36
wandb: Tracking run with wandb version 0.23.1
wandb: Run data is saved locally in /home/yuyao/panopticon/wandb/run-20260401_172217-a0eybi36
wandb: Run `wandb offline` to turn off syncing.
wandb: Syncing run ovb_singlew_ctrl_all1
wandb: ⭐️ View project at https://wandb.ai/yuyao16-university-of-alberta/baselines
wandb: 🚀 View run at https://wandb.ai/yuyao16-university-of-alberta/baselines/runs/a0eybi36
Using device=cuda:0, train_samples=135175, test_samples=33657, sensors=['s2', 'l89', 's5p', 'wv3'], train_backbone=True, fusion=masked_attention_pooling, sensor_aux_loss_weight=0.300, row_gate=1, non_overlap_kd_weight=0.000, gate_supervision_weight=0.020, single_fused_ce_weight=0.500, single_sensor_weights=s2:1.00,l89:1.00,s5p:1.00,wv3:1.00
[Cache][Warn] Low free space (97.70 GB) under /diniuvol/yuyao/local_train_temp_cache; falling back to remote reads.
[Cache][Warn] Low free space (97.70 GB) under /diniuvol/yuyao/local_train_temp_cache; falling back to remote reads.
[Cache][Warn] Low free space (97.70 GB) under /diniuvol/yuyao/local_train_temp_cache; falling back to remote reads.
[Cache][Warn] Low free space (97.70 GB) under /diniuvol/yuyao/local_train_temp_cache; falling back to remote reads.
[Cache][Warn] Low free space (97.70 GB) under /diniuvol/yuyao/local_train_temp_cache; falling back to remote reads.
[Cache][Warn] Low free space (97.70 GB) under /diniuvol/yuyao/local_train_temp_cache; falling back to remote reads.
[Cache][Warn] Low free space (97.70 GB) under /diniuvol/yuyao/local_train_temp_cache; falling back to remote reads.
[Cache][Warn] Low free space (97.70 GB) under /diniuvol/yuyao/local_train_temp_cache; falling back to remote reads.
Epoch 1 step 50/4225 train_loss=1.9997 train_acc=0.5281 fused_loss=0.6876 sensor_aux_loss=3.1820 kd_loss=0.0000 gate_loss=0.7289 single_fused_ce_loss=0.6701 single_weight_mean=1.0000 gate_mean=0.5210 s2_loss=0.9164 l89_loss=0.8036 s5p_loss=0.7326 wv3_loss=0.7294
Epoch 1 step 100/4225 train_loss=1.9866 train_acc=0.5375 fused_loss=0.6996 sensor_aux_loss=3.0035 kd_loss=0.0000 gate_loss=0.7207 single_fused_ce_loss=0.7581 single_weight_mean=1.0000 gate_mean=0.5229 s2_loss=0.8087 l89_loss=0.7568 s5p_loss=0.7498 wv3_loss=0.6881
Epoch 1 step 150/4225 train_loss=1.9832 train_acc=0.5398 fused_loss=0.6748 sensor_aux_loss=3.0420 kd_loss=0.0000 gate_loss=0.7195 single_fused_ce_loss=0.6712 single_weight_mean=1.0000 gate_mean=0.5269 s2_loss=0.9188 l89_loss=0.7231 s5p_loss=0.7027 wv3_loss=0.6974
Epoch 1 step 200/4225 train_loss=1.9801 train_acc=0.5383 fused_loss=0.7128 sensor_aux_loss=2.7552 kd_loss=0.0000 gate_loss=0.6959 single_fused_ce_loss=0.9167 single_weight_mean=1.0000 gate_mean=0.5190 s2_loss=0.7438 l89_loss=0.6609 s5p_loss=0.6386 wv3_loss=0.7119
Epoch 1 step 250/4225 train_loss=1.9765 train_acc=0.5391 fused_loss=0.7221 sensor_aux_loss=2.9235 kd_loss=0.0000 gate_loss=0.7113 single_fused_ce_loss=0.8155 single_weight_mean=1.0000 gate_mean=0.5254 s2_loss=0.7392 l89_loss=0.8676 s5p_loss=0.6697 wv3_loss=0.6470
Epoch 1 step 300/4225 train_loss=1.9753 train_acc=0.5397 fused_loss=0.6937 sensor_aux_loss=2.8405 kd_loss=0.0000 gate_loss=0.7077 single_fused_ce_loss=0.8084 single_weight_mean=1.0000 gate_mean=0.5122 s2_loss=0.7083 l89_loss=0.6877 s5p_loss=0.7872 wv3_loss=0.6572
Epoch 1 step 350/4225 train_loss=1.9691 train_acc=0.5437 fused_loss=0.6692 sensor_aux_loss=2.8907 kd_loss=0.0000 gate_loss=0.6906 single_fused_ce_loss=0.5916 single_weight_mean=1.0000 gate_mean=0.5054 s2_loss=0.9000 l89_loss=0.7105 s5p_loss=0.6221 wv3_loss=0.6581
Epoch 1 step 400/4225 train_loss=1.9611 train_acc=0.5478 fused_loss=0.6304 sensor_aux_loss=2.8054 kd_loss=0.0000 gate_loss=0.7094 single_fused_ce_loss=0.6471 single_weight_mean=1.0000 gate_mean=0.5161 s2_loss=0.8962 l89_loss=0.6098 s5p_loss=0.6062 wv3_loss=0.6932
Epoch 1 step 450/4225 train_loss=1.9531 train_acc=0.5515 fused_loss=0.6537 sensor_aux_loss=2.8316 kd_loss=0.0000 gate_loss=0.6821 single_fused_ce_loss=0.6614 single_weight_mean=1.0000 gate_mean=0.5107 s2_loss=0.8509 l89_loss=0.6342 s5p_loss=0.7425 wv3_loss=0.6039
Epoch 1 step 500/4225 train_loss=1.9475 train_acc=0.5540 fused_loss=0.7006 sensor_aux_loss=2.7559 kd_loss=0.0000 gate_loss=0.7161 single_fused_ce_loss=0.7972 single_weight_mean=1.0000 gate_mean=0.5093 s2_loss=0.7330 l89_loss=0.5839 s5p_loss=0.6634 wv3_loss=0.7756
Epoch 1 step 550/4225 train_loss=1.9401 train_acc=0.5567 fused_loss=0.6945 sensor_aux_loss=2.7843 kd_loss=0.0000 gate_loss=0.7088 single_fused_ce_loss=0.7241 single_weight_mean=1.0000 gate_mean=0.5098 s2_loss=0.7119 l89_loss=0.6378 s5p_loss=0.7320 wv3_loss=0.7026
Epoch 1 step 600/4225 train_loss=1.9334 train_acc=0.5581 fused_loss=0.6264 sensor_aux_loss=2.7309 kd_loss=0.0000 gate_loss=0.6880 single_fused_ce_loss=0.5603 single_weight_mean=1.0000 gate_mean=0.4915 s2_loss=0.7530 l89_loss=0.5653 s5p_loss=0.7358 wv3_loss=0.6769
Epoch 1 step 650/4225 train_loss=1.9277 train_acc=0.5607 fused_loss=0.7360 sensor_aux_loss=2.7913 kd_loss=0.0000 gate_loss=0.6681 single_fused_ce_loss=0.8315 single_weight_mean=1.0000 gate_mean=0.4915 s2_loss=0.6242 l89_loss=0.6821 s5p_loss=0.7321 wv3_loss=0.7528
Epoch 1 step 700/4225 train_loss=1.9232 train_acc=0.5616 fused_loss=0.7110 sensor_aux_loss=2.8916 kd_loss=0.0000 gate_loss=0.6838 single_fused_ce_loss=0.8065 single_weight_mean=1.0000 gate_mean=0.4954 s2_loss=0.7075 l89_loss=0.7872 s5p_loss=0.7132 wv3_loss=0.6837
Epoch 1 step 750/4225 train_loss=1.9160 train_acc=0.5646 fused_loss=0.6817 sensor_aux_loss=2.7911 kd_loss=0.0000 gate_loss=0.6623 single_fused_ce_loss=0.6562 single_weight_mean=1.0000 gate_mean=0.4727 s2_loss=0.8169 l89_loss=0.6477 s5p_loss=0.6849 wv3_loss=0.6416
Epoch 1 step 800/4225 train_loss=1.9111 train_acc=0.5664 fused_loss=0.6336 sensor_aux_loss=2.6708 kd_loss=0.0000 gate_loss=0.6541 single_fused_ce_loss=0.5871 single_weight_mean=1.0000 gate_mean=0.4712 s2_loss=0.8604 l89_loss=0.6684 s5p_loss=0.4889 wv3_loss=0.6531
Epoch 1 step 850/4225 train_loss=1.9045 train_acc=0.5691 fused_loss=0.5855 sensor_aux_loss=2.0469 kd_loss=0.0000 gate_loss=0.6651 single_fused_ce_loss=0.6496 single_weight_mean=1.0000 gate_mean=0.4795 s2_loss=0.6503 l89_loss=0.5364 s5p_loss=0.3774 wv3_loss=0.4828
Epoch 1 step 900/4225 train_loss=1.8983 train_acc=0.5726 fused_loss=0.6779 sensor_aux_loss=2.6902 kd_loss=0.0000 gate_loss=0.6599 single_fused_ce_loss=0.7221 single_weight_mean=1.0000 gate_mean=0.4731 s2_loss=0.7101 l89_loss=0.6038 s5p_loss=0.7186 wv3_loss=0.6577
Epoch 1 step 950/4225 train_loss=1.8927 train_acc=0.5762 fused_loss=0.6261 sensor_aux_loss=2.5974 kd_loss=0.0000 gate_loss=0.6730 single_fused_ce_loss=0.5822 single_weight_mean=1.0000 gate_mean=0.4817 s2_loss=0.7353 l89_loss=0.8631 s5p_loss=0.4530 wv3_loss=0.5461
Epoch 1 step 1000/4225 train_loss=1.8863 train_acc=0.5788 fused_loss=0.6574 sensor_aux_loss=2.6457 kd_loss=0.0000 gate_loss=0.6527 single_fused_ce_loss=0.6814 single_weight_mean=1.0000 gate_mean=0.4717 s2_loss=0.6902 l89_loss=0.6378 s5p_loss=0.7248 wv3_loss=0.5929
Epoch 1 step 1050/4225 train_loss=1.8806 train_acc=0.5822 fused_loss=0.6029 sensor_aux_loss=2.6128 kd_loss=0.0000 gate_loss=0.6644 single_fused_ce_loss=0.6082 single_weight_mean=1.0000 gate_mean=0.4631 s2_loss=0.7684 l89_loss=0.5515 s5p_loss=0.6963 wv3_loss=0.5965
Epoch 1 step 1100/4225 train_loss=1.8746 train_acc=0.5857 fused_loss=0.6025 sensor_aux_loss=2.3562 kd_loss=0.0000 gate_loss=0.6608 single_fused_ce_loss=0.6019 single_weight_mean=1.0000 gate_mean=0.4678 s2_loss=0.7719 l89_loss=0.5714 s5p_loss=0.3649 wv3_loss=0.6481
Epoch 1 step 1150/4225 train_loss=1.8699 train_acc=0.5881 fused_loss=0.6325 sensor_aux_loss=2.5237 kd_loss=0.0000 gate_loss=0.6680 single_fused_ce_loss=0.6366 single_weight_mean=1.0000 gate_mean=0.4648 s2_loss=0.7504 l89_loss=0.5104 s5p_loss=0.6475 wv3_loss=0.6154
Epoch 1 step 1200/4225 train_loss=1.8653 train_acc=0.5906 fused_loss=0.6166 sensor_aux_loss=2.5112 kd_loss=0.0000 gate_loss=0.6233 single_fused_ce_loss=0.7106 single_weight_mean=1.0000 gate_mean=0.4414 s2_loss=0.6059 l89_loss=0.5148 s5p_loss=0.7307 wv3_loss=0.6598
Epoch 1 step 1250/4225 train_loss=1.8594 train_acc=0.5938 fused_loss=0.6416 sensor_aux_loss=2.5236 kd_loss=0.0000 gate_loss=0.6807 single_fused_ce_loss=0.6912 single_weight_mean=1.0000 gate_mean=0.4426 s2_loss=0.6191 l89_loss=0.7014 s5p_loss=0.5963 wv3_loss=0.6069
Epoch 1 step 1300/4225 train_loss=1.8538 train_acc=0.5974 fused_loss=0.7035 sensor_aux_loss=2.8801 kd_loss=0.0000 gate_loss=0.6225 single_fused_ce_loss=0.7523 single_weight_mean=1.0000 gate_mean=0.4421 s2_loss=0.6786 l89_loss=0.8644 s5p_loss=0.7084 wv3_loss=0.6287
Epoch 1 step 1350/4225 train_loss=1.8487 train_acc=0.5999 fused_loss=0.5937 sensor_aux_loss=2.7573 kd_loss=0.0000 gate_loss=0.6379 single_fused_ce_loss=0.5382 single_weight_mean=1.0000 gate_mean=0.4290 s2_loss=0.7361 l89_loss=0.5496 s5p_loss=0.7395 wv3_loss=0.7320
Epoch 1 step 1400/4225 train_loss=1.8435 train_acc=0.6032 fused_loss=0.6067 sensor_aux_loss=2.8903 kd_loss=0.0000 gate_loss=0.6404 single_fused_ce_loss=0.6277 single_weight_mean=1.0000 gate_mean=0.4175 s2_loss=0.6573 l89_loss=0.5111 s5p_loss=0.6508 wv3_loss=1.0711
Epoch 1 step 1450/4225 train_loss=1.8396 train_acc=0.6056 fused_loss=0.6051 sensor_aux_loss=2.5942 kd_loss=0.0000 gate_loss=0.7176 single_fused_ce_loss=0.5921 single_weight_mean=1.0000 gate_mean=0.4363 s2_loss=0.6800 l89_loss=0.5830 s5p_loss=0.6236 wv3_loss=0.7075
Epoch 1 step 1500/4225 train_loss=1.8339 train_acc=0.6089 fused_loss=0.5896 sensor_aux_loss=2.4095 kd_loss=0.0000 gate_loss=0.6083 single_fused_ce_loss=0.5388 single_weight_mean=1.0000 gate_mean=0.3994 s2_loss=0.6886 l89_loss=0.6204 s5p_loss=0.6229 wv3_loss=0.4776
Epoch 1 step 1550/4225 train_loss=1.8289 train_acc=0.6112 fused_loss=0.6532 sensor_aux_loss=2.5144 kd_loss=0.0000 gate_loss=0.6144 single_fused_ce_loss=0.7133 single_weight_mean=1.0000 gate_mean=0.4143 s2_loss=0.7188 l89_loss=0.4710 s5p_loss=0.6413 wv3_loss=0.6833
Epoch 1 step 1600/4225 train_loss=1.8244 train_acc=0.6137 fused_loss=0.6177 sensor_aux_loss=2.5100 kd_loss=0.0000 gate_loss=0.6581 single_fused_ce_loss=0.6171 single_weight_mean=1.0000 gate_mean=0.3962 s2_loss=0.7185 l89_loss=0.6313 s5p_loss=0.6094 wv3_loss=0.5508
Epoch 1 step 1650/4225 train_loss=1.8201 train_acc=0.6160 fused_loss=0.6801 sensor_aux_loss=2.8917 kd_loss=0.0000 gate_loss=0.6780 single_fused_ce_loss=0.6471 single_weight_mean=1.0000 gate_mean=0.4109 s2_loss=0.6461 l89_loss=0.6861 s5p_loss=0.7867 wv3_loss=0.7728
Epoch 1 step 1700/4225 train_loss=1.8152 train_acc=0.6191 fused_loss=0.6494 sensor_aux_loss=2.7076 kd_loss=0.0000 gate_loss=0.5954 single_fused_ce_loss=0.7066 single_weight_mean=1.0000 gate_mean=0.3894 s2_loss=0.6435 l89_loss=0.6089 s5p_loss=0.9591 wv3_loss=0.4960
Epoch 1 step 1750/4225 train_loss=1.8104 train_acc=0.6221 fused_loss=0.5525 sensor_aux_loss=2.3025 kd_loss=0.0000 gate_loss=0.6385 single_fused_ce_loss=0.5684 single_weight_mean=1.0000 gate_mean=0.3735 s2_loss=0.5916 l89_loss=0.5434 s5p_loss=0.6190 wv3_loss=0.5486
Epoch 1 step 1800/4225 train_loss=1.8053 train_acc=0.6250 fused_loss=0.5769 sensor_aux_loss=2.4081 kd_loss=0.0000 gate_loss=0.5370 single_fused_ce_loss=0.6015 single_weight_mean=1.0000 gate_mean=0.3340 s2_loss=0.6397 l89_loss=0.6721 s5p_loss=0.5969 wv3_loss=0.4995
Epoch 1 step 1850/4225 train_loss=1.8018 train_acc=0.6271 fused_loss=0.6521 sensor_aux_loss=2.6649 kd_loss=0.0000 gate_loss=0.5164 single_fused_ce_loss=0.6774 single_weight_mean=1.0000 gate_mean=0.3521 s2_loss=0.6777 l89_loss=0.6426 s5p_loss=0.6954 wv3_loss=0.6491
Epoch 1 step 1900/4225 train_loss=1.7972 train_acc=0.6297 fused_loss=0.5675 sensor_aux_loss=2.2605 kd_loss=0.0000 gate_loss=0.5199 single_fused_ce_loss=0.6117 single_weight_mean=1.0000 gate_mean=0.3406 s2_loss=0.6561 l89_loss=0.5265 s5p_loss=0.5016 wv3_loss=0.5762
Epoch 1 step 1950/4225 train_loss=1.7927 train_acc=0.6318 fused_loss=0.6065 sensor_aux_loss=2.4379 kd_loss=0.0000 gate_loss=0.6520 single_fused_ce_loss=0.6977 single_weight_mean=1.0000 gate_mean=0.3499 s2_loss=0.6189 l89_loss=0.5234 s5p_loss=0.6427 wv3_loss=0.6530
Epoch 1 step 2000/4225 train_loss=1.7890 train_acc=0.6342 fused_loss=0.6052 sensor_aux_loss=2.5940 kd_loss=0.0000 gate_loss=0.4697 single_fused_ce_loss=0.6336 single_weight_mean=1.0000 gate_mean=0.3281 s2_loss=0.6708 l89_loss=0.5569 s5p_loss=0.7862 wv3_loss=0.5800
Epoch 1 step 2050/4225 train_loss=1.7848 train_acc=0.6365 fused_loss=0.4794 sensor_aux_loss=2.2213 kd_loss=0.0000 gate_loss=0.5779 single_fused_ce_loss=0.4693 single_weight_mean=1.0000 gate_mean=0.3433 s2_loss=0.6262 l89_loss=0.4391 s5p_loss=0.6368 wv3_loss=0.5192
Epoch 1 step 2100/4225 train_loss=1.7817 train_acc=0.6385 fused_loss=0.5938 sensor_aux_loss=2.4145 kd_loss=0.0000 gate_loss=0.5918 single_fused_ce_loss=0.6104 single_weight_mean=1.0000 gate_mean=0.3167 s2_loss=0.6987 l89_loss=0.5447 s5p_loss=0.6445 wv3_loss=0.5266
Epoch 1 step 2150/4225 train_loss=1.7779 train_acc=0.6407 fused_loss=0.5460 sensor_aux_loss=2.3159 kd_loss=0.0000 gate_loss=0.6033 single_fused_ce_loss=0.6309 single_weight_mean=1.0000 gate_mean=0.3125 s2_loss=0.5828 l89_loss=0.4961 s5p_loss=0.6628 wv3_loss=0.5742
Epoch 1 step 2200/4225 train_loss=1.7743 train_acc=0.6424 fused_loss=0.5675 sensor_aux_loss=2.2351 kd_loss=0.0000 gate_loss=0.4907 single_fused_ce_loss=0.5730 single_weight_mean=1.0000 gate_mean=0.2910 s2_loss=0.6840 l89_loss=0.4905 s5p_loss=0.5056 wv3_loss=0.5550
Epoch 1 step 2250/4225 train_loss=1.7708 train_acc=0.6439 fused_loss=0.5346 sensor_aux_loss=2.1444 kd_loss=0.0000 gate_loss=0.4146 single_fused_ce_loss=0.5163 single_weight_mean=1.0000 gate_mean=0.2627 s2_loss=0.6001 l89_loss=0.5043 s5p_loss=0.5424 wv3_loss=0.4976
Epoch 1 step 2300/4225 train_loss=1.7668 train_acc=0.6459 fused_loss=0.5953 sensor_aux_loss=2.5142 kd_loss=0.0000 gate_loss=0.5976 single_fused_ce_loss=0.6012 single_weight_mean=1.0000 gate_mean=0.2654 s2_loss=0.5675 l89_loss=0.6710 s5p_loss=0.6178 wv3_loss=0.6579
Epoch 1 step 2350/4225 train_loss=1.7630 train_acc=0.6477 fused_loss=0.5767 sensor_aux_loss=2.4737 kd_loss=0.0000 gate_loss=0.6465 single_fused_ce_loss=0.5786 single_weight_mean=1.0000 gate_mean=0.2493 s2_loss=0.6897 l89_loss=0.5511 s5p_loss=0.5896 wv3_loss=0.6433
Epoch 1 step 2400/4225 train_loss=1.7590 train_acc=0.6495 fused_loss=0.5866 sensor_aux_loss=2.6975 kd_loss=0.0000 gate_loss=0.5562 single_fused_ce_loss=0.5947 single_weight_mean=1.0000 gate_mean=0.2676 s2_loss=0.6808 l89_loss=0.3909 s5p_loss=0.7015 wv3_loss=0.9243
Epoch 1 step 2450/4225 train_loss=1.7557 train_acc=0.6512 fused_loss=0.5917 sensor_aux_loss=2.2866 kd_loss=0.0000 gate_loss=0.5785 single_fused_ce_loss=0.6463 single_weight_mean=1.0000 gate_mean=0.2629 s2_loss=0.6589 l89_loss=0.3843 s5p_loss=0.5637 wv3_loss=0.6798
Epoch 1 step 2500/4225 train_loss=1.7526 train_acc=0.6527 fused_loss=0.5928 sensor_aux_loss=2.4844 kd_loss=0.0000 gate_loss=0.6949 single_fused_ce_loss=0.6411 single_weight_mean=1.0000 gate_mean=0.2605 s2_loss=0.5635 l89_loss=0.7197 s5p_loss=0.6159 wv3_loss=0.5854
Epoch 1 step 2550/4225 train_loss=1.7486 train_acc=0.6545 fused_loss=0.4818 sensor_aux_loss=1.8694 kd_loss=0.0000 gate_loss=0.5203 single_fused_ce_loss=0.5267 single_weight_mean=1.0000 gate_mean=0.2603 s2_loss=0.6237 l89_loss=0.3797 s5p_loss=0.5879 wv3_loss=0.2782
Epoch 1 step 2600/4225 train_loss=1.7448 train_acc=0.6564 fused_loss=0.5706 sensor_aux_loss=2.2553 kd_loss=0.0000 gate_loss=0.6542 single_fused_ce_loss=0.6196 single_weight_mean=1.0000 gate_mean=0.2666 s2_loss=0.6392 l89_loss=0.4475 s5p_loss=0.5799 wv3_loss=0.5887
Epoch 1 step 2650/4225 train_loss=1.7413 train_acc=0.6581 fused_loss=0.5948 sensor_aux_loss=2.4134 kd_loss=0.0000 gate_loss=0.3943 single_fused_ce_loss=0.6260 single_weight_mean=1.0000 gate_mean=0.2332 s2_loss=0.5700 l89_loss=0.7864 s5p_loss=0.5630 wv3_loss=0.4941
Epoch 1 step 2700/4225 train_loss=1.7377 train_acc=0.6598 fused_loss=0.5799 sensor_aux_loss=2.4795 kd_loss=0.0000 gate_loss=0.5596 single_fused_ce_loss=0.5376 single_weight_mean=1.0000 gate_mean=0.2352 s2_loss=0.5918 l89_loss=0.6222 s5p_loss=0.4802 wv3_loss=0.7852
Epoch 1 step 2750/4225 train_loss=1.7337 train_acc=0.6614 fused_loss=0.5567 sensor_aux_loss=2.6321 kd_loss=0.0000 gate_loss=0.4936 single_fused_ce_loss=0.6131 single_weight_mean=1.0000 gate_mean=0.2783 s2_loss=0.6368 l89_loss=0.5481 s5p_loss=0.9476 wv3_loss=0.4995
Epoch 1 step 2800/4225 train_loss=1.7304 train_acc=0.6628 fused_loss=0.5575 sensor_aux_loss=2.1916 kd_loss=0.0000 gate_loss=0.5456 single_fused_ce_loss=0.6195 single_weight_mean=1.0000 gate_mean=0.2491 s2_loss=0.6739 l89_loss=0.4254 s5p_loss=0.4559 wv3_loss=0.6364
Epoch 1 step 2850/4225 train_loss=1.7274 train_acc=0.6642 fused_loss=0.6244 sensor_aux_loss=2.5080 kd_loss=0.0000 gate_loss=0.5886 single_fused_ce_loss=0.6163 single_weight_mean=1.0000 gate_mean=0.2681 s2_loss=0.6360 l89_loss=0.8732 s5p_loss=0.5156 wv3_loss=0.4832
Epoch 1 step 2900/4225 train_loss=1.7247 train_acc=0.6653 fused_loss=0.5344 sensor_aux_loss=2.3765 kd_loss=0.0000 gate_loss=0.4840 single_fused_ce_loss=0.4893 single_weight_mean=1.0000 gate_mean=0.2318 s2_loss=0.5606 l89_loss=0.4759 s5p_loss=0.7079 wv3_loss=0.6321
Epoch 1 step 2950/4225 train_loss=1.7215 train_acc=0.6667 fused_loss=0.5314 sensor_aux_loss=2.1729 kd_loss=0.0000 gate_loss=0.6532 single_fused_ce_loss=0.5448 single_weight_mean=1.0000 gate_mean=0.2659 s2_loss=0.4977 l89_loss=0.5684 s5p_loss=0.4809 wv3_loss=0.6259
Epoch 1 step 3000/4225 train_loss=1.7184 train_acc=0.6681 fused_loss=0.4686 sensor_aux_loss=2.0150 kd_loss=0.0000 gate_loss=0.5965 single_fused_ce_loss=0.4786 single_weight_mean=1.0000 gate_mean=0.2808 s2_loss=0.6075 l89_loss=0.5117 s5p_loss=0.5556 wv3_loss=0.3403
Epoch 1 step 3050/4225 train_loss=1.7152 train_acc=0.6696 fused_loss=0.6194 sensor_aux_loss=2.5026 kd_loss=0.0000 gate_loss=0.4111 single_fused_ce_loss=0.7002 single_weight_mean=1.0000 gate_mean=0.2092 s2_loss=0.5675 l89_loss=0.6333 s5p_loss=0.7578 wv3_loss=0.5440
Epoch 1 step 3100/4225 train_loss=1.7125 train_acc=0.6708 fused_loss=0.5601 sensor_aux_loss=2.4101 kd_loss=0.0000 gate_loss=0.6789 single_fused_ce_loss=0.6298 single_weight_mean=1.0000 gate_mean=0.3254 s2_loss=0.6005 l89_loss=0.4618 s5p_loss=0.8089 wv3_loss=0.5388
Epoch 1 step 3150/4225 train_loss=1.7096 train_acc=0.6719 fused_loss=0.6277 sensor_aux_loss=2.4703 kd_loss=0.0000 gate_loss=0.5870 single_fused_ce_loss=0.7032 single_weight_mean=1.0000 gate_mean=0.2517 s2_loss=0.5764 l89_loss=0.5789 s5p_loss=0.6390 wv3_loss=0.6759
Epoch 1 step 3200/4225 train_loss=1.7063 train_acc=0.6733 fused_loss=0.5002 sensor_aux_loss=2.1312 kd_loss=0.0000 gate_loss=0.6146 single_fused_ce_loss=0.5560 single_weight_mean=1.0000 gate_mean=0.2607 s2_loss=0.4075 l89_loss=0.5203 s5p_loss=0.6951 wv3_loss=0.5083
Epoch 1 step 3250/4225 train_loss=1.7032 train_acc=0.6745 fused_loss=0.5533 sensor_aux_loss=2.2709 kd_loss=0.0000 gate_loss=0.5356 single_fused_ce_loss=0.6030 single_weight_mean=1.0000 gate_mean=0.2379 s2_loss=0.6296 l89_loss=0.5162 s5p_loss=0.4420 wv3_loss=0.6831
Epoch 1 step 3300/4225 train_loss=1.6998 train_acc=0.6759 fused_loss=0.6118 sensor_aux_loss=2.3896 kd_loss=0.0000 gate_loss=0.5812 single_fused_ce_loss=0.7041 single_weight_mean=1.0000 gate_mean=0.2986 s2_loss=0.5608 l89_loss=0.5035 s5p_loss=0.7955 wv3_loss=0.5298
Epoch 1 step 3350/4225 train_loss=1.6975 train_acc=0.6770 fused_loss=0.5337 sensor_aux_loss=2.1841 kd_loss=0.0000 gate_loss=0.5297 single_fused_ce_loss=0.5487 single_weight_mean=1.0000 gate_mean=0.2588 s2_loss=0.6982 l89_loss=0.3463 s5p_loss=0.5462 wv3_loss=0.5934
Epoch 1 step 3400/4225 train_loss=1.6946 train_acc=0.6782 fused_loss=0.5554 sensor_aux_loss=2.1980 kd_loss=0.0000 gate_loss=0.4312 single_fused_ce_loss=0.6168 single_weight_mean=1.0000 gate_mean=0.2338 s2_loss=0.6451 l89_loss=0.3668 s5p_loss=0.3636 wv3_loss=0.8225
Epoch 1 step 3450/4225 train_loss=1.6911 train_acc=0.6796 fused_loss=0.5939 sensor_aux_loss=2.6502 kd_loss=0.0000 gate_loss=0.5618 single_fused_ce_loss=0.5963 single_weight_mean=1.0000 gate_mean=0.2791 s2_loss=0.6726 l89_loss=0.3167 s5p_loss=0.6154 wv3_loss=1.0455
Epoch 1 step 3500/4225 train_loss=1.6888 train_acc=0.6805 fused_loss=0.4995 sensor_aux_loss=2.2875 kd_loss=0.0000 gate_loss=0.4379 single_fused_ce_loss=0.4646 single_weight_mean=1.0000 gate_mean=0.2440 s2_loss=0.6327 l89_loss=0.3419 s5p_loss=0.7139 wv3_loss=0.5990
Epoch 1 step 3550/4225 train_loss=1.6859 train_acc=0.6818 fused_loss=0.4976 sensor_aux_loss=2.1562 kd_loss=0.0000 gate_loss=0.5471 single_fused_ce_loss=0.5793 single_weight_mean=1.0000 gate_mean=0.2661 s2_loss=0.5861 l89_loss=0.7061 s5p_loss=0.2514 wv3_loss=0.6126
Epoch 1 step 3600/4225 train_loss=1.6832 train_acc=0.6828 fused_loss=0.5154 sensor_aux_loss=2.2235 kd_loss=0.0000 gate_loss=0.4235 single_fused_ce_loss=0.4578 single_weight_mean=1.0000 gate_mean=0.2208 s2_loss=0.5348 l89_loss=0.4207 s5p_loss=0.6870 wv3_loss=0.5810
Epoch 1 step 3650/4225 train_loss=1.6806 train_acc=0.6839 fused_loss=0.5055 sensor_aux_loss=2.0985 kd_loss=0.0000 gate_loss=0.5761 single_fused_ce_loss=0.6258 single_weight_mean=1.0000 gate_mean=0.2367 s2_loss=0.5325 l89_loss=0.6174 s5p_loss=0.3685 wv3_loss=0.5800
Epoch 1 step 3700/4225 train_loss=1.6774 train_acc=0.6850 fused_loss=0.5788 sensor_aux_loss=2.2983 kd_loss=0.0000 gate_loss=0.4591 single_fused_ce_loss=0.6804 single_weight_mean=1.0000 gate_mean=0.2781 s2_loss=0.5679 l89_loss=0.6554 s5p_loss=0.7328 wv3_loss=0.3422
Epoch 1 step 3750/4225 train_loss=1.6747 train_acc=0.6862 fused_loss=0.4577 sensor_aux_loss=1.9291 kd_loss=0.0000 gate_loss=0.5670 single_fused_ce_loss=0.5166 single_weight_mean=1.0000 gate_mean=0.2378 s2_loss=0.4652 l89_loss=0.4061 s5p_loss=0.6102 wv3_loss=0.4477
Epoch 1 step 3800/4225 train_loss=1.6719 train_acc=0.6874 fused_loss=0.6318 sensor_aux_loss=2.4333 kd_loss=0.0000 gate_loss=0.4233 single_fused_ce_loss=0.6885 single_weight_mean=1.0000 gate_mean=0.2228 s2_loss=0.5448 l89_loss=0.5411 s5p_loss=0.5427 wv3_loss=0.8046
Epoch 1 step 3850/4225 train_loss=1.6691 train_acc=0.6886 fused_loss=0.5210 sensor_aux_loss=2.0207 kd_loss=0.0000 gate_loss=0.4495 single_fused_ce_loss=0.5215 single_weight_mean=1.0000 gate_mean=0.2026 s2_loss=0.5236 l89_loss=0.3134 s5p_loss=0.8091 wv3_loss=0.3746
Epoch 1 step 3900/4225 train_loss=1.6667 train_acc=0.6896 fused_loss=0.5070 sensor_aux_loss=2.1615 kd_loss=0.0000 gate_loss=0.5704 single_fused_ce_loss=0.5185 single_weight_mean=1.0000 gate_mean=0.1826 s2_loss=0.5879 l89_loss=0.5745 s5p_loss=0.4847 wv3_loss=0.5144
Epoch 1 step 3950/4225 train_loss=1.6648 train_acc=0.6903 fused_loss=0.6059 sensor_aux_loss=2.5241 kd_loss=0.0000 gate_loss=0.5822 single_fused_ce_loss=0.5900 single_weight_mean=1.0000 gate_mean=0.2064 s2_loss=0.5824 l89_loss=0.4888 s5p_loss=0.7038 wv3_loss=0.7491
Epoch 1 step 4000/4225 train_loss=1.6629 train_acc=0.6911 fused_loss=0.4423 sensor_aux_loss=1.8960 kd_loss=0.0000 gate_loss=0.5880 single_fused_ce_loss=0.5014 single_weight_mean=1.0000 gate_mean=0.2100 s2_loss=0.4844 l89_loss=0.4588 s5p_loss=0.4839 wv3_loss=0.4689
Epoch 1 step 4050/4225 train_loss=1.6605 train_acc=0.6921 fused_loss=0.4588 sensor_aux_loss=2.0075 kd_loss=0.0000 gate_loss=0.5690 single_fused_ce_loss=0.5502 single_weight_mean=1.0000 gate_mean=0.2798 s2_loss=0.5199 l89_loss=0.3607 s5p_loss=0.5398 wv3_loss=0.5872
Epoch 1 step 4100/4225 train_loss=1.6579 train_acc=0.6932 fused_loss=0.5510 sensor_aux_loss=2.3985 kd_loss=0.0000 gate_loss=0.5325 single_fused_ce_loss=0.5974 single_weight_mean=1.0000 gate_mean=0.2698 s2_loss=0.6266 l89_loss=0.7208 s5p_loss=0.6199 wv3_loss=0.4312
Epoch 1 step 4150/4225 train_loss=1.6554 train_acc=0.6941 fused_loss=0.5701 sensor_aux_loss=2.4866 kd_loss=0.0000 gate_loss=0.4059 single_fused_ce_loss=0.5804 single_weight_mean=1.0000 gate_mean=0.2156 s2_loss=0.5270 l89_loss=0.6654 s5p_loss=0.7046 wv3_loss=0.5896
Epoch 1 step 4200/4225 train_loss=1.6529 train_acc=0.6952 fused_loss=0.5349 sensor_aux_loss=2.1280 kd_loss=0.0000 gate_loss=0.5889 single_fused_ce_loss=0.5531 single_weight_mean=1.0000 gate_mean=0.2314 s2_loss=0.6750 l89_loss=0.3323 s5p_loss=0.4720 wv3_loss=0.6487
[Cache][Warn] Low free space (97.62 GB) under /diniuvol/yuyao/local_train_temp_cache; falling back to remote reads.
[Cache][Warn] Low free space (97.62 GB) under /diniuvol/yuyao/local_train_temp_cache; falling back to remote reads.
[Cache][Warn] Low free space (97.62 GB) under /diniuvol/yuyao/local_train_temp_cache; falling back to remote reads.
[Cache][Warn] Low free space (97.62 GB) under /diniuvol/yuyao/local_train_temp_cache; falling back to remote reads.
[Cache][Warn] Low free space (97.62 GB) under /diniuvol/yuyao/local_train_temp_cache; falling back to remote reads.
[Cache][Warn] Low free space (97.62 GB) under /diniuvol/yuyao/local_train_temp_cache; falling back to remote reads.
[Cache][Warn] Low free space (97.62 GB) under /diniuvol/yuyao/local_train_temp_cache; falling back to remote reads.
[Cache][Warn] Low free space (97.62 GB) under /diniuvol/yuyao/local_train_temp_cache; falling back to remote reads.
Epoch 1: train_loss=1.6520 train_acc=0.6955 test_loss=0.8701 test_acc=0.7047 test_fpr=0.2430 test_recall=0.6565 test_auroc=0.7718 train_fused_loss=0.5929 train_sensor_aux_loss=2.4367 train_kd_loss=0.0000 train_gate_loss=0.5870 train_single_fused_ce_loss=0.6325 train_single_weight_mean=1.0000 train_gate_mean=0.3481 eval_gate_mean_all=0.2419 eval_gate_mean_overlap=0.3049 eval_gate_mean_single=0.2163
[EvalSplit][FUSED][ALL][OVERALL] count=33657 acc=0.7047 fpr=0.2430 recall=0.6565 auroc=0.7718
[EvalSplit][FUSED][OVERLAP][OVERALL] count=9722 acc=0.7435 fpr=0.2566 recall=0.7435 auroc=0.8089
[EvalSplit][FUSED][SINGLE][OVERALL] count=23935 acc=0.6890 fpr=0.2374 recall=0.6218 auroc=0.7606
[EvalSplit][REF_ROW][ALL][OVERALL] count=33657 acc=0.7044 fpr=0.2528 recall=0.6649 auroc=0.7714
[EvalSplit][REF_ROW][OVERLAP][OVERALL] count=9722 acc=0.7414 fpr=0.2847 recall=0.7661 auroc=0.8125
[EvalSplit][REF_ROW][SINGLE][OVERALL] count=23935 acc=0.6893 fpr=0.2396 recall=0.6245 auroc=0.7609
[EvalSplit][FUSED][ALL][SENSOR_S2] count=15649 acc=0.6855 fpr=0.2034 recall=0.5749 auroc=0.7641
[EvalSplit][FUSED][OVERLAP][SENSOR_S2] count=5629 acc=0.7376 fpr=0.2649 recall=0.7401 auroc=0.8168
[EvalSplit][FUSED][SINGLE][SENSOR_S2] count=10020 acc=0.6563 fpr=0.1687 recall=0.4823 auroc=0.7436
[EvalSplit][FUSED][ALL][SENSOR_L89] count=10860 acc=0.7277 fpr=0.2343 recall=0.6900 auroc=0.7846
[EvalSplit][FUSED][OVERLAP][SENSOR_L89] count=4650 acc=0.7439 fpr=0.2093 recall=0.6986 auroc=0.7974
[EvalSplit][FUSED][SINGLE][SENSOR_L89] count=6210 acc=0.7156 fpr=0.2526 recall=0.6833 auroc=0.7788
[EvalSplit][FUSED][ALL][SENSOR_S5P] count=8173 acc=0.7284 fpr=0.2927 recall=0.7482 auroc=0.7917
[EvalSplit][FUSED][OVERLAP][SENSOR_S5P] count=7106 acc=0.7456 fpr=0.2805 recall=0.7701 auroc=0.8067
[EvalSplit][FUSED][SINGLE][SENSOR_S5P] count=1067 acc=0.6139 fpr=0.3750 recall=0.6036 auroc=0.6855
[EvalSplit][FUSED][ALL][SENSOR_WV3] count=9057 acc=0.7289 fpr=0.3066 recall=0.7554 auroc=0.7926
[EvalSplit][FUSED][OVERLAP][SENSOR_WV3] count=2419 acc=0.7383 fpr=0.2769 recall=0.7506 auroc=0.8227
[EvalSplit][FUSED][SINGLE][SENSOR_WV3] count=6638 acc=0.7255 fpr=0.3181 recall=0.7571 auroc=0.7829
[EvalSplit][REF_SENSOR_HEAD][ALL][SENSOR_S2] count=15649 acc=0.6664 fpr=0.1849 recall=0.5184 auroc=0.7441
[EvalSplit][REF_SENSOR_HEAD][OVERLAP][SENSOR_S2] count=5629 acc=0.6751 fpr=0.2137 recall=0.5641 auroc=0.7464
[EvalSplit][REF_SENSOR_HEAD][SINGLE][SENSOR_S2] count=10020 acc=0.6616 fpr=0.1687 recall=0.4928 auroc=0.7441
[EvalSplit][REF_SENSOR_HEAD][ALL][SENSOR_L89] count=10860 acc=0.7112 fpr=0.2380 recall=0.6608 auroc=0.7775
[EvalSplit][REF_SENSOR_HEAD][OVERLAP][SENSOR_L89] count=4650 acc=0.7191 fpr=0.2229 recall=0.6631 auroc=0.7770
[EvalSplit][REF_SENSOR_HEAD][SINGLE][SENSOR_L89] count=6210 acc=0.7053 fpr=0.2490 recall=0.6590 auroc=0.7777
[EvalSplit][REF_SENSOR_HEAD][ALL][SENSOR_S5P] count=8173 acc=0.6432 fpr=0.5447 recall=0.8198 auroc=0.6572
[EvalSplit][REF_SENSOR_HEAD][OVERLAP][SENSOR_S5P] count=7106 acc=0.6457 fpr=0.5542 recall=0.8341 auroc=0.6533
[EvalSplit][REF_SENSOR_HEAD][SINGLE][SENSOR_S5P] count=1067 acc=0.6270 fpr=0.4805 recall=0.7261 auroc=0.6774
[EvalSplit][REF_SENSOR_HEAD][ALL][SENSOR_WV3] count=9057 acc=0.7244 fpr=0.3281 recall=0.7635 auroc=0.7835
[EvalSplit][REF_SENSOR_HEAD][OVERLAP][SENSOR_WV3] count=2419 acc=0.7193 fpr=0.3694 recall=0.7909 auroc=0.7816
[EvalSplit][REF_SENSOR_HEAD][SINGLE][SENSOR_WV3] count=6638 acc=0.7263 fpr=0.3120 recall=0.7540 auroc=0.7852
Saved new best checkpoint: /transferdiniu2/yuyao/checkpoints/multi_sensor_overall/ovb_singlew_ctrl_all1/ckpt_best_test.pth (test_acc=0.7047, non_overlap_acc=0.6890)
[Cache][Warn] Low free space (97.61 GB) under /diniuvol/yuyao/local_train_temp_cache; falling back to remote reads.
[Cache][Warn] Low free space (97.61 GB) under /diniuvol/yuyao/local_train_temp_cache; falling back to remote reads.
[Cache][Warn] Low free space (97.61 GB) under /diniuvol/yuyao/local_train_temp_cache; falling back to remote reads.
[Cache][Warn] Low free space (97.61 GB) under /diniuvol/yuyao/local_train_temp_cache; falling back to remote reads.
[Cache][Warn] Low free space (97.61 GB) under /diniuvol/yuyao/local_train_temp_cache; falling back to remote reads.
[Cache][Warn] Low free space (97.61 GB) under /diniuvol/yuyao/local_train_temp_cache; falling back to remote reads.
[Cache][Warn] Low free space (97.61 GB) under /diniuvol/yuyao/local_train_temp_cache; falling back to remote reads.
[Cache][Warn] Low free space (97.61 GB) under /diniuvol/yuyao/local_train_temp_cache; falling back to remote reads.
Epoch 2 step 50/4225 train_loss=1.4466 train_acc=0.7769 fused_loss=0.5930 sensor_aux_loss=2.4113 kd_loss=0.0000 gate_loss=0.5160 single_fused_ce_loss=0.6014 single_weight_mean=1.0000 gate_mean=0.2622 s2_loss=0.5339 l89_loss=0.6455 s5p_loss=0.6761 wv3_loss=0.5559
Epoch 2 step 100/4225 train_loss=1.4026 train_acc=0.7884 fused_loss=0.4429 sensor_aux_loss=1.6852 kd_loss=0.0000 gate_loss=0.4970 single_fused_ce_loss=0.5624 single_weight_mean=1.0000 gate_mean=0.2133 s2_loss=0.5054 l89_loss=0.3497 s5p_loss=0.3887 wv3_loss=0.4414
Epoch 2 step 150/4225 train_loss=1.4000 train_acc=0.7896 fused_loss=0.4528 sensor_aux_loss=1.9609 kd_loss=0.0000 gate_loss=0.4247 single_fused_ce_loss=0.5167 single_weight_mean=1.0000 gate_mean=0.2590 s2_loss=0.3708 l89_loss=0.2619 s5p_loss=0.5489 wv3_loss=0.7793
Epoch 2 step 200/4225 train_loss=1.3914 train_acc=0.7914 fused_loss=0.4696 sensor_aux_loss=2.0218 kd_loss=0.0000 gate_loss=0.5132 single_fused_ce_loss=0.5091 single_weight_mean=1.0000 gate_mean=0.2854 s2_loss=0.3030 l89_loss=0.5297 s5p_loss=0.7229 wv3_loss=0.4662
Epoch 2 step 250/4225 train_loss=1.3889 train_acc=0.7893 fused_loss=0.5020 sensor_aux_loss=2.5884 kd_loss=0.0000 gate_loss=0.5504 single_fused_ce_loss=0.4329 single_weight_mean=1.0000 gate_mean=0.2590 s2_loss=0.3955 l89_loss=0.6661 s5p_loss=0.6792 wv3_loss=0.8477
Epoch 2 step 300/4225 train_loss=1.3769 train_acc=0.7931 fused_loss=0.3626 sensor_aux_loss=1.6853 kd_loss=0.0000 gate_loss=0.5519 single_fused_ce_loss=0.4116 single_weight_mean=1.0000 gate_mean=0.2189 s2_loss=0.3225 l89_loss=0.5207 s5p_loss=0.2898 wv3_loss=0.5523
Epoch 2 step 350/4225 train_loss=1.3719 train_acc=0.7936 fused_loss=0.4511 sensor_aux_loss=1.9101 kd_loss=0.0000 gate_loss=0.4901 single_fused_ce_loss=0.5558 single_weight_mean=1.0000 gate_mean=0.2512 s2_loss=0.5601 l89_loss=0.3263 s5p_loss=0.6647 wv3_loss=0.3590
Epoch 2 step 400/4225 train_loss=1.3633 train_acc=0.7956 fused_loss=0.3856 sensor_aux_loss=1.7237 kd_loss=0.0000 gate_loss=0.6738 single_fused_ce_loss=0.4013 single_weight_mean=1.0000 gate_mean=0.2522 s2_loss=0.4385 l89_loss=0.2984 s5p_loss=0.4477 wv3_loss=0.5391
Epoch 2 step 450/4225 train_loss=1.3582 train_acc=0.7965 fused_loss=0.4018 sensor_aux_loss=1.9458 kd_loss=0.0000 gate_loss=0.5788 single_fused_ce_loss=0.4119 single_weight_mean=1.0000 gate_mean=0.2250 s2_loss=0.3718 l89_loss=0.2501 s5p_loss=0.7434 wv3_loss=0.5805
Epoch 2 step 500/4225 train_loss=1.3494 train_acc=0.7991 fused_loss=0.3810 sensor_aux_loss=1.7323 kd_loss=0.0000 gate_loss=0.4059 single_fused_ce_loss=0.4044 single_weight_mean=1.0000 gate_mean=0.2639 s2_loss=0.2663 l89_loss=0.4431 s5p_loss=0.4003 wv3_loss=0.6226
Epoch 2 step 550/4225 train_loss=1.3408 train_acc=0.8015 fused_loss=0.5537 sensor_aux_loss=2.2725 kd_loss=0.0000 gate_loss=0.4707 single_fused_ce_loss=0.5684 single_weight_mean=1.0000 gate_mean=0.2815 s2_loss=0.7012 l89_loss=0.4736 s5p_loss=0.5393 wv3_loss=0.5585
Epoch 2 step 600/4225 train_loss=1.3390 train_acc=0.8024 fused_loss=0.4773 sensor_aux_loss=2.2908 kd_loss=0.0000 gate_loss=0.5450 single_fused_ce_loss=0.4668 single_weight_mean=1.0000 gate_mean=0.2751 s2_loss=0.4224 l89_loss=0.5014 s5p_loss=0.5078 wv3_loss=0.8592
Epoch 2 step 650/4225 train_loss=1.3307 train_acc=0.8046 fused_loss=0.4827 sensor_aux_loss=2.3307 kd_loss=0.0000 gate_loss=0.5775 single_fused_ce_loss=0.4694 single_weight_mean=1.0000 gate_mean=0.2483 s2_loss=0.5339 l89_loss=0.5890 s5p_loss=0.7382 wv3_loss=0.4695
Epoch 2 step 700/4225 train_loss=1.3284 train_acc=0.8049 fused_loss=0.4631 sensor_aux_loss=1.8790 kd_loss=0.0000 gate_loss=0.4454 single_fused_ce_loss=0.5180 single_weight_mean=1.0000 gate_mean=0.2416 s2_loss=0.4129 l89_loss=0.4654 s5p_loss=0.5223 wv3_loss=0.4784
Epoch 2 step 750/4225 train_loss=1.3262 train_acc=0.8048 fused_loss=0.4789 sensor_aux_loss=2.3511 kd_loss=0.0000 gate_loss=0.5085 single_fused_ce_loss=0.5096 single_weight_mean=1.0000 gate_mean=0.2397 s2_loss=0.4785 l89_loss=0.6833 s5p_loss=0.7391 wv3_loss=0.4502
Epoch 2 step 800/4225 train_loss=1.3206 train_acc=0.8056 fused_loss=0.3785 sensor_aux_loss=2.1109 kd_loss=0.0000 gate_loss=0.6563 single_fused_ce_loss=0.3259 single_weight_mean=1.0000 gate_mean=0.2517 s2_loss=0.2310 l89_loss=0.4787 s5p_loss=0.6249 wv3_loss=0.7764
Epoch 2 step 850/4225 train_loss=1.3170 train_acc=0.8065 fused_loss=0.3611 sensor_aux_loss=1.7163 kd_loss=0.0000 gate_loss=0.5417 single_fused_ce_loss=0.3758 single_weight_mean=1.0000 gate_mean=0.2576 s2_loss=0.4262 l89_loss=0.2321 s5p_loss=0.7175 wv3_loss=0.3406
Epoch 2 step 900/4225 train_loss=1.3121 train_acc=0.8081 fused_loss=0.4164 sensor_aux_loss=1.8220 kd_loss=0.0000 gate_loss=0.5247 single_fused_ce_loss=0.4939 single_weight_mean=1.0000 gate_mean=0.3015 s2_loss=0.4872 l89_loss=0.3134 s5p_loss=0.6847 wv3_loss=0.3367
Epoch 2 step 950/4225 train_loss=1.3132 train_acc=0.8077 fused_loss=0.5920 sensor_aux_loss=2.6855 kd_loss=0.0000 gate_loss=0.5124 single_fused_ce_loss=0.5911 single_weight_mean=1.0000 gate_mean=0.2688 s2_loss=0.3783 l89_loss=0.8208 s5p_loss=0.7817 wv3_loss=0.7047
Epoch 2 step 1000/4225 train_loss=1.3097 train_acc=0.8086 fused_loss=0.3631 sensor_aux_loss=1.7314 kd_loss=0.0000 gate_loss=0.5971 single_fused_ce_loss=0.4103 single_weight_mean=1.0000 gate_mean=0.2625 s2_loss=0.3314 l89_loss=0.3554 s5p_loss=0.6218 wv3_loss=0.4228
Epoch 2 step 1050/4225 train_loss=1.3072 train_acc=0.8095 fused_loss=0.4922 sensor_aux_loss=1.9079 kd_loss=0.0000 gate_loss=0.5334 single_fused_ce_loss=0.5613 single_weight_mean=1.0000 gate_mean=0.3208 s2_loss=0.3174 l89_loss=0.6295 s5p_loss=0.4124 wv3_loss=0.5487
Epoch 2 step 1100/4225 train_loss=1.3024 train_acc=0.8110 fused_loss=0.4216 sensor_aux_loss=1.6977 kd_loss=0.0000 gate_loss=0.4264 single_fused_ce_loss=0.4344 single_weight_mean=1.0000 gate_mean=0.2676 s2_loss=0.3903 l89_loss=0.3212 s5p_loss=0.5072 wv3_loss=0.4789
Epoch 2 step 1150/4225 train_loss=1.2989 train_acc=0.8116 fused_loss=0.3521 sensor_aux_loss=1.4101 kd_loss=0.0000 gate_loss=0.4400 single_fused_ce_loss=0.4072 single_weight_mean=1.0000 gate_mean=0.2632 s2_loss=0.3492 l89_loss=0.1790 s5p_loss=0.2708 wv3_loss=0.6111
Epoch 2 step 1200/4225 train_loss=1.2970 train_acc=0.8114 fused_loss=0.5793 sensor_aux_loss=2.7378 kd_loss=0.0000 gate_loss=0.6843 single_fused_ce_loss=0.5375 single_weight_mean=1.0000 gate_mean=0.3281 s2_loss=0.5419 l89_loss=0.7057 s5p_loss=0.6927 wv3_loss=0.7975
Epoch 2 step 1250/4225 train_loss=1.2956 train_acc=0.8121 fused_loss=0.3443 sensor_aux_loss=1.8272 kd_loss=0.0000 gate_loss=0.6415 single_fused_ce_loss=0.3111 single_weight_mean=1.0000 gate_mean=0.3240 s2_loss=0.3775 l89_loss=0.2024 s5p_loss=0.5792 wv3_loss=0.6681
Epoch 2 step 1300/4225 train_loss=1.2936 train_acc=0.8125 fused_loss=0.3936 sensor_aux_loss=1.5761 kd_loss=0.0000 gate_loss=0.5532 single_fused_ce_loss=0.4095 single_weight_mean=1.0000 gate_mean=0.2976 s2_loss=0.4764 l89_loss=0.3992 s5p_loss=0.3654 wv3_loss=0.3350
Epoch 2 step 1350/4225 train_loss=1.2893 train_acc=0.8131 fused_loss=0.3119 sensor_aux_loss=1.4434 kd_loss=0.0000 gate_loss=0.5702 single_fused_ce_loss=0.3695 single_weight_mean=1.0000 gate_mean=0.3286 s2_loss=0.2323 l89_loss=0.2768 s5p_loss=0.3429 wv3_loss=0.5914
Epoch 2 step 1400/4225 train_loss=1.2866 train_acc=0.8137 fused_loss=0.4717 sensor_aux_loss=2.3077 kd_loss=0.0000 gate_loss=0.5195 single_fused_ce_loss=0.5227 single_weight_mean=1.0000 gate_mean=0.2839 s2_loss=0.5254 l89_loss=0.4386 s5p_loss=0.5812 wv3_loss=0.7625
Epoch 2 step 1450/4225 train_loss=1.2838 train_acc=0.8145 fused_loss=0.4044 sensor_aux_loss=1.8942 kd_loss=0.0000 gate_loss=0.5877 single_fused_ce_loss=0.3743 single_weight_mean=1.0000 gate_mean=0.3040 s2_loss=0.2463 l89_loss=0.6040 s5p_loss=0.6490 wv3_loss=0.3949
Epoch 2 step 1500/4225 train_loss=1.2818 train_acc=0.8148 fused_loss=0.5715 sensor_aux_loss=2.3305 kd_loss=0.0000 gate_loss=0.5049 single_fused_ce_loss=0.5382 single_weight_mean=1.0000 gate_mean=0.3386 s2_loss=0.7252 l89_loss=0.3517 s5p_loss=0.6769 wv3_loss=0.5767
Epoch 2 step 1550/4225 train_loss=1.2791 train_acc=0.8153 fused_loss=0.2883 sensor_aux_loss=1.2750 kd_loss=0.0000 gate_loss=0.6002 single_fused_ce_loss=0.3140 single_weight_mean=1.0000 gate_mean=0.3098 s2_loss=0.2488 l89_loss=0.2165 s5p_loss=0.4842 wv3_loss=0.3255
Epoch 2 step 1600/4225 train_loss=1.2762 train_acc=0.8158 fused_loss=0.3629 sensor_aux_loss=1.7566 kd_loss=0.0000 gate_loss=0.6281 single_fused_ce_loss=0.3613 single_weight_mean=1.0000 gate_mean=0.3018 s2_loss=0.2855 l89_loss=0.3370 s5p_loss=0.6203 wv3_loss=0.5139
Epoch 2 step 1650/4225 train_loss=1.2741 train_acc=0.8162 fused_loss=0.3570 sensor_aux_loss=1.4864 kd_loss=0.0000 gate_loss=0.4544 single_fused_ce_loss=0.3463 single_weight_mean=1.0000 gate_mean=0.2969 s2_loss=0.3189 l89_loss=0.3780 s5p_loss=0.3356 wv3_loss=0.4539
Epoch 2 step 1700/4225 train_loss=1.2729 train_acc=0.8165 fused_loss=0.3861 sensor_aux_loss=1.7946 kd_loss=0.0000 gate_loss=0.7163 single_fused_ce_loss=0.4177 single_weight_mean=1.0000 gate_mean=0.3203 s2_loss=0.4977 l89_loss=0.2574 s5p_loss=0.5569 wv3_loss=0.4825
Epoch 2 step 1750/4225 train_loss=1.2708 train_acc=0.8171 fused_loss=0.4652 sensor_aux_loss=2.1854 kd_loss=0.0000 gate_loss=0.5659 single_fused_ce_loss=0.5374 single_weight_mean=1.0000 gate_mean=0.3062 s2_loss=0.4234 l89_loss=0.3848 s5p_loss=0.6311 wv3_loss=0.7460
Epoch 2 step 1800/4225 train_loss=1.2679 train_acc=0.8178 fused_loss=0.3919 sensor_aux_loss=2.2252 kd_loss=0.0000 gate_loss=0.4530 single_fused_ce_loss=0.3690 single_weight_mean=1.0000 gate_mean=0.2793 s2_loss=0.1918 l89_loss=0.5636 s5p_loss=0.7834 wv3_loss=0.6865
Epoch 2 step 1850/4225 train_loss=1.2660 train_acc=0.8180 fused_loss=0.5715 sensor_aux_loss=2.0548 kd_loss=0.0000 gate_loss=0.5540 single_fused_ce_loss=0.7180 single_weight_mean=1.0000 gate_mean=0.3247 s2_loss=0.8680 l89_loss=0.2484 s5p_loss=0.4826 wv3_loss=0.4558
Epoch 2 step 1900/4225 train_loss=1.2640 train_acc=0.8183 fused_loss=0.3736 sensor_aux_loss=1.6772 kd_loss=0.0000 gate_loss=0.5081 single_fused_ce_loss=0.4284 single_weight_mean=1.0000 gate_mean=0.2944 s2_loss=0.2421 l89_loss=0.4033 s5p_loss=0.5437 wv3_loss=0.4881
Epoch 2 step 1950/4225 train_loss=1.2617 train_acc=0.8188 fused_loss=0.3145 sensor_aux_loss=1.4363 kd_loss=0.0000 gate_loss=0.4864 single_fused_ce_loss=0.3381 single_weight_mean=1.0000 gate_mean=0.2739 s2_loss=0.2825 l89_loss=0.3822 s5p_loss=0.3209 wv3_loss=0.4508
Epoch 2 step 2000/4225 train_loss=1.2610 train_acc=0.8189 fused_loss=0.4278 sensor_aux_loss=1.7393 kd_loss=0.0000 gate_loss=0.5090 single_fused_ce_loss=0.4611 single_weight_mean=1.0000 gate_mean=0.3088 s2_loss=0.5646 l89_loss=0.1482 s5p_loss=0.6075 wv3_loss=0.4190
Epoch 2 step 2050/4225 train_loss=1.2597 train_acc=0.8194 fused_loss=0.5406 sensor_aux_loss=2.6210 kd_loss=0.0000 gate_loss=0.6219 single_fused_ce_loss=0.5714 single_weight_mean=1.0000 gate_mean=0.3491 s2_loss=0.3190 l89_loss=0.8701 s5p_loss=0.6464 wv3_loss=0.7854
Epoch 2 step 2100/4225 train_loss=1.2581 train_acc=0.8196 fused_loss=0.4658 sensor_aux_loss=2.1785 kd_loss=0.0000 gate_loss=0.5419 single_fused_ce_loss=0.5278 single_weight_mean=1.0000 gate_mean=0.3599 s2_loss=0.2448 l89_loss=0.3601 s5p_loss=0.6878 wv3_loss=0.8858
Epoch 2 step 2150/4225 train_loss=1.2562 train_acc=0.8203 fused_loss=0.5421 sensor_aux_loss=2.2786 kd_loss=0.0000 gate_loss=0.5555 single_fused_ce_loss=0.5505 single_weight_mean=1.0000 gate_mean=0.3467 s2_loss=0.8569 l89_loss=0.3488 s5p_loss=0.6555 wv3_loss=0.4174
Epoch 2 step 2200/4225 train_loss=1.2548 train_acc=0.8205 fused_loss=0.3451 sensor_aux_loss=1.7801 kd_loss=0.0000 gate_loss=0.5386 single_fused_ce_loss=0.3172 single_weight_mean=1.0000 gate_mean=0.3093 s2_loss=0.2481 l89_loss=0.5449 s5p_loss=0.7801 wv3_loss=0.2071
Epoch 2 step 2250/4225 train_loss=1.2526 train_acc=0.8212 fused_loss=0.3872 sensor_aux_loss=2.3328 kd_loss=0.0000 gate_loss=0.5950 single_fused_ce_loss=0.2872 single_weight_mean=1.0000 gate_mean=0.3013 s2_loss=0.3718 l89_loss=0.6878 s5p_loss=0.6121 wv3_loss=0.6611
Epoch 2 step 2300/4225 train_loss=1.2505 train_acc=0.8216 fused_loss=0.6635 sensor_aux_loss=2.4310 kd_loss=0.0000 gate_loss=0.5878 single_fused_ce_loss=0.7108 single_weight_mean=1.0000 gate_mean=0.3103 s2_loss=0.6616 l89_loss=0.6859 s5p_loss=0.7045 wv3_loss=0.3790
Epoch 2 step 2350/4225 train_loss=1.2500 train_acc=0.8218 fused_loss=0.3547 sensor_aux_loss=1.5455 kd_loss=0.0000 gate_loss=0.7317 single_fused_ce_loss=0.3703 single_weight_mean=1.0000 gate_mean=0.3640 s2_loss=0.1576 l89_loss=0.2678 s5p_loss=0.5933 wv3_loss=0.5267
Epoch 2 step 2400/4225 train_loss=1.2495 train_acc=0.8222 fused_loss=0.3145 sensor_aux_loss=1.6862 kd_loss=0.0000 gate_loss=0.6098 single_fused_ce_loss=0.3050 single_weight_mean=1.0000 gate_mean=0.3398 s2_loss=0.3817 l89_loss=0.4653 s5p_loss=0.5509 wv3_loss=0.2882
Epoch 2 step 2450/4225 train_loss=1.2474 train_acc=0.8227 fused_loss=0.4626 sensor_aux_loss=2.0255 kd_loss=0.0000 gate_loss=0.6632 single_fused_ce_loss=0.4994 single_weight_mean=1.0000 gate_mean=0.3599 s2_loss=0.6041 l89_loss=0.6120 s5p_loss=0.4301 wv3_loss=0.3794
Epoch 2 step 2500/4225 train_loss=1.2459 train_acc=0.8231 fused_loss=0.3967 sensor_aux_loss=1.8463 kd_loss=0.0000 gate_loss=0.5943 single_fused_ce_loss=0.4774 single_weight_mean=1.0000 gate_mean=0.3213 s2_loss=0.2639 l89_loss=0.3148 s5p_loss=0.6199 wv3_loss=0.6477
Epoch 2 step 2550/4225 train_loss=1.2452 train_acc=0.8233 fused_loss=0.3862 sensor_aux_loss=1.5125 kd_loss=0.0000 gate_loss=0.5411 single_fused_ce_loss=0.5054 single_weight_mean=1.0000 gate_mean=0.3450 s2_loss=0.3979 l89_loss=0.2218 s5p_loss=0.4646 wv3_loss=0.4282
Epoch 2 step 2600/4225 train_loss=1.2437 train_acc=0.8237 fused_loss=0.3034 sensor_aux_loss=1.9667 kd_loss=0.0000 gate_loss=0.4872 single_fused_ce_loss=0.3361 single_weight_mean=1.0000 gate_mean=0.2920 s2_loss=0.2011 l89_loss=0.2593 s5p_loss=0.8416 wv3_loss=0.6646
Epoch 2 step 2650/4225 train_loss=1.2415 train_acc=0.8242 fused_loss=0.3129 sensor_aux_loss=1.6577 kd_loss=0.0000 gate_loss=0.4606 single_fused_ce_loss=0.3288 single_weight_mean=1.0000 gate_mean=0.3052 s2_loss=0.2596 l89_loss=0.2835 s5p_loss=0.6490 wv3_loss=0.4656
Epoch 2 step 2700/4225 train_loss=1.2399 train_acc=0.8247 fused_loss=0.4440 sensor_aux_loss=1.9024 kd_loss=0.0000 gate_loss=0.5490 single_fused_ce_loss=0.4454 single_weight_mean=1.0000 gate_mean=0.3555 s2_loss=0.4507 l89_loss=0.4148 s5p_loss=0.4764 wv3_loss=0.5607
Epoch 2 step 2750/4225 train_loss=1.2385 train_acc=0.8251 fused_loss=0.4263 sensor_aux_loss=1.9596 kd_loss=0.0000 gate_loss=0.5516 single_fused_ce_loss=0.4683 single_weight_mean=1.0000 gate_mean=0.3384 s2_loss=0.2713 l89_loss=0.2942 s5p_loss=0.6190 wv3_loss=0.7751
Epoch 2 step 2800/4225 train_loss=1.2377 train_acc=0.8251 fused_loss=0.3798 sensor_aux_loss=1.4637 kd_loss=0.0000 gate_loss=0.4902 single_fused_ce_loss=0.4234 single_weight_mean=1.0000 gate_mean=0.3542 s2_loss=0.1445 l89_loss=0.4248 s5p_loss=0.4771 wv3_loss=0.4172
Epoch 2 step 2850/4225 train_loss=1.2364 train_acc=0.8255 fused_loss=0.6652 sensor_aux_loss=2.4063 kd_loss=0.0000 gate_loss=0.6574 single_fused_ce_loss=0.7919 single_weight_mean=1.0000 gate_mean=0.3286 s2_loss=0.8286 l89_loss=0.3649 s5p_loss=0.3847 wv3_loss=0.8281
Epoch 2 step 2900/4225 train_loss=1.2357 train_acc=0.8258 fused_loss=0.3755 sensor_aux_loss=1.8392 kd_loss=0.0000 gate_loss=0.5543 single_fused_ce_loss=0.3766 single_weight_mean=1.0000 gate_mean=0.3479 s2_loss=0.2215 l89_loss=0.5036 s5p_loss=0.6516 wv3_loss=0.4625
Epoch 2 step 2950/4225 train_loss=1.2346 train_acc=0.8260 fused_loss=0.3385 sensor_aux_loss=1.8514 kd_loss=0.0000 gate_loss=0.5710 single_fused_ce_loss=0.2962 single_weight_mean=1.0000 gate_mean=0.3306 s2_loss=0.2745 l89_loss=0.3168 s5p_loss=0.5231 wv3_loss=0.7370
Epoch 2 step 3000/4225 train_loss=1.2328 train_acc=0.8265 fused_loss=0.5547 sensor_aux_loss=2.0203 kd_loss=0.0000 gate_loss=0.5176 single_fused_ce_loss=0.6030 single_weight_mean=1.0000 gate_mean=0.3435 s2_loss=0.6170 l89_loss=0.4187 s5p_loss=0.4617 wv3_loss=0.5229
Epoch 2 step 3050/4225 train_loss=1.2314 train_acc=0.8268 fused_loss=0.4144 sensor_aux_loss=1.7261 kd_loss=0.0000 gate_loss=0.5338 single_fused_ce_loss=0.5036 single_weight_mean=1.0000 gate_mean=0.3481 s2_loss=0.1948 l89_loss=0.6062 s5p_loss=0.4601 wv3_loss=0.4650
Epoch 2 step 3100/4225 train_loss=1.2308 train_acc=0.8269 fused_loss=0.3773 sensor_aux_loss=1.8584 kd_loss=0.0000 gate_loss=0.4842 single_fused_ce_loss=0.3398 single_weight_mean=1.0000 gate_mean=0.3320 s2_loss=0.2633 l89_loss=0.3981 s5p_loss=0.5266 wv3_loss=0.6704
Epoch 2 step 3150/4225 train_loss=1.2299 train_acc=0.8271 fused_loss=0.5165 sensor_aux_loss=2.0557 kd_loss=0.0000 gate_loss=0.5479 single_fused_ce_loss=0.5530 single_weight_mean=1.0000 gate_mean=0.3384 s2_loss=0.5239 l89_loss=0.6074 s5p_loss=0.7193 wv3_loss=0.2052
Epoch 2 step 3200/4225 train_loss=1.2290 train_acc=0.8273 fused_loss=0.4417 sensor_aux_loss=2.0317 kd_loss=0.0000 gate_loss=0.6729 single_fused_ce_loss=0.5027 single_weight_mean=1.0000 gate_mean=0.3467 s2_loss=0.2566 l89_loss=0.4409 s5p_loss=0.6619 wv3_loss=0.6722
Epoch 2 step 3250/4225 train_loss=1.2277 train_acc=0.8276 fused_loss=0.5044 sensor_aux_loss=2.0471 kd_loss=0.0000 gate_loss=0.5305 single_fused_ce_loss=0.4713 single_weight_mean=1.0000 gate_mean=0.3286 s2_loss=0.2757 l89_loss=0.4502 s5p_loss=0.5488 wv3_loss=0.7725
Epoch 2 step 3300/4225 train_loss=1.2262 train_acc=0.8280 fused_loss=0.4167 sensor_aux_loss=1.8853 kd_loss=0.0000 gate_loss=0.5749 single_fused_ce_loss=0.3344 single_weight_mean=1.0000 gate_mean=0.3633 s2_loss=0.5266 l89_loss=0.4104 s5p_loss=0.5451 wv3_loss=0.4032
Epoch 2 step 3350/4225 train_loss=1.2251 train_acc=0.8284 fused_loss=0.3850 sensor_aux_loss=1.8063 kd_loss=0.0000 gate_loss=0.5703 single_fused_ce_loss=0.4287 single_weight_mean=1.0000 gate_mean=0.3457 s2_loss=0.2213 l89_loss=0.3798 s5p_loss=0.7040 wv3_loss=0.5011
Epoch 2 step 3400/4225 train_loss=1.2242 train_acc=0.8288 fused_loss=0.3331 sensor_aux_loss=1.8707 kd_loss=0.0000 gate_loss=0.6168 single_fused_ce_loss=0.3063 single_weight_mean=1.0000 gate_mean=0.3538 s2_loss=0.2340 l89_loss=0.3192 s5p_loss=0.7546 wv3_loss=0.5628
Epoch 2 step 3450/4225 train_loss=1.2232 train_acc=0.8291 fused_loss=0.4881 sensor_aux_loss=1.9818 kd_loss=0.0000 gate_loss=0.6407 single_fused_ce_loss=0.5800 single_weight_mean=1.0000 gate_mean=0.3582 s2_loss=0.4821 l89_loss=0.4512 s5p_loss=0.6221 wv3_loss=0.4263
Epoch 2 step 3500/4225 train_loss=1.2213 train_acc=0.8297 fused_loss=0.3809 sensor_aux_loss=1.7565 kd_loss=0.0000 gate_loss=0.6000 single_fused_ce_loss=0.3679 single_weight_mean=1.0000 gate_mean=0.3733 s2_loss=0.3252 l89_loss=0.2212 s5p_loss=0.5030 wv3_loss=0.7071
Epoch 2 step 3550/4225 train_loss=1.2197 train_acc=0.8301 fused_loss=0.4116 sensor_aux_loss=1.9398 kd_loss=0.0000 gate_loss=0.5702 single_fused_ce_loss=0.4359 single_weight_mean=1.0000 gate_mean=0.3726 s2_loss=0.3445 l89_loss=0.4229 s5p_loss=0.6004 wv3_loss=0.5720
Epoch 2 step 3600/4225 train_loss=1.2185 train_acc=0.8304 fused_loss=0.3835 sensor_aux_loss=1.5629 kd_loss=0.0000 gate_loss=0.5302 single_fused_ce_loss=0.3810 single_weight_mean=1.0000 gate_mean=0.3813 s2_loss=0.3016 l89_loss=0.2316 s5p_loss=0.5537 wv3_loss=0.4759
Epoch 2 step 3650/4225 train_loss=1.2175 train_acc=0.8307 fused_loss=0.3871 sensor_aux_loss=1.9253 kd_loss=0.0000 gate_loss=0.5964 single_fused_ce_loss=0.3623 single_weight_mean=1.0000 gate_mean=0.3364 s2_loss=0.2892 l89_loss=0.4693 s5p_loss=0.5722 wv3_loss=0.5945
Epoch 2 step 3700/4225 train_loss=1.2158 train_acc=0.8310 fused_loss=0.4604 sensor_aux_loss=2.1914 kd_loss=0.0000 gate_loss=0.5266 single_fused_ce_loss=0.4381 single_weight_mean=1.0000 gate_mean=0.3435 s2_loss=0.2624 l89_loss=0.5045 s5p_loss=0.6207 wv3_loss=0.8039
Epoch 2 step 3750/4225 train_loss=1.2147 train_acc=0.8313 fused_loss=0.4743 sensor_aux_loss=2.0470 kd_loss=0.0000 gate_loss=0.5541 single_fused_ce_loss=0.5719 single_weight_mean=1.0000 gate_mean=0.3306 s2_loss=0.4886 l89_loss=0.1721 s5p_loss=0.6410 wv3_loss=0.7453
Epoch 2 step 3800/4225 train_loss=1.2139 train_acc=0.8315 fused_loss=0.4404 sensor_aux_loss=1.9870 kd_loss=0.0000 gate_loss=0.5660 single_fused_ce_loss=0.4468 single_weight_mean=1.0000 gate_mean=0.3596 s2_loss=0.4658 l89_loss=0.2304 s5p_loss=0.6721 wv3_loss=0.6187
Epoch 2 step 3850/4225 train_loss=1.2127 train_acc=0.8317 fused_loss=0.2633 sensor_aux_loss=1.4705 kd_loss=0.0000 gate_loss=0.5387 single_fused_ce_loss=0.2539 single_weight_mean=1.0000 gate_mean=0.3330 s2_loss=0.2459 l89_loss=0.2645 s5p_loss=0.4592 wv3_loss=0.5008
Epoch 2 step 3900/4225 train_loss=1.2120 train_acc=0.8319 fused_loss=0.4334 sensor_aux_loss=1.8626 kd_loss=0.0000 gate_loss=0.6161 single_fused_ce_loss=0.4037 single_weight_mean=1.0000 gate_mean=0.3928 s2_loss=0.3468 l89_loss=0.5841 s5p_loss=0.6049 wv3_loss=0.3269
Epoch 2 step 3950/4225 train_loss=1.2110 train_acc=0.8321 fused_loss=0.3170 sensor_aux_loss=1.5722 kd_loss=0.0000 gate_loss=0.4836 single_fused_ce_loss=0.3390 single_weight_mean=1.0000 gate_mean=0.3413 s2_loss=0.4313 l89_loss=0.2012 s5p_loss=0.5988 wv3_loss=0.3409
Epoch 2 step 4000/4225 train_loss=1.2092 train_acc=0.8327 fused_loss=0.4154 sensor_aux_loss=2.1265 kd_loss=0.0000 gate_loss=0.5226 single_fused_ce_loss=0.3528 single_weight_mean=1.0000 gate_mean=0.3542 s2_loss=0.2814 l89_loss=0.4302 s5p_loss=0.8346 wv3_loss=0.5803
Epoch 2 step 4050/4225 train_loss=1.2079 train_acc=0.8332 fused_loss=0.4100 sensor_aux_loss=1.9875 kd_loss=0.0000 gate_loss=0.5752 single_fused_ce_loss=0.3195 single_weight_mean=1.0000 gate_mean=0.3652 s2_loss=0.3701 l89_loss=0.4424 s5p_loss=0.4480 wv3_loss=0.7270
Epoch 2 step 4100/4225 train_loss=1.2067 train_acc=0.8334 fused_loss=0.2271 sensor_aux_loss=1.0097 kd_loss=0.0000 gate_loss=0.5594 single_fused_ce_loss=0.2656 single_weight_mean=1.0000 gate_mean=0.3765 s2_loss=0.1610 l89_loss=0.1952 s5p_loss=0.2813 wv3_loss=0.3722
Epoch 2 step 4150/4225 train_loss=1.2055 train_acc=0.8337 fused_loss=0.5250 sensor_aux_loss=2.1620 kd_loss=0.0000 gate_loss=0.6062 single_fused_ce_loss=0.5671 single_weight_mean=1.0000 gate_mean=0.3591 s2_loss=0.5645 l89_loss=0.3279 s5p_loss=0.7215 wv3_loss=0.5481
Epoch 2 step 4200/4225 train_loss=1.2039 train_acc=0.8340 fused_loss=0.4102 sensor_aux_loss=1.8813 kd_loss=0.0000 gate_loss=0.6271 single_fused_ce_loss=0.4637 single_weight_mean=1.0000 gate_mean=0.3777 s2_loss=0.4202 l89_loss=0.1954 s5p_loss=0.6768 wv3_loss=0.5889
[Cache][Warn] Low free space (97.57 GB) under /diniuvol/yuyao/local_train_temp_cache; falling back to remote reads.
[Cache][Warn] Low free space (97.57 GB) under /diniuvol/yuyao/local_train_temp_cache; falling back to remote reads.
[Cache][Warn] Low free space (97.57 GB) under /diniuvol/yuyao/local_train_temp_cache; falling back to remote reads.
[Cache][Warn] Low free space (97.57 GB) under /diniuvol/yuyao/local_train_temp_cache; falling back to remote reads.
[Cache][Warn] Low free space (97.57 GB) under /diniuvol/yuyao/local_train_temp_cache; falling back to remote reads.
[Cache][Warn] Low free space (97.57 GB) under /diniuvol/yuyao/local_train_temp_cache; falling back to remote reads.
[Cache][Warn] Low free space (97.57 GB) under /diniuvol/yuyao/local_train_temp_cache; falling back to remote reads.
[Cache][Warn] Low free space (97.57 GB) under /diniuvol/yuyao/local_train_temp_cache; falling back to remote reads.
Epoch 2: train_loss=1.2035 train_acc=0.8341 test_loss=0.7617 test_acc=0.7771 test_fpr=0.2263 test_recall=0.7803 test_auroc=0.8572 train_fused_loss=0.4145 train_sensor_aux_loss=1.8764 train_kd_loss=0.0000 train_gate_loss=0.5511 train_single_fused_ce_loss=0.4301 train_single_weight_mean=1.0000 train_gate_mean=0.3156 eval_gate_mean_all=0.3717 eval_gate_mean_overlap=0.3853 eval_gate_mean_single=0.3662
[EvalSplit][FUSED][ALL][OVERALL] count=33657 acc=0.7771 fpr=0.2263 recall=0.7803 auroc=0.8572
[EvalSplit][FUSED][OVERLAP][OVERALL] count=9722 acc=0.8119 fpr=0.2059 recall=0.8287 auroc=0.8959
[EvalSplit][FUSED][SINGLE][OVERALL] count=23935 acc=0.7630 fpr=0.2347 recall=0.7609 auroc=0.8442
[EvalSplit][REF_ROW][ALL][OVERALL] count=33657 acc=0.7743 fpr=0.2272 recall=0.7756 auroc=0.8541
[EvalSplit][REF_ROW][OVERLAP][OVERALL] count=9722 acc=0.8089 fpr=0.2114 recall=0.8281 auroc=0.8944
[EvalSplit][REF_ROW][SINGLE][OVERALL] count=23935 acc=0.7602 fpr=0.2337 recall=0.7547 auroc=0.8437
[EvalSplit][FUSED][ALL][SENSOR_S2] count=15649 acc=0.8220 fpr=0.1498 recall=0.7939 auroc=0.9012
[EvalSplit][FUSED][OVERLAP][SENSOR_S2] count=5629 acc=0.8374 fpr=0.1743 recall=0.8491 auroc=0.9277
[EvalSplit][FUSED][SINGLE][SENSOR_S2] count=10020 acc=0.8133 fpr=0.1361 recall=0.7629 auroc=0.8949
[EvalSplit][FUSED][ALL][SENSOR_L89] count=10860 acc=0.7674 fpr=0.2018 recall=0.7368 auroc=0.8374
[EvalSplit][FUSED][OVERLAP][SENSOR_L89] count=4650 acc=0.8028 fpr=0.1848 recall=0.7908 auroc=0.8761
[EvalSplit][FUSED][SINGLE][SENSOR_L89] count=6210 acc=0.7409 fpr=0.2142 recall=0.6953 auroc=0.8112
[EvalSplit][FUSED][ALL][SENSOR_S5P] count=8173 acc=0.7853 fpr=0.2487 recall=0.8172 auroc=0.8681
[EvalSplit][FUSED][OVERLAP][SENSOR_S5P] count=7106 acc=0.8050 fpr=0.2262 recall=0.8343 auroc=0.8884
[EvalSplit][FUSED][SINGLE][SENSOR_S5P] count=1067 acc=0.6542 fpr=0.4004 recall=0.7045 auroc=0.6831
[EvalSplit][FUSED][ALL][SENSOR_WV3] count=9057 acc=0.7430 fpr=0.3651 recall=0.8234 auroc=0.8261
[EvalSplit][FUSED][OVERLAP][SENSOR_WV3] count=2419 acc=0.7912 fpr=0.2648 recall=0.8364 auroc=0.8823
[EvalSplit][FUSED][SINGLE][SENSOR_WV3] count=6638 acc=0.7254 fpr=0.4039 recall=0.8188 auroc=0.8055
[EvalSplit][REF_SENSOR_HEAD][ALL][SENSOR_S2] count=15649 acc=0.8093 fpr=0.1530 recall=0.7718 auroc=0.8963
[EvalSplit][REF_SENSOR_HEAD][OVERLAP][SENSOR_S2] count=5629 acc=0.8090 fpr=0.1725 recall=0.7906 auroc=0.9026
[EvalSplit][REF_SENSOR_HEAD][SINGLE][SENSOR_S2] count=10020 acc=0.8095 fpr=0.1421 recall=0.7613 auroc=0.8931
[EvalSplit][REF_SENSOR_HEAD][ALL][SENSOR_L89] count=10860 acc=0.7514 fpr=0.2042 recall=0.7072 auroc=0.8207
[EvalSplit][REF_SENSOR_HEAD][OVERLAP][SENSOR_L89] count=4650 acc=0.7716 fpr=0.1922 recall=0.7367 auroc=0.8340
[EvalSplit][REF_SENSOR_HEAD][SINGLE][SENSOR_L89] count=6210 acc=0.7362 fpr=0.2129 recall=0.6846 auroc=0.8097
[EvalSplit][REF_SENSOR_HEAD][ALL][SENSOR_S5P] count=8173 acc=0.6298 fpr=0.5419 recall=0.7911 auroc=0.6774
[EvalSplit][REF_SENSOR_HEAD][OVERLAP][SENSOR_S5P] count=7106 acc=0.6268 fpr=0.5647 recall=0.8073 auroc=0.6765
[EvalSplit][REF_SENSOR_HEAD][SINGLE][SENSOR_S5P] count=1067 acc=0.6495 fpr=0.3887 recall=0.6847 auroc=0.6938
[EvalSplit][REF_SENSOR_HEAD][ALL][SENSOR_WV3] count=9057 acc=0.7241 fpr=0.3997 recall=0.8163 auroc=0.8080
[EvalSplit][REF_SENSOR_HEAD][OVERLAP][SENSOR_WV3] count=2419 acc=0.7185 fpr=0.4176 recall=0.8282 auroc=0.8115
[EvalSplit][REF_SENSOR_HEAD][SINGLE][SENSOR_WV3] count=6638 acc=0.7261 fpr=0.3928 recall=0.8121 auroc=0.8071
Saved new best checkpoint: /transferdiniu2/yuyao/checkpoints/multi_sensor_overall/ovb_singlew_ctrl_all1/ckpt_best_test.pth (test_acc=0.7771, non_overlap_acc=0.7630)
[Cache][Warn] Low free space (97.56 GB) under /diniuvol/yuyao/local_train_temp_cache; falling back to remote reads.
[Cache][Warn] Low free space (97.56 GB) under /diniuvol/yuyao/local_train_temp_cache; falling back to remote reads.
[Cache][Warn] Low free space (97.56 GB) under /diniuvol/yuyao/local_train_temp_cache; falling back to remote reads.
[Cache][Warn] Low free space (97.56 GB) under /diniuvol/yuyao/local_train_temp_cache; falling back to remote reads.
[Cache][Warn] Low free space (97.56 GB) under /diniuvol/yuyao/local_train_temp_cache; falling back to remote reads.
[Cache][Warn] Low free space (97.56 GB) under /diniuvol/yuyao/local_train_temp_cache; falling back to remote reads.
[Cache][Warn] Low free space (97.56 GB) under /diniuvol/yuyao/local_train_temp_cache; falling back to remote reads.
[Cache][Warn] Low free space (97.56 GB) under /diniuvol/yuyao/local_train_temp_cache; falling back to remote reads.
Epoch 3 step 50/4225 train_loss=1.1210 train_acc=0.8469 fused_loss=0.3968 sensor_aux_loss=1.8712 kd_loss=0.0000 gate_loss=0.6539 single_fused_ce_loss=0.3725 single_weight_mean=1.0000 gate_mean=0.3657 s2_loss=0.2721 l89_loss=0.4067 s5p_loss=0.3979 wv3_loss=0.7946
Epoch 3 step 100/4225 train_loss=1.1236 train_acc=0.8531 fused_loss=0.2166 sensor_aux_loss=0.9701 kd_loss=0.0000 gate_loss=0.6170 single_fused_ce_loss=0.2406 single_weight_mean=1.0000 gate_mean=0.3989 s2_loss=0.1511 l89_loss=0.2093 s5p_loss=0.4421 wv3_loss=0.1675
Epoch 3 step 150/4225 train_loss=1.1146 train_acc=0.8571 fused_loss=0.3856 sensor_aux_loss=1.9726 kd_loss=0.0000 gate_loss=0.5028 single_fused_ce_loss=0.3452 single_weight_mean=1.0000 gate_mean=0.3550 s2_loss=0.3053 l89_loss=0.4535 s5p_loss=0.6295 wv3_loss=0.5842
Epoch 3 step 200/4225 train_loss=1.1126 train_acc=0.8559 fused_loss=0.3345 sensor_aux_loss=1.4954 kd_loss=0.0000 gate_loss=0.5295 single_fused_ce_loss=0.3410 single_weight_mean=1.0000 gate_mean=0.3625 s2_loss=0.2715 l89_loss=0.3661 s5p_loss=0.4639 wv3_loss=0.3939
Epoch 3 step 250/4225 train_loss=1.1064 train_acc=0.8562 fused_loss=0.2816 sensor_aux_loss=1.2803 kd_loss=0.0000 gate_loss=0.6812 single_fused_ce_loss=0.2800 single_weight_mean=1.0000 gate_mean=0.3848 s2_loss=0.1604 l89_loss=0.2759 s5p_loss=0.4464 wv3_loss=0.3977
Epoch 3 step 300/4225 train_loss=1.1057 train_acc=0.8571 fused_loss=0.2555 sensor_aux_loss=1.4430 kd_loss=0.0000 gate_loss=0.6154 single_fused_ce_loss=0.2095 single_weight_mean=1.0000 gate_mean=0.3848 s2_loss=0.1777 l89_loss=0.2797 s5p_loss=0.4822 wv3_loss=0.5033
Epoch 3 step 350/4225 train_loss=1.1070 train_acc=0.8562 fused_loss=0.3345 sensor_aux_loss=1.6020 kd_loss=0.0000 gate_loss=0.5953 single_fused_ce_loss=0.3642 single_weight_mean=1.0000 gate_mean=0.3740 s2_loss=0.1451 l89_loss=0.3909 s5p_loss=0.5740 wv3_loss=0.4920
Epoch 3 step 400/4225 train_loss=1.1109 train_acc=0.8555 fused_loss=0.4242 sensor_aux_loss=1.8254 kd_loss=0.0000 gate_loss=0.7214 single_fused_ce_loss=0.5470 single_weight_mean=1.0000 gate_mean=0.3750 s2_loss=0.5951 l89_loss=0.3176 s5p_loss=0.4434 wv3_loss=0.4692
Epoch 3 step 450/4225 train_loss=1.1099 train_acc=0.8565 fused_loss=0.4120 sensor_aux_loss=1.5734 kd_loss=0.0000 gate_loss=0.5696 single_fused_ce_loss=0.4733 single_weight_mean=1.0000 gate_mean=0.3713 s2_loss=0.4123 l89_loss=0.2751 s5p_loss=0.6663 wv3_loss=0.2197
Epoch 3 step 500/4225 train_loss=1.1051 train_acc=0.8562 fused_loss=0.3262 sensor_aux_loss=1.5938 kd_loss=0.0000 gate_loss=0.6867 single_fused_ce_loss=0.2993 single_weight_mean=1.0000 gate_mean=0.3555 s2_loss=0.2475 l89_loss=0.2923 s5p_loss=0.5599 wv3_loss=0.4940
Epoch 3 step 550/4225 train_loss=1.1046 train_acc=0.8574 fused_loss=0.2780 sensor_aux_loss=1.4589 kd_loss=0.0000 gate_loss=0.5374 single_fused_ce_loss=0.2619 single_weight_mean=1.0000 gate_mean=0.3772 s2_loss=0.2033 l89_loss=0.1974 s5p_loss=0.4966 wv3_loss=0.5616
Epoch 3 step 600/4225 train_loss=1.1054 train_acc=0.8569 fused_loss=0.3986 sensor_aux_loss=1.7252 kd_loss=0.0000 gate_loss=0.5623 single_fused_ce_loss=0.4490 single_weight_mean=1.0000 gate_mean=0.3787 s2_loss=0.4413 l89_loss=0.2464 s5p_loss=0.6603 wv3_loss=0.3773
Epoch 3 step 650/4225 train_loss=1.1042 train_acc=0.8568 fused_loss=0.3830 sensor_aux_loss=1.6244 kd_loss=0.0000 gate_loss=0.5493 single_fused_ce_loss=0.3969 single_weight_mean=1.0000 gate_mean=0.3892 s2_loss=0.2572 l89_loss=0.2506 s5p_loss=0.6864 wv3_loss=0.4303
Epoch 3 step 700/4225 train_loss=1.1042 train_acc=0.8567 fused_loss=0.2777 sensor_aux_loss=1.3766 kd_loss=0.0000 gate_loss=0.6179 single_fused_ce_loss=0.2938 single_weight_mean=1.0000 gate_mean=0.3672 s2_loss=0.2250 l89_loss=0.2195 s5p_loss=0.4801 wv3_loss=0.4519
Epoch 3 step 750/4225 train_loss=1.1046 train_acc=0.8568 fused_loss=0.2701 sensor_aux_loss=1.4213 kd_loss=0.0000 gate_loss=0.4782 single_fused_ce_loss=0.2153 single_weight_mean=1.0000 gate_mean=0.3174 s2_loss=0.3345 l89_loss=0.2013 s5p_loss=0.3716 wv3_loss=0.5140
Epoch 3 step 800/4225 train_loss=1.1045 train_acc=0.8568 fused_loss=0.4777 sensor_aux_loss=2.4145 kd_loss=0.0000 gate_loss=0.5290 single_fused_ce_loss=0.5254 single_weight_mean=1.0000 gate_mean=0.3665 s2_loss=0.3211 l89_loss=0.6482 s5p_loss=0.6882 wv3_loss=0.7569
Epoch 3 step 850/4225 train_loss=1.1035 train_acc=0.8569 fused_loss=0.2377 sensor_aux_loss=1.9705 kd_loss=0.0000 gate_loss=0.4461 single_fused_ce_loss=0.1894 single_weight_mean=1.0000 gate_mean=0.3130 s2_loss=0.1416 l89_loss=0.1689 s5p_loss=0.8621 wv3_loss=0.7979
Epoch 3 step 900/4225 train_loss=1.1007 train_acc=0.8580 fused_loss=0.3207 sensor_aux_loss=1.4246 kd_loss=0.0000 gate_loss=0.5529 single_fused_ce_loss=0.3796 single_weight_mean=1.0000 gate_mean=0.3196 s2_loss=0.2075 l89_loss=0.5541 s5p_loss=0.3868 wv3_loss=0.2762
Epoch 3 step 950/4225 train_loss=1.0998 train_acc=0.8586 fused_loss=0.4439 sensor_aux_loss=1.9865 kd_loss=0.0000 gate_loss=0.5146 single_fused_ce_loss=0.4286 single_weight_mean=1.0000 gate_mean=0.3528 s2_loss=0.5541 l89_loss=0.1913 s5p_loss=0.6372 wv3_loss=0.6039
Epoch 3 step 1000/4225 train_loss=1.0977 train_acc=0.8594 fused_loss=0.3995 sensor_aux_loss=1.5193 kd_loss=0.0000 gate_loss=0.5235 single_fused_ce_loss=0.4077 single_weight_mean=1.0000 gate_mean=0.3748 s2_loss=0.2180 l89_loss=0.3112 s5p_loss=0.4003 wv3_loss=0.5898
Epoch 3 step 1050/4225 train_loss=1.0965 train_acc=0.8596 fused_loss=0.2935 sensor_aux_loss=1.4009 kd_loss=0.0000 gate_loss=0.5799 single_fused_ce_loss=0.3008 single_weight_mean=1.0000 gate_mean=0.3594 s2_loss=0.3056 l89_loss=0.2838 s5p_loss=0.4460 wv3_loss=0.3655
Epoch 3 step 1100/4225 train_loss=1.0967 train_acc=0.8599 fused_loss=0.3124 sensor_aux_loss=1.4425 kd_loss=0.0000 gate_loss=0.6066 single_fused_ce_loss=0.3089 single_weight_mean=1.0000 gate_mean=0.3506 s2_loss=0.3116 l89_loss=0.1432 s5p_loss=0.5672 wv3_loss=0.4205
Epoch 3 step 1150/4225 train_loss=1.0956 train_acc=0.8603 fused_loss=0.4504 sensor_aux_loss=2.0802 kd_loss=0.0000 gate_loss=0.5999 single_fused_ce_loss=0.5241 single_weight_mean=1.0000 gate_mean=0.3425 s2_loss=0.3683 l89_loss=0.4943 s5p_loss=0.6603 wv3_loss=0.5573
Epoch 3 step 1200/4225 train_loss=1.0966 train_acc=0.8600 fused_loss=0.3409 sensor_aux_loss=1.7129 kd_loss=0.0000 gate_loss=0.5085 single_fused_ce_loss=0.3995 single_weight_mean=1.0000 gate_mean=0.3440 s2_loss=0.2530 l89_loss=0.1538 s5p_loss=0.3570 wv3_loss=0.9492
Epoch 3 step 1250/4225 train_loss=1.0981 train_acc=0.8598 fused_loss=0.5254 sensor_aux_loss=2.0241 kd_loss=0.0000 gate_loss=0.6104 single_fused_ce_loss=0.6203 single_weight_mean=1.0000 gate_mean=0.3528 s2_loss=0.6118 l89_loss=0.3073 s5p_loss=0.4976 wv3_loss=0.6074
Epoch 3 step 1300/4225 train_loss=1.0970 train_acc=0.8598 fused_loss=0.3389 sensor_aux_loss=1.8003 kd_loss=0.0000 gate_loss=0.5328 single_fused_ce_loss=0.2686 single_weight_mean=1.0000 gate_mean=0.3643 s2_loss=0.3135 l89_loss=0.5363 s5p_loss=0.3705 wv3_loss=0.5801
Epoch 3 step 1350/4225 train_loss=1.0965 train_acc=0.8596 fused_loss=0.3633 sensor_aux_loss=1.6598 kd_loss=0.0000 gate_loss=0.5731 single_fused_ce_loss=0.3731 single_weight_mean=1.0000 gate_mean=0.3291 s2_loss=0.3931 l89_loss=0.4547 s5p_loss=0.2905 wv3_loss=0.5214
Epoch 3 step 1400/4225 train_loss=1.0964 train_acc=0.8597 fused_loss=0.3194 sensor_aux_loss=1.4745 kd_loss=0.0000 gate_loss=0.5854 single_fused_ce_loss=0.3595 single_weight_mean=1.0000 gate_mean=0.3523 s2_loss=0.2983 l89_loss=0.3182 s5p_loss=0.4179 wv3_loss=0.4401
Epoch 3 step 1450/4225 train_loss=1.0944 train_acc=0.8606 fused_loss=0.3939 sensor_aux_loss=2.3024 kd_loss=0.0000 gate_loss=0.5299 single_fused_ce_loss=0.3945 single_weight_mean=1.0000 gate_mean=0.3569 s2_loss=0.2793 l89_loss=0.4212 s5p_loss=1.3780 wv3_loss=0.2238
Epoch 3 step 1500/4225 train_loss=1.0946 train_acc=0.8611 fused_loss=0.3519 sensor_aux_loss=1.5600 kd_loss=0.0000 gate_loss=0.6447 single_fused_ce_loss=0.4257 single_weight_mean=1.0000 gate_mean=0.3652 s2_loss=0.2680 l89_loss=0.3397 s5p_loss=0.5468 wv3_loss=0.4056
Epoch 3 step 1550/4225 train_loss=1.0941 train_acc=0.8616 fused_loss=0.3893 sensor_aux_loss=1.8840 kd_loss=0.0000 gate_loss=0.6307 single_fused_ce_loss=0.4245 single_weight_mean=1.0000 gate_mean=0.3894 s2_loss=0.1594 l89_loss=0.4347 s5p_loss=0.5648 wv3_loss=0.7251
Epoch 3 step 1600/4225 train_loss=1.0947 train_acc=0.8617 fused_loss=0.3610 sensor_aux_loss=1.7331 kd_loss=0.0000 gate_loss=0.6350 single_fused_ce_loss=0.3348 single_weight_mean=1.0000 gate_mean=0.3591 s2_loss=0.4616 l89_loss=0.2843 s5p_loss=0.5668 wv3_loss=0.4204
Epoch 3 step 1650/4225 train_loss=1.0933 train_acc=0.8620 fused_loss=0.4124 sensor_aux_loss=1.8322 kd_loss=0.0000 gate_loss=0.5792 single_fused_ce_loss=0.4660 single_weight_mean=1.0000 gate_mean=0.3564 s2_loss=0.2991 l89_loss=0.3636 s5p_loss=0.6244 wv3_loss=0.5452
Epoch 3 step 1700/4225 train_loss=1.0926 train_acc=0.8622 fused_loss=0.4027 sensor_aux_loss=1.9153 kd_loss=0.0000 gate_loss=0.5851 single_fused_ce_loss=0.4286 single_weight_mean=1.0000 gate_mean=0.3772 s2_loss=0.3882 l89_loss=0.4872 s5p_loss=0.4764 wv3_loss=0.5635
Epoch 3 step 1750/4225 train_loss=1.0935 train_acc=0.8620 fused_loss=0.4735 sensor_aux_loss=2.1601 kd_loss=0.0000 gate_loss=0.6345 single_fused_ce_loss=0.5164 single_weight_mean=1.0000 gate_mean=0.3564 s2_loss=0.3248 l89_loss=0.2936 s5p_loss=0.7560 wv3_loss=0.7857
Epoch 3 step 1800/4225 train_loss=1.0930 train_acc=0.8622 fused_loss=0.4065 sensor_aux_loss=2.2123 kd_loss=0.0000 gate_loss=0.4838 single_fused_ce_loss=0.3551 single_weight_mean=1.0000 gate_mean=0.3345 s2_loss=0.3238 l89_loss=1.1252 s5p_loss=0.4478 wv3_loss=0.3155
Epoch 3 step 1850/4225 train_loss=1.0933 train_acc=0.8617 fused_loss=0.3414 sensor_aux_loss=1.8830 kd_loss=0.0000 gate_loss=0.6570 single_fused_ce_loss=0.2957 single_weight_mean=1.0000 gate_mean=0.3633 s2_loss=0.3166 l89_loss=0.2246 s5p_loss=0.7832 wv3_loss=0.5586
Epoch 3 step 1900/4225 train_loss=1.0929 train_acc=0.8618 fused_loss=0.4403 sensor_aux_loss=1.8235 kd_loss=0.0000 gate_loss=0.6883 single_fused_ce_loss=0.5106 single_weight_mean=1.0000 gate_mean=0.3596 s2_loss=0.3876 l89_loss=0.5618 s5p_loss=0.5300 wv3_loss=0.3441
Epoch 3 step 1950/4225 train_loss=1.0943 train_acc=0.8614 fused_loss=0.3529 sensor_aux_loss=1.7185 kd_loss=0.0000 gate_loss=0.5660 single_fused_ce_loss=0.3479 single_weight_mean=1.0000 gate_mean=0.3557 s2_loss=0.2446 l89_loss=0.3561 s5p_loss=0.6227 wv3_loss=0.4951
Epoch 3 step 2000/4225 train_loss=1.0927 train_acc=0.8619 fused_loss=0.3382 sensor_aux_loss=1.8649 kd_loss=0.0000 gate_loss=0.5498 single_fused_ce_loss=0.3458 single_weight_mean=1.0000 gate_mean=0.3481 s2_loss=0.2878 l89_loss=0.5901 s5p_loss=0.4316 wv3_loss=0.5554
Epoch 3 step 2050/4225 train_loss=1.0925 train_acc=0.8619 fused_loss=0.4635 sensor_aux_loss=2.3051 kd_loss=0.0000 gate_loss=0.6183 single_fused_ce_loss=0.5582 single_weight_mean=1.0000 gate_mean=0.3440 s2_loss=0.3497 l89_loss=0.2375 s5p_loss=0.9201 wv3_loss=0.7977
Epoch 3 step 2100/4225 train_loss=1.0913 train_acc=0.8624 fused_loss=0.4894 sensor_aux_loss=2.3753 kd_loss=0.0000 gate_loss=0.5779 single_fused_ce_loss=0.4144 single_weight_mean=1.0000 gate_mean=0.3369 s2_loss=0.3207 l89_loss=0.5806 s5p_loss=0.6859 wv3_loss=0.7882
Epoch 3 step 2150/4225 train_loss=1.0912 train_acc=0.8626 fused_loss=0.3440 sensor_aux_loss=1.6996 kd_loss=0.0000 gate_loss=0.6094 single_fused_ce_loss=0.3130 single_weight_mean=1.0000 gate_mean=0.3486 s2_loss=0.3570 l89_loss=0.4346 s5p_loss=0.4875 wv3_loss=0.4205
Epoch 3 step 2200/4225 train_loss=1.0907 train_acc=0.8628 fused_loss=0.4090 sensor_aux_loss=1.6823 kd_loss=0.0000 gate_loss=0.5754 single_fused_ce_loss=0.4242 single_weight_mean=1.0000 gate_mean=0.3494 s2_loss=0.3824 l89_loss=0.3563 s5p_loss=0.3647 wv3_loss=0.5788
Epoch 3 step 2250/4225 train_loss=1.0914 train_acc=0.8626 fused_loss=0.3740 sensor_aux_loss=1.5117 kd_loss=0.0000 gate_loss=0.7318 single_fused_ce_loss=0.5024 single_weight_mean=1.0000 gate_mean=0.3721 s2_loss=0.3722 l89_loss=0.3508 s5p_loss=0.4607 wv3_loss=0.3281
Epoch 3 step 2300/4225 train_loss=1.0906 train_acc=0.8628 fused_loss=0.3351 sensor_aux_loss=1.5056 kd_loss=0.0000 gate_loss=0.5835 single_fused_ce_loss=0.3298 single_weight_mean=1.0000 gate_mean=0.3853 s2_loss=0.2664 l89_loss=0.3718 s5p_loss=0.3140 wv3_loss=0.5533
Epoch 3 step 2350/4225 train_loss=1.0908 train_acc=0.8628 fused_loss=0.3521 sensor_aux_loss=1.8171 kd_loss=0.0000 gate_loss=0.6484 single_fused_ce_loss=0.3043 single_weight_mean=1.0000 gate_mean=0.3914 s2_loss=0.5753 l89_loss=0.3111 s5p_loss=0.5590 wv3_loss=0.3717
Epoch 3 step 2400/4225 train_loss=1.0916 train_acc=0.8623 fused_loss=0.5193 sensor_aux_loss=2.3611 kd_loss=0.0000 gate_loss=0.6011 single_fused_ce_loss=0.4817 single_weight_mean=1.0000 gate_mean=0.3574 s2_loss=0.4936 l89_loss=0.4140 s5p_loss=0.5148 wv3_loss=0.9387
Epoch 3 step 2450/4225 train_loss=1.0914 train_acc=0.8623 fused_loss=0.3487 sensor_aux_loss=1.7350 kd_loss=0.0000 gate_loss=0.5190 single_fused_ce_loss=0.3990 single_weight_mean=1.0000 gate_mean=0.3601 s2_loss=0.1567 l89_loss=0.3630 s5p_loss=0.5495 wv3_loss=0.6657
Epoch 3 step 2500/4225 train_loss=1.0905 train_acc=0.8625 fused_loss=0.5934 sensor_aux_loss=2.2755 kd_loss=0.0000 gate_loss=0.5985 single_fused_ce_loss=0.6329 single_weight_mean=1.0000 gate_mean=0.3926 s2_loss=0.5145 l89_loss=0.5717 s5p_loss=0.8742 wv3_loss=0.3151
Epoch 3 step 2550/4225 train_loss=1.0905 train_acc=0.8625 fused_loss=0.3452 sensor_aux_loss=1.7772 kd_loss=0.0000 gate_loss=0.5183 single_fused_ce_loss=0.3467 single_weight_mean=1.0000 gate_mean=0.3748 s2_loss=0.2266 l89_loss=0.4322 s5p_loss=0.4247 wv3_loss=0.6937
Epoch 3 step 2600/4225 train_loss=1.0903 train_acc=0.8626 fused_loss=0.4372 sensor_aux_loss=2.1875 kd_loss=0.0000 gate_loss=0.6301 single_fused_ce_loss=0.4078 single_weight_mean=1.0000 gate_mean=0.3748 s2_loss=0.1724 l89_loss=0.5805 s5p_loss=0.6702 wv3_loss=0.7644
Epoch 3 step 2650/4225 train_loss=1.0900 train_acc=0.8627 fused_loss=0.3576 sensor_aux_loss=1.7300 kd_loss=0.0000 gate_loss=0.5996 single_fused_ce_loss=0.3938 single_weight_mean=1.0000 gate_mean=0.3696 s2_loss=0.2919 l89_loss=0.5041 s5p_loss=0.3049 wv3_loss=0.6290
Epoch 3 step 2700/4225 train_loss=1.0882 train_acc=0.8632 fused_loss=0.3969 sensor_aux_loss=1.4985 kd_loss=0.0000 gate_loss=0.6267 single_fused_ce_loss=0.5217 single_weight_mean=1.0000 gate_mean=0.3596 s2_loss=0.4164 l89_loss=0.3939 s5p_loss=0.4182 wv3_loss=0.2701
Epoch 3 step 2750/4225 train_loss=1.0872 train_acc=0.8636 fused_loss=0.3478 sensor_aux_loss=1.5984 kd_loss=0.0000 gate_loss=0.5885 single_fused_ce_loss=0.3732 single_weight_mean=1.0000 gate_mean=0.3660 s2_loss=0.3811 l89_loss=0.2464 s5p_loss=0.6230 wv3_loss=0.3480
Epoch 3 step 2800/4225 train_loss=1.0870 train_acc=0.8637 fused_loss=0.4813 sensor_aux_loss=2.5679 kd_loss=0.0000 gate_loss=0.6231 single_fused_ce_loss=0.4482 single_weight_mean=1.0000 gate_mean=0.3921 s2_loss=0.2059 l89_loss=0.5823 s5p_loss=0.6532 wv3_loss=1.1265
Epoch 3 step 2850/4225 train_loss=1.0867 train_acc=0.8637 fused_loss=0.4100 sensor_aux_loss=1.9332 kd_loss=0.0000 gate_loss=0.5812 single_fused_ce_loss=0.4444 single_weight_mean=1.0000 gate_mean=0.3718 s2_loss=0.2814 l89_loss=0.2540 s5p_loss=0.7913 wv3_loss=0.6065
Epoch 3 step 2900/4225 train_loss=1.0863 train_acc=0.8637 fused_loss=0.4467 sensor_aux_loss=1.9328 kd_loss=0.0000 gate_loss=0.5690 single_fused_ce_loss=0.4254 single_weight_mean=1.0000 gate_mean=0.3672 s2_loss=0.3350 l89_loss=0.3199 s5p_loss=0.6910 wv3_loss=0.5869
Epoch 3 step 2950/4225 train_loss=1.0858 train_acc=0.8637 fused_loss=0.4271 sensor_aux_loss=1.5578 kd_loss=0.0000 gate_loss=0.6078 single_fused_ce_loss=0.5875 single_weight_mean=1.0000 gate_mean=0.3738 s2_loss=0.4749 l89_loss=0.3265 s5p_loss=0.5679 wv3_loss=0.1884
Epoch 3 step 3000/4225 train_loss=1.0863 train_acc=0.8635 fused_loss=0.4852 sensor_aux_loss=2.0805 kd_loss=0.0000 gate_loss=0.5679 single_fused_ce_loss=0.4553 single_weight_mean=1.0000 gate_mean=0.3738 s2_loss=0.4543 l89_loss=0.6553 s5p_loss=0.5898 wv3_loss=0.3812
Epoch 3 step 3050/4225 train_loss=1.0856 train_acc=0.8635 fused_loss=0.3589 sensor_aux_loss=1.7473 kd_loss=0.0000 gate_loss=0.5263 single_fused_ce_loss=0.3449 single_weight_mean=1.0000 gate_mean=0.3699 s2_loss=0.2109 l89_loss=0.3433 s5p_loss=0.6634 wv3_loss=0.5296
Epoch 3 step 3100/4225 train_loss=1.0856 train_acc=0.8634 fused_loss=0.3303 sensor_aux_loss=1.7845 kd_loss=0.0000 gate_loss=0.5130 single_fused_ce_loss=0.3233 single_weight_mean=1.0000 gate_mean=0.3577 s2_loss=0.2190 l89_loss=0.4455 s5p_loss=0.4679 wv3_loss=0.6521
Epoch 3 step 3150/4225 train_loss=1.0857 train_acc=0.8634 fused_loss=0.4114 sensor_aux_loss=1.8676 kd_loss=0.0000 gate_loss=0.5985 single_fused_ce_loss=0.4700 single_weight_mean=1.0000 gate_mean=0.3718 s2_loss=0.2898 l89_loss=0.4781 s5p_loss=0.6827 wv3_loss=0.4170
Epoch 3 step 3200/4225 train_loss=1.0847 train_acc=0.8636 fused_loss=0.3014 sensor_aux_loss=1.2558 kd_loss=0.0000 gate_loss=0.6055 single_fused_ce_loss=0.3360 single_weight_mean=1.0000 gate_mean=0.3936 s2_loss=0.1801 l89_loss=0.2668 s5p_loss=0.4407 wv3_loss=0.3682
Epoch 3 step 3250/4225 train_loss=1.0846 train_acc=0.8636 fused_loss=0.3594 sensor_aux_loss=1.4726 kd_loss=0.0000 gate_loss=0.6605 single_fused_ce_loss=0.4484 single_weight_mean=1.0000 gate_mean=0.3718 s2_loss=0.3062 l89_loss=0.2087 s5p_loss=0.6051 wv3_loss=0.3526
Epoch 3 step 3300/4225 train_loss=1.0836 train_acc=0.8639 fused_loss=0.4337 sensor_aux_loss=1.9143 kd_loss=0.0000 gate_loss=0.5341 single_fused_ce_loss=0.4543 single_weight_mean=1.0000 gate_mean=0.3550 s2_loss=0.4603 l89_loss=0.3395 s5p_loss=0.4307 wv3_loss=0.6838
Epoch 3 step 3350/4225 train_loss=1.0833 train_acc=0.8640 fused_loss=0.2873 sensor_aux_loss=1.3707 kd_loss=0.0000 gate_loss=0.5005 single_fused_ce_loss=0.2236 single_weight_mean=1.0000 gate_mean=0.3584 s2_loss=0.3157 l89_loss=0.3775 s5p_loss=0.2871 wv3_loss=0.3903
Epoch 3 step 3400/4225 train_loss=1.0831 train_acc=0.8639 fused_loss=0.2487 sensor_aux_loss=1.1909 kd_loss=0.0000 gate_loss=0.5312 single_fused_ce_loss=0.2606 single_weight_mean=1.0000 gate_mean=0.3445 s2_loss=0.1862 l89_loss=0.2532 s5p_loss=0.3021 wv3_loss=0.4494
Epoch 3 step 3450/4225 train_loss=1.0827 train_acc=0.8639 fused_loss=0.2715 sensor_aux_loss=1.2905 kd_loss=0.0000 gate_loss=0.5563 single_fused_ce_loss=0.2897 single_weight_mean=1.0000 gate_mean=0.3452 s2_loss=0.2223 l89_loss=0.1910 s5p_loss=0.7465 wv3_loss=0.1307
Epoch 3 step 3500/4225 train_loss=1.0824 train_acc=0.8641 fused_loss=0.5193 sensor_aux_loss=2.0191 kd_loss=0.0000 gate_loss=0.6340 single_fused_ce_loss=0.6337 single_weight_mean=1.0000 gate_mean=0.3823 s2_loss=0.3809 l89_loss=0.5344 s5p_loss=0.6735 wv3_loss=0.4304
Epoch 3 step 3550/4225 train_loss=1.0818 train_acc=0.8642 fused_loss=0.2929 sensor_aux_loss=1.6078 kd_loss=0.0000 gate_loss=0.6964 single_fused_ce_loss=0.2129 single_weight_mean=1.0000 gate_mean=0.3640 s2_loss=0.2356 l89_loss=0.3739 s5p_loss=0.4414 wv3_loss=0.5569
Epoch 3 step 3600/4225 train_loss=1.0814 train_acc=0.8642 fused_loss=0.3187 sensor_aux_loss=1.3657 kd_loss=0.0000 gate_loss=0.5798 single_fused_ce_loss=0.3530 single_weight_mean=1.0000 gate_mean=0.3657 s2_loss=0.2278 l89_loss=0.4523 s5p_loss=0.3592 wv3_loss=0.3263
Epoch 3 step 3650/4225 train_loss=1.0812 train_acc=0.8643 fused_loss=0.4910 sensor_aux_loss=2.0632 kd_loss=0.0000 gate_loss=0.6357 single_fused_ce_loss=0.4870 single_weight_mean=1.0000 gate_mean=0.3643 s2_loss=0.6238 l89_loss=0.5493 s5p_loss=0.4352 wv3_loss=0.4549
Epoch 3 step 3700/4225 train_loss=1.0808 train_acc=0.8644 fused_loss=0.3959 sensor_aux_loss=1.9648 kd_loss=0.0000 gate_loss=0.6315 single_fused_ce_loss=0.3708 single_weight_mean=1.0000 gate_mean=0.3704 s2_loss=0.4146 l89_loss=0.2967 s5p_loss=0.6219 wv3_loss=0.6316
Epoch 3 step 3750/4225 train_loss=1.0804 train_acc=0.8645 fused_loss=0.3243 sensor_aux_loss=1.4716 kd_loss=0.0000 gate_loss=0.5276 single_fused_ce_loss=0.3585 single_weight_mean=1.0000 gate_mean=0.3660 s2_loss=0.2428 l89_loss=0.2491 s5p_loss=0.6339 wv3_loss=0.3458
Epoch 3 step 3800/4225 train_loss=1.0799 train_acc=0.8647 fused_loss=0.3128 sensor_aux_loss=1.5688 kd_loss=0.0000 gate_loss=0.6130 single_fused_ce_loss=0.3392 single_weight_mean=1.0000 gate_mean=0.3625 s2_loss=0.1806 l89_loss=0.3999 s5p_loss=0.5114 wv3_loss=0.4769
Epoch 3 step 3850/4225 train_loss=1.0797 train_acc=0.8648 fused_loss=0.3793 sensor_aux_loss=1.4134 kd_loss=0.0000 gate_loss=0.5384 single_fused_ce_loss=0.4102 single_weight_mean=1.0000 gate_mean=0.3748 s2_loss=0.2106 l89_loss=0.1776 s5p_loss=0.3683 wv3_loss=0.6568
Epoch 3 step 3900/4225 train_loss=1.0789 train_acc=0.8651 fused_loss=0.2871 sensor_aux_loss=1.7203 kd_loss=0.0000 gate_loss=0.5967 single_fused_ce_loss=0.2135 single_weight_mean=1.0000 gate_mean=0.3767 s2_loss=0.1629 l89_loss=0.4144 s5p_loss=0.4760 wv3_loss=0.6670
Epoch 3 step 3950/4225 train_loss=1.0784 train_acc=0.8652 fused_loss=0.2024 sensor_aux_loss=1.0958 kd_loss=0.0000 gate_loss=0.6217 single_fused_ce_loss=0.1893 single_weight_mean=1.0000 gate_mean=0.3911 s2_loss=0.2774 l89_loss=0.2696 s5p_loss=0.3918 wv3_loss=0.1570
Epoch 3 step 4000/4225 train_loss=1.0779 train_acc=0.8653 fused_loss=0.3495 sensor_aux_loss=1.5923 kd_loss=0.0000 gate_loss=0.6397 single_fused_ce_loss=0.3866 single_weight_mean=1.0000 gate_mean=0.3833 s2_loss=0.1684 l89_loss=0.4997 s5p_loss=0.5519 wv3_loss=0.3723
Epoch 3 step 4050/4225 train_loss=1.0777 train_acc=0.8652 fused_loss=0.4125 sensor_aux_loss=1.7722 kd_loss=0.0000 gate_loss=0.5163 single_fused_ce_loss=0.4373 single_weight_mean=1.0000 gate_mean=0.3721 s2_loss=0.3284 l89_loss=0.2153 s5p_loss=0.3766 wv3_loss=0.8519
Epoch 3 step 4100/4225 train_loss=1.0775 train_acc=0.8653 fused_loss=0.4640 sensor_aux_loss=1.7040 kd_loss=0.0000 gate_loss=0.5825 single_fused_ce_loss=0.5287 single_weight_mean=1.0000 gate_mean=0.3455 s2_loss=0.6046 l89_loss=0.3351 s5p_loss=0.4122 wv3_loss=0.3521
Epoch 3 step 4150/4225 train_loss=1.0766 train_acc=0.8654 fused_loss=0.2815 sensor_aux_loss=1.3012 kd_loss=0.0000 gate_loss=0.5917 single_fused_ce_loss=0.2966 single_weight_mean=1.0000 gate_mean=0.3792 s2_loss=0.1401 l89_loss=0.3981 s5p_loss=0.3872 wv3_loss=0.3757
Epoch 3 step 4200/4225 train_loss=1.0759 train_acc=0.8656 fused_loss=0.4765 sensor_aux_loss=1.9968 kd_loss=0.0000 gate_loss=0.5800 single_fused_ce_loss=0.4627 single_weight_mean=1.0000 gate_mean=0.4014 s2_loss=0.5879 l89_loss=0.2872 s5p_loss=0.6743 wv3_loss=0.4475
[Cache][Warn] Low free space (97.51 GB) under /diniuvol/yuyao/local_train_temp_cache; falling back to remote reads.
[Cache][Warn] Low free space (97.51 GB) under /diniuvol/yuyao/local_train_temp_cache; falling back to remote reads.
[Cache][Warn] Low free space (97.51 GB) under /diniuvol/yuyao/local_train_temp_cache; falling back to remote reads.
[Cache][Warn] Low free space (97.51 GB) under /diniuvol/yuyao/local_train_temp_cache; falling back to remote reads.
[Cache][Warn] Low free space (97.51 GB) under /diniuvol/yuyao/local_train_temp_cache; falling back to remote reads.
[Cache][Warn] Low free space (97.51 GB) under /diniuvol/yuyao/local_train_temp_cache; falling back to remote reads.
[Cache][Warn] Low free space (97.51 GB) under /diniuvol/yuyao/local_train_temp_cache; falling back to remote reads.
[Cache][Warn] Low free space (97.51 GB) under /diniuvol/yuyao/local_train_temp_cache; falling back to remote reads.
Epoch 3: train_loss=1.0759 train_acc=0.8656 test_loss=0.7518 test_acc=0.7871 test_fpr=0.1567 test_recall=0.7354 test_auroc=0.8696 train_fused_loss=0.3642 train_sensor_aux_loss=1.7095 train_kd_loss=0.0000 train_gate_loss=0.5838 train_single_fused_ce_loss=0.3742 train_single_weight_mean=1.0000 train_gate_mean=0.3653 eval_gate_mean_all=0.3749 eval_gate_mean_overlap=0.3878 eval_gate_mean_single=0.3697
[EvalSplit][FUSED][ALL][OVERALL] count=33657 acc=0.7871 fpr=0.1567 recall=0.7354 auroc=0.8696
[EvalSplit][FUSED][OVERLAP][OVERALL] count=9722 acc=0.8340 fpr=0.1561 recall=0.8247 auroc=0.9133
[EvalSplit][FUSED][SINGLE][OVERALL] count=23935 acc=0.7681 fpr=0.1570 recall=0.6997 auroc=0.8564
[EvalSplit][REF_ROW][ALL][OVERALL] count=33657 acc=0.7830 fpr=0.1585 recall=0.7291 auroc=0.8647
[EvalSplit][REF_ROW][OVERLAP][OVERALL] count=9722 acc=0.8232 fpr=0.1674 recall=0.8143 auroc=0.9089
[EvalSplit][REF_ROW][SINGLE][OVERALL] count=23935 acc=0.7667 fpr=0.1549 recall=0.6951 auroc=0.8544
[EvalSplit][FUSED][ALL][SENSOR_S2] count=15649 acc=0.8559 fpr=0.1295 recall=0.8413 auroc=0.9286
[EvalSplit][FUSED][OVERLAP][SENSOR_S2] count=5629 acc=0.8796 fpr=0.1462 recall=0.9052 auroc=0.9522
[EvalSplit][FUSED][SINGLE][SENSOR_S2] count=10020 acc=0.8426 fpr=0.1201 recall=0.8055 auroc=0.9228
[EvalSplit][FUSED][ALL][SENSOR_L89] count=10860 acc=0.7709 fpr=0.1866 recall=0.7287 auroc=0.8452
[EvalSplit][FUSED][OVERLAP][SENSOR_L89] count=4650 acc=0.8129 fpr=0.1506 recall=0.7777 auroc=0.8910
[EvalSplit][FUSED][SINGLE][SENSOR_L89] count=6210 acc=0.7395 fpr=0.2129 recall=0.6911 auroc=0.8140
[EvalSplit][FUSED][ALL][SENSOR_S5P] count=8173 acc=0.8007 fpr=0.1987 recall=0.8001 auroc=0.8810
[EvalSplit][FUSED][OVERLAP][SENSOR_S5P] count=7106 acc=0.8273 fpr=0.1752 recall=0.8297 auroc=0.9073
[EvalSplit][FUSED][SINGLE][SENSOR_S5P] count=1067 acc=0.6232 fpr=0.3574 recall=0.6054 auroc=0.6682
[EvalSplit][FUSED][ALL][SENSOR_WV3] count=9057 acc=0.7287 fpr=0.1239 recall=0.6190 auroc=0.8296
[EvalSplit][FUSED][OVERLAP][SENSOR_WV3] count=2419 acc=0.7921 fpr=0.1250 recall=0.7252 auroc=0.8967
[EvalSplit][FUSED][SINGLE][SENSOR_WV3] count=6638 acc=0.7056 fpr=0.1235 recall=0.5821 auroc=0.8050
[EvalSplit][REF_SENSOR_HEAD][ALL][SENSOR_S2] count=15649 acc=0.8406 fpr=0.1324 recall=0.8137 auroc=0.9252
[EvalSplit][REF_SENSOR_HEAD][OVERLAP][SENSOR_S2] count=5629 acc=0.8399 fpr=0.1465 recall=0.8264 auroc=0.9311
[EvalSplit][REF_SENSOR_HEAD][SINGLE][SENSOR_S2] count=10020 acc=0.8409 fpr=0.1245 recall=0.8065 auroc=0.9218
[EvalSplit][REF_SENSOR_HEAD][ALL][SENSOR_L89] count=10860 acc=0.7509 fpr=0.2082 recall=0.7104 auroc=0.8239
[EvalSplit][REF_SENSOR_HEAD][OVERLAP][SENSOR_L89] count=4650 acc=0.7686 fpr=0.2045 recall=0.7426 auroc=0.8389
[EvalSplit][REF_SENSOR_HEAD][SINGLE][SENSOR_L89] count=6210 acc=0.7377 fpr=0.2110 recall=0.6856 auroc=0.8108
[EvalSplit][REF_SENSOR_HEAD][ALL][SENSOR_S5P] count=8173 acc=0.6487 fpr=0.5348 recall=0.8213 auroc=0.7001
[EvalSplit][REF_SENSOR_HEAD][OVERLAP][SENSOR_S5P] count=7106 acc=0.6513 fpr=0.5606 recall=0.8510 auroc=0.7066
[EvalSplit][REF_SENSOR_HEAD][SINGLE][SENSOR_S5P] count=1067 acc=0.6317 fpr=0.3613 recall=0.6252 auroc=0.6675
[EvalSplit][REF_SENSOR_HEAD][ALL][SENSOR_WV3] count=9057 acc=0.7048 fpr=0.1133 recall=0.5693 auroc=0.8051
[EvalSplit][REF_SENSOR_HEAD][OVERLAP][SENSOR_WV3] count=2419 acc=0.7086 fpr=0.1259 recall=0.5751 auroc=0.8054
[EvalSplit][REF_SENSOR_HEAD][SINGLE][SENSOR_WV3] count=6638 acc=0.7034 fpr=0.1084 recall=0.5674 auroc=0.8052
Saved new best checkpoint: /transferdiniu2/yuyao/checkpoints/multi_sensor_overall/ovb_singlew_ctrl_all1/ckpt_best_test.pth (test_acc=0.7871, non_overlap_acc=0.7681)
[Cache][Warn] Low free space (97.51 GB) under /diniuvol/yuyao/local_train_temp_cache; falling back to remote reads.
[Cache][Warn] Low free space (97.51 GB) under /diniuvol/yuyao/local_train_temp_cache; falling back to remote reads.
[Cache][Warn] Low free space (97.51 GB) under /diniuvol/yuyao/local_train_temp_cache; falling back to remote reads.
[Cache][Warn] Low free space (97.51 GB) under /diniuvol/yuyao/local_train_temp_cache; falling back to remote reads.
[Cache][Warn] Low free space (97.51 GB) under /diniuvol/yuyao/local_train_temp_cache; falling back to remote reads.
[Cache][Warn] Low free space (97.51 GB) under /diniuvol/yuyao/local_train_temp_cache; falling back to remote reads.
[Cache][Warn] Low free space (97.51 GB) under /diniuvol/yuyao/local_train_temp_cache; falling back to remote reads.
[Cache][Warn] Low free space (97.51 GB) under /diniuvol/yuyao/local_train_temp_cache; falling back to remote reads.
Epoch 4 step 50/4225 train_loss=1.0368 train_acc=0.8806 fused_loss=0.3872 sensor_aux_loss=1.7291 kd_loss=0.0000 gate_loss=0.4982 single_fused_ce_loss=0.4012 single_weight_mean=1.0000 gate_mean=0.3667 s2_loss=0.2828 l89_loss=0.2404 s5p_loss=0.4381 wv3_loss=0.7678
Epoch 4 step 100/4225 train_loss=1.0405 train_acc=0.8775 fused_loss=0.3206 sensor_aux_loss=1.5133 kd_loss=0.0000 gate_loss=0.6075 single_fused_ce_loss=0.3319 single_weight_mean=1.0000 gate_mean=0.3774 s2_loss=0.2455 l89_loss=0.1786 s5p_loss=0.4825 wv3_loss=0.6067
Epoch 4 step 150/4225 train_loss=1.0487 train_acc=0.8752 fused_loss=0.4002 sensor_aux_loss=1.9805 kd_loss=0.0000 gate_loss=0.5699 single_fused_ce_loss=0.3839 single_weight_mean=1.0000 gate_mean=0.3743 s2_loss=0.3448 l89_loss=0.4039 s5p_loss=0.7474 wv3_loss=0.4844
Epoch 4 step 200/4225 train_loss=1.0409 train_acc=0.8748 fused_loss=0.4359 sensor_aux_loss=1.7958 kd_loss=0.0000 gate_loss=0.5395 single_fused_ce_loss=0.4805 single_weight_mean=1.0000 gate_mean=0.3672 s2_loss=0.4398 l89_loss=0.4519 s5p_loss=0.5466 wv3_loss=0.3574
Epoch 4 step 250/4225 train_loss=1.0348 train_acc=0.8760 fused_loss=0.3484 sensor_aux_loss=1.6519 kd_loss=0.0000 gate_loss=0.5663 single_fused_ce_loss=0.3551 single_weight_mean=1.0000 gate_mean=0.3667 s2_loss=0.4683 l89_loss=0.2282 s5p_loss=0.5018 wv3_loss=0.4536
Epoch 4 step 300/4225 train_loss=1.0367 train_acc=0.8746 fused_loss=0.4271 sensor_aux_loss=1.7905 kd_loss=0.0000 gate_loss=0.6480 single_fused_ce_loss=0.5063 single_weight_mean=1.0000 gate_mean=0.3760 s2_loss=0.3863 l89_loss=0.3553 s5p_loss=0.5510 wv3_loss=0.4978
Epoch 4 step 350/4225 train_loss=1.0335 train_acc=0.8756 fused_loss=0.3052 sensor_aux_loss=1.5130 kd_loss=0.0000 gate_loss=0.6274 single_fused_ce_loss=0.3083 single_weight_mean=1.0000 gate_mean=0.3831 s2_loss=0.2290 l89_loss=0.4210 s5p_loss=0.4620 wv3_loss=0.4009
Epoch 4 step 400/4225 train_loss=1.0343 train_acc=0.8762 fused_loss=0.2268 sensor_aux_loss=1.1710 kd_loss=0.0000 gate_loss=0.6025 single_fused_ce_loss=0.2629 single_weight_mean=1.0000 gate_mean=0.3613 s2_loss=0.2159 l89_loss=0.1975 s5p_loss=0.5086 wv3_loss=0.2489
Epoch 4 step 450/4225 train_loss=1.0325 train_acc=0.8770 fused_loss=0.4496 sensor_aux_loss=1.7980 kd_loss=0.0000 gate_loss=0.6016 single_fused_ce_loss=0.5130 single_weight_mean=1.0000 gate_mean=0.3809 s2_loss=0.6413 l89_loss=0.3013 s5p_loss=0.4870 wv3_loss=0.3685
Epoch 4 step 500/4225 train_loss=1.0312 train_acc=0.8782 fused_loss=0.3598 sensor_aux_loss=1.4127 kd_loss=0.0000 gate_loss=0.6452 single_fused_ce_loss=0.4232 single_weight_mean=1.0000 gate_mean=0.3835 s2_loss=0.4261 l89_loss=0.2110 s5p_loss=0.3597 wv3_loss=0.4160
Epoch 4 step 550/4225 train_loss=1.0339 train_acc=0.8765 fused_loss=0.2969 sensor_aux_loss=1.3824 kd_loss=0.0000 gate_loss=0.6292 single_fused_ce_loss=0.3345 single_weight_mean=1.0000 gate_mean=0.3696 s2_loss=0.2148 l89_loss=0.2707 s5p_loss=0.4513 wv3_loss=0.4456
Epoch 4 step 600/4225 train_loss=1.0317 train_acc=0.8767 fused_loss=0.2275 sensor_aux_loss=1.2143 kd_loss=0.0000 gate_loss=0.5948 single_fused_ce_loss=0.2319 single_weight_mean=1.0000 gate_mean=0.3872 s2_loss=0.2212 l89_loss=0.2490 s5p_loss=0.4629 wv3_loss=0.2812
Epoch 4 step 650/4225 train_loss=1.0275 train_acc=0.8773 fused_loss=0.2004 sensor_aux_loss=1.0503 kd_loss=0.0000 gate_loss=0.5926 single_fused_ce_loss=0.1683 single_weight_mean=1.0000 gate_mean=0.3828 s2_loss=0.1868 l89_loss=0.2165 s5p_loss=0.3566 wv3_loss=0.2903
Epoch 4 step 700/4225 train_loss=1.0224 train_acc=0.8787 fused_loss=0.4153 sensor_aux_loss=1.6623 kd_loss=0.0000 gate_loss=0.5861 single_fused_ce_loss=0.4263 single_weight_mean=1.0000 gate_mean=0.3865 s2_loss=0.6330 l89_loss=0.4047 s5p_loss=0.3107 wv3_loss=0.3139
Epoch 4 step 750/4225 train_loss=1.0229 train_acc=0.8780 fused_loss=0.3603 sensor_aux_loss=1.4940 kd_loss=0.0000 gate_loss=0.5480 single_fused_ce_loss=0.4072 single_weight_mean=1.0000 gate_mean=0.3687 s2_loss=0.2238 l89_loss=0.3358 s5p_loss=0.3683 wv3_loss=0.5661
Epoch 4 step 800/4225 train_loss=1.0225 train_acc=0.8779 fused_loss=0.3111 sensor_aux_loss=1.6194 kd_loss=0.0000 gate_loss=0.6942 single_fused_ce_loss=0.3469 single_weight_mean=1.0000 gate_mean=0.3591 s2_loss=0.4036 l89_loss=0.3148 s5p_loss=0.4860 wv3_loss=0.4150
Epoch 4 step 850/4225 train_loss=1.0222 train_acc=0.8778 fused_loss=0.5181 sensor_aux_loss=2.1714 kd_loss=0.0000 gate_loss=0.5364 single_fused_ce_loss=0.5639 single_weight_mean=1.0000 gate_mean=0.3601 s2_loss=0.2872 l89_loss=0.4050 s5p_loss=0.5014 wv3_loss=0.9777
Epoch 4 step 900/4225 train_loss=1.0249 train_acc=0.8767 fused_loss=0.3041 sensor_aux_loss=1.3221 kd_loss=0.0000 gate_loss=0.5598 single_fused_ce_loss=0.3356 single_weight_mean=1.0000 gate_mean=0.3740 s2_loss=0.1464 l89_loss=0.2359 s5p_loss=0.4275 wv3_loss=0.5123
Epoch 4 step 950/4225 train_loss=1.0230 train_acc=0.8773 fused_loss=0.3593 sensor_aux_loss=1.7613 kd_loss=0.0000 gate_loss=0.6319 single_fused_ce_loss=0.4182 single_weight_mean=1.0000 gate_mean=0.3689 s2_loss=0.3089 l89_loss=0.3578 s5p_loss=0.7723 wv3_loss=0.3224
Epoch 4 step 1000/4225 train_loss=1.0225 train_acc=0.8775 fused_loss=0.3363 sensor_aux_loss=1.6492 kd_loss=0.0000 gate_loss=0.5491 single_fused_ce_loss=0.3016 single_weight_mean=1.0000 gate_mean=0.3789 s2_loss=0.2179 l89_loss=0.3609 s5p_loss=0.6112 wv3_loss=0.4592
Epoch 4 step 1050/4225 train_loss=1.0234 train_acc=0.8773 fused_loss=0.2892 sensor_aux_loss=1.5984 kd_loss=0.0000 gate_loss=0.5197 single_fused_ce_loss=0.2607 single_weight_mean=1.0000 gate_mean=0.3564 s2_loss=0.2056 l89_loss=0.1864 s5p_loss=0.5653 wv3_loss=0.6411
Epoch 4 step 1100/4225 train_loss=1.0248 train_acc=0.8768 fused_loss=0.3643 sensor_aux_loss=1.7705 kd_loss=0.0000 gate_loss=0.6661 single_fused_ce_loss=0.3584 single_weight_mean=1.0000 gate_mean=0.3953 s2_loss=0.1952 l89_loss=0.5202 s5p_loss=0.6070 wv3_loss=0.4481
Epoch 4 step 1150/4225 train_loss=1.0228 train_acc=0.8771 fused_loss=0.4318 sensor_aux_loss=1.9745 kd_loss=0.0000 gate_loss=0.5825 single_fused_ce_loss=0.4728 single_weight_mean=1.0000 gate_mean=0.3796 s2_loss=0.3799 l89_loss=0.2334 s5p_loss=0.6449 wv3_loss=0.7163
Epoch 4 step 1200/4225 train_loss=1.0221 train_acc=0.8778 fused_loss=0.3383 sensor_aux_loss=1.7418 kd_loss=0.0000 gate_loss=0.6290 single_fused_ce_loss=0.3743 single_weight_mean=1.0000 gate_mean=0.3752 s2_loss=0.3012 l89_loss=0.5691 s5p_loss=0.5811 wv3_loss=0.2903
Epoch 4 step 1250/4225 train_loss=1.0227 train_acc=0.8777 fused_loss=0.3787 sensor_aux_loss=1.6811 kd_loss=0.0000 gate_loss=0.6127 single_fused_ce_loss=0.4662 single_weight_mean=1.0000 gate_mean=0.3735 s2_loss=0.1689 l89_loss=0.3861 s5p_loss=0.5828 wv3_loss=0.5433
Epoch 4 step 1300/4225 train_loss=1.0228 train_acc=0.8775 fused_loss=0.3171 sensor_aux_loss=1.5938 kd_loss=0.0000 gate_loss=0.5958 single_fused_ce_loss=0.3336 single_weight_mean=1.0000 gate_mean=0.3860 s2_loss=0.2555 l89_loss=0.4614 s5p_loss=0.5942 wv3_loss=0.2827
Epoch 4 step 1350/4225 train_loss=1.0230 train_acc=0.8774 fused_loss=0.2648 sensor_aux_loss=1.1431 kd_loss=0.0000 gate_loss=0.5887 single_fused_ce_loss=0.2911 single_weight_mean=1.0000 gate_mean=0.3811 s2_loss=0.1479 l89_loss=0.1764 s5p_loss=0.4694 wv3_loss=0.3493
Epoch 4 step 1400/4225 train_loss=1.0217 train_acc=0.8777 fused_loss=0.2903 sensor_aux_loss=1.7903 kd_loss=0.0000 gate_loss=0.5783 single_fused_ce_loss=0.1737 single_weight_mean=1.0000 gate_mean=0.3772 s2_loss=0.1627 l89_loss=0.2793 s5p_loss=0.6735 wv3_loss=0.6749
Epoch 4 step 1450/4225 train_loss=1.0198 train_acc=0.8783 fused_loss=0.2940 sensor_aux_loss=1.3991 kd_loss=0.0000 gate_loss=0.5082 single_fused_ce_loss=0.2799 single_weight_mean=1.0000 gate_mean=0.3845 s2_loss=0.2726 l89_loss=0.3519 s5p_loss=0.4335 wv3_loss=0.3411
Epoch 4 step 1500/4225 train_loss=1.0198 train_acc=0.8783 fused_loss=0.3589 sensor_aux_loss=1.8054 kd_loss=0.0000 gate_loss=0.6753 single_fused_ce_loss=0.3153 single_weight_mean=1.0000 gate_mean=0.3787 s2_loss=0.3820 l89_loss=0.2537 s5p_loss=0.3354 wv3_loss=0.8343
Epoch 4 step 1550/4225 train_loss=1.0202 train_acc=0.8782 fused_loss=0.4074 sensor_aux_loss=1.6702 kd_loss=0.0000 gate_loss=0.6353 single_fused_ce_loss=0.4814 single_weight_mean=1.0000 gate_mean=0.3855 s2_loss=0.3635 l89_loss=0.2070 s5p_loss=0.6405 wv3_loss=0.4592
Epoch 4 step 1600/4225 train_loss=1.0206 train_acc=0.8780 fused_loss=0.3735 sensor_aux_loss=1.4014 kd_loss=0.0000 gate_loss=0.5493 single_fused_ce_loss=0.4102 single_weight_mean=1.0000 gate_mean=0.3796 s2_loss=0.1309 l89_loss=0.4469 s5p_loss=0.3230 wv3_loss=0.5006
Epoch 4 step 1650/4225 train_loss=1.0193 train_acc=0.8783 fused_loss=0.2338 sensor_aux_loss=1.2159 kd_loss=0.0000 gate_loss=0.5742 single_fused_ce_loss=0.2387 single_weight_mean=1.0000 gate_mean=0.3767 s2_loss=0.2010 l89_loss=0.1545 s5p_loss=0.5000 wv3_loss=0.3604
Epoch 4 step 1700/4225 train_loss=1.0195 train_acc=0.8781 fused_loss=0.3864 sensor_aux_loss=1.7993 kd_loss=0.0000 gate_loss=0.6241 single_fused_ce_loss=0.4302 single_weight_mean=1.0000 gate_mean=0.3677 s2_loss=0.2007 l89_loss=0.3171 s5p_loss=0.5881 wv3_loss=0.6934
Epoch 4 step 1750/4225 train_loss=1.0195 train_acc=0.8782 fused_loss=0.3306 sensor_aux_loss=1.6257 kd_loss=0.0000 gate_loss=0.5979 single_fused_ce_loss=0.3467 single_weight_mean=1.0000 gate_mean=0.3704 s2_loss=0.3545 l89_loss=0.2208 s5p_loss=0.7572 wv3_loss=0.2932
Epoch 4 step 1800/4225 train_loss=1.0195 train_acc=0.8784 fused_loss=0.3076 sensor_aux_loss=1.3958 kd_loss=0.0000 gate_loss=0.6059 single_fused_ce_loss=0.3412 single_weight_mean=1.0000 gate_mean=0.3872 s2_loss=0.1210 l89_loss=0.3051 s5p_loss=0.5539 wv3_loss=0.4157
Epoch 4 step 1850/4225 train_loss=1.0194 train_acc=0.8784 fused_loss=0.4255 sensor_aux_loss=1.9304 kd_loss=0.0000 gate_loss=0.6013 single_fused_ce_loss=0.4061 single_weight_mean=1.0000 gate_mean=0.3770 s2_loss=0.6627 l89_loss=0.3003 s5p_loss=0.5610 wv3_loss=0.4064
Epoch 4 step 1900/4225 train_loss=1.0206 train_acc=0.8780 fused_loss=0.3307 sensor_aux_loss=1.6511 kd_loss=0.0000 gate_loss=0.6652 single_fused_ce_loss=0.2989 single_weight_mean=1.0000 gate_mean=0.3745 s2_loss=0.2121 l89_loss=0.3647 s5p_loss=0.4870 wv3_loss=0.5872
Epoch 4 step 1950/4225 train_loss=1.0196 train_acc=0.8783 fused_loss=0.3042 sensor_aux_loss=1.2449 kd_loss=0.0000 gate_loss=0.6334 single_fused_ce_loss=0.3910 single_weight_mean=1.0000 gate_mean=0.3755 s2_loss=0.1925 l89_loss=0.3528 s5p_loss=0.5549 wv3_loss=0.1448
Epoch 4 step 2000/4225 train_loss=1.0195 train_acc=0.8783 fused_loss=0.3678 sensor_aux_loss=1.5328 kd_loss=0.0000 gate_loss=0.5636 single_fused_ce_loss=0.3698 single_weight_mean=1.0000 gate_mean=0.3774 s2_loss=0.2172 l89_loss=0.4325 s5p_loss=0.4584 wv3_loss=0.4247
Epoch 4 step 2050/4225 train_loss=1.0194 train_acc=0.8783 fused_loss=0.3126 sensor_aux_loss=1.3621 kd_loss=0.0000 gate_loss=0.5410 single_fused_ce_loss=0.3305 single_weight_mean=1.0000 gate_mean=0.3884 s2_loss=0.3393 l89_loss=0.1432 s5p_loss=0.3571 wv3_loss=0.5226
Traceback (most recent call last):
  File "/home/yuyao/panopticon/universal_models_fusion/multi_sensor_panopticon_4_overall_boost.py", line 2584, in <module>
    main(args)
  File "/home/yuyao/panopticon/universal_models_fusion/multi_sensor_panopticon_4_overall_boost.py", line 1861, in main
    for x_dict, labels, sensors, sample_to_row in train_loader:
  File "/home/yuyao/miniconda3/envs/panopticon/lib/python3.9/site-packages/torch/utils/data/dataloader.py", line 634, in __next__
    data = self._next_data()
  File "/home/yuyao/miniconda3/envs/panopticon/lib/python3.9/site-packages/torch/utils/data/dataloader.py", line 1326, in _next_data
    return self._process_data(data)
  File "/home/yuyao/miniconda3/envs/panopticon/lib/python3.9/site-packages/torch/utils/data/dataloader.py", line 1372, in _process_data
    data.reraise()
  File "/home/yuyao/miniconda3/envs/panopticon/lib/python3.9/site-packages/torch/_utils.py", line 644, in reraise
    raise exception
PermissionError: Caught PermissionError in DataLoader worker process 5.
Original Traceback (most recent call last):
  File "/home/yuyao/miniconda3/envs/panopticon/lib/python3.9/site-packages/torch/utils/data/_utils/worker.py", line 308, in _worker_loop
    data = fetcher.fetch(index)
  File "/home/yuyao/miniconda3/envs/panopticon/lib/python3.9/site-packages/torch/utils/data/_utils/fetch.py", line 51, in fetch
    data = [self.dataset[idx] for idx in possibly_batched_index]
  File "/home/yuyao/miniconda3/envs/panopticon/lib/python3.9/site-packages/torch/utils/data/_utils/fetch.py", line 51, in <listcomp>
    data = [self.dataset[idx] for idx in possibly_batched_index]
  File "/home/yuyao/panopticon/universal_models_fusion/multi_sensor_panopticon_4_overall_boost.py", line 904, in __getitem__
    x_dict = self._load_s5p_sample(row, cols[0])
  File "/home/yuyao/panopticon/universal_models_fusion/multi_sensor_panopticon_4_overall_boost.py", line 971, in _load_s5p_sample
    np_obj = np.load(path, allow_pickle=False)
  File "/home/yuyao/miniconda3/envs/panopticon/lib/python3.9/site-packages/numpy/lib/npyio.py", line 405, in load
    fid = stack.enter_context(open(os_fspath(file), "rb"))
PermissionError: [Errno 13] Permission denied: '/mnt/engg-leung/Research_No9_Methane_Emissions/Yuyao/Dataset/s5p_patches_3x3_to_224_offl_triplet/samples2/neg/GAO20240611t191919p0000-A/s5p_neg_00.npz'

[1;34mwandb[0m: 
[1;34mwandb[0m: 🚀 View run [33movb_singlew_ctrl_all1[0m at: [34m[0m
[1;34mwandb[0m: Find logs at: [1;35mwandb/run-20260401_172217-a0eybi36/logs[0m
