id,plume_id,event_id,label,probability,selected_threshold
485241,av320241014t195236-B,av320241014t195236,0,0.03238489970601536,0.5987087643013214
485334,av320241014t195236-A,av320241014t195236,0,0.01012432645249171,0.5987087643013214
485390,av320241014t195236-A,av320241014t195236,0,0.011719316502044799,0.5987087643013214
485399,av320241014t195236-B,av320241014t195236,0,0.11498474950572787,0.5987087643013214
485432,av320241014t195236-A,av320241014t195236,0,0.0024295699286065535,0.5987087643013214
485433,av320241014t195236-B,av320241014t195236,0,0.010644984315921941,0.5987087643013214
485470,av320241014t195236-B,av320241014t195236,0,0.0009888184606094744,0.5987087643013214
485494,av320241014t195236-B,av320241014t195236,0,0.020981747574613192,0.5987087643013214
485727,av320241014t195236-C,av320241014t195236,0,0.31451307494786424,0.5987087643013214
485804,av320241014t195236-D,av320241014t195236,0,0.010299336184446044,0.5987087643013214
485825,av320241014t195236-C,av320241014t195236,0,0.015057313592739905,0.5987087643013214
485834,av320241014t195236-D,av320241014t195236,0,0.0020188571067583177,0.5987087643013214
485875,av320241014t195236-C,av320241014t195236,0,0.1332008049046937,0.5987087643013214
485923,av320241014t195236-C,av320241014t195236,0,0.05745789913679537,0.5987087643013214
485959,av320241014t195236-D,av320241014t195236,0,0.09826326004133726,0.5987087643013214
485968,av320241014t195236-C,av320241014t195236,0,0.008529177583881664,0.5987087643013214
486089,av320241025t194701-A,av320241025t194701,0,0.6162612752407083,0.5987087643013214
486225,av320241025t194701-A,av320241025t194701,0,0.023114543602240006,0.5987087643013214
486238,av320241025t194701-B,av320241025t194701,0,0.17393709188031412,0.5987087643013214
486253,av320241025t194701-B,av320241025t194701,0,0.9110507178334892,0.5987087643013214
486267,av320241025t194701-A,av320241025t194701,0,0.9068307197147109,0.5987087643013214
486282,av320241025t194701-B,av320241025t194701,0,0.3593063798417377,0.5987087643013214
486301,av320241025t194701-B,av320241025t194701,0,0.08453265269125619,0.5987087643013214
486311,av320241025t194701-A,av320241025t194701,0,0.023274440474754472,0.5987087643013214
486434,av320241025t194701-C,av320241025t194701,0,0.6256862665272287,0.5987087643013214
486535,av320241025t195557-A,av320241025t195557,0,0.0020199245591478415,0.5987087643013214
486536,av320241025t194701-C,av320241025t194701,0,0.4368755980146064,0.5987087643013214
486540,av320241025t195557-A,av320241025t195557,0,0.09858167152465125,0.5987087643013214
486545,av320241025t195557-A,av320241025t195557,0,0.16615971014079936,0.5987087643013214
486565,av320241025t195557-A,av320241025t195557,0,0.020380451563336635,0.5987087643013214
486570,av320241025t195557-A,av320241025t195557,0,0.004927202446082001,0.5987087643013214
486579,av320241025t195557-A,av320241025t195557,0,0.1458067454593243,0.5987087643013214
486580,av320241025t194701-C,av320241025t194701,0,0.9465930635137371,0.5987087643013214
486583,av320241025t195557-A,av320241025t195557,0,0.011530853251514532,0.5987087643013214
486587,av320241025t194701-C,av320241025t194701,0,0.0021127836613789278,0.5987087643013214
486591,av320241025t195557-A,av320241025t195557,0,0.005607007809575073,0.5987087643013214
486592,av320241025t194701-C,av320241025t194701,0,0.05071084976501987,0.5987087643013214
486598,av320241025t195557-A,av320241025t195557,0,0.48481319548261825,0.5987087643013214
486602,av320241025t195557-A,av320241025t195557,0,0.005029619693459007,0.5987087643013214
486606,av320241025t195557-A,av320241025t195557,0,0.010528336715288127,0.5987087643013214
486616,av320241025t194701-C,av320241025t194701,0,0.43657234291230235,0.5987087643013214
486618,av320241025t195557-A,av320241025t195557,0,0.877772466009019,0.5987087643013214
486634,av320241025t195557-A,av320241025t195557,0,0.048205593311784777,0.5987087643013214
486637,av320241025t194701-C,av320241025t194701,0,0.5673096128163841,0.5987087643013214
486640,av320241025t195557-A,av320241025t195557,0,0.020784702145607254,0.5987087643013214
486642,av320241025t194701-C,av320241025t194701,0,0.2891631192742168,0.5987087643013214
486643,av320241025t195557-A,av320241025t195557,0,0.7632698710379305,0.5987087643013214
486645,av320241025t195557-A,av320241025t195557,0,0.9186136989254027,0.5987087643013214
486948,av320241025t202206-A,av320241025t202206,1,0.9680773520708842,0.5987087643013214
486949,av320241025t202206-B,av320241025t202206,1,0.8743584938550932,0.5987087643013214
486960,av320241025t202206-A,av320241025t202206,1,0.8384554934162028,0.5987087643013214
486964,av320241025t202206-A,av320241025t202206,1,0.9609868001845282,0.5987087643013214
486967,av320241025t202206-B,av320241025t202206,1,0.6942894864921821,0.5987087643013214
486969,av320241025t202206-B,av320241025t202206,1,0.7876094067728098,0.5987087643013214
486971,av320241025t202206-B,av320241025t202206,1,0.472582848389702,0.5987087643013214
486973,av320241025t202206-B,av320241025t202206,1,0.472582848389702,0.5987087643013214
486977,av320241025t202206-B,av320241025t202206,1,0.9311743742525382,0.5987087643013214
486978,av320241025t202206-A,av320241025t202206,0,0.009662575437328033,0.5987087643013214
486981,av320241025t202206-A,av320241025t202206,0,0.008861806986524761,0.5987087643013214
486984,av320241025t202206-B,av320241025t202206,0,0.04057369190331597,0.5987087643013214
486991,av320241025t202206-A,av320241025t202206,0,0.3844461342068678,0.5987087643013214
487004,av320241025t202206-B,av320241025t202206,0,0.006316623850581404,0.5987087643013214
487009,av320241025t202206-B,av320241025t202206,0,0.009291016131627475,0.5987087643013214
487011,av320241025t202206-B,av320241025t202206,0,0.3850962249665599,0.5987087643013214
487014,av320241025t202206-A,av320241025t202206,0,0.004914547722691295,0.5987087643013214
487020,av320241025t202206-C,av320241025t202206,1,0.884987320535352,0.5987087643013214
487021,av320241025t202206-D,av320241025t202206,1,0.7644953218319289,0.5987087643013214
487030,av320241025t202206-C,av320241025t202206,1,0.8607456310244186,0.5987087643013214
487034,av320241025t202206-C,av320241025t202206,1,0.8525348596584935,0.5987087643013214
487041,av320241025t202206-D,av320241025t202206,1,0.4190990592001491,0.5987087643013214
487074,av320241025t202206-D,av320241025t202206,0,0.05073555596231602,0.5987087643013214
487080,av320241025t202206-C,av320241025t202206,0,0.3660743772282746,0.5987087643013214
487081,av320241025t202206-D,av320241025t202206,0,0.005448240833530079,0.5987087643013214
487086,av320241025t202206-C,av320241025t202206,0,0.022674355299986428,0.5987087643013214
487099,av320241025t202206-D,av320241025t202206,0,0.045851384814290436,0.5987087643013214
487103,av320241025t203607-C,av320241025t203607,1,0.23822779687715717,0.5987087643013214
487105,av320241025t203607-C,av320241025t203607,1,0.3734127827847842,0.5987087643013214
487107,av320241025t203607-C,av320241025t203607,1,0.5445231718681327,0.5987087643013214
487109,av320241025t203607-C,av320241025t203607,1,0.36852625370476755,0.5987087643013214
487115,av320241025t203607-C,av320241025t203607,1,0.3620779873494353,0.5987087643013214
487116,av320241025t202206-E,av320241025t202206,1,0.9436262907757924,0.5987087643013214
487117,av320241025t203607-C,av320241025t203607,1,0.28836828481216825,0.5987087643013214
487119,av320241025t203607-C,av320241025t203607,1,0.6854104270648969,0.5987087643013214
487125,av320241025t203607-C,av320241025t203607,1,0.4303466079629543,0.5987087643013214
487126,av320241025t202206-E,av320241025t202206,1,0.8708454465538582,0.5987087643013214
487127,av320241025t203607-C,av320241025t203607,1,0.3734127827847842,0.5987087643013214
487131,av320241025t203607-C,av320241025t203607,1,0.27889394650203864,0.5987087643013214
487136,av320241025t203607-C,av320241025t203607,0,0.23297632569310425,0.5987087643013214
487138,av320241025t203607-C,av320241025t203607,0,0.16184817798043943,0.5987087643013214
487144,av320241025t203607-C,av320241025t203607,0,0.1927654943995995,0.5987087643013214
487147,av320241025t202206-E,av320241025t202206,0,0.0019028688298496819,0.5987087643013214
487148,av320241025t203607-C,av320241025t203607,0,0.46669082986811733,0.5987087643013214
487151,av320241025t202206-E,av320241025t202206,0,0.07994216760254942,0.5987087643013214
487169,av320241025t202206-E,av320241025t202206,0,0.6865302704154436,0.5987087643013214
487170,av320241025t203607-C,av320241025t203607,0,0.017362076075951433,0.5987087643013214
487172,av320241025t203607-C,av320241025t203607,0,0.035200905534941686,0.5987087643013214
487176,av320241025t203607-D,av320241025t203607,1,0.5620495490774876,0.5987087643013214
487281,av320241025t204912-A,av320241025t204912,0,0.08969019881110636,0.5987087643013214
487284,av320241025t204912-A,av320241025t204912,0,0.001245552890091916,0.5987087643013214
487285,av320241025t203607-D,av320241025t203607,1,0.6638823789360117,0.5987087643013214
487286,av320241025t204912-A,av320241025t204912,0,0.002637613387098212,0.5987087643013214
487293,av320241025t204912-A,av320241025t204912,0,0.8432480822260409,0.5987087643013214
487294,av320241025t203607-D,av320241025t203607,1,0.10085613820325702,0.5987087643013214
487296,av320241025t204912-A,av320241025t204912,0,0.012549520844101237,0.5987087643013214
487301,av320241025t204912-A,av320241025t204912,0,0.4665514231773692,0.5987087643013214
487306,av320241025t204912-A,av320241025t204912,0,0.05605187327736105,0.5987087643013214
487307,av320241025t203607-D,av320241025t203607,1,0.6877052156017526,0.5987087643013214
487308,av320241025t204912-A,av320241025t204912,0,0.005805878416385984,0.5987087643013214
487309,av320241025t203607-D,av320241025t203607,1,0.47836205436458157,0.5987087643013214
487311,av320241025t204912-A,av320241025t204912,0,0.1353430361023151,0.5987087643013214
487312,av320241025t203607-D,av320241025t203607,1,0.326766656115038,0.5987087643013214
487315,av320241025t204912-A,av320241025t204912,0,0.7159860875865837,0.5987087643013214
487317,av320241025t204912-A,av320241025t204912,0,0.7357409044106152,0.5987087643013214
487319,av320241025t204912-A,av320241025t204912,0,0.010472319699605746,0.5987087643013214
487322,av320241025t204912-A,av320241025t204912,0,0.005293041577445684,0.5987087643013214
487327,av320241025t204912-A,av320241025t204912,0,0.04661033154256138,0.5987087643013214
487329,av320241025t204912-A,av320241025t204912,0,0.969650845998434,0.5987087643013214
487341,av320241025t204912-A,av320241025t204912,0,0.006105491729901754,0.5987087643013214
487444,av320250718t164841-A,av320250718t164841,0,0.056383977261699934,0.5987087643013214
487445,av320241025t203607-D,av320241025t203607,0,0.9732900044853238,0.5987087643013214
487451,av320241025t203607-D,av320241025t203607,0,0.016406907636267728,0.5987087643013214
487456,av320241025t203607-D,av320241025t203607,0,0.05770906820390089,0.5987087643013214
487459,av320241025t203607-D,av320241025t203607,0,0.0032580602486819744,0.5987087643013214
487492,av320241025t203607-D,av320241025t203607,0,0.013419042526837996,0.5987087643013214
487531,av320241025t203607-D,av320241025t203607,0,0.05432503496187516,0.5987087643013214
487550,av320241025t203607-D,av320241025t203607,0,0.00937411203814257,0.5987087643013214
487554,av320250718t164841-A,av320250718t164841,0,0.007124121395136912,0.5987087643013214
487555,av320241025t203607-D,av320241025t203607,0,0.027889356569766044,0.5987087643013214
487558,av320241025t203607-D,av320241025t203607,0,0.0053279417684263565,0.5987087643013214
487564,av320241025t203607-D,av320241025t203607,0,0.7596060452334278,0.5987087643013214
487846,av320250718t164841-B,av320250718t164841,0,0.000831587774837149,0.5987087643013214
487859,av320250718t164841-C,av320250718t164841,0,0.0014607569707936236,0.5987087643013214
487863,av320250718t164841-B,av320250718t164841,0,0.0014355735099178325,0.5987087643013214
487870,av320250718t164841-C,av320250718t164841,0,0.0032492958737871357,0.5987087643013214
487915,av320250718t164841-B,av320250718t164841,0,0.1714680097940613,0.5987087643013214
487927,av320250718t164841-B,av320250718t164841,0,0.008831690321092893,0.5987087643013214
487983,av320250718t164841-B,av320250718t164841,0,0.004868850594159286,0.5987087643013214
487986,av320250718t164841-C,av320250718t164841,0,0.011444293998636555,0.5987087643013214
487997,av320250718t164841-B,av320250718t164841,0,0.003632143691100755,0.5987087643013214
488008,av320250718t164841-B,av320250718t164841,0,0.007189380211309991,0.5987087643013214
488219,av320250718t164841-E,av320250718t164841,0,0.005555280183979817,0.5987087643013214
488309,av320250718t164841-D,av320250718t164841,0,0.009917062856668562,0.5987087643013214
488317,av320250718t164841-D,av320250718t164841,0,0.1966332028443781,0.5987087643013214
488339,av320250718t164841-E,av320250718t164841,0,0.021599177955210394,0.5987087643013214
488649,av320250723t162202-B,av320250723t162202,1,0.031032984784924365,0.5987087643013214
488655,av320250723t162202-B,av320250723t162202,1,0.017093810373546396,0.5987087643013214
488659,av320250723t162202-B,av320250723t162202,1,0.009659622236223568,0.5987087643013214
488660,av320250723t162202-A,av320250723t162202,1,0.011094056816026572,0.5987087643013214
488661,av320250723t162202-B,av320250723t162202,1,0.006534287249438923,0.5987087643013214
488663,av320250723t162202-B,av320250723t162202,1,0.014779256228892644,0.5987087643013214
488670,av320250723t162202-A,av320250723t162202,1,0.007244050753169017,0.5987087643013214
488675,av320250723t162202-A,av320250723t162202,1,0.012566465028255359,0.5987087643013214
488676,av320250723t162202-B,av320250723t162202,1,0.0071281788948472456,0.5987087643013214
488677,av320250723t162202-A,av320250723t162202,1,0.006862549649776529,0.5987087643013214
488679,av320250723t162202-A,av320250723t162202,1,0.00833945630399981,0.5987087643013214
488682,av320250723t162202-B,av320250723t162202,0,0.002621091626371973,0.5987087643013214
488686,av320250723t162202-B,av320250723t162202,0,0.002080909942543022,0.5987087643013214
488690,av320250723t162202-B,av320250723t162202,0,0.0044934255016496815,0.5987087643013214
488692,av320250723t162202-A,av320250723t162202,0,0.0011715861608435404,0.5987087643013214
488696,av320250723t162202-B,av320250723t162202,0,0.01498840835302131,0.5987087643013214
488699,av320250723t162202-A,av320250723t162202,0,0.0032410327617057267,0.5987087643013214
488700,av320250723t162202-A,av320250723t162202,0,0.0019770666317958274,0.5987087643013214
488702,av320250723t162202-B,av320250723t162202,0,0.0014559347284604422,0.5987087643013214
488705,av320250723t162202-B,av320250723t162202,0,0.008437064171348834,0.5987087643013214
488706,av320250723t162202-A,av320250723t162202,0,0.002856652327950003,0.5987087643013214
488707,av320250723t162202-B,av320250723t162202,0,0.002336898811077336,0.5987087643013214
488715,av320250723t164136-A,av320250723t164136,1,0.00635467669956379,0.5987087643013214
488724,av320250723t162202-C,av320250723t162202,1,0.051179490348452025,0.5987087643013214
488728,av320250723t162202-C,av320250723t162202,1,0.031051707414116964,0.5987087643013214
488734,av320250723t162202-C,av320250723t162202,1,0.018531800978552726,0.5987087643013214
488736,av320250723t162202-C,av320250723t162202,1,0.014890934476008562,0.5987087643013214
488740,av320250723t162202-C,av320250723t162202,1,0.03244443173445737,0.5987087643013214
488745,av320250723t164136-A,av320250723t164136,0,0.001887380797383263,0.5987087643013214
488756,av320250723t162202-C,av320250723t162202,0,0.001146724735972653,0.5987087643013214
488758,av320250723t162202-C,av320250723t162202,0,0.001432334023325176,0.5987087643013214
488760,av320250723t162202-C,av320250723t162202,0,0.0019256934971030387,0.5987087643013214
488762,av320250723t162202-C,av320250723t162202,0,0.001320630105693236,0.5987087643013214
488768,av320250723t162202-C,av320250723t162202,0,0.000981102978890802,0.5987087643013214
488778,av320250723t164136-B,av320250723t164136,1,0.0025648014609356614,0.5987087643013214
488782,av320250723t164136-B,av320250723t164136,1,0.0032279165544536106,0.5987087643013214
488792,av320250723t164136-B,av320250723t164136,1,0.004671487195294806,0.5987087643013214
488807,av320250723t164136-C,av320250723t164136,1,0.005068121091440786,0.5987087643013214
488837,av320250723t164136-C,av320250723t164136,0,0.012512796704906959,0.5987087643013214
488838,av320250723t164136-B,av320250723t164136,0,0.017135721614585764,0.5987087643013214
488840,av320250723t164136-D,av320250723t164136,1,0.002830853362747779,0.5987087643013214
488845,av320250723t164136-E,av320250723t164136,1,0.0027065696136083133,0.5987087643013214
488858,av320250723t164136-D,av320250723t164136,1,0.002345495728337156,0.5987087643013214
488894,av320250723t164136-D,av320250723t164136,0,0.006473096726194241,0.5987087643013214
488899,av320250723t164136-E,av320250723t164136,0,0.002785142648610824,0.5987087643013214
488900,av320250723t164136-D,av320250723t164136,0,0.004517798392876199,0.5987087643013214
489513,av320250723t164136-J,av320250723t164136,1,0.0042844638243153,0.5987087643013214
489546,av320250723t164136-I,av320250723t164136,0,0.006932136057941589,0.5987087643013214
489549,av320250723t164136-J,av320250723t164136,0,0.006620474986794636,0.5987087643013214
489565,av320250723t164136-J,av320250723t164136,0,0.005262839275568829,0.5987087643013214
489579,av320250723t164136-J,av320250723t164136,0,0.006566390941915872,0.5987087643013214
489589,av320250723t164136-L,av320250723t164136,1,0.0035614615523157926,0.5987087643013214
489591,av320250723t164136-L,av320250723t164136,1,0.003234226094876995,0.5987087643013214
489602,av320250723t164136-K,av320250723t164136,1,0.019526973713833964,0.5987087643013214
489606,av320250723t164136-K,av320250723t164136,1,0.03601839963306304,0.5987087643013214
489612,av320250723t164136-K,av320250723t164136,1,0.027270219888003665,0.5987087643013214
489621,av320250723t164136-K,av320250723t164136,0,0.001874387623555978,0.5987087643013214
489639,av320250723t164136-K,av320250723t164136,0,0.0021452892652811455,0.5987087643013214
489661,av320250723t164136-M,av320250723t164136,1,0.0038944775445760673,0.5987087643013214
489689,av320250723t164136-M,av320250723t164136,1,0.003420849800787381,0.5987087643013214
489691,av320250723t164136-M,av320250723t164136,0,0.0044338696560494205,0.5987087643013214
489700,av320250723t164136-M,av320250723t164136,0,0.003302709614617848,0.5987087643013214
489704,av320250723t164136-M,av320250723t164136,0,0.0049268597042071765,0.5987087643013214
489717,av320250723t164136-M,av320250723t164136,0,0.007287842479036368,0.5987087643013214
489727,av320250723t170211-B,av320250723t170211,1,0.037045602615985204,0.5987087643013214
489737,av320250723t170211-B,av320250723t170211,1,0.20695004294249988,0.5987087643013214
489738,av320250723t170211-A,av320250723t170211,1,0.0029386316287851205,0.5987087643013214
489740,av320250723t170211-A,av320250723t170211,1,0.010889195393063808,0.5987087643013214
489748,av320250723t170211-A,av320250723t170211,1,0.005881075830614924,0.5987087643013214
489757,av320250723t170211-B,av320250723t170211,0,0.005436738041079694,0.5987087643013214
489764,av320250723t170211-B,av320250723t170211,0,0.004822700038747176,0.5987087643013214
489768,av320250723t170211-A,av320250723t170211,0,0.22879706834871516,0.5987087643013214
489783,av320250723t170211-A,av320250723t170211,0,0.0017838305224263024,0.5987087643013214
489784,av320250723t170211-B,av320250723t170211,0,0.005441049712320904,0.5987087643013214
489787,av320250723t170211-B,av320250723t170211,0,0.0028443972453537363,0.5987087643013214
489788,av320250723t170211-A,av320250723t170211,0,0.4299535061345528,0.5987087643013214
489797,av320250723t170211-A,av320250723t170211,0,0.0023603388218377485,0.5987087643013214
489803,av320250723t170211-C,av320250723t170211,1,0.0016130607787527597,0.5987087643013214
489817,av320250723t170211-C,av320250723t170211,1,0.003856336605058044,0.5987087643013214
489831,av320250723t170211-C,av320250723t170211,1,0.00124594416791717,0.5987087643013214
489832,av320250723t170211-D,av320250723t170211,1,0.010222426933421855,0.5987087643013214
489842,av320250723t170211-D,av320250723t170211,0,0.003201430358509941,0.5987087643013214
489859,av320250723t170211-C,av320250723t170211,0,0.0019088839510602645,0.5987087643013214
490189,av320250723t170211-E,av320250723t170211,1,0.005037132247642058,0.5987087643013214
490203,av320250723t170211-G,av320250723t170211,0,0.0024778896833773907,0.5987087643013214
490225,av320250723t170211-G,av320250723t170211,0,0.0035043151298499685,0.5987087643013214
490259,av320250723t170211-J,av320250723t170211,1,0.11979537564194674,0.5987087643013214
490261,av320250723t170211-J,av320250723t170211,1,0.6738051035564684,0.5987087643013214
490263,av320250723t170211-J,av320250723t170211,1,0.011007336128569831,0.5987087643013214
490268,av320250723t170211-H,av320250723t170211,1,0.010624706118341844,0.5987087643013214
490269,av320250723t170211-J,av320250723t170211,1,0.0030599061041252044,0.5987087643013214
490282,av320250723t170211-H,av320250723t170211,0,0.00205898495598615,0.5987087643013214
490283,av320250723t170211-J,av320250723t170211,1,0.5552950644881979,0.5987087643013214
490307,av320250723t170211-J,av320250723t170211,0,0.0016453581263024804,0.5987087643013214
490310,av320250723t170211-H,av320250723t170211,0,0.008746989686522497,0.5987087643013214
490323,av320250723t170211-H,av320250723t170211,0,0.01207436378311348,0.5987087643013214
490435,av320250723t174230-B,av320250723t174230,1,0.3937623367610159,0.5987087643013214
490438,av320250723t174230-B,av320250723t174230,1,0.05015342384607525,0.5987087643013214
490440,av320250723t174230-B,av320250723t174230,1,0.33394148585192307,0.5987087643013214
490452,av320250723t174230-A,av320250723t174230,0,0.009733146979062418,0.5987087643013214
490460,av320250723t174230-B,av320250723t174230,1,0.21349956450187615,0.5987087643013214
490470,av320250723t174230-A,av320250723t174230,0,0.4790781622683645,0.5987087643013214
490985,av320250723t174230-B,av320250723t174230,0,0.004127279723003301,0.5987087643013214
491014,av320250723t174230-B,av320250723t174230,0,0.0031627384429611795,0.5987087643013214
491212,av320250723t174230-G,av320250723t174230,0,0.0036384509368971854,0.5987087643013214
491218,av320250723t174230-F,av320250723t174230,1,0.25765872421072183,0.5987087643013214
491220,av320250723t174230-G,av320250723t174230,0,0.004820785882558695,0.5987087643013214
491240,av320250723t174230-F,av320250723t174230,1,0.8446038117200034,0.5987087643013214
491255,av320250723t174230-F,av320250723t174230,1,0.7084911524768982,0.5987087643013214
491295,av320250723t174230-F,av320250723t174230,1,0.12122478279084933,0.5987087643013214
491299,av320250723t174230-F,av320250723t174230,1,0.1360925756966979,0.5987087643013214
491301,av320250723t174230-F,av320250723t174230,1,0.7395099745682956,0.5987087643013214
491381,av320250723t174230-G,av320250723t174230,0,0.001841984329624724,0.5987087643013214
491383,av320250723t174230-F,av320250723t174230,0,0.002467030015185989,0.5987087643013214
491692,av320250723t174230-F,av320250723t174230,0,0.0024287413338791456,0.5987087643013214
491696,av320250723t174230-I,av320250723t174230,1,0.14954762543651784,0.5987087643013214
491699,av320250723t174230-I,av320250723t174230,1,0.13774058062273423,0.5987087643013214
491701,av320250723t174230-F,av320250723t174230,0,0.011735757729445344,0.5987087643013214
491703,av320250723t174230-F,av320250723t174230,0,0.002053993904274991,0.5987087643013214
491707,av320250723t174230-I,av320250723t174230,1,0.5039404230836022,0.5987087643013214
492010,av320250723t174230-I,av320250723t174230,1,0.42499498087703347,0.5987087643013214
492011,av320250723t174230-I,av320250723t174230,1,0.6735561589764897,0.5987087643013214
492012,av320250723t180200-A,av320250723t180200,1,0.5314894015460995,0.5987087643013214
492014,av320250723t174230-I,av320250723t174230,1,0.7679230075404452,0.5987087643013214
492015,av320250723t174230-I,av320250723t174230,0,0.0012599063716754997,0.5987087643013214
492016,av320250723t180200-A,av320250723t180200,1,0.6979065436728396,0.5987087643013214
492018,av320250723t180200-A,av320250723t180200,1,0.5588885031463166,0.5987087643013214
492019,av320250723t174230-I,av320250723t174230,0,0.007934690722931147,0.5987087643013214
492024,av320250723t180200-A,av320250723t180200,1,0.8836795873028669,0.5987087643013214
492026,av320250723t180200-A,av320250723t180200,1,0.2518111233115018,0.5987087643013214
492028,av320250723t180200-A,av320250723t180200,1,0.6697680687249353,0.5987087643013214
492029,av320250723t174230-I,av320250723t174230,0,0.002423353914781845,0.5987087643013214
492031,av320250723t174230-I,av320250723t174230,0,0.0026438984459396706,0.5987087643013214
492034,av320250723t180200-A,av320250723t180200,1,0.12122478279084933,0.5987087643013214
492038,av320250723t180200-A,av320250723t180200,1,0.1486183913167059,0.5987087643013214
492040,av320250723t180200-A,av320250723t180200,1,0.6638829807261674,0.5987087643013214
492041,av320250723t174230-I,av320250723t174230,0,0.005270511325521617,0.5987087643013214
492044,av320250723t180200-A,av320250723t180200,0,0.005750572515180655,0.5987087643013214
492054,av320250723t180200-B,av320250723t180200,1,0.010186953153876077,0.5987087643013214
492058,av320250723t180200-B,av320250723t180200,1,0.008156889918213988,0.5987087643013214
492062,av320250723t180200-B,av320250723t180200,1,0.010176642822234771,0.5987087643013214
492064,av320250723t180200-B,av320250723t180200,1,0.01457630807590379,0.5987087643013214
492066,av320250723t180200-B,av320250723t180200,1,0.002891556653313456,0.5987087643013214
492070,av320250723t180200-B,av320250723t180200,1,0.008105647048102663,0.5987087643013214
492072,av320250723t180200-B,av320250723t180200,1,0.006150028462944329,0.5987087643013214
492237,av320250723t180200-C,av320250723t180200,0,0.0023792041618097845,0.5987087643013214
492274,av320250723t180200-B,av320250723t180200,0,0.0017787503824514903,0.5987087643013214
492375,av320250723t180200-C,av320250723t180200,0,0.02399969765054917,0.5987087643013214
492496,av320250723t180200-F,av320250723t180200,0,0.0027509800311013555,0.5987087643013214
492579,av320250723t180200-F,av320250723t180200,0,0.0033888244895628763,0.5987087643013214
492590,av320250723t180200-F,av320250723t180200,0,0.006781818733690767,0.5987087643013214
492629,av320250723t180200-B,av320250723t180200,0,0.0038361569414353557,0.5987087643013214
492633,av320250723t180200-B,av320250723t180200,0,0.006123206286215576,0.5987087643013214
492929,av320250723t180200-H,av320250723t180200,0,0.00386144573896665,0.5987087643013214
492938,av320250723t180200-G,av320250723t180200,0,0.0019836097690114317,0.5987087643013214
492964,av320250723t180200-H,av320250723t180200,0,0.011514050083944745,0.5987087643013214
492998,av320250723t180200-G,av320250723t180200,0,0.016646786362121087,0.5987087643013214
493010,av320250723t180200-G,av320250723t180200,0,0.0026204304400915925,0.5987087643013214
493052,av320250723t180200-G,av320250723t180200,0,0.1969317281548803,0.5987087643013214
493080,av320250723t180200-H,av320250723t180200,0,0.01620885720582719,0.5987087643013214
493384,av320250723t182221-G,av320250723t182221,1,0.01541225053458434,0.5987087643013214
493385,av320250723t182221-E,av320250723t182221,1,0.5462741376663319,0.5987087643013214
493386,av320250723t182221-G,av320250723t182221,1,0.007097362631526651,0.5987087643013214
493387,av320250723t182221-E,av320250723t182221,1,0.9002430154825102,0.5987087643013214
493391,av320250723t182221-E,av320250723t182221,1,0.8718229396750056,0.5987087643013214
493392,av320250723t182221-G,av320250723t182221,1,0.11038644068285682,0.5987087643013214
493393,av320250723t182221-E,av320250723t182221,1,0.8956979780654866,0.5987087643013214
493394,av320250723t182221-G,av320250723t182221,1,0.07385298176310656,0.5987087643013214
493395,av320250723t182221-E,av320250723t182221,1,0.9269489457709451,0.5987087643013214
493398,av320250723t182221-G,av320250723t182221,1,0.024951804804285604,0.5987087643013214
493400,av320250723t182221-G,av320250723t182221,1,0.31512965418667,0.5987087643013214
493404,av320250723t182221-G,av320250723t182221,1,0.105932906158668,0.5987087643013214
493407,av320250723t182221-E,av320250723t182221,1,0.9373805987659369,0.5987087643013214
493409,av320250723t182221-E,av320250723t182221,1,0.8951151998661232,0.5987087643013214
493411,av320250723t182221-E,av320250723t182221,1,0.7842854711458216,0.5987087643013214
493412,av320250723t182221-G,av320250723t182221,1,0.06769224472158693,0.5987087643013214
493439,av320250723t182221-E,av320250723t182221,0,0.003293764405221698,0.5987087643013214
493453,av320250723t182221-E,av320250723t182221,0,0.009929874779971981,0.5987087643013214
493457,av320250723t182221-E,av320250723t182221,0,0.003896248765489507,0.5987087643013214
493462,av320250723t182221-E,av320250723t182221,0,0.013149306740518832,0.5987087643013214
493471,av320250723t182221-E,av320250723t182221,0,0.0029692203401042723,0.5987087643013214
493503,av320250723t182221-E,av320250723t182221,0,0.0024554262370897113,0.5987087643013214
493504,av320250723t182221-G,av320250723t182221,0,0.0024817819147258443,0.5987087643013214
493513,av320250723t182221-E,av320250723t182221,0,0.005779993769206542,0.5987087643013214
493514,av320250723t182221-G,av320250723t182221,0,0.0028527099356032777,0.5987087643013214
493516,av320250723t182221-E,av320250723t182221,0,0.0030804499194195616,0.5987087643013214
493517,av320250723t182221-G,av320250723t182221,0,0.0036257064580453757,0.5987087643013214
493533,av320250723t182221-E,av320250723t182221,0,0.006350175201404688,0.5987087643013214
493534,av320250723t182221-G,av320250723t182221,0,0.0038470036584420464,0.5987087643013214
493545,av320250723t182221-E,av320250723t182221,0,0.012121730860495008,0.5987087643013214
493546,av320250723t182221-G,av320250723t182221,0,0.038851530098455773,0.5987087643013214
493563,av320250723t182221-G,av320250723t182221,0,0.005056717023606492,0.5987087643013214
493877,av320250724t152229-B,av320250724t152229,1,0.14828191777764813,0.5987087643013214
493878,av320250724t152229-B,av320250724t152229,1,0.18388026304213168,0.5987087643013214
494179,av320250724t152229-B,av320250724t152229,1,0.105932906158668,0.5987087643013214
494283,av320250724t152229-B,av320250724t152229,1,0.2434843238752288,0.5987087643013214
494287,av320250724t152229-E,av320250724t152229,0,0.02119723210669883,0.5987087643013214
494288,av320250724t152229-B,av320250724t152229,1,0.005943466792289737,0.5987087643013214
494297,av320250724t152229-B,av320250724t152229,1,0.3112123651194338,0.5987087643013214
494298,av320250724t152229-E,av320250724t152229,0,0.01228597173506051,0.5987087643013214
494299,av320250724t152229-B,av320250724t152229,1,0.10125338264503789,0.5987087643013214
494361,av320250724t152229-E,av320250724t152229,0,0.0023281064049388237,0.5987087643013214
494362,av320250724t152229-B,av320250724t152229,1,0.04808113255197875,0.5987087643013214
494377,av320250724t152229-E,av320250724t152229,0,0.02148154998002139,0.5987087643013214
494378,av320250724t152229-B,av320250724t152229,1,0.019929069197735762,0.5987087643013214
494380,av320250724t152229-B,av320250724t152229,1,0.38311891888732086,0.5987087643013214
494393,av320250724t152229-B,av320250724t152229,1,0.14868418825514274,0.5987087643013214
494452,av320250724t152229-B,av320250724t152229,1,0.14877564618346054,0.5987087643013214
494462,av320250724t152229-E,av320250724t152229,0,0.02460654199389134,0.5987087643013214
494463,av320250724t152229-B,av320250724t152229,1,0.07097066803036135,0.5987087643013214
494490,av320250724t152229-B,av320250724t152229,1,0.11038644068285682,0.5987087643013214
494491,av320250724t154338-A,av320250724t154338,1,0.08024816941774078,0.5987087643013214
494492,av320250724t152229-B,av320250724t152229,1,0.07165514978558683,0.5987087643013214
494493,av320250724t154338-A,av320250724t154338,1,0.021402640649615886,0.5987087643013214
494494,av320250724t152229-B,av320250724t152229,1,0.035289892601202084,0.5987087643013214
494496,av320250724t152229-B,av320250724t152229,0,0.01687118481777331,0.5987087643013214
494497,av320250724t154338-A,av320250724t154338,1,0.25076576977507015,0.5987087643013214
494499,av320250724t154338-A,av320250724t154338,1,0.1090804179353069,0.5987087643013214
494500,av320250724t152229-B,av320250724t152229,0,0.0016800525341556668,0.5987087643013214
494502,av320250724t152229-B,av320250724t152229,0,0.010777076536715073,0.5987087643013214
494504,av320250724t152229-B,av320250724t152229,0,0.0013847911636059055,0.5987087643013214
494507,av320250724t152229-B,av320250724t152229,0,0.0044501893530264555,0.5987087643013214
494508,av320250724t154338-A,av320250724t154338,1,0.2895296946539664,0.5987087643013214
494509,av320250724t152229-B,av320250724t152229,0,0.008260500795420202,0.5987087643013214
494511,av320250724t152229-B,av320250724t152229,0,0.003524023451276339,0.5987087643013214
494514,av320250724t154338-A,av320250724t154338,1,0.15766516820895213,0.5987087643013214
494515,av320250724t152229-B,av320250724t152229,0,0.005584257025346198,0.5987087643013214
494517,av320250724t152229-B,av320250724t152229,0,0.003589714203198524,0.5987087643013214
494518,av320250724t154338-A,av320250724t154338,1,0.07160241651599274,0.5987087643013214
494521,av320250724t152229-B,av320250724t152229,0,0.03895692975848944,0.5987087643013214
494525,av320250724t152229-B,av320250724t152229,0,0.006484331111872452,0.5987087643013214
494526,av320250724t154338-A,av320250724t154338,0,0.005991142842570714,0.5987087643013214
494531,av320250724t154338-B,av320250724t154338,1,0.4818369094505793,0.5987087643013214
494534,av320250724t154338-A,av320250724t154338,0,0.003934879588016862,0.5987087643013214
494536,av320250724t154338-A,av320250724t154338,0,0.01388944020772261,0.5987087643013214
494537,av320250724t154338-B,av320250724t154338,1,0.7084268752783476,0.5987087643013214
494551,av320250724t154338-B,av320250724t154338,1,0.6459493107635884,0.5987087643013214
494557,av320250724t154338-B,av320250724t154338,1,0.6453118187242995,0.5987087643013214
494558,av320250724t154338-C,av320250724t154338,1,0.010560849594721667,0.5987087643013214
494559,av320250724t154338-B,av320250724t154338,1,0.19583540148028633,0.5987087643013214
494561,av320250724t154338-C,av320250724t154338,1,0.016864735323231853,0.5987087643013214
494573,av320250724t154338-C,av320250724t154338,1,0.011494865549967008,0.5987087643013214
494577,av320250724t154338-C,av320250724t154338,1,0.007236099976207241,0.5987087643013214
494702,av320250724t154338-E,av320250724t154338,0,0.001871831730124416,0.5987087643013214
494743,av320250724t154338-E,av320250724t154338,0,0.0027377655406801336,0.5987087643013214
495123,av320250724t154338-G,av320250724t154338,0,0.007381124595415643,0.5987087643013214
495305,av320250724t154338-F,av320250724t154338,0,0.00458070075043021,0.5987087643013214
495374,av320250724t154338-F,av320250724t154338,0,0.009309056401011763,0.5987087643013214
495616,av320250724t154338-H,av320250724t154338,0,0.004937320685784949,0.5987087643013214
495638,av320250724t154338-H,av320250724t154338,0,0.010132140520992153,0.5987087643013214
495647,av320250724t154338-G,av320250724t154338,0,0.004748956216254491,0.5987087643013214
496096,av320250724t154338-J,av320250724t154338,0,0.0049272490567989526,0.5987087643013214
496210,av320250724t154338-J,av320250724t154338,0,0.00863344132361986,0.5987087643013214
496423,av320250724t154338-K,av320250724t154338,0,0.04416620437033032,0.5987087643013214
496718,av320250724t154338-L,av320250724t154338,0,0.07696581668838143,0.5987087643013214
496747,av320250724t154338-K,av320250724t154338,0,0.0021338858855788094,0.5987087643013214
545387,emi20241015t114211p08014-A,emi20241015t114211p08014,1,0.01832211307686649,0.5987087643013214
545388,emi20241015t114211p08014-A,emi20241015t114211p08014,1,0.011480734177857745,0.5987087643013214
545389,emi20241015t114211p08014-A,emi20241015t114211p08014,1,0.005267256264451527,0.5987087643013214
545391,emi20241015t114211p08014-A,emi20241015t114211p08014,1,0.2006572894104822,0.5987087643013214
545392,emi20241016t030821p02003-A,emi20241016t030821p02003,1,0.8715031300656223,0.5987087643013214
545393,emi20241015t114211p08014-A,emi20241015t114211p08014,1,0.009341887639144064,0.5987087643013214
545394,emi20241016t030821p02003-A,emi20241016t030821p02003,1,0.9435090483587685,0.5987087643013214
545395,emi20241015t114211p08014-A,emi20241015t114211p08014,1,0.0085398623887415,0.5987087643013214
545396,emi20241016t030821p02003-A,emi20241016t030821p02003,1,0.9305508189155849,0.5987087643013214
545397,emi20241015t114211p08014-A,emi20241015t114211p08014,1,0.20279449869187155,0.5987087643013214
545398,emi20241016t030821p02003-A,emi20241016t030821p02003,1,0.7195614209973044,0.5987087643013214
545399,emi20241015t114211p08014-A,emi20241015t114211p08014,1,0.005932642289671507,0.5987087643013214
545400,emi20241016t030821p02003-A,emi20241016t030821p02003,1,0.4693548202794236,0.5987087643013214
545401,emi20241015t114211p08014-A,emi20241015t114211p08014,1,0.03289751952436481,0.5987087643013214
545402,emi20241016t030821p02003-A,emi20241016t030821p02003,1,0.8549666154514063,0.5987087643013214
545403,emi20241015t114211p08014-A,emi20241015t114211p08014,1,0.16397365993550517,0.5987087643013214
545404,emi20241016t030821p02003-A,emi20241016t030821p02003,1,0.8670081358725105,0.5987087643013214
545405,emi20241015t114211p08014-A,emi20241015t114211p08014,1,0.2757308164862146,0.5987087643013214
545407,emi20241015t114211p08014-A,emi20241015t114211p08014,1,0.046037198323450684,0.5987087643013214
545409,emi20241015t114211p08014-A,emi20241015t114211p08014,1,0.017396335867174224,0.5987087643013214
545410,emi20241016t030821p02003-A,emi20241016t030821p02003,1,0.878585022791815,0.5987087643013214
545411,emi20241015t114211p08014-A,emi20241015t114211p08014,1,0.01657984236090901,0.5987087643013214
545412,emi20241016t030821p02003-A,emi20241016t030821p02003,1,0.3642774938360275,0.5987087643013214
545413,emi20241015t114211p08014-A,emi20241015t114211p08014,1,0.02910783490173961,0.5987087643013214
545414,emi20241016t030821p02003-A,emi20241016t030821p02003,1,0.897589862593204,0.5987087643013214
545415,emi20241015t114211p08014-A,emi20241015t114211p08014,1,0.013697780884965939,0.5987087643013214
545417,emi20241015t114211p08014-A,emi20241015t114211p08014,0,0.0016178109887832275,0.5987087643013214
545418,emi20241016t030821p02003-A,emi20241016t030821p02003,1,0.6661854523134075,0.5987087643013214
545419,emi20241015t114211p08014-A,emi20241015t114211p08014,0,0.627029809692817,0.5987087643013214
545420,emi20241016t030821p02003-A,emi20241016t030821p02003,1,0.7345722195858276,0.5987087643013214
545421,emi20241015t114211p08014-A,emi20241015t114211p08014,0,0.2074697714969145,0.5987087643013214
545423,emi20241015t114211p08014-A,emi20241015t114211p08014,0,0.0011981211744868804,0.5987087643013214
545424,emi20241016t030821p02003-A,emi20241016t030821p02003,0,0.025654693252490115,0.5987087643013214
545426,emi20241015t114211p08014-A,emi20241015t114211p08014,0,0.035359676917968964,0.5987087643013214
545428,emi20241015t114211p08014-A,emi20241015t114211p08014,0,0.8330450949044628,0.5987087643013214
545430,emi20241015t114211p08014-A,emi20241015t114211p08014,0,0.14889647660475894,0.5987087643013214
545432,emi20241015t114211p08014-A,emi20241015t114211p08014,0,0.12253927631186673,0.5987087643013214
545435,emi20241015t114211p08014-A,emi20241015t114211p08014,0,0.07689414902172403,0.5987087643013214
545436,emi20241016t030821p02003-A,emi20241016t030821p02003,0,0.0019052630104384064,0.5987087643013214
545437,emi20241015t114211p08014-A,emi20241015t114211p08014,0,0.5253654797747344,0.5987087643013214
545438,emi20241016t030821p02003-A,emi20241016t030821p02003,0,0.5788335481381635,0.5987087643013214
545439,emi20241015t114211p08014-A,emi20241015t114211p08014,0,0.013508428749633851,0.5987087643013214
545441,emi20241015t114211p08014-A,emi20241015t114211p08014,0,0.014465013178044892,0.5987087643013214
545442,emi20241016t030821p02003-A,emi20241016t030821p02003,0,0.011802172610212824,0.5987087643013214
545443,emi20241015t114211p08014-A,emi20241015t114211p08014,0,0.0026095970208724435,0.5987087643013214
545444,emi20241016t030821p02003-A,emi20241016t030821p02003,0,0.6683630014517884,0.5987087643013214
545445,emi20241015t114211p08014-A,emi20241015t114211p08014,0,0.01190922239593277,0.5987087643013214
545447,emi20241015t114211p08014-A,emi20241015t114211p08014,0,0.5461707438124305,0.5987087643013214
545450,emi20241015t114211p08014-A,emi20241015t114211p08014,0,0.002415466064091121,0.5987087643013214
545451,emi20241016t030821p02003-A,emi20241016t030821p02003,0,0.9412993694871457,0.5987087643013214
545453,emi20241016t030821p02003-A,emi20241016t030821p02003,0,0.04205091613636136,0.5987087643013214
545454,emi20241016t030821p02003-B,emi20241016t030821p02003,1,0.9292731286765724,0.5987087643013214
545575,emi20241018t092617p06021-B,emi20241018t092617p06021,0,0.005241246064335185,0.5987087643013214
545576,emi20241016t030821p02003-B,emi20241016t030821p02003,1,0.9494049304432512,0.5987087643013214
545592,emi20241018t092617p06021-B,emi20241018t092617p06021,0,0.010656588957436968,0.5987087643013214
545600,emi20241018t092617p06021-B,emi20241018t092617p06021,0,0.006804093459728111,0.5987087643013214
545609,emi20241018t092617p06021-B,emi20241018t092617p06021,0,0.007719158388621367,0.5987087643013214
545610,emi20241016t030821p02003-B,emi20241016t030821p02003,1,0.9170690663624306,0.5987087643013214
545622,emi20241018t092617p06021-B,emi20241018t092617p06021,0,0.00515971106500325,0.5987087643013214
545623,emi20241016t030821p02003-B,emi20241016t030821p02003,1,0.9633311134008713,0.5987087643013214
545634,emi20241018t092617p06021-B,emi20241018t092617p06021,0,0.00535450753619288,0.5987087643013214
545638,emi20241018t092617p06021-B,emi20241018t092617p06021,0,0.0018902911064805443,0.5987087643013214
545663,emi20241018t092617p06021-B,emi20241018t092617p06021,0,0.006347190268004933,0.5987087643013214
545668,emi20241018t092617p06021-B,emi20241018t092617p06021,0,0.008908587767477945,0.5987087643013214
545689,emi20241018t092617p06021-B,emi20241018t092617p06021,0,0.13220047182696143,0.5987087643013214
545702,emi20241018t092617p06021-B,emi20241018t092617p06021,0,0.004426126637516296,0.5987087643013214
545741,emi20241018t092617p06021-B,emi20241018t092617p06021,0,0.02046991284763308,0.5987087643013214
545770,emi20241016t030821p02003-B,emi20241016t030821p02003,0,0.006706581142263131,0.5987087643013214
546035,emi20241018t184113p12011-A,emi20241018t184113p12011,0,0.0025499439898417067,0.5987087643013214
546036,emi20241016t030821p02003-B,emi20241016t030821p02003,0,0.046785556518994915,0.5987087643013214
546072,emi20241016t030821p02003-B,emi20241016t030821p02003,0,0.034092913694989964,0.5987087643013214
546180,emi20241021t100759p07003-A,emi20241021t100759p07003,0,0.03001772041853871,0.5987087643013214
546210,emi20241021t100759p07003-A,emi20241021t100759p07003,0,0.0036149236657387587,0.5987087643013214
546229,emi20241021t100759p07003-A,emi20241021t100759p07003,0,0.0907846102475965,0.5987087643013214
546238,emi20241021t100759p07003-A,emi20241021t100759p07003,0,0.004875542139023362,0.5987087643013214
546239,emi20241016t030821p02003-B,emi20241016t030821p02003,0,0.1476481121835779,0.5987087643013214
546255,emi20241021t100759p07003-A,emi20241021t100759p07003,0,0.004382041846834721,0.5987087643013214
546256,emi20241016t030821p02003-B,emi20241016t030821p02003,0,0.04692031472627426,0.5987087643013214
546262,emi20241021t100759p07003-A,emi20241021t100759p07003,0,0.018115179340723337,0.5987087643013214
546263,emi20241016t030821p02003-B,emi20241016t030821p02003,0,0.01812528842105297,0.5987087643013214
546269,emi20241021t100759p07003-A,emi20241021t100759p07003,0,0.001976384459470481,0.5987087643013214
546270,emi20241016t030821p02003-B,emi20241016t030821p02003,0,0.001479477116440302,0.5987087643013214
546286,emi20241021t100759p07003-A,emi20241021t100759p07003,0,0.022585926999319446,0.5987087643013214
546287,emi20241016t030821p02003-B,emi20241016t030821p02003,0,0.34983547310039786,0.5987087643013214
546294,emi20241021t100759p07003-A,emi20241021t100759p07003,0,0.0026587846159963507,0.5987087643013214
546298,emi20241021t100759p07003-A,emi20241021t100759p07003,0,0.004086998588125462,0.5987087643013214
546300,emi20241021t100759p07003-A,emi20241021t100759p07003,0,0.007139698010723017,0.5987087643013214
546307,emi20241021t100759p07003-A,emi20241021t100759p07003,0,0.017138540494479732,0.5987087643013214
546308,emi20241016t030821p02003-B,emi20241016t030821p02003,0,0.002471611414897603,0.5987087643013214
546314,emi20241021t100759p07003-A,emi20241021t100759p07003,0,0.013708045184261034,0.5987087643013214
546340,emi20241021t100759p07003-A,emi20241021t100759p07003,0,0.007332409983336452,0.5987087643013214
546384,emi20241021t100759p07003-A,emi20241021t100759p07003,0,0.06890338275682521,0.5987087643013214
546485,emi20241023t083741p06026-A,emi20241023t083741p06026,0,0.05792743241973139,0.5987087643013214
546487,emi20241023t083741p06026-A,emi20241023t083741p06026,0,0.1882464465493781,0.5987087643013214
546489,emi20241023t083741p06026-A,emi20241023t083741p06026,0,0.44072656397855126,0.5987087643013214
546490,emi20241026t172133p11019-A,emi20241026t172133p11019,1,0.8880844663298184,0.5987087643013214
546491,emi20241023t083741p06026-A,emi20241023t083741p06026,0,0.11122663280330795,0.5987087643013214
546492,emi20241026t172133p11019-A,emi20241026t172133p11019,1,0.9465450192793318,0.5987087643013214
546494,emi20241023t083741p06026-A,emi20241023t083741p06026,0,0.5464715167973725,0.5987087643013214
546495,emi20241026t172133p11019-A,emi20241026t172133p11019,1,0.8231662524242225,0.5987087643013214
546498,emi20241023t083741p06026-A,emi20241023t083741p06026,0,0.09968316592097218,0.5987087643013214
546499,emi20241026t172133p11019-A,emi20241026t172133p11019,1,0.8542851849835665,0.5987087643013214
546500,emi20241023t083741p06026-A,emi20241023t083741p06026,0,0.3541549099806617,0.5987087643013214
546501,emi20241026t172133p11019-A,emi20241026t172133p11019,1,0.9608569834314246,0.5987087643013214
546503,emi20241023t083741p06026-A,emi20241023t083741p06026,0,0.23986414385354554,0.5987087643013214
546506,emi20241023t083741p06026-A,emi20241023t083741p06026,0,0.281158641614075,0.5987087643013214
546507,emi20241026t172133p11019-A,emi20241026t172133p11019,1,0.9641791722183671,0.5987087643013214
546509,emi20241023t083741p06026-A,emi20241023t083741p06026,0,0.2619595984970495,0.5987087643013214
546514,emi20241023t083741p06026-A,emi20241023t083741p06026,0,0.3088719532965028,0.5987087643013214
546521,emi20241023t083741p06026-A,emi20241023t083741p06026,0,0.3418844832162261,0.5987087643013214
546523,emi20241023t083741p06026-A,emi20241023t083741p06026,0,0.2151318963939891,0.5987087643013214
546524,emi20241026t172133p11019-A,emi20241026t172133p11019,1,0.959302413899819,0.5987087643013214
546525,emi20241023t083741p06026-A,emi20241023t083741p06026,0,0.22891705794458547,0.5987087643013214
546527,emi20241023t083741p06026-A,emi20241023t083741p06026,0,0.3797359365194194,0.5987087643013214
546532,emi20241023t083741p06026-A,emi20241023t083741p06026,0,0.2605059499325706,0.5987087643013214
546535,emi20241026t172133p11019-A,emi20241026t172133p11019,1,0.9478586103228713,0.5987087643013214
546536,emi20241026t172133p11019-B,emi20241026t172133p11019,1,0.9618075623261295,0.5987087643013214
546539,emi20241026t172133p11019-A,emi20241026t172133p11019,0,0.013673278346293827,0.5987087643013214
546540,emi20241026t172133p11019-B,emi20241026t172133p11019,1,0.9392003550335469,0.5987087643013214
546541,emi20241026t172133p11019-A,emi20241026t172133p11019,0,0.0024546971704766077,0.5987087643013214
546542,emi20241026t172133p11019-B,emi20241026t172133p11019,1,0.9686606117908008,0.5987087643013214
546543,emi20241026t172133p11019-A,emi20241026t172133p11019,0,0.006534495874049961,0.5987087643013214
546546,emi20241026t172133p11019-B,emi20241026t172133p11019,1,0.9493150327635574,0.5987087643013214
546547,emi20241026t172133p11019-A,emi20241026t172133p11019,0,0.10959396525516868,0.5987087643013214
546548,emi20241026t172133p11019-B,emi20241026t172133p11019,1,0.9539959103253306,0.5987087643013214
546551,emi20241026t172133p11019-A,emi20241026t172133p11019,0,0.03802059267670254,0.5987087643013214
546553,emi20241026t172133p11019-A,emi20241026t172133p11019,0,0.03205786453305886,0.5987087643013214
546554,emi20241026t172133p11019-B,emi20241026t172133p11019,1,0.9539959103253306,0.5987087643013214
546555,emi20241026t172133p11019-A,emi20241026t172133p11019,0,0.002017898067186375,0.5987087643013214
546558,emi20241026t172133p11019-B,emi20241026t172133p11019,1,0.9397625919725482,0.5987087643013214
546560,emi20241026t172133p11019-B,emi20241026t172133p11019,1,0.9515439889939797,0.5987087643013214
546563,emi20241026t172133p11019-A,emi20241026t172133p11019,0,0.011411448057062078,0.5987087643013214
546565,emi20241026t172133p11019-A,emi20241026t172133p11019,0,0.0029176624264593497,0.5987087643013214
546568,emi20241026t172133p11019-B,emi20241026t172133p11019,0,0.12174846145748655,0.5987087643013214
546569,emi20241026t172133p11019-B,emi20241026t172133p11019,0,0.002631530555049099,0.5987087643013214
546871,emi20241026t172133p11019-B,emi20241026t172133p11019,0,0.001673121504749406,0.5987087643013214
546872,emi20241026t172133p11019-B,emi20241026t172133p11019,0,0.0020470697242484176,0.5987087643013214
546974,emi20241127t045106p04010-A,emi20241127t045106p04010,0,0.0073602162991853485,0.5987087643013214
546977,emi20241127t045106p04010-A,emi20241127t045106p04010,0,0.013123823149714279,0.5987087643013214
546984,emi20241127t045106p04010-A,emi20241127t045106p04010,0,0.015022179232490919,0.5987087643013214
546987,emi20241127t045106p04010-A,emi20241127t045106p04010,0,0.01610297729895598,0.5987087643013214
546988,emi20241026t172133p11019-B,emi20241026t172133p11019,0,0.5963149348554748,0.5987087643013214
546989,emi20241127t045106p04010-A,emi20241127t045106p04010,0,0.003984876718056887,0.5987087643013214
547003,emi20241127t045106p04010-A,emi20241127t045106p04010,0,0.004753666037544035,0.5987087643013214
547006,emi20241127t045106p04010-A,emi20241127t045106p04010,0,0.07562287072423285,0.5987087643013214
547007,emi20241026t172133p11019-B,emi20241026t172133p11019,0,0.0031514879121009916,0.5987087643013214
547011,emi20241127t045106p04010-A,emi20241127t045106p04010,0,0.0036148814958970087,0.5987087643013214
547020,emi20241127t045106p04010-A,emi20241127t045106p04010,0,0.007812705737989712,0.5987087643013214
547021,emi20241026t172133p11019-B,emi20241026t172133p11019,0,0.0023734244110993593,0.5987087643013214
547023,emi20241127t045106p04010-A,emi20241127t045106p04010,0,0.016210922361311126,0.5987087643013214
547030,emi20241127t045106p04010-A,emi20241127t045106p04010,0,0.04297260301122752,0.5987087643013214
547037,emi20241127t045106p04010-A,emi20241127t045106p04010,0,0.001672419293355489,0.5987087643013214
547038,emi20241127t045106p04010-A,emi20241127t045106p04010,0,0.00774895286154919,0.5987087643013214
547041,emi20241127t045106p04010-A,emi20241127t045106p04010,0,0.006608140379700651,0.5987087643013214
547042,emi20241129t045656p04010-A,emi20241129t045656p04010,1,0.8298246520322349,0.5987087643013214
547047,emi20241127t045106p04010-A,emi20241127t045106p04010,0,0.0026085609886436173,0.5987087643013214
547048,emi20241129t045656p04010-A,emi20241129t045656p04010,1,0.4207014510765215,0.5987087643013214
547049,emi20241127t045106p04010-A,emi20241127t045106p04010,0,0.06700773791290263,0.5987087643013214
547050,emi20241129t045656p04010-A,emi20241129t045656p04010,1,0.8394395597615993,0.5987087643013214
547051,emi20241129t045656p04010-A,emi20241129t045656p04010,1,0.44663529632618304,0.5987087643013214
547052,emi20241129t045656p04010-A,emi20241129t045656p04010,1,0.8472094042529731,0.5987087643013214
547053,emi20241129t045656p04010-A,emi20241129t045656p04010,1,0.8410676392830042,0.5987087643013214
547160,emi20241130t180334p12009-B,emi20241130t180334p12009,0,0.5641739958378301,0.5987087643013214
547161,emi20241129t045656p04010-A,emi20241129t045656p04010,1,0.6748408812111435,0.5987087643013214
547166,emi20241130t180334p12009-B,emi20241130t180334p12009,0,0.18199872980259893,0.5987087643013214
547167,emi20241129t045656p04010-A,emi20241129t045656p04010,1,0.7506584639300803,0.5987087643013214
547173,emi20241129t045656p04010-A,emi20241129t045656p04010,1,0.8854332704890521,0.5987087643013214
547178,emi20241130t180334p12009-B,emi20241130t180334p12009,0,0.5030437060117867,0.5987087643013214
547179,emi20241129t045656p04010-A,emi20241129t045656p04010,1,0.7701326415388672,0.5987087643013214
547180,emi20241130t180334p12009-B,emi20241130t180334p12009,0,0.3781412052376998,0.5987087643013214
547181,emi20241129t045656p04010-A,emi20241129t045656p04010,1,0.690428703399382,0.5987087643013214
547186,emi20241130t180334p12009-B,emi20241130t180334p12009,0,0.22861516314587138,0.5987087643013214
547187,emi20241129t045656p04010-A,emi20241129t045656p04010,1,0.9551023331090052,0.5987087643013214
547192,emi20241130t180334p12009-B,emi20241130t180334p12009,0,0.08850454067032061,0.5987087643013214
547193,emi20241129t045656p04010-A,emi20241129t045656p04010,1,0.3667117755067067,0.5987087643013214
547195,emi20241130t180334p12009-B,emi20241130t180334p12009,0,0.008377049557893226,0.5987087643013214
547196,emi20241129t045656p04010-A,emi20241129t045656p04010,1,0.2934724787682405,0.5987087643013214
547199,emi20241130t180334p12009-B,emi20241130t180334p12009,0,0.2184604894066967,0.5987087643013214
547200,emi20241129t045656p04010-A,emi20241129t045656p04010,1,0.8942072390598288,0.5987087643013214
547202,emi20241129t045656p04010-A,emi20241129t045656p04010,1,0.8270280732313524,0.5987087643013214
547204,emi20241130t180334p12009-B,emi20241130t180334p12009,0,0.41171514762178396,0.5987087643013214
547205,emi20241129t045656p04010-A,emi20241129t045656p04010,0,0.00648289273979351,0.5987087643013214
547206,emi20241130t180334p12009-B,emi20241130t180334p12009,0,0.5172837440181136,0.5987087643013214
547207,emi20241129t045656p04010-A,emi20241129t045656p04010,0,0.0019103176410588119,0.5987087643013214
547212,emi20241130t180334p12009-B,emi20241130t180334p12009,0,0.24733203268969622,0.5987087643013214
547213,emi20241129t045656p04010-A,emi20241129t045656p04010,0,0.003973535996373096,0.5987087643013214
547216,emi20241130t180334p12009-B,emi20241130t180334p12009,0,0.9352239728684221,0.5987087643013214
547217,emi20241129t045656p04010-A,emi20241129t045656p04010,0,0.005178223830550688,0.5987087643013214
547219,emi20241130t180334p12009-B,emi20241130t180334p12009,0,0.3635880055869221,0.5987087643013214
547220,emi20241129t045656p04010-A,emi20241129t045656p04010,0,0.32320586725136513,0.5987087643013214
547221,emi20241130t180334p12009-B,emi20241130t180334p12009,0,0.7726080055216061,0.5987087643013214
547222,emi20241129t045656p04010-A,emi20241129t045656p04010,0,0.0014516373455581019,0.5987087643013214
547223,emi20241129t045656p04010-A,emi20241129t045656p04010,0,0.003930519283688271,0.5987087643013214
547224,emi20241129t045656p04010-A,emi20241129t045656p04010,0,0.9421636619547884,0.5987087643013214
547362,emi20241130t180334p12009-C,emi20241130t180334p12009,0,0.7950489894043142,0.5987087643013214
547363,emi20241129t045656p04010-A,emi20241129t045656p04010,0,0.011867237386832638,0.5987087643013214
547458,emi20241130t180334p12009-C,emi20241130t180334p12009,0,0.6307454545462016,0.5987087643013214
547459,emi20241129t045656p04010-A,emi20241129t045656p04010,0,0.007859813330174954,0.5987087643013214
547525,emi20241129t045656p04010-A,emi20241129t045656p04010,0,0.9346780158251755,0.5987087643013214
547526,emi20241129t045656p04010-A,emi20241129t045656p04010,0,0.23849944571466275,0.5987087643013214
547527,emi20241129t045656p04010-A,emi20241129t045656p04010,0,0.002668634094737456,0.5987087643013214
547628,emi20241201t080027p06022-A,emi20241201t080027p06022,0,0.8042487975021765,0.5987087643013214
547629,emi20241129t045656p04010-A,emi20241129t045656p04010,0,0.003912460314537228,0.5987087643013214
547631,emi20241201t080027p06022-A,emi20241201t080027p06022,0,0.5767592449604032,0.5987087643013214
547632,emi20241129t045656p04010-A,emi20241129t045656p04010,0,0.021175329219678633,0.5987087643013214
547635,emi20241201t080027p06022-A,emi20241201t080027p06022,0,0.8004580022707453,0.5987087643013214
547636,emi20241129t045656p04010-A,emi20241129t045656p04010,0,0.012644771536328977,0.5987087643013214
547638,emi20241201t080027p06022-A,emi20241201t080027p06022,0,0.8548542883025856,0.5987087643013214
547639,emi20241201t080027p06022-A,emi20241201t080027p06022,0,0.3348236580817624,0.5987087643013214
547641,emi20241201t080027p06022-A,emi20241201t080027p06022,0,0.944344632074766,0.5987087643013214
547942,emi20241201t080027p06022-A,emi20241201t080027p06022,0,0.5206296895991135,0.5987087643013214
547944,emi20241201t080027p06022-A,emi20241201t080027p06022,0,0.9412262343329881,0.5987087643013214
548246,emi20241201t080027p06022-A,emi20241201t080027p06022,0,0.7493138260671611,0.5987087643013214
548247,emi20241201t080027p06022-A,emi20241201t080027p06022,0,0.7817502053028882,0.5987087643013214
548251,emi20241201t080027p06022-A,emi20241201t080027p06022,0,0.7715016158128779,0.5987087643013214
548252,emi20241202t071056p05010-A,emi20241202t071056p05010,1,0.6285657535082488,0.5987087643013214
548256,emi20241201t080027p06022-A,emi20241201t080027p06022,0,0.256546884332152,0.5987087643013214
548262,emi20241201t080027p06022-A,emi20241201t080027p06022,0,0.8490751914605018,0.5987087643013214
548270,emi20241201t080027p06022-A,emi20241201t080027p06022,0,0.8779287192297304,0.5987087643013214
548271,emi20241202t071056p05010-A,emi20241202t071056p05010,1,0.7060310126514879,0.5987087643013214
548272,emi20241201t080027p06022-A,emi20241201t080027p06022,0,0.45304749157655444,0.5987087643013214
548275,emi20241201t080027p06022-A,emi20241201t080027p06022,0,0.6369221358143085,0.5987087643013214
548276,emi20241202t071056p05010-A,emi20241202t071056p05010,1,0.7654943843009986,0.5987087643013214
548278,emi20241202t071056p05010-A,emi20241202t071056p05010,1,0.6242967935405038,0.5987087643013214
548280,emi20241202t071056p05010-B,emi20241202t071056p05010,1,0.8824779379723579,0.5987087643013214
548281,emi20241202t071056p05010-A,emi20241202t071056p05010,1,0.7771902717477022,0.5987087643013214
548282,emi20241202t071056p05010-B,emi20241202t071056p05010,1,0.8467322547316498,0.5987087643013214
548283,emi20241202t071056p05010-A,emi20241202t071056p05010,1,0.7583422843017112,0.5987087643013214
548284,emi20241202t071056p05010-B,emi20241202t071056p05010,1,0.7584011172429275,0.5987087643013214
548285,emi20241202t071056p05010-A,emi20241202t071056p05010,1,0.7775646485977694,0.5987087643013214
548287,emi20241202t071056p05010-A,emi20241202t071056p05010,1,0.7081542397268462,0.5987087643013214
548288,emi20241202t071056p05010-B,emi20241202t071056p05010,1,0.9128642062840086,0.5987087643013214
548291,emi20241202t071056p05010-A,emi20241202t071056p05010,1,0.7804044928970799,0.5987087643013214
548292,emi20241202t071056p05010-B,emi20241202t071056p05010,1,0.8447139367765079,0.5987087643013214
548298,emi20241202t071056p05010-B,emi20241202t071056p05010,1,0.9215730990088892,0.5987087643013214
548306,emi20241202t071056p05010-B,emi20241202t071056p05010,1,0.9049039845537502,0.5987087643013214
548309,emi20241202t071056p05010-A,emi20241202t071056p05010,0,0.576868672832625,0.5987087643013214
548313,emi20241202t071056p05010-A,emi20241202t071056p05010,0,0.6211605605750381,0.5987087643013214
548315,emi20241202t071056p05010-A,emi20241202t071056p05010,0,0.22599739461797977,0.5987087643013214
548318,emi20241202t071056p05010-B,emi20241202t071056p05010,0,0.036173796099531405,0.5987087643013214
548319,emi20241202t071056p05010-A,emi20241202t071056p05010,0,0.37455914653817385,0.5987087643013214
548327,emi20241202t071056p05010-B,emi20241202t071056p05010,0,0.12580460663440146,0.5987087643013214
548434,emi20241202t071056p05010-B,emi20241202t071056p05010,0,0.11749843114033294,0.5987087643013214
548447,emi20241202t071056p05010-C,emi20241202t071056p05010,0,0.3829141377346966,0.5987087643013214
548448,emi20241202t071056p05010-B,emi20241202t071056p05010,0,0.17080682425577667,0.5987087643013214
548450,emi20241202t071056p05010-B,emi20241202t071056p05010,0,0.37987910620063614,0.5987087643013214
548458,emi20241202t071056p05010-C,emi20241202t071056p05010,0,0.4398666873304636,0.5987087643013214
548570,emi20241202t071056p05010-D,emi20241202t071056p05010,0,0.7450304251428324,0.5987087643013214
548593,emi20241202t071056p05010-C,emi20241202t071056p05010,0,0.5656476995620409,0.5987087643013214
548594,emi20241202t071056p05010-D,emi20241202t071056p05010,0,0.5880578788872507,0.5987087643013214
548603,emi20241202t071056p05010-D,emi20241202t071056p05010,0,0.8971063583479554,0.5987087643013214
548714,emi20241202t071108p05011-A,emi20241202t071108p05011,0,0.024940406784943022,0.5987087643013214
548727,emi20241202t071108p05011-A,emi20241202t071108p05011,0,0.008673535464413344,0.5987087643013214
548747,emi20241202t071108p05011-A,emi20241202t071108p05011,0,0.009577225413689739,0.5987087643013214
548748,emi20241202t071056p05010-D,emi20241202t071056p05010,0,0.6852016439137307,0.5987087643013214
548750,emi20241202t071108p05011-A,emi20241202t071108p05011,0,0.13161767652919093,0.5987087643013214
548757,emi20241202t071108p05011-A,emi20241202t071108p05011,0,0.027871194426669296,0.5987087643013214
548758,emi20241202t071108p05011-A,emi20241202t071108p05011,0,0.1015518227336994,0.5987087643013214
548761,emi20241202t071108p05011-B,emi20241202t071108p05011,1,0.8449015712713653,0.5987087643013214
548763,emi20241202t071108p05011-B,emi20241202t071108p05011,1,0.933139159877683,0.5987087643013214
548773,emi20241202t071108p05011-B,emi20241202t071108p05011,1,0.9197393965138287,0.5987087643013214
548778,emi20241202t071108p05011-A,emi20241202t071108p05011,0,0.04203752085386854,0.5987087643013214
548779,emi20241202t071108p05011-B,emi20241202t071108p05011,1,0.9383340949556224,0.5987087643013214
548781,emi20241202t071108p05011-B,emi20241202t071108p05011,1,0.788668690744773,0.5987087643013214
548782,emi20241202t071108p05011-A,emi20241202t071108p05011,0,0.017326657432063398,0.5987087643013214
548783,emi20241202t071108p05011-B,emi20241202t071108p05011,1,0.9164486584821959,0.5987087643013214
548789,emi20241202t071108p05011-B,emi20241202t071108p05011,1,0.8348741510333483,0.5987087643013214
548790,emi20241202t071108p05011-B,emi20241202t071108p05011,1,0.7289981834670479,0.5987087643013214
548791,emi20241202t071108p05011-B,emi20241202t071108p05011,1,0.9185829488958906,0.5987087643013214
548792,emi20241202t071108p05011-B,emi20241202t071108p05011,1,0.7054217223177628,0.5987087643013214
548793,emi20241202t162414p11009-A,emi20241202t162414p11009,1,0.9767863979877708,0.5987087643013214
548794,emi20241202t071108p05011-B,emi20241202t071108p05011,1,0.8348741510333483,0.5987087643013214
548795,emi20241202t162414p11009-A,emi20241202t162414p11009,1,0.9744837226140055,0.5987087643013214
548796,emi20241202t071108p05011-B,emi20241202t071108p05011,1,0.8610793609385953,0.5987087643013214
548797,emi20241202t162414p11009-A,emi20241202t162414p11009,1,0.9767863979877708,0.5987087643013214
548798,emi20241202t071108p05011-B,emi20241202t071108p05011,1,0.8395904993944979,0.5987087643013214
548799,emi20241202t162414p11009-A,emi20241202t162414p11009,1,0.9825134768883433,0.5987087643013214
548800,emi20241202t071108p05011-B,emi20241202t071108p05011,1,0.9089963687929348,0.5987087643013214
548801,emi20241202t162414p11009-A,emi20241202t162414p11009,1,0.9772845643651058,0.5987087643013214
548802,emi20241202t071108p05011-B,emi20241202t071108p05011,1,0.9425305928560065,0.5987087643013214
548803,emi20241202t162414p11009-A,emi20241202t162414p11009,1,0.9647331193316148,0.5987087643013214
548804,emi20241202t071108p05011-B,emi20241202t071108p05011,1,0.7054217223177628,0.5987087643013214
548805,emi20241202t162414p11009-A,emi20241202t162414p11009,1,0.957251118612451,0.5987087643013214
548806,emi20241202t071108p05011-B,emi20241202t071108p05011,0,0.4495158126387906,0.5987087643013214
548807,emi20241202t162414p11009-A,emi20241202t162414p11009,1,0.871012828076397,0.5987087643013214
548808,emi20241202t071108p05011-B,emi20241202t071108p05011,0,0.8034537281276518,0.5987087643013214
548809,emi20241202t162414p11009-A,emi20241202t162414p11009,1,0.908910249832595,0.5987087643013214
548811,emi20241202t162414p11009-A,emi20241202t162414p11009,1,0.9688624543612192,0.5987087643013214
548812,emi20241202t071108p05011-B,emi20241202t071108p05011,0,0.2107164398491321,0.5987087643013214
548813,emi20241202t162414p11009-A,emi20241202t162414p11009,1,0.9539673947903035,0.5987087643013214
548814,emi20241202t071108p05011-B,emi20241202t071108p05011,0,0.4809304520313689,0.5987087643013214
548815,emi20241202t162414p11009-A,emi20241202t162414p11009,1,0.9680236081496171,0.5987087643013214
548817,emi20241202t162414p11009-A,emi20241202t162414p11009,1,0.8094505915891521,0.5987087643013214
548819,emi20241202t162414p11009-A,emi20241202t162414p11009,1,0.908910249832595,0.5987087643013214
548820,emi20241202t071108p05011-B,emi20241202t071108p05011,0,0.33801768735452714,0.5987087643013214
548821,emi20241202t162414p11009-A,emi20241202t162414p11009,1,0.9521658515522902,0.5987087643013214
548823,emi20241202t162414p11009-A,emi20241202t162414p11009,1,0.983253240814306,0.5987087643013214
548825,emi20241202t162414p11009-A,emi20241202t162414p11009,0,0.0018878895878938257,0.5987087643013214
548829,emi20241202t162414p11009-A,emi20241202t162414p11009,0,0.017347372263312583,0.5987087643013214
548831,emi20241202t162414p11009-A,emi20241202t162414p11009,0,0.025629452872726038,0.5987087643013214
548832,emi20241202t071108p05011-B,emi20241202t071108p05011,0,0.10850920634788144,0.5987087643013214
548835,emi20241202t162414p11009-A,emi20241202t162414p11009,0,0.0034559585623232174,0.5987087643013214
548837,emi20241202t162414p11009-A,emi20241202t162414p11009,0,0.012686037729064414,0.5987087643013214
548838,emi20241202t071108p05011-B,emi20241202t071108p05011,0,0.7223768044669967,0.5987087643013214
548839,emi20241202t162414p11009-A,emi20241202t162414p11009,0,0.3272085092420986,0.5987087643013214
548840,emi20241202t071108p05011-B,emi20241202t071108p05011,0,0.328358001762488,0.5987087643013214
548841,emi20241202t162414p11009-A,emi20241202t162414p11009,0,0.08863800413834802,0.5987087643013214
548842,emi20241202t162414p11009-A,emi20241202t162414p11009,0,0.0015822103176837258,0.5987087643013214
548843,emi20241202t162414p11009-A,emi20241202t162414p11009,0,0.0034107759793823985,0.5987087643013214
548844,emi20241202t162414p11009-A,emi20241202t162414p11009,0,0.026796982641856832,0.5987087643013214
548948,emi20241202t162414p11009-A,emi20241202t162414p11009,0,0.001431960674184245,0.5987087643013214
548952,emi20241202t162414p11009-A,emi20241202t162414p11009,0,0.0018465335156476713,0.5987087643013214
548955,emi20241202t162414p11009-A,emi20241202t162414p11009,0,0.003194316651274176,0.5987087643013214
548958,emi20241202t162414p11009-A,emi20241202t162414p11009,0,0.059089319796049755,0.5987087643013214
548959,emi20241216t085254p06006-B,emi20241216t085254p06006,0,0.053432544300764766,0.5987087643013214
548960,emi20241202t162414p11009-A,emi20241202t162414p11009,0,0.0014598769123176326,0.5987087643013214
548964,emi20241202t162414p11009-A,emi20241202t162414p11009,0,0.001428014897258686,0.5987087643013214
548972,emi20241216t085254p06006-B,emi20241216t085254p06006,0,0.06959801757293173,0.5987087643013214
548973,emi20241216t085254p06006-B,emi20241216t085254p06006,0,0.022540864497376047,0.5987087643013214
549078,emi20241216t085254p06006-C,emi20241216t085254p06006,0,0.8798437380820309,0.5987087643013214
549083,emi20241216t085254p06006-C,emi20241216t085254p06006,0,0.013211497082170004,0.5987087643013214
549085,emi20241216t085254p06006-B,emi20241216t085254p06006,0,0.0027093931848838227,0.5987087643013214
549089,emi20241216t085254p06006-C,emi20241216t085254p06006,0,0.00733648898862906,0.5987087643013214
549093,emi20241216t085254p06006-C,emi20241216t085254p06006,0,0.3396386610185688,0.5987087643013214
549094,emi20241216t085254p06006-B,emi20241216t085254p06006,0,0.14974361070355335,0.5987087643013214
549099,emi20241216t085254p06006-C,emi20241216t085254p06006,0,0.08732537554438309,0.5987087643013214
549101,emi20241216t085254p06006-B,emi20241216t085254p06006,0,0.04179441439317305,0.5987087643013214
549106,emi20241216t085254p06006-C,emi20241216t085254p06006,0,0.166579119374111,0.5987087643013214
549107,emi20241216t085254p06006-C,emi20241216t085254p06006,0,0.027594629508961296,0.5987087643013214
549208,emi20241216t115718p08003-A,emi20241216t115718p08003,0,0.003944612543779178,0.5987087643013214
549214,emi20241216t115718p08003-A,emi20241216t115718p08003,0,0.004886234036212781,0.5987087643013214
549227,emi20241216t115718p08003-A,emi20241216t115718p08003,0,0.006141893862227988,0.5987087643013214
549235,emi20241216t115718p08003-A,emi20241216t115718p08003,0,0.0032636490001519756,0.5987087643013214
549241,emi20241216t085254p06006-C,emi20241216t085254p06006,0,0.8898341945472892,0.5987087643013214
549276,emi20241216t115718p08003-A,emi20241216t115718p08003,0,0.0024712281216454305,0.5987087643013214
549277,emi20241216t085254p06006-C,emi20241216t085254p06006,0,0.007411699855286042,0.5987087643013214
549278,emi20241216t115718p08003-A,emi20241216t115718p08003,0,0.037762585129980174,0.5987087643013214
549295,emi20241216t115718p08003-A,emi20241216t115718p08003,0,0.004628131341619532,0.5987087643013214
549297,emi20241216t085254p06006-C,emi20241216t085254p06006,0,0.0706342749680543,0.5987087643013214
549306,emi20241216t115718p08003-A,emi20241216t115718p08003,0,0.0016879323742993453,0.5987087643013214
549312,emi20241216t115718p08003-A,emi20241216t115718p08003,0,0.003764368481274366,0.5987087643013214
549315,emi20241216t115718p08003-A,emi20241216t115718p08003,0,0.06767526570839008,0.5987087643013214
549316,emi20241216t115730p08004-A,emi20241216t115730p08004,1,0.96080107767316,0.5987087643013214
549318,emi20241216t115718p08003-A,emi20241216t115718p08003,0,0.0020544580423391768,0.5987087643013214
549319,emi20241216t115730p08004-A,emi20241216t115730p08004,1,0.935405768190311,0.5987087643013214
549327,emi20241216t115718p08003-A,emi20241216t115718p08003,0,0.012821155755667798,0.5987087643013214
549328,emi20241216t115730p08004-A,emi20241216t115730p08004,1,0.962506958844463,0.5987087643013214
549336,emi20241216t115718p08003-A,emi20241216t115718p08003,0,0.003654387197522955,0.5987087643013214
549337,emi20241216t115730p08004-A,emi20241216t115730p08004,1,0.9643986679648424,0.5987087643013214
549341,emi20241216t115718p08003-A,emi20241216t115718p08003,0,0.0029707612378252995,0.5987087643013214
549342,emi20241216t115730p08004-A,emi20241216t115730p08004,1,0.9638127756349624,0.5987087643013214
549356,emi20241216t115718p08003-A,emi20241216t115718p08003,0,0.003411776213948115,0.5987087643013214
549357,emi20241216t115730p08004-A,emi20241216t115730p08004,1,0.9605762168548432,0.5987087643013214
549359,emi20241216t115718p08003-A,emi20241216t115718p08003,0,0.0023256711852733267,0.5987087643013214
549360,emi20241216t115730p08004-A,emi20241216t115730p08004,1,0.9614071095732984,0.5987087643013214
549361,emi20241216t115730p08004-A,emi20241216t115730p08004,1,0.9606617016014678,0.5987087643013214
549362,emi20241216t115730p08004-A,emi20241216t115730p08004,1,0.955657740811351,0.5987087643013214
549363,emi20241217t045512p03002-A,emi20241217t045512p03002,1,0.8838907448409753,0.5987087643013214
549364,emi20241216t115730p08004-A,emi20241216t115730p08004,1,0.9522333438697207,0.5987087643013214
549365,emi20241217t045512p03002-A,emi20241217t045512p03002,1,0.18393594264864993,0.5987087643013214
549366,emi20241216t115730p08004-A,emi20241216t115730p08004,1,0.9482637837758778,0.5987087643013214
549368,emi20241216t115730p08004-A,emi20241216t115730p08004,1,0.8481660471850258,0.5987087643013214
549370,emi20241216t115730p08004-A,emi20241216t115730p08004,1,0.8575312378672735,0.5987087643013214
549372,emi20241216t115730p08004-A,emi20241216t115730p08004,1,0.9698076139253503,0.5987087643013214
549373,emi20241217t045512p03002-A,emi20241217t045512p03002,1,0.9070445887521394,0.5987087643013214
549374,emi20241216t115730p08004-A,emi20241216t115730p08004,1,0.9281422152464485,0.5987087643013214
549375,emi20241217t045512p03002-A,emi20241217t045512p03002,1,0.9445884476618384,0.5987087643013214
549376,emi20241216t115730p08004-A,emi20241216t115730p08004,1,0.9426091422361035,0.5987087643013214
549378,emi20241216t115730p08004-A,emi20241216t115730p08004,0,0.008632908722634159,0.5987087643013214
549380,emi20241216t115730p08004-A,emi20241216t115730p08004,0,0.017699589964138212,0.5987087643013214
549381,emi20241217t045512p03002-A,emi20241217t045512p03002,1,0.5652982928682954,0.5987087643013214
549382,emi20241216t115730p08004-A,emi20241216t115730p08004,0,0.0060996196333404215,0.5987087643013214
549383,emi20241217t045512p03002-A,emi20241217t045512p03002,1,0.8492334724929124,0.5987087643013214
549384,emi20241216t115730p08004-A,emi20241216t115730p08004,0,0.004880841019392262,0.5987087643013214
549386,emi20241216t115730p08004-A,emi20241216t115730p08004,0,0.9529681249533767,0.5987087643013214
549388,emi20241216t115730p08004-A,emi20241216t115730p08004,0,0.21470906955244612,0.5987087643013214
549389,emi20241217t045512p03002-A,emi20241217t045512p03002,1,0.91798239641473,0.5987087643013214
549390,emi20241216t115730p08004-A,emi20241216t115730p08004,0,0.004655259848331191,0.5987087643013214
549391,emi20241217t045512p03002-A,emi20241217t045512p03002,1,0.8165556914945216,0.5987087643013214
549392,emi20241216t115730p08004-A,emi20241216t115730p08004,0,0.015044147354941742,0.5987087643013214
549394,emi20241216t115730p08004-A,emi20241216t115730p08004,0,0.01131348837557944,0.5987087643013214
549396,emi20241216t115730p08004-A,emi20241216t115730p08004,0,0.018651367259340745,0.5987087643013214
549397,emi20241217t045512p03002-A,emi20241217t045512p03002,0,0.24099107539163556,0.5987087643013214
549398,emi20241216t115730p08004-A,emi20241216t115730p08004,0,0.008148928355465311,0.5987087643013214
549399,emi20241217t045512p03002-A,emi20241217t045512p03002,0,0.37035065178483234,0.5987087643013214
549400,emi20241216t115730p08004-A,emi20241216t115730p08004,0,0.0052548459408519755,0.5987087643013214
549401,emi20241217t045512p03002-A,emi20241217t045512p03002,0,0.37993171851587576,0.5987087643013214
549402,emi20241216t115730p08004-A,emi20241216t115730p08004,0,0.5905553106077791,0.5987087643013214
549403,emi20241217t045512p03002-A,emi20241217t045512p03002,0,0.03757981942168567,0.5987087643013214
549404,emi20241216t115730p08004-A,emi20241216t115730p08004,0,0.0025501261900588287,0.5987087643013214
549405,emi20241217t045512p03002-A,emi20241217t045512p03002,0,0.8271650822236347,0.5987087643013214
549406,emi20241216t115730p08004-A,emi20241216t115730p08004,0,0.01139480599817362,0.5987087643013214
549408,emi20241216t115730p08004-A,emi20241216t115730p08004,0,0.0031052234610163707,0.5987087643013214
549411,emi20241217t045512p03002-A,emi20241217t045512p03002,0,0.06708256483689641,0.5987087643013214
549414,emi20241217t045512p03002-B,emi20241217t045512p03002,1,0.195603595635574,0.5987087643013214
549417,emi20241217t045512p03002-A,emi20241217t045512p03002,0,0.8816820556090017,0.5987087643013214
549423,emi20241217t045512p03002-A,emi20241217t045512p03002,0,0.025472142386946364,0.5987087643013214
549430,emi20241217t045512p03002-B,emi20241217t045512p03002,1,0.8279723040216053,0.5987087643013214
549434,emi20241217t045512p03002-B,emi20241217t045512p03002,1,0.8843722897481096,0.5987087643013214
549438,emi20241217t045512p03002-B,emi20241217t045512p03002,1,0.4898784788998403,0.5987087643013214
549439,emi20241217t045512p03002-C,emi20241217t045512p03002,1,0.8563316185098506,0.5987087643013214
549440,emi20241217t045512p03002-B,emi20241217t045512p03002,1,0.6824214455217604,0.5987087643013214
549441,emi20241217t045512p03002-C,emi20241217t045512p03002,1,0.8567977977168487,0.5987087643013214
549442,emi20241217t045512p03002-B,emi20241217t045512p03002,0,0.5363560801844125,0.5987087643013214
549448,emi20241217t045512p03002-B,emi20241217t045512p03002,0,0.8418071735620057,0.5987087643013214
549449,emi20241217t045512p03002-C,emi20241217t045512p03002,1,0.9217859076739913,0.5987087643013214
549450,emi20241217t045512p03002-B,emi20241217t045512p03002,0,0.5114854971245496,0.5987087643013214
549462,emi20241217t045512p03002-B,emi20241217t045512p03002,0,0.6003704381953376,0.5987087643013214
549469,emi20241217t045512p03002-C,emi20241217t045512p03002,0,0.18969673094557013,0.5987087643013214
549470,emi20241217t045512p03002-B,emi20241217t045512p03002,0,0.590030778162815,0.5987087643013214
549592,emi20241217t045523p03003-I,emi20241217t045523p03003,0,0.722734893092025,0.5987087643013214
549594,emi20241217t045523p03003-I,emi20241217t045523p03003,0,0.7587275319358365,0.5987087643013214
549595,emi20241217t045512p03002-C,emi20241217t045512p03002,0,0.10524326679729584,0.5987087643013214
549604,emi20241217t045523p03003-I,emi20241217t045523p03003,0,0.8465671641755486,0.5987087643013214
549609,emi20241217t045512p03002-C,emi20241217t045512p03002,0,0.05512937894990836,0.5987087643013214
549612,emi20241217t045523p03003-I,emi20241217t045523p03003,0,0.7546183181617618,0.5987087643013214
549617,emi20241217t045523p03003-R,emi20241217t045523p03003,1,0.809910606054722,0.5987087643013214
549619,emi20241217t045523p03003-R,emi20241217t045523p03003,1,0.6006063049134139,0.5987087643013214
549627,emi20241217t045523p03003-R,emi20241217t045523p03003,1,0.7038449645680269,0.5987087643013214
549629,emi20241217t045523p03003-R,emi20241217t045523p03003,1,0.5002184398253746,0.5987087643013214
549634,emi20241217t045523p03003-R,emi20241217t045523p03003,1,0.8644240661200165,0.5987087643013214
549645,emi20241217t045523p03003-R,emi20241217t045523p03003,1,0.8895960863114138,0.5987087643013214
549658,emi20241217t045523p03003-R,emi20241217t045523p03003,1,0.8462718713779057,0.5987087643013214
549667,emi20241217t045523p03003-R,emi20241217t045523p03003,1,0.8524233136410269,0.5987087643013214
549668,emi20241217t045523p03003-R,emi20241217t045523p03003,1,0.896221905561799,0.5987087643013214
549669,emi20241217t045523p03003-R,emi20241217t045523p03003,1,0.925408852730726,0.5987087643013214
549792,emi20241217t045523p03003-R,emi20241217t045523p03003,1,0.5713665992496674,0.5987087643013214
549842,emi20241217t045523p03003-V,emi20241217t045523p03003,0,0.9423269075844073,0.5987087643013214
549843,emi20241217t045523p03003-R,emi20241217t045523p03003,1,0.8342778722666547,0.5987087643013214
549848,emi20241217t045523p03003-V,emi20241217t045523p03003,0,0.5450635856411208,0.5987087643013214
549849,emi20241217t045523p03003-R,emi20241217t045523p03003,1,0.925408852730726,0.5987087643013214
549876,emi20241217t045523p03003-R,emi20241217t045523p03003,1,0.8938520843317755,0.5987087643013214
549895,emi20241217t045523p03003-V,emi20241217t045523p03003,0,0.4526224101879595,0.5987087643013214
549896,emi20241217t045523p03003-R,emi20241217t045523p03003,1,0.9319978527947543,0.5987087643013214
549906,emi20241217t045523p03003-V,emi20241217t045523p03003,0,0.1380430998578429,0.5987087643013214
549907,emi20241217t045523p03003-R,emi20241217t045523p03003,1,0.8151284429837029,0.5987087643013214
549933,emi20241217t045523p03003-V,emi20241217t045523p03003,0,0.5714678270457677,0.5987087643013214
549980,emi20241217t045523p03003-R,emi20241217t045523p03003,0,0.896457715466976,0.5987087643013214
550091,emi20241217t045523p03003-R,emi20241217t045523p03003,0,0.948745221527091,0.5987087643013214
550093,emi20241217t045523p03003-R,emi20241217t045523p03003,0,0.8298522889569429,0.5987087643013214
550100,emi20241217t045523p03003-R,emi20241217t045523p03003,0,0.13170519827777194,0.5987087643013214
550105,emi20241217t045523p03003-R,emi20241217t045523p03003,0,0.8909920515339957,0.5987087643013214
550107,emi20241217t045523p03003-R,emi20241217t045523p03003,0,0.6218316179323292,0.5987087643013214
550113,emi20241217t045523p03003-R,emi20241217t045523p03003,0,0.020146105481499775,0.5987087643013214
550122,emi20241217t093554p06014-B,emi20241217t093554p06014,1,0.9748629570528183,0.5987087643013214
550126,emi20241217t093554p06014-B,emi20241217t093554p06014,1,0.9775680994336164,0.5987087643013214
550129,emi20241217t093554p06014-A,emi20241217t093554p06014,0,0.5506139115297192,0.5987087643013214
550130,emi20241217t093554p06014-B,emi20241217t093554p06014,1,0.9855724537635179,0.5987087643013214
550131,emi20241217t093554p06014-B,emi20241217t093554p06014,1,0.9855724537635179,0.5987087643013214
550132,emi20241217t093554p06014-B,emi20241217t093554p06014,1,0.9775699807985766,0.5987087643013214
550133,emi20241217t093554p06014-B,emi20241217t093554p06014,1,0.9799970409393468,0.5987087643013214
550248,emi20241217t093554p06014-B,emi20241217t093554p06014,1,0.9769264054872271,0.5987087643013214
550252,emi20241217t093554p06014-C,emi20241217t093554p06014,0,0.011568410350164196,0.5987087643013214
550253,emi20241217t093554p06014-B,emi20241217t093554p06014,1,0.9762831663435173,0.5987087643013214
550255,emi20241217t093554p06014-B,emi20241217t093554p06014,1,0.9763950055673148,0.5987087643013214
550258,emi20241217t093554p06014-C,emi20241217t093554p06014,0,0.09954104230134067,0.5987087643013214
550259,emi20241217t093554p06014-B,emi20241217t093554p06014,1,0.9639900764325996,0.5987087643013214
550260,emi20241217t093554p06014-C,emi20241217t093554p06014,0,0.1693860247951853,0.5987087643013214
550261,emi20241217t093554p06014-B,emi20241217t093554p06014,1,0.976377891796689,0.5987087643013214
550262,emi20241217t093554p06014-C,emi20241217t093554p06014,0,0.44421852416078755,0.5987087643013214
550263,emi20241217t093554p06014-B,emi20241217t093554p06014,1,0.9686607286409864,0.5987087643013214
550267,emi20241217t093554p06014-B,emi20241217t093554p06014,1,0.9776082810568021,0.5987087643013214
550271,emi20241217t093554p06014-B,emi20241217t093554p06014,1,0.9840257663498608,0.5987087643013214
550305,emi20241217t093554p06014-B,emi20241217t093554p06014,1,0.9734256564195233,0.5987087643013214
550314,emi20241217t093554p06014-C,emi20241217t093554p06014,0,0.6697060780944538,0.5987087643013214
550315,emi20241217t093554p06014-B,emi20241217t093554p06014,1,0.9749017829849619,0.5987087643013214
550359,emi20241217t093554p06014-B,emi20241217t093554p06014,0,0.9785522705858762,0.5987087643013214
550368,emi20241217t093554p06014-B,emi20241217t093554p06014,0,0.22308562129693635,0.5987087643013214
550479,emi20241217t093554p06014-D,emi20241217t093554p06014,0,0.4987967225994182,0.5987087643013214
550488,emi20241217t093554p06014-D,emi20241217t093554p06014,0,0.4582084207455127,0.5987087643013214
550492,emi20241217t093554p06014-D,emi20241217t093554p06014,0,0.03908493566131346,0.5987087643013214
550500,emi20241217t093554p06014-D,emi20241217t093554p06014,0,0.8166118892149304,0.5987087643013214
550604,emi20241218t102612p07005-A,emi20241218t102612p07005,0,0.7538222849926088,0.5987087643013214
550611,emi20241218t102612p07005-A,emi20241218t102612p07005,0,0.39570272701585235,0.5987087643013214
550618,emi20241217t093554p06014-D,emi20241217t093554p06014,0,0.5713589975569415,0.5987087643013214
550621,emi20241218t102612p07005-A,emi20241218t102612p07005,0,0.4993289999077173,0.5987087643013214
550628,emi20241217t093554p06014-D,emi20241217t093554p06014,0,0.7375137972774886,0.5987087643013214
550635,emi20241218t102612p07005-A,emi20241218t102612p07005,0,0.035407872497560916,0.5987087643013214
550636,emi20241217t093554p06014-D,emi20241217t093554p06014,0,0.8336119032856043,0.5987087643013214
550637,emi20241218t102612p07005-A,emi20241218t102612p07005,0,0.4970381125694578,0.5987087643013214
550643,emi20241217t093554p06014-D,emi20241217t093554p06014,0,0.06393973030207138,0.5987087643013214
550645,emi20241218t102612p07005-A,emi20241218t102612p07005,0,0.22481369962275,0.5987087643013214
550647,emi20241218t102612p07005-A,emi20241218t102612p07005,0,0.24320416028420241,0.5987087643013214
550652,emi20241218t102612p07005-A,emi20241218t102612p07005,0,0.33628217770823526,0.5987087643013214
550954,emi20241218t102612p07005-A,emi20241218t102612p07005,0,0.286982933980122,0.5987087643013214
550964,emi20241218t102612p07005-A,emi20241218t102612p07005,0,0.3322869699245584,0.5987087643013214
550965,emi20241218t102612p07005-A,emi20241218t102612p07005,0,0.02805174747208747,0.5987087643013214
551069,emi20241219t080409p05003-E,emi20241219t080409p05003,0,0.24924683856346963,0.5987087643013214
551073,emi20241218t102612p07005-A,emi20241218t102612p07005,0,0.02263009614723423,0.5987087643013214
551079,emi20241219t080409p05003-E,emi20241219t080409p05003,0,0.04472322708388591,0.5987087643013214
551080,emi20241218t102612p07005-A,emi20241218t102612p07005,0,0.5155650410284749,0.5987087643013214
551089,emi20241219t080409p05003-E,emi20241219t080409p05003,0,0.02944522222636124,0.5987087643013214
551091,emi20241218t102612p07005-A,emi20241218t102612p07005,0,0.5978062965807118,0.5987087643013214
551099,emi20241219t080409p05003-E,emi20241219t080409p05003,0,0.032766228344702684,0.5987087643013214
551104,emi20241218t102612p07005-A,emi20241218t102612p07005,0,0.4452043422083435,0.5987087643013214
551120,emi20241219t080409p05003-E,emi20241219t080409p05003,0,0.04534364065107146,0.5987087643013214
551129,emi20241218t102612p07005-A,emi20241218t102612p07005,0,0.3075493347986408,0.5987087643013214
551155,emi20241219t080409p05003-E,emi20241219t080409p05003,0,0.09007089248488843,0.5987087643013214
551162,emi20241219t080409p05003-E,emi20241219t080409p05003,0,0.00812502225791015,0.5987087643013214
551164,emi20241219t080409p05003-E,emi20241219t080409p05003,0,0.0031852370745117714,0.5987087643013214
551165,emi20250126t124821p09002-A,emi20250126t124821p09002,1,0.9364968269124739,0.5987087643013214
551171,emi20241219t080409p05003-E,emi20241219t080409p05003,0,0.07295314878311385,0.5987087643013214
551172,emi20250126t124821p09002-A,emi20250126t124821p09002,1,0.9456561157085459,0.5987087643013214
551173,emi20241219t080409p05003-E,emi20241219t080409p05003,0,0.0036539944644671954,0.5987087643013214
551174,emi20250126t124821p09002-A,emi20250126t124821p09002,1,0.8988506140913937,0.5987087643013214
551181,emi20241219t080409p05003-E,emi20241219t080409p05003,0,0.011848904829058707,0.5987087643013214
551182,emi20250126t124821p09002-A,emi20250126t124821p09002,1,0.9286474301897412,0.5987087643013214
551183,emi20241219t080409p05003-E,emi20241219t080409p05003,0,0.004973928103008971,0.5987087643013214
551184,emi20250126t124821p09002-A,emi20250126t124821p09002,1,0.7813475798792789,0.5987087643013214
551202,emi20241219t080409p05003-E,emi20241219t080409p05003,0,0.1563229557651697,0.5987087643013214
551203,emi20250126t124821p09002-A,emi20250126t124821p09002,1,0.8371401254127931,0.5987087643013214
551207,emi20241219t080409p05003-E,emi20241219t080409p05003,0,0.016465736961233383,0.5987087643013214
551208,emi20250126t124821p09002-A,emi20250126t124821p09002,1,0.956093836961164,0.5987087643013214
551214,emi20241219t080409p05003-E,emi20241219t080409p05003,0,0.3312284377960493,0.5987087643013214
551215,emi20250126t124821p09002-A,emi20250126t124821p09002,1,0.9612345352237343,0.5987087643013214
551228,emi20241219t080409p05003-E,emi20241219t080409p05003,0,0.02787188475289441,0.5987087643013214
551229,emi20250126t124821p09002-A,emi20250126t124821p09002,1,0.9673750640129285,0.5987087643013214
551230,emi20250126t124821p09002-A,emi20250126t124821p09002,1,0.9414374510450695,0.5987087643013214
551231,emi20250126t124821p09002-A,emi20250126t124821p09002,1,0.9514232758589655,0.5987087643013214
551232,emi20250126t124821p09002-A,emi20250126t124821p09002,1,0.9273260808339434,0.5987087643013214
551233,emi20250127t181322p12005-A,emi20250127t181322p12005,1,0.9622958372951459,0.5987087643013214
551234,emi20250126t124821p09002-A,emi20250126t124821p09002,1,0.9512522960737088,0.5987087643013214
551235,emi20250127t181322p12005-A,emi20250127t181322p12005,1,0.9697190356770949,0.5987087643013214
551236,emi20250126t124821p09002-A,emi20250126t124821p09002,1,0.9447106940270292,0.5987087643013214
551237,emi20250127t181322p12005-A,emi20250127t181322p12005,1,0.9800814433278823,0.5987087643013214
551238,emi20250126t124821p09002-A,emi20250126t124821p09002,1,0.9094925637260094,0.5987087643013214
551239,emi20250127t181322p12005-A,emi20250127t181322p12005,1,0.8972445004575895,0.5987087643013214
551240,emi20250126t124821p09002-A,emi20250126t124821p09002,1,0.8184326096049247,0.5987087643013214
551241,emi20250127t181322p12005-A,emi20250127t181322p12005,1,0.9798840984820336,0.5987087643013214
551242,emi20250126t124821p09002-A,emi20250126t124821p09002,0,0.5487589181290252,0.5987087643013214
551243,emi20250127t181322p12005-A,emi20250127t181322p12005,1,0.9326420996269207,0.5987087643013214
551244,emi20250126t124821p09002-A,emi20250126t124821p09002,0,0.015131519552002329,0.5987087643013214
551245,emi20250127t181322p12005-A,emi20250127t181322p12005,1,0.9863842805386307,0.5987087643013214
551246,emi20250126t124821p09002-A,emi20250126t124821p09002,0,0.12483400396015623,0.5987087643013214
551247,emi20250127t181322p12005-A,emi20250127t181322p12005,1,0.9812182536609287,0.5987087643013214
551254,emi20250126t124821p09002-A,emi20250126t124821p09002,0,0.8814678565850672,0.5987087643013214
551255,emi20250127t181322p12005-A,emi20250127t181322p12005,1,0.9697190356770949,0.5987087643013214
551256,emi20250126t124821p09002-A,emi20250126t124821p09002,0,0.9395086387082572,0.5987087643013214
551257,emi20250127t181322p12005-A,emi20250127t181322p12005,1,0.9837079204321638,0.5987087643013214
551258,emi20250126t124821p09002-A,emi20250126t124821p09002,0,0.703013929456074,0.5987087643013214
551259,emi20250127t181322p12005-A,emi20250127t181322p12005,1,0.9567956515275313,0.5987087643013214
551260,emi20250126t124821p09002-A,emi20250126t124821p09002,0,0.23405356231226357,0.5987087643013214
551261,emi20250127t181322p12005-A,emi20250127t181322p12005,1,0.9863842805386307,0.5987087643013214
551262,emi20250126t124821p09002-A,emi20250126t124821p09002,0,0.06989052506603619,0.5987087643013214
551263,emi20250127t181322p12005-A,emi20250127t181322p12005,1,0.9823109989355039,0.5987087643013214
551265,emi20250126t124821p09002-A,emi20250126t124821p09002,0,0.02687320900730749,0.5987087643013214
551266,emi20250127t181322p12005-A,emi20250127t181322p12005,1,0.9465362692187467,0.5987087643013214
551269,emi20250126t124821p09002-A,emi20250126t124821p09002,0,0.8569902098630596,0.5987087643013214
551270,emi20250127t181322p12005-A,emi20250127t181322p12005,1,0.9845966858055861,0.5987087643013214
551271,emi20250126t124821p09002-A,emi20250126t124821p09002,0,0.016492423577606653,0.5987087643013214
551272,emi20250127t181322p12005-A,emi20250127t181322p12005,1,0.9793910558978958,0.5987087643013214
551274,emi20250126t124821p09002-A,emi20250126t124821p09002,0,0.9047977469482001,0.5987087643013214
551278,emi20250127t181322p12005-A,emi20250127t181322p12005,0,0.002488919194495405,0.5987087643013214
551279,emi20250126t124821p09002-A,emi20250126t124821p09002,0,0.0597600402667196,0.5987087643013214
551281,emi20250127t181322p12005-A,emi20250127t181322p12005,0,0.004694135724626172,0.5987087643013214
551282,emi20250126t124821p09002-A,emi20250126t124821p09002,0,0.6200524043516367,0.5987087643013214
551284,emi20250127t181322p12005-A,emi20250127t181322p12005,0,0.01312688922421111,0.5987087643013214
551285,emi20250126t124821p09002-A,emi20250126t124821p09002,0,0.22143051143905176,0.5987087643013214
551286,emi20250127t181322p12005-A,emi20250127t181322p12005,0,0.18895112210544374,0.5987087643013214
551288,emi20250126t124821p09002-A,emi20250126t124821p09002,0,0.7464157073438701,0.5987087643013214
551289,emi20250127t181322p12005-A,emi20250127t181322p12005,0,0.008965724102558935,0.5987087643013214
551290,emi20250127t181322p12005-A,emi20250127t181322p12005,0,0.0018443631826482458,0.5987087643013214
551293,emi20250127t181322p12005-A,emi20250127t181322p12005,0,0.0022236372674217172,0.5987087643013214
551294,emi20250127t181345p12007-B,emi20250127t181345p12007,1,0.9135746281990361,0.5987087643013214
551295,emi20250127t181322p12005-A,emi20250127t181322p12005,0,0.374615943897137,0.5987087643013214
551296,emi20250127t181345p12007-B,emi20250127t181345p12007,1,0.8965550561040153,0.5987087643013214
551298,emi20250127t181322p12005-A,emi20250127t181322p12005,0,0.002465933788440833,0.5987087643013214
551299,emi20250127t181345p12007-B,emi20250127t181345p12007,1,0.6615020310031594,0.5987087643013214
551300,emi20250127t181322p12005-A,emi20250127t181322p12005,0,0.12742919390254095,0.5987087643013214
551301,emi20250127t181345p12007-B,emi20250127t181345p12007,1,0.9068586169503112,0.5987087643013214
551302,emi20250127t181322p12005-A,emi20250127t181322p12005,0,0.31447330883965474,0.5987087643013214
551303,emi20250127t181345p12007-B,emi20250127t181345p12007,1,0.904775806721984,0.5987087643013214
551304,emi20250127t181322p12005-A,emi20250127t181322p12005,0,0.004705245598415285,0.5987087643013214
551305,emi20250127t181345p12007-B,emi20250127t181345p12007,1,0.9492401648199753,0.5987087643013214
551307,emi20250127t181322p12005-A,emi20250127t181322p12005,0,0.4678776833232432,0.5987087643013214
551308,emi20250127t181345p12007-B,emi20250127t181345p12007,1,0.9275040707320584,0.5987087643013214
551311,emi20250127t181322p12005-A,emi20250127t181322p12005,0,0.014571679570712117,0.5987087643013214
551312,emi20250127t181345p12007-B,emi20250127t181345p12007,1,0.9433292942612418,0.5987087643013214
551313,emi20250127t181322p12005-A,emi20250127t181322p12005,0,0.005020510636446114,0.5987087643013214
551314,emi20250127t181345p12007-B,emi20250127t181345p12007,1,0.8079922496497435,0.5987087643013214
551317,emi20250127t181322p12005-A,emi20250127t181322p12005,0,0.5380536289895377,0.5987087643013214
551318,emi20250127t181345p12007-B,emi20250127t181345p12007,1,0.6712192977755215,0.5987087643013214
551319,emi20250127t181345p12007-B,emi20250127t181345p12007,1,0.6336113750665631,0.5987087643013214
551320,emi20250127t181345p12007-B,emi20250127t181345p12007,1,0.9206560459178053,0.5987087643013214
551321,emi20250128t063810p05012-A,emi20250128t063810p05012,1,0.5919247301177036,0.5987087643013214
551322,emi20250127t181345p12007-B,emi20250127t181345p12007,1,0.932004325163887,0.5987087643013214
551323,emi20250128t063810p05012-A,emi20250128t063810p05012,1,0.6389166636004149,0.5987087643013214
551324,emi20250127t181345p12007-B,emi20250127t181345p12007,1,0.9651287388256463,0.5987087643013214
551326,emi20250127t181345p12007-B,emi20250127t181345p12007,1,0.9624897269069537,0.5987087643013214
551327,emi20250128t063810p05012-A,emi20250128t063810p05012,1,0.7105217245187929,0.5987087643013214
551328,emi20250127t181345p12007-B,emi20250127t181345p12007,1,0.9545327690624095,0.5987087643013214
551330,emi20250127t181345p12007-B,emi20250127t181345p12007,0,0.31299938674672284,0.5987087643013214
551332,emi20250127t181345p12007-B,emi20250127t181345p12007,0,0.8349821118270425,0.5987087643013214
551334,emi20250127t181345p12007-B,emi20250127t181345p12007,0,0.019320118695841524,0.5987087643013214
551335,emi20250128t063810p05012-A,emi20250128t063810p05012,1,0.2220701899559374,0.5987087643013214
551336,emi20250127t181345p12007-B,emi20250127t181345p12007,0,0.7058982465592555,0.5987087643013214
551338,emi20250127t181345p12007-B,emi20250127t181345p12007,0,0.007600272507639616,0.5987087643013214
551339,emi20250128t063810p05012-A,emi20250128t063810p05012,1,0.27860287234560077,0.5987087643013214
551340,emi20250127t181345p12007-B,emi20250127t181345p12007,0,0.018341998979884106,0.5987087643013214
551342,emi20250127t181345p12007-B,emi20250127t181345p12007,0,0.003701603066776161,0.5987087643013214
551343,emi20250128t063810p05012-A,emi20250128t063810p05012,1,0.5431156122412049,0.5987087643013214
551344,emi20250127t181345p12007-B,emi20250127t181345p12007,0,0.010349097063975618,0.5987087643013214
551346,emi20250127t181345p12007-B,emi20250127t181345p12007,0,0.07123761838176361,0.5987087643013214
551347,emi20250128t063810p05012-A,emi20250128t063810p05012,1,0.6671629232577185,0.5987087643013214
551348,emi20250127t181345p12007-B,emi20250127t181345p12007,0,0.7346151730422832,0.5987087643013214
551349,emi20250128t063810p05012-A,emi20250128t063810p05012,1,0.33201211799529506,0.5987087643013214
551350,emi20250127t181345p12007-B,emi20250127t181345p12007,0,0.02475691521615283,0.5987087643013214
551352,emi20250127t181345p12007-B,emi20250127t181345p12007,0,0.01234783989411579,0.5987087643013214
551353,emi20250128t063810p05012-A,emi20250128t063810p05012,0,0.3644587763127189,0.5987087643013214
551354,emi20250127t181345p12007-B,emi20250127t181345p12007,0,0.006265503302565368,0.5987087643013214
551355,emi20250128t063810p05012-A,emi20250128t063810p05012,0,0.010956361671467825,0.5987087643013214
551356,emi20250127t181345p12007-B,emi20250127t181345p12007,0,0.02934601735334518,0.5987087643013214
551358,emi20250127t181345p12007-B,emi20250127t181345p12007,0,0.03347033411012803,0.5987087643013214
551359,emi20250128t063810p05012-A,emi20250128t063810p05012,0,0.02479455797093377,0.5987087643013214
551360,emi20250127t181345p12007-B,emi20250127t181345p12007,0,0.2221860489838985,0.5987087643013214
551361,emi20250128t063810p05012-A,emi20250128t063810p05012,0,0.004652957679637127,0.5987087643013214
551362,emi20250128t063810p05012-A,emi20250128t063810p05012,0,0.9042729104808568,0.5987087643013214
551363,emi20250128t063810p05012-A,emi20250128t063810p05012,0,0.005718045760259737,0.5987087643013214
551364,emi20250128t063810p05012-B,emi20250128t063810p05012,1,0.6312425193353566,0.5987087643013214
551367,emi20250128t063810p05012-A,emi20250128t063810p05012,0,0.0028565381102413144,0.5987087643013214
551368,emi20250128t063810p05012-B,emi20250128t063810p05012,1,0.9628860515988843,0.5987087643013214
551370,emi20250128t063810p05012-B,emi20250128t063810p05012,1,0.8323004121929254,0.5987087643013214
551371,emi20250128t063810p05012-A,emi20250128t063810p05012,0,0.5322826845666504,0.5987087643013214
551374,emi20250128t063810p05012-B,emi20250128t063810p05012,1,0.9263666785819658,0.5987087643013214
551376,emi20250128t063810p05012-B,emi20250128t063810p05012,1,0.9352416146947556,0.5987087643013214
551377,emi20250128t063810p05012-A,emi20250128t063810p05012,0,0.002968435046054941,0.5987087643013214
551378,emi20250128t063810p05012-B,emi20250128t063810p05012,1,0.9410674573494677,0.5987087643013214
551379,emi20250128t063810p05012-A,emi20250128t063810p05012,0,0.14578201313918057,0.5987087643013214
551383,emi20250128t063810p05012-B,emi20250128t063810p05012,1,0.9131642585519386,0.5987087643013214
551385,emi20250129t163959p11015-A,emi20250129t163959p11015,1,0.007659398180430933,0.5987087643013214
551386,emi20250128t063810p05012-B,emi20250128t063810p05012,1,0.8765085638453401,0.5987087643013214
551387,emi20250129t163959p11015-A,emi20250129t163959p11015,1,0.9206067901879477,0.5987087643013214
551389,emi20250129t163959p11015-A,emi20250129t163959p11015,1,0.006088374297725289,0.5987087643013214
551391,emi20250129t163959p11015-A,emi20250129t163959p11015,1,0.3018438664620107,0.5987087643013214
551393,emi20250129t163959p11015-A,emi20250129t163959p11015,1,0.7221161364642273,0.5987087643013214
551395,emi20250129t163959p11015-A,emi20250129t163959p11015,1,0.7218125523958885,0.5987087643013214
551396,emi20250128t063810p05012-B,emi20250128t063810p05012,0,0.009883073531917084,0.5987087643013214
551397,emi20250129t163959p11015-A,emi20250129t163959p11015,1,0.194536791616413,0.5987087643013214
551399,emi20250129t163959p11015-A,emi20250129t163959p11015,1,0.14954401652052793,0.5987087643013214
551400,emi20250128t063810p05012-B,emi20250128t063810p05012,0,0.6939539232466901,0.5987087643013214
551401,emi20250129t163959p11015-A,emi20250129t163959p11015,1,0.465472150102108,0.5987087643013214
551402,emi20250128t063810p05012-B,emi20250128t063810p05012,0,0.00965978125572611,0.5987087643013214
551403,emi20250129t163959p11015-A,emi20250129t163959p11015,1,0.617869012423377,0.5987087643013214
551405,emi20250129t163959p11015-A,emi20250129t163959p11015,1,0.0217379221996385,0.5987087643013214
551407,emi20250129t163959p11015-A,emi20250129t163959p11015,1,0.39515606457260877,0.5987087643013214
551409,emi20250129t163959p11015-A,emi20250129t163959p11015,1,0.25608092450269304,0.5987087643013214
551411,emi20250129t163959p11015-A,emi20250129t163959p11015,1,0.7639445811920187,0.5987087643013214
551412,emi20250128t063810p05012-B,emi20250128t063810p05012,0,0.7600939453787064,0.5987087643013214
551413,emi20250129t163959p11015-A,emi20250129t163959p11015,1,0.7639445811920187,0.5987087643013214
551415,emi20250129t163959p11015-A,emi20250129t163959p11015,1,0.7957748836840389,0.5987087643013214
551416,emi20250128t063810p05012-B,emi20250128t063810p05012,0,0.018274818855983508,0.5987087643013214
551417,emi20250129t163959p11015-A,emi20250129t163959p11015,0,0.1844500109686569,0.5987087643013214
551419,emi20250129t163959p11015-A,emi20250129t163959p11015,0,0.012719419683900198,0.5987087643013214
551421,emi20250129t163959p11015-A,emi20250129t163959p11015,0,0.008432605266577124,0.5987087643013214
551423,emi20250129t163959p11015-A,emi20250129t163959p11015,0,0.8791341042504693,0.5987087643013214
551424,emi20250128t063810p05012-B,emi20250128t063810p05012,0,0.04628892376828534,0.5987087643013214
551425,emi20250129t163959p11015-A,emi20250129t163959p11015,0,0.08005687860838222,0.5987087643013214
551426,emi20250129t163959p11015-A,emi20250129t163959p11015,0,0.0012779801210664244,0.5987087643013214
551427,emi20250129t163959p11015-A,emi20250129t163959p11015,0,0.003216697174373278,0.5987087643013214
551428,emi20250129t163959p11015-A,emi20250129t163959p11015,0,0.052490552057204765,0.5987087643013214
551430,emi20250129t163959p11015-A,emi20250129t163959p11015,0,0.01618479327394314,0.5987087643013214
551431,emi20250202t054303p04011-C,emi20250202t054303p04011,1,0.8235033657716722,0.5987087643013214
551432,emi20250129t163959p11015-A,emi20250129t163959p11015,0,0.012932985480261611,0.5987087643013214
551434,emi20250129t163959p11015-A,emi20250129t163959p11015,0,0.004203596057742398,0.5987087643013214
551437,emi20250129t163959p11015-A,emi20250129t163959p11015,0,0.006035639135378514,0.5987087643013214
551438,emi20250202t054303p04011-C,emi20250202t054303p04011,1,0.9490146717201436,0.5987087643013214
551439,emi20250129t163959p11015-A,emi20250129t163959p11015,0,0.0016604986840355954,0.5987087643013214
551441,emi20250129t163959p11015-A,emi20250129t163959p11015,0,0.004260795910254037,0.5987087643013214
551443,emi20250129t163959p11015-A,emi20250129t163959p11015,0,0.01751247402048581,0.5987087643013214
551444,emi20250202t054303p04011-C,emi20250202t054303p04011,1,0.9351035771785488,0.5987087643013214
551445,emi20250129t163959p11015-A,emi20250129t163959p11015,0,0.21769111799942462,0.5987087643013214
551446,emi20250202t054303p04011-C,emi20250202t054303p04011,1,0.8050899341912541,0.5987087643013214
551449,emi20250202t054303p04011-D,emi20250202t054303p04011,1,0.7859858916045334,0.5987087643013214
551450,emi20250202t054303p04011-C,emi20250202t054303p04011,1,0.89831662672995,0.5987087643013214
551451,emi20250202t054303p04011-D,emi20250202t054303p04011,1,0.9316530366704948,0.5987087643013214
551453,emi20250202t054303p04011-D,emi20250202t054303p04011,1,0.917294136798583,0.5987087643013214
551454,emi20250202t054303p04011-C,emi20250202t054303p04011,1,0.8259758166353092,0.5987087643013214
551457,emi20250202t054303p04011-D,emi20250202t054303p04011,1,0.8874396627963083,0.5987087643013214
551458,emi20250202t054303p04011-C,emi20250202t054303p04011,0,0.6623981037149272,0.5987087643013214
551461,emi20250202t054303p04011-D,emi20250202t054303p04011,1,0.747567737087187,0.5987087643013214
551464,emi20250202t054303p04011-C,emi20250202t054303p04011,0,0.01882540471433697,0.5987087643013214
551466,emi20250202t054303p04011-C,emi20250202t054303p04011,0,0.5886257274564207,0.5987087643013214
551467,emi20250202t054303p04011-D,emi20250202t054303p04011,1,0.9326919993757165,0.5987087643013214
551470,emi20250202t054303p04011-C,emi20250202t054303p04011,0,0.054837675779002684,0.5987087643013214
551471,emi20250202t054303p04011-D,emi20250202t054303p04011,1,0.8405296552946626,0.5987087643013214
551473,emi20250202t054303p04011-D,emi20250202t054303p04011,1,0.876409065054807,0.5987087643013214
551476,emi20250202t054303p04011-C,emi20250202t054303p04011,0,0.493821608629248,0.5987087643013214
551477,emi20250202t054303p04011-D,emi20250202t054303p04011,1,0.8632530629288047,0.5987087643013214
551478,emi20250202t054303p04011-C,emi20250202t054303p04011,0,0.17689581186617828,0.5987087643013214
551479,emi20250202t054303p04011-D,emi20250202t054303p04011,1,0.8976653852755382,0.5987087643013214
551481,emi20250202t054303p04011-D,emi20250202t054303p04011,0,0.04087164458738439,0.5987087643013214
551484,emi20250202t054303p04011-C,emi20250202t054303p04011,0,0.42137443873754,0.5987087643013214
551486,emi20250202t054303p04011-C,emi20250202t054303p04011,0,0.10566921761354052,0.5987087643013214
551487,emi20250202t054303p04011-D,emi20250202t054303p04011,0,0.4307929316757156,0.5987087643013214
551489,emi20250202t054303p04011-D,emi20250202t054303p04011,0,0.12708715782040028,0.5987087643013214
551490,emi20250202t054303p04011-D,emi20250202t054303p04011,0,0.7242790053748643,0.5987087643013214
551491,emi20250202t054303p04011-D,emi20250202t054303p04011,0,0.017380151838592272,0.5987087643013214
551492,emi20250203t045947p04016-A,emi20250203t045947p04016,1,0.899676737927213,0.5987087643013214
551494,emi20250203t045947p04016-A,emi20250203t045947p04016,1,0.7840308274137129,0.5987087643013214
551496,emi20250203t045947p04016-A,emi20250203t045947p04016,1,0.8860307577860055,0.5987087643013214
551497,emi20250202t054303p04011-D,emi20250202t054303p04011,0,0.9062027690617994,0.5987087643013214
551498,emi20250203t045947p04016-A,emi20250203t045947p04016,1,0.9083805734932391,0.5987087643013214
551500,emi20250203t045947p04016-A,emi20250203t045947p04016,1,0.821106433302258,0.5987087643013214
551502,emi20250203t045947p04016-A,emi20250203t045947p04016,1,0.9232509733411365,0.5987087643013214
551503,emi20250202t054303p04011-D,emi20250202t054303p04011,0,0.27908295032857877,0.5987087643013214
551504,emi20250203t045947p04016-A,emi20250203t045947p04016,1,0.8816307949572187,0.5987087643013214
551506,emi20250203t045947p04016-A,emi20250203t045947p04016,1,0.9156739624119803,0.5987087643013214
551507,emi20250202t054303p04011-D,emi20250202t054303p04011,0,0.4090512659838222,0.5987087643013214
551508,emi20250203t045947p04016-A,emi20250203t045947p04016,1,0.839639953843932,0.5987087643013214
551510,emi20250203t045947p04016-A,emi20250203t045947p04016,1,0.9121830698872062,0.5987087643013214
551511,emi20250203t045947p04016-A,emi20250203t045947p04016,1,0.919106348584308,0.5987087643013214
551512,emi20250203t045947p04016-A,emi20250203t045947p04016,1,0.8121631894629653,0.5987087643013214
551513,emi20250211t064529p05009-A,emi20250211t064529p05009,1,0.8934659499180967,0.5987087643013214
551514,emi20250203t045947p04016-A,emi20250203t045947p04016,1,0.7698216404006175,0.5987087643013214
551515,emi20250211t064529p05009-A,emi20250211t064529p05009,1,0.9279513137814458,0.5987087643013214
551516,emi20250203t045947p04016-A,emi20250203t045947p04016,1,0.8802917077974545,0.5987087643013214
551517,emi20250211t064529p05009-A,emi20250211t064529p05009,1,0.9287478371255463,0.5987087643013214
551518,emi20250203t045947p04016-A,emi20250203t045947p04016,1,0.9395196326846208,0.5987087643013214
551519,emi20250211t064529p05009-A,emi20250211t064529p05009,1,0.9578699728449316,0.5987087643013214
551520,emi20250203t045947p04016-A,emi20250203t045947p04016,1,0.9452178931750869,0.5987087643013214
551521,emi20250211t064529p05009-A,emi20250211t064529p05009,1,0.9431552169433658,0.5987087643013214
551522,emi20250203t045947p04016-A,emi20250203t045947p04016,0,0.10018228911959567,0.5987087643013214
551523,emi20250211t064529p05009-A,emi20250211t064529p05009,1,0.9264752364586379,0.5987087643013214
551524,emi20250203t045947p04016-A,emi20250203t045947p04016,0,0.0906284516614088,0.5987087643013214
551525,emi20250211t064529p05009-A,emi20250211t064529p05009,1,0.9451783597971625,0.5987087643013214
551526,emi20250203t045947p04016-A,emi20250203t045947p04016,0,0.0037237201067199465,0.5987087643013214
551527,emi20250211t064529p05009-A,emi20250211t064529p05009,1,0.9120026454594921,0.5987087643013214
551528,emi20250203t045947p04016-A,emi20250203t045947p04016,0,0.021208953077639012,0.5987087643013214
551529,emi20250211t064529p05009-A,emi20250211t064529p05009,1,0.9137993382358371,0.5987087643013214
551530,emi20250203t045947p04016-A,emi20250203t045947p04016,0,0.0021627129180999557,0.5987087643013214
551531,emi20250211t064529p05009-A,emi20250211t064529p05009,1,0.9306586983957009,0.5987087643013214
551532,emi20250203t045947p04016-A,emi20250203t045947p04016,0,0.042984723003561466,0.5987087643013214
551533,emi20250211t064529p05009-A,emi20250211t064529p05009,1,0.9477179135535431,0.5987087643013214
551534,emi20250203t045947p04016-A,emi20250203t045947p04016,0,0.026479226816481616,0.5987087643013214
551535,emi20250211t064529p05009-A,emi20250211t064529p05009,1,0.9469953272660264,0.5987087643013214
551536,emi20250203t045947p04016-A,emi20250203t045947p04016,0,0.03868747839514419,0.5987087643013214
551537,emi20250211t064529p05009-A,emi20250211t064529p05009,1,0.912684643575949,0.5987087643013214
551538,emi20250203t045947p04016-A,emi20250203t045947p04016,0,0.07924280477741134,0.5987087643013214
551539,emi20250211t064529p05009-A,emi20250211t064529p05009,1,0.918428159645552,0.5987087643013214
551540,emi20250203t045947p04016-A,emi20250203t045947p04016,0,0.0031943363135583003,0.5987087643013214
551541,emi20250211t064529p05009-A,emi20250211t064529p05009,1,0.9212540914964304,0.5987087643013214
551542,emi20250203t045947p04016-A,emi20250203t045947p04016,0,0.16412863658022564,0.5987087643013214
551543,emi20250211t064529p05009-A,emi20250211t064529p05009,1,0.9267085331792436,0.5987087643013214
551544,emi20250203t045947p04016-A,emi20250203t045947p04016,0,0.011770713816747312,0.5987087643013214
551545,emi20250211t064529p05009-A,emi20250211t064529p05009,0,0.011605750927759775,0.5987087643013214
551546,emi20250203t045947p04016-A,emi20250203t045947p04016,0,0.021182701001240038,0.5987087643013214
551547,emi20250211t064529p05009-A,emi20250211t064529p05009,0,0.8005801772547716,0.5987087643013214
551548,emi20250203t045947p04016-A,emi20250203t045947p04016,0,0.03237469467124381,0.5987087643013214
551549,emi20250211t064529p05009-A,emi20250211t064529p05009,0,0.6661785230121368,0.5987087643013214
551550,emi20250203t045947p04016-A,emi20250203t045947p04016,0,0.010766782248560574,0.5987087643013214
551551,emi20250211t064529p05009-A,emi20250211t064529p05009,0,0.9623339533767619,0.5987087643013214
551552,emi20250203t045947p04016-A,emi20250203t045947p04016,0,0.7634592286223397,0.5987087643013214
551553,emi20250211t064529p05009-A,emi20250211t064529p05009,0,0.07494024596183604,0.5987087643013214
551554,emi20250211t064529p05009-A,emi20250211t064529p05009,0,0.101758662981375,0.5987087643013214
551555,emi20250211t064529p05009-A,emi20250211t064529p05009,0,0.18584475719482973,0.5987087643013214
551856,emi20250211t064529p05009-A,emi20250211t064529p05009,0,0.9165331737322722,0.5987087643013214
551857,emi20250211t064529p05009-A,emi20250211t064529p05009,0,0.9504228362722634,0.5987087643013214
551858,emi20250211t064529p05009-A,emi20250211t064529p05009,0,0.17669789099849054,0.5987087643013214
551859,emi20250218t060155p04034-A,emi20250218t060155p04034,1,0.9732964274522933,0.5987087643013214
551860,emi20250211t064529p05009-A,emi20250211t064529p05009,0,0.9378384896788758,0.5987087643013214
551861,emi20250218t060155p04034-A,emi20250218t060155p04034,1,0.9398705073572163,0.5987087643013214
551862,emi20250211t064529p05009-A,emi20250211t064529p05009,0,0.6975691848603501,0.5987087643013214
551863,emi20250218t060155p04034-A,emi20250218t060155p04034,1,0.9671526792313697,0.5987087643013214
551864,emi20250211t064529p05009-A,emi20250211t064529p05009,0,0.0660570518834807,0.5987087643013214
551865,emi20250218t060155p04034-A,emi20250218t060155p04034,1,0.9778281724651794,0.5987087643013214
551866,emi20250211t064529p05009-A,emi20250211t064529p05009,0,0.9785857130337499,0.5987087643013214
551867,emi20250218t060155p04034-A,emi20250218t060155p04034,1,0.9668421308695198,0.5987087643013214
551868,emi20250211t064529p05009-A,emi20250211t064529p05009,0,0.9531525728264963,0.5987087643013214
551869,emi20250218t060155p04034-A,emi20250218t060155p04034,1,0.9666735526624023,0.5987087643013214
551870,emi20250211t064529p05009-A,emi20250211t064529p05009,0,0.6449941380631898,0.5987087643013214
551871,emi20250218t060155p04034-A,emi20250218t060155p04034,1,0.9366131400774919,0.5987087643013214
551872,emi20250218t060155p04034-A,emi20250218t060155p04034,1,0.9641577578726862,0.5987087643013214
551873,emi20250218t060155p04034-A,emi20250218t060155p04034,1,0.9623143412776396,0.5987087643013214
551874,emi20250218t060155p04034-A,emi20250218t060155p04034,1,0.9732390589742123,0.5987087643013214
551978,emi20250218t060155p04034-A,emi20250218t060155p04034,1,0.9629595806160107,0.5987087643013214
551980,emi20250218t060155p04034-A,emi20250218t060155p04034,1,0.9398705073572163,0.5987087643013214
551982,emi20250220t090527p06030-B,emi20250220t090527p06030,0,0.4592136937842025,0.5987087643013214
551983,emi20250218t060155p04034-A,emi20250218t060155p04034,1,0.9659251661272327,0.5987087643013214
551984,emi20250220t090527p06030-B,emi20250220t090527p06030,0,0.6703196157737904,0.5987087643013214
551985,emi20250218t060155p04034-A,emi20250218t060155p04034,1,0.9220837523052177,0.5987087643013214
551995,emi20250218t060155p04034-A,emi20250218t060155p04034,1,0.9216525797815591,0.5987087643013214
551996,emi20250220t090527p06030-B,emi20250220t090527p06030,0,0.07215216261441525,0.5987087643013214
551997,emi20250218t060155p04034-A,emi20250218t060155p04034,1,0.9487259633201046,0.5987087643013214
552005,emi20250218t060155p04034-A,emi20250218t060155p04034,0,0.08218730311807869,0.5987087643013214
552006,emi20250220t090527p06030-B,emi20250220t090527p06030,0,0.09945430983992383,0.5987087643013214
552007,emi20250218t060155p04034-A,emi20250218t060155p04034,0,0.01682965531493905,0.5987087643013214
552010,emi20250218t060155p04034-A,emi20250218t060155p04034,0,0.5312428052324395,0.5987087643013214
552014,emi20250218t060155p04034-A,emi20250218t060155p04034,0,0.8987933928848726,0.5987087643013214
552018,emi20250218t060155p04034-A,emi20250218t060155p04034,0,0.043506242194557954,0.5987087643013214
552019,emi20250220t090527p06030-B,emi20250220t090527p06030,0,0.09329121918138668,0.5987087643013214
552020,emi20250218t060155p04034-A,emi20250218t060155p04034,0,0.012055571447289979,0.5987087643013214
552027,emi20250218t060155p04034-A,emi20250218t060155p04034,0,0.021704353685305808,0.5987087643013214
552031,emi20250218t060155p04034-A,emi20250218t060155p04034,0,0.013029687108035884,0.5987087643013214
552033,emi20250220t090527p06030-B,emi20250220t090527p06030,0,0.20193900454589178,0.5987087643013214
552037,emi20250218t060155p04034-A,emi20250218t060155p04034,0,0.01512420687867283,0.5987087643013214
552043,emi20250220t090527p06030-B,emi20250220t090527p06030,0,0.09806729868598435,0.5987087643013214
552046,emi20250218t060155p04034-A,emi20250218t060155p04034,0,0.2930866631614526,0.5987087643013214
552049,emi20250218t060155p04034-A,emi20250218t060155p04034,0,0.06440657706268872,0.5987087643013214
552051,emi20250218t060155p04034-A,emi20250218t060155p04034,0,0.7424621946616521,0.5987087643013214
552154,emi20250218t060155p04034-A,emi20250218t060155p04034,0,0.0021217954244401637,0.5987087643013214
552161,emi20250220t090527p06030-C,emi20250220t090527p06030,0,0.5417385845688506,0.5987087643013214
552162,emi20250218t060155p04034-A,emi20250218t060155p04034,0,0.008290450096567011,0.5987087643013214
552167,emi20250218t060155p04034-A,emi20250218t060155p04034,0,0.003975521188577269,0.5987087643013214
552175,emi20250220t090527p06030-C,emi20250220t090527p06030,0,0.4600788732991496,0.5987087643013214
552176,emi20250218t060155p04034-A,emi20250218t060155p04034,0,0.011028043346276615,0.5987087643013214
552197,emi20250220t090527p06030-C,emi20250220t090527p06030,0,0.46710762579290704,0.5987087643013214
552218,emi20250220t090527p06030-C,emi20250220t090527p06030,0,0.24952341407313783,0.5987087643013214
552329,emi20250221t064447p05008-B,emi20250221t064447p05008,0,0.21597889724936623,0.5987087643013214
552333,emi20250220t090527p06030-C,emi20250220t090527p06030,0,0.2622819142655049,0.5987087643013214
552343,emi20250221t064447p05008-B,emi20250221t064447p05008,0,0.014173083266165948,0.5987087643013214
552365,emi20250220t090527p06030-C,emi20250220t090527p06030,0,0.03510584949738556,0.5987087643013214
552373,emi20250221t064447p05008-B,emi20250221t064447p05008,0,0.04249344815717318,0.5987087643013214
552378,emi20250220t090527p06030-C,emi20250220t090527p06030,0,0.011302991074046793,0.5987087643013214
552383,emi20250221t064447p05008-B,emi20250221t064447p05008,0,0.19789374829202036,0.5987087643013214
552395,emi20250221t064447p05008-B,emi20250221t064447p05008,0,0.023337855773370348,0.5987087643013214
552410,emi20250220t090527p06030-C,emi20250220t090527p06030,0,0.3549936878998852,0.5987087643013214
552413,emi20250221t064447p05008-B,emi20250221t064447p05008,0,0.029739504029176175,0.5987087643013214
552424,emi20250221t064447p05008-B,emi20250221t064447p05008,0,0.9679762791898908,0.5987087643013214
552434,emi20250221t064447p05008-B,emi20250221t064447p05008,0,0.6736573669650511,0.5987087643013214
552443,emi20250221t064447p05008-B,emi20250221t064447p05008,0,0.01628830055421414,0.5987087643013214
552447,emi20250220t090527p06030-C,emi20250220t090527p06030,0,0.04645110728506831,0.5987087643013214
552453,emi20250221t064447p05008-B,emi20250221t064447p05008,0,0.06866772386793296,0.5987087643013214
552454,emi20250221t064447p05008-B,emi20250221t064447p05008,0,0.5580711975370608,0.5987087643013214
552460,emi20250221t064447p05008-B,emi20250221t064447p05008,0,0.9576043534793298,0.5987087643013214
552461,emi20250226t184259p12001-A,emi20250226t184259p12001,1,0.028126454688845767,0.5987087643013214
552466,emi20250221t064447p05008-B,emi20250221t064447p05008,0,0.5985717301053465,0.5987087643013214
552467,emi20250226t184259p12001-A,emi20250226t184259p12001,1,0.37418397856530927,0.5987087643013214
552470,emi20250221t064447p05008-B,emi20250221t064447p05008,0,0.02978173284993038,0.5987087643013214
552471,emi20250226t184259p12001-A,emi20250226t184259p12001,1,0.14240892981964473,0.5987087643013214
552481,emi20250221t064447p05008-B,emi20250221t064447p05008,0,0.2018035000875025,0.5987087643013214
552482,emi20250226t184259p12001-A,emi20250226t184259p12001,1,0.005803765197084729,0.5987087643013214
552483,emi20250221t064447p05008-B,emi20250221t064447p05008,0,0.025315282964079797,0.5987087643013214
552484,emi20250226t184259p12001-A,emi20250226t184259p12001,1,0.009640469525479554,0.5987087643013214
552485,emi20250226t184259p12001-A,emi20250226t184259p12001,1,0.2520511785310031,0.5987087643013214
552486,emi20250226t184259p12001-A,emi20250226t184259p12001,1,0.004678955413535187,0.5987087643013214
552487,emi20250323t102746p07023-A,emi20250323t102746p07023,1,0.906054990998528,0.5987087643013214
552488,emi20250226t184259p12001-A,emi20250226t184259p12001,1,0.018557045503573597,0.5987087643013214
552489,emi20250323t102746p07023-A,emi20250323t102746p07023,1,0.9362976472505768,0.5987087643013214
552490,emi20250226t184259p12001-A,emi20250226t184259p12001,1,0.06918339217659944,0.5987087643013214
552491,emi20250323t102746p07023-A,emi20250323t102746p07023,1,0.8940984648365281,0.5987087643013214
552492,emi20250226t184259p12001-A,emi20250226t184259p12001,1,0.07659559350653182,0.5987087643013214
552493,emi20250323t102746p07023-A,emi20250323t102746p07023,1,0.8546951151709006,0.5987087643013214
552494,emi20250226t184259p12001-A,emi20250226t184259p12001,1,0.009640469525479554,0.5987087643013214
552495,emi20250323t102746p07023-A,emi20250323t102746p07023,1,0.9853609354513008,0.5987087643013214
552496,emi20250226t184259p12001-A,emi20250226t184259p12001,1,0.08959564178991022,0.5987087643013214
552497,emi20250323t102746p07023-A,emi20250323t102746p07023,1,0.9571065415571666,0.5987087643013214
552498,emi20250226t184259p12001-A,emi20250226t184259p12001,1,0.0030697117679179898,0.5987087643013214
552499,emi20250323t102746p07023-A,emi20250323t102746p07023,1,0.9678138770138044,0.5987087643013214
552500,emi20250226t184259p12001-A,emi20250226t184259p12001,1,0.005803765197084729,0.5987087643013214
552501,emi20250323t102746p07023-A,emi20250323t102746p07023,1,0.9758521484045858,0.5987087643013214
552502,emi20250226t184259p12001-A,emi20250226t184259p12001,1,0.004432866324903118,0.5987087643013214
552503,emi20250323t102746p07023-A,emi20250323t102746p07023,1,0.9497306204744896,0.5987087643013214
552504,emi20250226t184259p12001-A,emi20250226t184259p12001,1,0.007107225008380678,0.5987087643013214
552505,emi20250323t102746p07023-A,emi20250323t102746p07023,1,0.9700930893031077,0.5987087643013214
552506,emi20250226t184259p12001-A,emi20250226t184259p12001,0,0.00438013190158698,0.5987087643013214
552507,emi20250323t102746p07023-A,emi20250323t102746p07023,1,0.9659432349618207,0.5987087643013214
552508,emi20250226t184259p12001-A,emi20250226t184259p12001,0,0.004576966876963649,0.5987087643013214
552509,emi20250323t102746p07023-A,emi20250323t102746p07023,1,0.9853609354513008,0.5987087643013214
552510,emi20250226t184259p12001-A,emi20250226t184259p12001,0,0.6999843169495956,0.5987087643013214
552511,emi20250323t102746p07023-A,emi20250323t102746p07023,1,0.9622203852182043,0.5987087643013214
552512,emi20250226t184259p12001-A,emi20250226t184259p12001,0,0.009162761162454116,0.5987087643013214
552513,emi20250323t102746p07023-A,emi20250323t102746p07023,1,0.9766790830549824,0.5987087643013214
552514,emi20250226t184259p12001-A,emi20250226t184259p12001,0,0.007850737597896985,0.5987087643013214
552515,emi20250323t102746p07023-A,emi20250323t102746p07023,1,0.9246854269762789,0.5987087643013214
552516,emi20250226t184259p12001-A,emi20250226t184259p12001,0,0.0037714978012337356,0.5987087643013214
552517,emi20250323t102746p07023-A,emi20250323t102746p07023,1,0.9758521484045858,0.5987087643013214
552518,emi20250226t184259p12001-A,emi20250226t184259p12001,0,0.002282258930878972,0.5987087643013214
552520,emi20250226t184259p12001-A,emi20250226t184259p12001,0,0.002141488738214889,0.5987087643013214
552521,emi20250323t102746p07023-A,emi20250323t102746p07023,0,0.08295222984490197,0.5987087643013214
552522,emi20250226t184259p12001-A,emi20250226t184259p12001,0,0.00574480042270538,0.5987087643013214
552524,emi20250226t184259p12001-A,emi20250226t184259p12001,0,0.00329244679473727,0.5987087643013214
552526,emi20250226t184259p12001-A,emi20250226t184259p12001,0,0.004672858747735939,0.5987087643013214
552527,emi20250323t102746p07023-A,emi20250323t102746p07023,0,0.23108125526688172,0.5987087643013214
552528,emi20250226t184259p12001-A,emi20250226t184259p12001,0,0.12071122289276713,0.5987087643013214
552529,emi20250323t102746p07023-A,emi20250323t102746p07023,0,0.13374178258922476,0.5987087643013214
552530,emi20250226t184259p12001-A,emi20250226t184259p12001,0,0.003509970833759449,0.5987087643013214
552531,emi20250323t102746p07023-A,emi20250323t102746p07023,0,0.18229199248712777,0.5987087643013214
552532,emi20250226t184259p12001-A,emi20250226t184259p12001,0,0.001291631421313678,0.5987087643013214
552534,emi20250226t184259p12001-A,emi20250226t184259p12001,0,0.0019215039597529765,0.5987087643013214
552536,emi20250226t184259p12001-A,emi20250226t184259p12001,0,0.004873775838024757,0.5987087643013214
552538,emi20250323t102746p07023-A,emi20250323t102746p07023,0,0.07124522531622383,0.5987087643013214
552539,emi20250323t102746p07023-A,emi20250323t102746p07023,0,0.0952599196775065,0.5987087643013214
552643,emi20250323t102746p07023-B,emi20250323t102746p07023,0,0.2788157492473866,0.5987087643013214
552650,emi20250323t102746p07023-A,emi20250323t102746p07023,0,0.9074460855143706,0.5987087643013214
552657,emi20250323t102746p07023-B,emi20250323t102746p07023,0,0.2806036913094363,0.5987087643013214
552673,emi20250323t102746p07023-B,emi20250323t102746p07023,0,0.47132194015727163,0.5987087643013214
552686,emi20250324t203622p13008-A,emi20250324t203622p13008,1,0.9767627539708357,0.5987087643013214
552693,emi20250323t102746p07023-B,emi20250323t102746p07023,0,0.36612320536391124,0.5987087643013214
552694,emi20250324t203622p13008-A,emi20250324t203622p13008,1,0.9810411521107705,0.5987087643013214
552701,emi20250323t102746p07023-B,emi20250323t102746p07023,0,0.18843849607996183,0.5987087643013214
552702,emi20250324t203622p13008-A,emi20250324t203622p13008,1,0.9803374796365226,0.5987087643013214
552720,emi20250323t102746p07023-B,emi20250323t102746p07023,0,0.020389605833469843,0.5987087643013214
552721,emi20250324t203622p13008-A,emi20250324t203622p13008,1,0.9817430196060515,0.5987087643013214
552726,emi20250324t203622p13008-A,emi20250324t203622p13008,1,0.9782829881382474,0.5987087643013214
552727,emi20250323t102746p07023-B,emi20250323t102746p07023,0,0.1737288800587693,0.5987087643013214
552728,emi20250324t203622p13008-A,emi20250324t203622p13008,1,0.9851401362500763,0.5987087643013214
552734,emi20250324t203622p13008-A,emi20250324t203622p13008,1,0.9837725235901775,0.5987087643013214
552736,emi20250324t203622p13008-A,emi20250324t203622p13008,1,0.987165526640266,0.5987087643013214
552750,emi20250323t102746p07023-B,emi20250323t102746p07023,0,0.06923408457684123,0.5987087643013214
552751,emi20250324t203622p13008-A,emi20250324t203622p13008,1,0.98235150117162,0.5987087643013214
552754,emi20250323t102746p07023-B,emi20250323t102746p07023,0,0.26307631211389776,0.5987087643013214
552755,emi20250324t203622p13008-A,emi20250324t203622p13008,1,0.9836563463947479,0.5987087643013214
552756,emi20250324t203622p13008-A,emi20250324t203622p13008,1,0.9816796591974302,0.5987087643013214
552757,emi20250324t203622p13008-A,emi20250324t203622p13008,1,0.9848384359227138,0.5987087643013214
552867,emi20250324t203622p13008-A,emi20250324t203622p13008,1,0.9836632893521498,0.5987087643013214
552877,emi20250324t203622p13008-A,emi20250324t203622p13008,1,0.9846355334871133,0.5987087643013214
552888,emi20250324t203622p13008-A,emi20250324t203622p13008,1,0.9846864530205764,0.5987087643013214
552891,emi20250324t203622p13008-A,emi20250324t203622p13008,1,0.9737128559710823,0.5987087643013214
552897,emi20250324t203634p13009-A,emi20250324t203634p13009,0,0.5925415552664896,0.5987087643013214
552898,emi20250324t203622p13008-A,emi20250324t203622p13008,0,0.10224549600524062,0.5987087643013214
552928,emi20250324t203634p13009-A,emi20250324t203634p13009,0,0.004010949762260316,0.5987087643013214
552929,emi20250324t203622p13008-A,emi20250324t203622p13008,0,0.03292276999309159,0.5987087643013214
552970,emi20250324t203622p13008-A,emi20250324t203622p13008,0,0.8782735794773314,0.5987087643013214
552995,emi20250324t203622p13008-A,emi20250324t203622p13008,0,0.01906211315721204,0.5987087643013214
553004,emi20250324t203622p13008-A,emi20250324t203622p13008,0,0.028514202368974905,0.5987087643013214
553011,emi20250324t203622p13008-A,emi20250324t203622p13008,0,0.0232700473571457,0.5987087643013214
553031,emi20250324t203622p13008-A,emi20250324t203622p13008,0,0.5029881594936965,0.5987087643013214
553039,emi20250324t203622p13008-A,emi20250324t203622p13008,0,0.2928254176396392,0.5987087643013214
553070,emi20250324t203622p13008-A,emi20250324t203622p13008,0,0.20201790554251325,0.5987087643013214
553071,emi20250324t203622p13008-A,emi20250324t203622p13008,0,0.055006542809500715,0.5987087643013214
553072,emi20250324t203622p13008-A,emi20250324t203622p13008,0,0.024847271560688434,0.5987087643013214
553173,emi20250324t203634p13009-B,emi20250324t203634p13009,0,0.6701679795269392,0.5987087643013214
553175,emi20250324t203622p13008-A,emi20250324t203622p13008,0,0.0016005962012496412,0.5987087643013214
553178,emi20250324t203622p13008-A,emi20250324t203622p13008,0,0.0022742962912631294,0.5987087643013214
553180,emi20250324t203634p13009-B,emi20250324t203634p13009,0,0.5890689064456789,0.5987087643013214
553181,emi20250324t203622p13008-A,emi20250324t203622p13008,0,0.11166463361780811,0.5987087643013214
553185,emi20250324t203634p13009-B,emi20250324t203634p13009,0,0.763969902002552,0.5987087643013214
553186,emi20250324t203622p13008-A,emi20250324t203622p13008,0,0.001641277842604814,0.5987087643013214
553187,emi20250324t203634p13009-B,emi20250324t203634p13009,0,0.003258649155733196,0.5987087643013214
553188,emi20250324t203622p13008-A,emi20250324t203622p13008,0,0.8324025352145048,0.5987087643013214
553190,emi20250324t203634p13009-B,emi20250324t203634p13009,0,0.0033230768468751346,0.5987087643013214
553312,emi20250324t203634p13009-B,emi20250324t203634p13009,0,0.021291508018442602,0.5987087643013214
553315,emi20250324t203634p13009-B,emi20250324t203634p13009,0,0.0015771426756986855,0.5987087643013214
553321,emi20250324t203634p13009-D,emi20250324t203634p13009,0,0.004685222417782449,0.5987087643013214
553328,emi20250324t203634p13009-D,emi20250324t203634p13009,0,0.003235278159882491,0.5987087643013214
553332,emi20250324t203634p13009-B,emi20250324t203634p13009,0,0.027478804529563052,0.5987087643013214
553335,emi20250324t203634p13009-D,emi20250324t203634p13009,0,0.8631526732996754,0.5987087643013214
553337,emi20250324t203634p13009-B,emi20250324t203634p13009,0,0.922283818391197,0.5987087643013214
553344,emi20250420t182309p12030-B,emi20250420t182309p12030,1,0.3139385203936869,0.5987087643013214
553347,emi20250324t203634p13009-D,emi20250324t203634p13009,0,0.0012931720644099509,0.5987087643013214
553348,emi20250420t182309p12030-B,emi20250420t182309p12030,1,0.9147521647538311,0.5987087643013214
553350,emi20250420t182309p12030-B,emi20250420t182309p12030,1,0.4828568016717382,0.5987087643013214
553352,emi20250420t182309p12030-B,emi20250420t182309p12030,1,0.5611541579690335,0.5987087643013214
553354,emi20250420t182309p12030-B,emi20250420t182309p12030,1,0.5640210900108978,0.5987087643013214
553357,emi20250420t182309p12030-B,emi20250420t182309p12030,1,0.30698753943657375,0.5987087643013214
553364,emi20250324t203634p13009-D,emi20250324t203634p13009,0,0.8560234003264152,0.5987087643013214
553365,emi20250420t182309p12030-B,emi20250420t182309p12030,1,0.6421673833952469,0.5987087643013214
553366,emi20250420t182309p12030-B,emi20250420t182309p12030,1,0.605193175665298,0.5987087643013214
553367,emi20250420t182309p12030-B,emi20250420t182309p12030,1,0.790731957004723,0.5987087643013214
553368,emi20250517t121848p08011-A,emi20250517t121848p08011,1,0.8320471899579804,0.5987087643013214
553369,emi20250420t182309p12030-B,emi20250420t182309p12030,1,0.5353730709492581,0.5987087643013214
553370,emi20250517t121848p08011-A,emi20250517t121848p08011,1,0.9331007494677235,0.5987087643013214
553371,emi20250420t182309p12030-B,emi20250420t182309p12030,1,0.30698753943657375,0.5987087643013214
553372,emi20250517t121848p08011-A,emi20250517t121848p08011,1,0.9373110239826882,0.5987087643013214
553373,emi20250420t182309p12030-B,emi20250420t182309p12030,1,0.6744625806028008,0.5987087643013214
553374,emi20250517t121848p08011-A,emi20250517t121848p08011,1,0.9529558062903312,0.5987087643013214
553375,emi20250420t182309p12030-B,emi20250420t182309p12030,1,0.41868006630322313,0.5987087643013214
553376,emi20250517t121848p08011-A,emi20250517t121848p08011,1,0.858893588384233,0.5987087643013214
553377,emi20250420t182309p12030-B,emi20250420t182309p12030,1,0.8986186485678417,0.5987087643013214
553378,emi20250517t121848p08011-A,emi20250517t121848p08011,1,0.7540002168476209,0.5987087643013214
553379,emi20250420t182309p12030-B,emi20250420t182309p12030,1,0.5353730709492581,0.5987087643013214
553380,emi20250420t182309p12030-B,emi20250420t182309p12030,1,0.46453103308429594,0.5987087643013214
553381,emi20250517t121848p08011-A,emi20250517t121848p08011,1,0.7885388018396549,0.5987087643013214
553382,emi20250420t182309p12030-B,emi20250420t182309p12030,0,0.4671086804261842,0.5987087643013214
553383,emi20250517t121848p08011-A,emi20250517t121848p08011,1,0.8733362429792128,0.5987087643013214
553385,emi20250420t182309p12030-B,emi20250420t182309p12030,0,0.038255886666176395,0.5987087643013214
553386,emi20250517t121848p08011-A,emi20250517t121848p08011,1,0.9298365478066043,0.5987087643013214
553387,emi20250420t182309p12030-B,emi20250420t182309p12030,0,0.42871581491879657,0.5987087643013214
553388,emi20250517t121848p08011-A,emi20250517t121848p08011,1,0.875113650548578,0.5987087643013214
553389,emi20250420t182309p12030-B,emi20250420t182309p12030,0,0.11738266653322645,0.5987087643013214
553390,emi20250517t121848p08011-A,emi20250517t121848p08011,1,0.9344749413472503,0.5987087643013214
553391,emi20250420t182309p12030-B,emi20250420t182309p12030,0,0.028907160325491763,0.5987087643013214
553392,emi20250517t121848p08011-A,emi20250517t121848p08011,1,0.8729388912785137,0.5987087643013214
553393,emi20250420t182309p12030-B,emi20250420t182309p12030,0,0.83347443190109,0.5987087643013214
553394,emi20250517t121848p08011-A,emi20250517t121848p08011,1,0.9601649457790618,0.5987087643013214
553396,emi20250420t182309p12030-B,emi20250420t182309p12030,0,0.13815061398671682,0.5987087643013214
553397,emi20250517t121848p08011-A,emi20250517t121848p08011,1,0.8147486419881791,0.5987087643013214
553400,emi20250420t182309p12030-B,emi20250420t182309p12030,0,0.6502276405054594,0.5987087643013214
553401,emi20250517t121848p08011-A,emi20250517t121848p08011,1,0.9600402397712852,0.5987087643013214
553402,emi20250420t182309p12030-B,emi20250420t182309p12030,0,0.47242076120276877,0.5987087643013214
553403,emi20250517t121848p08011-A,emi20250517t121848p08011,1,0.9034231358805783,0.5987087643013214
553404,emi20250420t182309p12030-B,emi20250420t182309p12030,0,0.17210375997009414,0.5987087643013214
553405,emi20250517t121848p08011-A,emi20250517t121848p08011,0,0.8428297745225318,0.5987087643013214
553406,emi20250420t182309p12030-B,emi20250420t182309p12030,0,0.4959836255714869,0.5987087643013214
553407,emi20250517t121848p08011-A,emi20250517t121848p08011,0,0.9744290172113313,0.5987087643013214
553409,emi20250420t182309p12030-B,emi20250420t182309p12030,0,0.04536781608581867,0.5987087643013214
553410,emi20250517t121848p08011-A,emi20250517t121848p08011,0,0.5666952768530988,0.5987087643013214
553411,emi20250420t182309p12030-B,emi20250420t182309p12030,0,0.22139951221668017,0.5987087643013214
553412,emi20250517t121848p08011-A,emi20250517t121848p08011,0,0.909436480036331,0.5987087643013214
553414,emi20250420t182309p12030-B,emi20250420t182309p12030,0,0.7799460401855177,0.5987087643013214
553415,emi20250517t121848p08011-A,emi20250517t121848p08011,0,0.8686712938553776,0.5987087643013214
553416,emi20250420t182309p12030-B,emi20250420t182309p12030,0,0.08324727212735877,0.5987087643013214
553417,emi20250517t121848p08011-A,emi20250517t121848p08011,0,0.654806726728498,0.5987087643013214
553419,emi20250420t182309p12030-B,emi20250420t182309p12030,0,0.005643498410693486,0.5987087643013214
553420,emi20250517t121848p08011-A,emi20250517t121848p08011,0,0.912708328028597,0.5987087643013214
553421,emi20250517t121848p08011-A,emi20250517t121848p08011,0,0.8371574353459229,0.5987087643013214
553422,emi20250517t121848p08011-A,emi20250517t121848p08011,0,0.8004005872003637,0.5987087643013214
553534,emi20250517t121848p08011-A,emi20250517t121848p08011,0,0.8538681177565769,0.5987087643013214
553586,emi20250518t033225p03004-A,emi20250518t033225p03004,0,0.0018374406470392866,0.5987087643013214
553587,emi20250517t121848p08011-A,emi20250517t121848p08011,0,0.8827428087327004,0.5987087643013214
553621,emi20250517t121848p08011-A,emi20250517t121848p08011,0,0.8506786305780374,0.5987087643013214
553726,emi20250517t121848p08011-A,emi20250517t121848p08011,0,0.585751752109255,0.5987087643013214
553727,emi20250517t121848p08011-A,emi20250517t121848p08011,0,0.9074891224097363,0.5987087643013214
553729,emi20250517t121848p08011-A,emi20250517t121848p08011,0,0.9419833336216238,0.5987087643013214
553731,emi20250517t121848p08011-A,emi20250517t121848p08011,0,0.19636320161118553,0.5987087643013214
553735,emi20250518t033225p03004-C,emi20250518t033225p03004,1,0.9644692062947733,0.5987087643013214
553740,emi20250518t033225p03004-B,emi20250518t033225p03004,1,0.597428856316299,0.5987087643013214
553742,emi20250518t033225p03004-B,emi20250518t033225p03004,1,0.84966374576468,0.5987087643013214
553744,emi20250518t033225p03004-B,emi20250518t033225p03004,1,0.9616771823265466,0.5987087643013214
553746,emi20250518t033225p03004-B,emi20250518t033225p03004,1,0.787957633142721,0.5987087643013214
553752,emi20250518t033225p03004-B,emi20250518t033225p03004,1,0.6768180712410045,0.5987087643013214
553755,emi20250518t033225p03004-C,emi20250518t033225p03004,1,0.9644692062947733,0.5987087643013214
553757,emi20250518t033225p03004-C,emi20250518t033225p03004,1,0.9837574532989898,0.5987087643013214
553759,emi20250518t033225p03004-C,emi20250518t033225p03004,1,0.9813148276040761,0.5987087643013214
553760,emi20250518t033225p03004-B,emi20250518t033225p03004,0,0.002420560671179632,0.5987087643013214
553766,emi20250518t033225p03004-B,emi20250518t033225p03004,0,0.0015437109379955367,0.5987087643013214
553769,emi20250518t033225p03004-C,emi20250518t033225p03004,0,0.0688281226802458,0.5987087643013214
553774,emi20250518t033225p03004-B,emi20250518t033225p03004,0,0.004944403150298353,0.5987087643013214
553775,emi20250518t033225p03004-C,emi20250518t033225p03004,0,0.9881873742627679,0.5987087643013214
553779,emi20250518t033225p03004-C,emi20250518t033225p03004,0,0.004883167007890061,0.5987087643013214
553781,emi20250518t033225p03004-C,emi20250518t033225p03004,0,0.0030618941285728033,0.5987087643013214
553784,emi20250518t033225p03004-B,emi20250518t033225p03004,0,0.0022030191324325897,0.5987087643013214
553786,emi20250518t033225p03004-B,emi20250518t033225p03004,0,0.001605161124362927,0.5987087643013214
553788,emi20250518t033225p03004-B,emi20250518t033225p03004,0,0.0014923533361274977,0.5987087643013214
553791,emi20250518t033225p03004-C,emi20250518t033225p03004,0,0.0046858711643661816,0.5987087643013214
553794,emi20250518t033225p03004-D,emi20250518t033225p03004,1,0.9279163368061517,0.5987087643013214
553796,emi20250518t033225p03004-D,emi20250518t033225p03004,1,0.9519854139281191,0.5987087643013214
553800,emi20250518t033225p03004-D,emi20250518t033225p03004,1,0.8460101049105325,0.5987087643013214
553801,emi20250522t095711p07002-A,emi20250522t095711p07002,1,0.7803009686852977,0.5987087643013214
553803,emi20250522t095711p07002-A,emi20250522t095711p07002,1,0.4698212876824029,0.5987087643013214
553805,emi20250522t095711p07002-A,emi20250522t095711p07002,1,0.604873723456242,0.5987087643013214
553806,emi20250518t033225p03004-D,emi20250518t033225p03004,1,0.93677430450803,0.5987087643013214
553807,emi20250522t095711p07002-A,emi20250522t095711p07002,1,0.6005206948042283,0.5987087643013214
553808,emi20250518t033225p03004-D,emi20250518t033225p03004,1,0.9665679982713531,0.5987087643013214
553809,emi20250522t095711p07002-A,emi20250522t095711p07002,1,0.37512925199095337,0.5987087643013214
553811,emi20250522t095711p07002-A,emi20250522t095711p07002,1,0.6258152795670443,0.5987087643013214
553813,emi20250522t095711p07002-A,emi20250522t095711p07002,1,0.4616275080835606,0.5987087643013214
553814,emi20250518t033225p03004-D,emi20250518t033225p03004,1,0.9690937306564961,0.5987087643013214
553815,emi20250522t095711p07002-A,emi20250522t095711p07002,1,0.6576790922474397,0.5987087643013214
553817,emi20250522t095711p07002-A,emi20250522t095711p07002,1,0.7097708872062154,0.5987087643013214
553818,emi20250518t033225p03004-D,emi20250518t033225p03004,1,0.8899383688961666,0.5987087643013214
553819,emi20250522t095711p07002-A,emi20250522t095711p07002,1,0.7260876431684608,0.5987087643013214
553820,emi20250518t033225p03004-D,emi20250518t033225p03004,0,0.004121766299924147,0.5987087643013214
553821,emi20250522t095711p07002-A,emi20250522t095711p07002,1,0.6702479987654886,0.5987087643013214
553822,emi20250518t033225p03004-D,emi20250518t033225p03004,0,0.01735835116722993,0.5987087643013214
553823,emi20250522t095711p07002-A,emi20250522t095711p07002,1,0.7281053886620013,0.5987087643013214
553825,emi20250522t095711p07002-A,emi20250522t095711p07002,1,0.6173539022698497,0.5987087643013214
553826,emi20250518t033225p03004-D,emi20250518t033225p03004,0,0.2487291599852139,0.5987087643013214
553827,emi20250522t095711p07002-A,emi20250522t095711p07002,1,0.7732719950227542,0.5987087643013214
553829,emi20250522t095711p07002-A,emi20250522t095711p07002,1,0.6162077832567706,0.5987087643013214
553830,emi20250518t033225p03004-D,emi20250518t033225p03004,0,0.6485635682888518,0.5987087643013214
553831,emi20250522t095711p07002-A,emi20250522t095711p07002,1,0.7185994565443922,0.5987087643013214
553837,emi20250522t095711p07002-A,emi20250522t095711p07002,0,0.6214734322252236,0.5987087643013214
553839,emi20250522t095711p07002-A,emi20250522t095711p07002,0,0.049037479017677806,0.5987087643013214
553841,emi20250522t095711p07002-A,emi20250522t095711p07002,0,0.03461574404012523,0.5987087643013214
553843,emi20250522t095711p07002-A,emi20250522t095711p07002,0,0.5136583207949205,0.5987087643013214
553844,emi20250522t095711p07002-A,emi20250522t095711p07002,0,0.7538544275247946,0.5987087643013214
553849,emi20250522t095711p07002-A,emi20250522t095711p07002,0,0.07746376619327841,0.5987087643013214
553853,emi20250522t095711p07002-A,emi20250522t095711p07002,0,0.7391272199343112,0.5987087643013214
553856,emi20250522t095711p07002-A,emi20250522t095711p07002,0,0.09260007702174591,0.5987087643013214
553858,emi20250522t095711p07002-A,emi20250522t095711p07002,0,0.7622441034519762,0.5987087643013214
553861,emi20250522t095711p07002-A,emi20250522t095711p07002,0,0.9025217531859162,0.5987087643013214
553863,emi20250522t095711p07002-A,emi20250522t095711p07002,0,0.4152770719507319,0.5987087643013214
553864,emi20250522t095711p07002-A,emi20250522t095711p07002,0,0.03949464363219498,0.5987087643013214
553865,emi20250522t095711p07002-A,emi20250522t095711p07002,0,0.5497893770618272,0.5987087643013214
553866,emi20250526t082401p06008-A,emi20250526t082401p06008,1,0.027115887819416117,0.5987087643013214
553871,emi20250522t095711p07002-A,emi20250522t095711p07002,0,0.18024201574470075,0.5987087643013214
553872,emi20250526t082401p06008-A,emi20250526t082401p06008,1,0.08934578278268836,0.5987087643013214
553873,emi20250522t095711p07002-A,emi20250522t095711p07002,0,0.7647548010483128,0.5987087643013214
553874,emi20250526t082401p06008-A,emi20250526t082401p06008,1,0.038588040169210656,0.5987087643013214
553876,emi20250522t095711p07002-A,emi20250522t095711p07002,0,0.06036819074267009,0.5987087643013214
553877,emi20250526t082401p06008-A,emi20250526t082401p06008,1,0.04977530734202032,0.5987087643013214
553878,emi20250526t082401p06008-A,emi20250526t082401p06008,1,0.21523578416847508,0.5987087643013214
553879,emi20250526t082401p06008-A,emi20250526t082401p06008,1,0.038836811510583415,0.5987087643013214
553880,emi20250526t082401p06008-A,emi20250526t082401p06008,1,0.08085797221806974,0.5987087643013214
553881,emi20250527t091223p06030-A,emi20250527t091223p06030,1,0.9806251304409834,0.5987087643013214
553882,emi20250526t082401p06008-A,emi20250526t082401p06008,1,0.1785027002268808,0.5987087643013214
553883,emi20250527t091223p06030-A,emi20250527t091223p06030,1,0.9731837998421625,0.5987087643013214
553884,emi20250526t082401p06008-A,emi20250526t082401p06008,1,0.10399143536440188,0.5987087643013214
553885,emi20250527t091223p06030-A,emi20250527t091223p06030,1,0.22963960155696447,0.5987087643013214
553886,emi20250526t082401p06008-A,emi20250526t082401p06008,1,0.044635979194037195,0.5987087643013214
553887,emi20250527t091223p06030-A,emi20250527t091223p06030,1,0.9032897001138337,0.5987087643013214
553888,emi20250526t082401p06008-A,emi20250526t082401p06008,1,0.20718890141612842,0.5987087643013214
553889,emi20250527t091223p06030-A,emi20250527t091223p06030,1,0.964971733989421,0.5987087643013214
553890,emi20250526t082401p06008-A,emi20250526t082401p06008,1,0.21310174066462426,0.5987087643013214
553891,emi20250527t091223p06030-A,emi20250527t091223p06030,1,0.9713603592774148,0.5987087643013214
553892,emi20250526t082401p06008-A,emi20250526t082401p06008,1,0.16660363399611453,0.5987087643013214
553893,emi20250527t091223p06030-A,emi20250527t091223p06030,1,0.970769450915696,0.5987087643013214
553894,emi20250526t082401p06008-A,emi20250526t082401p06008,1,0.013560173518413661,0.5987087643013214
553895,emi20250527t091223p06030-A,emi20250527t091223p06030,1,0.971974793727956,0.5987087643013214
553896,emi20250526t082401p06008-A,emi20250526t082401p06008,1,0.01721829446422713,0.5987087643013214
553897,emi20250527t091223p06030-A,emi20250527t091223p06030,1,0.9318875791245993,0.5987087643013214
553898,emi20250526t082401p06008-A,emi20250526t082401p06008,1,0.10213607638855901,0.5987087643013214
553899,emi20250527t091223p06030-A,emi20250527t091223p06030,1,0.9616614454336174,0.5987087643013214
553900,emi20250526t082401p06008-A,emi20250526t082401p06008,0,0.012211461846305487,0.5987087643013214
553901,emi20250527t091223p06030-A,emi20250527t091223p06030,1,0.47302774655665364,0.5987087643013214
553902,emi20250526t082401p06008-A,emi20250526t082401p06008,0,0.007217497421679153,0.5987087643013214
553903,emi20250527t091223p06030-A,emi20250527t091223p06030,1,0.26950839231052687,0.5987087643013214
553904,emi20250526t082401p06008-A,emi20250526t082401p06008,0,0.009522210525573846,0.5987087643013214
553905,emi20250527t091223p06030-A,emi20250527t091223p06030,1,0.9500357536369518,0.5987087643013214
553906,emi20250526t082401p06008-A,emi20250526t082401p06008,0,0.0031138318257045217,0.5987087643013214
553907,emi20250527t091223p06030-A,emi20250527t091223p06030,1,0.9721015965984822,0.5987087643013214
553908,emi20250526t082401p06008-A,emi20250526t082401p06008,0,0.0173275158577227,0.5987087643013214
553909,emi20250527t091223p06030-A,emi20250527t091223p06030,1,0.9818354727681375,0.5987087643013214
553910,emi20250526t082401p06008-A,emi20250526t082401p06008,0,0.011268116059923713,0.5987087643013214
553911,emi20250527t091223p06030-A,emi20250527t091223p06030,1,0.970769450915696,0.5987087643013214
553912,emi20250526t082401p06008-A,emi20250526t082401p06008,0,0.08668965653736524,0.5987087643013214
553913,emi20250527t091223p06030-A,emi20250527t091223p06030,0,0.2150425918992718,0.5987087643013214
553914,emi20250526t082401p06008-A,emi20250526t082401p06008,0,0.054447592216152425,0.5987087643013214
553915,emi20250527t091223p06030-A,emi20250527t091223p06030,0,0.0410743877488017,0.5987087643013214
553916,emi20250526t082401p06008-A,emi20250526t082401p06008,0,0.009704194320185032,0.5987087643013214
553917,emi20250527t091223p06030-A,emi20250527t091223p06030,0,0.02326087313105602,0.5987087643013214
553918,emi20250526t082401p06008-A,emi20250526t082401p06008,0,0.008223593630807916,0.5987087643013214
553919,emi20250527t091223p06030-A,emi20250527t091223p06030,0,0.01882605094635474,0.5987087643013214
553920,emi20250526t082401p06008-A,emi20250526t082401p06008,0,0.02862837508061319,0.5987087643013214
553921,emi20250527t091223p06030-A,emi20250527t091223p06030,0,0.0519710938997752,0.5987087643013214
553922,emi20250526t082401p06008-A,emi20250526t082401p06008,0,0.47545118918583085,0.5987087643013214
553923,emi20250527t091223p06030-A,emi20250527t091223p06030,0,0.009741777380847617,0.5987087643013214
553924,emi20250526t082401p06008-A,emi20250526t082401p06008,0,0.5473933515345474,0.5987087643013214
553925,emi20250527t091223p06030-A,emi20250527t091223p06030,0,0.04595923152824588,0.5987087643013214
553926,emi20250526t082401p06008-A,emi20250526t082401p06008,0,0.005960947212243327,0.5987087643013214
553927,emi20250527t091223p06030-A,emi20250527t091223p06030,0,0.012491338203785549,0.5987087643013214
553928,emi20250526t082401p06008-A,emi20250526t082401p06008,0,0.003450839530056975,0.5987087643013214
553929,emi20250527t091223p06030-A,emi20250527t091223p06030,0,0.04078596055899874,0.5987087643013214
553930,emi20250526t082401p06008-A,emi20250526t082401p06008,0,0.006947651993638256,0.5987087643013214
553931,emi20250527t091223p06030-A,emi20250527t091223p06030,0,0.0022647201306014958,0.5987087643013214
553932,emi20250527t091223p06030-A,emi20250527t091223p06030,0,0.014791099227627771,0.5987087643013214
553933,emi20250527t091223p06030-A,emi20250527t091223p06030,0,0.012247338386303082,0.5987087643013214
553934,emi20250527t091223p06030-A,emi20250527t091223p06030,0,0.4512825050622853,0.5987087643013214
553935,emi20250528t052233p04048-A,emi20250528t052233p04048,1,0.978461424901969,0.5987087643013214
553936,emi20250527t091223p06030-A,emi20250527t091223p06030,0,0.04820582811139171,0.5987087643013214
553937,emi20250528t052233p04048-A,emi20250528t052233p04048,1,0.9180544493474662,0.5987087643013214
553938,emi20250527t091223p06030-A,emi20250527t091223p06030,0,0.020554969221035495,0.5987087643013214
553940,emi20250527t091223p06030-A,emi20250527t091223p06030,0,0.009746325901200083,0.5987087643013214
553943,emi20250528t052233p04048-A,emi20250528t052233p04048,1,0.9731380455008778,0.5987087643013214
553944,emi20250528t052233p04048-A,emi20250528t052233p04048,1,0.9594130142651303,0.5987087643013214
553946,emi20250528t052233p04048-A,emi20250528t052233p04048,1,0.9740742162784963,0.5987087643013214
553948,emi20250528t052233p04048-A,emi20250528t052233p04048,1,0.9588717777136885,0.5987087643013214
553949,emi20250528t052233p04048-B,emi20250528t052233p04048,1,0.7426917698224147,0.5987087643013214
553950,emi20250528t052233p04048-A,emi20250528t052233p04048,1,0.9395947927796212,0.5987087643013214
553952,emi20250528t052233p04048-A,emi20250528t052233p04048,1,0.9425912444980352,0.5987087643013214
553953,emi20250528t052233p04048-B,emi20250528t052233p04048,1,0.9650440520385097,0.5987087643013214
553956,emi20250528t052233p04048-B,emi20250528t052233p04048,1,0.9548945490713842,0.5987087643013214
553959,emi20250528t052233p04048-A,emi20250528t052233p04048,1,0.9618278515884174,0.5987087643013214
553961,emi20250528t052233p04048-A,emi20250528t052233p04048,1,0.9609311500523301,0.5987087643013214
553963,emi20250528t052233p04048-A,emi20250528t052233p04048,1,0.9395947927796212,0.5987087643013214
553967,emi20250528t052233p04048-A,emi20250528t052233p04048,0,0.5631661502428473,0.5987087643013214
553968,emi20250528t052233p04048-B,emi20250528t052233p04048,1,0.947721006712843,0.5987087643013214
553969,emi20250528t052233p04048-A,emi20250528t052233p04048,0,0.00232020348517388,0.5987087643013214
553971,emi20250528t052233p04048-A,emi20250528t052233p04048,0,0.698413227866322,0.5987087643013214
553972,emi20250528t052233p04048-B,emi20250528t052233p04048,1,0.9440271264981965,0.5987087643013214
553973,emi20250528t052233p04048-A,emi20250528t052233p04048,0,0.021978942978230415,0.5987087643013214
553976,emi20250528t052233p04048-B,emi20250528t052233p04048,0,0.36635893921795604,0.5987087643013214
553978,emi20250528t052233p04048-B,emi20250528t052233p04048,0,0.004987156654070925,0.5987087643013214
553984,emi20250528t052233p04048-A,emi20250528t052233p04048,0,0.06432286388808744,0.5987087643013214
553986,emi20250528t052233p04048-B,emi20250528t052233p04048,0,0.4072315723848884,0.5987087643013214
553987,emi20250528t052233p04048-A,emi20250528t052233p04048,0,0.964237672343566,0.5987087643013214
553991,emi20250528t052233p04048-B,emi20250528t052233p04048,0,0.03601840244147756,0.5987087643013214
553995,emi20250528t052233p04048-B,emi20250528t052233p04048,0,0.06439009249765017,0.5987087643013214
553997,emi20250528t052233p04048-A,emi20250528t052233p04048,0,0.10686612846869434,0.5987087643013214
554002,emi20250528t052233p04048-B,emi20250528t052233p04048,0,0.02835458496068098,0.5987087643013214
554003,emi20250528t052233p04048-B,emi20250528t052233p04048,0,0.014121582036649281,0.5987087643013214
554004,emi20250602t200033p13007-A,emi20250602t200033p13007,1,0.9296466606437167,0.5987087643013214
554006,emi20250602t200033p13007-A,emi20250602t200033p13007,1,0.7836442626651673,0.5987087643013214
554007,emi20250528t052233p04048-B,emi20250528t052233p04048,0,0.6905199690763545,0.5987087643013214
554008,emi20250602t200033p13007-A,emi20250602t200033p13007,1,0.9300296451985973,0.5987087643013214
554010,emi20250528t052233p04048-B,emi20250528t052233p04048,0,0.43497101624177004,0.5987087643013214
554011,emi20250602t200033p13007-A,emi20250602t200033p13007,1,0.9597320511517501,0.5987087643013214
554012,emi20250602t200033p13007-A,emi20250602t200033p13007,1,0.9638258000074458,0.5987087643013214
554013,emi20250602t200033p13007-A,emi20250602t200033p13007,1,0.9684206606229228,0.5987087643013214
554014,emi20250602t200033p13007-A,emi20250602t200033p13007,1,0.9638258000074458,0.5987087643013214
554140,emi20250603t095246p07008-A,emi20250603t095246p07008,0,0.001703257463576356,0.5987087643013214
554141,emi20250602t200033p13007-A,emi20250602t200033p13007,1,0.8663500951174892,0.5987087643013214
554280,emi20250603t095246p07008-A,emi20250603t095246p07008,0,0.12461157204092174,0.5987087643013214
554281,emi20250602t200033p13007-A,emi20250602t200033p13007,1,0.8954439510588211,0.5987087643013214
554317,emi20250602t200033p13007-A,emi20250602t200033p13007,1,0.9564091909987711,0.5987087643013214
554318,emi20250602t200033p13007-A,emi20250602t200033p13007,1,0.9678769575656881,0.5987087643013214
554319,emi20250603t160225p11027-A,emi20250603t160225p11027,1,0.7742874354799926,0.5987087643013214
554320,emi20250602t200033p13007-A,emi20250602t200033p13007,1,0.9106158327769088,0.5987087643013214
554322,emi20250602t200033p13007-A,emi20250602t200033p13007,1,0.8855566583220342,0.5987087643013214
554323,emi20250603t160225p11027-A,emi20250603t160225p11027,1,0.8157863170377332,0.5987087643013214
554324,emi20250602t200033p13007-A,emi20250602t200033p13007,1,0.9272635899083929,0.5987087643013214
554325,emi20250603t160225p11027-A,emi20250603t160225p11027,1,0.729564585390143,0.5987087643013214
554326,emi20250602t200033p13007-A,emi20250602t200033p13007,1,0.9129675035760055,0.5987087643013214
554328,emi20250602t200033p13007-A,emi20250602t200033p13007,1,0.9638258000074458,0.5987087643013214
554329,emi20250603t160225p11027-A,emi20250603t160225p11027,1,0.8384363881940132,0.5987087643013214
554330,emi20250602t200033p13007-A,emi20250602t200033p13007,0,0.005936632715856118,0.5987087643013214
554332,emi20250602t200033p13007-A,emi20250602t200033p13007,0,0.003436042004003766,0.5987087643013214
554334,emi20250602t200033p13007-A,emi20250602t200033p13007,0,0.0055688843102754656,0.5987087643013214
554336,emi20250602t200033p13007-A,emi20250602t200033p13007,0,0.0015690641042871143,0.5987087643013214
554338,emi20250602t200033p13007-A,emi20250602t200033p13007,0,0.009256772320441458,0.5987087643013214
554340,emi20250602t200033p13007-A,emi20250602t200033p13007,0,0.0013891005856733075,0.5987087643013214
554342,emi20250602t200033p13007-A,emi20250602t200033p13007,0,0.019555134420886033,0.5987087643013214
554344,emi20250602t200033p13007-A,emi20250602t200033p13007,0,0.001657531782399892,0.5987087643013214
554345,emi20250603t160225p11027-A,emi20250603t160225p11027,1,0.14814557101823972,0.5987087643013214
554346,emi20250602t200033p13007-A,emi20250602t200033p13007,0,0.0020508330983360456,0.5987087643013214
554348,emi20250602t200033p13007-A,emi20250602t200033p13007,0,0.0011006695881790615,0.5987087643013214
554349,emi20250603t160225p11027-A,emi20250603t160225p11027,1,0.35867259868473395,0.5987087643013214
554350,emi20250602t200033p13007-A,emi20250602t200033p13007,0,0.001494943033845341,0.5987087643013214
554352,emi20250602t200033p13007-A,emi20250602t200033p13007,0,0.0022116109928930284,0.5987087643013214
554354,emi20250602t200033p13007-A,emi20250602t200033p13007,0,0.07427879407172759,0.5987087643013214
554356,emi20250602t200033p13007-A,emi20250602t200033p13007,0,0.0036105492950509245,0.5987087643013214
554357,emi20250603t160225p11027-A,emi20250603t160225p11027,0,0.0017699692479749374,0.5987087643013214
554358,emi20250602t200033p13007-A,emi20250602t200033p13007,0,0.0009965869573707292,0.5987087643013214
554360,emi20250602t200033p13007-A,emi20250602t200033p13007,0,0.004886671261246374,0.5987087643013214
554365,emi20250603t160225p11027-A,emi20250603t160225p11027,0,0.002177138156640677,0.5987087643013214
554367,emi20250603t160225p11027-A,emi20250603t160225p11027,0,0.00779980472754465,0.5987087643013214
554368,emi20250603t160225p11027-C,emi20250603t160225p11027,1,0.8969946916105415,0.5987087643013214
554369,emi20250603t160225p11027-A,emi20250603t160225p11027,0,0.0011533159032761085,0.5987087643013214
554371,emi20250603t160225p11027-A,emi20250603t160225p11027,0,0.001801202898982831,0.5987087643013214
554372,emi20250603t160225p11027-C,emi20250603t160225p11027,1,0.7565302517728285,0.5987087643013214
554376,emi20250603t160225p11027-C,emi20250603t160225p11027,1,0.9161342318600039,0.5987087643013214
554378,emi20250603t160225p11027-C,emi20250603t160225p11027,1,0.9036085415070273,0.5987087643013214
554487,emi20250603t160225p11027-C,emi20250603t160225p11027,1,0.8949970848621167,0.5987087643013214
554490,emi20250603t160225p11027-C,emi20250603t160225p11027,1,0.9599265523849939,0.5987087643013214
554500,emi20250603t160225p11027-E,emi20250603t160225p11027,0,0.006623577330660644,0.5987087643013214
554505,emi20250603t160225p11027-C,emi20250603t160225p11027,0,0.0025634144589369765,0.5987087643013214
554525,emi20250603t160225p11027-E,emi20250603t160225p11027,0,0.00273680089030915,0.5987087643013214
554531,emi20250603t160225p11027-C,emi20250603t160225p11027,0,0.0011263043317584452,0.5987087643013214
554535,emi20250603t160225p11027-C,emi20250603t160225p11027,0,0.001014681984954937,0.5987087643013214
554556,emi20250603t160225p11027-G,emi20250603t160225p11027,1,0.009712421492491826,0.5987087643013214
554560,emi20250603t160225p11027-G,emi20250603t160225p11027,1,0.02962788860961701,0.5987087643013214
554562,emi20250603t160225p11027-G,emi20250603t160225p11027,1,0.002068153962045929,0.5987087643013214
554563,emi20250603t173453p12004-A,emi20250603t173453p12004,1,0.8830656515044386,0.5987087643013214
554566,emi20250603t160225p11027-G,emi20250603t160225p11027,1,0.008789665953036546,0.5987087643013214
554567,emi20250603t173453p12004-A,emi20250603t173453p12004,1,0.6845068149124168,0.5987087643013214
554571,emi20250603t173453p12004-A,emi20250603t173453p12004,1,0.7717948072820329,0.5987087643013214
554575,emi20250603t173453p12004-A,emi20250603t173453p12004,1,0.7785221365952231,0.5987087643013214
554581,emi20250603t173453p12004-A,emi20250603t173453p12004,1,0.6815357148234595,0.5987087643013214
554585,emi20250603t173453p12004-A,emi20250603t173453p12004,1,0.8937269508585701,0.5987087643013214
554588,emi20250603t160225p11027-G,emi20250603t160225p11027,0,0.02122734906405053,0.5987087643013214
554591,emi20250603t173453p12004-A,emi20250603t173453p12004,1,0.9038819977080953,0.5987087643013214
554593,emi20250603t160225p11027-G,emi20250603t160225p11027,0,0.0022992442269264978,0.5987087643013214
554600,emi20250603t173453p12004-A,emi20250603t173453p12004,0,0.11170157534112468,0.5987087643013214
554605,emi20250603t173453p12004-A,emi20250603t173453p12004,0,0.01359303895373185,0.5987087643013214
554608,emi20250603t173453p12004-A,emi20250603t173453p12004,0,0.7288218372021446,0.5987087643013214
554612,emi20250603t160225p11027-G,emi20250603t160225p11027,0,0.0010532394316679504,0.5987087643013214
554613,emi20250603t173453p12004-A,emi20250603t173453p12004,0,0.5435213423993566,0.5987087643013214
554615,emi20250603t173453p12004-A,emi20250603t173453p12004,0,0.012331849237761127,0.5987087643013214
554616,emi20250603t160225p11027-G,emi20250603t160225p11027,0,0.05659130875688076,0.5987087643013214
554617,emi20250603t173453p12004-A,emi20250603t173453p12004,0,0.014859724842412353,0.5987087643013214
554618,emi20250603t160225p11027-G,emi20250603t160225p11027,0,0.0011113833382243924,0.5987087643013214
554619,emi20250603t173453p12004-A,emi20250603t173453p12004,0,0.01772019902494244,0.5987087643013214
554627,emi20250603t160225p11027-G,emi20250603t160225p11027,0,0.01222370957380674,0.5987087643013214
554628,emi20250603t173453p12004-A,emi20250603t173453p12004,0,0.013132280544960698,0.5987087643013214
554630,emi20250603t173453p12004-A,emi20250603t173453p12004,0,0.01074324680981089,0.5987087643013214
554631,emi20250603t173453p12004-C,emi20250603t173453p12004,1,0.9694322912020202,0.5987087643013214
554636,emi20250603t173453p12004-C,emi20250603t173453p12004,1,0.9785385902187779,0.5987087643013214
554637,emi20250603t173453p12004-C,emi20250603t173453p12004,1,0.9709544553966942,0.5987087643013214
554638,emi20250604t025333p02020-A,emi20250604t025333p02020,1,0.9271903284756949,0.5987087643013214
554640,emi20250604t025333p02020-A,emi20250604t025333p02020,1,0.9601623126693754,0.5987087643013214
554641,emi20250603t173453p12004-C,emi20250603t173453p12004,1,0.9709098480319628,0.5987087643013214
554643,emi20250603t173453p12004-C,emi20250603t173453p12004,1,0.973502105768346,0.5987087643013214
554644,emi20250604t025333p02020-A,emi20250604t025333p02020,1,0.9674535830000368,0.5987087643013214
554647,emi20250603t173453p12004-C,emi20250603t173453p12004,1,0.96338407066387,0.5987087643013214
554648,emi20250604t025333p02020-A,emi20250604t025333p02020,1,0.9584561134956937,0.5987087643013214
554651,emi20250603t173453p12004-C,emi20250603t173453p12004,1,0.9669304978116017,0.5987087643013214
554652,emi20250604t025333p02020-A,emi20250604t025333p02020,1,0.9728748692180291,0.5987087643013214
554657,emi20250603t173453p12004-C,emi20250603t173453p12004,1,0.9752539402764787,0.5987087643013214
554658,emi20250604t025333p02020-A,emi20250604t025333p02020,1,0.9347466643421677,0.5987087643013214
554659,emi20250603t173453p12004-C,emi20250603t173453p12004,1,0.9641775352946681,0.5987087643013214
554661,emi20250603t173453p12004-C,emi20250603t173453p12004,0,0.338783379306228,0.5987087643013214
554662,emi20250604t025333p02020-A,emi20250604t025333p02020,1,0.964703480872482,0.5987087643013214
554665,emi20250603t173453p12004-C,emi20250603t173453p12004,0,0.2019882008026837,0.5987087643013214
554666,emi20250604t025333p02020-A,emi20250604t025333p02020,1,0.9523227565046789,0.5987087643013214
554667,emi20250603t173453p12004-C,emi20250603t173453p12004,0,0.017459199250427996,0.5987087643013214
554669,emi20250603t173453p12004-C,emi20250603t173453p12004,0,0.10233524373803037,0.5987087643013214
554670,emi20250604t025333p02020-A,emi20250604t025333p02020,0,0.0037060472372418816,0.5987087643013214
554671,emi20250603t173453p12004-C,emi20250603t173453p12004,0,0.00399568733142401,0.5987087643013214
554672,emi20250604t025333p02020-A,emi20250604t025333p02020,0,0.8525948654867945,0.5987087643013214
554673,emi20250603t173453p12004-C,emi20250603t173453p12004,0,0.003263473246019318,0.5987087643013214
554674,emi20250604t025333p02020-A,emi20250604t025333p02020,0,0.016390680418867442,0.5987087643013214
554682,emi20250604t025333p02020-A,emi20250604t025333p02020,0,0.001437546262619379,0.5987087643013214
554691,emi20250603t173453p12004-C,emi20250603t173453p12004,0,0.039249022534748296,0.5987087643013214
554692,emi20250604t025333p02020-A,emi20250604t025333p02020,0,0.004292676464628447,0.5987087643013214
554693,emi20250604t025333p02020-A,emi20250604t025333p02020,0,0.0032658597572498816,0.5987087643013214
554695,emi20250604t025333p02020-B,emi20250604t025333p02020,1,0.2044820963404823,0.5987087643013214
554696,emi20250604t025333p02020-A,emi20250604t025333p02020,0,0.0021101404283375615,0.5987087643013214
554697,emi20250604t025333p02020-B,emi20250604t025333p02020,1,0.050034747090056036,0.5987087643013214
554699,emi20250604t025333p02020-B,emi20250604t025333p02020,1,0.6773538928075179,0.5987087643013214
554700,emi20250604t025333p02020-B,emi20250604t025333p02020,1,0.3273828219477778,0.5987087643013214
554701,emi20250604t025333p02020-B,emi20250604t025333p02020,1,0.6587719664217947,0.5987087643013214
554706,emi20250604t025345p02021-A,emi20250604t025345p02021,1,0.47916458811853574,0.5987087643013214
554710,emi20250604t025345p02021-A,emi20250604t025345p02021,1,0.1562833800562209,0.5987087643013214
554711,emi20250604t025333p02020-B,emi20250604t025333p02020,1,0.39759139818185485,0.5987087643013214
554715,emi20250604t025333p02020-B,emi20250604t025333p02020,1,0.5824355384914707,0.5987087643013214
554718,emi20250604t025345p02021-A,emi20250604t025345p02021,1,0.1495715724738625,0.5987087643013214
554719,emi20250604t025333p02020-B,emi20250604t025333p02020,1,0.2044820963404823,0.5987087643013214
554722,emi20250604t025345p02021-A,emi20250604t025345p02021,1,0.527333189814315,0.5987087643013214
554725,emi20250604t025333p02020-B,emi20250604t025333p02020,0,0.0015847308142389923,0.5987087643013214
554726,emi20250604t025345p02021-A,emi20250604t025345p02021,1,0.7019515289713643,0.5987087643013214
554729,emi20250604t025333p02020-B,emi20250604t025333p02020,0,0.002211645966957361,0.5987087643013214
554732,emi20250604t025345p02021-A,emi20250604t025345p02021,1,0.13729104814921178,0.5987087643013214
554737,emi20250604t025333p02020-B,emi20250604t025333p02020,0,0.04677713219082429,0.5987087643013214
554740,emi20250604t025345p02021-A,emi20250604t025345p02021,0,0.0011207779564614813,0.5987087643013214
554743,emi20250604t025333p02020-B,emi20250604t025333p02020,0,0.001306476031692185,0.5987087643013214
554747,emi20250604t025333p02020-B,emi20250604t025333p02020,0,0.008267144218742561,0.5987087643013214
554749,emi20250604t025333p02020-B,emi20250604t025333p02020,0,0.003790332720431546,0.5987087643013214
554755,emi20250604t025333p02020-B,emi20250604t025333p02020,0,0.002700671432146715,0.5987087643013214
554757,emi20250604t025333p02020-B,emi20250604t025333p02020,0,0.002034226854098966,0.5987087643013214
554759,emi20250604t025333p02020-B,emi20250604t025333p02020,0,0.5925526932364529,0.5987087643013214
554762,emi20250604t025345p02021-A,emi20250604t025345p02021,0,0.002201054929629736,0.5987087643013214
554763,emi20250604t025345p02021-B,emi20250604t025345p02021,1,0.9088557641850878,0.5987087643013214
554767,emi20250604t025345p02021-B,emi20250604t025345p02021,1,0.9182046598546674,0.5987087643013214
554770,emi20250604t025345p02021-C,emi20250604t025345p02021,1,0.1410292141693677,0.5987087643013214
554772,emi20250604t025345p02021-C,emi20250604t025345p02021,1,0.09369613985305997,0.5987087643013214
554776,emi20250604t025345p02021-C,emi20250604t025345p02021,1,0.022694783622994503,0.5987087643013214
554780,emi20250604t025345p02021-C,emi20250604t025345p02021,1,0.21053832780777204,0.5987087643013214
554786,emi20250604t025345p02021-C,emi20250604t025345p02021,1,0.2565420074916225,0.5987087643013214
554788,emi20250604t025345p02021-C,emi20250604t025345p02021,1,0.10706047988023525,0.5987087643013214
554792,emi20250604t025345p02021-C,emi20250604t025345p02021,1,0.30369985332442295,0.5987087643013214
554794,emi20250604t025345p02021-C,emi20250604t025345p02021,1,0.245809966278604,0.5987087643013214
554798,emi20250604t025345p02021-B,emi20250604t025345p02021,0,0.004481556201042653,0.5987087643013214
554806,emi20250604t025345p02021-C,emi20250604t025345p02021,0,0.0034550030443078056,0.5987087643013214
554810,emi20250604t025345p02021-B,emi20250604t025345p02021,0,0.10214575609234768,0.5987087643013214
554817,emi20250604t025345p02021-C,emi20250604t025345p02021,0,0.0018868537955442162,0.5987087643013214
554822,emi20250604t025345p02021-C,emi20250604t025345p02021,0,0.07121079570213466,0.5987087643013214
554823,emi20250604t025345p02021-B,emi20250604t025345p02021,0,0.010781527301508706,0.5987087643013214
554826,emi20250604t025345p02021-C,emi20250604t025345p02021,0,0.015561311454078033,0.5987087643013214
554829,emi20250604t025345p02021-B,emi20250604t025345p02021,0,0.03145361466738934,0.5987087643013214
554832,emi20250604t025345p02021-C,emi20250604t025345p02021,0,0.001760586914604594,0.5987087643013214
554835,emi20250604t025345p02021-B,emi20250604t025345p02021,0,0.0040310632452502555,0.5987087643013214
554837,emi20250604t025345p02021-C,emi20250604t025345p02021,0,0.2753458813542602,0.5987087643013214
554839,emi20250604t025345p02021-C,emi20250604t025345p02021,0,0.003801787377499747,0.5987087643013214
554841,emi20250604t025345p02021-C,emi20250604t025345p02021,0,0.004935186265831032,0.5987087643013214
554844,emi20250604t025345p02021-C,emi20250604t025345p02021,0,0.004125691111390151,0.5987087643013214
554860,emi20250604t025357p02022-A,emi20250604t025357p02022,1,0.6258156412167484,0.5987087643013214
554866,emi20250604t025357p02022-A,emi20250604t025357p02022,1,0.8122499396554801,0.5987087643013214
554887,emi20250604t025357p02022-AA,emi20250604t025357p02022,0,0.007973333514255904,0.5987087643013214
554907,emi20250604t025357p02022-AB,emi20250604t025357p02022,1,0.7452526982486718,0.5987087643013214
554908,emi20250604t025357p02022-AA,emi20250604t025357p02022,0,0.018699223737632,0.5987087643013214
555048,emi20250604t025357p02022-AD,emi20250604t025357p02022,0,0.0020951396939881684,0.5987087643013214
555088,emi20250604t025357p02022-AB,emi20250604t025357p02022,1,0.5194299204937262,0.5987087643013214
555139,emi20250604t025357p02022-AE,emi20250604t025357p02022,1,0.8503179661777724,0.5987087643013214
555150,emi20250604t025357p02022-AF,emi20250604t025357p02022,1,0.6672333789374776,0.5987087643013214
555162,emi20250604t025357p02022-AF,emi20250604t025357p02022,1,0.902796988802603,0.5987087643013214
555173,emi20250604t025357p02022-AE,emi20250604t025357p02022,0,0.017047004534049958,0.5987087643013214
555177,emi20250604t025357p02022-AE,emi20250604t025357p02022,0,0.018597744192731767,0.5987087643013214
555189,emi20250604t025357p02022-AF,emi20250604t025357p02022,0,0.01994077101288069,0.5987087643013214
555615,emi20250604t025357p02022-AF,emi20250604t025357p02022,0,0.08436372158629371,0.5987087643013214
555652,emi20250604t025357p02022-AH,emi20250604t025357p02022,0,0.02238726865258612,0.5987087643013214
555997,emi20250604t025357p02022-AN,emi20250604t025357p02022,1,0.5859176653313406,0.5987087643013214
556016,emi20250604t025357p02022-AN,emi20250604t025357p02022,1,0.83282234838132,0.5987087643013214
556161,emi20250604t025357p02022-AP,emi20250604t025357p02022,0,0.021888348987405316,0.5987087643013214
556287,emi20250604t025357p02022-F,emi20250604t025357p02022,0,0.01985975548572064,0.5987087643013214
556303,emi20250604t025357p02022-E,emi20250604t025357p02022,0,0.006327614075935244,0.5987087643013214
556340,emi20250604t025357p02022-F,emi20250604t025357p02022,0,0.008706287635288934,0.5987087643013214
556368,emi20250604t025357p02022-F,emi20250604t025357p02022,0,0.004767136754249325,0.5987087643013214
556504,emi20250604t025357p02022-O,emi20250604t025357p02022,0,0.0370820224167093,0.5987087643013214
556568,emi20250604t025357p02022-Q,emi20250604t025357p02022,1,0.6580041726649207,0.5987087643013214
556657,emi20250604t025357p02022-Q,emi20250604t025357p02022,1,0.9273424217986678,0.5987087643013214
556760,emi20250604t025357p02022-T,emi20250604t025357p02022,0,0.0090269336840393,0.5987087643013214
556815,emi20250604t025357p02022-V,emi20250604t025357p02022,1,0.5748138937599477,0.5987087643013214
556824,emi20250604t025357p02022-U,emi20250604t025357p02022,1,0.9559599919565435,0.5987087643013214
556829,emi20250604t025357p02022-V,emi20250604t025357p02022,1,0.315925800469245,0.5987087643013214
556834,emi20250604t025357p02022-U,emi20250604t025357p02022,1,0.9409243959073338,0.5987087643013214
556837,emi20250604t025357p02022-V,emi20250604t025357p02022,1,0.23161179867184267,0.5987087643013214
556847,emi20250604t025357p02022-V,emi20250604t025357p02022,0,0.030199368326924627,0.5987087643013214
556987,emi20250605t081905p06014-A,emi20250605t081905p06014,0,0.5150352566800717,0.5987087643013214
556988,emi20250605t081905p06014-A,emi20250605t081905p06014,0,0.055045925365515676,0.5987087643013214
556989,emi20250609t222616p14004-A,emi20250609t222616p14004,1,0.7229535830085397,0.5987087643013214
556998,emi20250605t081905p06014-A,emi20250605t081905p06014,0,0.003065206827289396,0.5987087643013214
556999,emi20250609t222616p14004-A,emi20250609t222616p14004,1,0.9417431026156226,0.5987087643013214
557000,emi20250605t081905p06014-A,emi20250605t081905p06014,0,0.8743347973692812,0.5987087643013214
557001,emi20250609t222616p14004-A,emi20250609t222616p14004,1,0.9893284502526959,0.5987087643013214
557046,emi20250605t081905p06014-A,emi20250605t081905p06014,0,0.005811840043089839,0.5987087643013214
557047,emi20250609t222616p14004-A,emi20250609t222616p14004,1,0.9312518804435655,0.5987087643013214
557064,emi20250605t081905p06014-A,emi20250605t081905p06014,0,0.028353906313542135,0.5987087643013214
557065,emi20250609t222616p14004-A,emi20250609t222616p14004,1,0.9411077388917608,0.5987087643013214
557066,emi20250605t081905p06014-A,emi20250605t081905p06014,0,0.07100767123350891,0.5987087643013214
557067,emi20250609t222616p14004-A,emi20250609t222616p14004,1,0.9381350786683796,0.5987087643013214
557068,emi20250605t081905p06014-A,emi20250605t081905p06014,0,0.14885144841502085,0.5987087643013214
557069,emi20250609t222616p14004-A,emi20250609t222616p14004,1,0.9892703305739502,0.5987087643013214
557074,emi20250605t081905p06014-A,emi20250605t081905p06014,0,0.002153161852443047,0.5987087643013214
557075,emi20250609t222616p14004-A,emi20250609t222616p14004,1,0.7923559485125079,0.5987087643013214
557078,emi20250605t081905p06014-A,emi20250605t081905p06014,0,0.0026312202700259726,0.5987087643013214
557079,emi20250609t222616p14004-A,emi20250609t222616p14004,1,0.9831579181859433,0.5987087643013214
557101,emi20250605t081905p06014-A,emi20250605t081905p06014,0,0.0015528709906906723,0.5987087643013214
557102,emi20250609t222616p14004-A,emi20250609t222616p14004,1,0.9882217481126998,0.5987087643013214
557113,emi20250605t081905p06014-A,emi20250605t081905p06014,0,0.009839679347721854,0.5987087643013214
557114,emi20250609t222616p14004-A,emi20250609t222616p14004,1,0.3342087401074655,0.5987087643013214
557120,emi20250605t081905p06014-A,emi20250605t081905p06014,0,0.2920337086819534,0.5987087643013214
557121,emi20250609t222616p14004-A,emi20250609t222616p14004,1,0.9783250146908034,0.5987087643013214
557126,emi20250605t081905p06014-A,emi20250605t081905p06014,0,0.007144570112687873,0.5987087643013214
557127,emi20250609t222616p14004-A,emi20250609t222616p14004,1,0.9580277719301934,0.5987087643013214
557133,emi20250605t081905p06014-A,emi20250605t081905p06014,0,0.3316763699378625,0.5987087643013214
557134,emi20250609t222616p14004-A,emi20250609t222616p14004,1,0.9810918830524389,0.5987087643013214
557148,emi20250605t081905p06014-A,emi20250605t081905p06014,0,0.004903270128668916,0.5987087643013214
557149,emi20250609t222616p14004-A,emi20250609t222616p14004,1,0.9736209085818043,0.5987087643013214
557150,emi20250609t222616p14004-A,emi20250609t222616p14004,1,0.7776110794634282,0.5987087643013214
557151,emi20250609t222616p14004-A,emi20250609t222616p14004,0,0.005036077465029371,0.5987087643013214
557152,emi20250609t222616p14004-A,emi20250609t222616p14004,0,0.002676177551174029,0.5987087643013214
557153,emi20250611t065853p04019-E,emi20250611t065853p04019,1,0.5744869972204154,0.5987087643013214
557159,emi20250609t222616p14004-A,emi20250609t222616p14004,0,0.00256284170387843,0.5987087643013214
557160,emi20250611t065853p04019-E,emi20250611t065853p04019,1,0.8629388315569186,0.5987087643013214
557162,emi20250609t222616p14004-A,emi20250609t222616p14004,0,0.0020719741388587906,0.5987087643013214
557163,emi20250611t065853p04019-E,emi20250611t065853p04019,1,0.7671527149047078,0.5987087643013214
557167,emi20250609t222616p14004-A,emi20250609t222616p14004,0,0.000959867009554892,0.5987087643013214
557168,emi20250611t065853p04019-E,emi20250611t065853p04019,1,0.6137351477201614,0.5987087643013214
557169,emi20250609t222616p14004-A,emi20250609t222616p14004,0,0.0019779521010239425,0.5987087643013214
557170,emi20250611t065853p04019-E,emi20250611t065853p04019,1,0.8643042310387152,0.5987087643013214
557172,emi20250609t222616p14004-A,emi20250609t222616p14004,0,0.01835860075349309,0.5987087643013214
557173,emi20250611t065853p04019-E,emi20250611t065853p04019,1,0.211695214456549,0.5987087643013214
557174,emi20250609t222616p14004-A,emi20250609t222616p14004,0,0.0030109996875214004,0.5987087643013214
557175,emi20250611t065853p04019-E,emi20250611t065853p04019,1,0.45040850087421835,0.5987087643013214
557176,emi20250609t222616p14004-A,emi20250609t222616p14004,0,0.003080820341857506,0.5987087643013214
557177,emi20250611t065853p04019-E,emi20250611t065853p04019,1,0.7638409198088322,0.5987087643013214
557178,emi20250609t222616p14004-A,emi20250609t222616p14004,0,0.0022693587055401306,0.5987087643013214
557179,emi20250611t065853p04019-E,emi20250611t065853p04019,1,0.7638409198088322,0.5987087643013214
557182,emi20250609t222616p14004-A,emi20250609t222616p14004,0,0.003928756540949493,0.5987087643013214
557183,emi20250611t065853p04019-E,emi20250611t065853p04019,1,0.7461998996532172,0.5987087643013214
557191,emi20250609t222616p14004-A,emi20250609t222616p14004,0,0.09001637703270157,0.5987087643013214
557192,emi20250611t065853p04019-E,emi20250611t065853p04019,1,0.686532529178234,0.5987087643013214
557193,emi20250609t222616p14004-A,emi20250609t222616p14004,0,0.010671823363536132,0.5987087643013214
557194,emi20250611t065853p04019-E,emi20250611t065853p04019,1,0.7701878905757741,0.5987087643013214
557199,emi20250609t222616p14004-A,emi20250609t222616p14004,0,0.0024467056751684346,0.5987087643013214
557200,emi20250611t065853p04019-E,emi20250611t065853p04019,1,0.7487974744522783,0.5987087643013214
557201,emi20250609t222616p14004-A,emi20250609t222616p14004,0,0.000896333759942188,0.5987087643013214
557202,emi20250611t065853p04019-E,emi20250611t065853p04019,1,0.852325787267144,0.5987087643013214
557203,emi20250609t222616p14004-A,emi20250609t222616p14004,0,0.005000339578131843,0.5987087643013214
557204,emi20250611t065853p04019-E,emi20250611t065853p04019,1,0.6966695400593556,0.5987087643013214
557205,emi20250611t065853p04019-E,emi20250611t065853p04019,1,0.7064302300246739,0.5987087643013214
557206,emi20250611t065853p04019-E,emi20250611t065853p04019,0,0.2043303181573494,0.5987087643013214
557207,emi20250611t065853p04019-E,emi20250611t065853p04019,0,0.054581617675496005,0.5987087643013214
557209,emi20250611t065853p04019-E,emi20250611t065853p04019,0,0.03448739350877505,0.5987087643013214
557211,emi20250611t065853p04019-E,emi20250611t065853p04019,0,0.29306976720657574,0.5987087643013214
557213,emi20250611t065853p04019-E,emi20250611t065853p04019,0,0.7992404158646542,0.5987087643013214
557215,emi20250611t065853p04019-E,emi20250611t065853p04019,0,0.004520901379417893,0.5987087643013214
557216,emi20250613t100206p06020-B,emi20250613t100206p06020,1,0.9669261345311857,0.5987087643013214
557217,emi20250611t065853p04019-E,emi20250611t065853p04019,0,0.004495324181621856,0.5987087643013214
557219,emi20250611t065853p04019-E,emi20250611t065853p04019,0,0.004403235296433306,0.5987087643013214
557220,emi20250613t100206p06020-B,emi20250613t100206p06020,1,0.9671584851273968,0.5987087643013214
557221,emi20250611t065853p04019-E,emi20250611t065853p04019,0,0.01385671390007646,0.5987087643013214
557223,emi20250611t065853p04019-E,emi20250611t065853p04019,0,0.46138825296462666,0.5987087643013214
557225,emi20250611t065853p04019-E,emi20250611t065853p04019,0,0.0011510608058660264,0.5987087643013214
557227,emi20250611t065853p04019-E,emi20250611t065853p04019,0,0.009110555509040044,0.5987087643013214
557229,emi20250611t065853p04019-E,emi20250611t065853p04019,0,0.0014245727404249375,0.5987087643013214
557230,emi20250613t100206p06020-B,emi20250613t100206p06020,1,0.9681808969907947,0.5987087643013214
557231,emi20250611t065853p04019-E,emi20250611t065853p04019,0,0.011531811365573862,0.5987087643013214
557233,emi20250611t065853p04019-E,emi20250611t065853p04019,0,0.02229649336202271,0.5987087643013214
557235,emi20250611t065853p04019-E,emi20250611t065853p04019,0,0.008838081248338939,0.5987087643013214
557238,emi20250613t100206p06020-B,emi20250613t100206p06020,0,0.7064327542921127,0.5987087643013214
557241,emi20250613t100206p06020-C,emi20250613t100206p06020,1,0.7449152829661333,0.5987087643013214
557242,emi20250613t100206p06020-B,emi20250613t100206p06020,0,0.2857749985296177,0.5987087643013214
557248,emi20250613t100206p06020-B,emi20250613t100206p06020,0,0.5848384225232989,0.5987087643013214
557251,emi20250613t100206p06020-C,emi20250613t100206p06020,1,0.918465900919046,0.5987087643013214
557253,emi20250613t100206p06020-C,emi20250613t100206p06020,1,0.8686997639395944,0.5987087643013214
557264,emi20250613t100206p06020-B,emi20250613t100206p06020,0,0.06400552751581733,0.5987087643013214
557287,emi20250613t100206p06020-C,emi20250613t100206p06020,0,0.4061285399770636,0.5987087643013214
557292,emi20250613t100206p06020-C,emi20250613t100206p06020,0,0.34142372412661476,0.5987087643013214
557299,emi20250613t100206p06020-D,emi20250613t100206p06020,1,0.8606546892067855,0.5987087643013214
557300,emi20250613t100206p06020-C,emi20250613t100206p06020,0,0.9394175600540342,0.5987087643013214
557318,emi20250613t100206p06020-E,emi20250613t100206p06020,1,0.746848023787605,0.5987087643013214
557335,emi20250613t100206p06020-D,emi20250613t100206p06020,0,0.7342392536441386,0.5987087643013214
557340,emi20250613t100206p06020-E,emi20250613t100206p06020,1,0.6716594866463395,0.5987087643013214
557343,emi20250613t100206p06020-D,emi20250613t100206p06020,0,0.0966603768608521,0.5987087643013214
557347,emi20250613t100206p06020-E,emi20250613t100206p06020,0,0.43259255989865186,0.5987087643013214
557366,emi20250613t100206p06020-E,emi20250613t100206p06020,0,0.7358017492094818,0.5987087643013214
557375,emi20250613t100206p06020-F,emi20250613t100206p06020,1,0.46847330943691273,0.5987087643013214
557381,emi20250613t100206p06020-E,emi20250613t100206p06020,0,0.16343522809714453,0.5987087643013214
557388,emi20250613t100206p06020-G,emi20250613t100206p06020,1,0.6371210839193256,0.5987087643013214
557416,emi20250613t100206p06020-G,emi20250613t100206p06020,1,0.779978019435247,0.5987087643013214
557423,emi20250613t100206p06020-G,emi20250613t100206p06020,0,0.3050882090818933,0.5987087643013214
557424,emi20250613t100206p06020-H,emi20250613t100206p06020,1,0.7212363823261582,0.5987087643013214
557432,emi20250613t100206p06020-H,emi20250613t100206p06020,1,0.7123462580491366,0.5987087643013214
557443,emi20250613t100206p06020-H,emi20250613t100206p06020,1,0.714146980625708,0.5987087643013214
557459,emi20250613t100206p06020-H,emi20250613t100206p06020,1,0.8025675032738232,0.5987087643013214
557593,emi20250613t205246p13023-A,emi20250613t205246p13023,0,0.833979935164925,0.5987087643013214
557596,emi20250613t205246p13023-A,emi20250613t205246p13023,0,0.5395042740160051,0.5987087643013214
557610,emi20250613t205246p13023-A,emi20250613t205246p13023,0,0.08422622141637397,0.5987087643013214
557638,emi20250613t205246p13023-A,emi20250613t205246p13023,0,0.2652989680174175,0.5987087643013214
557646,emi20250613t205246p13023-A,emi20250613t205246p13023,0,0.5626582328027039,0.5987087643013214
557682,emi20250613t205246p13023-A,emi20250613t205246p13023,0,0.035232388999924744,0.5987087643013214
557707,emi20250613t205246p13023-A,emi20250613t205246p13023,0,0.8350324357732128,0.5987087643013214
557711,emi20250613t205246p13023-A,emi20250613t205246p13023,0,0.843682368312158,0.5987087643013214
557717,emi20250613t205246p13023-A,emi20250613t205246p13023,0,0.1480286109096036,0.5987087643013214
557719,emi20250613t100206p06020-H,emi20250613t100206p06020,0,0.49385807626934036,0.5987087643013214
557728,emi20250613t205246p13023-A,emi20250613t205246p13023,0,0.04065121455256206,0.5987087643013214
557779,emi20250613t100206p06020-H,emi20250613t100206p06020,0,0.7442297669556363,0.5987087643013214
558082,emi20250613t100206p06020-H,emi20250613t100206p06020,0,0.2711489198344311,0.5987087643013214
558436,tan20241017t054413c00s4001-A,tan20241017t054413c00s4001,1,0.6436315830042961,0.5987087643013214
558438,tan20241017t054413c00s4001-A,tan20241017t054413c00s4001,1,0.8078439741611385,0.5987087643013214
558441,tan20241017t054413c00s4001-A,tan20241017t054413c00s4001,1,0.6295927725446178,0.5987087643013214
558443,tan20241017t054413c00s4001-A,tan20241017t054413c00s4001,1,0.665028658730696,0.5987087643013214
558445,tan20241017t054413c00s4001-A,tan20241017t054413c00s4001,1,0.39222830662205915,0.5987087643013214
558447,tan20241017t054413c00s4001-A,tan20241017t054413c00s4001,1,0.5104956597770844,0.5987087643013214
558449,tan20241017t054413c00s4001-A,tan20241017t054413c00s4001,1,0.40763202981802354,0.5987087643013214
558451,tan20241017t054413c00s4001-A,tan20241017t054413c00s4001,1,0.33109350296951756,0.5987087643013214
558453,tan20241017t054413c00s4001-A,tan20241017t054413c00s4001,1,0.4232685291033383,0.5987087643013214
558455,tan20241017t054413c00s4001-A,tan20241017t054413c00s4001,1,0.6570463286786591,0.5987087643013214
558457,tan20241017t054413c00s4001-A,tan20241017t054413c00s4001,1,0.7924370669830181,0.5987087643013214
558459,tan20241017t054413c00s4001-A,tan20241017t054413c00s4001,1,0.5485038057071638,0.5987087643013214
558461,tan20241017t054413c00s4001-A,tan20241017t054413c00s4001,1,0.6680953543251062,0.5987087643013214
558463,tan20241017t054413c00s4001-A,tan20241017t054413c00s4001,1,0.6075754736832141,0.5987087643013214
558465,tan20241017t054413c00s4001-A,tan20241017t054413c00s4001,1,0.7987623310983438,0.5987087643013214
558467,tan20241017t054413c00s4001-A,tan20241017t054413c00s4001,1,0.40466274268986946,0.5987087643013214
558469,tan20241017t054413c00s4001-A,tan20241017t054413c00s4001,0,0.01955351605200462,0.5987087643013214
558473,tan20241017t054413c00s4001-A,tan20241017t054413c00s4001,0,0.017762232961638477,0.5987087643013214
558477,tan20241017t054413c00s4001-A,tan20241017t054413c00s4001,0,0.016554198563386517,0.5987087643013214
558487,tan20241017t054413c00s4001-A,tan20241017t054413c00s4001,0,0.003993228241727379,0.5987087643013214
558493,tan20241017t054413c00s4001-A,tan20241017t054413c00s4001,0,0.08473674141788817,0.5987087643013214
558494,tan20241017t054413c00s4001-A,tan20241017t054413c00s4001,0,0.05865325378061078,0.5987087643013214
558495,tan20241017t054413c00s4001-A,tan20241017t054413c00s4001,0,0.03877280542088836,0.5987087643013214
558596,tan20241017t054413c00s4001-C,tan20241017t054413c00s4001,0,0.0017485958381555093,0.5987087643013214
558599,tan20241017t054413c00s4001-C,tan20241017t054413c00s4001,0,0.022836207447583783,0.5987087643013214
558606,tan20241017t054413c00s4001-C,tan20241017t054413c00s4001,0,0.0031252429501257787,0.5987087643013214
558773,tan20241020t061527c00s4001-A,tan20241020t061527c00s4001,0,0.010884951578829039,0.5987087643013214
558774,tan20241017t054413c00s4001-C,tan20241017t054413c00s4001,0,0.019103007183137177,0.5987087643013214
558908,tan20241017t054413c00s4001-C,tan20241017t054413c00s4001,0,0.006050325746466961,0.5987087643013214
558910,tan20241017t054413c00s4001-C,tan20241017t054413c00s4001,0,0.009880125085030188,0.5987087643013214
559017,tan20241020t092906c00s4001-A,tan20241020t092906c00s4001,0,0.005186756421107991,0.5987087643013214
559033,tan20241020t092906c00s4001-A,tan20241020t092906c00s4001,0,0.0027028742274599568,0.5987087643013214
559065,tan20241020t092906c00s4001-A,tan20241020t092906c00s4001,0,0.006546285671119448,0.5987087643013214
559087,tan20241020t092906c00s4001-A,tan20241020t092906c00s4001,0,0.009941917722856002,0.5987087643013214
559093,tan20241020t092906c00s4001-A,tan20241020t092906c00s4001,0,0.08596005552563152,0.5987087643013214
559099,tan20241020t092906c00s4001-A,tan20241020t092906c00s4001,0,0.010080345317252683,0.5987087643013214
559104,tan20241017t054413c00s4001-C,tan20241017t054413c00s4001,0,0.0015668023545593421,0.5987087643013214
559110,tan20241020t092906c00s4001-A,tan20241020t092906c00s4001,0,0.007806506658123354,0.5987087643013214
559112,tan20241017t054413c00s4001-C,tan20241017t054413c00s4001,0,0.0008883395059589264,0.5987087643013214
559122,tan20241020t092906c00s4001-A,tan20241020t092906c00s4001,0,0.00779207215505325,0.5987087643013214
559124,tan20241017t054413c00s4001-C,tan20241017t054413c00s4001,0,0.03372190121187848,0.5987087643013214
559131,tan20241020t092906c00s4001-A,tan20241020t092906c00s4001,0,0.005783951314350696,0.5987087643013214
559133,tan20241020t092906c00s4001-A,tan20241020t092906c00s4001,0,0.0018166087057509498,0.5987087643013214
559144,tan20241020t092906c00s4001-A,tan20241020t092906c00s4001,0,0.010111112124264661,0.5987087643013214
559154,tan20241020t092906c00s4001-A,tan20241020t092906c00s4001,0,0.014339346100840046,0.5987087643013214
559162,tan20241020t092906c00s4001-A,tan20241020t092906c00s4001,0,0.017244253889804266,0.5987087643013214
559163,tan20241026t103729c00s4001-C,tan20241026t103729c00s4001,1,0.03427373461346562,0.5987087643013214
559169,tan20241020t092906c00s4001-A,tan20241020t092906c00s4001,0,0.03833456495760654,0.5987087643013214
559170,tan20241026t103729c00s4001-C,tan20241026t103729c00s4001,1,0.6280777963804043,0.5987087643013214
559190,tan20241020t092906c00s4001-A,tan20241020t092906c00s4001,0,0.007551577174466299,0.5987087643013214
559191,tan20241026t103729c00s4001-C,tan20241026t103729c00s4001,1,0.007508306050141088,0.5987087643013214
559206,tan20241020t092906c00s4001-A,tan20241020t092906c00s4001,0,0.008868729984098014,0.5987087643013214
559207,tan20241026t103729c00s4001-C,tan20241026t103729c00s4001,1,0.6280777963804043,0.5987087643013214
559209,tan20241026t103729c00s4001-C,tan20241026t103729c00s4001,1,0.13706225154526633,0.5987087643013214
559212,tan20241026t103729c00s4001-C,tan20241026t103729c00s4001,1,0.019627178357278393,0.5987087643013214
559226,tan20241026t103729c00s4001-C,tan20241026t103729c00s4001,1,0.20863028083833193,0.5987087643013214
559227,tan20241026t103729c00s4001-F,tan20241026t103729c00s4001,1,0.03520753575886344,0.5987087643013214
559229,tan20241026t103729c00s4001-F,tan20241026t103729c00s4001,1,0.0668066431982675,0.5987087643013214
559230,tan20241026t103729c00s4001-C,tan20241026t103729c00s4001,0,0.17465228710131186,0.5987087643013214
559232,tan20241026t103729c00s4001-C,tan20241026t103729c00s4001,0,0.2668851381253031,0.5987087643013214
559238,tan20241026t103729c00s4001-C,tan20241026t103729c00s4001,0,0.2547827864944502,0.5987087643013214
559241,tan20241026t103729c00s4001-F,tan20241026t103729c00s4001,1,0.0227480090709651,0.5987087643013214
559242,tan20241026t103729c00s4001-C,tan20241026t103729c00s4001,0,0.21738226902678942,0.5987087643013214
559243,tan20241026t103729c00s4001-F,tan20241026t103729c00s4001,0,0.044738066992138024,0.5987087643013214
559244,tan20241026t103729c00s4001-C,tan20241026t103729c00s4001,0,0.0130172182931523,0.5987087643013214
559245,tan20241026t103729c00s4001-F,tan20241026t103729c00s4001,0,0.15645212306152265,0.5987087643013214
559247,tan20241026t103729c00s4001-F,tan20241026t103729c00s4001,0,0.008488590423303808,0.5987087643013214
559250,tan20241026t103729c00s4001-C,tan20241026t103729c00s4001,0,0.03343990571853742,0.5987087643013214
559258,tan20241026t103729c00s4001-C,tan20241026t103729c00s4001,0,0.4268553839838275,0.5987087643013214
559259,tan20241026t103729c00s4001-F,tan20241026t103729c00s4001,0,0.01577822212376517,0.5987087643013214
559263,tan20241026t103729c00s4001-F,tan20241026t103729c00s4001,0,0.19949554229639552,0.5987087643013214
559265,tan20241026t103729c00s4001-F,tan20241026t103729c00s4001,0,0.052786295126281836,0.5987087643013214
559269,tan20241026t103729c00s4001-O,tan20241026t103729c00s4001,1,0.49883146177824383,0.5987087643013214
559271,tan20241026t103729c00s4001-O,tan20241026t103729c00s4001,1,0.072271542332806,0.5987087643013214
559272,tan20241026t103729c00s4001-O,tan20241026t103729c00s4001,1,0.072271542332806,0.5987087643013214
559274,tan20241105t034128c00s4001-B,tan20241105t034128c00s4001,1,0.5471554355901759,0.5987087643013214
559276,tan20241105t034128c00s4001-B,tan20241105t034128c00s4001,1,0.15140746029353347,0.5987087643013214
559278,tan20241105t034128c00s4001-B,tan20241105t034128c00s4001,1,0.1973653768552754,0.5987087643013214
559280,tan20241105t034128c00s4001-B,tan20241105t034128c00s4001,1,0.27166480863440734,0.5987087643013214
559282,tan20241105t034128c00s4001-B,tan20241105t034128c00s4001,1,0.6017837059257013,0.5987087643013214
559284,tan20241105t034128c00s4001-B,tan20241105t034128c00s4001,1,0.21595663244748226,0.5987087643013214
559286,tan20241105t034128c00s4001-B,tan20241105t034128c00s4001,1,0.21408546303713277,0.5987087643013214
559288,tan20241105t034128c00s4001-B,tan20241105t034128c00s4001,1,0.4816112212618642,0.5987087643013214
559289,tan20241026t103729c00s4001-O,tan20241026t103729c00s4001,1,0.4873448812121225,0.5987087643013214
559290,tan20241105t034128c00s4001-B,tan20241105t034128c00s4001,1,0.1113492617218694,0.5987087643013214
559291,tan20241026t103729c00s4001-O,tan20241026t103729c00s4001,1,0.29149051316484986,0.5987087643013214
559292,tan20241105t034128c00s4001-B,tan20241105t034128c00s4001,1,0.16021122740700633,0.5987087643013214
559293,tan20241026t103729c00s4001-O,tan20241026t103729c00s4001,1,0.6588497809513675,0.5987087643013214
559294,tan20241105t034128c00s4001-B,tan20241105t034128c00s4001,1,0.3141047653913547,0.5987087643013214
559295,tan20241026t103729c00s4001-O,tan20241026t103729c00s4001,0,0.3274420260186614,0.5987087643013214
559296,tan20241105t034128c00s4001-B,tan20241105t034128c00s4001,1,0.1894589550972246,0.5987087643013214
559298,tan20241105t034128c00s4001-B,tan20241105t034128c00s4001,1,0.32755496006898005,0.5987087643013214
559299,tan20241026t103729c00s4001-O,tan20241026t103729c00s4001,0,0.18673512440152917,0.5987087643013214
559300,tan20241105t034128c00s4001-B,tan20241105t034128c00s4001,1,0.07532740806129731,0.5987087643013214
559302,tan20241105t034128c00s4001-B,tan20241105t034128c00s4001,1,0.31949663415245677,0.5987087643013214
559304,tan20241105t034128c00s4001-B,tan20241105t034128c00s4001,1,0.13703132273528773,0.5987087643013214
559307,tan20241105t034128c00s4001-B,tan20241105t034128c00s4001,0,0.7033466989233512,0.5987087643013214
559308,tan20241026t103729c00s4001-O,tan20241026t103729c00s4001,0,0.4770027812793314,0.5987087643013214
559309,tan20241105t034128c00s4001-B,tan20241105t034128c00s4001,0,0.35126740724882344,0.5987087643013214
559311,tan20241105t034128c00s4001-B,tan20241105t034128c00s4001,0,0.0067347100276860155,0.5987087643013214
559313,tan20241105t034128c00s4001-B,tan20241105t034128c00s4001,0,0.007750014605561701,0.5987087643013214
559315,tan20241105t034128c00s4001-B,tan20241105t034128c00s4001,0,0.00968771066089441,0.5987087643013214
559317,tan20241105t034128c00s4001-B,tan20241105t034128c00s4001,0,0.09479794257587432,0.5987087643013214
559319,tan20241105t034128c00s4001-B,tan20241105t034128c00s4001,0,0.008329568779460828,0.5987087643013214
559321,tan20241105t034128c00s4001-B,tan20241105t034128c00s4001,0,0.00883467046007903,0.5987087643013214
559323,tan20241105t034128c00s4001-B,tan20241105t034128c00s4001,0,0.4851231341593731,0.5987087643013214
559325,tan20241105t034128c00s4001-B,tan20241105t034128c00s4001,0,0.02980734664789412,0.5987087643013214
559327,tan20241105t034128c00s4001-B,tan20241105t034128c00s4001,0,0.6998393453055787,0.5987087643013214
559328,tan20241105t034128c00s4001-B,tan20241105t034128c00s4001,0,0.02182092799702712,0.5987087643013214
559329,tan20241105t034128c00s4001-B,tan20241105t034128c00s4001,0,0.020740234015675728,0.5987087643013214
559333,tan20241105t034128c00s4001-B,tan20241105t034128c00s4001,0,0.1024358307168006,0.5987087643013214
559334,tan20241105t034128c00s4001-B,tan20241105t034128c00s4001,0,0.05221104268673873,0.5987087643013214
559335,tan20241105t034128c00s4001-B,tan20241105t034128c00s4001,0,0.010268769873790771,0.5987087643013214
559336,tan20241111t103920c00s4001-E,tan20241111t103920c00s4001,1,0.8097180818014176,0.5987087643013214
559341,tan20241111t103920c00s4001-E,tan20241111t103920c00s4001,1,0.5781530979879512,0.5987087643013214
559342,tan20241111t103920c00s4001-F,tan20241111t103920c00s4001,1,0.42429832049871646,0.5987087643013214
559343,tan20241111t103920c00s4001-E,tan20241111t103920c00s4001,1,0.7988290123870398,0.5987087643013214
559344,tan20241111t103920c00s4001-F,tan20241111t103920c00s4001,1,0.16694041075064542,0.5987087643013214
559348,tan20241111t103920c00s4001-F,tan20241111t103920c00s4001,1,0.3093765203997303,0.5987087643013214
559349,tan20241111t103920c00s4001-E,tan20241111t103920c00s4001,1,0.7768298734836968,0.5987087643013214
559353,tan20241111t103920c00s4001-E,tan20241111t103920c00s4001,1,0.9430068901921322,0.5987087643013214
559354,tan20241111t103920c00s4001-F,tan20241111t103920c00s4001,1,0.40155697782653177,0.5987087643013214
559355,tan20241111t103920c00s4001-E,tan20241111t103920c00s4001,1,0.936925445400019,0.5987087643013214
559356,tan20241111t103920c00s4001-F,tan20241111t103920c00s4001,1,0.1908997075566954,0.5987087643013214
559362,tan20241111t103920c00s4001-F,tan20241111t103920c00s4001,1,0.24795512781803697,0.5987087643013214
559364,tan20241111t103920c00s4001-F,tan20241111t103920c00s4001,1,0.1586998904033109,0.5987087643013214
559365,tan20241111t103920c00s4001-E,tan20241111t103920c00s4001,1,0.6892671284231544,0.5987087643013214
559366,tan20241111t103920c00s4001-F,tan20241111t103920c00s4001,1,0.13753081557464486,0.5987087643013214
559368,tan20241111t103920c00s4001-F,tan20241111t103920c00s4001,1,0.559516702253092,0.5987087643013214
559370,tan20241111t103920c00s4001-F,tan20241111t103920c00s4001,0,0.877404225439363,0.5987087643013214
559371,tan20241111t103920c00s4001-E,tan20241111t103920c00s4001,0,0.04696958013623883,0.5987087643013214
559372,tan20241111t103920c00s4001-F,tan20241111t103920c00s4001,0,0.29429394269035086,0.5987087643013214
559373,tan20241111t103920c00s4001-E,tan20241111t103920c00s4001,0,0.6668627267165075,0.5987087643013214
559375,tan20241111t103920c00s4001-E,tan20241111t103920c00s4001,0,0.03841666013947065,0.5987087643013214
559377,tan20241111t103920c00s4001-E,tan20241111t103920c00s4001,0,0.013603017708965348,0.5987087643013214
559379,tan20241111t103920c00s4001-E,tan20241111t103920c00s4001,0,0.5244893238171487,0.5987087643013214
559385,tan20241111t103920c00s4001-E,tan20241111t103920c00s4001,0,0.07829517085763144,0.5987087643013214
559386,tan20241111t103920c00s4001-F,tan20241111t103920c00s4001,0,0.8481355981098215,0.5987087643013214
559387,tan20241111t103920c00s4001-E,tan20241111t103920c00s4001,0,0.3074901599237303,0.5987087643013214
559389,tan20241111t103920c00s4001-E,tan20241111t103920c00s4001,0,0.04002616023880289,0.5987087643013214
559390,tan20241111t103920c00s4001-F,tan20241111t103920c00s4001,0,0.09593541302652825,0.5987087643013214
559392,tan20241111t103920c00s4001-F,tan20241111t103920c00s4001,0,0.6348742793492727,0.5987087643013214
559395,tan20241111t103920c00s4001-E,tan20241111t103920c00s4001,0,0.5270309042442655,0.5987087643013214
559396,tan20241111t103920c00s4001-F,tan20241111t103920c00s4001,0,0.21519013942848653,0.5987087643013214
559399,tan20241111t103920c00s4001-F,tan20241111t103920c00s4001,0,0.5719386139406168,0.5987087643013214
559504,tan20241202t032459c00s4001-D,tan20241202t032459c00s4001,0,0.0049057078293682525,0.5987087643013214
559505,tan20241202t032459c00s4001-C,tan20241202t032459c00s4001,1,0.9497583657648949,0.5987087643013214
559523,tan20241202t032459c00s4001-C,tan20241202t032459c00s4001,1,0.942074882468737,0.5987087643013214
559566,tan20241202t032459c00s4001-C,tan20241202t032459c00s4001,1,0.9707497710290822,0.5987087643013214
559628,tan20241202t032459c00s4001-C,tan20241202t032459c00s4001,1,0.9701629358963589,0.5987087643013214
559683,tan20241202t032459c00s4001-D,tan20241202t032459c00s4001,0,0.28855038283149104,0.5987087643013214
559684,tan20241202t032459c00s4001-C,tan20241202t032459c00s4001,1,0.9463271046233502,0.5987087643013214
559709,tan20241202t032459c00s4001-C,tan20241202t032459c00s4001,1,0.9655765747676602,0.5987087643013214
559710,tan20241202t032459c00s4001-C,tan20241202t032459c00s4001,1,0.9380007807381786,0.5987087643013214
559821,tan20241202t032459c00s4001-H,tan20241202t032459c00s4001,0,0.6899990997326729,0.5987087643013214
559822,tan20241202t032459c00s4001-C,tan20241202t032459c00s4001,1,0.9742917843488659,0.5987087643013214
559824,tan20241202t032459c00s4001-C,tan20241202t032459c00s4001,1,0.9687842867288021,0.5987087643013214
559834,tan20241202t032459c00s4001-H,tan20241202t032459c00s4001,0,0.6972522285410333,0.5987087643013214
559861,tan20241202t032459c00s4001-C,tan20241202t032459c00s4001,0,0.12071850818850352,0.5987087643013214
559865,tan20241202t032459c00s4001-H,tan20241202t032459c00s4001,0,0.6961579401067407,0.5987087643013214
559866,tan20241202t032459c00s4001-C,tan20241202t032459c00s4001,0,0.07878187273827825,0.5987087643013214
559888,tan20241202t032459c00s4001-C,tan20241202t032459c00s4001,0,0.6695733894169452,0.5987087643013214
559890,tan20241202t032459c00s4001-C,tan20241202t032459c00s4001,0,0.6400698901478289,0.5987087643013214
559891,tan20241202t032459c00s4001-C,tan20241202t032459c00s4001,0,0.8943765657302609,0.5987087643013214
559892,tan20241202t032459c00s4001-C,tan20241202t032459c00s4001,0,0.016527770159163322,0.5987087643013214
559895,tan20241202t032459c00s4001-N,tan20241202t032459c00s4001,1,0.8933091772032923,0.5987087643013214
559898,tan20241202t032459c00s4001-N,tan20241202t032459c00s4001,1,0.6653356130386151,0.5987087643013214
559900,tan20241202t032459c00s4001-N,tan20241202t032459c00s4001,1,0.7720391906122613,0.5987087643013214
559901,tan20241203t073043c00s4001-C,tan20241203t073043c00s4001,1,0.745246736813543,0.5987087643013214
559907,tan20241203t073043c00s4001-C,tan20241203t073043c00s4001,1,0.6397275445107959,0.5987087643013214
559908,tan20241202t032459c00s4001-N,tan20241202t032459c00s4001,1,0.9290806017129329,0.5987087643013214
559912,tan20241202t032459c00s4001-N,tan20241202t032459c00s4001,1,0.7595639967858189,0.5987087643013214
559916,tan20241202t032459c00s4001-N,tan20241202t032459c00s4001,1,0.7905843815018344,0.5987087643013214
559917,tan20241203t073043c00s4001-C,tan20241203t073043c00s4001,1,0.725636613521248,0.5987087643013214
559920,tan20241202t032459c00s4001-N,tan20241202t032459c00s4001,1,0.6987116646915303,0.5987087643013214
559926,tan20241202t032459c00s4001-N,tan20241202t032459c00s4001,0,0.0021536207741948456,0.5987087643013214
559928,tan20241202t032459c00s4001-N,tan20241202t032459c00s4001,0,0.02551346545198452,0.5987087643013214
559929,tan20241203t073043c00s4001-C,tan20241203t073043c00s4001,1,0.5757448691021394,0.5987087643013214
559937,tan20241202t032459c00s4001-N,tan20241202t032459c00s4001,0,0.07112025854665209,0.5987087643013214
559943,tan20241202t032459c00s4001-N,tan20241202t032459c00s4001,0,0.02911604218679184,0.5987087643013214
559949,tan20241203t073043c00s4001-C,tan20241203t073043c00s4001,0,0.7221048356729196,0.5987087643013214
559960,tan20241202t032459c00s4001-N,tan20241202t032459c00s4001,0,0.02060128730072285,0.5987087643013214
559969,tan20241203t073043c00s4001-C,tan20241203t073043c00s4001,0,0.6319352492404028,0.5987087643013214
559974,tan20241203t073043c00s4001-C,tan20241203t073043c00s4001,0,0.1432695038544197,0.5987087643013214
559976,tan20241203t073043c00s4001-C,tan20241203t073043c00s4001,0,0.5078153935601213,0.5987087643013214
559980,tan20241203t073043c00s4001-G,tan20241203t073043c00s4001,1,0.7659392269446225,0.5987087643013214
559982,tan20241203t073043c00s4001-J,tan20241203t073043c00s4001,1,0.61174156557815,0.5987087643013214
559989,tan20241203t073043c00s4001-G,tan20241203t073043c00s4001,1,0.8122667816483965,0.5987087643013214
559990,tan20241203t073043c00s4001-J,tan20241203t073043c00s4001,1,0.729888456477584,0.5987087643013214
559991,tan20241203t073043c00s4001-G,tan20241203t073043c00s4001,1,0.58541384553933,0.5987087643013214
559992,tan20241203t073043c00s4001-J,tan20241203t073043c00s4001,1,0.5852892441248161,0.5987087643013214
559993,tan20241203t073043c00s4001-G,tan20241203t073043c00s4001,1,0.6141061243575515,0.5987087643013214
559994,tan20241203t073043c00s4001-J,tan20241203t073043c00s4001,1,0.5558026879375545,0.5987087643013214
559996,tan20241203t073043c00s4001-J,tan20241203t073043c00s4001,1,0.6553445189699232,0.5987087643013214
559997,tan20241203t073043c00s4001-G,tan20241203t073043c00s4001,1,0.7280362213953611,0.5987087643013214
560003,tan20241203t073043c00s4001-J,tan20241203t073043c00s4001,1,0.674417029177311,0.5987087643013214
560006,tan20241203t073043c00s4001-G,tan20241203t073043c00s4001,1,0.6557605867635774,0.5987087643013214
560014,tan20241203t073043c00s4001-G,tan20241203t073043c00s4001,0,0.4400210198567125,0.5987087643013214
560016,tan20241203t073043c00s4001-G,tan20241203t073043c00s4001,0,0.20918483262644216,0.5987087643013214
560021,tan20241203t073043c00s4001-J,tan20241203t073043c00s4001,0,0.7231391899092172,0.5987087643013214
560022,tan20241203t073043c00s4001-G,tan20241203t073043c00s4001,0,0.42450957647925874,0.5987087643013214
560023,tan20241203t073043c00s4001-J,tan20241203t073043c00s4001,0,0.6252783162289999,0.5987087643013214
560025,tan20241203t073043c00s4001-J,tan20241203t073043c00s4001,0,0.6558529436601702,0.5987087643013214
560027,tan20241203t073043c00s4001-J,tan20241203t073043c00s4001,0,0.1723464706847011,0.5987087643013214
560032,tan20241203t073043c00s4001-G,tan20241203t073043c00s4001,0,0.5937519802196211,0.5987087643013214
560035,tan20241203t073043c00s4001-J,tan20241203t073043c00s4001,0,0.43215908362095656,0.5987087643013214
560037,tan20241203t073043c00s4001-J,tan20241203t073043c00s4001,0,0.7950785013591554,0.5987087643013214
560040,tan20241203t073043c00s4001-J,tan20241203t073043c00s4001,0,0.8231911610731119,0.5987087643013214
560041,tan20241203t073043c00s4001-J,tan20241203t073043c00s4001,0,0.19763081024368007,0.5987087643013214
560047,tan20241217t064857c00s4001-E,tan20241217t064857c00s4001,1,0.28366777951957206,0.5987087643013214
560051,tan20241217t064857c00s4001-E,tan20241217t064857c00s4001,1,0.48491362555031653,0.5987087643013214
560052,tan20241217t064857c00s4001-B,tan20241217t064857c00s4001,1,0.13792400694311188,0.5987087643013214
560053,tan20241217t064857c00s4001-E,tan20241217t064857c00s4001,1,0.38787952499363226,0.5987087643013214
560054,tan20241217t064857c00s4001-B,tan20241217t064857c00s4001,1,0.29471931677654284,0.5987087643013214
560055,tan20241217t064857c00s4001-E,tan20241217t064857c00s4001,1,0.8684652351818437,0.5987087643013214
560056,tan20241217t064857c00s4001-B,tan20241217t064857c00s4001,1,0.3574871796188746,0.5987087643013214
560058,tan20241217t064857c00s4001-B,tan20241217t064857c00s4001,1,0.5656966873225517,0.5987087643013214
560060,tan20241217t064857c00s4001-B,tan20241217t064857c00s4001,1,0.26569738299181916,0.5987087643013214
560062,tan20241217t064857c00s4001-B,tan20241217t064857c00s4001,1,0.3434468139234934,0.5987087643013214
560064,tan20241217t064857c00s4001-B,tan20241217t064857c00s4001,1,0.7452938165557422,0.5987087643013214
560066,tan20241217t064857c00s4001-B,tan20241217t064857c00s4001,1,0.1291623451944108,0.5987087643013214
560067,tan20241217t064857c00s4001-E,tan20241217t064857c00s4001,1,0.7920397958882843,0.5987087643013214
560068,tan20241217t064857c00s4001-B,tan20241217t064857c00s4001,1,0.7184549564535699,0.5987087643013214
560069,tan20241217t064857c00s4001-E,tan20241217t064857c00s4001,1,0.34909377202632164,0.5987087643013214
560072,tan20241217t064857c00s4001-B,tan20241217t064857c00s4001,1,0.21867608328102536,0.5987087643013214
560077,tan20241217t064857c00s4001-E,tan20241217t064857c00s4001,0,0.013502422953765051,0.5987087643013214
560078,tan20241217t064857c00s4001-B,tan20241217t064857c00s4001,0,0.006059561877020823,0.5987087643013214
560079,tan20241217t064857c00s4001-E,tan20241217t064857c00s4001,0,0.0869580178366365,0.5987087643013214
560081,tan20241217t064857c00s4001-E,tan20241217t064857c00s4001,0,0.1134002183354918,0.5987087643013214
560082,tan20241217t064857c00s4001-B,tan20241217t064857c00s4001,0,0.100425301481951,0.5987087643013214
560083,tan20241217t064857c00s4001-E,tan20241217t064857c00s4001,0,0.06040358777204789,0.5987087643013214
560086,tan20241217t064857c00s4001-B,tan20241217t064857c00s4001,0,0.11304399436009639,0.5987087643013214
560089,tan20241217t064857c00s4001-E,tan20241217t064857c00s4001,0,0.04779891773887222,0.5987087643013214
560094,tan20241217t064857c00s4001-B,tan20241217t064857c00s4001,0,0.4154581604725083,0.5987087643013214
560095,tan20241217t064857c00s4001-E,tan20241217t064857c00s4001,0,0.01971294051251763,0.5987087643013214
560096,tan20241217t064857c00s4001-B,tan20241217t064857c00s4001,0,0.029724012805271354,0.5987087643013214
560097,tan20241217t064857c00s4001-E,tan20241217t064857c00s4001,0,0.07753365687175436,0.5987087643013214
560098,tan20241217t064857c00s4001-B,tan20241217t064857c00s4001,0,0.10936924209712613,0.5987087643013214
560101,tan20241217t064857c00s4001-E,tan20241217t064857c00s4001,0,0.10277967187814174,0.5987087643013214
560102,tan20241217t064857c00s4001-B,tan20241217t064857c00s4001,0,0.0388001581281016,0.5987087643013214
560106,tan20241217t064857c00s4001-E,tan20241217t064857c00s4001,0,0.02228904180885516,0.5987087643013214
560254,tan20241225t032551c00s4001-H,tan20241225t032551c00s4001,0,0.727498867620052,0.5987087643013214
560720,tan20241225t032551c00s4001-D,tan20241225t032551c00s4001,1,0.8732983243371614,0.5987087643013214
560722,tan20241225t032551c00s4001-J,tan20241225t032551c00s4001,1,0.8993082584311919,0.5987087643013214
560730,tan20241225t032551c00s4001-J,tan20241225t032551c00s4001,1,0.7839324343106083,0.5987087643013214
560735,tan20241225t032551c00s4001-J,tan20241225t032551c00s4001,1,0.2127249921800762,0.5987087643013214
560741,tan20241225t032551c00s4001-D,tan20241225t032551c00s4001,0,0.8610607173456242,0.5987087643013214
560744,tan20241225t032551c00s4001-J,tan20241225t032551c00s4001,1,0.5670886001265266,0.5987087643013214
560753,tan20241225t032551c00s4001-J,tan20241225t032551c00s4001,1,0.8094663867656003,0.5987087643013214
560759,tan20241225t032551c00s4001-J,tan20241225t032551c00s4001,0,0.3277111765673872,0.5987087643013214
560761,tan20241225t032551c00s4001-J,tan20241225t032551c00s4001,0,0.13840162655840896,0.5987087643013214
560762,tan20241225t032551c00s4001-L,tan20241225t032551c00s4001,1,0.9355944104198319,0.5987087643013214
560764,tan20241225t032551c00s4001-L,tan20241225t032551c00s4001,1,0.9089581035392619,0.5987087643013214
560772,tan20241225t032551c00s4001-L,tan20241225t032551c00s4001,1,0.9038038192121168,0.5987087643013214
560777,tan20241225t032551c00s4001-J,tan20241225t032551c00s4001,0,0.010341102643177238,0.5987087643013214
560782,tan20241225t032551c00s4001-L,tan20241225t032551c00s4001,1,0.904383622735825,0.5987087643013214
560783,tan20241225t032551c00s4001-J,tan20241225t032551c00s4001,0,0.9347186292768886,0.5987087643013214
560785,tan20241225t032551c00s4001-J,tan20241225t032551c00s4001,0,0.5187628244096532,0.5987087643013214
560798,tan20241225t032551c00s4001-M,tan20241225t032551c00s4001,1,0.8684160239067604,0.5987087643013214
560799,tan20241225t032551c00s4001-L,tan20241225t032551c00s4001,0,0.15615085456515712,0.5987087643013214
560804,tan20241225t032551c00s4001-M,tan20241225t032551c00s4001,1,0.702143507096065,0.5987087643013214
560809,tan20241225t032551c00s4001-M,tan20241225t032551c00s4001,1,0.7021622470523307,0.5987087643013214
560822,tan20241225t032551c00s4001-M,tan20241225t032551c00s4001,1,0.7629904788618008,0.5987087643013214
560828,tan20241225t032551c00s4001-M,tan20241225t032551c00s4001,0,0.41296060826317155,0.5987087643013214
560831,tan20241225t032551c00s4001-N,tan20241225t032551c00s4001,1,0.12040215304643873,0.5987087643013214
560850,tan20241225t032551c00s4001-M,tan20241225t032551c00s4001,0,0.4492815037453515,0.5987087643013214
560856,tan20241225t032551c00s4001-M,tan20241225t032551c00s4001,0,0.3986400594303445,0.5987087643013214
560857,tan20241225t032551c00s4001-N,tan20241225t032551c00s4001,1,0.4741705827972737,0.5987087643013214
560860,tan20241226t060035c00s4001-A,tan20241226t060035c00s4001,1,0.20038813063472638,0.5987087643013214
560861,tan20241225t032551c00s4001-N,tan20241225t032551c00s4001,0,0.19357270920529399,0.5987087643013214
560863,tan20241225t032551c00s4001-N,tan20241225t032551c00s4001,0,0.0807385059402545,0.5987087643013214
560864,tan20241226t060035c00s4001-A,tan20241226t060035c00s4001,1,0.8256270349322908,0.5987087643013214
560868,tan20241226t060035c00s4001-A,tan20241226t060035c00s4001,1,0.0916118944149344,0.5987087643013214
560870,tan20241226t060035c00s4001-A,tan20241226t060035c00s4001,1,0.2049184353449509,0.5987087643013214
560871,tan20241225t032551c00s4001-N,tan20241225t032551c00s4001,0,0.7866853291928371,0.5987087643013214
560872,tan20241226t060035c00s4001-A,tan20241226t060035c00s4001,1,0.11360446560558282,0.5987087643013214
560875,tan20241225t032551c00s4001-N,tan20241225t032551c00s4001,0,0.2386463452412823,0.5987087643013214
560876,tan20241226t060035c00s4001-A,tan20241226t060035c00s4001,1,0.1296963974873513,0.5987087643013214
560882,tan20241226t060035c00s4001-A,tan20241226t060035c00s4001,1,0.09584283018214032,0.5987087643013214
560885,tan20241225t032551c00s4001-N,tan20241225t032551c00s4001,0,0.05659038395630699,0.5987087643013214
560886,tan20241226t060035c00s4001-A,tan20241226t060035c00s4001,1,0.7879742589630261,0.5987087643013214
560890,tan20241226t060035c00s4001-A,tan20241226t060035c00s4001,0,0.19217110298454654,0.5987087643013214
560891,tan20241226t060035c00s4001-A,tan20241226t060035c00s4001,0,0.2031912506673647,0.5987087643013214
560892,tan20241226t060035c00s4001-B,tan20241226t060035c00s4001,1,0.00732617120391669,0.5987087643013214
560895,tan20241226t060035c00s4001-A,tan20241226t060035c00s4001,0,0.005738064675000738,0.5987087643013214
560897,tan20241226t060035c00s4001-A,tan20241226t060035c00s4001,0,0.017444296092659888,0.5987087643013214
560899,tan20241226t060035c00s4001-A,tan20241226t060035c00s4001,0,0.00298022676019439,0.5987087643013214
560901,tan20241226t060035c00s4001-A,tan20241226t060035c00s4001,0,0.05752138943882872,0.5987087643013214
560902,tan20241226t060035c00s4001-B,tan20241226t060035c00s4001,1,0.010099675467794353,0.5987087643013214
560903,tan20241226t060035c00s4001-A,tan20241226t060035c00s4001,0,0.1305179024202313,0.5987087643013214
560904,tan20241226t060035c00s4001-B,tan20241226t060035c00s4001,1,0.007723059863292137,0.5987087643013214
560906,tan20241226t060035c00s4001-B,tan20241226t060035c00s4001,1,0.00511518117985422,0.5987087643013214
560908,tan20241226t060035c00s4001-B,tan20241226t060035c00s4001,1,0.006841603320307615,0.5987087643013214
560914,tan20241226t060035c00s4001-B,tan20241226t060035c00s4001,1,0.008330488098300504,0.5987087643013214
560916,tan20241226t060035c00s4001-B,tan20241226t060035c00s4001,1,0.008508502873524221,0.5987087643013214
560917,tan20241226t060035c00s4001-A,tan20241226t060035c00s4001,0,0.006482033291440405,0.5987087643013214
560918,tan20241226t060035c00s4001-B,tan20241226t060035c00s4001,1,0.011096972402171081,0.5987087643013214
561225,tan20241226t060035c00s4001-B,tan20241226t060035c00s4001,0,0.07875370360063556,0.5987087643013214
561405,tan20241226t060035c00s4001-E,tan20241226t060035c00s4001,0,0.11046966993670138,0.5987087643013214
561406,tan20241226t060035c00s4001-B,tan20241226t060035c00s4001,0,0.19732465448167605,0.5987087643013214
561510,tan20241226t060035c00s4001-B,tan20241226t060035c00s4001,0,0.010172426768063762,0.5987087643013214
561833,tan20241226t060035c00s4001-B,tan20241226t060035c00s4001,0,0.4921146454700635,0.5987087643013214
562134,tan20241226t060035c00s4001-B,tan20241226t060035c00s4001,0,0.4445682537306265,0.5987087643013214
562135,tan20241226t060035c00s4001-B,tan20241226t060035c00s4001,0,0.036210384281778064,0.5987087643013214
562136,tan20241226t060035c00s4001-B,tan20241226t060035c00s4001,0,0.07688885490340236,0.5987087643013214
562415,tan20241230t081533c00s4001-A,tan20241230t081533c00s4001,0,0.004865351449314689,0.5987087643013214
562894,tan20250103t163512c00s4001-A,tan20250103t163512c00s4001,0,0.5766337361464609,0.5987087643013214
563735,tan20250122t151345c00s4001-A,tan20250122t151345c00s4001,0,0.04365325179743917,0.5987087643013214
563736,tan20250122t151345c00s4001-A,tan20250122t151345c00s4001,0,0.372039214338917,0.5987087643013214
563737,tan20250122t151345c00s4001-A,tan20250122t151345c00s4001,0,0.24863412877864577,0.5987087643013214
563739,tan20250122t151345c00s4001-A,tan20250122t151345c00s4001,0,0.014365573908631713,0.5987087643013214
563852,tan20250127t174657c00s4001-C,tan20250127t174657c00s4001,0,0.010950491056086021,0.5987087643013214
563854,tan20250122t151345c00s4001-A,tan20250122t151345c00s4001,0,0.0017951311483217168,0.5987087643013214
563862,tan20250127t174657c00s4001-C,tan20250127t174657c00s4001,0,0.06957782852935744,0.5987087643013214
563865,tan20250122t151345c00s4001-A,tan20250122t151345c00s4001,0,0.6039210101427788,0.5987087643013214
563877,tan20250127t174657c00s4001-C,tan20250127t174657c00s4001,0,0.7319921252129366,0.5987087643013214
563879,tan20250122t151345c00s4001-A,tan20250122t151345c00s4001,0,0.23893501611283327,0.5987087643013214
563931,tan20250127t174657c00s4001-C,tan20250127t174657c00s4001,0,0.01515674392917916,0.5987087643013214
563932,tan20250122t151345c00s4001-A,tan20250122t151345c00s4001,0,0.005231827090783854,0.5987087643013214
563974,tan20250127t174657c00s4001-C,tan20250127t174657c00s4001,0,0.00172171374670879,0.5987087643013214
563977,tan20250122t151345c00s4001-A,tan20250122t151345c00s4001,0,0.0032889766291171606,0.5987087643013214
563978,tan20250127t174657c00s4001-C,tan20250127t174657c00s4001,0,0.7825138766873911,0.5987087643013214
563980,tan20250122t151345c00s4001-A,tan20250122t151345c00s4001,0,0.21866947256798588,0.5987087643013214
564007,tan20250127t174657c00s4001-C,tan20250127t174657c00s4001,0,0.0033502776431694366,0.5987087643013214
564009,tan20250122t151345c00s4001-A,tan20250122t151345c00s4001,0,0.09141399953332074,0.5987087643013214
564041,tan20250127t174657c00s4001-C,tan20250127t174657c00s4001,0,0.08425784678217013,0.5987087643013214
564043,tan20250122t151345c00s4001-A,tan20250122t151345c00s4001,0,0.0025142871324757643,0.5987087643013214
564055,tan20250127t174657c00s4001-C,tan20250127t174657c00s4001,0,0.9327841956359822,0.5987087643013214
564062,tan20250122t151345c00s4001-A,tan20250122t151345c00s4001,0,0.0034165239327528006,0.5987087643013214
564064,tan20250122t151345c00s4001-A,tan20250122t151345c00s4001,0,0.009251829503166602,0.5987087643013214
564065,tan20250122t151345c00s4001-A,tan20250122t151345c00s4001,0,0.07629988084996464,0.5987087643013214
564072,tan20250122t151345c00s4001-A,tan20250122t151345c00s4001,0,0.0009699723509405305,0.5987087643013214
564201,tan20250131t181317c00s4001-E,tan20250131t181317c00s4001,0,0.25053019580909214,0.5987087643013214
564213,tan20250131t181317c00s4001-E,tan20250131t181317c00s4001,0,0.8486159845175029,0.5987087643013214
564215,tan20250131t181317c00s4001-E,tan20250131t181317c00s4001,0,0.2237737183983778,0.5987087643013214
564257,tan20250131t181317c00s4001-E,tan20250131t181317c00s4001,0,0.01804581885035354,0.5987087643013214
564439,tan20250131t181317c00s4001-F,tan20250131t181317c00s4001,0,0.1740945189333665,0.5987087643013214
564509,tan20250131t181317c00s4001-E,tan20250131t181317c00s4001,0,0.8529114803922087,0.5987087643013214
564574,tan20250131t181317c00s4001-F,tan20250131t181317c00s4001,0,0.41099479315818727,0.5987087643013214
564616,tan20250131t181317c00s4001-E,tan20250131t181317c00s4001,0,0.7884706899492769,0.5987087643013214
564660,tan20250131t181317c00s4001-F,tan20250131t181317c00s4001,0,0.34619072234211273,0.5987087643013214
565110,tan20250131t181317c00s4001-M,tan20250131t181317c00s4001,0,0.02986768665397544,0.5987087643013214
565129,tan20250131t181317c00s4001-M,tan20250131t181317c00s4001,0,0.7962855551769757,0.5987087643013214
565478,tan20250131t181317c00s4001-M,tan20250131t181317c00s4001,0,0.1669055118389348,0.5987087643013214
565486,tan20250131t181317c00s4001-M,tan20250131t181317c00s4001,0,0.3129560090899852,0.5987087643013214
565706,tan20250201t094444c00s4001-B,tan20250201t094444c00s4001,0,0.009114365814808434,0.5987087643013214
565714,tan20250131t181317c00s4001-M,tan20250131t181317c00s4001,0,0.010831209645793675,0.5987087643013214
565757,tan20250201t094444c00s4001-B,tan20250201t094444c00s4001,0,0.00751591071262595,0.5987087643013214
565794,tan20250201t094444c00s4001-B,tan20250201t094444c00s4001,0,0.017264083431240678,0.5987087643013214
565843,tan20250131t181317c00s4001-M,tan20250131t181317c00s4001,0,0.30975119027658005,0.5987087643013214
565869,tan20250131t181317c00s4001-M,tan20250131t181317c00s4001,0,0.9682642425818612,0.5987087643013214
566173,tan20250202t165233c00s4001-A,tan20250202t165233c00s4001,1,0.8465399659981745,0.5987087643013214
566174,tan20250202t165233c00s4001-A,tan20250202t165233c00s4001,1,0.9371875659239782,0.5987087643013214
566175,tan20250202t165233c00s4001-A,tan20250202t165233c00s4001,1,0.632802641414473,0.5987087643013214
566176,tan20250202t165233c00s4001-A,tan20250202t165233c00s4001,1,0.9024711590089741,0.5987087643013214
566177,tan20250202t165233c00s4001-A,tan20250202t165233c00s4001,1,0.46229238842065407,0.5987087643013214
566178,tan20250202t165233c00s4001-A,tan20250202t165233c00s4001,1,0.11346682510306601,0.5987087643013214
566479,tan20250202t165233c00s4001-A,tan20250202t165233c00s4001,1,0.7418006287058321,0.5987087643013214
566480,tan20250202t165233c00s4001-A,tan20250202t165233c00s4001,1,0.8190042818627218,0.5987087643013214
566482,tan20250202t165233c00s4001-A,tan20250202t165233c00s4001,1,0.33036830062527145,0.5987087643013214
566484,tan20250202t165233c00s4001-A,tan20250202t165233c00s4001,1,0.9158126157160299,0.5987087643013214
566486,tan20250202t165233c00s4001-A,tan20250202t165233c00s4001,1,0.6125555734082826,0.5987087643013214
566488,tan20250202t165233c00s4001-A,tan20250202t165233c00s4001,1,0.8835476804752062,0.5987087643013214
566490,tan20250202t165233c00s4001-A,tan20250202t165233c00s4001,1,0.7418006287058321,0.5987087643013214
566491,tan20250203t034534c00s4001-C,tan20250203t034534c00s4001,1,0.9615019256769927,0.5987087643013214
566492,tan20250202t165233c00s4001-A,tan20250202t165233c00s4001,1,0.3832246364177068,0.5987087643013214
566494,tan20250202t165233c00s4001-A,tan20250202t165233c00s4001,1,0.9073204181050354,0.5987087643013214
566496,tan20250202t165233c00s4001-A,tan20250202t165233c00s4001,1,0.4655658819751221,0.5987087643013214
566498,tan20250202t165233c00s4001-A,tan20250202t165233c00s4001,0,0.0016967450817071612,0.5987087643013214
566500,tan20250202t165233c00s4001-A,tan20250202t165233c00s4001,0,0.0016112813027374757,0.5987087643013214
566502,tan20250202t165233c00s4001-A,tan20250202t165233c00s4001,0,0.0020382579422863856,0.5987087643013214
566504,tan20250202t165233c00s4001-A,tan20250202t165233c00s4001,0,0.0023728362055814526,0.5987087643013214
566506,tan20250202t165233c00s4001-A,tan20250202t165233c00s4001,0,0.10604859723903777,0.5987087643013214
566508,tan20250202t165233c00s4001-A,tan20250202t165233c00s4001,0,0.001134936352736159,0.5987087643013214
566510,tan20250202t165233c00s4001-A,tan20250202t165233c00s4001,0,0.0011725614542926932,0.5987087643013214
566511,tan20250203t034534c00s4001-C,tan20250203t034534c00s4001,1,0.9684481847190388,0.5987087643013214
566512,tan20250202t165233c00s4001-A,tan20250202t165233c00s4001,0,0.001978543161560745,0.5987087643013214
566514,tan20250202t165233c00s4001-A,tan20250202t165233c00s4001,0,0.026256323125577772,0.5987087643013214
566515,tan20250203t034534c00s4001-C,tan20250203t034534c00s4001,0,0.948945868985425,0.5987087643013214
566516,tan20250202t165233c00s4001-A,tan20250202t165233c00s4001,0,0.0020969987559001984,0.5987087643013214
566517,tan20250203t034534c00s4001-C,tan20250203t034534c00s4001,0,0.2002895039752377,0.5987087643013214
566518,tan20250202t165233c00s4001-A,tan20250202t165233c00s4001,0,0.06757585534772016,0.5987087643013214
566521,tan20250202t165233c00s4001-A,tan20250202t165233c00s4001,0,0.0018759134863692308,0.5987087643013214
566523,tan20250202t165233c00s4001-A,tan20250202t165233c00s4001,0,0.054256720293031975,0.5987087643013214
566525,tan20250202t165233c00s4001-A,tan20250202t165233c00s4001,0,0.0021965464148269395,0.5987087643013214
566527,tan20250202t165233c00s4001-A,tan20250202t165233c00s4001,0,0.0014531962059479294,0.5987087643013214
566529,tan20250202t165233c00s4001-A,tan20250202t165233c00s4001,0,0.018055763655891115,0.5987087643013214
566695,tan20250203t034534c00s4001-E,tan20250203t034534c00s4001,0,0.004514805546405866,0.5987087643013214
566825,tan20250203t034534c00s4001-E,tan20250203t034534c00s4001,0,0.6216214638118926,0.5987087643013214
566866,tan20250203t034534c00s4001-F,tan20250203t034534c00s4001,0,0.18698638608337848,0.5987087643013214
566870,tan20250203t034534c00s4001-F,tan20250203t034534c00s4001,0,0.2885012178423056,0.5987087643013214
567003,tan20250203t034534c00s4001-G,tan20250203t034534c00s4001,0,0.6389429355112878,0.5987087643013214
567025,tan20250203t034534c00s4001-H,tan20250203t034534c00s4001,1,0.6329973749843073,0.5987087643013214
567045,tan20250203t034534c00s4001-H,tan20250203t034534c00s4001,1,0.769948924936462,0.5987087643013214
567046,tan20250203t034534c00s4001-H,tan20250203t034534c00s4001,1,0.6936588127870944,0.5987087643013214
567155,tan20250203t034534c00s4001-H,tan20250203t034534c00s4001,1,0.8670379126923902,0.5987087643013214
567162,tan20250203t034534c00s4001-H,tan20250203t034534c00s4001,0,0.850013585831037,0.5987087643013214
567189,tan20250203t034534c00s4001-I,tan20250203t034534c00s4001,0,0.9389657629141958,0.5987087643013214
567321,tan20250203t034534c00s4001-J,tan20250203t034534c00s4001,0,0.794514293494469,0.5987087643013214
567434,tan20250203t034534c00s4001-J,tan20250203t034534c00s4001,0,0.5636724925949895,0.5987087643013214
567660,tan20250203t034534c00s4001-L,tan20250203t034534c00s4001,1,0.966902245416853,0.5987087643013214
567663,tan20250203t034534c00s4001-L,tan20250203t034534c00s4001,1,0.9692755851336475,0.5987087643013214
567668,tan20250203t034534c00s4001-L,tan20250203t034534c00s4001,1,0.9692398411623233,0.5987087643013214
567674,tan20250203t034534c00s4001-L,tan20250203t034534c00s4001,1,0.9030891094784352,0.5987087643013214
567676,tan20250203t034534c00s4001-L,tan20250203t034534c00s4001,1,0.9730143550851417,0.5987087643013214
567686,tan20250203t034534c00s4001-L,tan20250203t034534c00s4001,0,0.00362993835155686,0.5987087643013214
567687,tan20250203t034534c00s4001-M,tan20250203t034534c00s4001,1,0.9254013741373538,0.5987087643013214
567696,tan20250203t034534c00s4001-L,tan20250203t034534c00s4001,0,0.39278142213493406,0.5987087643013214
567699,tan20250203t034534c00s4001-M,tan20250203t034534c00s4001,1,0.9585392255165713,0.5987087643013214
567817,tan20250203t034534c00s4001-P,tan20250203t034534c00s4001,0,0.9035777895841193,0.5987087643013214
567902,tan20250203t034534c00s4001-M,tan20250203t034534c00s4001,0,0.9123369494310578,0.5987087643013214
567942,tan20250203t034534c00s4001-P,tan20250203t034534c00s4001,0,0.006370887669891245,0.5987087643013214
568289,tan20250203t034534c00s4001-Q,tan20250203t034534c00s4001,1,0.9601037566611199,0.5987087643013214
568391,tan20250206t142658c00s4001-A,tan20250206t142658c00s4001,0,0.004937130648129308,0.5987087643013214
568393,tan20250206t142658c00s4001-A,tan20250206t142658c00s4001,0,0.004564041032023659,0.5987087643013214
568394,tan20250203t034534c00s4001-Q,tan20250203t034534c00s4001,1,0.7489803913930232,0.5987087643013214
568396,tan20250206t142658c00s4001-A,tan20250206t142658c00s4001,0,0.0029371314576411437,0.5987087643013214
568403,tan20250206t142658c00s4001-A,tan20250206t142658c00s4001,0,0.008303871706035236,0.5987087643013214
568404,tan20250203t034534c00s4001-Q,tan20250203t034534c00s4001,1,0.9564841059940667,0.5987087643013214
568406,tan20250206t142658c00s4001-A,tan20250206t142658c00s4001,0,0.001356114627090078,0.5987087643013214
568411,tan20250206t142658c00s4001-A,tan20250206t142658c00s4001,0,0.393558178271097,0.5987087643013214
568414,tan20250206t142658c00s4001-A,tan20250206t142658c00s4001,0,0.001031758517338612,0.5987087643013214
568416,tan20250206t142658c00s4001-A,tan20250206t142658c00s4001,0,0.0038515501649571742,0.5987087643013214
568418,tan20250206t142658c00s4001-A,tan20250206t142658c00s4001,0,0.6017637583800635,0.5987087643013214
568420,tan20250206t142658c00s4001-A,tan20250206t142658c00s4001,0,0.002053358768430196,0.5987087643013214
568424,tan20250206t142658c00s4001-A,tan20250206t142658c00s4001,0,0.008408227006601494,0.5987087643013214
568426,tan20250206t142658c00s4001-A,tan20250206t142658c00s4001,0,0.004862088827624647,0.5987087643013214
568428,tan20250206t142658c00s4001-A,tan20250206t142658c00s4001,0,0.469685551282625,0.5987087643013214
568433,tan20250206t142658c00s4001-A,tan20250206t142658c00s4001,0,0.0044252383270201945,0.5987087643013214
568435,tan20250206t142658c00s4001-A,tan20250206t142658c00s4001,0,0.7496804784427533,0.5987087643013214
568444,tan20250206t142658c00s4001-A,tan20250206t142658c00s4001,0,0.10333358390725149,0.5987087643013214
568979,tan20250208t081734c00s4001-C,tan20250208t081734c00s4001,0,0.003136470119870286,0.5987087643013214
569352,tan20250209t103847c00s4001-A,tan20250209t103847c00s4001,1,0.9175120449606928,0.5987087643013214
569353,tan20250209t103847c00s4001-B,tan20250209t103847c00s4001,1,0.9460081875382341,0.5987087643013214
569355,tan20250209t103847c00s4001-B,tan20250209t103847c00s4001,1,0.9221678705418368,0.5987087643013214
569361,tan20250209t103847c00s4001-B,tan20250209t103847c00s4001,1,0.9454764611327369,0.5987087643013214
569362,tan20250209t103847c00s4001-A,tan20250209t103847c00s4001,1,0.9557683764962774,0.5987087643013214
569371,tan20250209t103847c00s4001-B,tan20250209t103847c00s4001,1,0.9473409181229975,0.5987087643013214
569378,tan20250209t103847c00s4001-A,tan20250209t103847c00s4001,1,0.908805505197691,0.5987087643013214
569381,tan20250209t103847c00s4001-B,tan20250209t103847c00s4001,0,0.1256418017741314,0.5987087643013214
569382,tan20250209t103847c00s4001-A,tan20250209t103847c00s4001,0,0.5124089961789469,0.5987087643013214
569383,tan20250209t103847c00s4001-B,tan20250209t103847c00s4001,0,0.004432574980131162,0.5987087643013214
569388,tan20250209t103847c00s4001-A,tan20250209t103847c00s4001,0,0.018294858336700446,0.5987087643013214
569394,tan20250209t103847c00s4001-A,tan20250209t103847c00s4001,0,0.17308131665618523,0.5987087643013214
569396,tan20250209t103847c00s4001-A,tan20250209t103847c00s4001,0,0.6610923586860258,0.5987087643013214
569397,tan20250209t103847c00s4001-B,tan20250209t103847c00s4001,0,0.02872777419488952,0.5987087643013214
569402,tan20250209t103847c00s4001-A,tan20250209t103847c00s4001,0,0.0746696773753393,0.5987087643013214
569405,tan20250209t103847c00s4001-B,tan20250209t103847c00s4001,0,0.03335124097074499,0.5987087643013214
569597,tan20250209t103847c00s4001-D,tan20250209t103847c00s4001,0,0.7788743511489008,0.5987087643013214
569598,tan20250209t103847c00s4001-C,tan20250209t103847c00s4001,1,0.904520941835235,0.5987087643013214
569708,tan20250209t103847c00s4001-C,tan20250209t103847c00s4001,1,0.976863894093902,0.5987087643013214
569726,tan20250209t103847c00s4001-C,tan20250209t103847c00s4001,1,0.9730175548355331,0.5987087643013214
569733,tan20250209t103847c00s4001-E,tan20250209t103847c00s4001,1,0.973854166749515,0.5987087643013214
569735,tan20250209t103847c00s4001-E,tan20250209t103847c00s4001,1,0.95140119972217,0.5987087643013214
569737,tan20250209t103847c00s4001-E,tan20250209t103847c00s4001,1,0.95085878447346,0.5987087643013214
569738,tan20250209t103847c00s4001-C,tan20250209t103847c00s4001,0,0.0522223243164728,0.5987087643013214
569741,tan20250209t103847c00s4001-E,tan20250209t103847c00s4001,1,0.9526909738231885,0.5987087643013214
569742,tan20250209t103847c00s4001-C,tan20250209t103847c00s4001,0,0.09932702335525513,0.5987087643013214
569747,tan20250209t103847c00s4001-E,tan20250209t103847c00s4001,1,0.9436544225980203,0.5987087643013214
569748,tan20250209t103847c00s4001-C,tan20250209t103847c00s4001,0,0.010558767828532207,0.5987087643013214
569757,tan20250209t103847c00s4001-E,tan20250209t103847c00s4001,1,0.9448418577748172,0.5987087643013214
570060,tan20250209t103847c00s4001-E,tan20250209t103847c00s4001,0,0.04988767105537021,0.5987087643013214
570064,tan20250215t032943c00s4001-G,tan20250215t032943c00s4001,1,0.8353714153111677,0.5987087643013214
570066,tan20250215t032943c00s4001-G,tan20250215t032943c00s4001,1,0.9230701410140091,0.5987087643013214
570068,tan20250215t032943c00s4001-G,tan20250215t032943c00s4001,1,0.8117703328689209,0.5987087643013214
570070,tan20250215t032943c00s4001-G,tan20250215t032943c00s4001,1,0.8607571707975488,0.5987087643013214
570072,tan20250215t032943c00s4001-G,tan20250215t032943c00s4001,1,0.8517230330906244,0.5987087643013214
570074,tan20250215t032943c00s4001-G,tan20250215t032943c00s4001,1,0.925071441560044,0.5987087643013214
570076,tan20250215t032943c00s4001-G,tan20250215t032943c00s4001,1,0.9167188806591005,0.5987087643013214
570077,tan20250209t103847c00s4001-E,tan20250209t103847c00s4001,0,0.6348802682406024,0.5987087643013214
570078,tan20250215t032943c00s4001-G,tan20250215t032943c00s4001,1,0.8314849037975125,0.5987087643013214
570079,tan20250209t103847c00s4001-E,tan20250209t103847c00s4001,0,0.021679187755604137,0.5987087643013214
570080,tan20250215t032943c00s4001-G,tan20250215t032943c00s4001,1,0.7098851999021747,0.5987087643013214
570082,tan20250215t032943c00s4001-G,tan20250215t032943c00s4001,1,0.9230701410140091,0.5987087643013214
570083,tan20250215t032943c00s4001-G,tan20250215t032943c00s4001,1,0.8645422802409398,0.5987087643013214
570084,tan20250215t032943c00s4001-G,tan20250215t032943c00s4001,1,0.9331537886532162,0.5987087643013214
570085,tan20250215t032943c00s4001-G,tan20250215t032943c00s4001,1,0.8205067044757135,0.5987087643013214
570086,tan20250215t032943c00s4001-G,tan20250215t032943c00s4001,1,0.821271273889461,0.5987087643013214
570193,tan20250302t055859c00s4001-C,tan20250302t055859c00s4001,0,0.003973658377612757,0.5987087643013214
570194,tan20250215t032943c00s4001-G,tan20250215t032943c00s4001,1,0.8019425916112871,0.5987087643013214
570198,tan20250302t055859c00s4001-C,tan20250302t055859c00s4001,0,0.0035760496331263118,0.5987087643013214
570199,tan20250215t032943c00s4001-G,tan20250215t032943c00s4001,1,0.9097161613343354,0.5987087643013214
570206,tan20250215t032943c00s4001-G,tan20250215t032943c00s4001,0,0.028766961000268272,0.5987087643013214
570231,tan20250302t055859c00s4001-C,tan20250302t055859c00s4001,0,0.010302648063564717,0.5987087643013214
570232,tan20250215t032943c00s4001-G,tan20250215t032943c00s4001,0,0.03843695629591557,0.5987087643013214
570279,tan20250215t032943c00s4001-G,tan20250215t032943c00s4001,0,0.008860680935062905,0.5987087643013214
570290,tan20250215t032943c00s4001-G,tan20250215t032943c00s4001,0,0.0036329523025978227,0.5987087643013214
570296,tan20250302t055859c00s4001-C,tan20250302t055859c00s4001,0,0.003053595525241292,0.5987087643013214
570301,tan20250215t032943c00s4001-G,tan20250215t032943c00s4001,0,0.5327289430566337,0.5987087643013214
570356,tan20250302t055859c00s4001-C,tan20250302t055859c00s4001,0,0.003131841771599287,0.5987087643013214
570357,tan20250215t032943c00s4001-G,tan20250215t032943c00s4001,0,0.0519395434748472,0.5987087643013214
570408,tan20250215t032943c00s4001-G,tan20250215t032943c00s4001,0,0.18801157969946528,0.5987087643013214
570411,tan20250215t032943c00s4001-G,tan20250215t032943c00s4001,0,0.0037890212130051496,0.5987087643013214
570572,tan20250302t055859c00s4001-D,tan20250302t055859c00s4001,0,0.8648534600261091,0.5987087643013214
570577,tan20250215t032943c00s4001-G,tan20250215t032943c00s4001,0,0.2915965466077275,0.5987087643013214
570590,tan20250215t032943c00s4001-G,tan20250215t032943c00s4001,0,0.05037050251631812,0.5987087643013214
570636,tan20250215t032943c00s4001-G,tan20250215t032943c00s4001,0,0.0028282616030230337,0.5987087643013214
570642,tan20250215t032943c00s4001-G,tan20250215t032943c00s4001,0,0.03198734943690956,0.5987087643013214
570724,tan20250302t055859c00s4001-D,tan20250302t055859c00s4001,0,0.04620206579566454,0.5987087643013214
570725,tan20250215t032943c00s4001-G,tan20250215t032943c00s4001,0,0.07842343210422863,0.5987087643013214
570731,tan20250215t032943c00s4001-G,tan20250215t032943c00s4001,0,0.00857133816590707,0.5987087643013214
570741,tan20250215t032943c00s4001-G,tan20250215t032943c00s4001,0,0.03358690468839724,0.5987087643013214
570745,tan20250215t032943c00s4001-G,tan20250215t032943c00s4001,0,0.006910983711250518,0.5987087643013214
570853,tan20250302t055859c00s4001-E,tan20250302t055859c00s4001,0,0.006911144644035214,0.5987087643013214
570875,tan20250302t055859c00s4001-E,tan20250302t055859c00s4001,0,0.0015485138569948326,0.5987087643013214
570891,tan20250307t102102c00s4001-B,tan20250307t102102c00s4001,1,0.28526046576184994,0.5987087643013214
570909,tan20250302t055859c00s4001-E,tan20250302t055859c00s4001,0,0.002958260366849677,0.5987087643013214
570910,tan20250307t102102c00s4001-B,tan20250307t102102c00s4001,1,0.16136565474267592,0.5987087643013214
570920,tan20250302t055859c00s4001-E,tan20250302t055859c00s4001,0,0.002897017829354657,0.5987087643013214
570921,tan20250307t102102c00s4001-B,tan20250307t102102c00s4001,1,0.6684581020739497,0.5987087643013214
570923,tan20250302t055859c00s4001-E,tan20250302t055859c00s4001,0,0.007545171234941313,0.5987087643013214
570924,tan20250307t102102c00s4001-B,tan20250307t102102c00s4001,1,0.738001370859448,0.5987087643013214
570929,tan20250307t102102c00s4001-B,tan20250307t102102c00s4001,1,0.12649822121778373,0.5987087643013214
570931,tan20250302t055859c00s4001-E,tan20250302t055859c00s4001,0,0.0034139554643562177,0.5987087643013214
570932,tan20250307t102102c00s4001-B,tan20250307t102102c00s4001,1,0.34338317529323936,0.5987087643013214
570946,tan20250302t055859c00s4001-E,tan20250302t055859c00s4001,0,0.001174563421945952,0.5987087643013214
570955,tan20250302t055859c00s4001-E,tan20250302t055859c00s4001,0,0.9817100269836924,0.5987087643013214
570965,tan20250302t055859c00s4001-E,tan20250302t055859c00s4001,0,0.0019523971966862467,0.5987087643013214
570974,tan20250307t102102c00s4001-B,tan20250307t102102c00s4001,1,0.5280208614594718,0.5987087643013214
570990,tan20250307t102102c00s4001-C,tan20250307t102102c00s4001,1,0.5247426082055273,0.5987087643013214
570992,tan20250307t102102c00s4001-C,tan20250307t102102c00s4001,1,0.6545290024103824,0.5987087643013214
570995,tan20250307t102102c00s4001-B,tan20250307t102102c00s4001,0,0.10642469111115611,0.5987087643013214
570997,tan20250307t102102c00s4001-B,tan20250307t102102c00s4001,0,0.28098510356396805,0.5987087643013214
571003,tan20250307t102102c00s4001-B,tan20250307t102102c00s4001,0,0.0156530161965636,0.5987087643013214
571004,tan20250307t102102c00s4001-C,tan20250307t102102c00s4001,1,0.4195054967836818,0.5987087643013214
571007,tan20250307t102102c00s4001-B,tan20250307t102102c00s4001,0,0.008701355203087919,0.5987087643013214
571010,tan20250307t102102c00s4001-C,tan20250307t102102c00s4001,0,0.23174361993039053,0.5987087643013214
571012,tan20250307t102102c00s4001-C,tan20250307t102102c00s4001,0,0.05753247556099066,0.5987087643013214
571015,tan20250307t102102c00s4001-D,tan20250307t102102c00s4001,1,0.8659610097927591,0.5987087643013214
571022,tan20250307t102102c00s4001-C,tan20250307t102102c00s4001,0,0.004342162288711563,0.5987087643013214
571023,tan20250307t102102c00s4001-D,tan20250307t102102c00s4001,1,0.6420409542853521,0.5987087643013214
571025,tan20250307t102102c00s4001-D,tan20250307t102102c00s4001,1,0.2325901482923769,0.5987087643013214
571027,tan20250307t102102c00s4001-D,tan20250307t102102c00s4001,1,0.8771910125532472,0.5987087643013214
571028,tan20250307t102102c00s4001-C,tan20250307t102102c00s4001,0,0.13547776510044995,0.5987087643013214
571029,tan20250307t102102c00s4001-D,tan20250307t102102c00s4001,1,0.8820905752317052,0.5987087643013214
571032,tan20250307t102102c00s4001-C,tan20250307t102102c00s4001,0,0.2560134712255727,0.5987087643013214
571033,tan20250307t102102c00s4001-D,tan20250307t102102c00s4001,1,0.45940189491952854,0.5987087643013214
571040,tan20250307t120329c00s4001-A,tan20250307t120329c00s4001,1,0.9831716559371769,0.5987087643013214
571042,tan20250307t120329c00s4001-A,tan20250307t120329c00s4001,1,0.989358846210886,0.5987087643013214
571044,tan20250307t120329c00s4001-A,tan20250307t120329c00s4001,1,0.982970712927626,0.5987087643013214
571045,tan20250307t102102c00s4001-D,tan20250307t102102c00s4001,0,0.08277930467256867,0.5987087643013214
571046,tan20250307t120329c00s4001-A,tan20250307t120329c00s4001,1,0.9729763806686045,0.5987087643013214
571047,tan20250307t102102c00s4001-D,tan20250307t102102c00s4001,0,0.1475383914058814,0.5987087643013214
571048,tan20250307t120329c00s4001-A,tan20250307t120329c00s4001,1,0.9754953703829223,0.5987087643013214
571050,tan20250307t120329c00s4001-A,tan20250307t120329c00s4001,1,0.9519257107403674,0.5987087643013214
571051,tan20250307t102102c00s4001-D,tan20250307t102102c00s4001,0,0.039903749807199504,0.5987087643013214
571052,tan20250307t120329c00s4001-A,tan20250307t120329c00s4001,1,0.9819361248914503,0.5987087643013214
571054,tan20250307t120329c00s4001-A,tan20250307t120329c00s4001,1,0.9763458699229002,0.5987087643013214
571056,tan20250307t120329c00s4001-A,tan20250307t120329c00s4001,1,0.9787919751032859,0.5987087643013214
571057,tan20250307t102102c00s4001-D,tan20250307t102102c00s4001,0,0.32817441465815445,0.5987087643013214
571058,tan20250307t120329c00s4001-A,tan20250307t120329c00s4001,1,0.9736712972517461,0.5987087643013214
571059,tan20250307t102102c00s4001-D,tan20250307t102102c00s4001,0,0.21426670886131294,0.5987087643013214
571060,tan20250307t120329c00s4001-A,tan20250307t120329c00s4001,1,0.9683806757707927,0.5987087643013214
571062,tan20250307t120329c00s4001-A,tan20250307t120329c00s4001,1,0.9705152391997961,0.5987087643013214
571064,tan20250307t120329c00s4001-A,tan20250307t120329c00s4001,1,0.9775811963050806,0.5987087643013214
571065,tan20250307t102102c00s4001-D,tan20250307t102102c00s4001,0,0.17049324970230784,0.5987087643013214
571066,tan20250307t120329c00s4001-A,tan20250307t120329c00s4001,1,0.9622170401185468,0.5987087643013214
571067,tan20250307t102102c00s4001-D,tan20250307t102102c00s4001,0,0.058185011472170124,0.5987087643013214
571068,tan20250307t120329c00s4001-A,tan20250307t120329c00s4001,1,0.9831716559371769,0.5987087643013214
571070,tan20250307t120329c00s4001-A,tan20250307t120329c00s4001,1,0.9870280657797293,0.5987087643013214
571072,tan20250307t120329c00s4001-A,tan20250307t120329c00s4001,0,0.11836117206236435,0.5987087643013214
571074,tan20250307t120329c00s4001-A,tan20250307t120329c00s4001,0,0.02345995899742103,0.5987087643013214
571075,tan20250307t120329c00s4001-A,tan20250307t120329c00s4001,0,0.7217450641537526,0.5987087643013214
571076,tan20250307t120329c00s4001-A,tan20250307t120329c00s4001,0,0.8280766746518926,0.5987087643013214
571077,tan20250307t120329c00s4001-A,tan20250307t120329c00s4001,0,0.2091666192089488,0.5987087643013214
571080,tan20250307t120329c00s4001-A,tan20250307t120329c00s4001,0,0.3672909440578371,0.5987087643013214
571082,tan20250307t120329c00s4001-A,tan20250307t120329c00s4001,0,0.22679766440364366,0.5987087643013214
571084,tan20250307t120329c00s4001-A,tan20250307t120329c00s4001,0,0.008014401112777125,0.5987087643013214
571086,tan20250307t120329c00s4001-A,tan20250307t120329c00s4001,0,0.16879707166280022,0.5987087643013214
571088,tan20250307t120329c00s4001-A,tan20250307t120329c00s4001,0,0.49108334473277443,0.5987087643013214
571090,tan20250307t120329c00s4001-A,tan20250307t120329c00s4001,0,0.03767409274021046,0.5987087643013214
571092,tan20250307t120329c00s4001-A,tan20250307t120329c00s4001,0,0.013081314797407336,0.5987087643013214
571094,tan20250307t120329c00s4001-A,tan20250307t120329c00s4001,0,0.9190743421709154,0.5987087643013214
571096,tan20250307t120329c00s4001-A,tan20250307t120329c00s4001,0,0.5152179980230778,0.5987087643013214
571098,tan20250307t120329c00s4001-A,tan20250307t120329c00s4001,0,0.769687520374979,0.5987087643013214
571100,tan20250307t120329c00s4001-A,tan20250307t120329c00s4001,0,0.6919586646126266,0.5987087643013214
571118,tan20250308t033118c00s4001-A,tan20250308t033118c00s4001,0,0.8821332755563371,0.5987087643013214
571127,tan20250308t033118c00s4001-B,tan20250308t033118c00s4001,1,0.9310724180354938,0.5987087643013214
571147,tan20250308t033118c00s4001-B,tan20250308t033118c00s4001,0,0.8874809799380626,0.5987087643013214
571168,tan20250308t033118c00s4001-C,tan20250308t033118c00s4001,1,0.9731521211197104,0.5987087643013214
571194,tan20250308t033118c00s4001-C,tan20250308t033118c00s4001,0,0.63326246150401,0.5987087643013214
571243,tan20250308t033118c00s4001-F,tan20250308t033118c00s4001,1,0.9804941078077889,0.5987087643013214
571290,tan20250308t033118c00s4001-G,tan20250308t033118c00s4001,1,0.9465120948789553,0.5987087643013214
571294,tan20250308t033118c00s4001-G,tan20250308t033118c00s4001,1,0.9615864520339641,0.5987087643013214
571302,tan20250308t033118c00s4001-G,tan20250308t033118c00s4001,0,0.9333567015657375,0.5987087643013214
571311,tan20250308t033118c00s4001-H,tan20250308t033118c00s4001,1,0.3540582707184182,0.5987087643013214
571326,tan20250308t033118c00s4001-H,tan20250308t033118c00s4001,1,0.9329383493708329,0.5987087643013214
571331,tan20250308t033118c00s4001-H,tan20250308t033118c00s4001,0,0.8798907247549825,0.5987087643013214
571353,tan20250308t033118c00s4001-H,tan20250308t033118c00s4001,0,0.9343321251717405,0.5987087643013214
571362,tan20250308t033118c00s4001-J,tan20250308t033118c00s4001,1,0.20057128267343413,0.5987087643013214
571391,tan20250308t033118c00s4001-I,tan20250308t033118c00s4001,0,0.9714356428419337,0.5987087643013214
571403,tan20250308t033118c00s4001-K,tan20250308t033118c00s4001,1,0.9814102072693976,0.5987087643013214
571409,tan20250308t033118c00s4001-K,tan20250308t033118c00s4001,1,0.9819101736539632,0.5987087643013214
571453,tan20250308t033118c00s4001-K,tan20250308t033118c00s4001,0,0.6530366283330945,0.5987087643013214
571494,tan20250308t033118c00s4001-O,tan20250308t033118c00s4001,1,0.964736338083126,0.5987087643013214
571496,tan20250308t033118c00s4001-O,tan20250308t033118c00s4001,1,0.9491133308066849,0.5987087643013214
571530,tan20250308t033118c00s4001-O,tan20250308t033118c00s4001,0,0.7188869506090504,0.5987087643013214
571532,tan20250308t033118c00s4001-O,tan20250308t033118c00s4001,0,0.7300566837074685,0.5987087643013214
571556,tan20250308t033118c00s4001-Q,tan20250308t033118c00s4001,1,0.7100337065143192,0.5987087643013214
571557,tan20250308t033118c00s4001-P,tan20250308t033118c00s4001,0,0.8811590296358357,0.5987087643013214
571559,tan20250308t033118c00s4001-P,tan20250308t033118c00s4001,0,0.31560759583480824,0.5987087643013214
571561,tan20250308t033118c00s4001-P,tan20250308t033118c00s4001,0,0.5417504902366637,0.5987087643013214
571573,tan20250308t033118c00s4001-P,tan20250308t033118c00s4001,0,0.010428459014799184,0.5987087643013214
571599,tan20250308t033118c00s4001-R,tan20250308t033118c00s4001,1,0.9356250934454715,0.5987087643013214
571640,tan20250308t033118c00s4001-S,tan20250308t033118c00s4001,1,0.9081932456342928,0.5987087643013214
571648,tan20250308t033118c00s4001-S,tan20250308t033118c00s4001,1,0.9405766157963688,0.5987087643013214
571651,tan20250308t033118c00s4001-S,tan20250308t033118c00s4001,0,0.8292463677639008,0.5987087643013214
571984,tan20250308t173357c00s4001-A,tan20250308t173357c00s4001,1,0.8257531467847103,0.5987087643013214
571986,tan20250308t173357c00s4001-A,tan20250308t173357c00s4001,1,0.7760993487119446,0.5987087643013214
571988,tan20250308t173357c00s4001-A,tan20250308t173357c00s4001,1,0.8248537673583991,0.5987087643013214
571990,tan20250308t173357c00s4001-A,tan20250308t173357c00s4001,1,0.7948255572896606,0.5987087643013214
571992,tan20250308t173357c00s4001-A,tan20250308t173357c00s4001,1,0.7630248154600241,0.5987087643013214
571994,tan20250308t173357c00s4001-A,tan20250308t173357c00s4001,1,0.7783506828565347,0.5987087643013214
571995,tan20250308t033118c00s4001-T,tan20250308t033118c00s4001,0,0.003486162693379905,0.5987087643013214
571996,tan20250308t173357c00s4001-A,tan20250308t173357c00s4001,1,0.791583846367225,0.5987087643013214
571998,tan20250308t173357c00s4001-A,tan20250308t173357c00s4001,1,0.745405849610286,0.5987087643013214
572000,tan20250308t173357c00s4001-A,tan20250308t173357c00s4001,1,0.8532109190857852,0.5987087643013214
572002,tan20250308t173357c00s4001-A,tan20250308t173357c00s4001,1,0.6792375762525316,0.5987087643013214
572004,tan20250308t173357c00s4001-A,tan20250308t173357c00s4001,1,0.9286428812966929,0.5987087643013214
572006,tan20250308t173357c00s4001-A,tan20250308t173357c00s4001,1,0.8468738256015163,0.5987087643013214
572008,tan20250308t173357c00s4001-A,tan20250308t173357c00s4001,1,0.694926696242112,0.5987087643013214
572010,tan20250308t173357c00s4001-A,tan20250308t173357c00s4001,1,0.7691951005916134,0.5987087643013214
572012,tan20250308t173357c00s4001-A,tan20250308t173357c00s4001,1,0.6887643274445461,0.5987087643013214
572013,tan20250308t173357c00s4001-A,tan20250308t173357c00s4001,1,0.7580041985568291,0.5987087643013214
572014,tan20250308t173357c00s4001-A,tan20250308t173357c00s4001,0,0.8453599815445128,0.5987087643013214
572127,tan20250308t173357c00s4001-A,tan20250308t173357c00s4001,0,0.006885487331923024,0.5987087643013214
572131,tan20250308t173357c00s4001-A,tan20250308t173357c00s4001,0,0.684900224293006,0.5987087643013214
572139,tan20250308t173357c00s4001-A,tan20250308t173357c00s4001,0,0.011385300770158271,0.5987087643013214
572173,tan20250308t173357c00s4001-A,tan20250308t173357c00s4001,0,0.002993845130581217,0.5987087643013214
572287,tan20250308t173357c00s4001-A,tan20250308t173357c00s4001,0,0.0017468782187113957,0.5987087643013214
572300,tan20250308t173357c00s4001-A,tan20250308t173357c00s4001,0,0.045565719070676663,0.5987087643013214
572305,tan20250308t173357c00s4001-A,tan20250308t173357c00s4001,0,0.9667854590359491,0.5987087643013214
572321,tan20250308t173357c00s4001-A,tan20250308t173357c00s4001,0,0.002612863963119651,0.5987087643013214
572322,tan20250308t173357c00s4001-A,tan20250308t173357c00s4001,0,0.0014109727364553354,0.5987087643013214
572323,tan20250308t173357c00s4001-A,tan20250308t173357c00s4001,0,0.08119589583912004,0.5987087643013214
572424,tan20250309t060015c00s4001-B,tan20250309t060015c00s4001,0,0.0018087017976103046,0.5987087643013214
572425,tan20250308t173357c00s4001-A,tan20250308t173357c00s4001,0,0.6098498406255902,0.5987087643013214
572433,tan20250308t173357c00s4001-A,tan20250308t173357c00s4001,0,0.004412565953480548,0.5987087643013214
572440,tan20250308t173357c00s4001-A,tan20250308t173357c00s4001,0,0.09400093273885272,0.5987087643013214
572457,tan20250308t173357c00s4001-A,tan20250308t173357c00s4001,0,0.0029253877035065427,0.5987087643013214
572472,tan20250308t173357c00s4001-A,tan20250308t173357c00s4001,0,0.011672467654302637,0.5987087643013214
572488,tan20250309t060015c00s4001-C,tan20250309t060015c00s4001,1,0.6253142184561499,0.5987087643013214
572491,tan20250309t060015c00s4001-C,tan20250309t060015c00s4001,1,0.05442210838397067,0.5987087643013214
572520,tan20250309t060015c00s4001-B,tan20250309t060015c00s4001,0,0.0012003075381549525,0.5987087643013214
572521,tan20250309t060015c00s4001-C,tan20250309t060015c00s4001,1,0.6515905806123059,0.5987087643013214
572523,tan20250309t060015c00s4001-C,tan20250309t060015c00s4001,1,0.2828989767852225,0.5987087643013214
572526,tan20250309t060015c00s4001-B,tan20250309t060015c00s4001,0,0.004091863896579863,0.5987087643013214
572527,tan20250309t060015c00s4001-C,tan20250309t060015c00s4001,1,0.3411294222901156,0.5987087643013214
572533,tan20250309t060015c00s4001-C,tan20250309t060015c00s4001,1,0.6253142184561499,0.5987087643013214
572537,tan20250309t060015c00s4001-B,tan20250309t060015c00s4001,0,0.004091486551285739,0.5987087643013214
572538,tan20250309t060015c00s4001-C,tan20250309t060015c00s4001,1,0.7740461906164932,0.5987087643013214
572555,tan20250309t060015c00s4001-B,tan20250309t060015c00s4001,0,0.000987226639634372,0.5987087643013214
572556,tan20250309t060015c00s4001-C,tan20250309t060015c00s4001,1,0.2089289677712293,0.5987087643013214
572557,tan20250309t060015c00s4001-B,tan20250309t060015c00s4001,0,0.00359174170804989,0.5987087643013214
572558,tan20250309t060015c00s4001-C,tan20250309t060015c00s4001,1,0.3146249259313773,0.5987087643013214
572559,tan20250309t060015c00s4001-C,tan20250309t060015c00s4001,1,0.9280609241459448,0.5987087643013214
572560,tan20250309t060015c00s4001-C,tan20250309t060015c00s4001,1,0.26846872802752847,0.5987087643013214
572668,tan20250309t060015c00s4001-C,tan20250309t060015c00s4001,1,0.7540271104709718,0.5987087643013214
572671,tan20250309t060015c00s4001-C,tan20250309t060015c00s4001,1,0.3422912844875885,0.5987087643013214
572677,tan20250309t060015c00s4001-C,tan20250309t060015c00s4001,1,0.8571616333686604,0.5987087643013214
572680,tan20250309t060015c00s4001-D,tan20250309t060015c00s4001,0,0.00905697151559919,0.5987087643013214
572681,tan20250309t060015c00s4001-C,tan20250309t060015c00s4001,1,0.9081405068139317,0.5987087643013214
572683,tan20250309t060015c00s4001-C,tan20250309t060015c00s4001,1,0.9649863299417639,0.5987087643013214
572695,tan20250309t060015c00s4001-D,tan20250309t060015c00s4001,0,0.0028084921259340897,0.5987087643013214
572701,tan20250309t060015c00s4001-C,tan20250309t060015c00s4001,0,0.0012009808380707898,0.5987087643013214
572731,tan20250309t060015c00s4001-D,tan20250309t060015c00s4001,0,0.004677536592057063,0.5987087643013214
572732,tan20250309t060015c00s4001-C,tan20250309t060015c00s4001,0,0.0012697512489223603,0.5987087643013214
572759,tan20250309t060015c00s4001-C,tan20250309t060015c00s4001,0,0.0013946340381106109,0.5987087643013214
572760,tan20250309t060015c00s4001-D,tan20250309t060015c00s4001,0,0.006078048953615938,0.5987087643013214
572765,tan20250309t060015c00s4001-C,tan20250309t060015c00s4001,0,0.0014927596719000052,0.5987087643013214
572803,tan20250309t060015c00s4001-C,tan20250309t060015c00s4001,0,0.6266735194039156,0.5987087643013214
572846,tan20250309t060015c00s4001-C,tan20250309t060015c00s4001,0,0.001273858221022676,0.5987087643013214
572854,tan20250309t152518c00s4001-B,tan20250309t152518c00s4001,1,0.6215057033275334,0.5987087643013214
572860,tan20250309t152518c00s4001-B,tan20250309t152518c00s4001,1,0.25333472170483295,0.5987087643013214
572862,tan20250309t152518c00s4001-B,tan20250309t152518c00s4001,1,0.16040371878948453,0.5987087643013214
572864,tan20250309t152518c00s4001-B,tan20250309t152518c00s4001,1,0.6861066597981214,0.5987087643013214
572867,tan20250309t152518c00s4001-C,tan20250309t152518c00s4001,1,0.09593118480932747,0.5987087643013214
572872,tan20250309t152518c00s4001-C,tan20250309t152518c00s4001,1,0.17076334239347843,0.5987087643013214
572875,tan20250309t152518c00s4001-B,tan20250309t152518c00s4001,1,0.7687097774657183,0.5987087643013214
572876,tan20250309t152518c00s4001-B,tan20250309t152518c00s4001,0,0.5376987177688735,0.5987087643013214
572877,tan20250309t152518c00s4001-C,tan20250309t152518c00s4001,1,0.17808340140119383,0.5987087643013214
572878,tan20250309t152518c00s4001-B,tan20250309t152518c00s4001,0,0.011519698602931788,0.5987087643013214
572895,tan20250309t152518c00s4001-C,tan20250309t152518c00s4001,0,0.010182931767898458,0.5987087643013214
572903,tan20250309t152518c00s4001-B,tan20250309t152518c00s4001,0,0.0019855977152311213,0.5987087643013214
572908,tan20250309t152518c00s4001-B,tan20250309t152518c00s4001,0,0.9364826835627841,0.5987087643013214
572915,tan20250309t152518c00s4001-C,tan20250309t152518c00s4001,0,0.7487449085833151,0.5987087643013214
572917,tan20250309t152518c00s4001-C,tan20250309t152518c00s4001,0,0.02397790421954642,0.5987087643013214
572918,tan20250309t152518c00s4001-C,tan20250309t152518c00s4001,0,0.07690515198136699,0.5987087643013214
572923,tan20250309t152518c00s4001-E,tan20250309t152518c00s4001,1,0.7024768916748687,0.5987087643013214
572925,tan20250309t152518c00s4001-C,tan20250309t152518c00s4001,0,0.14680517198287055,0.5987087643013214
572932,tan20250309t152518c00s4001-E,tan20250309t152518c00s4001,1,0.7624019867439282,0.5987087643013214
572939,tan20250309t152518c00s4001-E,tan20250309t152518c00s4001,1,0.6499211637493624,0.5987087643013214
572946,tan20250309t152518c00s4001-F,tan20250309t152518c00s4001,1,0.8846673098538926,0.5987087643013214
572947,tan20250309t152518c00s4001-E,tan20250309t152518c00s4001,1,0.3412962280228861,0.5987087643013214
572954,tan20250309t152518c00s4001-F,tan20250309t152518c00s4001,1,0.9298484281700632,0.5987087643013214
572955,tan20250309t152518c00s4001-E,tan20250309t152518c00s4001,0,0.05154208863141303,0.5987087643013214
572956,tan20250309t152518c00s4001-F,tan20250309t152518c00s4001,1,0.9038576214017805,0.5987087643013214
572964,tan20250309t152518c00s4001-F,tan20250309t152518c00s4001,1,0.849245593856309,0.5987087643013214
572970,tan20250309t152518c00s4001-E,tan20250309t152518c00s4001,0,0.6825180666188492,0.5987087643013214
572979,tan20250309t152518c00s4001-E,tan20250309t152518c00s4001,0,0.05726133679453954,0.5987087643013214
572993,tan20250309t152518c00s4001-F,tan20250309t152518c00s4001,0,0.47197438423243443,0.5987087643013214
572994,tan20250309t152518c00s4001-F,tan20250309t152518c00s4001,0,0.009558527295632058,0.5987087643013214
572996,tan20250309t152518c00s4001-F,tan20250309t152518c00s4001,0,0.36228998486552455,0.5987087643013214
573002,tan20250309t152518c00s4001-F,tan20250309t152518c00s4001,0,0.04128273515143672,0.5987087643013214
573003,tan20250309t165019c00s4001-A,tan20250309t165019c00s4001,1,0.6001278830517013,0.5987087643013214
573012,tan20250309t165019c00s4001-B,tan20250309t165019c00s4001,1,0.892908016856885,0.5987087643013214
573015,tan20250309t165019c00s4001-A,tan20250309t165019c00s4001,1,0.8109665567977298,0.5987087643013214
573019,tan20250309t165019c00s4001-A,tan20250309t165019c00s4001,1,0.47834277686163806,0.5987087643013214
573020,tan20250309t165019c00s4001-B,tan20250309t165019c00s4001,1,0.8047387962349374,0.5987087643013214
573022,tan20250309t165019c00s4001-B,tan20250309t165019c00s4001,1,0.9349781642819884,0.5987087643013214
573023,tan20250309t165019c00s4001-A,tan20250309t165019c00s4001,1,0.6120090629414836,0.5987087643013214
573026,tan20250309t165019c00s4001-B,tan20250309t165019c00s4001,1,0.9573891688098803,0.5987087643013214
573027,tan20250309t165019c00s4001-A,tan20250309t165019c00s4001,0,0.003793974462344861,0.5987087643013214
573028,tan20250309t165019c00s4001-B,tan20250309t165019c00s4001,1,0.8446762937574044,0.5987087643013214
573037,tan20250309t165019c00s4001-A,tan20250309t165019c00s4001,0,0.19805675521668556,0.5987087643013214
573043,tan20250309t165019c00s4001-A,tan20250309t165019c00s4001,0,0.8710515990319407,0.5987087643013214
573044,tan20250309t165019c00s4001-B,tan20250309t165019c00s4001,0,0.0712162012906895,0.5987087643013214
573047,tan20250309t165019c00s4001-A,tan20250309t165019c00s4001,0,0.00893994691159509,0.5987087643013214
573050,tan20250309t165019c00s4001-B,tan20250309t165019c00s4001,0,0.1381017948368248,0.5987087643013214
573051,tan20250309t165019c00s4001-A,tan20250309t165019c00s4001,0,0.027800030755387565,0.5987087643013214
573054,tan20250309t165019c00s4001-B,tan20250309t165019c00s4001,0,0.0028762401132326324,0.5987087643013214
573057,tan20250309t165019c00s4001-A,tan20250309t165019c00s4001,0,0.009093217366815162,0.5987087643013214
573059,tan20250309t165019c00s4001-B,tan20250309t165019c00s4001,0,0.02257329433447132,0.5987087643013214
573062,tan20250309t165019c00s4001-C,tan20250309t165019c00s4001,1,0.8727712631903336,0.5987087643013214
573066,tan20250309t165019c00s4001-C,tan20250309t165019c00s4001,1,0.9737864636644098,0.5987087643013214
573067,tan20250309t165019c00s4001-C,tan20250309t165019c00s4001,1,0.9407146647782646,0.5987087643013214
573174,tan20250309t165019c00s4001-C,tan20250309t165019c00s4001,1,0.8782825544082618,0.5987087643013214
573186,tan20250309t165019c00s4001-D,tan20250309t165019c00s4001,0,0.0201096013738152,0.5987087643013214
573191,tan20250309t165019c00s4001-C,tan20250309t165019c00s4001,1,0.8318902962015675,0.5987087643013214
573200,tan20250309t165019c00s4001-D,tan20250309t165019c00s4001,0,0.47147649286546645,0.5987087643013214
573214,tan20250309t165019c00s4001-D,tan20250309t165019c00s4001,0,0.12091532398268637,0.5987087643013214
573215,tan20250309t165019c00s4001-C,tan20250309t165019c00s4001,1,0.9603682027390553,0.5987087643013214
573236,tan20250309t165019c00s4001-C,tan20250309t165019c00s4001,1,0.9659841433405317,0.5987087643013214
573263,tan20250309t165019c00s4001-C,tan20250309t165019c00s4001,0,0.5875112908782086,0.5987087643013214
573283,tan20250309t165019c00s4001-C,tan20250309t165019c00s4001,0,0.056224239680088585,0.5987087643013214
573292,tan20250311t105308c00s4001-A,tan20250311t105308c00s4001,1,0.8792477542848232,0.5987087643013214
573293,tan20250309t165019c00s4001-C,tan20250309t165019c00s4001,0,0.07230501617961102,0.5987087643013214
573294,tan20250311t105308c00s4001-A,tan20250311t105308c00s4001,1,0.8629793212209622,0.5987087643013214
573296,tan20250311t105308c00s4001-A,tan20250311t105308c00s4001,1,0.8293749888439248,0.5987087643013214
573298,tan20250311t105308c00s4001-A,tan20250311t105308c00s4001,1,0.7173028148307802,0.5987087643013214
573302,tan20250311t105308c00s4001-A,tan20250311t105308c00s4001,1,0.7465351374682312,0.5987087643013214
573304,tan20250311t105308c00s4001-A,tan20250311t105308c00s4001,1,0.8293749888439248,0.5987087643013214
573312,tan20250311t105308c00s4001-A,tan20250311t105308c00s4001,1,0.7131262078065758,0.5987087643013214
573318,tan20250311t105308c00s4001-B,tan20250311t105308c00s4001,1,0.8641879329746114,0.5987087643013214
573319,tan20250311t105308c00s4001-A,tan20250311t105308c00s4001,1,0.8629793212209622,0.5987087643013214
573322,tan20250311t105308c00s4001-B,tan20250311t105308c00s4001,1,0.6124230878095529,0.5987087643013214
573325,tan20250311t105308c00s4001-A,tan20250311t105308c00s4001,0,0.8687212273856189,0.5987087643013214
573335,tan20250311t105308c00s4001-A,tan20250311t105308c00s4001,0,0.5885846730911442,0.5987087643013214
573340,tan20250311t105308c00s4001-B,tan20250311t105308c00s4001,1,0.8614553895841671,0.5987087643013214
573344,tan20250311t105308c00s4001-B,tan20250311t105308c00s4001,0,0.8687093152337387,0.5987087643013214
573345,tan20250311t105308c00s4001-A,tan20250311t105308c00s4001,0,0.8992984260757567,0.5987087643013214
573350,tan20250311t105308c00s4001-B,tan20250311t105308c00s4001,0,0.5974935708291806,0.5987087643013214
573351,tan20250311t105308c00s4001-A,tan20250311t105308c00s4001,0,0.6766831015031473,0.5987087643013214
573352,tan20250311t105308c00s4001-B,tan20250311t105308c00s4001,0,0.851185718843398,0.5987087643013214
573355,tan20250311t105308c00s4001-B,tan20250311t105308c00s4001,0,0.32989433291556647,0.5987087643013214
573357,tan20250311t105308c00s4001-B,tan20250311t105308c00s4001,0,0.37806122306120793,0.5987087643013214
573358,tan20250311t105308c00s4001-C,tan20250311t105308c00s4001,1,0.5296481054743333,0.5987087643013214
573361,tan20250311t105308c00s4001-B,tan20250311t105308c00s4001,0,0.6808950954334306,0.5987087643013214
573363,tan20250311t105308c00s4001-B,tan20250311t105308c00s4001,0,0.7162210890153536,0.5987087643013214
573372,tan20250311t105308c00s4001-C,tan20250311t105308c00s4001,1,0.3538617735944938,0.5987087643013214
573378,tan20250311t105308c00s4001-D,tan20250311t105308c00s4001,1,0.8595597226178322,0.5987087643013214
573390,tan20250311t105308c00s4001-D,tan20250311t105308c00s4001,1,0.9242453409010638,0.5987087643013214
573404,tan20250311t105308c00s4001-D,tan20250311t105308c00s4001,1,0.5605504834591005,0.5987087643013214
573419,tan20250311t105308c00s4001-D,tan20250311t105308c00s4001,0,0.11816172994503667,0.5987087643013214
573530,tan20250312t162716c00s4001-A,tan20250312t162716c00s4001,0,0.2830574030676591,0.5987087643013214
573537,tan20250312t162716c00s4001-A,tan20250312t162716c00s4001,0,0.013270336026369678,0.5987087643013214
573538,tan20250311t105308c00s4001-D,tan20250311t105308c00s4001,0,0.4169247348428048,0.5987087643013214
573566,tan20250311t105308c00s4001-D,tan20250311t105308c00s4001,0,0.31852779691502225,0.5987087643013214
573577,tan20250312t162716c00s4001-A,tan20250312t162716c00s4001,0,0.08785750819836052,0.5987087643013214
573587,tan20250311t105308c00s4001-D,tan20250311t105308c00s4001,0,0.7617973526943785,0.5987087643013214
573593,tan20250312t162716c00s4001-A,tan20250312t162716c00s4001,0,0.008984157082548442,0.5987087643013214
573594,tan20250311t105308c00s4001-D,tan20250311t105308c00s4001,0,0.009503457285340557,0.5987087643013214
573610,tan20250312t162716c00s4001-A,tan20250312t162716c00s4001,0,0.48106271022868896,0.5987087643013214
573614,tan20250312t162716c00s4001-A,tan20250312t162716c00s4001,0,0.004868878925896529,0.5987087643013214
573629,tan20250312t162716c00s4001-A,tan20250312t162716c00s4001,0,0.006670039765814449,0.5987087643013214
573741,tan20250312t162716c00s4001-B,tan20250312t162716c00s4001,0,0.02587355514481541,0.5987087643013214
573756,tan20250312t162716c00s4001-B,tan20250312t162716c00s4001,0,0.0072907364351728525,0.5987087643013214
573764,tan20250312t162716c00s4001-B,tan20250312t162716c00s4001,0,0.011915599026504013,0.5987087643013214
573800,tan20250312t162716c00s4001-B,tan20250312t162716c00s4001,0,0.002213616861975935,0.5987087643013214
573915,tan20250312t162716c00s4001-B,tan20250312t162716c00s4001,0,0.003005449698755841,0.5987087643013214
574028,tan20250312t162716c00s4001-C,tan20250312t162716c00s4001,0,0.01514653547971682,0.5987087643013214
574031,tan20250312t162716c00s4001-B,tan20250312t162716c00s4001,0,0.01153191945708217,0.5987087643013214
574039,tan20250312t162716c00s4001-B,tan20250312t162716c00s4001,0,0.002872277936927233,0.5987087643013214
574059,tan20250312t162716c00s4001-C,tan20250312t162716c00s4001,0,0.07969540772442274,0.5987087643013214
574245,tan20250313t075712c00s4001-B,tan20250313t075712c00s4001,1,0.6112308164467072,0.5987087643013214
574262,tan20250313t075712c00s4001-B,tan20250313t075712c00s4001,1,0.7394107036372192,0.5987087643013214
574264,tan20250313t075712c00s4001-A,tan20250313t075712c00s4001,0,0.23169741465731453,0.5987087643013214
574265,tan20250313t075712c00s4001-B,tan20250313t075712c00s4001,1,0.8796190764956359,0.5987087643013214
574268,tan20250313t075712c00s4001-B,tan20250313t075712c00s4001,1,0.9189321834635755,0.5987087643013214
574271,tan20250313t075712c00s4001-B,tan20250313t075712c00s4001,1,0.9103187554839692,0.5987087643013214
574295,tan20250313t075712c00s4001-B,tan20250313t075712c00s4001,1,0.9077978391096343,0.5987087643013214
574299,tan20250313t075712c00s4001-B,tan20250313t075712c00s4001,1,0.9315780186522495,0.5987087643013214
574302,tan20250313t075712c00s4001-B,tan20250313t075712c00s4001,1,0.9029480444618682,0.5987087643013214
574306,tan20250313t075712c00s4001-C,tan20250313t075712c00s4001,1,0.8680584765983633,0.5987087643013214
574313,tan20250313t075712c00s4001-B,tan20250313t075712c00s4001,0,0.0149896667622683,0.5987087643013214
574316,tan20250313t075712c00s4001-C,tan20250313t075712c00s4001,1,0.9291207020814565,0.5987087643013214
574319,tan20250313t075712c00s4001-B,tan20250313t075712c00s4001,0,0.019222906805375414,0.5987087643013214
574326,tan20250313t075712c00s4001-C,tan20250313t075712c00s4001,1,0.8691674496628752,0.5987087643013214
574327,tan20250313t075712c00s4001-B,tan20250313t075712c00s4001,0,0.018289156019528983,0.5987087643013214
574334,tan20250313t075712c00s4001-C,tan20250313t075712c00s4001,1,0.7917574237690498,0.5987087643013214
574335,tan20250313t075712c00s4001-B,tan20250313t075712c00s4001,0,0.01885390549708311,0.5987087643013214
574443,tan20250313t075712c00s4001-E,tan20250313t075712c00s4001,0,0.8540538273995687,0.5987087643013214
574447,tan20250313t075712c00s4001-C,tan20250313t075712c00s4001,0,0.00769613280274538,0.5987087643013214
574463,tan20250313t075712c00s4001-E,tan20250313t075712c00s4001,0,0.5802858930594379,0.5987087643013214
574474,tan20250313t075712c00s4001-E,tan20250313t075712c00s4001,0,0.49081889529870404,0.5987087643013214
574484,tan20250313t075712c00s4001-E,tan20250313t075712c00s4001,0,0.1293131294720628,0.5987087643013214
574610,tan20250313t075712c00s4001-G,tan20250313t075712c00s4001,1,0.6477353798339862,0.5987087643013214
574612,tan20250313t075712c00s4001-F,tan20250313t075712c00s4001,0,0.2310492834819546,0.5987087643013214
574618,tan20250313t075712c00s4001-G,tan20250313t075712c00s4001,1,0.8998865444318063,0.5987087643013214
574658,tan20250313t075712c00s4001-F,tan20250313t075712c00s4001,0,0.15970821651078773,0.5987087643013214
574672,tan20250313t075712c00s4001-G,tan20250313t075712c00s4001,1,0.8605105550963245,0.5987087643013214
574677,tan20250313t075712c00s4001-G,tan20250313t075712c00s4001,1,0.8961315751001296,0.5987087643013214
574684,tan20250313t075712c00s4001-G,tan20250313t075712c00s4001,0,0.16245806294909926,0.5987087643013214
574685,tan20250321t181350c00s4001-A,tan20250321t181350c00s4001,1,0.34951585642970956,0.5987087643013214
574688,tan20250321t181350c00s4001-A,tan20250321t181350c00s4001,1,0.29787498865481377,0.5987087643013214
574694,tan20250321t181350c00s4001-A,tan20250321t181350c00s4001,1,0.2999103774967901,0.5987087643013214
574699,tan20250313t075712c00s4001-G,tan20250313t075712c00s4001,0,0.03389418277233296,0.5987087643013214
574700,tan20250321t181350c00s4001-A,tan20250321t181350c00s4001,1,0.35571271175083535,0.5987087643013214
574703,tan20250313t075712c00s4001-G,tan20250313t075712c00s4001,0,0.8050184889166758,0.5987087643013214
574709,tan20250321t181350c00s4001-A,tan20250321t181350c00s4001,1,0.2533570748039527,0.5987087643013214
574716,tan20250313t075712c00s4001-G,tan20250313t075712c00s4001,0,0.8508428878808293,0.5987087643013214
574732,tan20250321t181350c00s4001-A,tan20250321t181350c00s4001,0,0.09501087897256656,0.5987087643013214
574938,tan20250321t181350c00s4001-A,tan20250321t181350c00s4001,0,0.1303221350619238,0.5987087643013214
574977,tan20250321t181350c00s4001-B,tan20250321t181350c00s4001,0,0.357213468195006,0.5987087643013214
575159,tan20250321t181350c00s4001-C,tan20250321t181350c00s4001,1,0.8091055272601504,0.5987087643013214
575172,tan20250321t181350c00s4001-C,tan20250321t181350c00s4001,1,0.6994873298246926,0.5987087643013214
575195,tan20250321t181350c00s4001-C,tan20250321t181350c00s4001,1,0.6704439284208114,0.5987087643013214
575206,tan20250321t181350c00s4001-D,tan20250321t181350c00s4001,0,0.0369340842885946,0.5987087643013214
575207,tan20250321t181350c00s4001-C,tan20250321t181350c00s4001,1,0.6782977906576232,0.5987087643013214
575213,tan20250321t181350c00s4001-C,tan20250321t181350c00s4001,0,0.4403228948497247,0.5987087643013214
575222,tan20250321t181350c00s4001-C,tan20250321t181350c00s4001,0,0.46095580633968286,0.5987087643013214
575335,tan20250321t181350c00s4001-C,tan20250321t181350c00s4001,0,0.259933842303557,0.5987087643013214
575342,tan20250321t181350c00s4001-C,tan20250321t181350c00s4001,0,0.8074166235956421,0.5987087643013214
575387,tan20250321t181350c00s4001-C,tan20250321t181350c00s4001,0,0.24258892040719768,0.5987087643013214
575388,tan20250321t181350c00s4001-E,tan20250321t181350c00s4001,0,0.5547240711534601,0.5987087643013214
575406,tan20250321t181350c00s4001-E,tan20250321t181350c00s4001,0,0.692955517275014,0.5987087643013214
575414,tan20250321t181350c00s4001-F,tan20250321t181350c00s4001,1,0.6890867209810517,0.5987087643013214
575421,tan20250321t181350c00s4001-F,tan20250321t181350c00s4001,1,0.7772254411997352,0.5987087643013214
575426,tan20250321t181350c00s4001-G,tan20250321t181350c00s4001,1,0.7619421100267891,0.5987087643013214
575430,tan20250321t181350c00s4001-G,tan20250321t181350c00s4001,1,0.6958142665022186,0.5987087643013214
575472,tan20250321t181350c00s4001-F,tan20250321t181350c00s4001,0,0.0641145821849742,0.5987087643013214
575483,tan20250321t181350c00s4001-F,tan20250321t181350c00s4001,0,0.6886065087310583,0.5987087643013214
575507,tan20250321t181350c00s4001-H,tan20250321t181350c00s4001,1,0.7995933870399954,0.5987087643013214
575690,tan20250328t054218c00s4001-B,tan20250328t054218c00s4001,0,0.025531115113290124,0.5987087643013214
575697,tan20250328t054218c00s4001-B,tan20250328t054218c00s4001,0,0.0741353829083841,0.5987087643013214
575711,tan20250328t054218c00s4001-B,tan20250328t054218c00s4001,0,0.007640807454522524,0.5987087643013214
575712,tan20250321t181350c00s4001-H,tan20250321t181350c00s4001,1,0.7677645785809738,0.5987087643013214
575733,tan20250328t054218c00s4001-B,tan20250328t054218c00s4001,0,0.015552737150694773,0.5987087643013214
575742,tan20250328t054218c00s4001-B,tan20250328t054218c00s4001,0,0.006652662125809216,0.5987087643013214
575746,tan20250328t054218c00s4001-B,tan20250328t054218c00s4001,0,0.013246414858526559,0.5987087643013214
575747,tan20250321t181350c00s4001-H,tan20250321t181350c00s4001,1,0.8979426946757978,0.5987087643013214
575812,tan20250328t054218c00s4001-B,tan20250328t054218c00s4001,0,0.005655869581406533,0.5987087643013214
576428,tan20250321t181350c00s4001-H,tan20250321t181350c00s4001,0,0.6399263267360776,0.5987087643013214
576430,tan20250321t181350c00s4001-H,tan20250321t181350c00s4001,0,0.09513673738302403,0.5987087643013214
576432,tan20250321t181350c00s4001-H,tan20250321t181350c00s4001,0,0.21821552085793014,0.5987087643013214
576434,tan20250328t054218c00s4001-F,tan20250328t054218c00s4001,1,0.010027219800237193,0.5987087643013214
576436,tan20250328t054218c00s4001-F,tan20250328t054218c00s4001,1,0.008570098691569319,0.5987087643013214
576439,tan20250328t054218c00s4001-F,tan20250328t054218c00s4001,1,0.10461357678945418,0.5987087643013214
576441,tan20250328t054218c00s4001-F,tan20250328t054218c00s4001,1,0.03862776774362077,0.5987087643013214
576445,tan20250328t054218c00s4001-F,tan20250328t054218c00s4001,1,0.10231421270339619,0.5987087643013214
576447,tan20250328t054218c00s4001-F,tan20250328t054218c00s4001,1,0.010778628116365334,0.5987087643013214
576452,tan20250328t054218c00s4001-F,tan20250328t054218c00s4001,1,0.021268222760792134,0.5987087643013214
576453,tan20250328t054218c00s4001-F,tan20250328t054218c00s4001,1,0.08237472669078241,0.5987087643013214
576454,tan20250328t054218c00s4001-F,tan20250328t054218c00s4001,1,0.05564013123815828,0.5987087643013214
576455,tan20250328t054218c00s4001-F,tan20250328t054218c00s4001,1,0.03408081247716041,0.5987087643013214
576456,tan20250328t054218c00s4001-F,tan20250328t054218c00s4001,1,0.0644791503218852,0.5987087643013214
576557,tan20250403t003240c00s4001-C,tan20250403t003240c00s4001,0,0.0023333215111997654,0.5987087643013214
576558,tan20250328t054218c00s4001-F,tan20250328t054218c00s4001,1,0.008964614192731257,0.5987087643013214
576559,tan20250403t003240c00s4001-C,tan20250403t003240c00s4001,0,0.0182327220319003,0.5987087643013214
576560,tan20250328t054218c00s4001-F,tan20250328t054218c00s4001,1,0.00853866394690726,0.5987087643013214
576562,tan20250403t003240c00s4001-C,tan20250403t003240c00s4001,0,0.0030779346464371257,0.5987087643013214
576563,tan20250328t054218c00s4001-F,tan20250328t054218c00s4001,1,0.06113937752140922,0.5987087643013214
576564,tan20250403t003240c00s4001-C,tan20250403t003240c00s4001,0,0.06059991555041423,0.5987087643013214
576565,tan20250328t054218c00s4001-F,tan20250328t054218c00s4001,1,0.09689126059185586,0.5987087643013214
576569,tan20250403t003240c00s4001-C,tan20250403t003240c00s4001,0,0.013183258833677268,0.5987087643013214
576570,tan20250328t054218c00s4001-F,tan20250328t054218c00s4001,1,0.010778628116365334,0.5987087643013214
576571,tan20250403t003240c00s4001-C,tan20250403t003240c00s4001,0,0.002745311421462807,0.5987087643013214
576572,tan20250328t054218c00s4001-F,tan20250328t054218c00s4001,0,0.027968570052542316,0.5987087643013214
576574,tan20250403t003240c00s4001-C,tan20250403t003240c00s4001,0,0.006366442105362945,0.5987087643013214
576576,tan20250403t003240c00s4001-C,tan20250403t003240c00s4001,0,0.000822347950964223,0.5987087643013214
576577,tan20250328t054218c00s4001-F,tan20250328t054218c00s4001,0,0.01140881550253216,0.5987087643013214
576579,tan20250403t003240c00s4001-C,tan20250403t003240c00s4001,0,0.0011902250790763681,0.5987087643013214
576580,tan20250328t054218c00s4001-F,tan20250328t054218c00s4001,0,0.022123003724381904,0.5987087643013214
576581,tan20250403t003240c00s4001-C,tan20250403t003240c00s4001,0,0.0050937539786494145,0.5987087643013214
576582,tan20250328t054218c00s4001-F,tan20250328t054218c00s4001,0,0.04490240759988765,0.5987087643013214
576583,tan20250403t003240c00s4001-C,tan20250403t003240c00s4001,0,0.002607203870802704,0.5987087643013214
576586,tan20250403t003240c00s4001-C,tan20250403t003240c00s4001,0,0.00536963702859964,0.5987087643013214
576589,tan20250403t003240c00s4001-C,tan20250403t003240c00s4001,0,0.004298713303591692,0.5987087643013214
576590,tan20250328t054218c00s4001-F,tan20250328t054218c00s4001,0,0.0578446500974626,0.5987087643013214
576591,tan20250403t003240c00s4001-C,tan20250403t003240c00s4001,0,0.0023118473301744513,0.5987087643013214
576593,tan20250403t003240c00s4001-C,tan20250403t003240c00s4001,0,0.0034392649757837,0.5987087643013214
576594,tan20250328t054218c00s4001-F,tan20250328t054218c00s4001,0,0.011403914340727577,0.5987087643013214
576595,tan20250403t003240c00s4001-C,tan20250403t003240c00s4001,0,0.001181504195972286,0.5987087643013214
576596,tan20250328t054218c00s4001-F,tan20250328t054218c00s4001,0,0.01657020280994805,0.5987087643013214
576597,tan20250328t054218c00s4001-F,tan20250328t054218c00s4001,0,0.011940500554674788,0.5987087643013214
576602,tan20250408t170859c00s4001-A,tan20250408t170859c00s4001,1,0.8290979790288923,0.5987087643013214
576603,tan20250328t054218c00s4001-F,tan20250328t054218c00s4001,0,0.008356776066590937,0.5987087643013214
576604,tan20250408t170859c00s4001-A,tan20250408t170859c00s4001,1,0.7068797610209869,0.5987087643013214
576606,tan20250408t170859c00s4001-A,tan20250408t170859c00s4001,1,0.6115420254602785,0.5987087643013214
576607,tan20250408t170859c00s4001-A,tan20250408t170859c00s4001,1,0.7728639093014574,0.5987087643013214
576711,tan20250408t170859c00s4001-A,tan20250408t170859c00s4001,1,0.6371940376232795,0.5987087643013214
576729,tan20250408t170859c00s4001-A,tan20250408t170859c00s4001,1,0.20206355335356982,0.5987087643013214
576741,tan20250408t170859c00s4001-E,tan20250408t170859c00s4001,0,0.002126934110675139,0.5987087643013214
576766,tan20250408t170859c00s4001-A,tan20250408t170859c00s4001,1,0.6999112709904524,0.5987087643013214
576771,tan20250408t170859c00s4001-E,tan20250408t170859c00s4001,0,0.000980993069827866,0.5987087643013214
576772,tan20250408t170859c00s4001-A,tan20250408t170859c00s4001,1,0.7665553796847712,0.5987087643013214
576777,tan20250408t170859c00s4001-A,tan20250408t170859c00s4001,0,0.0038714686733378415,0.5987087643013214
576794,tan20250408t170859c00s4001-E,tan20250408t170859c00s4001,0,0.0014213370595168168,0.5987087643013214
576796,tan20250408t170859c00s4001-A,tan20250408t170859c00s4001,0,0.0014360621617123843,0.5987087643013214
576797,tan20250408t170859c00s4001-E,tan20250408t170859c00s4001,0,0.1578924491309472,0.5987087643013214
576815,tan20250408t170859c00s4001-A,tan20250408t170859c00s4001,0,0.13025022865409747,0.5987087643013214
576820,tan20250408t170859c00s4001-A,tan20250408t170859c00s4001,0,0.0016956581851981169,0.5987087643013214
576821,tan20250408t170859c00s4001-H,tan20250408t170859c00s4001,1,0.4833173340865316,0.5987087643013214
576823,tan20250408t170859c00s4001-A,tan20250408t170859c00s4001,0,0.0010734771280342167,0.5987087643013214
576828,tan20250408t170859c00s4001-H,tan20250408t170859c00s4001,1,0.34736043221093543,0.5987087643013214
576830,tan20250408t170859c00s4001-H,tan20250408t170859c00s4001,1,0.8970132469938974,0.5987087643013214
576833,tan20250408t170859c00s4001-H,tan20250408t170859c00s4001,1,0.7711211544115956,0.5987087643013214
576834,tan20250408t170859c00s4001-H,tan20250408t170859c00s4001,1,0.841752539925197,0.5987087643013214
577136,tan20250408t170859c00s4001-H,tan20250408t170859c00s4001,1,0.8407125249457534,0.5987087643013214
577251,tan20250420t090615c00s4001-B,tan20250420t090615c00s4001,0,0.002102723866493445,0.5987087643013214
577252,tan20250408t170859c00s4001-H,tan20250408t170859c00s4001,1,0.9381028932338528,0.5987087643013214
577264,tan20250420t090615c00s4001-B,tan20250420t090615c00s4001,0,0.0021980704427362273,0.5987087643013214
577320,tan20250420t090615c00s4001-B,tan20250420t090615c00s4001,0,0.003848272865171937,0.5987087643013214
577354,tan20250420t090615c00s4001-B,tan20250420t090615c00s4001,0,0.0046362192760283924,0.5987087643013214
577355,tan20250408t170859c00s4001-H,tan20250408t170859c00s4001,1,0.7675691323317662,0.5987087643013214
577373,tan20250420t090615c00s4001-B,tan20250420t090615c00s4001,0,0.0015705635961160273,0.5987087643013214
577378,tan20250408t170859c00s4001-H,tan20250408t170859c00s4001,0,0.0015744194371851046,0.5987087643013214
577394,tan20250420t090615c00s4001-B,tan20250420t090615c00s4001,0,0.001762532325534382,0.5987087643013214
577418,tan20250420t090615c00s4001-B,tan20250420t090615c00s4001,0,0.0016755739142394835,0.5987087643013214
577419,tan20250408t170859c00s4001-H,tan20250408t170859c00s4001,0,0.002641489325152055,0.5987087643013214
577420,tan20250420t090615c00s4001-B,tan20250420t090615c00s4001,0,0.005593597953338505,0.5987087643013214
577445,tan20250420t090615c00s4001-B,tan20250420t090615c00s4001,0,0.0041302301833693435,0.5987087643013214
577448,tan20250408t170859c00s4001-H,tan20250408t170859c00s4001,0,0.013194076983476686,0.5987087643013214
577562,tan20250422t170953c00s4001-A,tan20250422t170953c00s4001,0,0.05123404377364136,0.5987087643013214
577565,tan20250422t170953c00s4001-A,tan20250422t170953c00s4001,0,0.0034505398608491978,0.5987087643013214
577567,tan20250408t170859c00s4001-H,tan20250408t170859c00s4001,0,0.012913800893561634,0.5987087643013214
577568,tan20250422t170953c00s4001-A,tan20250422t170953c00s4001,0,0.805212382490741,0.5987087643013214
577569,tan20250408t170859c00s4001-H,tan20250408t170859c00s4001,0,0.003990916087479884,0.5987087643013214
577571,tan20250422t170953c00s4001-A,tan20250422t170953c00s4001,0,0.05616836806580257,0.5987087643013214
577573,tan20250422t170953c00s4001-A,tan20250422t170953c00s4001,0,0.017739604498705413,0.5987087643013214
577574,tan20250408t170859c00s4001-H,tan20250408t170859c00s4001,0,0.7982036896183753,0.5987087643013214
577576,tan20250422t170953c00s4001-A,tan20250422t170953c00s4001,0,0.19834219279643014,0.5987087643013214
577580,tan20250422t170953c00s4001-A,tan20250422t170953c00s4001,0,0.0020665314534447895,0.5987087643013214
577588,tan20250422t170953c00s4001-A,tan20250422t170953c00s4001,0,0.0018905591944878386,0.5987087643013214
577591,tan20250408t170859c00s4001-H,tan20250408t170859c00s4001,0,0.0018795994230705426,0.5987087643013214
577593,tan20250422t170953c00s4001-A,tan20250422t170953c00s4001,0,0.24351350057638171,0.5987087643013214
577594,tan20250422t170953c00s4001-A,tan20250422t170953c00s4001,0,0.0024194245186415107,0.5987087643013214
577595,tan20250422t170953c00s4001-A,tan20250422t170953c00s4001,0,0.004456810397448243,0.5987087643013214
577596,tan20250423t054256c00s4001-B,tan20250423t054256c00s4001,1,0.47027179987247203,0.5987087643013214
577600,tan20250422t170953c00s4001-A,tan20250422t170953c00s4001,0,0.009697919740746736,0.5987087643013214
577601,tan20250423t054256c00s4001-B,tan20250423t054256c00s4001,1,0.43792211879043386,0.5987087643013214
577602,tan20250422t170953c00s4001-A,tan20250422t170953c00s4001,0,0.04666431780468717,0.5987087643013214
577603,tan20250423t054256c00s4001-B,tan20250423t054256c00s4001,1,0.5887521116373421,0.5987087643013214
577604,tan20250422t170953c00s4001-A,tan20250422t170953c00s4001,0,0.009192368020298606,0.5987087643013214
577605,tan20250423t054256c00s4001-B,tan20250423t054256c00s4001,1,0.5776912944248562,0.5987087643013214
577607,tan20250422t170953c00s4001-A,tan20250422t170953c00s4001,0,0.31521397391726647,0.5987087643013214
577608,tan20250423t054256c00s4001-B,tan20250423t054256c00s4001,1,0.31578848802490367,0.5987087643013214
577612,tan20250422t170953c00s4001-A,tan20250422t170953c00s4001,0,0.004074329351906729,0.5987087643013214
577613,tan20250423t054256c00s4001-B,tan20250423t054256c00s4001,1,0.3987825282494426,0.5987087643013214
577614,tan20250423t054256c00s4001-B,tan20250423t054256c00s4001,1,0.6605702305738506,0.5987087643013214
577615,tan20250423t054256c00s4001-B,tan20250423t054256c00s4001,1,0.6940173599890715,0.5987087643013214
577616,tan20250423t071100c00s4001-A,tan20250423t071100c00s4001,1,0.025193455824989015,0.5987087643013214
577617,tan20250423t054256c00s4001-B,tan20250423t054256c00s4001,1,0.4255924154041059,0.5987087643013214
577618,tan20250423t071100c00s4001-A,tan20250423t071100c00s4001,1,0.00810957160189459,0.5987087643013214
577619,tan20250423t054256c00s4001-B,tan20250423t054256c00s4001,1,0.7009101423924347,0.5987087643013214
577620,tan20250423t071100c00s4001-A,tan20250423t071100c00s4001,1,0.04933879916888786,0.5987087643013214
577621,tan20250423t054256c00s4001-B,tan20250423t054256c00s4001,1,0.2985751895872823,0.5987087643013214
577622,tan20250423t071100c00s4001-A,tan20250423t071100c00s4001,1,0.00810957160189459,0.5987087643013214
577623,tan20250423t054256c00s4001-B,tan20250423t054256c00s4001,1,0.3767092563447701,0.5987087643013214
577624,tan20250423t071100c00s4001-A,tan20250423t071100c00s4001,1,0.019792694516932198,0.5987087643013214
577625,tan20250423t054256c00s4001-B,tan20250423t054256c00s4001,1,0.6475962371009516,0.5987087643013214
577626,tan20250423t071100c00s4001-A,tan20250423t071100c00s4001,1,0.01341425567871758,0.5987087643013214
577627,tan20250423t054256c00s4001-B,tan20250423t054256c00s4001,1,0.4841799207483269,0.5987087643013214
577628,tan20250423t071100c00s4001-A,tan20250423t071100c00s4001,1,0.007675228508033747,0.5987087643013214
577629,tan20250423t054256c00s4001-B,tan20250423t054256c00s4001,1,0.6426498231184576,0.5987087643013214
577630,tan20250423t071100c00s4001-A,tan20250423t071100c00s4001,1,0.01969619972400072,0.5987087643013214
577631,tan20250423t054256c00s4001-B,tan20250423t054256c00s4001,1,0.43792211879043386,0.5987087643013214
577632,tan20250423t071100c00s4001-A,tan20250423t071100c00s4001,1,0.022914115592337532,0.5987087643013214
577633,tan20250423t054256c00s4001-B,tan20250423t054256c00s4001,0,0.45815270880140185,0.5987087643013214
577634,tan20250423t071100c00s4001-A,tan20250423t071100c00s4001,1,0.015389298983703606,0.5987087643013214
577635,tan20250423t054256c00s4001-B,tan20250423t054256c00s4001,0,0.036919660573682844,0.5987087643013214
577636,tan20250423t071100c00s4001-A,tan20250423t071100c00s4001,1,0.006907619077049883,0.5987087643013214
577637,tan20250423t054256c00s4001-B,tan20250423t054256c00s4001,0,0.015391831802304452,0.5987087643013214
577638,tan20250423t071100c00s4001-A,tan20250423t071100c00s4001,1,0.03631108842805432,0.5987087643013214
577639,tan20250423t054256c00s4001-B,tan20250423t054256c00s4001,0,0.020840490400415062,0.5987087643013214
577640,tan20250423t071100c00s4001-A,tan20250423t071100c00s4001,1,0.019061524393401946,0.5987087643013214
577641,tan20250423t054256c00s4001-B,tan20250423t054256c00s4001,0,0.010353454345035746,0.5987087643013214
577642,tan20250423t071100c00s4001-A,tan20250423t071100c00s4001,1,0.014321063462843715,0.5987087643013214
577643,tan20250423t054256c00s4001-B,tan20250423t054256c00s4001,0,0.3667868414909511,0.5987087643013214
577644,tan20250423t071100c00s4001-A,tan20250423t071100c00s4001,1,0.021094571788410347,0.5987087643013214
577645,tan20250423t054256c00s4001-B,tan20250423t054256c00s4001,0,0.07933278585927304,0.5987087643013214
577646,tan20250423t071100c00s4001-A,tan20250423t071100c00s4001,1,0.01480170613248495,0.5987087643013214
577647,tan20250423t054256c00s4001-B,tan20250423t054256c00s4001,0,0.19015406288087028,0.5987087643013214
577648,tan20250423t071100c00s4001-A,tan20250423t071100c00s4001,0,0.012028655662056454,0.5987087643013214
577649,tan20250423t054256c00s4001-B,tan20250423t054256c00s4001,0,0.010833594172181167,0.5987087643013214
577650,tan20250423t071100c00s4001-A,tan20250423t071100c00s4001,0,0.004027613702783977,0.5987087643013214
577651,tan20250423t054256c00s4001-B,tan20250423t054256c00s4001,0,0.00438753270742287,0.5987087643013214
577652,tan20250423t071100c00s4001-A,tan20250423t071100c00s4001,0,0.009251601554510642,0.5987087643013214
577653,tan20250423t054256c00s4001-B,tan20250423t054256c00s4001,0,0.015878144912772858,0.5987087643013214
577654,tan20250423t071100c00s4001-A,tan20250423t071100c00s4001,0,0.017727784204818832,0.5987087643013214
577655,tan20250423t054256c00s4001-B,tan20250423t054256c00s4001,0,0.39850548135728014,0.5987087643013214
577656,tan20250423t071100c00s4001-A,tan20250423t071100c00s4001,0,0.018479185085726265,0.5987087643013214
577657,tan20250423t054256c00s4001-B,tan20250423t054256c00s4001,0,0.0072800833116306645,0.5987087643013214
577658,tan20250423t071100c00s4001-A,tan20250423t071100c00s4001,0,0.007406623248779988,0.5987087643013214
577659,tan20250423t054256c00s4001-B,tan20250423t054256c00s4001,0,0.14938865629439924,0.5987087643013214
577660,tan20250423t071100c00s4001-A,tan20250423t071100c00s4001,0,0.021716478437783224,0.5987087643013214
577661,tan20250423t054256c00s4001-B,tan20250423t054256c00s4001,0,0.02428671956708908,0.5987087643013214
577662,tan20250423t071100c00s4001-A,tan20250423t071100c00s4001,0,0.013205813002233344,0.5987087643013214
577663,tan20250423t054256c00s4001-B,tan20250423t054256c00s4001,0,0.7464482623843127,0.5987087643013214
577664,tan20250423t071100c00s4001-A,tan20250423t071100c00s4001,0,0.008741884842838768,0.5987087643013214
577665,tan20250423t071100c00s4001-A,tan20250423t071100c00s4001,0,0.004285898984789625,0.5987087643013214
577666,tan20250423t071100c00s4001-A,tan20250423t071100c00s4001,0,0.009911072175444974,0.5987087643013214
577667,tan20250423t071100c00s4001-A,tan20250423t071100c00s4001,0,0.010265413202334395,0.5987087643013214
577968,tan20250423t071100c00s4001-A,tan20250423t071100c00s4001,0,0.0033481296441565276,0.5987087643013214
577969,tan20250423t071100c00s4001-A,tan20250423t071100c00s4001,0,0.002217898424915603,0.5987087643013214
577970,tan20250423t071100c00s4001-A,tan20250423t071100c00s4001,0,0.008492305903649966,0.5987087643013214
577971,tan20250423t180710c00s4001-A,tan20250423t180710c00s4001,1,0.8480388861804776,0.5987087643013214
577972,tan20250423t071100c00s4001-A,tan20250423t071100c00s4001,0,0.00578109571539228,0.5987087643013214
577973,tan20250423t180710c00s4001-A,tan20250423t180710c00s4001,1,0.9788652082287771,0.5987087643013214
577974,tan20250423t180710c00s4001-A,tan20250423t180710c00s4001,1,0.8961970292752552,0.5987087643013214
577975,tan20250423t180710c00s4001-A,tan20250423t180710c00s4001,1,0.9473117887388871,0.5987087643013214
577976,tan20250423t180710c00s4001-A,tan20250423t180710c00s4001,1,0.8184131694152567,0.5987087643013214
577977,tan20250423t180710c00s4001-A,tan20250423t180710c00s4001,1,0.9198302729325523,0.5987087643013214
577978,tan20250423t180710c00s4001-A,tan20250423t180710c00s4001,1,0.9739127612661668,0.5987087643013214
577979,tan20250427t060533c00s4001-A,tan20250427t060533c00s4001,1,0.16600584719504988,0.5987087643013214
577980,tan20250423t180710c00s4001-A,tan20250423t180710c00s4001,1,0.9555608038229411,0.5987087643013214
577981,tan20250427t060533c00s4001-A,tan20250427t060533c00s4001,1,0.7858240730193007,0.5987087643013214
577982,tan20250423t180710c00s4001-A,tan20250423t180710c00s4001,1,0.72177517593625,0.5987087643013214
577983,tan20250427t060533c00s4001-A,tan20250427t060533c00s4001,1,0.16600584719504988,0.5987087643013214
577984,tan20250423t180710c00s4001-A,tan20250423t180710c00s4001,1,0.9392064405512998,0.5987087643013214
577985,tan20250427t060533c00s4001-A,tan20250427t060533c00s4001,1,0.7999508062872406,0.5987087643013214
577986,tan20250423t180710c00s4001-A,tan20250423t180710c00s4001,1,0.8870576417518846,0.5987087643013214
577987,tan20250427t060533c00s4001-A,tan20250427t060533c00s4001,1,0.49245609320546335,0.5987087643013214
577988,tan20250423t180710c00s4001-A,tan20250423t180710c00s4001,1,0.9253060523219325,0.5987087643013214
577989,tan20250427t060533c00s4001-A,tan20250427t060533c00s4001,1,0.5575576979531038,0.5987087643013214
577990,tan20250423t180710c00s4001-A,tan20250423t180710c00s4001,1,0.8640413175904496,0.5987087643013214
577991,tan20250427t060533c00s4001-A,tan20250427t060533c00s4001,1,0.1779989756062891,0.5987087643013214
577992,tan20250423t180710c00s4001-A,tan20250423t180710c00s4001,1,0.8961970292752552,0.5987087643013214
577993,tan20250427t060533c00s4001-A,tan20250427t060533c00s4001,1,0.7149962613038179,0.5987087643013214
577994,tan20250423t180710c00s4001-A,tan20250423t180710c00s4001,1,0.8877494043779525,0.5987087643013214
577995,tan20250427t060533c00s4001-A,tan20250427t060533c00s4001,1,0.6313920463021835,0.5987087643013214
577996,tan20250423t180710c00s4001-A,tan20250423t180710c00s4001,1,0.7699837407933497,0.5987087643013214
577997,tan20250427t060533c00s4001-A,tan20250427t060533c00s4001,1,0.34744152850013027,0.5987087643013214
577998,tan20250423t180710c00s4001-A,tan20250423t180710c00s4001,0,0.2898429215428949,0.5987087643013214
577999,tan20250427t060533c00s4001-A,tan20250427t060533c00s4001,1,0.3895520827020673,0.5987087643013214
578000,tan20250423t180710c00s4001-A,tan20250423t180710c00s4001,0,0.3303552217184788,0.5987087643013214
578001,tan20250427t060533c00s4001-A,tan20250427t060533c00s4001,1,0.5184707800873359,0.5987087643013214
578002,tan20250423t180710c00s4001-A,tan20250423t180710c00s4001,0,0.12704518384080096,0.5987087643013214
578003,tan20250427t060533c00s4001-A,tan20250427t060533c00s4001,1,0.8298238502263509,0.5987087643013214
578004,tan20250423t180710c00s4001-A,tan20250423t180710c00s4001,0,0.11013891142444918,0.5987087643013214
578005,tan20250427t060533c00s4001-A,tan20250427t060533c00s4001,1,0.31461293348555575,0.5987087643013214
578006,tan20250423t180710c00s4001-A,tan20250423t180710c00s4001,0,0.8673679253456988,0.5987087643013214
578007,tan20250427t060533c00s4001-A,tan20250427t060533c00s4001,1,0.684216141176702,0.5987087643013214
578008,tan20250423t180710c00s4001-A,tan20250423t180710c00s4001,0,0.01479224669001991,0.5987087643013214
578009,tan20250427t060533c00s4001-A,tan20250427t060533c00s4001,1,0.24384090253740345,0.5987087643013214
578010,tan20250423t180710c00s4001-A,tan20250423t180710c00s4001,0,0.6233275755522749,0.5987087643013214
578011,tan20250427t060533c00s4001-A,tan20250427t060533c00s4001,0,0.0067781864452101355,0.5987087643013214
578012,tan20250423t180710c00s4001-A,tan20250423t180710c00s4001,0,0.30627190941461935,0.5987087643013214
578013,tan20250427t060533c00s4001-A,tan20250427t060533c00s4001,0,0.02937670694781883,0.5987087643013214
578014,tan20250423t180710c00s4001-A,tan20250423t180710c00s4001,0,0.642697031521885,0.5987087643013214
578015,tan20250427t060533c00s4001-A,tan20250427t060533c00s4001,0,0.008685545905048109,0.5987087643013214
578016,tan20250423t180710c00s4001-A,tan20250423t180710c00s4001,0,0.0059290743312239175,0.5987087643013214
578017,tan20250427t060533c00s4001-A,tan20250427t060533c00s4001,0,0.0032525881615289693,0.5987087643013214
578018,tan20250423t180710c00s4001-A,tan20250423t180710c00s4001,0,0.27928719400282165,0.5987087643013214
578019,tan20250427t060533c00s4001-A,tan20250427t060533c00s4001,0,0.004098427277077913,0.5987087643013214
578020,tan20250423t180710c00s4001-A,tan20250423t180710c00s4001,0,0.38377264816073015,0.5987087643013214
578021,tan20250427t060533c00s4001-A,tan20250427t060533c00s4001,0,0.0016931992305051669,0.5987087643013214
578022,tan20250423t180710c00s4001-A,tan20250423t180710c00s4001,0,0.7289511956514657,0.5987087643013214
578023,tan20250427t060533c00s4001-A,tan20250427t060533c00s4001,0,0.14037357503751519,0.5987087643013214
578024,tan20250423t180710c00s4001-A,tan20250423t180710c00s4001,0,0.8061122673828931,0.5987087643013214
578025,tan20250427t060533c00s4001-A,tan20250427t060533c00s4001,0,0.003243233730837711,0.5987087643013214
578026,tan20250423t180710c00s4001-A,tan20250423t180710c00s4001,0,0.5807679420387629,0.5987087643013214
578027,tan20250427t060533c00s4001-A,tan20250427t060533c00s4001,0,0.005168703226372343,0.5987087643013214
578028,tan20250423t180710c00s4001-A,tan20250423t180710c00s4001,0,0.9318652363966352,0.5987087643013214
578029,tan20250427t060533c00s4001-A,tan20250427t060533c00s4001,0,0.33405411115326566,0.5987087643013214
578030,tan20250427t060533c00s4001-A,tan20250427t060533c00s4001,0,0.006876288902150253,0.5987087643013214
578031,tan20250427t060533c00s4001-A,tan20250427t060533c00s4001,0,0.4796488074732488,0.5987087643013214
578032,tan20250427t165705c00s4001-A,tan20250427t165705c00s4001,1,0.8997383257525963,0.5987087643013214
578033,tan20250427t060533c00s4001-A,tan20250427t060533c00s4001,0,0.007153384086924569,0.5987087643013214
578034,tan20250427t165705c00s4001-A,tan20250427t165705c00s4001,1,0.8998806963902224,0.5987087643013214
578035,tan20250427t060533c00s4001-A,tan20250427t060533c00s4001,0,0.002883809911820292,0.5987087643013214
578036,tan20250427t165705c00s4001-A,tan20250427t165705c00s4001,1,0.7920494707439073,0.5987087643013214
578037,tan20250427t060533c00s4001-A,tan20250427t060533c00s4001,0,0.6033063302953288,0.5987087643013214
578038,tan20250427t165705c00s4001-A,tan20250427t165705c00s4001,1,0.4681053617149499,0.5987087643013214
578039,tan20250427t060533c00s4001-A,tan20250427t060533c00s4001,0,0.0021624607194336426,0.5987087643013214
578040,tan20250427t165705c00s4001-A,tan20250427t165705c00s4001,1,0.523922488306676,0.5987087643013214
578041,tan20250427t165705c00s4001-A,tan20250427t165705c00s4001,1,0.7969336122545053,0.5987087643013214
578042,tan20250427t165705c00s4001-A,tan20250427t165705c00s4001,1,0.6296546448009562,0.5987087643013214
578043,tan20250427t165705c00s4001-A,tan20250427t165705c00s4001,1,0.6296546448009562,0.5987087643013214
578044,tan20250430t180543c00s4001-F,tan20250430t180543c00s4001,1,0.7494350007830487,0.5987087643013214
578045,tan20250427t165705c00s4001-A,tan20250427t165705c00s4001,1,0.47719581128987926,0.5987087643013214
578046,tan20250430t180543c00s4001-F,tan20250430t180543c00s4001,1,0.8051915631600831,0.5987087643013214
578047,tan20250427t165705c00s4001-A,tan20250427t165705c00s4001,1,0.8007100593107468,0.5987087643013214
578049,tan20250427t165705c00s4001-A,tan20250427t165705c00s4001,1,0.8786582557775054,0.5987087643013214
578050,tan20250430t180543c00s4001-F,tan20250430t180543c00s4001,1,0.7356241616003472,0.5987087643013214
578051,tan20250427t165705c00s4001-A,tan20250427t165705c00s4001,1,0.5031038254934177,0.5987087643013214
578052,tan20250430t180543c00s4001-F,tan20250430t180543c00s4001,1,0.8486631967111834,0.5987087643013214
578053,tan20250427t165705c00s4001-A,tan20250427t165705c00s4001,1,0.8007100593107468,0.5987087643013214
578055,tan20250427t165705c00s4001-A,tan20250427t165705c00s4001,1,0.6934685522105904,0.5987087643013214
578057,tan20250427t165705c00s4001-A,tan20250427t165705c00s4001,1,0.8445044889779054,0.5987087643013214
578059,tan20250427t165705c00s4001-A,tan20250427t165705c00s4001,1,0.9199591787664914,0.5987087643013214
578061,tan20250427t165705c00s4001-A,tan20250427t165705c00s4001,0,0.0029835032760707073,0.5987087643013214
578062,tan20250430t180543c00s4001-F,tan20250430t180543c00s4001,1,0.8468438750980838,0.5987087643013214
578063,tan20250427t165705c00s4001-A,tan20250427t165705c00s4001,0,0.005012666275573013,0.5987087643013214
578065,tan20250427t165705c00s4001-A,tan20250427t165705c00s4001,0,0.13735061654167188,0.5987087643013214
578067,tan20250427t165705c00s4001-A,tan20250427t165705c00s4001,0,0.032631564696042704,0.5987087643013214
578069,tan20250427t165705c00s4001-A,tan20250427t165705c00s4001,0,0.012729336751494598,0.5987087643013214
578071,tan20250427t165705c00s4001-A,tan20250427t165705c00s4001,0,0.008148962363993543,0.5987087643013214
578073,tan20250427t165705c00s4001-A,tan20250427t165705c00s4001,0,0.004419657155814266,0.5987087643013214
578075,tan20250427t165705c00s4001-A,tan20250427t165705c00s4001,0,0.01131360939266298,0.5987087643013214
578077,tan20250427t165705c00s4001-A,tan20250427t165705c00s4001,0,0.0039140197961277205,0.5987087643013214
578079,tan20250427t165705c00s4001-A,tan20250427t165705c00s4001,0,0.006037719284310674,0.5987087643013214
578081,tan20250427t165705c00s4001-A,tan20250427t165705c00s4001,0,0.04104368285665934,0.5987087643013214
578083,tan20250427t165705c00s4001-A,tan20250427t165705c00s4001,0,0.1352855838342,0.5987087643013214
578084,tan20250430t180543c00s4001-F,tan20250430t180543c00s4001,0,0.10104169350791853,0.5987087643013214
578085,tan20250427t165705c00s4001-A,tan20250427t165705c00s4001,0,0.030553616644739993,0.5987087643013214
578086,tan20250430t180543c00s4001-F,tan20250430t180543c00s4001,0,0.7224385199577482,0.5987087643013214
578087,tan20250427t165705c00s4001-A,tan20250427t165705c00s4001,0,0.009427989135377578,0.5987087643013214
578089,tan20250427t165705c00s4001-A,tan20250427t165705c00s4001,0,0.05144088313102377,0.5987087643013214
578091,tan20250427t165705c00s4001-A,tan20250427t165705c00s4001,0,0.010810423569177847,0.5987087643013214
578093,tan20250430t180543c00s4001-F,tan20250430t180543c00s4001,0,0.11932089433898725,0.5987087643013214
578097,tan20250430t180543c00s4001-J,tan20250430t180543c00s4001,1,0.4864912825793326,0.5987087643013214
578099,tan20250430t180543c00s4001-J,tan20250430t180543c00s4001,1,0.9141904854132069,0.5987087643013214
578107,tan20250430t180543c00s4001-J,tan20250430t180543c00s4001,1,0.6977310185723192,0.5987087643013214
578110,tan20250430t180543c00s4001-K,tan20250430t180543c00s4001,1,0.951198556075835,0.5987087643013214
578141,tan20250430t180543c00s4001-J,tan20250430t180543c00s4001,0,0.6661009403006711,0.5987087643013214
578147,tan20250430t180543c00s4001-J,tan20250430t180543c00s4001,0,0.026592965201391417,0.5987087643013214
578150,tan20250430t180543c00s4001-K,tan20250430t180543c00s4001,0,0.7198451437796779,0.5987087643013214
578152,tan20250430t180543c00s4001-K,tan20250430t180543c00s4001,0,0.2545063748175496,0.5987087643013214
578155,tan20250430t180543c00s4001-J,tan20250430t180543c00s4001,0,0.384410493775263,0.5987087643013214
578156,tan20250430t180543c00s4001-K,tan20250430t180543c00s4001,0,0.2560268055563026,0.5987087643013214
578157,tan20250430t180543c00s4001-J,tan20250430t180543c00s4001,0,0.5110243503972995,0.5987087643013214
578158,tan20250430t180543c00s4001-K,tan20250430t180543c00s4001,0,0.22796360469718716,0.5987087643013214
578162,tan20250430t180543c00s4001-K,tan20250430t180543c00s4001,0,0.289762195546921,0.5987087643013214
578177,tan20250430t180543c00s4001-M,tan20250430t180543c00s4001,1,0.933508605604793,0.5987087643013214
578187,tan20250430t180543c00s4001-M,tan20250430t180543c00s4001,1,0.757721148212727,0.5987087643013214
578198,tan20250430t180543c00s4001-P,tan20250430t180543c00s4001,1,0.6632212778197714,0.5987087643013214
578202,tan20250430t180543c00s4001-P,tan20250430t180543c00s4001,0,0.5199889889096102,0.5987087643013214
578203,tan20250430t180543c00s4001-M,tan20250430t180543c00s4001,0,0.09476426898756127,0.5987087643013214
578204,tan20250430t180543c00s4001-P,tan20250430t180543c00s4001,0,0.04320100329757847,0.5987087643013214
578206,tan20250430t180543c00s4001-P,tan20250430t180543c00s4001,0,0.10980311632011712,0.5987087643013214
578227,tan20250430t180543c00s4001-R,tan20250430t180543c00s4001,1,0.9175514909290432,0.5987087643013214
578231,tan20250430t180543c00s4001-R,tan20250430t180543c00s4001,1,0.7765110081665638,0.5987087643013214
578232,tan20250430t180543c00s4001-R,tan20250430t180543c00s4001,1,0.8453019307808717,0.5987087643013214
578234,tan20250430t193530c00s4001-A,tan20250430t193530c00s4001,1,0.9820199126178201,0.5987087643013214
578236,tan20250430t193530c00s4001-A,tan20250430t193530c00s4001,1,0.9847129825958826,0.5987087643013214
578237,tan20250430t180543c00s4001-R,tan20250430t180543c00s4001,1,0.7760697769172364,0.5987087643013214
578238,tan20250430t193530c00s4001-A,tan20250430t193530c00s4001,1,0.9735885630186956,0.5987087643013214
578240,tan20250430t193530c00s4001-A,tan20250430t193530c00s4001,1,0.9812041902543941,0.5987087643013214
578242,tan20250430t193530c00s4001-A,tan20250430t193530c00s4001,1,0.9758580990058966,0.5987087643013214
578244,tan20250430t193530c00s4001-A,tan20250430t193530c00s4001,1,0.9700394181446828,0.5987087643013214
578246,tan20250430t193530c00s4001-A,tan20250430t193530c00s4001,1,0.9806862544959836,0.5987087643013214
578248,tan20250430t193530c00s4001-A,tan20250430t193530c00s4001,1,0.9708975370577335,0.5987087643013214
578250,tan20250430t193530c00s4001-A,tan20250430t193530c00s4001,1,0.973892353020276,0.5987087643013214
578252,tan20250430t193530c00s4001-A,tan20250430t193530c00s4001,1,0.966275712934028,0.5987087643013214
578254,tan20250430t193530c00s4001-A,tan20250430t193530c00s4001,1,0.9830843567368067,0.5987087643013214
578256,tan20250430t193530c00s4001-A,tan20250430t193530c00s4001,1,0.9801939100041651,0.5987087643013214
578258,tan20250430t193530c00s4001-A,tan20250430t193530c00s4001,1,0.9858727635601955,0.5987087643013214
578260,tan20250430t193530c00s4001-A,tan20250430t193530c00s4001,1,0.9780400542933713,0.5987087643013214
578262,tan20250430t193530c00s4001-A,tan20250430t193530c00s4001,1,0.9366574363900401,0.5987087643013214
578264,tan20250430t193530c00s4001-A,tan20250430t193530c00s4001,1,0.984157004659224,0.5987087643013214
578266,tan20250430t193530c00s4001-A,tan20250430t193530c00s4001,0,0.0013698827984534444,0.5987087643013214
578269,tan20250430t193530c00s4001-A,tan20250430t193530c00s4001,0,0.0018450333116065832,0.5987087643013214
578272,tan20250430t193530c00s4001-A,tan20250430t193530c00s4001,0,0.0060243886117223875,0.5987087643013214
578275,tan20250430t193530c00s4001-A,tan20250430t193530c00s4001,0,0.001808889642533792,0.5987087643013214
578282,tan20250430t193530c00s4001-A,tan20250430t193530c00s4001,0,0.008322445001864087,0.5987087643013214
578286,tan20250430t193530c00s4001-A,tan20250430t193530c00s4001,0,0.0037311720287843317,0.5987087643013214
578288,tan20250430t193530c00s4001-A,tan20250430t193530c00s4001,0,0.11378414622468956,0.5987087643013214
578290,tan20250430t193530c00s4001-A,tan20250430t193530c00s4001,0,0.0018626141724028995,0.5987087643013214
578292,tan20250430t193530c00s4001-A,tan20250430t193530c00s4001,0,0.009968979117003618,0.5987087643013214
578296,tan20250430t193530c00s4001-A,tan20250430t193530c00s4001,0,0.0013621668423979898,0.5987087643013214
578299,tan20250430t193530c00s4001-A,tan20250430t193530c00s4001,0,0.002460162560919651,0.5987087643013214
578301,tan20250430t193530c00s4001-A,tan20250430t193530c00s4001,0,0.001656539390238914,0.5987087643013214
578302,tan20250430t193530c00s4001-A,tan20250430t193530c00s4001,0,0.7132291280035772,0.5987087643013214
578304,tan20250430t193530c00s4001-A,tan20250430t193530c00s4001,0,0.0015940916565041702,0.5987087643013214
578305,tan20250502t071641c00s4001-A,tan20250502t071641c00s4001,1,0.002959797819098267,0.5987087643013214
578306,tan20250430t193530c00s4001-A,tan20250430t193530c00s4001,0,0.0023961843961766162,0.5987087643013214
578307,tan20250502t071641c00s4001-A,tan20250502t071641c00s4001,1,0.0020008514069411306,0.5987087643013214
578310,tan20250430t193530c00s4001-A,tan20250430t193530c00s4001,0,0.057770570379497156,0.5987087643013214
578311,tan20250502t071641c00s4001-A,tan20250502t071641c00s4001,1,0.00193990583968253,0.5987087643013214
578312,tan20250502t071641c00s4001-A,tan20250502t071641c00s4001,1,0.004507234023187637,0.5987087643013214
578313,tan20250502t071641c00s4001-A,tan20250502t071641c00s4001,1,0.003690580961782443,0.5987087643013214
578314,tan20250502t071641c00s4001-A,tan20250502t071641c00s4001,1,0.00524031572050719,0.5987087643013214
578316,tan20250502t071641c00s4001-A,tan20250502t071641c00s4001,1,0.0035227395304359343,0.5987087643013214
578318,tan20250502t071641c00s4001-A,tan20250502t071641c00s4001,1,0.0037715395695496977,0.5987087643013214
578320,tan20250502t071641c00s4001-A,tan20250502t071641c00s4001,1,0.002781734647284738,0.5987087643013214
578321,tan20250503t033800c00s4001-C,tan20250503t033800c00s4001,1,0.9312513725773622,0.5987087643013214
578322,tan20250502t071641c00s4001-A,tan20250502t071641c00s4001,1,0.0031439368386085033,0.5987087643013214
578324,tan20250502t071641c00s4001-A,tan20250502t071641c00s4001,1,0.0033777973756601966,0.5987087643013214
578326,tan20250502t071641c00s4001-A,tan20250502t071641c00s4001,1,0.005759017348786164,0.5987087643013214
578328,tan20250502t071641c00s4001-A,tan20250502t071641c00s4001,1,0.003577307905403299,0.5987087643013214
578330,tan20250502t071641c00s4001-A,tan20250502t071641c00s4001,1,0.004094176527023435,0.5987087643013214
578332,tan20250502t071641c00s4001-A,tan20250502t071641c00s4001,1,0.007357053216472613,0.5987087643013214
578334,tan20250502t071641c00s4001-A,tan20250502t071641c00s4001,1,0.004184672995100157,0.5987087643013214
578338,tan20250502t071641c00s4001-A,tan20250502t071641c00s4001,0,0.006081701270809766,0.5987087643013214
578341,tan20250502t071641c00s4001-A,tan20250502t071641c00s4001,0,0.011795434719309857,0.5987087643013214
578343,tan20250502t071641c00s4001-A,tan20250502t071641c00s4001,0,0.001893945911472772,0.5987087643013214
578345,tan20250502t071641c00s4001-A,tan20250502t071641c00s4001,0,0.008948190996416867,0.5987087643013214
578347,tan20250502t071641c00s4001-A,tan20250502t071641c00s4001,0,0.0021428602899271963,0.5987087643013214
578351,tan20250502t071641c00s4001-A,tan20250502t071641c00s4001,0,0.004269075143474607,0.5987087643013214
578352,tan20250503t033800c00s4001-C,tan20250503t033800c00s4001,0,0.010814429322721291,0.5987087643013214
578353,tan20250502t071641c00s4001-A,tan20250502t071641c00s4001,0,0.012945539999906497,0.5987087643013214
578356,tan20250502t071641c00s4001-A,tan20250502t071641c00s4001,0,0.006005665544609238,0.5987087643013214
578358,tan20250502t071641c00s4001-A,tan20250502t071641c00s4001,0,0.007356782983987315,0.5987087643013214
578360,tan20250502t071641c00s4001-A,tan20250502t071641c00s4001,0,0.006654141075947496,0.5987087643013214
578362,tan20250502t071641c00s4001-A,tan20250502t071641c00s4001,0,0.009156416414600228,0.5987087643013214
578364,tan20250502t071641c00s4001-A,tan20250502t071641c00s4001,0,0.0015940341114671322,0.5987087643013214
578366,tan20250502t071641c00s4001-A,tan20250502t071641c00s4001,0,0.0027159302126652427,0.5987087643013214
578368,tan20250502t071641c00s4001-A,tan20250502t071641c00s4001,0,0.004295180450160895,0.5987087643013214
578371,tan20250502t071641c00s4001-A,tan20250502t071641c00s4001,0,0.004746862085100727,0.5987087643013214
578376,tan20250502t071641c00s4001-A,tan20250502t071641c00s4001,0,0.0023710032453473874,0.5987087643013214
578377,tan20250503t033800c00s4001-C,tan20250503t033800c00s4001,0,0.9375852812144007,0.5987087643013214
578386,tan20250503t033800c00s4001-H,tan20250503t033800c00s4001,1,0.9198917390956663,0.5987087643013214
578391,tan20250503t033800c00s4001-K,tan20250503t033800c00s4001,1,0.9840560563550208,0.5987087643013214
578395,tan20250503t033800c00s4001-K,tan20250503t033800c00s4001,1,0.9830220720921453,0.5987087643013214
578396,tan20250503t033800c00s4001-H,tan20250503t033800c00s4001,1,0.90060901554345,0.5987087643013214
578399,tan20250503t033800c00s4001-K,tan20250503t033800c00s4001,1,0.9796746004228022,0.5987087643013214
578405,tan20250503t033800c00s4001-K,tan20250503t033800c00s4001,1,0.9813225303392693,0.5987087643013214
578411,tan20250503t033800c00s4001-K,tan20250503t033800c00s4001,1,0.9798440191169304,0.5987087643013214
578416,tan20250503t033800c00s4001-H,tan20250503t033800c00s4001,0,0.97574776763462,0.5987087643013214
578419,tan20250503t033800c00s4001-K,tan20250503t033800c00s4001,1,0.9826179414041754,0.5987087643013214
578434,tan20250503t033800c00s4001-H,tan20250503t033800c00s4001,0,0.8921326015705504,0.5987087643013214
578437,tan20250503t033800c00s4001-K,tan20250503t033800c00s4001,0,0.018823516457714566,0.5987087643013214
578441,tan20250503t033800c00s4001-K,tan20250503t033800c00s4001,0,0.01020358148050446,0.5987087643013214
578447,tan20250503t033800c00s4001-K,tan20250503t033800c00s4001,0,0.49072341198804836,0.5987087643013214
578463,tan20250503t033800c00s4001-N,tan20250503t033800c00s4001,1,0.9020243775045148,0.5987087643013214
578471,tan20250503t033800c00s4001-N,tan20250503t033800c00s4001,1,0.3151997205879676,0.5987087643013214
578481,tan20250503t033800c00s4001-N,tan20250503t033800c00s4001,1,0.19817050152325102,0.5987087643013214
578487,tan20250503t033800c00s4001-N,tan20250503t033800c00s4001,0,0.38366757996177364,0.5987087643013214
578489,tan20250503t033800c00s4001-N,tan20250503t033800c00s4001,0,0.0062767312890915986,0.5987087643013214
578492,tan20250503t033800c00s4001-M,tan20250503t033800c00s4001,0,0.004078814693595173,0.5987087643013214
578528,tan20250503t033800c00s4001-P,tan20250503t033800c00s4001,1,0.865007237795568,0.5987087643013214
578534,tan20250503t033800c00s4001-P,tan20250503t033800c00s4001,1,0.8758257185113083,0.5987087643013214
578536,tan20250503t033800c00s4001-P,tan20250503t033800c00s4001,0,0.2973022740223213,0.5987087643013214
578540,tan20250503t033800c00s4001-P,tan20250503t033800c00s4001,0,0.775240257816269,0.5987087643013214
578541,tan20250503t033800c00s4001-T,tan20250503t033800c00s4001,1,0.9849656736487729,0.5987087643013214
578555,tan20250503t033800c00s4001-T,tan20250503t033800c00s4001,0,0.3832718576470407,0.5987087643013214
578560,tan20250503t033800c00s4001-P,tan20250503t033800c00s4001,0,0.037305105705716726,0.5987087643013214
578686,tan20250504t140709c00s4001-A,tan20250504t140709c00s4001,0,0.7558492359166912,0.5987087643013214
578690,tan20250504t140709c00s4001-A,tan20250504t140709c00s4001,0,0.6187208949937318,0.5987087643013214
578691,tan20250503t033800c00s4001-U,tan20250503t033800c00s4001,1,0.9409490278982917,0.5987087643013214
578692,tan20250504t140709c00s4001-A,tan20250504t140709c00s4001,0,0.012520676933141614,0.5987087643013214
578697,tan20250504t140709c00s4001-A,tan20250504t140709c00s4001,0,0.0035934670731658683,0.5987087643013214
578705,tan20250504t140709c00s4001-A,tan20250504t140709c00s4001,0,0.00743820597330946,0.5987087643013214
578707,tan20250504t140709c00s4001-A,tan20250504t140709c00s4001,0,0.782068891862251,0.5987087643013214
578716,tan20250504t140709c00s4001-A,tan20250504t140709c00s4001,0,0.002185436678570575,0.5987087643013214
578717,tan20250503t033800c00s4001-U,tan20250503t033800c00s4001,0,0.0020280626409637935,0.5987087643013214
578718,tan20250504t140709c00s4001-A,tan20250504t140709c00s4001,0,0.1689703659542176,0.5987087643013214
578722,tan20250504t140709c00s4001-A,tan20250504t140709c00s4001,0,0.00840443714804993,0.5987087643013214
578728,tan20250504t140709c00s4001-A,tan20250504t140709c00s4001,0,0.009463812087528889,0.5987087643013214
578729,tan20250503t033800c00s4001-U,tan20250503t033800c00s4001,0,0.011784790320239668,0.5987087643013214
578737,tan20250504t140709c00s4001-A,tan20250504t140709c00s4001,0,0.047523082707944024,0.5987087643013214
578740,tan20250504t140709c00s4001-A,tan20250504t140709c00s4001,0,0.023942647318901503,0.5987087643013214
578742,tan20250504t140709c00s4001-A,tan20250504t140709c00s4001,0,0.0017931486890232762,0.5987087643013214
578746,tan20250504t140709c00s4001-A,tan20250504t140709c00s4001,0,0.00168435545714079,0.5987087643013214
578751,tan20250504t140709c00s4001-A,tan20250504t140709c00s4001,0,0.0028318912495643228,0.5987087643013214
578753,tan20250504t140709c00s4001-A,tan20250504t140709c00s4001,0,0.17627364147819086,0.5987087643013214
578756,tan20250505t065341c00s4001-A,tan20250505t065341c00s4001,1,0.24007596951917762,0.5987087643013214
578758,tan20250505t065341c00s4001-A,tan20250505t065341c00s4001,1,0.23729552132439216,0.5987087643013214
578760,tan20250505t065341c00s4001-A,tan20250505t065341c00s4001,1,0.3582225639969658,0.5987087643013214
578762,tan20250505t065341c00s4001-A,tan20250505t065341c00s4001,1,0.5492877373646248,0.5987087643013214
578763,tan20250505t065341c00s4001-A,tan20250505t065341c00s4001,1,0.6078688672391644,0.5987087643013214
578764,tan20250505t065341c00s4001-A,tan20250505t065341c00s4001,1,0.44980403490607257,0.5987087643013214
578870,tan20250505t065722c00s4001-A,tan20250505t065722c00s4001,0,0.03955919747691771,0.5987087643013214
578871,tan20250505t065341c00s4001-A,tan20250505t065341c00s4001,1,0.15064531661278893,0.5987087643013214
578887,tan20250505t065722c00s4001-A,tan20250505t065722c00s4001,0,0.007707983796516952,0.5987087643013214
578888,tan20250505t065341c00s4001-A,tan20250505t065341c00s4001,1,0.6453736168188853,0.5987087643013214
578903,tan20250505t065722c00s4001-A,tan20250505t065722c00s4001,0,0.008640726789122845,0.5987087643013214
578904,tan20250505t065341c00s4001-A,tan20250505t065341c00s4001,1,0.42278124623159713,0.5987087643013214
578912,tan20250505t065722c00s4001-A,tan20250505t065722c00s4001,0,0.009584200123800544,0.5987087643013214
578913,tan20250505t065341c00s4001-A,tan20250505t065341c00s4001,1,0.7689205367874574,0.5987087643013214
578973,tan20250505t065722c00s4001-A,tan20250505t065722c00s4001,0,0.010836766963969045,0.5987087643013214
578974,tan20250505t065341c00s4001-A,tan20250505t065341c00s4001,1,0.33117513344831623,0.5987087643013214
579009,tan20250505t065722c00s4001-A,tan20250505t065722c00s4001,0,0.014671400214931974,0.5987087643013214
579010,tan20250505t065341c00s4001-A,tan20250505t065341c00s4001,1,0.41333997499402214,0.5987087643013214
579016,tan20250505t065722c00s4001-A,tan20250505t065722c00s4001,0,0.03250126864053575,0.5987087643013214
579017,tan20250505t065341c00s4001-A,tan20250505t065341c00s4001,1,0.808606177612007,0.5987087643013214
579032,tan20250505t065722c00s4001-A,tan20250505t065722c00s4001,0,0.010352687755661925,0.5987087643013214
579033,tan20250505t065341c00s4001-A,tan20250505t065341c00s4001,1,0.626413955185061,0.5987087643013214
579052,tan20250505t065722c00s4001-A,tan20250505t065722c00s4001,0,0.03761656150169733,0.5987087643013214
579053,tan20250505t065341c00s4001-A,tan20250505t065341c00s4001,1,0.42849271168224135,0.5987087643013214
579071,tan20250505t065722c00s4001-A,tan20250505t065722c00s4001,0,0.10838346104065574,0.5987087643013214
579072,tan20250505t065341c00s4001-A,tan20250505t065341c00s4001,1,0.5255284688027504,0.5987087643013214
579075,tan20250505t065341c00s4001-A,tan20250505t065341c00s4001,0,0.02459898691178758,0.5987087643013214
579076,tan20250505t065341c00s4001-A,tan20250505t065341c00s4001,0,0.0021746911773131306,0.5987087643013214
579215,tan20250505t065722c00s4001-B,tan20250505t065722c00s4001,0,0.03014292630698945,0.5987087643013214
579216,tan20250505t065341c00s4001-A,tan20250505t065341c00s4001,0,0.007843539140832582,0.5987087643013214
579315,tan20250505t065722c00s4001-B,tan20250505t065722c00s4001,0,0.08869149622988072,0.5987087643013214
579316,tan20250505t065341c00s4001-A,tan20250505t065341c00s4001,0,0.8360273315776554,0.5987087643013214
579369,tan20250505t065722c00s4001-B,tan20250505t065722c00s4001,0,0.045532145480224856,0.5987087643013214
579370,tan20250505t065341c00s4001-A,tan20250505t065341c00s4001,0,0.055433439813998946,0.5987087643013214
579372,tan20250505t065722c00s4001-B,tan20250505t065722c00s4001,0,0.007039870794859962,0.5987087643013214
579375,tan20250505t065341c00s4001-A,tan20250505t065341c00s4001,0,0.07926387490106807,0.5987087643013214
579384,tan20250505t065341c00s4001-A,tan20250505t065341c00s4001,0,0.004525275506799008,0.5987087643013214
579385,tan20250505t065341c00s4001-A,tan20250505t065341c00s4001,0,0.412729294282743,0.5987087643013214
579386,tan20250505t065341c00s4001-A,tan20250505t065341c00s4001,0,0.13590974397294012,0.5987087643013214
579387,tan20250505t065341c00s4001-A,tan20250505t065341c00s4001,0,0.061013639487672876,0.5987087643013214
579489,tan20250507t163401c00s4001-B,tan20250507t163401c00s4001,0,0.016587857722416242,0.5987087643013214
579490,tan20250505t065341c00s4001-A,tan20250505t065341c00s4001,0,0.1721276992267604,0.5987087643013214
579493,tan20250507t163401c00s4001-B,tan20250507t163401c00s4001,0,0.04015681925520423,0.5987087643013214
579494,tan20250505t065341c00s4001-A,tan20250505t065341c00s4001,0,0.10804176463025204,0.5987087643013214
579497,tan20250507t163401c00s4001-B,tan20250507t163401c00s4001,0,0.5667183080652278,0.5987087643013214
579498,tan20250505t065341c00s4001-A,tan20250505t065341c00s4001,0,0.7396425319537592,0.5987087643013214
579500,tan20250507t163401c00s4001-B,tan20250507t163401c00s4001,0,0.016324601230420916,0.5987087643013214
579501,tan20250505t065341c00s4001-A,tan20250505t065341c00s4001,0,0.08261522948716003,0.5987087643013214
579504,tan20250507t163401c00s4001-B,tan20250507t163401c00s4001,0,0.00593615310417293,0.5987087643013214
579505,tan20250505t065341c00s4001-A,tan20250505t065341c00s4001,0,0.009204756697220012,0.5987087643013214
579515,tan20250507t163401c00s4001-B,tan20250507t163401c00s4001,0,0.008856733199815814,0.5987087643013214
579517,tan20250505t065341c00s4001-A,tan20250505t065341c00s4001,0,0.0014272427385992239,0.5987087643013214
579518,tan20250507t163401c00s4001-B,tan20250507t163401c00s4001,0,0.09004632140642377,0.5987087643013214
579520,tan20250507t163401c00s4001-B,tan20250507t163401c00s4001,0,0.28070401152576574,0.5987087643013214
579526,tan20250507t163401c00s4001-B,tan20250507t163401c00s4001,0,0.10688129197377108,0.5987087643013214
579527,tan20250509t103356c00s4001-A,tan20250509t103356c00s4001,1,0.7875057105573163,0.5987087643013214
579528,tan20250507t163401c00s4001-B,tan20250507t163401c00s4001,0,0.131858929794001,0.5987087643013214
579529,tan20250509t103356c00s4001-A,tan20250509t103356c00s4001,1,0.842248328844907,0.5987087643013214
579530,tan20250507t163401c00s4001-B,tan20250507t163401c00s4001,0,0.6714023657032818,0.5987087643013214
579531,tan20250509t103356c00s4001-A,tan20250509t103356c00s4001,1,0.7258761522466144,0.5987087643013214
579539,tan20250507t163401c00s4001-B,tan20250507t163401c00s4001,0,0.0335278879924768,0.5987087643013214
579540,tan20250509t103356c00s4001-A,tan20250509t103356c00s4001,1,0.7635937269594241,0.5987087643013214
579542,tan20250507t163401c00s4001-B,tan20250507t163401c00s4001,0,0.013104641156646151,0.5987087643013214
579543,tan20250509t103356c00s4001-A,tan20250509t103356c00s4001,1,0.8326676410643569,0.5987087643013214
579544,tan20250507t163401c00s4001-B,tan20250507t163401c00s4001,0,0.45307953680859875,0.5987087643013214
579545,tan20250509t103356c00s4001-A,tan20250509t103356c00s4001,1,0.5987087643013214,0.5987087643013214
579554,tan20250507t163401c00s4001-B,tan20250507t163401c00s4001,0,0.004398766878533387,0.5987087643013214
579555,tan20250509t103356c00s4001-A,tan20250509t103356c00s4001,1,0.8182484257106701,0.5987087643013214
579557,tan20250507t163401c00s4001-B,tan20250507t163401c00s4001,0,0.8345448589818447,0.5987087643013214
579558,tan20250509t103356c00s4001-A,tan20250509t103356c00s4001,1,0.583739007445786,0.5987087643013214
579559,tan20250509t103356c00s4001-A,tan20250509t103356c00s4001,1,0.7875057105573163,0.5987087643013214
579560,tan20250509t103356c00s4001-A,tan20250509t103356c00s4001,1,0.6205803505255687,0.5987087643013214
579561,tan20250509t103356c00s4001-A,tan20250509t103356c00s4001,1,0.8724023838829528,0.5987087643013214
579562,tan20250510t033900c00s4001-D,tan20250510t033900c00s4001,1,0.6225949626587437,0.5987087643013214
579563,tan20250509t103356c00s4001-A,tan20250509t103356c00s4001,1,0.8031457908319456,0.5987087643013214
579564,tan20250510t033900c00s4001-D,tan20250510t033900c00s4001,1,0.21855438507140623,0.5987087643013214
579565,tan20250509t103356c00s4001-A,tan20250509t103356c00s4001,1,0.8085292315675382,0.5987087643013214
579566,tan20250510t033900c00s4001-D,tan20250510t033900c00s4001,1,0.582189727796146,0.5987087643013214
579567,tan20250509t103356c00s4001-A,tan20250509t103356c00s4001,1,0.8297507022002026,0.5987087643013214
579568,tan20250510t033900c00s4001-D,tan20250510t033900c00s4001,1,0.1876596717578029,0.5987087643013214
579569,tan20250509t103356c00s4001-A,tan20250509t103356c00s4001,1,0.6317556034831546,0.5987087643013214
579570,tan20250510t033900c00s4001-D,tan20250510t033900c00s4001,1,0.13069499977590526,0.5987087643013214
579571,tan20250509t103356c00s4001-A,tan20250509t103356c00s4001,1,0.6924570759844778,0.5987087643013214
579572,tan20250510t033900c00s4001-D,tan20250510t033900c00s4001,1,0.292734581001397,0.5987087643013214
579573,tan20250509t103356c00s4001-A,tan20250509t103356c00s4001,0,0.02008320507804951,0.5987087643013214
579574,tan20250510t033900c00s4001-D,tan20250510t033900c00s4001,1,0.30198424816527764,0.5987087643013214
579575,tan20250509t103356c00s4001-A,tan20250509t103356c00s4001,0,0.16890223753455405,0.5987087643013214
579576,tan20250510t033900c00s4001-D,tan20250510t033900c00s4001,1,0.4625893825113813,0.5987087643013214
579577,tan20250509t103356c00s4001-A,tan20250509t103356c00s4001,0,0.8550071375712592,0.5987087643013214
579578,tan20250510t033900c00s4001-D,tan20250510t033900c00s4001,1,0.4625893825113813,0.5987087643013214
579579,tan20250509t103356c00s4001-A,tan20250509t103356c00s4001,0,0.040446468226776985,0.5987087643013214
579580,tan20250510t033900c00s4001-D,tan20250510t033900c00s4001,1,0.47142025274146465,0.5987087643013214
579581,tan20250509t103356c00s4001-A,tan20250509t103356c00s4001,0,0.011817292272921998,0.5987087643013214
579582,tan20250510t033900c00s4001-D,tan20250510t033900c00s4001,1,0.21855438507140623,0.5987087643013214
579583,tan20250509t103356c00s4001-A,tan20250509t103356c00s4001,0,0.011245106531795515,0.5987087643013214
579584,tan20250510t033900c00s4001-D,tan20250510t033900c00s4001,1,0.3843936588197124,0.5987087643013214
579585,tan20250509t103356c00s4001-A,tan20250509t103356c00s4001,0,0.02054446738625741,0.5987087643013214
579586,tan20250510t033900c00s4001-D,tan20250510t033900c00s4001,1,0.06829436622197643,0.5987087643013214
579587,tan20250509t103356c00s4001-A,tan20250509t103356c00s4001,0,0.7675322321236164,0.5987087643013214
579588,tan20250510t033900c00s4001-D,tan20250510t033900c00s4001,1,0.3658156361115473,0.5987087643013214
579589,tan20250509t103356c00s4001-A,tan20250509t103356c00s4001,0,0.013379898101256235,0.5987087643013214
579590,tan20250510t033900c00s4001-D,tan20250510t033900c00s4001,1,0.5905903352496503,0.5987087643013214
579591,tan20250509t103356c00s4001-A,tan20250509t103356c00s4001,0,0.019009130058108815,0.5987087643013214
579592,tan20250510t033900c00s4001-D,tan20250510t033900c00s4001,1,0.6225949626587437,0.5987087643013214
579593,tan20250509t103356c00s4001-A,tan20250509t103356c00s4001,0,0.03563561227910596,0.5987087643013214
579594,tan20250510t033900c00s4001-D,tan20250510t033900c00s4001,0,0.011802042852311023,0.5987087643013214
579595,tan20250509t103356c00s4001-A,tan20250509t103356c00s4001,0,0.8101426721873587,0.5987087643013214
579596,tan20250510t033900c00s4001-D,tan20250510t033900c00s4001,0,0.0222786661398987,0.5987087643013214
579597,tan20250509t103356c00s4001-A,tan20250509t103356c00s4001,0,0.04320000624165835,0.5987087643013214
579598,tan20250510t033900c00s4001-D,tan20250510t033900c00s4001,0,0.0028441033472244785,0.5987087643013214
579599,tan20250509t103356c00s4001-A,tan20250509t103356c00s4001,0,0.8986385603604489,0.5987087643013214
579600,tan20250510t033900c00s4001-D,tan20250510t033900c00s4001,0,0.002477554564017733,0.5987087643013214
579601,tan20250509t103356c00s4001-A,tan20250509t103356c00s4001,0,0.007876247459690332,0.5987087643013214
579602,tan20250510t033900c00s4001-D,tan20250510t033900c00s4001,0,0.13701130649328314,0.5987087643013214
579603,tan20250509t103356c00s4001-A,tan20250509t103356c00s4001,0,0.0225641617763592,0.5987087643013214
579605,tan20250510t033900c00s4001-D,tan20250510t033900c00s4001,0,0.3099702311034246,0.5987087643013214
579606,tan20250510t033900c00s4001-D,tan20250510t033900c00s4001,0,0.005854780430378615,0.5987087643013214
579607,tan20250510t033900c00s4001-D,tan20250510t033900c00s4001,0,0.03387312272947025,0.5987087643013214
579708,tan20250511t061031c00s4001-A,tan20250511t061031c00s4001,0,0.025660145725802108,0.5987087643013214
579709,tan20250510t033900c00s4001-D,tan20250510t033900c00s4001,0,0.0023301889392020854,0.5987087643013214
579711,tan20250511t061031c00s4001-A,tan20250511t061031c00s4001,0,0.55769728308697,0.5987087643013214
579712,tan20250510t033900c00s4001-D,tan20250510t033900c00s4001,0,0.19892758352577034,0.5987087643013214
579714,tan20250511t061031c00s4001-A,tan20250511t061031c00s4001,0,0.01451533674762927,0.5987087643013214
579715,tan20250510t033900c00s4001-D,tan20250510t033900c00s4001,0,0.21311106582183917,0.5987087643013214
579717,tan20250511t061031c00s4001-A,tan20250511t061031c00s4001,0,0.032693826034837274,0.5987087643013214
579718,tan20250510t033900c00s4001-D,tan20250510t033900c00s4001,0,0.02708446427585667,0.5987087643013214
579726,tan20250511t061031c00s4001-A,tan20250511t061031c00s4001,0,0.028842400403944247,0.5987087643013214
579727,tan20250510t033900c00s4001-D,tan20250510t033900c00s4001,0,0.0038993082376576824,0.5987087643013214
579730,tan20250511t061031c00s4001-A,tan20250511t061031c00s4001,0,0.003203676332348059,0.5987087643013214
579731,tan20250510t033900c00s4001-D,tan20250510t033900c00s4001,0,0.053007733765503134,0.5987087643013214
579735,tan20250511t061031c00s4001-A,tan20250511t061031c00s4001,0,0.012261455708174898,0.5987087643013214
579736,tan20250510t033900c00s4001-D,tan20250510t033900c00s4001,0,0.05088106330269464,0.5987087643013214
579738,tan20250511t061031c00s4001-A,tan20250511t061031c00s4001,0,0.004499401435447021,0.5987087643013214
579739,tan20250510t033900c00s4001-D,tan20250510t033900c00s4001,0,0.4272551304875499,0.5987087643013214
579742,tan20250511t061031c00s4001-A,tan20250511t061031c00s4001,0,0.01567841760471738,0.5987087643013214
579743,tan20250511t061031c00s4001-A,tan20250511t061031c00s4001,0,0.07450530008784167,0.5987087643013214
579746,tan20250511t061031c00s4001-A,tan20250511t061031c00s4001,0,0.022059372033164427,0.5987087643013214
579750,tan20250511t061031c00s4001-A,tan20250511t061031c00s4001,0,0.005768190888285666,0.5987087643013214
579751,tan20250512t175722c00s4001-G,tan20250512t175722c00s4001,1,0.4882949102442587,0.5987087643013214
579755,tan20250511t061031c00s4001-A,tan20250511t061031c00s4001,0,0.011194949687842633,0.5987087643013214
579756,tan20250512t175722c00s4001-G,tan20250512t175722c00s4001,1,0.6733629866586887,0.5987087643013214
579762,tan20250511t061031c00s4001-A,tan20250511t061031c00s4001,0,0.9516945815936759,0.5987087643013214
579763,tan20250512t175722c00s4001-G,tan20250512t175722c00s4001,1,0.6481956795524166,0.5987087643013214
579765,tan20250511t061031c00s4001-A,tan20250511t061031c00s4001,0,0.11344014847301469,0.5987087643013214
579766,tan20250512t175722c00s4001-G,tan20250512t175722c00s4001,1,0.6754910716256091,0.5987087643013214
579767,tan20250511t061031c00s4001-A,tan20250511t061031c00s4001,0,0.1365367576169562,0.5987087643013214
579768,tan20250512t175722c00s4001-G,tan20250512t175722c00s4001,1,0.8432204580753002,0.5987087643013214
579769,tan20250512t175722c00s4001-G,tan20250512t175722c00s4001,1,0.8460760489024338,0.5987087643013214
579770,tan20250512t175722c00s4001-G,tan20250512t175722c00s4001,1,0.6109820132423177,0.5987087643013214
579771,tan20250512t192646c00s4001-A,tan20250512t192646c00s4001,1,0.7461823108653303,0.5987087643013214
579772,tan20250512t175722c00s4001-G,tan20250512t175722c00s4001,1,0.772906642472046,0.5987087643013214
579773,tan20250512t192646c00s4001-A,tan20250512t192646c00s4001,1,0.6788271124950526,0.5987087643013214
579774,tan20250512t175722c00s4001-G,tan20250512t175722c00s4001,1,0.8899247282931336,0.5987087643013214
579775,tan20250512t192646c00s4001-A,tan20250512t192646c00s4001,1,0.5240215100268015,0.5987087643013214
579776,tan20250512t175722c00s4001-G,tan20250512t175722c00s4001,1,0.7359585154454789,0.5987087643013214
579777,tan20250512t192646c00s4001-A,tan20250512t192646c00s4001,1,0.7804665632780625,0.5987087643013214
579778,tan20250512t175722c00s4001-G,tan20250512t175722c00s4001,1,0.7978024928131521,0.5987087643013214
579779,tan20250512t192646c00s4001-A,tan20250512t192646c00s4001,1,0.9382647356292833,0.5987087643013214
579780,tan20250512t175722c00s4001-G,tan20250512t175722c00s4001,1,0.7720732874152764,0.5987087643013214
579781,tan20250512t192646c00s4001-A,tan20250512t192646c00s4001,1,0.6778886017847116,0.5987087643013214
579782,tan20250512t175722c00s4001-G,tan20250512t175722c00s4001,1,0.5348853288649655,0.5987087643013214
579783,tan20250512t192646c00s4001-A,tan20250512t192646c00s4001,1,0.7960239765009909,0.5987087643013214
579784,tan20250512t175722c00s4001-G,tan20250512t175722c00s4001,1,0.5541970673844347,0.5987087643013214
579785,tan20250512t192646c00s4001-A,tan20250512t192646c00s4001,1,0.7529612351494268,0.5987087643013214
579786,tan20250512t175722c00s4001-G,tan20250512t175722c00s4001,1,0.7584156421512376,0.5987087643013214
579787,tan20250512t192646c00s4001-A,tan20250512t192646c00s4001,1,0.8531792196459381,0.5987087643013214
579788,tan20250512t175722c00s4001-G,tan20250512t175722c00s4001,1,0.8769197229783118,0.5987087643013214
579789,tan20250512t192646c00s4001-A,tan20250512t192646c00s4001,1,0.7848921792665907,0.5987087643013214
579790,tan20250512t175722c00s4001-G,tan20250512t175722c00s4001,0,0.5591328028052773,0.5987087643013214
579791,tan20250512t192646c00s4001-A,tan20250512t192646c00s4001,1,0.779828289867071,0.5987087643013214
579792,tan20250512t175722c00s4001-G,tan20250512t175722c00s4001,0,0.8243781991979094,0.5987087643013214
579793,tan20250512t192646c00s4001-A,tan20250512t192646c00s4001,1,0.8804547859965977,0.5987087643013214
579794,tan20250512t175722c00s4001-G,tan20250512t175722c00s4001,0,0.3179024299984553,0.5987087643013214
579795,tan20250512t192646c00s4001-A,tan20250512t192646c00s4001,1,0.7782930124441041,0.5987087643013214
579796,tan20250512t175722c00s4001-G,tan20250512t175722c00s4001,0,0.932298188782203,0.5987087643013214
579797,tan20250512t192646c00s4001-A,tan20250512t192646c00s4001,1,0.7326486157785425,0.5987087643013214
579798,tan20250512t175722c00s4001-G,tan20250512t175722c00s4001,0,0.3182365991710642,0.5987087643013214
579799,tan20250512t192646c00s4001-A,tan20250512t192646c00s4001,1,0.6778886017847116,0.5987087643013214
579800,tan20250512t175722c00s4001-G,tan20250512t175722c00s4001,0,0.19813615130786866,0.5987087643013214
579801,tan20250512t192646c00s4001-A,tan20250512t192646c00s4001,1,0.7671834621254119,0.5987087643013214
579802,tan20250512t175722c00s4001-G,tan20250512t175722c00s4001,0,0.003410666116563254,0.5987087643013214
579804,tan20250512t175722c00s4001-G,tan20250512t175722c00s4001,0,0.36392575931767346,0.5987087643013214
579805,tan20250512t192646c00s4001-A,tan20250512t192646c00s4001,0,0.7432978231324505,0.5987087643013214
579806,tan20250512t175722c00s4001-G,tan20250512t175722c00s4001,0,0.2722088272799566,0.5987087643013214
579808,tan20250512t175722c00s4001-G,tan20250512t175722c00s4001,0,0.5756351916107358,0.5987087643013214
579811,tan20250512t175722c00s4001-G,tan20250512t175722c00s4001,0,0.022485822979561046,0.5987087643013214
579813,tan20250512t175722c00s4001-G,tan20250512t175722c00s4001,0,0.004001255862039578,0.5987087643013214
579815,tan20250512t175722c00s4001-G,tan20250512t175722c00s4001,0,0.148459163352067,0.5987087643013214
579818,tan20250512t192646c00s4001-A,tan20250512t192646c00s4001,0,0.0027137876357267187,0.5987087643013214
579819,tan20250512t175722c00s4001-G,tan20250512t175722c00s4001,0,0.07800506828371982,0.5987087643013214
579820,tan20250512t192646c00s4001-A,tan20250512t192646c00s4001,0,0.012212920606521994,0.5987087643013214
579821,tan20250512t175722c00s4001-G,tan20250512t175722c00s4001,0,0.12451402320385063,0.5987087643013214
579823,tan20250512t192646c00s4001-A,tan20250512t192646c00s4001,0,0.978726413012198,0.5987087643013214
579824,tan20250512t175722c00s4001-G,tan20250512t175722c00s4001,0,0.0016876499810041068,0.5987087643013214
579826,tan20250512t192646c00s4001-A,tan20250512t192646c00s4001,0,0.03254310635649974,0.5987087643013214
579827,tan20250512t192646c00s4001-A,tan20250512t192646c00s4001,0,0.004576305823731253,0.5987087643013214
579829,tan20250512t192646c00s4001-A,tan20250512t192646c00s4001,0,0.006533824801991388,0.5987087643013214
579933,tan20250512t192646c00s4001-C,tan20250512t192646c00s4001,0,0.18382069288802114,0.5987087643013214
579935,tan20250512t192646c00s4001-A,tan20250512t192646c00s4001,0,0.08155799308339105,0.5987087643013214
579952,tan20250512t192646c00s4001-A,tan20250512t192646c00s4001,0,0.037560529023831335,0.5987087643013214
579957,tan20250512t192646c00s4001-C,tan20250512t192646c00s4001,0,0.7007866192690357,0.5987087643013214
579959,tan20250514t163511c00s4001-D,tan20250514t163511c00s4001,1,0.6509573486903842,0.5987087643013214
579965,tan20250512t192646c00s4001-C,tan20250512t192646c00s4001,0,0.006006406573157445,0.5987087643013214
579966,tan20250514t163511c00s4001-D,tan20250514t163511c00s4001,1,0.5587550111414499,0.5987087643013214
579968,tan20250512t192646c00s4001-C,tan20250512t192646c00s4001,0,0.03871640735586947,0.5987087643013214
579969,tan20250514t163511c00s4001-D,tan20250514t163511c00s4001,1,0.5624854296140732,0.5987087643013214
579972,tan20250514t163511c00s4001-D,tan20250514t163511c00s4001,1,0.6023361647204653,0.5987087643013214
579982,tan20250514t163511c00s4001-D,tan20250514t163511c00s4001,1,0.642414680937088,0.5987087643013214
579995,tan20250514t163511c00s4001-D,tan20250514t163511c00s4001,1,0.48060054947012076,0.5987087643013214
580001,tan20250512t192646c00s4001-C,tan20250512t192646c00s4001,0,0.13858501875576257,0.5987087643013214
580002,tan20250514t163511c00s4001-D,tan20250514t163511c00s4001,1,0.6663229792983975,0.5987087643013214
580006,tan20250514t163511c00s4001-D,tan20250514t163511c00s4001,1,0.5716947392334334,0.5987087643013214
580007,tan20250512t192646c00s4001-C,tan20250512t192646c00s4001,0,0.03697609625072776,0.5987087643013214
580008,tan20250514t163511c00s4001-D,tan20250514t163511c00s4001,1,0.7351781802459368,0.5987087643013214
580011,tan20250512t192646c00s4001-C,tan20250512t192646c00s4001,0,0.03693558369253565,0.5987087643013214
580012,tan20250514t163511c00s4001-D,tan20250514t163511c00s4001,1,0.4486470933280897,0.5987087643013214
580013,tan20250514t163511c00s4001-D,tan20250514t163511c00s4001,1,0.2582761599099807,0.5987087643013214
580014,tan20250514t163511c00s4001-D,tan20250514t163511c00s4001,1,0.684039480701549,0.5987087643013214
580015,tan20250515t173133c00s4001-A,tan20250515t173133c00s4001,1,0.010192064863704978,0.5987087643013214
580016,tan20250514t163511c00s4001-D,tan20250514t163511c00s4001,1,0.45237344891716214,0.5987087643013214
580017,tan20250515t173133c00s4001-A,tan20250515t173133c00s4001,1,0.0078000600102583716,0.5987087643013214
580018,tan20250514t163511c00s4001-D,tan20250514t163511c00s4001,1,0.3462595792742713,0.5987087643013214
580019,tan20250515t173133c00s4001-A,tan20250515t173133c00s4001,1,0.13004749267011698,0.5987087643013214
580020,tan20250514t163511c00s4001-D,tan20250514t163511c00s4001,1,0.6064870136870313,0.5987087643013214
580021,tan20250515t173133c00s4001-A,tan20250515t173133c00s4001,1,0.030731615492784786,0.5987087643013214
580022,tan20250514t163511c00s4001-D,tan20250514t163511c00s4001,1,0.5673614211930165,0.5987087643013214
580023,tan20250515t173133c00s4001-A,tan20250515t173133c00s4001,1,0.03017934050448713,0.5987087643013214
580026,tan20250514t163511c00s4001-D,tan20250514t163511c00s4001,0,0.1642788478785409,0.5987087643013214
580027,tan20250515t173133c00s4001-A,tan20250515t173133c00s4001,1,0.33240520752793234,0.5987087643013214
580032,tan20250514t163511c00s4001-D,tan20250514t163511c00s4001,0,0.5893472451854294,0.5987087643013214
580033,tan20250515t173133c00s4001-A,tan20250515t173133c00s4001,1,0.016275463256352714,0.5987087643013214
580035,tan20250514t163511c00s4001-D,tan20250514t163511c00s4001,0,0.8553565421963503,0.5987087643013214
580036,tan20250515t173133c00s4001-A,tan20250515t173133c00s4001,1,0.005435810583738073,0.5987087643013214
580039,tan20250514t163511c00s4001-D,tan20250514t163511c00s4001,0,0.08894936521770747,0.5987087643013214
580040,tan20250515t173133c00s4001-A,tan20250515t173133c00s4001,1,0.0078000600102583716,0.5987087643013214
580041,tan20250514t163511c00s4001-D,tan20250514t163511c00s4001,0,0.03560769872219056,0.5987087643013214
580042,tan20250515t173133c00s4001-A,tan20250515t173133c00s4001,1,0.045196265023976445,0.5987087643013214
580043,tan20250514t163511c00s4001-D,tan20250514t163511c00s4001,0,0.8925828602300965,0.5987087643013214
580044,tan20250515t173133c00s4001-A,tan20250515t173133c00s4001,1,0.07463503358295658,0.5987087643013214
580056,tan20250514t163511c00s4001-D,tan20250514t163511c00s4001,0,0.010310827207697866,0.5987087643013214
580057,tan20250515t173133c00s4001-A,tan20250515t173133c00s4001,1,0.008947227466061995,0.5987087643013214
580067,tan20250514t163511c00s4001-D,tan20250514t163511c00s4001,0,0.033230663825794975,0.5987087643013214
580068,tan20250515t173133c00s4001-A,tan20250515t173133c00s4001,1,0.007292151279548707,0.5987087643013214
580073,tan20250514t163511c00s4001-D,tan20250514t163511c00s4001,0,0.02050518479238243,0.5987087643013214
580074,tan20250515t173133c00s4001-A,tan20250515t173133c00s4001,1,0.024332332547986453,0.5987087643013214
580076,tan20250514t163511c00s4001-D,tan20250514t163511c00s4001,0,0.06005626997103918,0.5987087643013214
580077,tan20250515t173133c00s4001-A,tan20250515t173133c00s4001,1,0.04178252463598674,0.5987087643013214
580078,tan20250514t163511c00s4001-D,tan20250514t163511c00s4001,0,0.009777832325980769,0.5987087643013214
580079,tan20250515t173133c00s4001-A,tan20250515t173133c00s4001,1,0.00527796825051121,0.5987087643013214
580081,tan20250514t163511c00s4001-D,tan20250514t163511c00s4001,0,0.005510015395139319,0.5987087643013214
580082,tan20250515t173133c00s4001-A,tan20250515t173133c00s4001,0,0.5845801272835442,0.5987087643013214
580084,tan20250514t163511c00s4001-D,tan20250514t163511c00s4001,0,0.0018899358841869864,0.5987087643013214
580085,tan20250515t173133c00s4001-A,tan20250515t173133c00s4001,0,0.7219068505665975,0.5987087643013214
580090,tan20250514t163511c00s4001-D,tan20250514t163511c00s4001,0,0.012286199767349858,0.5987087643013214
580091,tan20250515t173133c00s4001-A,tan20250515t173133c00s4001,0,0.8922754424731579,0.5987087643013214
580095,tan20250514t163511c00s4001-D,tan20250514t163511c00s4001,0,0.0031704656356923424,0.5987087643013214
580096,tan20250515t173133c00s4001-A,tan20250515t173133c00s4001,0,0.6462818083732094,0.5987087643013214
580097,tan20250514t163511c00s4001-D,tan20250514t163511c00s4001,0,0.013998476379929022,0.5987087643013214
580098,tan20250515t173133c00s4001-A,tan20250515t173133c00s4001,0,0.5242293364438287,0.5987087643013214
580099,tan20250515t173133c00s4001-A,tan20250515t173133c00s4001,0,0.8239612155966864,0.5987087643013214
580100,tan20250515t173133c00s4001-A,tan20250515t173133c00s4001,0,0.3491975712296039,0.5987087643013214
580101,tan20250517t112526c00s4001-A,tan20250517t112526c00s4001,1,0.9737051084604411,0.5987087643013214
580102,tan20250515t173133c00s4001-A,tan20250515t173133c00s4001,0,0.03993548462052962,0.5987087643013214
580104,tan20250515t173133c00s4001-A,tan20250515t173133c00s4001,0,0.1402318557348505,0.5987087643013214
580105,tan20250517t112526c00s4001-A,tan20250517t112526c00s4001,1,0.8718753344596248,0.5987087643013214
580106,tan20250515t173133c00s4001-A,tan20250515t173133c00s4001,0,0.04219312233046729,0.5987087643013214
580108,tan20250515t173133c00s4001-A,tan20250515t173133c00s4001,0,0.035072636352363816,0.5987087643013214
580110,tan20250515t173133c00s4001-A,tan20250515t173133c00s4001,0,0.03353362719449025,0.5987087643013214
580112,tan20250515t173133c00s4001-A,tan20250515t173133c00s4001,0,0.009176594383404083,0.5987087643013214
580114,tan20250515t173133c00s4001-A,tan20250515t173133c00s4001,0,0.035480126513058194,0.5987087643013214
580115,tan20250517t112526c00s4001-A,tan20250517t112526c00s4001,1,0.9716924140548611,0.5987087643013214
580116,tan20250515t173133c00s4001-A,tan20250515t173133c00s4001,0,0.00731706136565455,0.5987087643013214
580117,tan20250517t112526c00s4001-A,tan20250517t112526c00s4001,1,0.9836698465768615,0.5987087643013214
580118,tan20250515t173133c00s4001-A,tan20250515t173133c00s4001,0,0.0354777119112245,0.5987087643013214
580128,tan20250517t112526c00s4001-B,tan20250517t112526c00s4001,1,0.9420215178905781,0.5987087643013214
580129,tan20250517t112526c00s4001-A,tan20250517t112526c00s4001,1,0.9266277943538582,0.5987087643013214
580131,tan20250517t112526c00s4001-A,tan20250517t112526c00s4001,0,0.3127394032922285,0.5987087643013214
580134,tan20250517t112526c00s4001-B,tan20250517t112526c00s4001,1,0.8490932876416729,0.5987087643013214
580137,tan20250517t112526c00s4001-A,tan20250517t112526c00s4001,0,0.20042743633398696,0.5987087643013214
580138,tan20250517t112526c00s4001-B,tan20250517t112526c00s4001,1,0.8742615573317173,0.5987087643013214
580140,tan20250517t112526c00s4001-B,tan20250517t112526c00s4001,1,0.9096446340616294,0.5987087643013214
580143,tan20250517t112526c00s4001-A,tan20250517t112526c00s4001,0,0.006333317948287655,0.5987087643013214
580145,tan20250517t112526c00s4001-A,tan20250517t112526c00s4001,0,0.003320046755684347,0.5987087643013214
580146,tan20250517t112526c00s4001-B,tan20250517t112526c00s4001,1,0.9426280490659753,0.5987087643013214
580148,tan20250517t112526c00s4001-B,tan20250517t112526c00s4001,1,0.9381474198199945,0.5987087643013214
580149,tan20250517t112526c00s4001-A,tan20250517t112526c00s4001,0,0.011241878932853121,0.5987087643013214
580150,tan20250517t112526c00s4001-B,tan20250517t112526c00s4001,1,0.9557391523813303,0.5987087643013214
580151,tan20250517t112526c00s4001-A,tan20250517t112526c00s4001,0,0.007883290377306246,0.5987087643013214
580152,tan20250517t112526c00s4001-B,tan20250517t112526c00s4001,1,0.9317727748151313,0.5987087643013214
580156,tan20250517t112526c00s4001-B,tan20250517t112526c00s4001,0,0.1949283304286707,0.5987087643013214
580157,tan20250517t112526c00s4001-A,tan20250517t112526c00s4001,0,0.0029803903991443103,0.5987087643013214
580162,tan20250517t112526c00s4001-B,tan20250517t112526c00s4001,0,0.07954680281161153,0.5987087643013214
580163,tan20250517t112526c00s4001-B,tan20250517t112526c00s4001,0,0.001735320558059929,0.5987087643013214
580168,tan20250517t112526c00s4001-B,tan20250517t112526c00s4001,0,0.15300795470205664,0.5987087643013214
580169,tan20250517t112526c00s4001-C,tan20250517t112526c00s4001,1,0.69846208545483,0.5987087643013214
580174,tan20250517t112526c00s4001-B,tan20250517t112526c00s4001,0,0.0025744302816797216,0.5987087643013214
580176,tan20250517t112526c00s4001-B,tan20250517t112526c00s4001,0,0.002405348319115946,0.5987087643013214
580186,tan20250518t140729c00s4001-A,tan20250518t140729c00s4001,1,0.0558432034952865,0.5987087643013214
580187,tan20250517t112526c00s4001-C,tan20250517t112526c00s4001,1,0.9147533914058946,0.5987087643013214
580188,tan20250518t140729c00s4001-A,tan20250518t140729c00s4001,1,0.4286805416435044,0.5987087643013214
580190,tan20250518t140729c00s4001-A,tan20250518t140729c00s4001,1,0.9105922972955471,0.5987087643013214
580191,tan20250517t112526c00s4001-C,tan20250517t112526c00s4001,1,0.7959629941931402,0.5987087643013214
580192,tan20250518t140729c00s4001-A,tan20250518t140729c00s4001,1,0.10651327506047606,0.5987087643013214
580194,tan20250518t140729c00s4001-A,tan20250518t140729c00s4001,1,0.06284258686791787,0.5987087643013214
580196,tan20250518t140729c00s4001-A,tan20250518t140729c00s4001,1,0.5362379668926347,0.5987087643013214
580197,tan20250517t112526c00s4001-C,tan20250517t112526c00s4001,0,0.006682869885242592,0.5987087643013214
580198,tan20250518t140729c00s4001-A,tan20250518t140729c00s4001,1,0.9388335449696679,0.5987087643013214
580200,tan20250518t140729c00s4001-A,tan20250518t140729c00s4001,1,0.3525708351693827,0.5987087643013214
580202,tan20250518t140729c00s4001-A,tan20250518t140729c00s4001,1,0.9312925329455453,0.5987087643013214
580204,tan20250518t140729c00s4001-A,tan20250518t140729c00s4001,1,0.4882788926318257,0.5987087643013214
580206,tan20250518t140729c00s4001-A,tan20250518t140729c00s4001,1,0.7785555401394083,0.5987087643013214
580208,tan20250518t140729c00s4001-A,tan20250518t140729c00s4001,1,0.5845146537953871,0.5987087643013214
580209,tan20250517t112526c00s4001-C,tan20250517t112526c00s4001,0,0.0021817303206796276,0.5987087643013214
580210,tan20250518t140729c00s4001-A,tan20250518t140729c00s4001,1,0.5084690594788756,0.5987087643013214
580212,tan20250518t140729c00s4001-A,tan20250518t140729c00s4001,1,0.7076742417399264,0.5987087643013214
580214,tan20250518t140729c00s4001-A,tan20250518t140729c00s4001,1,0.3581988722598468,0.5987087643013214
580216,tan20250518t140729c00s4001-A,tan20250518t140729c00s4001,1,0.31553535208391265,0.5987087643013214
580218,tan20250518t140729c00s4001-A,tan20250518t140729c00s4001,0,0.002194780124996397,0.5987087643013214
580220,tan20250518t140729c00s4001-A,tan20250518t140729c00s4001,0,0.004529584284628585,0.5987087643013214
580222,tan20250518t140729c00s4001-A,tan20250518t140729c00s4001,0,0.00547919927886852,0.5987087643013214
580223,tan20250517t112526c00s4001-C,tan20250517t112526c00s4001,0,0.0382613675236434,0.5987087643013214
580224,tan20250518t140729c00s4001-A,tan20250518t140729c00s4001,0,0.0034002716807750035,0.5987087643013214
580226,tan20250518t140729c00s4001-A,tan20250518t140729c00s4001,0,0.0037499761202980093,0.5987087643013214
580227,tan20250518t140729c00s4001-A,tan20250518t140729c00s4001,0,0.08575383167510739,0.5987087643013214
580228,tan20250518t140729c00s4001-A,tan20250518t140729c00s4001,0,0.008539358838580959,0.5987087643013214
580229,tan20250518t140729c00s4001-A,tan20250518t140729c00s4001,0,0.08284042750011344,0.5987087643013214
580230,tan20250518t153202c00s4001-A,tan20250518t153202c00s4001,1,0.007453021711014476,0.5987087643013214
580231,tan20250518t140729c00s4001-A,tan20250518t140729c00s4001,0,0.005200250608170866,0.5987087643013214
580232,tan20250518t153202c00s4001-A,tan20250518t153202c00s4001,1,0.0838192123193889,0.5987087643013214
580233,tan20250518t140729c00s4001-A,tan20250518t140729c00s4001,0,0.5048408465090763,0.5987087643013214
580234,tan20250518t153202c00s4001-A,tan20250518t153202c00s4001,1,0.06117427125582679,0.5987087643013214
580235,tan20250518t140729c00s4001-A,tan20250518t140729c00s4001,0,0.00404365325408626,0.5987087643013214
580236,tan20250518t153202c00s4001-A,tan20250518t153202c00s4001,1,0.013219633405963846,0.5987087643013214
580237,tan20250518t140729c00s4001-A,tan20250518t140729c00s4001,0,0.002350323941763463,0.5987087643013214
580238,tan20250518t153202c00s4001-A,tan20250518t153202c00s4001,1,0.010098974950265014,0.5987087643013214
580239,tan20250518t140729c00s4001-A,tan20250518t140729c00s4001,0,0.007023032724533729,0.5987087643013214
580240,tan20250518t153202c00s4001-A,tan20250518t153202c00s4001,1,0.8304290435337767,0.5987087643013214
580241,tan20250518t140729c00s4001-A,tan20250518t140729c00s4001,0,0.07350650240188929,0.5987087643013214
580242,tan20250518t153202c00s4001-A,tan20250518t153202c00s4001,1,0.44140434973883624,0.5987087643013214
580243,tan20250518t153202c00s4001-A,tan20250518t153202c00s4001,1,0.025168873568789316,0.5987087643013214
580244,tan20250518t140729c00s4001-A,tan20250518t140729c00s4001,0,0.01280969350439406,0.5987087643013214
580245,tan20250518t153202c00s4001-A,tan20250518t153202c00s4001,1,0.013219633405963846,0.5987087643013214
580246,tan20250518t140729c00s4001-A,tan20250518t140729c00s4001,0,0.004990953707235482,0.5987087643013214
580247,tan20250518t153202c00s4001-A,tan20250518t153202c00s4001,1,0.8601484288972202,0.5987087643013214
580248,tan20250518t153202c00s4001-A,tan20250518t153202c00s4001,1,0.01882065482049573,0.5987087643013214
580249,tan20250518t153202c00s4001-A,tan20250518t153202c00s4001,1,0.5488738967871284,0.5987087643013214
580251,tan20250518t153202c00s4001-A,tan20250518t153202c00s4001,1,0.4715316077960574,0.5987087643013214
580253,tan20250518t153202c00s4001-A,tan20250518t153202c00s4001,1,0.06553620074596886,0.5987087643013214
580255,tan20250518t153202c00s4001-A,tan20250518t153202c00s4001,1,0.2892563459986361,0.5987087643013214
580257,tan20250518t153202c00s4001-A,tan20250518t153202c00s4001,1,0.07793757147902726,0.5987087643013214
580258,tan20250519t035438c00s4001-A,tan20250519t035438c00s4001,1,0.8026486132139891,0.5987087643013214
580259,tan20250518t153202c00s4001-A,tan20250518t153202c00s4001,0,0.15181448071488945,0.5987087643013214
580261,tan20250518t153202c00s4001-A,tan20250518t153202c00s4001,0,0.003550427274974821,0.5987087643013214
580263,tan20250518t153202c00s4001-A,tan20250518t153202c00s4001,0,0.006824728767257143,0.5987087643013214
580264,tan20250519t035438c00s4001-A,tan20250519t035438c00s4001,1,0.5945239958597495,0.5987087643013214
580265,tan20250518t153202c00s4001-A,tan20250518t153202c00s4001,0,0.012717600025158721,0.5987087643013214
580267,tan20250518t153202c00s4001-A,tan20250518t153202c00s4001,0,0.004741844335849582,0.5987087643013214
580269,tan20250518t153202c00s4001-A,tan20250518t153202c00s4001,0,0.019118682451051205,0.5987087643013214
580270,tan20250519t035438c00s4001-A,tan20250519t035438c00s4001,1,0.8076651332473588,0.5987087643013214
580271,tan20250518t153202c00s4001-A,tan20250518t153202c00s4001,0,0.030772167782916166,0.5987087643013214
580273,tan20250518t153202c00s4001-A,tan20250518t153202c00s4001,0,0.047441627576455446,0.5987087643013214
580275,tan20250518t153202c00s4001-A,tan20250518t153202c00s4001,0,0.004985011368621078,0.5987087643013214
580277,tan20250518t153202c00s4001-A,tan20250518t153202c00s4001,0,0.08175025877846667,0.5987087643013214
580279,tan20250518t153202c00s4001-A,tan20250518t153202c00s4001,0,0.06824101793638983,0.5987087643013214
580281,tan20250518t153202c00s4001-A,tan20250518t153202c00s4001,0,0.015693899570191332,0.5987087643013214
580283,tan20250518t153202c00s4001-A,tan20250518t153202c00s4001,0,0.005186778478084369,0.5987087643013214
580286,tan20250518t153202c00s4001-A,tan20250518t153202c00s4001,0,0.027652594439973564,0.5987087643013214
580288,tan20250518t153202c00s4001-A,tan20250518t153202c00s4001,0,0.01996672954883558,0.5987087643013214
580290,tan20250518t153202c00s4001-A,tan20250518t153202c00s4001,0,0.013206896732089607,0.5987087643013214
580297,tan20250519t035438c00s4001-B,tan20250519t035438c00s4001,1,0.027101336990597167,0.5987087643013214
580302,tan20250519t035438c00s4001-A,tan20250519t035438c00s4001,0,0.8452161900611538,0.5987087643013214
580303,tan20250519t035438c00s4001-B,tan20250519t035438c00s4001,1,0.0215974582110369,0.5987087643013214
580305,tan20250519t035438c00s4001-B,tan20250519t035438c00s4001,1,0.0594126174345335,0.5987087643013214
580313,tan20250519t035438c00s4001-B,tan20250519t035438c00s4001,1,0.04010892308993797,0.5987087643013214
580318,tan20250519t035438c00s4001-C,tan20250519t035438c00s4001,1,0.016425721701035626,0.5987087643013214
580322,tan20250519t035438c00s4001-C,tan20250519t035438c00s4001,1,0.2441241412081138,0.5987087643013214
580323,tan20250519t035438c00s4001-B,tan20250519t035438c00s4001,1,0.053957641997923994,0.5987087643013214
580327,tan20250519t035438c00s4001-B,tan20250519t035438c00s4001,0,0.004365723128981704,0.5987087643013214
580329,tan20250519t035438c00s4001-B,tan20250519t035438c00s4001,0,0.18032345154118648,0.5987087643013214
580331,tan20250519t035438c00s4001-B,tan20250519t035438c00s4001,0,0.005894912473297707,0.5987087643013214
580334,tan20250519t035438c00s4001-C,tan20250519t035438c00s4001,1,0.030013971869971477,0.5987087643013214
580336,tan20250519t035438c00s4001-C,tan20250519t035438c00s4001,1,0.09391688938209838,0.5987087643013214
580347,tan20250519t035438c00s4001-B,tan20250519t035438c00s4001,0,0.013402378962335539,0.5987087643013214
580351,tan20250519t035438c00s4001-B,tan20250519t035438c00s4001,0,0.002413115360557738,0.5987087643013214
580362,tan20250519t035438c00s4001-C,tan20250519t035438c00s4001,0,0.003717382426686223,0.5987087643013214
580364,tan20250519t035438c00s4001-C,tan20250519t035438c00s4001,0,0.3157235850061912,0.5987087643013214
580369,tan20250519t035438c00s4001-D,tan20250519t035438c00s4001,1,0.23507995095823192,0.5987087643013214
580370,tan20250519t035438c00s4001-C,tan20250519t035438c00s4001,0,0.018709931265593036,0.5987087643013214
580378,tan20250519t035438c00s4001-D,tan20250519t035438c00s4001,1,0.10563100378122835,0.5987087643013214
580394,tan20250519t035438c00s4001-D,tan20250519t035438c00s4001,0,0.3648103291520384,0.5987087643013214
580396,tan20250519t035438c00s4001-D,tan20250519t035438c00s4001,0,0.004612220929845702,0.5987087643013214
580413,tan20250519t035438c00s4001-E,tan20250519t035438c00s4001,0,0.0023428647358591727,0.5987087643013214
580434,tan20250519t035438c00s4001-F,tan20250519t035438c00s4001,1,0.32246592764264426,0.5987087643013214
580458,tan20250519t035438c00s4001-G,tan20250519t035438c00s4001,1,0.025564656207217477,0.5987087643013214
580463,tan20250519t035438c00s4001-F,tan20250519t035438c00s4001,0,0.01994864746373668,0.5987087643013214
580479,tan20250519t035438c00s4001-F,tan20250519t035438c00s4001,0,0.002151704796357819,0.5987087643013214
580488,tan20250519t035438c00s4001-F,tan20250519t035438c00s4001,0,0.002207943347458568,0.5987087643013214
580602,tan20250519t065949c00s4001-A,tan20250519t065949c00s4001,0,0.11135067940571296,0.5987087643013214
580615,tan20250519t065949c00s4001-A,tan20250519t065949c00s4001,0,0.015693696077595486,0.5987087643013214
580630,tan20250519t035438c00s4001-G,tan20250519t035438c00s4001,0,0.020774127394611618,0.5987087643013214
580632,tan20250519t065949c00s4001-A,tan20250519t065949c00s4001,0,0.0047258008742043466,0.5987087643013214
580649,tan20250519t065949c00s4001-A,tan20250519t065949c00s4001,0,0.08246336574381638,0.5987087643013214
580685,tan20250519t065949c00s4001-A,tan20250519t065949c00s4001,0,0.04585767104080355,0.5987087643013214
580693,tan20250519t065949c00s4001-B,tan20250519t065949c00s4001,1,0.9622175364613142,0.5987087643013214
580705,tan20250519t065949c00s4001-B,tan20250519t065949c00s4001,1,0.9131107533668774,0.5987087643013214
580706,tan20250519t065949c00s4001-A,tan20250519t065949c00s4001,0,0.2893396791407582,0.5987087643013214
580708,tan20250519t065949c00s4001-B,tan20250519t065949c00s4001,1,0.9114447045415004,0.5987087643013214
580709,tan20250519t065949c00s4001-B,tan20250519t065949c00s4001,1,0.922514167330682,0.5987087643013214
580713,tan20250519t065949c00s4001-C,tan20250519t065949c00s4001,1,0.9701724950515545,0.5987087643013214
580714,tan20250519t065949c00s4001-B,tan20250519t065949c00s4001,1,0.9040617560380033,0.5987087643013214
580715,tan20250519t065949c00s4001-C,tan20250519t065949c00s4001,1,0.9795036263572687,0.5987087643013214
580717,tan20250519t065949c00s4001-C,tan20250519t065949c00s4001,1,0.9570716843994626,0.5987087643013214
580718,tan20250519t065949c00s4001-B,tan20250519t065949c00s4001,1,0.9664914232441376,0.5987087643013214
580719,tan20250519t065949c00s4001-C,tan20250519t065949c00s4001,1,0.9217362432250116,0.5987087643013214
580721,tan20250519t065949c00s4001-C,tan20250519t065949c00s4001,1,0.9701724950515545,0.5987087643013214
580724,tan20250519t065949c00s4001-B,tan20250519t065949c00s4001,1,0.8989961688327172,0.5987087643013214
580730,tan20250519t065949c00s4001-C,tan20250519t065949c00s4001,1,0.9234372482792651,0.5987087643013214
580732,tan20250519t065949c00s4001-C,tan20250519t065949c00s4001,1,0.884541717804332,0.5987087643013214
580733,tan20250519t065949c00s4001-B,tan20250519t065949c00s4001,0,0.07922992140500897,0.5987087643013214
580739,tan20250519t065949c00s4001-C,tan20250519t065949c00s4001,1,0.8325910077966007,0.5987087643013214
580740,tan20250519t065949c00s4001-B,tan20250519t065949c00s4001,0,0.3497030969727507,0.5987087643013214
580741,tan20250519t065949c00s4001-C,tan20250519t065949c00s4001,1,0.9739796928513696,0.5987087643013214
580744,tan20250519t065949c00s4001-C,tan20250519t065949c00s4001,0,0.23078759014066383,0.5987087643013214
580748,tan20250519t065949c00s4001-C,tan20250519t065949c00s4001,0,0.09922619295257831,0.5987087643013214
580750,tan20250519t065949c00s4001-B,tan20250519t065949c00s4001,0,0.393252149336975,0.5987087643013214
580751,tan20250519t065949c00s4001-C,tan20250519t065949c00s4001,0,0.03833410223855475,0.5987087643013214
580753,tan20250519t065949c00s4001-B,tan20250519t065949c00s4001,0,0.20474293530913465,0.5987087643013214
580758,tan20250519t065949c00s4001-C,tan20250519t065949c00s4001,0,0.07985385493238983,0.5987087643013214
580765,tan20250519t065949c00s4001-C,tan20250519t065949c00s4001,0,0.30717784620607247,0.5987087643013214
580772,tan20250519t065949c00s4001-C,tan20250519t065949c00s4001,0,0.0708390753992097,0.5987087643013214
581076,tan20250521t090352c58s4001-A,tan20250521t090352c58s4001,1,0.9541177997830855,0.5987087643013214
581081,tan20250521t090352c58s4001-B,tan20250521t090352c58s4001,1,0.9221408570015497,0.5987087643013214
581082,tan20250521t090352c58s4001-A,tan20250521t090352c58s4001,1,0.9878335274229748,0.5987087643013214
581084,tan20250521t090352c58s4001-A,tan20250521t090352c58s4001,1,0.9878335274229748,0.5987087643013214
581085,tan20250521t090352c58s4001-B,tan20250521t090352c58s4001,1,0.905784937596249,0.5987087643013214
581091,tan20250521t090352c58s4001-B,tan20250521t090352c58s4001,1,0.75499637593618,0.5987087643013214
581092,tan20250521t090352c58s4001-A,tan20250521t090352c58s4001,1,0.9773241455355295,0.5987087643013214
581094,tan20250521t090352c58s4001-A,tan20250521t090352c58s4001,1,0.9828211277243927,0.5987087643013214
581095,tan20250521t090352c58s4001-B,tan20250521t090352c58s4001,1,0.9461355980077779,0.5987087643013214
581096,tan20250521t090352c58s4001-A,tan20250521t090352c58s4001,1,0.9584494492772568,0.5987087643013214
581098,tan20250521t090352c58s4001-A,tan20250521t090352c58s4001,1,0.9696898874294464,0.5987087643013214
581099,tan20250521t090352c58s4001-B,tan20250521t090352c58s4001,1,0.967838221341305,0.5987087643013214
581101,tan20250521t090352c58s4001-B,tan20250521t090352c58s4001,1,0.7005563065505908,0.5987087643013214
581102,tan20250521t090352c58s4001-A,tan20250521t090352c58s4001,1,0.9541177997830855,0.5987087643013214
581103,tan20250521t090352c58s4001-B,tan20250521t090352c58s4001,1,0.6926317150556722,0.5987087643013214
581111,tan20250521t090352c58s4001-B,tan20250521t090352c58s4001,1,0.9693036687790624,0.5987087643013214
581112,tan20250521t090352c58s4001-A,tan20250521t090352c58s4001,0,0.9474664325312266,0.5987087643013214
581113,tan20250521t090352c58s4001-B,tan20250521t090352c58s4001,0,0.00651378593757845,0.5987087643013214
581116,tan20250521t090352c58s4001-A,tan20250521t090352c58s4001,0,0.0031134259676340527,0.5987087643013214
581117,tan20250521t090352c58s4001-B,tan20250521t090352c58s4001,0,0.0029105817309749396,0.5987087643013214
581120,tan20250521t090352c58s4001-A,tan20250521t090352c58s4001,0,0.9807725576872183,0.5987087643013214
581121,tan20250521t090352c58s4001-B,tan20250521t090352c58s4001,0,0.02663232084433159,0.5987087643013214
581123,tan20250521t090352c58s4001-B,tan20250521t090352c58s4001,0,0.001629133101200903,0.5987087643013214
581126,tan20250521t090352c58s4001-A,tan20250521t090352c58s4001,0,0.03551517793530822,0.5987087643013214
581128,tan20250521t090352c58s4001-A,tan20250521t090352c58s4001,0,0.004778403816000405,0.5987087643013214
581129,tan20250521t090352c58s4001-B,tan20250521t090352c58s4001,0,0.04697742882533804,0.5987087643013214
581132,tan20250521t090352c58s4001-A,tan20250521t090352c58s4001,0,0.013005411228883752,0.5987087643013214
581133,tan20250521t090352c58s4001-B,tan20250521t090352c58s4001,0,0.026192673444553487,0.5987087643013214
581134,tan20250521t090352c58s4001-A,tan20250521t090352c58s4001,0,0.20633320811380476,0.5987087643013214
581137,tan20250521t090352c58s4001-B,tan20250521t090352c58s4001,0,0.9358490675318605,0.5987087643013214
581139,tan20250521t090352c58s4001-B,tan20250521t090352c58s4001,0,0.33967333415657197,0.5987087643013214
581253,tan20250527t184828c48s4001-A,tan20250527t184828c48s4001,0,0.006817577154442337,0.5987087643013214
581254,tan20250521t090352c58s4001-B,tan20250521t090352c58s4001,0,0.8115273529596428,0.5987087643013214
581673,tan20250527t184828c48s4001-B,tan20250527t184828c48s4001,0,0.4222645083716732,0.5987087643013214
581792,tan20250527t184828c48s4001-C,tan20250527t184828c48s4001,0,0.5726042305669772,0.5987087643013214
581954,tan20250527t184828c48s4001-C,tan20250527t184828c48s4001,0,0.009400339012542199,0.5987087643013214
581970,tan20250527t184828c48s4001-C,tan20250527t184828c48s4001,0,0.12720465107033674,0.5987087643013214
582439,tan20250528t090505c53s4001-G,tan20250528t090505c53s4001,0,0.11278726442473101,0.5987087643013214
582444,tan20250528t090505c53s4001-G,tan20250528t090505c53s4001,0,0.6286437499154881,0.5987087643013214
582445,tan20250529t050011c58s4001-A,tan20250529t050011c58s4001,1,0.9500053213596625,0.5987087643013214
582451,tan20250528t090505c53s4001-G,tan20250528t090505c53s4001,0,0.027303711361710968,0.5987087643013214
582452,tan20250529t050011c58s4001-A,tan20250529t050011c58s4001,1,0.9210654833635012,0.5987087643013214
582454,tan20250528t090505c53s4001-G,tan20250528t090505c53s4001,0,0.0024556193874439953,0.5987087643013214
582455,tan20250529t050011c58s4001-A,tan20250529t050011c58s4001,1,0.8750935321821616,0.5987087643013214
582461,tan20250528t090505c53s4001-G,tan20250528t090505c53s4001,0,0.004988237637593807,0.5987087643013214
582462,tan20250529t050011c58s4001-A,tan20250529t050011c58s4001,1,0.935830008502068,0.5987087643013214
582471,tan20250528t090505c53s4001-G,tan20250528t090505c53s4001,0,0.0015144954242029523,0.5987087643013214
582472,tan20250529t050011c58s4001-A,tan20250529t050011c58s4001,1,0.9594808904304925,0.5987087643013214
582473,tan20250528t090505c53s4001-G,tan20250528t090505c53s4001,0,0.003197170262207632,0.5987087643013214
582474,tan20250529t050011c58s4001-A,tan20250529t050011c58s4001,1,0.9509453375549286,0.5987087643013214
582475,tan20250528t090505c53s4001-G,tan20250528t090505c53s4001,0,0.9234621989891635,0.5987087643013214
582476,tan20250529t050011c58s4001-A,tan20250529t050011c58s4001,1,0.9553385751028952,0.5987087643013214
582487,tan20250528t090505c53s4001-G,tan20250528t090505c53s4001,0,0.20631495738848207,0.5987087643013214
582488,tan20250529t050011c58s4001-A,tan20250529t050011c58s4001,1,0.9544916589580705,0.5987087643013214
582489,tan20250528t090505c53s4001-G,tan20250528t090505c53s4001,0,0.11912144169408904,0.5987087643013214
582490,tan20250529t050011c58s4001-A,tan20250529t050011c58s4001,1,0.9593752798642757,0.5987087643013214
582492,tan20250528t090505c53s4001-G,tan20250528t090505c53s4001,0,0.13219598388606377,0.5987087643013214
582493,tan20250529t050011c58s4001-A,tan20250529t050011c58s4001,1,0.9609620324174873,0.5987087643013214
582496,tan20250528t090505c53s4001-G,tan20250528t090505c53s4001,0,0.14316975216283173,0.5987087643013214
582497,tan20250529t050011c58s4001-A,tan20250529t050011c58s4001,1,0.9173990435025221,0.5987087643013214
582502,tan20250528t090505c53s4001-G,tan20250528t090505c53s4001,0,0.7952632180395738,0.5987087643013214
582503,tan20250529t050011c58s4001-A,tan20250529t050011c58s4001,1,0.9092544875783817,0.5987087643013214
582519,tan20250528t090505c53s4001-G,tan20250528t090505c53s4001,0,0.41247120239384355,0.5987087643013214
582520,tan20250529t050011c58s4001-A,tan20250529t050011c58s4001,1,0.9563769961307573,0.5987087643013214
582538,tan20250528t090505c53s4001-G,tan20250528t090505c53s4001,0,0.40091258667212365,0.5987087643013214
582539,tan20250529t050011c58s4001-A,tan20250529t050011c58s4001,1,0.9330820757963275,0.5987087643013214
582547,tan20250528t090505c53s4001-G,tan20250528t090505c53s4001,0,0.23958986290153444,0.5987087643013214
582548,tan20250529t050011c58s4001-A,tan20250529t050011c58s4001,1,0.9544916589580705,0.5987087643013214
582549,tan20250529t050011c58s4001-A,tan20250529t050011c58s4001,1,0.8558991663986548,0.5987087643013214
582550,tan20250529t050011c58s4001-A,tan20250529t050011c58s4001,0,0.23275185471718574,0.5987087643013214
582552,tan20250529t050011c58s4001-A,tan20250529t050011c58s4001,0,0.0042625059407803,0.5987087643013214
582553,tan20250531t065058c58s4001-A,tan20250531t065058c58s4001,1,0.8933644866960055,0.5987087643013214
582554,tan20250529t050011c58s4001-A,tan20250529t050011c58s4001,0,0.04298360197108157,0.5987087643013214
582555,tan20250531t065058c58s4001-A,tan20250531t065058c58s4001,1,0.8661556200074221,0.5987087643013214
582558,tan20250529t050011c58s4001-A,tan20250529t050011c58s4001,0,0.008987000043209655,0.5987087643013214
582559,tan20250531t065058c58s4001-A,tan20250531t065058c58s4001,1,0.46658099917260654,0.5987087643013214
582561,tan20250529t050011c58s4001-A,tan20250529t050011c58s4001,0,0.0041481487292272376,0.5987087643013214
582562,tan20250531t065058c58s4001-A,tan20250531t065058c58s4001,1,0.71140681024156,0.5987087643013214
582564,tan20250529t050011c58s4001-A,tan20250529t050011c58s4001,0,0.0014598390344909653,0.5987087643013214
582565,tan20250531t065058c58s4001-A,tan20250531t065058c58s4001,1,0.40196013498168076,0.5987087643013214
582571,tan20250529t050011c58s4001-A,tan20250529t050011c58s4001,0,0.41929198712050847,0.5987087643013214
582572,tan20250531t065058c58s4001-A,tan20250531t065058c58s4001,1,0.05303228032446443,0.5987087643013214
582577,tan20250529t050011c58s4001-A,tan20250529t050011c58s4001,0,0.3429079577989006,0.5987087643013214
582578,tan20250531t065058c58s4001-A,tan20250531t065058c58s4001,1,0.6627233512145044,0.5987087643013214
582581,tan20250529t050011c58s4001-A,tan20250529t050011c58s4001,0,0.05783292164100918,0.5987087643013214
582582,tan20250531t065058c58s4001-A,tan20250531t065058c58s4001,1,0.626404247940896,0.5987087643013214
582584,tan20250529t050011c58s4001-A,tan20250529t050011c58s4001,0,0.002715568652472038,0.5987087643013214
582585,tan20250531t065058c58s4001-A,tan20250531t065058c58s4001,1,0.8605369463242257,0.5987087643013214
582587,tan20250529t050011c58s4001-A,tan20250529t050011c58s4001,0,0.7034729786199597,0.5987087643013214
582588,tan20250531t065058c58s4001-A,tan20250531t065058c58s4001,1,0.5584707891558022,0.5987087643013214
582590,tan20250529t050011c58s4001-A,tan20250529t050011c58s4001,0,0.0014260457340381392,0.5987087643013214
582591,tan20250531t065058c58s4001-A,tan20250531t065058c58s4001,1,0.6376054189636875,0.5987087643013214
582593,tan20250529t050011c58s4001-A,tan20250529t050011c58s4001,0,0.9728476396010727,0.5987087643013214
582594,tan20250531t065058c58s4001-A,tan20250531t065058c58s4001,1,0.8637595956041663,0.5987087643013214
582596,tan20250529t050011c58s4001-A,tan20250529t050011c58s4001,0,0.0034711052874867652,0.5987087643013214
582597,tan20250531t065058c58s4001-A,tan20250531t065058c58s4001,1,0.9123959767120932,0.5987087643013214
582598,tan20250529t050011c58s4001-A,tan20250529t050011c58s4001,0,0.003510257395396515,0.5987087643013214
582599,tan20250531t065058c58s4001-A,tan20250531t065058c58s4001,1,0.9372265598725331,0.5987087643013214
582600,tan20250529t050011c58s4001-A,tan20250529t050011c58s4001,0,0.017346342251539332,0.5987087643013214
582601,tan20250531t065058c58s4001-A,tan20250531t065058c58s4001,1,0.02847198883018105,0.5987087643013214
582602,tan20250531t065058c58s4001-A,tan20250531t065058c58s4001,1,0.18798799959377865,0.5987087643013214
582605,tan20250531t065058c58s4001-A,tan20250531t065058c58s4001,0,0.009631484024324462,0.5987087643013214
582607,tan20250531t065058c58s4001-A,tan20250531t065058c58s4001,0,0.0023433609078513276,0.5987087643013214
582610,tan20250531t065058c58s4001-A,tan20250531t065058c58s4001,0,0.0031947657471461492,0.5987087643013214
582911,tan20250531t065058c58s4001-A,tan20250531t065058c58s4001,0,0.4245504608781544,0.5987087643013214
582912,tan20250531t065058c58s4001-A,tan20250531t065058c58s4001,0,0.030543317682139477,0.5987087643013214
582913,tan20250531t095814c46s4001-C,tan20250531t095814c46s4001,1,0.6619512984424636,0.5987087643013214
582914,tan20250531t065058c58s4001-A,tan20250531t065058c58s4001,0,0.024459277366299426,0.5987087643013214
582915,tan20250531t095814c46s4001-C,tan20250531t095814c46s4001,1,0.41224715183776744,0.5987087643013214
582918,tan20250531t065058c58s4001-A,tan20250531t065058c58s4001,0,0.006731080500770251,0.5987087643013214
582919,tan20250531t095814c46s4001-C,tan20250531t095814c46s4001,1,0.8882785618719329,0.5987087643013214
582921,tan20250531t065058c58s4001-A,tan20250531t065058c58s4001,0,0.0136243949825163,0.5987087643013214
582922,tan20250531t095814c46s4001-C,tan20250531t095814c46s4001,1,0.47427861837525537,0.5987087643013214
582924,tan20250531t065058c58s4001-A,tan20250531t065058c58s4001,0,0.0036101597137616114,0.5987087643013214
582925,tan20250531t095814c46s4001-C,tan20250531t095814c46s4001,1,0.763867268163903,0.5987087643013214
582926,tan20250531t065058c58s4001-A,tan20250531t065058c58s4001,0,0.007291229529612096,0.5987087643013214
582927,tan20250531t095814c46s4001-C,tan20250531t095814c46s4001,1,0.7151563977524817,0.5987087643013214
582929,tan20250531t065058c58s4001-A,tan20250531t065058c58s4001,0,0.037025158358962,0.5987087643013214
582930,tan20250531t095814c46s4001-C,tan20250531t095814c46s4001,1,0.8190384626217585,0.5987087643013214
582933,tan20250531t065058c58s4001-A,tan20250531t065058c58s4001,0,0.0020868518614898576,0.5987087643013214
582934,tan20250531t095814c46s4001-C,tan20250531t095814c46s4001,1,0.38035103327903264,0.5987087643013214
582935,tan20250531t065058c58s4001-A,tan20250531t065058c58s4001,0,0.014923282565633772,0.5987087643013214
582936,tan20250531t095814c46s4001-C,tan20250531t095814c46s4001,1,0.7726085349312647,0.5987087643013214
582939,tan20250531t065058c58s4001-A,tan20250531t065058c58s4001,0,0.006688654788074577,0.5987087643013214
582940,tan20250531t095814c46s4001-C,tan20250531t095814c46s4001,1,0.8005755787886063,0.5987087643013214
582941,tan20250531t065058c58s4001-A,tan20250531t065058c58s4001,0,0.004067547478909363,0.5987087643013214
582942,tan20250531t095814c46s4001-C,tan20250531t095814c46s4001,1,0.8630049821675873,0.5987087643013214
582944,tan20250531t065058c58s4001-A,tan20250531t065058c58s4001,0,0.07078334194637619,0.5987087643013214
582945,tan20250531t095814c46s4001-C,tan20250531t095814c46s4001,1,0.6757747913223996,0.5987087643013214
582946,tan20250531t095814c46s4001-C,tan20250531t095814c46s4001,1,0.8371097302498399,0.5987087643013214
582947,tan20250531t095814c46s4001-C,tan20250531t095814c46s4001,1,0.6549971866953576,0.5987087643013214
582949,tan20250531t095814c46s4001-C,tan20250531t095814c46s4001,1,0.5508519004121922,0.5987087643013214
582950,tan20250602t192624c08s4001-A,tan20250602t192624c08s4001,1,0.501149116503229,0.5987087643013214
582951,tan20250531t095814c46s4001-C,tan20250531t095814c46s4001,1,0.6379462960739162,0.5987087643013214
582953,tan20250531t095814c46s4001-C,tan20250531t095814c46s4001,0,0.010167355875505043,0.5987087643013214
582956,tan20250531t095814c46s4001-C,tan20250531t095814c46s4001,0,0.050616745081017385,0.5987087643013214
582958,tan20250531t095814c46s4001-C,tan20250531t095814c46s4001,0,0.03819234612724853,0.5987087643013214
582960,tan20250531t095814c46s4001-C,tan20250531t095814c46s4001,0,0.006767519293672548,0.5987087643013214
582962,tan20250531t095814c46s4001-C,tan20250531t095814c46s4001,0,0.03249639227576166,0.5987087643013214
582963,tan20250602t192624c08s4001-A,tan20250602t192624c08s4001,1,0.7335232663973762,0.5987087643013214
582964,tan20250531t095814c46s4001-C,tan20250531t095814c46s4001,0,0.2234172906920634,0.5987087643013214
582965,tan20250602t192624c08s4001-A,tan20250602t192624c08s4001,1,0.7367523461432075,0.5987087643013214
582966,tan20250531t095814c46s4001-C,tan20250531t095814c46s4001,0,0.009118045918476956,0.5987087643013214
582968,tan20250531t095814c46s4001-C,tan20250531t095814c46s4001,0,0.0066331907826467015,0.5987087643013214
582970,tan20250531t095814c46s4001-C,tan20250531t095814c46s4001,0,0.012651767095359655,0.5987087643013214
582972,tan20250531t095814c46s4001-C,tan20250531t095814c46s4001,0,0.186777250678921,0.5987087643013214
582974,tan20250531t095814c46s4001-C,tan20250531t095814c46s4001,0,0.08772245499422905,0.5987087643013214
582976,tan20250531t095814c46s4001-C,tan20250531t095814c46s4001,0,0.032554164938853054,0.5987087643013214
582978,tan20250531t095814c46s4001-C,tan20250531t095814c46s4001,0,0.10739005764706999,0.5987087643013214
582980,tan20250531t095814c46s4001-C,tan20250531t095814c46s4001,0,0.010564127428923622,0.5987087643013214
582982,tan20250531t095814c46s4001-C,tan20250531t095814c46s4001,0,0.06526640383603673,0.5987087643013214
582984,tan20250531t095814c46s4001-C,tan20250531t095814c46s4001,0,0.00924857029383003,0.5987087643013214
582995,tan20250602t192624c08s4001-A,tan20250602t192624c08s4001,0,0.0029537532147514865,0.5987087643013214
582996,tan20250602t192624c08s4001-B,tan20250602t192624c08s4001,1,0.8544167611128703,0.5987087643013214
583001,tan20250602t192624c08s4001-A,tan20250602t192624c08s4001,0,0.002332725421793208,0.5987087643013214
583002,tan20250602t192624c08s4001-B,tan20250602t192624c08s4001,1,0.9205045589912285,0.5987087643013214
583023,tan20250602t192624c08s4001-D,tan20250602t192624c08s4001,1,0.9512019172686519,0.5987087643013214
583026,tan20250602t192624c08s4001-B,tan20250602t192624c08s4001,0,0.0027256918637536816,0.5987087643013214
583027,tan20250602t192624c08s4001-D,tan20250602t192624c08s4001,1,0.9666359498187321,0.5987087643013214
583044,tan20250602t192624c08s4001-B,tan20250602t192624c08s4001,0,0.002763043431401925,0.5987087643013214
583052,tan20250602t192624c08s4001-E,tan20250602t192624c08s4001,1,0.8848492712290339,0.5987087643013214
583053,tan20250602t192624c08s4001-D,tan20250602t192624c08s4001,0,0.002823179916887097,0.5987087643013214
583059,tan20250602t192624c08s4001-D,tan20250602t192624c08s4001,0,0.0015558056493135076,0.5987087643013214
583061,tan20250602t192624c08s4001-D,tan20250602t192624c08s4001,0,0.006767608949512605,0.5987087643013214
583062,tan20250602t192624c08s4001-E,tan20250602t192624c08s4001,1,0.601355526669422,0.5987087643013214
583064,tan20250602t192624c08s4001-E,tan20250602t192624c08s4001,1,0.553273453639937,0.5987087643013214
583065,tan20250602t192624c08s4001-D,tan20250602t192624c08s4001,0,0.001687760103758238,0.5987087643013214
583066,tan20250602t192624c08s4001-E,tan20250602t192624c08s4001,1,0.6257828590076188,0.5987087643013214
583072,tan20250602t192624c08s4001-E,tan20250602t192624c08s4001,1,0.4489056863137065,0.5987087643013214
583080,tan20250602t192624c08s4001-E,tan20250602t192624c08s4001,1,0.07613324185097409,0.5987087643013214
583091,tan20250602t192624c08s4001-F,tan20250602t192624c08s4001,1,0.9210176321210245,0.5987087643013214
583092,tan20250602t192624c08s4001-E,tan20250602t192624c08s4001,0,0.7993484864358689,0.5987087643013214
583095,tan20250602t192624c08s4001-F,tan20250602t192624c08s4001,1,0.8797733404061402,0.5987087643013214
583099,tan20250602t192624c08s4001-F,tan20250602t192624c08s4001,1,0.3211856157806468,0.5987087643013214
583106,tan20250602t192624c08s4001-E,tan20250602t192624c08s4001,0,0.009262023784103823,0.5987087643013214
583108,tan20250602t192624c08s4001-E,tan20250602t192624c08s4001,0,0.011219138409404849,0.5987087643013214
583114,tan20250602t192624c08s4001-F,tan20250602t192624c08s4001,0,0.007350783412785706,0.5987087643013214
583115,tan20250602t192624c08s4001-F,tan20250602t192624c08s4001,0,0.002311828005927699,0.5987087643013214
583116,tan20250604t102352c58s4001-A,tan20250604t102352c58s4001,1,0.7794200611165919,0.5987087643013214
583118,tan20250604t102352c58s4001-A,tan20250604t102352c58s4001,1,0.4616862636465836,0.5987087643013214
583119,tan20250602t192624c08s4001-F,tan20250602t192624c08s4001,0,0.007003345505936712,0.5987087643013214
583120,tan20250604t102352c58s4001-A,tan20250604t102352c58s4001,1,0.33687815461629383,0.5987087643013214
583121,tan20250602t192624c08s4001-F,tan20250602t192624c08s4001,0,0.0231880138556226,0.5987087643013214
583122,tan20250604t102352c58s4001-A,tan20250604t102352c58s4001,1,0.3716419037967003,0.5987087643013214
583124,tan20250604t102352c58s4001-A,tan20250604t102352c58s4001,1,0.6996423566398884,0.5987087643013214
583126,tan20250604t102352c58s4001-A,tan20250604t102352c58s4001,1,0.4391554139930642,0.5987087643013214
583128,tan20250604t102352c58s4001-A,tan20250604t102352c58s4001,1,0.5677627613630006,0.5987087643013214
583129,tan20250602t192624c08s4001-F,tan20250602t192624c08s4001,0,0.2090993822622211,0.5987087643013214
583130,tan20250604t102352c58s4001-A,tan20250604t102352c58s4001,1,0.776696271434322,0.5987087643013214
583132,tan20250604t102352c58s4001-A,tan20250604t102352c58s4001,1,0.8162453557251398,0.5987087643013214
583134,tan20250604t102352c58s4001-A,tan20250604t102352c58s4001,1,0.7677749020570851,0.5987087643013214
583136,tan20250604t102352c58s4001-A,tan20250604t102352c58s4001,1,0.6784197514494373,0.5987087643013214
583138,tan20250604t102352c58s4001-A,tan20250604t102352c58s4001,1,0.13408878234620553,0.5987087643013214
583139,tan20250604t102352c58s4001-A,tan20250604t102352c58s4001,1,0.7945926551196478,0.5987087643013214
583140,tan20250604t102352c58s4001-A,tan20250604t102352c58s4001,1,0.13540023328701295,0.5987087643013214
583255,tan20250606t055124c12s4001-A,tan20250606t055124c12s4001,0,0.001481199370543469,0.5987087643013214
583256,tan20250604t102352c58s4001-A,tan20250604t102352c58s4001,1,0.6882344524917733,0.5987087643013214
583276,tan20250606t055124c12s4001-A,tan20250606t055124c12s4001,0,0.023255656633075137,0.5987087643013214
583277,tan20250604t102352c58s4001-A,tan20250604t102352c58s4001,1,0.3263424347685269,0.5987087643013214
583296,tan20250604t102352c58s4001-A,tan20250604t102352c58s4001,0,0.24726679173716826,0.5987087643013214
583316,tan20250606t055124c12s4001-A,tan20250606t055124c12s4001,0,0.0023843673043245452,0.5987087643013214
583317,tan20250604t102352c58s4001-A,tan20250604t102352c58s4001,0,0.4528904696751839,0.5987087643013214
583324,tan20250604t102352c58s4001-A,tan20250604t102352c58s4001,0,0.25104924758751657,0.5987087643013214
583338,tan20250606t055124c12s4001-A,tan20250606t055124c12s4001,0,0.00870118398279447,0.5987087643013214
583339,tan20250604t102352c58s4001-A,tan20250604t102352c58s4001,0,0.08577741615555022,0.5987087643013214
583365,tan20250604t102352c58s4001-A,tan20250604t102352c58s4001,0,0.28095735594123045,0.5987087643013214
583367,tan20250606t055124c12s4001-A,tan20250606t055124c12s4001,0,0.002345891560872601,0.5987087643013214
583368,tan20250604t102352c58s4001-A,tan20250604t102352c58s4001,0,0.5415664054943633,0.5987087643013214
583379,tan20250606t055124c12s4001-A,tan20250606t055124c12s4001,0,0.0014788669220643694,0.5987087643013214
583380,tan20250604t102352c58s4001-A,tan20250604t102352c58s4001,0,0.5155723047578502,0.5987087643013214
583388,tan20250604t102352c58s4001-A,tan20250604t102352c58s4001,0,0.1369908040878879,0.5987087643013214
583390,tan20250606t055124c12s4001-A,tan20250606t055124c12s4001,0,0.02463750027554325,0.5987087643013214
583391,tan20250604t102352c58s4001-A,tan20250604t102352c58s4001,0,0.21629655744011536,0.5987087643013214
583399,tan20250604t102352c58s4001-A,tan20250604t102352c58s4001,0,0.46494493550606664,0.5987087643013214
583405,tan20250606t055124c12s4001-A,tan20250606t055124c12s4001,0,0.004063087665693145,0.5987087643013214
583406,tan20250604t102352c58s4001-A,tan20250604t102352c58s4001,0,0.6602197330693816,0.5987087643013214
583423,tan20250606t055124c12s4001-A,tan20250606t055124c12s4001,0,0.005611407895026836,0.5987087643013214
583424,tan20250604t102352c58s4001-A,tan20250604t102352c58s4001,0,0.01426298080070982,0.5987087643013214
583440,tan20250606t055124c12s4001-A,tan20250606t055124c12s4001,0,0.004098827941718913,0.5987087643013214
583441,tan20250604t102352c58s4001-A,tan20250604t102352c58s4001,0,0.5508198818649194,0.5987087643013214
583455,tan20250606t055124c12s4001-A,tan20250606t055124c12s4001,0,0.002416479048850156,0.5987087643013214
583456,tan20250604t102352c58s4001-A,tan20250604t102352c58s4001,0,0.06514289377971842,0.5987087643013214
583457,tan20250604t102352c58s4001-A,tan20250604t102352c58s4001,0,0.5241066220265563,0.5987087643013214
583458,tan20250604t102352c58s4001-A,tan20250604t102352c58s4001,0,0.3367073770119227,0.5987087643013214
584304,tan20250606t072724c60s4001-A,tan20250606t072724c60s4001,0,0.8006907091046764,0.5987087643013214
584317,tan20250606t072724c60s4001-A,tan20250606t072724c60s4001,0,0.28653034406303357,0.5987087643013214
584319,tan20250606t055124c12s4001-O,tan20250606t055124c12s4001,0,0.010629253623984614,0.5987087643013214
584321,tan20250606t072724c60s4001-A,tan20250606t072724c60s4001,0,0.5313258480900037,0.5987087643013214
584335,tan20250606t055124c12s4001-O,tan20250606t055124c12s4001,0,0.005387871789782826,0.5987087643013214
584336,tan20250606t072724c60s4001-A,tan20250606t072724c60s4001,0,0.08274914248494376,0.5987087643013214
584339,tan20250606t055124c12s4001-O,tan20250606t055124c12s4001,0,0.01585105305563578,0.5987087643013214
584343,tan20250606t072724c60s4001-A,tan20250606t072724c60s4001,0,0.20129359475882883,0.5987087643013214
584352,tan20250606t072724c60s4001-A,tan20250606t072724c60s4001,0,0.26140325237296463,0.5987087643013214
584371,tan20250606t072724c60s4001-A,tan20250606t072724c60s4001,0,0.20341538579906543,0.5987087643013214
584390,tan20250606t072724c60s4001-A,tan20250606t072724c60s4001,0,0.06541854411660263,0.5987087643013214
584394,tan20250606t072724c60s4001-A,tan20250606t072724c60s4001,0,0.6779903267071922,0.5987087643013214
584409,tan20250606t055124c12s4001-O,tan20250606t055124c12s4001,0,0.005919050761132766,0.5987087643013214
584410,tan20250606t072724c60s4001-A,tan20250606t072724c60s4001,0,0.1026153463001793,0.5987087643013214
584423,tan20250606t055124c12s4001-O,tan20250606t055124c12s4001,0,0.024029616669971016,0.5987087643013214
584424,tan20250606t072724c60s4001-A,tan20250606t072724c60s4001,0,0.3091580409445195,0.5987087643013214
584446,tan20250606t072724c60s4001-A,tan20250606t072724c60s4001,0,0.5566091550717689,0.5987087643013214
584481,tan20250606t072724c60s4001-A,tan20250606t072724c60s4001,0,0.059718276304443894,0.5987087643013214
584483,tan20250606t072724c60s4001-A,tan20250606t072724c60s4001,0,0.013901865132822067,0.5987087643013214
584485,tan20250606t072724c60s4001-A,tan20250606t072724c60s4001,0,0.1139349184022504,0.5987087643013214
584587,tan20250606t072724c60s4001-A,tan20250606t072724c60s4001,0,0.020134568293995955,0.5987087643013214
584606,tan20250606t152948c58s4001-A,tan20250606t152948c58s4001,0,0.7150183831036224,0.5987087643013214
584609,tan20250606t152948c58s4001-A,tan20250606t152948c58s4001,0,0.3201402343301398,0.5987087643013214
584711,tan20250606t152948c58s4001-B,tan20250606t152948c58s4001,0,0.8592752907984507,0.5987087643013214
584727,tan20250606t152948c58s4001-B,tan20250606t152948c58s4001,0,0.5467813937203286,0.5987087643013214
584732,tan20250606t152948c58s4001-A,tan20250606t152948c58s4001,0,0.18149538908654,0.5987087643013214
584737,tan20250606t152948c58s4001-B,tan20250606t152948c58s4001,0,0.46666559255300444,0.5987087643013214
584740,tan20250606t152948c58s4001-A,tan20250606t152948c58s4001,0,0.36291425471396804,0.5987087643013214
584750,tan20250606t152948c58s4001-A,tan20250606t152948c58s4001,0,0.8197191884031806,0.5987087643013214
584752,tan20250606t152948c58s4001-B,tan20250606t152948c58s4001,0,0.3745172152258568,0.5987087643013214
584762,tan20250606t152948c58s4001-A,tan20250606t152948c58s4001,0,0.6491453783299603,0.5987087643013214
584764,tan20250606t152948c58s4001-B,tan20250606t152948c58s4001,0,0.874028058184522,0.5987087643013214
584782,tan20250606t152948c58s4001-B,tan20250606t152948c58s4001,0,0.1525388857278243,0.5987087643013214
584787,tan20250606t152948c58s4001-A,tan20250606t152948c58s4001,0,0.5978274943310957,0.5987087643013214
584800,tan20250606t152948c58s4001-A,tan20250606t152948c58s4001,0,0.06827014705286813,0.5987087643013214
584804,tan20250606t152948c58s4001-B,tan20250606t152948c58s4001,0,0.6098240626224551,0.5987087643013214
584807,tan20250606t152948c58s4001-B,tan20250606t152948c58s4001,0,0.7969765966504361,0.5987087643013214
584808,tan20250608t105140c59s4001-A,tan20250608t105140c59s4001,1,0.9439704465217457,0.5987087643013214
584819,tan20250608t105140c59s4001-A,tan20250608t105140c59s4001,1,0.9550758186230677,0.5987087643013214
584820,tan20250608t105140c59s4001-A,tan20250608t105140c59s4001,1,0.9286864848441976,0.5987087643013214
584946,tan20250608t105140c59s4001-B,tan20250608t105140c59s4001,0,0.40347888665869647,0.5987087643013214
585010,tan20250608t105140c59s4001-B,tan20250608t105140c59s4001,0,0.878825809850367,0.5987087643013214
585028,tan20250608t105140c59s4001-A,tan20250608t105140c59s4001,1,0.9559994013813183,0.5987087643013214
585064,tan20250608t105140c59s4001-A,tan20250608t105140c59s4001,1,0.9517041645839882,0.5987087643013214
585086,tan20250608t105140c59s4001-A,tan20250608t105140c59s4001,0,0.006405867473457123,0.5987087643013214
585095,tan20250608t105140c59s4001-B,tan20250608t105140c59s4001,0,0.4007783586252007,0.5987087643013214
585200,tan20250608t105140c59s4001-C,tan20250608t105140c59s4001,0,0.1767088705371186,0.5987087643013214
585217,tan20250608t105140c59s4001-A,tan20250608t105140c59s4001,0,0.009961942420420106,0.5987087643013214
585224,tan20250608t105140c59s4001-A,tan20250608t105140c59s4001,0,0.12492211519868582,0.5987087643013214
585246,tan20250608t105140c59s4001-C,tan20250608t105140c59s4001,0,0.002494497388478563,0.5987087643013214
585257,tan20250608t105140c59s4001-C,tan20250608t105140c59s4001,0,0.2774456442288038,0.5987087643013214
585262,tan20250608t105140c59s4001-D,tan20250608t105140c59s4001,1,0.8347788036637858,0.5987087643013214
585263,tan20250608t105140c59s4001-D,tan20250608t105140c59s4001,1,0.8956990429606603,0.5987087643013214
585267,tan20250608t105140c59s4001-E,tan20250608t105140c59s4001,1,0.9456766730027516,0.5987087643013214
585268,tan20250608t105140c59s4001-D,tan20250608t105140c59s4001,1,0.7827334080168667,0.5987087643013214
585277,tan20250608t105140c59s4001-E,tan20250608t105140c59s4001,1,0.9522451779448485,0.5987087643013214
585287,tan20250608t105140c59s4001-E,tan20250608t105140c59s4001,1,0.8997440455412135,0.5987087643013214
585288,tan20250608t105140c59s4001-D,tan20250608t105140c59s4001,0,0.4939396589229598,0.5987087643013214
585311,tan20250608t105140c59s4001-E,tan20250608t105140c59s4001,0,0.9314521319393098,0.5987087643013214
585314,tan20250608t105140c59s4001-D,tan20250608t105140c59s4001,0,0.0338960489004618,0.5987087643013214
585318,tan20250608t105140c59s4001-G,tan20250608t105140c59s4001,1,0.6595217242810013,0.5987087643013214
585327,tan20250608t105140c59s4001-G,tan20250608t105140c59s4001,1,0.8106940475971302,0.5987087643013214
585328,tan20250608t105140c59s4001-G,tan20250608t105140c59s4001,1,0.8002750513678849,0.5987087643013214
585330,tan20250608t105140c59s4001-G,tan20250608t105140c59s4001,1,0.23679963743343463,0.5987087643013214
585344,tan20250608t105140c59s4001-G,tan20250608t105140c59s4001,1,0.7784541392864083,0.5987087643013214
585356,tan20250608t105140c59s4001-G,tan20250608t105140c59s4001,0,0.27928207758824763,0.5987087643013214
585357,tan20250610t045217c12s4001-A,tan20250610t045217c12s4001,1,0.2942272427143477,0.5987087643013214
585360,tan20250608t105140c59s4001-G,tan20250608t105140c59s4001,0,0.017703531075186914,0.5987087643013214
585362,tan20250608t105140c59s4001-G,tan20250608t105140c59s4001,0,0.13895155172242382,0.5987087643013214
585363,tan20250610t045217c12s4001-A,tan20250610t045217c12s4001,0,0.005463603833465219,0.5987087643013214
585373,tan20250608t105140c59s4001-G,tan20250608t105140c59s4001,0,0.00467390084671949,0.5987087643013214
585376,tan20250610t045217c12s4001-A,tan20250610t045217c12s4001,0,0.009057199324029245,0.5987087643013214
585378,tan20250610t045217c12s4001-A,tan20250610t045217c12s4001,0,0.0017885004863774248,0.5987087643013214
585389,tan20250610t045217c12s4001-B,tan20250610t045217c12s4001,1,0.5342714027020976,0.5987087643013214
585390,tan20250610t045217c12s4001-A,tan20250610t045217c12s4001,0,0.018354415733979224,0.5987087643013214
585404,tan20250610t045217c12s4001-C,tan20250610t045217c12s4001,1,0.9824611769428895,0.5987087643013214
585405,tan20250610t045217c12s4001-B,tan20250610t045217c12s4001,1,0.226725750846817,0.5987087643013214
585406,tan20250610t045217c12s4001-C,tan20250610t045217c12s4001,1,0.1700849327326411,0.5987087643013214
585408,tan20250610t045217c12s4001-C,tan20250610t045217c12s4001,1,0.9757182764875196,0.5987087643013214
585415,tan20250610t045217c12s4001-C,tan20250610t045217c12s4001,1,0.8253287179074081,0.5987087643013214
585417,tan20250610t045217c12s4001-C,tan20250610t045217c12s4001,1,0.4158453659700895,0.5987087643013214
585418,tan20250610t045217c12s4001-B,tan20250610t045217c12s4001,0,0.0034421140581175993,0.5987087643013214
585423,tan20250610t045217c12s4001-C,tan20250610t045217c12s4001,1,0.9793625716362603,0.5987087643013214
585428,tan20250610t045217c12s4001-C,tan20250610t045217c12s4001,0,0.0013717231341255093,0.5987087643013214
585430,tan20250610t045217c12s4001-C,tan20250610t045217c12s4001,0,0.0025559885061379665,0.5987087643013214
585436,tan20250610t045217c12s4001-B,tan20250610t045217c12s4001,0,0.045366133981933225,0.5987087643013214
585445,tan20250610t045217c12s4001-C,tan20250610t045217c12s4001,0,0.010939592627471833,0.5987087643013214
585450,tan20250610t045217c12s4001-C,tan20250610t045217c12s4001,0,0.0017385219327261143,0.5987087643013214
585454,tan20250610t045217c12s4001-D,tan20250610t045217c12s4001,1,0.04423501853410331,0.5987087643013214
585455,tan20250610t045217c12s4001-C,tan20250610t045217c12s4001,0,0.028155534278855723,0.5987087643013214
585457,tan20250610t045217c12s4001-C,tan20250610t045217c12s4001,0,0.6574887584238535,0.5987087643013214
585462,tan20250610t045217c12s4001-E,tan20250610t045217c12s4001,1,0.0030036224517067845,0.5987087643013214
585472,tan20250610t045217c12s4001-E,tan20250610t045217c12s4001,1,0.00180855795581449,0.5987087643013214
585473,tan20250610t045217c12s4001-D,tan20250610t045217c12s4001,1,0.18351450476403866,0.5987087643013214
585475,tan20250610t045217c12s4001-D,tan20250610t045217c12s4001,1,0.04423501853410331,0.5987087643013214
585477,tan20250610t045217c12s4001-D,tan20250610t045217c12s4001,1,0.01574211405855961,0.5987087643013214
585488,tan20250610t045217c12s4001-E,tan20250610t045217c12s4001,1,0.0022480432397841326,0.5987087643013214
585501,tan20250610t045217c12s4001-D,tan20250610t045217c12s4001,0,0.012411688968979652,0.5987087643013214
585503,tan20250610t045217c12s4001-E,tan20250610t045217c12s4001,0,0.0028673460602730827,0.5987087643013214
585508,tan20250610t045217c12s4001-E,tan20250610t045217c12s4001,0,0.0022038839063100546,0.5987087643013214
585524,tan20250610t045217c12s4001-E,tan20250610t045217c12s4001,0,0.0037976909509632602,0.5987087643013214
585527,tan20250614t191717c51s4001-C,tan20250614t191717c51s4001,1,0.9264412812273326,0.5987087643013214
585529,tan20250614t191717c51s4001-C,tan20250614t191717c51s4001,1,0.9369444166791331,0.5987087643013214
585531,tan20250614t191717c51s4001-C,tan20250614t191717c51s4001,1,0.9571899904472618,0.5987087643013214
585533,tan20250614t191717c51s4001-C,tan20250614t191717c51s4001,1,0.9531277748390896,0.5987087643013214
585534,tan20250614t191717c51s4001-C,tan20250614t191717c51s4001,1,0.9264412812273326,0.5987087643013214
585535,tan20250614t191717c51s4001-C,tan20250614t191717c51s4001,1,0.953337051740547,0.5987087643013214
585835,tan20250614t191717c51s4001-C,tan20250614t191717c51s4001,1,0.953337051740547,0.5987087643013214
585836,tan20250614t191717c51s4001-C,tan20250614t191717c51s4001,1,0.9427763503010078,0.5987087643013214
585837,tan20250615t105053c58s4001-A,tan20250615t105053c58s4001,1,0.6895576426425761,0.5987087643013214
585838,tan20250614t191717c51s4001-C,tan20250614t191717c51s4001,1,0.8549046537762972,0.5987087643013214
585839,tan20250615t105053c58s4001-A,tan20250615t105053c58s4001,1,0.7592750804780377,0.5987087643013214
585840,tan20250614t191717c51s4001-C,tan20250614t191717c51s4001,1,0.8728852568164079,0.5987087643013214
585841,tan20250615t105053c58s4001-A,tan20250615t105053c58s4001,1,0.7917635846722734,0.5987087643013214
585842,tan20250614t191717c51s4001-C,tan20250614t191717c51s4001,1,0.9670027876654594,0.5987087643013214
585843,tan20250615t105053c58s4001-A,tan20250615t105053c58s4001,1,0.7331837144579411,0.5987087643013214
585844,tan20250614t191717c51s4001-C,tan20250614t191717c51s4001,1,0.9587753392661138,0.5987087643013214
585845,tan20250615t105053c58s4001-A,tan20250615t105053c58s4001,1,0.8515020399539753,0.5987087643013214
585846,tan20250614t191717c51s4001-C,tan20250614t191717c51s4001,1,0.9719266821296211,0.5987087643013214
585847,tan20250615t105053c58s4001-A,tan20250615t105053c58s4001,1,0.68883126870959,0.5987087643013214
585848,tan20250614t191717c51s4001-C,tan20250614t191717c51s4001,1,0.974479363657467,0.5987087643013214
585849,tan20250615t105053c58s4001-A,tan20250615t105053c58s4001,1,0.7265721342123441,0.5987087643013214
585850,tan20250614t191717c51s4001-C,tan20250614t191717c51s4001,1,0.9728544562235597,0.5987087643013214
585851,tan20250615t105053c58s4001-A,tan20250615t105053c58s4001,1,0.6589493598635484,0.5987087643013214
585852,tan20250614t191717c51s4001-C,tan20250614t191717c51s4001,1,0.9311076048414038,0.5987087643013214
585853,tan20250615t105053c58s4001-A,tan20250615t105053c58s4001,1,0.7917635846722734,0.5987087643013214
585854,tan20250614t191717c51s4001-C,tan20250614t191717c51s4001,0,0.014158061919694582,0.5987087643013214
585857,tan20250614t191717c51s4001-C,tan20250614t191717c51s4001,0,0.0026855583985792176,0.5987087643013214
585858,tan20250615t105053c58s4001-A,tan20250615t105053c58s4001,1,0.6637892836322994,0.5987087643013214
585859,tan20250614t191717c51s4001-C,tan20250614t191717c51s4001,0,0.7479895895655855,0.5987087643013214
585860,tan20250615t105053c58s4001-A,tan20250615t105053c58s4001,1,0.8679475014265625,0.5987087643013214
585861,tan20250614t191717c51s4001-C,tan20250614t191717c51s4001,0,0.007785039714092344,0.5987087643013214
585862,tan20250615t105053c58s4001-A,tan20250615t105053c58s4001,1,0.6931494735238427,0.5987087643013214
585863,tan20250614t191717c51s4001-C,tan20250614t191717c51s4001,0,0.003920418619291799,0.5987087643013214
585864,tan20250615t105053c58s4001-A,tan20250615t105053c58s4001,1,0.8236292878157615,0.5987087643013214
585865,tan20250614t191717c51s4001-C,tan20250614t191717c51s4001,0,0.00363214141610863,0.5987087643013214
585866,tan20250615t105053c58s4001-A,tan20250615t105053c58s4001,1,0.8041045219821095,0.5987087643013214
585868,tan20250614t191717c51s4001-C,tan20250614t191717c51s4001,0,0.11576580352852721,0.5987087643013214
585869,tan20250615t105053c58s4001-A,tan20250615t105053c58s4001,1,0.807936324895793,0.5987087643013214
585871,tan20250614t191717c51s4001-C,tan20250614t191717c51s4001,0,0.016978899953910515,0.5987087643013214
585872,tan20250615t105053c58s4001-A,tan20250615t105053c58s4001,1,0.7294071677171817,0.5987087643013214
585873,tan20250614t191717c51s4001-C,tan20250614t191717c51s4001,0,0.002451908997208895,0.5987087643013214
585874,tan20250615t105053c58s4001-A,tan20250615t105053c58s4001,0,0.002905401758961504,0.5987087643013214
585877,tan20250614t191717c51s4001-C,tan20250614t191717c51s4001,0,0.8276506705125243,0.5987087643013214
585878,tan20250615t105053c58s4001-A,tan20250615t105053c58s4001,0,0.3356541492353851,0.5987087643013214
585882,tan20250614t191717c51s4001-C,tan20250614t191717c51s4001,0,0.1972971945648425,0.5987087643013214
585883,tan20250615t105053c58s4001-A,tan20250615t105053c58s4001,0,0.0041772814451418875,0.5987087643013214
585884,tan20250614t191717c51s4001-C,tan20250614t191717c51s4001,0,0.5346862672709208,0.5987087643013214
585885,tan20250615t105053c58s4001-A,tan20250615t105053c58s4001,0,0.09770064054932874,0.5987087643013214
585890,tan20250614t191717c51s4001-C,tan20250614t191717c51s4001,0,0.942847390901087,0.5987087643013214
585891,tan20250615t105053c58s4001-A,tan20250615t105053c58s4001,0,0.1417863024227818,0.5987087643013214
585894,tan20250614t191717c51s4001-C,tan20250614t191717c51s4001,0,0.5960324816746249,0.5987087643013214
585895,tan20250615t105053c58s4001-A,tan20250615t105053c58s4001,0,0.014571986748423364,0.5987087643013214
585896,tan20250614t191717c51s4001-C,tan20250614t191717c51s4001,0,0.7733532103154286,0.5987087643013214
585897,tan20250615t105053c58s4001-A,tan20250615t105053c58s4001,0,0.006872275611753811,0.5987087643013214
585898,tan20250614t191717c51s4001-C,tan20250614t191717c51s4001,0,0.920388280734651,0.5987087643013214
585899,tan20250615t105053c58s4001-A,tan20250615t105053c58s4001,0,0.14568054193449548,0.5987087643013214
585900,tan20250615t105053c58s4001-A,tan20250615t105053c58s4001,0,0.0428147839363362,0.5987087643013214
585901,tan20250615t105053c58s4001-A,tan20250615t105053c58s4001,0,0.04173151715148206,0.5987087643013214
585903,tan20250615t105053c58s4001-A,tan20250615t105053c58s4001,0,0.0954170517375078,0.5987087643013214
585905,tan20250615t105053c58s4001-A,tan20250615t105053c58s4001,0,0.03684487387296879,0.5987087643013214
585907,tan20250615t105053c58s4001-A,tan20250615t105053c58s4001,0,0.03475286792829742,0.5987087643013214
585909,tan20250615t105053c58s4001-A,tan20250615t105053c58s4001,0,0.009085816901491668,0.5987087643013214
585911,tan20250615t105053c58s4001-A,tan20250615t105053c58s4001,0,0.4020188115851967,0.5987087643013214
585913,tan20250615t105053c58s4001-A,tan20250615t105053c58s4001,0,0.5284384157792565,0.5987087643013214
585918,tan20250618t085207c36s4001-A,tan20250618t085207c36s4001,1,0.9137136458194483,0.5987087643013214
585919,tan20250618t085207c36s4001-B,tan20250618t085207c36s4001,1,0.8862333293035299,0.5987087643013214
585923,tan20250618t085207c36s4001-B,tan20250618t085207c36s4001,1,0.8987996375056562,0.5987087643013214
585925,tan20250618t085207c36s4001-B,tan20250618t085207c36s4001,1,0.8718599977002208,0.5987087643013214
585935,tan20250618t085207c36s4001-B,tan20250618t085207c36s4001,1,0.889617301120524,0.5987087643013214
585941,tan20250618t085207c36s4001-B,tan20250618t085207c36s4001,1,0.7361456763918801,0.5987087643013214
585942,tan20250618t085207c36s4001-A,tan20250618t085207c36s4001,0,0.08644177965154723,0.5987087643013214
585950,tan20250618t085207c36s4001-A,tan20250618t085207c36s4001,0,0.22252801457667534,0.5987087643013214
585954,tan20250618t085207c36s4001-A,tan20250618t085207c36s4001,0,0.005486854458843561,0.5987087643013214
585961,tan20250618t085207c36s4001-B,tan20250618t085207c36s4001,0,0.2544249863480999,0.5987087643013214
585979,tan20250618t085207c36s4001-D,tan20250618t085207c36s4001,1,0.8947497301440652,0.5987087643013214
585985,tan20250618t085207c36s4001-E,tan20250618t085207c36s4001,1,0.6221414840872288,0.5987087643013214
585996,tan20250618t085207c36s4001-D,tan20250618t085207c36s4001,0,0.007777288539988295,0.5987087643013214
586001,tan20250618t085207c36s4001-E,tan20250618t085207c36s4001,1,0.4215512838955538,0.5987087643013214
586003,tan20250618t085207c36s4001-E,tan20250618t085207c36s4001,1,0.914636117494016,0.5987087643013214
586004,tan20250618t085207c36s4001-D,tan20250618t085207c36s4001,0,0.5638249120290176,0.5987087643013214
586009,tan20250618t085207c36s4001-E,tan20250618t085207c36s4001,1,0.8386460616240701,0.5987087643013214
586011,tan20250618t085207c36s4001-E,tan20250618t085207c36s4001,1,0.5000218259878932,0.5987087643013214
586018,tan20250618t085207c36s4001-D,tan20250618t085207c36s4001,0,0.04440404909818612,0.5987087643013214
586020,tan20250618t085207c36s4001-D,tan20250618t085207c36s4001,0,0.0595701019479696,0.5987087643013214
586022,tan20250618t085207c36s4001-D,tan20250618t085207c36s4001,0,0.16847616185771158,0.5987087643013214
586026,tan20250618t085207c36s4001-D,tan20250618t085207c36s4001,0,0.01050046659831535,0.5987087643013214
586030,tan20250618t085207c36s4001-G,tan20250618t085207c36s4001,1,0.8392393134500831,0.5987087643013214
586031,tan20250618t085207c36s4001-E,tan20250618t085207c36s4001,0,0.06907160844775216,0.5987087643013214
586035,tan20250618t085207c36s4001-E,tan20250618t085207c36s4001,0,0.24604752183749434,0.5987087643013214
586039,tan20250618t085207c36s4001-E,tan20250618t085207c36s4001,0,0.027839492061975744,0.5987087643013214
586148,tan20250618t152406c56s4001-A,tan20250618t152406c56s4001,0,0.008414344982187691,0.5987087643013214
586149,tan20250618t085207c36s4001-G,tan20250618t085207c36s4001,1,0.8556755556415108,0.5987087643013214
586151,tan20250618t152406c56s4001-A,tan20250618t152406c56s4001,0,0.002710304971154276,0.5987087643013214
586156,tan20250618t152406c56s4001-A,tan20250618t152406c56s4001,0,0.12093220640578965,0.5987087643013214
586157,tan20250618t085207c36s4001-G,tan20250618t085207c36s4001,1,0.8894552062742821,0.5987087643013214
586158,tan20250618t152406c56s4001-A,tan20250618t152406c56s4001,0,0.00337438502386985,0.5987087643013214
586160,tan20250618t152406c56s4001-A,tan20250618t152406c56s4001,0,0.04326637695754529,0.5987087643013214
586162,tan20250618t152406c56s4001-A,tan20250618t152406c56s4001,0,0.027784479392533267,0.5987087643013214
586166,tan20250618t152406c56s4001-A,tan20250618t152406c56s4001,0,0.002902659845709813,0.5987087643013214
586167,tan20250618t085207c36s4001-G,tan20250618t085207c36s4001,1,0.9148603698875017,0.5987087643013214
586169,tan20250618t152406c56s4001-A,tan20250618t152406c56s4001,0,0.01853276793944493,0.5987087643013214
586172,tan20250618t152406c56s4001-A,tan20250618t152406c56s4001,0,0.007401406855256039,0.5987087643013214
586173,tan20250618t085207c36s4001-G,tan20250618t085207c36s4001,0,0.006921435901075965,0.5987087643013214
586175,tan20250618t152406c56s4001-A,tan20250618t152406c56s4001,0,0.002051857155522445,0.5987087643013214
586177,tan20250618t152406c56s4001-A,tan20250618t152406c56s4001,0,0.006610985098583722,0.5987087643013214
586186,tan20250618t152406c56s4001-A,tan20250618t152406c56s4001,0,0.007219705570290159,0.5987087643013214
586190,tan20250618t152406c56s4001-A,tan20250618t152406c56s4001,0,0.07595775903820191,0.5987087643013214
586192,tan20250618t152406c56s4001-A,tan20250618t152406c56s4001,0,0.004893425460392815,0.5987087643013214
586195,tan20250618t152406c56s4001-A,tan20250618t152406c56s4001,0,0.012519963306820977,0.5987087643013214
586204,tan20250618t152406c56s4001-A,tan20250618t152406c56s4001,0,0.0025406553742053062,0.5987087643013214
586205,tan20250618t085207c36s4001-G,tan20250618t085207c36s4001,0,0.040047899140716756,0.5987087643013214
586207,tan20250618t085207c36s4001-G,tan20250618t085207c36s4001,0,0.8867524546776024,0.5987087643013214
586208,tan20250619t081641c58s4001-A,tan20250619t081641c58s4001,1,0.9612891016465818,0.5987087643013214
586210,tan20250619t081641c58s4001-A,tan20250619t081641c58s4001,1,0.7319487723723065,0.5987087643013214
586212,tan20250619t081641c58s4001-A,tan20250619t081641c58s4001,1,0.9668273682242293,0.5987087643013214
586214,tan20250619t081641c58s4001-A,tan20250619t081641c58s4001,1,0.596842524663604,0.5987087643013214
586216,tan20250619t081641c58s4001-A,tan20250619t081641c58s4001,1,0.9485863707529294,0.5987087643013214
586218,tan20250619t081641c58s4001-A,tan20250619t081641c58s4001,1,0.966919671546299,0.5987087643013214
586219,tan20250619t081641c58s4001-A,tan20250619t081641c58s4001,1,0.9559163348057063,0.5987087643013214
586220,tan20250619t081641c58s4001-A,tan20250619t081641c58s4001,1,0.9357402027915211,0.5987087643013214
586328,tan20250620t103432c56s4001-A,tan20250620t103432c56s4001,0,0.0038291164418711456,0.5987087643013214
586329,tan20250619t081641c58s4001-A,tan20250619t081641c58s4001,1,0.9116451074795551,0.5987087643013214
586522,tan20250619t081641c58s4001-A,tan20250619t081641c58s4001,1,0.9626107473825714,0.5987087643013214
586523,tan20250619t081641c58s4001-A,tan20250619t081641c58s4001,1,0.9576057742872549,0.5987087643013214
586524,tan20250621t191825c25s4001-D,tan20250621t191825c25s4001,1,0.8647152871666326,0.5987087643013214
586525,tan20250619t081641c58s4001-A,tan20250619t081641c58s4001,1,0.9152952302640553,0.5987087643013214
586526,tan20250621t191825c25s4001-D,tan20250621t191825c25s4001,1,0.8839803327689679,0.5987087643013214
586527,tan20250619t081641c58s4001-A,tan20250619t081641c58s4001,1,0.9671465864663573,0.5987087643013214
586528,tan20250621t191825c25s4001-D,tan20250621t191825c25s4001,1,0.6863632074647174,0.5987087643013214
586529,tan20250619t081641c58s4001-A,tan20250619t081641c58s4001,1,0.5602098637858053,0.5987087643013214
586530,tan20250621t191825c25s4001-D,tan20250621t191825c25s4001,1,0.7493305725153765,0.5987087643013214
586531,tan20250619t081641c58s4001-A,tan20250619t081641c58s4001,1,0.971128528825261,0.5987087643013214
586532,tan20250621t191825c25s4001-D,tan20250621t191825c25s4001,1,0.9092692307530347,0.5987087643013214
586533,tan20250619t081641c58s4001-A,tan20250619t081641c58s4001,1,0.7639490653380652,0.5987087643013214
586534,tan20250621t191825c25s4001-D,tan20250621t191825c25s4001,1,0.7509286467621515,0.5987087643013214
586535,tan20250619t081641c58s4001-A,tan20250619t081641c58s4001,0,0.05371894480852273,0.5987087643013214
586536,tan20250621t191825c25s4001-D,tan20250621t191825c25s4001,1,0.8266373019888917,0.5987087643013214
586537,tan20250619t081641c58s4001-A,tan20250619t081641c58s4001,0,0.3726747511005207,0.5987087643013214
586538,tan20250621t191825c25s4001-D,tan20250621t191825c25s4001,1,0.7171089877071948,0.5987087643013214
586539,tan20250619t081641c58s4001-A,tan20250619t081641c58s4001,0,0.030255224807327057,0.5987087643013214
586540,tan20250621t191825c25s4001-D,tan20250621t191825c25s4001,1,0.846679792813099,0.5987087643013214
586541,tan20250621t191825c25s4001-D,tan20250621t191825c25s4001,1,0.8397567497664155,0.5987087643013214
586542,tan20250619t081641c58s4001-A,tan20250619t081641c58s4001,0,0.3363934660892146,0.5987087643013214
586543,tan20250621t191825c25s4001-D,tan20250621t191825c25s4001,1,0.6779758009140424,0.5987087643013214
586544,tan20250619t081641c58s4001-A,tan20250619t081641c58s4001,0,0.08508121810201437,0.5987087643013214
586545,tan20250621t191825c25s4001-D,tan20250621t191825c25s4001,1,0.8530863352013907,0.5987087643013214
586546,tan20250619t081641c58s4001-A,tan20250619t081641c58s4001,0,0.11129620289251667,0.5987087643013214
586547,tan20250621t191825c25s4001-D,tan20250621t191825c25s4001,1,0.767935015592339,0.5987087643013214
586548,tan20250619t081641c58s4001-A,tan20250619t081641c58s4001,0,0.0834490101046791,0.5987087643013214
586549,tan20250621t191825c25s4001-D,tan20250621t191825c25s4001,1,0.845785532288298,0.5987087643013214
586550,tan20250619t081641c58s4001-A,tan20250619t081641c58s4001,0,0.07997667966485845,0.5987087643013214
586551,tan20250621t191825c25s4001-D,tan20250621t191825c25s4001,1,0.858295264479056,0.5987087643013214
586552,tan20250619t081641c58s4001-A,tan20250619t081641c58s4001,0,0.06854587299525815,0.5987087643013214
586553,tan20250621t191825c25s4001-D,tan20250621t191825c25s4001,1,0.8317806093463602,0.5987087643013214
586554,tan20250619t081641c58s4001-A,tan20250619t081641c58s4001,0,0.07307420061316752,0.5987087643013214
586555,tan20250621t191825c25s4001-D,tan20250621t191825c25s4001,0,0.8608985538387475,0.5987087643013214
586556,tan20250619t081641c58s4001-A,tan20250619t081641c58s4001,0,0.029888434948830804,0.5987087643013214
586557,tan20250621t191825c25s4001-D,tan20250621t191825c25s4001,0,0.018202673674637303,0.5987087643013214
586558,tan20250619t081641c58s4001-A,tan20250619t081641c58s4001,0,0.20174726914174454,0.5987087643013214
586559,tan20250621t191825c25s4001-D,tan20250621t191825c25s4001,0,0.010775578931726702,0.5987087643013214
586560,tan20250619t081641c58s4001-A,tan20250619t081641c58s4001,0,0.11562549866230486,0.5987087643013214
586561,tan20250621t191825c25s4001-D,tan20250621t191825c25s4001,0,0.02563681888449794,0.5987087643013214
586562,tan20250619t081641c58s4001-A,tan20250619t081641c58s4001,0,0.10386317811212152,0.5987087643013214
586563,tan20250621t191825c25s4001-D,tan20250621t191825c25s4001,0,0.08657678857816584,0.5987087643013214
586564,tan20250619t081641c58s4001-A,tan20250619t081641c58s4001,0,0.4724731368465406,0.5987087643013214
586565,tan20250621t191825c25s4001-D,tan20250621t191825c25s4001,0,0.42708729563734416,0.5987087643013214
586566,tan20250619t081641c58s4001-A,tan20250619t081641c58s4001,0,0.10312346486364277,0.5987087643013214
586567,tan20250621t191825c25s4001-D,tan20250621t191825c25s4001,0,0.001286605780419197,0.5987087643013214
586568,tan20250621t191825c25s4001-D,tan20250621t191825c25s4001,0,0.8366676257495745,0.5987087643013214
586569,tan20250621t191825c25s4001-D,tan20250621t191825c25s4001,0,0.46694373948358675,0.5987087643013214
586571,tan20250621t191825c25s4001-D,tan20250621t191825c25s4001,0,0.3968386262853152,0.5987087643013214
586573,tan20250621t191825c25s4001-D,tan20250621t191825c25s4001,0,0.9194079972792762,0.5987087643013214
586574,tan20250622t074731c58s4001-A,tan20250622t074731c58s4001,1,0.9246548107947529,0.5987087643013214
586575,tan20250621t191825c25s4001-D,tan20250621t191825c25s4001,0,0.8880508993266846,0.5987087643013214
586577,tan20250621t191825c25s4001-D,tan20250621t191825c25s4001,0,0.007058828274323145,0.5987087643013214
586578,tan20250622t074731c58s4001-A,tan20250622t074731c58s4001,1,0.6810435346403552,0.5987087643013214
586579,tan20250621t191825c25s4001-D,tan20250621t191825c25s4001,0,0.21463312345603552,0.5987087643013214
586581,tan20250621t191825c25s4001-D,tan20250621t191825c25s4001,0,0.8199906688369686,0.5987087643013214
586582,tan20250622t074731c58s4001-A,tan20250622t074731c58s4001,1,0.8404901935827216,0.5987087643013214
586583,tan20250621t191825c25s4001-D,tan20250621t191825c25s4001,0,0.23381247170277103,0.5987087643013214
586587,tan20250622t074731c58s4001-B,tan20250622t074731c58s4001,1,0.8000587377452727,0.5987087643013214
586590,tan20250622t074731c58s4001-A,tan20250622t074731c58s4001,1,0.9285555606135665,0.5987087643013214
586597,tan20250622t074731c58s4001-B,tan20250622t074731c58s4001,1,0.8027435388118532,0.5987087643013214
586599,tan20250622t074731c58s4001-B,tan20250622t074731c58s4001,1,0.8613535021889339,0.5987087643013214
586601,tan20250622t074731c58s4001-B,tan20250622t074731c58s4001,1,0.5001196749312021,0.5987087643013214
586604,tan20250622t074731c58s4001-A,tan20250622t074731c58s4001,0,0.6328248626364842,0.5987087643013214
586608,tan20250622t074731c58s4001-A,tan20250622t074731c58s4001,0,0.7789496893468737,0.5987087643013214
586616,tan20250622t074731c58s4001-A,tan20250622t074731c58s4001,0,0.03532059646725152,0.5987087643013214
586617,tan20250622t074731c58s4001-B,tan20250622t074731c58s4001,1,0.7014226514213658,0.5987087643013214
586622,tan20250622t074731c58s4001-A,tan20250622t074731c58s4001,0,0.033810906565700974,0.5987087643013214
586625,tan20250622t074731c58s4001-B,tan20250622t074731c58s4001,0,0.005936919748415848,0.5987087643013214
586627,tan20250622t074731c58s4001-B,tan20250622t074731c58s4001,0,0.24474550085436025,0.5987087643013214
586632,tan20250622t074731c58s4001-B,tan20250622t074731c58s4001,0,0.2285952100815268,0.5987087643013214
586639,tan20250622t074731c58s4001-B,tan20250622t074731c58s4001,0,0.792381286182952,0.5987087643013214
586642,tan20250622t074731c58s4001-C,tan20250622t074731c58s4001,1,0.9009710352509472,0.5987087643013214
586645,tan20250622t074731c58s4001-B,tan20250622t074731c58s4001,0,0.8356044779992474,0.5987087643013214
586651,tan20250622t074731c58s4001-D,tan20250622t074731c58s4001,1,0.4889536511655173,0.5987087643013214
586653,tan20250622t074731c58s4001-D,tan20250622t074731c58s4001,1,0.9006873722467598,0.5987087643013214
586654,tan20250622t074731c58s4001-C,tan20250622t074731c58s4001,1,0.8949624972848845,0.5987087643013214
586658,tan20250622t074731c58s4001-C,tan20250622t074731c58s4001,1,0.8516334542960636,0.5987087643013214
586659,tan20250622t074731c58s4001-D,tan20250622t074731c58s4001,1,0.8468675462420053,0.5987087643013214
586668,tan20250622t074731c58s4001-C,tan20250622t074731c58s4001,0,0.004048026689258453,0.5987087643013214
586671,tan20250622t074731c58s4001-D,tan20250622t074731c58s4001,1,0.9037747244478599,0.5987087643013214
586674,tan20250622t074731c58s4001-C,tan20250622t074731c58s4001,0,0.2483116035774806,0.5987087643013214
586684,tan20250622t074731c58s4001-C,tan20250622t074731c58s4001,0,0.5635341797493285,0.5987087643013214
586686,tan20250622t074731c58s4001-C,tan20250622t074731c58s4001,0,0.01736167392743526,0.5987087643013214
586688,tan20250622t074731c58s4001-C,tan20250622t074731c58s4001,0,0.01588477469734039,0.5987087643013214
586692,tan20250622t074731c58s4001-C,tan20250622t074731c58s4001,0,0.4919899375403445,0.5987087643013214
586693,tan20250622t074731c58s4001-D,tan20250622t074731c58s4001,0,0.009346086203104401,0.5987087643013214
586703,tan20250622t092019c56s4001-E,tan20250622t092019c56s4001,1,0.9419323305222197,0.5987087643013214
586709,tan20250622t092019c56s4001-E,tan20250622t092019c56s4001,1,0.9312956850897948,0.5987087643013214
586715,tan20250622t092019c56s4001-E,tan20250622t092019c56s4001,1,0.939111731122389,0.5987087643013214
586717,tan20250622t092019c56s4001-E,tan20250622t092019c56s4001,1,0.9534004937825452,0.5987087643013214
586718,tan20250622t092019c56s4001-G,tan20250622t092019c56s4001,1,0.9496112421520585,0.5987087643013214
586719,tan20250622t092019c56s4001-E,tan20250622t092019c56s4001,1,0.9250849700886409,0.5987087643013214
586720,tan20250622t092019c56s4001-G,tan20250622t092019c56s4001,1,0.9560321397681892,0.5987087643013214
586721,tan20250622t092019c56s4001-E,tan20250622t092019c56s4001,1,0.9352437170617253,0.5987087643013214
586726,tan20250622t092019c56s4001-G,tan20250622t092019c56s4001,1,0.9578519212706502,0.5987087643013214
586727,tan20250622t092019c56s4001-E,tan20250622t092019c56s4001,1,0.9255081474729637,0.5987087643013214
586728,tan20250622t092019c56s4001-G,tan20250622t092019c56s4001,1,0.9336826719923557,0.5987087643013214
586730,tan20250622t092019c56s4001-G,tan20250622t092019c56s4001,1,0.9284866030128281,0.5987087643013214
586731,tan20250622t092019c56s4001-E,tan20250622t092019c56s4001,0,0.009653727811501223,0.5987087643013214
586733,tan20250622t092019c56s4001-E,tan20250622t092019c56s4001,0,0.010102502162676323,0.5987087643013214
586734,tan20250622t092019c56s4001-G,tan20250622t092019c56s4001,1,0.9124908975340744,0.5987087643013214
586736,tan20250622t092019c56s4001-G,tan20250622t092019c56s4001,1,0.9502733004074372,0.5987087643013214
586740,tan20250622t092019c56s4001-G,tan20250622t092019c56s4001,1,0.9031852260526477,0.5987087643013214
586743,tan20250622t092019c56s4001-E,tan20250622t092019c56s4001,0,0.3770074808149804,0.5987087643013214
586744,tan20250622t092019c56s4001-G,tan20250622t092019c56s4001,1,0.9694373539852004,0.5987087643013214
586745,tan20250622t092019c56s4001-E,tan20250622t092019c56s4001,0,0.01028375183670712,0.5987087643013214
586746,tan20250622t092019c56s4001-G,tan20250622t092019c56s4001,0,0.006841604360265076,0.5987087643013214
586748,tan20250622t092019c56s4001-G,tan20250622t092019c56s4001,0,0.02975498757967928,0.5987087643013214
586750,tan20250622t092019c56s4001-G,tan20250622t092019c56s4001,0,0.004608668891598684,0.5987087643013214
586755,tan20250622t092019c56s4001-E,tan20250622t092019c56s4001,0,0.008069724612430124,0.5987087643013214
586756,tan20250622t092019c56s4001-G,tan20250622t092019c56s4001,0,0.008830499940101953,0.5987087643013214
586757,tan20250622t092019c56s4001-E,tan20250622t092019c56s4001,0,0.05568648013532493,0.5987087643013214
586759,tan20250622t092019c56s4001-E,tan20250622t092019c56s4001,0,0.012174527643863793,0.5987087643013214
586760,tan20250622t092019c56s4001-G,tan20250622t092019c56s4001,0,0.005405951008158138,0.5987087643013214
586762,tan20250622t092019c56s4001-G,tan20250622t092019c56s4001,0,0.03841050220227737,0.5987087643013214
586763,tan20250622t092019c56s4001-G,tan20250622t092019c56s4001,0,0.01768210162069932,0.5987087643013214
586765,tan20250622t092019c56s4001-G,tan20250622t092019c56s4001,0,0.00781338711803906,0.5987087643013214
586766,tan20250704t104027c33s4001-B,tan20250704t104027c33s4001,1,0.2668479076030114,0.5987087643013214
586767,tan20250622t092019c56s4001-G,tan20250622t092019c56s4001,0,0.003297790157768333,0.5987087643013214
586768,tan20250704t104027c33s4001-B,tan20250704t104027c33s4001,1,0.6186180809534578,0.5987087643013214
586770,tan20250704t104027c33s4001-B,tan20250704t104027c33s4001,1,0.255090074290593,0.5987087643013214
586772,tan20250704t104027c33s4001-B,tan20250704t104027c33s4001,1,0.11890768329846019,0.5987087643013214
586773,tan20250704t104027c33s4001-B,tan20250704t104027c33s4001,1,0.36576679318424227,0.5987087643013214
586774,tan20250704t104027c33s4001-B,tan20250704t104027c33s4001,1,0.5468135402592619,0.5987087643013214
586775,tan20250704t104027c33s4001-B,tan20250704t104027c33s4001,1,0.19075314246972191,0.5987087643013214
586777,tan20250704t104027c33s4001-B,tan20250704t104027c33s4001,1,0.31136997127224325,0.5987087643013214
586779,tan20250704t104027c33s4001-B,tan20250704t104027c33s4001,1,0.2439797320905646,0.5987087643013214
586781,tan20250704t104027c33s4001-B,tan20250704t104027c33s4001,1,0.19075314246972191,0.5987087643013214
586783,tan20250704t104027c33s4001-B,tan20250704t104027c33s4001,1,0.15236933384529286,0.5987087643013214
586785,tan20250704t104027c33s4001-B,tan20250704t104027c33s4001,1,0.31593637124869167,0.5987087643013214
586786,tan20250705t034730c87s4001-E,tan20250705t034730c87s4001,1,0.31058278893282026,0.5987087643013214
586787,tan20250704t104027c33s4001-B,tan20250704t104027c33s4001,1,0.2129976468852258,0.5987087643013214
586789,tan20250704t104027c33s4001-B,tan20250704t104027c33s4001,1,0.589023946872327,0.5987087643013214
586791,tan20250704t104027c33s4001-B,tan20250704t104027c33s4001,1,0.7196026849607504,0.5987087643013214
586793,tan20250704t104027c33s4001-B,tan20250704t104027c33s4001,1,0.2439797320905646,0.5987087643013214
586795,tan20250704t104027c33s4001-B,tan20250704t104027c33s4001,0,0.1854457211624836,0.5987087643013214
586797,tan20250704t104027c33s4001-B,tan20250704t104027c33s4001,0,0.5616522753750348,0.5987087643013214
586798,tan20250705t034730c87s4001-E,tan20250705t034730c87s4001,1,0.8603952760597285,0.5987087643013214
586799,tan20250704t104027c33s4001-B,tan20250704t104027c33s4001,0,0.42715219414977296,0.5987087643013214
586801,tan20250704t104027c33s4001-B,tan20250704t104027c33s4001,0,0.03046191187991212,0.5987087643013214
586804,tan20250704t104027c33s4001-B,tan20250704t104027c33s4001,0,0.7470740527061435,0.5987087643013214
586805,tan20250705t034730c87s4001-E,tan20250705t034730c87s4001,1,0.7337004388373137,0.5987087643013214
586807,tan20250704t104027c33s4001-B,tan20250704t104027c33s4001,0,0.3339500765574516,0.5987087643013214
586810,tan20250704t104027c33s4001-B,tan20250704t104027c33s4001,0,0.584307761269269,0.5987087643013214
586812,tan20250704t104027c33s4001-B,tan20250704t104027c33s4001,0,0.9155497066186872,0.5987087643013214
586814,tan20250704t104027c33s4001-B,tan20250704t104027c33s4001,0,0.4735852583911416,0.5987087643013214
586815,tan20250705t034730c87s4001-E,tan20250705t034730c87s4001,0,0.027455858253595054,0.5987087643013214
586816,tan20250704t104027c33s4001-B,tan20250704t104027c33s4001,0,0.012478210124818558,0.5987087643013214
586818,tan20250704t104027c33s4001-B,tan20250704t104027c33s4001,0,0.15654415399827198,0.5987087643013214
586820,tan20250704t104027c33s4001-B,tan20250704t104027c33s4001,0,0.005667868632211451,0.5987087643013214
586822,tan20250704t104027c33s4001-B,tan20250704t104027c33s4001,0,0.3847396369055647,0.5987087643013214
586825,tan20250704t104027c33s4001-B,tan20250704t104027c33s4001,0,0.012911010773841342,0.5987087643013214
586827,tan20250704t104027c33s4001-B,tan20250704t104027c33s4001,0,0.12759776530357944,0.5987087643013214
586829,tan20250704t104027c33s4001-B,tan20250704t104027c33s4001,0,0.3123499926403573,0.5987087643013214
586847,tan20250705t034730c87s4001-F,tan20250705t034730c87s4001,1,0.7248050709810722,0.5987087643013214
586850,tan20250705t034730c87s4001-G,tan20250705t034730c87s4001,1,0.029657595876989795,0.5987087643013214
586852,tan20250705t034730c87s4001-G,tan20250705t034730c87s4001,1,0.4007657205357669,0.5987087643013214
586855,tan20250705t034730c87s4001-F,tan20250705t034730c87s4001,1,0.6287789543744062,0.5987087643013214
586861,tan20250705t034730c87s4001-F,tan20250705t034730c87s4001,1,0.7762966357986949,0.5987087643013214
586865,tan20250705t034730c87s4001-F,tan20250705t034730c87s4001,0,0.13935690903708928,0.5987087643013214
586867,tan20250705t034730c87s4001-F,tan20250705t034730c87s4001,0,0.7846535541156524,0.5987087643013214
586870,tan20250705t034730c87s4001-G,tan20250705t034730c87s4001,1,0.10275260894414609,0.5987087643013214
586874,tan20250705t034730c87s4001-G,tan20250705t034730c87s4001,1,0.013226782847323008,0.5987087643013214
586887,tan20250705t034730c87s4001-G,tan20250705t034730c87s4001,0,0.2830728933220271,0.5987087643013214
586889,tan20250705t034730c87s4001-G,tan20250705t034730c87s4001,0,0.007292372181405268,0.5987087643013214
586893,tan20250705t034730c87s4001-G,tan20250705t034730c87s4001,0,0.9238228952181409,0.5987087643013214
586904,tan20250705t034730c87s4001-G,tan20250705t034730c87s4001,0,0.00662880263090237,0.5987087643013214
586916,tan20250705t034730c87s4001-R,tan20250705t034730c87s4001,1,0.19008493462024223,0.5987087643013214
586922,tan20250705t034730c87s4001-R,tan20250705t034730c87s4001,1,0.3284771979839871,0.5987087643013214
586927,tan20250705t034730c87s4001-Q,tan20250705t034730c87s4001,1,0.40255240966977,0.5987087643013214
586930,tan20250705t034730c87s4001-R,tan20250705t034730c87s4001,1,0.13238885767080277,0.5987087643013214
586935,tan20250705t034730c87s4001-Q,tan20250705t034730c87s4001,0,0.18031660399901114,0.5987087643013214
586940,tan20250705t034730c87s4001-R,tan20250705t034730c87s4001,0,0.027009160515610534,0.5987087643013214
586941,tan20250705t034730c87s4001-Q,tan20250705t034730c87s4001,0,0.03964803222194743,0.5987087643013214
586967,tan20250705t034730c87s4001-R,tan20250705t034730c87s4001,0,0.14104905524936712,0.5987087643013214
586973,tan20250705t034730c87s4001-V,tan20250705t034730c87s4001,1,0.9251601906121892,0.5987087643013214
586987,tan20250705t034730c87s4001-V,tan20250705t034730c87s4001,1,0.8327816564924464,0.5987087643013214
587005,tan20250705t034730c87s4001-V,tan20250705t034730c87s4001,0,0.017457743635621605,0.5987087643013214
587006,tan20250705t034730c87s4001-S,tan20250705t034730c87s4001,0,0.14903773871875278,0.5987087643013214
587009,tan20250705t034730c87s4001-V,tan20250705t034730c87s4001,0,0.027272155128037448,0.5987087643013214
587014,tan20250705t034730c87s4001-S,tan20250705t034730c87s4001,0,0.002195109057727093,0.5987087643013214
587021,tan20250705t034730c87s4001-V,tan20250705t034730c87s4001,0,0.02896413288655244,0.5987087643013214
587028,tan20250706t170748c33s4001-A,tan20250706t170748c33s4001,1,0.9125040429884562,0.5987087643013214
587030,tan20250706t170748c33s4001-A,tan20250706t170748c33s4001,1,0.7915722283184397,0.5987087643013214
587032,tan20250706t170748c33s4001-A,tan20250706t170748c33s4001,1,0.7910141991461519,0.5987087643013214
587033,tan20250706t170748c33s4001-A,tan20250706t170748c33s4001,1,0.9035655457318493,0.5987087643013214
587034,tan20250706t170748c33s4001-A,tan20250706t170748c33s4001,1,0.9348311366465495,0.5987087643013214
587035,tan20250706t170748c33s4001-A,tan20250706t170748c33s4001,1,0.9164344329595742,0.5987087643013214
587335,tan20250706t170748c33s4001-A,tan20250706t170748c33s4001,1,0.8152436429617091,0.5987087643013214
587336,tan20250706t170748c33s4001-A,tan20250706t170748c33s4001,1,0.8828121588853727,0.5987087643013214
587337,tan20250706t170748c33s4001-A,tan20250706t170748c33s4001,1,0.9198620119198173,0.5987087643013214
587339,tan20250706t170748c33s4001-A,tan20250706t170748c33s4001,1,0.9198620119198173,0.5987087643013214
587341,tan20250706t170748c33s4001-A,tan20250706t170748c33s4001,1,0.8172645216369466,0.5987087643013214
587343,tan20250706t170748c33s4001-A,tan20250706t170748c33s4001,1,0.4909844227357842,0.5987087643013214
587345,tan20250706t170748c33s4001-A,tan20250706t170748c33s4001,1,0.8777620209297273,0.5987087643013214
587347,tan20250706t170748c33s4001-A,tan20250706t170748c33s4001,1,0.9275088743487776,0.5987087643013214
587349,tan20250706t170748c33s4001-A,tan20250706t170748c33s4001,1,0.9001640525293557,0.5987087643013214
587351,tan20250706t170748c33s4001-A,tan20250706t170748c33s4001,1,0.8538894692308847,0.5987087643013214
587353,tan20250706t170748c33s4001-A,tan20250706t170748c33s4001,0,0.6050009946572924,0.5987087643013214
587355,tan20250706t170748c33s4001-A,tan20250706t170748c33s4001,0,0.25255423898280166,0.5987087643013214
587357,tan20250706t170748c33s4001-A,tan20250706t170748c33s4001,0,0.019314894932576942,0.5987087643013214
587358,tan20250715t080139c58s4001-A,tan20250715t080139c58s4001,1,0.7605985287817228,0.5987087643013214
587359,tan20250706t170748c33s4001-A,tan20250706t170748c33s4001,0,0.007448632798117361,0.5987087643013214
587360,tan20250715t080139c58s4001-A,tan20250715t080139c58s4001,1,0.8633391456340335,0.5987087643013214
587361,tan20250706t170748c33s4001-A,tan20250706t170748c33s4001,0,0.011972549786752426,0.5987087643013214
587363,tan20250706t170748c33s4001-A,tan20250706t170748c33s4001,0,0.0018500094387169594,0.5987087643013214
587365,tan20250706t170748c33s4001-A,tan20250706t170748c33s4001,0,0.02278959829107384,0.5987087643013214
587366,tan20250715t080139c58s4001-A,tan20250715t080139c58s4001,1,0.7864552195103683,0.5987087643013214
587367,tan20250706t170748c33s4001-A,tan20250706t170748c33s4001,0,0.015400902128340487,0.5987087643013214
587369,tan20250706t170748c33s4001-A,tan20250706t170748c33s4001,0,0.13505989582412364,0.5987087643013214
587371,tan20250706t170748c33s4001-A,tan20250706t170748c33s4001,0,0.0032981323947482333,0.5987087643013214
587373,tan20250706t170748c33s4001-A,tan20250706t170748c33s4001,0,0.009811627588585066,0.5987087643013214
587375,tan20250706t170748c33s4001-A,tan20250706t170748c33s4001,0,0.0015485872152717788,0.5987087643013214
587377,tan20250706t170748c33s4001-A,tan20250706t170748c33s4001,0,0.0023417429215760554,0.5987087643013214
587379,tan20250706t170748c33s4001-A,tan20250706t170748c33s4001,0,0.010114597833507778,0.5987087643013214
587381,tan20250706t170748c33s4001-A,tan20250706t170748c33s4001,0,0.010478260724063625,0.5987087643013214
587382,tan20250715t080139c58s4001-A,tan20250715t080139c58s4001,0,0.5612344293979303,0.5987087643013214
587383,tan20250706t170748c33s4001-A,tan20250706t170748c33s4001,0,0.002015688358101212,0.5987087643013214
587387,tan20250715t080139c58s4001-B,tan20250715t080139c58s4001,1,0.8274910145562062,0.5987087643013214
587391,tan20250715t080139c58s4001-B,tan20250715t080139c58s4001,1,0.9590630844590061,0.5987087643013214
587392,tan20250715t080139c58s4001-A,tan20250715t080139c58s4001,0,0.8164180311126547,0.5987087643013214
587396,tan20250715t080139c58s4001-A,tan20250715t080139c58s4001,0,0.018952452488867656,0.5987087643013214
587403,tan20250715t080139c58s4001-B,tan20250715t080139c58s4001,1,0.8641485744434662,0.5987087643013214
587417,tan20250715t080139c58s4001-B,tan20250715t080139c58s4001,0,0.7567309441501988,0.5987087643013214
587423,tan20250715t080139c58s4001-B,tan20250715t080139c58s4001,0,0.8931907465962021,0.5987087643013214
587424,tan20250715t080139c58s4001-D,tan20250715t080139c58s4001,1,0.9498853880693191,0.5987087643013214
587426,tan20250715t080139c58s4001-D,tan20250715t080139c58s4001,1,0.9216691075933594,0.5987087643013214
587427,tan20250715t080139c58s4001-B,tan20250715t080139c58s4001,0,0.6343981653725923,0.5987087643013214
587430,tan20250715t080139c58s4001-D,tan20250715t080139c58s4001,1,0.9286107456720695,0.5987087643013214
587435,tan20250715t080139c58s4001-B,tan20250715t080139c58s4001,0,0.8233395909839576,0.5987087643013214
587439,tan20250715t080139c58s4001-B,tan20250715t080139c58s4001,0,0.8858010408176041,0.5987087643013214
587443,tan20250715t080139c58s4001-B,tan20250715t080139c58s4001,0,0.1624794801252704,0.5987087643013214
587445,tan20250715t080139c58s4001-B,tan20250715t080139c58s4001,0,0.45440711002299095,0.5987087643013214
587453,tan20250715t080139c58s4001-D,tan20250715t080139c58s4001,0,0.9456465520486217,0.5987087643013214
587459,tan20250715t080139c58s4001-D,tan20250715t080139c58s4001,0,0.4211488059669174,0.5987087643013214
587461,tan20250715t080139c58s4001-D,tan20250715t080139c58s4001,0,0.6972609027592092,0.5987087643013214
587463,tan20250715t080139c58s4001-H,tan20250715t080139c58s4001,1,0.8983988355359975,0.5987087643013214
587465,tan20250715t080139c58s4001-I,tan20250715t080139c58s4001,1,0.9084788463643508,0.5987087643013214
587466,tan20250715t080139c58s4001-H,tan20250715t080139c58s4001,1,0.8687101636885587,0.5987087643013214
587473,tan20250715t080139c58s4001-I,tan20250715t080139c58s4001,1,0.6567087856603059,0.5987087643013214
587477,tan20250715t080139c58s4001-I,tan20250715t080139c58s4001,1,0.718955377191631,0.5987087643013214
587481,tan20250715t080139c58s4001-I,tan20250715t080139c58s4001,1,0.9221313211365296,0.5987087643013214
587493,tan20250715t080139c58s4001-I,tan20250715t080139c58s4001,1,0.71333745722089,0.5987087643013214
587510,tan20250715t080139c58s4001-I,tan20250715t080139c58s4001,0,0.47883004897849507,0.5987087643013214
587515,tan20250715t080139c58s4001-I,tan20250715t080139c58s4001,0,0.3617610297909997,0.5987087643013214
587519,tan20250715t110939c96s4001-E,tan20250715t110939c96s4001,1,0.9504409369825375,0.5987087643013214
587520,tan20250715t080139c58s4001-I,tan20250715t080139c58s4001,0,0.7428814325249262,0.5987087643013214
587521,tan20250715t110939c96s4001-E,tan20250715t110939c96s4001,1,0.9252038738034911,0.5987087643013214
587523,tan20250715t110939c96s4001-E,tan20250715t110939c96s4001,1,0.9087958066740371,0.5987087643013214
587531,tan20250715t110939c96s4001-E,tan20250715t110939c96s4001,1,0.9371295481837504,0.5987087643013214
587532,tan20250715t110939c96s4001-G,tan20250715t110939c96s4001,1,0.834067298440076,0.5987087643013214
587538,tan20250715t110939c96s4001-G,tan20250715t110939c96s4001,1,0.8628981139035435,0.5987087643013214
587553,tan20250715t110939c96s4001-E,tan20250715t110939c96s4001,0,0.7483733236858789,0.5987087643013214
587557,tan20250715t110939c96s4001-E,tan20250715t110939c96s4001,0,0.11725704080569399,0.5987087643013214
587561,tan20250715t110939c96s4001-E,tan20250715t110939c96s4001,0,0.04491477062699096,0.5987087643013214
587564,tan20250715t110939c96s4001-G,tan20250715t110939c96s4001,0,0.8895754225255117,0.5987087643013214
587575,tan20250715t110939c96s4001-E,tan20250715t110939c96s4001,0,0.45918885415313765,0.5987087643013214
587577,tan20250715t110939c96s4001-E,tan20250715t110939c96s4001,0,0.35716563213211516,0.5987087643013214
587579,tan20250715t110939c96s4001-G,tan20250715t110939c96s4001,0,0.40088280598617987,0.5987087643013214
587589,tan20250715t110939c96s4001-G,tan20250715t110939c96s4001,0,0.006668678087622726,0.5987087643013214
587592,tan20250715t110939c96s4001-I,tan20250715t110939c96s4001,1,0.8163866571567368,0.5987087643013214
587593,tan20250715t110939c96s4001-J,tan20250715t110939c96s4001,1,0.9414208784477369,0.5987087643013214
587600,tan20250715t110939c96s4001-I,tan20250715t110939c96s4001,1,0.7176288053618968,0.5987087643013214
587607,tan20250715t110939c96s4001-J,tan20250715t110939c96s4001,1,0.9465877796116055,0.5987087643013214
587618,tan20250715t110939c96s4001-I,tan20250715t110939c96s4001,0,0.11847961495735972,0.5987087643013214
587620,tan20250715t110939c96s4001-I,tan20250715t110939c96s4001,0,0.039956993826336565,0.5987087643013214
587621,tan20250715t110939c96s4001-J,tan20250715t110939c96s4001,1,0.9372503423642506,0.5987087643013214
587624,tan20250715t110939c96s4001-I,tan20250715t110939c96s4001,0,0.4438683900835426,0.5987087643013214
587647,tan20250715t110939c96s4001-J,tan20250715t110939c96s4001,0,0.0170992764205025,0.5987087643013214
587654,tan20250715t110939c96s4001-L,tan20250715t110939c96s4001,1,0.7825244296881163,0.5987087643013214
587656,tan20250715t110939c96s4001-L,tan20250715t110939c96s4001,1,0.8825538153032814,0.5987087643013214
587661,tan20250715t110939c96s4001-L,tan20250715t110939c96s4001,1,0.9203737118876204,0.5987087643013214
587666,tan20250721t070839c68s4001-A,tan20250721t070839c68s4001,1,0.9392311400832375,0.5987087643013214
587667,tan20250715t110939c96s4001-L,tan20250715t110939c96s4001,1,0.8575011712391301,0.5987087643013214
587668,tan20250721t070839c68s4001-A,tan20250721t070839c68s4001,1,0.5164453566258211,0.5987087643013214
587671,tan20250715t110939c96s4001-L,tan20250715t110939c96s4001,1,0.6321118659487431,0.5987087643013214
587672,tan20250721t070839c68s4001-A,tan20250721t070839c68s4001,1,0.4057399365804003,0.5987087643013214
587673,tan20250715t110939c96s4001-L,tan20250715t110939c96s4001,0,0.4244843793024071,0.5987087643013214
587675,tan20250715t110939c96s4001-L,tan20250715t110939c96s4001,0,0.14397945645222246,0.5987087643013214
587679,tan20250715t110939c96s4001-L,tan20250715t110939c96s4001,0,0.6429089080373661,0.5987087643013214
587684,tan20250721t070839c68s4001-A,tan20250721t070839c68s4001,1,0.35299701719757554,0.5987087643013214
587688,tan20250721t070839c68s4001-A,tan20250721t070839c68s4001,1,0.3454586186893925,0.5987087643013214
587692,tan20250721t070839c68s4001-A,tan20250721t070839c68s4001,0,0.16255775576166215,0.5987087643013214
587693,tan20250715t110939c96s4001-L,tan20250715t110939c96s4001,0,0.8733123411228793,0.5987087643013214
587704,tan20250721t070839c68s4001-A,tan20250721t070839c68s4001,0,0.21449111188013997,0.5987087643013214
587713,tan20250721t070839c68s4001-B,tan20250721t070839c68s4001,1,0.5370062592726796,0.5987087643013214
587716,tan20250721t070839c68s4001-A,tan20250721t070839c68s4001,0,0.044490943393249355,0.5987087643013214
587725,tan20250721t070839c68s4001-B,tan20250721t070839c68s4001,1,0.16740179828274554,0.5987087643013214
587728,tan20250721t070839c68s4001-E,tan20250721t070839c68s4001,1,0.8888122177754876,0.5987087643013214
587729,tan20250721t070839c68s4001-B,tan20250721t070839c68s4001,1,0.7413935210432449,0.5987087643013214
587733,tan20250721t070839c68s4001-B,tan20250721t070839c68s4001,1,0.2236595589329413,0.5987087643013214
587736,tan20250721t070839c68s4001-E,tan20250721t070839c68s4001,1,0.906991852099171,0.5987087643013214
587743,tan20250721t070839c68s4001-B,tan20250721t070839c68s4001,0,0.31074019567266997,0.5987087643013214
587746,tan20250721t070839c68s4001-E,tan20250721t070839c68s4001,1,0.8050269611226136,0.5987087643013214
587753,tan20250721t070839c68s4001-B,tan20250721t070839c68s4001,0,0.31865048089593506,0.5987087643013214
587760,tan20250721t070839c68s4001-E,tan20250721t070839c68s4001,0,0.10102849932380188,0.5987087643013214
587775,tan20250721t070839c68s4001-G,tan20250721t070839c68s4001,1,0.8946117230787187,0.5987087643013214
587781,tan20250721t070839c68s4001-G,tan20250721t070839c68s4001,1,0.8492197455012069,0.5987087643013214
587782,tan20250721t070839c68s4001-E,tan20250721t070839c68s4001,0,0.06204964438725793,0.5987087643013214
587784,tan20250721t070839c68s4001-E,tan20250721t070839c68s4001,0,0.5553637503199363,0.5987087643013214
587787,tan20250721t070839c68s4001-G,tan20250721t070839c68s4001,1,0.8898277189211306,0.5987087643013214
587788,tan20250721t070839c68s4001-H,tan20250721t070839c68s4001,1,0.9709423920355993,0.5987087643013214
587805,tan20250721t070839c68s4001-G,tan20250721t070839c68s4001,0,0.8233068364122306,0.5987087643013214
587811,tan20250721t070839c68s4001-G,tan20250721t070839c68s4001,0,0.15822240484147898,0.5987087643013214
587817,tan20250721t070839c68s4001-G,tan20250721t070839c68s4001,0,0.03725033800145513,0.5987087643013214
587820,tan20250721t070839c68s4001-H,tan20250721t070839c68s4001,0,0.4971982708687013,0.5987087643013214
587822,tan20250721t070839c68s4001-H,tan20250721t070839c68s4001,0,0.5022275519514529,0.5987087643013214
587825,tan20250721t070839c68s4001-G,tan20250721t070839c68s4001,0,0.06663856384831252,0.5987087643013214
587834,tan20250721t070839c68s4001-H,tan20250721t070839c68s4001,0,0.2082781402509299,0.5987087643013214
587847,tan20250723t085612c40s4001-D,tan20250723t085612c40s4001,1,0.4026473688950851,0.5987087643013214
587848,tan20250721t070839c68s4001-H,tan20250721t070839c68s4001,0,0.9279379863655983,0.5987087643013214
587850,tan20250723t085612c40s4001-D,tan20250723t085612c40s4001,1,0.4913617081628074,0.5987087643013214
587851,tan20250723t085612c40s4001-E,tan20250723t085612c40s4001,1,0.7687596851409176,0.5987087643013214
587853,tan20250723t085612c40s4001-E,tan20250723t085612c40s4001,1,0.5149574608009251,0.5987087643013214
587854,tan20250723t085612c40s4001-D,tan20250723t085612c40s4001,1,0.5632716767954584,0.5987087643013214
587855,tan20250723t085612c40s4001-E,tan20250723t085612c40s4001,1,0.6510255604383296,0.5987087643013214
587862,tan20250723t085612c40s4001-D,tan20250723t085612c40s4001,1,0.5532503890689053,0.5987087643013214
587864,tan20250723t085612c40s4001-D,tan20250723t085612c40s4001,1,0.49667254995727755,0.5987087643013214
587866,tan20250723t085612c40s4001-D,tan20250723t085612c40s4001,0,0.016156925572205515,0.5987087643013214
587867,tan20250723t085612c40s4001-E,tan20250723t085612c40s4001,1,0.7800094520500097,0.5987087643013214
587871,tan20250723t085612c40s4001-E,tan20250723t085612c40s4001,1,0.7687596851409176,0.5987087643013214
587872,tan20250723t085612c40s4001-D,tan20250723t085612c40s4001,0,0.08974969679288243,0.5987087643013214
587874,tan20250723t085612c40s4001-D,tan20250723t085612c40s4001,0,0.2192618375879611,0.5987087643013214
587875,tan20250723t085612c40s4001-E,tan20250723t085612c40s4001,1,0.717719991273071,0.5987087643013214
587877,tan20250723t085612c40s4001-E,tan20250723t085612c40s4001,1,0.853239985461767,0.5987087643013214
587881,tan20250723t085612c40s4001-E,tan20250723t085612c40s4001,1,0.5879156252842294,0.5987087643013214
587882,tan20250723t085612c40s4001-D,tan20250723t085612c40s4001,0,0.007552576088519392,0.5987087643013214
587886,tan20250723t085612c40s4001-D,tan20250723t085612c40s4001,0,0.07512280769855532,0.5987087643013214
587889,tan20250723t085612c40s4001-E,tan20250723t085612c40s4001,0,0.09137939453055306,0.5987087643013214
587893,tan20250723t085612c40s4001-E,tan20250723t085612c40s4001,0,0.0355623285901637,0.5987087643013214
587899,tan20250723t085612c40s4001-E,tan20250723t085612c40s4001,0,0.006131185035049849,0.5987087643013214
587910,tan20250723t085612c40s4001-G,tan20250723t085612c40s4001,1,0.17908665740866966,0.5987087643013214
588022,tan20250723t085612c40s4001-G,tan20250723t085612c40s4001,1,0.3006373172953251,0.5987087643013214
588037,tan20250723t085612c40s4001-I,tan20250723t085612c40s4001,0,0.31477919809880256,0.5987087643013214
588051,tan20250723t085612c40s4001-G,tan20250723t085612c40s4001,1,0.28702482312202504,0.5987087643013214
588079,tan20250723t085612c40s4001-G,tan20250723t085612c40s4001,0,0.17367891005631328,0.5987087643013214
588105,tan20250723t085612c40s4001-I,tan20250723t085612c40s4001,0,0.750097810211118,0.5987087643013214
588118,tan20250723t085612c40s4001-G,tan20250723t085612c40s4001,0,0.04582254462277579,0.5987087643013214
588139,tan20250723t085612c40s4001-G,tan20250723t085612c40s4001,0,0.032758224499497564,0.5987087643013214
588140,tan20250723t085612c40s4001-G,tan20250723t085612c40s4001,0,0.014653999046593796,0.5987087643013214
588253,tan20250723t085612c40s4001-G,tan20250723t085612c40s4001,0,0.028168211033551504,0.5987087643013214
588584,tan20250723t085612c40s4001-J,tan20250723t085612c40s4001,0,0.012780375252771781,0.5987087643013214
588647,tan20250725t055844c55s4001-A,tan20250725t055844c55s4001,1,0.01084691141358245,0.5987087643013214
588651,tan20250725t055844c55s4001-A,tan20250725t055844c55s4001,0,0.0019791487766117753,0.5987087643013214
588653,tan20250725t055844c55s4001-A,tan20250725t055844c55s4001,0,0.0011709572855979006,0.5987087643013214
588675,tan20250725t055844c55s4001-A,tan20250725t055844c55s4001,0,0.9529585855861983,0.5987087643013214
588682,tan20250725t055844c55s4001-B,tan20250725t055844c55s4001,0,0.00209445377693581,0.5987087643013214
588689,tan20250725t055844c55s4001-C,tan20250725t055844c55s4001,1,0.005930356733022037,0.5987087643013214
588694,tan20250725t055844c55s4001-B,tan20250725t055844c55s4001,0,0.003145722271403235,0.5987087643013214
588695,tan20250725t055844c55s4001-C,tan20250725t055844c55s4001,1,0.003393618882366043,0.5987087643013214
588698,tan20250725t055844c55s4001-C,tan20250725t055844c55s4001,1,0.002095064289315711,0.5987087643013214
588703,tan20250725t055844c55s4001-C,tan20250725t055844c55s4001,1,0.002135384531800893,0.5987087643013214
588704,tan20250725t055844c55s4001-E,tan20250725t055844c55s4001,1,0.005816506849598398,0.5987087643013214
588713,tan20250725t055844c55s4001-C,tan20250725t055844c55s4001,1,0.002303515722104669,0.5987087643013214
588716,tan20250725t055844c55s4001-E,tan20250725t055844c55s4001,1,0.21582943176470326,0.5987087643013214
588726,tan20250725t055844c55s4001-E,tan20250725t055844c55s4001,1,0.006453936109463812,0.5987087643013214
588729,tan20250725t055844c55s4001-C,tan20250725t055844c55s4001,0,0.0024843631791649887,0.5987087643013214
588733,tan20250725t055844c55s4001-C,tan20250725t055844c55s4001,0,0.0011600800168788188,0.5987087643013214
588764,tan20250725t055844c55s4001-H,tan20250725t055844c55s4001,1,0.001989703147676591,0.5987087643013214
588780,tan20250725t055844c55s4001-H,tan20250725t055844c55s4001,1,0.0015995891845187735,0.5987087643013214
588789,tan20250725t055844c55s4001-F,tan20250725t055844c55s4001,0,0.0037011280059790264,0.5987087643013214
588791,tan20250725t055844c55s4001-F,tan20250725t055844c55s4001,0,0.0025126438093555315,0.5987087643013214
588794,tan20250725t055844c55s4001-H,tan20250725t055844c55s4001,1,0.0014762155424884894,0.5987087643013214
588803,tan20250725t055844c55s4001-F,tan20250725t055844c55s4001,0,0.002096177634885012,0.5987087643013214
588813,tan20250725t055844c55s4001-I,tan20250725t055844c55s4001,1,0.00454680329597896,0.5987087643013214
588827,tan20250725t055844c55s4001-I,tan20250725t055844c55s4001,1,0.005427396023091131,0.5987087643013214
588983,tan20250725t055844c55s4001-I,tan20250725t055844c55s4001,1,0.02047093510164258,0.5987087643013214
589029,tan20250725t055844c55s4001-I,tan20250725t055844c55s4001,1,0.007840938983246113,0.5987087643013214
589039,tan20250725t055844c55s4001-I,tan20250725t055844c55s4001,0,0.0032235258581756253,0.5987087643013214
589103,tan20250725t055844c55s4001-K,tan20250725t055844c55s4001,0,0.0027760259375387056,0.5987087643013214
589117,tan20250725t055844c55s4001-I,tan20250725t055844c55s4001,0,0.0029651724586697396,0.5987087643013214
589122,tan20250725t055844c55s4001-I,tan20250725t055844c55s4001,0,0.002519473515428759,0.5987087643013214
589143,tan20250725t055844c55s4001-I,tan20250725t055844c55s4001,0,0.054447789035142455,0.5987087643013214
589549,tan20250725t165827c33s4001-A,tan20250725t165827c33s4001,0,0.42248537931936453,0.5987087643013214
589550,tan20250725t055844c55s4001-I,tan20250725t055844c55s4001,0,0.0024223191721824185,0.5987087643013214
589553,tan20250725t165827c33s4001-A,tan20250725t165827c33s4001,0,0.03136371304960612,0.5987087643013214
589558,tan20250725t165827c33s4001-A,tan20250725t165827c33s4001,0,0.003433090387514637,0.5987087643013214
589564,tan20250725t165827c33s4001-A,tan20250725t165827c33s4001,0,0.005350379118348652,0.5987087643013214
589573,tan20250725t165827c33s4001-A,tan20250725t165827c33s4001,0,0.014439853904807433,0.5987087643013214
589585,tan20250725t165827c33s4001-A,tan20250725t165827c33s4001,0,0.1620406131825207,0.5987087643013214
589618,tan20250725t165827c33s4001-A,tan20250725t165827c33s4001,0,0.0034087325402897568,0.5987087643013214
589723,tan20250725t165827c33s4001-A,tan20250725t165827c33s4001,0,0.003301082170854595,0.5987087643013214
589740,tan20250725t165827c33s4001-A,tan20250725t165827c33s4001,0,0.03204603897311749,0.5987087643013214
589763,tan20250725t165827c33s4001-A,tan20250725t165827c33s4001,0,0.03426045850113836,0.5987087643013214
589784,tan20250725t165827c33s4001-A,tan20250725t165827c33s4001,0,0.022116244243368176,0.5987087643013214
589801,tan20250725t165827c33s4001-A,tan20250725t165827c33s4001,0,0.002181185056633615,0.5987087643013214
589817,tan20250725t165827c33s4001-A,tan20250725t165827c33s4001,0,0.004076300143888331,0.5987087643013214
589848,tan20250725t165827c33s4001-A,tan20250725t165827c33s4001,0,0.18433492956111586,0.5987087643013214
589850,tan20250725t165827c33s4001-A,tan20250725t165827c33s4001,0,0.4668052647276375,0.5987087643013214
589855,tan20250725t165827c33s4001-A,tan20250725t165827c33s4001,0,0.24540836031361035,0.5987087643013214
589867,tan20250725t183110c58s4001-A,tan20250725t183110c58s4001,0,0.194543614639675,0.5987087643013214
589979,tan20250725t183110c58s4001-A,tan20250725t183110c58s4001,0,0.2935627699815349,0.5987087643013214
590006,tan20250725t183110c58s4001-B,tan20250725t183110c58s4001,0,0.7911519821125069,0.5987087643013214
590021,tan20250725t183110c58s4001-C,tan20250725t183110c58s4001,1,0.8834887577627047,0.5987087643013214
590022,tan20250725t183110c58s4001-C,tan20250725t183110c58s4001,1,0.8851560630221901,0.5987087643013214
590024,tan20250725t183110c58s4001-C,tan20250725t183110c58s4001,1,0.9275330931957653,0.5987087643013214
590044,tan20250725t183110c58s4001-C,tan20250725t183110c58s4001,0,0.6360544161553366,0.5987087643013214
590053,tan20250725t183110c58s4001-D,tan20250725t183110c58s4001,1,0.6967011982140642,0.5987087643013214
590055,tan20250725t183110c58s4001-D,tan20250725t183110c58s4001,1,0.611470092787807,0.5987087643013214
590058,tan20250725t183110c58s4001-D,tan20250725t183110c58s4001,1,0.6391174941567719,0.5987087643013214
590073,tan20250725t183110c58s4001-D,tan20250725t183110c58s4001,1,0.6091765270572166,0.5987087643013214
590412,tan20250725t183110c58s4001-D,tan20250725t183110c58s4001,0,0.011825028286782753,0.5987087643013214
590420,tan20250725t183110c58s4001-D,tan20250725t183110c58s4001,0,0.11531558629800298,0.5987087643013214
590422,tan20250725t183110c58s4001-D,tan20250725t183110c58s4001,0,0.3373901064967755,0.5987087643013214
590432,tan20250725t183110c58s4001-G,tan20250725t183110c58s4001,1,0.9342948478170684,0.5987087643013214
590437,tan20250725t183110c58s4001-F,tan20250725t183110c58s4001,1,0.9502366445318677,0.5987087643013214
590438,tan20250725t183110c58s4001-G,tan20250725t183110c58s4001,1,0.9706274333890956,0.5987087643013214
590444,tan20250725t183110c58s4001-G,tan20250725t183110c58s4001,1,0.9503199974225162,0.5987087643013214
590462,tan20250725t183110c58s4001-F,tan20250725t183110c58s4001,0,0.6528051285795774,0.5987087643013214
590478,tan20250725t183110c58s4001-F,tan20250725t183110c58s4001,0,0.8925008012930844,0.5987087643013214
590479,tan20250725t183110c58s4001-G,tan20250725t183110c58s4001,0,0.4904505686139452,0.5987087643013214
590486,tan20250725t183110c58s4001-G,tan20250725t183110c58s4001,0,0.4435446764278814,0.5987087643013214
590496,tan20250725t183110c58s4001-G,tan20250725t183110c58s4001,0,0.7904928919803643,0.5987087643013214
590499,tan20250725t183110c58s4001-H,tan20250725t183110c58s4001,1,0.9758482077685139,0.5987087643013214
590503,tan20250725t183110c58s4001-H,tan20250725t183110c58s4001,1,0.9668203539988657,0.5987087643013214
590504,tan20250727t105623c33s4001-A,tan20250727t105623c33s4001,1,0.4139493414697954,0.5987087643013214
590505,tan20250725t183110c58s4001-H,tan20250725t183110c58s4001,1,0.9623185414110574,0.5987087643013214
590506,tan20250727t105623c33s4001-A,tan20250727t105623c33s4001,1,0.2114678894979672,0.5987087643013214
590507,tan20250725t183110c58s4001-H,tan20250725t183110c58s4001,1,0.9076251373549729,0.5987087643013214
590508,tan20250727t105623c33s4001-A,tan20250727t105623c33s4001,1,0.14352335001354272,0.5987087643013214
590509,tan20250725t183110c58s4001-H,tan20250725t183110c58s4001,1,0.8742597474944339,0.5987087643013214
590510,tan20250727t105623c33s4001-A,tan20250727t105623c33s4001,1,0.39185908683505566,0.5987087643013214
590512,tan20250727t105623c33s4001-A,tan20250727t105623c33s4001,1,0.5064979848889787,0.5987087643013214
590514,tan20250727t105623c33s4001-A,tan20250727t105623c33s4001,1,0.22281447478648475,0.5987087643013214
590516,tan20250727t105623c33s4001-A,tan20250727t105623c33s4001,1,0.14399748142490074,0.5987087643013214
590518,tan20250727t105623c33s4001-A,tan20250727t105623c33s4001,1,0.1877196281490138,0.5987087643013214
590520,tan20250727t105623c33s4001-A,tan20250727t105623c33s4001,1,0.2856786198275556,0.5987087643013214
590521,tan20250725t183110c58s4001-H,tan20250725t183110c58s4001,0,0.19541229276547067,0.5987087643013214
590522,tan20250727t105623c33s4001-A,tan20250727t105623c33s4001,1,0.2777242291352796,0.5987087643013214
590525,tan20250727t105623c33s4001-A,tan20250727t105623c33s4001,1,0.21890464554017605,0.5987087643013214
590527,tan20250725t183110c58s4001-H,tan20250725t183110c58s4001,0,0.05751279408680608,0.5987087643013214
590528,tan20250727t105623c33s4001-A,tan20250727t105623c33s4001,1,0.24384032792073793,0.5987087643013214
590531,tan20250727t105623c33s4001-A,tan20250727t105623c33s4001,1,0.24134803659885962,0.5987087643013214
590533,tan20250727t105623c33s4001-A,tan20250727t105623c33s4001,1,0.2114678894979672,0.5987087643013214
590535,tan20250727t105623c33s4001-A,tan20250727t105623c33s4001,1,0.8769808092342589,0.5987087643013214
590537,tan20250727t105623c33s4001-A,tan20250727t105623c33s4001,1,0.18050182260667996,0.5987087643013214
590538,tan20250725t183110c58s4001-H,tan20250725t183110c58s4001,0,0.19673304504485323,0.5987087643013214
590539,tan20250727t105623c33s4001-A,tan20250727t105623c33s4001,0,0.8802913309795422,0.5987087643013214
590541,tan20250727t105623c33s4001-A,tan20250727t105623c33s4001,0,0.0018153871017852572,0.5987087643013214
590543,tan20250727t105623c33s4001-A,tan20250727t105623c33s4001,0,0.0014462056480505654,0.5987087643013214
590545,tan20250727t105623c33s4001-A,tan20250727t105623c33s4001,0,0.27241181930541175,0.5987087643013214
590547,tan20250727t105623c33s4001-A,tan20250727t105623c33s4001,0,0.42217638400845436,0.5987087643013214
590548,tan20250725t183110c58s4001-H,tan20250725t183110c58s4001,0,0.9213882817397384,0.5987087643013214
590549,tan20250727t105623c33s4001-A,tan20250727t105623c33s4001,0,0.4207481040356087,0.5987087643013214
590550,tan20250727t105623c33s4001-A,tan20250727t105623c33s4001,0,0.40106309718841043,0.5987087643013214
590551,tan20250727t105623c33s4001-A,tan20250727t105623c33s4001,0,0.1430244090459175,0.5987087643013214
590552,tan20250729t080117c58s4001-A,tan20250729t080117c58s4001,1,0.8116801112174676,0.5987087643013214
590553,tan20250727t105623c33s4001-A,tan20250727t105623c33s4001,0,0.6305779633768729,0.5987087643013214
590554,tan20250729t080117c58s4001-A,tan20250729t080117c58s4001,1,0.8317956324340614,0.5987087643013214
590555,tan20250727t105623c33s4001-A,tan20250727t105623c33s4001,0,0.0010098230920849442,0.5987087643013214
590556,tan20250729t080117c58s4001-A,tan20250729t080117c58s4001,1,0.7825099799197276,0.5987087643013214
590557,tan20250727t105623c33s4001-A,tan20250727t105623c33s4001,0,0.7840431680220635,0.5987087643013214
590558,tan20250729t080117c58s4001-A,tan20250729t080117c58s4001,1,0.8137919549699697,0.5987087643013214
590559,tan20250727t105623c33s4001-A,tan20250727t105623c33s4001,0,0.0700606174630733,0.5987087643013214
590560,tan20250729t080117c58s4001-A,tan20250729t080117c58s4001,1,0.7828539665236354,0.5987087643013214
590561,tan20250727t105623c33s4001-A,tan20250727t105623c33s4001,0,0.014415992493967078,0.5987087643013214
590562,tan20250729t080117c58s4001-A,tan20250729t080117c58s4001,1,0.7673452603849792,0.5987087643013214
590563,tan20250727t105623c33s4001-A,tan20250727t105623c33s4001,0,0.0007512559208494422,0.5987087643013214
590564,tan20250729t080117c58s4001-A,tan20250729t080117c58s4001,1,0.8620776149937163,0.5987087643013214
590565,tan20250727t105623c33s4001-A,tan20250727t105623c33s4001,0,0.031640154887712636,0.5987087643013214
590566,tan20250729t080117c58s4001-A,tan20250729t080117c58s4001,1,0.8237392554125014,0.5987087643013214
590567,tan20250727t105623c33s4001-A,tan20250727t105623c33s4001,0,0.27742007243642075,0.5987087643013214
590568,tan20250729t080117c58s4001-A,tan20250729t080117c58s4001,1,0.763822268469234,0.5987087643013214
590569,tan20250729t080117c58s4001-A,tan20250729t080117c58s4001,1,0.842381073686877,0.5987087643013214
590570,tan20250729t080117c58s4001-A,tan20250729t080117c58s4001,1,0.8352545692839765,0.5987087643013214
590571,tan20250729t080447c56s4001-A,tan20250729t080447c56s4001,1,0.8729846896327147,0.5987087643013214
590572,tan20250729t080117c58s4001-A,tan20250729t080117c58s4001,1,0.7737511900393584,0.5987087643013214
590573,tan20250729t080447c56s4001-A,tan20250729t080447c56s4001,1,0.909013803948926,0.5987087643013214
590574,tan20250729t080117c58s4001-A,tan20250729t080117c58s4001,1,0.8157821595266534,0.5987087643013214
590575,tan20250729t080447c56s4001-A,tan20250729t080447c56s4001,1,0.8528173443532794,0.5987087643013214
590576,tan20250729t080117c58s4001-A,tan20250729t080117c58s4001,1,0.8366838202693666,0.5987087643013214
590577,tan20250729t080447c56s4001-A,tan20250729t080447c56s4001,1,0.8821812501013727,0.5987087643013214
590578,tan20250729t080117c58s4001-A,tan20250729t080117c58s4001,1,0.7232158256688734,0.5987087643013214
590579,tan20250729t080447c56s4001-A,tan20250729t080447c56s4001,1,0.9003009831562836,0.5987087643013214
590580,tan20250729t080117c58s4001-A,tan20250729t080117c58s4001,1,0.8328285049659007,0.5987087643013214
590581,tan20250729t080447c56s4001-A,tan20250729t080447c56s4001,1,0.8470715183757296,0.5987087643013214
590582,tan20250729t080117c58s4001-A,tan20250729t080117c58s4001,0,0.4149628176061737,0.5987087643013214
590583,tan20250729t080447c56s4001-A,tan20250729t080447c56s4001,1,0.8256492626963244,0.5987087643013214
590584,tan20250729t080117c58s4001-A,tan20250729t080117c58s4001,0,0.607108522864776,0.5987087643013214
590585,tan20250729t080447c56s4001-A,tan20250729t080447c56s4001,1,0.8952766800576354,0.5987087643013214
590586,tan20250729t080117c58s4001-A,tan20250729t080117c58s4001,0,0.47673259281327807,0.5987087643013214
590587,tan20250729t080447c56s4001-A,tan20250729t080447c56s4001,1,0.8893617698623516,0.5987087643013214
590588,tan20250729t080117c58s4001-A,tan20250729t080117c58s4001,0,0.8849106115666052,0.5987087643013214
590589,tan20250729t080447c56s4001-A,tan20250729t080447c56s4001,1,0.895499089039217,0.5987087643013214
590591,tan20250729t080117c58s4001-A,tan20250729t080117c58s4001,0,0.851720215115206,0.5987087643013214
590592,tan20250729t080447c56s4001-A,tan20250729t080447c56s4001,1,0.8617046316095139,0.5987087643013214
590593,tan20250729t080117c58s4001-A,tan20250729t080117c58s4001,0,0.008314944886458776,0.5987087643013214
590594,tan20250729t080447c56s4001-A,tan20250729t080447c56s4001,1,0.8944280993940773,0.5987087643013214
590595,tan20250729t080117c58s4001-A,tan20250729t080117c58s4001,0,0.06092771027274197,0.5987087643013214
590596,tan20250729t080447c56s4001-A,tan20250729t080447c56s4001,1,0.8767201325522892,0.5987087643013214
590597,tan20250729t080117c58s4001-A,tan20250729t080117c58s4001,0,0.567066952956151,0.5987087643013214
590598,tan20250729t080447c56s4001-A,tan20250729t080447c56s4001,1,0.9073006299274637,0.5987087643013214
590599,tan20250729t080117c58s4001-A,tan20250729t080117c58s4001,0,0.9003773550423356,0.5987087643013214
590600,tan20250729t080447c56s4001-A,tan20250729t080447c56s4001,1,0.9075109579774425,0.5987087643013214
590601,tan20250729t080117c58s4001-A,tan20250729t080117c58s4001,0,0.8884799155515236,0.5987087643013214
590602,tan20250729t080447c56s4001-A,tan20250729t080447c56s4001,1,0.9095193689888079,0.5987087643013214
590603,tan20250729t080117c58s4001-A,tan20250729t080117c58s4001,0,0.03764431260614909,0.5987087643013214
590604,tan20250729t080447c56s4001-A,tan20250729t080447c56s4001,0,0.25120963037149674,0.5987087643013214
590605,tan20250729t080117c58s4001-A,tan20250729t080117c58s4001,0,0.7147011963980691,0.5987087643013214
590606,tan20250729t080447c56s4001-A,tan20250729t080447c56s4001,0,0.060809697632653474,0.5987087643013214
590607,tan20250729t080117c58s4001-A,tan20250729t080117c58s4001,0,0.8611005130866383,0.5987087643013214
590608,tan20250729t080447c56s4001-A,tan20250729t080447c56s4001,0,0.17158994331957936,0.5987087643013214
590609,tan20250729t080117c58s4001-A,tan20250729t080117c58s4001,0,0.8122958666686158,0.5987087643013214
590610,tan20250729t080447c56s4001-A,tan20250729t080447c56s4001,0,0.29379918738936633,0.5987087643013214
590611,tan20250729t080117c58s4001-A,tan20250729t080117c58s4001,0,0.88827327310872,0.5987087643013214
590612,tan20250729t080447c56s4001-A,tan20250729t080447c56s4001,0,0.055296569610099655,0.5987087643013214
590613,tan20250729t080117c58s4001-A,tan20250729t080117c58s4001,0,0.15833674219537214,0.5987087643013214
590614,tan20250729t080447c56s4001-A,tan20250729t080447c56s4001,0,0.5386158781932343,0.5987087643013214
590615,tan20250729t080447c56s4001-A,tan20250729t080447c56s4001,0,0.3737248431407745,0.5987087643013214
590616,tan20250729t080447c56s4001-A,tan20250729t080447c56s4001,0,0.04114988713697615,0.5987087643013214
590617,tan20250730t102929c58s4001-A,tan20250730t102929c58s4001,1,0.16860861844167355,0.5987087643013214
590618,tan20250729t080447c56s4001-A,tan20250729t080447c56s4001,0,0.5702193547061762,0.5987087643013214
590619,tan20250730t102929c58s4001-A,tan20250730t102929c58s4001,1,0.7316699898180961,0.5987087643013214
590620,tan20250729t080447c56s4001-A,tan20250729t080447c56s4001,0,0.539308376526207,0.5987087643013214
590621,tan20250730t102929c58s4001-A,tan20250730t102929c58s4001,1,0.8359655025340064,0.5987087643013214
590622,tan20250729t080447c56s4001-A,tan20250729t080447c56s4001,0,0.17354659059287794,0.5987087643013214
590623,tan20250730t102929c58s4001-A,tan20250730t102929c58s4001,1,0.13170311113561292,0.5987087643013214
590624,tan20250729t080447c56s4001-A,tan20250729t080447c56s4001,0,0.1309484464891422,0.5987087643013214
590625,tan20250730t102929c58s4001-A,tan20250730t102929c58s4001,1,0.05945516720291759,0.5987087643013214
590626,tan20250729t080447c56s4001-A,tan20250729t080447c56s4001,0,0.03695471015236376,0.5987087643013214
590627,tan20250730t102929c58s4001-A,tan20250730t102929c58s4001,1,0.04083686392856789,0.5987087643013214
590628,tan20250729t080447c56s4001-A,tan20250729t080447c56s4001,0,0.14457554824959146,0.5987087643013214
590629,tan20250729t080447c56s4001-A,tan20250729t080447c56s4001,0,0.35271106600021124,0.5987087643013214
590630,tan20250730t102929c58s4001-A,tan20250730t102929c58s4001,1,0.07269001383658476,0.5987087643013214
590631,tan20250729t080447c56s4001-A,tan20250729t080447c56s4001,0,0.18566120548155304,0.5987087643013214
590632,tan20250730t102929c58s4001-A,tan20250730t102929c58s4001,1,0.833730192156815,0.5987087643013214
590633,tan20250730t102929c58s4001-A,tan20250730t102929c58s4001,1,0.5579640290368528,0.5987087643013214
590634,tan20250730t102929c58s4001-A,tan20250730t102929c58s4001,1,0.16788112153782409,0.5987087643013214
590636,tan20250730t102929c58s4001-A,tan20250730t102929c58s4001,1,0.7887503136621417,0.5987087643013214
590637,tan20250730t103138c58s4001-A,tan20250730t103138c58s4001,1,0.619999968781395,0.5987087643013214
590638,tan20250730t102929c58s4001-A,tan20250730t102929c58s4001,1,0.15647405020356125,0.5987087643013214
590639,tan20250730t103138c58s4001-A,tan20250730t103138c58s4001,1,0.8706367988590608,0.5987087643013214
590640,tan20250730t102929c58s4001-A,tan20250730t102929c58s4001,1,0.42865827957420866,0.5987087643013214
590641,tan20250730t103138c58s4001-A,tan20250730t103138c58s4001,1,0.9075568748125482,0.5987087643013214
590642,tan20250730t102929c58s4001-A,tan20250730t102929c58s4001,1,0.7239451861943539,0.5987087643013214
590643,tan20250730t103138c58s4001-A,tan20250730t103138c58s4001,1,0.8516501956996655,0.5987087643013214
590644,tan20250730t102929c58s4001-A,tan20250730t102929c58s4001,1,0.09388248546586471,0.5987087643013214
590646,tan20250730t102929c58s4001-A,tan20250730t102929c58s4001,1,0.8239639637025536,0.5987087643013214
590648,tan20250730t102929c58s4001-A,tan20250730t102929c58s4001,0,0.00452049527469278,0.5987087643013214
590650,tan20250730t102929c58s4001-A,tan20250730t102929c58s4001,0,0.3750561401276747,0.5987087643013214
590652,tan20250730t102929c58s4001-A,tan20250730t102929c58s4001,0,0.033917504445702434,0.5987087643013214
590654,tan20250730t102929c58s4001-A,tan20250730t102929c58s4001,0,0.017864360404869092,0.5987087643013214
590656,tan20250730t102929c58s4001-A,tan20250730t102929c58s4001,0,0.05957168174585333,0.5987087643013214
590658,tan20250730t102929c58s4001-A,tan20250730t102929c58s4001,0,0.001010226071655926,0.5987087643013214
590659,tan20250730t103138c58s4001-A,tan20250730t103138c58s4001,1,0.5516712753551918,0.5987087643013214
590660,tan20250730t102929c58s4001-A,tan20250730t102929c58s4001,0,0.006352417088437339,0.5987087643013214
590661,tan20250730t103138c58s4001-A,tan20250730t103138c58s4001,1,0.8926117741657195,0.5987087643013214
590662,tan20250730t102929c58s4001-A,tan20250730t102929c58s4001,0,0.0539913550305692,0.5987087643013214
590663,tan20250730t103138c58s4001-A,tan20250730t103138c58s4001,1,0.6645987274576048,0.5987087643013214
590664,tan20250730t102929c58s4001-A,tan20250730t102929c58s4001,0,0.01022130086683435,0.5987087643013214
590666,tan20250730t102929c58s4001-A,tan20250730t102929c58s4001,0,0.021227126986657248,0.5987087643013214
590667,tan20250730t103138c58s4001-A,tan20250730t103138c58s4001,0,0.18788477560968306,0.5987087643013214
590668,tan20250730t102929c58s4001-A,tan20250730t102929c58s4001,0,0.011048878992972338,0.5987087643013214
590669,tan20250730t103138c58s4001-A,tan20250730t103138c58s4001,0,0.29661705975539737,0.5987087643013214
590670,tan20250730t102929c58s4001-A,tan20250730t102929c58s4001,0,0.028469478115143554,0.5987087643013214
590672,tan20250730t102929c58s4001-A,tan20250730t102929c58s4001,0,0.2767600846064456,0.5987087643013214
590674,tan20250730t102929c58s4001-A,tan20250730t102929c58s4001,0,0.006355686191766092,0.5987087643013214
590675,tan20250730t103138c58s4001-A,tan20250730t103138c58s4001,0,0.6689011207368764,0.5987087643013214
590676,tan20250730t102929c58s4001-A,tan20250730t102929c58s4001,0,0.004199344075195149,0.5987087643013214
590678,tan20250730t102929c58s4001-A,tan20250730t102929c58s4001,0,0.027953977114922462,0.5987087643013214
590679,tan20250730t103138c58s4001-A,tan20250730t103138c58s4001,0,0.2493881594791232,0.5987087643013214
590680,tan20250730t103138c58s4001-A,tan20250730t103138c58s4001,0,0.1251345060130586,0.5987087643013214
590681,tan20250730t103138c58s4001-A,tan20250730t103138c58s4001,0,0.26200443205492885,0.5987087643013214
590682,tan20250730t103138c58s4001-B,tan20250730t103138c58s4001,1,0.7130283705860552,0.5987087643013214
590684,tan20250730t103138c58s4001-B,tan20250730t103138c58s4001,1,0.8909406741092791,0.5987087643013214
590688,tan20250730t103138c58s4001-B,tan20250730t103138c58s4001,1,0.35181936027259114,0.5987087643013214
590689,tan20250730t103138c58s4001-A,tan20250730t103138c58s4001,0,0.3326201563449982,0.5987087643013214
590690,tan20250730t103138c58s4001-B,tan20250730t103138c58s4001,1,0.42268826512326413,0.5987087643013214
590691,tan20250730t103138c58s4001-A,tan20250730t103138c58s4001,0,0.8435167260131932,0.5987087643013214
590694,tan20250730t103138c58s4001-B,tan20250730t103138c58s4001,1,0.8368874077966963,0.5987087643013214
590699,tan20250804t150759c33s4001-C,tan20250804t150759c33s4001,1,0.886578012542963,0.5987087643013214
590700,tan20250730t103138c58s4001-B,tan20250730t103138c58s4001,1,0.7260775362226495,0.5987087643013214
590701,tan20250804t150759c33s4001-C,tan20250804t150759c33s4001,1,0.7009616117118028,0.5987087643013214
590703,tan20250804t150759c33s4001-C,tan20250804t150759c33s4001,1,0.7394206901535212,0.5987087643013214
590704,tan20250730t103138c58s4001-B,tan20250730t103138c58s4001,1,0.3995516444142834,0.5987087643013214
590705,tan20250804t150759c33s4001-C,tan20250804t150759c33s4001,1,0.7802628902562119,0.5987087643013214
590707,tan20250804t150759c33s4001-C,tan20250804t150759c33s4001,1,0.8525400754104211,0.5987087643013214
590708,tan20250730t103138c58s4001-B,tan20250730t103138c58s4001,1,0.7266059811326944,0.5987087643013214
590709,tan20250804t150759c33s4001-C,tan20250804t150759c33s4001,1,0.9249546723002402,0.5987087643013214
590710,tan20250730t103138c58s4001-B,tan20250730t103138c58s4001,1,0.23631033511443478,0.5987087643013214
590711,tan20250804t150759c33s4001-C,tan20250804t150759c33s4001,1,0.49070577950536354,0.5987087643013214
590712,tan20250730t103138c58s4001-B,tan20250730t103138c58s4001,0,0.09670526718069915,0.5987087643013214
590713,tan20250804t150759c33s4001-C,tan20250804t150759c33s4001,1,0.7440230602625585,0.5987087643013214
590714,tan20250730t103138c58s4001-B,tan20250730t103138c58s4001,0,0.5160371776094885,0.5987087643013214
590715,tan20250804t150759c33s4001-C,tan20250804t150759c33s4001,1,0.8293888443465435,0.5987087643013214
590717,tan20250804t150759c33s4001-C,tan20250804t150759c33s4001,1,0.8673994203182508,0.5987087643013214
590718,tan20250730t103138c58s4001-B,tan20250730t103138c58s4001,0,0.4400391198451365,0.5987087643013214
590719,tan20250804t150759c33s4001-C,tan20250804t150759c33s4001,1,0.6698457575882222,0.5987087643013214
590721,tan20250804t150759c33s4001-C,tan20250804t150759c33s4001,1,0.9058887628876683,0.5987087643013214
590722,tan20250730t103138c58s4001-B,tan20250730t103138c58s4001,0,0.08392255572629606,0.5987087643013214
590723,tan20250804t150759c33s4001-C,tan20250804t150759c33s4001,1,0.624251205967442,0.5987087643013214
590724,tan20250730t103138c58s4001-B,tan20250730t103138c58s4001,0,0.2900735086695392,0.5987087643013214
590725,tan20250804t150759c33s4001-C,tan20250804t150759c33s4001,1,0.8576956431721687,0.5987087643013214
590726,tan20250730t103138c58s4001-B,tan20250730t103138c58s4001,0,0.17638913826257174,0.5987087643013214
590727,tan20250804t150759c33s4001-C,tan20250804t150759c33s4001,1,0.8244022766256425,0.5987087643013214
590729,tan20250804t150759c33s4001-C,tan20250804t150759c33s4001,1,0.5485868807625697,0.5987087643013214
590731,tan20250804t150759c33s4001-C,tan20250804t150759c33s4001,0,0.006054990028192293,0.5987087643013214
590733,tan20250804t150759c33s4001-C,tan20250804t150759c33s4001,0,0.2915733488574901,0.5987087643013214
590734,tan20250730t103138c58s4001-B,tan20250730t103138c58s4001,0,0.8297276375459262,0.5987087643013214
590735,tan20250804t150759c33s4001-C,tan20250804t150759c33s4001,0,0.01662514172740238,0.5987087643013214
590736,tan20250730t103138c58s4001-B,tan20250730t103138c58s4001,0,0.11430167093473333,0.5987087643013214
590737,tan20250804t150759c33s4001-C,tan20250804t150759c33s4001,0,0.03962903226285477,0.5987087643013214
590739,tan20250804t150759c33s4001-C,tan20250804t150759c33s4001,0,0.9140898233365655,0.5987087643013214
590741,tan20250804t150759c33s4001-C,tan20250804t150759c33s4001,0,0.005901697361568518,0.5987087643013214
590743,tan20250804t150759c33s4001-C,tan20250804t150759c33s4001,0,0.12846920077888807,0.5987087643013214
590744,tan20250804t150759c33s4001-C,tan20250804t150759c33s4001,0,0.0033818855298256203,0.5987087643013214
590745,tan20250804t150759c33s4001-C,tan20250804t150759c33s4001,0,0.03138425938846415,0.5987087643013214
590746,tan20250805t033610c58s4001-A,tan20250805t033610c58s4001,1,0.28180207794409523,0.5987087643013214
590747,tan20250804t150759c33s4001-C,tan20250804t150759c33s4001,0,0.03765125873610994,0.5987087643013214
590748,tan20250805t033610c58s4001-A,tan20250805t033610c58s4001,1,0.20796197913308664,0.5987087643013214
590749,tan20250804t150759c33s4001-C,tan20250804t150759c33s4001,0,0.1224974910915425,0.5987087643013214
590750,tan20250805t033610c58s4001-A,tan20250805t033610c58s4001,1,0.7917111972391685,0.5987087643013214
590751,tan20250804t150759c33s4001-C,tan20250804t150759c33s4001,0,0.3333138293690224,0.5987087643013214
590752,tan20250805t033610c58s4001-A,tan20250805t033610c58s4001,1,0.36130572562458074,0.5987087643013214
590753,tan20250804t150759c33s4001-C,tan20250804t150759c33s4001,0,0.03739589162648472,0.5987087643013214
590754,tan20250805t033610c58s4001-A,tan20250805t033610c58s4001,1,0.7027193514012303,0.5987087643013214
590755,tan20250804t150759c33s4001-C,tan20250804t150759c33s4001,0,0.09651777001016465,0.5987087643013214
590756,tan20250805t033610c58s4001-A,tan20250805t033610c58s4001,1,0.20473006653926304,0.5987087643013214
590757,tan20250804t150759c33s4001-C,tan20250804t150759c33s4001,0,0.13807172308504073,0.5987087643013214
590758,tan20250805t033610c58s4001-A,tan20250805t033610c58s4001,1,0.1619548176313569,0.5987087643013214
590759,tan20250804t150759c33s4001-C,tan20250804t150759c33s4001,0,0.134053084793324,0.5987087643013214
590760,tan20250805t033610c58s4001-A,tan20250805t033610c58s4001,1,0.8064566301927705,0.5987087643013214
590761,tan20250805t033610c58s4001-A,tan20250805t033610c58s4001,1,0.19545113891889812,0.5987087643013214
590762,tan20250805t033610c58s4001-A,tan20250805t033610c58s4001,1,0.7082154144574716,0.5987087643013214
590763,tan20250805t033610c58s4001-A,tan20250805t033610c58s4001,1,0.2273956298697478,0.5987087643013214
590867,tan20250805t080647c58s4001-C,tan20250805t080647c58s4001,0,0.8927822966022025,0.5987087643013214
590868,tan20250805t033610c58s4001-A,tan20250805t033610c58s4001,1,0.17323727491397822,0.5987087643013214
590869,tan20250805t080647c58s4001-C,tan20250805t080647c58s4001,0,0.9098037749150271,0.5987087643013214
590870,tan20250805t033610c58s4001-A,tan20250805t033610c58s4001,1,0.5238939203525715,0.5987087643013214
590871,tan20250805t080647c58s4001-C,tan20250805t080647c58s4001,0,0.06340162590346168,0.5987087643013214
590872,tan20250805t033610c58s4001-A,tan20250805t033610c58s4001,1,0.28180207794409523,0.5987087643013214
590875,tan20250805t080647c58s4001-C,tan20250805t080647c58s4001,0,0.03336570828141236,0.5987087643013214
590876,tan20250805t033610c58s4001-A,tan20250805t033610c58s4001,1,0.9187208733136158,0.5987087643013214
590878,tan20250805t080647c58s4001-C,tan20250805t080647c58s4001,0,0.9284302588965418,0.5987087643013214
590879,tan20250805t033610c58s4001-A,tan20250805t033610c58s4001,1,0.8627622085929922,0.5987087643013214
590881,tan20250805t080647c58s4001-C,tan20250805t080647c58s4001,0,0.03677941910393891,0.5987087643013214
590882,tan20250805t033610c58s4001-A,tan20250805t033610c58s4001,0,0.017970513481403556,0.5987087643013214
590883,tan20250805t080647c58s4001-C,tan20250805t080647c58s4001,0,0.9136207620113993,0.5987087643013214
590884,tan20250805t033610c58s4001-A,tan20250805t033610c58s4001,0,0.08833966996834765,0.5987087643013214
590889,tan20250805t080647c58s4001-C,tan20250805t080647c58s4001,0,0.9713115544837182,0.5987087643013214
590890,tan20250805t033610c58s4001-A,tan20250805t033610c58s4001,0,0.01491952311550671,0.5987087643013214
590891,tan20250805t080647c58s4001-C,tan20250805t080647c58s4001,0,0.9190746389119809,0.5987087643013214
590892,tan20250805t033610c58s4001-A,tan20250805t033610c58s4001,0,0.020226752280290833,0.5987087643013214
590898,tan20250805t080647c58s4001-C,tan20250805t080647c58s4001,0,0.06567476225672175,0.5987087643013214
590899,tan20250805t033610c58s4001-A,tan20250805t033610c58s4001,0,0.06352659585297522,0.5987087643013214
590900,tan20250805t080647c58s4001-C,tan20250805t080647c58s4001,0,0.9513399669785169,0.5987087643013214
590901,tan20250805t033610c58s4001-A,tan20250805t033610c58s4001,0,0.7036993833428254,0.5987087643013214
590902,tan20250805t080647c58s4001-C,tan20250805t080647c58s4001,0,0.8835532133924826,0.5987087643013214
590903,tan20250805t033610c58s4001-A,tan20250805t033610c58s4001,0,0.1279132740433595,0.5987087643013214
590904,tan20250805t080647c58s4001-C,tan20250805t080647c58s4001,0,0.8621194320471574,0.5987087643013214
590905,tan20250805t033610c58s4001-A,tan20250805t033610c58s4001,0,0.6150576425588994,0.5987087643013214
590907,tan20250805t080647c58s4001-C,tan20250805t080647c58s4001,0,0.8807321153379111,0.5987087643013214
590908,tan20250805t033610c58s4001-A,tan20250805t033610c58s4001,0,0.9184468776646038,0.5987087643013214
590912,tan20250805t080647c58s4001-C,tan20250805t080647c58s4001,0,0.31377806225496685,0.5987087643013214
590913,tan20250805t033610c58s4001-A,tan20250805t033610c58s4001,0,0.7060899563672693,0.5987087643013214
590914,tan20250805t080647c58s4001-C,tan20250805t080647c58s4001,0,0.31014223975894967,0.5987087643013214
590915,tan20250805t033610c58s4001-A,tan20250805t033610c58s4001,0,0.037573831050446975,0.5987087643013214
590916,tan20250805t033610c58s4001-A,tan20250805t033610c58s4001,0,0.03784989147146138,0.5987087643013214
590917,tan20250805t033610c58s4001-A,tan20250805t033610c58s4001,0,0.013145908576532058,0.5987087643013214
591020,tan20250805t033610c58s4001-A,tan20250805t033610c58s4001,0,0.038375123849792664,0.5987087643013214
591036,tan20250805t033610c58s4001-A,tan20250805t033610c58s4001,0,0.11644666375295125,0.5987087643013214
591039,tan20250805t033610c58s4001-A,tan20250805t033610c58s4001,0,0.014486965257483539,0.5987087643013214
