id,plume_id,event_id,label,probability,selected_threshold
485241,av320241014t195236-B,av320241014t195236,0,0.014132210791626652,0.400052576336041
485334,av320241014t195236-A,av320241014t195236,0,0.004849439570007719,0.400052576336041
485390,av320241014t195236-A,av320241014t195236,0,0.005208780729361315,0.400052576336041
485399,av320241014t195236-B,av320241014t195236,0,0.058803457334748566,0.400052576336041
485432,av320241014t195236-A,av320241014t195236,0,0.0010813514034409264,0.400052576336041
485433,av320241014t195236-B,av320241014t195236,0,0.0054449754076737415,0.400052576336041
485470,av320241014t195236-B,av320241014t195236,0,0.0004948125949559705,0.400052576336041
485494,av320241014t195236-B,av320241014t195236,0,0.00987219888950366,0.400052576336041
485727,av320241014t195236-C,av320241014t195236,0,0.251500033079997,0.400052576336041
485804,av320241014t195236-D,av320241014t195236,0,0.005263302391970116,0.400052576336041
485825,av320241014t195236-C,av320241014t195236,0,0.009059650959148716,0.400052576336041
485834,av320241014t195236-D,av320241014t195236,0,0.0009867810544467856,0.400052576336041
485875,av320241014t195236-C,av320241014t195236,0,0.07677732848944803,0.400052576336041
485923,av320241014t195236-C,av320241014t195236,0,0.0327085416362357,0.400052576336041
485959,av320241014t195236-D,av320241014t195236,0,0.047878544719894216,0.400052576336041
485968,av320241014t195236-C,av320241014t195236,0,0.003717101706826448,0.400052576336041
486089,av320241025t194701-A,av320241025t194701,0,0.4669913778959563,0.400052576336041
486225,av320241025t194701-A,av320241025t194701,0,0.010042253121447166,0.400052576336041
486238,av320241025t194701-B,av320241025t194701,0,0.10035728713547692,0.400052576336041
486253,av320241025t194701-B,av320241025t194701,0,0.8593404143378857,0.400052576336041
486267,av320241025t194701-A,av320241025t194701,0,0.8790846312695934,0.400052576336041
486282,av320241025t194701-B,av320241025t194701,0,0.19502818835906935,0.400052576336041
486301,av320241025t194701-B,av320241025t194701,0,0.039972400581128574,0.400052576336041
486311,av320241025t194701-A,av320241025t194701,0,0.010777266959198764,0.400052576336041
486434,av320241025t194701-C,av320241025t194701,0,0.5962314182347239,0.400052576336041
486535,av320241025t195557-A,av320241025t195557,0,0.0008977614470384372,0.400052576336041
486536,av320241025t194701-C,av320241025t194701,0,0.25939417411559823,0.400052576336041
486540,av320241025t195557-A,av320241025t195557,0,0.05439452298575779,0.400052576336041
486545,av320241025t195557-A,av320241025t195557,0,0.1455074300012039,0.400052576336041
486565,av320241025t195557-A,av320241025t195557,0,0.011276620636160991,0.400052576336041
486570,av320241025t195557-A,av320241025t195557,0,0.00426394151038698,0.400052576336041
486579,av320241025t195557-A,av320241025t195557,0,0.14624459862912562,0.400052576336041
486580,av320241025t194701-C,av320241025t194701,0,0.9196234487953359,0.400052576336041
486583,av320241025t195557-A,av320241025t195557,0,0.006451488567746761,0.400052576336041
486587,av320241025t194701-C,av320241025t194701,0,0.0012261673733312219,0.400052576336041
486591,av320241025t195557-A,av320241025t195557,0,0.00255175128351702,0.400052576336041
486592,av320241025t194701-C,av320241025t194701,0,0.025185355089191595,0.400052576336041
486598,av320241025t195557-A,av320241025t195557,0,0.2847329136054169,0.400052576336041
486602,av320241025t195557-A,av320241025t195557,0,0.0030831889370997734,0.400052576336041
486606,av320241025t195557-A,av320241025t195557,0,0.006276425358360633,0.400052576336041
486616,av320241025t194701-C,av320241025t194701,0,0.26905001036990933,0.400052576336041
486618,av320241025t195557-A,av320241025t195557,0,0.7836837972898962,0.400052576336041
486634,av320241025t195557-A,av320241025t195557,0,0.02282967920609873,0.400052576336041
486637,av320241025t194701-C,av320241025t194701,0,0.3938473761905601,0.400052576336041
486640,av320241025t195557-A,av320241025t195557,0,0.013619047321204523,0.400052576336041
486642,av320241025t194701-C,av320241025t194701,0,0.1548619555150135,0.400052576336041
486643,av320241025t195557-A,av320241025t195557,0,0.6669621629478422,0.400052576336041
486645,av320241025t195557-A,av320241025t195557,0,0.9057163526317109,0.400052576336041
486948,av320241025t202206-A,av320241025t202206,1,0.9473794346370392,0.400052576336041
486949,av320241025t202206-B,av320241025t202206,1,0.8534853137665958,0.400052576336041
486960,av320241025t202206-A,av320241025t202206,1,0.7593336422108659,0.400052576336041
486964,av320241025t202206-A,av320241025t202206,1,0.9352267422460194,0.400052576336041
486967,av320241025t202206-B,av320241025t202206,1,0.5928339262034643,0.400052576336041
486969,av320241025t202206-B,av320241025t202206,1,0.7313817141698277,0.400052576336041
486971,av320241025t202206-B,av320241025t202206,1,0.3838197638076946,0.400052576336041
486973,av320241025t202206-B,av320241025t202206,1,0.3838197638076946,0.400052576336041
486977,av320241025t202206-B,av320241025t202206,1,0.9030285437482064,0.400052576336041
486978,av320241025t202206-A,av320241025t202206,0,0.005152464282668041,0.400052576336041
486981,av320241025t202206-A,av320241025t202206,0,0.004401633654311961,0.400052576336041
486984,av320241025t202206-B,av320241025t202206,0,0.018990740139114975,0.400052576336041
486991,av320241025t202206-A,av320241025t202206,0,0.24472799546070848,0.400052576336041
487004,av320241025t202206-B,av320241025t202206,0,0.0038065784572601496,0.400052576336041
487009,av320241025t202206-B,av320241025t202206,0,0.004511098898434992,0.400052576336041
487011,av320241025t202206-B,av320241025t202206,0,0.32065571964592404,0.400052576336041
487014,av320241025t202206-A,av320241025t202206,0,0.0025359845150508082,0.400052576336041
487020,av320241025t202206-C,av320241025t202206,1,0.8586796085326441,0.400052576336041
487021,av320241025t202206-D,av320241025t202206,1,0.6436059639478665,0.400052576336041
487030,av320241025t202206-C,av320241025t202206,1,0.8384724270743965,0.400052576336041
487034,av320241025t202206-C,av320241025t202206,1,0.8248975581428128,0.400052576336041
487041,av320241025t202206-D,av320241025t202206,1,0.24745527814053125,0.400052576336041
487074,av320241025t202206-D,av320241025t202206,0,0.022780659075722184,0.400052576336041
487080,av320241025t202206-C,av320241025t202206,0,0.20027140835548857,0.400052576336041
487081,av320241025t202206-D,av320241025t202206,0,0.004011730948361171,0.400052576336041
487086,av320241025t202206-C,av320241025t202206,0,0.01148243800276495,0.400052576336041
487099,av320241025t202206-D,av320241025t202206,0,0.020892800978011928,0.400052576336041
487103,av320241025t203607-C,av320241025t203607,1,0.13289531414860367,0.400052576336041
487105,av320241025t203607-C,av320241025t203607,1,0.2337019450270113,0.400052576336041
487107,av320241025t203607-C,av320241025t203607,1,0.3883125950294634,0.400052576336041
487109,av320241025t203607-C,av320241025t203607,1,0.24181349419906611,0.400052576336041
487115,av320241025t203607-C,av320241025t203607,1,0.2322775566123416,0.400052576336041
487116,av320241025t202206-E,av320241025t202206,1,0.9070714645325121,0.400052576336041
487117,av320241025t203607-C,av320241025t203607,1,0.17101960801173105,0.400052576336041
487119,av320241025t203607-C,av320241025t203607,1,0.54561535395586,0.400052576336041
487125,av320241025t203607-C,av320241025t203607,1,0.27599016333125614,0.400052576336041
487126,av320241025t202206-E,av320241025t202206,1,0.7759284373446542,0.400052576336041
487127,av320241025t203607-C,av320241025t203607,1,0.2337019450270113,0.400052576336041
487131,av320241025t203607-C,av320241025t203607,1,0.16147479950976001,0.400052576336041
487136,av320241025t203607-C,av320241025t203607,0,0.1809797372673778,0.400052576336041
487138,av320241025t203607-C,av320241025t203607,0,0.08396348763572868,0.400052576336041
487144,av320241025t203607-C,av320241025t203607,0,0.14063961390318905,0.400052576336041
487147,av320241025t202206-E,av320241025t202206,0,0.0011678719593613874,0.400052576336041
487148,av320241025t203607-C,av320241025t203607,0,0.33029982916103257,0.400052576336041
487151,av320241025t202206-E,av320241025t202206,0,0.041585234921979464,0.400052576336041
487169,av320241025t202206-E,av320241025t202206,0,0.5415163681222909,0.400052576336041
487170,av320241025t203607-C,av320241025t203607,0,0.008283535517621165,0.400052576336041
487172,av320241025t203607-C,av320241025t203607,0,0.023573540273022657,0.400052576336041
487176,av320241025t203607-D,av320241025t203607,1,0.41263454771302127,0.400052576336041
487281,av320241025t204912-A,av320241025t204912,0,0.046386981934872354,0.400052576336041
487284,av320241025t204912-A,av320241025t204912,0,0.0006140645545020913,0.400052576336041
487285,av320241025t203607-D,av320241025t203607,1,0.46229551274587144,0.400052576336041
487286,av320241025t204912-A,av320241025t204912,0,0.0014814115506494002,0.400052576336041
487293,av320241025t204912-A,av320241025t204912,0,0.7256545018115204,0.400052576336041
487294,av320241025t203607-D,av320241025t203607,1,0.05093528079950205,0.400052576336041
487296,av320241025t204912-A,av320241025t204912,0,0.006083531939821891,0.400052576336041
487301,av320241025t204912-A,av320241025t204912,0,0.28696228223422543,0.400052576336041
487306,av320241025t204912-A,av320241025t204912,0,0.030798947152254653,0.400052576336041
487307,av320241025t203607-D,av320241025t203607,1,0.5386600263588242,0.400052576336041
487308,av320241025t204912-A,av320241025t204912,0,0.0028627329270127333,0.400052576336041
487309,av320241025t203607-D,av320241025t203607,1,0.3388748988816733,0.400052576336041
487311,av320241025t204912-A,av320241025t204912,0,0.07316748864282287,0.400052576336041
487312,av320241025t203607-D,av320241025t203607,1,0.1843061069168669,0.400052576336041
487315,av320241025t204912-A,av320241025t204912,0,0.5599421607069749,0.400052576336041
487317,av320241025t204912-A,av320241025t204912,0,0.7243515497725626,0.400052576336041
487319,av320241025t204912-A,av320241025t204912,0,0.005269378211865784,0.400052576336041
487322,av320241025t204912-A,av320241025t204912,0,0.0030136755048864212,0.400052576336041
487327,av320241025t204912-A,av320241025t204912,0,0.03197144850008316,0.400052576336041
487329,av320241025t204912-A,av320241025t204912,0,0.9510635678334308,0.400052576336041
487341,av320241025t204912-A,av320241025t204912,0,0.003418465256986312,0.400052576336041
487444,av320250718t164841-A,av320250718t164841,0,0.037817288147030975,0.400052576336041
487445,av320241025t203607-D,av320241025t203607,0,0.9692279077833518,0.400052576336041
487451,av320241025t203607-D,av320241025t203607,0,0.007675229246790617,0.400052576336041
487456,av320241025t203607-D,av320241025t203607,0,0.02649919986599018,0.400052576336041
487459,av320241025t203607-D,av320241025t203607,0,0.0017367909594404962,0.400052576336041
487492,av320241025t203607-D,av320241025t203607,0,0.007051776434595679,0.400052576336041
487531,av320241025t203607-D,av320241025t203607,0,0.027261990195978605,0.400052576336041
487550,av320241025t203607-D,av320241025t203607,0,0.004122680160500654,0.400052576336041
487554,av320250718t164841-A,av320250718t164841,0,0.0036576283393774897,0.400052576336041
487555,av320241025t203607-D,av320241025t203607,0,0.014529057668706843,0.400052576336041
487558,av320241025t203607-D,av320241025t203607,0,0.00252606725960579,0.400052576336041
487564,av320241025t203607-D,av320241025t203607,0,0.6366634367690867,0.400052576336041
487846,av320250718t164841-B,av320250718t164841,0,0.0003645170788701878,0.400052576336041
487859,av320250718t164841-C,av320250718t164841,0,0.0006958473595932006,0.400052576336041
487863,av320250718t164841-B,av320250718t164841,0,0.0007285282840253051,0.400052576336041
487870,av320250718t164841-C,av320250718t164841,0,0.0017431444179622287,0.400052576336041
487915,av320250718t164841-B,av320250718t164841,0,0.14862972662526366,0.400052576336041
487927,av320250718t164841-B,av320250718t164841,0,0.004450947624009355,0.400052576336041
487983,av320250718t164841-B,av320250718t164841,0,0.002754180962168349,0.400052576336041
487986,av320250718t164841-C,av320250718t164841,0,0.005099488614090436,0.400052576336041
487997,av320250718t164841-B,av320250718t164841,0,0.0017975153015459535,0.400052576336041
488008,av320250718t164841-B,av320250718t164841,0,0.004349792791397557,0.400052576336041
488219,av320250718t164841-E,av320250718t164841,0,0.004123664941735159,0.400052576336041
488309,av320250718t164841-D,av320250718t164841,0,0.004562912223297338,0.400052576336041
488317,av320250718t164841-D,av320250718t164841,0,0.12342473449219098,0.400052576336041
488339,av320250718t164841-E,av320250718t164841,0,0.012841952160584286,0.400052576336041
488649,av320250723t162202-B,av320250723t162202,1,0.014729653320587727,0.400052576336041
488655,av320250723t162202-B,av320250723t162202,1,0.008627736428746785,0.400052576336041
488659,av320250723t162202-B,av320250723t162202,1,0.004483655143029039,0.400052576336041
488660,av320250723t162202-A,av320250723t162202,1,0.005469083597131594,0.400052576336041
488661,av320250723t162202-B,av320250723t162202,1,0.0033138685050708495,0.400052576336041
488663,av320250723t162202-B,av320250723t162202,1,0.007231268686889182,0.400052576336041
488670,av320250723t162202-A,av320250723t162202,1,0.003216117406317376,0.400052576336041
488675,av320250723t162202-A,av320250723t162202,1,0.005491542298835631,0.400052576336041
488676,av320250723t162202-B,av320250723t162202,1,0.003506420142015476,0.400052576336041
488677,av320250723t162202-A,av320250723t162202,1,0.003210424232892989,0.400052576336041
488679,av320250723t162202-A,av320250723t162202,1,0.004079116070753426,0.400052576336041
488682,av320250723t162202-B,av320250723t162202,0,0.001179159789893626,0.400052576336041
488686,av320250723t162202-B,av320250723t162202,0,0.0012739007388225055,0.400052576336041
488690,av320250723t162202-B,av320250723t162202,0,0.0022702464170280302,0.400052576336041
488692,av320250723t162202-A,av320250723t162202,0,0.0005999711296817628,0.400052576336041
488696,av320250723t162202-B,av320250723t162202,0,0.006802423280298623,0.400052576336041
488699,av320250723t162202-A,av320250723t162202,0,0.001501023572490037,0.400052576336041
488700,av320250723t162202-A,av320250723t162202,0,0.0008711748447767057,0.400052576336041
488702,av320250723t162202-B,av320250723t162202,0,0.0007283383593562688,0.400052576336041
488705,av320250723t162202-B,av320250723t162202,0,0.003974309612035522,0.400052576336041
488706,av320250723t162202-A,av320250723t162202,0,0.0015730987081997551,0.400052576336041
488707,av320250723t162202-B,av320250723t162202,0,0.0012081881203259116,0.400052576336041
488715,av320250723t164136-A,av320250723t164136,1,0.0031910090066482994,0.400052576336041
488724,av320250723t162202-C,av320250723t162202,1,0.02691617541455186,0.400052576336041
488728,av320250723t162202-C,av320250723t162202,1,0.015340443743002771,0.400052576336041
488734,av320250723t162202-C,av320250723t162202,1,0.009052908403899867,0.400052576336041
488736,av320250723t162202-C,av320250723t162202,1,0.007138982467021841,0.400052576336041
488740,av320250723t162202-C,av320250723t162202,1,0.01593692130988319,0.400052576336041
488745,av320250723t164136-A,av320250723t164136,0,0.0010020728514854025,0.400052576336041
488756,av320250723t162202-C,av320250723t162202,0,0.0006165854679018537,0.400052576336041
488758,av320250723t162202-C,av320250723t162202,0,0.0006968738873181831,0.400052576336041
488760,av320250723t162202-C,av320250723t162202,0,0.0008662980065876239,0.400052576336041
488762,av320250723t162202-C,av320250723t162202,0,0.0005833178787289529,0.400052576336041
488768,av320250723t162202-C,av320250723t162202,0,0.00043937364321534395,0.400052576336041
488778,av320250723t164136-B,av320250723t164136,1,0.0013342658003338713,0.400052576336041
488782,av320250723t164136-B,av320250723t164136,1,0.0017570225526343675,0.400052576336041
488792,av320250723t164136-B,av320250723t164136,1,0.002958940840927092,0.400052576336041
488807,av320250723t164136-C,av320250723t164136,1,0.003825902818605733,0.400052576336041
488837,av320250723t164136-C,av320250723t164136,0,0.008395843652001201,0.400052576336041
488838,av320250723t164136-B,av320250723t164136,0,0.011019943788891587,0.400052576336041
488840,av320250723t164136-D,av320250723t164136,1,0.0017264384702940809,0.400052576336041
488845,av320250723t164136-E,av320250723t164136,1,0.0013367903805448804,0.400052576336041
488858,av320250723t164136-D,av320250723t164136,1,0.001331409593702527,0.400052576336041
488894,av320250723t164136-D,av320250723t164136,0,0.0048179763347026925,0.400052576336041
488899,av320250723t164136-E,av320250723t164136,0,0.0018062582291727156,0.400052576336041
488900,av320250723t164136-D,av320250723t164136,0,0.0028823108467420488,0.400052576336041
489513,av320250723t164136-J,av320250723t164136,1,0.0031902946765145494,0.400052576336041
489546,av320250723t164136-I,av320250723t164136,0,0.003605854124771256,0.400052576336041
489549,av320250723t164136-J,av320250723t164136,0,0.004918619990264776,0.400052576336041
489565,av320250723t164136-J,av320250723t164136,0,0.0029542800596134055,0.400052576336041
489579,av320250723t164136-J,av320250723t164136,0,0.0037663963637398178,0.400052576336041
489589,av320250723t164136-L,av320250723t164136,1,0.001986695444980876,0.400052576336041
489591,av320250723t164136-L,av320250723t164136,1,0.0018009408030570638,0.400052576336041
489602,av320250723t164136-K,av320250723t164136,1,0.008884556932014452,0.400052576336041
489606,av320250723t164136-K,av320250723t164136,1,0.027658000447257965,0.400052576336041
489612,av320250723t164136-K,av320250723t164136,1,0.020527844045888994,0.400052576336041
489621,av320250723t164136-K,av320250723t164136,0,0.0010929942265090235,0.400052576336041
489639,av320250723t164136-K,av320250723t164136,0,0.001069318375593225,0.400052576336041
489661,av320250723t164136-M,av320250723t164136,1,0.0021623034242138624,0.400052576336041
489689,av320250723t164136-M,av320250723t164136,1,0.001859838532780302,0.400052576336041
489691,av320250723t164136-M,av320250723t164136,0,0.0035171712629114955,0.400052576336041
489700,av320250723t164136-M,av320250723t164136,0,0.002082447600796647,0.400052576336041
489704,av320250723t164136-M,av320250723t164136,0,0.002778082433672134,0.400052576336041
489717,av320250723t164136-M,av320250723t164136,0,0.003596620995596991,0.400052576336041
489727,av320250723t170211-B,av320250723t170211,1,0.01765227824808061,0.400052576336041
489737,av320250723t170211-B,av320250723t170211,1,0.14175358670386104,0.400052576336041
489738,av320250723t170211-A,av320250723t170211,1,0.0014747979778417038,0.400052576336041
489740,av320250723t170211-A,av320250723t170211,1,0.006562402507127677,0.400052576336041
489748,av320250723t170211-A,av320250723t170211,1,0.003815074035403089,0.400052576336041
489757,av320250723t170211-B,av320250723t170211,0,0.003729544591453286,0.400052576336041
489764,av320250723t170211-B,av320250723t170211,0,0.003274326929337848,0.400052576336041
489768,av320250723t170211-A,av320250723t170211,0,0.19539034775911493,0.400052576336041
489783,av320250723t170211-A,av320250723t170211,0,0.0009147775373025606,0.400052576336041
489784,av320250723t170211-B,av320250723t170211,0,0.003785018242506083,0.400052576336041
489787,av320250723t170211-B,av320250723t170211,0,0.0016586140018872958,0.400052576336041
489788,av320250723t170211-A,av320250723t170211,0,0.3533775651335265,0.400052576336041
489797,av320250723t170211-A,av320250723t170211,0,0.0015449117304601207,0.400052576336041
489803,av320250723t170211-C,av320250723t170211,1,0.0010016372594275173,0.400052576336041
489817,av320250723t170211-C,av320250723t170211,1,0.0023967826369185254,0.400052576336041
489831,av320250723t170211-C,av320250723t170211,1,0.0005908152509171928,0.400052576336041
489832,av320250723t170211-D,av320250723t170211,1,0.006113111820695494,0.400052576336041
489842,av320250723t170211-D,av320250723t170211,0,0.001949623921175663,0.400052576336041
489859,av320250723t170211-C,av320250723t170211,0,0.0010822067143752,0.400052576336041
490189,av320250723t170211-E,av320250723t170211,1,0.003638403572249969,0.400052576336041
490203,av320250723t170211-G,av320250723t170211,0,0.001572550022396633,0.400052576336041
490225,av320250723t170211-G,av320250723t170211,0,0.0020545450930294306,0.400052576336041
490259,av320250723t170211-J,av320250723t170211,1,0.05594724590114152,0.400052576336041
490261,av320250723t170211-J,av320250723t170211,1,0.48910215783279687,0.400052576336041
490263,av320250723t170211-J,av320250723t170211,1,0.004764890063405508,0.400052576336041
490268,av320250723t170211-H,av320250723t170211,1,0.0059417017994835624,0.400052576336041
490269,av320250723t170211-J,av320250723t170211,1,0.0013167419174292148,0.400052576336041
490282,av320250723t170211-H,av320250723t170211,0,0.0014824418952544848,0.400052576336041
490283,av320250723t170211-J,av320250723t170211,1,0.3558524166387022,0.400052576336041
490307,av320250723t170211-J,av320250723t170211,0,0.0007194749263693895,0.400052576336041
490310,av320250723t170211-H,av320250723t170211,0,0.005291480836225092,0.400052576336041
490323,av320250723t170211-H,av320250723t170211,0,0.005932266899040806,0.400052576336041
490435,av320250723t174230-B,av320250723t174230,1,0.29192717950996916,0.400052576336041
490438,av320250723t174230-B,av320250723t174230,1,0.028002701505616297,0.400052576336041
490440,av320250723t174230-B,av320250723t174230,1,0.2316855557021294,0.400052576336041
490452,av320250723t174230-A,av320250723t174230,0,0.005263021951660887,0.400052576336041
490460,av320250723t174230-B,av320250723t174230,1,0.13888371026486176,0.400052576336041
490470,av320250723t174230-A,av320250723t174230,0,0.32728603352199115,0.400052576336041
490985,av320250723t174230-B,av320250723t174230,0,0.002349795642583817,0.400052576336041
491014,av320250723t174230-B,av320250723t174230,0,0.0017705086364517204,0.400052576336041
491212,av320250723t174230-G,av320250723t174230,0,0.0019498428394931525,0.400052576336041
491218,av320250723t174230-F,av320250723t174230,1,0.1718114500727058,0.400052576336041
491220,av320250723t174230-G,av320250723t174230,0,0.0024371649985084694,0.400052576336041
491240,av320250723t174230-F,av320250723t174230,1,0.7921504820382455,0.400052576336041
491255,av320250723t174230-F,av320250723t174230,1,0.6224144360781597,0.400052576336041
491295,av320250723t174230-F,av320250723t174230,1,0.07435484841421797,0.400052576336041
491299,av320250723t174230-F,av320250723t174230,1,0.09205903527538382,0.400052576336041
491301,av320250723t174230-F,av320250723t174230,1,0.627793316570269,0.400052576336041
491381,av320250723t174230-G,av320250723t174230,0,0.0008339632161789525,0.400052576336041
491383,av320250723t174230-F,av320250723t174230,0,0.0014164040913224355,0.400052576336041
491692,av320250723t174230-F,av320250723t174230,0,0.0013194960592566908,0.400052576336041
491696,av320250723t174230-I,av320250723t174230,1,0.07847712651459511,0.400052576336041
491699,av320250723t174230-I,av320250723t174230,1,0.06813936977328118,0.400052576336041
491701,av320250723t174230-F,av320250723t174230,0,0.007640128387646838,0.400052576336041
491703,av320250723t174230-F,av320250723t174230,0,0.0012576389168705428,0.400052576336041
491707,av320250723t174230-I,av320250723t174230,1,0.3428028680479501,0.400052576336041
492010,av320250723t174230-I,av320250723t174230,1,0.2644936251160444,0.400052576336041
492011,av320250723t174230-I,av320250723t174230,1,0.5120217131456754,0.400052576336041
492012,av320250723t180200-A,av320250723t180200,1,0.4083427867608147,0.400052576336041
492014,av320250723t174230-I,av320250723t174230,1,0.5990895104466685,0.400052576336041
492015,av320250723t174230-I,av320250723t174230,0,0.0006227847962306127,0.400052576336041
492016,av320250723t180200-A,av320250723t180200,1,0.5912572977522867,0.400052576336041
492018,av320250723t180200-A,av320250723t180200,1,0.40427745724779657,0.400052576336041
492019,av320250723t174230-I,av320250723t174230,0,0.003598788756973674,0.400052576336041
492024,av320250723t180200-A,av320250723t180200,1,0.8297377084815823,0.400052576336041
492026,av320250723t180200-A,av320250723t180200,1,0.16313414892570735,0.400052576336041
492028,av320250723t180200-A,av320250723t180200,1,0.5360444099176874,0.400052576336041
492029,av320250723t174230-I,av320250723t174230,0,0.0012457973707610346,0.400052576336041
492031,av320250723t174230-I,av320250723t174230,0,0.0011885496800233461,0.400052576336041
492034,av320250723t180200-A,av320250723t180200,1,0.07435484841421797,0.400052576336041
492038,av320250723t180200-A,av320250723t180200,1,0.10241560700505596,0.400052576336041
492040,av320250723t180200-A,av320250723t180200,1,0.5383524670010289,0.400052576336041
492041,av320250723t174230-I,av320250723t174230,0,0.002329188486402787,0.400052576336041
492044,av320250723t180200-A,av320250723t180200,0,0.003463972058305471,0.400052576336041
492054,av320250723t180200-B,av320250723t180200,1,0.0072590085793238935,0.400052576336041
492058,av320250723t180200-B,av320250723t180200,1,0.005599685816949852,0.400052576336041
492062,av320250723t180200-B,av320250723t180200,1,0.00626083447929793,0.400052576336041
492064,av320250723t180200-B,av320250723t180200,1,0.010671515414384733,0.400052576336041
492066,av320250723t180200-B,av320250723t180200,1,0.0018016187419579287,0.400052576336041
492070,av320250723t180200-B,av320250723t180200,1,0.005045149193183905,0.400052576336041
492072,av320250723t180200-B,av320250723t180200,1,0.004652891605665515,0.400052576336041
492237,av320250723t180200-C,av320250723t180200,0,0.0014906686267559673,0.400052576336041
492274,av320250723t180200-B,av320250723t180200,0,0.000919422151230209,0.400052576336041
492375,av320250723t180200-C,av320250723t180200,0,0.017903649680062948,0.400052576336041
492496,av320250723t180200-F,av320250723t180200,0,0.0018464378934921735,0.400052576336041
492579,av320250723t180200-F,av320250723t180200,0,0.0022371318145241424,0.400052576336041
492590,av320250723t180200-F,av320250723t180200,0,0.003849619585972647,0.400052576336041
492629,av320250723t180200-B,av320250723t180200,0,0.0022429850561613137,0.400052576336041
492633,av320250723t180200-B,av320250723t180200,0,0.0039632618432275035,0.400052576336041
492929,av320250723t180200-H,av320250723t180200,0,0.0021034412739301144,0.400052576336041
492938,av320250723t180200-G,av320250723t180200,0,0.001178094559460606,0.400052576336041
492964,av320250723t180200-H,av320250723t180200,0,0.008611916936700227,0.400052576336041
492998,av320250723t180200-G,av320250723t180200,0,0.016062352673812782,0.400052576336041
493010,av320250723t180200-G,av320250723t180200,0,0.0015589090045479417,0.400052576336041
493052,av320250723t180200-G,av320250723t180200,0,0.13206897928686434,0.400052576336041
493080,av320250723t180200-H,av320250723t180200,0,0.010566383123193088,0.400052576336041
493384,av320250723t182221-G,av320250723t182221,1,0.00806656894912749,0.400052576336041
493385,av320250723t182221-E,av320250723t182221,1,0.3899488323329077,0.400052576336041
493386,av320250723t182221-G,av320250723t182221,1,0.003628628170785564,0.400052576336041
493387,av320250723t182221-E,av320250723t182221,1,0.82643122169093,0.400052576336041
493391,av320250723t182221-E,av320250723t182221,1,0.7794420093375748,0.400052576336041
493392,av320250723t182221-G,av320250723t182221,1,0.05378447950581862,0.400052576336041
493393,av320250723t182221-E,av320250723t182221,1,0.8298488154353962,0.400052576336041
493394,av320250723t182221-G,av320250723t182221,1,0.03528987157303582,0.400052576336041
493395,av320250723t182221-E,av320250723t182221,1,0.8821223861922373,0.400052576336041
493398,av320250723t182221-G,av320250723t182221,1,0.011528990357222896,0.400052576336041
493400,av320250723t182221-G,av320250723t182221,1,0.17056712965429516,0.400052576336041
493404,av320250723t182221-G,av320250723t182221,1,0.0511385570573658,0.400052576336041
493407,av320250723t182221-E,av320250723t182221,1,0.9002399285639868,0.400052576336041
493409,av320250723t182221-E,av320250723t182221,1,0.8148356736432751,0.400052576336041
493411,av320250723t182221-E,av320250723t182221,1,0.6593387754262932,0.400052576336041
493412,av320250723t182221-G,av320250723t182221,1,0.03726824766249117,0.400052576336041
493439,av320250723t182221-E,av320250723t182221,0,0.0019710879790244317,0.400052576336041
493453,av320250723t182221-E,av320250723t182221,0,0.006687660456476912,0.400052576336041
493457,av320250723t182221-E,av320250723t182221,0,0.0019828241118591806,0.400052576336041
493462,av320250723t182221-E,av320250723t182221,0,0.01069676629903197,0.400052576336041
493471,av320250723t182221-E,av320250723t182221,0,0.001351670612529248,0.400052576336041
493503,av320250723t182221-E,av320250723t182221,0,0.0014117094652892513,0.400052576336041
493504,av320250723t182221-G,av320250723t182221,0,0.0012065326259163077,0.400052576336041
493513,av320250723t182221-E,av320250723t182221,0,0.004653061687469772,0.400052576336041
493514,av320250723t182221-G,av320250723t182221,0,0.002008598205713692,0.400052576336041
493516,av320250723t182221-E,av320250723t182221,0,0.001442603534111331,0.400052576336041
493517,av320250723t182221-G,av320250723t182221,0,0.0021817103250488506,0.400052576336041
493533,av320250723t182221-E,av320250723t182221,0,0.0045213653014971435,0.400052576336041
493534,av320250723t182221-G,av320250723t182221,0,0.0024929696453632488,0.400052576336041
493545,av320250723t182221-E,av320250723t182221,0,0.00651343805566809,0.400052576336041
493546,av320250723t182221-G,av320250723t182221,0,0.029375140138695244,0.400052576336041
493563,av320250723t182221-G,av320250723t182221,0,0.002414569201437122,0.400052576336041
493877,av320250724t152229-B,av320250724t152229,1,0.07434071279341431,0.400052576336041
493878,av320250724t152229-B,av320250724t152229,1,0.09329803881303005,0.400052576336041
494179,av320250724t152229-B,av320250724t152229,1,0.0511385570573658,0.400052576336041
494283,av320250724t152229-B,av320250724t152229,1,0.1368438160322444,0.400052576336041
494287,av320250724t152229-E,av320250724t152229,0,0.013518957180532327,0.400052576336041
494288,av320250724t152229-B,av320250724t152229,1,0.0028369447918654,0.400052576336041
494297,av320250724t152229-B,av320250724t152229,1,0.18131960242770573,0.400052576336041
494298,av320250724t152229-E,av320250724t152229,0,0.006936049764681426,0.400052576336041
494299,av320250724t152229-B,av320250724t152229,1,0.05212867516581185,0.400052576336041
494361,av320250724t152229-E,av320250724t152229,0,0.0012676554358703892,0.400052576336041
494362,av320250724t152229-B,av320250724t152229,1,0.022405164537851966,0.400052576336041
494377,av320250724t152229-E,av320250724t152229,0,0.013486067106229706,0.400052576336041
494378,av320250724t152229-B,av320250724t152229,1,0.00916337584450526,0.400052576336041
494380,av320250724t152229-B,av320250724t152229,1,0.2428711944938136,0.400052576336041
494393,av320250724t152229-B,av320250724t152229,1,0.07725875481148943,0.400052576336041
494452,av320250724t152229-B,av320250724t152229,1,0.07345204329367883,0.400052576336041
494462,av320250724t152229-E,av320250724t152229,0,0.01585417752370236,0.400052576336041
494463,av320250724t152229-B,av320250724t152229,1,0.04007079770255084,0.400052576336041
494490,av320250724t152229-B,av320250724t152229,1,0.05378447950581862,0.400052576336041
494491,av320250724t154338-A,av320250724t154338,1,0.04984150690227599,0.400052576336041
494492,av320250724t152229-B,av320250724t152229,1,0.03500133775089027,0.400052576336041
494493,av320250724t154338-A,av320250724t154338,1,0.015508135374048184,0.400052576336041
494494,av320250724t152229-B,av320250724t152229,1,0.016302639181302137,0.400052576336041
494496,av320250724t152229-B,av320250724t152229,0,0.01054163578755083,0.400052576336041
494497,av320250724t154338-A,av320250724t154338,1,0.1833240006797036,0.400052576336041
494499,av320250724t154338-A,av320250724t154338,1,0.08514245740437831,0.400052576336041
494500,av320250724t152229-B,av320250724t152229,0,0.0008426708627752475,0.400052576336041
494502,av320250724t152229-B,av320250724t152229,0,0.006977783928868695,0.400052576336041
494504,av320250724t152229-B,av320250724t152229,0,0.0007176783638303427,0.400052576336041
494507,av320250724t152229-B,av320250724t152229,0,0.0025576787860693796,0.400052576336041
494508,av320250724t154338-A,av320250724t154338,1,0.20507056627028683,0.400052576336041
494509,av320250724t152229-B,av320250724t152229,0,0.004453917993286722,0.400052576336041
494511,av320250724t152229-B,av320250724t152229,0,0.002189308160805174,0.400052576336041
494514,av320250724t154338-A,av320250724t154338,1,0.10838328330166448,0.400052576336041
494515,av320250724t152229-B,av320250724t152229,0,0.004623835017829685,0.400052576336041
494517,av320250724t152229-B,av320250724t152229,0,0.0016459405011031221,0.400052576336041
494518,av320250724t154338-A,av320250724t154338,1,0.04538256094284329,0.400052576336041
494521,av320250724t152229-B,av320250724t152229,0,0.019835761564721652,0.400052576336041
494525,av320250724t152229-B,av320250724t152229,0,0.004074236750766079,0.400052576336041
494526,av320250724t154338-A,av320250724t154338,0,0.0037699353798717732,0.400052576336041
494531,av320250724t154338-B,av320250724t154338,1,0.35135212791088577,0.400052576336041
494534,av320250724t154338-A,av320250724t154338,0,0.0025668414951001894,0.400052576336041
494536,av320250724t154338-A,av320250724t154338,0,0.01043172051226804,0.400052576336041
494537,av320250724t154338-B,av320250724t154338,1,0.6057967862135472,0.400052576336041
494551,av320250724t154338-B,av320250724t154338,1,0.5334791642068001,0.400052576336041
494557,av320250724t154338-B,av320250724t154338,1,0.5483233361852247,0.400052576336041
494558,av320250724t154338-C,av320250724t154338,1,0.007551359244983956,0.400052576336041
494559,av320250724t154338-B,av320250724t154338,1,0.14414994272263923,0.400052576336041
494561,av320250724t154338-C,av320250724t154338,1,0.012065179587432162,0.400052576336041
494573,av320250724t154338-C,av320250724t154338,1,0.008095833465449065,0.400052576336041
494577,av320250724t154338-C,av320250724t154338,1,0.005553311458112713,0.400052576336041
494702,av320250724t154338-E,av320250724t154338,0,0.0010337142403928836,0.400052576336041
494743,av320250724t154338-E,av320250724t154338,0,0.0014113946173575193,0.400052576336041
495123,av320250724t154338-G,av320250724t154338,0,0.0037142254890575863,0.400052576336041
495305,av320250724t154338-F,av320250724t154338,0,0.0035458247824343555,0.400052576336041
495374,av320250724t154338-F,av320250724t154338,0,0.005181477505123401,0.400052576336041
495616,av320250724t154338-H,av320250724t154338,0,0.003253568600284125,0.400052576336041
495638,av320250724t154338-H,av320250724t154338,0,0.0057281060846177175,0.400052576336041
495647,av320250724t154338-G,av320250724t154338,0,0.0030026766411155093,0.400052576336041
496096,av320250724t154338-J,av320250724t154338,0,0.0028133517321441985,0.400052576336041
496210,av320250724t154338-J,av320250724t154338,0,0.00472952654058734,0.400052576336041
496423,av320250724t154338-K,av320250724t154338,0,0.02503815535099884,0.400052576336041
496718,av320250724t154338-L,av320250724t154338,0,0.043656143430721474,0.400052576336041
496747,av320250724t154338-K,av320250724t154338,0,0.0014450112745465198,0.400052576336041
545387,emi20241015t114211p08014-A,emi20241015t114211p08014,1,0.015845202997448637,0.400052576336041
545388,emi20241015t114211p08014-A,emi20241015t114211p08014,1,0.008346163116248162,0.400052576336041
545389,emi20241015t114211p08014-A,emi20241015t114211p08014,1,0.0044158779900819,0.400052576336041
545391,emi20241015t114211p08014-A,emi20241015t114211p08014,1,0.14398549132156993,0.400052576336041
545392,emi20241016t030821p02003-A,emi20241016t030821p02003,1,0.8106665419195117,0.400052576336041
545393,emi20241015t114211p08014-A,emi20241015t114211p08014,1,0.00690218259765426,0.400052576336041
545394,emi20241016t030821p02003-A,emi20241016t030821p02003,1,0.9189528952508625,0.400052576336041
545395,emi20241015t114211p08014-A,emi20241015t114211p08014,1,0.007807210711380479,0.400052576336041
545396,emi20241016t030821p02003-A,emi20241016t030821p02003,1,0.8952887369143143,0.400052576336041
545397,emi20241015t114211p08014-A,emi20241015t114211p08014,1,0.1272873767401511,0.400052576336041
545398,emi20241016t030821p02003-A,emi20241016t030821p02003,1,0.559065220996119,0.400052576336041
545399,emi20241015t114211p08014-A,emi20241015t114211p08014,1,0.004792357558424873,0.400052576336041
545400,emi20241016t030821p02003-A,emi20241016t030821p02003,1,0.3250542606709396,0.400052576336041
545401,emi20241015t114211p08014-A,emi20241015t114211p08014,1,0.02702043368632194,0.400052576336041
545402,emi20241016t030821p02003-A,emi20241016t030821p02003,1,0.804788140336045,0.400052576336041
545403,emi20241015t114211p08014-A,emi20241015t114211p08014,1,0.1410151558253166,0.400052576336041
545404,emi20241016t030821p02003-A,emi20241016t030821p02003,1,0.819381463011005,0.400052576336041
545405,emi20241015t114211p08014-A,emi20241015t114211p08014,1,0.19610942916993465,0.400052576336041
545407,emi20241015t114211p08014-A,emi20241015t114211p08014,1,0.029952741137011792,0.400052576336041
545409,emi20241015t114211p08014-A,emi20241015t114211p08014,1,0.013232263698273537,0.400052576336041
545410,emi20241016t030821p02003-A,emi20241016t030821p02003,1,0.826790534955136,0.400052576336041
545411,emi20241015t114211p08014-A,emi20241015t114211p08014,1,0.013905443790126176,0.400052576336041
545412,emi20241016t030821p02003-A,emi20241016t030821p02003,1,0.28906599014905726,0.400052576336041
545413,emi20241015t114211p08014-A,emi20241015t114211p08014,1,0.02106690937620915,0.400052576336041
545414,emi20241016t030821p02003-A,emi20241016t030821p02003,1,0.8514970138030006,0.400052576336041
545415,emi20241015t114211p08014-A,emi20241015t114211p08014,1,0.012840169823786243,0.400052576336041
545417,emi20241015t114211p08014-A,emi20241015t114211p08014,0,0.0010296165411497929,0.400052576336041
545418,emi20241016t030821p02003-A,emi20241016t030821p02003,1,0.5629505301390899,0.400052576336041
545419,emi20241015t114211p08014-A,emi20241015t114211p08014,0,0.5400282523844838,0.400052576336041
545420,emi20241016t030821p02003-A,emi20241016t030821p02003,1,0.646047924315701,0.400052576336041
545421,emi20241015t114211p08014-A,emi20241015t114211p08014,0,0.12817307113078466,0.400052576336041
545423,emi20241015t114211p08014-A,emi20241015t114211p08014,0,0.0006645466150999791,0.400052576336041
545424,emi20241016t030821p02003-A,emi20241016t030821p02003,0,0.01200745638075199,0.400052576336041
545426,emi20241015t114211p08014-A,emi20241015t114211p08014,0,0.01773081719384246,0.400052576336041
545428,emi20241015t114211p08014-A,emi20241015t114211p08014,0,0.8361253688300099,0.400052576336041
545430,emi20241015t114211p08014-A,emi20241015t114211p08014,0,0.10177653084843222,0.400052576336041
545432,emi20241015t114211p08014-A,emi20241015t114211p08014,0,0.06335047816898062,0.400052576336041
545435,emi20241015t114211p08014-A,emi20241015t114211p08014,0,0.042115252515470845,0.400052576336041
545436,emi20241016t030821p02003-A,emi20241016t030821p02003,0,0.0010454107365108988,0.400052576336041
545437,emi20241015t114211p08014-A,emi20241015t114211p08014,0,0.3407114154310066,0.400052576336041
545438,emi20241016t030821p02003-A,emi20241016t030821p02003,0,0.4179757680026057,0.400052576336041
545439,emi20241015t114211p08014-A,emi20241015t114211p08014,0,0.007228479480006183,0.400052576336041
545441,emi20241015t114211p08014-A,emi20241015t114211p08014,0,0.0067346428631734475,0.400052576336041
545442,emi20241016t030821p02003-A,emi20241016t030821p02003,0,0.007519382416285736,0.400052576336041
545443,emi20241015t114211p08014-A,emi20241015t114211p08014,0,0.0012652712792953448,0.400052576336041
545444,emi20241016t030821p02003-A,emi20241016t030821p02003,0,0.5285620063392914,0.400052576336041
545445,emi20241015t114211p08014-A,emi20241015t114211p08014,0,0.007576840542537748,0.400052576336041
545447,emi20241015t114211p08014-A,emi20241015t114211p08014,0,0.44078378684823233,0.400052576336041
545450,emi20241015t114211p08014-A,emi20241015t114211p08014,0,0.001224955289246068,0.400052576336041
545451,emi20241016t030821p02003-A,emi20241016t030821p02003,0,0.9086466594036491,0.400052576336041
545453,emi20241016t030821p02003-A,emi20241016t030821p02003,0,0.022752073728560362,0.400052576336041
545454,emi20241016t030821p02003-B,emi20241016t030821p02003,1,0.8745793959062934,0.400052576336041
545575,emi20241018t092617p06021-B,emi20241018t092617p06021,0,0.0028012035522000985,0.400052576336041
545576,emi20241016t030821p02003-B,emi20241016t030821p02003,1,0.9210456683530988,0.400052576336041
545592,emi20241018t092617p06021-B,emi20241018t092617p06021,0,0.007759848997204626,0.400052576336041
545600,emi20241018t092617p06021-B,emi20241018t092617p06021,0,0.003167423522078009,0.400052576336041
545609,emi20241018t092617p06021-B,emi20241018t092617p06021,0,0.004103661222616517,0.400052576336041
545610,emi20241016t030821p02003-B,emi20241016t030821p02003,1,0.8601470486245437,0.400052576336041
545622,emi20241018t092617p06021-B,emi20241018t092617p06021,0,0.0024625112281663358,0.400052576336041
545623,emi20241016t030821p02003-B,emi20241016t030821p02003,1,0.9300450475510488,0.400052576336041
545634,emi20241018t092617p06021-B,emi20241018t092617p06021,0,0.0025759024139576535,0.400052576336041
545638,emi20241018t092617p06021-B,emi20241018t092617p06021,0,0.0011116438016595385,0.400052576336041
545663,emi20241018t092617p06021-B,emi20241018t092617p06021,0,0.0032496395337441274,0.400052576336041
545668,emi20241018t092617p06021-B,emi20241018t092617p06021,0,0.004486640042505746,0.400052576336041
545689,emi20241018t092617p06021-B,emi20241018t092617p06021,0,0.08424900067183073,0.400052576336041
545702,emi20241018t092617p06021-B,emi20241018t092617p06021,0,0.002323824264945809,0.400052576336041
545741,emi20241018t092617p06021-B,emi20241018t092617p06021,0,0.014674580533360628,0.400052576336041
545770,emi20241016t030821p02003-B,emi20241016t030821p02003,0,0.003354959198972231,0.400052576336041
546035,emi20241018t184113p12011-A,emi20241018t184113p12011,0,0.002406883581195358,0.400052576336041
546036,emi20241016t030821p02003-B,emi20241016t030821p02003,0,0.025527734059622567,0.400052576336041
546072,emi20241016t030821p02003-B,emi20241016t030821p02003,0,0.020455209290024336,0.400052576336041
546180,emi20241021t100759p07003-A,emi20241021t100759p07003,0,0.013505730538685305,0.400052576336041
546210,emi20241021t100759p07003-A,emi20241021t100759p07003,0,0.0022582687710983925,0.400052576336041
546229,emi20241021t100759p07003-A,emi20241021t100759p07003,0,0.049595083728672155,0.400052576336041
546238,emi20241021t100759p07003-A,emi20241021t100759p07003,0,0.0033945349974238794,0.400052576336041
546239,emi20241016t030821p02003-B,emi20241016t030821p02003,0,0.115637389335098,0.400052576336041
546255,emi20241021t100759p07003-A,emi20241021t100759p07003,0,0.0024354333461774867,0.400052576336041
546256,emi20241016t030821p02003-B,emi20241016t030821p02003,0,0.021196831679585446,0.400052576336041
546262,emi20241021t100759p07003-A,emi20241021t100759p07003,0,0.012757884585844504,0.400052576336041
546263,emi20241016t030821p02003-B,emi20241016t030821p02003,0,0.008188062371523456,0.400052576336041
546269,emi20241021t100759p07003-A,emi20241021t100759p07003,0,0.0014514612662005761,0.400052576336041
546270,emi20241016t030821p02003-B,emi20241016t030821p02003,0,0.0006864582382546832,0.400052576336041
546286,emi20241021t100759p07003-A,emi20241021t100759p07003,0,0.012775474753996397,0.400052576336041
546287,emi20241016t030821p02003-B,emi20241016t030821p02003,0,0.305046379685235,0.400052576336041
546294,emi20241021t100759p07003-A,emi20241021t100759p07003,0,0.0016550064360858988,0.400052576336041
546298,emi20241021t100759p07003-A,emi20241021t100759p07003,0,0.003045040458274227,0.400052576336041
546300,emi20241021t100759p07003-A,emi20241021t100759p07003,0,0.003602193128767112,0.400052576336041
546307,emi20241021t100759p07003-A,emi20241021t100759p07003,0,0.008527829134470638,0.400052576336041
546308,emi20241016t030821p02003-B,emi20241016t030821p02003,0,0.0012057672564821501,0.400052576336041
546314,emi20241021t100759p07003-A,emi20241021t100759p07003,0,0.006862315078826091,0.400052576336041
546340,emi20241021t100759p07003-A,emi20241021t100759p07003,0,0.00331058837268323,0.400052576336041
546384,emi20241021t100759p07003-A,emi20241021t100759p07003,0,0.038161249178533,0.400052576336041
546485,emi20241023t083741p06026-A,emi20241023t083741p06026,0,0.03263800817416577,0.400052576336041
546487,emi20241023t083741p06026-A,emi20241023t083741p06026,0,0.10550577088212422,0.400052576336041
546489,emi20241023t083741p06026-A,emi20241023t083741p06026,0,0.29068546903465964,0.400052576336041
546490,emi20241026t172133p11019-A,emi20241026t172133p11019,1,0.8166388672169586,0.400052576336041
546491,emi20241023t083741p06026-A,emi20241023t083741p06026,0,0.09022882429040943,0.400052576336041
546492,emi20241026t172133p11019-A,emi20241026t172133p11019,1,0.8928224885663367,0.400052576336041
546494,emi20241023t083741p06026-A,emi20241023t083741p06026,0,0.378038331747702,0.400052576336041
546495,emi20241026t172133p11019-A,emi20241026t172133p11019,1,0.6923835376777527,0.400052576336041
546498,emi20241023t083741p06026-A,emi20241023t083741p06026,0,0.051307127941525865,0.400052576336041
546499,emi20241026t172133p11019-A,emi20241026t172133p11019,1,0.7478840391734217,0.400052576336041
546500,emi20241023t083741p06026-A,emi20241023t083741p06026,0,0.2236869042110716,0.400052576336041
546501,emi20241026t172133p11019-A,emi20241026t172133p11019,1,0.9261052364706771,0.400052576336041
546503,emi20241023t083741p06026-A,emi20241023t083741p06026,0,0.15468739719641797,0.400052576336041
546506,emi20241023t083741p06026-A,emi20241023t083741p06026,0,0.15714801125577282,0.400052576336041
546507,emi20241026t172133p11019-A,emi20241026t172133p11019,1,0.9312407567345784,0.400052576336041
546509,emi20241023t083741p06026-A,emi20241023t083741p06026,0,0.150158955340122,0.400052576336041
546514,emi20241023t083741p06026-A,emi20241023t083741p06026,0,0.19519643464383313,0.400052576336041
546521,emi20241023t083741p06026-A,emi20241023t083741p06026,0,0.21987844891849798,0.400052576336041
546523,emi20241023t083741p06026-A,emi20241023t083741p06026,0,0.12171308119658528,0.400052576336041
546524,emi20241026t172133p11019-A,emi20241026t172133p11019,1,0.9246074366463274,0.400052576336041
546525,emi20241023t083741p06026-A,emi20241023t083741p06026,0,0.1304478017156908,0.400052576336041
546527,emi20241023t083741p06026-A,emi20241023t083741p06026,0,0.23914675739934493,0.400052576336041
546532,emi20241023t083741p06026-A,emi20241023t083741p06026,0,0.1658731082617134,0.400052576336041
546535,emi20241026t172133p11019-A,emi20241026t172133p11019,1,0.9101942494657418,0.400052576336041
546536,emi20241026t172133p11019-B,emi20241026t172133p11019,1,0.932651132519698,0.400052576336041
546539,emi20241026t172133p11019-A,emi20241026t172133p11019,0,0.005856096075370363,0.400052576336041
546540,emi20241026t172133p11019-B,emi20241026t172133p11019,1,0.8968084822592342,0.400052576336041
546541,emi20241026t172133p11019-A,emi20241026t172133p11019,0,0.0011139632482271373,0.400052576336041
546542,emi20241026t172133p11019-B,emi20241026t172133p11019,1,0.9462356241847086,0.400052576336041
546543,emi20241026t172133p11019-A,emi20241026t172133p11019,0,0.0029942433956283033,0.400052576336041
546546,emi20241026t172133p11019-B,emi20241026t172133p11019,1,0.9351155464821763,0.400052576336041
546547,emi20241026t172133p11019-A,emi20241026t172133p11019,0,0.057785820899201625,0.400052576336041
546548,emi20241026t172133p11019-B,emi20241026t172133p11019,1,0.919046474185207,0.400052576336041
546551,emi20241026t172133p11019-A,emi20241026t172133p11019,0,0.020492980581544768,0.400052576336041
546553,emi20241026t172133p11019-A,emi20241026t172133p11019,0,0.0143111634483119,0.400052576336041
546554,emi20241026t172133p11019-B,emi20241026t172133p11019,1,0.919046474185207,0.400052576336041
546555,emi20241026t172133p11019-A,emi20241026t172133p11019,0,0.0009931100933262558,0.400052576336041
546558,emi20241026t172133p11019-B,emi20241026t172133p11019,1,0.9271652114621943,0.400052576336041
546560,emi20241026t172133p11019-B,emi20241026t172133p11019,1,0.9118375017869658,0.400052576336041
546563,emi20241026t172133p11019-A,emi20241026t172133p11019,0,0.005361720888661321,0.400052576336041
546565,emi20241026t172133p11019-A,emi20241026t172133p11019,0,0.0012805968728750736,0.400052576336041
546568,emi20241026t172133p11019-B,emi20241026t172133p11019,0,0.07951162963575749,0.400052576336041
546569,emi20241026t172133p11019-B,emi20241026t172133p11019,0,0.0014404898962309715,0.400052576336041
546871,emi20241026t172133p11019-B,emi20241026t172133p11019,0,0.0008678104692669535,0.400052576336041
546872,emi20241026t172133p11019-B,emi20241026t172133p11019,0,0.0009260406464457462,0.400052576336041
546974,emi20241127t045106p04010-A,emi20241127t045106p04010,0,0.003622114048154619,0.400052576336041
546977,emi20241127t045106p04010-A,emi20241127t045106p04010,0,0.008658325670212637,0.400052576336041
546984,emi20241127t045106p04010-A,emi20241127t045106p04010,0,0.0073962475556165275,0.400052576336041
546987,emi20241127t045106p04010-A,emi20241127t045106p04010,0,0.007756381948815871,0.400052576336041
546988,emi20241026t172133p11019-B,emi20241026t172133p11019,0,0.3961450273575341,0.400052576336041
546989,emi20241127t045106p04010-A,emi20241127t045106p04010,0,0.0021966547124394812,0.400052576336041
547003,emi20241127t045106p04010-A,emi20241127t045106p04010,0,0.004084699654954769,0.400052576336041
547006,emi20241127t045106p04010-A,emi20241127t045106p04010,0,0.05059057167458177,0.400052576336041
547007,emi20241026t172133p11019-B,emi20241026t172133p11019,0,0.0015811153647534697,0.400052576336041
547011,emi20241127t045106p04010-A,emi20241127t045106p04010,0,0.0017690784835098267,0.400052576336041
547020,emi20241127t045106p04010-A,emi20241127t045106p04010,0,0.00399362657939499,0.400052576336041
547021,emi20241026t172133p11019-B,emi20241026t172133p11019,0,0.0010772197010853223,0.400052576336041
547023,emi20241127t045106p04010-A,emi20241127t045106p04010,0,0.008073668666444624,0.400052576336041
547030,emi20241127t045106p04010-A,emi20241127t045106p04010,0,0.02307092509746305,0.400052576336041
547037,emi20241127t045106p04010-A,emi20241127t045106p04010,0,0.0008611599056189716,0.400052576336041
547038,emi20241127t045106p04010-A,emi20241127t045106p04010,0,0.00526978299997247,0.400052576336041
547041,emi20241127t045106p04010-A,emi20241127t045106p04010,0,0.004059616432565162,0.400052576336041
547042,emi20241129t045656p04010-A,emi20241129t045656p04010,1,0.7645681350432157,0.400052576336041
547047,emi20241127t045106p04010-A,emi20241127t045106p04010,0,0.0014082480694419409,0.400052576336041
547048,emi20241129t045656p04010-A,emi20241129t045656p04010,1,0.32035351155971986,0.400052576336041
547049,emi20241127t045106p04010-A,emi20241127t045106p04010,0,0.033290939661213666,0.400052576336041
547050,emi20241129t045656p04010-A,emi20241129t045656p04010,1,0.7564368886095738,0.400052576336041
547051,emi20241129t045656p04010-A,emi20241129t045656p04010,1,0.3321296396877248,0.400052576336041
547052,emi20241129t045656p04010-A,emi20241129t045656p04010,1,0.7707097349377613,0.400052576336041
547053,emi20241129t045656p04010-A,emi20241129t045656p04010,1,0.7526140390602559,0.400052576336041
547160,emi20241130t180334p12009-B,emi20241130t180334p12009,0,0.43994819365409665,0.400052576336041
547161,emi20241129t045656p04010-A,emi20241129t045656p04010,1,0.5840724148957218,0.400052576336041
547166,emi20241130t180334p12009-B,emi20241130t180334p12009,0,0.14538815703731667,0.400052576336041
547167,emi20241129t045656p04010-A,emi20241129t045656p04010,1,0.6469879285389148,0.400052576336041
547173,emi20241129t045656p04010-A,emi20241129t045656p04010,1,0.8129166731783676,0.400052576336041
547178,emi20241130t180334p12009-B,emi20241130t180334p12009,0,0.37579222306603965,0.400052576336041
547179,emi20241129t045656p04010-A,emi20241129t045656p04010,1,0.692312514212464,0.400052576336041
547180,emi20241130t180334p12009-B,emi20241130t180334p12009,0,0.2865735831284533,0.400052576336041
547181,emi20241129t045656p04010-A,emi20241129t045656p04010,1,0.549368466386685,0.400052576336041
547186,emi20241130t180334p12009-B,emi20241130t180334p12009,0,0.12044577179633431,0.400052576336041
547187,emi20241129t045656p04010-A,emi20241129t045656p04010,1,0.9204409914135256,0.400052576336041
547192,emi20241130t180334p12009-B,emi20241130t180334p12009,0,0.06586686469752862,0.400052576336041
547193,emi20241129t045656p04010-A,emi20241129t045656p04010,1,0.24091306419563013,0.400052576336041
547195,emi20241130t180334p12009-B,emi20241130t180334p12009,0,0.005643740496093541,0.400052576336041
547196,emi20241129t045656p04010-A,emi20241129t045656p04010,1,0.18019958330803193,0.400052576336041
547199,emi20241130t180334p12009-B,emi20241130t180334p12009,0,0.14243805757045286,0.400052576336041
547200,emi20241129t045656p04010-A,emi20241129t045656p04010,1,0.8294872377129346,0.400052576336041
547202,emi20241129t045656p04010-A,emi20241129t045656p04010,1,0.7532539235824324,0.400052576336041
547204,emi20241130t180334p12009-B,emi20241130t180334p12009,0,0.29450163889067843,0.400052576336041
547205,emi20241129t045656p04010-A,emi20241129t045656p04010,0,0.003662923591191985,0.400052576336041
547206,emi20241130t180334p12009-B,emi20241130t180334p12009,0,0.34275288698083367,0.400052576336041
547207,emi20241129t045656p04010-A,emi20241129t045656p04010,0,0.0010130119043810753,0.400052576336041
547212,emi20241130t180334p12009-B,emi20241130t180334p12009,0,0.14126448116466356,0.400052576336041
547213,emi20241129t045656p04010-A,emi20241129t045656p04010,0,0.0021466040514585786,0.400052576336041
547216,emi20241130t180334p12009-B,emi20241130t180334p12009,0,0.9045034728444079,0.400052576336041
547217,emi20241129t045656p04010-A,emi20241129t045656p04010,0,0.0027136400276645866,0.400052576336041
547219,emi20241130t180334p12009-B,emi20241130t180334p12009,0,0.2984534239731948,0.400052576336041
547220,emi20241129t045656p04010-A,emi20241129t045656p04010,0,0.2010492077818042,0.400052576336041
547221,emi20241130t180334p12009-B,emi20241130t180334p12009,0,0.7315757810446765,0.400052576336041
547222,emi20241129t045656p04010-A,emi20241129t045656p04010,0,0.0006889376904438843,0.400052576336041
547223,emi20241129t045656p04010-A,emi20241129t045656p04010,0,0.002109350242460509,0.400052576336041
547224,emi20241129t045656p04010-A,emi20241129t045656p04010,0,0.8965925087319587,0.400052576336041
547362,emi20241130t180334p12009-C,emi20241130t180334p12009,0,0.787493451209307,0.400052576336041
547363,emi20241129t045656p04010-A,emi20241129t045656p04010,0,0.005985402996452568,0.400052576336041
547458,emi20241130t180334p12009-C,emi20241130t180334p12009,0,0.5466709409357049,0.400052576336041
547459,emi20241129t045656p04010-A,emi20241129t045656p04010,0,0.0045193340556548296,0.400052576336041
547525,emi20241129t045656p04010-A,emi20241129t045656p04010,0,0.9215854453416175,0.400052576336041
547526,emi20241129t045656p04010-A,emi20241129t045656p04010,0,0.15244390786266201,0.400052576336041
547527,emi20241129t045656p04010-A,emi20241129t045656p04010,0,0.0013895595253933957,0.400052576336041
547628,emi20241201t080027p06022-A,emi20241201t080027p06022,0,0.6797235233940084,0.400052576336041
547629,emi20241129t045656p04010-A,emi20241129t045656p04010,0,0.002335160762689075,0.400052576336041
547631,emi20241201t080027p06022-A,emi20241201t080027p06022,0,0.4480314429483571,0.400052576336041
547632,emi20241129t045656p04010-A,emi20241129t045656p04010,0,0.010255570919623345,0.400052576336041
547635,emi20241201t080027p06022-A,emi20241201t080027p06022,0,0.6581160313846597,0.400052576336041
547636,emi20241129t045656p04010-A,emi20241129t045656p04010,0,0.0066381908942584646,0.400052576336041
547638,emi20241201t080027p06022-A,emi20241201t080027p06022,0,0.7496768540551917,0.400052576336041
547639,emi20241201t080027p06022-A,emi20241201t080027p06022,0,0.19156991693599165,0.400052576336041
547641,emi20241201t080027p06022-A,emi20241201t080027p06022,0,0.9101907807139129,0.400052576336041
547942,emi20241201t080027p06022-A,emi20241201t080027p06022,0,0.33941890171041833,0.400052576336041
547944,emi20241201t080027p06022-A,emi20241201t080027p06022,0,0.9059251028055931,0.400052576336041
548246,emi20241201t080027p06022-A,emi20241201t080027p06022,0,0.6015200235169658,0.400052576336041
548247,emi20241201t080027p06022-A,emi20241201t080027p06022,0,0.6746742565840202,0.400052576336041
548251,emi20241201t080027p06022-A,emi20241201t080027p06022,0,0.6022011453636784,0.400052576336041
548252,emi20241202t071056p05010-A,emi20241202t071056p05010,1,0.4324365224493549,0.400052576336041
548256,emi20241201t080027p06022-A,emi20241201t080027p06022,0,0.1347539211468943,0.400052576336041
548262,emi20241201t080027p06022-A,emi20241201t080027p06022,0,0.7421360917789157,0.400052576336041
548270,emi20241201t080027p06022-A,emi20241201t080027p06022,0,0.789500784013285,0.400052576336041
548271,emi20241202t071056p05010-A,emi20241202t071056p05010,1,0.5212141000762072,0.400052576336041
548272,emi20241201t080027p06022-A,emi20241201t080027p06022,0,0.27394045164055764,0.400052576336041
548275,emi20241201t080027p06022-A,emi20241201t080027p06022,0,0.4704480841195897,0.400052576336041
548276,emi20241202t071056p05010-A,emi20241202t071056p05010,1,0.5969015007494278,0.400052576336041
548278,emi20241202t071056p05010-A,emi20241202t071056p05010,1,0.41694946363133745,0.400052576336041
548280,emi20241202t071056p05010-B,emi20241202t071056p05010,1,0.7685866268560347,0.400052576336041
548281,emi20241202t071056p05010-A,emi20241202t071056p05010,1,0.602588790777461,0.400052576336041
548282,emi20241202t071056p05010-B,emi20241202t071056p05010,1,0.7181923387338097,0.400052576336041
548283,emi20241202t071056p05010-A,emi20241202t071056p05010,1,0.6077101551276384,0.400052576336041
548284,emi20241202t071056p05010-B,emi20241202t071056p05010,1,0.6206281898381918,0.400052576336041
548285,emi20241202t071056p05010-A,emi20241202t071056p05010,1,0.626527606348448,0.400052576336041
548287,emi20241202t071056p05010-A,emi20241202t071056p05010,1,0.5773117487505522,0.400052576336041
548288,emi20241202t071056p05010-B,emi20241202t071056p05010,1,0.8415809055913881,0.400052576336041
548291,emi20241202t071056p05010-A,emi20241202t071056p05010,1,0.6577429318501629,0.400052576336041
548292,emi20241202t071056p05010-B,emi20241202t071056p05010,1,0.721604876464644,0.400052576336041
548298,emi20241202t071056p05010-B,emi20241202t071056p05010,1,0.840775410781549,0.400052576336041
548306,emi20241202t071056p05010-B,emi20241202t071056p05010,1,0.8278393102872624,0.400052576336041
548309,emi20241202t071056p05010-A,emi20241202t071056p05010,0,0.4099500535949962,0.400052576336041
548313,emi20241202t071056p05010-A,emi20241202t071056p05010,0,0.5434337658426934,0.400052576336041
548315,emi20241202t071056p05010-A,emi20241202t071056p05010,0,0.1268405701091865,0.400052576336041
548318,emi20241202t071056p05010-B,emi20241202t071056p05010,0,0.018527393197345674,0.400052576336041
548319,emi20241202t071056p05010-A,emi20241202t071056p05010,0,0.24370884706421253,0.400052576336041
548327,emi20241202t071056p05010-B,emi20241202t071056p05010,0,0.08222184934323336,0.400052576336041
548434,emi20241202t071056p05010-B,emi20241202t071056p05010,0,0.08357134808688532,0.400052576336041
548447,emi20241202t071056p05010-C,emi20241202t071056p05010,0,0.2628408677598738,0.400052576336041
548448,emi20241202t071056p05010-B,emi20241202t071056p05010,0,0.09415099306477105,0.400052576336041
548450,emi20241202t071056p05010-B,emi20241202t071056p05010,0,0.22791873596171758,0.400052576336041
548458,emi20241202t071056p05010-C,emi20241202t071056p05010,0,0.2914145464006326,0.400052576336041
548570,emi20241202t071056p05010-D,emi20241202t071056p05010,0,0.6044107100999487,0.400052576336041
548593,emi20241202t071056p05010-C,emi20241202t071056p05010,0,0.4315659759874194,0.400052576336041
548594,emi20241202t071056p05010-D,emi20241202t071056p05010,0,0.4094445206973589,0.400052576336041
548603,emi20241202t071056p05010-D,emi20241202t071056p05010,0,0.8062953720444599,0.400052576336041
548714,emi20241202t071108p05011-A,emi20241202t071108p05011,0,0.01318847088655019,0.400052576336041
548727,emi20241202t071108p05011-A,emi20241202t071108p05011,0,0.007832108816129987,0.400052576336041
548747,emi20241202t071108p05011-A,emi20241202t071108p05011,0,0.0046169524818841234,0.400052576336041
548748,emi20241202t071056p05010-D,emi20241202t071056p05010,0,0.5294632303146682,0.400052576336041
548750,emi20241202t071108p05011-A,emi20241202t071108p05011,0,0.0752419782885286,0.400052576336041
548757,emi20241202t071108p05011-A,emi20241202t071108p05011,0,0.018240384563983164,0.400052576336041
548758,emi20241202t071108p05011-A,emi20241202t071108p05011,0,0.05460184661343015,0.400052576336041
548761,emi20241202t071108p05011-B,emi20241202t071108p05011,1,0.7611523042881093,0.400052576336041
548763,emi20241202t071108p05011-B,emi20241202t071108p05011,1,0.8904646379304647,0.400052576336041
548773,emi20241202t071108p05011-B,emi20241202t071108p05011,1,0.8782582451909783,0.400052576336041
548778,emi20241202t071108p05011-A,emi20241202t071108p05011,0,0.0246890371346579,0.400052576336041
548779,emi20241202t071108p05011-B,emi20241202t071108p05011,1,0.9410518759556422,0.400052576336041
548781,emi20241202t071108p05011-B,emi20241202t071108p05011,1,0.6782827007870633,0.400052576336041
548782,emi20241202t071108p05011-A,emi20241202t071108p05011,0,0.009273399536640532,0.400052576336041
548783,emi20241202t071108p05011-B,emi20241202t071108p05011,1,0.9161570549448989,0.400052576336041
548789,emi20241202t071108p05011-B,emi20241202t071108p05011,1,0.7426377299115442,0.400052576336041
548790,emi20241202t071108p05011-B,emi20241202t071108p05011,1,0.5677411929315939,0.400052576336041
548791,emi20241202t071108p05011-B,emi20241202t071108p05011,1,0.8619281212247776,0.400052576336041
548792,emi20241202t071108p05011-B,emi20241202t071108p05011,1,0.5313492132818457,0.400052576336041
548793,emi20241202t162414p11009-A,emi20241202t162414p11009,1,0.9531291884346064,0.400052576336041
548794,emi20241202t071108p05011-B,emi20241202t071108p05011,1,0.7426377299115442,0.400052576336041
548795,emi20241202t162414p11009-A,emi20241202t162414p11009,1,0.9489351248175784,0.400052576336041
548796,emi20241202t071108p05011-B,emi20241202t071108p05011,1,0.7513377456353447,0.400052576336041
548797,emi20241202t162414p11009-A,emi20241202t162414p11009,1,0.9531291884346064,0.400052576336041
548798,emi20241202t071108p05011-B,emi20241202t071108p05011,1,0.7799024108218343,0.400052576336041
548799,emi20241202t162414p11009-A,emi20241202t162414p11009,1,0.9634095810569517,0.400052576336041
548800,emi20241202t071108p05011-B,emi20241202t071108p05011,1,0.8617599656484409,0.400052576336041
548801,emi20241202t162414p11009-A,emi20241202t162414p11009,1,0.9568553696001458,0.400052576336041
548802,emi20241202t071108p05011-B,emi20241202t071108p05011,1,0.9078899222294655,0.400052576336041
548803,emi20241202t162414p11009-A,emi20241202t162414p11009,1,0.9306224323658513,0.400052576336041
548804,emi20241202t071108p05011-B,emi20241202t071108p05011,1,0.5313492132818457,0.400052576336041
548805,emi20241202t162414p11009-A,emi20241202t162414p11009,1,0.9221623349283953,0.400052576336041
548806,emi20241202t071108p05011-B,emi20241202t071108p05011,0,0.28813089000481223,0.400052576336041
548807,emi20241202t162414p11009-A,emi20241202t162414p11009,1,0.763531094901813,0.400052576336041
548808,emi20241202t071108p05011-B,emi20241202t071108p05011,0,0.6988335048376515,0.400052576336041
548809,emi20241202t162414p11009-A,emi20241202t162414p11009,1,0.8177961026596804,0.400052576336041
548811,emi20241202t162414p11009-A,emi20241202t162414p11009,1,0.9348679226629658,0.400052576336041
548812,emi20241202t071108p05011-B,emi20241202t071108p05011,0,0.11815252477825262,0.400052576336041
548813,emi20241202t162414p11009-A,emi20241202t162414p11009,1,0.9064719339006071,0.400052576336041
548814,emi20241202t071108p05011-B,emi20241202t071108p05011,0,0.36276060631144735,0.400052576336041
548815,emi20241202t162414p11009-A,emi20241202t162414p11009,1,0.9303836593021964,0.400052576336041
548817,emi20241202t162414p11009-A,emi20241202t162414p11009,1,0.6982483577593066,0.400052576336041
548819,emi20241202t162414p11009-A,emi20241202t162414p11009,1,0.8177961026596804,0.400052576336041
548820,emi20241202t071108p05011-B,emi20241202t071108p05011,0,0.20143946948133945,0.400052576336041
548821,emi20241202t162414p11009-A,emi20241202t162414p11009,1,0.9013063457245449,0.400052576336041
548823,emi20241202t162414p11009-A,emi20241202t162414p11009,1,0.970864075005754,0.400052576336041
548825,emi20241202t162414p11009-A,emi20241202t162414p11009,0,0.0010856278457003158,0.400052576336041
548829,emi20241202t162414p11009-A,emi20241202t162414p11009,0,0.009194537834738285,0.400052576336041
548831,emi20241202t162414p11009-A,emi20241202t162414p11009,0,0.015447783286292711,0.400052576336041
548832,emi20241202t071108p05011-B,emi20241202t071108p05011,0,0.0771128704079794,0.400052576336041
548835,emi20241202t162414p11009-A,emi20241202t162414p11009,0,0.001790324269147486,0.400052576336041
548837,emi20241202t162414p11009-A,emi20241202t162414p11009,0,0.007731994594811931,0.400052576336041
548838,emi20241202t071108p05011-B,emi20241202t071108p05011,0,0.5819970591185076,0.400052576336041
548839,emi20241202t162414p11009-A,emi20241202t162414p11009,0,0.22425287462173496,0.400052576336041
548840,emi20241202t071108p05011-B,emi20241202t071108p05011,0,0.21737882196455283,0.400052576336041
548841,emi20241202t162414p11009-A,emi20241202t162414p11009,0,0.055470351738399856,0.400052576336041
548842,emi20241202t162414p11009-A,emi20241202t162414p11009,0,0.001020498095624922,0.400052576336041
548843,emi20241202t162414p11009-A,emi20241202t162414p11009,0,0.0017218361412758604,0.400052576336041
548844,emi20241202t162414p11009-A,emi20241202t162414p11009,0,0.015037171347283265,0.400052576336041
548948,emi20241202t162414p11009-A,emi20241202t162414p11009,0,0.0008283355860365721,0.400052576336041
548952,emi20241202t162414p11009-A,emi20241202t162414p11009,0,0.0008302964435249997,0.400052576336041
548955,emi20241202t162414p11009-A,emi20241202t162414p11009,0,0.001630964883725775,0.400052576336041
548958,emi20241202t162414p11009-A,emi20241202t162414p11009,0,0.03470935929602591,0.400052576336041
548959,emi20241216t085254p06006-B,emi20241216t085254p06006,0,0.02827775339741156,0.400052576336041
548960,emi20241202t162414p11009-A,emi20241202t162414p11009,0,0.0007960511217736221,0.400052576336041
548964,emi20241202t162414p11009-A,emi20241202t162414p11009,0,0.0008274426181992631,0.400052576336041
548972,emi20241216t085254p06006-B,emi20241216t085254p06006,0,0.05114285107719876,0.400052576336041
548973,emi20241216t085254p06006-B,emi20241216t085254p06006,0,0.015494560845985623,0.400052576336041
549078,emi20241216t085254p06006-C,emi20241216t085254p06006,0,0.7865580830199058,0.400052576336041
549083,emi20241216t085254p06006-C,emi20241216t085254p06006,0,0.007220393531178837,0.400052576336041
549085,emi20241216t085254p06006-B,emi20241216t085254p06006,0,0.0016191294590487159,0.400052576336041
549089,emi20241216t085254p06006-C,emi20241216t085254p06006,0,0.004997507790624974,0.400052576336041
549093,emi20241216t085254p06006-C,emi20241216t085254p06006,0,0.24622804425861625,0.400052576336041
549094,emi20241216t085254p06006-B,emi20241216t085254p06006,0,0.13768258902820724,0.400052576336041
549099,emi20241216t085254p06006-C,emi20241216t085254p06006,0,0.06580950242377732,0.400052576336041
549101,emi20241216t085254p06006-B,emi20241216t085254p06006,0,0.02531233099264673,0.400052576336041
549106,emi20241216t085254p06006-C,emi20241216t085254p06006,0,0.11276975639706532,0.400052576336041
549107,emi20241216t085254p06006-C,emi20241216t085254p06006,0,0.012773306422664474,0.400052576336041
549208,emi20241216t115718p08003-A,emi20241216t115718p08003,0,0.0031288040913630085,0.400052576336041
549214,emi20241216t115718p08003-A,emi20241216t115718p08003,0,0.003268188124026181,0.400052576336041
549227,emi20241216t115718p08003-A,emi20241216t115718p08003,0,0.003667111192752464,0.400052576336041
549235,emi20241216t115718p08003-A,emi20241216t115718p08003,0,0.0015626653358142325,0.400052576336041
549241,emi20241216t085254p06006-C,emi20241216t085254p06006,0,0.7840627776830092,0.400052576336041
549276,emi20241216t115718p08003-A,emi20241216t115718p08003,0,0.0011164280238469754,0.400052576336041
549277,emi20241216t085254p06006-C,emi20241216t085254p06006,0,0.0038936777785727305,0.400052576336041
549278,emi20241216t115718p08003-A,emi20241216t115718p08003,0,0.018750212995843816,0.400052576336041
549295,emi20241216t115718p08003-A,emi20241216t115718p08003,0,0.002037924362567159,0.400052576336041
549297,emi20241216t085254p06006-C,emi20241216t085254p06006,0,0.03626964729129977,0.400052576336041
549306,emi20241216t115718p08003-A,emi20241216t115718p08003,0,0.0008170717881017198,0.400052576336041
549312,emi20241216t115718p08003-A,emi20241216t115718p08003,0,0.002056363461197126,0.400052576336041
549315,emi20241216t115718p08003-A,emi20241216t115718p08003,0,0.03993364910883298,0.400052576336041
549316,emi20241216t115730p08004-A,emi20241216t115730p08004,1,0.931534322157213,0.400052576336041
549318,emi20241216t115718p08003-A,emi20241216t115718p08003,0,0.0010595404519780458,0.400052576336041
549319,emi20241216t115730p08004-A,emi20241216t115730p08004,1,0.888452352798469,0.400052576336041
549327,emi20241216t115718p08003-A,emi20241216t115718p08003,0,0.009016442988545014,0.400052576336041
549328,emi20241216t115730p08004-A,emi20241216t115730p08004,1,0.9328602697947299,0.400052576336041
549336,emi20241216t115718p08003-A,emi20241216t115718p08003,0,0.002053314545480496,0.400052576336041
549337,emi20241216t115730p08004-A,emi20241216t115730p08004,1,0.9316547770604586,0.400052576336041
549341,emi20241216t115718p08003-A,emi20241216t115718p08003,0,0.0014617171557045289,0.400052576336041
549342,emi20241216t115730p08004-A,emi20241216t115730p08004,1,0.9336577537635505,0.400052576336041
549356,emi20241216t115718p08003-A,emi20241216t115718p08003,0,0.0023473254214369556,0.400052576336041
549357,emi20241216t115730p08004-A,emi20241216t115730p08004,1,0.9248642882652099,0.400052576336041
549359,emi20241216t115718p08003-A,emi20241216t115718p08003,0,0.0011808928932265177,0.400052576336041
549360,emi20241216t115730p08004-A,emi20241216t115730p08004,1,0.9373085441987001,0.400052576336041
549361,emi20241216t115730p08004-A,emi20241216t115730p08004,1,0.9301408632764835,0.400052576336041
549362,emi20241216t115730p08004-A,emi20241216t115730p08004,1,0.9172844344216733,0.400052576336041
549363,emi20241217t045512p03002-A,emi20241217t045512p03002,1,0.8175252815448448,0.400052576336041
549364,emi20241216t115730p08004-A,emi20241216t115730p08004,1,0.9047414359853049,0.400052576336041
549365,emi20241217t045512p03002-A,emi20241217t045512p03002,1,0.10049891205486315,0.400052576336041
549366,emi20241216t115730p08004-A,emi20241216t115730p08004,1,0.9130738719738807,0.400052576336041
549368,emi20241216t115730p08004-A,emi20241216t115730p08004,1,0.7889443803864411,0.400052576336041
549370,emi20241216t115730p08004-A,emi20241216t115730p08004,1,0.8307681505238395,0.400052576336041
549372,emi20241216t115730p08004-A,emi20241216t115730p08004,1,0.9423281040999192,0.400052576336041
549373,emi20241217t045512p03002-A,emi20241217t045512p03002,1,0.8543090337457447,0.400052576336041
549374,emi20241216t115730p08004-A,emi20241216t115730p08004,1,0.8655434962349775,0.400052576336041
549375,emi20241217t045512p03002-A,emi20241217t045512p03002,1,0.9272862475939786,0.400052576336041
549376,emi20241216t115730p08004-A,emi20241216t115730p08004,1,0.8942371867010945,0.400052576336041
549378,emi20241216t115730p08004-A,emi20241216t115730p08004,0,0.004454312477906796,0.400052576336041
549380,emi20241216t115730p08004-A,emi20241216t115730p08004,0,0.012322383403370208,0.400052576336041
549381,emi20241217t045512p03002-A,emi20241217t045512p03002,1,0.40978411602240483,0.400052576336041
549382,emi20241216t115730p08004-A,emi20241216t115730p08004,0,0.003287668294321845,0.400052576336041
549383,emi20241217t045512p03002-A,emi20241217t045512p03002,1,0.7672492577580227,0.400052576336041
549384,emi20241216t115730p08004-A,emi20241216t115730p08004,0,0.003934431805699045,0.400052576336041
549386,emi20241216t115730p08004-A,emi20241216t115730p08004,0,0.9338029608030178,0.400052576336041
549388,emi20241216t115730p08004-A,emi20241216t115730p08004,0,0.1503604872365989,0.400052576336041
549389,emi20241217t045512p03002-A,emi20241217t045512p03002,1,0.8916509508148069,0.400052576336041
549390,emi20241216t115730p08004-A,emi20241216t115730p08004,0,0.0030414544869410616,0.400052576336041
549391,emi20241217t045512p03002-A,emi20241217t045512p03002,1,0.7836103884964195,0.400052576336041
549392,emi20241216t115730p08004-A,emi20241216t115730p08004,0,0.008842152361119366,0.400052576336041
549394,emi20241216t115730p08004-A,emi20241216t115730p08004,0,0.005760542323363512,0.400052576336041
549396,emi20241216t115730p08004-A,emi20241216t115730p08004,0,0.010277946512027125,0.400052576336041
549397,emi20241217t045512p03002-A,emi20241217t045512p03002,0,0.11828161125433892,0.400052576336041
549398,emi20241216t115730p08004-A,emi20241216t115730p08004,0,0.00435326433922252,0.400052576336041
549399,emi20241217t045512p03002-A,emi20241217t045512p03002,0,0.19596888924108774,0.400052576336041
549400,emi20241216t115730p08004-A,emi20241216t115730p08004,0,0.0026906626409520847,0.400052576336041
549401,emi20241217t045512p03002-A,emi20241217t045512p03002,0,0.20230522676861787,0.400052576336041
549402,emi20241216t115730p08004-A,emi20241216t115730p08004,0,0.4328658163696812,0.400052576336041
549403,emi20241217t045512p03002-A,emi20241217t045512p03002,0,0.016533020520480772,0.400052576336041
549404,emi20241216t115730p08004-A,emi20241216t115730p08004,0,0.0014746987614288364,0.400052576336041
549405,emi20241217t045512p03002-A,emi20241217t045512p03002,0,0.6941350031323936,0.400052576336041
549406,emi20241216t115730p08004-A,emi20241216t115730p08004,0,0.008841402052024834,0.400052576336041
549408,emi20241216t115730p08004-A,emi20241216t115730p08004,0,0.001824356499229205,0.400052576336041
549411,emi20241217t045512p03002-A,emi20241217t045512p03002,0,0.029499224299335783,0.400052576336041
549414,emi20241217t045512p03002-B,emi20241217t045512p03002,1,0.1044391565561879,0.400052576336041
549417,emi20241217t045512p03002-A,emi20241217t045512p03002,0,0.7667596982035151,0.400052576336041
549423,emi20241217t045512p03002-A,emi20241217t045512p03002,0,0.010789941432708127,0.400052576336041
549430,emi20241217t045512p03002-B,emi20241217t045512p03002,1,0.8613876597165958,0.400052576336041
549434,emi20241217t045512p03002-B,emi20241217t045512p03002,1,0.8798931152243501,0.400052576336041
549438,emi20241217t045512p03002-B,emi20241217t045512p03002,1,0.304174860270043,0.400052576336041
549439,emi20241217t045512p03002-C,emi20241217t045512p03002,1,0.7318636294421765,0.400052576336041
549440,emi20241217t045512p03002-B,emi20241217t045512p03002,1,0.5433065380666374,0.400052576336041
549441,emi20241217t045512p03002-C,emi20241217t045512p03002,1,0.7449937018826652,0.400052576336041
549442,emi20241217t045512p03002-B,emi20241217t045512p03002,0,0.37829339420489105,0.400052576336041
549448,emi20241217t045512p03002-B,emi20241217t045512p03002,0,0.7586113710337186,0.400052576336041
549449,emi20241217t045512p03002-C,emi20241217t045512p03002,1,0.8741091621451054,0.400052576336041
549450,emi20241217t045512p03002-B,emi20241217t045512p03002,0,0.4334493461077208,0.400052576336041
549462,emi20241217t045512p03002-B,emi20241217t045512p03002,0,0.4125637058234608,0.400052576336041
549469,emi20241217t045512p03002-C,emi20241217t045512p03002,0,0.08705946168457827,0.400052576336041
549470,emi20241217t045512p03002-B,emi20241217t045512p03002,0,0.4178733877666729,0.400052576336041
549592,emi20241217t045523p03003-I,emi20241217t045523p03003,0,0.5540875597010602,0.400052576336041
549594,emi20241217t045523p03003-I,emi20241217t045523p03003,0,0.650277696147802,0.400052576336041
549595,emi20241217t045512p03002-C,emi20241217t045512p03002,0,0.047944667912209395,0.400052576336041
549604,emi20241217t045523p03003-I,emi20241217t045523p03003,0,0.7500357403938995,0.400052576336041
549609,emi20241217t045512p03002-C,emi20241217t045512p03002,0,0.023970900945121682,0.400052576336041
549612,emi20241217t045523p03003-I,emi20241217t045523p03003,0,0.6473304669603241,0.400052576336041
549617,emi20241217t045523p03003-R,emi20241217t045523p03003,1,0.6648055376962866,0.400052576336041
549619,emi20241217t045523p03003-R,emi20241217t045523p03003,1,0.41230648861084623,0.400052576336041
549627,emi20241217t045523p03003-R,emi20241217t045523p03003,1,0.5280603013415869,0.400052576336041
549629,emi20241217t045523p03003-R,emi20241217t045523p03003,1,0.3126704321127572,0.400052576336041
549634,emi20241217t045523p03003-R,emi20241217t045523p03003,1,0.7510416120383901,0.400052576336041
549645,emi20241217t045523p03003-R,emi20241217t045523p03003,1,0.8242399814544591,0.400052576336041
549658,emi20241217t045523p03003-R,emi20241217t045523p03003,1,0.728341039522766,0.400052576336041
549667,emi20241217t045523p03003-R,emi20241217t045523p03003,1,0.7342396099072731,0.400052576336041
549668,emi20241217t045523p03003-R,emi20241217t045523p03003,1,0.828428468452994,0.400052576336041
549669,emi20241217t045523p03003-R,emi20241217t045523p03003,1,0.873240973690473,0.400052576336041
549792,emi20241217t045523p03003-R,emi20241217t045523p03003,1,0.3806115224527854,0.400052576336041
549842,emi20241217t045523p03003-V,emi20241217t045523p03003,0,0.8862759865416215,0.400052576336041
549843,emi20241217t045523p03003-R,emi20241217t045523p03003,1,0.7023967922526335,0.400052576336041
549848,emi20241217t045523p03003-V,emi20241217t045523p03003,0,0.36227166202867256,0.400052576336041
549849,emi20241217t045523p03003-R,emi20241217t045523p03003,1,0.873240973690473,0.400052576336041
549876,emi20241217t045523p03003-R,emi20241217t045523p03003,1,0.8109238858936635,0.400052576336041
549895,emi20241217t045523p03003-V,emi20241217t045523p03003,0,0.28401916480907635,0.400052576336041
549896,emi20241217t045523p03003-R,emi20241217t045523p03003,1,0.8787862284805408,0.400052576336041
549906,emi20241217t045523p03003-V,emi20241217t045523p03003,0,0.08892752225329051,0.400052576336041
549907,emi20241217t045523p03003-R,emi20241217t045523p03003,1,0.6783306979376184,0.400052576336041
549933,emi20241217t045523p03003-V,emi20241217t045523p03003,0,0.3718073410246723,0.400052576336041
549980,emi20241217t045523p03003-R,emi20241217t045523p03003,0,0.8171185394047854,0.400052576336041
550091,emi20241217t045523p03003-R,emi20241217t045523p03003,0,0.9185979196776596,0.400052576336041
550093,emi20241217t045523p03003-R,emi20241217t045523p03003,0,0.7184664143133592,0.400052576336041
550100,emi20241217t045523p03003-R,emi20241217t045523p03003,0,0.0702885257866845,0.400052576336041
550105,emi20241217t045523p03003-R,emi20241217t045523p03003,0,0.7894154280035129,0.400052576336041
550107,emi20241217t045523p03003-R,emi20241217t045523p03003,0,0.42761476374881,0.400052576336041
550113,emi20241217t045523p03003-R,emi20241217t045523p03003,0,0.010759141458823458,0.400052576336041
550122,emi20241217t093554p06014-B,emi20241217t093554p06014,1,0.965697950262122,0.400052576336041
550126,emi20241217t093554p06014-B,emi20241217t093554p06014,1,0.9760379953404439,0.400052576336041
550129,emi20241217t093554p06014-A,emi20241217t093554p06014,0,0.356237671999836,0.400052576336041
550130,emi20241217t093554p06014-B,emi20241217t093554p06014,1,0.978492473003416,0.400052576336041
550131,emi20241217t093554p06014-B,emi20241217t093554p06014,1,0.978492473003416,0.400052576336041
550132,emi20241217t093554p06014-B,emi20241217t093554p06014,1,0.9693584849782191,0.400052576336041
550133,emi20241217t093554p06014-B,emi20241217t093554p06014,1,0.9618610794042785,0.400052576336041
550248,emi20241217t093554p06014-B,emi20241217t093554p06014,1,0.9556454107596354,0.400052576336041
550252,emi20241217t093554p06014-C,emi20241217t093554p06014,0,0.005412030803800718,0.400052576336041
550253,emi20241217t093554p06014-B,emi20241217t093554p06014,1,0.9583739114150137,0.400052576336041
550255,emi20241217t093554p06014-B,emi20241217t093554p06014,1,0.9532786678804505,0.400052576336041
550258,emi20241217t093554p06014-C,emi20241217t093554p06014,0,0.07136130971043865,0.400052576336041
550259,emi20241217t093554p06014-B,emi20241217t093554p06014,1,0.9409292104644139,0.400052576336041
550260,emi20241217t093554p06014-C,emi20241217t093554p06014,0,0.12029489184932397,0.400052576336041
550261,emi20241217t093554p06014-B,emi20241217t093554p06014,1,0.9498134537297159,0.400052576336041
550262,emi20241217t093554p06014-C,emi20241217t093554p06014,0,0.3016890723170597,0.400052576336041
550263,emi20241217t093554p06014-B,emi20241217t093554p06014,1,0.9347905854777926,0.400052576336041
550267,emi20241217t093554p06014-B,emi20241217t093554p06014,1,0.962475615122266,0.400052576336041
550271,emi20241217t093554p06014-B,emi20241217t093554p06014,1,0.9759513345785257,0.400052576336041
550305,emi20241217t093554p06014-B,emi20241217t093554p06014,1,0.9585556559778562,0.400052576336041
550314,emi20241217t093554p06014-C,emi20241217t093554p06014,0,0.5605846184916943,0.400052576336041
550315,emi20241217t093554p06014-B,emi20241217t093554p06014,1,0.9463666504211082,0.400052576336041
550359,emi20241217t093554p06014-B,emi20241217t093554p06014,0,0.9673733365689033,0.400052576336041
550368,emi20241217t093554p06014-B,emi20241217t093554p06014,0,0.15408011944023997,0.400052576336041
550479,emi20241217t093554p06014-D,emi20241217t093554p06014,0,0.5333252980472821,0.400052576336041
550488,emi20241217t093554p06014-D,emi20241217t093554p06014,0,0.33090724227883117,0.400052576336041
550492,emi20241217t093554p06014-D,emi20241217t093554p06014,0,0.018716010080658294,0.400052576336041
550500,emi20241217t093554p06014-D,emi20241217t093554p06014,0,0.7569975750915456,0.400052576336041
550604,emi20241218t102612p07005-A,emi20241218t102612p07005,0,0.6321089078222663,0.400052576336041
550611,emi20241218t102612p07005-A,emi20241218t102612p07005,0,0.24360393095632954,0.400052576336041
550618,emi20241217t093554p06014-D,emi20241217t093554p06014,0,0.4328004506924054,0.400052576336041
550621,emi20241218t102612p07005-A,emi20241218t102612p07005,0,0.36848177010737065,0.400052576336041
550628,emi20241217t093554p06014-D,emi20241217t093554p06014,0,0.6275854460895891,0.400052576336041
550635,emi20241218t102612p07005-A,emi20241218t102612p07005,0,0.020381191916738824,0.400052576336041
550636,emi20241217t093554p06014-D,emi20241217t093554p06014,0,0.8008884041021924,0.400052576336041
550637,emi20241218t102612p07005-A,emi20241218t102612p07005,0,0.3609716526050018,0.400052576336041
550643,emi20241217t093554p06014-D,emi20241217t093554p06014,0,0.03218271339412733,0.400052576336041
550645,emi20241218t102612p07005-A,emi20241218t102612p07005,0,0.1300330670822154,0.400052576336041
550647,emi20241218t102612p07005-A,emi20241218t102612p07005,0,0.1419130051757132,0.400052576336041
550652,emi20241218t102612p07005-A,emi20241218t102612p07005,0,0.19927735556993986,0.400052576336041
550954,emi20241218t102612p07005-A,emi20241218t102612p07005,0,0.1707547788260562,0.400052576336041
550964,emi20241218t102612p07005-A,emi20241218t102612p07005,0,0.19821149507750432,0.400052576336041
550965,emi20241218t102612p07005-A,emi20241218t102612p07005,0,0.019880409682177132,0.400052576336041
551069,emi20241219t080409p05003-E,emi20241219t080409p05003,0,0.15016819990713084,0.400052576336041
551073,emi20241218t102612p07005-A,emi20241218t102612p07005,0,0.011961252236324408,0.400052576336041
551079,emi20241219t080409p05003-E,emi20241219t080409p05003,0,0.02718205659662411,0.400052576336041
551080,emi20241218t102612p07005-A,emi20241218t102612p07005,0,0.3337829007562064,0.400052576336041
551089,emi20241219t080409p05003-E,emi20241219t080409p05003,0,0.019070018716632206,0.400052576336041
551091,emi20241218t102612p07005-A,emi20241218t102612p07005,0,0.43305137483456074,0.400052576336041
551099,emi20241219t080409p05003-E,emi20241219t080409p05003,0,0.01797359390942987,0.400052576336041
551104,emi20241218t102612p07005-A,emi20241218t102612p07005,0,0.30676535057550003,0.400052576336041
551120,emi20241219t080409p05003-E,emi20241219t080409p05003,0,0.03195723185034647,0.400052576336041
551129,emi20241218t102612p07005-A,emi20241218t102612p07005,0,0.1836196636535219,0.400052576336041
551155,emi20241219t080409p05003-E,emi20241219t080409p05003,0,0.04951880680805351,0.400052576336041
551162,emi20241219t080409p05003-E,emi20241219t080409p05003,0,0.004455895331585476,0.400052576336041
551164,emi20241219t080409p05003-E,emi20241219t080409p05003,0,0.0016649265747630607,0.400052576336041
551165,emi20250126t124821p09002-A,emi20250126t124821p09002,1,0.8867197994928014,0.400052576336041
551171,emi20241219t080409p05003-E,emi20241219t080409p05003,0,0.04172863188280119,0.400052576336041
551172,emi20250126t124821p09002-A,emi20250126t124821p09002,1,0.8997956825950264,0.400052576336041
551173,emi20241219t080409p05003-E,emi20241219t080409p05003,0,0.0021070897520068174,0.400052576336041
551174,emi20250126t124821p09002-A,emi20250126t124821p09002,1,0.831409520958609,0.400052576336041
551181,emi20241219t080409p05003-E,emi20241219t080409p05003,0,0.006060666569902436,0.400052576336041
551182,emi20250126t124821p09002-A,emi20250126t124821p09002,1,0.8691590246675722,0.400052576336041
551183,emi20241219t080409p05003-E,emi20241219t080409p05003,0,0.0022919284707765427,0.400052576336041
551184,emi20250126t124821p09002-A,emi20250126t124821p09002,1,0.660554323892988,0.400052576336041
551202,emi20241219t080409p05003-E,emi20241219t080409p05003,0,0.10513495250767754,0.400052576336041
551203,emi20250126t124821p09002-A,emi20250126t124821p09002,1,0.744528696634311,0.400052576336041
551207,emi20241219t080409p05003-E,emi20241219t080409p05003,0,0.009980121020903086,0.400052576336041
551208,emi20250126t124821p09002-A,emi20250126t124821p09002,1,0.9168419595472735,0.400052576336041
551214,emi20241219t080409p05003-E,emi20241219t080409p05003,0,0.2522398050971877,0.400052576336041
551215,emi20250126t124821p09002-A,emi20250126t124821p09002,1,0.9475510974463612,0.400052576336041
551228,emi20241219t080409p05003-E,emi20241219t080409p05003,0,0.014918080212840827,0.400052576336041
551229,emi20250126t124821p09002-A,emi20250126t124821p09002,1,0.9441128492846722,0.400052576336041
551230,emi20250126t124821p09002-A,emi20250126t124821p09002,1,0.8939762429078169,0.400052576336041
551231,emi20250126t124821p09002-A,emi20250126t124821p09002,1,0.9089522139208086,0.400052576336041
551232,emi20250126t124821p09002-A,emi20250126t124821p09002,1,0.8683268729318728,0.400052576336041
551233,emi20250127t181322p12005-A,emi20250127t181322p12005,1,0.9373567650144297,0.400052576336041
551234,emi20250126t124821p09002-A,emi20250126t124821p09002,1,0.922739760138454,0.400052576336041
551235,emi20250127t181322p12005-A,emi20250127t181322p12005,1,0.9450622747710737,0.400052576336041
551236,emi20250126t124821p09002-A,emi20250126t124821p09002,1,0.8982036869709916,0.400052576336041
551237,emi20250127t181322p12005-A,emi20250127t181322p12005,1,0.9561453570805332,0.400052576336041
551238,emi20250126t124821p09002-A,emi20250126t124821p09002,1,0.8384870814075215,0.400052576336041
551239,emi20250127t181322p12005-A,emi20250127t181322p12005,1,0.8157122909789115,0.400052576336041
551240,emi20250126t124821p09002-A,emi20250126t124821p09002,1,0.7142295129739927,0.400052576336041
551241,emi20250127t181322p12005-A,emi20250127t181322p12005,1,0.9577775984141186,0.400052576336041
551242,emi20250126t124821p09002-A,emi20250126t124821p09002,0,0.3781533077039144,0.400052576336041
551243,emi20250127t181322p12005-A,emi20250127t181322p12005,1,0.8745374255056614,0.400052576336041
551244,emi20250126t124821p09002-A,emi20250126t124821p09002,0,0.006552933390914846,0.400052576336041
551245,emi20250127t181322p12005-A,emi20250127t181322p12005,1,0.9701836492297501,0.400052576336041
551246,emi20250126t124821p09002-A,emi20250126t124821p09002,0,0.09552114171942865,0.400052576336041
551247,emi20250127t181322p12005-A,emi20250127t181322p12005,1,0.9610835669174279,0.400052576336041
551254,emi20250126t124821p09002-A,emi20250126t124821p09002,0,0.7839623760608809,0.400052576336041
551255,emi20250127t181322p12005-A,emi20250127t181322p12005,1,0.9450622747710737,0.400052576336041
551256,emi20250126t124821p09002-A,emi20250126t124821p09002,0,0.8846432711702475,0.400052576336041
551257,emi20250127t181322p12005-A,emi20250127t181322p12005,1,0.9637910021549296,0.400052576336041
551258,emi20250126t124821p09002-A,emi20250126t124821p09002,0,0.5520964559211897,0.400052576336041
551259,emi20250127t181322p12005-A,emi20250127t181322p12005,1,0.9189857476265255,0.400052576336041
551260,emi20250126t124821p09002-A,emi20250126t124821p09002,0,0.14759888861864692,0.400052576336041
551261,emi20250127t181322p12005-A,emi20250127t181322p12005,1,0.9701836492297501,0.400052576336041
551262,emi20250126t124821p09002-A,emi20250126t124821p09002,0,0.04223289140955384,0.400052576336041
551263,emi20250127t181322p12005-A,emi20250127t181322p12005,1,0.9626430398909477,0.400052576336041
551265,emi20250126t124821p09002-A,emi20250126t124821p09002,0,0.012959631680896325,0.400052576336041
551266,emi20250127t181322p12005-A,emi20250127t181322p12005,1,0.9028850696312616,0.400052576336041
551269,emi20250126t124821p09002-A,emi20250126t124821p09002,0,0.7663358147551381,0.400052576336041
551270,emi20250127t181322p12005-A,emi20250127t181322p12005,1,0.9650880227051961,0.400052576336041
551271,emi20250126t124821p09002-A,emi20250126t124821p09002,0,0.007862870565712403,0.400052576336041
551272,emi20250127t181322p12005-A,emi20250127t181322p12005,1,0.9602014273238509,0.400052576336041
551274,emi20250126t124821p09002-A,emi20250126t124821p09002,0,0.8544224344489472,0.400052576336041
551278,emi20250127t181322p12005-A,emi20250127t181322p12005,0,0.001110101789775883,0.400052576336041
551279,emi20250126t124821p09002-A,emi20250126t124821p09002,0,0.029557238751465924,0.400052576336041
551281,emi20250127t181322p12005-A,emi20250127t181322p12005,0,0.0023770895661998194,0.400052576336041
551282,emi20250126t124821p09002-A,emi20250126t124821p09002,0,0.46409029218630754,0.400052576336041
551284,emi20250127t181322p12005-A,emi20250127t181322p12005,0,0.0065557897451864865,0.400052576336041
551285,emi20250126t124821p09002-A,emi20250126t124821p09002,0,0.18925973737702478,0.400052576336041
551286,emi20250127t181322p12005-A,emi20250127t181322p12005,0,0.12888675703336183,0.400052576336041
551288,emi20250126t124821p09002-A,emi20250126t124821p09002,0,0.5783089740276056,0.400052576336041
551289,emi20250127t181322p12005-A,emi20250127t181322p12005,0,0.004671811032249493,0.400052576336041
551290,emi20250127t181322p12005-A,emi20250127t181322p12005,0,0.0008275395665380143,0.400052576336041
551293,emi20250127t181322p12005-A,emi20250127t181322p12005,0,0.000940558583934081,0.400052576336041
551294,emi20250127t181345p12007-B,emi20250127t181345p12007,1,0.841741778310133,0.400052576336041
551295,emi20250127t181322p12005-A,emi20250127t181322p12005,0,0.2491928919936494,0.400052576336041
551296,emi20250127t181345p12007-B,emi20250127t181345p12007,1,0.8189235645310253,0.400052576336041
551298,emi20250127t181322p12005-A,emi20250127t181322p12005,0,0.0011846005387019516,0.400052576336041
551299,emi20250127t181345p12007-B,emi20250127t181345p12007,1,0.5312645024758736,0.400052576336041
551300,emi20250127t181322p12005-A,emi20250127t181322p12005,0,0.07084385986599392,0.400052576336041
551301,emi20250127t181345p12007-B,emi20250127t181345p12007,1,0.8461304142925932,0.400052576336041
551302,emi20250127t181322p12005-A,emi20250127t181322p12005,0,0.20739452688874158,0.400052576336041
551303,emi20250127t181345p12007-B,emi20250127t181345p12007,1,0.8715504131905562,0.400052576336041
551304,emi20250127t181322p12005-A,emi20250127t181322p12005,0,0.002142414530201577,0.400052576336041
551305,emi20250127t181345p12007-B,emi20250127t181345p12007,1,0.9254329723635942,0.400052576336041
551307,emi20250127t181322p12005-A,emi20250127t181322p12005,0,0.2918114622816714,0.400052576336041
551308,emi20250127t181345p12007-B,emi20250127t181345p12007,1,0.8764864269009526,0.400052576336041
551311,emi20250127t181322p12005-A,emi20250127t181322p12005,0,0.006905301609569996,0.400052576336041
551312,emi20250127t181345p12007-B,emi20250127t181345p12007,1,0.9217637613003493,0.400052576336041
551313,emi20250127t181322p12005-A,emi20250127t181322p12005,0,0.0031464818987694252,0.400052576336041
551314,emi20250127t181345p12007-B,emi20250127t181345p12007,1,0.6979735486161956,0.400052576336041
551317,emi20250127t181322p12005-A,emi20250127t181322p12005,0,0.3549545575356314,0.400052576336041
551318,emi20250127t181345p12007-B,emi20250127t181345p12007,1,0.5224932671738289,0.400052576336041
551319,emi20250127t181345p12007-B,emi20250127t181345p12007,1,0.5050376063694588,0.400052576336041
551320,emi20250127t181345p12007-B,emi20250127t181345p12007,1,0.8771078661009112,0.400052576336041
551321,emi20250128t063810p05012-A,emi20250128t063810p05012,1,0.4063088862399449,0.400052576336041
551322,emi20250127t181345p12007-B,emi20250127t181345p12007,1,0.8855605547649562,0.400052576336041
551323,emi20250128t063810p05012-A,emi20250128t063810p05012,1,0.46722049369061525,0.400052576336041
551324,emi20250127t181345p12007-B,emi20250127t181345p12007,1,0.9462677881412337,0.400052576336041
551326,emi20250127t181345p12007-B,emi20250127t181345p12007,1,0.9483527757239697,0.400052576336041
551327,emi20250128t063810p05012-A,emi20250128t063810p05012,1,0.5265515655697447,0.400052576336041
551328,emi20250127t181345p12007-B,emi20250127t181345p12007,1,0.9244140849014509,0.400052576336041
551330,emi20250127t181345p12007-B,emi20250127t181345p12007,0,0.1942778971470094,0.400052576336041
551332,emi20250127t181345p12007-B,emi20250127t181345p12007,0,0.7395046195133647,0.400052576336041
551334,emi20250127t181345p12007-B,emi20250127t181345p12007,0,0.011597245262180776,0.400052576336041
551335,emi20250128t063810p05012-A,emi20250128t063810p05012,1,0.11710121374120969,0.400052576336041
551336,emi20250127t181345p12007-B,emi20250127t181345p12007,0,0.5824233386831251,0.400052576336041
551338,emi20250127t181345p12007-B,emi20250127t181345p12007,0,0.0037789099255703972,0.400052576336041
551339,emi20250128t063810p05012-A,emi20250128t063810p05012,1,0.15657852512852083,0.400052576336041
551340,emi20250127t181345p12007-B,emi20250127t181345p12007,0,0.008741313105665194,0.400052576336041
551342,emi20250127t181345p12007-B,emi20250127t181345p12007,0,0.001906105960554,0.400052576336041
551343,emi20250128t063810p05012-A,emi20250128t063810p05012,1,0.3465409793510107,0.400052576336041
551344,emi20250127t181345p12007-B,emi20250127t181345p12007,0,0.004646574031982148,0.400052576336041
551346,emi20250127t181345p12007-B,emi20250127t181345p12007,0,0.04395144560394778,0.400052576336041
551347,emi20250128t063810p05012-A,emi20250128t063810p05012,1,0.47464858252928965,0.400052576336041
551348,emi20250127t181345p12007-B,emi20250127t181345p12007,0,0.6334922907173232,0.400052576336041
551349,emi20250128t063810p05012-A,emi20250128t063810p05012,1,0.21196194217019468,0.400052576336041
551350,emi20250127t181345p12007-B,emi20250127t181345p12007,0,0.013624610557703868,0.400052576336041
551352,emi20250127t181345p12007-B,emi20250127t181345p12007,0,0.006500502293402071,0.400052576336041
551353,emi20250128t063810p05012-A,emi20250128t063810p05012,0,0.22415565301788043,0.400052576336041
551354,emi20250127t181345p12007-B,emi20250127t181345p12007,0,0.0033680197735460053,0.400052576336041
551355,emi20250128t063810p05012-A,emi20250128t063810p05012,0,0.005808990497756051,0.400052576336041
551356,emi20250127t181345p12007-B,emi20250127t181345p12007,0,0.015326673433655937,0.400052576336041
551358,emi20250127t181345p12007-B,emi20250127t181345p12007,0,0.018993619136941153,0.400052576336041
551359,emi20250128t063810p05012-A,emi20250128t063810p05012,0,0.015228931756203181,0.400052576336041
551360,emi20250127t181345p12007-B,emi20250127t181345p12007,0,0.12624638630338073,0.400052576336041
551361,emi20250128t063810p05012-A,emi20250128t063810p05012,0,0.0022606239411678093,0.400052576336041
551362,emi20250128t063810p05012-A,emi20250128t063810p05012,0,0.8298533447913594,0.400052576336041
551363,emi20250128t063810p05012-A,emi20250128t063810p05012,0,0.0043926254883630035,0.400052576336041
551364,emi20250128t063810p05012-B,emi20250128t063810p05012,1,0.46103333914956984,0.400052576336041
551367,emi20250128t063810p05012-A,emi20250128t063810p05012,0,0.0016357010250407996,0.400052576336041
551368,emi20250128t063810p05012-B,emi20250128t063810p05012,1,0.9418654247090841,0.400052576336041
551370,emi20250128t063810p05012-B,emi20250128t063810p05012,1,0.7191855310573749,0.400052576336041
551371,emi20250128t063810p05012-A,emi20250128t063810p05012,0,0.38691312253549043,0.400052576336041
551374,emi20250128t063810p05012-B,emi20250128t063810p05012,1,0.8682474588103356,0.400052576336041
551376,emi20250128t063810p05012-B,emi20250128t063810p05012,1,0.881263500305346,0.400052576336041
551377,emi20250128t063810p05012-A,emi20250128t063810p05012,0,0.001553568513934894,0.400052576336041
551378,emi20250128t063810p05012-B,emi20250128t063810p05012,1,0.897147228739643,0.400052576336041
551379,emi20250128t063810p05012-A,emi20250128t063810p05012,0,0.0825652096479978,0.400052576336041
551383,emi20250128t063810p05012-B,emi20250128t063810p05012,1,0.8426484292701678,0.400052576336041
551385,emi20250129t163959p11015-A,emi20250129t163959p11015,1,0.003906635266380649,0.400052576336041
551386,emi20250128t063810p05012-B,emi20250128t063810p05012,1,0.7915626516465759,0.400052576336041
551387,emi20250129t163959p11015-A,emi20250129t163959p11015,1,0.8485111713777089,0.400052576336041
551389,emi20250129t163959p11015-A,emi20250129t163959p11015,1,0.0032353874695826017,0.400052576336041
551391,emi20250129t163959p11015-A,emi20250129t163959p11015,1,0.1977863778257548,0.400052576336041
551393,emi20250129t163959p11015-A,emi20250129t163959p11015,1,0.5762571417528278,0.400052576336041
551395,emi20250129t163959p11015-A,emi20250129t163959p11015,1,0.5714064786970005,0.400052576336041
551396,emi20250128t063810p05012-B,emi20250128t063810p05012,0,0.006279388826634832,0.400052576336041
551397,emi20250129t163959p11015-A,emi20250129t163959p11015,1,0.1155820333806802,0.400052576336041
551399,emi20250129t163959p11015-A,emi20250129t163959p11015,1,0.08950684365829828,0.400052576336041
551400,emi20250128t063810p05012-B,emi20250128t063810p05012,0,0.5598310236046342,0.400052576336041
551401,emi20250129t163959p11015-A,emi20250129t163959p11015,1,0.31631760529016817,0.400052576336041
551402,emi20250128t063810p05012-B,emi20250128t063810p05012,0,0.0056185506649283285,0.400052576336041
551403,emi20250129t163959p11015-A,emi20250129t163959p11015,1,0.4691289423216968,0.400052576336041
551405,emi20250129t163959p11015-A,emi20250129t163959p11015,1,0.012949726405072392,0.400052576336041
551407,emi20250129t163959p11015-A,emi20250129t163959p11015,1,0.25392929976167805,0.400052576336041
551409,emi20250129t163959p11015-A,emi20250129t163959p11015,1,0.14390362599073556,0.400052576336041
551411,emi20250129t163959p11015-A,emi20250129t163959p11015,1,0.6372181267430728,0.400052576336041
551412,emi20250128t063810p05012-B,emi20250128t063810p05012,0,0.627703898700946,0.400052576336041
551413,emi20250129t163959p11015-A,emi20250129t163959p11015,1,0.6372181267430728,0.400052576336041
551415,emi20250129t163959p11015-A,emi20250129t163959p11015,1,0.6695459537489484,0.400052576336041
551416,emi20250128t063810p05012-B,emi20250128t063810p05012,0,0.013921912030686063,0.400052576336041
551417,emi20250129t163959p11015-A,emi20250129t163959p11015,0,0.10337809465500804,0.400052576336041
551419,emi20250129t163959p11015-A,emi20250129t163959p11015,0,0.005644769755379535,0.400052576336041
551421,emi20250129t163959p11015-A,emi20250129t163959p11015,0,0.005270325652692244,0.400052576336041
551423,emi20250129t163959p11015-A,emi20250129t163959p11015,0,0.7891803501340757,0.400052576336041
551424,emi20250128t063810p05012-B,emi20250128t063810p05012,0,0.024925180279083314,0.400052576336041
551425,emi20250129t163959p11015-A,emi20250129t163959p11015,0,0.044368971061882076,0.400052576336041
551426,emi20250129t163959p11015-A,emi20250129t163959p11015,0,0.0006053706117550319,0.400052576336041
551427,emi20250129t163959p11015-A,emi20250129t163959p11015,0,0.0018920814862642583,0.400052576336041
551428,emi20250129t163959p11015-A,emi20250129t163959p11015,0,0.024220015770943466,0.400052576336041
551430,emi20250129t163959p11015-A,emi20250129t163959p11015,0,0.010820347001795122,0.400052576336041
551431,emi20250202t054303p04011-C,emi20250202t054303p04011,1,0.6877426388503937,0.400052576336041
551432,emi20250129t163959p11015-A,emi20250129t163959p11015,0,0.006728260959838985,0.400052576336041
551434,emi20250129t163959p11015-A,emi20250129t163959p11015,0,0.00349260675095022,0.400052576336041
551437,emi20250129t163959p11015-A,emi20250129t163959p11015,0,0.0037187078212329084,0.400052576336041
551438,emi20250202t054303p04011-C,emi20250202t054303p04011,1,0.9088479125859559,0.400052576336041
551439,emi20250129t163959p11015-A,emi20250129t163959p11015,0,0.0009217975046151495,0.400052576336041
551441,emi20250129t163959p11015-A,emi20250129t163959p11015,0,0.0044556831086317965,0.400052576336041
551443,emi20250129t163959p11015-A,emi20250129t163959p11015,0,0.009179209220391346,0.400052576336041
551444,emi20250202t054303p04011-C,emi20250202t054303p04011,1,0.8895927658636669,0.400052576336041
551445,emi20250129t163959p11015-A,emi20250129t163959p11015,0,0.1188686007455553,0.400052576336041
551446,emi20250202t054303p04011-C,emi20250202t054303p04011,1,0.6678505388441122,0.400052576336041
551449,emi20250202t054303p04011-D,emi20250202t054303p04011,1,0.682102323490339,0.400052576336041
551450,emi20250202t054303p04011-C,emi20250202t054303p04011,1,0.8371262812395671,0.400052576336041
551451,emi20250202t054303p04011-D,emi20250202t054303p04011,1,0.87787577400231,0.400052576336041
551453,emi20250202t054303p04011-D,emi20250202t054303p04011,1,0.8949549599128679,0.400052576336041
551454,emi20250202t054303p04011-C,emi20250202t054303p04011,1,0.7079921914595012,0.400052576336041
551457,emi20250202t054303p04011-D,emi20250202t054303p04011,1,0.8773498208682633,0.400052576336041
551458,emi20250202t054303p04011-C,emi20250202t054303p04011,0,0.5505320160733821,0.400052576336041
551461,emi20250202t054303p04011-D,emi20250202t054303p04011,1,0.6640999263814088,0.400052576336041
551464,emi20250202t054303p04011-C,emi20250202t054303p04011,0,0.010397490155947322,0.400052576336041
551466,emi20250202t054303p04011-C,emi20250202t054303p04011,0,0.4500149276048154,0.400052576336041
551467,emi20250202t054303p04011-D,emi20250202t054303p04011,1,0.9141932446473116,0.400052576336041
551470,emi20250202t054303p04011-C,emi20250202t054303p04011,0,0.03962290109002906,0.400052576336041
551471,emi20250202t054303p04011-D,emi20250202t054303p04011,1,0.7604227847301701,0.400052576336041
551473,emi20250202t054303p04011-D,emi20250202t054303p04011,1,0.843556571891042,0.400052576336041
551476,emi20250202t054303p04011-C,emi20250202t054303p04011,0,0.4054778286728232,0.400052576336041
551477,emi20250202t054303p04011-D,emi20250202t054303p04011,1,0.812939291942867,0.400052576336041
551478,emi20250202t054303p04011-C,emi20250202t054303p04011,0,0.0895895312459785,0.400052576336041
551479,emi20250202t054303p04011-D,emi20250202t054303p04011,1,0.8575915138393587,0.400052576336041
551481,emi20250202t054303p04011-D,emi20250202t054303p04011,0,0.02979300471183702,0.400052576336041
551484,emi20250202t054303p04011-C,emi20250202t054303p04011,0,0.3636337455293094,0.400052576336041
551486,emi20250202t054303p04011-C,emi20250202t054303p04011,0,0.059722535641367806,0.400052576336041
551487,emi20250202t054303p04011-D,emi20250202t054303p04011,0,0.2718249866870809,0.400052576336041
551489,emi20250202t054303p04011-D,emi20250202t054303p04011,0,0.07431151896752208,0.400052576336041
551490,emi20250202t054303p04011-D,emi20250202t054303p04011,0,0.6623344607639616,0.400052576336041
551491,emi20250202t054303p04011-D,emi20250202t054303p04011,0,0.008681501863976673,0.400052576336041
551492,emi20250203t045947p04016-A,emi20250203t045947p04016,1,0.8278010199316033,0.400052576336041
551494,emi20250203t045947p04016-A,emi20250203t045947p04016,1,0.6744335961201634,0.400052576336041
551496,emi20250203t045947p04016-A,emi20250203t045947p04016,1,0.826861151338649,0.400052576336041
551497,emi20250202t054303p04011-D,emi20250202t054303p04011,0,0.814015414495233,0.400052576336041
551498,emi20250203t045947p04016-A,emi20250203t045947p04016,1,0.8466140748151728,0.400052576336041
551500,emi20250203t045947p04016-A,emi20250203t045947p04016,1,0.7337231710741327,0.400052576336041
551502,emi20250203t045947p04016-A,emi20250203t045947p04016,1,0.8864965977262089,0.400052576336041
551503,emi20250202t054303p04011-D,emi20250202t054303p04011,0,0.215576510371942,0.400052576336041
551504,emi20250203t045947p04016-A,emi20250203t045947p04016,1,0.8177351843852985,0.400052576336041
551506,emi20250203t045947p04016-A,emi20250203t045947p04016,1,0.8626032279861866,0.400052576336041
551507,emi20250202t054303p04011-D,emi20250202t054303p04011,0,0.2602426625678456,0.400052576336041
551508,emi20250203t045947p04016-A,emi20250203t045947p04016,1,0.7337398880328405,0.400052576336041
551510,emi20250203t045947p04016-A,emi20250203t045947p04016,1,0.870866168253312,0.400052576336041
551511,emi20250203t045947p04016-A,emi20250203t045947p04016,1,0.8754447946309344,0.400052576336041
551512,emi20250203t045947p04016-A,emi20250203t045947p04016,1,0.7627646066445853,0.400052576336041
551513,emi20250211t064529p05009-A,emi20250211t064529p05009,1,0.8075512089244574,0.400052576336041
551514,emi20250203t045947p04016-A,emi20250203t045947p04016,1,0.668399114276551,0.400052576336041
551515,emi20250211t064529p05009-A,emi20250211t064529p05009,1,0.8656236307857125,0.400052576336041
551516,emi20250203t045947p04016-A,emi20250203t045947p04016,1,0.792389753778625,0.400052576336041
551517,emi20250211t064529p05009-A,emi20250211t064529p05009,1,0.8619723088687915,0.400052576336041
551518,emi20250203t045947p04016-A,emi20250203t045947p04016,1,0.9011363851203298,0.400052576336041
551519,emi20250211t064529p05009-A,emi20250211t064529p05009,1,0.9338250469790758,0.400052576336041
551520,emi20250203t045947p04016-A,emi20250203t045947p04016,1,0.9162756605858663,0.400052576336041
551521,emi20250211t064529p05009-A,emi20250211t064529p05009,1,0.8898578059500316,0.400052576336041
551522,emi20250203t045947p04016-A,emi20250203t045947p04016,0,0.05409976811802274,0.400052576336041
551523,emi20250211t064529p05009-A,emi20250211t064529p05009,1,0.8613557544264016,0.400052576336041
551524,emi20250203t045947p04016-A,emi20250203t045947p04016,0,0.050558987354729704,0.400052576336041
551525,emi20250211t064529p05009-A,emi20250211t064529p05009,1,0.9112207851161338,0.400052576336041
551526,emi20250203t045947p04016-A,emi20250203t045947p04016,0,0.002078796897622332,0.400052576336041
551527,emi20250211t064529p05009-A,emi20250211t064529p05009,1,0.8329307186853229,0.400052576336041
551528,emi20250203t045947p04016-A,emi20250203t045947p04016,0,0.011243847669487047,0.400052576336041
551529,emi20250211t064529p05009-A,emi20250211t064529p05009,1,0.8486464099184422,0.400052576336041
551530,emi20250203t045947p04016-A,emi20250203t045947p04016,0,0.0013315102326858371,0.400052576336041
551531,emi20250211t064529p05009-A,emi20250211t064529p05009,1,0.8762065818321036,0.400052576336041
551532,emi20250203t045947p04016-A,emi20250203t045947p04016,0,0.026452128285539066,0.400052576336041
551533,emi20250211t064529p05009-A,emi20250211t064529p05009,1,0.9015673634529335,0.400052576336041
551534,emi20250203t045947p04016-A,emi20250203t045947p04016,0,0.013526553620995188,0.400052576336041
551535,emi20250211t064529p05009-A,emi20250211t064529p05009,1,0.8988071915906646,0.400052576336041
551536,emi20250203t045947p04016-A,emi20250203t045947p04016,0,0.021287323228641422,0.400052576336041
551537,emi20250211t064529p05009-A,emi20250211t064529p05009,1,0.8409281804577353,0.400052576336041
551538,emi20250203t045947p04016-A,emi20250203t045947p04016,0,0.058509653471453,0.400052576336041
551539,emi20250211t064529p05009-A,emi20250211t064529p05009,1,0.8457057881521907,0.400052576336041
551540,emi20250203t045947p04016-A,emi20250203t045947p04016,0,0.0022079612049579586,0.400052576336041
551541,emi20250211t064529p05009-A,emi20250211t064529p05009,1,0.8484489558092589,0.400052576336041
551542,emi20250203t045947p04016-A,emi20250203t045947p04016,0,0.09009924591187717,0.400052576336041
551543,emi20250211t064529p05009-A,emi20250211t064529p05009,1,0.85825455793818,0.400052576336041
551544,emi20250203t045947p04016-A,emi20250203t045947p04016,0,0.0059926057111495375,0.400052576336041
551545,emi20250211t064529p05009-A,emi20250211t064529p05009,0,0.005951256014529258,0.400052576336041
551546,emi20250203t045947p04016-A,emi20250203t045947p04016,0,0.01107762627282808,0.400052576336041
551547,emi20250211t064529p05009-A,emi20250211t064529p05009,0,0.7204975726910327,0.400052576336041
551548,emi20250203t045947p04016-A,emi20250203t045947p04016,0,0.017452520246741446,0.400052576336041
551549,emi20250211t064529p05009-A,emi20250211t064529p05009,0,0.47246692684914554,0.400052576336041
551550,emi20250203t045947p04016-A,emi20250203t045947p04016,0,0.006817181143762722,0.400052576336041
551551,emi20250211t064529p05009-A,emi20250211t064529p05009,0,0.9616514264818763,0.400052576336041
551552,emi20250203t045947p04016-A,emi20250203t045947p04016,0,0.6891819450789445,0.400052576336041
551553,emi20250211t064529p05009-A,emi20250211t064529p05009,0,0.0617759996880693,0.400052576336041
551554,emi20250211t064529p05009-A,emi20250211t064529p05009,0,0.04955681136811832,0.400052576336041
551555,emi20250211t064529p05009-A,emi20250211t064529p05009,0,0.11759076391578237,0.400052576336041
551856,emi20250211t064529p05009-A,emi20250211t064529p05009,0,0.829289735401158,0.400052576336041
551857,emi20250211t064529p05009-A,emi20250211t064529p05009,0,0.9098037601813865,0.400052576336041
551858,emi20250211t064529p05009-A,emi20250211t064529p05009,0,0.10341335143683279,0.400052576336041
551859,emi20250218t060155p04034-A,emi20250218t060155p04034,1,0.9413700217050652,0.400052576336041
551860,emi20250211t064529p05009-A,emi20250211t064529p05009,0,0.9342061495302044,0.400052576336041
551861,emi20250218t060155p04034-A,emi20250218t060155p04034,1,0.8808482177205632,0.400052576336041
551862,emi20250211t064529p05009-A,emi20250211t064529p05009,0,0.6486512545665398,0.400052576336041
551863,emi20250218t060155p04034-A,emi20250218t060155p04034,1,0.9293931982142438,0.400052576336041
551864,emi20250211t064529p05009-A,emi20250211t064529p05009,0,0.03610290427132061,0.400052576336041
551865,emi20250218t060155p04034-A,emi20250218t060155p04034,1,0.9555729565575186,0.400052576336041
551866,emi20250211t064529p05009-A,emi20250211t064529p05009,0,0.9687654291052026,0.400052576336041
551867,emi20250218t060155p04034-A,emi20250218t060155p04034,1,0.9307181337078938,0.400052576336041
551868,emi20250211t064529p05009-A,emi20250211t064529p05009,0,0.9275018518077731,0.400052576336041
551869,emi20250218t060155p04034-A,emi20250218t060155p04034,1,0.9248602098435698,0.400052576336041
551870,emi20250211t064529p05009-A,emi20250211t064529p05009,0,0.4630568273080045,0.400052576336041
551871,emi20250218t060155p04034-A,emi20250218t060155p04034,1,0.8687883699825374,0.400052576336041
551872,emi20250218t060155p04034-A,emi20250218t060155p04034,1,0.9250381793177915,0.400052576336041
551873,emi20250218t060155p04034-A,emi20250218t060155p04034,1,0.9227752631970305,0.400052576336041
551874,emi20250218t060155p04034-A,emi20250218t060155p04034,1,0.9413964347697963,0.400052576336041
551978,emi20250218t060155p04034-A,emi20250218t060155p04034,1,0.9341235965599737,0.400052576336041
551980,emi20250218t060155p04034-A,emi20250218t060155p04034,1,0.8808482177205632,0.400052576336041
551982,emi20250220t090527p06030-B,emi20250220t090527p06030,0,0.30492161701344667,0.400052576336041
551983,emi20250218t060155p04034-A,emi20250218t060155p04034,1,0.9297383467496211,0.400052576336041
551984,emi20250220t090527p06030-B,emi20250220t090527p06030,0,0.620179172683864,0.400052576336041
551985,emi20250218t060155p04034-A,emi20250218t060155p04034,1,0.8444108498210776,0.400052576336041
551995,emi20250218t060155p04034-A,emi20250218t060155p04034,1,0.8453045224837359,0.400052576336041
551996,emi20250220t090527p06030-B,emi20250220t090527p06030,0,0.04432328586081439,0.400052576336041
551997,emi20250218t060155p04034-A,emi20250218t060155p04034,1,0.905410451267817,0.400052576336041
552005,emi20250218t060155p04034-A,emi20250218t060155p04034,0,0.0420017486178255,0.400052576336041
552006,emi20250220t090527p06030-B,emi20250220t090527p06030,0,0.05524544308035445,0.400052576336041
552007,emi20250218t060155p04034-A,emi20250218t060155p04034,0,0.00981687103062128,0.400052576336041
552010,emi20250218t060155p04034-A,emi20250218t060155p04034,0,0.37671496095619617,0.400052576336041
552014,emi20250218t060155p04034-A,emi20250218t060155p04034,0,0.7948618059987779,0.400052576336041
552018,emi20250218t060155p04034-A,emi20250218t060155p04034,0,0.024524428919797267,0.400052576336041
552019,emi20250220t090527p06030-B,emi20250220t090527p06030,0,0.09438434346800864,0.400052576336041
552020,emi20250218t060155p04034-A,emi20250218t060155p04034,0,0.005972528806996625,0.400052576336041
552027,emi20250218t060155p04034-A,emi20250218t060155p04034,0,0.010345813387829026,0.400052576336041
552031,emi20250218t060155p04034-A,emi20250218t060155p04034,0,0.007268021482957685,0.400052576336041
552033,emi20250220t090527p06030-B,emi20250220t090527p06030,0,0.16007087712107707,0.400052576336041
552037,emi20250218t060155p04034-A,emi20250218t060155p04034,0,0.007653196559361308,0.400052576336041
552043,emi20250220t090527p06030-B,emi20250220t090527p06030,0,0.07059346456892378,0.400052576336041
552046,emi20250218t060155p04034-A,emi20250218t060155p04034,0,0.1828583000222871,0.400052576336041
552049,emi20250218t060155p04034-A,emi20250218t060155p04034,0,0.0347284688964022,0.400052576336041
552051,emi20250218t060155p04034-A,emi20250218t060155p04034,0,0.6275182346099062,0.400052576336041
552154,emi20250218t060155p04034-A,emi20250218t060155p04034,0,0.00116107110066909,0.400052576336041
552161,emi20250220t090527p06030-C,emi20250220t090527p06030,0,0.40469973984293756,0.400052576336041
552162,emi20250218t060155p04034-A,emi20250218t060155p04034,0,0.005040567350658224,0.400052576336041
552167,emi20250218t060155p04034-A,emi20250218t060155p04034,0,0.001899830556333721,0.400052576336041
552175,emi20250220t090527p06030-C,emi20250220t090527p06030,0,0.34061432602002273,0.400052576336041
552176,emi20250218t060155p04034-A,emi20250218t060155p04034,0,0.007649294886431159,0.400052576336041
552197,emi20250220t090527p06030-C,emi20250220t090527p06030,0,0.4404372723578564,0.400052576336041
552218,emi20250220t090527p06030-C,emi20250220t090527p06030,0,0.14828599192156092,0.400052576336041
552329,emi20250221t064447p05008-B,emi20250221t064447p05008,0,0.11717252996856614,0.400052576336041
552333,emi20250220t090527p06030-C,emi20250220t090527p06030,0,0.14290086463415744,0.400052576336041
552343,emi20250221t064447p05008-B,emi20250221t064447p05008,0,0.01366864717952372,0.400052576336041
552365,emi20250220t090527p06030-C,emi20250220t090527p06030,0,0.021262621967011258,0.400052576336041
552373,emi20250221t064447p05008-B,emi20250221t064447p05008,0,0.023940655654296,0.400052576336041
552378,emi20250220t090527p06030-C,emi20250220t090527p06030,0,0.012809519226284946,0.400052576336041
552383,emi20250221t064447p05008-B,emi20250221t064447p05008,0,0.1131737466252461,0.400052576336041
552395,emi20250221t064447p05008-B,emi20250221t064447p05008,0,0.01414356028638046,0.400052576336041
552410,emi20250220t090527p06030-C,emi20250220t090527p06030,0,0.31846746988044944,0.400052576336041
552413,emi20250221t064447p05008-B,emi20250221t064447p05008,0,0.016582288644852797,0.400052576336041
552424,emi20250221t064447p05008-B,emi20250221t064447p05008,0,0.9639802706695862,0.400052576336041
552434,emi20250221t064447p05008-B,emi20250221t064447p05008,0,0.5683872174165656,0.400052576336041
552443,emi20250221t064447p05008-B,emi20250221t064447p05008,0,0.008027821974631706,0.400052576336041
552447,emi20250220t090527p06030-C,emi20250220t090527p06030,0,0.049676359295714546,0.400052576336041
552453,emi20250221t064447p05008-B,emi20250221t064447p05008,0,0.03956740092306195,0.400052576336041
552454,emi20250221t064447p05008-B,emi20250221t064447p05008,0,0.4677516971567046,0.400052576336041
552460,emi20250221t064447p05008-B,emi20250221t064447p05008,0,0.922364485939627,0.400052576336041
552461,emi20250226t184259p12001-A,emi20250226t184259p12001,1,0.024608631596569064,0.400052576336041
552466,emi20250221t064447p05008-B,emi20250221t064447p05008,0,0.39950331460760236,0.400052576336041
552467,emi20250226t184259p12001-A,emi20250226t184259p12001,1,0.2501805494302672,0.400052576336041
552470,emi20250221t064447p05008-B,emi20250221t064447p05008,0,0.034930460721859485,0.400052576336041
552471,emi20250226t184259p12001-A,emi20250226t184259p12001,1,0.16092571576984954,0.400052576336041
552481,emi20250221t064447p05008-B,emi20250221t064447p05008,0,0.11953885915959278,0.400052576336041
552482,emi20250226t184259p12001-A,emi20250226t184259p12001,1,0.0030310254362669754,0.400052576336041
552483,emi20250221t064447p05008-B,emi20250221t064447p05008,0,0.018053518832612463,0.400052576336041
552484,emi20250226t184259p12001-A,emi20250226t184259p12001,1,0.005179152576889611,0.400052576336041
552485,emi20250226t184259p12001-A,emi20250226t184259p12001,1,0.1668326222981201,0.400052576336041
552486,emi20250226t184259p12001-A,emi20250226t184259p12001,1,0.0028493522553994827,0.400052576336041
552487,emi20250323t102746p07023-A,emi20250323t102746p07023,1,0.8718873086668971,0.400052576336041
552488,emi20250226t184259p12001-A,emi20250226t184259p12001,1,0.011586061145226811,0.400052576336041
552489,emi20250323t102746p07023-A,emi20250323t102746p07023,1,0.930725488314274,0.400052576336041
552490,emi20250226t184259p12001-A,emi20250226t184259p12001,1,0.06537298310946285,0.400052576336041
552491,emi20250323t102746p07023-A,emi20250323t102746p07023,1,0.85687583226684,0.400052576336041
552492,emi20250226t184259p12001-A,emi20250226t184259p12001,1,0.03858816802939141,0.400052576336041
552493,emi20250323t102746p07023-A,emi20250323t102746p07023,1,0.7978271719165594,0.400052576336041
552494,emi20250226t184259p12001-A,emi20250226t184259p12001,1,0.005179152576889611,0.400052576336041
552495,emi20250323t102746p07023-A,emi20250323t102746p07023,1,0.9878914835275776,0.400052576336041
552496,emi20250226t184259p12001-A,emi20250226t184259p12001,1,0.04676200618886671,0.400052576336041
552497,emi20250323t102746p07023-A,emi20250323t102746p07023,1,0.9419263543702616,0.400052576336041
552498,emi20250226t184259p12001-A,emi20250226t184259p12001,1,0.0013666021227466952,0.400052576336041
552499,emi20250323t102746p07023-A,emi20250323t102746p07023,1,0.9644763668135949,0.400052576336041
552500,emi20250226t184259p12001-A,emi20250226t184259p12001,1,0.0030310254362669754,0.400052576336041
552501,emi20250323t102746p07023-A,emi20250323t102746p07023,1,0.9704034818233274,0.400052576336041
552502,emi20250226t184259p12001-A,emi20250226t184259p12001,1,0.002253217662622709,0.400052576336041
552503,emi20250323t102746p07023-A,emi20250323t102746p07023,1,0.9388910040669243,0.400052576336041
552504,emi20250226t184259p12001-A,emi20250226t184259p12001,1,0.0035561111940808137,0.400052576336041
552505,emi20250323t102746p07023-A,emi20250323t102746p07023,1,0.9650334404807964,0.400052576336041
552506,emi20250226t184259p12001-A,emi20250226t184259p12001,0,0.0019996310974237015,0.400052576336041
552507,emi20250323t102746p07023-A,emi20250323t102746p07023,1,0.9552491739814418,0.400052576336041
552508,emi20250226t184259p12001-A,emi20250226t184259p12001,0,0.003085893686979412,0.400052576336041
552509,emi20250323t102746p07023-A,emi20250323t102746p07023,1,0.9878914835275776,0.400052576336041
552510,emi20250226t184259p12001-A,emi20250226t184259p12001,0,0.5404550174350133,0.400052576336041
552511,emi20250323t102746p07023-A,emi20250323t102746p07023,1,0.9578555958208218,0.400052576336041
552512,emi20250226t184259p12001-A,emi20250226t184259p12001,0,0.0042559897340674795,0.400052576336041
552513,emi20250323t102746p07023-A,emi20250323t102746p07023,1,0.977829018886586,0.400052576336041
552514,emi20250226t184259p12001-A,emi20250226t184259p12001,0,0.006311487086671638,0.400052576336041
552515,emi20250323t102746p07023-A,emi20250323t102746p07023,1,0.897795245529906,0.400052576336041
552516,emi20250226t184259p12001-A,emi20250226t184259p12001,0,0.0038108448391194942,0.400052576336041
552517,emi20250323t102746p07023-A,emi20250323t102746p07023,1,0.9704034818233274,0.400052576336041
552518,emi20250226t184259p12001-A,emi20250226t184259p12001,0,0.001199761925887793,0.400052576336041
552520,emi20250226t184259p12001-A,emi20250226t184259p12001,0,0.0011886519855564273,0.400052576336041
552521,emi20250323t102746p07023-A,emi20250323t102746p07023,0,0.05747545667458367,0.400052576336041
552522,emi20250226t184259p12001-A,emi20250226t184259p12001,0,0.0033964684340883227,0.400052576336041
552524,emi20250226t184259p12001-A,emi20250226t184259p12001,0,0.0022823886646584804,0.400052576336041
552526,emi20250226t184259p12001-A,emi20250226t184259p12001,0,0.0027713770995866837,0.400052576336041
552527,emi20250323t102746p07023-A,emi20250323t102746p07023,0,0.19924495988062282,0.400052576336041
552528,emi20250226t184259p12001-A,emi20250226t184259p12001,0,0.08116128773313304,0.400052576336041
552529,emi20250323t102746p07023-A,emi20250323t102746p07023,0,0.10295472398478496,0.400052576336041
552530,emi20250226t184259p12001-A,emi20250226t184259p12001,0,0.0021885625240194626,0.400052576336041
552531,emi20250323t102746p07023-A,emi20250323t102746p07023,0,0.13636511308622717,0.400052576336041
552532,emi20250226t184259p12001-A,emi20250226t184259p12001,0,0.0006445832060531152,0.400052576336041
552534,emi20250226t184259p12001-A,emi20250226t184259p12001,0,0.0011177276002625254,0.400052576336041
552536,emi20250226t184259p12001-A,emi20250226t184259p12001,0,0.0023624881207405576,0.400052576336041
552538,emi20250323t102746p07023-A,emi20250323t102746p07023,0,0.04161365100403741,0.400052576336041
552539,emi20250323t102746p07023-A,emi20250323t102746p07023,0,0.0591934105059864,0.400052576336041
552643,emi20250323t102746p07023-B,emi20250323t102746p07023,0,0.22055532454197074,0.400052576336041
552650,emi20250323t102746p07023-A,emi20250323t102746p07023,0,0.9410104794457603,0.400052576336041
552657,emi20250323t102746p07023-B,emi20250323t102746p07023,0,0.2518529607371489,0.400052576336041
552673,emi20250323t102746p07023-B,emi20250323t102746p07023,0,0.39758581995516934,0.400052576336041
552686,emi20250324t203622p13008-A,emi20250324t203622p13008,1,0.9626282300011562,0.400052576336041
552693,emi20250323t102746p07023-B,emi20250323t102746p07023,0,0.2547299827773548,0.400052576336041
552694,emi20250324t203622p13008-A,emi20250324t203622p13008,1,0.9660174374483718,0.400052576336041
552701,emi20250323t102746p07023-B,emi20250323t102746p07023,0,0.17639456684831076,0.400052576336041
552702,emi20250324t203622p13008-A,emi20250324t203622p13008,1,0.963182936143959,0.400052576336041
552720,emi20250323t102746p07023-B,emi20250323t102746p07023,0,0.01452986658268217,0.400052576336041
552721,emi20250324t203622p13008-A,emi20250324t203622p13008,1,0.9673792089465693,0.400052576336041
552726,emi20250324t203622p13008-A,emi20250324t203622p13008,1,0.9562724954141004,0.400052576336041
552727,emi20250323t102746p07023-B,emi20250323t102746p07023,0,0.10645723750971049,0.400052576336041
552728,emi20250324t203622p13008-A,emi20250324t203622p13008,1,0.9721661486103,0.400052576336041
552734,emi20250324t203622p13008-A,emi20250324t203622p13008,1,0.9690388129657161,0.400052576336041
552736,emi20250324t203622p13008-A,emi20250324t203622p13008,1,0.9761156844487693,0.400052576336041
552750,emi20250323t102746p07023-B,emi20250323t102746p07023,0,0.046107695355687574,0.400052576336041
552751,emi20250324t203622p13008-A,emi20250324t203622p13008,1,0.9679474117529484,0.400052576336041
552754,emi20250323t102746p07023-B,emi20250323t102746p07023,0,0.15789098706360208,0.400052576336041
552755,emi20250324t203622p13008-A,emi20250324t203622p13008,1,0.9689872686685213,0.400052576336041
552756,emi20250324t203622p13008-A,emi20250324t203622p13008,1,0.9664478018308814,0.400052576336041
552757,emi20250324t203622p13008-A,emi20250324t203622p13008,1,0.9735812433727629,0.400052576336041
552867,emi20250324t203622p13008-A,emi20250324t203622p13008,1,0.9710584976589409,0.400052576336041
552877,emi20250324t203622p13008-A,emi20250324t203622p13008,1,0.9695847566815937,0.400052576336041
552888,emi20250324t203622p13008-A,emi20250324t203622p13008,1,0.9700316732284545,0.400052576336041
552891,emi20250324t203622p13008-A,emi20250324t203622p13008,1,0.9527068969787442,0.400052576336041
552897,emi20250324t203634p13009-A,emi20250324t203634p13009,0,0.3995368847392578,0.400052576336041
552898,emi20250324t203622p13008-A,emi20250324t203622p13008,0,0.04995644178498344,0.400052576336041
552928,emi20250324t203634p13009-A,emi20250324t203634p13009,0,0.0018398342536526523,0.400052576336041
552929,emi20250324t203622p13008-A,emi20250324t203622p13008,0,0.01983248278101812,0.400052576336041
552970,emi20250324t203622p13008-A,emi20250324t203622p13008,0,0.7592477849085927,0.400052576336041
552995,emi20250324t203622p13008-A,emi20250324t203622p13008,0,0.00823752625777556,0.400052576336041
553004,emi20250324t203622p13008-A,emi20250324t203622p13008,0,0.013485976685926226,0.400052576336041
553011,emi20250324t203622p13008-A,emi20250324t203622p13008,0,0.013435867134377031,0.400052576336041
553031,emi20250324t203622p13008-A,emi20250324t203622p13008,0,0.3128226155997185,0.400052576336041
553039,emi20250324t203622p13008-A,emi20250324t203622p13008,0,0.15393442539771904,0.400052576336041
553070,emi20250324t203622p13008-A,emi20250324t203622p13008,0,0.11331329108897338,0.400052576336041
553071,emi20250324t203622p13008-A,emi20250324t203622p13008,0,0.024343948612183756,0.400052576336041
553072,emi20250324t203622p13008-A,emi20250324t203622p13008,0,0.010925606797471213,0.400052576336041
553173,emi20250324t203634p13009-B,emi20250324t203634p13009,0,0.5221811077385508,0.400052576336041
553175,emi20250324t203622p13008-A,emi20250324t203622p13008,0,0.0007207222796842653,0.400052576336041
553178,emi20250324t203622p13008-A,emi20250324t203622p13008,0,0.0010914801235058853,0.400052576336041
553180,emi20250324t203634p13009-B,emi20250324t203634p13009,0,0.37912477319046345,0.400052576336041
553181,emi20250324t203622p13008-A,emi20250324t203622p13008,0,0.054887446458254045,0.400052576336041
553185,emi20250324t203634p13009-B,emi20250324t203634p13009,0,0.6842851670859266,0.400052576336041
553186,emi20250324t203622p13008-A,emi20250324t203622p13008,0,0.0007716352506915779,0.400052576336041
553187,emi20250324t203634p13009-B,emi20250324t203634p13009,0,0.0014468501760616125,0.400052576336041
553188,emi20250324t203622p13008-A,emi20250324t203622p13008,0,0.694131710466526,0.400052576336041
553190,emi20250324t203634p13009-B,emi20250324t203634p13009,0,0.002433834272531102,0.400052576336041
553312,emi20250324t203634p13009-B,emi20250324t203634p13009,0,0.009512217319515725,0.400052576336041
553315,emi20250324t203634p13009-B,emi20250324t203634p13009,0,0.0007178096027105954,0.400052576336041
553321,emi20250324t203634p13009-D,emi20250324t203634p13009,0,0.0022467020959085343,0.400052576336041
553328,emi20250324t203634p13009-D,emi20250324t203634p13009,0,0.0016554301069196804,0.400052576336041
553332,emi20250324t203634p13009-B,emi20250324t203634p13009,0,0.013955589691631477,0.400052576336041
553335,emi20250324t203634p13009-D,emi20250324t203634p13009,0,0.741119591482979,0.400052576336041
553337,emi20250324t203634p13009-B,emi20250324t203634p13009,0,0.8449857112356235,0.400052576336041
553344,emi20250420t182309p12030-B,emi20250420t182309p12030,1,0.20867858514625642,0.400052576336041
553347,emi20250324t203634p13009-D,emi20250324t203634p13009,0,0.0006040370828924876,0.400052576336041
553348,emi20250420t182309p12030-B,emi20250420t182309p12030,1,0.8963931108271748,0.400052576336041
553350,emi20250420t182309p12030-B,emi20250420t182309p12030,1,0.4342038104745258,0.400052576336041
553352,emi20250420t182309p12030-B,emi20250420t182309p12030,1,0.4425144553272968,0.400052576336041
553354,emi20250420t182309p12030-B,emi20250420t182309p12030,1,0.5716974733377446,0.400052576336041
553357,emi20250420t182309p12030-B,emi20250420t182309p12030,1,0.19185758186519308,0.400052576336041
553364,emi20250324t203634p13009-D,emi20250324t203634p13009,0,0.7879308561868993,0.400052576336041
553365,emi20250420t182309p12030-B,emi20250420t182309p12030,1,0.577418864887457,0.400052576336041
553366,emi20250420t182309p12030-B,emi20250420t182309p12030,1,0.5282104023075036,0.400052576336041
553367,emi20250420t182309p12030-B,emi20250420t182309p12030,1,0.7910953094923575,0.400052576336041
553368,emi20250517t121848p08011-A,emi20250517t121848p08011,1,0.7517773544847788,0.400052576336041
553369,emi20250420t182309p12030-B,emi20250420t182309p12030,1,0.4317799582627032,0.400052576336041
553370,emi20250517t121848p08011-A,emi20250517t121848p08011,1,0.8869154793588961,0.400052576336041
553371,emi20250420t182309p12030-B,emi20250420t182309p12030,1,0.19185758186519308,0.400052576336041
553372,emi20250517t121848p08011-A,emi20250517t121848p08011,1,0.9033632224329774,0.400052576336041
553373,emi20250420t182309p12030-B,emi20250420t182309p12030,1,0.6234827545810926,0.400052576336041
553374,emi20250517t121848p08011-A,emi20250517t121848p08011,1,0.9334633164646139,0.400052576336041
553375,emi20250420t182309p12030-B,emi20250420t182309p12030,1,0.32075249371764164,0.400052576336041
553376,emi20250517t121848p08011-A,emi20250517t121848p08011,1,0.8041591344363523,0.400052576336041
553377,emi20250420t182309p12030-B,emi20250420t182309p12030,1,0.8747029240521469,0.400052576336041
553378,emi20250517t121848p08011-A,emi20250517t121848p08011,1,0.6505267421113694,0.400052576336041
553379,emi20250420t182309p12030-B,emi20250420t182309p12030,1,0.4317799582627032,0.400052576336041
553380,emi20250420t182309p12030-B,emi20250420t182309p12030,1,0.3224322367891879,0.400052576336041
553381,emi20250517t121848p08011-A,emi20250517t121848p08011,1,0.7108853648335466,0.400052576336041
553382,emi20250420t182309p12030-B,emi20250420t182309p12030,0,0.3403298535048201,0.400052576336041
553383,emi20250517t121848p08011-A,emi20250517t121848p08011,1,0.8203021117358672,0.400052576336041
553385,emi20250420t182309p12030-B,emi20250420t182309p12030,0,0.01934168769832551,0.400052576336041
553386,emi20250517t121848p08011-A,emi20250517t121848p08011,1,0.8874803535501774,0.400052576336041
553387,emi20250420t182309p12030-B,emi20250420t182309p12030,0,0.3135068749367371,0.400052576336041
553388,emi20250517t121848p08011-A,emi20250517t121848p08011,1,0.8314322997149349,0.400052576336041
553389,emi20250420t182309p12030-B,emi20250420t182309p12030,0,0.16637837410754225,0.400052576336041
553390,emi20250517t121848p08011-A,emi20250517t121848p08011,1,0.8882265551674289,0.400052576336041
553391,emi20250420t182309p12030-B,emi20250420t182309p12030,0,0.018165820703159075,0.400052576336041
553392,emi20250517t121848p08011-A,emi20250517t121848p08011,1,0.8378075383838384,0.400052576336041
553393,emi20250420t182309p12030-B,emi20250420t182309p12030,0,0.7715525464096921,0.400052576336041
553394,emi20250517t121848p08011-A,emi20250517t121848p08011,1,0.9412406804025932,0.400052576336041
553396,emi20250420t182309p12030-B,emi20250420t182309p12030,0,0.08131789992018255,0.400052576336041
553397,emi20250517t121848p08011-A,emi20250517t121848p08011,1,0.7573609991289512,0.400052576336041
553400,emi20250420t182309p12030-B,emi20250420t182309p12030,0,0.4812180451705068,0.400052576336041
553401,emi20250517t121848p08011-A,emi20250517t121848p08011,1,0.9453702326164349,0.400052576336041
553402,emi20250420t182309p12030-B,emi20250420t182309p12030,0,0.4861488638134505,0.400052576336041
553403,emi20250517t121848p08011-A,emi20250517t121848p08011,1,0.8403090076345671,0.400052576336041
553404,emi20250420t182309p12030-B,emi20250420t182309p12030,0,0.13273219168915565,0.400052576336041
553405,emi20250517t121848p08011-A,emi20250517t121848p08011,0,0.7577544470082813,0.400052576336041
553406,emi20250420t182309p12030-B,emi20250420t182309p12030,0,0.4664364311516129,0.400052576336041
553407,emi20250517t121848p08011-A,emi20250517t121848p08011,0,0.9615729520348331,0.400052576336041
553409,emi20250420t182309p12030-B,emi20250420t182309p12030,0,0.022850116270955217,0.400052576336041
553410,emi20250517t121848p08011-A,emi20250517t121848p08011,0,0.41234474402082333,0.400052576336041
553411,emi20250420t182309p12030-B,emi20250420t182309p12030,0,0.13655387818726095,0.400052576336041
553412,emi20250517t121848p08011-A,emi20250517t121848p08011,0,0.8667568428433036,0.400052576336041
553414,emi20250420t182309p12030-B,emi20250420t182309p12030,0,0.6964107153415708,0.400052576336041
553415,emi20250517t121848p08011-A,emi20250517t121848p08011,0,0.8186445190024285,0.400052576336041
553416,emi20250420t182309p12030-B,emi20250420t182309p12030,0,0.04323346063956109,0.400052576336041
553417,emi20250517t121848p08011-A,emi20250517t121848p08011,0,0.5057076901524382,0.400052576336041
553419,emi20250420t182309p12030-B,emi20250420t182309p12030,0,0.0032642508362295598,0.400052576336041
553420,emi20250517t121848p08011-A,emi20250517t121848p08011,0,0.8633262295232167,0.400052576336041
553421,emi20250517t121848p08011-A,emi20250517t121848p08011,0,0.7245883946333004,0.400052576336041
553422,emi20250517t121848p08011-A,emi20250517t121848p08011,0,0.6704710644275508,0.400052576336041
553534,emi20250517t121848p08011-A,emi20250517t121848p08011,0,0.7885388096881814,0.400052576336041
553586,emi20250518t033225p03004-A,emi20250518t033225p03004,0,0.0009116122679389909,0.400052576336041
553587,emi20250517t121848p08011-A,emi20250517t121848p08011,0,0.792271853938168,0.400052576336041
553621,emi20250517t121848p08011-A,emi20250517t121848p08011,0,0.7671398051771849,0.400052576336041
553726,emi20250517t121848p08011-A,emi20250517t121848p08011,0,0.4237325371314097,0.400052576336041
553727,emi20250517t121848p08011-A,emi20250517t121848p08011,0,0.8434188635791209,0.400052576336041
553729,emi20250517t121848p08011-A,emi20250517t121848p08011,0,0.8909850496470857,0.400052576336041
553731,emi20250517t121848p08011-A,emi20250517t121848p08011,0,0.11170540808000595,0.400052576336041
553735,emi20250518t033225p03004-C,emi20250518t033225p03004,1,0.9288968819955103,0.400052576336041
553740,emi20250518t033225p03004-B,emi20250518t033225p03004,1,0.4329327753977742,0.400052576336041
553742,emi20250518t033225p03004-B,emi20250518t033225p03004,1,0.7730732284352546,0.400052576336041
553744,emi20250518t033225p03004-B,emi20250518t033225p03004,1,0.921337006224816,0.400052576336041
553746,emi20250518t033225p03004-B,emi20250518t033225p03004,1,0.6792756154999744,0.400052576336041
553752,emi20250518t033225p03004-B,emi20250518t033225p03004,1,0.523736300013565,0.400052576336041
553755,emi20250518t033225p03004-C,emi20250518t033225p03004,1,0.9288968819955103,0.400052576336041
553757,emi20250518t033225p03004-C,emi20250518t033225p03004,1,0.9675085270897016,0.400052576336041
553759,emi20250518t033225p03004-C,emi20250518t033225p03004,1,0.9648366834295885,0.400052576336041
553760,emi20250518t033225p03004-B,emi20250518t033225p03004,0,0.0015975622889191324,0.400052576336041
553766,emi20250518t033225p03004-B,emi20250518t033225p03004,0,0.0011153811990369524,0.400052576336041
553769,emi20250518t033225p03004-C,emi20250518t033225p03004,0,0.04439559602012603,0.400052576336041
553774,emi20250518t033225p03004-B,emi20250518t033225p03004,0,0.003625658640329678,0.400052576336041
553775,emi20250518t033225p03004-C,emi20250518t033225p03004,0,0.9841342781829814,0.400052576336041
553779,emi20250518t033225p03004-C,emi20250518t033225p03004,0,0.0025983477508304594,0.400052576336041
553781,emi20250518t033225p03004-C,emi20250518t033225p03004,0,0.001747809348938722,0.400052576336041
553784,emi20250518t033225p03004-B,emi20250518t033225p03004,0,0.001417644525518193,0.400052576336041
553786,emi20250518t033225p03004-B,emi20250518t033225p03004,0,0.0009740517783682045,0.400052576336041
553788,emi20250518t033225p03004-B,emi20250518t033225p03004,0,0.0007020389159657426,0.400052576336041
553791,emi20250518t033225p03004-C,emi20250518t033225p03004,0,0.004389871663733323,0.400052576336041
553794,emi20250518t033225p03004-D,emi20250518t033225p03004,1,0.8480118878826567,0.400052576336041
553796,emi20250518t033225p03004-D,emi20250518t033225p03004,1,0.9041109862683702,0.400052576336041
553800,emi20250518t033225p03004-D,emi20250518t033225p03004,1,0.7137597023845921,0.400052576336041
553801,emi20250522t095711p07002-A,emi20250522t095711p07002,1,0.6742880847466515,0.400052576336041
553803,emi20250522t095711p07002-A,emi20250522t095711p07002,1,0.381473958942286,0.400052576336041
553805,emi20250522t095711p07002-A,emi20250522t095711p07002,1,0.5094585772565932,0.400052576336041
553806,emi20250518t033225p03004-D,emi20250518t033225p03004,1,0.8721377178391782,0.400052576336041
553807,emi20250522t095711p07002-A,emi20250522t095711p07002,1,0.46559978600740215,0.400052576336041
553808,emi20250518t033225p03004-D,emi20250518t033225p03004,1,0.9244357082755625,0.400052576336041
553809,emi20250522t095711p07002-A,emi20250522t095711p07002,1,0.26094530730879634,0.400052576336041
553811,emi20250522t095711p07002-A,emi20250522t095711p07002,1,0.5533088174881445,0.400052576336041
553813,emi20250522t095711p07002-A,emi20250522t095711p07002,1,0.3892887105865577,0.400052576336041
553814,emi20250518t033225p03004-D,emi20250518t033225p03004,1,0.9294525720721414,0.400052576336041
553815,emi20250522t095711p07002-A,emi20250522t095711p07002,1,0.5777935587604972,0.400052576336041
553817,emi20250522t095711p07002-A,emi20250522t095711p07002,1,0.6330436332589653,0.400052576336041
553818,emi20250518t033225p03004-D,emi20250518t033225p03004,1,0.7836346420072876,0.400052576336041
553819,emi20250522t095711p07002-A,emi20250522t095711p07002,1,0.6520294567725249,0.400052576336041
553820,emi20250518t033225p03004-D,emi20250518t033225p03004,0,0.002162288319795398,0.400052576336041
553821,emi20250522t095711p07002-A,emi20250522t095711p07002,1,0.5978989014046683,0.400052576336041
553822,emi20250518t033225p03004-D,emi20250518t033225p03004,0,0.008366374957600047,0.400052576336041
553823,emi20250522t095711p07002-A,emi20250522t095711p07002,1,0.6193259686660552,0.400052576336041
553825,emi20250522t095711p07002-A,emi20250522t095711p07002,1,0.5371232484128615,0.400052576336041
553826,emi20250518t033225p03004-D,emi20250518t033225p03004,0,0.1475774996643028,0.400052576336041
553827,emi20250522t095711p07002-A,emi20250522t095711p07002,1,0.686722169721631,0.400052576336041
553829,emi20250522t095711p07002-A,emi20250522t095711p07002,1,0.5440754355075431,0.400052576336041
553830,emi20250518t033225p03004-D,emi20250518t033225p03004,0,0.4813959911063666,0.400052576336041
553831,emi20250522t095711p07002-A,emi20250522t095711p07002,1,0.607685660676049,0.400052576336041
553837,emi20250522t095711p07002-A,emi20250522t095711p07002,0,0.5480310884162168,0.400052576336041
553839,emi20250522t095711p07002-A,emi20250522t095711p07002,0,0.033057237759888225,0.400052576336041
553841,emi20250522t095711p07002-A,emi20250522t095711p07002,0,0.01901538098663491,0.400052576336041
553843,emi20250522t095711p07002-A,emi20250522t095711p07002,0,0.46068273292509027,0.400052576336041
553844,emi20250522t095711p07002-A,emi20250522t095711p07002,0,0.620587378477765,0.400052576336041
553849,emi20250522t095711p07002-A,emi20250522t095711p07002,0,0.05923732402974339,0.400052576336041
553853,emi20250522t095711p07002-A,emi20250522t095711p07002,0,0.5833159087863384,0.400052576336041
553856,emi20250522t095711p07002-A,emi20250522t095711p07002,0,0.05547698218293429,0.400052576336041
553858,emi20250522t095711p07002-A,emi20250522t095711p07002,0,0.7161375133567963,0.400052576336041
553861,emi20250522t095711p07002-A,emi20250522t095711p07002,0,0.8130841492719082,0.400052576336041
553863,emi20250522t095711p07002-A,emi20250522t095711p07002,0,0.29341900983914593,0.400052576336041
553864,emi20250522t095711p07002-A,emi20250522t095711p07002,0,0.021488041660060315,0.400052576336041
553865,emi20250522t095711p07002-A,emi20250522t095711p07002,0,0.4359340849466385,0.400052576336041
553866,emi20250526t082401p06008-A,emi20250526t082401p06008,1,0.0182910054278321,0.400052576336041
553871,emi20250522t095711p07002-A,emi20250522t095711p07002,0,0.15031801085768232,0.400052576336041
553872,emi20250526t082401p06008-A,emi20250526t082401p06008,1,0.049202488654664575,0.400052576336041
553873,emi20250522t095711p07002-A,emi20250522t095711p07002,0,0.6358662721051861,0.400052576336041
553874,emi20250526t082401p06008-A,emi20250526t082401p06008,1,0.027723408983468145,0.400052576336041
553876,emi20250522t095711p07002-A,emi20250522t095711p07002,0,0.03890380253728891,0.400052576336041
553877,emi20250526t082401p06008-A,emi20250526t082401p06008,1,0.02894498891382384,0.400052576336041
553878,emi20250526t082401p06008-A,emi20250526t082401p06008,1,0.1554915413553938,0.400052576336041
553879,emi20250526t082401p06008-A,emi20250526t082401p06008,1,0.023515449911997402,0.400052576336041
553880,emi20250526t082401p06008-A,emi20250526t082401p06008,1,0.044635287316909494,0.400052576336041
553881,emi20250527t091223p06030-A,emi20250527t091223p06030,1,0.9735477213730864,0.400052576336041
553882,emi20250526t082401p06008-A,emi20250526t082401p06008,1,0.116099385948798,0.400052576336041
553883,emi20250527t091223p06030-A,emi20250527t091223p06030,1,0.9604232070089912,0.400052576336041
553884,emi20250526t082401p06008-A,emi20250526t082401p06008,1,0.06982916789846257,0.400052576336041
553885,emi20250527t091223p06030-A,emi20250527t091223p06030,1,0.16751550679348867,0.400052576336041
553886,emi20250526t082401p06008-A,emi20250526t082401p06008,1,0.026409952147670685,0.400052576336041
553887,emi20250527t091223p06030-A,emi20250527t091223p06030,1,0.8493670074331418,0.400052576336041
553888,emi20250526t082401p06008-A,emi20250526t082401p06008,1,0.14179556251595912,0.400052576336041
553889,emi20250527t091223p06030-A,emi20250527t091223p06030,1,0.9506937309478525,0.400052576336041
553890,emi20250526t082401p06008-A,emi20250526t082401p06008,1,0.15233785733743496,0.400052576336041
553891,emi20250527t091223p06030-A,emi20250527t091223p06030,1,0.9603509740150541,0.400052576336041
553892,emi20250526t082401p06008-A,emi20250526t082401p06008,1,0.10129657986882017,0.400052576336041
553893,emi20250527t091223p06030-A,emi20250527t091223p06030,1,0.9637485579014198,0.400052576336041
553894,emi20250526t082401p06008-A,emi20250526t082401p06008,1,0.009090119567917682,0.400052576336041
553895,emi20250527t091223p06030-A,emi20250527t091223p06030,1,0.9597010025268888,0.400052576336041
553896,emi20250526t082401p06008-A,emi20250526t082401p06008,1,0.014232323943977708,0.400052576336041
553897,emi20250527t091223p06030-A,emi20250527t091223p06030,1,0.9044493395667417,0.400052576336041
553898,emi20250526t082401p06008-A,emi20250526t082401p06008,1,0.07225649613895167,0.400052576336041
553899,emi20250527t091223p06030-A,emi20250527t091223p06030,1,0.9418481518112288,0.400052576336041
553900,emi20250526t082401p06008-A,emi20250526t082401p06008,0,0.006377613257021622,0.400052576336041
553901,emi20250527t091223p06030-A,emi20250527t091223p06030,1,0.39247965427644665,0.400052576336041
553902,emi20250526t082401p06008-A,emi20250526t082401p06008,0,0.0033858581898345923,0.400052576336041
553903,emi20250527t091223p06030-A,emi20250527t091223p06030,1,0.20195635533658543,0.400052576336041
553904,emi20250526t082401p06008-A,emi20250526t082401p06008,0,0.005138613284535631,0.400052576336041
553905,emi20250527t091223p06030-A,emi20250527t091223p06030,1,0.924111024254518,0.400052576336041
553906,emi20250526t082401p06008-A,emi20250526t082401p06008,0,0.0013499705272664896,0.400052576336041
553907,emi20250527t091223p06030-A,emi20250527t091223p06030,1,0.9592033596877846,0.400052576336041
553908,emi20250526t082401p06008-A,emi20250526t082401p06008,0,0.008631696181579109,0.400052576336041
553909,emi20250527t091223p06030-A,emi20250527t091223p06030,1,0.9711775300645947,0.400052576336041
553910,emi20250526t082401p06008-A,emi20250526t082401p06008,0,0.006826502198508481,0.400052576336041
553911,emi20250527t091223p06030-A,emi20250527t091223p06030,1,0.9637485579014198,0.400052576336041
553912,emi20250526t082401p06008-A,emi20250526t082401p06008,0,0.044873474453604505,0.400052576336041
553913,emi20250527t091223p06030-A,emi20250527t091223p06030,0,0.14777063995585193,0.400052576336041
553914,emi20250526t082401p06008-A,emi20250526t082401p06008,0,0.03847629956816366,0.400052576336041
553915,emi20250527t091223p06030-A,emi20250527t091223p06030,0,0.02326018586542305,0.400052576336041
553916,emi20250526t082401p06008-A,emi20250526t082401p06008,0,0.004801561795134427,0.400052576336041
553917,emi20250527t091223p06030-A,emi20250527t091223p06030,0,0.016064415253284284,0.400052576336041
553918,emi20250526t082401p06008-A,emi20250526t082401p06008,0,0.004278048873495518,0.400052576336041
553919,emi20250527t091223p06030-A,emi20250527t091223p06030,0,0.013600736250661277,0.400052576336041
553920,emi20250526t082401p06008-A,emi20250526t082401p06008,0,0.015481016821863374,0.400052576336041
553921,emi20250527t091223p06030-A,emi20250527t091223p06030,0,0.030631888013091687,0.400052576336041
553922,emi20250526t082401p06008-A,emi20250526t082401p06008,0,0.3031994232197444,0.400052576336041
553923,emi20250527t091223p06030-A,emi20250527t091223p06030,0,0.007167213067449582,0.400052576336041
553924,emi20250526t082401p06008-A,emi20250526t082401p06008,0,0.3557548667039681,0.400052576336041
553925,emi20250527t091223p06030-A,emi20250527t091223p06030,0,0.03561415984012796,0.400052576336041
553926,emi20250526t082401p06008-A,emi20250526t082401p06008,0,0.0029392122258132284,0.400052576336041
553927,emi20250527t091223p06030-A,emi20250527t091223p06030,0,0.007100078360934172,0.400052576336041
553928,emi20250526t082401p06008-A,emi20250526t082401p06008,0,0.0017435810928934086,0.400052576336041
553929,emi20250527t091223p06030-A,emi20250527t091223p06030,0,0.02791206023711553,0.400052576336041
553930,emi20250526t082401p06008-A,emi20250526t082401p06008,0,0.0036617149755961177,0.400052576336041
553931,emi20250527t091223p06030-A,emi20250527t091223p06030,0,0.0012822767000994606,0.400052576336041
553932,emi20250527t091223p06030-A,emi20250527t091223p06030,0,0.00902175010154939,0.400052576336041
553933,emi20250527t091223p06030-A,emi20250527t091223p06030,0,0.0063750208454180736,0.400052576336041
553934,emi20250527t091223p06030-A,emi20250527t091223p06030,0,0.307547488384968,0.400052576336041
553935,emi20250528t052233p04048-A,emi20250528t052233p04048,1,0.9643468518298078,0.400052576336041
553936,emi20250527t091223p06030-A,emi20250527t091223p06030,0,0.025241453074357035,0.400052576336041
553937,emi20250528t052233p04048-A,emi20250528t052233p04048,1,0.8383176719980919,0.400052576336041
553938,emi20250527t091223p06030-A,emi20250527t091223p06030,0,0.013093461041973807,0.400052576336041
553940,emi20250527t091223p06030-A,emi20250527t091223p06030,0,0.004891469929017316,0.400052576336041
553943,emi20250528t052233p04048-A,emi20250528t052233p04048,1,0.9586098592125152,0.400052576336041
553944,emi20250528t052233p04048-A,emi20250528t052233p04048,1,0.9204330952093638,0.400052576336041
553946,emi20250528t052233p04048-A,emi20250528t052233p04048,1,0.9498397195205119,0.400052576336041
553948,emi20250528t052233p04048-A,emi20250528t052233p04048,1,0.9176131451195091,0.400052576336041
553949,emi20250528t052233p04048-B,emi20250528t052233p04048,1,0.6263074620482321,0.400052576336041
553950,emi20250528t052233p04048-A,emi20250528t052233p04048,1,0.8822204213713549,0.400052576336041
553952,emi20250528t052233p04048-A,emi20250528t052233p04048,1,0.8840374976791171,0.400052576336041
553953,emi20250528t052233p04048-B,emi20250528t052233p04048,1,0.9324687248384654,0.400052576336041
553956,emi20250528t052233p04048-B,emi20250528t052233p04048,1,0.918313180892733,0.400052576336041
553959,emi20250528t052233p04048-A,emi20250528t052233p04048,1,0.9332638192479177,0.400052576336041
553961,emi20250528t052233p04048-A,emi20250528t052233p04048,1,0.9251173840636934,0.400052576336041
553963,emi20250528t052233p04048-A,emi20250528t052233p04048,1,0.8822204213713549,0.400052576336041
553967,emi20250528t052233p04048-A,emi20250528t052233p04048,0,0.4037199102061836,0.400052576336041
553968,emi20250528t052233p04048-B,emi20250528t052233p04048,1,0.9091270646172283,0.400052576336041
553969,emi20250528t052233p04048-A,emi20250528t052233p04048,0,0.0012754865600340143,0.400052576336041
553971,emi20250528t052233p04048-A,emi20250528t052233p04048,0,0.6188382814364806,0.400052576336041
553972,emi20250528t052233p04048-B,emi20250528t052233p04048,1,0.9110670144710082,0.400052576336041
553973,emi20250528t052233p04048-A,emi20250528t052233p04048,0,0.012535261850743273,0.400052576336041
553976,emi20250528t052233p04048-B,emi20250528t052233p04048,0,0.28443282178132345,0.400052576336041
553978,emi20250528t052233p04048-B,emi20250528t052233p04048,0,0.0029105001402905573,0.400052576336041
553984,emi20250528t052233p04048-A,emi20250528t052233p04048,0,0.031194035617212505,0.400052576336041
553986,emi20250528t052233p04048-B,emi20250528t052233p04048,0,0.2838543159262037,0.400052576336041
553987,emi20250528t052233p04048-A,emi20250528t052233p04048,0,0.9238919092024489,0.400052576336041
553991,emi20250528t052233p04048-B,emi20250528t052233p04048,0,0.029479047958521562,0.400052576336041
553995,emi20250528t052233p04048-B,emi20250528t052233p04048,0,0.03677770286937099,0.400052576336041
553997,emi20250528t052233p04048-A,emi20250528t052233p04048,0,0.05584923291702036,0.400052576336041
554002,emi20250528t052233p04048-B,emi20250528t052233p04048,0,0.012869691607916088,0.400052576336041
554003,emi20250528t052233p04048-B,emi20250528t052233p04048,0,0.006180027116349906,0.400052576336041
554004,emi20250602t200033p13007-A,emi20250602t200033p13007,1,0.8945220393927361,0.400052576336041
554006,emi20250602t200033p13007-A,emi20250602t200033p13007,1,0.6319940863600249,0.400052576336041
554007,emi20250528t052233p04048-B,emi20250528t052233p04048,0,0.5702447176248819,0.400052576336041
554008,emi20250602t200033p13007-A,emi20250602t200033p13007,1,0.8730110246667673,0.400052576336041
554010,emi20250528t052233p04048-B,emi20250528t052233p04048,0,0.3705430845857769,0.400052576336041
554011,emi20250602t200033p13007-A,emi20250602t200033p13007,1,0.9247846232827854,0.400052576336041
554012,emi20250602t200033p13007-A,emi20250602t200033p13007,1,0.9372433262256129,0.400052576336041
554013,emi20250602t200033p13007-A,emi20250602t200033p13007,1,0.940116179797082,0.400052576336041
554014,emi20250602t200033p13007-A,emi20250602t200033p13007,1,0.9372433262256129,0.400052576336041
554140,emi20250603t095246p07008-A,emi20250603t095246p07008,0,0.0009769468281839414,0.400052576336041
554141,emi20250602t200033p13007-A,emi20250602t200033p13007,1,0.7593395438891762,0.400052576336041
554280,emi20250603t095246p07008-A,emi20250603t095246p07008,0,0.09001861399720912,0.400052576336041
554281,emi20250602t200033p13007-A,emi20250602t200033p13007,1,0.8425753150516083,0.400052576336041
554317,emi20250602t200033p13007-A,emi20250602t200033p13007,1,0.9171033020097378,0.400052576336041
554318,emi20250602t200033p13007-A,emi20250602t200033p13007,1,0.9400584021788573,0.400052576336041
554319,emi20250603t160225p11027-A,emi20250603t160225p11027,1,0.594780753472038,0.400052576336041
554320,emi20250602t200033p13007-A,emi20250602t200033p13007,1,0.8472773226138572,0.400052576336041
554322,emi20250602t200033p13007-A,emi20250602t200033p13007,1,0.8370015217004173,0.400052576336041
554323,emi20250603t160225p11027-A,emi20250603t160225p11027,1,0.6615249963461134,0.400052576336041
554324,emi20250602t200033p13007-A,emi20250602t200033p13007,1,0.8813563089240737,0.400052576336041
554325,emi20250603t160225p11027-A,emi20250603t160225p11027,1,0.5448800619586037,0.400052576336041
554326,emi20250602t200033p13007-A,emi20250602t200033p13007,1,0.8473088232699327,0.400052576336041
554328,emi20250602t200033p13007-A,emi20250602t200033p13007,1,0.9372433262256129,0.400052576336041
554329,emi20250603t160225p11027-A,emi20250603t160225p11027,1,0.6976396950086422,0.400052576336041
554330,emi20250602t200033p13007-A,emi20250602t200033p13007,0,0.003023797290286419,0.400052576336041
554332,emi20250602t200033p13007-A,emi20250602t200033p13007,0,0.0016913275142974383,0.400052576336041
554334,emi20250602t200033p13007-A,emi20250602t200033p13007,0,0.00254358143536943,0.400052576336041
554336,emi20250602t200033p13007-A,emi20250602t200033p13007,0,0.0008520391230424988,0.400052576336041
554338,emi20250602t200033p13007-A,emi20250602t200033p13007,0,0.004230709495016169,0.400052576336041
554340,emi20250602t200033p13007-A,emi20250602t200033p13007,0,0.0007512991966205826,0.400052576336041
554342,emi20250602t200033p13007-A,emi20250602t200033p13007,0,0.009179187203661628,0.400052576336041
554344,emi20250602t200033p13007-A,emi20250602t200033p13007,0,0.0008920164103025311,0.400052576336041
554345,emi20250603t160225p11027-A,emi20250603t160225p11027,1,0.07072972324412978,0.400052576336041
554346,emi20250602t200033p13007-A,emi20250602t200033p13007,0,0.0009094617329462883,0.400052576336041
554348,emi20250602t200033p13007-A,emi20250602t200033p13007,0,0.00046778146174813274,0.400052576336041
554349,emi20250603t160225p11027-A,emi20250603t160225p11027,1,0.19802386606734332,0.400052576336041
554350,emi20250602t200033p13007-A,emi20250602t200033p13007,0,0.0006791273566669032,0.400052576336041
554352,emi20250602t200033p13007-A,emi20250602t200033p13007,0,0.0009426581760633982,0.400052576336041
554354,emi20250602t200033p13007-A,emi20250602t200033p13007,0,0.08474269264313201,0.400052576336041
554356,emi20250602t200033p13007-A,emi20250602t200033p13007,0,0.002035215280079393,0.400052576336041
554357,emi20250603t160225p11027-A,emi20250603t160225p11027,0,0.0008829986113361065,0.400052576336041
554358,emi20250602t200033p13007-A,emi20250602t200033p13007,0,0.000490372805579861,0.400052576336041
554360,emi20250602t200033p13007-A,emi20250602t200033p13007,0,0.0030869961263100838,0.400052576336041
554365,emi20250603t160225p11027-A,emi20250603t160225p11027,0,0.0009701209760043513,0.400052576336041
554367,emi20250603t160225p11027-A,emi20250603t160225p11027,0,0.003896304046061042,0.400052576336041
554368,emi20250603t160225p11027-C,emi20250603t160225p11027,1,0.8202329664925205,0.400052576336041
554369,emi20250603t160225p11027-A,emi20250603t160225p11027,0,0.0005510132538713187,0.400052576336041
554371,emi20250603t160225p11027-A,emi20250603t160225p11027,0,0.000846902942322918,0.400052576336041
554372,emi20250603t160225p11027-C,emi20250603t160225p11027,1,0.7020468056178973,0.400052576336041
554376,emi20250603t160225p11027-C,emi20250603t160225p11027,1,0.8448694339006482,0.400052576336041
554378,emi20250603t160225p11027-C,emi20250603t160225p11027,1,0.8435891258722229,0.400052576336041
554487,emi20250603t160225p11027-C,emi20250603t160225p11027,1,0.8250770359748208,0.400052576336041
554490,emi20250603t160225p11027-C,emi20250603t160225p11027,1,0.9408457153684388,0.400052576336041
554500,emi20250603t160225p11027-E,emi20250603t160225p11027,0,0.0032814208019839586,0.400052576336041
554505,emi20250603t160225p11027-C,emi20250603t160225p11027,0,0.001286841246888791,0.400052576336041
554525,emi20250603t160225p11027-E,emi20250603t160225p11027,0,0.001719333844796505,0.400052576336041
554531,emi20250603t160225p11027-C,emi20250603t160225p11027,0,0.0006109483013065437,0.400052576336041
554535,emi20250603t160225p11027-C,emi20250603t160225p11027,0,0.0005344628949921617,0.400052576336041
554556,emi20250603t160225p11027-G,emi20250603t160225p11027,1,0.004924951121986978,0.400052576336041
554560,emi20250603t160225p11027-G,emi20250603t160225p11027,1,0.015143339131601144,0.400052576336041
554562,emi20250603t160225p11027-G,emi20250603t160225p11027,1,0.001120164241974724,0.400052576336041
554563,emi20250603t173453p12004-A,emi20250603t173453p12004,1,0.8052806890678507,0.400052576336041
554566,emi20250603t160225p11027-G,emi20250603t160225p11027,1,0.004839110120416414,0.400052576336041
554567,emi20250603t173453p12004-A,emi20250603t173453p12004,1,0.608913997611547,0.400052576336041
554571,emi20250603t173453p12004-A,emi20250603t173453p12004,1,0.704756261005159,0.400052576336041
554575,emi20250603t173453p12004-A,emi20250603t173453p12004,1,0.6818537997319829,0.400052576336041
554581,emi20250603t173453p12004-A,emi20250603t173453p12004,1,0.5914247224511784,0.400052576336041
554585,emi20250603t173453p12004-A,emi20250603t173453p12004,1,0.8051353998798393,0.400052576336041
554588,emi20250603t160225p11027-G,emi20250603t160225p11027,0,0.00960939550588085,0.400052576336041
554591,emi20250603t173453p12004-A,emi20250603t173453p12004,1,0.8367186082409097,0.400052576336041
554593,emi20250603t160225p11027-G,emi20250603t160225p11027,0,0.0013212808947474634,0.400052576336041
554600,emi20250603t173453p12004-A,emi20250603t173453p12004,0,0.055759773643237365,0.400052576336041
554605,emi20250603t173453p12004-A,emi20250603t173453p12004,0,0.007304674049587249,0.400052576336041
554608,emi20250603t173453p12004-A,emi20250603t173453p12004,0,0.5703327174602708,0.400052576336041
554612,emi20250603t160225p11027-G,emi20250603t160225p11027,0,0.0005673293172869964,0.400052576336041
554613,emi20250603t173453p12004-A,emi20250603t173453p12004,0,0.37128732186240954,0.400052576336041
554615,emi20250603t173453p12004-A,emi20250603t173453p12004,0,0.006897938694169787,0.400052576336041
554616,emi20250603t160225p11027-G,emi20250603t160225p11027,0,0.029346386159715517,0.400052576336041
554617,emi20250603t173453p12004-A,emi20250603t173453p12004,0,0.0072693738059036095,0.400052576336041
554618,emi20250603t160225p11027-G,emi20250603t160225p11027,0,0.0005120899544308872,0.400052576336041
554619,emi20250603t173453p12004-A,emi20250603t173453p12004,0,0.008353600509822437,0.400052576336041
554627,emi20250603t160225p11027-G,emi20250603t160225p11027,0,0.007466850006766164,0.400052576336041
554628,emi20250603t173453p12004-A,emi20250603t173453p12004,0,0.0059182199934504,0.400052576336041
554630,emi20250603t173453p12004-A,emi20250603t173453p12004,0,0.005265979401029443,0.400052576336041
554631,emi20250603t173453p12004-C,emi20250603t173453p12004,1,0.9382698363824379,0.400052576336041
554636,emi20250603t173453p12004-C,emi20250603t173453p12004,1,0.966514264297623,0.400052576336041
554637,emi20250603t173453p12004-C,emi20250603t173453p12004,1,0.9455661664589721,0.400052576336041
554638,emi20250604t025333p02020-A,emi20250604t025333p02020,1,0.8877907338374619,0.400052576336041
554640,emi20250604t025333p02020-A,emi20250604t025333p02020,1,0.9214127869970336,0.400052576336041
554641,emi20250603t173453p12004-C,emi20250603t173453p12004,1,0.9477739396978777,0.400052576336041
554643,emi20250603t173453p12004-C,emi20250603t173453p12004,1,0.9607265680303037,0.400052576336041
554644,emi20250604t025333p02020-A,emi20250604t025333p02020,1,0.9400935138838533,0.400052576336041
554647,emi20250603t173453p12004-C,emi20250603t173453p12004,1,0.932445771794435,0.400052576336041
554648,emi20250604t025333p02020-A,emi20250604t025333p02020,1,0.9136255979259218,0.400052576336041
554651,emi20250603t173453p12004-C,emi20250603t173453p12004,1,0.9407175679114899,0.400052576336041
554652,emi20250604t025333p02020-A,emi20250604t025333p02020,1,0.9554617489820884,0.400052576336041
554657,emi20250603t173453p12004-C,emi20250603t173453p12004,1,0.9561821016807813,0.400052576336041
554658,emi20250604t025333p02020-A,emi20250604t025333p02020,1,0.8722441850259953,0.400052576336041
554659,emi20250603t173453p12004-C,emi20250603t173453p12004,1,0.9395809140403348,0.400052576336041
554661,emi20250603t173453p12004-C,emi20250603t173453p12004,0,0.21359789005981888,0.400052576336041
554662,emi20250604t025333p02020-A,emi20250604t025333p02020,1,0.9271906915378133,0.400052576336041
554665,emi20250603t173453p12004-C,emi20250603t173453p12004,0,0.11526016884854567,0.400052576336041
554666,emi20250604t025333p02020-A,emi20250604t025333p02020,1,0.9087132901106069,0.400052576336041
554667,emi20250603t173453p12004-C,emi20250603t173453p12004,0,0.008950278792930772,0.400052576336041
554669,emi20250603t173453p12004-C,emi20250603t173453p12004,0,0.06271548158373838,0.400052576336041
554670,emi20250604t025333p02020-A,emi20250604t025333p02020,0,0.003150387255426939,0.400052576336041
554671,emi20250603t173453p12004-C,emi20250603t173453p12004,0,0.002865800238780109,0.400052576336041
554672,emi20250604t025333p02020-A,emi20250604t025333p02020,0,0.7211806757900086,0.400052576336041
554673,emi20250603t173453p12004-C,emi20250603t173453p12004,0,0.0015913314773847655,0.400052576336041
554674,emi20250604t025333p02020-A,emi20250604t025333p02020,0,0.010882459731720539,0.400052576336041
554682,emi20250604t025333p02020-A,emi20250604t025333p02020,0,0.0009619018656965686,0.400052576336041
554691,emi20250603t173453p12004-C,emi20250603t173453p12004,0,0.025532204706399313,0.400052576336041
554692,emi20250604t025333p02020-A,emi20250604t025333p02020,0,0.003146463959632314,0.400052576336041
554693,emi20250604t025333p02020-A,emi20250604t025333p02020,0,0.0017433779971937266,0.400052576336041
554695,emi20250604t025333p02020-B,emi20250604t025333p02020,1,0.19601146069468897,0.400052576336041
554696,emi20250604t025333p02020-A,emi20250604t025333p02020,0,0.0012419078082743095,0.400052576336041
554697,emi20250604t025333p02020-B,emi20250604t025333p02020,1,0.034424578412859355,0.400052576336041
554699,emi20250604t025333p02020-B,emi20250604t025333p02020,1,0.5714584649822294,0.400052576336041
554700,emi20250604t025333p02020-B,emi20250604t025333p02020,1,0.2718392168085013,0.400052576336041
554701,emi20250604t025333p02020-B,emi20250604t025333p02020,1,0.5714276722366445,0.400052576336041
554706,emi20250604t025345p02021-A,emi20250604t025345p02021,1,0.34541852056024147,0.400052576336041
554710,emi20250604t025345p02021-A,emi20250604t025345p02021,1,0.0950563802404478,0.400052576336041
554711,emi20250604t025333p02020-B,emi20250604t025333p02020,1,0.3184456413829891,0.400052576336041
554715,emi20250604t025333p02020-B,emi20250604t025333p02020,1,0.5107612830124107,0.400052576336041
554718,emi20250604t025345p02021-A,emi20250604t025345p02021,1,0.08856757888223031,0.400052576336041
554719,emi20250604t025333p02020-B,emi20250604t025333p02020,1,0.19601146069468897,0.400052576336041
554722,emi20250604t025345p02021-A,emi20250604t025345p02021,1,0.41514894118179063,0.400052576336041
554725,emi20250604t025333p02020-B,emi20250604t025333p02020,0,0.0007664848745923786,0.400052576336041
554726,emi20250604t025345p02021-A,emi20250604t025345p02021,1,0.6225794076689474,0.400052576336041
554729,emi20250604t025333p02020-B,emi20250604t025333p02020,0,0.001232544905103818,0.400052576336041
554732,emi20250604t025345p02021-A,emi20250604t025345p02021,1,0.08416821682675091,0.400052576336041
554737,emi20250604t025333p02020-B,emi20250604t025333p02020,0,0.023254098995001703,0.400052576336041
554740,emi20250604t025345p02021-A,emi20250604t025345p02021,0,0.00052678385441211,0.400052576336041
554743,emi20250604t025333p02020-B,emi20250604t025333p02020,0,0.0006389379327773225,0.400052576336041
554747,emi20250604t025333p02020-B,emi20250604t025333p02020,0,0.004870160440070045,0.400052576336041
554749,emi20250604t025333p02020-B,emi20250604t025333p02020,0,0.0023482739722444734,0.400052576336041
554755,emi20250604t025333p02020-B,emi20250604t025333p02020,0,0.001430002106907064,0.400052576336041
554757,emi20250604t025333p02020-B,emi20250604t025333p02020,0,0.0010781859437730764,0.400052576336041
554759,emi20250604t025333p02020-B,emi20250604t025333p02020,0,0.5689096928836334,0.400052576336041
554762,emi20250604t025345p02021-A,emi20250604t025345p02021,0,0.0011537771163844946,0.400052576336041
554763,emi20250604t025345p02021-B,emi20250604t025345p02021,1,0.8228808163239473,0.400052576336041
554767,emi20250604t025345p02021-B,emi20250604t025345p02021,1,0.8500291947808234,0.400052576336041
554770,emi20250604t025345p02021-C,emi20250604t025345p02021,1,0.07441300112617265,0.400052576336041
554772,emi20250604t025345p02021-C,emi20250604t025345p02021,1,0.04944625749843711,0.400052576336041
554776,emi20250604t025345p02021-C,emi20250604t025345p02021,1,0.011228409305099088,0.400052576336041
554780,emi20250604t025345p02021-C,emi20250604t025345p02021,1,0.11705185680929457,0.400052576336041
554786,emi20250604t025345p02021-C,emi20250604t025345p02021,1,0.15573291068483752,0.400052576336041
554788,emi20250604t025345p02021-C,emi20250604t025345p02021,1,0.05408375258532557,0.400052576336041
554792,emi20250604t025345p02021-C,emi20250604t025345p02021,1,0.1772855013587899,0.400052576336041
554794,emi20250604t025345p02021-C,emi20250604t025345p02021,1,0.13431209455842172,0.400052576336041
554798,emi20250604t025345p02021-B,emi20250604t025345p02021,0,0.003190955834633178,0.400052576336041
554806,emi20250604t025345p02021-C,emi20250604t025345p02021,0,0.0020078092178736043,0.400052576336041
554810,emi20250604t025345p02021-B,emi20250604t025345p02021,0,0.06615869019622626,0.400052576336041
554817,emi20250604t025345p02021-C,emi20250604t025345p02021,0,0.0009413409643694083,0.400052576336041
554822,emi20250604t025345p02021-C,emi20250604t025345p02021,0,0.06077747715973359,0.400052576336041
554823,emi20250604t025345p02021-B,emi20250604t025345p02021,0,0.006318012007540491,0.400052576336041
554826,emi20250604t025345p02021-C,emi20250604t025345p02021,0,0.009215284636152165,0.400052576336041
554829,emi20250604t025345p02021-B,emi20250604t025345p02021,0,0.017400590855571847,0.400052576336041
554832,emi20250604t025345p02021-C,emi20250604t025345p02021,0,0.0008664847708149805,0.400052576336041
554835,emi20250604t025345p02021-B,emi20250604t025345p02021,0,0.0026737502695204267,0.400052576336041
554837,emi20250604t025345p02021-C,emi20250604t025345p02021,0,0.17073352817630896,0.400052576336041
554839,emi20250604t025345p02021-C,emi20250604t025345p02021,0,0.002414792049025421,0.400052576336041
554841,emi20250604t025345p02021-C,emi20250604t025345p02021,0,0.0024433042961155334,0.400052576336041
554844,emi20250604t025345p02021-C,emi20250604t025345p02021,0,0.002354571103846303,0.400052576336041
554860,emi20250604t025357p02022-A,emi20250604t025357p02022,1,0.45697648794209544,0.400052576336041
554866,emi20250604t025357p02022-A,emi20250604t025357p02022,1,0.6786517154165037,0.400052576336041
554887,emi20250604t025357p02022-AA,emi20250604t025357p02022,0,0.00455610658107875,0.400052576336041
554907,emi20250604t025357p02022-AB,emi20250604t025357p02022,1,0.5890875928143823,0.400052576336041
554908,emi20250604t025357p02022-AA,emi20250604t025357p02022,0,0.011198102975925484,0.400052576336041
555048,emi20250604t025357p02022-AD,emi20250604t025357p02022,0,0.0012840159957506162,0.400052576336041
555088,emi20250604t025357p02022-AB,emi20250604t025357p02022,1,0.3494374681744952,0.400052576336041
555139,emi20250604t025357p02022-AE,emi20250604t025357p02022,1,0.7431172131748968,0.400052576336041
555150,emi20250604t025357p02022-AF,emi20250604t025357p02022,1,0.5176260157407515,0.400052576336041
555162,emi20250604t025357p02022-AF,emi20250604t025357p02022,1,0.8541954183763708,0.400052576336041
555173,emi20250604t025357p02022-AE,emi20250604t025357p02022,0,0.010343702448898474,0.400052576336041
555177,emi20250604t025357p02022-AE,emi20250604t025357p02022,0,0.011026402648524067,0.400052576336041
555189,emi20250604t025357p02022-AF,emi20250604t025357p02022,0,0.010542583850591416,0.400052576336041
555615,emi20250604t025357p02022-AF,emi20250604t025357p02022,0,0.0670578770638191,0.400052576336041
555652,emi20250604t025357p02022-AH,emi20250604t025357p02022,0,0.01462452967532253,0.400052576336041
555997,emi20250604t025357p02022-AN,emi20250604t025357p02022,1,0.44904679821026416,0.400052576336041
556016,emi20250604t025357p02022-AN,emi20250604t025357p02022,1,0.7636377992175322,0.400052576336041
556161,emi20250604t025357p02022-AP,emi20250604t025357p02022,0,0.010278030690959386,0.400052576336041
556287,emi20250604t025357p02022-F,emi20250604t025357p02022,0,0.011190794581535476,0.400052576336041
556303,emi20250604t025357p02022-E,emi20250604t025357p02022,0,0.003209605363587726,0.400052576336041
556340,emi20250604t025357p02022-F,emi20250604t025357p02022,0,0.004697742726803506,0.400052576336041
556368,emi20250604t025357p02022-F,emi20250604t025357p02022,0,0.002079220616523921,0.400052576336041
556504,emi20250604t025357p02022-O,emi20250604t025357p02022,0,0.02185652071817101,0.400052576336041
556568,emi20250604t025357p02022-Q,emi20250604t025357p02022,1,0.6241804506690795,0.400052576336041
556657,emi20250604t025357p02022-Q,emi20250604t025357p02022,1,0.9024146512029819,0.400052576336041
556760,emi20250604t025357p02022-T,emi20250604t025357p02022,0,0.004744886772970362,0.400052576336041
556815,emi20250604t025357p02022-V,emi20250604t025357p02022,1,0.45537461652613676,0.400052576336041
556824,emi20250604t025357p02022-U,emi20250604t025357p02022,1,0.9218719061194192,0.400052576336041
556829,emi20250604t025357p02022-V,emi20250604t025357p02022,1,0.21550338911036682,0.400052576336041
556834,emi20250604t025357p02022-U,emi20250604t025357p02022,1,0.8987803501614587,0.400052576336041
556837,emi20250604t025357p02022-V,emi20250604t025357p02022,1,0.14423841826538425,0.400052576336041
556847,emi20250604t025357p02022-V,emi20250604t025357p02022,0,0.015379245316678853,0.400052576336041
556987,emi20250605t081905p06014-A,emi20250605t081905p06014,0,0.42894810882399104,0.400052576336041
556988,emi20250605t081905p06014-A,emi20250605t081905p06014,0,0.028993594322448607,0.400052576336041
556989,emi20250609t222616p14004-A,emi20250609t222616p14004,1,0.5669469074304692,0.400052576336041
556998,emi20250605t081905p06014-A,emi20250605t081905p06014,0,0.0022943700726598495,0.400052576336041
556999,emi20250609t222616p14004-A,emi20250609t222616p14004,1,0.8902173002425201,0.400052576336041
557000,emi20250605t081905p06014-A,emi20250605t081905p06014,0,0.868783407414024,0.400052576336041
557001,emi20250609t222616p14004-A,emi20250609t222616p14004,1,0.9805872616053403,0.400052576336041
557046,emi20250605t081905p06014-A,emi20250605t081905p06014,0,0.0026454572401023954,0.400052576336041
557047,emi20250609t222616p14004-A,emi20250609t222616p14004,1,0.9117755559674171,0.400052576336041
557064,emi20250605t081905p06014-A,emi20250605t081905p06014,0,0.01590288184135597,0.400052576336041
557065,emi20250609t222616p14004-A,emi20250609t222616p14004,1,0.8991530133613087,0.400052576336041
557066,emi20250605t081905p06014-A,emi20250605t081905p06014,0,0.03474591287085311,0.400052576336041
557067,emi20250609t222616p14004-A,emi20250609t222616p14004,1,0.8869164547402779,0.400052576336041
557068,emi20250605t081905p06014-A,emi20250605t081905p06014,0,0.09875970802320351,0.400052576336041
557069,emi20250609t222616p14004-A,emi20250609t222616p14004,1,0.9781611702455042,0.400052576336041
557074,emi20250605t081905p06014-A,emi20250605t081905p06014,0,0.0009552342702948518,0.400052576336041
557075,emi20250609t222616p14004-A,emi20250609t222616p14004,1,0.7332514848701702,0.400052576336041
557078,emi20250605t081905p06014-A,emi20250605t081905p06014,0,0.0013730085566469783,0.400052576336041
557079,emi20250609t222616p14004-A,emi20250609t222616p14004,1,0.9686402859781376,0.400052576336041
557101,emi20250605t081905p06014-A,emi20250605t081905p06014,0,0.0007428188128460687,0.400052576336041
557102,emi20250609t222616p14004-A,emi20250609t222616p14004,1,0.9805636017087684,0.400052576336041
557113,emi20250605t081905p06014-A,emi20250605t081905p06014,0,0.006187088309766822,0.400052576336041
557114,emi20250609t222616p14004-A,emi20250609t222616p14004,1,0.2091956800653503,0.400052576336041
557120,emi20250605t081905p06014-A,emi20250605t081905p06014,0,0.16329906711239178,0.400052576336041
557121,emi20250609t222616p14004-A,emi20250609t222616p14004,1,0.9647948465473407,0.400052576336041
557126,emi20250605t081905p06014-A,emi20250605t081905p06014,0,0.003910014916764853,0.400052576336041
557127,emi20250609t222616p14004-A,emi20250609t222616p14004,1,0.9347370040145748,0.400052576336041
557133,emi20250605t081905p06014-A,emi20250605t081905p06014,0,0.21381915479392347,0.400052576336041
557134,emi20250609t222616p14004-A,emi20250609t222616p14004,1,0.9609687664454107,0.400052576336041
557148,emi20250605t081905p06014-A,emi20250605t081905p06014,0,0.0037620768048400215,0.400052576336041
557149,emi20250609t222616p14004-A,emi20250609t222616p14004,1,0.9546040771491745,0.400052576336041
557150,emi20250609t222616p14004-A,emi20250609t222616p14004,1,0.6997856164747662,0.400052576336041
557151,emi20250609t222616p14004-A,emi20250609t222616p14004,0,0.0032890685558684346,0.400052576336041
557152,emi20250609t222616p14004-A,emi20250609t222616p14004,0,0.0012633739938252128,0.400052576336041
557153,emi20250611t065853p04019-E,emi20250611t065853p04019,1,0.5900937715485448,0.400052576336041
557159,emi20250609t222616p14004-A,emi20250609t222616p14004,0,0.0014216723234169067,0.400052576336041
557160,emi20250611t065853p04019-E,emi20250611t065853p04019,1,0.8615954785330974,0.400052576336041
557162,emi20250609t222616p14004-A,emi20250609t222616p14004,0,0.001281759573865549,0.400052576336041
557163,emi20250611t065853p04019-E,emi20250611t065853p04019,1,0.6908214840056753,0.400052576336041
557167,emi20250609t222616p14004-A,emi20250609t222616p14004,0,0.0004580437205256923,0.400052576336041
557168,emi20250611t065853p04019-E,emi20250611t065853p04019,1,0.6359373128093647,0.400052576336041
557169,emi20250609t222616p14004-A,emi20250609t222616p14004,0,0.0012136308335984015,0.400052576336041
557170,emi20250611t065853p04019-E,emi20250611t065853p04019,1,0.8038399837375109,0.400052576336041
557172,emi20250609t222616p14004-A,emi20250609t222616p14004,0,0.008451580291137892,0.400052576336041
557173,emi20250611t065853p04019-E,emi20250611t065853p04019,1,0.23910050378781356,0.400052576336041
557174,emi20250609t222616p14004-A,emi20250609t222616p14004,0,0.001797254043240178,0.400052576336041
557175,emi20250611t065853p04019-E,emi20250611t065853p04019,1,0.3508818767285961,0.400052576336041
557176,emi20250609t222616p14004-A,emi20250609t222616p14004,0,0.00165208168933474,0.400052576336041
557177,emi20250611t065853p04019-E,emi20250611t065853p04019,1,0.7191994515329326,0.400052576336041
557178,emi20250609t222616p14004-A,emi20250609t222616p14004,0,0.001213992729190281,0.400052576336041
557179,emi20250611t065853p04019-E,emi20250611t065853p04019,1,0.7191994515329326,0.400052576336041
557182,emi20250609t222616p14004-A,emi20250609t222616p14004,0,0.0020239205401316783,0.400052576336041
557183,emi20250611t065853p04019-E,emi20250611t065853p04019,1,0.7535013777349473,0.400052576336041
557191,emi20250609t222616p14004-A,emi20250609t222616p14004,0,0.05109458223629486,0.400052576336041
557192,emi20250611t065853p04019-E,emi20250611t065853p04019,1,0.7214052577437996,0.400052576336041
557193,emi20250609t222616p14004-A,emi20250609t222616p14004,0,0.005949319298752643,0.400052576336041
557194,emi20250611t065853p04019-E,emi20250611t065853p04019,1,0.7427527265107908,0.400052576336041
557199,emi20250609t222616p14004-A,emi20250609t222616p14004,0,0.0011372693251405915,0.400052576336041
557200,emi20250611t065853p04019-E,emi20250611t065853p04019,1,0.735799688424363,0.400052576336041
557201,emi20250609t222616p14004-A,emi20250609t222616p14004,0,0.000410674825640286,0.400052576336041
557202,emi20250611t065853p04019-E,emi20250611t065853p04019,1,0.8472608664115525,0.400052576336041
557203,emi20250609t222616p14004-A,emi20250609t222616p14004,0,0.0031526507523075903,0.400052576336041
557204,emi20250611t065853p04019-E,emi20250611t065853p04019,1,0.6824880666356901,0.400052576336041
557205,emi20250611t065853p04019-E,emi20250611t065853p04019,1,0.6689003254916144,0.400052576336041
557206,emi20250611t065853p04019-E,emi20250611t065853p04019,0,0.14568374268315587,0.400052576336041
557207,emi20250611t065853p04019-E,emi20250611t065853p04019,0,0.03519366483134524,0.400052576336041
557209,emi20250611t065853p04019-E,emi20250611t065853p04019,0,0.024664129274110387,0.400052576336041
557211,emi20250611t065853p04019-E,emi20250611t065853p04019,0,0.2008514907641829,0.400052576336041
557213,emi20250611t065853p04019-E,emi20250611t065853p04019,0,0.6570758930115318,0.400052576336041
557215,emi20250611t065853p04019-E,emi20250611t065853p04019,0,0.003192819469347543,0.400052576336041
557216,emi20250613t100206p06020-B,emi20250613t100206p06020,1,0.948140985538162,0.400052576336041
557217,emi20250611t065853p04019-E,emi20250611t065853p04019,0,0.0026425663848475807,0.400052576336041
557219,emi20250611t065853p04019-E,emi20250611t065853p04019,0,0.004175285846717975,0.400052576336041
557220,emi20250613t100206p06020-B,emi20250613t100206p06020,1,0.9521725319218801,0.400052576336041
557221,emi20250611t065853p04019-E,emi20250611t065853p04019,0,0.007099266968064163,0.400052576336041
557223,emi20250611t065853p04019-E,emi20250611t065853p04019,0,0.2851620145856663,0.400052576336041
557225,emi20250611t065853p04019-E,emi20250611t065853p04019,0,0.0005333984627135451,0.400052576336041
557227,emi20250611t065853p04019-E,emi20250611t065853p04019,0,0.005434590961443283,0.400052576336041
557229,emi20250611t065853p04019-E,emi20250611t065853p04019,0,0.0006919394684737562,0.400052576336041
557230,emi20250613t100206p06020-B,emi20250613t100206p06020,1,0.9563094068935006,0.400052576336041
557231,emi20250611t065853p04019-E,emi20250611t065853p04019,0,0.006212762575647056,0.400052576336041
557233,emi20250611t065853p04019-E,emi20250611t065853p04019,0,0.01150609682360243,0.400052576336041
557235,emi20250611t065853p04019-E,emi20250611t065853p04019,0,0.0049344323273280075,0.400052576336041
557238,emi20250613t100206p06020-B,emi20250613t100206p06020,0,0.5578069645628896,0.400052576336041
557241,emi20250613t100206p06020-C,emi20250613t100206p06020,1,0.6291648154598536,0.400052576336041
557242,emi20250613t100206p06020-B,emi20250613t100206p06020,0,0.1525234144865226,0.400052576336041
557248,emi20250613t100206p06020-B,emi20250613t100206p06020,0,0.39747121592805534,0.400052576336041
557251,emi20250613t100206p06020-C,emi20250613t100206p06020,1,0.8512755976847565,0.400052576336041
557253,emi20250613t100206p06020-C,emi20250613t100206p06020,1,0.8214965310226389,0.400052576336041
557264,emi20250613t100206p06020-B,emi20250613t100206p06020,0,0.031010803708319372,0.400052576336041
557287,emi20250613t100206p06020-C,emi20250613t100206p06020,0,0.27357980581681496,0.400052576336041
557292,emi20250613t100206p06020-C,emi20250613t100206p06020,0,0.23920793935626075,0.400052576336041
557299,emi20250613t100206p06020-D,emi20250613t100206p06020,1,0.8057895116357435,0.400052576336041
557300,emi20250613t100206p06020-C,emi20250613t100206p06020,0,0.8837830045982632,0.400052576336041
557318,emi20250613t100206p06020-E,emi20250613t100206p06020,1,0.6391958476917156,0.400052576336041
557335,emi20250613t100206p06020-D,emi20250613t100206p06020,0,0.589764412137204,0.400052576336041
557340,emi20250613t100206p06020-E,emi20250613t100206p06020,1,0.5004476407765884,0.400052576336041
557343,emi20250613t100206p06020-D,emi20250613t100206p06020,0,0.05832021381788903,0.400052576336041
557347,emi20250613t100206p06020-E,emi20250613t100206p06020,0,0.3113874148997637,0.400052576336041
557366,emi20250613t100206p06020-E,emi20250613t100206p06020,0,0.5797408834665979,0.400052576336041
557375,emi20250613t100206p06020-F,emi20250613t100206p06020,1,0.28613129653075775,0.400052576336041
557381,emi20250613t100206p06020-E,emi20250613t100206p06020,0,0.14495102889627975,0.400052576336041
557388,emi20250613t100206p06020-G,emi20250613t100206p06020,1,0.5651813675497558,0.400052576336041
557416,emi20250613t100206p06020-G,emi20250613t100206p06020,1,0.6556474309436843,0.400052576336041
557423,emi20250613t100206p06020-G,emi20250613t100206p06020,0,0.16770026903963506,0.400052576336041
557424,emi20250613t100206p06020-H,emi20250613t100206p06020,1,0.5806740951795946,0.400052576336041
557432,emi20250613t100206p06020-H,emi20250613t100206p06020,1,0.5473874068281973,0.400052576336041
557443,emi20250613t100206p06020-H,emi20250613t100206p06020,1,0.5407932573829256,0.400052576336041
557459,emi20250613t100206p06020-H,emi20250613t100206p06020,1,0.7254959840535172,0.400052576336041
557593,emi20250613t205246p13023-A,emi20250613t205246p13023,0,0.705132462370833,0.400052576336041
557596,emi20250613t205246p13023-A,emi20250613t205246p13023,0,0.3604103071008317,0.400052576336041
557610,emi20250613t205246p13023-A,emi20250613t205246p13023,0,0.046653111515219746,0.400052576336041
557638,emi20250613t205246p13023-A,emi20250613t205246p13023,0,0.15157987108953205,0.400052576336041
557646,emi20250613t205246p13023-A,emi20250613t205246p13023,0,0.4359827561347537,0.400052576336041
557682,emi20250613t205246p13023-A,emi20250613t205246p13023,0,0.017039719145300846,0.400052576336041
557707,emi20250613t205246p13023-A,emi20250613t205246p13023,0,0.7346302139748355,0.400052576336041
557711,emi20250613t205246p13023-A,emi20250613t205246p13023,0,0.7499042299544465,0.400052576336041
557717,emi20250613t205246p13023-A,emi20250613t205246p13023,0,0.09731383231056207,0.400052576336041
557719,emi20250613t100206p06020-H,emi20250613t100206p06020,0,0.3503212652852942,0.400052576336041
557728,emi20250613t205246p13023-A,emi20250613t205246p13023,0,0.020916242764279763,0.400052576336041
557779,emi20250613t100206p06020-H,emi20250613t100206p06020,0,0.600179216336995,0.400052576336041
558082,emi20250613t100206p06020-H,emi20250613t100206p06020,0,0.1685078728103949,0.400052576336041
558436,tan20241017t054413c00s4001-A,tan20241017t054413c00s4001,1,0.5054618404142606,0.400052576336041
558438,tan20241017t054413c00s4001-A,tan20241017t054413c00s4001,1,0.7563388033110985,0.400052576336041
558441,tan20241017t054413c00s4001-A,tan20241017t054413c00s4001,1,0.580978450835662,0.400052576336041
558443,tan20241017t054413c00s4001-A,tan20241017t054413c00s4001,1,0.5318125149282479,0.400052576336041
558445,tan20241017t054413c00s4001-A,tan20241017t054413c00s4001,1,0.24829571617526114,0.400052576336041
558447,tan20241017t054413c00s4001-A,tan20241017t054413c00s4001,1,0.37302502224490547,0.400052576336041
558449,tan20241017t054413c00s4001-A,tan20241017t054413c00s4001,1,0.31782367336775313,0.400052576336041
558451,tan20241017t054413c00s4001-A,tan20241017t054413c00s4001,1,0.21110288695139523,0.400052576336041
558453,tan20241017t054413c00s4001-A,tan20241017t054413c00s4001,1,0.28643691118708436,0.400052576336041
558455,tan20241017t054413c00s4001-A,tan20241017t054413c00s4001,1,0.6046776161945504,0.400052576336041
558457,tan20241017t054413c00s4001-A,tan20241017t054413c00s4001,1,0.7163185693684838,0.400052576336041
558459,tan20241017t054413c00s4001-A,tan20241017t054413c00s4001,1,0.4672083730330717,0.400052576336041
558461,tan20241017t054413c00s4001-A,tan20241017t054413c00s4001,1,0.5915542518319082,0.400052576336041
558463,tan20241017t054413c00s4001-A,tan20241017t054413c00s4001,1,0.48689459155019105,0.400052576336041
558465,tan20241017t054413c00s4001-A,tan20241017t054413c00s4001,1,0.7167229966597061,0.400052576336041
558467,tan20241017t054413c00s4001-A,tan20241017t054413c00s4001,1,0.30608512490788575,0.400052576336041
558469,tan20241017t054413c00s4001-A,tan20241017t054413c00s4001,0,0.009678979132888385,0.400052576336041
558473,tan20241017t054413c00s4001-A,tan20241017t054413c00s4001,0,0.01341604054779778,0.400052576336041
558477,tan20241017t054413c00s4001-A,tan20241017t054413c00s4001,0,0.011317847173460129,0.400052576336041
558487,tan20241017t054413c00s4001-A,tan20241017t054413c00s4001,0,0.002317811855879561,0.400052576336041
558493,tan20241017t054413c00s4001-A,tan20241017t054413c00s4001,0,0.05350097547064721,0.400052576336041
558494,tan20241017t054413c00s4001-A,tan20241017t054413c00s4001,0,0.03546811277657971,0.400052576336041
558495,tan20241017t054413c00s4001-A,tan20241017t054413c00s4001,0,0.0408417543337531,0.400052576336041
558596,tan20241017t054413c00s4001-C,tan20241017t054413c00s4001,0,0.001437396680057963,0.400052576336041
558599,tan20241017t054413c00s4001-C,tan20241017t054413c00s4001,0,0.012255104161523827,0.400052576336041
558606,tan20241017t054413c00s4001-C,tan20241017t054413c00s4001,0,0.0027927958503441083,0.400052576336041
558773,tan20241020t061527c00s4001-A,tan20241020t061527c00s4001,0,0.0058499002544935355,0.400052576336041
558774,tan20241017t054413c00s4001-C,tan20241017t054413c00s4001,0,0.011450470658185798,0.400052576336041
558908,tan20241017t054413c00s4001-C,tan20241017t054413c00s4001,0,0.004481630623530867,0.400052576336041
558910,tan20241017t054413c00s4001-C,tan20241017t054413c00s4001,0,0.005103334054992506,0.400052576336041
559017,tan20241020t092906c00s4001-A,tan20241020t092906c00s4001,0,0.003144889856297453,0.400052576336041
559033,tan20241020t092906c00s4001-A,tan20241020t092906c00s4001,0,0.0013452284984123014,0.400052576336041
559065,tan20241020t092906c00s4001-A,tan20241020t092906c00s4001,0,0.004571449470658733,0.400052576336041
559087,tan20241020t092906c00s4001-A,tan20241020t092906c00s4001,0,0.006673202997623511,0.400052576336041
559093,tan20241020t092906c00s4001-A,tan20241020t092906c00s4001,0,0.040591530857478034,0.400052576336041
559099,tan20241020t092906c00s4001-A,tan20241020t092906c00s4001,0,0.008358763944089508,0.400052576336041
559104,tan20241017t054413c00s4001-C,tan20241017t054413c00s4001,0,0.000906269645336881,0.400052576336041
559110,tan20241020t092906c00s4001-A,tan20241020t092906c00s4001,0,0.003978601733154862,0.400052576336041
559112,tan20241017t054413c00s4001-C,tan20241017t054413c00s4001,0,0.0004530276360034366,0.400052576336041
559122,tan20241020t092906c00s4001-A,tan20241020t092906c00s4001,0,0.007981648930270426,0.400052576336041
559124,tan20241017t054413c00s4001-C,tan20241017t054413c00s4001,0,0.018027582623516027,0.400052576336041
559131,tan20241020t092906c00s4001-A,tan20241020t092906c00s4001,0,0.005409298994437981,0.400052576336041
559133,tan20241020t092906c00s4001-A,tan20241020t092906c00s4001,0,0.0009650363239322188,0.400052576336041
559144,tan20241020t092906c00s4001-A,tan20241020t092906c00s4001,0,0.005028671537263495,0.400052576336041
559154,tan20241020t092906c00s4001-A,tan20241020t092906c00s4001,0,0.007987214023930031,0.400052576336041
559162,tan20241020t092906c00s4001-A,tan20241020t092906c00s4001,0,0.011216393587479319,0.400052576336041
559163,tan20241026t103729c00s4001-C,tan20241026t103729c00s4001,1,0.02187482087700835,0.400052576336041
559169,tan20241020t092906c00s4001-A,tan20241020t092906c00s4001,0,0.042330828584304175,0.400052576336041
559170,tan20241026t103729c00s4001-C,tan20241026t103729c00s4001,1,0.48109599446217965,0.400052576336041
559190,tan20241020t092906c00s4001-A,tan20241020t092906c00s4001,0,0.007253364850365458,0.400052576336041
559191,tan20241026t103729c00s4001-C,tan20241026t103729c00s4001,1,0.004426725362007982,0.400052576336041
559206,tan20241020t092906c00s4001-A,tan20241020t092906c00s4001,0,0.005435379822704064,0.400052576336041
559207,tan20241026t103729c00s4001-C,tan20241026t103729c00s4001,1,0.48109599446217965,0.400052576336041
559209,tan20241026t103729c00s4001-C,tan20241026t103729c00s4001,1,0.07590732089688544,0.400052576336041
559212,tan20241026t103729c00s4001-C,tan20241026t103729c00s4001,1,0.01032950942981724,0.400052576336041
559226,tan20241026t103729c00s4001-C,tan20241026t103729c00s4001,1,0.13495419256053887,0.400052576336041
559227,tan20241026t103729c00s4001-F,tan20241026t103729c00s4001,1,0.018360045268134843,0.400052576336041
559229,tan20241026t103729c00s4001-F,tan20241026t103729c00s4001,1,0.040176126011752376,0.400052576336041
559230,tan20241026t103729c00s4001-C,tan20241026t103729c00s4001,0,0.205105906200857,0.400052576336041
559232,tan20241026t103729c00s4001-C,tan20241026t103729c00s4001,0,0.1518982714823268,0.400052576336041
559238,tan20241026t103729c00s4001-C,tan20241026t103729c00s4001,0,0.15337577701440297,0.400052576336041
559241,tan20241026t103729c00s4001-F,tan20241026t103729c00s4001,1,0.011472370845694387,0.400052576336041
559242,tan20241026t103729c00s4001-C,tan20241026t103729c00s4001,0,0.12763434103116855,0.400052576336041
559243,tan20241026t103729c00s4001-F,tan20241026t103729c00s4001,0,0.024630182969431477,0.400052576336041
559244,tan20241026t103729c00s4001-C,tan20241026t103729c00s4001,0,0.009314851823982586,0.400052576336041
559245,tan20241026t103729c00s4001-F,tan20241026t103729c00s4001,0,0.08596291510251439,0.400052576336041
559247,tan20241026t103729c00s4001-F,tan20241026t103729c00s4001,0,0.004873211911383004,0.400052576336041
559250,tan20241026t103729c00s4001-C,tan20241026t103729c00s4001,0,0.02529116725903746,0.400052576336041
559258,tan20241026t103729c00s4001-C,tan20241026t103729c00s4001,0,0.28817522481077124,0.400052576336041
559259,tan20241026t103729c00s4001-F,tan20241026t103729c00s4001,0,0.01177815522093826,0.400052576336041
559263,tan20241026t103729c00s4001-F,tan20241026t103729c00s4001,0,0.11079934445884501,0.400052576336041
559265,tan20241026t103729c00s4001-F,tan20241026t103729c00s4001,0,0.028631590743611147,0.400052576336041
559269,tan20241026t103729c00s4001-O,tan20241026t103729c00s4001,1,0.3484388617634321,0.400052576336041
559271,tan20241026t103729c00s4001-O,tan20241026t103729c00s4001,1,0.045042011898670395,0.400052576336041
559272,tan20241026t103729c00s4001-O,tan20241026t103729c00s4001,1,0.045042011898670395,0.400052576336041
559274,tan20241105t034128c00s4001-B,tan20241105t034128c00s4001,1,0.38401007341937937,0.400052576336041
559276,tan20241105t034128c00s4001-B,tan20241105t034128c00s4001,1,0.07766019837814452,0.400052576336041
559278,tan20241105t034128c00s4001-B,tan20241105t034128c00s4001,1,0.1058383228459207,0.400052576336041
559280,tan20241105t034128c00s4001-B,tan20241105t034128c00s4001,1,0.15309960630022734,0.400052576336041
559282,tan20241105t034128c00s4001-B,tan20241105t034128c00s4001,1,0.4567900247006637,0.400052576336041
559284,tan20241105t034128c00s4001-B,tan20241105t034128c00s4001,1,0.12259084404070311,0.400052576336041
559286,tan20241105t034128c00s4001-B,tan20241105t034128c00s4001,1,0.12243155293486908,0.400052576336041
559288,tan20241105t034128c00s4001-B,tan20241105t034128c00s4001,1,0.3321114178744125,0.400052576336041
559289,tan20241026t103729c00s4001-O,tan20241026t103729c00s4001,1,0.33436105377148756,0.400052576336041
559290,tan20241105t034128c00s4001-B,tan20241105t034128c00s4001,1,0.05976595258722806,0.400052576336041
559291,tan20241026t103729c00s4001-O,tan20241026t103729c00s4001,1,0.19028346411431818,0.400052576336041
559292,tan20241105t034128c00s4001-B,tan20241105t034128c00s4001,1,0.0880801668147869,0.400052576336041
559293,tan20241026t103729c00s4001-O,tan20241026t103729c00s4001,1,0.5456144530478503,0.400052576336041
559294,tan20241105t034128c00s4001-B,tan20241105t034128c00s4001,1,0.20714815361022398,0.400052576336041
559295,tan20241026t103729c00s4001-O,tan20241026t103729c00s4001,0,0.21303399975947254,0.400052576336041
559296,tan20241105t034128c00s4001-B,tan20241105t034128c00s4001,1,0.10795306577670435,0.400052576336041
559298,tan20241105t034128c00s4001-B,tan20241105t034128c00s4001,1,0.19900409036325756,0.400052576336041
559299,tan20241026t103729c00s4001-O,tan20241026t103729c00s4001,0,0.1395349756124745,0.400052576336041
559300,tan20241105t034128c00s4001-B,tan20241105t034128c00s4001,1,0.039188591641379555,0.400052576336041
559302,tan20241105t034128c00s4001-B,tan20241105t034128c00s4001,1,0.2052243602452779,0.400052576336041
559304,tan20241105t034128c00s4001-B,tan20241105t034128c00s4001,1,0.07707469221608083,0.400052576336041
559307,tan20241105t034128c00s4001-B,tan20241105t034128c00s4001,0,0.5537207070422315,0.400052576336041
559308,tan20241026t103729c00s4001-O,tan20241026t103729c00s4001,0,0.2985015240406177,0.400052576336041
559309,tan20241105t034128c00s4001-B,tan20241105t034128c00s4001,0,0.20560248483042246,0.400052576336041
559311,tan20241105t034128c00s4001-B,tan20241105t034128c00s4001,0,0.003287940168622577,0.400052576336041
559313,tan20241105t034128c00s4001-B,tan20241105t034128c00s4001,0,0.003742041531565595,0.400052576336041
559315,tan20241105t034128c00s4001-B,tan20241105t034128c00s4001,0,0.00442663553698256,0.400052576336041
559317,tan20241105t034128c00s4001-B,tan20241105t034128c00s4001,0,0.048206708197981375,0.400052576336041
559319,tan20241105t034128c00s4001-B,tan20241105t034128c00s4001,0,0.004034308975981674,0.400052576336041
559321,tan20241105t034128c00s4001-B,tan20241105t034128c00s4001,0,0.004114295847826249,0.400052576336041
559323,tan20241105t034128c00s4001-B,tan20241105t034128c00s4001,0,0.306714323301652,0.400052576336041
559325,tan20241105t034128c00s4001-B,tan20241105t034128c00s4001,0,0.014018241455322341,0.400052576336041
559327,tan20241105t034128c00s4001-B,tan20241105t034128c00s4001,0,0.5426089944515065,0.400052576336041
559328,tan20241105t034128c00s4001-B,tan20241105t034128c00s4001,0,0.010483669859535498,0.400052576336041
559329,tan20241105t034128c00s4001-B,tan20241105t034128c00s4001,0,0.010498515634891294,0.400052576336041
559333,tan20241105t034128c00s4001-B,tan20241105t034128c00s4001,0,0.055206262362051145,0.400052576336041
559334,tan20241105t034128c00s4001-B,tan20241105t034128c00s4001,0,0.026134297899788675,0.400052576336041
559335,tan20241105t034128c00s4001-B,tan20241105t034128c00s4001,0,0.004646818311369509,0.400052576336041
559336,tan20241111t103920c00s4001-E,tan20241111t103920c00s4001,1,0.6807798721809354,0.400052576336041
559341,tan20241111t103920c00s4001-E,tan20241111t103920c00s4001,1,0.4092477090126117,0.400052576336041
559342,tan20241111t103920c00s4001-F,tan20241111t103920c00s4001,1,0.2581660738719776,0.400052576336041
559343,tan20241111t103920c00s4001-E,tan20241111t103920c00s4001,1,0.6804107366169903,0.400052576336041
559344,tan20241111t103920c00s4001-F,tan20241111t103920c00s4001,1,0.08799529065997413,0.400052576336041
559348,tan20241111t103920c00s4001-F,tan20241111t103920c00s4001,1,0.18038248826934186,0.400052576336041
559349,tan20241111t103920c00s4001-E,tan20241111t103920c00s4001,1,0.6435341908814965,0.400052576336041
559353,tan20241111t103920c00s4001-E,tan20241111t103920c00s4001,1,0.8983073128545883,0.400052576336041
559354,tan20241111t103920c00s4001-F,tan20241111t103920c00s4001,1,0.2544283779761425,0.400052576336041
559355,tan20241111t103920c00s4001-E,tan20241111t103920c00s4001,1,0.8810482191142567,0.400052576336041
559356,tan20241111t103920c00s4001-F,tan20241111t103920c00s4001,1,0.10511167408954962,0.400052576336041
559362,tan20241111t103920c00s4001-F,tan20241111t103920c00s4001,1,0.1404228186429082,0.400052576336041
559364,tan20241111t103920c00s4001-F,tan20241111t103920c00s4001,1,0.08796934535625528,0.400052576336041
559365,tan20241111t103920c00s4001-E,tan20241111t103920c00s4001,1,0.5203557574066505,0.400052576336041
559366,tan20241111t103920c00s4001-F,tan20241111t103920c00s4001,1,0.08268013772376541,0.400052576336041
559368,tan20241111t103920c00s4001-F,tan20241111t103920c00s4001,1,0.39018526019384564,0.400052576336041
559370,tan20241111t103920c00s4001-F,tan20241111t103920c00s4001,0,0.8891924873282826,0.400052576336041
559371,tan20241111t103920c00s4001-E,tan20241111t103920c00s4001,0,0.022065062622083673,0.400052576336041
559372,tan20241111t103920c00s4001-F,tan20241111t103920c00s4001,0,0.17733693629395417,0.400052576336041
559373,tan20241111t103920c00s4001-E,tan20241111t103920c00s4001,0,0.5223967986021381,0.400052576336041
559375,tan20241111t103920c00s4001-E,tan20241111t103920c00s4001,0,0.023703828853989306,0.400052576336041
559377,tan20241111t103920c00s4001-E,tan20241111t103920c00s4001,0,0.007118598310764762,0.400052576336041
559379,tan20241111t103920c00s4001-E,tan20241111t103920c00s4001,0,0.3969479819417882,0.400052576336041
559385,tan20241111t103920c00s4001-E,tan20241111t103920c00s4001,0,0.04278971379962567,0.400052576336041
559386,tan20241111t103920c00s4001-F,tan20241111t103920c00s4001,0,0.7409963670661701,0.400052576336041
559387,tan20241111t103920c00s4001-E,tan20241111t103920c00s4001,0,0.17804720526876727,0.400052576336041
559389,tan20241111t103920c00s4001-E,tan20241111t103920c00s4001,0,0.019864566701930698,0.400052576336041
559390,tan20241111t103920c00s4001-F,tan20241111t103920c00s4001,0,0.05829999356289593,0.400052576336041
559392,tan20241111t103920c00s4001-F,tan20241111t103920c00s4001,0,0.4604091238238514,0.400052576336041
559395,tan20241111t103920c00s4001-E,tan20241111t103920c00s4001,0,0.3676968906552209,0.400052576336041
559396,tan20241111t103920c00s4001-F,tan20241111t103920c00s4001,0,0.11579957878669993,0.400052576336041
559399,tan20241111t103920c00s4001-F,tan20241111t103920c00s4001,0,0.407244034453226,0.400052576336041
559504,tan20241202t032459c00s4001-D,tan20241202t032459c00s4001,0,0.0029299154222413516,0.400052576336041
559505,tan20241202t032459c00s4001-C,tan20241202t032459c00s4001,1,0.9061599257765399,0.400052576336041
559523,tan20241202t032459c00s4001-C,tan20241202t032459c00s4001,1,0.8882202873384782,0.400052576336041
559566,tan20241202t032459c00s4001-C,tan20241202t032459c00s4001,1,0.9381366752044721,0.400052576336041
559628,tan20241202t032459c00s4001-C,tan20241202t032459c00s4001,1,0.9413559522552456,0.400052576336041
559683,tan20241202t032459c00s4001-D,tan20241202t032459c00s4001,0,0.2125959823286927,0.400052576336041
559684,tan20241202t032459c00s4001-C,tan20241202t032459c00s4001,1,0.8942015353753057,0.400052576336041
559709,tan20241202t032459c00s4001-C,tan20241202t032459c00s4001,1,0.9266700397401416,0.400052576336041
559710,tan20241202t032459c00s4001-C,tan20241202t032459c00s4001,1,0.8705771045502525,0.400052576336041
559821,tan20241202t032459c00s4001-H,tan20241202t032459c00s4001,0,0.5855341318553235,0.400052576336041
559822,tan20241202t032459c00s4001-C,tan20241202t032459c00s4001,1,0.9475979012394292,0.400052576336041
559824,tan20241202t032459c00s4001-C,tan20241202t032459c00s4001,1,0.9307548375630803,0.400052576336041
559834,tan20241202t032459c00s4001-H,tan20241202t032459c00s4001,0,0.5735086076918855,0.400052576336041
559861,tan20241202t032459c00s4001-C,tan20241202t032459c00s4001,0,0.05905951646987377,0.400052576336041
559865,tan20241202t032459c00s4001-H,tan20241202t032459c00s4001,0,0.550870145731047,0.400052576336041
559866,tan20241202t032459c00s4001-C,tan20241202t032459c00s4001,0,0.03566474664773667,0.400052576336041
559888,tan20241202t032459c00s4001-C,tan20241202t032459c00s4001,0,0.4909487027621826,0.400052576336041
559890,tan20241202t032459c00s4001-C,tan20241202t032459c00s4001,0,0.46048031828899844,0.400052576336041
559891,tan20241202t032459c00s4001-C,tan20241202t032459c00s4001,0,0.8353529571664902,0.400052576336041
559892,tan20241202t032459c00s4001-C,tan20241202t032459c00s4001,0,0.007431357995173622,0.400052576336041
559895,tan20241202t032459c00s4001-N,tan20241202t032459c00s4001,1,0.8004121505242774,0.400052576336041
559898,tan20241202t032459c00s4001-N,tan20241202t032459c00s4001,1,0.5184991531525407,0.400052576336041
559900,tan20241202t032459c00s4001-N,tan20241202t032459c00s4001,1,0.6539537240529608,0.400052576336041
559901,tan20241203t073043c00s4001-C,tan20241203t073043c00s4001,1,0.6370362858587337,0.400052576336041
559907,tan20241203t073043c00s4001-C,tan20241203t073043c00s4001,1,0.5009645190254837,0.400052576336041
559908,tan20241202t032459c00s4001-N,tan20241202t032459c00s4001,1,0.8673046118029969,0.400052576336041
559912,tan20241202t032459c00s4001-N,tan20241202t032459c00s4001,1,0.6227710941347269,0.400052576336041
559916,tan20241202t032459c00s4001-N,tan20241202t032459c00s4001,1,0.653061069748529,0.400052576336041
559917,tan20241203t073043c00s4001-C,tan20241203t073043c00s4001,1,0.62673197174282,0.400052576336041
559920,tan20241202t032459c00s4001-N,tan20241202t032459c00s4001,1,0.5349207139524603,0.400052576336041
559926,tan20241202t032459c00s4001-N,tan20241202t032459c00s4001,0,0.001161391867369879,0.400052576336041
559928,tan20241202t032459c00s4001-N,tan20241202t032459c00s4001,0,0.012930800647290828,0.400052576336041
559929,tan20241203t073043c00s4001-C,tan20241203t073043c00s4001,1,0.4351647066910277,0.400052576336041
559937,tan20241202t032459c00s4001-N,tan20241202t032459c00s4001,0,0.03483982986100968,0.400052576336041
559943,tan20241202t032459c00s4001-N,tan20241202t032459c00s4001,0,0.014145172014337105,0.400052576336041
559949,tan20241203t073043c00s4001-C,tan20241203t073043c00s4001,0,0.5952049480095956,0.400052576336041
559960,tan20241202t032459c00s4001-N,tan20241202t032459c00s4001,0,0.010564151669815126,0.400052576336041
559969,tan20241203t073043c00s4001-C,tan20241203t073043c00s4001,0,0.4709841432222747,0.400052576336041
559974,tan20241203t073043c00s4001-C,tan20241203t073043c00s4001,0,0.07160669625761622,0.400052576336041
559976,tan20241203t073043c00s4001-C,tan20241203t073043c00s4001,0,0.3411305555392267,0.400052576336041
559980,tan20241203t073043c00s4001-G,tan20241203t073043c00s4001,1,0.6163636397598748,0.400052576336041
559982,tan20241203t073043c00s4001-J,tan20241203t073043c00s4001,1,0.4463024977048118,0.400052576336041
559989,tan20241203t073043c00s4001-G,tan20241203t073043c00s4001,1,0.6875912765284651,0.400052576336041
559990,tan20241203t073043c00s4001-J,tan20241203t073043c00s4001,1,0.5978885089711796,0.400052576336041
559991,tan20241203t073043c00s4001-G,tan20241203t073043c00s4001,1,0.4280813791130319,0.400052576336041
559992,tan20241203t073043c00s4001-J,tan20241203t073043c00s4001,1,0.39738514962762944,0.400052576336041
559993,tan20241203t073043c00s4001-G,tan20241203t073043c00s4001,1,0.4531797852867321,0.400052576336041
559994,tan20241203t073043c00s4001-J,tan20241203t073043c00s4001,1,0.36615726077042887,0.400052576336041
559996,tan20241203t073043c00s4001-J,tan20241203t073043c00s4001,1,0.4837877075253082,0.400052576336041
559997,tan20241203t073043c00s4001-G,tan20241203t073043c00s4001,1,0.581716930303888,0.400052576336041
560003,tan20241203t073043c00s4001-J,tan20241203t073043c00s4001,1,0.5331514894085339,0.400052576336041
560006,tan20241203t073043c00s4001-G,tan20241203t073043c00s4001,1,0.5293317406047143,0.400052576336041
560014,tan20241203t073043c00s4001-G,tan20241203t073043c00s4001,0,0.28077982370687116,0.400052576336041
560016,tan20241203t073043c00s4001-G,tan20241203t073043c00s4001,0,0.11294653953933856,0.400052576336041
560021,tan20241203t073043c00s4001-J,tan20241203t073043c00s4001,0,0.598957839746703,0.400052576336041
560022,tan20241203t073043c00s4001-G,tan20241203t073043c00s4001,0,0.325596034488579,0.400052576336041
560023,tan20241203t073043c00s4001-J,tan20241203t073043c00s4001,0,0.4521313278101989,0.400052576336041
560025,tan20241203t073043c00s4001-J,tan20241203t073043c00s4001,0,0.5471233571672164,0.400052576336041
560027,tan20241203t073043c00s4001-J,tan20241203t073043c00s4001,0,0.10185326932382709,0.400052576336041
560032,tan20241203t073043c00s4001-G,tan20241203t073043c00s4001,0,0.44043174879695646,0.400052576336041
560035,tan20241203t073043c00s4001-J,tan20241203t073043c00s4001,0,0.2734750856590707,0.400052576336041
560037,tan20241203t073043c00s4001-J,tan20241203t073043c00s4001,0,0.693141852904809,0.400052576336041
560040,tan20241203t073043c00s4001-J,tan20241203t073043c00s4001,0,0.7482956736017861,0.400052576336041
560041,tan20241203t073043c00s4001-J,tan20241203t073043c00s4001,0,0.10923378838695809,0.400052576336041
560047,tan20241217t064857c00s4001-E,tan20241217t064857c00s4001,1,0.19653055988558385,0.400052576336041
560051,tan20241217t064857c00s4001-E,tan20241217t064857c00s4001,1,0.40408794973126555,0.400052576336041
560052,tan20241217t064857c00s4001-B,tan20241217t064857c00s4001,1,0.08404642332689076,0.400052576336041
560053,tan20241217t064857c00s4001-E,tan20241217t064857c00s4001,1,0.2630180337973767,0.400052576336041
560054,tan20241217t064857c00s4001-B,tan20241217t064857c00s4001,1,0.18987726368226918,0.400052576336041
560055,tan20241217t064857c00s4001-E,tan20241217t064857c00s4001,1,0.8194095900109071,0.400052576336041
560056,tan20241217t064857c00s4001-B,tan20241217t064857c00s4001,1,0.2149794848982734,0.400052576336041
560058,tan20241217t064857c00s4001-B,tan20241217t064857c00s4001,1,0.400052576336041,0.400052576336041
560060,tan20241217t064857c00s4001-B,tan20241217t064857c00s4001,1,0.16273909978574697,0.400052576336041
560062,tan20241217t064857c00s4001-B,tan20241217t064857c00s4001,1,0.23023142058127033,0.400052576336041
560064,tan20241217t064857c00s4001-B,tan20241217t064857c00s4001,1,0.6189873962213377,0.400052576336041
560066,tan20241217t064857c00s4001-B,tan20241217t064857c00s4001,1,0.06782606455787445,0.400052576336041
560067,tan20241217t064857c00s4001-E,tan20241217t064857c00s4001,1,0.7334992783241291,0.400052576336041
560068,tan20241217t064857c00s4001-B,tan20241217t064857c00s4001,1,0.5583464335045822,0.400052576336041
560069,tan20241217t064857c00s4001-E,tan20241217t064857c00s4001,1,0.2764852783791486,0.400052576336041
560072,tan20241217t064857c00s4001-B,tan20241217t064857c00s4001,1,0.12165967584143136,0.400052576336041
560077,tan20241217t064857c00s4001-E,tan20241217t064857c00s4001,0,0.006615766884413268,0.400052576336041
560078,tan20241217t064857c00s4001-B,tan20241217t064857c00s4001,0,0.003137985580327357,0.400052576336041
560079,tan20241217t064857c00s4001-E,tan20241217t064857c00s4001,0,0.05153491739292405,0.400052576336041
560081,tan20241217t064857c00s4001-E,tan20241217t064857c00s4001,0,0.09304841605543399,0.400052576336041
560082,tan20241217t064857c00s4001-B,tan20241217t064857c00s4001,0,0.06353910694999566,0.400052576336041
560083,tan20241217t064857c00s4001-E,tan20241217t064857c00s4001,0,0.037859704246171536,0.400052576336041
560086,tan20241217t064857c00s4001-B,tan20241217t064857c00s4001,0,0.08108510032363836,0.400052576336041
560089,tan20241217t064857c00s4001-E,tan20241217t064857c00s4001,0,0.02236594992369724,0.400052576336041
560094,tan20241217t064857c00s4001-B,tan20241217t064857c00s4001,0,0.326949402031317,0.400052576336041
560095,tan20241217t064857c00s4001-E,tan20241217t064857c00s4001,0,0.0122082552288503,0.400052576336041
560096,tan20241217t064857c00s4001-B,tan20241217t064857c00s4001,0,0.01562773528236548,0.400052576336041
560097,tan20241217t064857c00s4001-E,tan20241217t064857c00s4001,0,0.045264692269546415,0.400052576336041
560098,tan20241217t064857c00s4001-B,tan20241217t064857c00s4001,0,0.0746039343356117,0.400052576336041
560101,tan20241217t064857c00s4001-E,tan20241217t064857c00s4001,0,0.05653057647177578,0.400052576336041
560102,tan20241217t064857c00s4001-B,tan20241217t064857c00s4001,0,0.024112010032523386,0.400052576336041
560106,tan20241217t064857c00s4001-E,tan20241217t064857c00s4001,0,0.010472227213488295,0.400052576336041
560254,tan20241225t032551c00s4001-H,tan20241225t032551c00s4001,0,0.5510829362660049,0.400052576336041
560720,tan20241225t032551c00s4001-D,tan20241225t032551c00s4001,1,0.8326569360361397,0.400052576336041
560722,tan20241225t032551c00s4001-J,tan20241225t032551c00s4001,1,0.8159036566346541,0.400052576336041
560730,tan20241225t032551c00s4001-J,tan20241225t032551c00s4001,1,0.6546892943067248,0.400052576336041
560735,tan20241225t032551c00s4001-J,tan20241225t032551c00s4001,1,0.13104535787290228,0.400052576336041
560741,tan20241225t032551c00s4001-D,tan20241225t032551c00s4001,0,0.7828823478442074,0.400052576336041
560744,tan20241225t032551c00s4001-J,tan20241225t032551c00s4001,1,0.3962329632228188,0.400052576336041
560753,tan20241225t032551c00s4001-J,tan20241225t032551c00s4001,1,0.6828864850548635,0.400052576336041
560759,tan20241225t032551c00s4001-J,tan20241225t032551c00s4001,0,0.18422046003119716,0.400052576336041
560761,tan20241225t032551c00s4001-J,tan20241225t032551c00s4001,0,0.07360388152956676,0.400052576336041
560762,tan20241225t032551c00s4001-L,tan20241225t032551c00s4001,1,0.8847283710928172,0.400052576336041
560764,tan20241225t032551c00s4001-L,tan20241225t032551c00s4001,1,0.8545685382313172,0.400052576336041
560772,tan20241225t032551c00s4001-L,tan20241225t032551c00s4001,1,0.8282983262699608,0.400052576336041
560777,tan20241225t032551c00s4001-J,tan20241225t032551c00s4001,0,0.004747577828127849,0.400052576336041
560782,tan20241225t032551c00s4001-L,tan20241225t032551c00s4001,1,0.8539284665090268,0.400052576336041
560783,tan20241225t032551c00s4001-J,tan20241225t032551c00s4001,0,0.9038480504723123,0.400052576336041
560785,tan20241225t032551c00s4001-J,tan20241225t032551c00s4001,0,0.3593277558003488,0.400052576336041
560798,tan20241225t032551c00s4001-M,tan20241225t032551c00s4001,1,0.7770945361233502,0.400052576336041
560799,tan20241225t032551c00s4001-L,tan20241225t032551c00s4001,0,0.09209228728023451,0.400052576336041
560804,tan20241225t032551c00s4001-M,tan20241225t032551c00s4001,1,0.5198517909841339,0.400052576336041
560809,tan20241225t032551c00s4001-M,tan20241225t032551c00s4001,1,0.5289908857720672,0.400052576336041
560822,tan20241225t032551c00s4001-M,tan20241225t032551c00s4001,1,0.6799271285516486,0.400052576336041
560828,tan20241225t032551c00s4001-M,tan20241225t032551c00s4001,0,0.3374199534805434,0.400052576336041
560831,tan20241225t032551c00s4001-N,tan20241225t032551c00s4001,1,0.06595191960536917,0.400052576336041
560850,tan20241225t032551c00s4001-M,tan20241225t032551c00s4001,0,0.30488332445722127,0.400052576336041
560856,tan20241225t032551c00s4001-M,tan20241225t032551c00s4001,0,0.2304463098462834,0.400052576336041
560857,tan20241225t032551c00s4001-N,tan20241225t032551c00s4001,1,0.29495607950403846,0.400052576336041
560860,tan20241226t060035c00s4001-A,tan20241226t060035c00s4001,1,0.11652577614473603,0.400052576336041
560861,tan20241225t032551c00s4001-N,tan20241225t032551c00s4001,0,0.09295181545293042,0.400052576336041
560863,tan20241225t032551c00s4001-N,tan20241225t032551c00s4001,0,0.049024080427968644,0.400052576336041
560864,tan20241226t060035c00s4001-A,tan20241226t060035c00s4001,1,0.7492140790748435,0.400052576336041
560868,tan20241226t060035c00s4001-A,tan20241226t060035c00s4001,1,0.05009073917966227,0.400052576336041
560870,tan20241226t060035c00s4001-A,tan20241226t060035c00s4001,1,0.15257983201761127,0.400052576336041
560871,tan20241225t032551c00s4001-N,tan20241225t032551c00s4001,0,0.640721940769047,0.400052576336041
560872,tan20241226t060035c00s4001-A,tan20241226t060035c00s4001,1,0.059771932138424494,0.400052576336041
560875,tan20241225t032551c00s4001-N,tan20241225t032551c00s4001,0,0.14812095302400904,0.400052576336041
560876,tan20241226t060035c00s4001-A,tan20241226t060035c00s4001,1,0.07435470749497246,0.400052576336041
560882,tan20241226t060035c00s4001-A,tan20241226t060035c00s4001,1,0.053344949195194925,0.400052576336041
560885,tan20241225t032551c00s4001-N,tan20241225t032551c00s4001,0,0.02734609242287027,0.400052576336041
560886,tan20241226t060035c00s4001-A,tan20241226t060035c00s4001,1,0.6263048598458165,0.400052576336041
560890,tan20241226t060035c00s4001-A,tan20241226t060035c00s4001,0,0.11368423351870703,0.400052576336041
560891,tan20241226t060035c00s4001-A,tan20241226t060035c00s4001,0,0.11833608555893513,0.400052576336041
560892,tan20241226t060035c00s4001-B,tan20241226t060035c00s4001,1,0.003238385497001025,0.400052576336041
560895,tan20241226t060035c00s4001-A,tan20241226t060035c00s4001,0,0.0037474933788353678,0.400052576336041
560897,tan20241226t060035c00s4001-A,tan20241226t060035c00s4001,0,0.007872036205725628,0.400052576336041
560899,tan20241226t060035c00s4001-A,tan20241226t060035c00s4001,0,0.0018171709128751478,0.400052576336041
560901,tan20241226t060035c00s4001-A,tan20241226t060035c00s4001,0,0.039692291791205495,0.400052576336041
560902,tan20241226t060035c00s4001-B,tan20241226t060035c00s4001,1,0.005472085891120002,0.400052576336041
560903,tan20241226t060035c00s4001-A,tan20241226t060035c00s4001,0,0.09567484485089996,0.400052576336041
560904,tan20241226t060035c00s4001-B,tan20241226t060035c00s4001,1,0.0038023315898146875,0.400052576336041
560906,tan20241226t060035c00s4001-B,tan20241226t060035c00s4001,1,0.002293318125379325,0.400052576336041
560908,tan20241226t060035c00s4001-B,tan20241226t060035c00s4001,1,0.0030401844016959612,0.400052576336041
560914,tan20241226t060035c00s4001-B,tan20241226t060035c00s4001,1,0.0037916196605665502,0.400052576336041
560916,tan20241226t060035c00s4001-B,tan20241226t060035c00s4001,1,0.003850548472983229,0.400052576336041
560917,tan20241226t060035c00s4001-A,tan20241226t060035c00s4001,0,0.004156441707959953,0.400052576336041
560918,tan20241226t060035c00s4001-B,tan20241226t060035c00s4001,1,0.004971789737959901,0.400052576336041
561225,tan20241226t060035c00s4001-B,tan20241226t060035c00s4001,0,0.03981050444039687,0.400052576336041
561405,tan20241226t060035c00s4001-E,tan20241226t060035c00s4001,0,0.07167664559840156,0.400052576336041
561406,tan20241226t060035c00s4001-B,tan20241226t060035c00s4001,0,0.10155889019956625,0.400052576336041
561510,tan20241226t060035c00s4001-B,tan20241226t060035c00s4001,0,0.00453754348987084,0.400052576336041
561833,tan20241226t060035c00s4001-B,tan20241226t060035c00s4001,0,0.31467708451815296,0.400052576336041
562134,tan20241226t060035c00s4001-B,tan20241226t060035c00s4001,0,0.29870712955891915,0.400052576336041
562135,tan20241226t060035c00s4001-B,tan20241226t060035c00s4001,0,0.015943110571187247,0.400052576336041
562136,tan20241226t060035c00s4001-B,tan20241226t060035c00s4001,0,0.04562915113475201,0.400052576336041
562415,tan20241230t081533c00s4001-A,tan20241230t081533c00s4001,0,0.002153436224057618,0.400052576336041
562894,tan20250103t163512c00s4001-A,tan20250103t163512c00s4001,0,0.3907631495588066,0.400052576336041
563735,tan20250122t151345c00s4001-A,tan20250122t151345c00s4001,0,0.021812552115179122,0.400052576336041
563736,tan20250122t151345c00s4001-A,tan20250122t151345c00s4001,0,0.20905413477161958,0.400052576336041
563737,tan20250122t151345c00s4001-A,tan20250122t151345c00s4001,0,0.1455345456131209,0.400052576336041
563739,tan20250122t151345c00s4001-A,tan20250122t151345c00s4001,0,0.006197922487868558,0.400052576336041
563852,tan20250127t174657c00s4001-C,tan20250127t174657c00s4001,0,0.006379101105983456,0.400052576336041
563854,tan20250122t151345c00s4001-A,tan20250122t151345c00s4001,0,0.001199237087106743,0.400052576336041
563862,tan20250127t174657c00s4001-C,tan20250127t174657c00s4001,0,0.03640284374571741,0.400052576336041
563865,tan20250122t151345c00s4001-A,tan20250122t151345c00s4001,0,0.4346853518543907,0.400052576336041
563877,tan20250127t174657c00s4001-C,tan20250127t174657c00s4001,0,0.5614438882524225,0.400052576336041
563879,tan20250122t151345c00s4001-A,tan20250122t151345c00s4001,0,0.17438080743409184,0.400052576336041
563931,tan20250127t174657c00s4001-C,tan20250127t174657c00s4001,0,0.009379330728202032,0.400052576336041
563932,tan20250122t151345c00s4001-A,tan20250122t151345c00s4001,0,0.002439088679295171,0.400052576336041
563974,tan20250127t174657c00s4001-C,tan20250127t174657c00s4001,0,0.000891581067974643,0.400052576336041
563977,tan20250122t151345c00s4001-A,tan20250122t151345c00s4001,0,0.0015009254568145326,0.400052576336041
563978,tan20250127t174657c00s4001-C,tan20250127t174657c00s4001,0,0.6069570799492758,0.400052576336041
563980,tan20250122t151345c00s4001-A,tan20250122t151345c00s4001,0,0.13392707070088672,0.400052576336041
564007,tan20250127t174657c00s4001-C,tan20250127t174657c00s4001,0,0.0016126850772778174,0.400052576336041
564009,tan20250122t151345c00s4001-A,tan20250122t151345c00s4001,0,0.04517961526751449,0.400052576336041
564041,tan20250127t174657c00s4001-C,tan20250127t174657c00s4001,0,0.042584934148434984,0.400052576336041
564043,tan20250122t151345c00s4001-A,tan20250122t151345c00s4001,0,0.0011154720647201968,0.400052576336041
564055,tan20250127t174657c00s4001-C,tan20250127t174657c00s4001,0,0.8609235431741271,0.400052576336041
564062,tan20250122t151345c00s4001-A,tan20250122t151345c00s4001,0,0.0015928563102549438,0.400052576336041
564064,tan20250122t151345c00s4001-A,tan20250122t151345c00s4001,0,0.005017149425554858,0.400052576336041
564065,tan20250122t151345c00s4001-A,tan20250122t151345c00s4001,0,0.037659850608803,0.400052576336041
564072,tan20250122t151345c00s4001-A,tan20250122t151345c00s4001,0,0.0004602953645647362,0.400052576336041
564201,tan20250131t181317c00s4001-E,tan20250131t181317c00s4001,0,0.15185357971010818,0.400052576336041
564213,tan20250131t181317c00s4001-E,tan20250131t181317c00s4001,0,0.7953830162556536,0.400052576336041
564215,tan20250131t181317c00s4001-E,tan20250131t181317c00s4001,0,0.1620017381243793,0.400052576336041
564257,tan20250131t181317c00s4001-E,tan20250131t181317c00s4001,0,0.011692352196709227,0.400052576336041
564439,tan20250131t181317c00s4001-F,tan20250131t181317c00s4001,0,0.09352209793051558,0.400052576336041
564509,tan20250131t181317c00s4001-E,tan20250131t181317c00s4001,0,0.7650667326748523,0.400052576336041
564574,tan20250131t181317c00s4001-F,tan20250131t181317c00s4001,0,0.27899777930682035,0.400052576336041
564616,tan20250131t181317c00s4001-E,tan20250131t181317c00s4001,0,0.6520110978631095,0.400052576336041
564660,tan20250131t181317c00s4001-F,tan20250131t181317c00s4001,0,0.22653097153030724,0.400052576336041
565110,tan20250131t181317c00s4001-M,tan20250131t181317c00s4001,0,0.017452266179504284,0.400052576336041
565129,tan20250131t181317c00s4001-M,tan20250131t181317c00s4001,0,0.7433570642966993,0.400052576336041
565478,tan20250131t181317c00s4001-M,tan20250131t181317c00s4001,0,0.10326842974312292,0.400052576336041
565486,tan20250131t181317c00s4001-M,tan20250131t181317c00s4001,0,0.19788748385149257,0.400052576336041
565706,tan20250201t094444c00s4001-B,tan20250201t094444c00s4001,0,0.005999924444593992,0.400052576336041
565714,tan20250131t181317c00s4001-M,tan20250131t181317c00s4001,0,0.006870065836806047,0.400052576336041
565757,tan20250201t094444c00s4001-B,tan20250201t094444c00s4001,0,0.0037796694520813635,0.400052576336041
565794,tan20250201t094444c00s4001-B,tan20250201t094444c00s4001,0,0.008560001491169793,0.400052576336041
565843,tan20250131t181317c00s4001-M,tan20250131t181317c00s4001,0,0.18615692900141134,0.400052576336041
565869,tan20250131t181317c00s4001-M,tan20250131t181317c00s4001,0,0.9627764484619812,0.400052576336041
566173,tan20250202t165233c00s4001-A,tan20250202t165233c00s4001,1,0.7222151465042744,0.400052576336041
566174,tan20250202t165233c00s4001-A,tan20250202t165233c00s4001,1,0.8800721340488505,0.400052576336041
566175,tan20250202t165233c00s4001-A,tan20250202t165233c00s4001,1,0.4373458030032034,0.400052576336041
566176,tan20250202t165233c00s4001-A,tan20250202t165233c00s4001,1,0.8164547885922243,0.400052576336041
566177,tan20250202t165233c00s4001-A,tan20250202t165233c00s4001,1,0.2741786379894066,0.400052576336041
566178,tan20250202t165233c00s4001-A,tan20250202t165233c00s4001,1,0.0560479593709019,0.400052576336041
566479,tan20250202t165233c00s4001-A,tan20250202t165233c00s4001,1,0.5717996164389222,0.400052576336041
566480,tan20250202t165233c00s4001-A,tan20250202t165233c00s4001,1,0.7097780689227948,0.400052576336041
566482,tan20250202t165233c00s4001-A,tan20250202t165233c00s4001,1,0.17831060920931197,0.400052576336041
566484,tan20250202t165233c00s4001-A,tan20250202t165233c00s4001,1,0.8434686515630119,0.400052576336041
566486,tan20250202t165233c00s4001-A,tan20250202t165233c00s4001,1,0.4375041972081775,0.400052576336041
566488,tan20250202t165233c00s4001-A,tan20250202t165233c00s4001,1,0.779793527494654,0.400052576336041
566490,tan20250202t165233c00s4001-A,tan20250202t165233c00s4001,1,0.5717996164389222,0.400052576336041
566491,tan20250203t034534c00s4001-C,tan20250203t034534c00s4001,1,0.9217254585854504,0.400052576336041
566492,tan20250202t165233c00s4001-A,tan20250202t165233c00s4001,1,0.2131628498449319,0.400052576336041
566494,tan20250202t165233c00s4001-A,tan20250202t165233c00s4001,1,0.8293375009914967,0.400052576336041
566496,tan20250202t165233c00s4001-A,tan20250202t165233c00s4001,1,0.29634145263000955,0.400052576336041
566498,tan20250202t165233c00s4001-A,tan20250202t165233c00s4001,0,0.0011007918258359114,0.400052576336041
566500,tan20250202t165233c00s4001-A,tan20250202t165233c00s4001,0,0.0009884940614184373,0.400052576336041
566502,tan20250202t165233c00s4001-A,tan20250202t165233c00s4001,0,0.0010572760410538585,0.400052576336041
566504,tan20250202t165233c00s4001-A,tan20250202t165233c00s4001,0,0.001143082517631644,0.400052576336041
566506,tan20250202t165233c00s4001-A,tan20250202t165233c00s4001,0,0.06494442173091824,0.400052576336041
566508,tan20250202t165233c00s4001-A,tan20250202t165233c00s4001,0,0.0005868873194899781,0.400052576336041
566510,tan20250202t165233c00s4001-A,tan20250202t165233c00s4001,0,0.000752838752151073,0.400052576336041
566511,tan20250203t034534c00s4001-C,tan20250203t034534c00s4001,1,0.9389588553237177,0.400052576336041
566512,tan20250202t165233c00s4001-A,tan20250202t165233c00s4001,0,0.0008627322057577351,0.400052576336041
566514,tan20250202t165233c00s4001-A,tan20250202t165233c00s4001,0,0.014013086056298295,0.400052576336041
566515,tan20250203t034534c00s4001-C,tan20250203t034534c00s4001,0,0.8982158577254642,0.400052576336041
566516,tan20250202t165233c00s4001-A,tan20250202t165233c00s4001,0,0.0012635613144792988,0.400052576336041
566517,tan20250203t034534c00s4001-C,tan20250203t034534c00s4001,0,0.10747627079222577,0.400052576336041
566518,tan20250202t165233c00s4001-A,tan20250202t165233c00s4001,0,0.03321125253590545,0.400052576336041
566521,tan20250202t165233c00s4001-A,tan20250202t165233c00s4001,0,0.0009423505261179981,0.400052576336041
566523,tan20250202t165233c00s4001-A,tan20250202t165233c00s4001,0,0.033876769575087354,0.400052576336041
566525,tan20250202t165233c00s4001-A,tan20250202t165233c00s4001,0,0.0011559553258565166,0.400052576336041
566527,tan20250202t165233c00s4001-A,tan20250202t165233c00s4001,0,0.0008728296743813062,0.400052576336041
566529,tan20250202t165233c00s4001-A,tan20250202t165233c00s4001,0,0.009053704803239478,0.400052576336041
566695,tan20250203t034534c00s4001-E,tan20250203t034534c00s4001,0,0.0022645426110093803,0.400052576336041
566825,tan20250203t034534c00s4001-E,tan20250203t034534c00s4001,0,0.42821793879594694,0.400052576336041
566866,tan20250203t034534c00s4001-F,tan20250203t034534c00s4001,0,0.09494554505054867,0.400052576336041
566870,tan20250203t034534c00s4001-F,tan20250203t034534c00s4001,0,0.15163324217299384,0.400052576336041
567003,tan20250203t034534c00s4001-G,tan20250203t034534c00s4001,0,0.45300778349905074,0.400052576336041
567025,tan20250203t034534c00s4001-H,tan20250203t034534c00s4001,1,0.4365154087321908,0.400052576336041
567045,tan20250203t034534c00s4001-H,tan20250203t034534c00s4001,1,0.5942779948594779,0.400052576336041
567046,tan20250203t034534c00s4001-H,tan20250203t034534c00s4001,1,0.5140080661170103,0.400052576336041
567155,tan20250203t034534c00s4001-H,tan20250203t034534c00s4001,1,0.7439910125929754,0.400052576336041
567162,tan20250203t034534c00s4001-H,tan20250203t034534c00s4001,0,0.7273093483692112,0.400052576336041
567189,tan20250203t034534c00s4001-I,tan20250203t034534c00s4001,0,0.8750400420925464,0.400052576336041
567321,tan20250203t034534c00s4001-J,tan20250203t034534c00s4001,0,0.6448518182540117,0.400052576336041
567434,tan20250203t034534c00s4001-J,tan20250203t034534c00s4001,0,0.3664640192506269,0.400052576336041
567660,tan20250203t034534c00s4001-L,tan20250203t034534c00s4001,1,0.9354022805937087,0.400052576336041
567663,tan20250203t034534c00s4001-L,tan20250203t034534c00s4001,1,0.9414939144932427,0.400052576336041
567668,tan20250203t034534c00s4001-L,tan20250203t034534c00s4001,1,0.939766752170091,0.400052576336041
567674,tan20250203t034534c00s4001-L,tan20250203t034534c00s4001,1,0.8248516271153046,0.400052576336041
567676,tan20250203t034534c00s4001-L,tan20250203t034534c00s4001,1,0.943121759361892,0.400052576336041
567686,tan20250203t034534c00s4001-L,tan20250203t034534c00s4001,0,0.0017275316141251603,0.400052576336041
567687,tan20250203t034534c00s4001-M,tan20250203t034534c00s4001,1,0.8783745411412144,0.400052576336041
567696,tan20250203t034534c00s4001-L,tan20250203t034534c00s4001,0,0.22789691754526623,0.400052576336041
567699,tan20250203t034534c00s4001-M,tan20250203t034534c00s4001,1,0.9233423490167135,0.400052576336041
567817,tan20250203t034534c00s4001-P,tan20250203t034534c00s4001,0,0.8078835827607187,0.400052576336041
567902,tan20250203t034534c00s4001-M,tan20250203t034534c00s4001,0,0.827036618969769,0.400052576336041
567942,tan20250203t034534c00s4001-P,tan20250203t034534c00s4001,0,0.002948417206153139,0.400052576336041
568289,tan20250203t034534c00s4001-Q,tan20250203t034534c00s4001,1,0.9176342960225121,0.400052576336041
568391,tan20250206t142658c00s4001-A,tan20250206t142658c00s4001,0,0.002838129060632389,0.400052576336041
568393,tan20250206t142658c00s4001-A,tan20250206t142658c00s4001,0,0.0033229803070515323,0.400052576336041
568394,tan20250203t034534c00s4001-Q,tan20250203t034534c00s4001,1,0.5716261117987453,0.400052576336041
568396,tan20250206t142658c00s4001-A,tan20250206t142658c00s4001,0,0.002306768517034942,0.400052576336041
568403,tan20250206t142658c00s4001-A,tan20250206t142658c00s4001,0,0.004334231218149598,0.400052576336041
568404,tan20250203t034534c00s4001-Q,tan20250203t034534c00s4001,1,0.9146750077318186,0.400052576336041
568406,tan20250206t142658c00s4001-A,tan20250206t142658c00s4001,0,0.0006465611018122088,0.400052576336041
568411,tan20250206t142658c00s4001-A,tan20250206t142658c00s4001,0,0.254455974989418,0.400052576336041
568414,tan20250206t142658c00s4001-A,tan20250206t142658c00s4001,0,0.0004820168351148235,0.400052576336041
568416,tan20250206t142658c00s4001-A,tan20250206t142658c00s4001,0,0.0036716407000922857,0.400052576336041
568418,tan20250206t142658c00s4001-A,tan20250206t142658c00s4001,0,0.6038990374552794,0.400052576336041
568420,tan20250206t142658c00s4001-A,tan20250206t142658c00s4001,0,0.0009150322169112485,0.400052576336041
568424,tan20250206t142658c00s4001-A,tan20250206t142658c00s4001,0,0.003873726705176982,0.400052576336041
568426,tan20250206t142658c00s4001-A,tan20250206t142658c00s4001,0,0.002343411331688261,0.400052576336041
568428,tan20250206t142658c00s4001-A,tan20250206t142658c00s4001,0,0.2901501368279587,0.400052576336041
568433,tan20250206t142658c00s4001-A,tan20250206t142658c00s4001,0,0.001887202756800617,0.400052576336041
568435,tan20250206t142658c00s4001-A,tan20250206t142658c00s4001,0,0.5792598473934168,0.400052576336041
568444,tan20250206t142658c00s4001-A,tan20250206t142658c00s4001,0,0.05203591286601632,0.400052576336041
568979,tan20250208t081734c00s4001-C,tan20250208t081734c00s4001,0,0.0014210530508207437,0.400052576336041
569352,tan20250209t103847c00s4001-A,tan20250209t103847c00s4001,1,0.8631931901518611,0.400052576336041
569353,tan20250209t103847c00s4001-B,tan20250209t103847c00s4001,1,0.9159776659487381,0.400052576336041
569355,tan20250209t103847c00s4001-B,tan20250209t103847c00s4001,1,0.8606955332675493,0.400052576336041
569361,tan20250209t103847c00s4001-B,tan20250209t103847c00s4001,1,0.905505168550045,0.400052576336041
569362,tan20250209t103847c00s4001-A,tan20250209t103847c00s4001,1,0.9198699595147539,0.400052576336041
569371,tan20250209t103847c00s4001-B,tan20250209t103847c00s4001,1,0.9064569090561698,0.400052576336041
569378,tan20250209t103847c00s4001-A,tan20250209t103847c00s4001,1,0.8421513349100751,0.400052576336041
569381,tan20250209t103847c00s4001-B,tan20250209t103847c00s4001,0,0.08130088597997578,0.400052576336041
569382,tan20250209t103847c00s4001-A,tan20250209t103847c00s4001,0,0.34775243249038834,0.400052576336041
569383,tan20250209t103847c00s4001-B,tan20250209t103847c00s4001,0,0.0020522195548219697,0.400052576336041
569388,tan20250209t103847c00s4001-A,tan20250209t103847c00s4001,0,0.008870691511822,0.400052576336041
569394,tan20250209t103847c00s4001-A,tan20250209t103847c00s4001,0,0.15693437835382384,0.400052576336041
569396,tan20250209t103847c00s4001-A,tan20250209t103847c00s4001,0,0.5071013660134756,0.400052576336041
569397,tan20250209t103847c00s4001-B,tan20250209t103847c00s4001,0,0.013857070130929407,0.400052576336041
569402,tan20250209t103847c00s4001-A,tan20250209t103847c00s4001,0,0.044469440510995106,0.400052576336041
569405,tan20250209t103847c00s4001-B,tan20250209t103847c00s4001,0,0.018953009465630926,0.400052576336041
569597,tan20250209t103847c00s4001-D,tan20250209t103847c00s4001,0,0.6261076005858808,0.400052576336041
569598,tan20250209t103847c00s4001-C,tan20250209t103847c00s4001,1,0.841866507512799,0.400052576336041
569708,tan20250209t103847c00s4001-C,tan20250209t103847c00s4001,1,0.9653418405879182,0.400052576336041
569726,tan20250209t103847c00s4001-C,tan20250209t103847c00s4001,1,0.9604014385519826,0.400052576336041
569733,tan20250209t103847c00s4001-E,tan20250209t103847c00s4001,1,0.952608626103732,0.400052576336041
569735,tan20250209t103847c00s4001-E,tan20250209t103847c00s4001,1,0.9105214702917336,0.400052576336041
569737,tan20250209t103847c00s4001-E,tan20250209t103847c00s4001,1,0.9042371678540575,0.400052576336041
569738,tan20250209t103847c00s4001-C,tan20250209t103847c00s4001,0,0.027430858883121634,0.400052576336041
569741,tan20250209t103847c00s4001-E,tan20250209t103847c00s4001,1,0.911234210711377,0.400052576336041
569742,tan20250209t103847c00s4001-C,tan20250209t103847c00s4001,0,0.048307212910099075,0.400052576336041
569747,tan20250209t103847c00s4001-E,tan20250209t103847c00s4001,1,0.8946475243434856,0.400052576336041
569748,tan20250209t103847c00s4001-C,tan20250209t103847c00s4001,0,0.004977367915222253,0.400052576336041
569757,tan20250209t103847c00s4001-E,tan20250209t103847c00s4001,1,0.9033139686681118,0.400052576336041
570060,tan20250209t103847c00s4001-E,tan20250209t103847c00s4001,0,0.02237208051453396,0.400052576336041
570064,tan20250215t032943c00s4001-G,tan20250215t032943c00s4001,1,0.7024428154964624,0.400052576336041
570066,tan20250215t032943c00s4001-G,tan20250215t032943c00s4001,1,0.8635040255395146,0.400052576336041
570068,tan20250215t032943c00s4001-G,tan20250215t032943c00s4001,1,0.6760385344532099,0.400052576336041
570070,tan20250215t032943c00s4001-G,tan20250215t032943c00s4001,1,0.756302804505756,0.400052576336041
570072,tan20250215t032943c00s4001-G,tan20250215t032943c00s4001,1,0.8288185082206689,0.400052576336041
570074,tan20250215t032943c00s4001-G,tan20250215t032943c00s4001,1,0.8579781194181513,0.400052576336041
570076,tan20250215t032943c00s4001-G,tan20250215t032943c00s4001,1,0.8498001740248623,0.400052576336041
570077,tan20250209t103847c00s4001-E,tan20250209t103847c00s4001,0,0.44103405599489176,0.400052576336041
570078,tan20250215t032943c00s4001-G,tan20250215t032943c00s4001,1,0.7356767020454951,0.400052576336041
570079,tan20250209t103847c00s4001-E,tan20250209t103847c00s4001,0,0.012198574333991215,0.400052576336041
570080,tan20250215t032943c00s4001-G,tan20250215t032943c00s4001,1,0.5276322090134654,0.400052576336041
570082,tan20250215t032943c00s4001-G,tan20250215t032943c00s4001,1,0.8635040255395146,0.400052576336041
570083,tan20250215t032943c00s4001-G,tan20250215t032943c00s4001,1,0.7499029613367708,0.400052576336041
570084,tan20250215t032943c00s4001-G,tan20250215t032943c00s4001,1,0.8815862401207142,0.400052576336041
570085,tan20250215t032943c00s4001-G,tan20250215t032943c00s4001,1,0.6993031424393316,0.400052576336041
570086,tan20250215t032943c00s4001-G,tan20250215t032943c00s4001,1,0.6885159845309624,0.400052576336041
570193,tan20250302t055859c00s4001-C,tan20250302t055859c00s4001,0,0.0022023351459937194,0.400052576336041
570194,tan20250215t032943c00s4001-G,tan20250215t032943c00s4001,1,0.6895708659467565,0.400052576336041
570198,tan20250302t055859c00s4001-C,tan20250302t055859c00s4001,0,0.0022751374063602558,0.400052576336041
570199,tan20250215t032943c00s4001-G,tan20250215t032943c00s4001,1,0.8324109149252369,0.400052576336041
570206,tan20250215t032943c00s4001-G,tan20250215t032943c00s4001,0,0.01371772540604802,0.400052576336041
570231,tan20250302t055859c00s4001-C,tan20250302t055859c00s4001,0,0.005504460330797995,0.400052576336041
570232,tan20250215t032943c00s4001-G,tan20250215t032943c00s4001,0,0.018727147151060896,0.400052576336041
570279,tan20250215t032943c00s4001-G,tan20250215t032943c00s4001,0,0.004099451565570508,0.400052576336041
570290,tan20250215t032943c00s4001-G,tan20250215t032943c00s4001,0,0.0016092839116121887,0.400052576336041
570296,tan20250302t055859c00s4001-C,tan20250302t055859c00s4001,0,0.0016994738915691889,0.400052576336041
570301,tan20250215t032943c00s4001-G,tan20250215t032943c00s4001,0,0.34005053862884654,0.400052576336041
570356,tan20250302t055859c00s4001-C,tan20250302t055859c00s4001,0,0.0022692145408267183,0.400052576336041
570357,tan20250215t032943c00s4001-G,tan20250215t032943c00s4001,0,0.024489176098641714,0.400052576336041
570408,tan20250215t032943c00s4001-G,tan20250215t032943c00s4001,0,0.09979835329612674,0.400052576336041
570411,tan20250215t032943c00s4001-G,tan20250215t032943c00s4001,0,0.001996641168042794,0.400052576336041
570572,tan20250302t055859c00s4001-D,tan20250302t055859c00s4001,0,0.8011231478812948,0.400052576336041
570577,tan20250215t032943c00s4001-G,tan20250215t032943c00s4001,0,0.14989542473190207,0.400052576336041
570590,tan20250215t032943c00s4001-G,tan20250215t032943c00s4001,0,0.024802678558695782,0.400052576336041
570636,tan20250215t032943c00s4001-G,tan20250215t032943c00s4001,0,0.0012107454067389525,0.400052576336041
570642,tan20250215t032943c00s4001-G,tan20250215t032943c00s4001,0,0.015133206451553952,0.400052576336041
570724,tan20250302t055859c00s4001-D,tan20250302t055859c00s4001,0,0.02585843223987686,0.400052576336041
570725,tan20250215t032943c00s4001-G,tan20250215t032943c00s4001,0,0.03525335152602367,0.400052576336041
570731,tan20250215t032943c00s4001-G,tan20250215t032943c00s4001,0,0.004409336543599112,0.400052576336041
570741,tan20250215t032943c00s4001-G,tan20250215t032943c00s4001,0,0.01632191693079768,0.400052576336041
570745,tan20250215t032943c00s4001-G,tan20250215t032943c00s4001,0,0.0036906823259408215,0.400052576336041
570853,tan20250302t055859c00s4001-E,tan20250302t055859c00s4001,0,0.003470083062050287,0.400052576336041
570875,tan20250302t055859c00s4001-E,tan20250302t055859c00s4001,0,0.0008862495011624703,0.400052576336041
570891,tan20250307t102102c00s4001-B,tan20250307t102102c00s4001,1,0.19683823919254664,0.400052576336041
570909,tan20250302t055859c00s4001-E,tan20250302t055859c00s4001,0,0.001531800515816437,0.400052576336041
570910,tan20250307t102102c00s4001-B,tan20250307t102102c00s4001,1,0.09857979600134557,0.400052576336041
570920,tan20250302t055859c00s4001-E,tan20250302t055859c00s4001,0,0.0015302415820603013,0.400052576336041
570921,tan20250307t102102c00s4001-B,tan20250307t102102c00s4001,1,0.5561789734653592,0.400052576336041
570923,tan20250302t055859c00s4001-E,tan20250302t055859c00s4001,0,0.0039630300496452525,0.400052576336041
570924,tan20250307t102102c00s4001-B,tan20250307t102102c00s4001,1,0.6255948343610386,0.400052576336041
570929,tan20250307t102102c00s4001-B,tan20250307t102102c00s4001,1,0.08174923600819801,0.400052576336041
570931,tan20250302t055859c00s4001-E,tan20250302t055859c00s4001,0,0.00213180385416454,0.400052576336041
570932,tan20250307t102102c00s4001-B,tan20250307t102102c00s4001,1,0.24119582971664455,0.400052576336041
570946,tan20250302t055859c00s4001-E,tan20250302t055859c00s4001,0,0.0005458285273432611,0.400052576336041
570955,tan20250302t055859c00s4001-E,tan20250302t055859c00s4001,0,0.9645209209518688,0.400052576336041
570965,tan20250302t055859c00s4001-E,tan20250302t055859c00s4001,0,0.0012687848472409885,0.400052576336041
570974,tan20250307t102102c00s4001-B,tan20250307t102102c00s4001,1,0.3836103920992636,0.400052576336041
570990,tan20250307t102102c00s4001-C,tan20250307t102102c00s4001,1,0.43425201993571144,0.400052576336041
570992,tan20250307t102102c00s4001-C,tan20250307t102102c00s4001,1,0.5962871804459113,0.400052576336041
570995,tan20250307t102102c00s4001-B,tan20250307t102102c00s4001,0,0.10010897762485782,0.400052576336041
570997,tan20250307t102102c00s4001-B,tan20250307t102102c00s4001,0,0.20885738930171563,0.400052576336041
571003,tan20250307t102102c00s4001-B,tan20250307t102102c00s4001,0,0.012374787321161504,0.400052576336041
571004,tan20250307t102102c00s4001-C,tan20250307t102102c00s4001,1,0.3117654618874916,0.400052576336041
571007,tan20250307t102102c00s4001-B,tan20250307t102102c00s4001,0,0.006234274390271695,0.400052576336041
571010,tan20250307t102102c00s4001-C,tan20250307t102102c00s4001,0,0.14396182406803942,0.400052576336041
571012,tan20250307t102102c00s4001-C,tan20250307t102102c00s4001,0,0.04416644908349076,0.400052576336041
571015,tan20250307t102102c00s4001-D,tan20250307t102102c00s4001,1,0.7953444129512612,0.400052576336041
571022,tan20250307t102102c00s4001-C,tan20250307t102102c00s4001,0,0.003239346756608083,0.400052576336041
571023,tan20250307t102102c00s4001-D,tan20250307t102102c00s4001,1,0.5122032185557817,0.400052576336041
571025,tan20250307t102102c00s4001-D,tan20250307t102102c00s4001,1,0.1632325956504578,0.400052576336041
571027,tan20250307t102102c00s4001-D,tan20250307t102102c00s4001,1,0.8032571285254739,0.400052576336041
571028,tan20250307t102102c00s4001-C,tan20250307t102102c00s4001,0,0.08380014077887078,0.400052576336041
571029,tan20250307t102102c00s4001-D,tan20250307t102102c00s4001,1,0.8238427447329698,0.400052576336041
571032,tan20250307t102102c00s4001-C,tan20250307t102102c00s4001,0,0.1995018781948609,0.400052576336041
571033,tan20250307t102102c00s4001-D,tan20250307t102102c00s4001,1,0.35893637401478434,0.400052576336041
571040,tan20250307t120329c00s4001-A,tan20250307t120329c00s4001,1,0.9648693102646069,0.400052576336041
571042,tan20250307t120329c00s4001-A,tan20250307t120329c00s4001,1,0.9805235413357515,0.400052576336041
571044,tan20250307t120329c00s4001-A,tan20250307t120329c00s4001,1,0.9764825081638356,0.400052576336041
571045,tan20250307t102102c00s4001-D,tan20250307t102102c00s4001,0,0.05094009741308731,0.400052576336041
571046,tan20250307t120329c00s4001-A,tan20250307t120329c00s4001,1,0.9681834026167342,0.400052576336041
571047,tan20250307t102102c00s4001-D,tan20250307t102102c00s4001,0,0.1049394811903678,0.400052576336041
571048,tan20250307t120329c00s4001-A,tan20250307t120329c00s4001,1,0.9666872232641631,0.400052576336041
571050,tan20250307t120329c00s4001-A,tan20250307t120329c00s4001,1,0.9050696361000381,0.400052576336041
571051,tan20250307t102102c00s4001-D,tan20250307t102102c00s4001,0,0.024415603055475667,0.400052576336041
571052,tan20250307t120329c00s4001-A,tan20250307t120329c00s4001,1,0.9720622115914471,0.400052576336041
571054,tan20250307t120329c00s4001-A,tan20250307t120329c00s4001,1,0.9621171505391216,0.400052576336041
571056,tan20250307t120329c00s4001-A,tan20250307t120329c00s4001,1,0.9606216787718973,0.400052576336041
571057,tan20250307t102102c00s4001-D,tan20250307t102102c00s4001,0,0.2791710730408603,0.400052576336041
571058,tan20250307t120329c00s4001-A,tan20250307t120329c00s4001,1,0.956243062329385,0.400052576336041
571059,tan20250307t102102c00s4001-D,tan20250307t102102c00s4001,0,0.17439058120824147,0.400052576336041
571060,tan20250307t120329c00s4001-A,tan20250307t120329c00s4001,1,0.9381215623888313,0.400052576336041
571062,tan20250307t120329c00s4001-A,tan20250307t120329c00s4001,1,0.9647435002546929,0.400052576336041
571064,tan20250307t120329c00s4001-A,tan20250307t120329c00s4001,1,0.9572074058790637,0.400052576336041
571065,tan20250307t102102c00s4001-D,tan20250307t102102c00s4001,0,0.12168064205540939,0.400052576336041
571066,tan20250307t120329c00s4001-A,tan20250307t120329c00s4001,1,0.9519615895220833,0.400052576336041
571067,tan20250307t102102c00s4001-D,tan20250307t102102c00s4001,0,0.03776157441120112,0.400052576336041
571068,tan20250307t120329c00s4001-A,tan20250307t120329c00s4001,1,0.9648693102646069,0.400052576336041
571070,tan20250307t120329c00s4001-A,tan20250307t120329c00s4001,1,0.9755676098215416,0.400052576336041
571072,tan20250307t120329c00s4001-A,tan20250307t120329c00s4001,0,0.08023630012001699,0.400052576336041
571074,tan20250307t120329c00s4001-A,tan20250307t120329c00s4001,0,0.010554469328091388,0.400052576336041
571075,tan20250307t120329c00s4001-A,tan20250307t120329c00s4001,0,0.5765356060032947,0.400052576336041
571076,tan20250307t120329c00s4001-A,tan20250307t120329c00s4001,0,0.7926985514537055,0.400052576336041
571077,tan20250307t120329c00s4001-A,tan20250307t120329c00s4001,0,0.1371737757174718,0.400052576336041
571080,tan20250307t120329c00s4001-A,tan20250307t120329c00s4001,0,0.23676805176675536,0.400052576336041
571082,tan20250307t120329c00s4001-A,tan20250307t120329c00s4001,0,0.1170186187427176,0.400052576336041
571084,tan20250307t120329c00s4001-A,tan20250307t120329c00s4001,0,0.005284308336475883,0.400052576336041
571086,tan20250307t120329c00s4001-A,tan20250307t120329c00s4001,0,0.11961552212068331,0.400052576336041
571088,tan20250307t120329c00s4001-A,tan20250307t120329c00s4001,0,0.3724249470896361,0.400052576336041
571090,tan20250307t120329c00s4001-A,tan20250307t120329c00s4001,0,0.017488783416853438,0.400052576336041
571092,tan20250307t120329c00s4001-A,tan20250307t120329c00s4001,0,0.009688863256556428,0.400052576336041
571094,tan20250307t120329c00s4001-A,tan20250307t120329c00s4001,0,0.9157480787577746,0.400052576336041
571096,tan20250307t120329c00s4001-A,tan20250307t120329c00s4001,0,0.4800137491612637,0.400052576336041
571098,tan20250307t120329c00s4001-A,tan20250307t120329c00s4001,0,0.6553471318826808,0.400052576336041
571100,tan20250307t120329c00s4001-A,tan20250307t120329c00s4001,0,0.5768328488159672,0.400052576336041
571118,tan20250308t033118c00s4001-A,tan20250308t033118c00s4001,0,0.7980377849654244,0.400052576336041
571127,tan20250308t033118c00s4001-B,tan20250308t033118c00s4001,1,0.8953768860146638,0.400052576336041
571147,tan20250308t033118c00s4001-B,tan20250308t033118c00s4001,0,0.8246278203652185,0.400052576336041
571168,tan20250308t033118c00s4001-C,tan20250308t033118c00s4001,1,0.9560034856444004,0.400052576336041
571194,tan20250308t033118c00s4001-C,tan20250308t033118c00s4001,0,0.519297846024783,0.400052576336041
571243,tan20250308t033118c00s4001-F,tan20250308t033118c00s4001,1,0.9593533577736061,0.400052576336041
571290,tan20250308t033118c00s4001-G,tan20250308t033118c00s4001,1,0.8893020912058747,0.400052576336041
571294,tan20250308t033118c00s4001-G,tan20250308t033118c00s4001,1,0.9358437006047583,0.400052576336041
571302,tan20250308t033118c00s4001-G,tan20250308t033118c00s4001,0,0.8908400771144904,0.400052576336041
571311,tan20250308t033118c00s4001-H,tan20250308t033118c00s4001,1,0.21879845956427757,0.400052576336041
571326,tan20250308t033118c00s4001-H,tan20250308t033118c00s4001,1,0.8910796295650023,0.400052576336041
571331,tan20250308t033118c00s4001-H,tan20250308t033118c00s4001,0,0.7761346139574129,0.400052576336041
571353,tan20250308t033118c00s4001-H,tan20250308t033118c00s4001,0,0.9156357914323999,0.400052576336041
571362,tan20250308t033118c00s4001-J,tan20250308t033118c00s4001,1,0.13194945224633448,0.400052576336041
571391,tan20250308t033118c00s4001-I,tan20250308t033118c00s4001,0,0.9422861898554499,0.400052576336041
571403,tan20250308t033118c00s4001-K,tan20250308t033118c00s4001,1,0.9681036250596945,0.400052576336041
571409,tan20250308t033118c00s4001-K,tan20250308t033118c00s4001,1,0.9664116444332752,0.400052576336041
571453,tan20250308t033118c00s4001-K,tan20250308t033118c00s4001,0,0.4817240750960316,0.400052576336041
571494,tan20250308t033118c00s4001-O,tan20250308t033118c00s4001,1,0.9316018629738853,0.400052576336041
571496,tan20250308t033118c00s4001-O,tan20250308t033118c00s4001,1,0.9139057286005742,0.400052576336041
571530,tan20250308t033118c00s4001-O,tan20250308t033118c00s4001,0,0.5485701000025447,0.400052576336041
571532,tan20250308t033118c00s4001-O,tan20250308t033118c00s4001,0,0.6040553122289597,0.400052576336041
571556,tan20250308t033118c00s4001-Q,tan20250308t033118c00s4001,1,0.6062183611719156,0.400052576336041
571557,tan20250308t033118c00s4001-P,tan20250308t033118c00s4001,0,0.8026254274065602,0.400052576336041
571559,tan20250308t033118c00s4001-P,tan20250308t033118c00s4001,0,0.1731629767293096,0.400052576336041
571561,tan20250308t033118c00s4001-P,tan20250308t033118c00s4001,0,0.40382701233937934,0.400052576336041
571573,tan20250308t033118c00s4001-P,tan20250308t033118c00s4001,0,0.008883317987505785,0.400052576336041
571599,tan20250308t033118c00s4001-R,tan20250308t033118c00s4001,1,0.9189001414421786,0.400052576336041
571640,tan20250308t033118c00s4001-S,tan20250308t033118c00s4001,1,0.8175237661714916,0.400052576336041
571648,tan20250308t033118c00s4001-S,tan20250308t033118c00s4001,1,0.8920052548048907,0.400052576336041
571651,tan20250308t033118c00s4001-S,tan20250308t033118c00s4001,0,0.7708474983560634,0.400052576336041
571984,tan20250308t173357c00s4001-A,tan20250308t173357c00s4001,1,0.6738754879942236,0.400052576336041
571986,tan20250308t173357c00s4001-A,tan20250308t173357c00s4001,1,0.6569085462947795,0.400052576336041
571988,tan20250308t173357c00s4001-A,tan20250308t173357c00s4001,1,0.6919536165960597,0.400052576336041
571990,tan20250308t173357c00s4001-A,tan20250308t173357c00s4001,1,0.6213596878984738,0.400052576336041
571992,tan20250308t173357c00s4001-A,tan20250308t173357c00s4001,1,0.626402028996351,0.400052576336041
571994,tan20250308t173357c00s4001-A,tan20250308t173357c00s4001,1,0.613910429495514,0.400052576336041
571995,tan20250308t033118c00s4001-T,tan20250308t033118c00s4001,0,0.0024924569496563563,0.400052576336041
571996,tan20250308t173357c00s4001-A,tan20250308t173357c00s4001,1,0.6243165790713232,0.400052576336041
571998,tan20250308t173357c00s4001-A,tan20250308t173357c00s4001,1,0.6091291889761083,0.400052576336041
572000,tan20250308t173357c00s4001-A,tan20250308t173357c00s4001,1,0.7856799974062506,0.400052576336041
572002,tan20250308t173357c00s4001-A,tan20250308t173357c00s4001,1,0.4698307243146136,0.400052576336041
572004,tan20250308t173357c00s4001-A,tan20250308t173357c00s4001,1,0.8606040929897064,0.400052576336041
572006,tan20250308t173357c00s4001-A,tan20250308t173357c00s4001,1,0.7472784454387991,0.400052576336041
572008,tan20250308t173357c00s4001-A,tan20250308t173357c00s4001,1,0.5581009316689826,0.400052576336041
572010,tan20250308t173357c00s4001-A,tan20250308t173357c00s4001,1,0.6039150658482735,0.400052576336041
572012,tan20250308t173357c00s4001-A,tan20250308t173357c00s4001,1,0.5781753295868146,0.400052576336041
572013,tan20250308t173357c00s4001-A,tan20250308t173357c00s4001,1,0.5953831860474534,0.400052576336041
572014,tan20250308t173357c00s4001-A,tan20250308t173357c00s4001,0,0.7970101479008043,0.400052576336041
572127,tan20250308t173357c00s4001-A,tan20250308t173357c00s4001,0,0.003265379983561152,0.400052576336041
572131,tan20250308t173357c00s4001-A,tan20250308t173357c00s4001,0,0.5196154778516339,0.400052576336041
572139,tan20250308t173357c00s4001-A,tan20250308t173357c00s4001,0,0.006895115672572769,0.400052576336041
572173,tan20250308t173357c00s4001-A,tan20250308t173357c00s4001,0,0.0012325178522884868,0.400052576336041
572287,tan20250308t173357c00s4001-A,tan20250308t173357c00s4001,0,0.0008399962551653763,0.400052576336041
572300,tan20250308t173357c00s4001-A,tan20250308t173357c00s4001,0,0.03918094804139498,0.400052576336041
572305,tan20250308t173357c00s4001-A,tan20250308t173357c00s4001,0,0.9354453035577782,0.400052576336041
572321,tan20250308t173357c00s4001-A,tan20250308t173357c00s4001,0,0.0013578120901537789,0.400052576336041
572322,tan20250308t173357c00s4001-A,tan20250308t173357c00s4001,0,0.0006566418703634467,0.400052576336041
572323,tan20250308t173357c00s4001-A,tan20250308t173357c00s4001,0,0.04028409072540665,0.400052576336041
572424,tan20250309t060015c00s4001-B,tan20250309t060015c00s4001,0,0.0007819937760667477,0.400052576336041
572425,tan20250308t173357c00s4001-A,tan20250308t173357c00s4001,0,0.4176272367463892,0.400052576336041
572433,tan20250308t173357c00s4001-A,tan20250308t173357c00s4001,0,0.0022348570996487574,0.400052576336041
572440,tan20250308t173357c00s4001-A,tan20250308t173357c00s4001,0,0.05663788802396505,0.400052576336041
572457,tan20250308t173357c00s4001-A,tan20250308t173357c00s4001,0,0.0015495862247738813,0.400052576336041
572472,tan20250308t173357c00s4001-A,tan20250308t173357c00s4001,0,0.005667733520581819,0.400052576336041
572488,tan20250309t060015c00s4001-C,tan20250309t060015c00s4001,1,0.4328880416850616,0.400052576336041
572491,tan20250309t060015c00s4001-C,tan20250309t060015c00s4001,1,0.02417903641092658,0.400052576336041
572520,tan20250309t060015c00s4001-B,tan20250309t060015c00s4001,0,0.0006097248940124949,0.400052576336041
572521,tan20250309t060015c00s4001-C,tan20250309t060015c00s4001,1,0.4483826855745915,0.400052576336041
572523,tan20250309t060015c00s4001-C,tan20250309t060015c00s4001,1,0.15111024124615982,0.400052576336041
572526,tan20250309t060015c00s4001-B,tan20250309t060015c00s4001,0,0.0022038501095778,0.400052576336041
572527,tan20250309t060015c00s4001-C,tan20250309t060015c00s4001,1,0.1830249942956361,0.400052576336041
572533,tan20250309t060015c00s4001-C,tan20250309t060015c00s4001,1,0.4328880416850616,0.400052576336041
572537,tan20250309t060015c00s4001-B,tan20250309t060015c00s4001,0,0.0028212888854415486,0.400052576336041
572538,tan20250309t060015c00s4001-C,tan20250309t060015c00s4001,1,0.6173232446023627,0.400052576336041
572555,tan20250309t060015c00s4001-B,tan20250309t060015c00s4001,0,0.00044580100958144594,0.400052576336041
572556,tan20250309t060015c00s4001-C,tan20250309t060015c00s4001,1,0.10468722641217941,0.400052576336041
572557,tan20250309t060015c00s4001-B,tan20250309t060015c00s4001,0,0.001769734086310221,0.400052576336041
572558,tan20250309t060015c00s4001-C,tan20250309t060015c00s4001,1,0.18026692901488306,0.400052576336041
572559,tan20250309t060015c00s4001-C,tan20250309t060015c00s4001,1,0.8662618646145529,0.400052576336041
572560,tan20250309t060015c00s4001-C,tan20250309t060015c00s4001,1,0.13855882780640938,0.400052576336041
572668,tan20250309t060015c00s4001-C,tan20250309t060015c00s4001,1,0.5811134109034357,0.400052576336041
572671,tan20250309t060015c00s4001-C,tan20250309t060015c00s4001,1,0.20862232066599853,0.400052576336041
572677,tan20250309t060015c00s4001-C,tan20250309t060015c00s4001,1,0.7327026537180422,0.400052576336041
572680,tan20250309t060015c00s4001-D,tan20250309t060015c00s4001,0,0.004956599993256335,0.400052576336041
572681,tan20250309t060015c00s4001-C,tan20250309t060015c00s4001,1,0.8286746834563778,0.400052576336041
572683,tan20250309t060015c00s4001-C,tan20250309t060015c00s4001,1,0.9279565539964776,0.400052576336041
572695,tan20250309t060015c00s4001-D,tan20250309t060015c00s4001,0,0.0017146065147776823,0.400052576336041
572701,tan20250309t060015c00s4001-C,tan20250309t060015c00s4001,0,0.0006550772277015477,0.400052576336041
572731,tan20250309t060015c00s4001-D,tan20250309t060015c00s4001,0,0.0022724113186810575,0.400052576336041
572732,tan20250309t060015c00s4001-C,tan20250309t060015c00s4001,0,0.0005850377650384988,0.400052576336041
572759,tan20250309t060015c00s4001-C,tan20250309t060015c00s4001,0,0.0005885630533643837,0.400052576336041
572760,tan20250309t060015c00s4001-D,tan20250309t060015c00s4001,0,0.00374073275573785,0.400052576336041
572765,tan20250309t060015c00s4001-C,tan20250309t060015c00s4001,0,0.0007374846238540854,0.400052576336041
572803,tan20250309t060015c00s4001-C,tan20250309t060015c00s4001,0,0.4928082733987527,0.400052576336041
572846,tan20250309t060015c00s4001-C,tan20250309t060015c00s4001,0,0.0006111087616010629,0.400052576336041
572854,tan20250309t152518c00s4001-B,tan20250309t152518c00s4001,1,0.44616248218223825,0.400052576336041
572860,tan20250309t152518c00s4001-B,tan20250309t152518c00s4001,1,0.14322638879935748,0.400052576336041
572862,tan20250309t152518c00s4001-B,tan20250309t152518c00s4001,1,0.08616662595914175,0.400052576336041
572864,tan20250309t152518c00s4001-B,tan20250309t152518c00s4001,1,0.5158367165592636,0.400052576336041
572867,tan20250309t152518c00s4001-C,tan20250309t152518c00s4001,1,0.05184055707464873,0.400052576336041
572872,tan20250309t152518c00s4001-C,tan20250309t152518c00s4001,1,0.09120312022184339,0.400052576336041
572875,tan20250309t152518c00s4001-B,tan20250309t152518c00s4001,1,0.6137922001519155,0.400052576336041
572876,tan20250309t152518c00s4001-B,tan20250309t152518c00s4001,0,0.40461559932817576,0.400052576336041
572877,tan20250309t152518c00s4001-C,tan20250309t152518c00s4001,1,0.09893374607302925,0.400052576336041
572878,tan20250309t152518c00s4001-B,tan20250309t152518c00s4001,0,0.005986920556272392,0.400052576336041
572895,tan20250309t152518c00s4001-C,tan20250309t152518c00s4001,0,0.005161390012438819,0.400052576336041
572903,tan20250309t152518c00s4001-B,tan20250309t152518c00s4001,0,0.000993908949714411,0.400052576336041
572908,tan20250309t152518c00s4001-B,tan20250309t152518c00s4001,0,0.9017005518943935,0.400052576336041
572915,tan20250309t152518c00s4001-C,tan20250309t152518c00s4001,0,0.598424035026028,0.400052576336041
572917,tan20250309t152518c00s4001-C,tan20250309t152518c00s4001,0,0.012902924991675382,0.400052576336041
572918,tan20250309t152518c00s4001-C,tan20250309t152518c00s4001,0,0.042434004394320435,0.400052576336041
572923,tan20250309t152518c00s4001-E,tan20250309t152518c00s4001,1,0.5971213293394271,0.400052576336041
572925,tan20250309t152518c00s4001-C,tan20250309t152518c00s4001,0,0.06827620980934167,0.400052576336041
572932,tan20250309t152518c00s4001-E,tan20250309t152518c00s4001,1,0.66617596768978,0.400052576336041
572939,tan20250309t152518c00s4001-E,tan20250309t152518c00s4001,1,0.5074166222003678,0.400052576336041
572946,tan20250309t152518c00s4001-F,tan20250309t152518c00s4001,1,0.8081925753525598,0.400052576336041
572947,tan20250309t152518c00s4001-E,tan20250309t152518c00s4001,1,0.23729320254058875,0.400052576336041
572954,tan20250309t152518c00s4001-F,tan20250309t152518c00s4001,1,0.865669243271017,0.400052576336041
572955,tan20250309t152518c00s4001-E,tan20250309t152518c00s4001,0,0.02202478367769768,0.400052576336041
572956,tan20250309t152518c00s4001-F,tan20250309t152518c00s4001,1,0.8280585023827667,0.400052576336041
572964,tan20250309t152518c00s4001-F,tan20250309t152518c00s4001,1,0.7440535038451431,0.400052576336041
572970,tan20250309t152518c00s4001-E,tan20250309t152518c00s4001,0,0.479102223980869,0.400052576336041
572979,tan20250309t152518c00s4001-E,tan20250309t152518c00s4001,0,0.029098977884422554,0.400052576336041
572993,tan20250309t152518c00s4001-F,tan20250309t152518c00s4001,0,0.3199140089679904,0.400052576336041
572994,tan20250309t152518c00s4001-F,tan20250309t152518c00s4001,0,0.004591358991226481,0.400052576336041
572996,tan20250309t152518c00s4001-F,tan20250309t152518c00s4001,0,0.21575077725124464,0.400052576336041
573002,tan20250309t152518c00s4001-F,tan20250309t152518c00s4001,0,0.021301140586178997,0.400052576336041
573003,tan20250309t165019c00s4001-A,tan20250309t165019c00s4001,1,0.41988274286522775,0.400052576336041
573012,tan20250309t165019c00s4001-B,tan20250309t165019c00s4001,1,0.8054491480500956,0.400052576336041
573015,tan20250309t165019c00s4001-A,tan20250309t165019c00s4001,1,0.6728486768898323,0.400052576336041
573019,tan20250309t165019c00s4001-A,tan20250309t165019c00s4001,1,0.29171553366643527,0.400052576336041
573020,tan20250309t165019c00s4001-B,tan20250309t165019c00s4001,1,0.6531006675670685,0.400052576336041
573022,tan20250309t165019c00s4001-B,tan20250309t165019c00s4001,1,0.8718748303816358,0.400052576336041
573023,tan20250309t165019c00s4001-A,tan20250309t165019c00s4001,1,0.4341030219446604,0.400052576336041
573026,tan20250309t165019c00s4001-B,tan20250309t165019c00s4001,1,0.9156291925608692,0.400052576336041
573027,tan20250309t165019c00s4001-A,tan20250309t165019c00s4001,0,0.0017446546365834977,0.400052576336041
573028,tan20250309t165019c00s4001-B,tan20250309t165019c00s4001,1,0.7123291805583368,0.400052576336041
573037,tan20250309t165019c00s4001-A,tan20250309t165019c00s4001,0,0.10136847464147854,0.400052576336041
573043,tan20250309t165019c00s4001-A,tan20250309t165019c00s4001,0,0.7654255177436652,0.400052576336041
573044,tan20250309t165019c00s4001-B,tan20250309t165019c00s4001,0,0.034838482055237326,0.400052576336041
573047,tan20250309t165019c00s4001-A,tan20250309t165019c00s4001,0,0.004332731951602435,0.400052576336041
573050,tan20250309t165019c00s4001-B,tan20250309t165019c00s4001,0,0.07389051160554908,0.400052576336041
573051,tan20250309t165019c00s4001-A,tan20250309t165019c00s4001,0,0.013670993701202483,0.400052576336041
573054,tan20250309t165019c00s4001-B,tan20250309t165019c00s4001,0,0.0012879446690617989,0.400052576336041
573057,tan20250309t165019c00s4001-A,tan20250309t165019c00s4001,0,0.004166765291524288,0.400052576336041
573059,tan20250309t165019c00s4001-B,tan20250309t165019c00s4001,0,0.010015055119866912,0.400052576336041
573062,tan20250309t165019c00s4001-C,tan20250309t165019c00s4001,1,0.7701795972391343,0.400052576336041
573066,tan20250309t165019c00s4001-C,tan20250309t165019c00s4001,1,0.9487940768422183,0.400052576336041
573067,tan20250309t165019c00s4001-C,tan20250309t165019c00s4001,1,0.8820671419845949,0.400052576336041
573174,tan20250309t165019c00s4001-C,tan20250309t165019c00s4001,1,0.7806481304545794,0.400052576336041
573186,tan20250309t165019c00s4001-D,tan20250309t165019c00s4001,0,0.010507899884066299,0.400052576336041
573191,tan20250309t165019c00s4001-C,tan20250309t165019c00s4001,1,0.7039782621780101,0.400052576336041
573200,tan20250309t165019c00s4001-D,tan20250309t165019c00s4001,0,0.30713260130816034,0.400052576336041
573214,tan20250309t165019c00s4001-D,tan20250309t165019c00s4001,0,0.06567619620761862,0.400052576336041
573215,tan20250309t165019c00s4001-C,tan20250309t165019c00s4001,1,0.92092125334064,0.400052576336041
573236,tan20250309t165019c00s4001-C,tan20250309t165019c00s4001,1,0.9367119418529948,0.400052576336041
573263,tan20250309t165019c00s4001-C,tan20250309t165019c00s4001,0,0.4356691114308047,0.400052576336041
573283,tan20250309t165019c00s4001-C,tan20250309t165019c00s4001,0,0.03192898430052206,0.400052576336041
573292,tan20250311t105308c00s4001-A,tan20250311t105308c00s4001,1,0.8451554164668,0.400052576336041
573293,tan20250309t165019c00s4001-C,tan20250309t165019c00s4001,0,0.03666668274314003,0.400052576336041
573294,tan20250311t105308c00s4001-A,tan20250311t105308c00s4001,1,0.8620317619571071,0.400052576336041
573296,tan20250311t105308c00s4001-A,tan20250311t105308c00s4001,1,0.7767844324005272,0.400052576336041
573298,tan20250311t105308c00s4001-A,tan20250311t105308c00s4001,1,0.7079433755758021,0.400052576336041
573302,tan20250311t105308c00s4001-A,tan20250311t105308c00s4001,1,0.7240644000587124,0.400052576336041
573304,tan20250311t105308c00s4001-A,tan20250311t105308c00s4001,1,0.7767844324005272,0.400052576336041
573312,tan20250311t105308c00s4001-A,tan20250311t105308c00s4001,1,0.685120753023645,0.400052576336041
573318,tan20250311t105308c00s4001-B,tan20250311t105308c00s4001,1,0.815958061315366,0.400052576336041
573319,tan20250311t105308c00s4001-A,tan20250311t105308c00s4001,1,0.8620317619571071,0.400052576336041
573322,tan20250311t105308c00s4001-B,tan20250311t105308c00s4001,1,0.5893951737770418,0.400052576336041
573325,tan20250311t105308c00s4001-A,tan20250311t105308c00s4001,0,0.840408360580896,0.400052576336041
573335,tan20250311t105308c00s4001-A,tan20250311t105308c00s4001,0,0.5613512678350281,0.400052576336041
573340,tan20250311t105308c00s4001-B,tan20250311t105308c00s4001,1,0.8138570118516205,0.400052576336041
573344,tan20250311t105308c00s4001-B,tan20250311t105308c00s4001,0,0.8890859432413761,0.400052576336041
573345,tan20250311t105308c00s4001-A,tan20250311t105308c00s4001,0,0.8783106069615474,0.400052576336041
573350,tan20250311t105308c00s4001-B,tan20250311t105308c00s4001,0,0.4768834011834393,0.400052576336041
573351,tan20250311t105308c00s4001-A,tan20250311t105308c00s4001,0,0.6022047270045585,0.400052576336041
573352,tan20250311t105308c00s4001-B,tan20250311t105308c00s4001,0,0.8428345352121052,0.400052576336041
573355,tan20250311t105308c00s4001-B,tan20250311t105308c00s4001,0,0.3698621024370652,0.400052576336041
573357,tan20250311t105308c00s4001-B,tan20250311t105308c00s4001,0,0.26768045726302375,0.400052576336041
573358,tan20250311t105308c00s4001-C,tan20250311t105308c00s4001,1,0.5629803054606645,0.400052576336041
573361,tan20250311t105308c00s4001-B,tan20250311t105308c00s4001,0,0.7250294358098326,0.400052576336041
573363,tan20250311t105308c00s4001-B,tan20250311t105308c00s4001,0,0.6463904500897301,0.400052576336041
573372,tan20250311t105308c00s4001-C,tan20250311t105308c00s4001,1,0.40162947104314833,0.400052576336041
573378,tan20250311t105308c00s4001-D,tan20250311t105308c00s4001,1,0.8101967734707808,0.400052576336041
573390,tan20250311t105308c00s4001-D,tan20250311t105308c00s4001,1,0.9302859173167304,0.400052576336041
573404,tan20250311t105308c00s4001-D,tan20250311t105308c00s4001,1,0.45086041529951076,0.400052576336041
573419,tan20250311t105308c00s4001-D,tan20250311t105308c00s4001,0,0.15607514072474427,0.400052576336041
573530,tan20250312t162716c00s4001-A,tan20250312t162716c00s4001,0,0.15914273689797032,0.400052576336041
573537,tan20250312t162716c00s4001-A,tan20250312t162716c00s4001,0,0.007677327627111513,0.400052576336041
573538,tan20250311t105308c00s4001-D,tan20250311t105308c00s4001,0,0.3740042848689321,0.400052576336041
573566,tan20250311t105308c00s4001-D,tan20250311t105308c00s4001,0,0.30469407047293723,0.400052576336041
573577,tan20250312t162716c00s4001-A,tan20250312t162716c00s4001,0,0.05239482056249881,0.400052576336041
573587,tan20250311t105308c00s4001-D,tan20250311t105308c00s4001,0,0.6421620062820013,0.400052576336041
573593,tan20250312t162716c00s4001-A,tan20250312t162716c00s4001,0,0.004855815843152386,0.400052576336041
573594,tan20250311t105308c00s4001-D,tan20250311t105308c00s4001,0,0.007163869569795762,0.400052576336041
573610,tan20250312t162716c00s4001-A,tan20250312t162716c00s4001,0,0.3572282289564653,0.400052576336041
573614,tan20250312t162716c00s4001-A,tan20250312t162716c00s4001,0,0.0030340403083907548,0.400052576336041
573629,tan20250312t162716c00s4001-A,tan20250312t162716c00s4001,0,0.003313592401130885,0.400052576336041
573741,tan20250312t162716c00s4001-B,tan20250312t162716c00s4001,0,0.014665350194010857,0.400052576336041
573756,tan20250312t162716c00s4001-B,tan20250312t162716c00s4001,0,0.0035162957499834946,0.400052576336041
573764,tan20250312t162716c00s4001-B,tan20250312t162716c00s4001,0,0.006632637120684569,0.400052576336041
573800,tan20250312t162716c00s4001-B,tan20250312t162716c00s4001,0,0.0010619196745523867,0.400052576336041
573915,tan20250312t162716c00s4001-B,tan20250312t162716c00s4001,0,0.0016438188877608056,0.400052576336041
574028,tan20250312t162716c00s4001-C,tan20250312t162716c00s4001,0,0.009386371248369252,0.400052576336041
574031,tan20250312t162716c00s4001-B,tan20250312t162716c00s4001,0,0.00613102853858732,0.400052576336041
574039,tan20250312t162716c00s4001-B,tan20250312t162716c00s4001,0,0.001772345750636887,0.400052576336041
574059,tan20250312t162716c00s4001-C,tan20250312t162716c00s4001,0,0.04615162134471285,0.400052576336041
574245,tan20250313t075712c00s4001-B,tan20250313t075712c00s4001,1,0.4716527842327672,0.400052576336041
574262,tan20250313t075712c00s4001-B,tan20250313t075712c00s4001,1,0.6095604992959357,0.400052576336041
574264,tan20250313t075712c00s4001-A,tan20250313t075712c00s4001,0,0.17566468616662662,0.400052576336041
574265,tan20250313t075712c00s4001-B,tan20250313t075712c00s4001,1,0.7971085896172401,0.400052576336041
574268,tan20250313t075712c00s4001-B,tan20250313t075712c00s4001,1,0.8415999445711426,0.400052576336041
574271,tan20250313t075712c00s4001-B,tan20250313t075712c00s4001,1,0.8595482164189662,0.400052576336041
574295,tan20250313t075712c00s4001-B,tan20250313t075712c00s4001,1,0.86140926003255,0.400052576336041
574299,tan20250313t075712c00s4001-B,tan20250313t075712c00s4001,1,0.8770266893090892,0.400052576336041
574302,tan20250313t075712c00s4001-B,tan20250313t075712c00s4001,1,0.8151562916623224,0.400052576336041
574306,tan20250313t075712c00s4001-C,tan20250313t075712c00s4001,1,0.7831742028828286,0.400052576336041
574313,tan20250313t075712c00s4001-B,tan20250313t075712c00s4001,0,0.008542389455776218,0.400052576336041
574316,tan20250313t075712c00s4001-C,tan20250313t075712c00s4001,1,0.8918806838000124,0.400052576336041
574319,tan20250313t075712c00s4001-B,tan20250313t075712c00s4001,0,0.01121593536400006,0.400052576336041
574326,tan20250313t075712c00s4001-C,tan20250313t075712c00s4001,1,0.7972327278713214,0.400052576336041
574327,tan20250313t075712c00s4001-B,tan20250313t075712c00s4001,0,0.00930926523750665,0.400052576336041
574334,tan20250313t075712c00s4001-C,tan20250313t075712c00s4001,1,0.7266000435464924,0.400052576336041
574335,tan20250313t075712c00s4001-B,tan20250313t075712c00s4001,0,0.011668355984585306,0.400052576336041
574443,tan20250313t075712c00s4001-E,tan20250313t075712c00s4001,0,0.7740311666382524,0.400052576336041
574447,tan20250313t075712c00s4001-C,tan20250313t075712c00s4001,0,0.0037681617058488463,0.400052576336041
574463,tan20250313t075712c00s4001-E,tan20250313t075712c00s4001,0,0.43438635419440025,0.400052576336041
574474,tan20250313t075712c00s4001-E,tan20250313t075712c00s4001,0,0.3345792698728114,0.400052576336041
574484,tan20250313t075712c00s4001-E,tan20250313t075712c00s4001,0,0.15323089488665015,0.400052576336041
574610,tan20250313t075712c00s4001-G,tan20250313t075712c00s4001,1,0.5147314354955976,0.400052576336041
574612,tan20250313t075712c00s4001-F,tan20250313t075712c00s4001,0,0.13878387264291492,0.400052576336041
574618,tan20250313t075712c00s4001-G,tan20250313t075712c00s4001,1,0.8539982575138237,0.400052576336041
574658,tan20250313t075712c00s4001-F,tan20250313t075712c00s4001,0,0.09100062728390691,0.400052576336041
574672,tan20250313t075712c00s4001-G,tan20250313t075712c00s4001,1,0.7945092743632507,0.400052576336041
574677,tan20250313t075712c00s4001-G,tan20250313t075712c00s4001,1,0.822333714424816,0.400052576336041
574684,tan20250313t075712c00s4001-G,tan20250313t075712c00s4001,0,0.09688673550845549,0.400052576336041
574685,tan20250321t181350c00s4001-A,tan20250321t181350c00s4001,1,0.23442133342562702,0.400052576336041
574688,tan20250321t181350c00s4001-A,tan20250321t181350c00s4001,1,0.1750297422724155,0.400052576336041
574694,tan20250321t181350c00s4001-A,tan20250321t181350c00s4001,1,0.19986582138607478,0.400052576336041
574699,tan20250313t075712c00s4001-G,tan20250313t075712c00s4001,0,0.017749345651530923,0.400052576336041
574700,tan20250321t181350c00s4001-A,tan20250321t181350c00s4001,1,0.21689254407322692,0.400052576336041
574703,tan20250313t075712c00s4001-G,tan20250313t075712c00s4001,0,0.711899012249954,0.400052576336041
574709,tan20250321t181350c00s4001-A,tan20250321t181350c00s4001,1,0.1358154333708333,0.400052576336041
574716,tan20250313t075712c00s4001-G,tan20250313t075712c00s4001,0,0.799638054256213,0.400052576336041
574732,tan20250321t181350c00s4001-A,tan20250321t181350c00s4001,0,0.05517827645944949,0.400052576336041
574938,tan20250321t181350c00s4001-A,tan20250321t181350c00s4001,0,0.07836463408962749,0.400052576336041
574977,tan20250321t181350c00s4001-B,tan20250321t181350c00s4001,0,0.20813966092821531,0.400052576336041
575159,tan20250321t181350c00s4001-C,tan20250321t181350c00s4001,1,0.7207348020472435,0.400052576336041
575172,tan20250321t181350c00s4001-C,tan20250321t181350c00s4001,1,0.5568751332319812,0.400052576336041
575195,tan20250321t181350c00s4001-C,tan20250321t181350c00s4001,1,0.543754447813373,0.400052576336041
575206,tan20250321t181350c00s4001-D,tan20250321t181350c00s4001,0,0.021248977792187235,0.400052576336041
575207,tan20250321t181350c00s4001-C,tan20250321t181350c00s4001,1,0.5734516585527124,0.400052576336041
575213,tan20250321t181350c00s4001-C,tan20250321t181350c00s4001,0,0.2867840233864311,0.400052576336041
575222,tan20250321t181350c00s4001-C,tan20250321t181350c00s4001,0,0.281661640148165,0.400052576336041
575335,tan20250321t181350c00s4001-C,tan20250321t181350c00s4001,0,0.15350987566603858,0.400052576336041
575342,tan20250321t181350c00s4001-C,tan20250321t181350c00s4001,0,0.6953551946417933,0.400052576336041
575387,tan20250321t181350c00s4001-C,tan20250321t181350c00s4001,0,0.13279111332945,0.400052576336041
575388,tan20250321t181350c00s4001-E,tan20250321t181350c00s4001,0,0.37612171595056515,0.400052576336041
575406,tan20250321t181350c00s4001-E,tan20250321t181350c00s4001,0,0.6015695134935303,0.400052576336041
575414,tan20250321t181350c00s4001-F,tan20250321t181350c00s4001,1,0.5118870572829977,0.400052576336041
575421,tan20250321t181350c00s4001-F,tan20250321t181350c00s4001,1,0.6395853531497413,0.400052576336041
575426,tan20250321t181350c00s4001-G,tan20250321t181350c00s4001,1,0.6785495546468282,0.400052576336041
575430,tan20250321t181350c00s4001-G,tan20250321t181350c00s4001,1,0.5324663130660848,0.400052576336041
575472,tan20250321t181350c00s4001-F,tan20250321t181350c00s4001,0,0.041897756148722626,0.400052576336041
575483,tan20250321t181350c00s4001-F,tan20250321t181350c00s4001,0,0.5450343599132614,0.400052576336041
575507,tan20250321t181350c00s4001-H,tan20250321t181350c00s4001,1,0.7319131806382735,0.400052576336041
575690,tan20250328t054218c00s4001-B,tan20250328t054218c00s4001,0,0.012548134504900103,0.400052576336041
575697,tan20250328t054218c00s4001-B,tan20250328t054218c00s4001,0,0.04301721582072272,0.400052576336041
575711,tan20250328t054218c00s4001-B,tan20250328t054218c00s4001,0,0.004264285034189721,0.400052576336041
575712,tan20250321t181350c00s4001-H,tan20250321t181350c00s4001,1,0.7449051002046588,0.400052576336041
575733,tan20250328t054218c00s4001-B,tan20250328t054218c00s4001,0,0.007952071953712371,0.400052576336041
575742,tan20250328t054218c00s4001-B,tan20250328t054218c00s4001,0,0.0038028492512426904,0.400052576336041
575746,tan20250328t054218c00s4001-B,tan20250328t054218c00s4001,0,0.0070732341546036895,0.400052576336041
575747,tan20250321t181350c00s4001-H,tan20250321t181350c00s4001,1,0.861237801084382,0.400052576336041
575812,tan20250328t054218c00s4001-B,tan20250328t054218c00s4001,0,0.00430746469374567,0.400052576336041
576428,tan20250321t181350c00s4001-H,tan20250321t181350c00s4001,0,0.5064054473893838,0.400052576336041
576430,tan20250321t181350c00s4001-H,tan20250321t181350c00s4001,0,0.05067512710509188,0.400052576336041
576432,tan20250321t181350c00s4001-H,tan20250321t181350c00s4001,0,0.12061514173451425,0.400052576336041
576434,tan20250328t054218c00s4001-F,tan20250328t054218c00s4001,1,0.005563901042392594,0.400052576336041
576436,tan20250328t054218c00s4001-F,tan20250328t054218c00s4001,1,0.0047544599087905775,0.400052576336041
576439,tan20250328t054218c00s4001-F,tan20250328t054218c00s4001,1,0.0810866602056509,0.400052576336041
576441,tan20250328t054218c00s4001-F,tan20250328t054218c00s4001,1,0.022964709728508306,0.400052576336041
576445,tan20250328t054218c00s4001-F,tan20250328t054218c00s4001,1,0.08192676932630946,0.400052576336041
576447,tan20250328t054218c00s4001-F,tan20250328t054218c00s4001,1,0.0065532984069644,0.400052576336041
576452,tan20250328t054218c00s4001-F,tan20250328t054218c00s4001,1,0.012501333606547841,0.400052576336041
576453,tan20250328t054218c00s4001-F,tan20250328t054218c00s4001,1,0.05999640327884111,0.400052576336041
576454,tan20250328t054218c00s4001-F,tan20250328t054218c00s4001,1,0.035536690860779256,0.400052576336041
576455,tan20250328t054218c00s4001-F,tan20250328t054218c00s4001,1,0.022183542073569543,0.400052576336041
576456,tan20250328t054218c00s4001-F,tan20250328t054218c00s4001,1,0.0407367013543849,0.400052576336041
576557,tan20250403t003240c00s4001-C,tan20250403t003240c00s4001,0,0.001966494919813518,0.400052576336041
576558,tan20250328t054218c00s4001-F,tan20250328t054218c00s4001,1,0.005140389821578916,0.400052576336041
576559,tan20250403t003240c00s4001-C,tan20250403t003240c00s4001,0,0.012422591991926631,0.400052576336041
576560,tan20250328t054218c00s4001-F,tan20250328t054218c00s4001,1,0.004731847025228191,0.400052576336041
576562,tan20250403t003240c00s4001-C,tan20250403t003240c00s4001,0,0.0015643689224684363,0.400052576336041
576563,tan20250328t054218c00s4001-F,tan20250328t054218c00s4001,1,0.03859559575685961,0.400052576336041
576564,tan20250403t003240c00s4001-C,tan20250403t003240c00s4001,0,0.0673078993130634,0.400052576336041
576565,tan20250328t054218c00s4001-F,tan20250328t054218c00s4001,1,0.062250459498220466,0.400052576336041
576569,tan20250403t003240c00s4001-C,tan20250403t003240c00s4001,0,0.006958327396419575,0.400052576336041
576570,tan20250328t054218c00s4001-F,tan20250328t054218c00s4001,1,0.0065532984069644,0.400052576336041
576571,tan20250403t003240c00s4001-C,tan20250403t003240c00s4001,0,0.0015782044363068135,0.400052576336041
576572,tan20250328t054218c00s4001-F,tan20250328t054218c00s4001,0,0.01834679478813323,0.400052576336041
576574,tan20250403t003240c00s4001-C,tan20250403t003240c00s4001,0,0.003372965822124066,0.400052576336041
576576,tan20250403t003240c00s4001-C,tan20250403t003240c00s4001,0,0.0004926794278319305,0.400052576336041
576577,tan20250328t054218c00s4001-F,tan20250328t054218c00s4001,0,0.006024209970245403,0.400052576336041
576579,tan20250403t003240c00s4001-C,tan20250403t003240c00s4001,0,0.0006658138965776509,0.400052576336041
576580,tan20250328t054218c00s4001-F,tan20250328t054218c00s4001,0,0.01188574586924433,0.400052576336041
576581,tan20250403t003240c00s4001-C,tan20250403t003240c00s4001,0,0.004366886865936245,0.400052576336041
576582,tan20250328t054218c00s4001-F,tan20250328t054218c00s4001,0,0.025764638193471762,0.400052576336041
576583,tan20250403t003240c00s4001-C,tan20250403t003240c00s4001,0,0.0013842676155065884,0.400052576336041
576586,tan20250403t003240c00s4001-C,tan20250403t003240c00s4001,0,0.0033931027736820176,0.400052576336041
576589,tan20250403t003240c00s4001-C,tan20250403t003240c00s4001,0,0.0029683865988230024,0.400052576336041
576590,tan20250328t054218c00s4001-F,tan20250328t054218c00s4001,0,0.0431813684391615,0.400052576336041
576591,tan20250403t003240c00s4001-C,tan20250403t003240c00s4001,0,0.001267605778447785,0.400052576336041
576593,tan20250403t003240c00s4001-C,tan20250403t003240c00s4001,0,0.001712057130790737,0.400052576336041
576594,tan20250328t054218c00s4001-F,tan20250328t054218c00s4001,0,0.006632591000817926,0.400052576336041
576595,tan20250403t003240c00s4001-C,tan20250403t003240c00s4001,0,0.0006601828319770701,0.400052576336041
576596,tan20250328t054218c00s4001-F,tan20250328t054218c00s4001,0,0.008103809714839141,0.400052576336041
576597,tan20250328t054218c00s4001-F,tan20250328t054218c00s4001,0,0.007997538709891706,0.400052576336041
576602,tan20250408t170859c00s4001-A,tan20250408t170859c00s4001,1,0.7251462532571773,0.400052576336041
576603,tan20250328t054218c00s4001-F,tan20250328t054218c00s4001,0,0.005321394594259495,0.400052576336041
576604,tan20250408t170859c00s4001-A,tan20250408t170859c00s4001,1,0.5444841112058317,0.400052576336041
576606,tan20250408t170859c00s4001-A,tan20250408t170859c00s4001,1,0.4534763718771097,0.400052576336041
576607,tan20250408t170859c00s4001-A,tan20250408t170859c00s4001,1,0.6645857173344726,0.400052576336041
576711,tan20250408t170859c00s4001-A,tan20250408t170859c00s4001,1,0.5020210850396609,0.400052576336041
576729,tan20250408t170859c00s4001-A,tan20250408t170859c00s4001,1,0.1083233051965822,0.400052576336041
576741,tan20250408t170859c00s4001-E,tan20250408t170859c00s4001,0,0.001213384280970356,0.400052576336041
576766,tan20250408t170859c00s4001-A,tan20250408t170859c00s4001,1,0.5622679421838641,0.400052576336041
576771,tan20250408t170859c00s4001-E,tan20250408t170859c00s4001,0,0.00043744336967405274,0.400052576336041
576772,tan20250408t170859c00s4001-A,tan20250408t170859c00s4001,1,0.6491647224104499,0.400052576336041
576777,tan20250408t170859c00s4001-A,tan20250408t170859c00s4001,0,0.001966419366176295,0.400052576336041
576794,tan20250408t170859c00s4001-E,tan20250408t170859c00s4001,0,0.0007320397409977762,0.400052576336041
576796,tan20250408t170859c00s4001-A,tan20250408t170859c00s4001,0,0.0007640829037571648,0.400052576336041
576797,tan20250408t170859c00s4001-E,tan20250408t170859c00s4001,0,0.0774412404381502,0.400052576336041
576815,tan20250408t170859c00s4001-A,tan20250408t170859c00s4001,0,0.07103661482329186,0.400052576336041
576820,tan20250408t170859c00s4001-A,tan20250408t170859c00s4001,0,0.001181960464645983,0.400052576336041
576821,tan20250408t170859c00s4001-H,tan20250408t170859c00s4001,1,0.2881960761539938,0.400052576336041
576823,tan20250408t170859c00s4001-A,tan20250408t170859c00s4001,0,0.0005724060907458317,0.400052576336041
576828,tan20250408t170859c00s4001-H,tan20250408t170859c00s4001,1,0.205131748700157,0.400052576336041
576830,tan20250408t170859c00s4001-H,tan20250408t170859c00s4001,1,0.7896914073619306,0.400052576336041
576833,tan20250408t170859c00s4001-H,tan20250408t170859c00s4001,1,0.6179057893529525,0.400052576336041
576834,tan20250408t170859c00s4001-H,tan20250408t170859c00s4001,1,0.7311627999100188,0.400052576336041
577136,tan20250408t170859c00s4001-H,tan20250408t170859c00s4001,1,0.7073092195556225,0.400052576336041
577251,tan20250420t090615c00s4001-B,tan20250420t090615c00s4001,0,0.0013787378136801097,0.400052576336041
577252,tan20250408t170859c00s4001-H,tan20250408t170859c00s4001,1,0.8729211177153483,0.400052576336041
577264,tan20250420t090615c00s4001-B,tan20250420t090615c00s4001,0,0.0010343456959086097,0.400052576336041
577320,tan20250420t090615c00s4001-B,tan20250420t090615c00s4001,0,0.0023283428424474744,0.400052576336041
577354,tan20250420t090615c00s4001-B,tan20250420t090615c00s4001,0,0.003356142708130283,0.400052576336041
577355,tan20250408t170859c00s4001-H,tan20250408t170859c00s4001,1,0.6581392565792491,0.400052576336041
577373,tan20250420t090615c00s4001-B,tan20250420t090615c00s4001,0,0.0007970833396870439,0.400052576336041
577378,tan20250408t170859c00s4001-H,tan20250408t170859c00s4001,0,0.0008216984463912286,0.400052576336041
577394,tan20250420t090615c00s4001-B,tan20250420t090615c00s4001,0,0.0010582684629684778,0.400052576336041
577418,tan20250420t090615c00s4001-B,tan20250420t090615c00s4001,0,0.0009311507165903058,0.400052576336041
577419,tan20250408t170859c00s4001-H,tan20250408t170859c00s4001,0,0.001228840240603635,0.400052576336041
577420,tan20250420t090615c00s4001-B,tan20250420t090615c00s4001,0,0.003483306137008741,0.400052576336041
577445,tan20250420t090615c00s4001-B,tan20250420t090615c00s4001,0,0.0020906456216652804,0.400052576336041
577448,tan20250408t170859c00s4001-H,tan20250408t170859c00s4001,0,0.008545566852254303,0.400052576336041
577562,tan20250422t170953c00s4001-A,tan20250422t170953c00s4001,0,0.033509912951396104,0.400052576336041
577565,tan20250422t170953c00s4001-A,tan20250422t170953c00s4001,0,0.002007920665271909,0.400052576336041
577567,tan20250408t170859c00s4001-H,tan20250408t170859c00s4001,0,0.006404747042265188,0.400052576336041
577568,tan20250422t170953c00s4001-A,tan20250422t170953c00s4001,0,0.6982848061173321,0.400052576336041
577569,tan20250408t170859c00s4001-H,tan20250408t170859c00s4001,0,0.0021282881329263152,0.400052576336041
577571,tan20250422t170953c00s4001-A,tan20250422t170953c00s4001,0,0.029811999903828778,0.400052576336041
577573,tan20250422t170953c00s4001-A,tan20250422t170953c00s4001,0,0.009865418043457046,0.400052576336041
577574,tan20250408t170859c00s4001-H,tan20250408t170859c00s4001,0,0.6648169200354228,0.400052576336041
577576,tan20250422t170953c00s4001-A,tan20250422t170953c00s4001,0,0.13982129588862943,0.400052576336041
577580,tan20250422t170953c00s4001-A,tan20250422t170953c00s4001,0,0.0010911583706948282,0.400052576336041
577588,tan20250422t170953c00s4001-A,tan20250422t170953c00s4001,0,0.0009593026416310159,0.400052576336041
577591,tan20250408t170859c00s4001-H,tan20250408t170859c00s4001,0,0.000955548165990391,0.400052576336041
577593,tan20250422t170953c00s4001-A,tan20250422t170953c00s4001,0,0.14689143192345128,0.400052576336041
577594,tan20250422t170953c00s4001-A,tan20250422t170953c00s4001,0,0.0014966217120482314,0.400052576336041
577595,tan20250422t170953c00s4001-A,tan20250422t170953c00s4001,0,0.002343217160141917,0.400052576336041
577596,tan20250423t054256c00s4001-B,tan20250423t054256c00s4001,1,0.3145963641092673,0.400052576336041
577600,tan20250422t170953c00s4001-A,tan20250422t170953c00s4001,0,0.005603403323988416,0.400052576336041
577601,tan20250423t054256c00s4001-B,tan20250423t054256c00s4001,1,0.3308395135543509,0.400052576336041
577602,tan20250422t170953c00s4001-A,tan20250422t170953c00s4001,0,0.024055204935310107,0.400052576336041
577603,tan20250423t054256c00s4001-B,tan20250423t054256c00s4001,1,0.4671679232333044,0.400052576336041
577604,tan20250422t170953c00s4001-A,tan20250422t170953c00s4001,0,0.00512172729421844,0.400052576336041
577605,tan20250423t054256c00s4001-B,tan20250423t054256c00s4001,1,0.4321409610276921,0.400052576336041
577607,tan20250422t170953c00s4001-A,tan20250422t170953c00s4001,0,0.21376276583531137,0.400052576336041
577608,tan20250423t054256c00s4001-B,tan20250423t054256c00s4001,1,0.18986958587451544,0.400052576336041
577612,tan20250422t170953c00s4001-A,tan20250422t170953c00s4001,0,0.0031129731762044783,0.400052576336041
577613,tan20250423t054256c00s4001-B,tan20250423t054256c00s4001,1,0.2851109514556255,0.400052576336041
577614,tan20250423t054256c00s4001-B,tan20250423t054256c00s4001,1,0.535031029757333,0.400052576336041
577615,tan20250423t054256c00s4001-B,tan20250423t054256c00s4001,1,0.5467971170694981,0.400052576336041
577616,tan20250423t071100c00s4001-A,tan20250423t071100c00s4001,1,0.011838170450788067,0.400052576336041
577617,tan20250423t054256c00s4001-B,tan20250423t054256c00s4001,1,0.27022920136585893,0.400052576336041
577618,tan20250423t071100c00s4001-A,tan20250423t071100c00s4001,1,0.004161418525069375,0.400052576336041
577619,tan20250423t054256c00s4001-B,tan20250423t054256c00s4001,1,0.5407359015429791,0.400052576336041
577620,tan20250423t071100c00s4001-A,tan20250423t071100c00s4001,1,0.0325032026447165,0.400052576336041
577621,tan20250423t054256c00s4001-B,tan20250423t054256c00s4001,1,0.17075317068198997,0.400052576336041
577622,tan20250423t071100c00s4001-A,tan20250423t071100c00s4001,1,0.004161418525069375,0.400052576336041
577623,tan20250423t054256c00s4001-B,tan20250423t054256c00s4001,1,0.22278046640829408,0.400052576336041
577624,tan20250423t071100c00s4001-A,tan20250423t071100c00s4001,1,0.008704353289712632,0.400052576336041
577625,tan20250423t054256c00s4001-B,tan20250423t054256c00s4001,1,0.4642122237040794,0.400052576336041
577626,tan20250423t071100c00s4001-A,tan20250423t071100c00s4001,1,0.0063053764091578765,0.400052576336041
577627,tan20250423t054256c00s4001-B,tan20250423t054256c00s4001,1,0.32983536966980354,0.400052576336041
577628,tan20250423t071100c00s4001-A,tan20250423t071100c00s4001,1,0.003448735285650816,0.400052576336041
577629,tan20250423t054256c00s4001-B,tan20250423t054256c00s4001,1,0.4806344864963003,0.400052576336041
577630,tan20250423t071100c00s4001-A,tan20250423t071100c00s4001,1,0.009285601325667161,0.400052576336041
577631,tan20250423t054256c00s4001-B,tan20250423t054256c00s4001,1,0.3308395135543509,0.400052576336041
577632,tan20250423t071100c00s4001-A,tan20250423t071100c00s4001,1,0.010528261725286614,0.400052576336041
577633,tan20250423t054256c00s4001-B,tan20250423t054256c00s4001,0,0.2985829250222305,0.400052576336041
577634,tan20250423t071100c00s4001-A,tan20250423t071100c00s4001,1,0.006903657008015914,0.400052576336041
577635,tan20250423t054256c00s4001-B,tan20250423t054256c00s4001,0,0.01823607458681676,0.400052576336041
577636,tan20250423t071100c00s4001-A,tan20250423t071100c00s4001,1,0.0030205551229031263,0.400052576336041
577637,tan20250423t054256c00s4001-B,tan20250423t054256c00s4001,0,0.010089023192460096,0.400052576336041
577638,tan20250423t071100c00s4001-A,tan20250423t071100c00s4001,1,0.01662244160743005,0.400052576336041
577639,tan20250423t054256c00s4001-B,tan20250423t054256c00s4001,0,0.01605157989651771,0.400052576336041
577640,tan20250423t071100c00s4001-A,tan20250423t071100c00s4001,1,0.008621573915829154,0.400052576336041
577641,tan20250423t054256c00s4001-B,tan20250423t054256c00s4001,0,0.004696984820211114,0.400052576336041
577642,tan20250423t071100c00s4001-A,tan20250423t071100c00s4001,1,0.0070930739866061285,0.400052576336041
577643,tan20250423t054256c00s4001-B,tan20250423t054256c00s4001,0,0.23219893097513986,0.400052576336041
577644,tan20250423t071100c00s4001-A,tan20250423t071100c00s4001,1,0.009805958289798349,0.400052576336041
577645,tan20250423t054256c00s4001-B,tan20250423t054256c00s4001,0,0.060279631021502265,0.400052576336041
577646,tan20250423t071100c00s4001-A,tan20250423t071100c00s4001,1,0.007080383892961563,0.400052576336041
577647,tan20250423t054256c00s4001-B,tan20250423t054256c00s4001,0,0.09773417587534777,0.400052576336041
577648,tan20250423t071100c00s4001-A,tan20250423t071100c00s4001,0,0.006082741147814887,0.400052576336041
577649,tan20250423t054256c00s4001-B,tan20250423t054256c00s4001,0,0.007214520601066677,0.400052576336041
577650,tan20250423t071100c00s4001-A,tan20250423t071100c00s4001,0,0.0018423061897902065,0.400052576336041
577651,tan20250423t054256c00s4001-B,tan20250423t054256c00s4001,0,0.002059494194360121,0.400052576336041
577652,tan20250423t071100c00s4001-A,tan20250423t071100c00s4001,0,0.004434227660007887,0.400052576336041
577653,tan20250423t054256c00s4001-B,tan20250423t054256c00s4001,0,0.00932021375694996,0.400052576336041
577654,tan20250423t071100c00s4001-A,tan20250423t071100c00s4001,0,0.010142345679831287,0.400052576336041
577655,tan20250423t054256c00s4001-B,tan20250423t054256c00s4001,0,0.2578850628744714,0.400052576336041
577656,tan20250423t071100c00s4001-A,tan20250423t071100c00s4001,0,0.008440538522252022,0.400052576336041
577657,tan20250423t054256c00s4001-B,tan20250423t054256c00s4001,0,0.005919745313211895,0.400052576336041
577658,tan20250423t071100c00s4001-A,tan20250423t071100c00s4001,0,0.0038313016454033454,0.400052576336041
577659,tan20250423t054256c00s4001-B,tan20250423t054256c00s4001,0,0.1048588017030795,0.400052576336041
577660,tan20250423t071100c00s4001-A,tan20250423t071100c00s4001,0,0.013546726546015755,0.400052576336041
577661,tan20250423t054256c00s4001-B,tan20250423t054256c00s4001,0,0.013136483725273214,0.400052576336041
577662,tan20250423t071100c00s4001-A,tan20250423t071100c00s4001,0,0.0073090858494974705,0.400052576336041
577663,tan20250423t054256c00s4001-B,tan20250423t054256c00s4001,0,0.6297796611445446,0.400052576336041
577664,tan20250423t071100c00s4001-A,tan20250423t071100c00s4001,0,0.0042592108773853166,0.400052576336041
577665,tan20250423t071100c00s4001-A,tan20250423t071100c00s4001,0,0.001954915362565316,0.400052576336041
577666,tan20250423t071100c00s4001-A,tan20250423t071100c00s4001,0,0.004499281871987126,0.400052576336041
577667,tan20250423t071100c00s4001-A,tan20250423t071100c00s4001,0,0.00497237249475697,0.400052576336041
577968,tan20250423t071100c00s4001-A,tan20250423t071100c00s4001,0,0.0016817340286346763,0.400052576336041
577969,tan20250423t071100c00s4001-A,tan20250423t071100c00s4001,0,0.0009943198451042756,0.400052576336041
577970,tan20250423t071100c00s4001-A,tan20250423t071100c00s4001,0,0.00397867737969265,0.400052576336041
577971,tan20250423t180710c00s4001-A,tan20250423t180710c00s4001,1,0.7974125940939609,0.400052576336041
577972,tan20250423t071100c00s4001-A,tan20250423t071100c00s4001,0,0.00400375810988914,0.400052576336041
577973,tan20250423t180710c00s4001-A,tan20250423t180710c00s4001,1,0.9729997615582237,0.400052576336041
577974,tan20250423t180710c00s4001-A,tan20250423t180710c00s4001,1,0.8564680118505325,0.400052576336041
577975,tan20250423t180710c00s4001-A,tan20250423t180710c00s4001,1,0.9274993658641917,0.400052576336041
577976,tan20250423t180710c00s4001-A,tan20250423t180710c00s4001,1,0.7076153100090439,0.400052576336041
577977,tan20250423t180710c00s4001-A,tan20250423t180710c00s4001,1,0.8690349849083002,0.400052576336041
577978,tan20250423t180710c00s4001-A,tan20250423t180710c00s4001,1,0.9595910455564466,0.400052576336041
577979,tan20250427t060533c00s4001-A,tan20250427t060533c00s4001,1,0.09952313713565468,0.400052576336041
577980,tan20250423t180710c00s4001-A,tan20250423t180710c00s4001,1,0.9419621046045569,0.400052576336041
577981,tan20250427t060533c00s4001-A,tan20250427t060533c00s4001,1,0.646208293549891,0.400052576336041
577982,tan20250423t180710c00s4001-A,tan20250423t180710c00s4001,1,0.6131709374804538,0.400052576336041
577983,tan20250427t060533c00s4001-A,tan20250427t060533c00s4001,1,0.09952313713565468,0.400052576336041
577984,tan20250423t180710c00s4001-A,tan20250423t180710c00s4001,1,0.9157908863683648,0.400052576336041
577985,tan20250427t060533c00s4001-A,tan20250427t060533c00s4001,1,0.7042928767202593,0.400052576336041
577986,tan20250423t180710c00s4001-A,tan20250423t180710c00s4001,1,0.8584110867881598,0.400052576336041
577987,tan20250427t060533c00s4001-A,tan20250427t060533c00s4001,1,0.40306259225387225,0.400052576336041
577988,tan20250423t180710c00s4001-A,tan20250423t180710c00s4001,1,0.8935006682042539,0.400052576336041
577989,tan20250427t060533c00s4001-A,tan20250427t060533c00s4001,1,0.40845223461904645,0.400052576336041
577990,tan20250423t180710c00s4001-A,tan20250423t180710c00s4001,1,0.8007498295513829,0.400052576336041
577991,tan20250427t060533c00s4001-A,tan20250427t060533c00s4001,1,0.11659686315951244,0.400052576336041
577992,tan20250423t180710c00s4001-A,tan20250423t180710c00s4001,1,0.8564680118505325,0.400052576336041
577993,tan20250427t060533c00s4001-A,tan20250427t060533c00s4001,1,0.5543751673669356,0.400052576336041
577994,tan20250423t180710c00s4001-A,tan20250423t180710c00s4001,1,0.8295868996199426,0.400052576336041
577995,tan20250427t060533c00s4001-A,tan20250427t060533c00s4001,1,0.4949987979622796,0.400052576336041
577996,tan20250423t180710c00s4001-A,tan20250423t180710c00s4001,1,0.680064446130945,0.400052576336041
577997,tan20250427t060533c00s4001-A,tan20250427t060533c00s4001,1,0.2565447305096042,0.400052576336041
577998,tan20250423t180710c00s4001-A,tan20250423t180710c00s4001,0,0.21598703609321157,0.400052576336041
577999,tan20250427t060533c00s4001-A,tan20250427t060533c00s4001,1,0.26719149771277956,0.400052576336041
578000,tan20250423t180710c00s4001-A,tan20250423t180710c00s4001,0,0.20648720748599905,0.400052576336041
578001,tan20250427t060533c00s4001-A,tan20250427t060533c00s4001,1,0.3780291107854135,0.400052576336041
578002,tan20250423t180710c00s4001-A,tan20250423t180710c00s4001,0,0.07769054035107799,0.400052576336041
578003,tan20250427t060533c00s4001-A,tan20250427t060533c00s4001,1,0.7134500913299772,0.400052576336041
578004,tan20250423t180710c00s4001-A,tan20250423t180710c00s4001,0,0.07965070374721617,0.400052576336041
578005,tan20250427t060533c00s4001-A,tan20250427t060533c00s4001,1,0.24880921915358414,0.400052576336041
578006,tan20250423t180710c00s4001-A,tan20250423t180710c00s4001,0,0.7642963730757948,0.400052576336041
578007,tan20250427t060533c00s4001-A,tan20250427t060533c00s4001,1,0.5870771939313073,0.400052576336041
578008,tan20250423t180710c00s4001-A,tan20250423t180710c00s4001,0,0.008710971362311254,0.400052576336041
578009,tan20250427t060533c00s4001-A,tan20250427t060533c00s4001,1,0.13724748106771223,0.400052576336041
578010,tan20250423t180710c00s4001-A,tan20250423t180710c00s4001,0,0.4473907170745603,0.400052576336041
578011,tan20250427t060533c00s4001-A,tan20250427t060533c00s4001,0,0.004601570873587967,0.400052576336041
578012,tan20250423t180710c00s4001-A,tan20250423t180710c00s4001,0,0.1862023259315695,0.400052576336041
578013,tan20250427t060533c00s4001-A,tan20250427t060533c00s4001,0,0.017974039257130085,0.400052576336041
578014,tan20250423t180710c00s4001-A,tan20250423t180710c00s4001,0,0.4639980625331665,0.400052576336041
578015,tan20250427t060533c00s4001-A,tan20250427t060533c00s4001,0,0.0052729827512905695,0.400052576336041
578016,tan20250423t180710c00s4001-A,tan20250423t180710c00s4001,0,0.0028704765036533723,0.400052576336041
578017,tan20250427t060533c00s4001-A,tan20250427t060533c00s4001,0,0.0020704595261674063,0.400052576336041
578018,tan20250423t180710c00s4001-A,tan20250423t180710c00s4001,0,0.1903340719406839,0.400052576336041
578019,tan20250427t060533c00s4001-A,tan20250427t060533c00s4001,0,0.0026126934870507493,0.400052576336041
578020,tan20250423t180710c00s4001-A,tan20250423t180710c00s4001,0,0.23311906560898393,0.400052576336041
578021,tan20250427t060533c00s4001-A,tan20250427t060533c00s4001,0,0.0008225017953435121,0.400052576336041
578022,tan20250423t180710c00s4001-A,tan20250423t180710c00s4001,0,0.5843704211080868,0.400052576336041
578023,tan20250427t060533c00s4001-A,tan20250427t060533c00s4001,0,0.08580173971052124,0.400052576336041
578024,tan20250423t180710c00s4001-A,tan20250423t180710c00s4001,0,0.7192912071238733,0.400052576336041
578025,tan20250427t060533c00s4001-A,tan20250427t060533c00s4001,0,0.0016513471460153288,0.400052576336041
578026,tan20250423t180710c00s4001-A,tan20250423t180710c00s4001,0,0.4399633555782114,0.400052576336041
578027,tan20250427t060533c00s4001-A,tan20250427t060533c00s4001,0,0.0025403292777288274,0.400052576336041
578028,tan20250423t180710c00s4001-A,tan20250423t180710c00s4001,0,0.8904933347991658,0.400052576336041
578029,tan20250427t060533c00s4001-A,tan20250427t060533c00s4001,0,0.2371469562685937,0.400052576336041
578030,tan20250427t060533c00s4001-A,tan20250427t060533c00s4001,0,0.0035299138495751606,0.400052576336041
578031,tan20250427t060533c00s4001-A,tan20250427t060533c00s4001,0,0.3409426834421828,0.400052576336041
578032,tan20250427t165705c00s4001-A,tan20250427t165705c00s4001,1,0.8544765682812027,0.400052576336041
578033,tan20250427t060533c00s4001-A,tan20250427t060533c00s4001,0,0.003968678707711948,0.400052576336041
578034,tan20250427t165705c00s4001-A,tan20250427t165705c00s4001,1,0.8690706314679331,0.400052576336041
578035,tan20250427t060533c00s4001-A,tan20250427t060533c00s4001,0,0.0013668846460837979,0.400052576336041
578036,tan20250427t165705c00s4001-A,tan20250427t165705c00s4001,1,0.6908183065006848,0.400052576336041
578037,tan20250427t060533c00s4001-A,tan20250427t060533c00s4001,0,0.47380185161906097,0.400052576336041
578038,tan20250427t165705c00s4001-A,tan20250427t165705c00s4001,1,0.42443872548805656,0.400052576336041
578039,tan20250427t060533c00s4001-A,tan20250427t060533c00s4001,0,0.001352693393899435,0.400052576336041
578040,tan20250427t165705c00s4001-A,tan20250427t165705c00s4001,1,0.449595981905549,0.400052576336041
578041,tan20250427t165705c00s4001-A,tan20250427t165705c00s4001,1,0.7370686444283433,0.400052576336041
578042,tan20250427t165705c00s4001-A,tan20250427t165705c00s4001,1,0.5086495664505639,0.400052576336041
578043,tan20250427t165705c00s4001-A,tan20250427t165705c00s4001,1,0.5086495664505639,0.400052576336041
578044,tan20250430t180543c00s4001-F,tan20250430t180543c00s4001,1,0.5919517165385794,0.400052576336041
578045,tan20250427t165705c00s4001-A,tan20250427t165705c00s4001,1,0.38711656050435844,0.400052576336041
578046,tan20250430t180543c00s4001-F,tan20250430t180543c00s4001,1,0.6869796249845436,0.400052576336041
578047,tan20250427t165705c00s4001-A,tan20250427t165705c00s4001,1,0.7140359038237649,0.400052576336041
578049,tan20250427t165705c00s4001-A,tan20250427t165705c00s4001,1,0.8358204902175035,0.400052576336041
578050,tan20250430t180543c00s4001-F,tan20250430t180543c00s4001,1,0.5958023591947968,0.400052576336041
578051,tan20250427t165705c00s4001-A,tan20250427t165705c00s4001,1,0.4421813566909959,0.400052576336041
578052,tan20250430t180543c00s4001-F,tan20250430t180543c00s4001,1,0.7385016103483224,0.400052576336041
578053,tan20250427t165705c00s4001-A,tan20250427t165705c00s4001,1,0.7140359038237649,0.400052576336041
578055,tan20250427t165705c00s4001-A,tan20250427t165705c00s4001,1,0.6183853659633388,0.400052576336041
578057,tan20250427t165705c00s4001-A,tan20250427t165705c00s4001,1,0.8023557821301859,0.400052576336041
578059,tan20250427t165705c00s4001-A,tan20250427t165705c00s4001,1,0.9232398848380585,0.400052576336041
578061,tan20250427t165705c00s4001-A,tan20250427t165705c00s4001,0,0.001671166276082247,0.400052576336041
578062,tan20250430t180543c00s4001-F,tan20250430t180543c00s4001,1,0.727154975373265,0.400052576336041
578063,tan20250427t165705c00s4001-A,tan20250427t165705c00s4001,0,0.002363944280512832,0.400052576336041
578065,tan20250427t165705c00s4001-A,tan20250427t165705c00s4001,0,0.11569621776636788,0.400052576336041
578067,tan20250427t165705c00s4001-A,tan20250427t165705c00s4001,0,0.018055842413741516,0.400052576336041
578069,tan20250427t165705c00s4001-A,tan20250427t165705c00s4001,0,0.00733047315081288,0.400052576336041
578071,tan20250427t165705c00s4001-A,tan20250427t165705c00s4001,0,0.0056551754256960645,0.400052576336041
578073,tan20250427t165705c00s4001-A,tan20250427t165705c00s4001,0,0.00298247193309159,0.400052576336041
578075,tan20250427t165705c00s4001-A,tan20250427t165705c00s4001,0,0.00601167291422788,0.400052576336041
578077,tan20250427t165705c00s4001-A,tan20250427t165705c00s4001,0,0.0029575544854440806,0.400052576336041
578079,tan20250427t165705c00s4001-A,tan20250427t165705c00s4001,0,0.004931933136766508,0.400052576336041
578081,tan20250427t165705c00s4001-A,tan20250427t165705c00s4001,0,0.0263060398478362,0.400052576336041
578083,tan20250427t165705c00s4001-A,tan20250427t165705c00s4001,0,0.10916865995562834,0.400052576336041
578084,tan20250430t180543c00s4001-F,tan20250430t180543c00s4001,0,0.0515235342045409,0.400052576336041
578085,tan20250427t165705c00s4001-A,tan20250427t165705c00s4001,0,0.019889144771744933,0.400052576336041
578086,tan20250430t180543c00s4001-F,tan20250430t180543c00s4001,0,0.5374351205990734,0.400052576336041
578087,tan20250427t165705c00s4001-A,tan20250427t165705c00s4001,0,0.006938055415404086,0.400052576336041
578089,tan20250427t165705c00s4001-A,tan20250427t165705c00s4001,0,0.030309608973006313,0.400052576336041
578091,tan20250427t165705c00s4001-A,tan20250427t165705c00s4001,0,0.0067708774824679335,0.400052576336041
578093,tan20250430t180543c00s4001-F,tan20250430t180543c00s4001,0,0.06363740624894483,0.400052576336041
578097,tan20250430t180543c00s4001-J,tan20250430t180543c00s4001,1,0.3636752158843133,0.400052576336041
578099,tan20250430t180543c00s4001-J,tan20250430t180543c00s4001,1,0.91473912374507,0.400052576336041
578107,tan20250430t180543c00s4001-J,tan20250430t180543c00s4001,1,0.5483610928468471,0.400052576336041
578110,tan20250430t180543c00s4001-K,tan20250430t180543c00s4001,1,0.9449951221210151,0.400052576336041
578141,tan20250430t180543c00s4001-J,tan20250430t180543c00s4001,0,0.5675219753976607,0.400052576336041
578147,tan20250430t180543c00s4001-J,tan20250430t180543c00s4001,0,0.012525480158726043,0.400052576336041
578150,tan20250430t180543c00s4001-K,tan20250430t180543c00s4001,0,0.5592596822526437,0.400052576336041
578152,tan20250430t180543c00s4001-K,tan20250430t180543c00s4001,0,0.15198205812371324,0.400052576336041
578155,tan20250430t180543c00s4001-J,tan20250430t180543c00s4001,0,0.2905333515671248,0.400052576336041
578156,tan20250430t180543c00s4001-K,tan20250430t180543c00s4001,0,0.1376560312255276,0.400052576336041
578157,tan20250430t180543c00s4001-J,tan20250430t180543c00s4001,0,0.35850036671956304,0.400052576336041
578158,tan20250430t180543c00s4001-K,tan20250430t180543c00s4001,0,0.14190655978138417,0.400052576336041
578162,tan20250430t180543c00s4001-K,tan20250430t180543c00s4001,0,0.20460404061591336,0.400052576336041
578177,tan20250430t180543c00s4001-M,tan20250430t180543c00s4001,1,0.9048249569792992,0.400052576336041
578187,tan20250430t180543c00s4001-M,tan20250430t180543c00s4001,1,0.6179626137440571,0.400052576336041
578198,tan20250430t180543c00s4001-P,tan20250430t180543c00s4001,1,0.48834350888096545,0.400052576336041
578202,tan20250430t180543c00s4001-P,tan20250430t180543c00s4001,0,0.36114077405905304,0.400052576336041
578203,tan20250430t180543c00s4001-M,tan20250430t180543c00s4001,0,0.052433042723266675,0.400052576336041
578204,tan20250430t180543c00s4001-P,tan20250430t180543c00s4001,0,0.017956406046643253,0.400052576336041
578206,tan20250430t180543c00s4001-P,tan20250430t180543c00s4001,0,0.07225047620531125,0.400052576336041
578227,tan20250430t180543c00s4001-R,tan20250430t180543c00s4001,1,0.8581511956283263,0.400052576336041
578231,tan20250430t180543c00s4001-R,tan20250430t180543c00s4001,1,0.64849244139782,0.400052576336041
578232,tan20250430t180543c00s4001-R,tan20250430t180543c00s4001,1,0.7539579248833637,0.400052576336041
578234,tan20250430t193530c00s4001-A,tan20250430t193530c00s4001,1,0.9618791534373993,0.400052576336041
578236,tan20250430t193530c00s4001-A,tan20250430t193530c00s4001,1,0.9654041615716881,0.400052576336041
578237,tan20250430t180543c00s4001-R,tan20250430t180543c00s4001,1,0.6815077551278501,0.400052576336041
578238,tan20250430t193530c00s4001-A,tan20250430t193530c00s4001,1,0.944023496430779,0.400052576336041
578240,tan20250430t193530c00s4001-A,tan20250430t193530c00s4001,1,0.9611734251589644,0.400052576336041
578242,tan20250430t193530c00s4001-A,tan20250430t193530c00s4001,1,0.9507346645627228,0.400052576336041
578244,tan20250430t193530c00s4001-A,tan20250430t193530c00s4001,1,0.9362759130150334,0.400052576336041
578246,tan20250430t193530c00s4001-A,tan20250430t193530c00s4001,1,0.9622419742578241,0.400052576336041
578248,tan20250430t193530c00s4001-A,tan20250430t193530c00s4001,1,0.9366286583696447,0.400052576336041
578250,tan20250430t193530c00s4001-A,tan20250430t193530c00s4001,1,0.9463932117291965,0.400052576336041
578252,tan20250430t193530c00s4001-A,tan20250430t193530c00s4001,1,0.9320983387980857,0.400052576336041
578254,tan20250430t193530c00s4001-A,tan20250430t193530c00s4001,1,0.963518965238786,0.400052576336041
578256,tan20250430t193530c00s4001-A,tan20250430t193530c00s4001,1,0.9608994729657611,0.400052576336041
578258,tan20250430t193530c00s4001-A,tan20250430t193530c00s4001,1,0.970421630716977,0.400052576336041
578260,tan20250430t193530c00s4001-A,tan20250430t193530c00s4001,1,0.9587336625510204,0.400052576336041
578262,tan20250430t193530c00s4001-A,tan20250430t193530c00s4001,1,0.8742554184586455,0.400052576336041
578264,tan20250430t193530c00s4001-A,tan20250430t193530c00s4001,1,0.9689298704430743,0.400052576336041
578266,tan20250430t193530c00s4001-A,tan20250430t193530c00s4001,0,0.0006504147926360529,0.400052576336041
578269,tan20250430t193530c00s4001-A,tan20250430t193530c00s4001,0,0.0010634714731902863,0.400052576336041
578272,tan20250430t193530c00s4001-A,tan20250430t193530c00s4001,0,0.00491908829092738,0.400052576336041
578275,tan20250430t193530c00s4001-A,tan20250430t193530c00s4001,0,0.0010202702610487165,0.400052576336041
578282,tan20250430t193530c00s4001-A,tan20250430t193530c00s4001,0,0.004673462665368513,0.400052576336041
578286,tan20250430t193530c00s4001-A,tan20250430t193530c00s4001,0,0.001862326710312272,0.400052576336041
578288,tan20250430t193530c00s4001-A,tan20250430t193530c00s4001,0,0.08201887119462772,0.400052576336041
578290,tan20250430t193530c00s4001-A,tan20250430t193530c00s4001,0,0.0009034964189871933,0.400052576336041
578292,tan20250430t193530c00s4001-A,tan20250430t193530c00s4001,0,0.005981281593076195,0.400052576336041
578296,tan20250430t193530c00s4001-A,tan20250430t193530c00s4001,0,0.0006441597657234362,0.400052576336041
578299,tan20250430t193530c00s4001-A,tan20250430t193530c00s4001,0,0.0013031470875443112,0.400052576336041
578301,tan20250430t193530c00s4001-A,tan20250430t193530c00s4001,0,0.0007584486038982973,0.400052576336041
578302,tan20250430t193530c00s4001-A,tan20250430t193530c00s4001,0,0.5374878727993913,0.400052576336041
578304,tan20250430t193530c00s4001-A,tan20250430t193530c00s4001,0,0.000795107245242737,0.400052576336041
578305,tan20250502t071641c00s4001-A,tan20250502t071641c00s4001,1,0.001495595042095021,0.400052576336041
578306,tan20250430t193530c00s4001-A,tan20250430t193530c00s4001,0,0.0012650232736120997,0.400052576336041
578307,tan20250502t071641c00s4001-A,tan20250502t071641c00s4001,1,0.0013155631983357906,0.400052576336041
578310,tan20250430t193530c00s4001-A,tan20250430t193530c00s4001,0,0.032398717698944694,0.400052576336041
578311,tan20250502t071641c00s4001-A,tan20250502t071641c00s4001,1,0.001213832431035881,0.400052576336041
578312,tan20250502t071641c00s4001-A,tan20250502t071641c00s4001,1,0.0030424946987917343,0.400052576336041
578313,tan20250502t071641c00s4001-A,tan20250502t071641c00s4001,1,0.002043316941478183,0.400052576336041
578314,tan20250502t071641c00s4001-A,tan20250502t071641c00s4001,1,0.006265882009353992,0.400052576336041
578316,tan20250502t071641c00s4001-A,tan20250502t071641c00s4001,1,0.0020615355142777087,0.400052576336041
578318,tan20250502t071641c00s4001-A,tan20250502t071641c00s4001,1,0.0018906117610505261,0.400052576336041
578320,tan20250502t071641c00s4001-A,tan20250502t071641c00s4001,1,0.0014527539359239755,0.400052576336041
578321,tan20250503t033800c00s4001-C,tan20250503t033800c00s4001,1,0.8559830535916068,0.400052576336041
578322,tan20250502t071641c00s4001-A,tan20250502t071641c00s4001,1,0.0020406918319715362,0.400052576336041
578324,tan20250502t071641c00s4001-A,tan20250502t071641c00s4001,1,0.0031750703347042494,0.400052576336041
578326,tan20250502t071641c00s4001-A,tan20250502t071641c00s4001,1,0.006927530257781673,0.400052576336041
578328,tan20250502t071641c00s4001-A,tan20250502t071641c00s4001,1,0.0018800037763648714,0.400052576336041
578330,tan20250502t071641c00s4001-A,tan20250502t071641c00s4001,1,0.002230069025604955,0.400052576336041
578332,tan20250502t071641c00s4001-A,tan20250502t071641c00s4001,1,0.005527224384730661,0.400052576336041
578334,tan20250502t071641c00s4001-A,tan20250502t071641c00s4001,1,0.005092035186791686,0.400052576336041
578338,tan20250502t071641c00s4001-A,tan20250502t071641c00s4001,0,0.0059243448343533345,0.400052576336041
578341,tan20250502t071641c00s4001-A,tan20250502t071641c00s4001,0,0.015292991773053101,0.400052576336041
578343,tan20250502t071641c00s4001-A,tan20250502t071641c00s4001,0,0.0011434125988521455,0.400052576336041
578345,tan20250502t071641c00s4001-A,tan20250502t071641c00s4001,0,0.004169844483725846,0.400052576336041
578347,tan20250502t071641c00s4001-A,tan20250502t071641c00s4001,0,0.0012227083999493953,0.400052576336041
578351,tan20250502t071641c00s4001-A,tan20250502t071641c00s4001,0,0.0028505486638476306,0.400052576336041
578352,tan20250503t033800c00s4001-C,tan20250503t033800c00s4001,0,0.005029223664244964,0.400052576336041
578353,tan20250502t071641c00s4001-A,tan20250502t071641c00s4001,0,0.01679212523854208,0.400052576336041
578356,tan20250502t071641c00s4001-A,tan20250502t071641c00s4001,0,0.006785468781599927,0.400052576336041
578358,tan20250502t071641c00s4001-A,tan20250502t071641c00s4001,0,0.010091412600278012,0.400052576336041
578360,tan20250502t071641c00s4001-A,tan20250502t071641c00s4001,0,0.007558654475217358,0.400052576336041
578362,tan20250502t071641c00s4001-A,tan20250502t071641c00s4001,0,0.011550830961117569,0.400052576336041
578364,tan20250502t071641c00s4001-A,tan20250502t071641c00s4001,0,0.0008957531770767139,0.400052576336041
578366,tan20250502t071641c00s4001-A,tan20250502t071641c00s4001,0,0.0016166763377290006,0.400052576336041
578368,tan20250502t071641c00s4001-A,tan20250502t071641c00s4001,0,0.004492275957021135,0.400052576336041
578371,tan20250502t071641c00s4001-A,tan20250502t071641c00s4001,0,0.0027240941787472447,0.400052576336041
578376,tan20250502t071641c00s4001-A,tan20250502t071641c00s4001,0,0.0011881572891592983,0.400052576336041
578377,tan20250503t033800c00s4001-C,tan20250503t033800c00s4001,0,0.8731843191004445,0.400052576336041
578386,tan20250503t033800c00s4001-H,tan20250503t033800c00s4001,1,0.8425590143081647,0.400052576336041
578391,tan20250503t033800c00s4001-K,tan20250503t033800c00s4001,1,0.964827952309433,0.400052576336041
578395,tan20250503t033800c00s4001-K,tan20250503t033800c00s4001,1,0.964581947476264,0.400052576336041
578396,tan20250503t033800c00s4001-H,tan20250503t033800c00s4001,1,0.8025069337660435,0.400052576336041
578399,tan20250503t033800c00s4001-K,tan20250503t033800c00s4001,1,0.957068930216326,0.400052576336041
578405,tan20250503t033800c00s4001-K,tan20250503t033800c00s4001,1,0.9622729035824729,0.400052576336041
578411,tan20250503t033800c00s4001-K,tan20250503t033800c00s4001,1,0.9579479872746312,0.400052576336041
578416,tan20250503t033800c00s4001-H,tan20250503t033800c00s4001,0,0.9515682924403454,0.400052576336041
578419,tan20250503t033800c00s4001-K,tan20250503t033800c00s4001,1,0.9641800736678248,0.400052576336041
578434,tan20250503t033800c00s4001-H,tan20250503t033800c00s4001,0,0.7944949682086933,0.400052576336041
578437,tan20250503t033800c00s4001-K,tan20250503t033800c00s4001,0,0.01030265546804066,0.400052576336041
578441,tan20250503t033800c00s4001-K,tan20250503t033800c00s4001,0,0.0053736394199691805,0.400052576336041
578447,tan20250503t033800c00s4001-K,tan20250503t033800c00s4001,0,0.2959585163863596,0.400052576336041
578463,tan20250503t033800c00s4001-N,tan20250503t033800c00s4001,1,0.8183291925149951,0.400052576336041
578471,tan20250503t033800c00s4001-N,tan20250503t033800c00s4001,1,0.16670289315120615,0.400052576336041
578481,tan20250503t033800c00s4001-N,tan20250503t033800c00s4001,1,0.09914600506216464,0.400052576336041
578487,tan20250503t033800c00s4001-N,tan20250503t033800c00s4001,0,0.22477858098758202,0.400052576336041
578489,tan20250503t033800c00s4001-N,tan20250503t033800c00s4001,0,0.0040293676966232685,0.400052576336041
578492,tan20250503t033800c00s4001-M,tan20250503t033800c00s4001,0,0.002042262936660101,0.400052576336041
578528,tan20250503t033800c00s4001-P,tan20250503t033800c00s4001,1,0.7352321547214286,0.400052576336041
578534,tan20250503t033800c00s4001-P,tan20250503t033800c00s4001,1,0.7712957584878559,0.400052576336041
578536,tan20250503t033800c00s4001-P,tan20250503t033800c00s4001,0,0.1485518977720352,0.400052576336041
578540,tan20250503t033800c00s4001-P,tan20250503t033800c00s4001,0,0.623282603036662,0.400052576336041
578541,tan20250503t033800c00s4001-T,tan20250503t033800c00s4001,1,0.9716211145357454,0.400052576336041
578555,tan20250503t033800c00s4001-T,tan20250503t033800c00s4001,0,0.2479901560574679,0.400052576336041
578560,tan20250503t033800c00s4001-P,tan20250503t033800c00s4001,0,0.017849050752446628,0.400052576336041
578686,tan20250504t140709c00s4001-A,tan20250504t140709c00s4001,0,0.6933915120939779,0.400052576336041
578690,tan20250504t140709c00s4001-A,tan20250504t140709c00s4001,0,0.4593156466603353,0.400052576336041
578691,tan20250503t033800c00s4001-U,tan20250503t033800c00s4001,1,0.8977647041651712,0.400052576336041
578692,tan20250504t140709c00s4001-A,tan20250504t140709c00s4001,0,0.012112229066655895,0.400052576336041
578697,tan20250504t140709c00s4001-A,tan20250504t140709c00s4001,0,0.002682469248437169,0.400052576336041
578705,tan20250504t140709c00s4001-A,tan20250504t140709c00s4001,0,0.004011436174014496,0.400052576336041
578707,tan20250504t140709c00s4001-A,tan20250504t140709c00s4001,0,0.652571065041513,0.400052576336041
578716,tan20250504t140709c00s4001-A,tan20250504t140709c00s4001,0,0.0014538741157136357,0.400052576336041
578717,tan20250503t033800c00s4001-U,tan20250503t033800c00s4001,0,0.0009564447040720296,0.400052576336041
578718,tan20250504t140709c00s4001-A,tan20250504t140709c00s4001,0,0.08607282293098496,0.400052576336041
578722,tan20250504t140709c00s4001-A,tan20250504t140709c00s4001,0,0.005178818113427948,0.400052576336041
578728,tan20250504t140709c00s4001-A,tan20250504t140709c00s4001,0,0.004737452641003365,0.400052576336041
578729,tan20250503t033800c00s4001-U,tan20250503t033800c00s4001,0,0.007328052145880958,0.400052576336041
578737,tan20250504t140709c00s4001-A,tan20250504t140709c00s4001,0,0.023184616194870087,0.400052576336041
578740,tan20250504t140709c00s4001-A,tan20250504t140709c00s4001,0,0.011166208216390708,0.400052576336041
578742,tan20250504t140709c00s4001-A,tan20250504t140709c00s4001,0,0.0012591351963717082,0.400052576336041
578746,tan20250504t140709c00s4001-A,tan20250504t140709c00s4001,0,0.0008597589981713074,0.400052576336041
578751,tan20250504t140709c00s4001-A,tan20250504t140709c00s4001,0,0.0015164143836464625,0.400052576336041
578753,tan20250504t140709c00s4001-A,tan20250504t140709c00s4001,0,0.08807876228045948,0.400052576336041
578756,tan20250505t065341c00s4001-A,tan20250505t065341c00s4001,1,0.13664065982998458,0.400052576336041
578758,tan20250505t065341c00s4001-A,tan20250505t065341c00s4001,1,0.14900176946354793,0.400052576336041
578760,tan20250505t065341c00s4001-A,tan20250505t065341c00s4001,1,0.240276359237855,0.400052576336041
578762,tan20250505t065341c00s4001-A,tan20250505t065341c00s4001,1,0.4180177786160959,0.400052576336041
578763,tan20250505t065341c00s4001-A,tan20250505t065341c00s4001,1,0.4427532363583736,0.400052576336041
578764,tan20250505t065341c00s4001-A,tan20250505t065341c00s4001,1,0.30349255920144086,0.400052576336041
578870,tan20250505t065722c00s4001-A,tan20250505t065722c00s4001,0,0.027373703930335974,0.400052576336041
578871,tan20250505t065341c00s4001-A,tan20250505t065341c00s4001,1,0.11428433924249555,0.400052576336041
578887,tan20250505t065722c00s4001-A,tan20250505t065722c00s4001,0,0.0033874954820442785,0.400052576336041
578888,tan20250505t065341c00s4001-A,tan20250505t065341c00s4001,1,0.5109786969966456,0.400052576336041
578903,tan20250505t065722c00s4001-A,tan20250505t065722c00s4001,0,0.003992929818926855,0.400052576336041
578904,tan20250505t065341c00s4001-A,tan20250505t065341c00s4001,1,0.3594582558818511,0.400052576336041
578912,tan20250505t065722c00s4001-A,tan20250505t065722c00s4001,0,0.004853094438620466,0.400052576336041
578913,tan20250505t065341c00s4001-A,tan20250505t065341c00s4001,1,0.6637515407459059,0.400052576336041
578973,tan20250505t065722c00s4001-A,tan20250505t065722c00s4001,0,0.005373410886471168,0.400052576336041
578974,tan20250505t065341c00s4001-A,tan20250505t065341c00s4001,1,0.24444785536798738,0.400052576336041
579009,tan20250505t065722c00s4001-A,tan20250505t065722c00s4001,0,0.007400606111417666,0.400052576336041
579010,tan20250505t065341c00s4001-A,tan20250505t065341c00s4001,1,0.2768029714596242,0.400052576336041
579016,tan20250505t065722c00s4001-A,tan20250505t065722c00s4001,0,0.016236129326062384,0.400052576336041
579017,tan20250505t065341c00s4001-A,tan20250505t065341c00s4001,1,0.6853956322712204,0.400052576336041
579032,tan20250505t065722c00s4001-A,tan20250505t065722c00s4001,0,0.005779098264822176,0.400052576336041
579033,tan20250505t065341c00s4001-A,tan20250505t065341c00s4001,1,0.5301520161594014,0.400052576336041
579052,tan20250505t065722c00s4001-A,tan20250505t065722c00s4001,0,0.018077390672182104,0.400052576336041
579053,tan20250505t065341c00s4001-A,tan20250505t065341c00s4001,1,0.27311889236540293,0.400052576336041
579071,tan20250505t065722c00s4001-A,tan20250505t065722c00s4001,0,0.049919963130908344,0.400052576336041
579072,tan20250505t065341c00s4001-A,tan20250505t065341c00s4001,1,0.358114614486153,0.400052576336041
579075,tan20250505t065341c00s4001-A,tan20250505t065341c00s4001,0,0.013207777656877959,0.400052576336041
579076,tan20250505t065341c00s4001-A,tan20250505t065341c00s4001,0,0.0012312942099765335,0.400052576336041
579215,tan20250505t065722c00s4001-B,tan20250505t065722c00s4001,0,0.014051364093511253,0.400052576336041
579216,tan20250505t065341c00s4001-A,tan20250505t065341c00s4001,0,0.0037803468068046786,0.400052576336041
579315,tan20250505t065722c00s4001-B,tan20250505t065722c00s4001,0,0.03902987302632808,0.400052576336041
579316,tan20250505t065341c00s4001-A,tan20250505t065341c00s4001,0,0.7003341976771,0.400052576336041
579369,tan20250505t065722c00s4001-B,tan20250505t065722c00s4001,0,0.021136275857081534,0.400052576336041
579370,tan20250505t065341c00s4001-A,tan20250505t065341c00s4001,0,0.03435755084514877,0.400052576336041
579372,tan20250505t065722c00s4001-B,tan20250505t065722c00s4001,0,0.003276644921701012,0.400052576336041
579375,tan20250505t065341c00s4001-A,tan20250505t065341c00s4001,0,0.038506768511657984,0.400052576336041
579384,tan20250505t065341c00s4001-A,tan20250505t065341c00s4001,0,0.002490113777189075,0.400052576336041
579385,tan20250505t065341c00s4001-A,tan20250505t065341c00s4001,0,0.25858943996991474,0.400052576336041
579386,tan20250505t065341c00s4001-A,tan20250505t065341c00s4001,0,0.06870903386145977,0.400052576336041
579387,tan20250505t065341c00s4001-A,tan20250505t065341c00s4001,0,0.042913108651983035,0.400052576336041
579489,tan20250507t163401c00s4001-B,tan20250507t163401c00s4001,0,0.00943839077918435,0.400052576336041
579490,tan20250505t065341c00s4001-A,tan20250505t065341c00s4001,0,0.1166083037228392,0.400052576336041
579493,tan20250507t163401c00s4001-B,tan20250507t163401c00s4001,0,0.019287879264198417,0.400052576336041
579494,tan20250505t065341c00s4001-A,tan20250505t065341c00s4001,0,0.06476199607312538,0.400052576336041
579497,tan20250507t163401c00s4001-B,tan20250507t163401c00s4001,0,0.45344360386158494,0.400052576336041
579498,tan20250505t065341c00s4001-A,tan20250505t065341c00s4001,0,0.5932417391091069,0.400052576336041
579500,tan20250507t163401c00s4001-B,tan20250507t163401c00s4001,0,0.008604631291831267,0.400052576336041
579501,tan20250505t065341c00s4001-A,tan20250505t065341c00s4001,0,0.04804404266592845,0.400052576336041
579504,tan20250507t163401c00s4001-B,tan20250507t163401c00s4001,0,0.0040585067503501986,0.400052576336041
579505,tan20250505t065341c00s4001-A,tan20250505t065341c00s4001,0,0.005889602475975369,0.400052576336041
579515,tan20250507t163401c00s4001-B,tan20250507t163401c00s4001,0,0.005072615351383838,0.400052576336041
579517,tan20250505t065341c00s4001-A,tan20250505t065341c00s4001,0,0.0007755418895121823,0.400052576336041
579518,tan20250507t163401c00s4001-B,tan20250507t163401c00s4001,0,0.057915750013699765,0.400052576336041
579520,tan20250507t163401c00s4001-B,tan20250507t163401c00s4001,0,0.20296962343323302,0.400052576336041
579526,tan20250507t163401c00s4001-B,tan20250507t163401c00s4001,0,0.05351823396856183,0.400052576336041
579527,tan20250509t103356c00s4001-A,tan20250509t103356c00s4001,1,0.7305870636821615,0.400052576336041
579528,tan20250507t163401c00s4001-B,tan20250507t163401c00s4001,0,0.07938454956856897,0.400052576336041
579529,tan20250509t103356c00s4001-A,tan20250509t103356c00s4001,1,0.725621110621276,0.400052576336041
579530,tan20250507t163401c00s4001-B,tan20250507t163401c00s4001,0,0.5806655786790518,0.400052576336041
579531,tan20250509t103356c00s4001-A,tan20250509t103356c00s4001,1,0.6083554625561113,0.400052576336041
579539,tan20250507t163401c00s4001-B,tan20250507t163401c00s4001,0,0.01701888026250751,0.400052576336041
579540,tan20250509t103356c00s4001-A,tan20250509t103356c00s4001,1,0.7055434545228719,0.400052576336041
579542,tan20250507t163401c00s4001-B,tan20250507t163401c00s4001,0,0.007657184858311015,0.400052576336041
579543,tan20250509t103356c00s4001-A,tan20250509t103356c00s4001,1,0.7802810188162637,0.400052576336041
579544,tan20250507t163401c00s4001-B,tan20250507t163401c00s4001,0,0.29888626544581415,0.400052576336041
579545,tan20250509t103356c00s4001-A,tan20250509t103356c00s4001,1,0.5544475760739395,0.400052576336041
579554,tan20250507t163401c00s4001-B,tan20250507t163401c00s4001,0,0.0020002810974088835,0.400052576336041
579555,tan20250509t103356c00s4001-A,tan20250509t103356c00s4001,1,0.7429823275722759,0.400052576336041
579557,tan20250507t163401c00s4001-B,tan20250507t163401c00s4001,0,0.7319390667704544,0.400052576336041
579558,tan20250509t103356c00s4001-A,tan20250509t103356c00s4001,1,0.5075575201231834,0.400052576336041
579559,tan20250509t103356c00s4001-A,tan20250509t103356c00s4001,1,0.7305870636821615,0.400052576336041
579560,tan20250509t103356c00s4001-A,tan20250509t103356c00s4001,1,0.5517807506442138,0.400052576336041
579561,tan20250509t103356c00s4001-A,tan20250509t103356c00s4001,1,0.8198920172992655,0.400052576336041
579562,tan20250510t033900c00s4001-D,tan20250510t033900c00s4001,1,0.4509448040267702,0.400052576336041
579563,tan20250509t103356c00s4001-A,tan20250509t103356c00s4001,1,0.7202754349280794,0.400052576336041
579564,tan20250510t033900c00s4001-D,tan20250510t033900c00s4001,1,0.149263502816112,0.400052576336041
579565,tan20250509t103356c00s4001-A,tan20250509t103356c00s4001,1,0.765169311942807,0.400052576336041
579566,tan20250510t033900c00s4001-D,tan20250510t033900c00s4001,1,0.4148610000459651,0.400052576336041
579567,tan20250509t103356c00s4001-A,tan20250509t103356c00s4001,1,0.7550620261963101,0.400052576336041
579568,tan20250510t033900c00s4001-D,tan20250510t033900c00s4001,1,0.1138739579360919,0.400052576336041
579569,tan20250509t103356c00s4001-A,tan20250509t103356c00s4001,1,0.6053865540117146,0.400052576336041
579570,tan20250510t033900c00s4001-D,tan20250510t033900c00s4001,1,0.07032657309637887,0.400052576336041
579571,tan20250509t103356c00s4001-A,tan20250509t103356c00s4001,1,0.6128072726060538,0.400052576336041
579572,tan20250510t033900c00s4001-D,tan20250510t033900c00s4001,1,0.19971150498481308,0.400052576336041
579573,tan20250509t103356c00s4001-A,tan20250509t103356c00s4001,0,0.012804440448325813,0.400052576336041
579574,tan20250510t033900c00s4001-D,tan20250510t033900c00s4001,1,0.18489095319625734,0.400052576336041
579575,tan20250509t103356c00s4001-A,tan20250509t103356c00s4001,0,0.16514053357744904,0.400052576336041
579576,tan20250510t033900c00s4001-D,tan20250510t033900c00s4001,1,0.3097552661071336,0.400052576336041
579577,tan20250509t103356c00s4001-A,tan20250509t103356c00s4001,0,0.8213481856622922,0.400052576336041
579578,tan20250510t033900c00s4001-D,tan20250510t033900c00s4001,1,0.3097552661071336,0.400052576336041
579579,tan20250509t103356c00s4001-A,tan20250509t103356c00s4001,0,0.0268474033129157,0.400052576336041
579580,tan20250510t033900c00s4001-D,tan20250510t033900c00s4001,1,0.3618651591083266,0.400052576336041
579581,tan20250509t103356c00s4001-A,tan20250509t103356c00s4001,0,0.006206341793376355,0.400052576336041
579582,tan20250510t033900c00s4001-D,tan20250510t033900c00s4001,1,0.149263502816112,0.400052576336041
579583,tan20250509t103356c00s4001-A,tan20250509t103356c00s4001,0,0.0059745473256139735,0.400052576336041
579584,tan20250510t033900c00s4001-D,tan20250510t033900c00s4001,1,0.28095211218366917,0.400052576336041
579585,tan20250509t103356c00s4001-A,tan20250509t103356c00s4001,0,0.013043629945102117,0.400052576336041
579586,tan20250510t033900c00s4001-D,tan20250510t033900c00s4001,1,0.03536462813987718,0.400052576336041
579587,tan20250509t103356c00s4001-A,tan20250509t103356c00s4001,0,0.7335885846552548,0.400052576336041
579588,tan20250510t033900c00s4001-D,tan20250510t033900c00s4001,1,0.231861535849626,0.400052576336041
579589,tan20250509t103356c00s4001-A,tan20250509t103356c00s4001,0,0.01096733280001128,0.400052576336041
579590,tan20250510t033900c00s4001-D,tan20250510t033900c00s4001,1,0.42869158273855296,0.400052576336041
579591,tan20250509t103356c00s4001-A,tan20250509t103356c00s4001,0,0.008933377396517355,0.400052576336041
579592,tan20250510t033900c00s4001-D,tan20250510t033900c00s4001,1,0.4509448040267702,0.400052576336041
579593,tan20250509t103356c00s4001-A,tan20250509t103356c00s4001,0,0.035832617871041375,0.400052576336041
579594,tan20250510t033900c00s4001-D,tan20250510t033900c00s4001,0,0.007455168960395072,0.400052576336041
579595,tan20250509t103356c00s4001-A,tan20250509t103356c00s4001,0,0.8165023727277472,0.400052576336041
579596,tan20250510t033900c00s4001-D,tan20250510t033900c00s4001,0,0.01420437424761732,0.400052576336041
579597,tan20250509t103356c00s4001-A,tan20250509t103356c00s4001,0,0.04150241540839526,0.400052576336041
579598,tan20250510t033900c00s4001-D,tan20250510t033900c00s4001,0,0.0014440341011587793,0.400052576336041
579599,tan20250509t103356c00s4001-A,tan20250509t103356c00s4001,0,0.8898684949795049,0.400052576336041
579600,tan20250510t033900c00s4001-D,tan20250510t033900c00s4001,0,0.0013286628968787715,0.400052576336041
579601,tan20250509t103356c00s4001-A,tan20250509t103356c00s4001,0,0.0044510743234082535,0.400052576336041
579602,tan20250510t033900c00s4001-D,tan20250510t033900c00s4001,0,0.09555035416581753,0.400052576336041
579603,tan20250509t103356c00s4001-A,tan20250509t103356c00s4001,0,0.019103973463144065,0.400052576336041
579605,tan20250510t033900c00s4001-D,tan20250510t033900c00s4001,0,0.20616072228233212,0.400052576336041
579606,tan20250510t033900c00s4001-D,tan20250510t033900c00s4001,0,0.0032067294510640895,0.400052576336041
579607,tan20250510t033900c00s4001-D,tan20250510t033900c00s4001,0,0.02080847332109718,0.400052576336041
579708,tan20250511t061031c00s4001-A,tan20250511t061031c00s4001,0,0.015110838017473234,0.400052576336041
579709,tan20250510t033900c00s4001-D,tan20250510t033900c00s4001,0,0.0012939797621808425,0.400052576336041
579711,tan20250511t061031c00s4001-A,tan20250511t061031c00s4001,0,0.38594740836531305,0.400052576336041
579712,tan20250510t033900c00s4001-D,tan20250510t033900c00s4001,0,0.11621377879739407,0.400052576336041
579714,tan20250511t061031c00s4001-A,tan20250511t061031c00s4001,0,0.008609235983938385,0.400052576336041
579715,tan20250510t033900c00s4001-D,tan20250510t033900c00s4001,0,0.12873669453469797,0.400052576336041
579717,tan20250511t061031c00s4001-A,tan20250511t061031c00s4001,0,0.020465947313318883,0.400052576336041
579718,tan20250510t033900c00s4001-D,tan20250510t033900c00s4001,0,0.016424124289022457,0.400052576336041
579726,tan20250511t061031c00s4001-A,tan20250511t061031c00s4001,0,0.018583680288508247,0.400052576336041
579727,tan20250510t033900c00s4001-D,tan20250510t033900c00s4001,0,0.0018675318450305115,0.400052576336041
579730,tan20250511t061031c00s4001-A,tan20250511t061031c00s4001,0,0.0021776338556909985,0.400052576336041
579731,tan20250510t033900c00s4001-D,tan20250510t033900c00s4001,0,0.02621652005540895,0.400052576336041
579735,tan20250511t061031c00s4001-A,tan20250511t061031c00s4001,0,0.006676125660416219,0.400052576336041
579736,tan20250510t033900c00s4001-D,tan20250510t033900c00s4001,0,0.03167265866175883,0.400052576336041
579738,tan20250511t061031c00s4001-A,tan20250511t061031c00s4001,0,0.0024534360203100495,0.400052576336041
579739,tan20250510t033900c00s4001-D,tan20250510t033900c00s4001,0,0.3793071700291065,0.400052576336041
579742,tan20250511t061031c00s4001-A,tan20250511t061031c00s4001,0,0.008590571528303751,0.400052576336041
579743,tan20250511t061031c00s4001-A,tan20250511t061031c00s4001,0,0.04223250503330542,0.400052576336041
579746,tan20250511t061031c00s4001-A,tan20250511t061031c00s4001,0,0.012128428384758411,0.400052576336041
579750,tan20250511t061031c00s4001-A,tan20250511t061031c00s4001,0,0.0026945822099993457,0.400052576336041
579751,tan20250512t175722c00s4001-G,tan20250512t175722c00s4001,1,0.36516422973626306,0.400052576336041
579755,tan20250511t061031c00s4001-A,tan20250511t061031c00s4001,0,0.0053238971856017095,0.400052576336041
579756,tan20250512t175722c00s4001-G,tan20250512t175722c00s4001,1,0.47350355415175516,0.400052576336041
579762,tan20250511t061031c00s4001-A,tan20250511t061031c00s4001,0,0.9297630810039885,0.400052576336041
579763,tan20250512t175722c00s4001-G,tan20250512t175722c00s4001,1,0.4722850122043312,0.400052576336041
579765,tan20250511t061031c00s4001-A,tan20250511t061031c00s4001,0,0.07184806346679541,0.400052576336041
579766,tan20250512t175722c00s4001-G,tan20250512t175722c00s4001,1,0.5084455893806464,0.400052576336041
579767,tan20250511t061031c00s4001-A,tan20250511t061031c00s4001,0,0.07806862464514672,0.400052576336041
579768,tan20250512t175722c00s4001-G,tan20250512t175722c00s4001,1,0.7180248630795809,0.400052576336041
579769,tan20250512t175722c00s4001-G,tan20250512t175722c00s4001,1,0.7080125177793472,0.400052576336041
579770,tan20250512t175722c00s4001-G,tan20250512t175722c00s4001,1,0.40792110275009485,0.400052576336041
579771,tan20250512t192646c00s4001-A,tan20250512t192646c00s4001,1,0.5640844783159862,0.400052576336041
579772,tan20250512t175722c00s4001-G,tan20250512t175722c00s4001,1,0.6198789050103847,0.400052576336041
579773,tan20250512t192646c00s4001-A,tan20250512t192646c00s4001,1,0.48444303090465096,0.400052576336041
579774,tan20250512t175722c00s4001-G,tan20250512t175722c00s4001,1,0.7863785038425677,0.400052576336041
579775,tan20250512t192646c00s4001-A,tan20250512t192646c00s4001,1,0.3277276427441014,0.400052576336041
579776,tan20250512t175722c00s4001-G,tan20250512t175722c00s4001,1,0.6015313000067636,0.400052576336041
579777,tan20250512t192646c00s4001-A,tan20250512t192646c00s4001,1,0.6199792187595111,0.400052576336041
579778,tan20250512t175722c00s4001-G,tan20250512t175722c00s4001,1,0.6295443367854177,0.400052576336041
579779,tan20250512t192646c00s4001-A,tan20250512t192646c00s4001,1,0.8869311872029865,0.400052576336041
579780,tan20250512t175722c00s4001-G,tan20250512t175722c00s4001,1,0.609831801071717,0.400052576336041
579781,tan20250512t192646c00s4001-A,tan20250512t192646c00s4001,1,0.4817029466742428,0.400052576336041
579782,tan20250512t175722c00s4001-G,tan20250512t175722c00s4001,1,0.3695602661884301,0.400052576336041
579783,tan20250512t192646c00s4001-A,tan20250512t192646c00s4001,1,0.6365872596839858,0.400052576336041
579784,tan20250512t175722c00s4001-G,tan20250512t175722c00s4001,1,0.37115629692598384,0.400052576336041
579785,tan20250512t192646c00s4001-A,tan20250512t192646c00s4001,1,0.5810378547904091,0.400052576336041
579786,tan20250512t175722c00s4001-G,tan20250512t175722c00s4001,1,0.5882700207486912,0.400052576336041
579787,tan20250512t192646c00s4001-A,tan20250512t192646c00s4001,1,0.721141809686006,0.400052576336041
579788,tan20250512t175722c00s4001-G,tan20250512t175722c00s4001,1,0.7607690137125925,0.400052576336041
579789,tan20250512t192646c00s4001-A,tan20250512t192646c00s4001,1,0.6301125788477338,0.400052576336041
579790,tan20250512t175722c00s4001-G,tan20250512t175722c00s4001,0,0.3884792586678757,0.400052576336041
579791,tan20250512t192646c00s4001-A,tan20250512t192646c00s4001,1,0.6136059699144374,0.400052576336041
579792,tan20250512t175722c00s4001-G,tan20250512t175722c00s4001,0,0.7186696720155494,0.400052576336041
579793,tan20250512t192646c00s4001-A,tan20250512t192646c00s4001,1,0.7775709798149206,0.400052576336041
579794,tan20250512t175722c00s4001-G,tan20250512t175722c00s4001,0,0.23583718855710709,0.400052576336041
579795,tan20250512t192646c00s4001-A,tan20250512t192646c00s4001,1,0.6126114577493347,0.400052576336041
579796,tan20250512t175722c00s4001-G,tan20250512t175722c00s4001,0,0.9041967420205991,0.400052576336041
579797,tan20250512t192646c00s4001-A,tan20250512t192646c00s4001,1,0.5548498745822362,0.400052576336041
579798,tan20250512t175722c00s4001-G,tan20250512t175722c00s4001,0,0.21678032632430835,0.400052576336041
579799,tan20250512t192646c00s4001-A,tan20250512t192646c00s4001,1,0.4817029466742428,0.400052576336041
579800,tan20250512t175722c00s4001-G,tan20250512t175722c00s4001,0,0.12877274983457646,0.400052576336041
579801,tan20250512t192646c00s4001-A,tan20250512t192646c00s4001,1,0.5905654639553708,0.400052576336041
579802,tan20250512t175722c00s4001-G,tan20250512t175722c00s4001,0,0.002451794672500159,0.400052576336041
579804,tan20250512t175722c00s4001-G,tan20250512t175722c00s4001,0,0.24112254797138888,0.400052576336041
579805,tan20250512t192646c00s4001-A,tan20250512t192646c00s4001,0,0.6199339265252048,0.400052576336041
579806,tan20250512t175722c00s4001-G,tan20250512t175722c00s4001,0,0.16395390861771375,0.400052576336041
579808,tan20250512t175722c00s4001-G,tan20250512t175722c00s4001,0,0.4269945086568747,0.400052576336041
579811,tan20250512t175722c00s4001-G,tan20250512t175722c00s4001,0,0.010462261411376123,0.400052576336041
579813,tan20250512t175722c00s4001-G,tan20250512t175722c00s4001,0,0.002291507288190837,0.400052576336041
579815,tan20250512t175722c00s4001-G,tan20250512t175722c00s4001,0,0.0929744215462887,0.400052576336041
579818,tan20250512t192646c00s4001-A,tan20250512t192646c00s4001,0,0.001162410545229432,0.400052576336041
579819,tan20250512t175722c00s4001-G,tan20250512t175722c00s4001,0,0.04986272151256113,0.400052576336041
579820,tan20250512t192646c00s4001-A,tan20250512t192646c00s4001,0,0.005635357227042042,0.400052576336041
579821,tan20250512t175722c00s4001-G,tan20250512t175722c00s4001,0,0.07742668239004827,0.400052576336041
579823,tan20250512t192646c00s4001-A,tan20250512t192646c00s4001,0,0.9491440196850418,0.400052576336041
579824,tan20250512t175722c00s4001-G,tan20250512t175722c00s4001,0,0.0007282702231159755,0.400052576336041
579826,tan20250512t192646c00s4001-A,tan20250512t192646c00s4001,0,0.015007226331258323,0.400052576336041
579827,tan20250512t192646c00s4001-A,tan20250512t192646c00s4001,0,0.002930423970625031,0.400052576336041
579829,tan20250512t192646c00s4001-A,tan20250512t192646c00s4001,0,0.003502440324691255,0.400052576336041
579933,tan20250512t192646c00s4001-C,tan20250512t192646c00s4001,0,0.09171663124255612,0.400052576336041
579935,tan20250512t192646c00s4001-A,tan20250512t192646c00s4001,0,0.03730620574040508,0.400052576336041
579952,tan20250512t192646c00s4001-A,tan20250512t192646c00s4001,0,0.017365578804080063,0.400052576336041
579957,tan20250512t192646c00s4001-C,tan20250512t192646c00s4001,0,0.6660749353566067,0.400052576336041
579959,tan20250514t163511c00s4001-D,tan20250514t163511c00s4001,1,0.4861344849807601,0.400052576336041
579965,tan20250512t192646c00s4001-C,tan20250512t192646c00s4001,0,0.004379593262720037,0.400052576336041
579966,tan20250514t163511c00s4001-D,tan20250514t163511c00s4001,1,0.4091700433094285,0.400052576336041
579968,tan20250512t192646c00s4001-C,tan20250512t192646c00s4001,0,0.021221871269434915,0.400052576336041
579969,tan20250514t163511c00s4001-D,tan20250514t163511c00s4001,1,0.45207971592864243,0.400052576336041
579972,tan20250514t163511c00s4001-D,tan20250514t163511c00s4001,1,0.460011896006099,0.400052576336041
579982,tan20250514t163511c00s4001-D,tan20250514t163511c00s4001,1,0.49629504648581324,0.400052576336041
579995,tan20250514t163511c00s4001-D,tan20250514t163511c00s4001,1,0.38116146411460244,0.400052576336041
580001,tan20250512t192646c00s4001-C,tan20250512t192646c00s4001,0,0.07759089795628889,0.400052576336041
580002,tan20250514t163511c00s4001-D,tan20250514t163511c00s4001,1,0.5052112157620015,0.400052576336041
580006,tan20250514t163511c00s4001-D,tan20250514t163511c00s4001,1,0.42409227593638,0.400052576336041
580007,tan20250512t192646c00s4001-C,tan20250512t192646c00s4001,0,0.01663916572934817,0.400052576336041
580008,tan20250514t163511c00s4001-D,tan20250514t163511c00s4001,1,0.6827109913242191,0.400052576336041
580011,tan20250512t192646c00s4001-C,tan20250512t192646c00s4001,0,0.019252383453236547,0.400052576336041
580012,tan20250514t163511c00s4001-D,tan20250514t163511c00s4001,1,0.39590139095305915,0.400052576336041
580013,tan20250514t163511c00s4001-D,tan20250514t163511c00s4001,1,0.1790064585299695,0.400052576336041
580014,tan20250514t163511c00s4001-D,tan20250514t163511c00s4001,1,0.552989010695989,0.400052576336041
580015,tan20250515t173133c00s4001-A,tan20250515t173133c00s4001,1,0.005045869019077317,0.400052576336041
580016,tan20250514t163511c00s4001-D,tan20250514t163511c00s4001,1,0.3512480618006811,0.400052576336041
580017,tan20250515t173133c00s4001-A,tan20250515t173133c00s4001,1,0.003748584172301073,0.400052576336041
580018,tan20250514t163511c00s4001-D,tan20250514t163511c00s4001,1,0.2541592440124464,0.400052576336041
580019,tan20250515t173133c00s4001-A,tan20250515t173133c00s4001,1,0.07447566417199535,0.400052576336041
580020,tan20250514t163511c00s4001-D,tan20250514t163511c00s4001,1,0.541947169166317,0.400052576336041
580021,tan20250515t173133c00s4001-A,tan20250515t173133c00s4001,1,0.015783524137754412,0.400052576336041
580022,tan20250514t163511c00s4001-D,tan20250514t163511c00s4001,1,0.374364832879406,0.400052576336041
580023,tan20250515t173133c00s4001-A,tan20250515t173133c00s4001,1,0.014308883515866814,0.400052576336041
580026,tan20250514t163511c00s4001-D,tan20250514t163511c00s4001,0,0.1687458580648093,0.400052576336041
580027,tan20250515t173133c00s4001-A,tan20250515t173133c00s4001,1,0.1820010275286374,0.400052576336041
580032,tan20250514t163511c00s4001-D,tan20250514t163511c00s4001,0,0.4224212442538143,0.400052576336041
580033,tan20250515t173133c00s4001-A,tan20250515t173133c00s4001,1,0.008917254866810293,0.400052576336041
580035,tan20250514t163511c00s4001-D,tan20250514t163511c00s4001,0,0.7532452397653928,0.400052576336041
580036,tan20250515t173133c00s4001-A,tan20250515t173133c00s4001,1,0.002593284696531723,0.400052576336041
580039,tan20250514t163511c00s4001-D,tan20250514t163511c00s4001,0,0.04947155062098261,0.400052576336041
580040,tan20250515t173133c00s4001-A,tan20250515t173133c00s4001,1,0.003748584172301073,0.400052576336041
580041,tan20250514t163511c00s4001-D,tan20250514t163511c00s4001,0,0.017239846696673496,0.400052576336041
580042,tan20250515t173133c00s4001-A,tan20250515t173133c00s4001,1,0.02079135785677717,0.400052576336041
580043,tan20250514t163511c00s4001-D,tan20250514t163511c00s4001,0,0.8032329253658862,0.400052576336041
580044,tan20250515t173133c00s4001-A,tan20250515t173133c00s4001,1,0.03698978969624385,0.400052576336041
580056,tan20250514t163511c00s4001-D,tan20250514t163511c00s4001,0,0.005359858888022444,0.400052576336041
580057,tan20250515t173133c00s4001-A,tan20250515t173133c00s4001,1,0.00480727064186673,0.400052576336041
580067,tan20250514t163511c00s4001-D,tan20250514t163511c00s4001,0,0.015941368026245593,0.400052576336041
580068,tan20250515t173133c00s4001-A,tan20250515t173133c00s4001,1,0.0038328136566464204,0.400052576336041
580073,tan20250514t163511c00s4001-D,tan20250514t163511c00s4001,0,0.01082564742899771,0.400052576336041
580074,tan20250515t173133c00s4001-A,tan20250515t173133c00s4001,1,0.011438199027485205,0.400052576336041
580076,tan20250514t163511c00s4001-D,tan20250514t163511c00s4001,0,0.031823713095381304,0.400052576336041
580077,tan20250515t173133c00s4001-A,tan20250515t173133c00s4001,1,0.022408247688709786,0.400052576336041
580078,tan20250514t163511c00s4001-D,tan20250514t163511c00s4001,0,0.004492988510599846,0.400052576336041
580079,tan20250515t173133c00s4001-A,tan20250515t173133c00s4001,1,0.0027161541419764086,0.400052576336041
580081,tan20250514t163511c00s4001-D,tan20250514t163511c00s4001,0,0.0030934081415167165,0.400052576336041
580082,tan20250515t173133c00s4001-A,tan20250515t173133c00s4001,0,0.4531325104370766,0.400052576336041
580084,tan20250514t163511c00s4001-D,tan20250514t163511c00s4001,0,0.0009094619810362274,0.400052576336041
580085,tan20250515t173133c00s4001-A,tan20250515t173133c00s4001,0,0.5608721426338691,0.400052576336041
580090,tan20250514t163511c00s4001-D,tan20250514t163511c00s4001,0,0.005829325671384132,0.400052576336041
580091,tan20250515t173133c00s4001-A,tan20250515t173133c00s4001,0,0.8112116228819313,0.400052576336041
580095,tan20250514t163511c00s4001-D,tan20250514t163511c00s4001,0,0.0017715003420286034,0.400052576336041
580096,tan20250515t173133c00s4001-A,tan20250515t173133c00s4001,0,0.4841844512133442,0.400052576336041
580097,tan20250514t163511c00s4001-D,tan20250514t163511c00s4001,0,0.00837420783092206,0.400052576336041
580098,tan20250515t173133c00s4001-A,tan20250515t173133c00s4001,0,0.4287669276412286,0.400052576336041
580099,tan20250515t173133c00s4001-A,tan20250515t173133c00s4001,0,0.6784120213421773,0.400052576336041
580100,tan20250515t173133c00s4001-A,tan20250515t173133c00s4001,0,0.21287806416626423,0.400052576336041
580101,tan20250517t112526c00s4001-A,tan20250517t112526c00s4001,1,0.9720771175824658,0.400052576336041
580102,tan20250515t173133c00s4001-A,tan20250515t173133c00s4001,0,0.028188644334190452,0.400052576336041
580104,tan20250515t173133c00s4001-A,tan20250515t173133c00s4001,0,0.07348107316134779,0.400052576336041
580105,tan20250517t112526c00s4001-A,tan20250517t112526c00s4001,1,0.852124766829475,0.400052576336041
580106,tan20250515t173133c00s4001-A,tan20250515t173133c00s4001,0,0.040368425909640133,0.400052576336041
580108,tan20250515t173133c00s4001-A,tan20250515t173133c00s4001,0,0.020608992740675517,0.400052576336041
580110,tan20250515t173133c00s4001-A,tan20250515t173133c00s4001,0,0.02552184694554018,0.400052576336041
580112,tan20250515t173133c00s4001-A,tan20250515t173133c00s4001,0,0.0057383625256556626,0.400052576336041
580114,tan20250515t173133c00s4001-A,tan20250515t173133c00s4001,0,0.021599764080412358,0.400052576336041
580115,tan20250517t112526c00s4001-A,tan20250517t112526c00s4001,1,0.9769493695483732,0.400052576336041
580116,tan20250515t173133c00s4001-A,tan20250515t173133c00s4001,0,0.00429681865961427,0.400052576336041
580117,tan20250517t112526c00s4001-A,tan20250517t112526c00s4001,1,0.9821647061140056,0.400052576336041
580118,tan20250515t173133c00s4001-A,tan20250515t173133c00s4001,0,0.027198468386494257,0.400052576336041
580128,tan20250517t112526c00s4001-B,tan20250517t112526c00s4001,1,0.907304276586682,0.400052576336041
580129,tan20250517t112526c00s4001-A,tan20250517t112526c00s4001,1,0.8689402759026027,0.400052576336041
580131,tan20250517t112526c00s4001-A,tan20250517t112526c00s4001,0,0.17439135212293985,0.400052576336041
580134,tan20250517t112526c00s4001-B,tan20250517t112526c00s4001,1,0.8059467709198569,0.400052576336041
580137,tan20250517t112526c00s4001-A,tan20250517t112526c00s4001,0,0.10564688098686403,0.400052576336041
580138,tan20250517t112526c00s4001-B,tan20250517t112526c00s4001,1,0.8150247077141316,0.400052576336041
580140,tan20250517t112526c00s4001-B,tan20250517t112526c00s4001,1,0.8331831364678971,0.400052576336041
580143,tan20250517t112526c00s4001-A,tan20250517t112526c00s4001,0,0.0037484768431604153,0.400052576336041
580145,tan20250517t112526c00s4001-A,tan20250517t112526c00s4001,0,0.002018429849180223,0.400052576336041
580146,tan20250517t112526c00s4001-B,tan20250517t112526c00s4001,1,0.9012186973858244,0.400052576336041
580148,tan20250517t112526c00s4001-B,tan20250517t112526c00s4001,1,0.8844794752262104,0.400052576336041
580149,tan20250517t112526c00s4001-A,tan20250517t112526c00s4001,0,0.006856186651970452,0.400052576336041
580150,tan20250517t112526c00s4001-B,tan20250517t112526c00s4001,1,0.9371664544121658,0.400052576336041
580151,tan20250517t112526c00s4001-A,tan20250517t112526c00s4001,0,0.0044481664440131,0.400052576336041
580152,tan20250517t112526c00s4001-B,tan20250517t112526c00s4001,1,0.8756929174190172,0.400052576336041
580156,tan20250517t112526c00s4001-B,tan20250517t112526c00s4001,0,0.12816816821139482,0.400052576336041
580157,tan20250517t112526c00s4001-A,tan20250517t112526c00s4001,0,0.001748576849773883,0.400052576336041
580162,tan20250517t112526c00s4001-B,tan20250517t112526c00s4001,0,0.050436744176598616,0.400052576336041
580163,tan20250517t112526c00s4001-B,tan20250517t112526c00s4001,0,0.0011766162284570472,0.400052576336041
580168,tan20250517t112526c00s4001-B,tan20250517t112526c00s4001,0,0.08094205018498517,0.400052576336041
580169,tan20250517t112526c00s4001-C,tan20250517t112526c00s4001,1,0.6335365343413826,0.400052576336041
580174,tan20250517t112526c00s4001-B,tan20250517t112526c00s4001,0,0.0018820423323767017,0.400052576336041
580176,tan20250517t112526c00s4001-B,tan20250517t112526c00s4001,0,0.0011394697367515202,0.400052576336041
580186,tan20250518t140729c00s4001-A,tan20250518t140729c00s4001,1,0.03292195999685016,0.400052576336041
580187,tan20250517t112526c00s4001-C,tan20250517t112526c00s4001,1,0.8810928206091835,0.400052576336041
580188,tan20250518t140729c00s4001-A,tan20250518t140729c00s4001,1,0.2938144133298363,0.400052576336041
580190,tan20250518t140729c00s4001-A,tan20250518t140729c00s4001,1,0.8474069131210665,0.400052576336041
580191,tan20250517t112526c00s4001-C,tan20250517t112526c00s4001,1,0.7709136583431747,0.400052576336041
580192,tan20250518t140729c00s4001-A,tan20250518t140729c00s4001,1,0.05953552258521391,0.400052576336041
580194,tan20250518t140729c00s4001-A,tan20250518t140729c00s4001,1,0.03632884078612779,0.400052576336041
580196,tan20250518t140729c00s4001-A,tan20250518t140729c00s4001,1,0.3902528424289324,0.400052576336041
580197,tan20250517t112526c00s4001-C,tan20250517t112526c00s4001,0,0.0052555722898529195,0.400052576336041
580198,tan20250518t140729c00s4001-A,tan20250518t140729c00s4001,1,0.9001629622716502,0.400052576336041
580200,tan20250518t140729c00s4001-A,tan20250518t140729c00s4001,1,0.23842006464423154,0.400052576336041
580202,tan20250518t140729c00s4001-A,tan20250518t140729c00s4001,1,0.8976590491006544,0.400052576336041
580204,tan20250518t140729c00s4001-A,tan20250518t140729c00s4001,1,0.3668363238742318,0.400052576336041
580206,tan20250518t140729c00s4001-A,tan20250518t140729c00s4001,1,0.6654394164812476,0.400052576336041
580208,tan20250518t140729c00s4001-A,tan20250518t140729c00s4001,1,0.46077643482744784,0.400052576336041
580209,tan20250517t112526c00s4001-C,tan20250517t112526c00s4001,0,0.0011145930347905824,0.400052576336041
580210,tan20250518t140729c00s4001-A,tan20250518t140729c00s4001,1,0.3970514716836133,0.400052576336041
580212,tan20250518t140729c00s4001-A,tan20250518t140729c00s4001,1,0.5766085480246131,0.400052576336041
580214,tan20250518t140729c00s4001-A,tan20250518t140729c00s4001,1,0.25317670571391326,0.400052576336041
580216,tan20250518t140729c00s4001-A,tan20250518t140729c00s4001,1,0.21263760617249508,0.400052576336041
580218,tan20250518t140729c00s4001-A,tan20250518t140729c00s4001,0,0.0016106666652273584,0.400052576336041
580220,tan20250518t140729c00s4001-A,tan20250518t140729c00s4001,0,0.00314286928391489,0.400052576336041
580222,tan20250518t140729c00s4001-A,tan20250518t140729c00s4001,0,0.004613032381928307,0.400052576336041
580223,tan20250517t112526c00s4001-C,tan20250517t112526c00s4001,0,0.021672293608424743,0.400052576336041
580224,tan20250518t140729c00s4001-A,tan20250518t140729c00s4001,0,0.0024656710888206115,0.400052576336041
580226,tan20250518t140729c00s4001-A,tan20250518t140729c00s4001,0,0.0034478149938619645,0.400052576336041
580227,tan20250518t140729c00s4001-A,tan20250518t140729c00s4001,0,0.08135173590701145,0.400052576336041
580228,tan20250518t140729c00s4001-A,tan20250518t140729c00s4001,0,0.006130148973751708,0.400052576336041
580229,tan20250518t140729c00s4001-A,tan20250518t140729c00s4001,0,0.08963572897881046,0.400052576336041
580230,tan20250518t153202c00s4001-A,tan20250518t153202c00s4001,1,0.004230759124814941,0.400052576336041
580231,tan20250518t140729c00s4001-A,tan20250518t140729c00s4001,0,0.005234197539204339,0.400052576336041
580232,tan20250518t153202c00s4001-A,tan20250518t153202c00s4001,1,0.044773868994023566,0.400052576336041
580233,tan20250518t140729c00s4001-A,tan20250518t140729c00s4001,0,0.34083186190022885,0.400052576336041
580234,tan20250518t153202c00s4001-A,tan20250518t153202c00s4001,1,0.04336534012157466,0.400052576336041
580235,tan20250518t140729c00s4001-A,tan20250518t140729c00s4001,0,0.003891549505448552,0.400052576336041
580236,tan20250518t153202c00s4001-A,tan20250518t153202c00s4001,1,0.010728966235623145,0.400052576336041
580237,tan20250518t140729c00s4001-A,tan20250518t140729c00s4001,0,0.0014239979757168792,0.400052576336041
580238,tan20250518t153202c00s4001-A,tan20250518t153202c00s4001,1,0.005714136403258535,0.400052576336041
580239,tan20250518t140729c00s4001-A,tan20250518t140729c00s4001,0,0.0064600304732238545,0.400052576336041
580240,tan20250518t153202c00s4001-A,tan20250518t153202c00s4001,1,0.7264737276630985,0.400052576336041
580241,tan20250518t140729c00s4001-A,tan20250518t140729c00s4001,0,0.0528145831473041,0.400052576336041
580242,tan20250518t153202c00s4001-A,tan20250518t153202c00s4001,1,0.26855879389464504,0.400052576336041
580243,tan20250518t153202c00s4001-A,tan20250518t153202c00s4001,1,0.01342660909643645,0.400052576336041
580244,tan20250518t140729c00s4001-A,tan20250518t140729c00s4001,0,0.010385875335741873,0.400052576336041
580245,tan20250518t153202c00s4001-A,tan20250518t153202c00s4001,1,0.010728966235623145,0.400052576336041
580246,tan20250518t140729c00s4001-A,tan20250518t140729c00s4001,0,0.003363744528867258,0.400052576336041
580247,tan20250518t153202c00s4001-A,tan20250518t153202c00s4001,1,0.7730185694824486,0.400052576336041
580248,tan20250518t153202c00s4001-A,tan20250518t153202c00s4001,1,0.014850737998829378,0.400052576336041
580249,tan20250518t153202c00s4001-A,tan20250518t153202c00s4001,1,0.370759298911709,0.400052576336041
580251,tan20250518t153202c00s4001-A,tan20250518t153202c00s4001,1,0.346344287663723,0.400052576336041
580253,tan20250518t153202c00s4001-A,tan20250518t153202c00s4001,1,0.043519197889212415,0.400052576336041
580255,tan20250518t153202c00s4001-A,tan20250518t153202c00s4001,1,0.16527956013126688,0.400052576336041
580257,tan20250518t153202c00s4001-A,tan20250518t153202c00s4001,1,0.04287637667711263,0.400052576336041
580258,tan20250519t035438c00s4001-A,tan20250519t035438c00s4001,1,0.6555646057382548,0.400052576336041
580259,tan20250518t153202c00s4001-A,tan20250518t153202c00s4001,0,0.08889643618139449,0.400052576336041
580261,tan20250518t153202c00s4001-A,tan20250518t153202c00s4001,0,0.0028786555648072113,0.400052576336041
580263,tan20250518t153202c00s4001-A,tan20250518t153202c00s4001,0,0.004240692983245111,0.400052576336041
580264,tan20250519t035438c00s4001-A,tan20250519t035438c00s4001,1,0.416813386512413,0.400052576336041
580265,tan20250518t153202c00s4001-A,tan20250518t153202c00s4001,0,0.0067326647359621785,0.400052576336041
580267,tan20250518t153202c00s4001-A,tan20250518t153202c00s4001,0,0.0032130204030493786,0.400052576336041
580269,tan20250518t153202c00s4001-A,tan20250518t153202c00s4001,0,0.010790182986997333,0.400052576336041
580270,tan20250519t035438c00s4001-A,tan20250519t035438c00s4001,1,0.6795720326504767,0.400052576336041
580271,tan20250518t153202c00s4001-A,tan20250518t153202c00s4001,0,0.019506982982304334,0.400052576336041
580273,tan20250518t153202c00s4001-A,tan20250518t153202c00s4001,0,0.027021814809131243,0.400052576336041
580275,tan20250518t153202c00s4001-A,tan20250518t153202c00s4001,0,0.002982407638138478,0.400052576336041
580277,tan20250518t153202c00s4001-A,tan20250518t153202c00s4001,0,0.04050103972292101,0.400052576336041
580279,tan20250518t153202c00s4001-A,tan20250518t153202c00s4001,0,0.049918137736708425,0.400052576336041
580281,tan20250518t153202c00s4001-A,tan20250518t153202c00s4001,0,0.007500462734303502,0.400052576336041
580283,tan20250518t153202c00s4001-A,tan20250518t153202c00s4001,0,0.0032806375260518604,0.400052576336041
580286,tan20250518t153202c00s4001-A,tan20250518t153202c00s4001,0,0.012912695091385783,0.400052576336041
580288,tan20250518t153202c00s4001-A,tan20250518t153202c00s4001,0,0.01098098084361771,0.400052576336041
580290,tan20250518t153202c00s4001-A,tan20250518t153202c00s4001,0,0.007927946845130292,0.400052576336041
580297,tan20250519t035438c00s4001-B,tan20250519t035438c00s4001,1,0.012225802511721964,0.400052576336041
580302,tan20250519t035438c00s4001-A,tan20250519t035438c00s4001,0,0.7327228840612393,0.400052576336041
580303,tan20250519t035438c00s4001-B,tan20250519t035438c00s4001,1,0.009710527381226144,0.400052576336041
580305,tan20250519t035438c00s4001-B,tan20250519t035438c00s4001,1,0.03052183976840899,0.400052576336041
580313,tan20250519t035438c00s4001-B,tan20250519t035438c00s4001,1,0.022637388761511574,0.400052576336041
580318,tan20250519t035438c00s4001-C,tan20250519t035438c00s4001,1,0.007220759226370942,0.400052576336041
580322,tan20250519t035438c00s4001-C,tan20250519t035438c00s4001,1,0.12184267192545482,0.400052576336041
580323,tan20250519t035438c00s4001-B,tan20250519t035438c00s4001,1,0.026980272713411968,0.400052576336041
580327,tan20250519t035438c00s4001-B,tan20250519t035438c00s4001,0,0.002130578427908058,0.400052576336041
580329,tan20250519t035438c00s4001-B,tan20250519t035438c00s4001,0,0.08638055736928574,0.400052576336041
580331,tan20250519t035438c00s4001-B,tan20250519t035438c00s4001,0,0.00265538466866402,0.400052576336041
580334,tan20250519t035438c00s4001-C,tan20250519t035438c00s4001,1,0.013140628885634543,0.400052576336041
580336,tan20250519t035438c00s4001-C,tan20250519t035438c00s4001,1,0.04353541834189443,0.400052576336041
580347,tan20250519t035438c00s4001-B,tan20250519t035438c00s4001,0,0.008462808099018013,0.400052576336041
580351,tan20250519t035438c00s4001-B,tan20250519t035438c00s4001,0,0.002067649697187488,0.400052576336041
580362,tan20250519t035438c00s4001-C,tan20250519t035438c00s4001,0,0.0020702634971116545,0.400052576336041
580364,tan20250519t035438c00s4001-C,tan20250519t035438c00s4001,0,0.20132552798801853,0.400052576336041
580369,tan20250519t035438c00s4001-D,tan20250519t035438c00s4001,1,0.12048791932839677,0.400052576336041
580370,tan20250519t035438c00s4001-C,tan20250519t035438c00s4001,0,0.008139190456422439,0.400052576336041
580378,tan20250519t035438c00s4001-D,tan20250519t035438c00s4001,1,0.049655367621512236,0.400052576336041
580394,tan20250519t035438c00s4001-D,tan20250519t035438c00s4001,0,0.2127744447149389,0.400052576336041
580396,tan20250519t035438c00s4001-D,tan20250519t035438c00s4001,0,0.002272965887046054,0.400052576336041
580413,tan20250519t035438c00s4001-E,tan20250519t035438c00s4001,0,0.0011327641000562572,0.400052576336041
580434,tan20250519t035438c00s4001-F,tan20250519t035438c00s4001,1,0.18574620431305697,0.400052576336041
580458,tan20250519t035438c00s4001-G,tan20250519t035438c00s4001,1,0.011177817354675228,0.400052576336041
580463,tan20250519t035438c00s4001-F,tan20250519t035438c00s4001,0,0.010858061768684618,0.400052576336041
580479,tan20250519t035438c00s4001-F,tan20250519t035438c00s4001,0,0.000937210280736837,0.400052576336041
580488,tan20250519t035438c00s4001-F,tan20250519t035438c00s4001,0,0.0010399384853427458,0.400052576336041
580602,tan20250519t065949c00s4001-A,tan20250519t065949c00s4001,0,0.0636877638506029,0.400052576336041
580615,tan20250519t065949c00s4001-A,tan20250519t065949c00s4001,0,0.01056079137694188,0.400052576336041
580630,tan20250519t035438c00s4001-G,tan20250519t035438c00s4001,0,0.00991811360819614,0.400052576336041
580632,tan20250519t065949c00s4001-A,tan20250519t065949c00s4001,0,0.0023751518579762697,0.400052576336041
580649,tan20250519t065949c00s4001-A,tan20250519t065949c00s4001,0,0.04659993446250653,0.400052576336041
580685,tan20250519t065949c00s4001-A,tan20250519t065949c00s4001,0,0.02504853977834823,0.400052576336041
580693,tan20250519t065949c00s4001-B,tan20250519t065949c00s4001,1,0.9256733068098729,0.400052576336041
580705,tan20250519t065949c00s4001-B,tan20250519t065949c00s4001,1,0.8446379149478588,0.400052576336041
580706,tan20250519t065949c00s4001-A,tan20250519t065949c00s4001,0,0.16385531521621666,0.400052576336041
580708,tan20250519t065949c00s4001-B,tan20250519t065949c00s4001,1,0.8429364339364388,0.400052576336041
580709,tan20250519t065949c00s4001-B,tan20250519t065949c00s4001,1,0.8628000708491347,0.400052576336041
580713,tan20250519t065949c00s4001-C,tan20250519t065949c00s4001,1,0.9685613671682564,0.400052576336041
580714,tan20250519t065949c00s4001-B,tan20250519t065949c00s4001,1,0.8318775837241594,0.400052576336041
580715,tan20250519t065949c00s4001-C,tan20250519t065949c00s4001,1,0.9775889016940431,0.400052576336041
580717,tan20250519t065949c00s4001-C,tan20250519t065949c00s4001,1,0.9480082002294147,0.400052576336041
580718,tan20250519t065949c00s4001-B,tan20250519t065949c00s4001,1,0.9373993528000696,0.400052576336041
580719,tan20250519t065949c00s4001-C,tan20250519t065949c00s4001,1,0.8957917987526274,0.400052576336041
580721,tan20250519t065949c00s4001-C,tan20250519t065949c00s4001,1,0.9685613671682564,0.400052576336041
580724,tan20250519t065949c00s4001-B,tan20250519t065949c00s4001,1,0.8161576543640703,0.400052576336041
580730,tan20250519t065949c00s4001-C,tan20250519t065949c00s4001,1,0.9079768066078693,0.400052576336041
580732,tan20250519t065949c00s4001-C,tan20250519t065949c00s4001,1,0.8501512314838684,0.400052576336041
580733,tan20250519t065949c00s4001-B,tan20250519t065949c00s4001,0,0.04788877531509651,0.400052576336041
580739,tan20250519t065949c00s4001-C,tan20250519t065949c00s4001,1,0.7663010444836883,0.400052576336041
580740,tan20250519t065949c00s4001-B,tan20250519t065949c00s4001,0,0.20023361022627106,0.400052576336041
580741,tan20250519t065949c00s4001-C,tan20250519t065949c00s4001,1,0.9592510352588826,0.400052576336041
580744,tan20250519t065949c00s4001-C,tan20250519t065949c00s4001,0,0.14062114843224624,0.400052576336041
580748,tan20250519t065949c00s4001-C,tan20250519t065949c00s4001,0,0.06161716716229653,0.400052576336041
580750,tan20250519t065949c00s4001-B,tan20250519t065949c00s4001,0,0.25635196386515047,0.400052576336041
580751,tan20250519t065949c00s4001-C,tan20250519t065949c00s4001,0,0.032610709536201016,0.400052576336041
580753,tan20250519t065949c00s4001-B,tan20250519t065949c00s4001,0,0.12484598372014175,0.400052576336041
580758,tan20250519t065949c00s4001-C,tan20250519t065949c00s4001,0,0.05671871063509159,0.400052576336041
580765,tan20250519t065949c00s4001-C,tan20250519t065949c00s4001,0,0.2157808368139696,0.400052576336041
580772,tan20250519t065949c00s4001-C,tan20250519t065949c00s4001,0,0.046582946189110394,0.400052576336041
581076,tan20250521t090352c58s4001-A,tan20250521t090352c58s4001,1,0.9078656989490741,0.400052576336041
581081,tan20250521t090352c58s4001-B,tan20250521t090352c58s4001,1,0.8483672082101659,0.400052576336041
581082,tan20250521t090352c58s4001-A,tan20250521t090352c58s4001,1,0.9746257841804713,0.400052576336041
581084,tan20250521t090352c58s4001-A,tan20250521t090352c58s4001,1,0.9746257841804713,0.400052576336041
581085,tan20250521t090352c58s4001-B,tan20250521t090352c58s4001,1,0.8154496787408594,0.400052576336041
581091,tan20250521t090352c58s4001-B,tan20250521t090352c58s4001,1,0.5958247911932906,0.400052576336041
581092,tan20250521t090352c58s4001-A,tan20250521t090352c58s4001,1,0.963638629479646,0.400052576336041
581094,tan20250521t090352c58s4001-A,tan20250521t090352c58s4001,1,0.9651951545932437,0.400052576336041
581095,tan20250521t090352c58s4001-B,tan20250521t090352c58s4001,1,0.8966568621665518,0.400052576336041
581096,tan20250521t090352c58s4001-A,tan20250521t090352c58s4001,1,0.9179090461618804,0.400052576336041
581098,tan20250521t090352c58s4001-A,tan20250521t090352c58s4001,1,0.9600892572033647,0.400052576336041
581099,tan20250521t090352c58s4001-B,tan20250521t090352c58s4001,1,0.936316922722944,0.400052576336041
581101,tan20250521t090352c58s4001-B,tan20250521t090352c58s4001,1,0.540054243368785,0.400052576336041
581102,tan20250521t090352c58s4001-A,tan20250521t090352c58s4001,1,0.9078656989490741,0.400052576336041
581103,tan20250521t090352c58s4001-B,tan20250521t090352c58s4001,1,0.5499376852265371,0.400052576336041
581111,tan20250521t090352c58s4001-B,tan20250521t090352c58s4001,1,0.9371502756679397,0.400052576336041
581112,tan20250521t090352c58s4001-A,tan20250521t090352c58s4001,0,0.935938697667434,0.400052576336041
581113,tan20250521t090352c58s4001-B,tan20250521t090352c58s4001,0,0.0034125393784348204,0.400052576336041
581116,tan20250521t090352c58s4001-A,tan20250521t090352c58s4001,0,0.001750199278616558,0.400052576336041
581117,tan20250521t090352c58s4001-B,tan20250521t090352c58s4001,0,0.0013025959558349207,0.400052576336041
581120,tan20250521t090352c58s4001-A,tan20250521t090352c58s4001,0,0.9698809541738266,0.400052576336041
581121,tan20250521t090352c58s4001-B,tan20250521t090352c58s4001,0,0.017473224885041105,0.400052576336041
581123,tan20250521t090352c58s4001-B,tan20250521t090352c58s4001,0,0.0009095255525439008,0.400052576336041
581126,tan20250521t090352c58s4001-A,tan20250521t090352c58s4001,0,0.018587571270509175,0.400052576336041
581128,tan20250521t090352c58s4001-A,tan20250521t090352c58s4001,0,0.0038563561480291415,0.400052576336041
581129,tan20250521t090352c58s4001-B,tan20250521t090352c58s4001,0,0.02111179776820757,0.400052576336041
581132,tan20250521t090352c58s4001-A,tan20250521t090352c58s4001,0,0.008049601655756333,0.400052576336041
581133,tan20250521t090352c58s4001-B,tan20250521t090352c58s4001,0,0.013628579763487777,0.400052576336041
581134,tan20250521t090352c58s4001-A,tan20250521t090352c58s4001,0,0.11733279774379496,0.400052576336041
581137,tan20250521t090352c58s4001-B,tan20250521t090352c58s4001,0,0.8682170694013722,0.400052576336041
581139,tan20250521t090352c58s4001-B,tan20250521t090352c58s4001,0,0.27208156832941066,0.400052576336041
581253,tan20250527t184828c48s4001-A,tan20250527t184828c48s4001,0,0.004402307494140677,0.400052576336041
581254,tan20250521t090352c58s4001-B,tan20250521t090352c58s4001,0,0.7208580689303171,0.400052576336041
581673,tan20250527t184828c48s4001-B,tan20250527t184828c48s4001,0,0.37638715426734565,0.400052576336041
581792,tan20250527t184828c48s4001-C,tan20250527t184828c48s4001,0,0.4205260606426722,0.400052576336041
581954,tan20250527t184828c48s4001-C,tan20250527t184828c48s4001,0,0.004321276198386337,0.400052576336041
581970,tan20250527t184828c48s4001-C,tan20250527t184828c48s4001,0,0.09987932662546704,0.400052576336041
582439,tan20250528t090505c53s4001-G,tan20250528t090505c53s4001,0,0.055230102802189526,0.400052576336041
582444,tan20250528t090505c53s4001-G,tan20250528t090505c53s4001,0,0.4970908945822961,0.400052576336041
582445,tan20250529t050011c58s4001-A,tan20250529t050011c58s4001,1,0.904006616225304,0.400052576336041
582451,tan20250528t090505c53s4001-G,tan20250528t090505c53s4001,0,0.014549407857440097,0.400052576336041
582452,tan20250529t050011c58s4001-A,tan20250529t050011c58s4001,1,0.8585445538048692,0.400052576336041
582454,tan20250528t090505c53s4001-G,tan20250528t090505c53s4001,0,0.0016366071045950908,0.400052576336041
582455,tan20250529t050011c58s4001-A,tan20250529t050011c58s4001,1,0.8502550880789008,0.400052576336041
582461,tan20250528t090505c53s4001-G,tan20250528t090505c53s4001,0,0.0034421650008767245,0.400052576336041
582462,tan20250529t050011c58s4001-A,tan20250529t050011c58s4001,1,0.8852223006615969,0.400052576336041
582471,tan20250528t090505c53s4001-G,tan20250528t090505c53s4001,0,0.0006540367769208152,0.400052576336041
582472,tan20250529t050011c58s4001-A,tan20250529t050011c58s4001,1,0.9304154908031391,0.400052576336041
582473,tan20250528t090505c53s4001-G,tan20250528t090505c53s4001,0,0.002262590908725782,0.400052576336041
582474,tan20250529t050011c58s4001-A,tan20250529t050011c58s4001,1,0.9006260153347072,0.400052576336041
582475,tan20250528t090505c53s4001-G,tan20250528t090505c53s4001,0,0.8592153577841909,0.400052576336041
582476,tan20250529t050011c58s4001-A,tan20250529t050011c58s4001,1,0.913780645518312,0.400052576336041
582487,tan20250528t090505c53s4001-G,tan20250528t090505c53s4001,0,0.12493834585451236,0.400052576336041
582488,tan20250529t050011c58s4001-A,tan20250529t050011c58s4001,1,0.9174496513324258,0.400052576336041
582489,tan20250528t090505c53s4001-G,tan20250528t090505c53s4001,0,0.07245542900717937,0.400052576336041
582490,tan20250529t050011c58s4001-A,tan20250529t050011c58s4001,1,0.9274777182297202,0.400052576336041
582492,tan20250528t090505c53s4001-G,tan20250528t090505c53s4001,0,0.0689379629177292,0.400052576336041
582493,tan20250529t050011c58s4001-A,tan20250529t050011c58s4001,1,0.9359523626911265,0.400052576336041
582496,tan20250528t090505c53s4001-G,tan20250528t090505c53s4001,0,0.06959821618882212,0.400052576336041
582497,tan20250529t050011c58s4001-A,tan20250529t050011c58s4001,1,0.8604268143167989,0.400052576336041
582502,tan20250528t090505c53s4001-G,tan20250528t090505c53s4001,0,0.6753738072848555,0.400052576336041
582503,tan20250529t050011c58s4001-A,tan20250529t050011c58s4001,1,0.8367979763182729,0.400052576336041
582519,tan20250528t090505c53s4001-G,tan20250528t090505c53s4001,0,0.36853865963909493,0.400052576336041
582520,tan20250529t050011c58s4001-A,tan20250529t050011c58s4001,1,0.9146969952821671,0.400052576336041
582538,tan20250528t090505c53s4001-G,tan20250528t090505c53s4001,0,0.2443174523038877,0.400052576336041
582539,tan20250529t050011c58s4001-A,tan20250529t050011c58s4001,1,0.8939296724035649,0.400052576336041
582547,tan20250528t090505c53s4001-G,tan20250528t090505c53s4001,0,0.14694308443302792,0.400052576336041
582548,tan20250529t050011c58s4001-A,tan20250529t050011c58s4001,1,0.9174496513324258,0.400052576336041
582549,tan20250529t050011c58s4001-A,tan20250529t050011c58s4001,1,0.8054568546553043,0.400052576336041
582550,tan20250529t050011c58s4001-A,tan20250529t050011c58s4001,0,0.12120309798084869,0.400052576336041
582552,tan20250529t050011c58s4001-A,tan20250529t050011c58s4001,0,0.002405990299095132,0.400052576336041
582553,tan20250531t065058c58s4001-A,tan20250531t065058c58s4001,1,0.8350088126210226,0.400052576336041
582554,tan20250529t050011c58s4001-A,tan20250529t050011c58s4001,0,0.022852767387733515,0.400052576336041
582555,tan20250531t065058c58s4001-A,tan20250531t065058c58s4001,1,0.7579545793365007,0.400052576336041
582558,tan20250529t050011c58s4001-A,tan20250529t050011c58s4001,0,0.004071209321038755,0.400052576336041
582559,tan20250531t065058c58s4001-A,tan20250531t065058c58s4001,1,0.286036785050506,0.400052576336041
582561,tan20250529t050011c58s4001-A,tan20250529t050011c58s4001,0,0.0018621479548707788,0.400052576336041
582562,tan20250531t065058c58s4001-A,tan20250531t065058c58s4001,1,0.5428562624302443,0.400052576336041
582564,tan20250529t050011c58s4001-A,tan20250529t050011c58s4001,0,0.0006878957249889586,0.400052576336041
582565,tan20250531t065058c58s4001-A,tan20250531t065058c58s4001,1,0.23027663558121853,0.400052576336041
582571,tan20250529t050011c58s4001-A,tan20250529t050011c58s4001,0,0.3053120393929878,0.400052576336041
582572,tan20250531t065058c58s4001-A,tan20250531t065058c58s4001,1,0.025773418614771604,0.400052576336041
582577,tan20250529t050011c58s4001-A,tan20250529t050011c58s4001,0,0.19753158145493774,0.400052576336041
582578,tan20250531t065058c58s4001-A,tan20250531t065058c58s4001,1,0.5196171505466168,0.400052576336041
582581,tan20250529t050011c58s4001-A,tan20250529t050011c58s4001,0,0.04112645125926545,0.400052576336041
582582,tan20250531t065058c58s4001-A,tan20250531t065058c58s4001,1,0.4327107993176596,0.400052576336041
582584,tan20250529t050011c58s4001-A,tan20250529t050011c58s4001,0,0.0015787612731013331,0.400052576336041
582585,tan20250531t065058c58s4001-A,tan20250531t065058c58s4001,1,0.7735550137161521,0.400052576336041
582587,tan20250529t050011c58s4001-A,tan20250529t050011c58s4001,0,0.5654583887506073,0.400052576336041
582588,tan20250531t065058c58s4001-A,tan20250531t065058c58s4001,1,0.36513840021419935,0.400052576336041
582590,tan20250529t050011c58s4001-A,tan20250529t050011c58s4001,0,0.0007554524270500702,0.400052576336041
582591,tan20250531t065058c58s4001-A,tan20250531t065058c58s4001,1,0.4411016693382976,0.400052576336041
582593,tan20250529t050011c58s4001-A,tan20250529t050011c58s4001,0,0.9432401527554025,0.400052576336041
582594,tan20250531t065058c58s4001-A,tan20250531t065058c58s4001,1,0.7575563032654618,0.400052576336041
582596,tan20250529t050011c58s4001-A,tan20250529t050011c58s4001,0,0.0018134916377368813,0.400052576336041
582597,tan20250531t065058c58s4001-A,tan20250531t065058c58s4001,1,0.8498355118603509,0.400052576336041
582598,tan20250529t050011c58s4001-A,tan20250529t050011c58s4001,0,0.0019624536004238945,0.400052576336041
582599,tan20250531t065058c58s4001-A,tan20250531t065058c58s4001,1,0.9013140055250418,0.400052576336041
582600,tan20250529t050011c58s4001-A,tan20250529t050011c58s4001,0,0.008859663943467102,0.400052576336041
582601,tan20250531t065058c58s4001-A,tan20250531t065058c58s4001,1,0.013189407346414588,0.400052576336041
582602,tan20250531t065058c58s4001-A,tan20250531t065058c58s4001,1,0.09769189684250613,0.400052576336041
582605,tan20250531t065058c58s4001-A,tan20250531t065058c58s4001,0,0.004360386147724488,0.400052576336041
582607,tan20250531t065058c58s4001-A,tan20250531t065058c58s4001,0,0.0010770766976194886,0.400052576336041
582610,tan20250531t065058c58s4001-A,tan20250531t065058c58s4001,0,0.0019550635034569245,0.400052576336041
582911,tan20250531t065058c58s4001-A,tan20250531t065058c58s4001,0,0.42247448708630514,0.400052576336041
582912,tan20250531t065058c58s4001-A,tan20250531t065058c58s4001,0,0.0144767981632443,0.400052576336041
582913,tan20250531t095814c46s4001-C,tan20250531t095814c46s4001,1,0.6040755233536083,0.400052576336041
582914,tan20250531t065058c58s4001-A,tan20250531t065058c58s4001,0,0.01057378394851662,0.400052576336041
582915,tan20250531t095814c46s4001-C,tan20250531t095814c46s4001,1,0.38224466630624093,0.400052576336041
582918,tan20250531t065058c58s4001-A,tan20250531t065058c58s4001,0,0.0028112757877884705,0.400052576336041
582919,tan20250531t095814c46s4001-C,tan20250531t095814c46s4001,1,0.8404972127172671,0.400052576336041
582921,tan20250531t065058c58s4001-A,tan20250531t065058c58s4001,0,0.005797035620918803,0.400052576336041
582922,tan20250531t095814c46s4001-C,tan20250531t095814c46s4001,1,0.373014503235836,0.400052576336041
582924,tan20250531t065058c58s4001-A,tan20250531t065058c58s4001,0,0.0016619404025460785,0.400052576336041
582925,tan20250531t095814c46s4001-C,tan20250531t095814c46s4001,1,0.7527234732237544,0.400052576336041
582926,tan20250531t065058c58s4001-A,tan20250531t065058c58s4001,0,0.0029788272696073563,0.400052576336041
582927,tan20250531t095814c46s4001-C,tan20250531t095814c46s4001,1,0.6846812969734425,0.400052576336041
582929,tan20250531t065058c58s4001-A,tan20250531t065058c58s4001,0,0.019216887998758477,0.400052576336041
582930,tan20250531t095814c46s4001-C,tan20250531t095814c46s4001,1,0.7466993341914359,0.400052576336041
582933,tan20250531t065058c58s4001-A,tan20250531t065058c58s4001,0,0.000987568450114302,0.400052576336041
582934,tan20250531t095814c46s4001-C,tan20250531t095814c46s4001,1,0.35392194913737723,0.400052576336041
582935,tan20250531t065058c58s4001-A,tan20250531t065058c58s4001,0,0.007306709307243158,0.400052576336041
582936,tan20250531t095814c46s4001-C,tan20250531t095814c46s4001,1,0.7455440697234925,0.400052576336041
582939,tan20250531t065058c58s4001-A,tan20250531t065058c58s4001,0,0.003196539738717491,0.400052576336041
582940,tan20250531t095814c46s4001-C,tan20250531t095814c46s4001,1,0.7575259366895161,0.400052576336041
582941,tan20250531t065058c58s4001-A,tan20250531t065058c58s4001,0,0.001753999799999656,0.400052576336041
582942,tan20250531t095814c46s4001-C,tan20250531t095814c46s4001,1,0.8230572600640454,0.400052576336041
582944,tan20250531t065058c58s4001-A,tan20250531t065058c58s4001,0,0.032971356041443745,0.400052576336041
582945,tan20250531t095814c46s4001-C,tan20250531t095814c46s4001,1,0.6239364446661277,0.400052576336041
582946,tan20250531t095814c46s4001-C,tan20250531t095814c46s4001,1,0.7548214036005781,0.400052576336041
582947,tan20250531t095814c46s4001-C,tan20250531t095814c46s4001,1,0.6279384945798182,0.400052576336041
582949,tan20250531t095814c46s4001-C,tan20250531t095814c46s4001,1,0.4679890859141825,0.400052576336041
582950,tan20250602t192624c08s4001-A,tan20250602t192624c08s4001,1,0.39540607067728434,0.400052576336041
582951,tan20250531t095814c46s4001-C,tan20250531t095814c46s4001,1,0.5954706240431916,0.400052576336041
582953,tan20250531t095814c46s4001-C,tan20250531t095814c46s4001,0,0.006331012077759781,0.400052576336041
582956,tan20250531t095814c46s4001-C,tan20250531t095814c46s4001,0,0.061195023933332454,0.400052576336041
582958,tan20250531t095814c46s4001-C,tan20250531t095814c46s4001,0,0.0346723767431711,0.400052576336041
582960,tan20250531t095814c46s4001-C,tan20250531t095814c46s4001,0,0.003168809095817746,0.400052576336041
582962,tan20250531t095814c46s4001-C,tan20250531t095814c46s4001,0,0.025762108669481754,0.400052576336041
582963,tan20250602t192624c08s4001-A,tan20250602t192624c08s4001,1,0.68719911913237,0.400052576336041
582964,tan20250531t095814c46s4001-C,tan20250531t095814c46s4001,0,0.20063267957467815,0.400052576336041
582965,tan20250602t192624c08s4001-A,tan20250602t192624c08s4001,1,0.5869566140497195,0.400052576336041
582966,tan20250531t095814c46s4001-C,tan20250531t095814c46s4001,0,0.007749177387186837,0.400052576336041
582968,tan20250531t095814c46s4001-C,tan20250531t095814c46s4001,0,0.0031967124554421766,0.400052576336041
582970,tan20250531t095814c46s4001-C,tan20250531t095814c46s4001,0,0.005541664769867623,0.400052576336041
582972,tan20250531t095814c46s4001-C,tan20250531t095814c46s4001,0,0.18442235705041288,0.400052576336041
582974,tan20250531t095814c46s4001-C,tan20250531t095814c46s4001,0,0.07887480856335052,0.400052576336041
582976,tan20250531t095814c46s4001-C,tan20250531t095814c46s4001,0,0.026257619700576402,0.400052576336041
582978,tan20250531t095814c46s4001-C,tan20250531t095814c46s4001,0,0.10631629369437609,0.400052576336041
582980,tan20250531t095814c46s4001-C,tan20250531t095814c46s4001,0,0.010796535433684508,0.400052576336041
582982,tan20250531t095814c46s4001-C,tan20250531t095814c46s4001,0,0.043924217735251805,0.400052576336041
582984,tan20250531t095814c46s4001-C,tan20250531t095814c46s4001,0,0.009984952255870037,0.400052576336041
582995,tan20250602t192624c08s4001-A,tan20250602t192624c08s4001,0,0.0019644850413300954,0.400052576336041
582996,tan20250602t192624c08s4001-B,tan20250602t192624c08s4001,1,0.8285554163969703,0.400052576336041
583001,tan20250602t192624c08s4001-A,tan20250602t192624c08s4001,0,0.000999607361408873,0.400052576336041
583002,tan20250602t192624c08s4001-B,tan20250602t192624c08s4001,1,0.8914805421549729,0.400052576336041
583023,tan20250602t192624c08s4001-D,tan20250602t192624c08s4001,1,0.9100367001507872,0.400052576336041
583026,tan20250602t192624c08s4001-B,tan20250602t192624c08s4001,0,0.001238161709071513,0.400052576336041
583027,tan20250602t192624c08s4001-D,tan20250602t192624c08s4001,1,0.942714825117628,0.400052576336041
583044,tan20250602t192624c08s4001-B,tan20250602t192624c08s4001,0,0.0013166775491427539,0.400052576336041
583052,tan20250602t192624c08s4001-E,tan20250602t192624c08s4001,1,0.8236430197139357,0.400052576336041
583053,tan20250602t192624c08s4001-D,tan20250602t192624c08s4001,0,0.0019387105414117303,0.400052576336041
583059,tan20250602t192624c08s4001-D,tan20250602t192624c08s4001,0,0.0007706081818735431,0.400052576336041
583061,tan20250602t192624c08s4001-D,tan20250602t192624c08s4001,0,0.0029086367729412106,0.400052576336041
583062,tan20250602t192624c08s4001-E,tan20250602t192624c08s4001,1,0.4243860194412574,0.400052576336041
583064,tan20250602t192624c08s4001-E,tan20250602t192624c08s4001,1,0.3783004742853726,0.400052576336041
583065,tan20250602t192624c08s4001-D,tan20250602t192624c08s4001,0,0.001020666935724526,0.400052576336041
583066,tan20250602t192624c08s4001-E,tan20250602t192624c08s4001,1,0.4545827952543722,0.400052576336041
583072,tan20250602t192624c08s4001-E,tan20250602t192624c08s4001,1,0.2663655198672722,0.400052576336041
583080,tan20250602t192624c08s4001-E,tan20250602t192624c08s4001,1,0.03809862068359725,0.400052576336041
583091,tan20250602t192624c08s4001-F,tan20250602t192624c08s4001,1,0.8599677653046055,0.400052576336041
583092,tan20250602t192624c08s4001-E,tan20250602t192624c08s4001,0,0.6548691848900239,0.400052576336041
583095,tan20250602t192624c08s4001-F,tan20250602t192624c08s4001,1,0.7973171107585033,0.400052576336041
583099,tan20250602t192624c08s4001-F,tan20250602t192624c08s4001,1,0.18134813333683492,0.400052576336041
583106,tan20250602t192624c08s4001-E,tan20250602t192624c08s4001,0,0.004722755931085053,0.400052576336041
583108,tan20250602t192624c08s4001-E,tan20250602t192624c08s4001,0,0.00485639341942786,0.400052576336041
583114,tan20250602t192624c08s4001-F,tan20250602t192624c08s4001,0,0.003708526981014211,0.400052576336041
583115,tan20250602t192624c08s4001-F,tan20250602t192624c08s4001,0,0.0013581498888676983,0.400052576336041
583116,tan20250604t102352c58s4001-A,tan20250604t102352c58s4001,1,0.7038637628233784,0.400052576336041
583118,tan20250604t102352c58s4001-A,tan20250604t102352c58s4001,1,0.3698811047716356,0.400052576336041
583119,tan20250602t192624c08s4001-F,tan20250602t192624c08s4001,0,0.0036062659125396697,0.400052576336041
583120,tan20250604t102352c58s4001-A,tan20250604t102352c58s4001,1,0.23227175543039677,0.400052576336041
583121,tan20250602t192624c08s4001-F,tan20250602t192624c08s4001,0,0.010276712131816416,0.400052576336041
583122,tan20250604t102352c58s4001-A,tan20250604t102352c58s4001,1,0.2637489868825661,0.400052576336041
583124,tan20250604t102352c58s4001-A,tan20250604t102352c58s4001,1,0.583835166932708,0.400052576336041
583126,tan20250604t102352c58s4001-A,tan20250604t102352c58s4001,1,0.3313768560316707,0.400052576336041
583128,tan20250604t102352c58s4001-A,tan20250604t102352c58s4001,1,0.46755810376489493,0.400052576336041
583129,tan20250602t192624c08s4001-F,tan20250602t192624c08s4001,0,0.11439538251726239,0.400052576336041
583130,tan20250604t102352c58s4001-A,tan20250604t102352c58s4001,1,0.6852293055436076,0.400052576336041
583132,tan20250604t102352c58s4001-A,tan20250604t102352c58s4001,1,0.7722248448808375,0.400052576336041
583134,tan20250604t102352c58s4001-A,tan20250604t102352c58s4001,1,0.7625600800879724,0.400052576336041
583136,tan20250604t102352c58s4001-A,tan20250604t102352c58s4001,1,0.5630103871834711,0.400052576336041
583138,tan20250604t102352c58s4001-A,tan20250604t102352c58s4001,1,0.08961509801806472,0.400052576336041
583139,tan20250604t102352c58s4001-A,tan20250604t102352c58s4001,1,0.766116687082073,0.400052576336041
583140,tan20250604t102352c58s4001-A,tan20250604t102352c58s4001,1,0.09122480426276001,0.400052576336041
583255,tan20250606t055124c12s4001-A,tan20250606t055124c12s4001,0,0.0008386631887225475,0.400052576336041
583256,tan20250604t102352c58s4001-A,tan20250604t102352c58s4001,1,0.6426830773375913,0.400052576336041
583276,tan20250606t055124c12s4001-A,tan20250606t055124c12s4001,0,0.015256287256250918,0.400052576336041
583277,tan20250604t102352c58s4001-A,tan20250604t102352c58s4001,1,0.2407101895558811,0.400052576336041
583296,tan20250604t102352c58s4001-A,tan20250604t102352c58s4001,0,0.14290805030843037,0.400052576336041
583316,tan20250606t055124c12s4001-A,tan20250606t055124c12s4001,0,0.0014978385893605207,0.400052576336041
583317,tan20250604t102352c58s4001-A,tan20250604t102352c58s4001,0,0.2969565037387497,0.400052576336041
583324,tan20250604t102352c58s4001-A,tan20250604t102352c58s4001,0,0.15269391586564765,0.400052576336041
583338,tan20250606t055124c12s4001-A,tan20250606t055124c12s4001,0,0.004880821621327496,0.400052576336041
583339,tan20250604t102352c58s4001-A,tan20250604t102352c58s4001,0,0.04866426542173005,0.400052576336041
583365,tan20250604t102352c58s4001-A,tan20250604t102352c58s4001,0,0.17651048467744473,0.400052576336041
583367,tan20250606t055124c12s4001-A,tan20250606t055124c12s4001,0,0.0013764543464802085,0.400052576336041
583368,tan20250604t102352c58s4001-A,tan20250604t102352c58s4001,0,0.3708174760614374,0.400052576336041
583379,tan20250606t055124c12s4001-A,tan20250606t055124c12s4001,0,0.000743370550557954,0.400052576336041
583380,tan20250604t102352c58s4001-A,tan20250604t102352c58s4001,0,0.3741014710267183,0.400052576336041
583388,tan20250604t102352c58s4001-A,tan20250604t102352c58s4001,0,0.07308904509733526,0.400052576336041
583390,tan20250606t055124c12s4001-A,tan20250606t055124c12s4001,0,0.01718858616747485,0.400052576336041
583391,tan20250604t102352c58s4001-A,tan20250604t102352c58s4001,0,0.13362308955778363,0.400052576336041
583399,tan20250604t102352c58s4001-A,tan20250604t102352c58s4001,0,0.29938816140026714,0.400052576336041
583405,tan20250606t055124c12s4001-A,tan20250606t055124c12s4001,0,0.0024917366841387166,0.400052576336041
583406,tan20250604t102352c58s4001-A,tan20250604t102352c58s4001,0,0.5722069575075401,0.400052576336041
583423,tan20250606t055124c12s4001-A,tan20250606t055124c12s4001,0,0.0037062226598703805,0.400052576336041
583424,tan20250604t102352c58s4001-A,tan20250604t102352c58s4001,0,0.006917081586986206,0.400052576336041
583440,tan20250606t055124c12s4001-A,tan20250606t055124c12s4001,0,0.0030916630774433175,0.400052576336041
583441,tan20250604t102352c58s4001-A,tan20250604t102352c58s4001,0,0.41604650621124883,0.400052576336041
583455,tan20250606t055124c12s4001-A,tan20250606t055124c12s4001,0,0.0014776439149243403,0.400052576336041
583456,tan20250604t102352c58s4001-A,tan20250604t102352c58s4001,0,0.03493783608376511,0.400052576336041
583457,tan20250604t102352c58s4001-A,tan20250604t102352c58s4001,0,0.3590734959398874,0.400052576336041
583458,tan20250604t102352c58s4001-A,tan20250604t102352c58s4001,0,0.21574615430933822,0.400052576336041
584304,tan20250606t072724c60s4001-A,tan20250606t072724c60s4001,0,0.694097594726604,0.400052576336041
584317,tan20250606t072724c60s4001-A,tan20250606t072724c60s4001,0,0.16663608579425807,0.400052576336041
584319,tan20250606t055124c12s4001-O,tan20250606t055124c12s4001,0,0.006910363386526959,0.400052576336041
584321,tan20250606t072724c60s4001-A,tan20250606t072724c60s4001,0,0.38085340256651057,0.400052576336041
584335,tan20250606t055124c12s4001-O,tan20250606t055124c12s4001,0,0.0026554351737310437,0.400052576336041
584336,tan20250606t072724c60s4001-A,tan20250606t072724c60s4001,0,0.04923476350768969,0.400052576336041
584339,tan20250606t055124c12s4001-O,tan20250606t055124c12s4001,0,0.00762037241708364,0.400052576336041
584343,tan20250606t072724c60s4001-A,tan20250606t072724c60s4001,0,0.1253970685661811,0.400052576336041
584352,tan20250606t072724c60s4001-A,tan20250606t072724c60s4001,0,0.16201562649546328,0.400052576336041
584371,tan20250606t072724c60s4001-A,tan20250606t072724c60s4001,0,0.1283151321199107,0.400052576336041
584390,tan20250606t072724c60s4001-A,tan20250606t072724c60s4001,0,0.03354011344200955,0.400052576336041
584394,tan20250606t072724c60s4001-A,tan20250606t072724c60s4001,0,0.512943783326167,0.400052576336041
584409,tan20250606t055124c12s4001-O,tan20250606t055124c12s4001,0,0.0031388820992581685,0.400052576336041
584410,tan20250606t072724c60s4001-A,tan20250606t072724c60s4001,0,0.056065748131498776,0.400052576336041
584423,tan20250606t055124c12s4001-O,tan20250606t055124c12s4001,0,0.020129081710848814,0.400052576336041
584424,tan20250606t072724c60s4001-A,tan20250606t072724c60s4001,0,0.21578682422606338,0.400052576336041
584446,tan20250606t072724c60s4001-A,tan20250606t072724c60s4001,0,0.45235064860087565,0.400052576336041
584481,tan20250606t072724c60s4001-A,tan20250606t072724c60s4001,0,0.04050739696449152,0.400052576336041
584483,tan20250606t072724c60s4001-A,tan20250606t072724c60s4001,0,0.007453387271420166,0.400052576336041
584485,tan20250606t072724c60s4001-A,tan20250606t072724c60s4001,0,0.06696077459492936,0.400052576336041
584587,tan20250606t072724c60s4001-A,tan20250606t072724c60s4001,0,0.011711572264187474,0.400052576336041
584606,tan20250606t152948c58s4001-A,tan20250606t152948c58s4001,0,0.5530990036451487,0.400052576336041
584609,tan20250606t152948c58s4001-A,tan20250606t152948c58s4001,0,0.2704100368738824,0.400052576336041
584711,tan20250606t152948c58s4001-B,tan20250606t152948c58s4001,0,0.8339741715014259,0.400052576336041
584727,tan20250606t152948c58s4001-B,tan20250606t152948c58s4001,0,0.4084908940979822,0.400052576336041
584732,tan20250606t152948c58s4001-A,tan20250606t152948c58s4001,0,0.10094310279171041,0.400052576336041
584737,tan20250606t152948c58s4001-B,tan20250606t152948c58s4001,0,0.4619425978724715,0.400052576336041
584740,tan20250606t152948c58s4001-A,tan20250606t152948c58s4001,0,0.2893414249601871,0.400052576336041
584750,tan20250606t152948c58s4001-A,tan20250606t152948c58s4001,0,0.7008084999836445,0.400052576336041
584752,tan20250606t152948c58s4001-B,tan20250606t152948c58s4001,0,0.2570870742399501,0.400052576336041
584762,tan20250606t152948c58s4001-A,tan20250606t152948c58s4001,0,0.49702139764954206,0.400052576336041
584764,tan20250606t152948c58s4001-B,tan20250606t152948c58s4001,0,0.8577653075021696,0.400052576336041
584782,tan20250606t152948c58s4001-B,tan20250606t152948c58s4001,0,0.10841765216894318,0.400052576336041
584787,tan20250606t152948c58s4001-A,tan20250606t152948c58s4001,0,0.5768536149519661,0.400052576336041
584800,tan20250606t152948c58s4001-A,tan20250606t152948c58s4001,0,0.03659694677808345,0.400052576336041
584804,tan20250606t152948c58s4001-B,tan20250606t152948c58s4001,0,0.49922981631139524,0.400052576336041
584807,tan20250606t152948c58s4001-B,tan20250606t152948c58s4001,0,0.8062502750648914,0.400052576336041
584808,tan20250608t105140c59s4001-A,tan20250608t105140c59s4001,1,0.9470659645140237,0.400052576336041
584819,tan20250608t105140c59s4001-A,tan20250608t105140c59s4001,1,0.9410329693600511,0.400052576336041
584820,tan20250608t105140c59s4001-A,tan20250608t105140c59s4001,1,0.9368201309869794,0.400052576336041
584946,tan20250608t105140c59s4001-B,tan20250608t105140c59s4001,0,0.34445568192634984,0.400052576336041
585010,tan20250608t105140c59s4001-B,tan20250608t105140c59s4001,0,0.772999704327056,0.400052576336041
585028,tan20250608t105140c59s4001-A,tan20250608t105140c59s4001,1,0.9529054703754887,0.400052576336041
585064,tan20250608t105140c59s4001-A,tan20250608t105140c59s4001,1,0.9425996129516309,0.400052576336041
585086,tan20250608t105140c59s4001-A,tan20250608t105140c59s4001,0,0.0035564603603888806,0.400052576336041
585095,tan20250608t105140c59s4001-B,tan20250608t105140c59s4001,0,0.414436542384511,0.400052576336041
585200,tan20250608t105140c59s4001-C,tan20250608t105140c59s4001,0,0.19142110770373924,0.400052576336041
585217,tan20250608t105140c59s4001-A,tan20250608t105140c59s4001,0,0.010046800931424968,0.400052576336041
585224,tan20250608t105140c59s4001-A,tan20250608t105140c59s4001,0,0.14965935646822554,0.400052576336041
585246,tan20250608t105140c59s4001-C,tan20250608t105140c59s4001,0,0.0020287904522289426,0.400052576336041
585257,tan20250608t105140c59s4001-C,tan20250608t105140c59s4001,0,0.29517125377916825,0.400052576336041
585262,tan20250608t105140c59s4001-D,tan20250608t105140c59s4001,1,0.7621246839164696,0.400052576336041
585263,tan20250608t105140c59s4001-D,tan20250608t105140c59s4001,1,0.9158973487817831,0.400052576336041
585267,tan20250608t105140c59s4001-E,tan20250608t105140c59s4001,1,0.9445422478637331,0.400052576336041
585268,tan20250608t105140c59s4001-D,tan20250608t105140c59s4001,1,0.7655204038373737,0.400052576336041
585277,tan20250608t105140c59s4001-E,tan20250608t105140c59s4001,1,0.9597630458128318,0.400052576336041
585287,tan20250608t105140c59s4001-E,tan20250608t105140c59s4001,1,0.8526139968856469,0.400052576336041
585288,tan20250608t105140c59s4001-D,tan20250608t105140c59s4001,0,0.42227715651266673,0.400052576336041
585311,tan20250608t105140c59s4001-E,tan20250608t105140c59s4001,0,0.958547453690459,0.400052576336041
585314,tan20250608t105140c59s4001-D,tan20250608t105140c59s4001,0,0.0392246998647444,0.400052576336041
585318,tan20250608t105140c59s4001-G,tan20250608t105140c59s4001,1,0.5600678810827932,0.400052576336041
585327,tan20250608t105140c59s4001-G,tan20250608t105140c59s4001,1,0.7805560005860648,0.400052576336041
585328,tan20250608t105140c59s4001-G,tan20250608t105140c59s4001,1,0.7641610186959179,0.400052576336041
585330,tan20250608t105140c59s4001-G,tan20250608t105140c59s4001,1,0.18509862616701403,0.400052576336041
585344,tan20250608t105140c59s4001-G,tan20250608t105140c59s4001,1,0.7631299295088632,0.400052576336041
585356,tan20250608t105140c59s4001-G,tan20250608t105140c59s4001,0,0.29112006510144006,0.400052576336041
585357,tan20250610t045217c12s4001-A,tan20250610t045217c12s4001,1,0.17935950128237557,0.400052576336041
585360,tan20250608t105140c59s4001-G,tan20250608t105140c59s4001,0,0.01704024246177316,0.400052576336041
585362,tan20250608t105140c59s4001-G,tan20250608t105140c59s4001,0,0.13557830593219378,0.400052576336041
585363,tan20250610t045217c12s4001-A,tan20250610t045217c12s4001,0,0.002543483514163917,0.400052576336041
585373,tan20250608t105140c59s4001-G,tan20250608t105140c59s4001,0,0.0026196337796699546,0.400052576336041
585376,tan20250610t045217c12s4001-A,tan20250610t045217c12s4001,0,0.004019205901664558,0.400052576336041
585378,tan20250610t045217c12s4001-A,tan20250610t045217c12s4001,0,0.0009143761326394379,0.400052576336041
585389,tan20250610t045217c12s4001-B,tan20250610t045217c12s4001,1,0.3405284880286683,0.400052576336041
585390,tan20250610t045217c12s4001-A,tan20250610t045217c12s4001,0,0.009301972934221388,0.400052576336041
585404,tan20250610t045217c12s4001-C,tan20250610t045217c12s4001,1,0.9774887496692228,0.400052576336041
585405,tan20250610t045217c12s4001-B,tan20250610t045217c12s4001,1,0.11877197586021428,0.400052576336041
585406,tan20250610t045217c12s4001-C,tan20250610t045217c12s4001,1,0.08729787314545365,0.400052576336041
585408,tan20250610t045217c12s4001-C,tan20250610t045217c12s4001,1,0.9649921828513962,0.400052576336041
585415,tan20250610t045217c12s4001-C,tan20250610t045217c12s4001,1,0.7073025275912789,0.400052576336041
585417,tan20250610t045217c12s4001-C,tan20250610t045217c12s4001,1,0.26252207393232024,0.400052576336041
585418,tan20250610t045217c12s4001-B,tan20250610t045217c12s4001,0,0.0018039598531390602,0.400052576336041
585423,tan20250610t045217c12s4001-C,tan20250610t045217c12s4001,1,0.971487310695106,0.400052576336041
585428,tan20250610t045217c12s4001-C,tan20250610t045217c12s4001,0,0.0006844830847457093,0.400052576336041
585430,tan20250610t045217c12s4001-C,tan20250610t045217c12s4001,0,0.0014121004589730546,0.400052576336041
585436,tan20250610t045217c12s4001-B,tan20250610t045217c12s4001,0,0.022044987706739422,0.400052576336041
585445,tan20250610t045217c12s4001-C,tan20250610t045217c12s4001,0,0.004858299630913042,0.400052576336041
585450,tan20250610t045217c12s4001-C,tan20250610t045217c12s4001,0,0.0008538567610986322,0.400052576336041
585454,tan20250610t045217c12s4001-D,tan20250610t045217c12s4001,1,0.0197031205408782,0.400052576336041
585455,tan20250610t045217c12s4001-C,tan20250610t045217c12s4001,0,0.015254676694869358,0.400052576336041
585457,tan20250610t045217c12s4001-C,tan20250610t045217c12s4001,0,0.45765847137410137,0.400052576336041
585462,tan20250610t045217c12s4001-E,tan20250610t045217c12s4001,1,0.0017839039133141735,0.400052576336041
585472,tan20250610t045217c12s4001-E,tan20250610t045217c12s4001,1,0.0009317993381451967,0.400052576336041
585473,tan20250610t045217c12s4001-D,tan20250610t045217c12s4001,1,0.08625482230104736,0.400052576336041
585475,tan20250610t045217c12s4001-D,tan20250610t045217c12s4001,1,0.0197031205408782,0.400052576336041
585477,tan20250610t045217c12s4001-D,tan20250610t045217c12s4001,1,0.006635406781713758,0.400052576336041
585488,tan20250610t045217c12s4001-E,tan20250610t045217c12s4001,1,0.0011651112819044084,0.400052576336041
585501,tan20250610t045217c12s4001-D,tan20250610t045217c12s4001,0,0.0056756206444658975,0.400052576336041
585503,tan20250610t045217c12s4001-E,tan20250610t045217c12s4001,0,0.001203635565497966,0.400052576336041
585508,tan20250610t045217c12s4001-E,tan20250610t045217c12s4001,0,0.0009456521174906284,0.400052576336041
585524,tan20250610t045217c12s4001-E,tan20250610t045217c12s4001,0,0.0016935108753552862,0.400052576336041
585527,tan20250614t191717c51s4001-C,tan20250614t191717c51s4001,1,0.8619859292171566,0.400052576336041
585529,tan20250614t191717c51s4001-C,tan20250614t191717c51s4001,1,0.9369887043268224,0.400052576336041
585531,tan20250614t191717c51s4001-C,tan20250614t191717c51s4001,1,0.9436333574648998,0.400052576336041
585533,tan20250614t191717c51s4001-C,tan20250614t191717c51s4001,1,0.92796622767628,0.400052576336041
585534,tan20250614t191717c51s4001-C,tan20250614t191717c51s4001,1,0.8619859292171566,0.400052576336041
585535,tan20250614t191717c51s4001-C,tan20250614t191717c51s4001,1,0.9263771222025408,0.400052576336041
585835,tan20250614t191717c51s4001-C,tan20250614t191717c51s4001,1,0.9263771222025408,0.400052576336041
585836,tan20250614t191717c51s4001-C,tan20250614t191717c51s4001,1,0.9099388491577561,0.400052576336041
585837,tan20250615t105053c58s4001-A,tan20250615t105053c58s4001,1,0.5204267832100958,0.400052576336041
585838,tan20250614t191717c51s4001-C,tan20250614t191717c51s4001,1,0.7597025938163059,0.400052576336041
585839,tan20250615t105053c58s4001-A,tan20250615t105053c58s4001,1,0.6010902157557237,0.400052576336041
585840,tan20250614t191717c51s4001-C,tan20250614t191717c51s4001,1,0.8262812480851228,0.400052576336041
585841,tan20250615t105053c58s4001-A,tan20250615t105053c58s4001,1,0.6484686492596526,0.400052576336041
585842,tan20250614t191717c51s4001-C,tan20250614t191717c51s4001,1,0.9485687959140452,0.400052576336041
585843,tan20250615t105053c58s4001-A,tan20250615t105053c58s4001,1,0.5769561159951413,0.400052576336041
585844,tan20250614t191717c51s4001-C,tan20250614t191717c51s4001,1,0.929325662441708,0.400052576336041
585845,tan20250615t105053c58s4001-A,tan20250615t105053c58s4001,1,0.7079101629268078,0.400052576336041
585846,tan20250614t191717c51s4001-C,tan20250614t191717c51s4001,1,0.9457752798744855,0.400052576336041
585847,tan20250615t105053c58s4001-A,tan20250615t105053c58s4001,1,0.5072309612075709,0.400052576336041
585848,tan20250614t191717c51s4001-C,tan20250614t191717c51s4001,1,0.960940275480737,0.400052576336041
585849,tan20250615t105053c58s4001-A,tan20250615t105053c58s4001,1,0.5982010477078524,0.400052576336041
585850,tan20250614t191717c51s4001-C,tan20250614t191717c51s4001,1,0.9539815864498269,0.400052576336041
585851,tan20250615t105053c58s4001-A,tan20250615t105053c58s4001,1,0.4492362350355341,0.400052576336041
585852,tan20250614t191717c51s4001-C,tan20250614t191717c51s4001,1,0.8837800509087936,0.400052576336041
585853,tan20250615t105053c58s4001-A,tan20250615t105053c58s4001,1,0.6484686492596526,0.400052576336041
585854,tan20250614t191717c51s4001-C,tan20250614t191717c51s4001,0,0.010828427321840015,0.400052576336041
585857,tan20250614t191717c51s4001-C,tan20250614t191717c51s4001,0,0.001626652008908808,0.400052576336041
585858,tan20250615t105053c58s4001-A,tan20250615t105053c58s4001,1,0.4714335781376749,0.400052576336041
585859,tan20250614t191717c51s4001-C,tan20250614t191717c51s4001,0,0.6733159977289314,0.400052576336041
585860,tan20250615t105053c58s4001-A,tan20250615t105053c58s4001,1,0.7485903310506093,0.400052576336041
585861,tan20250614t191717c51s4001-C,tan20250614t191717c51s4001,0,0.003961829936221231,0.400052576336041
585862,tan20250615t105053c58s4001-A,tan20250615t105053c58s4001,1,0.4870849879458755,0.400052576336041
585863,tan20250614t191717c51s4001-C,tan20250614t191717c51s4001,0,0.002448034023140532,0.400052576336041
585864,tan20250615t105053c58s4001-A,tan20250615t105053c58s4001,1,0.6754430740785085,0.400052576336041
585865,tan20250614t191717c51s4001-C,tan20250614t191717c51s4001,0,0.0019438183913848973,0.400052576336041
585866,tan20250615t105053c58s4001-A,tan20250615t105053c58s4001,1,0.6556082002752159,0.400052576336041
585868,tan20250614t191717c51s4001-C,tan20250614t191717c51s4001,0,0.06757263613907201,0.400052576336041
585869,tan20250615t105053c58s4001-A,tan20250615t105053c58s4001,1,0.6504291185210037,0.400052576336041
585871,tan20250614t191717c51s4001-C,tan20250614t191717c51s4001,0,0.008296583312966949,0.400052576336041
585872,tan20250615t105053c58s4001-A,tan20250615t105053c58s4001,1,0.5511909717710813,0.400052576336041
585873,tan20250614t191717c51s4001-C,tan20250614t191717c51s4001,0,0.0015595258927834986,0.400052576336041
585874,tan20250615t105053c58s4001-A,tan20250615t105053c58s4001,0,0.001396514751308627,0.400052576336041
585877,tan20250614t191717c51s4001-C,tan20250614t191717c51s4001,0,0.7536615821197237,0.400052576336041
585878,tan20250615t105053c58s4001-A,tan20250615t105053c58s4001,0,0.2450775222780881,0.400052576336041
585882,tan20250614t191717c51s4001-C,tan20250614t191717c51s4001,0,0.11026518547256181,0.400052576336041
585883,tan20250615t105053c58s4001-A,tan20250615t105053c58s4001,0,0.00256367414020911,0.400052576336041
585884,tan20250614t191717c51s4001-C,tan20250614t191717c51s4001,0,0.362027504864844,0.400052576336041
585885,tan20250615t105053c58s4001-A,tan20250615t105053c58s4001,0,0.070633171772983,0.400052576336041
585890,tan20250614t191717c51s4001-C,tan20250614t191717c51s4001,0,0.8963324647426144,0.400052576336041
585891,tan20250615t105053c58s4001-A,tan20250615t105053c58s4001,0,0.08329580957701567,0.400052576336041
585894,tan20250614t191717c51s4001-C,tan20250614t191717c51s4001,0,0.4201658307786246,0.400052576336041
585895,tan20250615t105053c58s4001-A,tan20250615t105053c58s4001,0,0.010348373033152449,0.400052576336041
585896,tan20250614t191717c51s4001-C,tan20250614t191717c51s4001,0,0.6283327999161219,0.400052576336041
585897,tan20250615t105053c58s4001-A,tan20250615t105053c58s4001,0,0.0038150206978340294,0.400052576336041
585898,tan20250614t191717c51s4001-C,tan20250614t191717c51s4001,0,0.8636394375144382,0.400052576336041
585899,tan20250615t105053c58s4001-A,tan20250615t105053c58s4001,0,0.11786377084413976,0.400052576336041
585900,tan20250615t105053c58s4001-A,tan20250615t105053c58s4001,0,0.03181084166846288,0.400052576336041
585901,tan20250615t105053c58s4001-A,tan20250615t105053c58s4001,0,0.025287908260495838,0.400052576336041
585903,tan20250615t105053c58s4001-A,tan20250615t105053c58s4001,0,0.05016897673733158,0.400052576336041
585905,tan20250615t105053c58s4001-A,tan20250615t105053c58s4001,0,0.0211918513861959,0.400052576336041
585907,tan20250615t105053c58s4001-A,tan20250615t105053c58s4001,0,0.015811236664979366,0.400052576336041
585909,tan20250615t105053c58s4001-A,tan20250615t105053c58s4001,0,0.005859263712455113,0.400052576336041
585911,tan20250615t105053c58s4001-A,tan20250615t105053c58s4001,0,0.24979735426117242,0.400052576336041
585913,tan20250615t105053c58s4001-A,tan20250615t105053c58s4001,0,0.367671929656093,0.400052576336041
585918,tan20250618t085207c36s4001-A,tan20250618t085207c36s4001,1,0.8315539644225379,0.400052576336041
585919,tan20250618t085207c36s4001-B,tan20250618t085207c36s4001,1,0.7901806710752168,0.400052576336041
585923,tan20250618t085207c36s4001-B,tan20250618t085207c36s4001,1,0.8096119052976783,0.400052576336041
585925,tan20250618t085207c36s4001-B,tan20250618t085207c36s4001,1,0.7590936906826878,0.400052576336041
585935,tan20250618t085207c36s4001-B,tan20250618t085207c36s4001,1,0.7906688690420168,0.400052576336041
585941,tan20250618t085207c36s4001-B,tan20250618t085207c36s4001,1,0.577531643904255,0.400052576336041
585942,tan20250618t085207c36s4001-A,tan20250618t085207c36s4001,0,0.09225705293466463,0.400052576336041
585950,tan20250618t085207c36s4001-A,tan20250618t085207c36s4001,0,0.1430711546328688,0.400052576336041
585954,tan20250618t085207c36s4001-A,tan20250618t085207c36s4001,0,0.0024168811921968167,0.400052576336041
585961,tan20250618t085207c36s4001-B,tan20250618t085207c36s4001,0,0.15056690655265487,0.400052576336041
585979,tan20250618t085207c36s4001-D,tan20250618t085207c36s4001,1,0.8478162156811017,0.400052576336041
585985,tan20250618t085207c36s4001-E,tan20250618t085207c36s4001,1,0.4592492900935059,0.400052576336041
585996,tan20250618t085207c36s4001-D,tan20250618t085207c36s4001,0,0.004595608817946702,0.400052576336041
586001,tan20250618t085207c36s4001-E,tan20250618t085207c36s4001,1,0.3347949575995445,0.400052576336041
586003,tan20250618t085207c36s4001-E,tan20250618t085207c36s4001,1,0.893311003670486,0.400052576336041
586004,tan20250618t085207c36s4001-D,tan20250618t085207c36s4001,0,0.42492323539183846,0.400052576336041
586009,tan20250618t085207c36s4001-E,tan20250618t085207c36s4001,1,0.7217626856868453,0.400052576336041
586011,tan20250618t085207c36s4001-E,tan20250618t085207c36s4001,1,0.3480117174052812,0.400052576336041
586018,tan20250618t085207c36s4001-D,tan20250618t085207c36s4001,0,0.038648066749748175,0.400052576336041
586020,tan20250618t085207c36s4001-D,tan20250618t085207c36s4001,0,0.0503615994317817,0.400052576336041
586022,tan20250618t085207c36s4001-D,tan20250618t085207c36s4001,0,0.16142344413464543,0.400052576336041
586026,tan20250618t085207c36s4001-D,tan20250618t085207c36s4001,0,0.0060472766484388225,0.400052576336041
586030,tan20250618t085207c36s4001-G,tan20250618t085207c36s4001,1,0.748931088819224,0.400052576336041
586031,tan20250618t085207c36s4001-E,tan20250618t085207c36s4001,0,0.08984324533905191,0.400052576336041
586035,tan20250618t085207c36s4001-E,tan20250618t085207c36s4001,0,0.15475541309122204,0.400052576336041
586039,tan20250618t085207c36s4001-E,tan20250618t085207c36s4001,0,0.017293844915709216,0.400052576336041
586148,tan20250618t152406c56s4001-A,tan20250618t152406c56s4001,0,0.005303565615917639,0.400052576336041
586149,tan20250618t085207c36s4001-G,tan20250618t085207c36s4001,1,0.7421148432159984,0.400052576336041
586151,tan20250618t152406c56s4001-A,tan20250618t152406c56s4001,0,0.002102932995089448,0.400052576336041
586156,tan20250618t152406c56s4001-A,tan20250618t152406c56s4001,0,0.08092767941401134,0.400052576336041
586157,tan20250618t085207c36s4001-G,tan20250618t085207c36s4001,1,0.82736831316064,0.400052576336041
586158,tan20250618t152406c56s4001-A,tan20250618t152406c56s4001,0,0.0018009106022888858,0.400052576336041
586160,tan20250618t152406c56s4001-A,tan20250618t152406c56s4001,0,0.023987258604824417,0.400052576336041
586162,tan20250618t152406c56s4001-A,tan20250618t152406c56s4001,0,0.027640059705249388,0.400052576336041
586166,tan20250618t152406c56s4001-A,tan20250618t152406c56s4001,0,0.002256722437890143,0.400052576336041
586167,tan20250618t085207c36s4001-G,tan20250618t085207c36s4001,1,0.847068233955821,0.400052576336041
586169,tan20250618t152406c56s4001-A,tan20250618t152406c56s4001,0,0.01586484640681213,0.400052576336041
586172,tan20250618t152406c56s4001-A,tan20250618t152406c56s4001,0,0.005779119025410355,0.400052576336041
586173,tan20250618t085207c36s4001-G,tan20250618t085207c36s4001,0,0.0035840553778860047,0.400052576336041
586175,tan20250618t152406c56s4001-A,tan20250618t152406c56s4001,0,0.0013526804787894486,0.400052576336041
586177,tan20250618t152406c56s4001-A,tan20250618t152406c56s4001,0,0.004298065460256842,0.400052576336041
586186,tan20250618t152406c56s4001-A,tan20250618t152406c56s4001,0,0.005403166091262904,0.400052576336041
586190,tan20250618t152406c56s4001-A,tan20250618t152406c56s4001,0,0.04501269720298422,0.400052576336041
586192,tan20250618t152406c56s4001-A,tan20250618t152406c56s4001,0,0.003646386004667676,0.400052576336041
586195,tan20250618t152406c56s4001-A,tan20250618t152406c56s4001,0,0.008377404089833597,0.400052576336041
586204,tan20250618t152406c56s4001-A,tan20250618t152406c56s4001,0,0.0019219439146614733,0.400052576336041
586205,tan20250618t085207c36s4001-G,tan20250618t085207c36s4001,0,0.03491527227203323,0.400052576336041
586207,tan20250618t085207c36s4001-G,tan20250618t085207c36s4001,0,0.8333611051474468,0.400052576336041
586208,tan20250619t081641c58s4001-A,tan20250619t081641c58s4001,1,0.9378607723586575,0.400052576336041
586210,tan20250619t081641c58s4001-A,tan20250619t081641c58s4001,1,0.5960862398725247,0.400052576336041
586212,tan20250619t081641c58s4001-A,tan20250619t081641c58s4001,1,0.9327537655866145,0.400052576336041
586214,tan20250619t081641c58s4001-A,tan20250619t081641c58s4001,1,0.44831202994998304,0.400052576336041
586216,tan20250619t081641c58s4001-A,tan20250619t081641c58s4001,1,0.9219447402629457,0.400052576336041
586218,tan20250619t081641c58s4001-A,tan20250619t081641c58s4001,1,0.9394943310467618,0.400052576336041
586219,tan20250619t081641c58s4001-A,tan20250619t081641c58s4001,1,0.9290416616732505,0.400052576336041
586220,tan20250619t081641c58s4001-A,tan20250619t081641c58s4001,1,0.9025261010042609,0.400052576336041
586328,tan20250620t103432c56s4001-A,tan20250620t103432c56s4001,0,0.0019520278126100832,0.400052576336041
586329,tan20250619t081641c58s4001-A,tan20250619t081641c58s4001,1,0.8693372408564755,0.400052576336041
586522,tan20250619t081641c58s4001-A,tan20250619t081641c58s4001,1,0.9293207415362544,0.400052576336041
586523,tan20250619t081641c58s4001-A,tan20250619t081641c58s4001,1,0.9190290651517383,0.400052576336041
586524,tan20250621t191825c25s4001-D,tan20250621t191825c25s4001,1,0.7780606783033855,0.400052576336041
586525,tan20250619t081641c58s4001-A,tan20250619t081641c58s4001,1,0.8767909779169415,0.400052576336041
586526,tan20250621t191825c25s4001-D,tan20250621t191825c25s4001,1,0.7931145270665658,0.400052576336041
586527,tan20250619t081641c58s4001-A,tan20250619t081641c58s4001,1,0.9359844682589852,0.400052576336041
586528,tan20250621t191825c25s4001-D,tan20250621t191825c25s4001,1,0.5447981783915858,0.400052576336041
586529,tan20250619t081641c58s4001-A,tan20250619t081641c58s4001,1,0.44430164688517293,0.400052576336041
586530,tan20250621t191825c25s4001-D,tan20250621t191825c25s4001,1,0.6413510998863114,0.400052576336041
586531,tan20250619t081641c58s4001-A,tan20250619t081641c58s4001,1,0.9667741223305598,0.400052576336041
586532,tan20250621t191825c25s4001-D,tan20250621t191825c25s4001,1,0.846139084978312,0.400052576336041
586533,tan20250619t081641c58s4001-A,tan20250619t081641c58s4001,1,0.692766143323218,0.400052576336041
586534,tan20250621t191825c25s4001-D,tan20250621t191825c25s4001,1,0.6553136404028962,0.400052576336041
586535,tan20250619t081641c58s4001-A,tan20250619t081641c58s4001,0,0.027082413075809508,0.400052576336041
586536,tan20250621t191825c25s4001-D,tan20250621t191825c25s4001,1,0.6917976428927912,0.400052576336041
586537,tan20250619t081641c58s4001-A,tan20250619t081641c58s4001,0,0.2846410619478079,0.400052576336041
586538,tan20250621t191825c25s4001-D,tan20250621t191825c25s4001,1,0.553297719222238,0.400052576336041
586539,tan20250619t081641c58s4001-A,tan20250619t081641c58s4001,0,0.015368474107604217,0.400052576336041
586540,tan20250621t191825c25s4001-D,tan20250621t191825c25s4001,1,0.7304160177961578,0.400052576336041
586541,tan20250621t191825c25s4001-D,tan20250621t191825c25s4001,1,0.7554191326802354,0.400052576336041
586542,tan20250619t081641c58s4001-A,tan20250619t081641c58s4001,0,0.21812788781257342,0.400052576336041
586543,tan20250621t191825c25s4001-D,tan20250621t191825c25s4001,1,0.5462157132413646,0.400052576336041
586544,tan20250619t081641c58s4001-A,tan20250619t081641c58s4001,0,0.04738762009308645,0.400052576336041
586545,tan20250621t191825c25s4001-D,tan20250621t191825c25s4001,1,0.7204723026444723,0.400052576336041
586546,tan20250619t081641c58s4001-A,tan20250619t081641c58s4001,0,0.07787840960974148,0.400052576336041
586547,tan20250621t191825c25s4001-D,tan20250621t191825c25s4001,1,0.6313864384330697,0.400052576336041
586548,tan20250619t081641c58s4001-A,tan20250619t081641c58s4001,0,0.04229963377056053,0.400052576336041
586549,tan20250621t191825c25s4001-D,tan20250621t191825c25s4001,1,0.7164857594576357,0.400052576336041
586550,tan20250619t081641c58s4001-A,tan20250619t081641c58s4001,0,0.03970591592161916,0.400052576336041
586551,tan20250621t191825c25s4001-D,tan20250621t191825c25s4001,1,0.7411291499858139,0.400052576336041
586552,tan20250619t081641c58s4001-A,tan20250619t081641c58s4001,0,0.03899189877022173,0.400052576336041
586553,tan20250621t191825c25s4001-D,tan20250621t191825c25s4001,1,0.7133868436958005,0.400052576336041
586554,tan20250619t081641c58s4001-A,tan20250619t081641c58s4001,0,0.03803364448625201,0.400052576336041
586555,tan20250621t191825c25s4001-D,tan20250621t191825c25s4001,0,0.7493230657047799,0.400052576336041
586556,tan20250619t081641c58s4001-A,tan20250619t081641c58s4001,0,0.015747460666693167,0.400052576336041
586557,tan20250621t191825c25s4001-D,tan20250621t191825c25s4001,0,0.008940260480865336,0.400052576336041
586558,tan20250619t081641c58s4001-A,tan20250619t081641c58s4001,0,0.11094771461788543,0.400052576336041
586559,tan20250621t191825c25s4001-D,tan20250621t191825c25s4001,0,0.004902849835056494,0.400052576336041
586560,tan20250619t081641c58s4001-A,tan20250619t081641c58s4001,0,0.061653427922777,0.400052576336041
586561,tan20250621t191825c25s4001-D,tan20250621t191825c25s4001,0,0.012584199313441955,0.400052576336041
586562,tan20250619t081641c58s4001-A,tan20250619t081641c58s4001,0,0.06119630173778427,0.400052576336041
586563,tan20250621t191825c25s4001-D,tan20250621t191825c25s4001,0,0.05429661760779403,0.400052576336041
586564,tan20250619t081641c58s4001-A,tan20250619t081641c58s4001,0,0.35925658730625754,0.400052576336041
586565,tan20250621t191825c25s4001-D,tan20250621t191825c25s4001,0,0.31227936541232604,0.400052576336041
586566,tan20250619t081641c58s4001-A,tan20250619t081641c58s4001,0,0.05415485128855135,0.400052576336041
586567,tan20250621t191825c25s4001-D,tan20250621t191825c25s4001,0,0.0005690754108846264,0.400052576336041
586568,tan20250621t191825c25s4001-D,tan20250621t191825c25s4001,0,0.7453111632562718,0.400052576336041
586569,tan20250621t191825c25s4001-D,tan20250621t191825c25s4001,0,0.3518573912655671,0.400052576336041
586571,tan20250621t191825c25s4001-D,tan20250621t191825c25s4001,0,0.22682042368114214,0.400052576336041
586573,tan20250621t191825c25s4001-D,tan20250621t191825c25s4001,0,0.8571118709769437,0.400052576336041
586574,tan20250622t074731c58s4001-A,tan20250622t074731c58s4001,1,0.8657236492330878,0.400052576336041
586575,tan20250621t191825c25s4001-D,tan20250621t191825c25s4001,0,0.794591955003312,0.400052576336041
586577,tan20250621t191825c25s4001-D,tan20250621t191825c25s4001,0,0.003145035338049055,0.400052576336041
586578,tan20250622t074731c58s4001-A,tan20250622t074731c58s4001,1,0.6007294116086793,0.400052576336041
586579,tan20250621t191825c25s4001-D,tan20250621t191825c25s4001,0,0.11386110616265774,0.400052576336041
586581,tan20250621t191825c25s4001-D,tan20250621t191825c25s4001,0,0.7116983491270048,0.400052576336041
586582,tan20250622t074731c58s4001-A,tan20250622t074731c58s4001,1,0.70364873601686,0.400052576336041
586583,tan20250621t191825c25s4001-D,tan20250621t191825c25s4001,0,0.15799274488350892,0.400052576336041
586587,tan20250622t074731c58s4001-B,tan20250622t074731c58s4001,1,0.6638694723877567,0.400052576336041
586590,tan20250622t074731c58s4001-A,tan20250622t074731c58s4001,1,0.901853775431516,0.400052576336041
586597,tan20250622t074731c58s4001-B,tan20250622t074731c58s4001,1,0.6857737111307427,0.400052576336041
586599,tan20250622t074731c58s4001-B,tan20250622t074731c58s4001,1,0.7660655371164822,0.400052576336041
586601,tan20250622t074731c58s4001-B,tan20250622t074731c58s4001,1,0.3699380265845806,0.400052576336041
586604,tan20250622t074731c58s4001-A,tan20250622t074731c58s4001,0,0.5289070729636888,0.400052576336041
586608,tan20250622t074731c58s4001-A,tan20250622t074731c58s4001,0,0.6865078398323535,0.400052576336041
586616,tan20250622t074731c58s4001-A,tan20250622t074731c58s4001,0,0.03651341404220839,0.400052576336041
586617,tan20250622t074731c58s4001-B,tan20250622t074731c58s4001,1,0.5322875954380369,0.400052576336041
586622,tan20250622t074731c58s4001-A,tan20250622t074731c58s4001,0,0.029629989395669028,0.400052576336041
586625,tan20250622t074731c58s4001-B,tan20250622t074731c58s4001,0,0.002721822617013113,0.400052576336041
586627,tan20250622t074731c58s4001-B,tan20250622t074731c58s4001,0,0.14877522166452004,0.400052576336041
586632,tan20250622t074731c58s4001-B,tan20250622t074731c58s4001,0,0.12980883845876978,0.400052576336041
586639,tan20250622t074731c58s4001-B,tan20250622t074731c58s4001,0,0.6789228912717206,0.400052576336041
586642,tan20250622t074731c58s4001-C,tan20250622t074731c58s4001,1,0.8323709515211533,0.400052576336041
586645,tan20250622t074731c58s4001-B,tan20250622t074731c58s4001,0,0.7573883590574608,0.400052576336041
586651,tan20250622t074731c58s4001-D,tan20250622t074731c58s4001,1,0.3231044337249963,0.400052576336041
586653,tan20250622t074731c58s4001-D,tan20250622t074731c58s4001,1,0.8639526020085143,0.400052576336041
586654,tan20250622t074731c58s4001-C,tan20250622t074731c58s4001,1,0.8252620839407605,0.400052576336041
586658,tan20250622t074731c58s4001-C,tan20250622t074731c58s4001,1,0.7659658151610333,0.400052576336041
586659,tan20250622t074731c58s4001-D,tan20250622t074731c58s4001,1,0.7437426467080418,0.400052576336041
586668,tan20250622t074731c58s4001-C,tan20250622t074731c58s4001,0,0.001942230346214268,0.400052576336041
586671,tan20250622t074731c58s4001-D,tan20250622t074731c58s4001,1,0.8666953346368923,0.400052576336041
586674,tan20250622t074731c58s4001-C,tan20250622t074731c58s4001,0,0.15925703707152705,0.400052576336041
586684,tan20250622t074731c58s4001-C,tan20250622t074731c58s4001,0,0.47097419271471064,0.400052576336041
586686,tan20250622t074731c58s4001-C,tan20250622t074731c58s4001,0,0.011647299173657028,0.400052576336041
586688,tan20250622t074731c58s4001-C,tan20250622t074731c58s4001,0,0.008902186245355893,0.400052576336041
586692,tan20250622t074731c58s4001-C,tan20250622t074731c58s4001,0,0.3109462742244317,0.400052576336041
586693,tan20250622t074731c58s4001-D,tan20250622t074731c58s4001,0,0.004575669573573755,0.400052576336041
586703,tan20250622t092019c56s4001-E,tan20250622t092019c56s4001,1,0.8940994723177559,0.400052576336041
586709,tan20250622t092019c56s4001-E,tan20250622t092019c56s4001,1,0.8699631557326937,0.400052576336041
586715,tan20250622t092019c56s4001-E,tan20250622t092019c56s4001,1,0.8964596362048524,0.400052576336041
586717,tan20250622t092019c56s4001-E,tan20250622t092019c56s4001,1,0.9198033298555153,0.400052576336041
586718,tan20250622t092019c56s4001-G,tan20250622t092019c56s4001,1,0.9548094132611191,0.400052576336041
586719,tan20250622t092019c56s4001-E,tan20250622t092019c56s4001,1,0.8521006523974042,0.400052576336041
586720,tan20250622t092019c56s4001-G,tan20250622t092019c56s4001,1,0.9345191238420734,0.400052576336041
586721,tan20250622t092019c56s4001-E,tan20250622t092019c56s4001,1,0.8870548555922859,0.400052576336041
586726,tan20250622t092019c56s4001-G,tan20250622t092019c56s4001,1,0.9444452058527293,0.400052576336041
586727,tan20250622t092019c56s4001-E,tan20250622t092019c56s4001,1,0.8522728407600306,0.400052576336041
586728,tan20250622t092019c56s4001-G,tan20250622t092019c56s4001,1,0.9413777569224329,0.400052576336041
586730,tan20250622t092019c56s4001-G,tan20250622t092019c56s4001,1,0.868612194066363,0.400052576336041
586731,tan20250622t092019c56s4001-E,tan20250622t092019c56s4001,0,0.006397472241527321,0.400052576336041
586733,tan20250622t092019c56s4001-E,tan20250622t092019c56s4001,0,0.011225984273293702,0.400052576336041
586734,tan20250622t092019c56s4001-G,tan20250622t092019c56s4001,1,0.8361493365279707,0.400052576336041
586736,tan20250622t092019c56s4001-G,tan20250622t092019c56s4001,1,0.9534730153185214,0.400052576336041
586740,tan20250622t092019c56s4001-G,tan20250622t092019c56s4001,1,0.8252936381884807,0.400052576336041
586743,tan20250622t092019c56s4001-E,tan20250622t092019c56s4001,0,0.28922897954718796,0.400052576336041
586744,tan20250622t092019c56s4001-G,tan20250622t092019c56s4001,1,0.9686374643495803,0.400052576336041
586745,tan20250622t092019c56s4001-E,tan20250622t092019c56s4001,0,0.009177908136729121,0.400052576336041
586746,tan20250622t092019c56s4001-G,tan20250622t092019c56s4001,0,0.0038360179370897592,0.400052576336041
586748,tan20250622t092019c56s4001-G,tan20250622t092019c56s4001,0,0.031356685150951656,0.400052576336041
586750,tan20250622t092019c56s4001-G,tan20250622t092019c56s4001,0,0.0025747192781824277,0.400052576336041
586755,tan20250622t092019c56s4001-E,tan20250622t092019c56s4001,0,0.004563903608243363,0.400052576336041
586756,tan20250622t092019c56s4001-G,tan20250622t092019c56s4001,0,0.008515897862370912,0.400052576336041
586757,tan20250622t092019c56s4001-E,tan20250622t092019c56s4001,0,0.04462890897704204,0.400052576336041
586759,tan20250622t092019c56s4001-E,tan20250622t092019c56s4001,0,0.007834999300955528,0.400052576336041
586760,tan20250622t092019c56s4001-G,tan20250622t092019c56s4001,0,0.004050313245657078,0.400052576336041
586762,tan20250622t092019c56s4001-G,tan20250622t092019c56s4001,0,0.056381220750164614,0.400052576336041
586763,tan20250622t092019c56s4001-G,tan20250622t092019c56s4001,0,0.01619865074783596,0.400052576336041
586765,tan20250622t092019c56s4001-G,tan20250622t092019c56s4001,0,0.005222975614452743,0.400052576336041
586766,tan20250704t104027c33s4001-B,tan20250704t104027c33s4001,1,0.14435851633824934,0.400052576336041
586767,tan20250622t092019c56s4001-G,tan20250622t092019c56s4001,0,0.0022084122595130208,0.400052576336041
586768,tan20250704t104027c33s4001-B,tan20250704t104027c33s4001,1,0.5326216207309614,0.400052576336041
586770,tan20250704t104027c33s4001-B,tan20250704t104027c33s4001,1,0.16835006219714113,0.400052576336041
586772,tan20250704t104027c33s4001-B,tan20250704t104027c33s4001,1,0.07137387510736931,0.400052576336041
586773,tan20250704t104027c33s4001-B,tan20250704t104027c33s4001,1,0.2392567813718927,0.400052576336041
586774,tan20250704t104027c33s4001-B,tan20250704t104027c33s4001,1,0.40330392186434666,0.400052576336041
586775,tan20250704t104027c33s4001-B,tan20250704t104027c33s4001,1,0.11825904121024183,0.400052576336041
586777,tan20250704t104027c33s4001-B,tan20250704t104027c33s4001,1,0.2088170312407678,0.400052576336041
586779,tan20250704t104027c33s4001-B,tan20250704t104027c33s4001,1,0.1572518686969642,0.400052576336041
586781,tan20250704t104027c33s4001-B,tan20250704t104027c33s4001,1,0.11825904121024183,0.400052576336041
586783,tan20250704t104027c33s4001-B,tan20250704t104027c33s4001,1,0.10601360059393096,0.400052576336041
586785,tan20250704t104027c33s4001-B,tan20250704t104027c33s4001,1,0.192024852290857,0.400052576336041
586786,tan20250705t034730c87s4001-E,tan20250705t034730c87s4001,1,0.18554887505132975,0.400052576336041
586787,tan20250704t104027c33s4001-B,tan20250704t104027c33s4001,1,0.14549559823369443,0.400052576336041
586789,tan20250704t104027c33s4001-B,tan20250704t104027c33s4001,1,0.4278972720907741,0.400052576336041
586791,tan20250704t104027c33s4001-B,tan20250704t104027c33s4001,1,0.6114007446737526,0.400052576336041
586793,tan20250704t104027c33s4001-B,tan20250704t104027c33s4001,1,0.1572518686969642,0.400052576336041
586795,tan20250704t104027c33s4001-B,tan20250704t104027c33s4001,0,0.10261613312736598,0.400052576336041
586797,tan20250704t104027c33s4001-B,tan20250704t104027c33s4001,0,0.4770710064815439,0.400052576336041
586798,tan20250705t034730c87s4001-E,tan20250705t034730c87s4001,1,0.778497909155905,0.400052576336041
586799,tan20250704t104027c33s4001-B,tan20250704t104027c33s4001,0,0.3263012553754162,0.400052576336041
586801,tan20250704t104027c33s4001-B,tan20250704t104027c33s4001,0,0.016804764384755713,0.400052576336041
586804,tan20250704t104027c33s4001-B,tan20250704t104027c33s4001,0,0.5830296717623769,0.400052576336041
586805,tan20250705t034730c87s4001-E,tan20250705t034730c87s4001,1,0.6183506517645593,0.400052576336041
586807,tan20250704t104027c33s4001-B,tan20250704t104027c33s4001,0,0.20871388516395126,0.400052576336041
586810,tan20250704t104027c33s4001-B,tan20250704t104027c33s4001,0,0.44429655855685335,0.400052576336041
586812,tan20250704t104027c33s4001-B,tan20250704t104027c33s4001,0,0.8807280597564112,0.400052576336041
586814,tan20250704t104027c33s4001-B,tan20250704t104027c33s4001,0,0.3141924074128013,0.400052576336041
586815,tan20250705t034730c87s4001-E,tan20250705t034730c87s4001,0,0.01599026034777741,0.400052576336041
586816,tan20250704t104027c33s4001-B,tan20250704t104027c33s4001,0,0.0063748146770106024,0.400052576336041
586818,tan20250704t104027c33s4001-B,tan20250704t104027c33s4001,0,0.09643545604617954,0.400052576336041
586820,tan20250704t104027c33s4001-B,tan20250704t104027c33s4001,0,0.002678920570775665,0.400052576336041
586822,tan20250704t104027c33s4001-B,tan20250704t104027c33s4001,0,0.3196640784903608,0.400052576336041
586825,tan20250704t104027c33s4001-B,tan20250704t104027c33s4001,0,0.008522527475075089,0.400052576336041
586827,tan20250704t104027c33s4001-B,tan20250704t104027c33s4001,0,0.07745801496493443,0.400052576336041
586829,tan20250704t104027c33s4001-B,tan20250704t104027c33s4001,0,0.2713705729047853,0.400052576336041
586847,tan20250705t034730c87s4001-F,tan20250705t034730c87s4001,1,0.6234099642644501,0.400052576336041
586850,tan20250705t034730c87s4001-G,tan20250705t034730c87s4001,1,0.02581566821337151,0.400052576336041
586852,tan20250705t034730c87s4001-G,tan20250705t034730c87s4001,1,0.41599242916572327,0.400052576336041
586855,tan20250705t034730c87s4001-F,tan20250705t034730c87s4001,1,0.5541248013337017,0.400052576336041
586861,tan20250705t034730c87s4001-F,tan20250705t034730c87s4001,1,0.6807341500829195,0.400052576336041
586865,tan20250705t034730c87s4001-F,tan20250705t034730c87s4001,0,0.08207599062536776,0.400052576336041
586867,tan20250705t034730c87s4001-F,tan20250705t034730c87s4001,0,0.6467269825475607,0.400052576336041
586870,tan20250705t034730c87s4001-G,tan20250705t034730c87s4001,1,0.08627079048378683,0.400052576336041
586874,tan20250705t034730c87s4001-G,tan20250705t034730c87s4001,1,0.009426676154030535,0.400052576336041
586887,tan20250705t034730c87s4001-G,tan20250705t034730c87s4001,0,0.1743720146341017,0.400052576336041
586889,tan20250705t034730c87s4001-G,tan20250705t034730c87s4001,0,0.003576990983574029,0.400052576336041
586893,tan20250705t034730c87s4001-G,tan20250705t034730c87s4001,0,0.843198388004509,0.400052576336041
586904,tan20250705t034730c87s4001-G,tan20250705t034730c87s4001,0,0.0031352684171061978,0.400052576336041
586916,tan20250705t034730c87s4001-R,tan20250705t034730c87s4001,1,0.1290687023183007,0.400052576336041
586922,tan20250705t034730c87s4001-R,tan20250705t034730c87s4001,1,0.18804842686106854,0.400052576336041
586927,tan20250705t034730c87s4001-Q,tan20250705t034730c87s4001,1,0.4281698254117372,0.400052576336041
586930,tan20250705t034730c87s4001-R,tan20250705t034730c87s4001,1,0.09286153333813692,0.400052576336041
586935,tan20250705t034730c87s4001-Q,tan20250705t034730c87s4001,0,0.1578977431329398,0.400052576336041
586940,tan20250705t034730c87s4001-R,tan20250705t034730c87s4001,0,0.017840782629242758,0.400052576336041
586941,tan20250705t034730c87s4001-Q,tan20250705t034730c87s4001,0,0.023256813178093822,0.400052576336041
586967,tan20250705t034730c87s4001-R,tan20250705t034730c87s4001,0,0.08614845569567024,0.400052576336041
586973,tan20250705t034730c87s4001-V,tan20250705t034730c87s4001,1,0.8651581230228477,0.400052576336041
586987,tan20250705t034730c87s4001-V,tan20250705t034730c87s4001,1,0.7431266186237998,0.400052576336041
587005,tan20250705t034730c87s4001-V,tan20250705t034730c87s4001,0,0.008120147368894293,0.400052576336041
587006,tan20250705t034730c87s4001-S,tan20250705t034730c87s4001,0,0.12369057323635535,0.400052576336041
587009,tan20250705t034730c87s4001-V,tan20250705t034730c87s4001,0,0.019854400702022316,0.400052576336041
587014,tan20250705t034730c87s4001-S,tan20250705t034730c87s4001,0,0.0009873794959352697,0.400052576336041
587021,tan20250705t034730c87s4001-V,tan20250705t034730c87s4001,0,0.016826383988153715,0.400052576336041
587028,tan20250706t170748c33s4001-A,tan20250706t170748c33s4001,1,0.8998395335017884,0.400052576336041
587030,tan20250706t170748c33s4001-A,tan20250706t170748c33s4001,1,0.7502915218155326,0.400052576336041
587032,tan20250706t170748c33s4001-A,tan20250706t170748c33s4001,1,0.7453864292539741,0.400052576336041
587033,tan20250706t170748c33s4001-A,tan20250706t170748c33s4001,1,0.9086890769634935,0.400052576336041
587034,tan20250706t170748c33s4001-A,tan20250706t170748c33s4001,1,0.9416032797029417,0.400052576336041
587035,tan20250706t170748c33s4001-A,tan20250706t170748c33s4001,1,0.9236386991916018,0.400052576336041
587335,tan20250706t170748c33s4001-A,tan20250706t170748c33s4001,1,0.7758493032180274,0.400052576336041
587336,tan20250706t170748c33s4001-A,tan20250706t170748c33s4001,1,0.895658144593636,0.400052576336041
587337,tan20250706t170748c33s4001-A,tan20250706t170748c33s4001,1,0.9237331419755561,0.400052576336041
587339,tan20250706t170748c33s4001-A,tan20250706t170748c33s4001,1,0.9237331419755561,0.400052576336041
587341,tan20250706t170748c33s4001-A,tan20250706t170748c33s4001,1,0.7649120581838603,0.400052576336041
587343,tan20250706t170748c33s4001-A,tan20250706t170748c33s4001,1,0.4735180238241401,0.400052576336041
587345,tan20250706t170748c33s4001-A,tan20250706t170748c33s4001,1,0.8954180474884885,0.400052576336041
587347,tan20250706t170748c33s4001-A,tan20250706t170748c33s4001,1,0.9324613800082329,0.400052576336041
587349,tan20250706t170748c33s4001-A,tan20250706t170748c33s4001,1,0.8916523717327876,0.400052576336041
587351,tan20250706t170748c33s4001-A,tan20250706t170748c33s4001,1,0.8694776199722043,0.400052576336041
587353,tan20250706t170748c33s4001-A,tan20250706t170748c33s4001,0,0.41713677740624233,0.400052576336041
587355,tan20250706t170748c33s4001-A,tan20250706t170748c33s4001,0,0.1445902796968712,0.400052576336041
587357,tan20250706t170748c33s4001-A,tan20250706t170748c33s4001,0,0.009777752366019929,0.400052576336041
587358,tan20250715t080139c58s4001-A,tan20250715t080139c58s4001,1,0.6607097459679437,0.400052576336041
587359,tan20250706t170748c33s4001-A,tan20250706t170748c33s4001,0,0.0030827625076358515,0.400052576336041
587360,tan20250715t080139c58s4001-A,tan20250715t080139c58s4001,1,0.8181187033197773,0.400052576336041
587361,tan20250706t170748c33s4001-A,tan20250706t170748c33s4001,0,0.007651858086292289,0.400052576336041
587363,tan20250706t170748c33s4001-A,tan20250706t170748c33s4001,0,0.001036022664136554,0.400052576336041
587365,tan20250706t170748c33s4001-A,tan20250706t170748c33s4001,0,0.011222970323766257,0.400052576336041
587366,tan20250715t080139c58s4001-A,tan20250715t080139c58s4001,1,0.7244979879854394,0.400052576336041
587367,tan20250706t170748c33s4001-A,tan20250706t170748c33s4001,0,0.007168013608525668,0.400052576336041
587369,tan20250706t170748c33s4001-A,tan20250706t170748c33s4001,0,0.07556062555653979,0.400052576336041
587371,tan20250706t170748c33s4001-A,tan20250706t170748c33s4001,0,0.0014108340855739931,0.400052576336041
587373,tan20250706t170748c33s4001-A,tan20250706t170748c33s4001,0,0.004824216678606948,0.400052576336041
587375,tan20250706t170748c33s4001-A,tan20250706t170748c33s4001,0,0.0006606918270382107,0.400052576336041
587377,tan20250706t170748c33s4001-A,tan20250706t170748c33s4001,0,0.0010445786373342628,0.400052576336041
587379,tan20250706t170748c33s4001-A,tan20250706t170748c33s4001,0,0.007749204634509315,0.400052576336041
587381,tan20250706t170748c33s4001-A,tan20250706t170748c33s4001,0,0.004982345395755057,0.400052576336041
587382,tan20250715t080139c58s4001-A,tan20250715t080139c58s4001,0,0.38715550397084414,0.400052576336041
587383,tan20250706t170748c33s4001-A,tan20250706t170748c33s4001,0,0.0009324359789360283,0.400052576336041
587387,tan20250715t080139c58s4001-B,tan20250715t080139c58s4001,1,0.7249793639659234,0.400052576336041
587391,tan20250715t080139c58s4001-B,tan20250715t080139c58s4001,1,0.9378943984470397,0.400052576336041
587392,tan20250715t080139c58s4001-A,tan20250715t080139c58s4001,0,0.7844536475588296,0.400052576336041
587396,tan20250715t080139c58s4001-A,tan20250715t080139c58s4001,0,0.012983722798111353,0.400052576336041
587403,tan20250715t080139c58s4001-B,tan20250715t080139c58s4001,1,0.7777993151598247,0.400052576336041
587417,tan20250715t080139c58s4001-B,tan20250715t080139c58s4001,0,0.639826710477047,0.400052576336041
587423,tan20250715t080139c58s4001-B,tan20250715t080139c58s4001,0,0.8700928838696934,0.400052576336041
587424,tan20250715t080139c58s4001-D,tan20250715t080139c58s4001,1,0.909298106954468,0.400052576336041
587426,tan20250715t080139c58s4001-D,tan20250715t080139c58s4001,1,0.8503828946832842,0.400052576336041
587427,tan20250715t080139c58s4001-B,tan20250715t080139c58s4001,0,0.5050562379211604,0.400052576336041
587430,tan20250715t080139c58s4001-D,tan20250715t080139c58s4001,1,0.8680006033596124,0.400052576336041
587435,tan20250715t080139c58s4001-B,tan20250715t080139c58s4001,0,0.7430362697945859,0.400052576336041
587439,tan20250715t080139c58s4001-B,tan20250715t080139c58s4001,0,0.79834727635499,0.400052576336041
587443,tan20250715t080139c58s4001-B,tan20250715t080139c58s4001,0,0.09716020392233898,0.400052576336041
587445,tan20250715t080139c58s4001-B,tan20250715t080139c58s4001,0,0.35140133070586116,0.400052576336041
587453,tan20250715t080139c58s4001-D,tan20250715t080139c58s4001,0,0.9133747194751958,0.400052576336041
587459,tan20250715t080139c58s4001-D,tan20250715t080139c58s4001,0,0.3198172727013248,0.400052576336041
587461,tan20250715t080139c58s4001-D,tan20250715t080139c58s4001,0,0.5218864330130734,0.400052576336041
587463,tan20250715t080139c58s4001-H,tan20250715t080139c58s4001,1,0.82889211839166,0.400052576336041
587465,tan20250715t080139c58s4001-I,tan20250715t080139c58s4001,1,0.8345796144253114,0.400052576336041
587466,tan20250715t080139c58s4001-H,tan20250715t080139c58s4001,1,0.7725165400138082,0.400052576336041
587473,tan20250715t080139c58s4001-I,tan20250715t080139c58s4001,1,0.4674419752945692,0.400052576336041
587477,tan20250715t080139c58s4001-I,tan20250715t080139c58s4001,1,0.5613995054185746,0.400052576336041
587481,tan20250715t080139c58s4001-I,tan20250715t080139c58s4001,1,0.8540552317914406,0.400052576336041
587493,tan20250715t080139c58s4001-I,tan20250715t080139c58s4001,1,0.552120147075556,0.400052576336041
587510,tan20250715t080139c58s4001-I,tan20250715t080139c58s4001,0,0.379617609005085,0.400052576336041
587515,tan20250715t080139c58s4001-I,tan20250715t080139c58s4001,0,0.2455247601387385,0.400052576336041
587519,tan20250715t110939c96s4001-E,tan20250715t110939c96s4001,1,0.9294795538036839,0.400052576336041
587520,tan20250715t080139c58s4001-I,tan20250715t080139c58s4001,0,0.6669635443426833,0.400052576336041
587521,tan20250715t110939c96s4001-E,tan20250715t110939c96s4001,1,0.8968070230232597,0.400052576336041
587523,tan20250715t110939c96s4001-E,tan20250715t110939c96s4001,1,0.8650554560055076,0.400052576336041
587531,tan20250715t110939c96s4001-E,tan20250715t110939c96s4001,1,0.9103921032079737,0.400052576336041
587532,tan20250715t110939c96s4001-G,tan20250715t110939c96s4001,1,0.8136031280328769,0.400052576336041
587538,tan20250715t110939c96s4001-G,tan20250715t110939c96s4001,1,0.7694181694710126,0.400052576336041
587553,tan20250715t110939c96s4001-E,tan20250715t110939c96s4001,0,0.6732470479051935,0.400052576336041
587557,tan20250715t110939c96s4001-E,tan20250715t110939c96s4001,0,0.08218549264510826,0.400052576336041
587561,tan20250715t110939c96s4001-E,tan20250715t110939c96s4001,0,0.028159909182851935,0.400052576336041
587564,tan20250715t110939c96s4001-G,tan20250715t110939c96s4001,0,0.9040479487807285,0.400052576336041
587575,tan20250715t110939c96s4001-E,tan20250715t110939c96s4001,0,0.4842797363976145,0.400052576336041
587577,tan20250715t110939c96s4001-E,tan20250715t110939c96s4001,0,0.24568928178827584,0.400052576336041
587579,tan20250715t110939c96s4001-G,tan20250715t110939c96s4001,0,0.27811938189759866,0.400052576336041
587589,tan20250715t110939c96s4001-G,tan20250715t110939c96s4001,0,0.003655790422343179,0.400052576336041
587592,tan20250715t110939c96s4001-I,tan20250715t110939c96s4001,1,0.7232311591217391,0.400052576336041
587593,tan20250715t110939c96s4001-J,tan20250715t110939c96s4001,1,0.9037448761915936,0.400052576336041
587600,tan20250715t110939c96s4001-I,tan20250715t110939c96s4001,1,0.6206325455373636,0.400052576336041
587607,tan20250715t110939c96s4001-J,tan20250715t110939c96s4001,1,0.9052290228505087,0.400052576336041
587618,tan20250715t110939c96s4001-I,tan20250715t110939c96s4001,0,0.09726975230767193,0.400052576336041
587620,tan20250715t110939c96s4001-I,tan20250715t110939c96s4001,0,0.036981938120419375,0.400052576336041
587621,tan20250715t110939c96s4001-J,tan20250715t110939c96s4001,1,0.8994672015880568,0.400052576336041
587624,tan20250715t110939c96s4001-I,tan20250715t110939c96s4001,0,0.29176430383319624,0.400052576336041
587647,tan20250715t110939c96s4001-J,tan20250715t110939c96s4001,0,0.01185862567966844,0.400052576336041
587654,tan20250715t110939c96s4001-L,tan20250715t110939c96s4001,1,0.6725163633102003,0.400052576336041
587656,tan20250715t110939c96s4001-L,tan20250715t110939c96s4001,1,0.8209630656407018,0.400052576336041
587661,tan20250715t110939c96s4001-L,tan20250715t110939c96s4001,1,0.8832397722116274,0.400052576336041
587666,tan20250721t070839c68s4001-A,tan20250721t070839c68s4001,1,0.9394339451501754,0.400052576336041
587667,tan20250715t110939c96s4001-L,tan20250715t110939c96s4001,1,0.7776331394605337,0.400052576336041
587668,tan20250721t070839c68s4001-A,tan20250721t070839c68s4001,1,0.39391404435468047,0.400052576336041
587671,tan20250715t110939c96s4001-L,tan20250715t110939c96s4001,1,0.4923217867990659,0.400052576336041
587672,tan20250721t070839c68s4001-A,tan20250721t070839c68s4001,1,0.3565740951071991,0.400052576336041
587673,tan20250715t110939c96s4001-L,tan20250715t110939c96s4001,0,0.348196348346678,0.400052576336041
587675,tan20250715t110939c96s4001-L,tan20250715t110939c96s4001,0,0.11353719525108992,0.400052576336041
587679,tan20250715t110939c96s4001-L,tan20250715t110939c96s4001,0,0.5620471362509522,0.400052576336041
587684,tan20250721t070839c68s4001-A,tan20250721t070839c68s4001,1,0.23850872857322383,0.400052576336041
587688,tan20250721t070839c68s4001-A,tan20250721t070839c68s4001,1,0.27454132565647504,0.400052576336041
587692,tan20250721t070839c68s4001-A,tan20250721t070839c68s4001,0,0.0794794416148806,0.400052576336041
587693,tan20250715t110939c96s4001-L,tan20250715t110939c96s4001,0,0.8059381819094181,0.400052576336041
587704,tan20250721t070839c68s4001-A,tan20250721t070839c68s4001,0,0.11528713335590589,0.400052576336041
587713,tan20250721t070839c68s4001-B,tan20250721t070839c68s4001,1,0.36021442413923893,0.400052576336041
587716,tan20250721t070839c68s4001-A,tan20250721t070839c68s4001,0,0.020994556194994532,0.400052576336041
587725,tan20250721t070839c68s4001-B,tan20250721t070839c68s4001,1,0.09105102863609922,0.400052576336041
587728,tan20250721t070839c68s4001-E,tan20250721t070839c68s4001,1,0.7971856232039557,0.400052576336041
587729,tan20250721t070839c68s4001-B,tan20250721t070839c68s4001,1,0.6160702780731548,0.400052576336041
587733,tan20250721t070839c68s4001-B,tan20250721t070839c68s4001,1,0.11532774457123306,0.400052576336041
587736,tan20250721t070839c68s4001-E,tan20250721t070839c68s4001,1,0.8185774955323283,0.400052576336041
587743,tan20250721t070839c68s4001-B,tan20250721t070839c68s4001,0,0.1877233471123234,0.400052576336041
587746,tan20250721t070839c68s4001-E,tan20250721t070839c68s4001,1,0.6477354238193694,0.400052576336041
587753,tan20250721t070839c68s4001-B,tan20250721t070839c68s4001,0,0.21802093526750008,0.400052576336041
587760,tan20250721t070839c68s4001-E,tan20250721t070839c68s4001,0,0.047004431383772124,0.400052576336041
587775,tan20250721t070839c68s4001-G,tan20250721t070839c68s4001,1,0.8306045946851308,0.400052576336041
587781,tan20250721t070839c68s4001-G,tan20250721t070839c68s4001,1,0.758452812658562,0.400052576336041
587782,tan20250721t070839c68s4001-E,tan20250721t070839c68s4001,0,0.07634240997395797,0.400052576336041
587784,tan20250721t070839c68s4001-E,tan20250721t070839c68s4001,0,0.3897540034892904,0.400052576336041
587787,tan20250721t070839c68s4001-G,tan20250721t070839c68s4001,1,0.8176429450692109,0.400052576336041
587788,tan20250721t070839c68s4001-H,tan20250721t070839c68s4001,1,0.9488215599578408,0.400052576336041
587805,tan20250721t070839c68s4001-G,tan20250721t070839c68s4001,0,0.7179614918424665,0.400052576336041
587811,tan20250721t070839c68s4001-G,tan20250721t070839c68s4001,0,0.10329147851051715,0.400052576336041
587817,tan20250721t070839c68s4001-G,tan20250721t070839c68s4001,0,0.022387161247650646,0.400052576336041
587820,tan20250721t070839c68s4001-H,tan20250721t070839c68s4001,0,0.32435156261990467,0.400052576336041
587822,tan20250721t070839c68s4001-H,tan20250721t070839c68s4001,0,0.30707143598777925,0.400052576336041
587825,tan20250721t070839c68s4001-G,tan20250721t070839c68s4001,0,0.033749458875353314,0.400052576336041
587834,tan20250721t070839c68s4001-H,tan20250721t070839c68s4001,0,0.18451718524698885,0.400052576336041
587847,tan20250723t085612c40s4001-D,tan20250723t085612c40s4001,1,0.2527253850579012,0.400052576336041
587848,tan20250721t070839c68s4001-H,tan20250721t070839c68s4001,0,0.8803158735865291,0.400052576336041
587850,tan20250723t085612c40s4001-D,tan20250723t085612c40s4001,1,0.3330230861894527,0.400052576336041
587851,tan20250723t085612c40s4001-E,tan20250723t085612c40s4001,1,0.6222857363504326,0.400052576336041
587853,tan20250723t085612c40s4001-E,tan20250723t085612c40s4001,1,0.35120558457349393,0.400052576336041
587854,tan20250723t085612c40s4001-D,tan20250723t085612c40s4001,1,0.3888785414266164,0.400052576336041
587855,tan20250723t085612c40s4001-E,tan20250723t085612c40s4001,1,0.47985865252754856,0.400052576336041
587862,tan20250723t085612c40s4001-D,tan20250723t085612c40s4001,1,0.37423124320389356,0.400052576336041
587864,tan20250723t085612c40s4001-D,tan20250723t085612c40s4001,1,0.33201978075493177,0.400052576336041
587866,tan20250723t085612c40s4001-D,tan20250723t085612c40s4001,0,0.00884891889880741,0.400052576336041
587867,tan20250723t085612c40s4001-E,tan20250723t085612c40s4001,1,0.6321264871960196,0.400052576336041
587871,tan20250723t085612c40s4001-E,tan20250723t085612c40s4001,1,0.6222857363504326,0.400052576336041
587872,tan20250723t085612c40s4001-D,tan20250723t085612c40s4001,0,0.05201564463496336,0.400052576336041
587874,tan20250723t085612c40s4001-D,tan20250723t085612c40s4001,0,0.14497904137756507,0.400052576336041
587875,tan20250723t085612c40s4001-E,tan20250723t085612c40s4001,1,0.5466889947941073,0.400052576336041
587877,tan20250723t085612c40s4001-E,tan20250723t085612c40s4001,1,0.7461505815187706,0.400052576336041
587881,tan20250723t085612c40s4001-E,tan20250723t085612c40s4001,1,0.4288726411376649,0.400052576336041
587882,tan20250723t085612c40s4001-D,tan20250723t085612c40s4001,0,0.0039275090924868515,0.400052576336041
587886,tan20250723t085612c40s4001-D,tan20250723t085612c40s4001,0,0.08278146529315182,0.400052576336041
587889,tan20250723t085612c40s4001-E,tan20250723t085612c40s4001,0,0.08189972886447903,0.400052576336041
587893,tan20250723t085612c40s4001-E,tan20250723t085612c40s4001,0,0.02863827184340647,0.400052576336041
587899,tan20250723t085612c40s4001-E,tan20250723t085612c40s4001,0,0.0035931763797895167,0.400052576336041
587910,tan20250723t085612c40s4001-G,tan20250723t085612c40s4001,1,0.0991410384625956,0.400052576336041
588022,tan20250723t085612c40s4001-G,tan20250723t085612c40s4001,1,0.17978510848561774,0.400052576336041
588037,tan20250723t085612c40s4001-I,tan20250723t085612c40s4001,0,0.22805588925685766,0.400052576336041
588051,tan20250723t085612c40s4001-G,tan20250723t085612c40s4001,1,0.22145016094632253,0.400052576336041
588079,tan20250723t085612c40s4001-G,tan20250723t085612c40s4001,0,0.23044456975142474,0.400052576336041
588105,tan20250723t085612c40s4001-I,tan20250723t085612c40s4001,0,0.7034568639408102,0.400052576336041
588118,tan20250723t085612c40s4001-G,tan20250723t085612c40s4001,0,0.024096630793290042,0.400052576336041
588139,tan20250723t085612c40s4001-G,tan20250723t085612c40s4001,0,0.01702935549365634,0.400052576336041
588140,tan20250723t085612c40s4001-G,tan20250723t085612c40s4001,0,0.007835780598390935,0.400052576336041
588253,tan20250723t085612c40s4001-G,tan20250723t085612c40s4001,0,0.01675382265367829,0.400052576336041
588584,tan20250723t085612c40s4001-J,tan20250723t085612c40s4001,0,0.008075267195348347,0.400052576336041
588647,tan20250725t055844c55s4001-A,tan20250725t055844c55s4001,1,0.006525420167487839,0.400052576336041
588651,tan20250725t055844c55s4001-A,tan20250725t055844c55s4001,0,0.0013725471558614685,0.400052576336041
588653,tan20250725t055844c55s4001-A,tan20250725t055844c55s4001,0,0.0006472577065063625,0.400052576336041
588675,tan20250725t055844c55s4001-A,tan20250725t055844c55s4001,0,0.9007931254865238,0.400052576336041
588682,tan20250725t055844c55s4001-B,tan20250725t055844c55s4001,0,0.0012034940732542265,0.400052576336041
588689,tan20250725t055844c55s4001-C,tan20250725t055844c55s4001,1,0.0033034084218907874,0.400052576336041
588694,tan20250725t055844c55s4001-B,tan20250725t055844c55s4001,0,0.0020150192784586067,0.400052576336041
588695,tan20250725t055844c55s4001-C,tan20250725t055844c55s4001,1,0.0019234917814595902,0.400052576336041
588698,tan20250725t055844c55s4001-C,tan20250725t055844c55s4001,1,0.0013349958514860334,0.400052576336041
588703,tan20250725t055844c55s4001-C,tan20250725t055844c55s4001,1,0.0011089014932420271,0.400052576336041
588704,tan20250725t055844c55s4001-E,tan20250725t055844c55s4001,1,0.004368148357109738,0.400052576336041
588713,tan20250725t055844c55s4001-C,tan20250725t055844c55s4001,1,0.0014935366048596055,0.400052576336041
588716,tan20250725t055844c55s4001-E,tan20250725t055844c55s4001,1,0.1832126146604205,0.400052576336041
588726,tan20250725t055844c55s4001-E,tan20250725t055844c55s4001,1,0.0037945608339412075,0.400052576336041
588729,tan20250725t055844c55s4001-C,tan20250725t055844c55s4001,0,0.001508210966428233,0.400052576336041
588733,tan20250725t055844c55s4001-C,tan20250725t055844c55s4001,0,0.0004923676909125593,0.400052576336041
588764,tan20250725t055844c55s4001-H,tan20250725t055844c55s4001,1,0.0010737426761174014,0.400052576336041
588780,tan20250725t055844c55s4001-H,tan20250725t055844c55s4001,1,0.0007907410889326775,0.400052576336041
588789,tan20250725t055844c55s4001-F,tan20250725t055844c55s4001,0,0.002789052051885942,0.400052576336041
588791,tan20250725t055844c55s4001-F,tan20250725t055844c55s4001,0,0.0011017379676577731,0.400052576336041
588794,tan20250725t055844c55s4001-H,tan20250725t055844c55s4001,1,0.0007554721080514758,0.400052576336041
588803,tan20250725t055844c55s4001-F,tan20250725t055844c55s4001,0,0.0011555584265444973,0.400052576336041
588813,tan20250725t055844c55s4001-I,tan20250725t055844c55s4001,1,0.0024852878073827554,0.400052576336041
588827,tan20250725t055844c55s4001-I,tan20250725t055844c55s4001,1,0.0035615149480754424,0.400052576336041
588983,tan20250725t055844c55s4001-I,tan20250725t055844c55s4001,1,0.01570685984011465,0.400052576336041
589029,tan20250725t055844c55s4001-I,tan20250725t055844c55s4001,1,0.006697342187972983,0.400052576336041
589039,tan20250725t055844c55s4001-I,tan20250725t055844c55s4001,0,0.0016984058966621526,0.400052576336041
589103,tan20250725t055844c55s4001-K,tan20250725t055844c55s4001,0,0.0016743267377255905,0.400052576336041
589117,tan20250725t055844c55s4001-I,tan20250725t055844c55s4001,0,0.001916670007167123,0.400052576336041
589122,tan20250725t055844c55s4001-I,tan20250725t055844c55s4001,0,0.001915875958526809,0.400052576336041
589143,tan20250725t055844c55s4001-I,tan20250725t055844c55s4001,0,0.05885873059995357,0.400052576336041
589549,tan20250725t165827c33s4001-A,tan20250725t165827c33s4001,0,0.3219896855502453,0.400052576336041
589550,tan20250725t055844c55s4001-I,tan20250725t055844c55s4001,0,0.0016650675597460072,0.400052576336041
589553,tan20250725t165827c33s4001-A,tan20250725t165827c33s4001,0,0.01593070391389787,0.400052576336041
589558,tan20250725t165827c33s4001-A,tan20250725t165827c33s4001,0,0.0017436669012262803,0.400052576336041
589564,tan20250725t165827c33s4001-A,tan20250725t165827c33s4001,0,0.0025489072699255845,0.400052576336041
589573,tan20250725t165827c33s4001-A,tan20250725t165827c33s4001,0,0.00839070933779124,0.400052576336041
589585,tan20250725t165827c33s4001-A,tan20250725t165827c33s4001,0,0.11608796206042053,0.400052576336041
589618,tan20250725t165827c33s4001-A,tan20250725t165827c33s4001,0,0.0019334603738323348,0.400052576336041
589723,tan20250725t165827c33s4001-A,tan20250725t165827c33s4001,0,0.0017862158806585975,0.400052576336041
589740,tan20250725t165827c33s4001-A,tan20250725t165827c33s4001,0,0.01912937862651317,0.400052576336041
589763,tan20250725t165827c33s4001-A,tan20250725t165827c33s4001,0,0.02012492150524659,0.400052576336041
589784,tan20250725t165827c33s4001-A,tan20250725t165827c33s4001,0,0.01316760633053138,0.400052576336041
589801,tan20250725t165827c33s4001-A,tan20250725t165827c33s4001,0,0.001055200507422301,0.400052576336041
589817,tan20250725t165827c33s4001-A,tan20250725t165827c33s4001,0,0.0023325164269198504,0.400052576336041
589848,tan20250725t165827c33s4001-A,tan20250725t165827c33s4001,0,0.11802694322304313,0.400052576336041
589850,tan20250725t165827c33s4001-A,tan20250725t165827c33s4001,0,0.3285869466771345,0.400052576336041
589855,tan20250725t165827c33s4001-A,tan20250725t165827c33s4001,0,0.14137570175336872,0.400052576336041
589867,tan20250725t183110c58s4001-A,tan20250725t183110c58s4001,0,0.10738840102861848,0.400052576336041
589979,tan20250725t183110c58s4001-A,tan20250725t183110c58s4001,0,0.19964307032202672,0.400052576336041
590006,tan20250725t183110c58s4001-B,tan20250725t183110c58s4001,0,0.6241357439115781,0.400052576336041
590021,tan20250725t183110c58s4001-C,tan20250725t183110c58s4001,1,0.7931499367612981,0.400052576336041
590022,tan20250725t183110c58s4001-C,tan20250725t183110c58s4001,1,0.7931837339712731,0.400052576336041
590024,tan20250725t183110c58s4001-C,tan20250725t183110c58s4001,1,0.8736453485144591,0.400052576336041
590044,tan20250725t183110c58s4001-C,tan20250725t183110c58s4001,0,0.5057901826668977,0.400052576336041
590053,tan20250725t183110c58s4001-D,tan20250725t183110c58s4001,1,0.637773047526152,0.400052576336041
590055,tan20250725t183110c58s4001-D,tan20250725t183110c58s4001,1,0.5787498484863384,0.400052576336041
590058,tan20250725t183110c58s4001-D,tan20250725t183110c58s4001,1,0.5365793456322667,0.400052576336041
590073,tan20250725t183110c58s4001-D,tan20250725t183110c58s4001,1,0.5240378893351508,0.400052576336041
590412,tan20250725t183110c58s4001-D,tan20250725t183110c58s4001,0,0.005850130382924977,0.400052576336041
590420,tan20250725t183110c58s4001-D,tan20250725t183110c58s4001,0,0.06446143700073742,0.400052576336041
590422,tan20250725t183110c58s4001-D,tan20250725t183110c58s4001,0,0.21108469729195126,0.400052576336041
590432,tan20250725t183110c58s4001-G,tan20250725t183110c58s4001,1,0.8877683260335157,0.400052576336041
590437,tan20250725t183110c58s4001-F,tan20250725t183110c58s4001,1,0.9320343733561803,0.400052576336041
590438,tan20250725t183110c58s4001-G,tan20250725t183110c58s4001,1,0.9532133508403448,0.400052576336041
590444,tan20250725t183110c58s4001-G,tan20250725t183110c58s4001,1,0.9487102338731082,0.400052576336041
590462,tan20250725t183110c58s4001-F,tan20250725t183110c58s4001,0,0.4843239634080301,0.400052576336041
590478,tan20250725t183110c58s4001-F,tan20250725t183110c58s4001,0,0.8033200097934631,0.400052576336041
590479,tan20250725t183110c58s4001-G,tan20250725t183110c58s4001,0,0.4582900167158509,0.400052576336041
590486,tan20250725t183110c58s4001-G,tan20250725t183110c58s4001,0,0.318224276856525,0.400052576336041
590496,tan20250725t183110c58s4001-G,tan20250725t183110c58s4001,0,0.7048866392938333,0.400052576336041
590499,tan20250725t183110c58s4001-H,tan20250725t183110c58s4001,1,0.9642497531636901,0.400052576336041
590503,tan20250725t183110c58s4001-H,tan20250725t183110c58s4001,1,0.9486897997630286,0.400052576336041
590504,tan20250727t105623c33s4001-A,tan20250727t105623c33s4001,1,0.29627863289178835,0.400052576336041
590505,tan20250725t183110c58s4001-H,tan20250725t183110c58s4001,1,0.9397365002668877,0.400052576336041
590506,tan20250727t105623c33s4001-A,tan20250727t105623c33s4001,1,0.12441752327603546,0.400052576336041
590507,tan20250725t183110c58s4001-H,tan20250725t183110c58s4001,1,0.8351337429233199,0.400052576336041
590508,tan20250727t105623c33s4001-A,tan20250727t105623c33s4001,1,0.08211281906827952,0.400052576336041
590509,tan20250725t183110c58s4001-H,tan20250725t183110c58s4001,1,0.8126679436057896,0.400052576336041
590510,tan20250727t105623c33s4001-A,tan20250727t105623c33s4001,1,0.23015491288860218,0.400052576336041
590512,tan20250727t105623c33s4001-A,tan20250727t105623c33s4001,1,0.3177305133558931,0.400052576336041
590514,tan20250727t105623c33s4001-A,tan20250727t105623c33s4001,1,0.12555285006720945,0.400052576336041
590516,tan20250727t105623c33s4001-A,tan20250727t105623c33s4001,1,0.0759640385106376,0.400052576336041
590518,tan20250727t105623c33s4001-A,tan20250727t105623c33s4001,1,0.1278081709946526,0.400052576336041
590520,tan20250727t105623c33s4001-A,tan20250727t105623c33s4001,1,0.16985739078600776,0.400052576336041
590521,tan20250725t183110c58s4001-H,tan20250725t183110c58s4001,0,0.166114071975428,0.400052576336041
590522,tan20250727t105623c33s4001-A,tan20250727t105623c33s4001,1,0.16812823805369834,0.400052576336041
590525,tan20250727t105623c33s4001-A,tan20250727t105623c33s4001,1,0.12978258925171973,0.400052576336041
590527,tan20250725t183110c58s4001-H,tan20250725t183110c58s4001,0,0.03660881330148269,0.400052576336041
590528,tan20250727t105623c33s4001-A,tan20250727t105623c33s4001,1,0.13465838629064286,0.400052576336041
590531,tan20250727t105623c33s4001-A,tan20250727t105623c33s4001,1,0.13605550597180915,0.400052576336041
590533,tan20250727t105623c33s4001-A,tan20250727t105623c33s4001,1,0.12441752327603546,0.400052576336041
590535,tan20250727t105623c33s4001-A,tan20250727t105623c33s4001,1,0.7805592169915084,0.400052576336041
590537,tan20250727t105623c33s4001-A,tan20250727t105623c33s4001,1,0.10603961342507884,0.400052576336041
590538,tan20250725t183110c58s4001-H,tan20250725t183110c58s4001,0,0.10546075537370242,0.400052576336041
590539,tan20250727t105623c33s4001-A,tan20250727t105623c33s4001,0,0.7715659825854948,0.400052576336041
590541,tan20250727t105623c33s4001-A,tan20250727t105623c33s4001,0,0.0007868518693291233,0.400052576336041
590543,tan20250727t105623c33s4001-A,tan20250727t105623c33s4001,0,0.0007305545293960105,0.400052576336041
590545,tan20250727t105623c33s4001-A,tan20250727t105623c33s4001,0,0.16790280089554432,0.400052576336041
590547,tan20250727t105623c33s4001-A,tan20250727t105623c33s4001,0,0.30657200910741195,0.400052576336041
590548,tan20250725t183110c58s4001-H,tan20250725t183110c58s4001,0,0.8774674455055782,0.400052576336041
590549,tan20250727t105623c33s4001-A,tan20250727t105623c33s4001,0,0.2670363898122945,0.400052576336041
590550,tan20250727t105623c33s4001-A,tan20250727t105623c33s4001,0,0.229419385424648,0.400052576336041
590551,tan20250727t105623c33s4001-A,tan20250727t105623c33s4001,0,0.07621347477350462,0.400052576336041
590552,tan20250729t080117c58s4001-A,tan20250729t080117c58s4001,1,0.7235471686410534,0.400052576336041
590553,tan20250727t105623c33s4001-A,tan20250727t105623c33s4001,0,0.4874903796019058,0.400052576336041
590554,tan20250729t080117c58s4001-A,tan20250729t080117c58s4001,1,0.7368675572387304,0.400052576336041
590555,tan20250727t105623c33s4001-A,tan20250727t105623c33s4001,0,0.0004643606510571654,0.400052576336041
590556,tan20250729t080117c58s4001-A,tan20250729t080117c58s4001,1,0.6709777375846642,0.400052576336041
590557,tan20250727t105623c33s4001-A,tan20250727t105623c33s4001,0,0.6660573281995024,0.400052576336041
590558,tan20250729t080117c58s4001-A,tan20250729t080117c58s4001,1,0.7255538916017218,0.400052576336041
590559,tan20250727t105623c33s4001-A,tan20250727t105623c33s4001,0,0.03924926166538862,0.400052576336041
590560,tan20250729t080117c58s4001-A,tan20250729t080117c58s4001,1,0.6623089345050434,0.400052576336041
590561,tan20250727t105623c33s4001-A,tan20250727t105623c33s4001,0,0.007090819780632267,0.400052576336041
590562,tan20250729t080117c58s4001-A,tan20250729t080117c58s4001,1,0.6424961250635725,0.400052576336041
590563,tan20250727t105623c33s4001-A,tan20250727t105623c33s4001,0,0.0003157449143300675,0.400052576336041
590564,tan20250729t080117c58s4001-A,tan20250729t080117c58s4001,1,0.8048215274150431,0.400052576336041
590565,tan20250727t105623c33s4001-A,tan20250727t105623c33s4001,0,0.019687415445346974,0.400052576336041
590566,tan20250729t080117c58s4001-A,tan20250729t080117c58s4001,1,0.7296256572859421,0.400052576336041
590567,tan20250727t105623c33s4001-A,tan20250727t105623c33s4001,0,0.18762799452115375,0.400052576336041
590568,tan20250729t080117c58s4001-A,tan20250729t080117c58s4001,1,0.6184598001939798,0.400052576336041
590569,tan20250729t080117c58s4001-A,tan20250729t080117c58s4001,1,0.7730899413594577,0.400052576336041
590570,tan20250729t080117c58s4001-A,tan20250729t080117c58s4001,1,0.7445315056799727,0.400052576336041
590571,tan20250729t080447c56s4001-A,tan20250729t080447c56s4001,1,0.8534104524316989,0.400052576336041
590572,tan20250729t080117c58s4001-A,tan20250729t080117c58s4001,1,0.6709052054311958,0.400052576336041
590573,tan20250729t080447c56s4001-A,tan20250729t080447c56s4001,1,0.8763657553379283,0.400052576336041
590574,tan20250729t080117c58s4001-A,tan20250729t080117c58s4001,1,0.7017138439892618,0.400052576336041
590575,tan20250729t080447c56s4001-A,tan20250729t080447c56s4001,1,0.8242216686886014,0.400052576336041
590576,tan20250729t080117c58s4001-A,tan20250729t080117c58s4001,1,0.7757457635839577,0.400052576336041
590577,tan20250729t080447c56s4001-A,tan20250729t080447c56s4001,1,0.8644506588348652,0.400052576336041
590578,tan20250729t080117c58s4001-A,tan20250729t080117c58s4001,1,0.5794875594504287,0.400052576336041
590579,tan20250729t080447c56s4001-A,tan20250729t080447c56s4001,1,0.8762566808575203,0.400052576336041
590580,tan20250729t080117c58s4001-A,tan20250729t080117c58s4001,1,0.7488485198956871,0.400052576336041
590581,tan20250729t080447c56s4001-A,tan20250729t080447c56s4001,1,0.7909490621676437,0.400052576336041
590582,tan20250729t080117c58s4001-A,tan20250729t080117c58s4001,0,0.2920170310963436,0.400052576336041
590583,tan20250729t080447c56s4001-A,tan20250729t080447c56s4001,1,0.7863541293672217,0.400052576336041
590584,tan20250729t080117c58s4001-A,tan20250729t080117c58s4001,0,0.42976749093248506,0.400052576336041
590585,tan20250729t080447c56s4001-A,tan20250729t080447c56s4001,1,0.8719592201566285,0.400052576336041
590586,tan20250729t080117c58s4001-A,tan20250729t080117c58s4001,0,0.34259954383317365,0.400052576336041
590587,tan20250729t080447c56s4001-A,tan20250729t080447c56s4001,1,0.8618854903794333,0.400052576336041
590588,tan20250729t080117c58s4001-A,tan20250729t080117c58s4001,0,0.8097804631889974,0.400052576336041
590589,tan20250729t080447c56s4001-A,tan20250729t080447c56s4001,1,0.872755928358203,0.400052576336041
590591,tan20250729t080117c58s4001-A,tan20250729t080117c58s4001,0,0.797602710114605,0.400052576336041
590592,tan20250729t080447c56s4001-A,tan20250729t080447c56s4001,1,0.81290479499559,0.400052576336041
590593,tan20250729t080117c58s4001-A,tan20250729t080117c58s4001,0,0.004194250041911764,0.400052576336041
590594,tan20250729t080447c56s4001-A,tan20250729t080447c56s4001,1,0.8821391249546913,0.400052576336041
590595,tan20250729t080117c58s4001-A,tan20250729t080117c58s4001,0,0.04151378119611957,0.400052576336041
590596,tan20250729t080447c56s4001-A,tan20250729t080447c56s4001,1,0.8370058370272245,0.400052576336041
590597,tan20250729t080117c58s4001-A,tan20250729t080117c58s4001,0,0.3741482972511351,0.400052576336041
590598,tan20250729t080447c56s4001-A,tan20250729t080447c56s4001,1,0.9028071551530682,0.400052576336041
590599,tan20250729t080117c58s4001-A,tan20250729t080117c58s4001,0,0.8614839101572025,0.400052576336041
590600,tan20250729t080447c56s4001-A,tan20250729t080447c56s4001,1,0.8899365930983854,0.400052576336041
590601,tan20250729t080117c58s4001-A,tan20250729t080117c58s4001,0,0.8514923359742407,0.400052576336041
590602,tan20250729t080447c56s4001-A,tan20250729t080447c56s4001,1,0.8979509101353782,0.400052576336041
590603,tan20250729t080117c58s4001-A,tan20250729t080117c58s4001,0,0.02148461612013734,0.400052576336041
590604,tan20250729t080447c56s4001-A,tan20250729t080447c56s4001,0,0.15977995435842368,0.400052576336041
590605,tan20250729t080117c58s4001-A,tan20250729t080117c58s4001,0,0.7101278161434965,0.400052576336041
590606,tan20250729t080447c56s4001-A,tan20250729t080447c56s4001,0,0.034452315913171654,0.400052576336041
590607,tan20250729t080117c58s4001-A,tan20250729t080117c58s4001,0,0.8125874750872508,0.400052576336041
590608,tan20250729t080447c56s4001-A,tan20250729t080447c56s4001,0,0.09021376826390902,0.400052576336041
590609,tan20250729t080117c58s4001-A,tan20250729t080117c58s4001,0,0.7214682829015203,0.400052576336041
590610,tan20250729t080447c56s4001-A,tan20250729t080447c56s4001,0,0.15170016671582928,0.400052576336041
590611,tan20250729t080117c58s4001-A,tan20250729t080117c58s4001,0,0.8826112849922979,0.400052576336041
590612,tan20250729t080447c56s4001-A,tan20250729t080447c56s4001,0,0.025245767572645232,0.400052576336041
590613,tan20250729t080117c58s4001-A,tan20250729t080117c58s4001,0,0.08854404826418863,0.400052576336041
590614,tan20250729t080447c56s4001-A,tan20250729t080447c56s4001,0,0.3449362902614037,0.400052576336041
590615,tan20250729t080447c56s4001-A,tan20250729t080447c56s4001,0,0.20444007620577018,0.400052576336041
590616,tan20250729t080447c56s4001-A,tan20250729t080447c56s4001,0,0.020645760930317652,0.400052576336041
590617,tan20250730t102929c58s4001-A,tan20250730t102929c58s4001,1,0.1082878027579451,0.400052576336041
590618,tan20250729t080447c56s4001-A,tan20250729t080447c56s4001,0,0.47150624714380446,0.400052576336041
590619,tan20250730t102929c58s4001-A,tan20250730t102929c58s4001,1,0.5856972650022246,0.400052576336041
590620,tan20250729t080447c56s4001-A,tan20250729t080447c56s4001,0,0.4518693073240058,0.400052576336041
590621,tan20250730t102929c58s4001-A,tan20250730t102929c58s4001,1,0.7281302348787965,0.400052576336041
590622,tan20250729t080447c56s4001-A,tan20250729t080447c56s4001,0,0.09207696882371486,0.400052576336041
590623,tan20250730t102929c58s4001-A,tan20250730t102929c58s4001,1,0.09376637920214424,0.400052576336041
590624,tan20250729t080447c56s4001-A,tan20250729t080447c56s4001,0,0.06597298549183503,0.400052576336041
590625,tan20250730t102929c58s4001-A,tan20250730t102929c58s4001,1,0.03668470301970868,0.400052576336041
590626,tan20250729t080447c56s4001-A,tan20250729t080447c56s4001,0,0.01621720965885205,0.400052576336041
590627,tan20250730t102929c58s4001-A,tan20250730t102929c58s4001,1,0.023209155200695927,0.400052576336041
590628,tan20250729t080447c56s4001-A,tan20250729t080447c56s4001,0,0.09622526191492474,0.400052576336041
590629,tan20250729t080447c56s4001-A,tan20250729t080447c56s4001,0,0.2230635168752172,0.400052576336041
590630,tan20250730t102929c58s4001-A,tan20250730t102929c58s4001,1,0.04016210644858171,0.400052576336041
590631,tan20250729t080447c56s4001-A,tan20250729t080447c56s4001,0,0.1046850897909242,0.400052576336041
590632,tan20250730t102929c58s4001-A,tan20250730t102929c58s4001,1,0.7536946997432197,0.400052576336041
590633,tan20250730t102929c58s4001-A,tan20250730t102929c58s4001,1,0.3911454647875773,0.400052576336041
590634,tan20250730t102929c58s4001-A,tan20250730t102929c58s4001,1,0.13602913179053755,0.400052576336041
590636,tan20250730t102929c58s4001-A,tan20250730t102929c58s4001,1,0.7303800656592867,0.400052576336041
590637,tan20250730t103138c58s4001-A,tan20250730t103138c58s4001,1,0.5414594267402447,0.400052576336041
590638,tan20250730t102929c58s4001-A,tan20250730t102929c58s4001,1,0.09391393744382895,0.400052576336041
590639,tan20250730t103138c58s4001-A,tan20250730t103138c58s4001,1,0.8869034752787075,0.400052576336041
590640,tan20250730t102929c58s4001-A,tan20250730t102929c58s4001,1,0.2992848975436179,0.400052576336041
590641,tan20250730t103138c58s4001-A,tan20250730t103138c58s4001,1,0.8583243836807135,0.400052576336041
590642,tan20250730t102929c58s4001-A,tan20250730t102929c58s4001,1,0.5638759236186864,0.400052576336041
590643,tan20250730t103138c58s4001-A,tan20250730t103138c58s4001,1,0.8577321640785779,0.400052576336041
590644,tan20250730t102929c58s4001-A,tan20250730t102929c58s4001,1,0.057933121675729095,0.400052576336041
590646,tan20250730t102929c58s4001-A,tan20250730t102929c58s4001,1,0.7034558668462869,0.400052576336041
590648,tan20250730t102929c58s4001-A,tan20250730t102929c58s4001,0,0.0023472089394417452,0.400052576336041
590650,tan20250730t102929c58s4001-A,tan20250730t102929c58s4001,0,0.22139716707435905,0.400052576336041
590652,tan20250730t102929c58s4001-A,tan20250730t102929c58s4001,0,0.018745282548771985,0.400052576336041
590654,tan20250730t102929c58s4001-A,tan20250730t102929c58s4001,0,0.009636487435596664,0.400052576336041
590656,tan20250730t102929c58s4001-A,tan20250730t102929c58s4001,0,0.03188403786170686,0.400052576336041
590658,tan20250730t102929c58s4001-A,tan20250730t102929c58s4001,0,0.0005199998096943724,0.400052576336041
590659,tan20250730t103138c58s4001-A,tan20250730t103138c58s4001,1,0.4075322563647062,0.400052576336041
590660,tan20250730t102929c58s4001-A,tan20250730t102929c58s4001,0,0.004439167319439924,0.400052576336041
590661,tan20250730t103138c58s4001-A,tan20250730t103138c58s4001,1,0.8799516651679813,0.400052576336041
590662,tan20250730t102929c58s4001-A,tan20250730t102929c58s4001,0,0.028329395052286925,0.400052576336041
590663,tan20250730t103138c58s4001-A,tan20250730t103138c58s4001,1,0.5614334946030668,0.400052576336041
590664,tan20250730t102929c58s4001-A,tan20250730t102929c58s4001,0,0.005344322921437907,0.400052576336041
590666,tan20250730t102929c58s4001-A,tan20250730t102929c58s4001,0,0.012772365423098533,0.400052576336041
590667,tan20250730t103138c58s4001-A,tan20250730t103138c58s4001,0,0.11948849487351801,0.400052576336041
590668,tan20250730t102929c58s4001-A,tan20250730t102929c58s4001,0,0.005728607687465979,0.400052576336041
590669,tan20250730t103138c58s4001-A,tan20250730t103138c58s4001,0,0.16887444583618152,0.400052576336041
590670,tan20250730t102929c58s4001-A,tan20250730t102929c58s4001,0,0.01478802408061816,0.400052576336041
590672,tan20250730t102929c58s4001-A,tan20250730t102929c58s4001,0,0.15332762922442036,0.400052576336041
590674,tan20250730t102929c58s4001-A,tan20250730t102929c58s4001,0,0.003366770340402155,0.400052576336041
590675,tan20250730t103138c58s4001-A,tan20250730t103138c58s4001,0,0.5053203931897352,0.400052576336041
590676,tan20250730t102929c58s4001-A,tan20250730t102929c58s4001,0,0.0020951795223060846,0.400052576336041
590678,tan20250730t102929c58s4001-A,tan20250730t102929c58s4001,0,0.014932688637512346,0.400052576336041
590679,tan20250730t103138c58s4001-A,tan20250730t103138c58s4001,0,0.13451814128204062,0.400052576336041
590680,tan20250730t103138c58s4001-A,tan20250730t103138c58s4001,0,0.06080991276979094,0.400052576336041
590681,tan20250730t103138c58s4001-A,tan20250730t103138c58s4001,0,0.17830460515402005,0.400052576336041
590682,tan20250730t103138c58s4001-B,tan20250730t103138c58s4001,1,0.5481857684142174,0.400052576336041
590684,tan20250730t103138c58s4001-B,tan20250730t103138c58s4001,1,0.8363932051521801,0.400052576336041
590688,tan20250730t103138c58s4001-B,tan20250730t103138c58s4001,1,0.279478547108885,0.400052576336041
590689,tan20250730t103138c58s4001-A,tan20250730t103138c58s4001,0,0.20379535595431017,0.400052576336041
590690,tan20250730t103138c58s4001-B,tan20250730t103138c58s4001,1,0.27049546447894307,0.400052576336041
590691,tan20250730t103138c58s4001-A,tan20250730t103138c58s4001,0,0.758638371026628,0.400052576336041
590694,tan20250730t103138c58s4001-B,tan20250730t103138c58s4001,1,0.7138993930411862,0.400052576336041
590699,tan20250804t150759c33s4001-C,tan20250804t150759c33s4001,1,0.7997959628847588,0.400052576336041
590700,tan20250730t103138c58s4001-B,tan20250730t103138c58s4001,1,0.5933823678563626,0.400052576336041
590701,tan20250804t150759c33s4001-C,tan20250804t150759c33s4001,1,0.550479898827167,0.400052576336041
590703,tan20250804t150759c33s4001-C,tan20250804t150759c33s4001,1,0.5698827597774088,0.400052576336041
590704,tan20250730t103138c58s4001-B,tan20250730t103138c58s4001,1,0.2557619535484806,0.400052576336041
590705,tan20250804t150759c33s4001-C,tan20250804t150759c33s4001,1,0.6338855880569538,0.400052576336041
590707,tan20250804t150759c33s4001-C,tan20250804t150759c33s4001,1,0.7432696142432607,0.400052576336041
590708,tan20250730t103138c58s4001-B,tan20250730t103138c58s4001,1,0.586344274314674,0.400052576336041
590709,tan20250804t150759c33s4001-C,tan20250804t150759c33s4001,1,0.8675772289235719,0.400052576336041
590710,tan20250730t103138c58s4001-B,tan20250730t103138c58s4001,1,0.1634680171606333,0.400052576336041
590711,tan20250804t150759c33s4001-C,tan20250804t150759c33s4001,1,0.3057314326029129,0.400052576336041
590712,tan20250730t103138c58s4001-B,tan20250730t103138c58s4001,0,0.08940373017890771,0.400052576336041
590713,tan20250804t150759c33s4001-C,tan20250804t150759c33s4001,1,0.5831611252929955,0.400052576336041
590714,tan20250730t103138c58s4001-B,tan20250730t103138c58s4001,0,0.39678355528894527,0.400052576336041
590715,tan20250804t150759c33s4001-C,tan20250804t150759c33s4001,1,0.7032728255199147,0.400052576336041
590717,tan20250804t150759c33s4001-C,tan20250804t150759c33s4001,1,0.7750446096456078,0.400052576336041
590718,tan20250730t103138c58s4001-B,tan20250730t103138c58s4001,0,0.2587701947851218,0.400052576336041
590719,tan20250804t150759c33s4001-C,tan20250804t150759c33s4001,1,0.5022530326721519,0.400052576336041
590721,tan20250804t150759c33s4001-C,tan20250804t150759c33s4001,1,0.8363380473569316,0.400052576336041
590722,tan20250730t103138c58s4001-B,tan20250730t103138c58s4001,0,0.054361368221741695,0.400052576336041
590723,tan20250804t150759c33s4001-C,tan20250804t150759c33s4001,1,0.44369749613385,0.400052576336041
590724,tan20250730t103138c58s4001-B,tan20250730t103138c58s4001,0,0.16066794798921608,0.400052576336041
590725,tan20250804t150759c33s4001-C,tan20250804t150759c33s4001,1,0.7464585371514101,0.400052576336041
590726,tan20250730t103138c58s4001-B,tan20250730t103138c58s4001,0,0.1071188095707875,0.400052576336041
590727,tan20250804t150759c33s4001-C,tan20250804t150759c33s4001,1,0.7171272183309956,0.400052576336041
590729,tan20250804t150759c33s4001-C,tan20250804t150759c33s4001,1,0.3666955889267964,0.400052576336041
590731,tan20250804t150759c33s4001-C,tan20250804t150759c33s4001,0,0.004329640564732379,0.400052576336041
590733,tan20250804t150759c33s4001-C,tan20250804t150759c33s4001,0,0.2927703523009499,0.400052576336041
590734,tan20250730t103138c58s4001-B,tan20250730t103138c58s4001,0,0.7394008933380327,0.400052576336041
590735,tan20250804t150759c33s4001-C,tan20250804t150759c33s4001,0,0.009064689279395754,0.400052576336041
590736,tan20250730t103138c58s4001-B,tan20250730t103138c58s4001,0,0.068302745557406,0.400052576336041
590737,tan20250804t150759c33s4001-C,tan20250804t150759c33s4001,0,0.02639388273424997,0.400052576336041
590739,tan20250804t150759c33s4001-C,tan20250804t150759c33s4001,0,0.9025415221597912,0.400052576336041
590741,tan20250804t150759c33s4001-C,tan20250804t150759c33s4001,0,0.003134226923066378,0.400052576336041
590743,tan20250804t150759c33s4001-C,tan20250804t150759c33s4001,0,0.09191953262549278,0.400052576336041
590744,tan20250804t150759c33s4001-C,tan20250804t150759c33s4001,0,0.0018386138983735127,0.400052576336041
590745,tan20250804t150759c33s4001-C,tan20250804t150759c33s4001,0,0.01685653904274741,0.400052576336041
590746,tan20250805t033610c58s4001-A,tan20250805t033610c58s4001,1,0.1662267942911814,0.400052576336041
590747,tan20250804t150759c33s4001-C,tan20250804t150759c33s4001,0,0.026052486559261737,0.400052576336041
590748,tan20250805t033610c58s4001-A,tan20250805t033610c58s4001,1,0.11781366921758311,0.400052576336041
590749,tan20250804t150759c33s4001-C,tan20250804t150759c33s4001,0,0.07324067848905393,0.400052576336041
590750,tan20250805t033610c58s4001-A,tan20250805t033610c58s4001,1,0.7314225604068089,0.400052576336041
590751,tan20250804t150759c33s4001-C,tan20250804t150759c33s4001,0,0.20753519153913244,0.400052576336041
590752,tan20250805t033610c58s4001-A,tan20250805t033610c58s4001,1,0.2380634295686472,0.400052576336041
590753,tan20250804t150759c33s4001-C,tan20250804t150759c33s4001,0,0.022116158866406836,0.400052576336041
590754,tan20250805t033610c58s4001-A,tan20250805t033610c58s4001,1,0.6074525093454574,0.400052576336041
590755,tan20250804t150759c33s4001-C,tan20250804t150759c33s4001,0,0.06950763149909361,0.400052576336041
590756,tan20250805t033610c58s4001-A,tan20250805t033610c58s4001,1,0.11435608380321458,0.400052576336041
590757,tan20250804t150759c33s4001-C,tan20250804t150759c33s4001,0,0.1018320702830909,0.400052576336041
590758,tan20250805t033610c58s4001-A,tan20250805t033610c58s4001,1,0.08547778534465343,0.400052576336041
590759,tan20250804t150759c33s4001-C,tan20250804t150759c33s4001,0,0.0753593210826991,0.400052576336041
590760,tan20250805t033610c58s4001-A,tan20250805t033610c58s4001,1,0.736081019100442,0.400052576336041
590761,tan20250805t033610c58s4001-A,tan20250805t033610c58s4001,1,0.10745852932842334,0.400052576336041
590762,tan20250805t033610c58s4001-A,tan20250805t033610c58s4001,1,0.592236954490419,0.400052576336041
590763,tan20250805t033610c58s4001-A,tan20250805t033610c58s4001,1,0.12489107233683754,0.400052576336041
590867,tan20250805t080647c58s4001-C,tan20250805t080647c58s4001,0,0.8523444859033819,0.400052576336041
590868,tan20250805t033610c58s4001-A,tan20250805t033610c58s4001,1,0.09167207165995325,0.400052576336041
590869,tan20250805t080647c58s4001-C,tan20250805t080647c58s4001,0,0.856176756306755,0.400052576336041
590870,tan20250805t033610c58s4001-A,tan20250805t033610c58s4001,1,0.37604743578041055,0.400052576336041
590871,tan20250805t080647c58s4001-C,tan20250805t080647c58s4001,0,0.05778158617790245,0.400052576336041
590872,tan20250805t033610c58s4001-A,tan20250805t033610c58s4001,1,0.1662267942911814,0.400052576336041
590875,tan20250805t080647c58s4001-C,tan20250805t080647c58s4001,0,0.020651073203846834,0.400052576336041
590876,tan20250805t033610c58s4001-A,tan20250805t033610c58s4001,1,0.8517904090265576,0.400052576336041
590878,tan20250805t080647c58s4001-C,tan20250805t080647c58s4001,0,0.85410715341932,0.400052576336041
590879,tan20250805t033610c58s4001-A,tan20250805t033610c58s4001,1,0.7988860262543321,0.400052576336041
590881,tan20250805t080647c58s4001-C,tan20250805t080647c58s4001,0,0.028700969834299095,0.400052576336041
590882,tan20250805t033610c58s4001-A,tan20250805t033610c58s4001,0,0.009171628958387976,0.400052576336041
590883,tan20250805t080647c58s4001-C,tan20250805t080647c58s4001,0,0.8342626706727637,0.400052576336041
590884,tan20250805t033610c58s4001-A,tan20250805t033610c58s4001,0,0.04616800669275993,0.400052576336041
590889,tan20250805t080647c58s4001-C,tan20250805t080647c58s4001,0,0.9557602853232092,0.400052576336041
590890,tan20250805t033610c58s4001-A,tan20250805t033610c58s4001,0,0.008196355820574697,0.400052576336041
590891,tan20250805t080647c58s4001-C,tan20250805t080647c58s4001,0,0.855649676647459,0.400052576336041
590892,tan20250805t033610c58s4001-A,tan20250805t033610c58s4001,0,0.01477899749234574,0.400052576336041
590898,tan20250805t080647c58s4001-C,tan20250805t080647c58s4001,0,0.07157488238988725,0.400052576336041
590899,tan20250805t033610c58s4001-A,tan20250805t033610c58s4001,0,0.03157379402563052,0.400052576336041
590900,tan20250805t080647c58s4001-C,tan20250805t080647c58s4001,0,0.9089052762457049,0.400052576336041
590901,tan20250805t033610c58s4001-A,tan20250805t033610c58s4001,0,0.52841817919719,0.400052576336041
590902,tan20250805t080647c58s4001-C,tan20250805t080647c58s4001,0,0.797388595435806,0.400052576336041
590903,tan20250805t033610c58s4001-A,tan20250805t033610c58s4001,0,0.07582120403439514,0.400052576336041
590904,tan20250805t080647c58s4001-C,tan20250805t080647c58s4001,0,0.8139641712756097,0.400052576336041
590905,tan20250805t033610c58s4001-A,tan20250805t033610c58s4001,0,0.5455444705585049,0.400052576336041
590907,tan20250805t080647c58s4001-C,tan20250805t080647c58s4001,0,0.8073150764630381,0.400052576336041
590908,tan20250805t033610c58s4001-A,tan20250805t033610c58s4001,0,0.8434953516128644,0.400052576336041
590912,tan20250805t080647c58s4001-C,tan20250805t080647c58s4001,0,0.31948154179638555,0.400052576336041
590913,tan20250805t033610c58s4001-A,tan20250805t033610c58s4001,0,0.5812313662158789,0.400052576336041
590914,tan20250805t080647c58s4001-C,tan20250805t080647c58s4001,0,0.24452188493627666,0.400052576336041
590915,tan20250805t033610c58s4001-A,tan20250805t033610c58s4001,0,0.01851849761815465,0.400052576336041
590916,tan20250805t033610c58s4001-A,tan20250805t033610c58s4001,0,0.02645489938721753,0.400052576336041
590917,tan20250805t033610c58s4001-A,tan20250805t033610c58s4001,0,0.005629024742118853,0.400052576336041
591020,tan20250805t033610c58s4001-A,tan20250805t033610c58s4001,0,0.022486234802622455,0.400052576336041
591036,tan20250805t033610c58s4001-A,tan20250805t033610c58s4001,0,0.08044467967860298,0.400052576336041
591039,tan20250805t033610c58s4001-A,tan20250805t033610c58s4001,0,0.007196851561478026,0.400052576336041
