plume_id,timepoint,status,task_id,task_state,drive_folder,file_prefix,collection,bands,target_time_utc,query_start_utc,query_end_utc,selected_time_utc,selected_id,cloud_pct,nodata_pct,plume_latitude,plume_longitude,message
GAO20191020t151740p0000-A,seasonal,dry_run,,,CM_S2_LEGACY360_MATCHED_GEE,GAO20191020t151740p0000-A_s2_seasonal,COPERNICUS/S2_SR_HARMONIZED,"B1,B2,B3,B4,B5,B6,B7,B8,B8A,B9,B11,B12",,2019-07-22T00:00:00Z,2019-09-20T00:00:00Z,2019-07-27T17:35:27Z,20190727T171909_20190727T172917_T14RKV,3.433121,0,31.087769,-101.34025,would submit; candidates=8; source=legacy_seasonal_event_day_window
GAO20191020t153619p0000-A,t0,dry_run,,,CM_S2_LEGACY360_MATCHED_GEE,GAO20191020t153619p0000-A_s2_0,COPERNICUS/S2_SR_HARMONIZED,"B1,B2,B3,B4,B5,B6,B7,B8,B8A,B9,B11,B12",2019-10-20T17:35:22Z,2019-10-19T00:00:00Z,2019-10-22T00:00:00Z,2019-10-20T17:35:22Z,20191020T172341_20191020T173303_T14RKV,0.000309,0,31.058043,-101.86319,would submit; candidates=2; source=legacy_t0_event_day_window
GAO20191020t151740p0000-A,t0,dry_run,,,CM_S2_LEGACY360_MATCHED_GEE,GAO20191020t151740p0000-A_s2_0,COPERNICUS/S2_SR_HARMONIZED,"B1,B2,B3,B4,B5,B6,B7,B8,B8A,B9,B11,B12",2019-10-20T17:35:22Z,2019-10-19T00:00:00Z,2019-10-22T00:00:00Z,2019-10-20T17:35:22Z,20191020T172341_20191020T173303_T14RKV,0.000309,0,31.087769,-101.34025,would submit; candidates=1; source=legacy_t0_event_day_window
GAO20191020t151740p0000-A,year,dry_run,,,CM_S2_LEGACY360_MATCHED_GEE,GAO20191020t151740p0000-A_s2_year,COPERNICUS/S2_SR_HARMONIZED,"B1,B2,B3,B4,B5,B6,B7,B8,B8A,B9,B11,B12",,2018-08-21T00:00:00Z,2018-11-19T00:00:00Z,2018-08-21T17:35:12Z,20180821T171849_20180821T172807_T14RKV,13.461535,0,31.087769,-101.34025,would submit; candidates=9; source=legacy_year_event_day_window
GAO20191020t153619p0000-A,year,dry_run,,,CM_S2_LEGACY360_MATCHED_GEE,GAO20191020t153619p0000-A_s2_year,COPERNICUS/S2_SR_HARMONIZED,"B1,B2,B3,B4,B5,B6,B7,B8,B8A,B9,B11,B12",,2018-08-21T00:00:00Z,2018-11-19T00:00:00Z,2018-08-21T17:35:12Z,20180821T171849_20180821T172807_T14RKV,13.461535,0,31.058043,-101.86319,would submit; candidates=20; source=legacy_year_event_day_window
GAO20191020t153619p0000-A,seasonal,dry_run,,,CM_S2_LEGACY360_MATCHED_GEE,GAO20191020t153619p0000-A_s2_seasonal,COPERNICUS/S2_SR_HARMONIZED,"B1,B2,B3,B4,B5,B6,B7,B8,B8A,B9,B11,B12",,2019-07-22T00:00:00Z,2019-09-20T00:00:00Z,2019-07-27T17:35:27Z,20190727T171909_20190727T172917_T14RKV,3.433121,0,31.058043,-101.86319,would submit; candidates=16; source=legacy_seasonal_event_day_window
GAO20191020t153619p0000-C,seasonal,submitted,7LIOS4NIVXSMYMJUXCSLSKMB,READY,CM_S2_LEGACY360_MATCHED_GEE,GAO20191020t153619p0000-C_s2_seasonal,COPERNICUS/S2_SR_HARMONIZED,"B1,B2,B3,B4,B5,B6,B7,B8,B8A,B9,B11,B12",,2019-07-22T00:00:00Z,2019-09-20T00:00:00Z,2019-07-27T17:35:27Z,20190727T171909_20190727T172917_T14RKV,3.433121,0,31.0748638,-101.39618,submitted; candidates=8; source=legacy_seasonal_event_day_window
GAO20191020t153619p0000-C,year,submitted,ZT4MI4ZWWLZUDXFV2TGSQSW7,READY,CM_S2_LEGACY360_MATCHED_GEE,GAO20191020t153619p0000-C_s2_year,COPERNICUS/S2_SR_HARMONIZED,"B1,B2,B3,B4,B5,B6,B7,B8,B8A,B9,B11,B12",,2018-08-21T00:00:00Z,2018-11-19T00:00:00Z,2018-08-21T17:35:12Z,20180821T171849_20180821T172807_T14RKV,13.461535,0,31.0748638,-101.39618,submitted; candidates=9; source=legacy_year_event_day_window
GAO20191020t151740p0000-A,t0,submitted,PS5JRQO23O3KGABMXVC6R6JF,READY,CM_S2_LEGACY360_MATCHED_GEE,GAO20191020t151740p0000-A_s2_0,COPERNICUS/S2_SR_HARMONIZED,"B1,B2,B3,B4,B5,B6,B7,B8,B8A,B9,B11,B12",2019-10-20T17:35:22Z,2019-10-19T00:00:00Z,2019-10-22T00:00:00Z,2019-10-20T17:35:22Z,20191020T172341_20191020T173303_T14RKV,0.000309,0,31.087769,-101.34025,submitted; candidates=1; source=legacy_t0_event_day_window
GAO20191020t151740p0000-A,seasonal,submitted,TXO3DQDLQAABMWV3TO2NCXXT,READY,CM_S2_LEGACY360_MATCHED_GEE,GAO20191020t151740p0000-A_s2_seasonal,COPERNICUS/S2_SR_HARMONIZED,"B1,B2,B3,B4,B5,B6,B7,B8,B8A,B9,B11,B12",,2019-07-22T00:00:00Z,2019-09-20T00:00:00Z,2019-07-27T17:35:27Z,20190727T171909_20190727T172917_T14RKV,3.433121,0,31.087769,-101.34025,submitted; candidates=8; source=legacy_seasonal_event_day_window
GAO20191020t153619p0000-D,t0,submitted,CO32TCZPSGPMNBO4WTF6DB6T,READY,CM_S2_LEGACY360_MATCHED_GEE,GAO20191020t153619p0000-D_s2_0,COPERNICUS/S2_SR_HARMONIZED,"B1,B2,B3,B4,B5,B6,B7,B8,B8A,B9,B11,B12",2019-10-20T17:35:22Z,2019-10-19T00:00:00Z,2019-10-22T00:00:00Z,2019-10-20T17:35:22Z,20191020T172341_20191020T173303_T14RKV,0.000309,0,31.087929,-101.34022,submitted; candidates=1; source=legacy_t0_event_day_window
GAO20191020t151740p0000-A,year,submitted,6DI4HGFI2ZOZVLNEXKDDIJWV,READY,CM_S2_LEGACY360_MATCHED_GEE,GAO20191020t151740p0000-A_s2_year,COPERNICUS/S2_SR_HARMONIZED,"B1,B2,B3,B4,B5,B6,B7,B8,B8A,B9,B11,B12",,2018-08-21T00:00:00Z,2018-11-19T00:00:00Z,2018-08-21T17:35:12Z,20180821T171849_20180821T172807_T14RKV,13.461535,0,31.087769,-101.34025,submitted; candidates=9; source=legacy_year_event_day_window
GAO20191020t153619p0000-A,seasonal,submitted,FQSW2XATMSS4RSL7RNTD6QGZ,READY,CM_S2_LEGACY360_MATCHED_GEE,GAO20191020t153619p0000-A_s2_seasonal,COPERNICUS/S2_SR_HARMONIZED,"B1,B2,B3,B4,B5,B6,B7,B8,B8A,B9,B11,B12",,2019-07-22T00:00:00Z,2019-09-20T00:00:00Z,2019-07-27T17:35:27Z,20190727T171909_20190727T172917_T14RKV,3.433121,0,31.058043,-101.86319,submitted; candidates=16; source=legacy_seasonal_event_day_window
GAO20191020t153619p0000-D,seasonal,submitted,PXLBUU53Z2DFKQHLGDKXV6UW,READY,CM_S2_LEGACY360_MATCHED_GEE,GAO20191020t153619p0000-D_s2_seasonal,COPERNICUS/S2_SR_HARMONIZED,"B1,B2,B3,B4,B5,B6,B7,B8,B8A,B9,B11,B12",,2019-07-22T00:00:00Z,2019-09-20T00:00:00Z,2019-07-27T17:35:27Z,20190727T171909_20190727T172917_T14RKV,3.433121,0,31.087929,-101.34022,submitted; candidates=8; source=legacy_seasonal_event_day_window
GAO20191020t153619p0000-B,seasonal,submitted,JSK53IJUHZ7DICSUEVZ5NR7O,READY,CM_S2_LEGACY360_MATCHED_GEE,GAO20191020t153619p0000-B_s2_seasonal,COPERNICUS/S2_SR_HARMONIZED,"B1,B2,B3,B4,B5,B6,B7,B8,B8A,B9,B11,B12",,2019-07-22T00:00:00Z,2019-09-20T00:00:00Z,2019-07-27T17:35:27Z,20190727T171909_20190727T172917_T14RKV,3.433121,0,31.062984,-101.50541,submitted; candidates=8; source=legacy_seasonal_event_day_window
GAO20191020t155133p0000-A,t0,submitted,N3BIJS6OJNRDQGNV5DUKLRKX,READY,CM_S2_LEGACY360_MATCHED_GEE,GAO20191020t155133p0000-A_s2_0,COPERNICUS/S2_SR_HARMONIZED,"B1,B2,B3,B4,B5,B6,B7,B8,B8A,B9,B11,B12",2019-10-20T17:35:22Z,2019-10-19T00:00:00Z,2019-10-22T00:00:00Z,2019-10-20T17:35:22Z,20191020T172341_20191020T173303_T14RKV,0.000309,0,31.0629493,-101.50558,submitted; candidates=1; source=legacy_t0_event_day_window
GAO20191020t153619p0000-A,year,submitted,PBVJLWVDKGJ6375EW43XAKZK,READY,CM_S2_LEGACY360_MATCHED_GEE,GAO20191020t153619p0000-A_s2_year,COPERNICUS/S2_SR_HARMONIZED,"B1,B2,B3,B4,B5,B6,B7,B8,B8A,B9,B11,B12",,2018-08-21T00:00:00Z,2018-11-19T00:00:00Z,2018-08-21T17:35:12Z,20180821T171849_20180821T172807_T14RKV,13.461535,0,31.058043,-101.86319,submitted; candidates=20; source=legacy_year_event_day_window
GAO20191020t153619p0000-B,t0,submitted,Z3AAKWIIFUAYFZHR6XHILHYP,READY,CM_S2_LEGACY360_MATCHED_GEE,GAO20191020t153619p0000-B_s2_0,COPERNICUS/S2_SR_HARMONIZED,"B1,B2,B3,B4,B5,B6,B7,B8,B8A,B9,B11,B12",2019-10-20T17:35:22Z,2019-10-19T00:00:00Z,2019-10-22T00:00:00Z,2019-10-20T17:35:22Z,20191020T172341_20191020T173303_T14RKV,0.000309,0,31.062984,-101.50541,submitted; candidates=1; source=legacy_t0_event_day_window
GAO20191020t153619p0000-D,year,submitted,F62RJKRYDXA6MUZAQVNFKJSO,READY,CM_S2_LEGACY360_MATCHED_GEE,GAO20191020t153619p0000-D_s2_year,COPERNICUS/S2_SR_HARMONIZED,"B1,B2,B3,B4,B5,B6,B7,B8,B8A,B9,B11,B12",,2018-08-21T00:00:00Z,2018-11-19T00:00:00Z,2018-08-21T17:35:12Z,20180821T171849_20180821T172807_T14RKV,13.461535,0,31.087929,-101.34022,submitted; candidates=9; source=legacy_year_event_day_window
GAO20191020t153619p0000-C,t0,submitted,674B3FS6BEBADH5RMOCEMBKY,READY,CM_S2_LEGACY360_MATCHED_GEE,GAO20191020t153619p0000-C_s2_0,COPERNICUS/S2_SR_HARMONIZED,"B1,B2,B3,B4,B5,B6,B7,B8,B8A,B9,B11,B12",2019-10-20T17:35:22Z,2019-10-19T00:00:00Z,2019-10-22T00:00:00Z,2019-10-20T17:35:22Z,20191020T172341_20191020T173303_T14RKV,0.000309,0,31.0748638,-101.39618,submitted; candidates=1; source=legacy_t0_event_day_window
GAO20191020t153619p0000-A,t0,submitted,VKKXUGOI7FJFR4LXXYG26BGB,READY,CM_S2_LEGACY360_MATCHED_GEE,GAO20191020t153619p0000-A_s2_0,COPERNICUS/S2_SR_HARMONIZED,"B1,B2,B3,B4,B5,B6,B7,B8,B8A,B9,B11,B12",2019-10-20T17:35:22Z,2019-10-19T00:00:00Z,2019-10-22T00:00:00Z,2019-10-20T17:35:22Z,20191020T172341_20191020T173303_T14RKV,0.000309,0,31.058043,-101.86319,submitted; candidates=2; source=legacy_t0_event_day_window
GAO20191020t153619p0000-B,year,submitted,2MMFHHQ2ARJTWUXZ5AMLXD2G,READY,CM_S2_LEGACY360_MATCHED_GEE,GAO20191020t153619p0000-B_s2_year,COPERNICUS/S2_SR_HARMONIZED,"B1,B2,B3,B4,B5,B6,B7,B8,B8A,B9,B11,B12",,2018-08-21T00:00:00Z,2018-11-19T00:00:00Z,2018-08-21T17:35:12Z,20180821T171849_20180821T172807_T14RKV,13.461535,0,31.062984,-101.50541,submitted; candidates=9; source=legacy_year_event_day_window
GAO20191020t155133p0000-A,seasonal,submitted,5B5QBSA7PUEOAMW2QK4SJCEX,READY,CM_S2_LEGACY360_MATCHED_GEE,GAO20191020t155133p0000-A_s2_seasonal,COPERNICUS/S2_SR_HARMONIZED,"B1,B2,B3,B4,B5,B6,B7,B8,B8A,B9,B11,B12",,2019-07-22T00:00:00Z,2019-09-20T00:00:00Z,2019-07-27T17:35:27Z,20190727T171909_20190727T172917_T14RKV,3.433121,0,31.0629493,-101.50558,submitted; candidates=8; source=legacy_seasonal_event_day_window
GAO20191020t161013p0000-B,year,submitted,AUBN3JAPAN3TI5DFOUPVM6DJ,READY,CM_S2_LEGACY360_MATCHED_GEE,GAO20191020t161013p0000-B_s2_year,COPERNICUS/S2_SR_HARMONIZED,"B1,B2,B3,B4,B5,B6,B7,B8,B8A,B9,B11,B12",,2018-08-21T00:00:00Z,2018-11-19T00:00:00Z,2018-08-26T17:35:20Z,20180826T171851_20180826T172708_T13RGQ,0.004817,17.626743,31.0234005,-102.24419,submitted; candidates=20; source=legacy_year_event_day_window
GAO20191020t155133p0000-A,year,submitted,PBBYRF6UGIY3FUK47YF5AV55,READY,CM_S2_LEGACY360_MATCHED_GEE,GAO20191020t155133p0000-A_s2_year,COPERNICUS/S2_SR_HARMONIZED,"B1,B2,B3,B4,B5,B6,B7,B8,B8A,B9,B11,B12",,2018-08-21T00:00:00Z,2018-11-19T00:00:00Z,2018-08-21T17:35:12Z,20180821T171849_20180821T172807_T14RKV,13.461535,0,31.0629493,-101.50558,submitted; candidates=9; source=legacy_year_event_day_window
GAO20191020t161013p0000-A,t0,submitted,SN3ICP6XMY3VKILPXORP7G2A,READY,CM_S2_LEGACY360_MATCHED_GEE,GAO20191020t161013p0000-A_s2_0,COPERNICUS/S2_SR_HARMONIZED,"B1,B2,B3,B4,B5,B6,B7,B8,B8A,B9,B11,B12",2019-10-20T17:35:25Z,2019-10-19T00:00:00Z,2019-10-22T00:00:00Z,2019-10-20T17:35:25Z,20191020T172341_20191020T173303_T13RGQ,0.000419,17.593499,31.0243397,-102.24257,submitted; candidates=1; source=legacy_t0_event_day_window
GAO20191020t163829p0000-A,t0,submitted,GNSWPLWEQO7D4SBARAHEZRNI,READY,CM_S2_LEGACY360_MATCHED_GEE,GAO20191020t163829p0000-A_s2_0,COPERNICUS/S2_SR_HARMONIZED,"B1,B2,B3,B4,B5,B6,B7,B8,B8A,B9,B11,B12",2019-10-20T17:35:08Z,2019-10-19T00:00:00Z,2019-10-22T00:00:00Z,2019-10-20T17:35:08Z,20191020T172341_20191020T173303_T14SKA,0.003411,0,31.845004,-101.7723,submitted; candidates=2; source=legacy_t0_event_day_window
GAO20191020t161013p0000-A,year,submitted,3LHQ6HWDZMPYWPEFGBEU2URY,READY,CM_S2_LEGACY360_MATCHED_GEE,GAO20191020t161013p0000-A_s2_year,COPERNICUS/S2_SR_HARMONIZED,"B1,B2,B3,B4,B5,B6,B7,B8,B8A,B9,B11,B12",,2018-08-21T00:00:00Z,2018-11-19T00:00:00Z,2018-08-26T17:35:20Z,20180826T171851_20180826T172708_T13RGQ,0.004817,17.626743,31.0243397,-102.24257,submitted; candidates=20; source=legacy_year_event_day_window
GAO20191020t163829p0000-A,year,submitted,THXVQNDRTAWLP43AQYTJCRJR,READY,CM_S2_LEGACY360_MATCHED_GEE,GAO20191020t163829p0000-A_s2_year,COPERNICUS/S2_SR_HARMONIZED,"B1,B2,B3,B4,B5,B6,B7,B8,B8A,B9,B11,B12",,2018-08-21T00:00:00Z,2018-11-19T00:00:00Z,2018-08-21T17:34:57Z,20180821T171849_20180821T172807_T14SKA,5.910229,0,31.845004,-101.7723,submitted; candidates=34; source=legacy_year_event_day_window
GAO20191020t163829p0000-B,year,submitted,AN3IDCB63YE5C7SFV4ERINRW,READY,CM_S2_LEGACY360_MATCHED_GEE,GAO20191020t163829p0000-B_s2_year,COPERNICUS/S2_SR_HARMONIZED,"B1,B2,B3,B4,B5,B6,B7,B8,B8A,B9,B11,B12",,2018-08-21T00:00:00Z,2018-11-19T00:00:00Z,2018-08-21T17:34:57Z,20180821T171849_20180821T172807_T14SKA,5.910229,0,31.8299163,-101.80811,submitted; candidates=36; source=legacy_year_event_day_window
GAO20191020t161013p0000-B,seasonal,submitted,2YRIARNCUNCXYWUVLNIUV4Z2,READY,CM_S2_LEGACY360_MATCHED_GEE,GAO20191020t161013p0000-B_s2_seasonal,COPERNICUS/S2_SR_HARMONIZED,"B1,B2,B3,B4,B5,B6,B7,B8,B8A,B9,B11,B12",,2019-07-22T00:00:00Z,2019-09-20T00:00:00Z,2019-08-11T17:35:25Z,20190811T171901_20190811T172724_T13RGQ,0.00451,17.67443,31.0234005,-102.24419,submitted; candidates=15; source=legacy_seasonal_event_day_window
GAO20191020t163829p0000-B,t0,submitted,W2O3K56YWDNTVP2GT7MKIR2K,READY,CM_S2_LEGACY360_MATCHED_GEE,GAO20191020t163829p0000-B_s2_0,COPERNICUS/S2_SR_HARMONIZED,"B1,B2,B3,B4,B5,B6,B7,B8,B8A,B9,B11,B12",2019-10-20T17:35:08Z,2019-10-19T00:00:00Z,2019-10-22T00:00:00Z,2019-10-20T17:35:08Z,20191020T172341_20191020T173303_T14SKA,0.003411,0,31.8299163,-101.80811,submitted; candidates=2; source=legacy_t0_event_day_window
GAO20191020t163829p0000-C,t0,submitted,LZOBG6A2FKZD2VBCCICTJTTS,READY,CM_S2_LEGACY360_MATCHED_GEE,GAO20191020t163829p0000-C_s2_0,COPERNICUS/S2_SR_HARMONIZED,"B1,B2,B3,B4,B5,B6,B7,B8,B8A,B9,B11,B12",2019-10-20T17:35:08Z,2019-10-19T00:00:00Z,2019-10-22T00:00:00Z,2019-10-20T17:35:08Z,20191020T172341_20191020T173303_T14SKA,0.003411,0,31.826375,-102.10681,submitted; candidates=2; source=legacy_t0_event_day_window
GAO20191020t161013p0000-B,t0,submitted,LD64VDF3YLN3ZHM3E7AGOPGY,READY,CM_S2_LEGACY360_MATCHED_GEE,GAO20191020t161013p0000-B_s2_0,COPERNICUS/S2_SR_HARMONIZED,"B1,B2,B3,B4,B5,B6,B7,B8,B8A,B9,B11,B12",2019-10-20T17:35:25Z,2019-10-19T00:00:00Z,2019-10-22T00:00:00Z,2019-10-20T17:35:25Z,20191020T172341_20191020T173303_T13RGQ,0.000419,17.593499,31.0234005,-102.24419,submitted; candidates=1; source=legacy_t0_event_day_window
GAO20191020t163829p0000-B,seasonal,submitted,KXNIHMHU7ZYVLQYBAXYVUGRC,READY,CM_S2_LEGACY360_MATCHED_GEE,GAO20191020t163829p0000-B_s2_seasonal,COPERNICUS/S2_SR_HARMONIZED,"B1,B2,B3,B4,B5,B6,B7,B8,B8A,B9,B11,B12",,2019-07-22T00:00:00Z,2019-09-20T00:00:00Z,2019-07-27T17:35:13Z,20190727T171909_20190727T172917_T14SKA,6.719822,0,31.8299163,-101.80811,submitted; candidates=28; source=legacy_seasonal_event_day_window
GAO20191020t161013p0000-A,seasonal,submitted,CDUWW4NRKYVZFOQRAV3JCEOX,READY,CM_S2_LEGACY360_MATCHED_GEE,GAO20191020t161013p0000-A_s2_seasonal,COPERNICUS/S2_SR_HARMONIZED,"B1,B2,B3,B4,B5,B6,B7,B8,B8A,B9,B11,B12",,2019-07-22T00:00:00Z,2019-09-20T00:00:00Z,2019-08-11T17:35:25Z,20190811T171901_20190811T172724_T13RGQ,0.00451,17.67443,31.0243397,-102.24257,submitted; candidates=15; source=legacy_seasonal_event_day_window
GAO20191020t163829p0000-C,seasonal,submitted,7OJHJ4KPHGKWZYKIS3GAXCXG,READY,CM_S2_LEGACY360_MATCHED_GEE,GAO20191020t163829p0000-C_s2_seasonal,COPERNICUS/S2_SR_HARMONIZED,"B1,B2,B3,B4,B5,B6,B7,B8,B8A,B9,B11,B12",,2019-07-22T00:00:00Z,2019-09-20T00:00:00Z,2019-07-27T17:35:13Z,20190727T171909_20190727T172917_T14SKA,6.719822,0,31.826375,-102.10681,submitted; candidates=28; source=legacy_seasonal_event_day_window
GAO20191020t163829p0000-A,seasonal,submitted,IV5UBO5JWFMWEKZLJHPHCBCM,READY,CM_S2_LEGACY360_MATCHED_GEE,GAO20191020t163829p0000-A_s2_seasonal,COPERNICUS/S2_SR_HARMONIZED,"B1,B2,B3,B4,B5,B6,B7,B8,B8A,B9,B11,B12",,2019-07-22T00:00:00Z,2019-09-20T00:00:00Z,2019-07-27T17:35:13Z,20190727T171909_20190727T172917_T14SKA,6.719822,0,31.845004,-101.7723,submitted; candidates=26; source=legacy_seasonal_event_day_window
GAO20191020t163829p0000-D,year,submitted,LRARCBNVWNGNHJAMGPCRY25D,READY,CM_S2_LEGACY360_MATCHED_GEE,GAO20191020t163829p0000-D_s2_year,COPERNICUS/S2_SR_HARMONIZED,"B1,B2,B3,B4,B5,B6,B7,B8,B8A,B9,B11,B12",,2018-08-21T00:00:00Z,2018-11-19T00:00:00Z,2018-08-21T17:34:57Z,20180821T171849_20180821T172807_T14SKA,5.910229,0,31.826343,-102.11335,submitted; candidates=36; source=legacy_year_event_day_window
GAO20191020t163829p0000-D,t0,submitted,LIFP5GJGIO5OHTV5AVUVLA4C,READY,CM_S2_LEGACY360_MATCHED_GEE,GAO20191020t163829p0000-D_s2_0,COPERNICUS/S2_SR_HARMONIZED,"B1,B2,B3,B4,B5,B6,B7,B8,B8A,B9,B11,B12",2019-10-20T17:35:08Z,2019-10-19T00:00:00Z,2019-10-22T00:00:00Z,2019-10-20T17:35:08Z,20191020T172341_20191020T173303_T14SKA,0.003411,0,31.826343,-102.11335,submitted; candidates=2; source=legacy_t0_event_day_window
GAO20191020t163829p0000-D,seasonal,submitted,OS3O473SCIETSOBRXFKHTDMQ,READY,CM_S2_LEGACY360_MATCHED_GEE,GAO20191020t163829p0000-D_s2_seasonal,COPERNICUS/S2_SR_HARMONIZED,"B1,B2,B3,B4,B5,B6,B7,B8,B8A,B9,B11,B12",,2019-07-22T00:00:00Z,2019-09-20T00:00:00Z,2019-07-27T17:35:13Z,20190727T171909_20190727T172917_T14SKA,6.719822,0,31.826343,-102.11335,submitted; candidates=28; source=legacy_seasonal_event_day_window
GAO20191020t165717p0000-D,year,submitted,7L54WX7KU3POOBUPHVU7IWYQ,READY,CM_S2_LEGACY360_MATCHED_GEE,GAO20191020t165717p0000-D_s2_year,COPERNICUS/S2_SR_HARMONIZED,"B1,B2,B3,B4,B5,B6,B7,B8,B8A,B9,B11,B12",,2018-08-21T00:00:00Z,2018-11-19T00:00:00Z,2018-08-21T17:34:57Z,20180821T171849_20180821T172807_T14SKA,5.910229,0,31.8394815,-102.14006,submitted; candidates=36; source=legacy_year_event_day_window
GAO20191020t165717p0000-D,t0,submitted,LG45Y4QVRWCKRXRQINBNUT27,READY,CM_S2_LEGACY360_MATCHED_GEE,GAO20191020t165717p0000-D_s2_0,COPERNICUS/S2_SR_HARMONIZED,"B1,B2,B3,B4,B5,B6,B7,B8,B8A,B9,B11,B12",2019-10-20T17:35:08Z,2019-10-19T00:00:00Z,2019-10-22T00:00:00Z,2019-10-20T17:35:08Z,20191020T172341_20191020T173303_T14SKA,0.003411,0,31.8394815,-102.14006,submitted; candidates=2; source=legacy_t0_event_day_window
GAO20191020t163829p0000-C,year,submitted,T4XMDSODWMJU2F5NP75RCPPM,READY,CM_S2_LEGACY360_MATCHED_GEE,GAO20191020t163829p0000-C_s2_year,COPERNICUS/S2_SR_HARMONIZED,"B1,B2,B3,B4,B5,B6,B7,B8,B8A,B9,B11,B12",,2018-08-21T00:00:00Z,2018-11-19T00:00:00Z,2018-08-21T17:34:57Z,20180821T171849_20180821T172807_T14SKA,5.910229,0,31.826375,-102.10681,submitted; candidates=36; source=legacy_year_event_day_window
GAO20191020t165717p0000-A,year,submitted,TEFL5BSWGDRMPQRHYESSZX2A,READY,CM_S2_LEGACY360_MATCHED_GEE,GAO20191020t165717p0000-A_s2_year,COPERNICUS/S2_SR_HARMONIZED,"B1,B2,B3,B4,B5,B6,B7,B8,B8A,B9,B11,B12",,2018-08-21T00:00:00Z,2018-11-19T00:00:00Z,2018-08-21T17:34:57Z,20180821T171849_20180821T172807_T14SKA,5.910229,0,31.8592427,-101.72182,submitted; candidates=19; source=legacy_year_event_day_window
GAO20191020t165717p0000-C,seasonal,submitted,PRQNK6637T44TSDL4AXYF7JW,READY,CM_S2_LEGACY360_MATCHED_GEE,GAO20191020t165717p0000-C_s2_seasonal,COPERNICUS/S2_SR_HARMONIZED,"B1,B2,B3,B4,B5,B6,B7,B8,B8A,B9,B11,B12",,2019-07-22T00:00:00Z,2019-09-20T00:00:00Z,2019-07-27T17:35:13Z,20190727T171909_20190727T172917_T14SKA,6.719822,0,31.8720702,-101.6337,submitted; candidates=7; source=legacy_seasonal_event_day_window
GAO20191020t165717p0000-A,t0,submitted,5NPRJYOGJHVAWULL3HTMUQBK,READY,CM_S2_LEGACY360_MATCHED_GEE,GAO20191020t165717p0000-A_s2_0,COPERNICUS/S2_SR_HARMONIZED,"B1,B2,B3,B4,B5,B6,B7,B8,B8A,B9,B11,B12",2019-10-20T17:35:08Z,2019-10-19T00:00:00Z,2019-10-22T00:00:00Z,2019-10-20T17:35:08Z,20191020T172341_20191020T173303_T14SKA,0.003411,0,31.8592427,-101.72182,submitted; candidates=2; source=legacy_t0_event_day_window
GAO20191020t165717p0000-C,t0,submitted,JPO4TWDAB7SFSM26VB5DJCKT,READY,CM_S2_LEGACY360_MATCHED_GEE,GAO20191020t165717p0000-C_s2_0,COPERNICUS/S2_SR_HARMONIZED,"B1,B2,B3,B4,B5,B6,B7,B8,B8A,B9,B11,B12",2019-10-20T17:35:08Z,2019-10-19T00:00:00Z,2019-10-22T00:00:00Z,2019-10-20T17:35:08Z,20191020T172341_20191020T173303_T14SKA,0.003411,0,31.8720702,-101.6337,submitted; candidates=1; source=legacy_t0_event_day_window
GAO20191020t165717p0000-A,seasonal,submitted,5SXMUQUOP5GDBSGYEUKAI6FF,READY,CM_S2_LEGACY360_MATCHED_GEE,GAO20191020t165717p0000-A_s2_seasonal,COPERNICUS/S2_SR_HARMONIZED,"B1,B2,B3,B4,B5,B6,B7,B8,B8A,B9,B11,B12",,2019-07-22T00:00:00Z,2019-09-20T00:00:00Z,2019-07-27T17:35:13Z,20190727T171909_20190727T172917_T14SKA,6.719822,0,31.8592427,-101.72182,submitted; candidates=13; source=legacy_seasonal_event_day_window
GAO20191020t165717p0000-B,year,submitted,N6ECO53ENBBUXWIAYNJ4D6A7,READY,CM_S2_LEGACY360_MATCHED_GEE,GAO20191020t165717p0000-B_s2_year,COPERNICUS/S2_SR_HARMONIZED,"B1,B2,B3,B4,B5,B6,B7,B8,B8A,B9,B11,B12",,2018-08-21T00:00:00Z,2018-11-19T00:00:00Z,2018-08-21T17:34:57Z,20180821T171849_20180821T172807_T14SKA,5.910229,0,31.845123,-101.77195,submitted; candidates=33; source=legacy_year_event_day_window
GAO20191020t165717p0000-B,t0,submitted,V6XJGKB7RHF2VB5DICGOWPJL,READY,CM_S2_LEGACY360_MATCHED_GEE,GAO20191020t165717p0000-B_s2_0,COPERNICUS/S2_SR_HARMONIZED,"B1,B2,B3,B4,B5,B6,B7,B8,B8A,B9,B11,B12",2019-10-20T17:35:08Z,2019-10-19T00:00:00Z,2019-10-22T00:00:00Z,2019-10-20T17:35:08Z,20191020T172341_20191020T173303_T14SKA,0.003411,0,31.845123,-101.77195,submitted; candidates=2; source=legacy_t0_event_day_window
GAO20191020t165717p0000-B,seasonal,submitted,B3BCEXRK4GDV2JKN7VRALH4I,READY,CM_S2_LEGACY360_MATCHED_GEE,GAO20191020t165717p0000-B_s2_seasonal,COPERNICUS/S2_SR_HARMONIZED,"B1,B2,B3,B4,B5,B6,B7,B8,B8A,B9,B11,B12",,2019-07-22T00:00:00Z,2019-09-20T00:00:00Z,2019-07-27T17:35:13Z,20190727T171909_20190727T172917_T14SKA,6.719822,0,31.845123,-101.77195,submitted; candidates=24; source=legacy_seasonal_event_day_window
GAO20191020t165717p0000-D,seasonal,submitted,AG25RKUEJ6NBGR5S5WFNT4XK,READY,CM_S2_LEGACY360_MATCHED_GEE,GAO20191020t165717p0000-D_s2_seasonal,COPERNICUS/S2_SR_HARMONIZED,"B1,B2,B3,B4,B5,B6,B7,B8,B8A,B9,B11,B12",,2019-07-22T00:00:00Z,2019-09-20T00:00:00Z,2019-07-27T17:35:13Z,20190727T171909_20190727T172917_T14SKA,6.719822,0,31.8394815,-102.14006,submitted; candidates=28; source=legacy_seasonal_event_day_window
GAO20191020t165717p0000-C,year,submitted,YHVIXDNSIF54BNVX2JCCWOM4,READY,CM_S2_LEGACY360_MATCHED_GEE,GAO20191020t165717p0000-C_s2_year,COPERNICUS/S2_SR_HARMONIZED,"B1,B2,B3,B4,B5,B6,B7,B8,B8A,B9,B11,B12",,2018-08-21T00:00:00Z,2018-11-19T00:00:00Z,2018-08-21T17:34:57Z,20180821T171849_20180821T172807_T14SKA,5.910229,0,31.8720702,-101.6337,submitted; candidates=8; source=legacy_year_event_day_window
GAO20191020t171158p0000-E,t0,submitted,MAEXFEEWC6KPPKFGGPDWXWBQ,READY,CM_S2_LEGACY360_MATCHED_GEE,GAO20191020t171158p0000-E_s2_0,COPERNICUS/S2_SR_HARMONIZED,"B1,B2,B3,B4,B5,B6,B7,B8,B8A,B9,B11,B12",2019-10-20T17:35:08Z,2019-10-19T00:00:00Z,2019-10-22T00:00:00Z,2019-10-20T17:35:08Z,20191020T172341_20191020T173303_T14SKA,0.003411,0,31.88306,-101.89235,submitted; candidates=2; source=legacy_t0_event_day_window
GAO20191020t171158p0000-D,seasonal,submitted,WMMMN2GBIKSKKMJFPNSSMTXA,READY,CM_S2_LEGACY360_MATCHED_GEE,GAO20191020t171158p0000-D_s2_seasonal,COPERNICUS/S2_SR_HARMONIZED,"B1,B2,B3,B4,B5,B6,B7,B8,B8A,B9,B11,B12",,2019-07-22T00:00:00Z,2019-09-20T00:00:00Z,2019-07-27T17:35:13Z,20190727T171909_20190727T172917_T14SKA,6.719822,0,31.889034,-101.86825,submitted; candidates=28; source=legacy_seasonal_event_day_window
GAO20191020t165717p0000-F,year,submitted,7U4IXBJF4MJBERD47NI3NTDU,READY,CM_S2_LEGACY360_MATCHED_GEE,GAO20191020t165717p0000-F_s2_year,COPERNICUS/S2_SR_HARMONIZED,"B1,B2,B3,B4,B5,B6,B7,B8,B8A,B9,B11,B12",,2018-08-21T00:00:00Z,2018-11-19T00:00:00Z,2018-08-21T17:34:57Z,20180821T171849_20180821T172807_T14SKA,5.910229,0,31.846346,-102.01765,submitted; candidates=36; source=legacy_year_event_day_window
GAO20191020t171158p0000-A,year,submitted,J4VE2MR57FGTBZKQEM5XFYFC,READY,CM_S2_LEGACY360_MATCHED_GEE,GAO20191020t171158p0000-A_s2_year,COPERNICUS/S2_SR_HARMONIZED,"B1,B2,B3,B4,B5,B6,B7,B8,B8A,B9,B11,B12",,2018-08-21T00:00:00Z,2018-11-19T00:00:00Z,2018-08-21T17:34:57Z,20180821T171849_20180821T172807_T14SKA,5.910229,0,31.8803317,-101.34136,submitted; candidates=8; source=legacy_year_event_day_window
GAO20191020t171158p0000-A,seasonal,submitted,MHOORDLI6V6KYRDTRGTRRVXA,READY,CM_S2_LEGACY360_MATCHED_GEE,GAO20191020t171158p0000-A_s2_seasonal,COPERNICUS/S2_SR_HARMONIZED,"B1,B2,B3,B4,B5,B6,B7,B8,B8A,B9,B11,B12",,2019-07-22T00:00:00Z,2019-09-20T00:00:00Z,2019-07-27T17:35:13Z,20190727T171909_20190727T172917_T14SKA,6.719822,0,31.8803317,-101.34136,submitted; candidates=7; source=legacy_seasonal_event_day_window
GAO20191020t165717p0000-E,year,submitted,TFW7VKGZHDXU4KXLF5IHCLK5,READY,CM_S2_LEGACY360_MATCHED_GEE,GAO20191020t165717p0000-E_s2_year,COPERNICUS/S2_SR_HARMONIZED,"B1,B2,B3,B4,B5,B6,B7,B8,B8A,B9,B11,B12",,2018-08-21T00:00:00Z,2018-11-19T00:00:00Z,2018-08-21T17:34:57Z,20180821T171849_20180821T172807_T14SKA,5.910229,0,31.8439625,-102.03459,submitted; candidates=36; source=legacy_year_event_day_window
GAO20191020t165717p0000-F,seasonal,submitted,ET74YZDA7I2AHWJYMPBKAMVP,READY,CM_S2_LEGACY360_MATCHED_GEE,GAO20191020t165717p0000-F_s2_seasonal,COPERNICUS/S2_SR_HARMONIZED,"B1,B2,B3,B4,B5,B6,B7,B8,B8A,B9,B11,B12",,2019-07-22T00:00:00Z,2019-09-20T00:00:00Z,2019-07-27T17:35:13Z,20190727T171909_20190727T172917_T14SKA,6.719822,0,31.846346,-102.01765,submitted; candidates=28; source=legacy_seasonal_event_day_window
GAO20191020t171158p0000-B,t0,submitted,TIDWWTUNM47UJPZVZSE5GHJC,READY,CM_S2_LEGACY360_MATCHED_GEE,GAO20191020t171158p0000-B_s2_0,COPERNICUS/S2_SR_HARMONIZED,"B1,B2,B3,B4,B5,B6,B7,B8,B8A,B9,B11,B12",2019-10-20T17:35:08Z,2019-10-19T00:00:00Z,2019-10-22T00:00:00Z,2019-10-20T17:35:08Z,20191020T172341_20191020T173303_T14SKA,0.003411,0,31.872175,-101.63379,submitted; candidates=1; source=legacy_t0_event_day_window
GAO20191020t171158p0000-B,year,submitted,HWBQFDLZGKYJDVXNORA77M7F,READY,CM_S2_LEGACY360_MATCHED_GEE,GAO20191020t171158p0000-B_s2_year,COPERNICUS/S2_SR_HARMONIZED,"B1,B2,B3,B4,B5,B6,B7,B8,B8A,B9,B11,B12",,2018-08-21T00:00:00Z,2018-11-19T00:00:00Z,2018-08-21T17:34:57Z,20180821T171849_20180821T172807_T14SKA,5.910229,0,31.872175,-101.63379,submitted; candidates=8; source=legacy_year_event_day_window
GAO20191020t165717p0000-E,seasonal,submitted,AG2YCFN55AGBDPIX2ROLHSGZ,READY,CM_S2_LEGACY360_MATCHED_GEE,GAO20191020t165717p0000-E_s2_seasonal,COPERNICUS/S2_SR_HARMONIZED,"B1,B2,B3,B4,B5,B6,B7,B8,B8A,B9,B11,B12",,2019-07-22T00:00:00Z,2019-09-20T00:00:00Z,2019-07-27T17:35:13Z,20190727T171909_20190727T172917_T14SKA,6.719822,0,31.8439625,-102.03459,submitted; candidates=28; source=legacy_seasonal_event_day_window
GAO20191020t171158p0000-D,year,submitted,PFL7Y3EUHUN4KJIU6IEGEEI5,READY,CM_S2_LEGACY360_MATCHED_GEE,GAO20191020t171158p0000-D_s2_year,COPERNICUS/S2_SR_HARMONIZED,"B1,B2,B3,B4,B5,B6,B7,B8,B8A,B9,B11,B12",,2018-08-21T00:00:00Z,2018-11-19T00:00:00Z,2018-08-21T17:34:57Z,20180821T171849_20180821T172807_T14SKA,5.910229,0,31.889034,-101.86825,submitted; candidates=36; source=legacy_year_event_day_window
GAO20191020t165717p0000-E,t0,submitted,C7BZLMLUKF5QUGNYKME2ZU2D,READY,CM_S2_LEGACY360_MATCHED_GEE,GAO20191020t165717p0000-E_s2_0,COPERNICUS/S2_SR_HARMONIZED,"B1,B2,B3,B4,B5,B6,B7,B8,B8A,B9,B11,B12",2019-10-20T17:35:08Z,2019-10-19T00:00:00Z,2019-10-22T00:00:00Z,2019-10-20T17:35:08Z,20191020T172341_20191020T173303_T14SKA,0.003411,0,31.8439625,-102.03459,submitted; candidates=2; source=legacy_t0_event_day_window
GAO20191020t171158p0000-A,t0,submitted,AZ6O2HVMO3VJBBRGPU34G6PU,READY,CM_S2_LEGACY360_MATCHED_GEE,GAO20191020t171158p0000-A_s2_0,COPERNICUS/S2_SR_HARMONIZED,"B1,B2,B3,B4,B5,B6,B7,B8,B8A,B9,B11,B12",2019-10-20T17:35:08Z,2019-10-19T00:00:00Z,2019-10-22T00:00:00Z,2019-10-20T17:35:08Z,20191020T172341_20191020T173303_T14SKA,0.003411,0,31.8803317,-101.34136,submitted; candidates=1; source=legacy_t0_event_day_window
GAO20191020t171158p0000-D,t0,submitted,OHUYLKLD72XQ4J65CHXLR2SO,READY,CM_S2_LEGACY360_MATCHED_GEE,GAO20191020t171158p0000-D_s2_0,COPERNICUS/S2_SR_HARMONIZED,"B1,B2,B3,B4,B5,B6,B7,B8,B8A,B9,B11,B12",2019-10-20T17:35:08Z,2019-10-19T00:00:00Z,2019-10-22T00:00:00Z,2019-10-20T17:35:08Z,20191020T172341_20191020T173303_T14SKA,0.003411,0,31.889034,-101.86825,submitted; candidates=2; source=legacy_t0_event_day_window
GAO20191020t165717p0000-F,t0,submitted,BBETFSCV7R7ILTO665ONSSKX,READY,CM_S2_LEGACY360_MATCHED_GEE,GAO20191020t165717p0000-F_s2_0,COPERNICUS/S2_SR_HARMONIZED,"B1,B2,B3,B4,B5,B6,B7,B8,B8A,B9,B11,B12",2019-10-20T17:35:08Z,2019-10-19T00:00:00Z,2019-10-22T00:00:00Z,2019-10-20T17:35:08Z,20191020T172341_20191020T173303_T14SKA,0.003411,0,31.846346,-102.01765,submitted; candidates=2; source=legacy_t0_event_day_window
GAO20191020t171158p0000-B,seasonal,submitted,EUV2MGMGSTA6VQGC53ZUUNFZ,READY,CM_S2_LEGACY360_MATCHED_GEE,GAO20191020t171158p0000-B_s2_seasonal,COPERNICUS/S2_SR_HARMONIZED,"B1,B2,B3,B4,B5,B6,B7,B8,B8A,B9,B11,B12",,2019-07-22T00:00:00Z,2019-09-20T00:00:00Z,2019-07-27T17:35:13Z,20190727T171909_20190727T172917_T14SKA,6.719822,0,31.872175,-101.63379,submitted; candidates=7; source=legacy_seasonal_event_day_window
GAO20191020t171158p0000-F,seasonal,submitted,YXZ55YVUSZXA3DT6LTSFOBMV,READY,CM_S2_LEGACY360_MATCHED_GEE,GAO20191020t171158p0000-F_s2_seasonal,COPERNICUS/S2_SR_HARMONIZED,"B1,B2,B3,B4,B5,B6,B7,B8,B8A,B9,B11,B12",,2019-07-22T00:00:00Z,2019-09-20T00:00:00Z,2019-07-27T17:35:13Z,20190727T171909_20190727T172917_T14SKA,6.719822,0,31.8836443,-101.85904,submitted; candidates=28; source=legacy_seasonal_event_day_window
GAO20191020t173137p0000-C,seasonal,submitted,XHUCB6VBUYRHIIJDX4ZVF674,READY,CM_S2_LEGACY360_MATCHED_GEE,GAO20191020t173137p0000-C_s2_seasonal,COPERNICUS/S2_SR_HARMONIZED,"B1,B2,B3,B4,B5,B6,B7,B8,B8A,B9,B11,B12",,2019-07-22T00:00:00Z,2019-09-20T00:00:00Z,2019-07-27T17:35:13Z,20190727T171909_20190727T172917_T14SKA,6.719822,0,31.889032,-101.86811,submitted; candidates=28; source=legacy_seasonal_event_day_window
GAO20191020t173137p0000-A,seasonal,submitted,K64YTW7XCDDLPGPY7BUSEDWG,READY,CM_S2_LEGACY360_MATCHED_GEE,GAO20191020t173137p0000-A_s2_seasonal,COPERNICUS/S2_SR_HARMONIZED,"B1,B2,B3,B4,B5,B6,B7,B8,B8A,B9,B11,B12",,2019-07-22T00:00:00Z,2019-09-20T00:00:00Z,2019-09-18T17:45:01Z,20190918T172959_20190918T173330_T13SGR,6.506757,5.77306,31.8798551,-102.22978,submitted; candidates=14; source=legacy_seasonal_event_day_window
GAO20191020t173137p0000-A,t0,submitted,PLDYIRUUIJRB2LBN4CR5WGMH,READY,CM_S2_LEGACY360_MATCHED_GEE,GAO20191020t173137p0000-A_s2_0,COPERNICUS/S2_SR_HARMONIZED,"B1,B2,B3,B4,B5,B6,B7,B8,B8A,B9,B11,B12",2019-10-20T17:35:10Z,2019-10-19T00:00:00Z,2019-10-22T00:00:00Z,2019-10-20T17:35:10Z,20191020T172341_20191020T173303_T13SGR,0.002677,35.791913,31.8798551,-102.22978,submitted; candidates=1; source=legacy_t0_event_day_window
GAO20191020t173137p0000-B,t0,submitted,PN6F36757W7KZ2KMPTHDQCZJ,READY,CM_S2_LEGACY360_MATCHED_GEE,GAO20191020t173137p0000-B_s2_0,COPERNICUS/S2_SR_HARMONIZED,"B1,B2,B3,B4,B5,B6,B7,B8,B8A,B9,B11,B12",2019-10-20T17:35:08Z,2019-10-19T00:00:00Z,2019-10-22T00:00:00Z,2019-10-20T17:35:08Z,20191020T172341_20191020T173303_T14SKA,0.003411,0,31.8960302,-102.20685,submitted; candidates=2; source=legacy_t0_event_day_window
GAO20191020t173137p0000-D,t0,submitted,75J2EHVUAZSQ7BN5XYRZUX2N,READY,CM_S2_LEGACY360_MATCHED_GEE,GAO20191020t173137p0000-D_s2_0,COPERNICUS/S2_SR_HARMONIZED,"B1,B2,B3,B4,B5,B6,B7,B8,B8A,B9,B11,B12",2019-10-20T17:35:08Z,2019-10-19T00:00:00Z,2019-10-22T00:00:00Z,2019-10-20T17:35:08Z,20191020T172341_20191020T173303_T14SKA,0.003411,0,31.9030824,-101.87236,submitted; candidates=2; source=legacy_t0_event_day_window
GAO20191020t173137p0000-B,year,submitted,A4GREHN4ZQKIICIPBLNXGAH5,READY,CM_S2_LEGACY360_MATCHED_GEE,GAO20191020t173137p0000-B_s2_year,COPERNICUS/S2_SR_HARMONIZED,"B1,B2,B3,B4,B5,B6,B7,B8,B8A,B9,B11,B12",,2018-08-21T00:00:00Z,2018-11-19T00:00:00Z,2018-08-21T17:34:57Z,20180821T171849_20180821T172807_T14SKA,5.910229,0,31.8960302,-102.20685,submitted; candidates=36; source=legacy_year_event_day_window
GAO20191020t173137p0000-A,year,submitted,UHBNFEDFW7MI23W77EC53HQH,READY,CM_S2_LEGACY360_MATCHED_GEE,GAO20191020t173137p0000-A_s2_year,COPERNICUS/S2_SR_HARMONIZED,"B1,B2,B3,B4,B5,B6,B7,B8,B8A,B9,B11,B12",,2018-08-21T00:00:00Z,2018-11-19T00:00:00Z,2018-08-24T17:44:54Z,20180824T172849_20180824T173639_T13SGR,5.447625,5.714079,31.8798551,-102.22978,submitted; candidates=20; source=legacy_year_event_day_window
GAO20191020t173137p0000-C,year,submitted,ELO3DKVSSK2OCA7YI4XU4QIH,READY,CM_S2_LEGACY360_MATCHED_GEE,GAO20191020t173137p0000-C_s2_year,COPERNICUS/S2_SR_HARMONIZED,"B1,B2,B3,B4,B5,B6,B7,B8,B8A,B9,B11,B12",,2018-08-21T00:00:00Z,2018-11-19T00:00:00Z,2018-08-21T17:34:57Z,20180821T171849_20180821T172807_T14SKA,5.910229,0,31.889032,-101.86811,submitted; candidates=36; source=legacy_year_event_day_window
GAO20191020t171158p0000-E,seasonal,submitted,XYI7ONCGJNH7VMCRVN6X62C5,READY,CM_S2_LEGACY360_MATCHED_GEE,GAO20191020t171158p0000-E_s2_seasonal,COPERNICUS/S2_SR_HARMONIZED,"B1,B2,B3,B4,B5,B6,B7,B8,B8A,B9,B11,B12",,2019-07-22T00:00:00Z,2019-09-20T00:00:00Z,2019-07-27T17:35:13Z,20190727T171909_20190727T172917_T14SKA,6.719822,0,31.88306,-101.89235,submitted; candidates=28; source=legacy_seasonal_event_day_window
GAO20191020t171158p0000-F,t0,submitted,RTYLXF4X2ANZQGNCWATIY4HT,READY,CM_S2_LEGACY360_MATCHED_GEE,GAO20191020t171158p0000-F_s2_0,COPERNICUS/S2_SR_HARMONIZED,"B1,B2,B3,B4,B5,B6,B7,B8,B8A,B9,B11,B12",2019-10-20T17:35:08Z,2019-10-19T00:00:00Z,2019-10-22T00:00:00Z,2019-10-20T17:35:08Z,20191020T172341_20191020T173303_T14SKA,0.003411,0,31.8836443,-101.85904,submitted; candidates=2; source=legacy_t0_event_day_window
GAO20191020t173137p0000-B,seasonal,submitted,UFPGZQB2HIBYZDHFQDI6FJOB,READY,CM_S2_LEGACY360_MATCHED_GEE,GAO20191020t173137p0000-B_s2_seasonal,COPERNICUS/S2_SR_HARMONIZED,"B1,B2,B3,B4,B5,B6,B7,B8,B8A,B9,B11,B12",,2019-07-22T00:00:00Z,2019-09-20T00:00:00Z,2019-07-27T17:35:13Z,20190727T171909_20190727T172917_T14SKA,6.719822,0,31.8960302,-102.20685,submitted; candidates=28; source=legacy_seasonal_event_day_window
GAO20191020t171158p0000-E,year,submitted,I5BZ7W6AXEDHA7G3WGAQ3S3C,READY,CM_S2_LEGACY360_MATCHED_GEE,GAO20191020t171158p0000-E_s2_year,COPERNICUS/S2_SR_HARMONIZED,"B1,B2,B3,B4,B5,B6,B7,B8,B8A,B9,B11,B12",,2018-08-21T00:00:00Z,2018-11-19T00:00:00Z,2018-08-21T17:34:57Z,20180821T171849_20180821T172807_T14SKA,5.910229,0,31.88306,-101.89235,submitted; candidates=36; source=legacy_year_event_day_window
GAO20191020t171158p0000-F,year,submitted,NM25ZXT5FWBMZL4IQMHSLW4T,READY,CM_S2_LEGACY360_MATCHED_GEE,GAO20191020t171158p0000-F_s2_year,COPERNICUS/S2_SR_HARMONIZED,"B1,B2,B3,B4,B5,B6,B7,B8,B8A,B9,B11,B12",,2018-08-21T00:00:00Z,2018-11-19T00:00:00Z,2018-08-21T17:34:57Z,20180821T171849_20180821T172807_T14SKA,5.910229,0,31.8836443,-101.85904,submitted; candidates=36; source=legacy_year_event_day_window
GAO20191020t173137p0000-D,seasonal,submitted,C6N4CZ5TAWQE5J4X67XPUP7U,READY,CM_S2_LEGACY360_MATCHED_GEE,GAO20191020t173137p0000-D_s2_seasonal,COPERNICUS/S2_SR_HARMONIZED,"B1,B2,B3,B4,B5,B6,B7,B8,B8A,B9,B11,B12",,2019-07-22T00:00:00Z,2019-09-20T00:00:00Z,2019-07-27T17:35:13Z,20190727T171909_20190727T172917_T14SKA,6.719822,0,31.9030824,-101.87236,submitted; candidates=28; source=legacy_seasonal_event_day_window
GAO20191020t173137p0000-C,t0,submitted,E5X7XSZZCCGXCXYCIDA4OK4O,READY,CM_S2_LEGACY360_MATCHED_GEE,GAO20191020t173137p0000-C_s2_0,COPERNICUS/S2_SR_HARMONIZED,"B1,B2,B3,B4,B5,B6,B7,B8,B8A,B9,B11,B12",2019-10-20T17:35:08Z,2019-10-19T00:00:00Z,2019-10-22T00:00:00Z,2019-10-20T17:35:08Z,20191020T172341_20191020T173303_T14SKA,0.003411,0,31.889032,-101.86811,submitted; candidates=2; source=legacy_t0_event_day_window
GAO20191020t173137p0000-F,year,submitted,WAJEOY5K5VYDYYX76K7NUIC6,READY,CM_S2_LEGACY360_MATCHED_GEE,GAO20191020t173137p0000-F_s2_year,COPERNICUS/S2_SR_HARMONIZED,"B1,B2,B3,B4,B5,B6,B7,B8,B8A,B9,B11,B12",,2018-08-21T00:00:00Z,2018-11-19T00:00:00Z,2018-08-21T17:34:57Z,20180821T171849_20180821T172807_T14SKA,5.910229,0,31.9054338,-101.73374,submitted; candidates=23; source=legacy_year_event_day_window
GAO20191020t174612p0000-A,year,submitted,YKTYMC2PZ7SCUSGANULDDGZY,READY,CM_S2_LEGACY360_MATCHED_GEE,GAO20191020t174612p0000-A_s2_year,COPERNICUS/S2_SR_HARMONIZED,"B1,B2,B3,B4,B5,B6,B7,B8,B8A,B9,B11,B12",,2018-08-21T00:00:00Z,2018-11-19T00:00:00Z,2018-08-21T17:34:57Z,20180821T171849_20180821T172807_T14SKA,5.910229,0,31.922872,-101.75699,submitted; candidates=36; source=legacy_year_event_day_window
GAO20191020t173137p0000-E,t0,submitted,J56CVBG3K5HTU6UTNWJOO4YR,READY,CM_S2_LEGACY360_MATCHED_GEE,GAO20191020t173137p0000-E_s2_0,COPERNICUS/S2_SR_HARMONIZED,"B1,B2,B3,B4,B5,B6,B7,B8,B8A,B9,B11,B12",2019-10-20T17:35:08Z,2019-10-19T00:00:00Z,2019-10-22T00:00:00Z,2019-10-20T17:35:08Z,20191020T172341_20191020T173303_T14SKA,0.003411,0,31.8925063,-101.74218,submitted; candidates=2; source=legacy_t0_event_day_window
GAO20191020t182037p0000-A,t0,submitted,FZTD3DYOI75M7AXA7FFWEYSW,READY,CM_S2_LEGACY360_MATCHED_GEE,GAO20191020t182037p0000-A_s2_0,COPERNICUS/S2_SR_HARMONIZED,"B1,B2,B3,B4,B5,B6,B7,B8,B8A,B9,B11,B12",2019-10-20T18:20:37Z,2019-10-19T00:00:00Z,2019-10-22T00:00:00Z,2019-10-20T17:35:10Z,20191020T172341_20191020T173303_T13SGR,0.002677,35.791913,31.950273,-102.18525,submitted; candidates=2; source=legacy_t0_event_day_window
GAO20191020t173137p0000-E,year,submitted,SD5TICS37PSSNKVTHXFX37RB,READY,CM_S2_LEGACY360_MATCHED_GEE,GAO20191020t173137p0000-E_s2_year,COPERNICUS/S2_SR_HARMONIZED,"B1,B2,B3,B4,B5,B6,B7,B8,B8A,B9,B11,B12",,2018-08-21T00:00:00Z,2018-11-19T00:00:00Z,2018-08-21T17:34:57Z,20180821T171849_20180821T172807_T14SKA,5.910229,0,31.8925063,-101.74218,submitted; candidates=27; source=legacy_year_event_day_window
GAO20191020t173137p0000-F,seasonal,submitted,4XKSMAFF6LRWYDNHASJOCNM7,READY,CM_S2_LEGACY360_MATCHED_GEE,GAO20191020t173137p0000-F_s2_seasonal,COPERNICUS/S2_SR_HARMONIZED,"B1,B2,B3,B4,B5,B6,B7,B8,B8A,B9,B11,B12",,2019-07-22T00:00:00Z,2019-09-20T00:00:00Z,2019-07-27T17:35:13Z,20190727T171909_20190727T172917_T14SKA,6.719822,0,31.9054338,-101.73374,submitted; candidates=15; source=legacy_seasonal_event_day_window
GAO20191020t174612p0000-A,seasonal,submitted,H7CJR5JMRAJLN3ZVGKLNXOX6,READY,CM_S2_LEGACY360_MATCHED_GEE,GAO20191020t174612p0000-A_s2_seasonal,COPERNICUS/S2_SR_HARMONIZED,"B1,B2,B3,B4,B5,B6,B7,B8,B8A,B9,B11,B12",,2019-07-22T00:00:00Z,2019-09-20T00:00:00Z,2019-07-27T17:35:13Z,20190727T171909_20190727T172917_T14SKA,6.719822,0,31.922872,-101.75699,submitted; candidates=28; source=legacy_seasonal_event_day_window
GAO20191020t182037p0000-A,year,submitted,YFKH5KTB62U2OHGPKS4SLKRU,READY,CM_S2_LEGACY360_MATCHED_GEE,GAO20191020t182037p0000-A_s2_year,COPERNICUS/S2_SR_HARMONIZED,"B1,B2,B3,B4,B5,B6,B7,B8,B8A,B9,B11,B12",,2018-08-21T00:00:00Z,2018-11-19T00:00:00Z,2018-08-21T17:34:57Z,20180821T171849_20180821T172807_T14SKA,5.910229,0,31.950273,-102.18525,submitted; candidates=36; source=legacy_year_event_day_window
GAO20191020t174612p0000-A,t0,submitted,DSM2GOLC5VRNWWRFRDDQV4YC,READY,CM_S2_LEGACY360_MATCHED_GEE,GAO20191020t174612p0000-A_s2_0,COPERNICUS/S2_SR_HARMONIZED,"B1,B2,B3,B4,B5,B6,B7,B8,B8A,B9,B11,B12",2019-10-20T17:46:12Z,2019-10-19T00:00:00Z,2019-10-22T00:00:00Z,2019-10-20T17:35:10Z,20191020T172341_20191020T173303_T13SGR,0.002677,35.791913,31.922872,-101.75699,submitted; candidates=2; source=legacy_t0_event_day_window
GAO20191020t180552p0000-A,seasonal,submitted,6ZK2QFQ7TCI2JKASYGWA54SD,READY,CM_S2_LEGACY360_MATCHED_GEE,GAO20191020t180552p0000-A_s2_seasonal,COPERNICUS/S2_SR_HARMONIZED,"B1,B2,B3,B4,B5,B6,B7,B8,B8A,B9,B11,B12",,2019-07-22T00:00:00Z,2019-09-20T00:00:00Z,2019-07-27T17:35:13Z,20190727T171909_20190727T172917_T14SKA,6.719822,0,31.9267689,-101.87865,submitted; candidates=28; source=legacy_seasonal_event_day_window
GAO20191020t173137p0000-F,t0,submitted,LY3B5X4SHS3P5ANJDOOD4AUV,READY,CM_S2_LEGACY360_MATCHED_GEE,GAO20191020t173137p0000-F_s2_0,COPERNICUS/S2_SR_HARMONIZED,"B1,B2,B3,B4,B5,B6,B7,B8,B8A,B9,B11,B12",2019-10-20T17:35:08Z,2019-10-19T00:00:00Z,2019-10-22T00:00:00Z,2019-10-20T17:35:08Z,20191020T172341_20191020T173303_T14SKA,0.003411,0,31.9054338,-101.73374,submitted; candidates=2; source=legacy_t0_event_day_window
GAO20191020t173137p0000-E,seasonal,submitted,5FIP4GRJ364IHAUHHXI6X3U2,READY,CM_S2_LEGACY360_MATCHED_GEE,GAO20191020t173137p0000-E_s2_seasonal,COPERNICUS/S2_SR_HARMONIZED,"B1,B2,B3,B4,B5,B6,B7,B8,B8A,B9,B11,B12",,2019-07-22T00:00:00Z,2019-09-20T00:00:00Z,2019-07-27T17:35:13Z,20190727T171909_20190727T172917_T14SKA,6.719822,0,31.8925063,-101.74218,submitted; candidates=17; source=legacy_seasonal_event_day_window
GAO20191020t173137p0000-D,year,submitted,JIGBI6WMQQRJQOVGQYTUKLBX,READY,CM_S2_LEGACY360_MATCHED_GEE,GAO20191020t173137p0000-D_s2_year,COPERNICUS/S2_SR_HARMONIZED,"B1,B2,B3,B4,B5,B6,B7,B8,B8A,B9,B11,B12",,2018-08-21T00:00:00Z,2018-11-19T00:00:00Z,2018-08-21T17:34:57Z,20180821T171849_20180821T172807_T14SKA,5.910229,0,31.9030824,-101.87236,submitted; candidates=36; source=legacy_year_event_day_window
GAO20191020t182037p0000-A,seasonal,submitted,CRWFL4Q3EN35WJCIPD6MBHW3,READY,CM_S2_LEGACY360_MATCHED_GEE,GAO20191020t182037p0000-A_s2_seasonal,COPERNICUS/S2_SR_HARMONIZED,"B1,B2,B3,B4,B5,B6,B7,B8,B8A,B9,B11,B12",,2019-07-22T00:00:00Z,2019-09-20T00:00:00Z,2019-07-27T17:35:13Z,20190727T171909_20190727T172917_T14SKA,6.719822,0,31.950273,-102.18525,submitted; candidates=28; source=legacy_seasonal_event_day_window
GAO20191020t180552p0000-A,t0,submitted,7T47YZUJEJHI4BR3QP5CBQDR,READY,CM_S2_LEGACY360_MATCHED_GEE,GAO20191020t180552p0000-A_s2_0,COPERNICUS/S2_SR_HARMONIZED,"B1,B2,B3,B4,B5,B6,B7,B8,B8A,B9,B11,B12",2019-10-20T18:05:52Z,2019-10-19T00:00:00Z,2019-10-22T00:00:00Z,2019-10-20T17:35:10Z,20191020T172341_20191020T173303_T13SGR,0.002677,35.791913,31.9267689,-101.87865,submitted; candidates=2; source=legacy_t0_event_day_window
GAO20191020t180552p0000-A,year,submitted,Y7KIOU3L5DQIS6OU5HXG7PMN,READY,CM_S2_LEGACY360_MATCHED_GEE,GAO20191020t180552p0000-A_s2_year,COPERNICUS/S2_SR_HARMONIZED,"B1,B2,B3,B4,B5,B6,B7,B8,B8A,B9,B11,B12",,2018-08-21T00:00:00Z,2018-11-19T00:00:00Z,2018-08-21T17:34:57Z,20180821T171849_20180821T172807_T14SKA,5.910229,0,31.9267689,-101.87865,submitted; candidates=36; source=legacy_year_event_day_window
GAO20191020t185458p0000-A,seasonal,submitted,3ALI2BBG7GFZIU7DSPIU4DFX,READY,CM_S2_LEGACY360_MATCHED_GEE,GAO20191020t185458p0000-A_s2_seasonal,COPERNICUS/S2_SR_HARMONIZED,"B1,B2,B3,B4,B5,B6,B7,B8,B8A,B9,B11,B12",,2019-07-22T00:00:00Z,2019-09-20T00:00:00Z,2019-07-27T17:35:13Z,20190727T171909_20190727T172917_T14SKA,6.719822,0,31.999417,-101.99285,submitted; candidates=28; source=legacy_seasonal_event_day_window
GAO20191020t185458p0000-B,seasonal,submitted,232RZBSDXSYVAUJNEKC3SDAZ,READY,CM_S2_LEGACY360_MATCHED_GEE,GAO20191020t185458p0000-B_s2_seasonal,COPERNICUS/S2_SR_HARMONIZED,"B1,B2,B3,B4,B5,B6,B7,B8,B8A,B9,B11,B12",,2019-07-22T00:00:00Z,2019-09-20T00:00:00Z,2019-07-27T17:35:13Z,20190727T171909_20190727T172917_T14SKA,6.719822,0,31.9992103,-101.92766,submitted; candidates=28; source=legacy_seasonal_event_day_window
GAO20191020t184019p0000-B,year,submitted,4VHWH4KAOVUW376KI7YK6AM5,READY,CM_S2_LEGACY360_MATCHED_GEE,GAO20191020t184019p0000-B_s2_year,COPERNICUS/S2_SR_HARMONIZED,"B1,B2,B3,B4,B5,B6,B7,B8,B8A,B9,B11,B12",,2018-08-21T00:00:00Z,2018-11-19T00:00:00Z,2018-08-21T17:34:57Z,20180821T171849_20180821T172807_T14SKA,5.910229,0,31.9901784,-101.87683,submitted; candidates=36; source=legacy_year_event_day_window
GAO20191020t182037p0000-B,t0,submitted,YGQERB5QJQJ2R3RYT3ZSQUKN,READY,CM_S2_LEGACY360_MATCHED_GEE,GAO20191020t182037p0000-B_s2_0,COPERNICUS/S2_SR_HARMONIZED,"B1,B2,B3,B4,B5,B6,B7,B8,B8A,B9,B11,B12",2019-10-20T18:20:37Z,2019-10-19T00:00:00Z,2019-10-22T00:00:00Z,2019-10-20T17:35:10Z,20191020T172341_20191020T173303_T13SGR,0.002677,35.791913,31.9586336,-102.16445,submitted; candidates=2; source=legacy_t0_event_day_window
GAO20191020t184019p0000-B,seasonal,submitted,QTCUYSU6I3ON7S2DTWCHYXLZ,READY,CM_S2_LEGACY360_MATCHED_GEE,GAO20191020t184019p0000-B_s2_seasonal,COPERNICUS/S2_SR_HARMONIZED,"B1,B2,B3,B4,B5,B6,B7,B8,B8A,B9,B11,B12",,2019-07-22T00:00:00Z,2019-09-20T00:00:00Z,2019-07-27T17:35:13Z,20190727T171909_20190727T172917_T14SKA,6.719822,0,31.9901784,-101.87683,submitted; candidates=28; source=legacy_seasonal_event_day_window
GAO20191020t184019p0000-A,seasonal,submitted,PMOIFU57IMZ3T7TFGT56H7H2,READY,CM_S2_LEGACY360_MATCHED_GEE,GAO20191020t184019p0000-A_s2_seasonal,COPERNICUS/S2_SR_HARMONIZED,"B1,B2,B3,B4,B5,B6,B7,B8,B8A,B9,B11,B12",,2019-07-22T00:00:00Z,2019-09-20T00:00:00Z,2019-07-27T17:35:13Z,20190727T171909_20190727T172917_T14SKA,6.719822,0,31.982263,-101.78316,submitted; candidates=28; source=legacy_seasonal_event_day_window
GAO20191020t185458p0000-B,t0,submitted,CJ5GC4K33XI2YWQEMJS3CRQE,READY,CM_S2_LEGACY360_MATCHED_GEE,GAO20191020t185458p0000-B_s2_0,COPERNICUS/S2_SR_HARMONIZED,"B1,B2,B3,B4,B5,B6,B7,B8,B8A,B9,B11,B12",2019-10-20T18:54:58Z,2019-10-19T00:00:00Z,2019-10-22T00:00:00Z,2019-10-20T17:35:10Z,20191020T172341_20191020T173303_T13SGR,0.002677,35.791913,31.9992103,-101.92766,submitted; candidates=2; source=legacy_t0_event_day_window
GAO20191020t184019p0000-A,year,submitted,VWDMOXSHMRDUIZTRQXRKSMVM,READY,CM_S2_LEGACY360_MATCHED_GEE,GAO20191020t184019p0000-A_s2_year,COPERNICUS/S2_SR_HARMONIZED,"B1,B2,B3,B4,B5,B6,B7,B8,B8A,B9,B11,B12",,2018-08-21T00:00:00Z,2018-11-19T00:00:00Z,2018-08-21T17:34:57Z,20180821T171849_20180821T172807_T14SKA,5.910229,0,31.982263,-101.78316,submitted; candidates=36; source=legacy_year_event_day_window
GAO20191020t185458p0000-B,year,submitted,EXNJWQKJBOB5H6Y3MUN4YVET,READY,CM_S2_LEGACY360_MATCHED_GEE,GAO20191020t185458p0000-B_s2_year,COPERNICUS/S2_SR_HARMONIZED,"B1,B2,B3,B4,B5,B6,B7,B8,B8A,B9,B11,B12",,2018-08-21T00:00:00Z,2018-11-19T00:00:00Z,2018-08-21T17:34:57Z,20180821T171849_20180821T172807_T14SKA,5.910229,0,31.9992103,-101.92766,submitted; candidates=36; source=legacy_year_event_day_window
GAO20191020t185458p0000-A,t0,submitted,KSPRAUS3FOXJ2I54EA5BTJ5T,READY,CM_S2_LEGACY360_MATCHED_GEE,GAO20191020t185458p0000-A_s2_0,COPERNICUS/S2_SR_HARMONIZED,"B1,B2,B3,B4,B5,B6,B7,B8,B8A,B9,B11,B12",2019-10-20T18:54:58Z,2019-10-19T00:00:00Z,2019-10-22T00:00:00Z,2019-10-20T17:35:10Z,20191020T172341_20191020T173303_T13SGR,0.002677,35.791913,31.999417,-101.99285,submitted; candidates=2; source=legacy_t0_event_day_window
GAO20191020t185458p0000-A,year,submitted,VW3RFKYAIFM4TYJYJEJWVIKJ,READY,CM_S2_LEGACY360_MATCHED_GEE,GAO20191020t185458p0000-A_s2_year,COPERNICUS/S2_SR_HARMONIZED,"B1,B2,B3,B4,B5,B6,B7,B8,B8A,B9,B11,B12",,2018-08-21T00:00:00Z,2018-11-19T00:00:00Z,2018-08-21T17:34:57Z,20180821T171849_20180821T172807_T14SKA,5.910229,0,31.999417,-101.99285,submitted; candidates=36; source=legacy_year_event_day_window
GAO20191020t184019p0000-A,t0,submitted,FXYGPG7GPQS6FZ272ULSC5GQ,READY,CM_S2_LEGACY360_MATCHED_GEE,GAO20191020t184019p0000-A_s2_0,COPERNICUS/S2_SR_HARMONIZED,"B1,B2,B3,B4,B5,B6,B7,B8,B8A,B9,B11,B12",2019-10-20T18:40:19Z,2019-10-19T00:00:00Z,2019-10-22T00:00:00Z,2019-10-20T17:35:10Z,20191020T172341_20191020T173303_T13SGR,0.002677,35.791913,31.982263,-101.78316,submitted; candidates=2; source=legacy_t0_event_day_window
GAO20191020t182037p0000-B,year,submitted,6HKQUNYE6VBMSMWBUYINIVVM,READY,CM_S2_LEGACY360_MATCHED_GEE,GAO20191020t182037p0000-B_s2_year,COPERNICUS/S2_SR_HARMONIZED,"B1,B2,B3,B4,B5,B6,B7,B8,B8A,B9,B11,B12",,2018-08-21T00:00:00Z,2018-11-19T00:00:00Z,2018-08-21T17:34:57Z,20180821T171849_20180821T172807_T14SKA,5.910229,0,31.9586336,-102.16445,submitted; candidates=36; source=legacy_year_event_day_window
GAO20191020t185458p0000-C,t0,submitted,PVC5KYIDNKMKD6CMG6FCKN3R,READY,CM_S2_LEGACY360_MATCHED_GEE,GAO20191020t185458p0000-C_s2_0,COPERNICUS/S2_SR_HARMONIZED,"B1,B2,B3,B4,B5,B6,B7,B8,B8A,B9,B11,B12",2019-10-20T18:54:58Z,2019-10-19T00:00:00Z,2019-10-22T00:00:00Z,2019-10-20T17:35:10Z,20191020T172341_20191020T173303_T13SGR,0.002677,35.791913,31.9902642,-101.87702,submitted; candidates=2; source=legacy_t0_event_day_window
GAO20191020t182037p0000-B,seasonal,submitted,KDXHYKOB7NSLJXHL527N4Q47,READY,CM_S2_LEGACY360_MATCHED_GEE,GAO20191020t182037p0000-B_s2_seasonal,COPERNICUS/S2_SR_HARMONIZED,"B1,B2,B3,B4,B5,B6,B7,B8,B8A,B9,B11,B12",,2019-07-22T00:00:00Z,2019-09-20T00:00:00Z,2019-07-27T17:35:13Z,20190727T171909_20190727T172917_T14SKA,6.719822,0,31.9586336,-102.16445,submitted; candidates=28; source=legacy_seasonal_event_day_window
GAO20191020t184019p0000-B,t0,submitted,25MNXBVGRRSNGBFJTHDLTPS2,READY,CM_S2_LEGACY360_MATCHED_GEE,GAO20191020t184019p0000-B_s2_0,COPERNICUS/S2_SR_HARMONIZED,"B1,B2,B3,B4,B5,B6,B7,B8,B8A,B9,B11,B12",2019-10-20T18:40:19Z,2019-10-19T00:00:00Z,2019-10-22T00:00:00Z,2019-10-20T17:35:10Z,20191020T172341_20191020T173303_T13SGR,0.002677,35.791913,31.9901784,-101.87683,submitted; candidates=2; source=legacy_t0_event_day_window
GAO20191020t185458p0000-C,seasonal,submitted,LPICENR5OJQWWWVTE5WCYC54,READY,CM_S2_LEGACY360_MATCHED_GEE,GAO20191020t185458p0000-C_s2_seasonal,COPERNICUS/S2_SR_HARMONIZED,"B1,B2,B3,B4,B5,B6,B7,B8,B8A,B9,B11,B12",,2019-07-22T00:00:00Z,2019-09-20T00:00:00Z,2019-07-27T17:35:13Z,20190727T171909_20190727T172917_T14SKA,6.719822,0,31.9902642,-101.87702,submitted; candidates=28; source=legacy_seasonal_event_day_window
GAO20191020t185458p0000-D,t0,submitted,3JJXXWVAIHXJSYYWIKD4QSSQ,READY,CM_S2_LEGACY360_MATCHED_GEE,GAO20191020t185458p0000-D_s2_0,COPERNICUS/S2_SR_HARMONIZED,"B1,B2,B3,B4,B5,B6,B7,B8,B8A,B9,B11,B12",2019-10-20T18:54:58Z,2019-10-19T00:00:00Z,2019-10-22T00:00:00Z,2019-10-20T17:35:10Z,20191020T172341_20191020T173303_T13SGR,0.002677,35.791913,31.9946702,-101.78708,submitted; candidates=2; source=legacy_t0_event_day_window
GAO20191023t145412p0000-A,t0,submitted,M4MBXCG4XWO7VXK757UMM3F5,READY,CM_S2_LEGACY360_MATCHED_GEE,GAO20191023t145412p0000-A_s2_0,COPERNICUS/S2_SR_HARMONIZED,"B1,B2,B3,B4,B5,B6,B7,B8,B8A,B9,B11,B12",2019-10-23T17:45:09Z,2019-10-22T00:00:00Z,2019-10-25T00:00:00Z,2019-10-23T17:45:09Z,20191023T173401_20191023T173406_T13SFR,0.003925,0,32.178399,-103.03404,submitted; candidates=1; source=legacy_t0_event_day_window
GAO20191020t185458p0000-C,year,submitted,XPZ554POYYJYCCDIRFKAHUPI,READY,CM_S2_LEGACY360_MATCHED_GEE,GAO20191020t185458p0000-C_s2_year,COPERNICUS/S2_SR_HARMONIZED,"B1,B2,B3,B4,B5,B6,B7,B8,B8A,B9,B11,B12",,2018-08-21T00:00:00Z,2018-11-19T00:00:00Z,2018-08-21T17:34:57Z,20180821T171849_20180821T172807_T14SKA,5.910229,0,31.9902642,-101.87702,submitted; candidates=36; source=legacy_year_event_day_window
GAO20191023t145412p0000-C,year,submitted,QMPXTUOGEDFLKNYJNN2FP3GR,READY,CM_S2_LEGACY360_MATCHED_GEE,GAO20191023t145412p0000-C_s2_year,COPERNICUS/S2_SR_HARMONIZED,"B1,B2,B3,B4,B5,B6,B7,B8,B8A,B9,B11,B12",,2018-08-24T00:00:00Z,2018-11-22T00:00:00Z,2018-08-24T17:44:58Z,20180824T172849_20180824T173639_T13SFR,12.302102,0,32.087424,-103.17195,submitted; candidates=10; source=legacy_year_event_day_window
GAO20191023t145412p0000-B,year,submitted,RNVFDDAAUBBFS3T2REDOHEFH,READY,CM_S2_LEGACY360_MATCHED_GEE,GAO20191023t145412p0000-B_s2_year,COPERNICUS/S2_SR_HARMONIZED,"B1,B2,B3,B4,B5,B6,B7,B8,B8A,B9,B11,B12",,2018-08-24T00:00:00Z,2018-11-22T00:00:00Z,2018-08-24T17:44:58Z,20180824T172849_20180824T173639_T13SFR,12.302102,0,32.149595,-103.05657,submitted; candidates=10; source=legacy_year_event_day_window
GAO20191023t145412p0000-D,seasonal,submitted,3MG6ESPNJI7W67UMQQU7O2VN,READY,CM_S2_LEGACY360_MATCHED_GEE,GAO20191023t145412p0000-D_s2_seasonal,COPERNICUS/S2_SR_HARMONIZED,"B1,B2,B3,B4,B5,B6,B7,B8,B8A,B9,B11,B12",,2019-07-25T00:00:00Z,2019-09-23T00:00:00Z,2019-08-09T17:45:13Z,20190809T172909_20190809T174425_T13SFR,8.454438,0,31.958173,-103.40453,submitted; candidates=4; source=legacy_seasonal_event_day_window
GAO20191023t145412p0000-C,t0,submitted,O7B2WHKSVIA26ZWQ66PI4AAA,READY,CM_S2_LEGACY360_MATCHED_GEE,GAO20191023t145412p0000-C_s2_0,COPERNICUS/S2_SR_HARMONIZED,"B1,B2,B3,B4,B5,B6,B7,B8,B8A,B9,B11,B12",2019-10-23T17:45:09Z,2019-10-22T00:00:00Z,2019-10-25T00:00:00Z,2019-10-23T17:45:09Z,20191023T173401_20191023T173406_T13SFR,0.003925,0,32.087424,-103.17195,submitted; candidates=1; source=legacy_t0_event_day_window
GAO20191023t145412p0000-C,seasonal,submitted,OXLL3BT6NBYCJ2YF56RCX4EH,READY,CM_S2_LEGACY360_MATCHED_GEE,GAO20191023t145412p0000-C_s2_seasonal,COPERNICUS/S2_SR_HARMONIZED,"B1,B2,B3,B4,B5,B6,B7,B8,B8A,B9,B11,B12",,2019-07-25T00:00:00Z,2019-09-23T00:00:00Z,2019-08-09T17:45:13Z,20190809T172909_20190809T174425_T13SFR,8.454438,0,32.087424,-103.17195,submitted; candidates=4; source=legacy_seasonal_event_day_window
GAO20191023t145412p0000-B,seasonal,submitted,RRJGDGVQOXUIILTV7FN5SM3M,READY,CM_S2_LEGACY360_MATCHED_GEE,GAO20191023t145412p0000-B_s2_seasonal,COPERNICUS/S2_SR_HARMONIZED,"B1,B2,B3,B4,B5,B6,B7,B8,B8A,B9,B11,B12",,2019-07-25T00:00:00Z,2019-09-23T00:00:00Z,2019-08-09T17:45:13Z,20190809T172909_20190809T174425_T13SFR,8.454438,0,32.149595,-103.05657,submitted; candidates=4; source=legacy_seasonal_event_day_window
GAO20191023t145412p0000-A,seasonal,submitted,LYKWMZWQS4YSTTKNABN2JJRG,READY,CM_S2_LEGACY360_MATCHED_GEE,GAO20191023t145412p0000-A_s2_seasonal,COPERNICUS/S2_SR_HARMONIZED,"B1,B2,B3,B4,B5,B6,B7,B8,B8A,B9,B11,B12",,2019-07-25T00:00:00Z,2019-09-23T00:00:00Z,2019-08-09T17:45:13Z,20190809T172909_20190809T174425_T13SFR,8.454438,0,32.178399,-103.03404,submitted; candidates=4; source=legacy_seasonal_event_day_window
GAO20191020t185458p0000-D,year,submitted,NUWUFVXN3V4TJAUAY723A6HO,READY,CM_S2_LEGACY360_MATCHED_GEE,GAO20191020t185458p0000-D_s2_year,COPERNICUS/S2_SR_HARMONIZED,"B1,B2,B3,B4,B5,B6,B7,B8,B8A,B9,B11,B12",,2018-08-21T00:00:00Z,2018-11-19T00:00:00Z,2018-08-21T17:34:57Z,20180821T171849_20180821T172807_T14SKA,5.910229,0,31.9946702,-101.78708,submitted; candidates=36; source=legacy_year_event_day_window
GAO20191023t145412p0000-D,t0,submitted,J6O3US5NZHLBC7EHSVXV5DQ4,READY,CM_S2_LEGACY360_MATCHED_GEE,GAO20191023t145412p0000-D_s2_0,COPERNICUS/S2_SR_HARMONIZED,"B1,B2,B3,B4,B5,B6,B7,B8,B8A,B9,B11,B12",2019-10-23T17:45:09Z,2019-10-22T00:00:00Z,2019-10-25T00:00:00Z,2019-10-23T17:45:09Z,20191023T173401_20191023T173406_T13SFR,0.003925,0,31.958173,-103.40453,submitted; candidates=1; source=legacy_t0_event_day_window
GAO20191023t145412p0000-A,year,submitted,QVDZCY3E4YAG2GRMSO3Q3RBH,READY,CM_S2_LEGACY360_MATCHED_GEE,GAO20191023t145412p0000-A_s2_year,COPERNICUS/S2_SR_HARMONIZED,"B1,B2,B3,B4,B5,B6,B7,B8,B8A,B9,B11,B12",,2018-08-24T00:00:00Z,2018-11-22T00:00:00Z,2018-08-24T17:44:58Z,20180824T172849_20180824T173639_T13SFR,12.302102,0,32.178399,-103.03404,submitted; candidates=10; source=legacy_year_event_day_window
GAO20191020t185458p0000-D,seasonal,submitted,D3X7GKDGYGGI3VPMR7FMAJCS,READY,CM_S2_LEGACY360_MATCHED_GEE,GAO20191020t185458p0000-D_s2_seasonal,COPERNICUS/S2_SR_HARMONIZED,"B1,B2,B3,B4,B5,B6,B7,B8,B8A,B9,B11,B12",,2019-07-22T00:00:00Z,2019-09-20T00:00:00Z,2019-07-27T17:35:13Z,20190727T171909_20190727T172917_T14SKA,6.719822,0,31.9946702,-101.78708,submitted; candidates=28; source=legacy_seasonal_event_day_window
GAO20191023t145412p0000-B,t0,submitted,MSSTLZATFK6YZK73DSZ3PMBJ,READY,CM_S2_LEGACY360_MATCHED_GEE,GAO20191023t145412p0000-B_s2_0,COPERNICUS/S2_SR_HARMONIZED,"B1,B2,B3,B4,B5,B6,B7,B8,B8A,B9,B11,B12",2019-10-23T17:45:09Z,2019-10-22T00:00:00Z,2019-10-25T00:00:00Z,2019-10-23T17:45:09Z,20191023T173401_20191023T173406_T13SFR,0.003925,0,32.149595,-103.05657,submitted; candidates=1; source=legacy_t0_event_day_window
GAO20191023t145412p0000-H,t0,submitted,3IZZKJYMJ7626ES4T2NSGJ3Y,READY,CM_S2_LEGACY360_MATCHED_GEE,GAO20191023t145412p0000-H_s2_0,COPERNICUS/S2_SR_HARMONIZED,"B1,B2,B3,B4,B5,B6,B7,B8,B8A,B9,B11,B12",2019-10-23T17:45:09Z,2019-10-22T00:00:00Z,2019-10-25T00:00:00Z,2019-10-23T17:45:09Z,20191023T173401_20191023T173406_T13SFR,0.003925,0,31.87769,-103.55411,submitted; candidates=1; source=legacy_t0_event_day_window
GAO20191023t145412p0000-F,t0,submitted,OYINFL72QTLHWBYRWTVN5C5R,READY,CM_S2_LEGACY360_MATCHED_GEE,GAO20191023t145412p0000-F_s2_0,COPERNICUS/S2_SR_HARMONIZED,"B1,B2,B3,B4,B5,B6,B7,B8,B8A,B9,B11,B12",2019-10-23T17:45:09Z,2019-10-22T00:00:00Z,2019-10-25T00:00:00Z,2019-10-23T17:45:09Z,20191023T173401_20191023T173406_T13SFR,0.003925,0,31.923295,-103.46696,submitted; candidates=1; source=legacy_t0_event_day_window
GAO20191023t145412p0000-G,seasonal,submitted,BTFKFSJJ6OFIYKYPOCF6YH6P,READY,CM_S2_LEGACY360_MATCHED_GEE,GAO20191023t145412p0000-G_s2_seasonal,COPERNICUS/S2_SR_HARMONIZED,"B1,B2,B3,B4,B5,B6,B7,B8,B8A,B9,B11,B12",,2019-07-25T00:00:00Z,2019-09-23T00:00:00Z,2019-08-09T17:45:13Z,20190809T172909_20190809T174425_T13SFR,8.454438,0,31.893472,-103.52396,submitted; candidates=4; source=legacy_seasonal_event_day_window
GAO20191023t145412p0000-F,year,submitted,GE6HZHUZB4GXKPHNUFWMJFN7,READY,CM_S2_LEGACY360_MATCHED_GEE,GAO20191023t145412p0000-F_s2_year,COPERNICUS/S2_SR_HARMONIZED,"B1,B2,B3,B4,B5,B6,B7,B8,B8A,B9,B11,B12",,2018-08-24T00:00:00Z,2018-11-22T00:00:00Z,2018-08-24T17:44:58Z,20180824T172849_20180824T173639_T13SFR,12.302102,0,31.923295,-103.46696,submitted; candidates=10; source=legacy_year_event_day_window
GAO20191023t145412p0000-G,year,submitted,F7RVLNYOFRZ6YBT4IEZLRZY7,READY,CM_S2_LEGACY360_MATCHED_GEE,GAO20191023t145412p0000-G_s2_year,COPERNICUS/S2_SR_HARMONIZED,"B1,B2,B3,B4,B5,B6,B7,B8,B8A,B9,B11,B12",,2018-08-24T00:00:00Z,2018-11-22T00:00:00Z,2018-08-24T17:44:58Z,20180824T172849_20180824T173639_T13SFR,12.302102,0,31.893472,-103.52396,submitted; candidates=10; source=legacy_year_event_day_window
GAO20191023t145412p0000-I,seasonal,submitted,QTJQLYHLFCKYOTKOB4NDNVI4,READY,CM_S2_LEGACY360_MATCHED_GEE,GAO20191023t145412p0000-I_s2_seasonal,COPERNICUS/S2_SR_HARMONIZED,"B1,B2,B3,B4,B5,B6,B7,B8,B8A,B9,B11,B12",,2019-07-25T00:00:00Z,2019-09-23T00:00:00Z,2019-08-09T17:45:13Z,20190809T172909_20190809T174425_T13SFR,8.454438,0,31.855773,-103.55904,submitted; candidates=4; source=legacy_seasonal_event_day_window
GAO20191023t145412p0000-H,year,submitted,3RNKJLI3MWNAQPGHM6ZK32SI,READY,CM_S2_LEGACY360_MATCHED_GEE,GAO20191023t145412p0000-H_s2_year,COPERNICUS/S2_SR_HARMONIZED,"B1,B2,B3,B4,B5,B6,B7,B8,B8A,B9,B11,B12",,2018-08-24T00:00:00Z,2018-11-22T00:00:00Z,2018-08-24T17:44:58Z,20180824T172849_20180824T173639_T13SFR,12.302102,0,31.87769,-103.55411,submitted; candidates=10; source=legacy_year_event_day_window
GAO20191023t145412p0000-H,seasonal,submitted,EJDJ77UWWBHXCVSPL2B7V4FU,READY,CM_S2_LEGACY360_MATCHED_GEE,GAO20191023t145412p0000-H_s2_seasonal,COPERNICUS/S2_SR_HARMONIZED,"B1,B2,B3,B4,B5,B6,B7,B8,B8A,B9,B11,B12",,2019-07-25T00:00:00Z,2019-09-23T00:00:00Z,2019-08-09T17:45:13Z,20190809T172909_20190809T174425_T13SFR,8.454438,0,31.87769,-103.55411,submitted; candidates=4; source=legacy_seasonal_event_day_window
GAO20191023t145412p0000-I,year,submitted,5E4M4OO5SJRNV4BHMBWF3YZY,READY,CM_S2_LEGACY360_MATCHED_GEE,GAO20191023t145412p0000-I_s2_year,COPERNICUS/S2_SR_HARMONIZED,"B1,B2,B3,B4,B5,B6,B7,B8,B8A,B9,B11,B12",,2018-08-24T00:00:00Z,2018-11-22T00:00:00Z,2018-08-24T17:44:58Z,20180824T172849_20180824T173639_T13SFR,12.302102,0,31.855773,-103.55904,submitted; candidates=10; source=legacy_year_event_day_window
GAO20191023t145412p0000-G,t0,submitted,SLEA3QAAUO4RMT7O2JMRKWKL,READY,CM_S2_LEGACY360_MATCHED_GEE,GAO20191023t145412p0000-G_s2_0,COPERNICUS/S2_SR_HARMONIZED,"B1,B2,B3,B4,B5,B6,B7,B8,B8A,B9,B11,B12",2019-10-23T17:45:09Z,2019-10-22T00:00:00Z,2019-10-25T00:00:00Z,2019-10-23T17:45:09Z,20191023T173401_20191023T173406_T13SFR,0.003925,0,31.893472,-103.52396,submitted; candidates=1; source=legacy_t0_event_day_window
GAO20191023t145412p0000-E,seasonal,submitted,IWRXBC6576IK2ROUI25ZT6IC,READY,CM_S2_LEGACY360_MATCHED_GEE,GAO20191023t145412p0000-E_s2_seasonal,COPERNICUS/S2_SR_HARMONIZED,"B1,B2,B3,B4,B5,B6,B7,B8,B8A,B9,B11,B12",,2019-07-25T00:00:00Z,2019-09-23T00:00:00Z,2019-08-09T17:45:13Z,20190809T172909_20190809T174425_T13SFR,8.454438,0,31.929156,-103.42944,submitted; candidates=4; source=legacy_seasonal_event_day_window
GAO20191023t145412p0000-E,t0,submitted,GEK6FDZ3KZIMCYM2VNJBNE3G,READY,CM_S2_LEGACY360_MATCHED_GEE,GAO20191023t145412p0000-E_s2_0,COPERNICUS/S2_SR_HARMONIZED,"B1,B2,B3,B4,B5,B6,B7,B8,B8A,B9,B11,B12",2019-10-23T17:45:09Z,2019-10-22T00:00:00Z,2019-10-25T00:00:00Z,2019-10-23T17:45:09Z,20191023T173401_20191023T173406_T13SFR,0.003925,0,31.929156,-103.42944,submitted; candidates=1; source=legacy_t0_event_day_window
GAO20191023t145412p0000-D,year,submitted,FWTQBQBJR3XP5G3OZXCVFB2N,READY,CM_S2_LEGACY360_MATCHED_GEE,GAO20191023t145412p0000-D_s2_year,COPERNICUS/S2_SR_HARMONIZED,"B1,B2,B3,B4,B5,B6,B7,B8,B8A,B9,B11,B12",,2018-08-24T00:00:00Z,2018-11-22T00:00:00Z,2018-08-24T17:44:58Z,20180824T172849_20180824T173639_T13SFR,12.302102,0,31.958173,-103.40453,submitted; candidates=10; source=legacy_year_event_day_window
GAO20191023t145412p0000-F,seasonal,submitted,6ST3TLNNQ22XXUX7SKGC64EA,READY,CM_S2_LEGACY360_MATCHED_GEE,GAO20191023t145412p0000-F_s2_seasonal,COPERNICUS/S2_SR_HARMONIZED,"B1,B2,B3,B4,B5,B6,B7,B8,B8A,B9,B11,B12",,2019-07-25T00:00:00Z,2019-09-23T00:00:00Z,2019-08-09T17:45:13Z,20190809T172909_20190809T174425_T13SFR,8.454438,0,31.923295,-103.46696,submitted; candidates=4; source=legacy_seasonal_event_day_window
GAO20191023t145412p0000-E,year,submitted,3LL4HH6M3GN5QQEPG7JD72MH,READY,CM_S2_LEGACY360_MATCHED_GEE,GAO20191023t145412p0000-E_s2_year,COPERNICUS/S2_SR_HARMONIZED,"B1,B2,B3,B4,B5,B6,B7,B8,B8A,B9,B11,B12",,2018-08-24T00:00:00Z,2018-11-22T00:00:00Z,2018-08-24T17:44:58Z,20180824T172849_20180824T173639_T13SFR,12.302102,0,31.929156,-103.42944,submitted; candidates=10; source=legacy_year_event_day_window
GAO20191023t145412p0000-I,t0,submitted,YWJS5ELBRQANVE7ZDAQIQ5ZX,READY,CM_S2_LEGACY360_MATCHED_GEE,GAO20191023t145412p0000-I_s2_0,COPERNICUS/S2_SR_HARMONIZED,"B1,B2,B3,B4,B5,B6,B7,B8,B8A,B9,B11,B12",2019-10-23T17:45:09Z,2019-10-22T00:00:00Z,2019-10-25T00:00:00Z,2019-10-23T17:45:09Z,20191023T173401_20191023T173406_T13SFR,0.003925,0,31.855773,-103.55904,submitted; candidates=1; source=legacy_t0_event_day_window
GAO20191023t151100p0000-C,year,submitted,Z35D5Y6GCWFIM3OZGC5FRI4X,READY,CM_S2_LEGACY360_MATCHED_GEE,GAO20191023t151100p0000-C_s2_year,COPERNICUS/S2_SR_HARMONIZED,"B1,B2,B3,B4,B5,B6,B7,B8,B8A,B9,B11,B12",,2018-08-24T00:00:00Z,2018-11-22T00:00:00Z,2018-08-24T17:44:58Z,20180824T172849_20180824T173639_T13SFR,12.302102,0,31.938957,-103.37537,submitted; candidates=10; source=legacy_year_event_day_window
GAO20191023t151100p0000-A,year,submitted,RBAFD23PSDADMMGCN5TV6GS6,READY,CM_S2_LEGACY360_MATCHED_GEE,GAO20191023t151100p0000-A_s2_year,COPERNICUS/S2_SR_HARMONIZED,"B1,B2,B3,B4,B5,B6,B7,B8,B8A,B9,B11,B12",,2018-08-24T00:00:00Z,2018-11-22T00:00:00Z,2018-08-24T17:44:58Z,20180824T172849_20180824T173639_T13SFR,12.302102,0,31.852776,-103.54644,submitted; candidates=10; source=legacy_year_event_day_window
GAO20191023t151100p0000-C,seasonal,submitted,GI7VRZKE7CAQPY6AK3HOPNLO,READY,CM_S2_LEGACY360_MATCHED_GEE,GAO20191023t151100p0000-C_s2_seasonal,COPERNICUS/S2_SR_HARMONIZED,"B1,B2,B3,B4,B5,B6,B7,B8,B8A,B9,B11,B12",,2019-07-25T00:00:00Z,2019-09-23T00:00:00Z,2019-08-09T17:45:13Z,20190809T172909_20190809T174425_T13SFR,8.454438,0,31.938957,-103.37537,submitted; candidates=4; source=legacy_seasonal_event_day_window
GAO20191023t151100p0000-D,seasonal,submitted,4KHT4HVSLBZFGJBODHN4RXZH,READY,CM_S2_LEGACY360_MATCHED_GEE,GAO20191023t151100p0000-D_s2_seasonal,COPERNICUS/S2_SR_HARMONIZED,"B1,B2,B3,B4,B5,B6,B7,B8,B8A,B9,B11,B12",,2019-07-25T00:00:00Z,2019-09-23T00:00:00Z,2019-08-09T17:45:13Z,20190809T172909_20190809T174425_T13SFR,8.454438,0,31.935962,-103.40501,submitted; candidates=4; source=legacy_seasonal_event_day_window
GAO20191023t151100p0000-B,seasonal,submitted,AYT5XS2Y6APNXG5CM2BG3H3Z,READY,CM_S2_LEGACY360_MATCHED_GEE,GAO20191023t151100p0000-B_s2_seasonal,COPERNICUS/S2_SR_HARMONIZED,"B1,B2,B3,B4,B5,B6,B7,B8,B8A,B9,B11,B12",,2019-07-25T00:00:00Z,2019-09-23T00:00:00Z,2019-08-09T17:45:13Z,20190809T172909_20190809T174425_T13SFR,8.454438,0,31.883894,-103.50718,submitted; candidates=4; source=legacy_seasonal_event_day_window
GAO20191023t151100p0000-B,t0,submitted,6JRMF3TLYDDWWXKPPFLSRRYL,READY,CM_S2_LEGACY360_MATCHED_GEE,GAO20191023t151100p0000-B_s2_0,COPERNICUS/S2_SR_HARMONIZED,"B1,B2,B3,B4,B5,B6,B7,B8,B8A,B9,B11,B12",2019-10-23T17:45:09Z,2019-10-22T00:00:00Z,2019-10-25T00:00:00Z,2019-10-23T17:45:09Z,20191023T173401_20191023T173406_T13SFR,0.003925,0,31.883894,-103.50718,submitted; candidates=1; source=legacy_t0_event_day_window
GAO20191023t151100p0000-B,year,submitted,AUPCHOFFC6DS32534IDSMPCM,READY,CM_S2_LEGACY360_MATCHED_GEE,GAO20191023t151100p0000-B_s2_year,COPERNICUS/S2_SR_HARMONIZED,"B1,B2,B3,B4,B5,B6,B7,B8,B8A,B9,B11,B12",,2018-08-24T00:00:00Z,2018-11-22T00:00:00Z,2018-08-24T17:44:58Z,20180824T172849_20180824T173639_T13SFR,12.302102,0,31.883894,-103.50718,submitted; candidates=10; source=legacy_year_event_day_window
GAO20191023t151100p0000-E,year,submitted,WICHSQ263XNHAEAREUI5R6H3,READY,CM_S2_LEGACY360_MATCHED_GEE,GAO20191023t151100p0000-E_s2_year,COPERNICUS/S2_SR_HARMONIZED,"B1,B2,B3,B4,B5,B6,B7,B8,B8A,B9,B11,B12",,2018-08-24T00:00:00Z,2018-11-22T00:00:00Z,2018-08-24T17:44:58Z,20180824T172849_20180824T173639_T13SFR,12.302102,0,31.904265,-103.4421,submitted; candidates=10; source=legacy_year_event_day_window
GAO20191023t151100p0000-E,seasonal,submitted,PYFL3CBKUDM4R5CVBMZOODP2,READY,CM_S2_LEGACY360_MATCHED_GEE,GAO20191023t151100p0000-E_s2_seasonal,COPERNICUS/S2_SR_HARMONIZED,"B1,B2,B3,B4,B5,B6,B7,B8,B8A,B9,B11,B12",,2019-07-25T00:00:00Z,2019-09-23T00:00:00Z,2019-08-09T17:45:13Z,20190809T172909_20190809T174425_T13SFR,8.454438,0,31.904265,-103.4421,submitted; candidates=4; source=legacy_seasonal_event_day_window
GAO20191023t151100p0000-C,t0,submitted,RNAWY4HCPFRKRDLCQ3T2O5TR,READY,CM_S2_LEGACY360_MATCHED_GEE,GAO20191023t151100p0000-C_s2_0,COPERNICUS/S2_SR_HARMONIZED,"B1,B2,B3,B4,B5,B6,B7,B8,B8A,B9,B11,B12",2019-10-23T17:45:09Z,2019-10-22T00:00:00Z,2019-10-25T00:00:00Z,2019-10-23T17:45:09Z,20191023T173401_20191023T173406_T13SFR,0.003925,0,31.938957,-103.37537,submitted; candidates=1; source=legacy_t0_event_day_window
GAO20191023t151100p0000-E,t0,submitted,VPH33FZC3LLS6XSGOPWHD7CJ,READY,CM_S2_LEGACY360_MATCHED_GEE,GAO20191023t151100p0000-E_s2_0,COPERNICUS/S2_SR_HARMONIZED,"B1,B2,B3,B4,B5,B6,B7,B8,B8A,B9,B11,B12",2019-10-23T17:45:09Z,2019-10-22T00:00:00Z,2019-10-25T00:00:00Z,2019-10-23T17:45:09Z,20191023T173401_20191023T173406_T13SFR,0.003925,0,31.904265,-103.4421,submitted; candidates=1; source=legacy_t0_event_day_window
GAO20191023t151100p0000-D,t0,submitted,UYTBX6U7V2RPMRXKSQVE575A,READY,CM_S2_LEGACY360_MATCHED_GEE,GAO20191023t151100p0000-D_s2_0,COPERNICUS/S2_SR_HARMONIZED,"B1,B2,B3,B4,B5,B6,B7,B8,B8A,B9,B11,B12",2019-10-23T17:45:09Z,2019-10-22T00:00:00Z,2019-10-25T00:00:00Z,2019-10-23T17:45:09Z,20191023T173401_20191023T173406_T13SFR,0.003925,0,31.935962,-103.40501,submitted; candidates=1; source=legacy_t0_event_day_window
GAO20191023t151100p0000-A,t0,submitted,TBNSYX6COYY2NMQFLNHZ4YEG,READY,CM_S2_LEGACY360_MATCHED_GEE,GAO20191023t151100p0000-A_s2_0,COPERNICUS/S2_SR_HARMONIZED,"B1,B2,B3,B4,B5,B6,B7,B8,B8A,B9,B11,B12",2019-10-23T17:45:09Z,2019-10-22T00:00:00Z,2019-10-25T00:00:00Z,2019-10-23T17:45:09Z,20191023T173401_20191023T173406_T13SFR,0.003925,0,31.852776,-103.54644,submitted; candidates=1; source=legacy_t0_event_day_window
GAO20191023t151100p0000-D,year,submitted,NT3CUZJBHGV2R323MDTK4SK4,READY,CM_S2_LEGACY360_MATCHED_GEE,GAO20191023t151100p0000-D_s2_year,COPERNICUS/S2_SR_HARMONIZED,"B1,B2,B3,B4,B5,B6,B7,B8,B8A,B9,B11,B12",,2018-08-24T00:00:00Z,2018-11-22T00:00:00Z,2018-08-24T17:44:58Z,20180824T172849_20180824T173639_T13SFR,12.302102,0,31.935962,-103.40501,submitted; candidates=10; source=legacy_year_event_day_window
GAO20191023t151100p0000-A,seasonal,submitted,JVLCYEA67373YI2YHGGN5EDR,READY,CM_S2_LEGACY360_MATCHED_GEE,GAO20191023t151100p0000-A_s2_seasonal,COPERNICUS/S2_SR_HARMONIZED,"B1,B2,B3,B4,B5,B6,B7,B8,B8A,B9,B11,B12",,2019-07-25T00:00:00Z,2019-09-23T00:00:00Z,2019-08-09T17:45:13Z,20190809T172909_20190809T174425_T13SFR,8.454438,0,31.852776,-103.54644,submitted; candidates=4; source=legacy_seasonal_event_day_window
GAO20191023t151100p0000-F,t0,submitted,ONRAAN337ZVLHNZC7AUBCZEV,READY,CM_S2_LEGACY360_MATCHED_GEE,GAO20191023t151100p0000-F_s2_0,COPERNICUS/S2_SR_HARMONIZED,"B1,B2,B3,B4,B5,B6,B7,B8,B8A,B9,B11,B12",2019-10-23T17:45:09Z,2019-10-22T00:00:00Z,2019-10-25T00:00:00Z,2019-10-23T17:45:09Z,20191023T173401_20191023T173406_T13SFR,0.003925,0,31.95494,-103.35891,submitted; candidates=1; source=legacy_t0_event_day_window
GAO20191023t152337p0000-A,year,submitted,QMSUNFKELFABLKXBUQO3JQGS,READY,CM_S2_LEGACY360_MATCHED_GEE,GAO20191023t152337p0000-A_s2_year,COPERNICUS/S2_SR_HARMONIZED,"B1,B2,B3,B4,B5,B6,B7,B8,B8A,B9,B11,B12",,2018-08-24T00:00:00Z,2018-11-22T00:00:00Z,2018-08-24T17:44:58Z,20180824T172849_20180824T173639_T13SFR,12.302102,0,31.966035,-103.28928,submitted; candidates=10; source=legacy_year_event_day_window
GAO20191023t151100p0000-F,year,submitted,7UM3KHYUA6W2ZB55NHIFVOJZ,READY,CM_S2_LEGACY360_MATCHED_GEE,GAO20191023t151100p0000-F_s2_year,COPERNICUS/S2_SR_HARMONIZED,"B1,B2,B3,B4,B5,B6,B7,B8,B8A,B9,B11,B12",,2018-08-24T00:00:00Z,2018-11-22T00:00:00Z,2018-08-24T17:44:58Z,20180824T172849_20180824T173639_T13SFR,12.302102,0,31.95494,-103.35891,submitted; candidates=10; source=legacy_year_event_day_window
GAO20191023t152337p0000-A,t0,submitted,UTFHIYOXYV2B555MNNEN2E4D,READY,CM_S2_LEGACY360_MATCHED_GEE,GAO20191023t152337p0000-A_s2_0,COPERNICUS/S2_SR_HARMONIZED,"B1,B2,B3,B4,B5,B6,B7,B8,B8A,B9,B11,B12",2019-10-23T17:45:09Z,2019-10-22T00:00:00Z,2019-10-25T00:00:00Z,2019-10-23T17:45:09Z,20191023T173401_20191023T173406_T13SFR,0.003925,0,31.966035,-103.28928,submitted; candidates=1; source=legacy_t0_event_day_window
GAO20191023t152337p0000-C,seasonal,submitted,RVU5UBJ7TWVI55SBTBZ3HU2R,READY,CM_S2_LEGACY360_MATCHED_GEE,GAO20191023t152337p0000-C_s2_seasonal,COPERNICUS/S2_SR_HARMONIZED,"B1,B2,B3,B4,B5,B6,B7,B8,B8A,B9,B11,B12",,2019-07-25T00:00:00Z,2019-09-23T00:00:00Z,2019-08-09T17:45:13Z,20190809T172909_20190809T174425_T13SFR,8.454438,0,31.939496,-103.361,submitted; candidates=4; source=legacy_seasonal_event_day_window
GAO20191023t152337p0000-A,seasonal,submitted,TVOG3IGVN7ZDQ2VGRRVCYATF,READY,CM_S2_LEGACY360_MATCHED_GEE,GAO20191023t152337p0000-A_s2_seasonal,COPERNICUS/S2_SR_HARMONIZED,"B1,B2,B3,B4,B5,B6,B7,B8,B8A,B9,B11,B12",,2019-07-25T00:00:00Z,2019-09-23T00:00:00Z,2019-08-09T17:45:13Z,20190809T172909_20190809T174425_T13SFR,8.454438,0,31.966035,-103.28928,submitted; candidates=4; source=legacy_seasonal_event_day_window
GAO20191023t152337p0000-D,t0,submitted,KASEVR6LTH2LZRRHRIR3MGYF,READY,CM_S2_LEGACY360_MATCHED_GEE,GAO20191023t152337p0000-D_s2_0,COPERNICUS/S2_SR_HARMONIZED,"B1,B2,B3,B4,B5,B6,B7,B8,B8A,B9,B11,B12",2019-10-23T17:45:09Z,2019-10-22T00:00:00Z,2019-10-25T00:00:00Z,2019-10-23T17:45:09Z,20191023T173401_20191023T173406_T13SFR,0.003925,0,31.919306,-103.38866,submitted; candidates=1; source=legacy_t0_event_day_window
GAO20191023t152337p0000-D,seasonal,submitted,U3SPAQAHX2SR4LZI3V6TDBP7,READY,CM_S2_LEGACY360_MATCHED_GEE,GAO20191023t152337p0000-D_s2_seasonal,COPERNICUS/S2_SR_HARMONIZED,"B1,B2,B3,B4,B5,B6,B7,B8,B8A,B9,B11,B12",,2019-07-25T00:00:00Z,2019-09-23T00:00:00Z,2019-08-09T17:45:13Z,20190809T172909_20190809T174425_T13SFR,8.454438,0,31.919306,-103.38866,submitted; candidates=4; source=legacy_seasonal_event_day_window
GAO20191023t152337p0000-B,t0,submitted,N25HRSLTG7B5RXH4667L4SET,READY,CM_S2_LEGACY360_MATCHED_GEE,GAO20191023t152337p0000-B_s2_0,COPERNICUS/S2_SR_HARMONIZED,"B1,B2,B3,B4,B5,B6,B7,B8,B8A,B9,B11,B12",2019-10-23T17:45:09Z,2019-10-22T00:00:00Z,2019-10-25T00:00:00Z,2019-10-23T17:45:09Z,20191023T173401_20191023T173406_T13SFR,0.003925,0,31.935083,-103.32859,submitted; candidates=1; source=legacy_t0_event_day_window
GAO20191023t152337p0000-E,seasonal,submitted,RZPIFDQGLO5ETZQDBOX3NE3Y,READY,CM_S2_LEGACY360_MATCHED_GEE,GAO20191023t152337p0000-E_s2_seasonal,COPERNICUS/S2_SR_HARMONIZED,"B1,B2,B3,B4,B5,B6,B7,B8,B8A,B9,B11,B12",,2019-07-25T00:00:00Z,2019-09-23T00:00:00Z,2019-08-09T17:45:13Z,20190809T172909_20190809T174425_T13SFR,8.454438,0,31.916787,-103.39742,submitted; candidates=4; source=legacy_seasonal_event_day_window
GAO20191023t152337p0000-C,year,submitted,ERRAZ4GSPZWBUNDD42IBKSN2,READY,CM_S2_LEGACY360_MATCHED_GEE,GAO20191023t152337p0000-C_s2_year,COPERNICUS/S2_SR_HARMONIZED,"B1,B2,B3,B4,B5,B6,B7,B8,B8A,B9,B11,B12",,2018-08-24T00:00:00Z,2018-11-22T00:00:00Z,2018-08-24T17:44:58Z,20180824T172849_20180824T173639_T13SFR,12.302102,0,31.939496,-103.361,submitted; candidates=10; source=legacy_year_event_day_window
GAO20191023t152337p0000-E,t0,submitted,POMRRTUMMHQICP3YWCBRY247,READY,CM_S2_LEGACY360_MATCHED_GEE,GAO20191023t152337p0000-E_s2_0,COPERNICUS/S2_SR_HARMONIZED,"B1,B2,B3,B4,B5,B6,B7,B8,B8A,B9,B11,B12",2019-10-23T17:45:09Z,2019-10-22T00:00:00Z,2019-10-25T00:00:00Z,2019-10-23T17:45:09Z,20191023T173401_20191023T173406_T13SFR,0.003925,0,31.916787,-103.39742,submitted; candidates=1; source=legacy_t0_event_day_window
GAO20191023t152337p0000-C,t0,submitted,HZONYYBSSWIVUFELBJFYNIH3,READY,CM_S2_LEGACY360_MATCHED_GEE,GAO20191023t152337p0000-C_s2_0,COPERNICUS/S2_SR_HARMONIZED,"B1,B2,B3,B4,B5,B6,B7,B8,B8A,B9,B11,B12",2019-10-23T17:45:09Z,2019-10-22T00:00:00Z,2019-10-25T00:00:00Z,2019-10-23T17:45:09Z,20191023T173401_20191023T173406_T13SFR,0.003925,0,31.939496,-103.361,submitted; candidates=1; source=legacy_t0_event_day_window
GAO20191023t152337p0000-B,year,submitted,QIRDGZMYLSC5YNDQWWWV34PH,READY,CM_S2_LEGACY360_MATCHED_GEE,GAO20191023t152337p0000-B_s2_year,COPERNICUS/S2_SR_HARMONIZED,"B1,B2,B3,B4,B5,B6,B7,B8,B8A,B9,B11,B12",,2018-08-24T00:00:00Z,2018-11-22T00:00:00Z,2018-08-24T17:44:58Z,20180824T172849_20180824T173639_T13SFR,12.302102,0,31.935083,-103.32859,submitted; candidates=10; source=legacy_year_event_day_window
GAO20191023t151100p0000-F,seasonal,submitted,Q7JAIV56D6NWNYF6H6CGYNL3,READY,CM_S2_LEGACY360_MATCHED_GEE,GAO20191023t151100p0000-F_s2_seasonal,COPERNICUS/S2_SR_HARMONIZED,"B1,B2,B3,B4,B5,B6,B7,B8,B8A,B9,B11,B12",,2019-07-25T00:00:00Z,2019-09-23T00:00:00Z,2019-08-09T17:45:13Z,20190809T172909_20190809T174425_T13SFR,8.454438,0,31.95494,-103.35891,submitted; candidates=4; source=legacy_seasonal_event_day_window
GAO20191023t152337p0000-D,year,submitted,GA27WXPNKAWCBSNREUTNIAMB,READY,CM_S2_LEGACY360_MATCHED_GEE,GAO20191023t152337p0000-D_s2_year,COPERNICUS/S2_SR_HARMONIZED,"B1,B2,B3,B4,B5,B6,B7,B8,B8A,B9,B11,B12",,2018-08-24T00:00:00Z,2018-11-22T00:00:00Z,2018-08-24T17:44:58Z,20180824T172849_20180824T173639_T13SFR,12.302102,0,31.919306,-103.38866,submitted; candidates=10; source=legacy_year_event_day_window
GAO20191023t152337p0000-B,seasonal,submitted,Z6Y7GWWZXW4LTCNCI4BMFYX2,READY,CM_S2_LEGACY360_MATCHED_GEE,GAO20191023t152337p0000-B_s2_seasonal,COPERNICUS/S2_SR_HARMONIZED,"B1,B2,B3,B4,B5,B6,B7,B8,B8A,B9,B11,B12",,2019-07-25T00:00:00Z,2019-09-23T00:00:00Z,2019-08-09T17:45:13Z,20190809T172909_20190809T174425_T13SFR,8.454438,0,31.935083,-103.32859,submitted; candidates=4; source=legacy_seasonal_event_day_window
GAO20191023t152337p0000-F,seasonal,submitted,EVVGSKLRELYT4DDBSG3VDWN4,READY,CM_S2_LEGACY360_MATCHED_GEE,GAO20191023t152337p0000-F_s2_seasonal,COPERNICUS/S2_SR_HARMONIZED,"B1,B2,B3,B4,B5,B6,B7,B8,B8A,B9,B11,B12",,2019-07-25T00:00:00Z,2019-09-23T00:00:00Z,2019-08-09T17:45:13Z,20190809T172909_20190809T174425_T13SFR,8.454438,0,31.90005,-103.39688,submitted; candidates=4; source=legacy_seasonal_event_day_window
GAO20191023t152337p0000-E,year,submitted,VTYZ4IVCWX3QJFEZ244UJXYC,READY,CM_S2_LEGACY360_MATCHED_GEE,GAO20191023t152337p0000-E_s2_year,COPERNICUS/S2_SR_HARMONIZED,"B1,B2,B3,B4,B5,B6,B7,B8,B8A,B9,B11,B12",,2018-08-24T00:00:00Z,2018-11-22T00:00:00Z,2018-08-24T17:44:58Z,20180824T172849_20180824T173639_T13SFR,12.302102,0,31.916787,-103.39742,submitted; candidates=10; source=legacy_year_event_day_window
GAO20191023t152337p0000-G,seasonal,submitted,V6DV65OE5HCX6UP3X2PJVCAJ,READY,CM_S2_LEGACY360_MATCHED_GEE,GAO20191023t152337p0000-G_s2_seasonal,COPERNICUS/S2_SR_HARMONIZED,"B1,B2,B3,B4,B5,B6,B7,B8,B8A,B9,B11,B12",,2019-07-25T00:00:00Z,2019-09-23T00:00:00Z,2019-08-09T17:45:13Z,20190809T172909_20190809T174425_T13SFR,8.454438,0,31.852694,-103.51556,submitted; candidates=4; source=legacy_seasonal_event_day_window
GAO20191023t152337p0000-I,seasonal,submitted,YR2UGBU6DOB2Q3AFAZZ5T2BF,READY,CM_S2_LEGACY360_MATCHED_GEE,GAO20191023t152337p0000-I_s2_seasonal,COPERNICUS/S2_SR_HARMONIZED,"B1,B2,B3,B4,B5,B6,B7,B8,B8A,B9,B11,B12",,2019-07-25T00:00:00Z,2019-09-23T00:00:00Z,2019-08-09T17:45:13Z,20190809T172909_20190809T174425_T13SFR,8.454438,0,31.828475,-103.51385,submitted; candidates=4; source=legacy_seasonal_event_day_window
GAO20191023t152337p0000-H,t0,submitted,VBN5LGVOZK3V7P3KI44KS2WQ,READY,CM_S2_LEGACY360_MATCHED_GEE,GAO20191023t152337p0000-H_s2_0,COPERNICUS/S2_SR_HARMONIZED,"B1,B2,B3,B4,B5,B6,B7,B8,B8A,B9,B11,B12",2019-10-23T17:45:09Z,2019-10-22T00:00:00Z,2019-10-25T00:00:00Z,2019-10-23T17:45:09Z,20191023T173401_20191023T173406_T13SFR,0.003925,0,31.847548,-103.50756,submitted; candidates=1; source=legacy_t0_event_day_window
GAO20191023t152337p0000-G,t0,submitted,QCWFK2XYNBJWZ4KUVMBEPOLD,READY,CM_S2_LEGACY360_MATCHED_GEE,GAO20191023t152337p0000-G_s2_0,COPERNICUS/S2_SR_HARMONIZED,"B1,B2,B3,B4,B5,B6,B7,B8,B8A,B9,B11,B12",2019-10-23T17:45:09Z,2019-10-22T00:00:00Z,2019-10-25T00:00:00Z,2019-10-23T17:45:09Z,20191023T173401_20191023T173406_T13SFR,0.003925,0,31.852694,-103.51556,submitted; candidates=1; source=legacy_t0_event_day_window
GAO20191023t152337p0000-I,year,submitted,LUWG3GOGFUMXGJU723PSMQ3S,READY,CM_S2_LEGACY360_MATCHED_GEE,GAO20191023t152337p0000-I_s2_year,COPERNICUS/S2_SR_HARMONIZED,"B1,B2,B3,B4,B5,B6,B7,B8,B8A,B9,B11,B12",,2018-08-24T00:00:00Z,2018-11-22T00:00:00Z,2018-08-24T17:44:58Z,20180824T172849_20180824T173639_T13SFR,12.302102,0,31.828475,-103.51385,submitted; candidates=10; source=legacy_year_event_day_window
GAO20191023t152337p0000-J,t0,submitted,TV4EH35VLNYFBC265CCAYCBN,READY,CM_S2_LEGACY360_MATCHED_GEE,GAO20191023t152337p0000-J_s2_0,COPERNICUS/S2_SR_HARMONIZED,"B1,B2,B3,B4,B5,B6,B7,B8,B8A,B9,B11,B12",2019-10-23T17:45:09Z,2019-10-22T00:00:00Z,2019-10-25T00:00:00Z,2019-10-23T17:45:09Z,20191023T173401_20191023T173406_T13SFR,0.003925,0,31.984202,-103.25909,submitted; candidates=1; source=legacy_t0_event_day_window
GAO20191023t152337p0000-H,year,submitted,EUHD3BFFYBQLPMWCRKNVY3HK,READY,CM_S2_LEGACY360_MATCHED_GEE,GAO20191023t152337p0000-H_s2_year,COPERNICUS/S2_SR_HARMONIZED,"B1,B2,B3,B4,B5,B6,B7,B8,B8A,B9,B11,B12",,2018-08-24T00:00:00Z,2018-11-22T00:00:00Z,2018-08-24T17:44:58Z,20180824T172849_20180824T173639_T13SFR,12.302102,0,31.847548,-103.50756,submitted; candidates=10; source=legacy_year_event_day_window
GAO20191023t152337p0000-J,seasonal,submitted,ASY7NJEOP4MN46JANVWAQP23,READY,CM_S2_LEGACY360_MATCHED_GEE,GAO20191023t152337p0000-J_s2_seasonal,COPERNICUS/S2_SR_HARMONIZED,"B1,B2,B3,B4,B5,B6,B7,B8,B8A,B9,B11,B12",,2019-07-25T00:00:00Z,2019-09-23T00:00:00Z,2019-08-09T17:45:13Z,20190809T172909_20190809T174425_T13SFR,8.454438,0,31.984202,-103.25909,submitted; candidates=4; source=legacy_seasonal_event_day_window
GAO20191023t152337p0000-G,year,submitted,4CHGCLF5YFVKI5QMI3VSS3Y7,READY,CM_S2_LEGACY360_MATCHED_GEE,GAO20191023t152337p0000-G_s2_year,COPERNICUS/S2_SR_HARMONIZED,"B1,B2,B3,B4,B5,B6,B7,B8,B8A,B9,B11,B12",,2018-08-24T00:00:00Z,2018-11-22T00:00:00Z,2018-08-24T17:44:58Z,20180824T172849_20180824T173639_T13SFR,12.302102,0,31.852694,-103.51556,submitted; candidates=10; source=legacy_year_event_day_window
GAO20191023t152337p0000-F,year,submitted,5OOMF3OBAT6EFWDZGFSZDGQC,READY,CM_S2_LEGACY360_MATCHED_GEE,GAO20191023t152337p0000-F_s2_year,COPERNICUS/S2_SR_HARMONIZED,"B1,B2,B3,B4,B5,B6,B7,B8,B8A,B9,B11,B12",,2018-08-24T00:00:00Z,2018-11-22T00:00:00Z,2018-08-24T17:44:58Z,20180824T172849_20180824T173639_T13SFR,12.302102,0,31.90005,-103.39688,submitted; candidates=10; source=legacy_year_event_day_window
GAO20191023t152337p0000-H,seasonal,submitted,LGA4B7DZ7PNSABLAFVCG5FCK,READY,CM_S2_LEGACY360_MATCHED_GEE,GAO20191023t152337p0000-H_s2_seasonal,COPERNICUS/S2_SR_HARMONIZED,"B1,B2,B3,B4,B5,B6,B7,B8,B8A,B9,B11,B12",,2019-07-25T00:00:00Z,2019-09-23T00:00:00Z,2019-08-09T17:45:13Z,20190809T172909_20190809T174425_T13SFR,8.454438,0,31.847548,-103.50756,submitted; candidates=4; source=legacy_seasonal_event_day_window
GAO20191023t152337p0000-J,year,submitted,YIIRMD6F6G2VIGN2UQPEKHQR,READY,CM_S2_LEGACY360_MATCHED_GEE,GAO20191023t152337p0000-J_s2_year,COPERNICUS/S2_SR_HARMONIZED,"B1,B2,B3,B4,B5,B6,B7,B8,B8A,B9,B11,B12",,2018-08-24T00:00:00Z,2018-11-22T00:00:00Z,2018-08-24T17:44:58Z,20180824T172849_20180824T173639_T13SFR,12.302102,0,31.984202,-103.25909,submitted; candidates=10; source=legacy_year_event_day_window
GAO20191023t152337p0000-F,t0,submitted,KDLERKG2UGYQV2YN7YQZZLXK,READY,CM_S2_LEGACY360_MATCHED_GEE,GAO20191023t152337p0000-F_s2_0,COPERNICUS/S2_SR_HARMONIZED,"B1,B2,B3,B4,B5,B6,B7,B8,B8A,B9,B11,B12",2019-10-23T17:45:09Z,2019-10-22T00:00:00Z,2019-10-25T00:00:00Z,2019-10-23T17:45:09Z,20191023T173401_20191023T173406_T13SFR,0.003925,0,31.90005,-103.39688,submitted; candidates=1; source=legacy_t0_event_day_window
GAO20191023t152337p0000-I,t0,submitted,PCLGPKBV73S2CMNPLLE7KOOK,READY,CM_S2_LEGACY360_MATCHED_GEE,GAO20191023t152337p0000-I_s2_0,COPERNICUS/S2_SR_HARMONIZED,"B1,B2,B3,B4,B5,B6,B7,B8,B8A,B9,B11,B12",2019-10-23T17:45:09Z,2019-10-22T00:00:00Z,2019-10-25T00:00:00Z,2019-10-23T17:45:09Z,20191023T173401_20191023T173406_T13SFR,0.003925,0,31.828475,-103.51385,submitted; candidates=1; source=legacy_t0_event_day_window
GAO20191023t153942p0000-B,t0,submitted,VRGSFJ7OWQDYQNNMZ36BAWZG,READY,CM_S2_LEGACY360_MATCHED_GEE,GAO20191023t153942p0000-B_s2_0,COPERNICUS/S2_SR_HARMONIZED,"B1,B2,B3,B4,B5,B6,B7,B8,B8A,B9,B11,B12",2019-10-23T17:45:09Z,2019-10-22T00:00:00Z,2019-10-25T00:00:00Z,2019-10-23T17:45:09Z,20191023T173401_20191023T173406_T13SFR,0.003925,0,31.900371,-103.3973,submitted; candidates=1; source=legacy_t0_event_day_window
GAO20191023t153942p0000-C,seasonal,submitted,7T37Y6W6ZQOCVJ2IUZQXP44V,READY,CM_S2_LEGACY360_MATCHED_GEE,GAO20191023t153942p0000-C_s2_seasonal,COPERNICUS/S2_SR_HARMONIZED,"B1,B2,B3,B4,B5,B6,B7,B8,B8A,B9,B11,B12",,2019-07-25T00:00:00Z,2019-09-23T00:00:00Z,2019-08-09T17:45:13Z,20190809T172909_20190809T174425_T13SFR,8.454438,0,31.828503,-103.51377,submitted; candidates=4; source=legacy_seasonal_event_day_window
GAO20191023t153942p0000-C,year,submitted,XN2ML2E6D7DZ62ASHT44W7J4,READY,CM_S2_LEGACY360_MATCHED_GEE,GAO20191023t153942p0000-C_s2_year,COPERNICUS/S2_SR_HARMONIZED,"B1,B2,B3,B4,B5,B6,B7,B8,B8A,B9,B11,B12",,2018-08-24T00:00:00Z,2018-11-22T00:00:00Z,2018-08-24T17:44:58Z,20180824T172849_20180824T173639_T13SFR,12.302102,0,31.828503,-103.51377,submitted; candidates=10; source=legacy_year_event_day_window
GAO20191023t153942p0000-C,t0,submitted,TJP7TDFV4M2VKQ7OQDZT7GIE,READY,CM_S2_LEGACY360_MATCHED_GEE,GAO20191023t153942p0000-C_s2_0,COPERNICUS/S2_SR_HARMONIZED,"B1,B2,B3,B4,B5,B6,B7,B8,B8A,B9,B11,B12",2019-10-23T17:45:09Z,2019-10-22T00:00:00Z,2019-10-25T00:00:00Z,2019-10-23T17:45:09Z,20191023T173401_20191023T173406_T13SFR,0.003925,0,31.828503,-103.51377,submitted; candidates=1; source=legacy_t0_event_day_window
GAO20191023t155252p0000-A,t0,submitted,MBQFBBB4IASUTQ2LNMHMHC74,READY,CM_S2_LEGACY360_MATCHED_GEE,GAO20191023t155252p0000-A_s2_0,COPERNICUS/S2_SR_HARMONIZED,"B1,B2,B3,B4,B5,B6,B7,B8,B8A,B9,B11,B12",2019-10-23T17:45:09Z,2019-10-22T00:00:00Z,2019-10-25T00:00:00Z,2019-10-23T17:45:09Z,20191023T173401_20191023T173406_T13SFR,0.003925,0,31.825061,-103.46968,submitted; candidates=1; source=legacy_t0_event_day_window
GAO20191023t153942p0000-D,year,submitted,D56ELO4YKHEKQE5FJWEWD5J2,READY,CM_S2_LEGACY360_MATCHED_GEE,GAO20191023t153942p0000-D_s2_year,COPERNICUS/S2_SR_HARMONIZED,"B1,B2,B3,B4,B5,B6,B7,B8,B8A,B9,B11,B12",,2018-08-24T00:00:00Z,2018-11-22T00:00:00Z,2018-08-24T17:44:58Z,20180824T172849_20180824T173639_T13SFR,12.302102,0,31.81539,-103.51265,submitted; candidates=10; source=legacy_year_event_day_window
GAO20191023t153942p0000-A,seasonal,submitted,HOQYSDEQOURMLI2G24KVNACO,READY,CM_S2_LEGACY360_MATCHED_GEE,GAO20191023t153942p0000-A_s2_seasonal,COPERNICUS/S2_SR_HARMONIZED,"B1,B2,B3,B4,B5,B6,B7,B8,B8A,B9,B11,B12",,2019-07-25T00:00:00Z,2019-09-23T00:00:00Z,2019-08-09T17:45:13Z,20190809T172909_20190809T174425_T13SFR,8.454438,0,31.935117,-103.32845,submitted; candidates=4; source=legacy_seasonal_event_day_window
GAO20191023t153942p0000-A,year,submitted,6OTXSBSFJYCWTT5HEP5U2J56,READY,CM_S2_LEGACY360_MATCHED_GEE,GAO20191023t153942p0000-A_s2_year,COPERNICUS/S2_SR_HARMONIZED,"B1,B2,B3,B4,B5,B6,B7,B8,B8A,B9,B11,B12",,2018-08-24T00:00:00Z,2018-11-22T00:00:00Z,2018-08-24T17:44:58Z,20180824T172849_20180824T173639_T13SFR,12.302102,0,31.935117,-103.32845,submitted; candidates=10; source=legacy_year_event_day_window
GAO20191023t152337p0000-K,year,submitted,GC6HWJ77JBO767GHBAXRTJ66,READY,CM_S2_LEGACY360_MATCHED_GEE,GAO20191023t152337p0000-K_s2_year,COPERNICUS/S2_SR_HARMONIZED,"B1,B2,B3,B4,B5,B6,B7,B8,B8A,B9,B11,B12",,2018-08-24T00:00:00Z,2018-11-22T00:00:00Z,2018-08-24T17:44:58Z,20180824T172849_20180824T173639_T13SFR,12.302102,0,31.862784,-103.47764,submitted; candidates=10; source=legacy_year_event_day_window
GAO20191023t153942p0000-B,year,submitted,QSZ7YYR2XS2PAI4JWJ3ENDBB,READY,CM_S2_LEGACY360_MATCHED_GEE,GAO20191023t153942p0000-B_s2_year,COPERNICUS/S2_SR_HARMONIZED,"B1,B2,B3,B4,B5,B6,B7,B8,B8A,B9,B11,B12",,2018-08-24T00:00:00Z,2018-11-22T00:00:00Z,2018-08-24T17:44:58Z,20180824T172849_20180824T173639_T13SFR,12.302102,0,31.900371,-103.3973,submitted; candidates=10; source=legacy_year_event_day_window
GAO20191023t153942p0000-B,seasonal,submitted,4BMWDJ7QTR5ZTMBLJEDVSZ3F,READY,CM_S2_LEGACY360_MATCHED_GEE,GAO20191023t153942p0000-B_s2_seasonal,COPERNICUS/S2_SR_HARMONIZED,"B1,B2,B3,B4,B5,B6,B7,B8,B8A,B9,B11,B12",,2019-07-25T00:00:00Z,2019-09-23T00:00:00Z,2019-08-09T17:45:13Z,20190809T172909_20190809T174425_T13SFR,8.454438,0,31.900371,-103.3973,submitted; candidates=4; source=legacy_seasonal_event_day_window
GAO20191023t153942p0000-D,seasonal,submitted,QCSM7DJU64AQANRB2DPXCFAE,READY,CM_S2_LEGACY360_MATCHED_GEE,GAO20191023t153942p0000-D_s2_seasonal,COPERNICUS/S2_SR_HARMONIZED,"B1,B2,B3,B4,B5,B6,B7,B8,B8A,B9,B11,B12",,2019-07-25T00:00:00Z,2019-09-23T00:00:00Z,2019-08-09T17:45:13Z,20190809T172909_20190809T174425_T13SFR,8.454438,0,31.81539,-103.51265,submitted; candidates=4; source=legacy_seasonal_event_day_window
GAO20191023t153942p0000-A,t0,submitted,2RFSALAGESGFQE5C6NC3DWG5,READY,CM_S2_LEGACY360_MATCHED_GEE,GAO20191023t153942p0000-A_s2_0,COPERNICUS/S2_SR_HARMONIZED,"B1,B2,B3,B4,B5,B6,B7,B8,B8A,B9,B11,B12",2019-10-23T17:45:09Z,2019-10-22T00:00:00Z,2019-10-25T00:00:00Z,2019-10-23T17:45:09Z,20191023T173401_20191023T173406_T13SFR,0.003925,0,31.935117,-103.32845,submitted; candidates=1; source=legacy_t0_event_day_window
GAO20191023t152337p0000-K,seasonal,submitted,SL37SBHIDA5THBSTVBYVGGA2,READY,CM_S2_LEGACY360_MATCHED_GEE,GAO20191023t152337p0000-K_s2_seasonal,COPERNICUS/S2_SR_HARMONIZED,"B1,B2,B3,B4,B5,B6,B7,B8,B8A,B9,B11,B12",,2019-07-25T00:00:00Z,2019-09-23T00:00:00Z,2019-08-09T17:45:13Z,20190809T172909_20190809T174425_T13SFR,8.454438,0,31.862784,-103.47764,submitted; candidates=4; source=legacy_seasonal_event_day_window
GAO20191023t153942p0000-D,t0,submitted,PXZB7RDKNAJCWOSHAGPI4GHM,READY,CM_S2_LEGACY360_MATCHED_GEE,GAO20191023t153942p0000-D_s2_0,COPERNICUS/S2_SR_HARMONIZED,"B1,B2,B3,B4,B5,B6,B7,B8,B8A,B9,B11,B12",2019-10-23T17:45:09Z,2019-10-22T00:00:00Z,2019-10-25T00:00:00Z,2019-10-23T17:45:09Z,20191023T173401_20191023T173406_T13SFR,0.003925,0,31.81539,-103.51265,submitted; candidates=1; source=legacy_t0_event_day_window
GAO20191023t152337p0000-K,t0,submitted,F43DSR6RYRMH75CKDCAPKZJD,READY,CM_S2_LEGACY360_MATCHED_GEE,GAO20191023t152337p0000-K_s2_0,COPERNICUS/S2_SR_HARMONIZED,"B1,B2,B3,B4,B5,B6,B7,B8,B8A,B9,B11,B12",2019-10-23T17:45:09Z,2019-10-22T00:00:00Z,2019-10-25T00:00:00Z,2019-10-23T17:45:09Z,20191023T173401_20191023T173406_T13SFR,0.003925,0,31.862784,-103.47764,submitted; candidates=1; source=legacy_t0_event_day_window
GAO20191023t162142p0000-A,year,submitted,E66VTNJCBJN5VTM6EWJG664E,READY,CM_S2_LEGACY360_MATCHED_GEE,GAO20191023t162142p0000-A_s2_year,COPERNICUS/S2_SR_HARMONIZED,"B1,B2,B3,B4,B5,B6,B7,B8,B8A,B9,B11,B12",,2018-08-24T00:00:00Z,2018-11-22T00:00:00Z,2018-08-24T17:44:58Z,20180824T172849_20180824T173639_T13SFR,12.302102,0,31.841794,-103.31964,submitted; candidates=10; source=legacy_year_event_day_window
GAO20191023t155252p0000-A,seasonal,submitted,ZZNCIDNWCEY3UJEKCPZEUYKH,READY,CM_S2_LEGACY360_MATCHED_GEE,GAO20191023t155252p0000-A_s2_seasonal,COPERNICUS/S2_SR_HARMONIZED,"B1,B2,B3,B4,B5,B6,B7,B8,B8A,B9,B11,B12",,2019-07-25T00:00:00Z,2019-09-23T00:00:00Z,2019-08-09T17:45:13Z,20190809T172909_20190809T174425_T13SFR,8.454438,0,31.825061,-103.46968,submitted; candidates=4; source=legacy_seasonal_event_day_window
GAO20191023t155252p0000-B,seasonal,submitted,D5P74JLI53TE4JJ2HQJHSSXB,READY,CM_S2_LEGACY360_MATCHED_GEE,GAO20191023t155252p0000-B_s2_seasonal,COPERNICUS/S2_SR_HARMONIZED,"B1,B2,B3,B4,B5,B6,B7,B8,B8A,B9,B11,B12",,2019-07-25T00:00:00Z,2019-09-23T00:00:00Z,2019-08-09T17:45:13Z,20190809T172909_20190809T174425_T13SFR,8.454438,0,31.839922,-103.44959,submitted; candidates=4; source=legacy_seasonal_event_day_window
GAO20191023t160830p0000-B,t0,submitted,FPPW646CUAOD76SPHKJXFPTI,READY,CM_S2_LEGACY360_MATCHED_GEE,GAO20191023t160830p0000-B_s2_0,COPERNICUS/S2_SR_HARMONIZED,"B1,B2,B3,B4,B5,B6,B7,B8,B8A,B9,B11,B12",2019-10-23T17:45:09Z,2019-10-22T00:00:00Z,2019-10-25T00:00:00Z,2019-10-23T17:45:09Z,20191023T173401_20191023T173406_T13SFR,0.003925,0,32.059948,-103.0151,submitted; candidates=1; source=legacy_t0_event_day_window
GAO20191023t160830p0000-A,seasonal,submitted,URDARMUX5PTSIQ2A3YN3R4LE,READY,CM_S2_LEGACY360_MATCHED_GEE,GAO20191023t160830p0000-A_s2_seasonal,COPERNICUS/S2_SR_HARMONIZED,"B1,B2,B3,B4,B5,B6,B7,B8,B8A,B9,B11,B12",,2019-07-25T00:00:00Z,2019-09-23T00:00:00Z,2019-08-09T17:45:13Z,20190809T172909_20190809T174425_T13SFR,8.454438,0,31.974837,-103.14957,submitted; candidates=4; source=legacy_seasonal_event_day_window
GAO20191023t155252p0000-B,t0,submitted,JMXCLINTMDQQWTJYLC6UQTUJ,READY,CM_S2_LEGACY360_MATCHED_GEE,GAO20191023t155252p0000-B_s2_0,COPERNICUS/S2_SR_HARMONIZED,"B1,B2,B3,B4,B5,B6,B7,B8,B8A,B9,B11,B12",2019-10-23T17:45:09Z,2019-10-22T00:00:00Z,2019-10-25T00:00:00Z,2019-10-23T17:45:09Z,20191023T173401_20191023T173406_T13SFR,0.003925,0,31.839922,-103.44959,submitted; candidates=1; source=legacy_t0_event_day_window
GAO20191023t163642p0000-A,t0,submitted,74PSV264K74P6UDVBXUF4GB3,READY,CM_S2_LEGACY360_MATCHED_GEE,GAO20191023t163642p0000-A_s2_0,COPERNICUS/S2_SR_HARMONIZED,"B1,B2,B3,B4,B5,B6,B7,B8,B8A,B9,B11,B12",2019-10-23T17:45:09Z,2019-10-22T00:00:00Z,2019-10-25T00:00:00Z,2019-10-23T17:45:09Z,20191023T173401_20191023T173406_T13SFR,0.003925,0,31.841836,-103.31962,submitted; candidates=1; source=legacy_t0_event_day_window
GAO20191023t160830p0000-A,year,submitted,N22MVTLKJM5PW6OEG6C4KGB2,READY,CM_S2_LEGACY360_MATCHED_GEE,GAO20191023t160830p0000-A_s2_year,COPERNICUS/S2_SR_HARMONIZED,"B1,B2,B3,B4,B5,B6,B7,B8,B8A,B9,B11,B12",,2018-08-24T00:00:00Z,2018-11-22T00:00:00Z,2018-08-24T17:44:58Z,20180824T172849_20180824T173639_T13SFR,12.302102,0,31.974837,-103.14957,submitted; candidates=10; source=legacy_year_event_day_window
GAO20191023t160830p0000-A,t0,submitted,XWFGKIYWY6EZQKXCJ5QOMGOX,READY,CM_S2_LEGACY360_MATCHED_GEE,GAO20191023t160830p0000-A_s2_0,COPERNICUS/S2_SR_HARMONIZED,"B1,B2,B3,B4,B5,B6,B7,B8,B8A,B9,B11,B12",2019-10-23T17:45:09Z,2019-10-22T00:00:00Z,2019-10-25T00:00:00Z,2019-10-23T17:45:09Z,20191023T173401_20191023T173406_T13SFR,0.003925,0,31.974837,-103.14957,submitted; candidates=1; source=legacy_t0_event_day_window
GAO20191023t162142p0000-A,seasonal,submitted,D4AAH3SQZFONW5PX5IP6PKVT,READY,CM_S2_LEGACY360_MATCHED_GEE,GAO20191023t162142p0000-A_s2_seasonal,COPERNICUS/S2_SR_HARMONIZED,"B1,B2,B3,B4,B5,B6,B7,B8,B8A,B9,B11,B12",,2019-07-25T00:00:00Z,2019-09-23T00:00:00Z,2019-08-09T17:45:13Z,20190809T172909_20190809T174425_T13SFR,8.454438,0,31.841794,-103.31964,submitted; candidates=4; source=legacy_seasonal_event_day_window
GAO20191023t163642p0000-A,seasonal,submitted,BAPLWHVE7QMZOXLTB5KZ3KS3,READY,CM_S2_LEGACY360_MATCHED_GEE,GAO20191023t163642p0000-A_s2_seasonal,COPERNICUS/S2_SR_HARMONIZED,"B1,B2,B3,B4,B5,B6,B7,B8,B8A,B9,B11,B12",,2019-07-25T00:00:00Z,2019-09-23T00:00:00Z,2019-08-09T17:45:13Z,20190809T172909_20190809T174425_T13SFR,8.454438,0,31.841836,-103.31962,submitted; candidates=4; source=legacy_seasonal_event_day_window
GAO20191023t160830p0000-B,seasonal,submitted,UUSREZ3NXXK2EEM7K4APSTKM,READY,CM_S2_LEGACY360_MATCHED_GEE,GAO20191023t160830p0000-B_s2_seasonal,COPERNICUS/S2_SR_HARMONIZED,"B1,B2,B3,B4,B5,B6,B7,B8,B8A,B9,B11,B12",,2019-07-25T00:00:00Z,2019-09-23T00:00:00Z,2019-08-09T17:45:13Z,20190809T172909_20190809T174425_T13SFR,8.454438,0,32.059948,-103.0151,submitted; candidates=4; source=legacy_seasonal_event_day_window
GAO20191023t155252p0000-B,year,submitted,OPYLM5ROSKAHN5DDTGP4KGWN,READY,CM_S2_LEGACY360_MATCHED_GEE,GAO20191023t155252p0000-B_s2_year,COPERNICUS/S2_SR_HARMONIZED,"B1,B2,B3,B4,B5,B6,B7,B8,B8A,B9,B11,B12",,2018-08-24T00:00:00Z,2018-11-22T00:00:00Z,2018-08-24T17:44:58Z,20180824T172849_20180824T173639_T13SFR,12.302102,0,31.839922,-103.44959,submitted; candidates=10; source=legacy_year_event_day_window
GAO20191023t162142p0000-A,t0,submitted,6MJG4WGO6Y7AIRXJ55ASKRFR,READY,CM_S2_LEGACY360_MATCHED_GEE,GAO20191023t162142p0000-A_s2_0,COPERNICUS/S2_SR_HARMONIZED,"B1,B2,B3,B4,B5,B6,B7,B8,B8A,B9,B11,B12",2019-10-23T17:45:09Z,2019-10-22T00:00:00Z,2019-10-25T00:00:00Z,2019-10-23T17:45:09Z,20191023T173401_20191023T173406_T13SFR,0.003925,0,31.841794,-103.31964,submitted; candidates=1; source=legacy_t0_event_day_window
GAO20191023t155252p0000-A,year,submitted,DIMZ54AQIYEBI63MLKSBIIVY,READY,CM_S2_LEGACY360_MATCHED_GEE,GAO20191023t155252p0000-A_s2_year,COPERNICUS/S2_SR_HARMONIZED,"B1,B2,B3,B4,B5,B6,B7,B8,B8A,B9,B11,B12",,2018-08-24T00:00:00Z,2018-11-22T00:00:00Z,2018-08-24T17:44:58Z,20180824T172849_20180824T173639_T13SFR,12.302102,0,31.825061,-103.46968,submitted; candidates=10; source=legacy_year_event_day_window
GAO20191023t160830p0000-B,year,submitted,TSG7YLNCSDCRWEYEVW7FXOJR,READY,CM_S2_LEGACY360_MATCHED_GEE,GAO20191023t160830p0000-B_s2_year,COPERNICUS/S2_SR_HARMONIZED,"B1,B2,B3,B4,B5,B6,B7,B8,B8A,B9,B11,B12",,2018-08-24T00:00:00Z,2018-11-22T00:00:00Z,2018-08-24T17:44:58Z,20180824T172849_20180824T173639_T13SFR,12.302102,0,32.059948,-103.0151,submitted; candidates=10; source=legacy_year_event_day_window
GAO20191023t164940p0000-A,seasonal,submitted,SD4WR34RUCFVENMEYWQFZDJE,READY,CM_S2_LEGACY360_MATCHED_GEE,GAO20191023t164940p0000-A_s2_seasonal,COPERNICUS/S2_SR_HARMONIZED,"B1,B2,B3,B4,B5,B6,B7,B8,B8A,B9,B11,B12",,2019-07-25T00:00:00Z,2019-09-23T00:00:00Z,2019-08-09T17:45:13Z,20190809T172909_20190809T174425_T13SFR,8.454438,0,31.947943,-103.0532,submitted; candidates=4; source=legacy_seasonal_event_day_window
GAO20191023t164940p0000-A,t0,submitted,AZES5KH25W6DBKFIFV77GRZE,READY,CM_S2_LEGACY360_MATCHED_GEE,GAO20191023t164940p0000-A_s2_0,COPERNICUS/S2_SR_HARMONIZED,"B1,B2,B3,B4,B5,B6,B7,B8,B8A,B9,B11,B12",2019-10-23T17:45:09Z,2019-10-22T00:00:00Z,2019-10-25T00:00:00Z,2019-10-23T17:45:09Z,20191023T173401_20191023T173406_T13SFR,0.003925,0,31.947943,-103.0532,submitted; candidates=1; source=legacy_t0_event_day_window
GAO20191023t163642p0000-A,year,submitted,AB4FBKWVE6OTFGQEN62ARUZN,READY,CM_S2_LEGACY360_MATCHED_GEE,GAO20191023t163642p0000-A_s2_year,COPERNICUS/S2_SR_HARMONIZED,"B1,B2,B3,B4,B5,B6,B7,B8,B8A,B9,B11,B12",,2018-08-24T00:00:00Z,2018-11-22T00:00:00Z,2018-08-24T17:44:58Z,20180824T172849_20180824T173639_T13SFR,12.302102,0,31.841836,-103.31962,submitted; candidates=10; source=legacy_year_event_day_window
GAO20191023t164940p0000-B,year,submitted,JFPDY3GPTHLWAADQBPKGKTES,READY,CM_S2_LEGACY360_MATCHED_GEE,GAO20191023t164940p0000-B_s2_year,COPERNICUS/S2_SR_HARMONIZED,"B1,B2,B3,B4,B5,B6,B7,B8,B8A,B9,B11,B12",,2018-08-24T00:00:00Z,2018-11-22T00:00:00Z,2018-08-24T17:44:58Z,20180824T172849_20180824T173639_T13SFR,12.302102,0,31.941853,-103.06821,submitted; candidates=10; source=legacy_year_event_day_window
GAO20191023t164940p0000-B,seasonal,submitted,FOUL3VHR4FWZE2HYH74QOVLY,READY,CM_S2_LEGACY360_MATCHED_GEE,GAO20191023t164940p0000-B_s2_seasonal,COPERNICUS/S2_SR_HARMONIZED,"B1,B2,B3,B4,B5,B6,B7,B8,B8A,B9,B11,B12",,2019-07-25T00:00:00Z,2019-09-23T00:00:00Z,2019-08-09T17:45:13Z,20190809T172909_20190809T174425_T13SFR,8.454438,0,31.941853,-103.06821,submitted; candidates=4; source=legacy_seasonal_event_day_window
GAO20191023t164940p0000-D,seasonal,submitted,4ROLCRWABBPIZG7AWQC62HST,READY,CM_S2_LEGACY360_MATCHED_GEE,GAO20191023t164940p0000-D_s2_seasonal,COPERNICUS/S2_SR_HARMONIZED,"B1,B2,B3,B4,B5,B6,B7,B8,B8A,B9,B11,B12",,2019-07-25T00:00:00Z,2019-09-23T00:00:00Z,2019-08-09T17:45:13Z,20190809T172909_20190809T174425_T13SFR,8.454438,0,31.906395,-103.15942,submitted; candidates=4; source=legacy_seasonal_event_day_window
GAO20191023t164940p0000-B,t0,submitted,HHBFYDG5OXQKIQUVZ5CDSWCW,READY,CM_S2_LEGACY360_MATCHED_GEE,GAO20191023t164940p0000-B_s2_0,COPERNICUS/S2_SR_HARMONIZED,"B1,B2,B3,B4,B5,B6,B7,B8,B8A,B9,B11,B12",2019-10-23T17:45:09Z,2019-10-22T00:00:00Z,2019-10-25T00:00:00Z,2019-10-23T17:45:09Z,20191023T173401_20191023T173406_T13SFR,0.003925,0,31.941853,-103.06821,submitted; candidates=1; source=legacy_t0_event_day_window
GAO20191023t164940p0000-C,seasonal,submitted,XNAL753KDUZLYA7ZDI77LDTV,READY,CM_S2_LEGACY360_MATCHED_GEE,GAO20191023t164940p0000-C_s2_seasonal,COPERNICUS/S2_SR_HARMONIZED,"B1,B2,B3,B4,B5,B6,B7,B8,B8A,B9,B11,B12",,2019-07-25T00:00:00Z,2019-09-23T00:00:00Z,2019-08-09T17:45:13Z,20190809T172909_20190809T174425_T13SFR,8.454438,0,31.906841,-103.15729,submitted; candidates=4; source=legacy_seasonal_event_day_window
GAO20191023t164940p0000-E,seasonal,submitted,RW2DJGFJ2YUL26WLZ6QFHQOD,READY,CM_S2_LEGACY360_MATCHED_GEE,GAO20191023t164940p0000-E_s2_seasonal,COPERNICUS/S2_SR_HARMONIZED,"B1,B2,B3,B4,B5,B6,B7,B8,B8A,B9,B11,B12",,2019-07-25T00:00:00Z,2019-09-23T00:00:00Z,2019-08-09T17:45:13Z,20190809T172909_20190809T174425_T13SFR,8.454438,0,31.775589,-103.35246,submitted; candidates=4; source=legacy_seasonal_event_day_window
GAO20191023t164940p0000-E,t0,submitted,NDEEJLSSURAH4CSWF4JQPD4K,READY,CM_S2_LEGACY360_MATCHED_GEE,GAO20191023t164940p0000-E_s2_0,COPERNICUS/S2_SR_HARMONIZED,"B1,B2,B3,B4,B5,B6,B7,B8,B8A,B9,B11,B12",2019-10-23T17:45:09Z,2019-10-22T00:00:00Z,2019-10-25T00:00:00Z,2019-10-23T17:45:09Z,20191023T173401_20191023T173406_T13SFR,0.003925,0,31.775589,-103.35246,submitted; candidates=1; source=legacy_t0_event_day_window
GAO20191023t164940p0000-E,year,submitted,NZLCYIIDP5KRISCDCKSQM5OQ,READY,CM_S2_LEGACY360_MATCHED_GEE,GAO20191023t164940p0000-E_s2_year,COPERNICUS/S2_SR_HARMONIZED,"B1,B2,B3,B4,B5,B6,B7,B8,B8A,B9,B11,B12",,2018-08-24T00:00:00Z,2018-11-22T00:00:00Z,2018-08-24T17:44:58Z,20180824T172849_20180824T173639_T13SFR,12.302102,0,31.775589,-103.35246,submitted; candidates=10; source=legacy_year_event_day_window
GAO20191023t164940p0000-A,year,submitted,IJYA633NIPEETZYFUCL4IFLH,READY,CM_S2_LEGACY360_MATCHED_GEE,GAO20191023t164940p0000-A_s2_year,COPERNICUS/S2_SR_HARMONIZED,"B1,B2,B3,B4,B5,B6,B7,B8,B8A,B9,B11,B12",,2018-08-24T00:00:00Z,2018-11-22T00:00:00Z,2018-08-24T17:44:58Z,20180824T172849_20180824T173639_T13SFR,12.302102,0,31.947943,-103.0532,submitted; candidates=10; source=legacy_year_event_day_window
GAO20191023t164940p0000-C,year,submitted,5OTI7K353YPV6UIDW2OALEPQ,READY,CM_S2_LEGACY360_MATCHED_GEE,GAO20191023t164940p0000-C_s2_year,COPERNICUS/S2_SR_HARMONIZED,"B1,B2,B3,B4,B5,B6,B7,B8,B8A,B9,B11,B12",,2018-08-24T00:00:00Z,2018-11-22T00:00:00Z,2018-08-24T17:44:58Z,20180824T172849_20180824T173639_T13SFR,12.302102,0,31.906841,-103.15729,submitted; candidates=10; source=legacy_year_event_day_window
GAO20191023t164940p0000-C,t0,submitted,GF4I5Q5YTGKG26P5OIVTPCAV,READY,CM_S2_LEGACY360_MATCHED_GEE,GAO20191023t164940p0000-C_s2_0,COPERNICUS/S2_SR_HARMONIZED,"B1,B2,B3,B4,B5,B6,B7,B8,B8A,B9,B11,B12",2019-10-23T17:45:09Z,2019-10-22T00:00:00Z,2019-10-25T00:00:00Z,2019-10-23T17:45:09Z,20191023T173401_20191023T173406_T13SFR,0.003925,0,31.906841,-103.15729,submitted; candidates=1; source=legacy_t0_event_day_window
GAO20191023t164940p0000-D,t0,submitted,KKDNZATRJNWV2JPRHSST2HRR,READY,CM_S2_LEGACY360_MATCHED_GEE,GAO20191023t164940p0000-D_s2_0,COPERNICUS/S2_SR_HARMONIZED,"B1,B2,B3,B4,B5,B6,B7,B8,B8A,B9,B11,B12",2019-10-23T17:45:09Z,2019-10-22T00:00:00Z,2019-10-25T00:00:00Z,2019-10-23T17:45:09Z,20191023T173401_20191023T173406_T13SFR,0.003925,0,31.906395,-103.15942,submitted; candidates=1; source=legacy_t0_event_day_window
GAO20191023t164940p0000-D,year,submitted,POTIFK5EOPNP5YROAM7ILQZ3,READY,CM_S2_LEGACY360_MATCHED_GEE,GAO20191023t164940p0000-D_s2_year,COPERNICUS/S2_SR_HARMONIZED,"B1,B2,B3,B4,B5,B6,B7,B8,B8A,B9,B11,B12",,2018-08-24T00:00:00Z,2018-11-22T00:00:00Z,2018-08-24T17:44:58Z,20180824T172849_20180824T173639_T13SFR,12.302102,0,31.906395,-103.15942,submitted; candidates=10; source=legacy_year_event_day_window
GAO20191023t170505p0000-B,t0,submitted,JKCE6KPVUOZICJ7MOU47CGXW,READY,CM_S2_LEGACY360_MATCHED_GEE,GAO20191023t170505p0000-B_s2_0,COPERNICUS/S2_SR_HARMONIZED,"B1,B2,B3,B4,B5,B6,B7,B8,B8A,B9,B11,B12",2019-10-23T17:45:09Z,2019-10-22T00:00:00Z,2019-10-25T00:00:00Z,2019-10-23T17:45:09Z,20191023T173401_20191023T173406_T13SFR,0.003925,0,31.762407,-103.33841,submitted; candidates=1; source=legacy_t0_event_day_window
GAO20191023t164940p0000-F,year,submitted,YWUCST4F2H63UIY42CBYA3YR,READY,CM_S2_LEGACY360_MATCHED_GEE,GAO20191023t164940p0000-F_s2_year,COPERNICUS/S2_SR_HARMONIZED,"B1,B2,B3,B4,B5,B6,B7,B8,B8A,B9,B11,B12",,2018-08-24T00:00:00Z,2018-11-22T00:00:00Z,2018-08-24T17:44:58Z,20180824T172849_20180824T173639_T13SFR,12.302102,0,31.746402,-103.39872,submitted; candidates=10; source=legacy_year_event_day_window
GAO20191023t164940p0000-F,t0,submitted,2SZWHBZZY76XHCS63VD2DGTM,READY,CM_S2_LEGACY360_MATCHED_GEE,GAO20191023t164940p0000-F_s2_0,COPERNICUS/S2_SR_HARMONIZED,"B1,B2,B3,B4,B5,B6,B7,B8,B8A,B9,B11,B12",2019-10-23T17:45:09Z,2019-10-22T00:00:00Z,2019-10-25T00:00:00Z,2019-10-23T17:45:09Z,20191023T173401_20191023T173406_T13SFR,0.003925,0,31.746402,-103.39872,submitted; candidates=1; source=legacy_t0_event_day_window
GAO20191023t170505p0000-D,t0,submitted,VYC7PIUW37QZWY5IEPRV3OUL,READY,CM_S2_LEGACY360_MATCHED_GEE,GAO20191023t170505p0000-D_s2_0,COPERNICUS/S2_SR_HARMONIZED,"B1,B2,B3,B4,B5,B6,B7,B8,B8A,B9,B11,B12",2019-10-23T17:45:09Z,2019-10-22T00:00:00Z,2019-10-25T00:00:00Z,2019-10-23T17:45:09Z,20191023T173401_20191023T173406_T13SFR,0.003925,0,31.936181,-103.04848,submitted; candidates=1; source=legacy_t0_event_day_window
GAO20191023t170505p0000-B,year,submitted,CVOROG7BC6O3WOUBGERZXWH3,READY,CM_S2_LEGACY360_MATCHED_GEE,GAO20191023t170505p0000-B_s2_year,COPERNICUS/S2_SR_HARMONIZED,"B1,B2,B3,B4,B5,B6,B7,B8,B8A,B9,B11,B12",,2018-08-24T00:00:00Z,2018-11-22T00:00:00Z,2018-08-24T17:44:58Z,20180824T172849_20180824T173639_T13SFR,12.302102,0,31.762407,-103.33841,submitted; candidates=10; source=legacy_year_event_day_window
GAO20191023t170505p0000-B,seasonal,submitted,6X5L2X6NFB7DXRRGJ42E5YP6,READY,CM_S2_LEGACY360_MATCHED_GEE,GAO20191023t170505p0000-B_s2_seasonal,COPERNICUS/S2_SR_HARMONIZED,"B1,B2,B3,B4,B5,B6,B7,B8,B8A,B9,B11,B12",,2019-07-25T00:00:00Z,2019-09-23T00:00:00Z,2019-08-09T17:45:13Z,20190809T172909_20190809T174425_T13SFR,8.454438,0,31.762407,-103.33841,submitted; candidates=4; source=legacy_seasonal_event_day_window
GAO20191023t164940p0000-G,year,submitted,LMXLWSICM5AKSDBRRWLYJZI6,READY,CM_S2_LEGACY360_MATCHED_GEE,GAO20191023t164940p0000-G_s2_year,COPERNICUS/S2_SR_HARMONIZED,"B1,B2,B3,B4,B5,B6,B7,B8,B8A,B9,B11,B12",,2018-08-24T00:00:00Z,2018-11-22T00:00:00Z,2018-08-24T17:44:58Z,20180824T172849_20180824T173639_T13SFR,12.302102,0,31.736991,-103.42558,submitted; candidates=10; source=legacy_year_event_day_window
GAO20191023t170505p0000-C,year,submitted,JKKTRMYA7CNJNCWGOYANZ7V3,READY,CM_S2_LEGACY360_MATCHED_GEE,GAO20191023t170505p0000-C_s2_year,COPERNICUS/S2_SR_HARMONIZED,"B1,B2,B3,B4,B5,B6,B7,B8,B8A,B9,B11,B12",,2018-08-24T00:00:00Z,2018-11-22T00:00:00Z,2018-08-24T17:44:58Z,20180824T172849_20180824T173639_T13SFR,12.302102,0,31.947861,-103.05274,submitted; candidates=10; source=legacy_year_event_day_window
GAO20191023t164940p0000-G,seasonal,submitted,DKYWT67QI2B43NZ27BAMT5YQ,READY,CM_S2_LEGACY360_MATCHED_GEE,GAO20191023t164940p0000-G_s2_seasonal,COPERNICUS/S2_SR_HARMONIZED,"B1,B2,B3,B4,B5,B6,B7,B8,B8A,B9,B11,B12",,2019-07-25T00:00:00Z,2019-09-23T00:00:00Z,2019-08-09T17:45:13Z,20190809T172909_20190809T174425_T13SFR,8.454438,0,31.736991,-103.42558,submitted; candidates=4; source=legacy_seasonal_event_day_window
GAO20191023t170505p0000-A,seasonal,submitted,ADXZGJGIANZVJVKYU2WFXVOQ,READY,CM_S2_LEGACY360_MATCHED_GEE,GAO20191023t170505p0000-A_s2_seasonal,COPERNICUS/S2_SR_HARMONIZED,"B1,B2,B3,B4,B5,B6,B7,B8,B8A,B9,B11,B12",,2019-07-25T00:00:00Z,2019-09-23T00:00:00Z,2019-08-09T17:45:13Z,20190809T172909_20190809T174425_T13SFR,8.454438,0,31.775644,-103.35229,submitted; candidates=4; source=legacy_seasonal_event_day_window
GAO20191023t170505p0000-C,seasonal,submitted,QZDL6O5FUQ77XHASOR7L47DN,READY,CM_S2_LEGACY360_MATCHED_GEE,GAO20191023t170505p0000-C_s2_seasonal,COPERNICUS/S2_SR_HARMONIZED,"B1,B2,B3,B4,B5,B6,B7,B8,B8A,B9,B11,B12",,2019-07-25T00:00:00Z,2019-09-23T00:00:00Z,2019-08-09T17:45:13Z,20190809T172909_20190809T174425_T13SFR,8.454438,0,31.947861,-103.05274,submitted; candidates=4; source=legacy_seasonal_event_day_window
GAO20191023t170505p0000-A,year,submitted,QZP33DMV4X6O4ZVTVOBAYDXU,READY,CM_S2_LEGACY360_MATCHED_GEE,GAO20191023t170505p0000-A_s2_year,COPERNICUS/S2_SR_HARMONIZED,"B1,B2,B3,B4,B5,B6,B7,B8,B8A,B9,B11,B12",,2018-08-24T00:00:00Z,2018-11-22T00:00:00Z,2018-08-24T17:44:58Z,20180824T172849_20180824T173639_T13SFR,12.302102,0,31.775644,-103.35229,submitted; candidates=10; source=legacy_year_event_day_window
GAO20191023t164940p0000-F,seasonal,submitted,T3Y2JMPMPITPD3C7IAPVTY6U,READY,CM_S2_LEGACY360_MATCHED_GEE,GAO20191023t164940p0000-F_s2_seasonal,COPERNICUS/S2_SR_HARMONIZED,"B1,B2,B3,B4,B5,B6,B7,B8,B8A,B9,B11,B12",,2019-07-25T00:00:00Z,2019-09-23T00:00:00Z,2019-08-09T17:45:13Z,20190809T172909_20190809T174425_T13SFR,8.454438,0,31.746402,-103.39872,submitted; candidates=4; source=legacy_seasonal_event_day_window
GAO20191023t170505p0000-C,t0,submitted,VFNF7AMAKAUNSPQEY4REUYFW,READY,CM_S2_LEGACY360_MATCHED_GEE,GAO20191023t170505p0000-C_s2_0,COPERNICUS/S2_SR_HARMONIZED,"B1,B2,B3,B4,B5,B6,B7,B8,B8A,B9,B11,B12",2019-10-23T17:45:09Z,2019-10-22T00:00:00Z,2019-10-25T00:00:00Z,2019-10-23T17:45:09Z,20191023T173401_20191023T173406_T13SFR,0.003925,0,31.947861,-103.05274,submitted; candidates=1; source=legacy_t0_event_day_window
GAO20191023t170505p0000-A,t0,submitted,7VXR4XWLPKIN5FYGSV3QRMGL,READY,CM_S2_LEGACY360_MATCHED_GEE,GAO20191023t170505p0000-A_s2_0,COPERNICUS/S2_SR_HARMONIZED,"B1,B2,B3,B4,B5,B6,B7,B8,B8A,B9,B11,B12",2019-10-23T17:45:09Z,2019-10-22T00:00:00Z,2019-10-25T00:00:00Z,2019-10-23T17:45:09Z,20191023T173401_20191023T173406_T13SFR,0.003925,0,31.775644,-103.35229,submitted; candidates=1; source=legacy_t0_event_day_window
GAO20191023t164940p0000-G,t0,submitted,ZQPV6RDRPFSMRQAX3PRSVCUV,READY,CM_S2_LEGACY360_MATCHED_GEE,GAO20191023t164940p0000-G_s2_0,COPERNICUS/S2_SR_HARMONIZED,"B1,B2,B3,B4,B5,B6,B7,B8,B8A,B9,B11,B12",2019-10-23T17:45:09Z,2019-10-22T00:00:00Z,2019-10-25T00:00:00Z,2019-10-23T17:45:09Z,20191023T173401_20191023T173406_T13SFR,0.003925,0,31.736991,-103.42558,submitted; candidates=1; source=legacy_t0_event_day_window
GAO20191023t170505p0000-D,seasonal,submitted,XC6FI65SCE5OS75DMNOLXVG6,READY,CM_S2_LEGACY360_MATCHED_GEE,GAO20191023t170505p0000-D_s2_seasonal,COPERNICUS/S2_SR_HARMONIZED,"B1,B2,B3,B4,B5,B6,B7,B8,B8A,B9,B11,B12",,2019-07-25T00:00:00Z,2019-09-23T00:00:00Z,2019-08-09T17:45:13Z,20190809T172909_20190809T174425_T13SFR,8.454438,0,31.936181,-103.04848,submitted; candidates=4; source=legacy_seasonal_event_day_window
GAO20191023t170505p0000-F,t0,submitted,VXIROHZSVWBJ4VO3O3OO3ALW,READY,CM_S2_LEGACY360_MATCHED_GEE,GAO20191023t170505p0000-F_s2_0,COPERNICUS/S2_SR_HARMONIZED,"B1,B2,B3,B4,B5,B6,B7,B8,B8A,B9,B11,B12",2019-10-23T17:45:09Z,2019-10-22T00:00:00Z,2019-10-25T00:00:00Z,2019-10-23T17:45:09Z,20191023T173401_20191023T173406_T13SFR,0.003925,0,31.9389628,-103.04177,submitted; candidates=1; source=legacy_t0_event_day_window
GAO20191023t170505p0000-I,year,submitted,OPU6GMQQ6DNBTNSF4TWH4ZD6,READY,CM_S2_LEGACY360_MATCHED_GEE,GAO20191023t170505p0000-I_s2_year,COPERNICUS/S2_SR_HARMONIZED,"B1,B2,B3,B4,B5,B6,B7,B8,B8A,B9,B11,B12",,2018-08-24T00:00:00Z,2018-11-22T00:00:00Z,2018-08-24T17:44:58Z,20180824T172849_20180824T173639_T13SFR,12.302102,0,31.933268,-103.03213,submitted; candidates=10; source=legacy_year_event_day_window
GAO20191023t170505p0000-J,t0,submitted,ZBUY2VWW5G4ZSLRCD4AWC44H,READY,CM_S2_LEGACY360_MATCHED_GEE,GAO20191023t170505p0000-J_s2_0,COPERNICUS/S2_SR_HARMONIZED,"B1,B2,B3,B4,B5,B6,B7,B8,B8A,B9,B11,B12",2019-10-23T17:45:09Z,2019-10-22T00:00:00Z,2019-10-25T00:00:00Z,2019-10-23T17:45:09Z,20191023T173401_20191023T173406_T13SFR,0.003925,0,31.946621,-103.015,submitted; candidates=1; source=legacy_t0_event_day_window
GAO20191023t170505p0000-G,seasonal,submitted,JCWNYQTFYZU4LXP2AM43JFD5,READY,CM_S2_LEGACY360_MATCHED_GEE,GAO20191023t170505p0000-G_s2_seasonal,COPERNICUS/S2_SR_HARMONIZED,"B1,B2,B3,B4,B5,B6,B7,B8,B8A,B9,B11,B12",,2019-07-25T00:00:00Z,2019-09-23T00:00:00Z,2019-08-09T17:45:13Z,20190809T172909_20190809T174425_T13SFR,8.454438,0,31.944951,-103.04417,submitted; candidates=4; source=legacy_seasonal_event_day_window
GAO20191023t170505p0000-H,seasonal,submitted,O7HSLH4QCIFGHVFXZ2AKD5BP,READY,CM_S2_LEGACY360_MATCHED_GEE,GAO20191023t170505p0000-H_s2_seasonal,COPERNICUS/S2_SR_HARMONIZED,"B1,B2,B3,B4,B5,B6,B7,B8,B8A,B9,B11,B12",,2019-07-25T00:00:00Z,2019-09-23T00:00:00Z,2019-08-09T17:45:13Z,20190809T172909_20190809T174425_T13SFR,8.454438,0,31.943839,-103.03667,submitted; candidates=4; source=legacy_seasonal_event_day_window
GAO20191023t170505p0000-F,seasonal,submitted,56KIL6MHSWKUGFK2HJTLXPNQ,READY,CM_S2_LEGACY360_MATCHED_GEE,GAO20191023t170505p0000-F_s2_seasonal,COPERNICUS/S2_SR_HARMONIZED,"B1,B2,B3,B4,B5,B6,B7,B8,B8A,B9,B11,B12",,2019-07-25T00:00:00Z,2019-09-23T00:00:00Z,2019-08-09T17:45:13Z,20190809T172909_20190809T174425_T13SFR,8.454438,0,31.9389628,-103.04177,submitted; candidates=4; source=legacy_seasonal_event_day_window
GAO20191023t170505p0000-I,t0,submitted,W7ASMGAEHXNP6EYJU7YNQ2QC,READY,CM_S2_LEGACY360_MATCHED_GEE,GAO20191023t170505p0000-I_s2_0,COPERNICUS/S2_SR_HARMONIZED,"B1,B2,B3,B4,B5,B6,B7,B8,B8A,B9,B11,B12",2019-10-23T17:45:09Z,2019-10-22T00:00:00Z,2019-10-25T00:00:00Z,2019-10-23T17:45:09Z,20191023T173401_20191023T173406_T13SFR,0.003925,0,31.933268,-103.03213,submitted; candidates=1; source=legacy_t0_event_day_window
GAO20191023t170505p0000-I,seasonal,submitted,IKYI7SI63EIA4WWK6AVD6NFF,READY,CM_S2_LEGACY360_MATCHED_GEE,GAO20191023t170505p0000-I_s2_seasonal,COPERNICUS/S2_SR_HARMONIZED,"B1,B2,B3,B4,B5,B6,B7,B8,B8A,B9,B11,B12",,2019-07-25T00:00:00Z,2019-09-23T00:00:00Z,2019-08-09T17:45:13Z,20190809T172909_20190809T174425_T13SFR,8.454438,0,31.933268,-103.03213,submitted; candidates=4; source=legacy_seasonal_event_day_window
GAO20191023t170505p0000-G,t0,submitted,43Q6PR535BFX33A4QOTLSVZM,READY,CM_S2_LEGACY360_MATCHED_GEE,GAO20191023t170505p0000-G_s2_0,COPERNICUS/S2_SR_HARMONIZED,"B1,B2,B3,B4,B5,B6,B7,B8,B8A,B9,B11,B12",2019-10-23T17:45:09Z,2019-10-22T00:00:00Z,2019-10-25T00:00:00Z,2019-10-23T17:45:09Z,20191023T173401_20191023T173406_T13SFR,0.003925,0,31.944951,-103.04417,submitted; candidates=1; source=legacy_t0_event_day_window
GAO20191023t170505p0000-H,year,submitted,YU37ERRUG7DRJK76TUGUXD5D,READY,CM_S2_LEGACY360_MATCHED_GEE,GAO20191023t170505p0000-H_s2_year,COPERNICUS/S2_SR_HARMONIZED,"B1,B2,B3,B4,B5,B6,B7,B8,B8A,B9,B11,B12",,2018-08-24T00:00:00Z,2018-11-22T00:00:00Z,2018-08-24T17:44:58Z,20180824T172849_20180824T173639_T13SFR,12.302102,0,31.943839,-103.03667,submitted; candidates=10; source=legacy_year_event_day_window
GAO20191023t170505p0000-G,year,submitted,WGB7LZBWI4VAHM2YYTORPZXX,READY,CM_S2_LEGACY360_MATCHED_GEE,GAO20191023t170505p0000-G_s2_year,COPERNICUS/S2_SR_HARMONIZED,"B1,B2,B3,B4,B5,B6,B7,B8,B8A,B9,B11,B12",,2018-08-24T00:00:00Z,2018-11-22T00:00:00Z,2018-08-24T17:44:58Z,20180824T172849_20180824T173639_T13SFR,12.302102,0,31.944951,-103.04417,submitted; candidates=10; source=legacy_year_event_day_window
GAO20191023t170505p0000-D,year,submitted,EHJNB7WOFWCYPRIALRC3LRFX,READY,CM_S2_LEGACY360_MATCHED_GEE,GAO20191023t170505p0000-D_s2_year,COPERNICUS/S2_SR_HARMONIZED,"B1,B2,B3,B4,B5,B6,B7,B8,B8A,B9,B11,B12",,2018-08-24T00:00:00Z,2018-11-22T00:00:00Z,2018-08-24T17:44:58Z,20180824T172849_20180824T173639_T13SFR,12.302102,0,31.936181,-103.04848,submitted; candidates=10; source=legacy_year_event_day_window
GAO20191023t170505p0000-J,seasonal,submitted,4SEP57WYN2QIEMYOA56EEKYW,READY,CM_S2_LEGACY360_MATCHED_GEE,GAO20191023t170505p0000-J_s2_seasonal,COPERNICUS/S2_SR_HARMONIZED,"B1,B2,B3,B4,B5,B6,B7,B8,B8A,B9,B11,B12",,2019-07-25T00:00:00Z,2019-09-23T00:00:00Z,2019-08-09T17:45:13Z,20190809T172909_20190809T174425_T13SFR,8.454438,0,31.946621,-103.015,submitted; candidates=4; source=legacy_seasonal_event_day_window
GAO20191023t170505p0000-F,year,submitted,MNGJS767GGOAHSQGP5OUR36T,READY,CM_S2_LEGACY360_MATCHED_GEE,GAO20191023t170505p0000-F_s2_year,COPERNICUS/S2_SR_HARMONIZED,"B1,B2,B3,B4,B5,B6,B7,B8,B8A,B9,B11,B12",,2018-08-24T00:00:00Z,2018-11-22T00:00:00Z,2018-08-24T17:44:58Z,20180824T172849_20180824T173639_T13SFR,12.302102,0,31.9389628,-103.04177,submitted; candidates=10; source=legacy_year_event_day_window
GAO20191023t170505p0000-H,t0,submitted,LXGDYZUGTMTLCK3YJGWYSPFQ,READY,CM_S2_LEGACY360_MATCHED_GEE,GAO20191023t170505p0000-H_s2_0,COPERNICUS/S2_SR_HARMONIZED,"B1,B2,B3,B4,B5,B6,B7,B8,B8A,B9,B11,B12",2019-10-23T17:45:09Z,2019-10-22T00:00:00Z,2019-10-25T00:00:00Z,2019-10-23T17:45:09Z,20191023T173401_20191023T173406_T13SFR,0.003925,0,31.943839,-103.03667,submitted; candidates=1; source=legacy_t0_event_day_window
GAO20191023t171802p0000-C,year,submitted,XZGK7ZWDGQSOFP2PKXWVS3RU,READY,CM_S2_LEGACY360_MATCHED_GEE,GAO20191023t171802p0000-C_s2_year,COPERNICUS/S2_SR_HARMONIZED,"B1,B2,B3,B4,B5,B6,B7,B8,B8A,B9,B11,B12",,2018-08-24T00:00:00Z,2018-11-22T00:00:00Z,2018-08-24T17:44:58Z,20180824T172849_20180824T173639_T13SFR,12.302102,0,31.921081,-103.0241,submitted; candidates=10; source=legacy_year_event_day_window
GAO20191023t170505p0000-L,t0,submitted,6IXTYLND3YNDYUCGKAY7MLF3,READY,CM_S2_LEGACY360_MATCHED_GEE,GAO20191023t170505p0000-L_s2_0,COPERNICUS/S2_SR_HARMONIZED,"B1,B2,B3,B4,B5,B6,B7,B8,B8A,B9,B11,B12",2019-10-23T17:45:09Z,2019-10-22T00:00:00Z,2019-10-25T00:00:00Z,2019-10-23T17:45:09Z,20191023T173401_20191023T173406_T13SFR,0.003925,0,31.935619,-103.04818,submitted; candidates=1; source=legacy_t0_event_day_window
GAO20191023t170505p0000-L,year,submitted,PTLDMKHCVT57SSTBNTKM6ZQU,READY,CM_S2_LEGACY360_MATCHED_GEE,GAO20191023t170505p0000-L_s2_year,COPERNICUS/S2_SR_HARMONIZED,"B1,B2,B3,B4,B5,B6,B7,B8,B8A,B9,B11,B12",,2018-08-24T00:00:00Z,2018-11-22T00:00:00Z,2018-08-24T17:44:58Z,20180824T172849_20180824T173639_T13SFR,12.302102,0,31.935619,-103.04818,submitted; candidates=10; source=legacy_year_event_day_window
GAO20191023t170505p0000-K,t0,submitted,GP7HE6FBZA34U6N6H5BTKAUN,READY,CM_S2_LEGACY360_MATCHED_GEE,GAO20191023t170505p0000-K_s2_0,COPERNICUS/S2_SR_HARMONIZED,"B1,B2,B3,B4,B5,B6,B7,B8,B8A,B9,B11,B12",2019-10-23T17:45:09Z,2019-10-22T00:00:00Z,2019-10-25T00:00:00Z,2019-10-23T17:45:09Z,20191023T173401_20191023T173406_T13SFR,0.003925,0,31.946876,-103.01152,submitted; candidates=1; source=legacy_t0_event_day_window
GAO20191023t170505p0000-J,year,submitted,36XWHS2SF4VHHHBQJOHQRNRK,READY,CM_S2_LEGACY360_MATCHED_GEE,GAO20191023t170505p0000-J_s2_year,COPERNICUS/S2_SR_HARMONIZED,"B1,B2,B3,B4,B5,B6,B7,B8,B8A,B9,B11,B12",,2018-08-24T00:00:00Z,2018-11-22T00:00:00Z,2018-08-24T17:44:58Z,20180824T172849_20180824T173639_T13SFR,12.302102,0,31.946621,-103.015,submitted; candidates=10; source=legacy_year_event_day_window
GAO20191023t170505p0000-K,seasonal,submitted,ETNJLTD6545LNB7WOR7EOYOA,READY,CM_S2_LEGACY360_MATCHED_GEE,GAO20191023t170505p0000-K_s2_seasonal,COPERNICUS/S2_SR_HARMONIZED,"B1,B2,B3,B4,B5,B6,B7,B8,B8A,B9,B11,B12",,2019-07-25T00:00:00Z,2019-09-23T00:00:00Z,2019-08-09T17:45:13Z,20190809T172909_20190809T174425_T13SFR,8.454438,0,31.946876,-103.01152,submitted; candidates=4; source=legacy_seasonal_event_day_window
GAO20191023t171802p0000-B,year,submitted,JPPHBCMH72OOPX4DS6KHVQPE,READY,CM_S2_LEGACY360_MATCHED_GEE,GAO20191023t171802p0000-B_s2_year,COPERNICUS/S2_SR_HARMONIZED,"B1,B2,B3,B4,B5,B6,B7,B8,B8A,B9,B11,B12",,2018-08-24T00:00:00Z,2018-11-22T00:00:00Z,2018-08-24T17:44:58Z,20180824T172849_20180824T173639_T13SFR,12.302102,0,31.926574,-103.03699,submitted; candidates=10; source=legacy_year_event_day_window
GAO20191023t171802p0000-A,seasonal,submitted,STLPDHCDZULCBURTDTMTD6GE,READY,CM_S2_LEGACY360_MATCHED_GEE,GAO20191023t171802p0000-A_s2_seasonal,COPERNICUS/S2_SR_HARMONIZED,"B1,B2,B3,B4,B5,B6,B7,B8,B8A,B9,B11,B12",,2019-07-25T00:00:00Z,2019-09-23T00:00:00Z,2019-08-09T17:45:13Z,20190809T172909_20190809T174425_T13SFR,8.454438,0,31.9151895,-103.04075,submitted; candidates=4; source=legacy_seasonal_event_day_window
GAO20191023t170505p0000-L,seasonal,submitted,O63PHJ5CZNEF6HWEBOQWF6FL,READY,CM_S2_LEGACY360_MATCHED_GEE,GAO20191023t170505p0000-L_s2_seasonal,COPERNICUS/S2_SR_HARMONIZED,"B1,B2,B3,B4,B5,B6,B7,B8,B8A,B9,B11,B12",,2019-07-25T00:00:00Z,2019-09-23T00:00:00Z,2019-08-09T17:45:13Z,20190809T172909_20190809T174425_T13SFR,8.454438,0,31.935619,-103.04818,submitted; candidates=4; source=legacy_seasonal_event_day_window
GAO20191023t171802p0000-C,seasonal,submitted,GGVVRCSEI5J2NBIM5STMIXZX,READY,CM_S2_LEGACY360_MATCHED_GEE,GAO20191023t171802p0000-C_s2_seasonal,COPERNICUS/S2_SR_HARMONIZED,"B1,B2,B3,B4,B5,B6,B7,B8,B8A,B9,B11,B12",,2019-07-25T00:00:00Z,2019-09-23T00:00:00Z,2019-08-09T17:45:13Z,20190809T172909_20190809T174425_T13SFR,8.454438,0,31.921081,-103.0241,submitted; candidates=4; source=legacy_seasonal_event_day_window
GAO20191023t171802p0000-A,t0,submitted,3PCXFCNK36L2ZAPZSJI7467M,READY,CM_S2_LEGACY360_MATCHED_GEE,GAO20191023t171802p0000-A_s2_0,COPERNICUS/S2_SR_HARMONIZED,"B1,B2,B3,B4,B5,B6,B7,B8,B8A,B9,B11,B12",2019-10-23T17:45:09Z,2019-10-22T00:00:00Z,2019-10-25T00:00:00Z,2019-10-23T17:45:09Z,20191023T173401_20191023T173406_T13SFR,0.003925,0,31.9151895,-103.04075,submitted; candidates=1; source=legacy_t0_event_day_window
GAO20191023t170505p0000-K,year,submitted,XXRAM7CPFG4PTKN53W7KLXZ7,READY,CM_S2_LEGACY360_MATCHED_GEE,GAO20191023t170505p0000-K_s2_year,COPERNICUS/S2_SR_HARMONIZED,"B1,B2,B3,B4,B5,B6,B7,B8,B8A,B9,B11,B12",,2018-08-24T00:00:00Z,2018-11-22T00:00:00Z,2018-08-24T17:44:58Z,20180824T172849_20180824T173639_T13SFR,12.302102,0,31.946876,-103.01152,submitted; candidates=10; source=legacy_year_event_day_window
GAO20191023t171802p0000-B,t0,submitted,5GYBQL3Z7CEDFGNA3W2ZHNDG,READY,CM_S2_LEGACY360_MATCHED_GEE,GAO20191023t171802p0000-B_s2_0,COPERNICUS/S2_SR_HARMONIZED,"B1,B2,B3,B4,B5,B6,B7,B8,B8A,B9,B11,B12",2019-10-23T17:45:09Z,2019-10-22T00:00:00Z,2019-10-25T00:00:00Z,2019-10-23T17:45:09Z,20191023T173401_20191023T173406_T13SFR,0.003925,0,31.926574,-103.03699,submitted; candidates=1; source=legacy_t0_event_day_window
GAO20191023t171802p0000-B,seasonal,submitted,JQMRNSJ4TBIWOABXHV5EE5VC,READY,CM_S2_LEGACY360_MATCHED_GEE,GAO20191023t171802p0000-B_s2_seasonal,COPERNICUS/S2_SR_HARMONIZED,"B1,B2,B3,B4,B5,B6,B7,B8,B8A,B9,B11,B12",,2019-07-25T00:00:00Z,2019-09-23T00:00:00Z,2019-08-09T17:45:13Z,20190809T172909_20190809T174425_T13SFR,8.454438,0,31.926574,-103.03699,submitted; candidates=4; source=legacy_seasonal_event_day_window
GAO20191023t171802p0000-C,t0,submitted,I2XXLDQG4M3X5567K32ASJBY,READY,CM_S2_LEGACY360_MATCHED_GEE,GAO20191023t171802p0000-C_s2_0,COPERNICUS/S2_SR_HARMONIZED,"B1,B2,B3,B4,B5,B6,B7,B8,B8A,B9,B11,B12",2019-10-23T17:45:09Z,2019-10-22T00:00:00Z,2019-10-25T00:00:00Z,2019-10-23T17:45:09Z,20191023T173401_20191023T173406_T13SFR,0.003925,0,31.921081,-103.0241,submitted; candidates=1; source=legacy_t0_event_day_window
GAO20191023t171802p0000-A,year,submitted,Q527TAGHOSAG2JYR66VTPSJG,READY,CM_S2_LEGACY360_MATCHED_GEE,GAO20191023t171802p0000-A_s2_year,COPERNICUS/S2_SR_HARMONIZED,"B1,B2,B3,B4,B5,B6,B7,B8,B8A,B9,B11,B12",,2018-08-24T00:00:00Z,2018-11-22T00:00:00Z,2018-08-24T17:44:58Z,20180824T172849_20180824T173639_T13SFR,12.302102,0,31.9151895,-103.04075,submitted; candidates=10; source=legacy_year_event_day_window
GAO20191023t171802p0000-E,year,submitted,J32YUCRPFLB65UJHSXUPLAF3,READY,CM_S2_LEGACY360_MATCHED_GEE,GAO20191023t171802p0000-E_s2_year,COPERNICUS/S2_SR_HARMONIZED,"B1,B2,B3,B4,B5,B6,B7,B8,B8A,B9,B11,B12",,2018-08-24T00:00:00Z,2018-11-22T00:00:00Z,2018-08-24T17:44:58Z,20180824T172849_20180824T173639_T13SFR,12.302102,0,31.946718,-103.01518,submitted; candidates=10; source=legacy_year_event_day_window
GAO20191023t171802p0000-G,seasonal,submitted,44AGBUPX6XG3T2PPAK2OFX5U,READY,CM_S2_LEGACY360_MATCHED_GEE,GAO20191023t171802p0000-G_s2_seasonal,COPERNICUS/S2_SR_HARMONIZED,"B1,B2,B3,B4,B5,B6,B7,B8,B8A,B9,B11,B12",,2019-07-25T00:00:00Z,2019-09-23T00:00:00Z,2019-08-09T17:45:13Z,20190809T172909_20190809T174425_T13SFR,8.454438,0,31.949646,-102.96838,submitted; candidates=4; source=legacy_seasonal_event_day_window
GAO20191023t171802p0000-E,seasonal,submitted,6ZGQZQVZ2LZ47Q3XVGL3KQ4B,READY,CM_S2_LEGACY360_MATCHED_GEE,GAO20191023t171802p0000-E_s2_seasonal,COPERNICUS/S2_SR_HARMONIZED,"B1,B2,B3,B4,B5,B6,B7,B8,B8A,B9,B11,B12",,2019-07-25T00:00:00Z,2019-09-23T00:00:00Z,2019-08-09T17:45:13Z,20190809T172909_20190809T174425_T13SFR,8.454438,0,31.946718,-103.01518,submitted; candidates=4; source=legacy_seasonal_event_day_window
GAO20191023t171802p0000-D,year,submitted,AWSE77UBRIDO3PRBBAK4IA2C,READY,CM_S2_LEGACY360_MATCHED_GEE,GAO20191023t171802p0000-D_s2_year,COPERNICUS/S2_SR_HARMONIZED,"B1,B2,B3,B4,B5,B6,B7,B8,B8A,B9,B11,B12",,2018-08-24T00:00:00Z,2018-11-22T00:00:00Z,2018-08-24T17:44:58Z,20180824T172849_20180824T173639_T13SFR,12.302102,0,31.9360922,-103.01029,submitted; candidates=10; source=legacy_year_event_day_window
GAO20191023t171802p0000-F,seasonal,submitted,CFHEAENBRQ7RAJPH5WDZY4L2,READY,CM_S2_LEGACY360_MATCHED_GEE,GAO20191023t171802p0000-F_s2_seasonal,COPERNICUS/S2_SR_HARMONIZED,"B1,B2,B3,B4,B5,B6,B7,B8,B8A,B9,B11,B12",,2019-07-25T00:00:00Z,2019-09-23T00:00:00Z,2019-08-09T17:45:13Z,20190809T172909_20190809T174425_T13SFR,8.454438,0,31.946965,-103.01196,submitted; candidates=4; source=legacy_seasonal_event_day_window
GAO20191023t171802p0000-H,seasonal,submitted,25K3FZJAIAEZYTVOGOLVQFBV,READY,CM_S2_LEGACY360_MATCHED_GEE,GAO20191023t171802p0000-H_s2_seasonal,COPERNICUS/S2_SR_HARMONIZED,"B1,B2,B3,B4,B5,B6,B7,B8,B8A,B9,B11,B12",,2019-07-25T00:00:00Z,2019-09-23T00:00:00Z,2019-08-09T17:45:13Z,20190809T172909_20190809T174425_T13SFR,8.454438,0,31.933295,-103.0323,submitted; candidates=4; source=legacy_seasonal_event_day_window
GAO20191023t171802p0000-D,seasonal,submitted,DZVPRVAJ4EBLRJB4Z7C7L2LP,READY,CM_S2_LEGACY360_MATCHED_GEE,GAO20191023t171802p0000-D_s2_seasonal,COPERNICUS/S2_SR_HARMONIZED,"B1,B2,B3,B4,B5,B6,B7,B8,B8A,B9,B11,B12",,2019-07-25T00:00:00Z,2019-09-23T00:00:00Z,2019-08-09T17:45:13Z,20190809T172909_20190809T174425_T13SFR,8.454438,0,31.9360922,-103.01029,submitted; candidates=4; source=legacy_seasonal_event_day_window
GAO20191023t171802p0000-G,year,submitted,K72F3PDNFJWUBWA7CEC3JZ6O,READY,CM_S2_LEGACY360_MATCHED_GEE,GAO20191023t171802p0000-G_s2_year,COPERNICUS/S2_SR_HARMONIZED,"B1,B2,B3,B4,B5,B6,B7,B8,B8A,B9,B11,B12",,2018-08-24T00:00:00Z,2018-11-22T00:00:00Z,2018-08-24T17:44:58Z,20180824T172849_20180824T173639_T13SFR,12.302102,0,31.949646,-102.96838,submitted; candidates=10; source=legacy_year_event_day_window
GAO20191023t171802p0000-F,year,submitted,LC4KHWECD7HR3Y22TJDIB5GS,READY,CM_S2_LEGACY360_MATCHED_GEE,GAO20191023t171802p0000-F_s2_year,COPERNICUS/S2_SR_HARMONIZED,"B1,B2,B3,B4,B5,B6,B7,B8,B8A,B9,B11,B12",,2018-08-24T00:00:00Z,2018-11-22T00:00:00Z,2018-08-24T17:44:58Z,20180824T172849_20180824T173639_T13SFR,12.302102,0,31.946965,-103.01196,submitted; candidates=10; source=legacy_year_event_day_window
GAO20191023t171802p0000-F,t0,submitted,AAQ6RVHOPZM5NISIDERHM3JV,READY,CM_S2_LEGACY360_MATCHED_GEE,GAO20191023t171802p0000-F_s2_0,COPERNICUS/S2_SR_HARMONIZED,"B1,B2,B3,B4,B5,B6,B7,B8,B8A,B9,B11,B12",2019-10-23T17:45:09Z,2019-10-22T00:00:00Z,2019-10-25T00:00:00Z,2019-10-23T17:45:09Z,20191023T173401_20191023T173406_T13SFR,0.003925,0,31.946965,-103.01196,submitted; candidates=1; source=legacy_t0_event_day_window
GAO20191023t171802p0000-G,t0,submitted,QWXFBWZKFWU3PYBE7LLYKXZF,READY,CM_S2_LEGACY360_MATCHED_GEE,GAO20191023t171802p0000-G_s2_0,COPERNICUS/S2_SR_HARMONIZED,"B1,B2,B3,B4,B5,B6,B7,B8,B8A,B9,B11,B12",2019-10-23T17:45:09Z,2019-10-22T00:00:00Z,2019-10-25T00:00:00Z,2019-10-23T17:45:09Z,20191023T173401_20191023T173406_T13SFR,0.003925,0,31.949646,-102.96838,submitted; candidates=1; source=legacy_t0_event_day_window
GAO20191023t171802p0000-H,year,submitted,3B53XH53FTOB2FK2KWRZRWTH,READY,CM_S2_LEGACY360_MATCHED_GEE,GAO20191023t171802p0000-H_s2_year,COPERNICUS/S2_SR_HARMONIZED,"B1,B2,B3,B4,B5,B6,B7,B8,B8A,B9,B11,B12",,2018-08-24T00:00:00Z,2018-11-22T00:00:00Z,2018-08-24T17:44:58Z,20180824T172849_20180824T173639_T13SFR,12.302102,0,31.933295,-103.0323,submitted; candidates=10; source=legacy_year_event_day_window
GAO20191023t171802p0000-E,t0,submitted,FY5CEBWRP63XLOWLIT3VL2SV,READY,CM_S2_LEGACY360_MATCHED_GEE,GAO20191023t171802p0000-E_s2_0,COPERNICUS/S2_SR_HARMONIZED,"B1,B2,B3,B4,B5,B6,B7,B8,B8A,B9,B11,B12",2019-10-23T17:45:09Z,2019-10-22T00:00:00Z,2019-10-25T00:00:00Z,2019-10-23T17:45:09Z,20191023T173401_20191023T173406_T13SFR,0.003925,0,31.946718,-103.01518,submitted; candidates=1; source=legacy_t0_event_day_window
GAO20191023t173308p0000-A,t0,submitted,2ZMJ3IMXJ65RYQH6GE2C5BNO,READY,CM_S2_LEGACY360_MATCHED_GEE,GAO20191023t173308p0000-A_s2_0,COPERNICUS/S2_SR_HARMONIZED,"B1,B2,B3,B4,B5,B6,B7,B8,B8A,B9,B11,B12",2019-10-23T17:45:09Z,2019-10-22T00:00:00Z,2019-10-25T00:00:00Z,2019-10-23T17:45:09Z,20191023T173401_20191023T173406_T13SFR,0.003925,0,31.9281179,-102.96807,submitted; candidates=1; source=legacy_t0_event_day_window
GAO20191023t171802p0000-H,t0,submitted,34SYBTHWNKPE6GGVEEDV6FLZ,READY,CM_S2_LEGACY360_MATCHED_GEE,GAO20191023t171802p0000-H_s2_0,COPERNICUS/S2_SR_HARMONIZED,"B1,B2,B3,B4,B5,B6,B7,B8,B8A,B9,B11,B12",2019-10-23T17:45:09Z,2019-10-22T00:00:00Z,2019-10-25T00:00:00Z,2019-10-23T17:45:09Z,20191023T173401_20191023T173406_T13SFR,0.003925,0,31.933295,-103.0323,submitted; candidates=1; source=legacy_t0_event_day_window
GAO20191023t171802p0000-D,t0,submitted,OEWAKSMMIRLFJSFFXW2P7F5B,READY,CM_S2_LEGACY360_MATCHED_GEE,GAO20191023t171802p0000-D_s2_0,COPERNICUS/S2_SR_HARMONIZED,"B1,B2,B3,B4,B5,B6,B7,B8,B8A,B9,B11,B12",2019-10-23T17:45:09Z,2019-10-22T00:00:00Z,2019-10-25T00:00:00Z,2019-10-23T17:45:09Z,20191023T173401_20191023T173406_T13SFR,0.003925,0,31.9360922,-103.01029,submitted; candidates=1; source=legacy_t0_event_day_window
GAO20191023t173308p0000-A,seasonal,submitted,RQ642T2ZWJTTQTMN55FXYA5A,READY,CM_S2_LEGACY360_MATCHED_GEE,GAO20191023t173308p0000-A_s2_seasonal,COPERNICUS/S2_SR_HARMONIZED,"B1,B2,B3,B4,B5,B6,B7,B8,B8A,B9,B11,B12",,2019-07-25T00:00:00Z,2019-09-23T00:00:00Z,2019-08-09T17:45:13Z,20190809T172909_20190809T174425_T13SFR,8.454438,0,31.9281179,-102.96807,submitted; candidates=4; source=legacy_seasonal_event_day_window
GAO20191023t174556p0000-A,seasonal,submitted,QNEO65UHMI43LQIX5MWIAVSL,READY,CM_S2_LEGACY360_MATCHED_GEE,GAO20191023t174556p0000-A_s2_seasonal,COPERNICUS/S2_SR_HARMONIZED,"B1,B2,B3,B4,B5,B6,B7,B8,B8A,B9,B11,B12",,2019-07-25T00:00:00Z,2019-09-23T00:00:00Z,2019-07-25T17:45:26Z,20190725T172901_20190725T174145_T13RFQ,16.692002,0,31.658091,-103.40015,submitted; candidates=11; source=legacy_seasonal_event_day_window
GAO20191023t173308p0000-D,seasonal,submitted,HLYR4QWMDGXSHVV2DOXWLAT6,READY,CM_S2_LEGACY360_MATCHED_GEE,GAO20191023t173308p0000-D_s2_seasonal,COPERNICUS/S2_SR_HARMONIZED,"B1,B2,B3,B4,B5,B6,B7,B8,B8A,B9,B11,B12",,2019-07-25T00:00:00Z,2019-09-23T00:00:00Z,2019-08-09T17:45:13Z,20190809T172909_20190809T174425_T13SFR,8.454438,0,31.764071,-103.28452,submitted; candidates=4; source=legacy_seasonal_event_day_window
GAO20191023t173308p0000-C,t0,submitted,UWB55KDLI5FGFL4PGNOHCVYO,READY,CM_S2_LEGACY360_MATCHED_GEE,GAO20191023t173308p0000-C_s2_0,COPERNICUS/S2_SR_HARMONIZED,"B1,B2,B3,B4,B5,B6,B7,B8,B8A,B9,B11,B12",2019-10-23T17:45:09Z,2019-10-22T00:00:00Z,2019-10-25T00:00:00Z,2019-10-23T17:45:09Z,20191023T173401_20191023T173406_T13SFR,0.003925,0,31.880917,-103.07988,submitted; candidates=1; source=legacy_t0_event_day_window
GAO20191023t174556p0000-A,t0,submitted,7OUIJBZZ6FNCKDSZVQL3P4XK,READY,CM_S2_LEGACY360_MATCHED_GEE,GAO20191023t174556p0000-A_s2_0,COPERNICUS/S2_SR_HARMONIZED,"B1,B2,B3,B4,B5,B6,B7,B8,B8A,B9,B11,B12",2019-10-23T17:45:56Z,2019-10-22T00:00:00Z,2019-10-25T00:00:00Z,2019-10-23T17:45:24Z,20191023T173401_20191023T173406_T13RFQ,0.001672,0,31.658091,-103.40015,submitted; candidates=2; source=legacy_t0_event_day_window
GAO20191023t173308p0000-B,seasonal,submitted,AOVXRQWYC33SXA2XYGI4H7RB,READY,CM_S2_LEGACY360_MATCHED_GEE,GAO20191023t173308p0000-B_s2_seasonal,COPERNICUS/S2_SR_HARMONIZED,"B1,B2,B3,B4,B5,B6,B7,B8,B8A,B9,B11,B12",,2019-07-25T00:00:00Z,2019-09-23T00:00:00Z,2019-08-09T17:45:13Z,20190809T172909_20190809T174425_T13SFR,8.454438,0,31.904606,-103.03968,submitted; candidates=4; source=legacy_seasonal_event_day_window
GAO20191023t173308p0000-C,year,submitted,65WRB2L44543SCOPGA22QZ5G,READY,CM_S2_LEGACY360_MATCHED_GEE,GAO20191023t173308p0000-C_s2_year,COPERNICUS/S2_SR_HARMONIZED,"B1,B2,B3,B4,B5,B6,B7,B8,B8A,B9,B11,B12",,2018-08-24T00:00:00Z,2018-11-22T00:00:00Z,2018-08-24T17:44:58Z,20180824T172849_20180824T173639_T13SFR,12.302102,0,31.880917,-103.07988,submitted; candidates=10; source=legacy_year_event_day_window
GAO20191023t173308p0000-C,seasonal,submitted,5CPDMZEC5CRE4ORCL7NFOEQ3,READY,CM_S2_LEGACY360_MATCHED_GEE,GAO20191023t173308p0000-C_s2_seasonal,COPERNICUS/S2_SR_HARMONIZED,"B1,B2,B3,B4,B5,B6,B7,B8,B8A,B9,B11,B12",,2019-07-25T00:00:00Z,2019-09-23T00:00:00Z,2019-08-09T17:45:13Z,20190809T172909_20190809T174425_T13SFR,8.454438,0,31.880917,-103.07988,submitted; candidates=4; source=legacy_seasonal_event_day_window
GAO20191023t173308p0000-D,t0,submitted,CQBKFKP5QRSDQCG3AKT5SXNU,READY,CM_S2_LEGACY360_MATCHED_GEE,GAO20191023t173308p0000-D_s2_0,COPERNICUS/S2_SR_HARMONIZED,"B1,B2,B3,B4,B5,B6,B7,B8,B8A,B9,B11,B12",2019-10-23T17:45:09Z,2019-10-22T00:00:00Z,2019-10-25T00:00:00Z,2019-10-23T17:45:09Z,20191023T173401_20191023T173406_T13SFR,0.003925,0,31.764071,-103.28452,submitted; candidates=1; source=legacy_t0_event_day_window
GAO20191023t174556p0000-A,year,submitted,TSFU34JT5NOMDEQ2VPCDK77U,READY,CM_S2_LEGACY360_MATCHED_GEE,GAO20191023t174556p0000-A_s2_year,COPERNICUS/S2_SR_HARMONIZED,"B1,B2,B3,B4,B5,B6,B7,B8,B8A,B9,B11,B12",,2018-08-24T00:00:00Z,2018-11-22T00:00:00Z,2018-08-24T17:45:13Z,20180824T172849_20180824T173639_T13RFQ,2.071247,0,31.658091,-103.40015,submitted; candidates=21; source=legacy_year_event_day_window
GAO20191023t173308p0000-B,year,submitted,WMDUXMXNWMR3LUF7GRH7Y7OU,READY,CM_S2_LEGACY360_MATCHED_GEE,GAO20191023t173308p0000-B_s2_year,COPERNICUS/S2_SR_HARMONIZED,"B1,B2,B3,B4,B5,B6,B7,B8,B8A,B9,B11,B12",,2018-08-24T00:00:00Z,2018-11-22T00:00:00Z,2018-08-24T17:44:58Z,20180824T172849_20180824T173639_T13SFR,12.302102,0,31.904606,-103.03968,submitted; candidates=10; source=legacy_year_event_day_window
GAO20191023t174556p0000-B,seasonal,submitted,EWUFRNBWKFPPA6BCSTZO5IID,READY,CM_S2_LEGACY360_MATCHED_GEE,GAO20191023t174556p0000-B_s2_seasonal,COPERNICUS/S2_SR_HARMONIZED,"B1,B2,B3,B4,B5,B6,B7,B8,B8A,B9,B11,B12",,2019-07-25T00:00:00Z,2019-09-23T00:00:00Z,2019-08-09T17:45:13Z,20190809T172909_20190809T174425_T13SFR,8.454438,0,31.733881,-103.2825,submitted; candidates=4; source=legacy_seasonal_event_day_window
GAO20191023t173308p0000-D,year,submitted,TYN65VROAPVWZPWUL773IDZM,READY,CM_S2_LEGACY360_MATCHED_GEE,GAO20191023t173308p0000-D_s2_year,COPERNICUS/S2_SR_HARMONIZED,"B1,B2,B3,B4,B5,B6,B7,B8,B8A,B9,B11,B12",,2018-08-24T00:00:00Z,2018-11-22T00:00:00Z,2018-08-24T17:44:58Z,20180824T172849_20180824T173639_T13SFR,12.302102,0,31.764071,-103.28452,submitted; candidates=10; source=legacy_year_event_day_window
GAO20191023t173308p0000-B,t0,submitted,6UKWCVN2BBFORO5EJBIJYFGJ,READY,CM_S2_LEGACY360_MATCHED_GEE,GAO20191023t173308p0000-B_s2_0,COPERNICUS/S2_SR_HARMONIZED,"B1,B2,B3,B4,B5,B6,B7,B8,B8A,B9,B11,B12",2019-10-23T17:45:09Z,2019-10-22T00:00:00Z,2019-10-25T00:00:00Z,2019-10-23T17:45:09Z,20191023T173401_20191023T173406_T13SFR,0.003925,0,31.904606,-103.03968,submitted; candidates=1; source=legacy_t0_event_day_window
GAO20191023t174556p0000-B,t0,submitted,T45OSZOIJIMHNXGCT4EHNTN7,READY,CM_S2_LEGACY360_MATCHED_GEE,GAO20191023t174556p0000-B_s2_0,COPERNICUS/S2_SR_HARMONIZED,"B1,B2,B3,B4,B5,B6,B7,B8,B8A,B9,B11,B12",2019-10-23T17:45:56Z,2019-10-22T00:00:00Z,2019-10-25T00:00:00Z,2019-10-23T17:45:09Z,20191023T173401_20191023T173406_T13SFR,0.003925,0,31.733881,-103.2825,submitted; candidates=1; source=legacy_t0_event_day_window
GAO20191023t173308p0000-A,year,submitted,GCLM5KBIQ26IR4WZTGNZO6PO,READY,CM_S2_LEGACY360_MATCHED_GEE,GAO20191023t173308p0000-A_s2_year,COPERNICUS/S2_SR_HARMONIZED,"B1,B2,B3,B4,B5,B6,B7,B8,B8A,B9,B11,B12",,2018-08-24T00:00:00Z,2018-11-22T00:00:00Z,2018-08-24T17:44:58Z,20180824T172849_20180824T173639_T13SFR,12.302102,0,31.9281179,-102.96807,submitted; candidates=10; source=legacy_year_event_day_window
GAO20191023t174556p0000-F,t0,submitted,OEA7SMKEKDVC5A3SN5XQQ2UO,READY,CM_S2_LEGACY360_MATCHED_GEE,GAO20191023t174556p0000-F_s2_0,COPERNICUS/S2_SR_HARMONIZED,"B1,B2,B3,B4,B5,B6,B7,B8,B8A,B9,B11,B12",2019-10-23T17:45:56Z,2019-10-22T00:00:00Z,2019-10-25T00:00:00Z,2019-10-23T17:45:09Z,20191023T173401_20191023T173406_T13SFR,0.003925,0,31.926249,-102.9466,submitted; candidates=1; source=legacy_t0_event_day_window
GAO20191023t174556p0000-E,seasonal,submitted,YHIV52DIEICI2JNPFU6GDGW2,READY,CM_S2_LEGACY360_MATCHED_GEE,GAO20191023t174556p0000-E_s2_seasonal,COPERNICUS/S2_SR_HARMONIZED,"B1,B2,B3,B4,B5,B6,B7,B8,B8A,B9,B11,B12",,2019-07-25T00:00:00Z,2019-09-23T00:00:00Z,2019-08-09T17:45:13Z,20190809T172909_20190809T174425_T13SFR,8.454438,0,31.9258526,-102.94166,submitted; candidates=4; source=legacy_seasonal_event_day_window
GAO20191023t174556p0000-C,t0,submitted,56WCIH5QIN3ZWKHJHU2T5I5A,READY,CM_S2_LEGACY360_MATCHED_GEE,GAO20191023t174556p0000-C_s2_0,COPERNICUS/S2_SR_HARMONIZED,"B1,B2,B3,B4,B5,B6,B7,B8,B8A,B9,B11,B12",2019-10-23T17:45:56Z,2019-10-22T00:00:00Z,2019-10-25T00:00:00Z,2019-10-23T17:45:09Z,20191023T173401_20191023T173406_T13SFR,0.003925,0,31.911347,-102.96419,submitted; candidates=1; source=legacy_t0_event_day_window
GAO20191023t174556p0000-B,year,submitted,J5RUNVVBDRIAGMLNTMVKPXTH,READY,CM_S2_LEGACY360_MATCHED_GEE,GAO20191023t174556p0000-B_s2_year,COPERNICUS/S2_SR_HARMONIZED,"B1,B2,B3,B4,B5,B6,B7,B8,B8A,B9,B11,B12",,2018-08-24T00:00:00Z,2018-11-22T00:00:00Z,2018-08-24T17:44:58Z,20180824T172849_20180824T173639_T13SFR,12.302102,0,31.733881,-103.2825,submitted; candidates=10; source=legacy_year_event_day_window
GAO20191023t174556p0000-D,t0,submitted,OEZETUVRXSNUGGMEGMFSISMV,READY,CM_S2_LEGACY360_MATCHED_GEE,GAO20191023t174556p0000-D_s2_0,COPERNICUS/S2_SR_HARMONIZED,"B1,B2,B3,B4,B5,B6,B7,B8,B8A,B9,B11,B12",2019-10-23T17:45:56Z,2019-10-22T00:00:00Z,2019-10-25T00:00:00Z,2019-10-23T17:45:09Z,20191023T173401_20191023T173406_T13SFR,0.003925,0,31.884765,-103.00452,submitted; candidates=1; source=legacy_t0_event_day_window
GAO20191023t180055p0000-A,seasonal,submitted,E25RJJNKLBLQUHG2FQYOL5TC,READY,CM_S2_LEGACY360_MATCHED_GEE,GAO20191023t180055p0000-A_s2_seasonal,COPERNICUS/S2_SR_HARMONIZED,"B1,B2,B3,B4,B5,B6,B7,B8,B8A,B9,B11,B12",,2019-07-25T00:00:00Z,2019-09-23T00:00:00Z,2019-08-09T17:45:13Z,20190809T172909_20190809T174425_T13SFR,8.454438,0,31.8835944,-102.95548,submitted; candidates=4; source=legacy_seasonal_event_day_window
GAO20191023t174556p0000-C,seasonal,submitted,NJLCPZZHDNVZLM7YHLBKPGNM,READY,CM_S2_LEGACY360_MATCHED_GEE,GAO20191023t174556p0000-C_s2_seasonal,COPERNICUS/S2_SR_HARMONIZED,"B1,B2,B3,B4,B5,B6,B7,B8,B8A,B9,B11,B12",,2019-07-25T00:00:00Z,2019-09-23T00:00:00Z,2019-08-09T17:45:13Z,20190809T172909_20190809T174425_T13SFR,8.454438,0,31.911347,-102.96419,submitted; candidates=4; source=legacy_seasonal_event_day_window
GAO20191023t174556p0000-D,seasonal,submitted,HCDYEM4AARHIOQRDWI4KFNYO,READY,CM_S2_LEGACY360_MATCHED_GEE,GAO20191023t174556p0000-D_s2_seasonal,COPERNICUS/S2_SR_HARMONIZED,"B1,B2,B3,B4,B5,B6,B7,B8,B8A,B9,B11,B12",,2019-07-25T00:00:00Z,2019-09-23T00:00:00Z,2019-08-09T17:45:13Z,20190809T172909_20190809T174425_T13SFR,8.454438,0,31.884765,-103.00452,submitted; candidates=4; source=legacy_seasonal_event_day_window
GAO20191023t174556p0000-C,year,submitted,LIZSHNVRLUW7ZJLMQTT3QOTQ,READY,CM_S2_LEGACY360_MATCHED_GEE,GAO20191023t174556p0000-C_s2_year,COPERNICUS/S2_SR_HARMONIZED,"B1,B2,B3,B4,B5,B6,B7,B8,B8A,B9,B11,B12",,2018-08-24T00:00:00Z,2018-11-22T00:00:00Z,2018-08-24T17:44:58Z,20180824T172849_20180824T173639_T13SFR,12.302102,0,31.911347,-102.96419,submitted; candidates=10; source=legacy_year_event_day_window
GAO20191023t180055p0000-A,t0,submitted,3ZN47DZUWVQ22PXZ4WLN4RJF,READY,CM_S2_LEGACY360_MATCHED_GEE,GAO20191023t180055p0000-A_s2_0,COPERNICUS/S2_SR_HARMONIZED,"B1,B2,B3,B4,B5,B6,B7,B8,B8A,B9,B11,B12",2019-10-23T18:00:55Z,2019-10-22T00:00:00Z,2019-10-25T00:00:00Z,2019-10-23T17:45:09Z,20191023T173401_20191023T173406_T13SFR,0.003925,0,31.8835944,-102.95548,submitted; candidates=1; source=legacy_t0_event_day_window
GAO20191023t174556p0000-D,year,submitted,Z3RX4ARV7O7FRACDMSHZKE53,READY,CM_S2_LEGACY360_MATCHED_GEE,GAO20191023t174556p0000-D_s2_year,COPERNICUS/S2_SR_HARMONIZED,"B1,B2,B3,B4,B5,B6,B7,B8,B8A,B9,B11,B12",,2018-08-24T00:00:00Z,2018-11-22T00:00:00Z,2018-08-24T17:44:58Z,20180824T172849_20180824T173639_T13SFR,12.302102,0,31.884765,-103.00452,submitted; candidates=10; source=legacy_year_event_day_window
GAO20191023t174556p0000-F,year,submitted,S5C7SPOY2Q536KZ3HWYZIRPQ,READY,CM_S2_LEGACY360_MATCHED_GEE,GAO20191023t174556p0000-F_s2_year,COPERNICUS/S2_SR_HARMONIZED,"B1,B2,B3,B4,B5,B6,B7,B8,B8A,B9,B11,B12",,2018-08-24T00:00:00Z,2018-11-22T00:00:00Z,2018-08-24T17:44:58Z,20180824T172849_20180824T173639_T13SFR,12.302102,0,31.926249,-102.9466,submitted; candidates=10; source=legacy_year_event_day_window
GAO20191023t174556p0000-E,t0,submitted,HAHT7R54KMCCUWB4F6NRAIDB,READY,CM_S2_LEGACY360_MATCHED_GEE,GAO20191023t174556p0000-E_s2_0,COPERNICUS/S2_SR_HARMONIZED,"B1,B2,B3,B4,B5,B6,B7,B8,B8A,B9,B11,B12",2019-10-23T17:45:56Z,2019-10-22T00:00:00Z,2019-10-25T00:00:00Z,2019-10-23T17:45:09Z,20191023T173401_20191023T173406_T13SFR,0.003925,0,31.9258526,-102.94166,submitted; candidates=1; source=legacy_t0_event_day_window
GAO20191023t174556p0000-F,seasonal,submitted,TM44NYSZQC4JLGFLWHH5YXFE,READY,CM_S2_LEGACY360_MATCHED_GEE,GAO20191023t174556p0000-F_s2_seasonal,COPERNICUS/S2_SR_HARMONIZED,"B1,B2,B3,B4,B5,B6,B7,B8,B8A,B9,B11,B12",,2019-07-25T00:00:00Z,2019-09-23T00:00:00Z,2019-08-09T17:45:13Z,20190809T172909_20190809T174425_T13SFR,8.454438,0,31.926249,-102.9466,submitted; candidates=4; source=legacy_seasonal_event_day_window
GAO20191023t174556p0000-E,year,submitted,XIJ6IVY3BNVQHTKAMEOJ3OST,READY,CM_S2_LEGACY360_MATCHED_GEE,GAO20191023t174556p0000-E_s2_year,COPERNICUS/S2_SR_HARMONIZED,"B1,B2,B3,B4,B5,B6,B7,B8,B8A,B9,B11,B12",,2018-08-24T00:00:00Z,2018-11-22T00:00:00Z,2018-08-24T17:44:58Z,20180824T172849_20180824T173639_T13SFR,12.302102,0,31.9258526,-102.94166,submitted; candidates=10; source=legacy_year_event_day_window
GAO20191023t180055p0000-B,t0,submitted,CYGSNJFMBWYATC62OTKY5L2K,READY,CM_S2_LEGACY360_MATCHED_GEE,GAO20191023t180055p0000-B_s2_0,COPERNICUS/S2_SR_HARMONIZED,"B1,B2,B3,B4,B5,B6,B7,B8,B8A,B9,B11,B12",2019-10-23T18:00:55Z,2019-10-22T00:00:00Z,2019-10-25T00:00:00Z,2019-10-23T17:45:09Z,20191023T173401_20191023T173406_T13SFR,0.003925,0,31.850656,-103.01191,submitted; candidates=1; source=legacy_t0_event_day_window
GAO20191023t180055p0000-B,year,submitted,OD2256TOJDMTTWQZYYOCX3LM,READY,CM_S2_LEGACY360_MATCHED_GEE,GAO20191023t180055p0000-B_s2_year,COPERNICUS/S2_SR_HARMONIZED,"B1,B2,B3,B4,B5,B6,B7,B8,B8A,B9,B11,B12",,2018-08-24T00:00:00Z,2018-11-22T00:00:00Z,2018-08-24T17:44:58Z,20180824T172849_20180824T173639_T13SFR,12.302102,0,31.850656,-103.01191,submitted; candidates=10; source=legacy_year_event_day_window
GAO20191023t180055p0000-E,t0,submitted,YVR7CQIMRCPL2OXEZCTGPQTK,READY,CM_S2_LEGACY360_MATCHED_GEE,GAO20191023t180055p0000-E_s2_0,COPERNICUS/S2_SR_HARMONIZED,"B1,B2,B3,B4,B5,B6,B7,B8,B8A,B9,B11,B12",2019-10-23T18:00:55Z,2019-10-22T00:00:00Z,2019-10-25T00:00:00Z,2019-10-23T17:45:09Z,20191023T173401_20191023T173406_T13SFR,0.003925,0,31.68086,-103.33074,submitted; candidates=1; source=legacy_t0_event_day_window
GAO20191023t181324p0000-A,seasonal,submitted,QJL744GB262Z7KYXWFVOO6NU,READY,CM_S2_LEGACY360_MATCHED_GEE,GAO20191023t181324p0000-A_s2_seasonal,COPERNICUS/S2_SR_HARMONIZED,"B1,B2,B3,B4,B5,B6,B7,B8,B8A,B9,B11,B12",,2019-07-25T00:00:00Z,2019-09-23T00:00:00Z,2019-08-09T17:45:13Z,20190809T172909_20190809T174425_T13SFR,8.454438,0,31.883537,-102.95562,submitted; candidates=4; source=legacy_seasonal_event_day_window
GAO20191023t180055p0000-E,seasonal,submitted,QCWVH645CJK55CVP5OA5TKIK,READY,CM_S2_LEGACY360_MATCHED_GEE,GAO20191023t180055p0000-E_s2_seasonal,COPERNICUS/S2_SR_HARMONIZED,"B1,B2,B3,B4,B5,B6,B7,B8,B8A,B9,B11,B12",,2019-07-25T00:00:00Z,2019-09-23T00:00:00Z,2019-08-09T17:45:13Z,20190809T172909_20190809T174425_T13SFR,8.454438,0,31.68086,-103.33074,submitted; candidates=4; source=legacy_seasonal_event_day_window
GAO20191023t181324p0000-A,t0,submitted,MDYV65FVFMYPQE7A2Z2K6YIB,READY,CM_S2_LEGACY360_MATCHED_GEE,GAO20191023t181324p0000-A_s2_0,COPERNICUS/S2_SR_HARMONIZED,"B1,B2,B3,B4,B5,B6,B7,B8,B8A,B9,B11,B12",2019-10-23T18:13:24Z,2019-10-22T00:00:00Z,2019-10-25T00:00:00Z,2019-10-23T17:45:09Z,20191023T173401_20191023T173406_T13SFR,0.003925,0,31.883537,-102.95562,submitted; candidates=1; source=legacy_t0_event_day_window
GAO20191023t180055p0000-C,seasonal,submitted,5FX2Z6RZPRW2U22ALL6KGWIF,READY,CM_S2_LEGACY360_MATCHED_GEE,GAO20191023t180055p0000-C_s2_seasonal,COPERNICUS/S2_SR_HARMONIZED,"B1,B2,B3,B4,B5,B6,B7,B8,B8A,B9,B11,B12",,2019-07-25T00:00:00Z,2019-09-23T00:00:00Z,2019-08-09T17:45:13Z,20190809T172909_20190809T174425_T13SFR,8.454438,0,31.786684,-103.12244,submitted; candidates=4; source=legacy_seasonal_event_day_window
GAO20191023t180055p0000-C,t0,submitted,ZKVIPPCXWA5UZ3ADOSG63NKD,READY,CM_S2_LEGACY360_MATCHED_GEE,GAO20191023t180055p0000-C_s2_0,COPERNICUS/S2_SR_HARMONIZED,"B1,B2,B3,B4,B5,B6,B7,B8,B8A,B9,B11,B12",2019-10-23T18:00:55Z,2019-10-22T00:00:00Z,2019-10-25T00:00:00Z,2019-10-23T17:45:09Z,20191023T173401_20191023T173406_T13SFR,0.003925,0,31.786684,-103.12244,submitted; candidates=1; source=legacy_t0_event_day_window
GAO20191023t180055p0000-D,t0,submitted,DW32N7PDOY2BQ5OQ5P3WNNCQ,READY,CM_S2_LEGACY360_MATCHED_GEE,GAO20191023t180055p0000-D_s2_0,COPERNICUS/S2_SR_HARMONIZED,"B1,B2,B3,B4,B5,B6,B7,B8,B8A,B9,B11,B12",2019-10-23T18:00:55Z,2019-10-22T00:00:00Z,2019-10-25T00:00:00Z,2019-10-23T17:45:09Z,20191023T173401_20191023T173406_T13SFR,0.003925,0,31.755191,-103.20869,submitted; candidates=1; source=legacy_t0_event_day_window
GAO20191023t180055p0000-D,year,submitted,6TT5CWVUANY5TWPZZLE3KOIJ,READY,CM_S2_LEGACY360_MATCHED_GEE,GAO20191023t180055p0000-D_s2_year,COPERNICUS/S2_SR_HARMONIZED,"B1,B2,B3,B4,B5,B6,B7,B8,B8A,B9,B11,B12",,2018-08-24T00:00:00Z,2018-11-22T00:00:00Z,2018-08-24T17:44:58Z,20180824T172849_20180824T173639_T13SFR,12.302102,0,31.755191,-103.20869,submitted; candidates=10; source=legacy_year_event_day_window
GAO20191023t180055p0000-B,seasonal,submitted,T2BB2P4T3FBJGJK5LSANFWVQ,READY,CM_S2_LEGACY360_MATCHED_GEE,GAO20191023t180055p0000-B_s2_seasonal,COPERNICUS/S2_SR_HARMONIZED,"B1,B2,B3,B4,B5,B6,B7,B8,B8A,B9,B11,B12",,2019-07-25T00:00:00Z,2019-09-23T00:00:00Z,2019-08-09T17:45:13Z,20190809T172909_20190809T174425_T13SFR,8.454438,0,31.850656,-103.01191,submitted; candidates=4; source=legacy_seasonal_event_day_window
GAO20191023t180055p0000-E,year,submitted,FRLU4YTHBOKZ5TD4UY4GBMC6,READY,CM_S2_LEGACY360_MATCHED_GEE,GAO20191023t180055p0000-E_s2_year,COPERNICUS/S2_SR_HARMONIZED,"B1,B2,B3,B4,B5,B6,B7,B8,B8A,B9,B11,B12",,2018-08-24T00:00:00Z,2018-11-22T00:00:00Z,2018-08-24T17:44:58Z,20180824T172849_20180824T173639_T13SFR,12.302102,0,31.68086,-103.33074,submitted; candidates=10; source=legacy_year_event_day_window
GAO20191023t180055p0000-C,year,submitted,UC7GWMYKJSRSGAXKOUMSWGR4,READY,CM_S2_LEGACY360_MATCHED_GEE,GAO20191023t180055p0000-C_s2_year,COPERNICUS/S2_SR_HARMONIZED,"B1,B2,B3,B4,B5,B6,B7,B8,B8A,B9,B11,B12",,2018-08-24T00:00:00Z,2018-11-22T00:00:00Z,2018-08-24T17:44:58Z,20180824T172849_20180824T173639_T13SFR,12.302102,0,31.786684,-103.12244,submitted; candidates=10; source=legacy_year_event_day_window
GAO20191023t180055p0000-D,seasonal,submitted,JUUHLBQJEK2J5U34MVEUEGBD,READY,CM_S2_LEGACY360_MATCHED_GEE,GAO20191023t180055p0000-D_s2_seasonal,COPERNICUS/S2_SR_HARMONIZED,"B1,B2,B3,B4,B5,B6,B7,B8,B8A,B9,B11,B12",,2019-07-25T00:00:00Z,2019-09-23T00:00:00Z,2019-08-09T17:45:13Z,20190809T172909_20190809T174425_T13SFR,8.454438,0,31.755191,-103.20869,submitted; candidates=4; source=legacy_seasonal_event_day_window
GAO20191023t181324p0000-A,year,submitted,RPR6BOZHREHU2CDXU22GW2DV,READY,CM_S2_LEGACY360_MATCHED_GEE,GAO20191023t181324p0000-A_s2_year,COPERNICUS/S2_SR_HARMONIZED,"B1,B2,B3,B4,B5,B6,B7,B8,B8A,B9,B11,B12",,2018-08-24T00:00:00Z,2018-11-22T00:00:00Z,2018-08-24T17:44:58Z,20180824T172849_20180824T173639_T13SFR,12.302102,0,31.883537,-102.95562,submitted; candidates=10; source=legacy_year_event_day_window
GAO20191023t182826p0000-A,year,submitted,3RZMHH726GZ5R66CRQ7SFE74,READY,CM_S2_LEGACY360_MATCHED_GEE,GAO20191023t182826p0000-A_s2_year,COPERNICUS/S2_SR_HARMONIZED,"B1,B2,B3,B4,B5,B6,B7,B8,B8A,B9,B11,B12",,2018-08-24T00:00:00Z,2018-11-22T00:00:00Z,2018-08-24T17:44:58Z,20180824T172849_20180824T173639_T13SFR,12.302102,0,31.772387,-103.07065,submitted; candidates=10; source=legacy_year_event_day_window
GAO20191023t181324p0000-C,seasonal,submitted,UHFV7BZWCCU2NBGVRTWU3KU6,READY,CM_S2_LEGACY360_MATCHED_GEE,GAO20191023t181324p0000-C_s2_seasonal,COPERNICUS/S2_SR_HARMONIZED,"B1,B2,B3,B4,B5,B6,B7,B8,B8A,B9,B11,B12",,2019-07-25T00:00:00Z,2019-09-23T00:00:00Z,2019-08-09T17:45:13Z,20190809T172909_20190809T174425_T13SFR,8.454438,0,31.787844,-103.08633,submitted; candidates=4; source=legacy_seasonal_event_day_window
GAO20191023t181324p0000-B,t0,submitted,YNLN3DWACNCRCX3DEIC4HBDC,READY,CM_S2_LEGACY360_MATCHED_GEE,GAO20191023t181324p0000-B_s2_0,COPERNICUS/S2_SR_HARMONIZED,"B1,B2,B3,B4,B5,B6,B7,B8,B8A,B9,B11,B12",2019-10-23T18:13:24Z,2019-10-22T00:00:00Z,2019-10-25T00:00:00Z,2019-10-23T17:45:09Z,20191023T173401_20191023T173406_T13SFR,0.003925,0,31.841425,-102.99758,submitted; candidates=1; source=legacy_t0_event_day_window
GAO20191023t181324p0000-D,seasonal,submitted,BRCFKCPU7JB2CG6DNYCTK4GV,READY,CM_S2_LEGACY360_MATCHED_GEE,GAO20191023t181324p0000-D_s2_seasonal,COPERNICUS/S2_SR_HARMONIZED,"B1,B2,B3,B4,B5,B6,B7,B8,B8A,B9,B11,B12",,2019-07-25T00:00:00Z,2019-09-23T00:00:00Z,2019-08-09T17:45:13Z,20190809T172909_20190809T174425_T13SFR,8.454438,0,31.786859,-103.12278,submitted; candidates=4; source=legacy_seasonal_event_day_window
GAO20191023t181324p0000-C,year,submitted,XXTQNPRFZWID4OEL7OG4F7QQ,READY,CM_S2_LEGACY360_MATCHED_GEE,GAO20191023t181324p0000-C_s2_year,COPERNICUS/S2_SR_HARMONIZED,"B1,B2,B3,B4,B5,B6,B7,B8,B8A,B9,B11,B12",,2018-08-24T00:00:00Z,2018-11-22T00:00:00Z,2018-08-24T17:44:58Z,20180824T172849_20180824T173639_T13SFR,12.302102,0,31.787844,-103.08633,submitted; candidates=10; source=legacy_year_event_day_window
GAO20191023t181324p0000-B,seasonal,submitted,IVUG77NQOVGPWTBNOUD2QDZS,READY,CM_S2_LEGACY360_MATCHED_GEE,GAO20191023t181324p0000-B_s2_seasonal,COPERNICUS/S2_SR_HARMONIZED,"B1,B2,B3,B4,B5,B6,B7,B8,B8A,B9,B11,B12",,2019-07-25T00:00:00Z,2019-09-23T00:00:00Z,2019-08-09T17:45:13Z,20190809T172909_20190809T174425_T13SFR,8.454438,0,31.841425,-102.99758,submitted; candidates=4; source=legacy_seasonal_event_day_window
GAO20191023t182826p0000-A,t0,submitted,MHGGXGWUZHVCXN7XFZPSQ23G,READY,CM_S2_LEGACY360_MATCHED_GEE,GAO20191023t182826p0000-A_s2_0,COPERNICUS/S2_SR_HARMONIZED,"B1,B2,B3,B4,B5,B6,B7,B8,B8A,B9,B11,B12",2019-10-23T18:28:26Z,2019-10-22T00:00:00Z,2019-10-25T00:00:00Z,2019-10-23T17:45:09Z,20191023T173401_20191023T173406_T13SFR,0.003925,0,31.772387,-103.07065,submitted; candidates=1; source=legacy_t0_event_day_window
GAO20191023t181324p0000-C,t0,submitted,DL6UXNSV5IBA46MG2ZV6XSOT,READY,CM_S2_LEGACY360_MATCHED_GEE,GAO20191023t181324p0000-C_s2_0,COPERNICUS/S2_SR_HARMONIZED,"B1,B2,B3,B4,B5,B6,B7,B8,B8A,B9,B11,B12",2019-10-23T18:13:24Z,2019-10-22T00:00:00Z,2019-10-25T00:00:00Z,2019-10-23T17:45:09Z,20191023T173401_20191023T173406_T13SFR,0.003925,0,31.787844,-103.08633,submitted; candidates=1; source=legacy_t0_event_day_window
GAO20191023t181324p0000-B,year,submitted,4EXHYZ77LKDUGCGKB77H2E5M,READY,CM_S2_LEGACY360_MATCHED_GEE,GAO20191023t181324p0000-B_s2_year,COPERNICUS/S2_SR_HARMONIZED,"B1,B2,B3,B4,B5,B6,B7,B8,B8A,B9,B11,B12",,2018-08-24T00:00:00Z,2018-11-22T00:00:00Z,2018-08-24T17:44:58Z,20180824T172849_20180824T173639_T13SFR,12.302102,0,31.841425,-102.99758,submitted; candidates=10; source=legacy_year_event_day_window
GAO20191023t182826p0000-A,seasonal,submitted,YV6AREWA6SCGAKIT2UYMTYNT,READY,CM_S2_LEGACY360_MATCHED_GEE,GAO20191023t182826p0000-A_s2_seasonal,COPERNICUS/S2_SR_HARMONIZED,"B1,B2,B3,B4,B5,B6,B7,B8,B8A,B9,B11,B12",,2019-07-25T00:00:00Z,2019-09-23T00:00:00Z,2019-08-09T17:45:13Z,20190809T172909_20190809T174425_T13SFR,8.454438,0,31.772387,-103.07065,submitted; candidates=4; source=legacy_seasonal_event_day_window
GAO20191023t182826p0000-B,t0,submitted,BFXURMVMDXUG2ATYFAHJZTRJ,READY,CM_S2_LEGACY360_MATCHED_GEE,GAO20191023t182826p0000-B_s2_0,COPERNICUS/S2_SR_HARMONIZED,"B1,B2,B3,B4,B5,B6,B7,B8,B8A,B9,B11,B12",2019-10-23T18:28:26Z,2019-10-22T00:00:00Z,2019-10-25T00:00:00Z,2019-10-23T17:45:09Z,20191023T173401_20191023T173406_T13SFR,0.003925,0,31.678966,-103.21238,submitted; candidates=1; source=legacy_t0_event_day_window
GAO20191023t182826p0000-B,seasonal,submitted,R7A6AWOJMWVIKTBMPZLT4VYS,READY,CM_S2_LEGACY360_MATCHED_GEE,GAO20191023t182826p0000-B_s2_seasonal,COPERNICUS/S2_SR_HARMONIZED,"B1,B2,B3,B4,B5,B6,B7,B8,B8A,B9,B11,B12",,2019-07-25T00:00:00Z,2019-09-23T00:00:00Z,2019-08-09T17:45:13Z,20190809T172909_20190809T174425_T13SFR,8.454438,0,31.678966,-103.21238,submitted; candidates=4; source=legacy_seasonal_event_day_window
GAO20191023t181324p0000-D,t0,submitted,UNWIP5YYKAZZQLFQ6QXMWMQP,READY,CM_S2_LEGACY360_MATCHED_GEE,GAO20191023t181324p0000-D_s2_0,COPERNICUS/S2_SR_HARMONIZED,"B1,B2,B3,B4,B5,B6,B7,B8,B8A,B9,B11,B12",2019-10-23T18:13:24Z,2019-10-22T00:00:00Z,2019-10-25T00:00:00Z,2019-10-23T17:45:09Z,20191023T173401_20191023T173406_T13SFR,0.003925,0,31.786859,-103.12278,submitted; candidates=1; source=legacy_t0_event_day_window
GAO20191023t182826p0000-B,year,submitted,DYTSWWA6M6PCWYYJGQACGYZJ,READY,CM_S2_LEGACY360_MATCHED_GEE,GAO20191023t182826p0000-B_s2_year,COPERNICUS/S2_SR_HARMONIZED,"B1,B2,B3,B4,B5,B6,B7,B8,B8A,B9,B11,B12",,2018-08-24T00:00:00Z,2018-11-22T00:00:00Z,2018-08-24T17:44:58Z,20180824T172849_20180824T173639_T13SFR,12.302102,0,31.678966,-103.21238,submitted; candidates=10; source=legacy_year_event_day_window
GAO20191023t181324p0000-D,year,submitted,YR366BEYILINF5TYMNHJPP2Z,READY,CM_S2_LEGACY360_MATCHED_GEE,GAO20191023t181324p0000-D_s2_year,COPERNICUS/S2_SR_HARMONIZED,"B1,B2,B3,B4,B5,B6,B7,B8,B8A,B9,B11,B12",,2018-08-24T00:00:00Z,2018-11-22T00:00:00Z,2018-08-24T17:44:58Z,20180824T172849_20180824T173639_T13SFR,12.302102,0,31.786859,-103.12278,submitted; candidates=10; source=legacy_year_event_day_window
GAO20191023t182826p0000-C,seasonal,submitted,N46AFFURR6HJQZL6SLGRPBJK,READY,CM_S2_LEGACY360_MATCHED_GEE,GAO20191023t182826p0000-C_s2_seasonal,COPERNICUS/S2_SR_HARMONIZED,"B1,B2,B3,B4,B5,B6,B7,B8,B8A,B9,B11,B12",,2019-07-25T00:00:00Z,2019-09-23T00:00:00Z,2019-07-25T17:45:26Z,20190725T172901_20190725T174145_T13RFQ,16.692002,0,31.651923,-103.29565,submitted; candidates=11; source=legacy_seasonal_event_day_window
GAO20191023t182826p0000-C,year,submitted,5ORIZQR7PDRZXSRRQKADJ6DY,READY,CM_S2_LEGACY360_MATCHED_GEE,GAO20191023t182826p0000-C_s2_year,COPERNICUS/S2_SR_HARMONIZED,"B1,B2,B3,B4,B5,B6,B7,B8,B8A,B9,B11,B12",,2018-08-24T00:00:00Z,2018-11-22T00:00:00Z,2018-08-24T17:45:13Z,20180824T172849_20180824T173639_T13RFQ,2.071247,0,31.651923,-103.29565,submitted; candidates=21; source=legacy_year_event_day_window
GAO20191023t184042p0000-B,t0,submitted,YWLNMERXDOR6ND76EFIXI4YX,READY,CM_S2_LEGACY360_MATCHED_GEE,GAO20191023t184042p0000-B_s2_0,COPERNICUS/S2_SR_HARMONIZED,"B1,B2,B3,B4,B5,B6,B7,B8,B8A,B9,B11,B12",2019-10-23T18:40:42Z,2019-10-22T00:00:00Z,2019-10-25T00:00:00Z,2019-10-23T17:45:09Z,20191023T173401_20191023T173406_T13SFR,0.003925,0,31.738383,-103.10895,submitted; candidates=1; source=legacy_t0_event_day_window
GAO20191023t184042p0000-A,year,submitted,COATDRWT2GCY55BVRSZMVVVU,READY,CM_S2_LEGACY360_MATCHED_GEE,GAO20191023t184042p0000-A_s2_year,COPERNICUS/S2_SR_HARMONIZED,"B1,B2,B3,B4,B5,B6,B7,B8,B8A,B9,B11,B12",,2018-08-24T00:00:00Z,2018-11-22T00:00:00Z,2018-08-24T17:44:58Z,20180824T172849_20180824T173639_T13SFR,12.302102,0,31.678779,-103.21274,submitted; candidates=10; source=legacy_year_event_day_window
GAO20191023t184042p0000-A,seasonal,submitted,UQDZYIATVPLQNEJTAQRNTVPO,READY,CM_S2_LEGACY360_MATCHED_GEE,GAO20191023t184042p0000-A_s2_seasonal,COPERNICUS/S2_SR_HARMONIZED,"B1,B2,B3,B4,B5,B6,B7,B8,B8A,B9,B11,B12",,2019-07-25T00:00:00Z,2019-09-23T00:00:00Z,2019-08-09T17:45:13Z,20190809T172909_20190809T174425_T13SFR,8.454438,0,31.678779,-103.21274,submitted; candidates=4; source=legacy_seasonal_event_day_window
GAO20191023t184042p0000-B,seasonal,submitted,HUMGBYCHIQJOPVPD2LRVHYTC,READY,CM_S2_LEGACY360_MATCHED_GEE,GAO20191023t184042p0000-B_s2_seasonal,COPERNICUS/S2_SR_HARMONIZED,"B1,B2,B3,B4,B5,B6,B7,B8,B8A,B9,B11,B12",,2019-07-25T00:00:00Z,2019-09-23T00:00:00Z,2019-08-09T17:45:13Z,20190809T172909_20190809T174425_T13SFR,8.454438,0,31.738383,-103.10895,submitted; candidates=4; source=legacy_seasonal_event_day_window
GAO20191023t184042p0000-D,year,submitted,TAKDT4O2LBCMDMSMD2GM7MGB,READY,CM_S2_LEGACY360_MATCHED_GEE,GAO20191023t184042p0000-D_s2_year,COPERNICUS/S2_SR_HARMONIZED,"B1,B2,B3,B4,B5,B6,B7,B8,B8A,B9,B11,B12",,2018-08-24T00:00:00Z,2018-11-22T00:00:00Z,2018-08-24T17:44:58Z,20180824T172849_20180824T173639_T13SFR,12.302102,0,31.798478,-102.98223,submitted; candidates=10; source=legacy_year_event_day_window
GAO20191023t184042p0000-C,year,submitted,BPRDRC6WMZLXXO2QQKBYGR2S,READY,CM_S2_LEGACY360_MATCHED_GEE,GAO20191023t184042p0000-C_s2_year,COPERNICUS/S2_SR_HARMONIZED,"B1,B2,B3,B4,B5,B6,B7,B8,B8A,B9,B11,B12",,2018-08-24T00:00:00Z,2018-11-22T00:00:00Z,2018-08-24T17:44:58Z,20180824T172849_20180824T173639_T13SFR,12.302102,0,31.756998,-103.07298,submitted; candidates=10; source=legacy_year_event_day_window
GAO20191023t184042p0000-B,year,submitted,EDEXINXN2NW5SLTQXWTL24RX,READY,CM_S2_LEGACY360_MATCHED_GEE,GAO20191023t184042p0000-B_s2_year,COPERNICUS/S2_SR_HARMONIZED,"B1,B2,B3,B4,B5,B6,B7,B8,B8A,B9,B11,B12",,2018-08-24T00:00:00Z,2018-11-22T00:00:00Z,2018-08-24T17:44:58Z,20180824T172849_20180824T173639_T13SFR,12.302102,0,31.738383,-103.10895,submitted; candidates=10; source=legacy_year_event_day_window
GAO20191023t184042p0000-D,seasonal,submitted,U43ESSSLWWJSG5DJPXS66AUM,READY,CM_S2_LEGACY360_MATCHED_GEE,GAO20191023t184042p0000-D_s2_seasonal,COPERNICUS/S2_SR_HARMONIZED,"B1,B2,B3,B4,B5,B6,B7,B8,B8A,B9,B11,B12",,2019-07-25T00:00:00Z,2019-09-23T00:00:00Z,2019-08-09T17:45:13Z,20190809T172909_20190809T174425_T13SFR,8.454438,0,31.798478,-102.98223,submitted; candidates=4; source=legacy_seasonal_event_day_window
GAO20191023t184042p0000-A,t0,submitted,34O6FYKTOFI55DXHYYQY3PFC,READY,CM_S2_LEGACY360_MATCHED_GEE,GAO20191023t184042p0000-A_s2_0,COPERNICUS/S2_SR_HARMONIZED,"B1,B2,B3,B4,B5,B6,B7,B8,B8A,B9,B11,B12",2019-10-23T18:40:42Z,2019-10-22T00:00:00Z,2019-10-25T00:00:00Z,2019-10-23T17:45:09Z,20191023T173401_20191023T173406_T13SFR,0.003925,0,31.678779,-103.21274,submitted; candidates=1; source=legacy_t0_event_day_window
GAO20191023t184042p0000-C,seasonal,submitted,63FCUNLDFDB4GTX7SWWBEA7E,READY,CM_S2_LEGACY360_MATCHED_GEE,GAO20191023t184042p0000-C_s2_seasonal,COPERNICUS/S2_SR_HARMONIZED,"B1,B2,B3,B4,B5,B6,B7,B8,B8A,B9,B11,B12",,2019-07-25T00:00:00Z,2019-09-23T00:00:00Z,2019-08-09T17:45:13Z,20190809T172909_20190809T174425_T13SFR,8.454438,0,31.756998,-103.07298,submitted; candidates=4; source=legacy_seasonal_event_day_window
GAO20191023t184042p0000-C,t0,submitted,RYT7UTPVZVI4YGHSAHX5GIXY,READY,CM_S2_LEGACY360_MATCHED_GEE,GAO20191023t184042p0000-C_s2_0,COPERNICUS/S2_SR_HARMONIZED,"B1,B2,B3,B4,B5,B6,B7,B8,B8A,B9,B11,B12",2019-10-23T18:40:42Z,2019-10-22T00:00:00Z,2019-10-25T00:00:00Z,2019-10-23T17:45:09Z,20191023T173401_20191023T173406_T13SFR,0.003925,0,31.756998,-103.07298,submitted; candidates=1; source=legacy_t0_event_day_window
GAO20191023t184042p0000-D,t0,submitted,IGAHYDK5YTIIDE7LDPOUJ5EG,READY,CM_S2_LEGACY360_MATCHED_GEE,GAO20191023t184042p0000-D_s2_0,COPERNICUS/S2_SR_HARMONIZED,"B1,B2,B3,B4,B5,B6,B7,B8,B8A,B9,B11,B12",2019-10-23T18:40:42Z,2019-10-22T00:00:00Z,2019-10-25T00:00:00Z,2019-10-23T17:45:09Z,20191023T173401_20191023T173406_T13SFR,0.003925,0,31.798478,-102.98223,submitted; candidates=1; source=legacy_t0_event_day_window
GAO20191023t182826p0000-C,t0,submitted,CVR7HNIDAG2OPKVNXCJWJRDW,READY,CM_S2_LEGACY360_MATCHED_GEE,GAO20191023t182826p0000-C_s2_0,COPERNICUS/S2_SR_HARMONIZED,"B1,B2,B3,B4,B5,B6,B7,B8,B8A,B9,B11,B12",2019-10-23T18:28:26Z,2019-10-22T00:00:00Z,2019-10-25T00:00:00Z,2019-10-23T17:45:24Z,20191023T173401_20191023T173406_T13RFQ,0.001672,0,31.651923,-103.29565,submitted; candidates=2; source=legacy_t0_event_day_window
GAO20191023t185601p0000-D,year,submitted,DK3C52MQVV6KVCIR34EROCDB,READY,CM_S2_LEGACY360_MATCHED_GEE,GAO20191023t185601p0000-D_s2_year,COPERNICUS/S2_SR_HARMONIZED,"B1,B2,B3,B4,B5,B6,B7,B8,B8A,B9,B11,B12",,2018-08-24T00:00:00Z,2018-11-22T00:00:00Z,2018-08-24T17:44:58Z,20180824T172849_20180824T173639_T13SFR,12.302102,0,31.914065,-102.74515,submitted; candidates=19; source=legacy_year_event_day_window
GAO20191023t184042p0000-F,seasonal,submitted,HELZTETMWZ2GDBN46UYVTLXT,READY,CM_S2_LEGACY360_MATCHED_GEE,GAO20191023t184042p0000-F_s2_seasonal,COPERNICUS/S2_SR_HARMONIZED,"B1,B2,B3,B4,B5,B6,B7,B8,B8A,B9,B11,B12",,2019-07-25T00:00:00Z,2019-09-23T00:00:00Z,2019-08-09T17:45:13Z,20190809T172909_20190809T174425_T13SFR,8.454438,0,31.732531,-103.09333,submitted; candidates=4; source=legacy_seasonal_event_day_window
GAO20191023t184042p0000-F,t0,submitted,OC4QIHPQIQXRXUHLPREYPDKY,READY,CM_S2_LEGACY360_MATCHED_GEE,GAO20191023t184042p0000-F_s2_0,COPERNICUS/S2_SR_HARMONIZED,"B1,B2,B3,B4,B5,B6,B7,B8,B8A,B9,B11,B12",2019-10-23T18:40:42Z,2019-10-22T00:00:00Z,2019-10-25T00:00:00Z,2019-10-23T17:45:09Z,20191023T173401_20191023T173406_T13SFR,0.003925,0,31.732531,-103.09333,submitted; candidates=1; source=legacy_t0_event_day_window
GAO20191023t190806p0000-A,year,submitted,ADQ2IMV67RBZG7HV7MMGQYXK,READY,CM_S2_LEGACY360_MATCHED_GEE,GAO20191023t190806p0000-A_s2_year,COPERNICUS/S2_SR_HARMONIZED,"B1,B2,B3,B4,B5,B6,B7,B8,B8A,B9,B11,B12",,2018-08-24T00:00:00Z,2018-11-22T00:00:00Z,2018-08-24T17:45:13Z,20180824T172849_20180824T173639_T13RFQ,2.071247,0,31.562734,-103.31468,submitted; candidates=21; source=legacy_year_event_day_window
GAO20191023t185601p0000-E,t0,submitted,MN3YTVLYR5GUIYZYQ6VEL5AQ,READY,CM_S2_LEGACY360_MATCHED_GEE,GAO20191023t185601p0000-E_s2_0,COPERNICUS/S2_SR_HARMONIZED,"B1,B2,B3,B4,B5,B6,B7,B8,B8A,B9,B11,B12",2019-10-23T18:56:01Z,2019-10-22T00:00:00Z,2019-10-25T00:00:00Z,2019-10-23T17:45:09Z,20191023T173401_20191023T173406_T13SFR,0.003925,0,31.8909307,-102.78305,submitted; candidates=2; source=legacy_t0_event_day_window
GAO20191023t190806p0000-A,seasonal,submitted,K5ZFRAVB23ESV2XRVD6WIY6A,READY,CM_S2_LEGACY360_MATCHED_GEE,GAO20191023t190806p0000-A_s2_seasonal,COPERNICUS/S2_SR_HARMONIZED,"B1,B2,B3,B4,B5,B6,B7,B8,B8A,B9,B11,B12",,2019-07-25T00:00:00Z,2019-09-23T00:00:00Z,2019-07-25T17:45:26Z,20190725T172901_20190725T174145_T13RFQ,16.692002,0,31.562734,-103.31468,submitted; candidates=11; source=legacy_seasonal_event_day_window
GAO20191023t185601p0000-D,t0,submitted,6DH24SUNE3Y6LOBYBH67VG3N,READY,CM_S2_LEGACY360_MATCHED_GEE,GAO20191023t185601p0000-D_s2_0,COPERNICUS/S2_SR_HARMONIZED,"B1,B2,B3,B4,B5,B6,B7,B8,B8A,B9,B11,B12",2019-10-23T18:56:01Z,2019-10-22T00:00:00Z,2019-10-25T00:00:00Z,2019-10-23T17:45:09Z,20191023T173401_20191023T173406_T13SFR,0.003925,0,31.914065,-102.74515,submitted; candidates=2; source=legacy_t0_event_day_window
GAO20191023t184042p0000-F,year,submitted,ZFHOY26DFV6S2K5GQPPQMP53,READY,CM_S2_LEGACY360_MATCHED_GEE,GAO20191023t184042p0000-F_s2_year,COPERNICUS/S2_SR_HARMONIZED,"B1,B2,B3,B4,B5,B6,B7,B8,B8A,B9,B11,B12",,2018-08-24T00:00:00Z,2018-11-22T00:00:00Z,2018-08-24T17:44:58Z,20180824T172849_20180824T173639_T13SFR,12.302102,0,31.732531,-103.09333,submitted; candidates=10; source=legacy_year_event_day_window
GAO20191023t190806p0000-A,t0,submitted,76K7XF33KA2FIHFGSKSTSLVF,READY,CM_S2_LEGACY360_MATCHED_GEE,GAO20191023t190806p0000-A_s2_0,COPERNICUS/S2_SR_HARMONIZED,"B1,B2,B3,B4,B5,B6,B7,B8,B8A,B9,B11,B12",2019-10-23T19:08:06Z,2019-10-22T00:00:00Z,2019-10-25T00:00:00Z,2019-10-23T17:45:24Z,20191023T173401_20191023T173406_T13RFQ,0.001672,0,31.562734,-103.31468,submitted; candidates=2; source=legacy_t0_event_day_window
GAO20191023t185601p0000-C,year,submitted,UWPPEMS7YMTH6NCXEXBPVENY,READY,CM_S2_LEGACY360_MATCHED_GEE,GAO20191023t185601p0000-C_s2_year,COPERNICUS/S2_SR_HARMONIZED,"B1,B2,B3,B4,B5,B6,B7,B8,B8A,B9,B11,B12",,2018-08-24T00:00:00Z,2018-11-22T00:00:00Z,2018-08-24T17:44:58Z,20180824T172849_20180824T173639_T13SFR,12.302102,0,31.9256719,-102.74617,submitted; candidates=19; source=legacy_year_event_day_window
GAO20191023t185601p0000-E,year,submitted,J7OZEQSUYUEZXO2NRUH2Q2EB,READY,CM_S2_LEGACY360_MATCHED_GEE,GAO20191023t185601p0000-E_s2_year,COPERNICUS/S2_SR_HARMONIZED,"B1,B2,B3,B4,B5,B6,B7,B8,B8A,B9,B11,B12",,2018-08-24T00:00:00Z,2018-11-22T00:00:00Z,2018-08-24T17:44:58Z,20180824T172849_20180824T173639_T13SFR,12.302102,0,31.8909307,-102.78305,submitted; candidates=19; source=legacy_year_event_day_window
GAO20191023t185601p0000-C,t0,submitted,BKDEYKLUGZMFGIQTSFPPSJNV,READY,CM_S2_LEGACY360_MATCHED_GEE,GAO20191023t185601p0000-C_s2_0,COPERNICUS/S2_SR_HARMONIZED,"B1,B2,B3,B4,B5,B6,B7,B8,B8A,B9,B11,B12",2019-10-23T18:56:01Z,2019-10-22T00:00:00Z,2019-10-25T00:00:00Z,2019-10-23T17:45:09Z,20191023T173401_20191023T173406_T13SFR,0.003925,0,31.9256719,-102.74617,submitted; candidates=2; source=legacy_t0_event_day_window
GAO20191023t185601p0000-C,seasonal,submitted,2EDK4763OIW3EZZLQY7DFAJI,READY,CM_S2_LEGACY360_MATCHED_GEE,GAO20191023t185601p0000-C_s2_seasonal,COPERNICUS/S2_SR_HARMONIZED,"B1,B2,B3,B4,B5,B6,B7,B8,B8A,B9,B11,B12",,2019-07-25T00:00:00Z,2019-09-23T00:00:00Z,2019-08-09T17:45:13Z,20190809T172909_20190809T174425_T13SFR,8.454438,0,31.9256719,-102.74617,submitted; candidates=12; source=legacy_seasonal_event_day_window
GAO20191023t185601p0000-D,seasonal,submitted,MHJEB3FD3UVQSYGNUMWH7SLB,READY,CM_S2_LEGACY360_MATCHED_GEE,GAO20191023t185601p0000-D_s2_seasonal,COPERNICUS/S2_SR_HARMONIZED,"B1,B2,B3,B4,B5,B6,B7,B8,B8A,B9,B11,B12",,2019-07-25T00:00:00Z,2019-09-23T00:00:00Z,2019-08-09T17:45:13Z,20190809T172909_20190809T174425_T13SFR,8.454438,0,31.914065,-102.74515,submitted; candidates=12; source=legacy_seasonal_event_day_window
GAO20191023t185601p0000-E,seasonal,submitted,TOHFQHQTQUTQFYJC2QDDDZUO,READY,CM_S2_LEGACY360_MATCHED_GEE,GAO20191023t185601p0000-E_s2_seasonal,COPERNICUS/S2_SR_HARMONIZED,"B1,B2,B3,B4,B5,B6,B7,B8,B8A,B9,B11,B12",,2019-07-25T00:00:00Z,2019-09-23T00:00:00Z,2019-08-09T17:45:13Z,20190809T172909_20190809T174425_T13SFR,8.454438,0,31.8909307,-102.78305,submitted; candidates=12; source=legacy_seasonal_event_day_window
GAO20191023t192246p0000-B,seasonal,submitted,HL6MD4OFJSNFUUNZSC46XQHR,READY,CM_S2_LEGACY360_MATCHED_GEE,GAO20191023t192246p0000-B_s2_seasonal,COPERNICUS/S2_SR_HARMONIZED,"B1,B2,B3,B4,B5,B6,B7,B8,B8A,B9,B11,B12",,2019-07-25T00:00:00Z,2019-09-23T00:00:00Z,2019-07-25T17:45:26Z,20190725T172901_20190725T174145_T13RFQ,16.692002,0,31.644076,-103.15134,submitted; candidates=11; source=legacy_seasonal_event_day_window
GAO20191023t192246p0000-A,year,submitted,WNI4WPVBH5TLPTQXWNIP47RT,READY,CM_S2_LEGACY360_MATCHED_GEE,GAO20191023t192246p0000-A_s2_year,COPERNICUS/S2_SR_HARMONIZED,"B1,B2,B3,B4,B5,B6,B7,B8,B8A,B9,B11,B12",,2018-08-24T00:00:00Z,2018-11-22T00:00:00Z,2018-08-24T17:44:58Z,20180824T172849_20180824T173639_T13SFR,12.302102,0,31.758507,-102.94863,submitted; candidates=10; source=legacy_year_event_day_window
GAO20191023t190806p0000-D,year,submitted,BCUKJ46VR5PDRBY335444A2H,READY,CM_S2_LEGACY360_MATCHED_GEE,GAO20191023t190806p0000-D_s2_year,COPERNICUS/S2_SR_HARMONIZED,"B1,B2,B3,B4,B5,B6,B7,B8,B8A,B9,B11,B12",,2018-08-24T00:00:00Z,2018-11-22T00:00:00Z,2018-08-24T17:45:13Z,20180824T172849_20180824T173639_T13RFQ,2.071247,0,31.577028,-103.26399,submitted; candidates=21; source=legacy_year_event_day_window
GAO20191023t192246p0000-C,year,submitted,YRG5TOVMVE35BX2JE5RVYFFN,READY,CM_S2_LEGACY360_MATCHED_GEE,GAO20191023t192246p0000-C_s2_year,COPERNICUS/S2_SR_HARMONIZED,"B1,B2,B3,B4,B5,B6,B7,B8,B8A,B9,B11,B12",,2018-08-24T00:00:00Z,2018-11-22T00:00:00Z,2018-08-24T17:45:13Z,20180824T172849_20180824T173639_T13RFQ,2.071247,0,31.577044,-103.26393,submitted; candidates=21; source=legacy_year_event_day_window
GAO20191023t190806p0000-B,t0,submitted,OR6CWASEJUSJ4OPW2LTEP7K7,READY,CM_S2_LEGACY360_MATCHED_GEE,GAO20191023t190806p0000-B_s2_0,COPERNICUS/S2_SR_HARMONIZED,"B1,B2,B3,B4,B5,B6,B7,B8,B8A,B9,B11,B12",2019-10-23T19:08:06Z,2019-10-22T00:00:00Z,2019-10-25T00:00:00Z,2019-10-23T17:45:24Z,20191023T173401_20191023T173406_T13RFQ,0.001672,0,31.643852,-103.15159,submitted; candidates=2; source=legacy_t0_event_day_window
GAO20191023t190806p0000-B,year,submitted,O5LVU4EX2JDCCI772HKNOL2U,READY,CM_S2_LEGACY360_MATCHED_GEE,GAO20191023t190806p0000-B_s2_year,COPERNICUS/S2_SR_HARMONIZED,"B1,B2,B3,B4,B5,B6,B7,B8,B8A,B9,B11,B12",,2018-08-24T00:00:00Z,2018-11-22T00:00:00Z,2018-08-24T17:45:13Z,20180824T172849_20180824T173639_T13RFQ,2.071247,0,31.643852,-103.15159,submitted; candidates=21; source=legacy_year_event_day_window
GAO20191023t192246p0000-C,seasonal,submitted,ENW2P3WVGYTPIT447WYR42HH,READY,CM_S2_LEGACY360_MATCHED_GEE,GAO20191023t192246p0000-C_s2_seasonal,COPERNICUS/S2_SR_HARMONIZED,"B1,B2,B3,B4,B5,B6,B7,B8,B8A,B9,B11,B12",,2019-07-25T00:00:00Z,2019-09-23T00:00:00Z,2019-07-25T17:45:26Z,20190725T172901_20190725T174145_T13RFQ,16.692002,0,31.577044,-103.26393,submitted; candidates=11; source=legacy_seasonal_event_day_window
GAO20191023t192246p0000-B,year,submitted,KD2ZEI6KE4IPEU2FUSFVUQ3C,READY,CM_S2_LEGACY360_MATCHED_GEE,GAO20191023t192246p0000-B_s2_year,COPERNICUS/S2_SR_HARMONIZED,"B1,B2,B3,B4,B5,B6,B7,B8,B8A,B9,B11,B12",,2018-08-24T00:00:00Z,2018-11-22T00:00:00Z,2018-08-24T17:45:13Z,20180824T172849_20180824T173639_T13RFQ,2.071247,0,31.644076,-103.15134,submitted; candidates=21; source=legacy_year_event_day_window
GAO20191023t190806p0000-D,seasonal,submitted,XQ67BWRANZLV6AZOOQKD4P6V,READY,CM_S2_LEGACY360_MATCHED_GEE,GAO20191023t190806p0000-D_s2_seasonal,COPERNICUS/S2_SR_HARMONIZED,"B1,B2,B3,B4,B5,B6,B7,B8,B8A,B9,B11,B12",,2019-07-25T00:00:00Z,2019-09-23T00:00:00Z,2019-07-25T17:45:26Z,20190725T172901_20190725T174145_T13RFQ,16.692002,0,31.577028,-103.26399,submitted; candidates=11; source=legacy_seasonal_event_day_window
GAO20191023t192246p0000-A,seasonal,submitted,BUOLRJIW23OOAN23Y25PTYCI,READY,CM_S2_LEGACY360_MATCHED_GEE,GAO20191023t192246p0000-A_s2_seasonal,COPERNICUS/S2_SR_HARMONIZED,"B1,B2,B3,B4,B5,B6,B7,B8,B8A,B9,B11,B12",,2019-07-25T00:00:00Z,2019-09-23T00:00:00Z,2019-08-09T17:45:13Z,20190809T172909_20190809T174425_T13SFR,8.454438,0,31.758507,-102.94863,submitted; candidates=4; source=legacy_seasonal_event_day_window
GAO20191023t192246p0000-B,t0,submitted,AF2JNFIJBNJYYKZDTMGAFYRW,READY,CM_S2_LEGACY360_MATCHED_GEE,GAO20191023t192246p0000-B_s2_0,COPERNICUS/S2_SR_HARMONIZED,"B1,B2,B3,B4,B5,B6,B7,B8,B8A,B9,B11,B12",2019-10-23T19:22:46Z,2019-10-22T00:00:00Z,2019-10-25T00:00:00Z,2019-10-23T17:45:24Z,20191023T173401_20191023T173406_T13RFQ,0.001672,0,31.644076,-103.15134,submitted; candidates=2; source=legacy_t0_event_day_window
GAO20191023t192246p0000-A,t0,submitted,BLZP7AAF4CCGHA37HWTHKQ2F,READY,CM_S2_LEGACY360_MATCHED_GEE,GAO20191023t192246p0000-A_s2_0,COPERNICUS/S2_SR_HARMONIZED,"B1,B2,B3,B4,B5,B6,B7,B8,B8A,B9,B11,B12",2019-10-23T19:22:46Z,2019-10-22T00:00:00Z,2019-10-25T00:00:00Z,2019-10-23T17:45:09Z,20191023T173401_20191023T173406_T13SFR,0.003925,0,31.758507,-102.94863,submitted; candidates=1; source=legacy_t0_event_day_window
GAO20191023t192246p0000-C,t0,submitted,53SWWBMNWTVRZL6DCAERDG4G,READY,CM_S2_LEGACY360_MATCHED_GEE,GAO20191023t192246p0000-C_s2_0,COPERNICUS/S2_SR_HARMONIZED,"B1,B2,B3,B4,B5,B6,B7,B8,B8A,B9,B11,B12",2019-10-23T19:22:46Z,2019-10-22T00:00:00Z,2019-10-25T00:00:00Z,2019-10-23T17:45:24Z,20191023T173401_20191023T173406_T13RFQ,0.001672,0,31.577044,-103.26393,submitted; candidates=2; source=legacy_t0_event_day_window
GAO20191023t190806p0000-B,seasonal,submitted,PAFUGXKTVUOCSVZ3MU4JPU5B,READY,CM_S2_LEGACY360_MATCHED_GEE,GAO20191023t190806p0000-B_s2_seasonal,COPERNICUS/S2_SR_HARMONIZED,"B1,B2,B3,B4,B5,B6,B7,B8,B8A,B9,B11,B12",,2019-07-25T00:00:00Z,2019-09-23T00:00:00Z,2019-07-25T17:45:26Z,20190725T172901_20190725T174145_T13RFQ,16.692002,0,31.643852,-103.15159,submitted; candidates=11; source=legacy_seasonal_event_day_window
GAO20191023t190806p0000-D,t0,submitted,UQLZHMJMTYOMRPFE6XY3YZXU,READY,CM_S2_LEGACY360_MATCHED_GEE,GAO20191023t190806p0000-D_s2_0,COPERNICUS/S2_SR_HARMONIZED,"B1,B2,B3,B4,B5,B6,B7,B8,B8A,B9,B11,B12",2019-10-23T19:08:06Z,2019-10-22T00:00:00Z,2019-10-25T00:00:00Z,2019-10-23T17:45:24Z,20191023T173401_20191023T173406_T13RFQ,0.001672,0,31.577028,-103.26399,submitted; candidates=2; source=legacy_t0_event_day_window
GAO20191023t180055p0000-A,year,submitted,IIILMUQ7NGK3PKUGFL55UAN7,READY,CM_S2_LEGACY360_MATCHED_GEE,GAO20191023t180055p0000-A_s2_year,COPERNICUS/S2_SR_HARMONIZED,"B1,B2,B3,B4,B5,B6,B7,B8,B8A,B9,B11,B12",,2018-08-24T00:00:00Z,2018-11-22T00:00:00Z,2018-08-24T17:44:58Z,20180824T172849_20180824T173639_T13SFR,12.302102,0,31.8835944,-102.95548,submitted; candidates=10; source=legacy_year_event_day_window
GAO20191023t192246p0000-D,seasonal,submitted,RRMCFD7I73OTBJTANVB6AQND,READY,CM_S2_LEGACY360_MATCHED_GEE,GAO20191023t192246p0000-D_s2_seasonal,COPERNICUS/S2_SR_HARMONIZED,"B1,B2,B3,B4,B5,B6,B7,B8,B8A,B9,B11,B12",,2019-07-25T00:00:00Z,2019-09-23T00:00:00Z,2019-07-25T17:45:26Z,20190725T172901_20190725T174145_T13RFQ,16.692002,0,31.557407,-103.29039,submitted; candidates=11; source=legacy_seasonal_event_day_window
GAO20191026t153935p0000-E,year,submitted,P6NWFWQZFATDEH7PSWO35ILS,READY,CM_S2_LEGACY360_MATCHED_GEE,GAO20191026t153935p0000-E_s2_year,COPERNICUS/S2_SR_HARMONIZED,"B1,B2,B3,B4,B5,B6,B7,B8,B8A,B9,B11,B12",,2018-08-27T00:00:00Z,2018-11-25T00:00:00Z,2018-08-27T17:54:42Z,20180827T174039_20180827T174842_T13SES,1.658486,15.838796,32.646336,-104.12066,submitted; candidates=15; source=legacy_year_event_day_window
GAO20191023t192246p0000-D,year,submitted,4CS74VRMTUMLZVUC7Z3FPESO,READY,CM_S2_LEGACY360_MATCHED_GEE,GAO20191023t192246p0000-D_s2_year,COPERNICUS/S2_SR_HARMONIZED,"B1,B2,B3,B4,B5,B6,B7,B8,B8A,B9,B11,B12",,2018-08-24T00:00:00Z,2018-11-22T00:00:00Z,2018-08-24T17:45:13Z,20180824T172849_20180824T173639_T13RFQ,2.071247,0,31.557407,-103.29039,submitted; candidates=21; source=legacy_year_event_day_window
GAO20191026t152429p0000-C,seasonal,submitted,WO4MYR7C4NQ3ICIXMZZFMB32,READY,CM_S2_LEGACY360_MATCHED_GEE,GAO20191026t152429p0000-C_s2_seasonal,COPERNICUS/S2_SR_HARMONIZED,"B1,B2,B3,B4,B5,B6,B7,B8,B8A,B9,B11,B12",,2019-07-28T00:00:00Z,2019-09-26T00:00:00Z,2019-08-17T17:54:53Z,20190817T173911_20190817T174536_T13SES,0.066289,17.340851,32.661824,-104.15518,submitted; candidates=10; source=legacy_seasonal_event_day_window
GAO20191026t152429p0000-C,year,submitted,V6JF4RX2OOYBHIEV7ILDIKJQ,READY,CM_S2_LEGACY360_MATCHED_GEE,GAO20191026t152429p0000-C_s2_year,COPERNICUS/S2_SR_HARMONIZED,"B1,B2,B3,B4,B5,B6,B7,B8,B8A,B9,B11,B12",,2018-08-27T00:00:00Z,2018-11-25T00:00:00Z,2018-08-27T17:54:42Z,20180827T174039_20180827T174842_T13SES,1.658486,15.838796,32.661824,-104.15518,submitted; candidates=15; source=legacy_year_event_day_window
GAO20191026t155411p0000-A,seasonal,submitted,63WOAZLQWDDX5XHGWWMPZDRQ,READY,CM_S2_LEGACY360_MATCHED_GEE,GAO20191026t155411p0000-A_s2_seasonal,COPERNICUS/S2_SR_HARMONIZED,"B1,B2,B3,B4,B5,B6,B7,B8,B8A,B9,B11,B12",,2019-07-28T00:00:00Z,2019-09-26T00:00:00Z,2019-08-17T17:54:53Z,20190817T173911_20190817T174536_T13SES,0.066289,17.340851,32.59336,-104.16736,submitted; candidates=10; source=legacy_seasonal_event_day_window
GAO20191026t152429p0000-C,t0,submitted,227PPJVCARULPTZEZCLWQXMF,READY,CM_S2_LEGACY360_MATCHED_GEE,GAO20191026t152429p0000-C_s2_0,COPERNICUS/S2_SR_HARMONIZED,"B1,B2,B3,B4,B5,B6,B7,B8,B8A,B9,B11,B12",2019-10-26T17:54:54Z,2019-10-25T00:00:00Z,2019-10-28T00:00:00Z,2019-10-26T17:54:54Z,20191026T174421_20191026T174424_T13SES,0.011152,17.382643,32.661824,-104.15518,submitted; candidates=1; source=legacy_t0_event_day_window
GAO20191026t153935p0000-E,t0,submitted,47XSCJJ3ACILSJ5OKOVC7VGL,READY,CM_S2_LEGACY360_MATCHED_GEE,GAO20191026t153935p0000-E_s2_0,COPERNICUS/S2_SR_HARMONIZED,"B1,B2,B3,B4,B5,B6,B7,B8,B8A,B9,B11,B12",2019-10-26T17:54:54Z,2019-10-25T00:00:00Z,2019-10-28T00:00:00Z,2019-10-26T17:54:54Z,20191026T174421_20191026T174424_T13SES,0.011152,17.382643,32.646336,-104.12066,submitted; candidates=1; source=legacy_t0_event_day_window
GAO20191023t192246p0000-D,t0,submitted,VV5R6JQX2L2BYWVIP4IXVDOW,READY,CM_S2_LEGACY360_MATCHED_GEE,GAO20191023t192246p0000-D_s2_0,COPERNICUS/S2_SR_HARMONIZED,"B1,B2,B3,B4,B5,B6,B7,B8,B8A,B9,B11,B12",2019-10-23T19:22:46Z,2019-10-22T00:00:00Z,2019-10-25T00:00:00Z,2019-10-23T17:45:24Z,20191023T173401_20191023T173406_T13RFQ,0.001672,0,31.557407,-103.29039,submitted; candidates=2; source=legacy_t0_event_day_window
GAO20191026t153935p0000-A,seasonal,submitted,MJV3KNSO4NWR4BY3B2K63ZZS,READY,CM_S2_LEGACY360_MATCHED_GEE,GAO20191026t153935p0000-A_s2_seasonal,COPERNICUS/S2_SR_HARMONIZED,"B1,B2,B3,B4,B5,B6,B7,B8,B8A,B9,B11,B12",,2019-07-28T00:00:00Z,2019-09-26T00:00:00Z,2019-08-17T17:54:53Z,20190817T173911_20190817T174536_T13SES,0.066289,17.340851,32.645104,-104.15795,submitted; candidates=10; source=legacy_seasonal_event_day_window
GAO20191026t155411p0000-A,year,submitted,FG3Z6COCVZGGLTPWOUKMW4GL,READY,CM_S2_LEGACY360_MATCHED_GEE,GAO20191026t155411p0000-A_s2_year,COPERNICUS/S2_SR_HARMONIZED,"B1,B2,B3,B4,B5,B6,B7,B8,B8A,B9,B11,B12",,2018-08-27T00:00:00Z,2018-11-25T00:00:00Z,2018-08-27T17:54:42Z,20180827T174039_20180827T174842_T13SES,1.658486,15.838796,32.59336,-104.16736,submitted; candidates=15; source=legacy_year_event_day_window
GAO20191026t175054p0000-A,t0,submitted,2CUGOWZDTWSE7SPPV74XR7G3,READY,CM_S2_LEGACY360_MATCHED_GEE,GAO20191026t175054p0000-A_s2_0,COPERNICUS/S2_SR_HARMONIZED,"B1,B2,B3,B4,B5,B6,B7,B8,B8A,B9,B11,B12",2019-10-26T17:54:54Z,2019-10-25T00:00:00Z,2019-10-28T00:00:00Z,2019-10-26T17:54:54Z,20191026T174421_20191026T174424_T13SES,0.011152,17.382643,32.423897,-104.32893,submitted; candidates=2; source=legacy_t0_event_day_window
GAO20191026t153935p0000-A,year,submitted,YURHTHU7ITUMPE3YLYBGALIT,READY,CM_S2_LEGACY360_MATCHED_GEE,GAO20191026t153935p0000-A_s2_year,COPERNICUS/S2_SR_HARMONIZED,"B1,B2,B3,B4,B5,B6,B7,B8,B8A,B9,B11,B12",,2018-08-27T00:00:00Z,2018-11-25T00:00:00Z,2018-08-27T17:54:42Z,20180827T174039_20180827T174842_T13SES,1.658486,15.838796,32.645104,-104.15795,submitted; candidates=15; source=legacy_year_event_day_window
GAO20191026t153935p0000-A,t0,submitted,RTDMSPHR35LOPDOTCPOMD6C6,READY,CM_S2_LEGACY360_MATCHED_GEE,GAO20191026t153935p0000-A_s2_0,COPERNICUS/S2_SR_HARMONIZED,"B1,B2,B3,B4,B5,B6,B7,B8,B8A,B9,B11,B12",2019-10-26T17:54:54Z,2019-10-25T00:00:00Z,2019-10-28T00:00:00Z,2019-10-26T17:54:54Z,20191026T174421_20191026T174424_T13SES,0.011152,17.382643,32.645104,-104.15795,submitted; candidates=1; source=legacy_t0_event_day_window
GAO20191026t153935p0000-E,seasonal,submitted,PUINLOXA54X7DGRL7XHPDGMI,READY,CM_S2_LEGACY360_MATCHED_GEE,GAO20191026t153935p0000-E_s2_seasonal,COPERNICUS/S2_SR_HARMONIZED,"B1,B2,B3,B4,B5,B6,B7,B8,B8A,B9,B11,B12",,2019-07-28T00:00:00Z,2019-09-26T00:00:00Z,2019-08-17T17:54:53Z,20190817T173911_20190817T174536_T13SES,0.066289,17.340851,32.646336,-104.12066,submitted; candidates=10; source=legacy_seasonal_event_day_window
GAO20191026t155411p0000-A,t0,submitted,P5TNY3573NWWT7Y4FZ2F4YI7,READY,CM_S2_LEGACY360_MATCHED_GEE,GAO20191026t155411p0000-A_s2_0,COPERNICUS/S2_SR_HARMONIZED,"B1,B2,B3,B4,B5,B6,B7,B8,B8A,B9,B11,B12",2019-10-26T17:54:54Z,2019-10-25T00:00:00Z,2019-10-28T00:00:00Z,2019-10-26T17:54:54Z,20191026T174421_20191026T174424_T13SES,0.011152,17.382643,32.59336,-104.16736,submitted; candidates=1; source=legacy_t0_event_day_window
GAO20200714t150714p0000-C,t0,submitted,FEMVLH553TQLQNAG53DFOQPG,READY,CM_S2_LEGACY360_MATCHED_GEE,GAO20200714t150714p0000-C_s2_0,COPERNICUS/S2_SR_HARMONIZED,"B1,B2,B3,B4,B5,B6,B7,B8,B8A,B9,B11,B12",2020-07-14T17:45:08Z,2020-07-13T00:00:00Z,2020-07-16T00:00:00Z,2020-07-14T17:45:08Z,20200714T172859_20200714T174210_T13SFR,0.297265,0,31.983517,-103.868474,submitted; candidates=2; source=legacy_t0_event_day_window
GAO20200714t150714p0000-C,year,submitted,QY7WMZUFWUQKTVOY5X7AUNWW,READY,CM_S2_LEGACY360_MATCHED_GEE,GAO20200714t150714p0000-C_s2_year,COPERNICUS/S2_SR_HARMONIZED,"B1,B2,B3,B4,B5,B6,B7,B8,B8A,B9,B11,B12",,2019-05-16T00:00:00Z,2019-08-14T00:00:00Z,2019-06-05T17:45:08Z,20190605T172901_20190605T174012_T13SFR,1.511236,0,31.983517,-103.868474,submitted; candidates=23; source=legacy_year_event_day_window
GAO20200714t150714p0000-B,year,submitted,M56DN4GWWOCNNQIJFOCTIM3S,READY,CM_S2_LEGACY360_MATCHED_GEE,GAO20200714t150714p0000-B_s2_year,COPERNICUS/S2_SR_HARMONIZED,"B1,B2,B3,B4,B5,B6,B7,B8,B8A,B9,B11,B12",,2019-05-16T00:00:00Z,2019-08-14T00:00:00Z,2019-06-05T17:45:08Z,20190605T172901_20190605T174012_T13SFR,1.511236,0,31.974029,-103.896839,submitted; candidates=23; source=legacy_year_event_day_window
GAO20191026t175054p0000-A,year,submitted,DPLNBI3OAWM7QJZ4U6LCBIFL,READY,CM_S2_LEGACY360_MATCHED_GEE,GAO20191026t175054p0000-A_s2_year,COPERNICUS/S2_SR_HARMONIZED,"B1,B2,B3,B4,B5,B6,B7,B8,B8A,B9,B11,B12",,2018-08-27T00:00:00Z,2018-11-25T00:00:00Z,2018-09-18T17:45:05Z,20180918T172951_20180918T174308_T13SER,14.099121,3.669603,32.423897,-104.32893,submitted; candidates=30; source=legacy_year_event_day_window
GAO20200714t152158p0000-A,year,submitted,77MYNVCZ4EPN7SO4AQYJKUS6,READY,CM_S2_LEGACY360_MATCHED_GEE,GAO20200714t152158p0000-A_s2_year,COPERNICUS/S2_SR_HARMONIZED,"B1,B2,B3,B4,B5,B6,B7,B8,B8A,B9,B11,B12",,2019-05-16T00:00:00Z,2019-08-14T00:00:00Z,2019-06-05T17:45:08Z,20190605T172901_20190605T174012_T13SFR,1.511236,0,31.974116,-103.896605,submitted; candidates=23; source=legacy_year_event_day_window
GAO20200714t152158p0000-A,t0,submitted,Q7TOCNZVFYZCTD42XX5FZ56H,READY,CM_S2_LEGACY360_MATCHED_GEE,GAO20200714t152158p0000-A_s2_0,COPERNICUS/S2_SR_HARMONIZED,"B1,B2,B3,B4,B5,B6,B7,B8,B8A,B9,B11,B12",2020-07-14T17:45:08Z,2020-07-13T00:00:00Z,2020-07-16T00:00:00Z,2020-07-14T17:45:08Z,20200714T172859_20200714T174210_T13SFR,0.297265,0,31.974116,-103.896605,submitted; candidates=2; source=legacy_t0_event_day_window
GAO20200714t150714p0000-B,t0,submitted,O57TNAAE3RZJLHD4P5MJ456G,READY,CM_S2_LEGACY360_MATCHED_GEE,GAO20200714t150714p0000-B_s2_0,COPERNICUS/S2_SR_HARMONIZED,"B1,B2,B3,B4,B5,B6,B7,B8,B8A,B9,B11,B12",2020-07-14T17:45:08Z,2020-07-13T00:00:00Z,2020-07-16T00:00:00Z,2020-07-14T17:45:08Z,20200714T172859_20200714T174210_T13SFR,0.297265,0,31.974029,-103.896839,submitted; candidates=2; source=legacy_t0_event_day_window
GAO20200714t150714p0000-A,seasonal,submitted,RKOGIDBQMQGWQPZPDWEILR7L,READY,CM_S2_LEGACY360_MATCHED_GEE,GAO20200714t150714p0000-A_s2_seasonal,COPERNICUS/S2_SR_HARMONIZED,"B1,B2,B3,B4,B5,B6,B7,B8,B8A,B9,B11,B12",,2020-04-15T00:00:00Z,2020-06-14T00:00:00Z,2020-05-30T17:45:16Z,20200530T172911_20200530T173636_T13SER,0.504266,3.615675,31.80740262,-104.1528602,submitted; candidates=8; source=legacy_seasonal_event_day_window
GAO20200714t152158p0000-B,t0,submitted,C4BMZZAPVLJXAOUQBP4JVYO6,READY,CM_S2_LEGACY360_MATCHED_GEE,GAO20200714t152158p0000-B_s2_0,COPERNICUS/S2_SR_HARMONIZED,"B1,B2,B3,B4,B5,B6,B7,B8,B8A,B9,B11,B12",2020-07-14T17:45:08Z,2020-07-13T00:00:00Z,2020-07-16T00:00:00Z,2020-07-14T17:45:08Z,20200714T172859_20200714T174210_T13SFR,0.297265,0,31.954893,-103.971323,submitted; candidates=2; source=legacy_t0_event_day_window
GAO20191026t175054p0000-A,seasonal,submitted,DOV7G5SY4WG6GKRR4C7YYN2R,READY,CM_S2_LEGACY360_MATCHED_GEE,GAO20191026t175054p0000-A_s2_seasonal,COPERNICUS/S2_SR_HARMONIZED,"B1,B2,B3,B4,B5,B6,B7,B8,B8A,B9,B11,B12",,2019-07-28T00:00:00Z,2019-09-26T00:00:00Z,2019-09-03T17:45:09Z,20190903T172901_20190903T174104_T13SER,1.422711,4.082628,32.423897,-104.32893,submitted; candidates=18; source=legacy_seasonal_event_day_window
GAO20200714t150714p0000-A,t0,submitted,WPEBJBFYQOZA6KGSGVLF347L,READY,CM_S2_LEGACY360_MATCHED_GEE,GAO20200714t150714p0000-A_s2_0,COPERNICUS/S2_SR_HARMONIZED,"B1,B2,B3,B4,B5,B6,B7,B8,B8A,B9,B11,B12",2020-07-14T17:45:11Z,2020-07-13T00:00:00Z,2020-07-16T00:00:00Z,2020-07-14T17:45:11Z,20200714T172859_20200714T174210_T13SER,0.538392,5.132714,31.80740262,-104.1528602,submitted; candidates=1; source=legacy_t0_event_day_window
GAO20200714t150714p0000-C,seasonal,submitted,LUM2RAPBCWY6EVT7NP5FZGLB,READY,CM_S2_LEGACY360_MATCHED_GEE,GAO20200714t150714p0000-C_s2_seasonal,COPERNICUS/S2_SR_HARMONIZED,"B1,B2,B3,B4,B5,B6,B7,B8,B8A,B9,B11,B12",,2020-04-15T00:00:00Z,2020-06-14T00:00:00Z,2020-04-15T17:45:02Z,20200415T172859_20200415T173339_T13SFR,4.124711,0,31.983517,-103.868474,submitted; candidates=16; source=legacy_seasonal_event_day_window
GAO20200714t150714p0000-B,seasonal,submitted,HLLROOCSW5CROT2QJG4PESBD,READY,CM_S2_LEGACY360_MATCHED_GEE,GAO20200714t150714p0000-B_s2_seasonal,COPERNICUS/S2_SR_HARMONIZED,"B1,B2,B3,B4,B5,B6,B7,B8,B8A,B9,B11,B12",,2020-04-15T00:00:00Z,2020-06-14T00:00:00Z,2020-04-15T17:45:02Z,20200415T172859_20200415T173339_T13SFR,4.124711,0,31.974029,-103.896839,submitted; candidates=16; source=legacy_seasonal_event_day_window
GAO20200714t152158p0000-B,seasonal,submitted,IRQMLT52NDYM546RHEGFAEUZ,READY,CM_S2_LEGACY360_MATCHED_GEE,GAO20200714t152158p0000-B_s2_seasonal,COPERNICUS/S2_SR_HARMONIZED,"B1,B2,B3,B4,B5,B6,B7,B8,B8A,B9,B11,B12",,2020-04-15T00:00:00Z,2020-06-14T00:00:00Z,2020-04-15T17:45:02Z,20200415T172859_20200415T173339_T13SFR,4.124711,0,31.954893,-103.971323,submitted; candidates=16; source=legacy_seasonal_event_day_window
GAO20200714t150714p0000-A,year,submitted,V5VIJVREZN7IKPAICAMLVDL4,READY,CM_S2_LEGACY360_MATCHED_GEE,GAO20200714t150714p0000-A_s2_year,COPERNICUS/S2_SR_HARMONIZED,"B1,B2,B3,B4,B5,B6,B7,B8,B8A,B9,B11,B12",,2019-05-16T00:00:00Z,2019-08-14T00:00:00Z,2019-07-25T17:45:14Z,20190725T172901_20190725T174145_T13SER,9.630932,3.921407,31.80740262,-104.1528602,submitted; candidates=12; source=legacy_year_event_day_window
GAO20200714t152158p0000-A,seasonal,submitted,KCREXWTX57VLBZZTEJD6HBRL,READY,CM_S2_LEGACY360_MATCHED_GEE,GAO20200714t152158p0000-A_s2_seasonal,COPERNICUS/S2_SR_HARMONIZED,"B1,B2,B3,B4,B5,B6,B7,B8,B8A,B9,B11,B12",,2020-04-15T00:00:00Z,2020-06-14T00:00:00Z,2020-04-15T17:45:02Z,20200415T172859_20200415T173339_T13SFR,4.124711,0,31.974116,-103.896605,submitted; candidates=16; source=legacy_seasonal_event_day_window
GAO20200714t152158p0000-C,t0,submitted,TX4Y6HXZYR4BVHBTNNNICBTE,READY,CM_S2_LEGACY360_MATCHED_GEE,GAO20200714t152158p0000-C_s2_0,COPERNICUS/S2_SR_HARMONIZED,"B1,B2,B3,B4,B5,B6,B7,B8,B8A,B9,B11,B12",2020-07-14T17:45:08Z,2020-07-13T00:00:00Z,2020-07-16T00:00:00Z,2020-07-14T17:45:08Z,20200714T172859_20200714T174210_T13SFR,0.297265,0,32.064607,-103.75708,submitted; candidates=1; source=legacy_t0_event_day_window
GAO20200714t153455p0000-B,seasonal,submitted,ZMOKZTDJXCKWVWZKSFPM46CG,READY,CM_S2_LEGACY360_MATCHED_GEE,GAO20200714t153455p0000-B_s2_seasonal,COPERNICUS/S2_SR_HARMONIZED,"B1,B2,B3,B4,B5,B6,B7,B8,B8A,B9,B11,B12",,2020-04-15T00:00:00Z,2020-06-14T00:00:00Z,2020-05-30T17:45:16Z,20200530T172911_20200530T173636_T13SER,0.504266,3.615675,31.922511,-104.021755,submitted; candidates=8; source=legacy_seasonal_event_day_window
GAO20200714t152158p0000-E,seasonal,submitted,RBMZEQQF2YHPP4JUBCKFU6B3,READY,CM_S2_LEGACY360_MATCHED_GEE,GAO20200714t152158p0000-E_s2_seasonal,COPERNICUS/S2_SR_HARMONIZED,"B1,B2,B3,B4,B5,B6,B7,B8,B8A,B9,B11,B12",,2020-04-15T00:00:00Z,2020-06-14T00:00:00Z,2020-05-30T17:45:16Z,20200530T172911_20200530T173636_T13SER,0.504266,3.615675,31.92232512,-104.0218161,submitted; candidates=8; source=legacy_seasonal_event_day_window
GAO20200714t152158p0000-C,seasonal,submitted,555NSUXZWTGOHRVC6HBNUSWA,READY,CM_S2_LEGACY360_MATCHED_GEE,GAO20200714t152158p0000-C_s2_seasonal,COPERNICUS/S2_SR_HARMONIZED,"B1,B2,B3,B4,B5,B6,B7,B8,B8A,B9,B11,B12",,2020-04-15T00:00:00Z,2020-06-14T00:00:00Z,2020-04-15T17:45:02Z,20200415T172859_20200415T173339_T13SFR,4.124711,0,32.064607,-103.75708,submitted; candidates=8; source=legacy_seasonal_event_day_window
GAO20200714t153455p0000-B,t0,submitted,M4L72KUEZTLXCIQNMFVCV3RR,READY,CM_S2_LEGACY360_MATCHED_GEE,GAO20200714t153455p0000-B_s2_0,COPERNICUS/S2_SR_HARMONIZED,"B1,B2,B3,B4,B5,B6,B7,B8,B8A,B9,B11,B12",2020-07-14T17:45:11Z,2020-07-13T00:00:00Z,2020-07-16T00:00:00Z,2020-07-14T17:45:11Z,20200714T172859_20200714T174210_T13SER,0.538392,5.132714,31.922511,-104.021755,submitted; candidates=1; source=legacy_t0_event_day_window
GAO20200714t152158p0000-E,t0,submitted,CI6HCXKGPSW4CNV6R3WTKKKS,READY,CM_S2_LEGACY360_MATCHED_GEE,GAO20200714t152158p0000-E_s2_0,COPERNICUS/S2_SR_HARMONIZED,"B1,B2,B3,B4,B5,B6,B7,B8,B8A,B9,B11,B12",2020-07-14T17:45:11Z,2020-07-13T00:00:00Z,2020-07-16T00:00:00Z,2020-07-14T17:45:11Z,20200714T172859_20200714T174210_T13SER,0.538392,5.132714,31.92232512,-104.0218161,submitted; candidates=1; source=legacy_t0_event_day_window
GAO20200714t152158p0000-D,seasonal,submitted,HWUGDGAPRECCYFWGRZCEJVBY,READY,CM_S2_LEGACY360_MATCHED_GEE,GAO20200714t152158p0000-D_s2_seasonal,COPERNICUS/S2_SR_HARMONIZED,"B1,B2,B3,B4,B5,B6,B7,B8,B8A,B9,B11,B12",,2020-04-15T00:00:00Z,2020-06-14T00:00:00Z,2020-05-30T17:45:16Z,20200530T172911_20200530T173636_T13SER,0.504266,3.615675,31.896199,-104.047387,submitted; candidates=8; source=legacy_seasonal_event_day_window
GAO20200714t153455p0000-B,year,submitted,PHUATBM6KFSYOW3DGAMM6TI2,READY,CM_S2_LEGACY360_MATCHED_GEE,GAO20200714t153455p0000-B_s2_year,COPERNICUS/S2_SR_HARMONIZED,"B1,B2,B3,B4,B5,B6,B7,B8,B8A,B9,B11,B12",,2019-05-16T00:00:00Z,2019-08-14T00:00:00Z,2019-07-25T17:45:14Z,20190725T172901_20190725T174145_T13SER,9.630932,3.921407,31.922511,-104.021755,submitted; candidates=12; source=legacy_year_event_day_window
GAO20200714t153455p0000-A,seasonal,submitted,VFOKMZ35IEZRFBLTO6DLSHRM,READY,CM_S2_LEGACY360_MATCHED_GEE,GAO20200714t153455p0000-A_s2_seasonal,COPERNICUS/S2_SR_HARMONIZED,"B1,B2,B3,B4,B5,B6,B7,B8,B8A,B9,B11,B12",,2020-04-15T00:00:00Z,2020-06-14T00:00:00Z,2020-05-30T17:45:16Z,20200530T172911_20200530T173636_T13SER,0.504266,3.615675,31.918849,-104.052973,submitted; candidates=8; source=legacy_seasonal_event_day_window
GAO20200714t153455p0000-A,t0,submitted,Q5RBVVNQAQAE5D767GLYBVYR,READY,CM_S2_LEGACY360_MATCHED_GEE,GAO20200714t153455p0000-A_s2_0,COPERNICUS/S2_SR_HARMONIZED,"B1,B2,B3,B4,B5,B6,B7,B8,B8A,B9,B11,B12",2020-07-14T17:45:11Z,2020-07-13T00:00:00Z,2020-07-16T00:00:00Z,2020-07-14T17:45:11Z,20200714T172859_20200714T174210_T13SER,0.538392,5.132714,31.918849,-104.052973,submitted; candidates=1; source=legacy_t0_event_day_window
GAO20200714t153455p0000-A,year,submitted,G2ZLSFQHXXUZ26DPTK4QQEVS,READY,CM_S2_LEGACY360_MATCHED_GEE,GAO20200714t153455p0000-A_s2_year,COPERNICUS/S2_SR_HARMONIZED,"B1,B2,B3,B4,B5,B6,B7,B8,B8A,B9,B11,B12",,2019-05-16T00:00:00Z,2019-08-14T00:00:00Z,2019-07-25T17:45:14Z,20190725T172901_20190725T174145_T13SER,9.630932,3.921407,31.918849,-104.052973,submitted; candidates=12; source=legacy_year_event_day_window
GAO20200714t152158p0000-D,t0,submitted,RMSX5JYCBTTVSY36CLJLVT23,READY,CM_S2_LEGACY360_MATCHED_GEE,GAO20200714t152158p0000-D_s2_0,COPERNICUS/S2_SR_HARMONIZED,"B1,B2,B3,B4,B5,B6,B7,B8,B8A,B9,B11,B12",2020-07-14T17:45:11Z,2020-07-13T00:00:00Z,2020-07-16T00:00:00Z,2020-07-14T17:45:11Z,20200714T172859_20200714T174210_T13SER,0.538392,5.132714,31.896199,-104.047387,submitted; candidates=1; source=legacy_t0_event_day_window
GAO20200714t152158p0000-B,year,submitted,GFSVKVW73PBV267RRI3YNQ4M,READY,CM_S2_LEGACY360_MATCHED_GEE,GAO20200714t152158p0000-B_s2_year,COPERNICUS/S2_SR_HARMONIZED,"B1,B2,B3,B4,B5,B6,B7,B8,B8A,B9,B11,B12",,2019-05-16T00:00:00Z,2019-08-14T00:00:00Z,2019-06-05T17:45:08Z,20190605T172901_20190605T174012_T13SFR,1.511236,0,31.954893,-103.971323,submitted; candidates=21; source=legacy_year_event_day_window
GAO20200714t152158p0000-C,year,submitted,YMXDRKW75VQI7TLIRSOKQ5G4,READY,CM_S2_LEGACY360_MATCHED_GEE,GAO20200714t152158p0000-C_s2_year,COPERNICUS/S2_SR_HARMONIZED,"B1,B2,B3,B4,B5,B6,B7,B8,B8A,B9,B11,B12",,2019-05-16T00:00:00Z,2019-08-14T00:00:00Z,2019-06-05T17:45:08Z,20190605T172901_20190605T174012_T13SFR,1.511236,0,32.064607,-103.75708,submitted; candidates=10; source=legacy_year_event_day_window
GAO20200714t152158p0000-D,year,submitted,NFMJDYWDWVJL34E2QLJ27MV2,READY,CM_S2_LEGACY360_MATCHED_GEE,GAO20200714t152158p0000-D_s2_year,COPERNICUS/S2_SR_HARMONIZED,"B1,B2,B3,B4,B5,B6,B7,B8,B8A,B9,B11,B12",,2019-05-16T00:00:00Z,2019-08-14T00:00:00Z,2019-07-25T17:45:14Z,20190725T172901_20190725T174145_T13SER,9.630932,3.921407,31.896199,-104.047387,submitted; candidates=12; source=legacy_year_event_day_window
GAO20200714t152158p0000-E,year,submitted,XRCDAF37ERMINQMLJQOLCPH5,READY,CM_S2_LEGACY360_MATCHED_GEE,GAO20200714t152158p0000-E_s2_year,COPERNICUS/S2_SR_HARMONIZED,"B1,B2,B3,B4,B5,B6,B7,B8,B8A,B9,B11,B12",,2019-05-16T00:00:00Z,2019-08-14T00:00:00Z,2019-07-25T17:45:14Z,20190725T172901_20190725T174145_T13SER,9.630932,3.921407,31.92232512,-104.0218161,submitted; candidates=12; source=legacy_year_event_day_window
GAO20200714t153455p0000-D,seasonal,submitted,HPTOQGA6MNFKTQP436BAQKOT,READY,CM_S2_LEGACY360_MATCHED_GEE,GAO20200714t153455p0000-D_s2_seasonal,COPERNICUS/S2_SR_HARMONIZED,"B1,B2,B3,B4,B5,B6,B7,B8,B8A,B9,B11,B12",,2020-04-15T00:00:00Z,2020-06-14T00:00:00Z,2020-04-15T17:45:02Z,20200415T172859_20200415T173339_T13SFR,4.124711,0,32.150596,-103.639109,submitted; candidates=8; source=legacy_seasonal_event_day_window
GAO20200714t154912p0000-C,t0,submitted,EW66YHEN6YDBPKMBJ6NNGCQ3,READY,CM_S2_LEGACY360_MATCHED_GEE,GAO20200714t154912p0000-C_s2_0,COPERNICUS/S2_SR_HARMONIZED,"B1,B2,B3,B4,B5,B6,B7,B8,B8A,B9,B11,B12",2020-07-14T17:45:08Z,2020-07-13T00:00:00Z,2020-07-16T00:00:00Z,2020-07-14T17:45:08Z,20200714T172859_20200714T174210_T13SFR,0.297265,0,32.030589,-103.867891,submitted; candidates=2; source=legacy_t0_event_day_window
GAO20200714t154912p0000-B,year,submitted,7HIPPD6IPPKVJS3UFMCKH65H,READY,CM_S2_LEGACY360_MATCHED_GEE,GAO20200714t154912p0000-B_s2_year,COPERNICUS/S2_SR_HARMONIZED,"B1,B2,B3,B4,B5,B6,B7,B8,B8A,B9,B11,B12",,2019-05-16T00:00:00Z,2019-08-14T00:00:00Z,2019-07-25T17:45:14Z,20190725T172901_20190725T174145_T13SER,9.630932,3.921407,31.95468768,-104.0387575,submitted; candidates=12; source=legacy_year_event_day_window
GAO20200714t154912p0000-B,t0,submitted,4HAHJJIX72ZCTDM5DKU4WYPU,READY,CM_S2_LEGACY360_MATCHED_GEE,GAO20200714t154912p0000-B_s2_0,COPERNICUS/S2_SR_HARMONIZED,"B1,B2,B3,B4,B5,B6,B7,B8,B8A,B9,B11,B12",2020-07-14T17:45:11Z,2020-07-13T00:00:00Z,2020-07-16T00:00:00Z,2020-07-14T17:45:11Z,20200714T172859_20200714T174210_T13SER,0.538392,5.132714,31.95468768,-104.0387575,submitted; candidates=1; source=legacy_t0_event_day_window
GAO20200714t153455p0000-C,year,submitted,V6GGDUIQGDKBV357KQU6VAQI,READY,CM_S2_LEGACY360_MATCHED_GEE,GAO20200714t153455p0000-C_s2_year,COPERNICUS/S2_SR_HARMONIZED,"B1,B2,B3,B4,B5,B6,B7,B8,B8A,B9,B11,B12",,2019-05-16T00:00:00Z,2019-08-14T00:00:00Z,2019-06-05T17:45:08Z,20190605T172901_20190605T174012_T13SFR,1.511236,0,31.954903,-103.971448,submitted; candidates=21; source=legacy_year_event_day_window
GAO20200714t154912p0000-A,seasonal,submitted,Y2X3FOO7KSIRGRRE3ZCTBSX4,READY,CM_S2_LEGACY360_MATCHED_GEE,GAO20200714t154912p0000-A_s2_seasonal,COPERNICUS/S2_SR_HARMONIZED,"B1,B2,B3,B4,B5,B6,B7,B8,B8A,B9,B11,B12",,2020-04-15T00:00:00Z,2020-06-14T00:00:00Z,2020-04-15T17:45:02Z,20200415T172859_20200415T173339_T13SFR,4.124711,0,32.170851,-103.652341,submitted; candidates=8; source=legacy_seasonal_event_day_window
GAO20200714t154912p0000-C,seasonal,submitted,4CXBL2EXYZDFOU5EI5VBSR26,READY,CM_S2_LEGACY360_MATCHED_GEE,GAO20200714t154912p0000-C_s2_seasonal,COPERNICUS/S2_SR_HARMONIZED,"B1,B2,B3,B4,B5,B6,B7,B8,B8A,B9,B11,B12",,2020-04-15T00:00:00Z,2020-06-14T00:00:00Z,2020-04-15T17:45:02Z,20200415T172859_20200415T173339_T13SFR,4.124711,0,32.030589,-103.867891,submitted; candidates=16; source=legacy_seasonal_event_day_window
GAO20200714t154912p0000-A,t0,submitted,2ZGWVW7DK6OF3YKKE4M23HCS,READY,CM_S2_LEGACY360_MATCHED_GEE,GAO20200714t154912p0000-A_s2_0,COPERNICUS/S2_SR_HARMONIZED,"B1,B2,B3,B4,B5,B6,B7,B8,B8A,B9,B11,B12",2020-07-14T17:45:08Z,2020-07-13T00:00:00Z,2020-07-16T00:00:00Z,2020-07-14T17:45:08Z,20200714T172859_20200714T174210_T13SFR,0.297265,0,32.170851,-103.652341,submitted; candidates=1; source=legacy_t0_event_day_window
GAO20200714t153455p0000-D,t0,submitted,5MV7SC2SMLHXPA3CETZFFH4G,READY,CM_S2_LEGACY360_MATCHED_GEE,GAO20200714t153455p0000-D_s2_0,COPERNICUS/S2_SR_HARMONIZED,"B1,B2,B3,B4,B5,B6,B7,B8,B8A,B9,B11,B12",2020-07-14T17:45:08Z,2020-07-13T00:00:00Z,2020-07-16T00:00:00Z,2020-07-14T17:45:08Z,20200714T172859_20200714T174210_T13SFR,0.297265,0,32.150596,-103.639109,submitted; candidates=1; source=legacy_t0_event_day_window
GAO20200714t154912p0000-B,seasonal,submitted,PQQOE2HIYWPVBPXOR2ACBTYD,READY,CM_S2_LEGACY360_MATCHED_GEE,GAO20200714t154912p0000-B_s2_seasonal,COPERNICUS/S2_SR_HARMONIZED,"B1,B2,B3,B4,B5,B6,B7,B8,B8A,B9,B11,B12",,2020-04-15T00:00:00Z,2020-06-14T00:00:00Z,2020-05-30T17:45:16Z,20200530T172911_20200530T173636_T13SER,0.504266,3.615675,31.95468768,-104.0387575,submitted; candidates=8; source=legacy_seasonal_event_day_window
GAO20200714t153455p0000-D,year,submitted,EXUUN7AAOUQH6CIUWKYY7YOY,READY,CM_S2_LEGACY360_MATCHED_GEE,GAO20200714t153455p0000-D_s2_year,COPERNICUS/S2_SR_HARMONIZED,"B1,B2,B3,B4,B5,B6,B7,B8,B8A,B9,B11,B12",,2019-05-16T00:00:00Z,2019-08-14T00:00:00Z,2019-06-05T17:45:08Z,20190605T172901_20190605T174012_T13SFR,1.511236,0,32.150596,-103.639109,submitted; candidates=10; source=legacy_year_event_day_window
GAO20200714t154912p0000-C,year,submitted,K5UFAFDBEAWPBHMY3YPATUQK,READY,CM_S2_LEGACY360_MATCHED_GEE,GAO20200714t154912p0000-C_s2_year,COPERNICUS/S2_SR_HARMONIZED,"B1,B2,B3,B4,B5,B6,B7,B8,B8A,B9,B11,B12",,2019-05-16T00:00:00Z,2019-08-14T00:00:00Z,2019-06-05T17:45:08Z,20190605T172901_20190605T174012_T13SFR,1.511236,0,32.030589,-103.867891,submitted; candidates=23; source=legacy_year_event_day_window
GAO20200714t154912p0000-A,year,submitted,CEO55ETKSQG7HQP45EAG2LBR,READY,CM_S2_LEGACY360_MATCHED_GEE,GAO20200714t154912p0000-A_s2_year,COPERNICUS/S2_SR_HARMONIZED,"B1,B2,B3,B4,B5,B6,B7,B8,B8A,B9,B11,B12",,2019-05-16T00:00:00Z,2019-08-14T00:00:00Z,2019-06-05T17:45:08Z,20190605T172901_20190605T174012_T13SFR,1.511236,0,32.170851,-103.652341,submitted; candidates=10; source=legacy_year_event_day_window
GAO20200714t153455p0000-C,seasonal,submitted,C35EIZOESNQCOJAZTXTHTBJG,READY,CM_S2_LEGACY360_MATCHED_GEE,GAO20200714t153455p0000-C_s2_seasonal,COPERNICUS/S2_SR_HARMONIZED,"B1,B2,B3,B4,B5,B6,B7,B8,B8A,B9,B11,B12",,2020-04-15T00:00:00Z,2020-06-14T00:00:00Z,2020-04-15T17:45:02Z,20200415T172859_20200415T173339_T13SFR,4.124711,0,31.954903,-103.971448,submitted; candidates=16; source=legacy_seasonal_event_day_window
GAO20200714t153455p0000-C,t0,submitted,6CVE3DROU5QRGUWIUVGXOO3B,READY,CM_S2_LEGACY360_MATCHED_GEE,GAO20200714t153455p0000-C_s2_0,COPERNICUS/S2_SR_HARMONIZED,"B1,B2,B3,B4,B5,B6,B7,B8,B8A,B9,B11,B12",2020-07-14T17:45:08Z,2020-07-13T00:00:00Z,2020-07-16T00:00:00Z,2020-07-14T17:45:08Z,20200714T172859_20200714T174210_T13SFR,0.297265,0,31.954903,-103.971448,submitted; candidates=2; source=legacy_t0_event_day_window
GAO20200714t154912p0000-D,t0,submitted,RX7QO5SE6MFB2HYOGA62DTKF,READY,CM_S2_LEGACY360_MATCHED_GEE,GAO20200714t154912p0000-D_s2_0,COPERNICUS/S2_SR_HARMONIZED,"B1,B2,B3,B4,B5,B6,B7,B8,B8A,B9,B11,B12",2020-07-14T17:45:08Z,2020-07-13T00:00:00Z,2020-07-16T00:00:00Z,2020-07-14T17:45:08Z,20200714T172859_20200714T174210_T13SFR,0.297265,0,32.0487846,-103.8800572,submitted; candidates=2; source=legacy_t0_event_day_window
GAO20200714t154912p0000-E,seasonal,submitted,OYB3J4JQ6YXPZKXESPD2YYGH,READY,CM_S2_LEGACY360_MATCHED_GEE,GAO20200714t154912p0000-E_s2_seasonal,COPERNICUS/S2_SR_HARMONIZED,"B1,B2,B3,B4,B5,B6,B7,B8,B8A,B9,B11,B12",,2020-04-15T00:00:00Z,2020-06-14T00:00:00Z,2020-04-15T17:45:02Z,20200415T172859_20200415T173339_T13SFR,4.124711,0,32.14277059,-103.7387822,submitted; candidates=8; source=legacy_seasonal_event_day_window
GAO20200714t154912p0000-D,year,submitted,WRESXJQIKVZE44BS77W3SGT3,READY,CM_S2_LEGACY360_MATCHED_GEE,GAO20200714t154912p0000-D_s2_year,COPERNICUS/S2_SR_HARMONIZED,"B1,B2,B3,B4,B5,B6,B7,B8,B8A,B9,B11,B12",,2019-05-16T00:00:00Z,2019-08-14T00:00:00Z,2019-06-05T17:45:08Z,20190605T172901_20190605T174012_T13SFR,1.511236,0,32.0487846,-103.8800572,submitted; candidates=23; source=legacy_year_event_day_window
GAO20200714t160234p0000-A,year,submitted,HZ2DTWQGLBKH3IKLJUGUZR5G,READY,CM_S2_LEGACY360_MATCHED_GEE,GAO20200714t160234p0000-A_s2_year,COPERNICUS/S2_SR_HARMONIZED,"B1,B2,B3,B4,B5,B6,B7,B8,B8A,B9,B11,B12",,2019-05-16T00:00:00Z,2019-08-14T00:00:00Z,2019-06-05T17:45:08Z,20190605T172901_20190605T174012_T13SFR,1.511236,0,32.048753,-103.903628,submitted; candidates=23; source=legacy_year_event_day_window
GAO20200714t154912p0000-E,year,submitted,CQFV2T5M36IL344LK63NWIA2,READY,CM_S2_LEGACY360_MATCHED_GEE,GAO20200714t154912p0000-E_s2_year,COPERNICUS/S2_SR_HARMONIZED,"B1,B2,B3,B4,B5,B6,B7,B8,B8A,B9,B11,B12",,2019-05-16T00:00:00Z,2019-08-14T00:00:00Z,2019-06-05T17:45:08Z,20190605T172901_20190605T174012_T13SFR,1.511236,0,32.14277059,-103.7387822,submitted; candidates=10; source=legacy_year_event_day_window
GAO20200714t160234p0000-A,seasonal,submitted,3IBZ3XLG3OLKL4TYM2F6OHJZ,READY,CM_S2_LEGACY360_MATCHED_GEE,GAO20200714t160234p0000-A_s2_seasonal,COPERNICUS/S2_SR_HARMONIZED,"B1,B2,B3,B4,B5,B6,B7,B8,B8A,B9,B11,B12",,2020-04-15T00:00:00Z,2020-06-14T00:00:00Z,2020-04-15T17:45:02Z,20200415T172859_20200415T173339_T13SFR,4.124711,0,32.048753,-103.903628,submitted; candidates=16; source=legacy_seasonal_event_day_window
GAO20200714t160234p0000-D,t0,submitted,65N4L7J3D3DMFAOUSLEVOBKC,READY,CM_S2_LEGACY360_MATCHED_GEE,GAO20200714t160234p0000-D_s2_0,COPERNICUS/S2_SR_HARMONIZED,"B1,B2,B3,B4,B5,B6,B7,B8,B8A,B9,B11,B12",2020-07-14T17:45:08Z,2020-07-13T00:00:00Z,2020-07-16T00:00:00Z,2020-07-14T17:45:08Z,20200714T172859_20200714T174210_T13SFR,0.297265,0,32.04560038,-103.939339,submitted; candidates=2; source=legacy_t0_event_day_window
GAO20200714t160234p0000-D,year,submitted,KQYMV2MJWDARKD2LEDM3LBGY,READY,CM_S2_LEGACY360_MATCHED_GEE,GAO20200714t160234p0000-D_s2_year,COPERNICUS/S2_SR_HARMONIZED,"B1,B2,B3,B4,B5,B6,B7,B8,B8A,B9,B11,B12",,2019-05-16T00:00:00Z,2019-08-14T00:00:00Z,2019-06-05T17:45:08Z,20190605T172901_20190605T174012_T13SFR,1.511236,0,32.04560038,-103.939339,submitted; candidates=23; source=legacy_year_event_day_window
GAO20200714t160234p0000-D,seasonal,submitted,R3SS2FSZPJ2RIF6T2DKY5ARM,READY,CM_S2_LEGACY360_MATCHED_GEE,GAO20200714t160234p0000-D_s2_seasonal,COPERNICUS/S2_SR_HARMONIZED,"B1,B2,B3,B4,B5,B6,B7,B8,B8A,B9,B11,B12",,2020-04-15T00:00:00Z,2020-06-14T00:00:00Z,2020-04-15T17:45:02Z,20200415T172859_20200415T173339_T13SFR,4.124711,0,32.04560038,-103.939339,submitted; candidates=16; source=legacy_seasonal_event_day_window
GAO20200714t160234p0000-G,seasonal,submitted,ERY7WSOQ2M7ER4FMB4CZ7H2T,READY,CM_S2_LEGACY360_MATCHED_GEE,GAO20200714t160234p0000-G_s2_seasonal,COPERNICUS/S2_SR_HARMONIZED,"B1,B2,B3,B4,B5,B6,B7,B8,B8A,B9,B11,B12",,2020-04-15T00:00:00Z,2020-06-14T00:00:00Z,2020-04-15T17:45:02Z,20200415T172859_20200415T173339_T13SFR,4.124711,0,32.048471,-103.910957,submitted; candidates=16; source=legacy_seasonal_event_day_window
GAO20200714t160234p0000-E,t0,submitted,MIYVF3ITSD6UCVVHEXXXLWF2,READY,CM_S2_LEGACY360_MATCHED_GEE,GAO20200714t160234p0000-E_s2_0,COPERNICUS/S2_SR_HARMONIZED,"B1,B2,B3,B4,B5,B6,B7,B8,B8A,B9,B11,B12",2020-07-14T17:45:08Z,2020-07-13T00:00:00Z,2020-07-16T00:00:00Z,2020-07-14T17:45:08Z,20200714T172859_20200714T174210_T13SFR,0.297265,0,32.19973524,-103.6726407,submitted; candidates=1; source=legacy_t0_event_day_window
GAO20200714t154912p0000-D,seasonal,submitted,QFWGYCBZSHKOD4MJDGYZOLDD,READY,CM_S2_LEGACY360_MATCHED_GEE,GAO20200714t154912p0000-D_s2_seasonal,COPERNICUS/S2_SR_HARMONIZED,"B1,B2,B3,B4,B5,B6,B7,B8,B8A,B9,B11,B12",,2020-04-15T00:00:00Z,2020-06-14T00:00:00Z,2020-04-15T17:45:02Z,20200415T172859_20200415T173339_T13SFR,4.124711,0,32.0487846,-103.8800572,submitted; candidates=16; source=legacy_seasonal_event_day_window
GAO20200714t160234p0000-G,t0,submitted,776HIKMGB7WYDCKDTZFGE3Q7,READY,CM_S2_LEGACY360_MATCHED_GEE,GAO20200714t160234p0000-G_s2_0,COPERNICUS/S2_SR_HARMONIZED,"B1,B2,B3,B4,B5,B6,B7,B8,B8A,B9,B11,B12",2020-07-14T17:45:08Z,2020-07-13T00:00:00Z,2020-07-16T00:00:00Z,2020-07-14T17:45:08Z,20200714T172859_20200714T174210_T13SFR,0.297265,0,32.048471,-103.910957,submitted; candidates=2; source=legacy_t0_event_day_window
GAO20200714t160234p0000-E,year,submitted,64BI4CN5W2WAYJZWEUDBS4QN,READY,CM_S2_LEGACY360_MATCHED_GEE,GAO20200714t160234p0000-E_s2_year,COPERNICUS/S2_SR_HARMONIZED,"B1,B2,B3,B4,B5,B6,B7,B8,B8A,B9,B11,B12",,2019-05-16T00:00:00Z,2019-08-14T00:00:00Z,2019-06-05T17:45:08Z,20190605T172901_20190605T174012_T13SFR,1.511236,0,32.19973524,-103.6726407,submitted; candidates=10; source=legacy_year_event_day_window
GAO20200714t154912p0000-E,t0,submitted,7P2EONSDETCAAKQTPXZ4NZTS,READY,CM_S2_LEGACY360_MATCHED_GEE,GAO20200714t154912p0000-E_s2_0,COPERNICUS/S2_SR_HARMONIZED,"B1,B2,B3,B4,B5,B6,B7,B8,B8A,B9,B11,B12",2020-07-14T17:45:08Z,2020-07-13T00:00:00Z,2020-07-16T00:00:00Z,2020-07-14T17:45:08Z,20200714T172859_20200714T174210_T13SFR,0.297265,0,32.14277059,-103.7387822,submitted; candidates=1; source=legacy_t0_event_day_window
GAO20200714t160234p0000-A,t0,submitted,QNKHXSS7ZPBROGD6WAVLTKSF,READY,CM_S2_LEGACY360_MATCHED_GEE,GAO20200714t160234p0000-A_s2_0,COPERNICUS/S2_SR_HARMONIZED,"B1,B2,B3,B4,B5,B6,B7,B8,B8A,B9,B11,B12",2020-07-14T17:45:08Z,2020-07-13T00:00:00Z,2020-07-16T00:00:00Z,2020-07-14T17:45:08Z,20200714T172859_20200714T174210_T13SFR,0.297265,0,32.048753,-103.903628,submitted; candidates=2; source=legacy_t0_event_day_window
GAO20200714t160234p0000-E,seasonal,submitted,MGQ3EXUOYVPPQCWD3MEKTG2A,READY,CM_S2_LEGACY360_MATCHED_GEE,GAO20200714t160234p0000-E_s2_seasonal,COPERNICUS/S2_SR_HARMONIZED,"B1,B2,B3,B4,B5,B6,B7,B8,B8A,B9,B11,B12",,2020-04-15T00:00:00Z,2020-06-14T00:00:00Z,2020-04-15T17:45:02Z,20200415T172859_20200415T173339_T13SFR,4.124711,0,32.19973524,-103.6726407,submitted; candidates=8; source=legacy_seasonal_event_day_window
GAO20200714t161636p0000-D,year,submitted,7FKJQGUX4L6YQVEOH3Z6ZAPO,READY,CM_S2_LEGACY360_MATCHED_GEE,GAO20200714t161636p0000-D_s2_year,COPERNICUS/S2_SR_HARMONIZED,"B1,B2,B3,B4,B5,B6,B7,B8,B8A,B9,B11,B12",,2019-05-16T00:00:00Z,2019-08-14T00:00:00Z,2019-06-05T17:45:08Z,20190605T172901_20190605T174012_T13SFR,1.511236,0,32.15651399,-103.7370182,submitted; candidates=10; source=legacy_year_event_day_window
GAO20200714t161636p0000-D,t0,submitted,EGC56AXY266H6UXTHUCB2GFR,READY,CM_S2_LEGACY360_MATCHED_GEE,GAO20200714t161636p0000-D_s2_0,COPERNICUS/S2_SR_HARMONIZED,"B1,B2,B3,B4,B5,B6,B7,B8,B8A,B9,B11,B12",2020-07-14T17:45:08Z,2020-07-13T00:00:00Z,2020-07-16T00:00:00Z,2020-07-14T17:45:08Z,20200714T172859_20200714T174210_T13SFR,0.297265,0,32.15651399,-103.7370182,submitted; candidates=1; source=legacy_t0_event_day_window
GAO20200714t161636p0000-C,year,submitted,T45FT2OZ3CV5LIJYTQOOLJP6,READY,CM_S2_LEGACY360_MATCHED_GEE,GAO20200714t161636p0000-C_s2_year,COPERNICUS/S2_SR_HARMONIZED,"B1,B2,B3,B4,B5,B6,B7,B8,B8A,B9,B11,B12",,2019-05-16T00:00:00Z,2019-08-14T00:00:00Z,2019-06-05T17:45:08Z,20190605T172901_20190605T174012_T13SFR,1.511236,0,32.065004,-103.938722,submitted; candidates=23; source=legacy_year_event_day_window
GAO20200714t160234p0000-G,year,submitted,T5A2NAYBER4DFMUM3ZKUQZZT,READY,CM_S2_LEGACY360_MATCHED_GEE,GAO20200714t160234p0000-G_s2_year,COPERNICUS/S2_SR_HARMONIZED,"B1,B2,B3,B4,B5,B6,B7,B8,B8A,B9,B11,B12",,2019-05-16T00:00:00Z,2019-08-14T00:00:00Z,2019-06-05T17:45:08Z,20190605T172901_20190605T174012_T13SFR,1.511236,0,32.048471,-103.910957,submitted; candidates=23; source=legacy_year_event_day_window
GAO20200714t161636p0000-D,seasonal,submitted,G4SER4ZTFWBIURBI44KV4RUW,READY,CM_S2_LEGACY360_MATCHED_GEE,GAO20200714t161636p0000-D_s2_seasonal,COPERNICUS/S2_SR_HARMONIZED,"B1,B2,B3,B4,B5,B6,B7,B8,B8A,B9,B11,B12",,2020-04-15T00:00:00Z,2020-06-14T00:00:00Z,2020-04-15T17:45:02Z,20200415T172859_20200415T173339_T13SFR,4.124711,0,32.15651399,-103.7370182,submitted; candidates=8; source=legacy_seasonal_event_day_window
GAO20200714t161636p0000-E,year,submitted,OM7Y7YBNVQMTPG6BREWC22IB,READY,CM_S2_LEGACY360_MATCHED_GEE,GAO20200714t161636p0000-E_s2_year,COPERNICUS/S2_SR_HARMONIZED,"B1,B2,B3,B4,B5,B6,B7,B8,B8A,B9,B11,B12",,2019-05-16T00:00:00Z,2019-08-14T00:00:00Z,2019-06-05T17:45:08Z,20190605T172901_20190605T174012_T13SFR,1.511236,0,32.199861,-103.6730208,submitted; candidates=10; source=legacy_year_event_day_window
GAO20200714t161636p0000-A,t0,submitted,L63LXTYK52GPOER6K2C7WQWY,READY,CM_S2_LEGACY360_MATCHED_GEE,GAO20200714t161636p0000-A_s2_0,COPERNICUS/S2_SR_HARMONIZED,"B1,B2,B3,B4,B5,B6,B7,B8,B8A,B9,B11,B12",2020-07-14T17:45:11Z,2020-07-13T00:00:00Z,2020-07-16T00:00:00Z,2020-07-14T17:45:11Z,20200714T172859_20200714T174210_T13SER,0.538392,5.132714,32.001702,-104.016941,submitted; candidates=1; source=legacy_t0_event_day_window
GAO20200714t161636p0000-A,year,submitted,XXUW2S2IQSCDG426RNGM7UQI,READY,CM_S2_LEGACY360_MATCHED_GEE,GAO20200714t161636p0000-A_s2_year,COPERNICUS/S2_SR_HARMONIZED,"B1,B2,B3,B4,B5,B6,B7,B8,B8A,B9,B11,B12",,2019-05-16T00:00:00Z,2019-08-14T00:00:00Z,2019-07-25T17:45:14Z,20190725T172901_20190725T174145_T13SER,9.630932,3.921407,32.001702,-104.016941,submitted; candidates=13; source=legacy_year_event_day_window
GAO20200714t161636p0000-F,seasonal,submitted,XCO5WR53VLEBWH546QHURCAS,READY,CM_S2_LEGACY360_MATCHED_GEE,GAO20200714t161636p0000-F_s2_seasonal,COPERNICUS/S2_SR_HARMONIZED,"B1,B2,B3,B4,B5,B6,B7,B8,B8A,B9,B11,B12",,2020-04-15T00:00:00Z,2020-06-14T00:00:00Z,2020-04-15T17:45:02Z,20200415T172859_20200415T173339_T13SFR,4.124711,0,32.211836,-103.652009,submitted; candidates=8; source=legacy_seasonal_event_day_window
GAO20200714t161636p0000-A,seasonal,submitted,UCQWY43J73MXSE5CPXMJNCPZ,READY,CM_S2_LEGACY360_MATCHED_GEE,GAO20200714t161636p0000-A_s2_seasonal,COPERNICUS/S2_SR_HARMONIZED,"B1,B2,B3,B4,B5,B6,B7,B8,B8A,B9,B11,B12",,2020-04-15T00:00:00Z,2020-06-14T00:00:00Z,2020-05-30T17:45:16Z,20200530T172911_20200530T173636_T13SER,0.504266,3.615675,32.001702,-104.016941,submitted; candidates=8; source=legacy_seasonal_event_day_window
GAO20200714t161636p0000-F,t0,submitted,FUUVZ5R2U6T7423MHUDZBYWE,READY,CM_S2_LEGACY360_MATCHED_GEE,GAO20200714t161636p0000-F_s2_0,COPERNICUS/S2_SR_HARMONIZED,"B1,B2,B3,B4,B5,B6,B7,B8,B8A,B9,B11,B12",2020-07-14T17:45:08Z,2020-07-13T00:00:00Z,2020-07-16T00:00:00Z,2020-07-14T17:45:08Z,20200714T172859_20200714T174210_T13SFR,0.297265,0,32.211836,-103.652009,submitted; candidates=1; source=legacy_t0_event_day_window
GAO20200714t161636p0000-C,seasonal,submitted,DPIRPON7YTZ62IZKHVYZLXD3,READY,CM_S2_LEGACY360_MATCHED_GEE,GAO20200714t161636p0000-C_s2_seasonal,COPERNICUS/S2_SR_HARMONIZED,"B1,B2,B3,B4,B5,B6,B7,B8,B8A,B9,B11,B12",,2020-04-15T00:00:00Z,2020-06-14T00:00:00Z,2020-04-15T17:45:02Z,20200415T172859_20200415T173339_T13SFR,4.124711,0,32.065004,-103.938722,submitted; candidates=16; source=legacy_seasonal_event_day_window
GAO20200714t161636p0000-E,seasonal,submitted,74RGMNPSZNA7Z3V6LH6JFE3Z,READY,CM_S2_LEGACY360_MATCHED_GEE,GAO20200714t161636p0000-E_s2_seasonal,COPERNICUS/S2_SR_HARMONIZED,"B1,B2,B3,B4,B5,B6,B7,B8,B8A,B9,B11,B12",,2020-04-15T00:00:00Z,2020-06-14T00:00:00Z,2020-04-15T17:45:02Z,20200415T172859_20200415T173339_T13SFR,4.124711,0,32.199861,-103.6730208,submitted; candidates=8; source=legacy_seasonal_event_day_window
GAO20200714t161636p0000-F,year,submitted,PLAR5GBWZAUYHV3BC25JV3EF,READY,CM_S2_LEGACY360_MATCHED_GEE,GAO20200714t161636p0000-F_s2_year,COPERNICUS/S2_SR_HARMONIZED,"B1,B2,B3,B4,B5,B6,B7,B8,B8A,B9,B11,B12",,2019-05-16T00:00:00Z,2019-08-14T00:00:00Z,2019-06-05T17:45:08Z,20190605T172901_20190605T174012_T13SFR,1.511236,0,32.211836,-103.652009,submitted; candidates=9; source=legacy_year_event_day_window
GAO20200714t161636p0000-E,t0,submitted,75JT4QZZC5NYPQR3QFOJ4X4H,READY,CM_S2_LEGACY360_MATCHED_GEE,GAO20200714t161636p0000-E_s2_0,COPERNICUS/S2_SR_HARMONIZED,"B1,B2,B3,B4,B5,B6,B7,B8,B8A,B9,B11,B12",2020-07-14T17:45:08Z,2020-07-13T00:00:00Z,2020-07-16T00:00:00Z,2020-07-14T17:45:08Z,20200714T172859_20200714T174210_T13SFR,0.297265,0,32.199861,-103.6730208,submitted; candidates=1; source=legacy_t0_event_day_window
GAO20200714t161636p0000-C,t0,submitted,MS6M7NUADNSBH7OWXUZ7NIAY,READY,CM_S2_LEGACY360_MATCHED_GEE,GAO20200714t161636p0000-C_s2_0,COPERNICUS/S2_SR_HARMONIZED,"B1,B2,B3,B4,B5,B6,B7,B8,B8A,B9,B11,B12",2020-07-14T17:45:08Z,2020-07-13T00:00:00Z,2020-07-16T00:00:00Z,2020-07-14T17:45:08Z,20200714T172859_20200714T174210_T13SFR,0.297265,0,32.065004,-103.938722,submitted; candidates=2; source=legacy_t0_event_day_window
GAO20200714t162941p0000-A,t0,submitted,5ZGSJ6ZZLQLSKF3DVD6FW3TU,READY,CM_S2_LEGACY360_MATCHED_GEE,GAO20200714t162941p0000-A_s2_0,COPERNICUS/S2_SR_HARMONIZED,"B1,B2,B3,B4,B5,B6,B7,B8,B8A,B9,B11,B12",2020-07-14T17:45:11Z,2020-07-13T00:00:00Z,2020-07-16T00:00:00Z,2020-07-14T17:45:11Z,20200714T172859_20200714T174210_T13SER,0.538392,5.132714,31.971681,-104.137026,submitted; candidates=1; source=legacy_t0_event_day_window
GAO20200714t162941p0000-B,seasonal,submitted,WGKRVJPNPFELZOQAFDJGCOZE,READY,CM_S2_LEGACY360_MATCHED_GEE,GAO20200714t162941p0000-B_s2_seasonal,COPERNICUS/S2_SR_HARMONIZED,"B1,B2,B3,B4,B5,B6,B7,B8,B8A,B9,B11,B12",,2020-04-15T00:00:00Z,2020-06-14T00:00:00Z,2020-05-30T17:45:16Z,20200530T172911_20200530T173636_T13SER,0.504266,3.615675,31.998847,-104.077751,submitted; candidates=8; source=legacy_seasonal_event_day_window
GAO20200714t162941p0000-C,t0,submitted,MX6DHQRF7HAXJNYXEDNM4D2K,READY,CM_S2_LEGACY360_MATCHED_GEE,GAO20200714t162941p0000-C_s2_0,COPERNICUS/S2_SR_HARMONIZED,"B1,B2,B3,B4,B5,B6,B7,B8,B8A,B9,B11,B12",2020-07-14T17:45:08Z,2020-07-13T00:00:00Z,2020-07-16T00:00:00Z,2020-07-14T17:45:08Z,20200714T172859_20200714T174210_T13SFR,0.297265,0,32.060371,-103.946252,submitted; candidates=2; source=legacy_t0_event_day_window
GAO20200714t162941p0000-A,seasonal,submitted,NXOERTFXJH42XEW4HYFOMIPM,READY,CM_S2_LEGACY360_MATCHED_GEE,GAO20200714t162941p0000-A_s2_seasonal,COPERNICUS/S2_SR_HARMONIZED,"B1,B2,B3,B4,B5,B6,B7,B8,B8A,B9,B11,B12",,2020-04-15T00:00:00Z,2020-06-14T00:00:00Z,2020-05-30T17:45:16Z,20200530T172911_20200530T173636_T13SER,0.504266,3.615675,31.971681,-104.137026,submitted; candidates=8; source=legacy_seasonal_event_day_window
GAO20200714t162941p0000-B,year,submitted,7EZVFN3EM6KANMRR47GFPGNC,READY,CM_S2_LEGACY360_MATCHED_GEE,GAO20200714t162941p0000-B_s2_year,COPERNICUS/S2_SR_HARMONIZED,"B1,B2,B3,B4,B5,B6,B7,B8,B8A,B9,B11,B12",,2019-05-16T00:00:00Z,2019-08-14T00:00:00Z,2019-07-25T17:45:14Z,20190725T172901_20190725T174145_T13SER,9.630932,3.921407,31.998847,-104.077751,submitted; candidates=13; source=legacy_year_event_day_window
GAO20200714t162941p0000-E,t0,submitted,PTLD76VYRHHZ5NJ35ABTG4SW,READY,CM_S2_LEGACY360_MATCHED_GEE,GAO20200714t162941p0000-E_s2_0,COPERNICUS/S2_SR_HARMONIZED,"B1,B2,B3,B4,B5,B6,B7,B8,B8A,B9,B11,B12",2020-07-14T17:45:08Z,2020-07-13T00:00:00Z,2020-07-16T00:00:00Z,2020-07-14T17:45:08Z,20200714T172859_20200714T174210_T13SFR,0.297265,0,32.13663063,-103.8395301,submitted; candidates=2; source=legacy_t0_event_day_window
GAO20200714t162941p0000-F,t0,submitted,XP4LSOCDMGTXKIO5BF3YQX4Z,READY,CM_S2_LEGACY360_MATCHED_GEE,GAO20200714t162941p0000-F_s2_0,COPERNICUS/S2_SR_HARMONIZED,"B1,B2,B3,B4,B5,B6,B7,B8,B8A,B9,B11,B12",2020-07-14T17:45:08Z,2020-07-13T00:00:00Z,2020-07-16T00:00:00Z,2020-07-14T17:45:08Z,20200714T172859_20200714T174210_T13SFR,0.297265,0,32.187792,-103.732204,submitted; candidates=1; source=legacy_t0_event_day_window
GAO20200714t162941p0000-C,year,submitted,U25HQA7DQEW5DMAUVMPFZMLN,READY,CM_S2_LEGACY360_MATCHED_GEE,GAO20200714t162941p0000-C_s2_year,COPERNICUS/S2_SR_HARMONIZED,"B1,B2,B3,B4,B5,B6,B7,B8,B8A,B9,B11,B12",,2019-05-16T00:00:00Z,2019-08-14T00:00:00Z,2019-06-05T17:45:08Z,20190605T172901_20190605T174012_T13SFR,1.511236,0,32.060371,-103.946252,submitted; candidates=23; source=legacy_year_event_day_window
GAO20200714t162941p0000-A,year,submitted,G4RS56MB7XQAUBFW34SVVGFN,READY,CM_S2_LEGACY360_MATCHED_GEE,GAO20200714t162941p0000-A_s2_year,COPERNICUS/S2_SR_HARMONIZED,"B1,B2,B3,B4,B5,B6,B7,B8,B8A,B9,B11,B12",,2019-05-16T00:00:00Z,2019-08-14T00:00:00Z,2019-07-25T17:45:14Z,20190725T172901_20190725T174145_T13SER,9.630932,3.921407,31.971681,-104.137026,submitted; candidates=12; source=legacy_year_event_day_window
GAO20200714t162941p0000-D,t0,submitted,UM5KFJBRJPUOB642ODRRSU4I,READY,CM_S2_LEGACY360_MATCHED_GEE,GAO20200714t162941p0000-D_s2_0,COPERNICUS/S2_SR_HARMONIZED,"B1,B2,B3,B4,B5,B6,B7,B8,B8A,B9,B11,B12",2020-07-14T17:45:08Z,2020-07-13T00:00:00Z,2020-07-16T00:00:00Z,2020-07-14T17:45:08Z,20200714T172859_20200714T174210_T13SFR,0.297265,0,32.07956221,-103.9520588,submitted; candidates=2; source=legacy_t0_event_day_window
GAO20200714t162941p0000-E,year,submitted,QMQIO5XFNLLZK6JT6JUI2W5L,READY,CM_S2_LEGACY360_MATCHED_GEE,GAO20200714t162941p0000-E_s2_year,COPERNICUS/S2_SR_HARMONIZED,"B1,B2,B3,B4,B5,B6,B7,B8,B8A,B9,B11,B12",,2019-05-16T00:00:00Z,2019-08-14T00:00:00Z,2019-06-05T17:45:08Z,20190605T172901_20190605T174012_T13SFR,1.511236,0,32.13663063,-103.8395301,submitted; candidates=23; source=legacy_year_event_day_window
GAO20200714t162941p0000-D,year,submitted,2FRVWXLEU65LSYY2JSAHUEIM,READY,CM_S2_LEGACY360_MATCHED_GEE,GAO20200714t162941p0000-D_s2_year,COPERNICUS/S2_SR_HARMONIZED,"B1,B2,B3,B4,B5,B6,B7,B8,B8A,B9,B11,B12",,2019-05-16T00:00:00Z,2019-08-14T00:00:00Z,2019-06-05T17:45:08Z,20190605T172901_20190605T174012_T13SFR,1.511236,0,32.07956221,-103.9520588,submitted; candidates=23; source=legacy_year_event_day_window
GAO20200714t162941p0000-B,t0,submitted,YVRX5NIEPBISNFJW2H2SDG7O,READY,CM_S2_LEGACY360_MATCHED_GEE,GAO20200714t162941p0000-B_s2_0,COPERNICUS/S2_SR_HARMONIZED,"B1,B2,B3,B4,B5,B6,B7,B8,B8A,B9,B11,B12",2020-07-14T17:45:11Z,2020-07-13T00:00:00Z,2020-07-16T00:00:00Z,2020-07-14T17:45:11Z,20200714T172859_20200714T174210_T13SER,0.538392,5.132714,31.998847,-104.077751,submitted; candidates=1; source=legacy_t0_event_day_window
GAO20200714t162941p0000-C,seasonal,submitted,YZLP6LKLJ42EDEVKUGBRAMBG,READY,CM_S2_LEGACY360_MATCHED_GEE,GAO20200714t162941p0000-C_s2_seasonal,COPERNICUS/S2_SR_HARMONIZED,"B1,B2,B3,B4,B5,B6,B7,B8,B8A,B9,B11,B12",,2020-04-15T00:00:00Z,2020-06-14T00:00:00Z,2020-04-15T17:45:02Z,20200415T172859_20200415T173339_T13SFR,4.124711,0,32.060371,-103.946252,submitted; candidates=16; source=legacy_seasonal_event_day_window
GAO20200714t162941p0000-D,seasonal,submitted,MIXRUZNBZXVKCUMMKJBTFQBY,READY,CM_S2_LEGACY360_MATCHED_GEE,GAO20200714t162941p0000-D_s2_seasonal,COPERNICUS/S2_SR_HARMONIZED,"B1,B2,B3,B4,B5,B6,B7,B8,B8A,B9,B11,B12",,2020-04-15T00:00:00Z,2020-06-14T00:00:00Z,2020-04-15T17:45:02Z,20200415T172859_20200415T173339_T13SFR,4.124711,0,32.07956221,-103.9520588,submitted; candidates=16; source=legacy_seasonal_event_day_window
GAO20200714t162941p0000-E,seasonal,submitted,AW43Q4GLJHXAWI6WR77CNAIA,READY,CM_S2_LEGACY360_MATCHED_GEE,GAO20200714t162941p0000-E_s2_seasonal,COPERNICUS/S2_SR_HARMONIZED,"B1,B2,B3,B4,B5,B6,B7,B8,B8A,B9,B11,B12",,2020-04-15T00:00:00Z,2020-06-14T00:00:00Z,2020-04-15T17:45:02Z,20200415T172859_20200415T173339_T13SFR,4.124711,0,32.13663063,-103.8395301,submitted; candidates=16; source=legacy_seasonal_event_day_window
