plume_id,split,label,path,data_path,path_plume,plume_mask_path,mask_path,crop_x,crop_y,source_x,source_y,source,mask_path_512,plume_latitude,plume_longitude,latitude,longitude,event_time,t0_image_time,prev1_image_time,prev2_image_time,prev3_image_time,seasonal_image_time,year_image_time,path_t0,path_prev1,path_prev2,path_prev3,path_seasonal,path_year,image_path,s2_path,s2_-7_path,s2_pre_path,s2_pre_pre_path
GAO20200714t172448p0000-H,dropped_missing_required_time_or_path,1,/mnt/engg-niulab/yuyao/final_crop/s2_6time_legacy_center_zero_mask_32/all/GAO20200714t172448p0000-H/pos_00_x246_y234,/mnt/engg-niulab/yuyao/final_crop/s2_6time_legacy_center_zero_mask_32/all/GAO20200714t172448p0000-H/pos_00_x246_y234,/mnt/engg-niulab/yuyao/final_crop/s2_6time_legacy_center_zero_mask_32_to_224/all/GAO20200714t172448p0000-H/pos_00_x246_y234/plume.tif,/mnt/engg-niulab/yuyao/final_crop/s2_6time_legacy_center_zero_mask_32_to_224/all/GAO20200714t172448p0000-H/pos_00_x246_y234/plume.tif,/mnt/engg-niulab/yuyao/final_crop/s2_6time_legacy_center_zero_mask_32_to_224/all/GAO20200714t172448p0000-H/pos_00_x246_y234/plume.tif,246,234,246,234,legacy_center_anchor,,32.209546,-103.88555,32.209546,-103.88555,2020-07-14T17:24:48+00,2020-07-14T17:28:59.024000Z,2020-07-09T17:29:01.024000Z,2020-07-04T17:28:59.024000Z,2020-06-29T17:29:01.024000Z,,,/mnt/engg-niulab/yuyao/final_crop/s2_6time_legacy_center_zero_mask_32_to_224/all/GAO20200714t172448p0000-H/pos_00_x246_y234/s2_0.tif,/mnt/engg-niulab/yuyao/final_crop/s2_6time_legacy_center_zero_mask_32_to_224/all/GAO20200714t172448p0000-H/pos_00_x246_y234/s2_prev1.tif,/mnt/engg-niulab/yuyao/final_crop/s2_6time_legacy_center_zero_mask_32_to_224/all/GAO20200714t172448p0000-H/pos_00_x246_y234/s2_prev2.tif,/mnt/engg-niulab/yuyao/final_crop/s2_6time_legacy_center_zero_mask_32_to_224/all/GAO20200714t172448p0000-H/pos_00_x246_y234/s2_prev3.tif,/mnt/engg-niulab/yuyao/final_crop/s2_6time_legacy_center_zero_mask_32_to_224/all/GAO20200714t172448p0000-H/pos_00_x246_y234/s2_seasonal.tif,/mnt/engg-niulab/yuyao/final_crop/s2_6time_legacy_center_zero_mask_32_to_224/all/GAO20200714t172448p0000-H/pos_00_x246_y234/s2_year.tif,/mnt/engg-niulab/yuyao/final_crop/s2_6time_legacy_center_zero_mask_32_to_224/all/GAO20200714t172448p0000-H/pos_00_x246_y234/s2_0.tif,/mnt/engg-niulab/yuyao/final_crop/s2_6time_legacy_center_zero_mask_32_to_224/all/GAO20200714t172448p0000-H/pos_00_x246_y234/s2_0.tif,/mnt/engg-niulab/yuyao/final_crop/s2_6time_legacy_center_zero_mask_32_to_224/all/GAO20200714t172448p0000-H/pos_00_x246_y234/s2_prev1.tif,/mnt/engg-niulab/yuyao/final_crop/s2_6time_legacy_center_zero_mask_32_to_224/all/GAO20200714t172448p0000-H/pos_00_x246_y234/s2_seasonal.tif,/mnt/engg-niulab/yuyao/final_crop/s2_6time_legacy_center_zero_mask_32_to_224/all/GAO20200714t172448p0000-H/pos_00_x246_y234/s2_year.tif
GAO20200714t172448p0000-H,dropped_missing_required_time_or_path,1,/mnt/engg-niulab/yuyao/final_crop/s2_6time_legacy_center_zero_mask_32/all/GAO20200714t172448p0000-H/pos_01_x233_y230,/mnt/engg-niulab/yuyao/final_crop/s2_6time_legacy_center_zero_mask_32/all/GAO20200714t172448p0000-H/pos_01_x233_y230,/mnt/engg-niulab/yuyao/final_crop/s2_6time_legacy_center_zero_mask_32_to_224/all/GAO20200714t172448p0000-H/pos_01_x233_y230/plume.tif,/mnt/engg-niulab/yuyao/final_crop/s2_6time_legacy_center_zero_mask_32_to_224/all/GAO20200714t172448p0000-H/pos_01_x233_y230/plume.tif,/mnt/engg-niulab/yuyao/final_crop/s2_6time_legacy_center_zero_mask_32_to_224/all/GAO20200714t172448p0000-H/pos_01_x233_y230/plume.tif,233,230,233,230,legacy_center_anchor,,32.209546,-103.88555,32.209546,-103.88555,2020-07-14T17:24:48+00,2020-07-14T17:28:59.024000Z,2020-07-09T17:29:01.024000Z,2020-07-04T17:28:59.024000Z,2020-06-29T17:29:01.024000Z,,,/mnt/engg-niulab/yuyao/final_crop/s2_6time_legacy_center_zero_mask_32_to_224/all/GAO20200714t172448p0000-H/pos_01_x233_y230/s2_0.tif,/mnt/engg-niulab/yuyao/final_crop/s2_6time_legacy_center_zero_mask_32_to_224/all/GAO20200714t172448p0000-H/pos_01_x233_y230/s2_prev1.tif,/mnt/engg-niulab/yuyao/final_crop/s2_6time_legacy_center_zero_mask_32_to_224/all/GAO20200714t172448p0000-H/pos_01_x233_y230/s2_prev2.tif,/mnt/engg-niulab/yuyao/final_crop/s2_6time_legacy_center_zero_mask_32_to_224/all/GAO20200714t172448p0000-H/pos_01_x233_y230/s2_prev3.tif,/mnt/engg-niulab/yuyao/final_crop/s2_6time_legacy_center_zero_mask_32_to_224/all/GAO20200714t172448p0000-H/pos_01_x233_y230/s2_seasonal.tif,/mnt/engg-niulab/yuyao/final_crop/s2_6time_legacy_center_zero_mask_32_to_224/all/GAO20200714t172448p0000-H/pos_01_x233_y230/s2_year.tif,/mnt/engg-niulab/yuyao/final_crop/s2_6time_legacy_center_zero_mask_32_to_224/all/GAO20200714t172448p0000-H/pos_01_x233_y230/s2_0.tif,/mnt/engg-niulab/yuyao/final_crop/s2_6time_legacy_center_zero_mask_32_to_224/all/GAO20200714t172448p0000-H/pos_01_x233_y230/s2_0.tif,/mnt/engg-niulab/yuyao/final_crop/s2_6time_legacy_center_zero_mask_32_to_224/all/GAO20200714t172448p0000-H/pos_01_x233_y230/s2_prev1.tif,/mnt/engg-niulab/yuyao/final_crop/s2_6time_legacy_center_zero_mask_32_to_224/all/GAO20200714t172448p0000-H/pos_01_x233_y230/s2_seasonal.tif,/mnt/engg-niulab/yuyao/final_crop/s2_6time_legacy_center_zero_mask_32_to_224/all/GAO20200714t172448p0000-H/pos_01_x233_y230/s2_year.tif
GAO20200714t172448p0000-H,dropped_missing_required_time_or_path,1,/mnt/engg-niulab/yuyao/final_crop/s2_6time_legacy_center_zero_mask_32/all/GAO20200714t172448p0000-H/pos_02_x242_y226,/mnt/engg-niulab/yuyao/final_crop/s2_6time_legacy_center_zero_mask_32/all/GAO20200714t172448p0000-H/pos_02_x242_y226,/mnt/engg-niulab/yuyao/final_crop/s2_6time_legacy_center_zero_mask_32_to_224/all/GAO20200714t172448p0000-H/pos_02_x242_y226/plume.tif,/mnt/engg-niulab/yuyao/final_crop/s2_6time_legacy_center_zero_mask_32_to_224/all/GAO20200714t172448p0000-H/pos_02_x242_y226/plume.tif,/mnt/engg-niulab/yuyao/final_crop/s2_6time_legacy_center_zero_mask_32_to_224/all/GAO20200714t172448p0000-H/pos_02_x242_y226/plume.tif,242,226,242,226,legacy_center_anchor,,32.209546,-103.88555,32.209546,-103.88555,2020-07-14T17:24:48+00,2020-07-14T17:28:59.024000Z,2020-07-09T17:29:01.024000Z,2020-07-04T17:28:59.024000Z,2020-06-29T17:29:01.024000Z,,,/mnt/engg-niulab/yuyao/final_crop/s2_6time_legacy_center_zero_mask_32_to_224/all/GAO20200714t172448p0000-H/pos_02_x242_y226/s2_0.tif,/mnt/engg-niulab/yuyao/final_crop/s2_6time_legacy_center_zero_mask_32_to_224/all/GAO20200714t172448p0000-H/pos_02_x242_y226/s2_prev1.tif,/mnt/engg-niulab/yuyao/final_crop/s2_6time_legacy_center_zero_mask_32_to_224/all/GAO20200714t172448p0000-H/pos_02_x242_y226/s2_prev2.tif,/mnt/engg-niulab/yuyao/final_crop/s2_6time_legacy_center_zero_mask_32_to_224/all/GAO20200714t172448p0000-H/pos_02_x242_y226/s2_prev3.tif,/mnt/engg-niulab/yuyao/final_crop/s2_6time_legacy_center_zero_mask_32_to_224/all/GAO20200714t172448p0000-H/pos_02_x242_y226/s2_seasonal.tif,/mnt/engg-niulab/yuyao/final_crop/s2_6time_legacy_center_zero_mask_32_to_224/all/GAO20200714t172448p0000-H/pos_02_x242_y226/s2_year.tif,/mnt/engg-niulab/yuyao/final_crop/s2_6time_legacy_center_zero_mask_32_to_224/all/GAO20200714t172448p0000-H/pos_02_x242_y226/s2_0.tif,/mnt/engg-niulab/yuyao/final_crop/s2_6time_legacy_center_zero_mask_32_to_224/all/GAO20200714t172448p0000-H/pos_02_x242_y226/s2_0.tif,/mnt/engg-niulab/yuyao/final_crop/s2_6time_legacy_center_zero_mask_32_to_224/all/GAO20200714t172448p0000-H/pos_02_x242_y226/s2_prev1.tif,/mnt/engg-niulab/yuyao/final_crop/s2_6time_legacy_center_zero_mask_32_to_224/all/GAO20200714t172448p0000-H/pos_02_x242_y226/s2_seasonal.tif,/mnt/engg-niulab/yuyao/final_crop/s2_6time_legacy_center_zero_mask_32_to_224/all/GAO20200714t172448p0000-H/pos_02_x242_y226/s2_year.tif
GAO20200714t172448p0000-H,dropped_missing_required_time_or_path,1,/mnt/engg-niulab/yuyao/final_crop/s2_6time_legacy_center_zero_mask_32/all/GAO20200714t172448p0000-H/pos_03_x239_y234,/mnt/engg-niulab/yuyao/final_crop/s2_6time_legacy_center_zero_mask_32/all/GAO20200714t172448p0000-H/pos_03_x239_y234,/mnt/engg-niulab/yuyao/final_crop/s2_6time_legacy_center_zero_mask_32_to_224/all/GAO20200714t172448p0000-H/pos_03_x239_y234/plume.tif,/mnt/engg-niulab/yuyao/final_crop/s2_6time_legacy_center_zero_mask_32_to_224/all/GAO20200714t172448p0000-H/pos_03_x239_y234/plume.tif,/mnt/engg-niulab/yuyao/final_crop/s2_6time_legacy_center_zero_mask_32_to_224/all/GAO20200714t172448p0000-H/pos_03_x239_y234/plume.tif,239,234,239,234,legacy_center_anchor,,32.209546,-103.88555,32.209546,-103.88555,2020-07-14T17:24:48+00,2020-07-14T17:28:59.024000Z,2020-07-09T17:29:01.024000Z,2020-07-04T17:28:59.024000Z,2020-06-29T17:29:01.024000Z,,,/mnt/engg-niulab/yuyao/final_crop/s2_6time_legacy_center_zero_mask_32_to_224/all/GAO20200714t172448p0000-H/pos_03_x239_y234/s2_0.tif,/mnt/engg-niulab/yuyao/final_crop/s2_6time_legacy_center_zero_mask_32_to_224/all/GAO20200714t172448p0000-H/pos_03_x239_y234/s2_prev1.tif,/mnt/engg-niulab/yuyao/final_crop/s2_6time_legacy_center_zero_mask_32_to_224/all/GAO20200714t172448p0000-H/pos_03_x239_y234/s2_prev2.tif,/mnt/engg-niulab/yuyao/final_crop/s2_6time_legacy_center_zero_mask_32_to_224/all/GAO20200714t172448p0000-H/pos_03_x239_y234/s2_prev3.tif,/mnt/engg-niulab/yuyao/final_crop/s2_6time_legacy_center_zero_mask_32_to_224/all/GAO20200714t172448p0000-H/pos_03_x239_y234/s2_seasonal.tif,/mnt/engg-niulab/yuyao/final_crop/s2_6time_legacy_center_zero_mask_32_to_224/all/GAO20200714t172448p0000-H/pos_03_x239_y234/s2_year.tif,/mnt/engg-niulab/yuyao/final_crop/s2_6time_legacy_center_zero_mask_32_to_224/all/GAO20200714t172448p0000-H/pos_03_x239_y234/s2_0.tif,/mnt/engg-niulab/yuyao/final_crop/s2_6time_legacy_center_zero_mask_32_to_224/all/GAO20200714t172448p0000-H/pos_03_x239_y234/s2_0.tif,/mnt/engg-niulab/yuyao/final_crop/s2_6time_legacy_center_zero_mask_32_to_224/all/GAO20200714t172448p0000-H/pos_03_x239_y234/s2_prev1.tif,/mnt/engg-niulab/yuyao/final_crop/s2_6time_legacy_center_zero_mask_32_to_224/all/GAO20200714t172448p0000-H/pos_03_x239_y234/s2_seasonal.tif,/mnt/engg-niulab/yuyao/final_crop/s2_6time_legacy_center_zero_mask_32_to_224/all/GAO20200714t172448p0000-H/pos_03_x239_y234/s2_year.tif
GAO20200714t172448p0000-H,dropped_missing_required_time_or_path,1,/mnt/engg-niulab/yuyao/final_crop/s2_6time_legacy_center_zero_mask_32/all/GAO20200714t172448p0000-H/pos_04_x234_y245,/mnt/engg-niulab/yuyao/final_crop/s2_6time_legacy_center_zero_mask_32/all/GAO20200714t172448p0000-H/pos_04_x234_y245,/mnt/engg-niulab/yuyao/final_crop/s2_6time_legacy_center_zero_mask_32_to_224/all/GAO20200714t172448p0000-H/pos_04_x234_y245/plume.tif,/mnt/engg-niulab/yuyao/final_crop/s2_6time_legacy_center_zero_mask_32_to_224/all/GAO20200714t172448p0000-H/pos_04_x234_y245/plume.tif,/mnt/engg-niulab/yuyao/final_crop/s2_6time_legacy_center_zero_mask_32_to_224/all/GAO20200714t172448p0000-H/pos_04_x234_y245/plume.tif,234,245,234,245,legacy_center_anchor,,32.209546,-103.88555,32.209546,-103.88555,2020-07-14T17:24:48+00,2020-07-14T17:28:59.024000Z,2020-07-09T17:29:01.024000Z,2020-07-04T17:28:59.024000Z,2020-06-29T17:29:01.024000Z,,,/mnt/engg-niulab/yuyao/final_crop/s2_6time_legacy_center_zero_mask_32_to_224/all/GAO20200714t172448p0000-H/pos_04_x234_y245/s2_0.tif,/mnt/engg-niulab/yuyao/final_crop/s2_6time_legacy_center_zero_mask_32_to_224/all/GAO20200714t172448p0000-H/pos_04_x234_y245/s2_prev1.tif,/mnt/engg-niulab/yuyao/final_crop/s2_6time_legacy_center_zero_mask_32_to_224/all/GAO20200714t172448p0000-H/pos_04_x234_y245/s2_prev2.tif,/mnt/engg-niulab/yuyao/final_crop/s2_6time_legacy_center_zero_mask_32_to_224/all/GAO20200714t172448p0000-H/pos_04_x234_y245/s2_prev3.tif,/mnt/engg-niulab/yuyao/final_crop/s2_6time_legacy_center_zero_mask_32_to_224/all/GAO20200714t172448p0000-H/pos_04_x234_y245/s2_seasonal.tif,/mnt/engg-niulab/yuyao/final_crop/s2_6time_legacy_center_zero_mask_32_to_224/all/GAO20200714t172448p0000-H/pos_04_x234_y245/s2_year.tif,/mnt/engg-niulab/yuyao/final_crop/s2_6time_legacy_center_zero_mask_32_to_224/all/GAO20200714t172448p0000-H/pos_04_x234_y245/s2_0.tif,/mnt/engg-niulab/yuyao/final_crop/s2_6time_legacy_center_zero_mask_32_to_224/all/GAO20200714t172448p0000-H/pos_04_x234_y245/s2_0.tif,/mnt/engg-niulab/yuyao/final_crop/s2_6time_legacy_center_zero_mask_32_to_224/all/GAO20200714t172448p0000-H/pos_04_x234_y245/s2_prev1.tif,/mnt/engg-niulab/yuyao/final_crop/s2_6time_legacy_center_zero_mask_32_to_224/all/GAO20200714t172448p0000-H/pos_04_x234_y245/s2_seasonal.tif,/mnt/engg-niulab/yuyao/final_crop/s2_6time_legacy_center_zero_mask_32_to_224/all/GAO20200714t172448p0000-H/pos_04_x234_y245/s2_year.tif
GAO20200714t172448p0000-H,dropped_missing_required_time_or_path,1,/mnt/engg-niulab/yuyao/final_crop/s2_6time_legacy_center_zero_mask_32/all/GAO20200714t172448p0000-H/pos_05_x226_y227,/mnt/engg-niulab/yuyao/final_crop/s2_6time_legacy_center_zero_mask_32/all/GAO20200714t172448p0000-H/pos_05_x226_y227,/mnt/engg-niulab/yuyao/final_crop/s2_6time_legacy_center_zero_mask_32_to_224/all/GAO20200714t172448p0000-H/pos_05_x226_y227/plume.tif,/mnt/engg-niulab/yuyao/final_crop/s2_6time_legacy_center_zero_mask_32_to_224/all/GAO20200714t172448p0000-H/pos_05_x226_y227/plume.tif,/mnt/engg-niulab/yuyao/final_crop/s2_6time_legacy_center_zero_mask_32_to_224/all/GAO20200714t172448p0000-H/pos_05_x226_y227/plume.tif,226,227,226,227,legacy_center_anchor,,32.209546,-103.88555,32.209546,-103.88555,2020-07-14T17:24:48+00,2020-07-14T17:28:59.024000Z,2020-07-09T17:29:01.024000Z,2020-07-04T17:28:59.024000Z,2020-06-29T17:29:01.024000Z,,,/mnt/engg-niulab/yuyao/final_crop/s2_6time_legacy_center_zero_mask_32_to_224/all/GAO20200714t172448p0000-H/pos_05_x226_y227/s2_0.tif,/mnt/engg-niulab/yuyao/final_crop/s2_6time_legacy_center_zero_mask_32_to_224/all/GAO20200714t172448p0000-H/pos_05_x226_y227/s2_prev1.tif,/mnt/engg-niulab/yuyao/final_crop/s2_6time_legacy_center_zero_mask_32_to_224/all/GAO20200714t172448p0000-H/pos_05_x226_y227/s2_prev2.tif,/mnt/engg-niulab/yuyao/final_crop/s2_6time_legacy_center_zero_mask_32_to_224/all/GAO20200714t172448p0000-H/pos_05_x226_y227/s2_prev3.tif,/mnt/engg-niulab/yuyao/final_crop/s2_6time_legacy_center_zero_mask_32_to_224/all/GAO20200714t172448p0000-H/pos_05_x226_y227/s2_seasonal.tif,/mnt/engg-niulab/yuyao/final_crop/s2_6time_legacy_center_zero_mask_32_to_224/all/GAO20200714t172448p0000-H/pos_05_x226_y227/s2_year.tif,/mnt/engg-niulab/yuyao/final_crop/s2_6time_legacy_center_zero_mask_32_to_224/all/GAO20200714t172448p0000-H/pos_05_x226_y227/s2_0.tif,/mnt/engg-niulab/yuyao/final_crop/s2_6time_legacy_center_zero_mask_32_to_224/all/GAO20200714t172448p0000-H/pos_05_x226_y227/s2_0.tif,/mnt/engg-niulab/yuyao/final_crop/s2_6time_legacy_center_zero_mask_32_to_224/all/GAO20200714t172448p0000-H/pos_05_x226_y227/s2_prev1.tif,/mnt/engg-niulab/yuyao/final_crop/s2_6time_legacy_center_zero_mask_32_to_224/all/GAO20200714t172448p0000-H/pos_05_x226_y227/s2_seasonal.tif,/mnt/engg-niulab/yuyao/final_crop/s2_6time_legacy_center_zero_mask_32_to_224/all/GAO20200714t172448p0000-H/pos_05_x226_y227/s2_year.tif
GAO20200714t172448p0000-H,dropped_missing_required_time_or_path,1,/mnt/engg-niulab/yuyao/final_crop/s2_6time_legacy_center_zero_mask_32/all/GAO20200714t172448p0000-H/pos_06_x229_y238,/mnt/engg-niulab/yuyao/final_crop/s2_6time_legacy_center_zero_mask_32/all/GAO20200714t172448p0000-H/pos_06_x229_y238,/mnt/engg-niulab/yuyao/final_crop/s2_6time_legacy_center_zero_mask_32_to_224/all/GAO20200714t172448p0000-H/pos_06_x229_y238/plume.tif,/mnt/engg-niulab/yuyao/final_crop/s2_6time_legacy_center_zero_mask_32_to_224/all/GAO20200714t172448p0000-H/pos_06_x229_y238/plume.tif,/mnt/engg-niulab/yuyao/final_crop/s2_6time_legacy_center_zero_mask_32_to_224/all/GAO20200714t172448p0000-H/pos_06_x229_y238/plume.tif,229,238,229,238,legacy_center_anchor,,32.209546,-103.88555,32.209546,-103.88555,2020-07-14T17:24:48+00,2020-07-14T17:28:59.024000Z,2020-07-09T17:29:01.024000Z,2020-07-04T17:28:59.024000Z,2020-06-29T17:29:01.024000Z,,,/mnt/engg-niulab/yuyao/final_crop/s2_6time_legacy_center_zero_mask_32_to_224/all/GAO20200714t172448p0000-H/pos_06_x229_y238/s2_0.tif,/mnt/engg-niulab/yuyao/final_crop/s2_6time_legacy_center_zero_mask_32_to_224/all/GAO20200714t172448p0000-H/pos_06_x229_y238/s2_prev1.tif,/mnt/engg-niulab/yuyao/final_crop/s2_6time_legacy_center_zero_mask_32_to_224/all/GAO20200714t172448p0000-H/pos_06_x229_y238/s2_prev2.tif,/mnt/engg-niulab/yuyao/final_crop/s2_6time_legacy_center_zero_mask_32_to_224/all/GAO20200714t172448p0000-H/pos_06_x229_y238/s2_prev3.tif,/mnt/engg-niulab/yuyao/final_crop/s2_6time_legacy_center_zero_mask_32_to_224/all/GAO20200714t172448p0000-H/pos_06_x229_y238/s2_seasonal.tif,/mnt/engg-niulab/yuyao/final_crop/s2_6time_legacy_center_zero_mask_32_to_224/all/GAO20200714t172448p0000-H/pos_06_x229_y238/s2_year.tif,/mnt/engg-niulab/yuyao/final_crop/s2_6time_legacy_center_zero_mask_32_to_224/all/GAO20200714t172448p0000-H/pos_06_x229_y238/s2_0.tif,/mnt/engg-niulab/yuyao/final_crop/s2_6time_legacy_center_zero_mask_32_to_224/all/GAO20200714t172448p0000-H/pos_06_x229_y238/s2_0.tif,/mnt/engg-niulab/yuyao/final_crop/s2_6time_legacy_center_zero_mask_32_to_224/all/GAO20200714t172448p0000-H/pos_06_x229_y238/s2_prev1.tif,/mnt/engg-niulab/yuyao/final_crop/s2_6time_legacy_center_zero_mask_32_to_224/all/GAO20200714t172448p0000-H/pos_06_x229_y238/s2_seasonal.tif,/mnt/engg-niulab/yuyao/final_crop/s2_6time_legacy_center_zero_mask_32_to_224/all/GAO20200714t172448p0000-H/pos_06_x229_y238/s2_year.tif
GAO20200714t172448p0000-H,dropped_missing_required_time_or_path,1,/mnt/engg-niulab/yuyao/final_crop/s2_6time_legacy_center_zero_mask_32/all/GAO20200714t172448p0000-H/pos_07_x255_y250,/mnt/engg-niulab/yuyao/final_crop/s2_6time_legacy_center_zero_mask_32/all/GAO20200714t172448p0000-H/pos_07_x255_y250,/mnt/engg-niulab/yuyao/final_crop/s2_6time_legacy_center_zero_mask_32_to_224/all/GAO20200714t172448p0000-H/pos_07_x255_y250/plume.tif,/mnt/engg-niulab/yuyao/final_crop/s2_6time_legacy_center_zero_mask_32_to_224/all/GAO20200714t172448p0000-H/pos_07_x255_y250/plume.tif,/mnt/engg-niulab/yuyao/final_crop/s2_6time_legacy_center_zero_mask_32_to_224/all/GAO20200714t172448p0000-H/pos_07_x255_y250/plume.tif,255,250,255,250,legacy_center_anchor,,32.209546,-103.88555,32.209546,-103.88555,2020-07-14T17:24:48+00,2020-07-14T17:28:59.024000Z,2020-07-09T17:29:01.024000Z,2020-07-04T17:28:59.024000Z,2020-06-29T17:29:01.024000Z,,,/mnt/engg-niulab/yuyao/final_crop/s2_6time_legacy_center_zero_mask_32_to_224/all/GAO20200714t172448p0000-H/pos_07_x255_y250/s2_0.tif,/mnt/engg-niulab/yuyao/final_crop/s2_6time_legacy_center_zero_mask_32_to_224/all/GAO20200714t172448p0000-H/pos_07_x255_y250/s2_prev1.tif,/mnt/engg-niulab/yuyao/final_crop/s2_6time_legacy_center_zero_mask_32_to_224/all/GAO20200714t172448p0000-H/pos_07_x255_y250/s2_prev2.tif,/mnt/engg-niulab/yuyao/final_crop/s2_6time_legacy_center_zero_mask_32_to_224/all/GAO20200714t172448p0000-H/pos_07_x255_y250/s2_prev3.tif,/mnt/engg-niulab/yuyao/final_crop/s2_6time_legacy_center_zero_mask_32_to_224/all/GAO20200714t172448p0000-H/pos_07_x255_y250/s2_seasonal.tif,/mnt/engg-niulab/yuyao/final_crop/s2_6time_legacy_center_zero_mask_32_to_224/all/GAO20200714t172448p0000-H/pos_07_x255_y250/s2_year.tif,/mnt/engg-niulab/yuyao/final_crop/s2_6time_legacy_center_zero_mask_32_to_224/all/GAO20200714t172448p0000-H/pos_07_x255_y250/s2_0.tif,/mnt/engg-niulab/yuyao/final_crop/s2_6time_legacy_center_zero_mask_32_to_224/all/GAO20200714t172448p0000-H/pos_07_x255_y250/s2_0.tif,/mnt/engg-niulab/yuyao/final_crop/s2_6time_legacy_center_zero_mask_32_to_224/all/GAO20200714t172448p0000-H/pos_07_x255_y250/s2_prev1.tif,/mnt/engg-niulab/yuyao/final_crop/s2_6time_legacy_center_zero_mask_32_to_224/all/GAO20200714t172448p0000-H/pos_07_x255_y250/s2_seasonal.tif,/mnt/engg-niulab/yuyao/final_crop/s2_6time_legacy_center_zero_mask_32_to_224/all/GAO20200714t172448p0000-H/pos_07_x255_y250/s2_year.tif
GAO20200714t172448p0000-H,dropped_missing_required_time_or_path,1,/mnt/engg-niulab/yuyao/final_crop/s2_6time_legacy_center_zero_mask_32/all/GAO20200714t172448p0000-H/pos_08_x233_y249,/mnt/engg-niulab/yuyao/final_crop/s2_6time_legacy_center_zero_mask_32/all/GAO20200714t172448p0000-H/pos_08_x233_y249,/mnt/engg-niulab/yuyao/final_crop/s2_6time_legacy_center_zero_mask_32_to_224/all/GAO20200714t172448p0000-H/pos_08_x233_y249/plume.tif,/mnt/engg-niulab/yuyao/final_crop/s2_6time_legacy_center_zero_mask_32_to_224/all/GAO20200714t172448p0000-H/pos_08_x233_y249/plume.tif,/mnt/engg-niulab/yuyao/final_crop/s2_6time_legacy_center_zero_mask_32_to_224/all/GAO20200714t172448p0000-H/pos_08_x233_y249/plume.tif,233,249,233,249,legacy_center_anchor,,32.209546,-103.88555,32.209546,-103.88555,2020-07-14T17:24:48+00,2020-07-14T17:28:59.024000Z,2020-07-09T17:29:01.024000Z,2020-07-04T17:28:59.024000Z,2020-06-29T17:29:01.024000Z,,,/mnt/engg-niulab/yuyao/final_crop/s2_6time_legacy_center_zero_mask_32_to_224/all/GAO20200714t172448p0000-H/pos_08_x233_y249/s2_0.tif,/mnt/engg-niulab/yuyao/final_crop/s2_6time_legacy_center_zero_mask_32_to_224/all/GAO20200714t172448p0000-H/pos_08_x233_y249/s2_prev1.tif,/mnt/engg-niulab/yuyao/final_crop/s2_6time_legacy_center_zero_mask_32_to_224/all/GAO20200714t172448p0000-H/pos_08_x233_y249/s2_prev2.tif,/mnt/engg-niulab/yuyao/final_crop/s2_6time_legacy_center_zero_mask_32_to_224/all/GAO20200714t172448p0000-H/pos_08_x233_y249/s2_prev3.tif,/mnt/engg-niulab/yuyao/final_crop/s2_6time_legacy_center_zero_mask_32_to_224/all/GAO20200714t172448p0000-H/pos_08_x233_y249/s2_seasonal.tif,/mnt/engg-niulab/yuyao/final_crop/s2_6time_legacy_center_zero_mask_32_to_224/all/GAO20200714t172448p0000-H/pos_08_x233_y249/s2_year.tif,/mnt/engg-niulab/yuyao/final_crop/s2_6time_legacy_center_zero_mask_32_to_224/all/GAO20200714t172448p0000-H/pos_08_x233_y249/s2_0.tif,/mnt/engg-niulab/yuyao/final_crop/s2_6time_legacy_center_zero_mask_32_to_224/all/GAO20200714t172448p0000-H/pos_08_x233_y249/s2_0.tif,/mnt/engg-niulab/yuyao/final_crop/s2_6time_legacy_center_zero_mask_32_to_224/all/GAO20200714t172448p0000-H/pos_08_x233_y249/s2_prev1.tif,/mnt/engg-niulab/yuyao/final_crop/s2_6time_legacy_center_zero_mask_32_to_224/all/GAO20200714t172448p0000-H/pos_08_x233_y249/s2_seasonal.tif,/mnt/engg-niulab/yuyao/final_crop/s2_6time_legacy_center_zero_mask_32_to_224/all/GAO20200714t172448p0000-H/pos_08_x233_y249/s2_year.tif
GAO20200714t172448p0000-H,dropped_missing_required_time_or_path,1,/mnt/engg-niulab/yuyao/final_crop/s2_6time_legacy_center_zero_mask_32/all/GAO20200714t172448p0000-H/pos_09_x252_y247,/mnt/engg-niulab/yuyao/final_crop/s2_6time_legacy_center_zero_mask_32/all/GAO20200714t172448p0000-H/pos_09_x252_y247,/mnt/engg-niulab/yuyao/final_crop/s2_6time_legacy_center_zero_mask_32_to_224/all/GAO20200714t172448p0000-H/pos_09_x252_y247/plume.tif,/mnt/engg-niulab/yuyao/final_crop/s2_6time_legacy_center_zero_mask_32_to_224/all/GAO20200714t172448p0000-H/pos_09_x252_y247/plume.tif,/mnt/engg-niulab/yuyao/final_crop/s2_6time_legacy_center_zero_mask_32_to_224/all/GAO20200714t172448p0000-H/pos_09_x252_y247/plume.tif,252,247,252,247,legacy_center_anchor,,32.209546,-103.88555,32.209546,-103.88555,2020-07-14T17:24:48+00,2020-07-14T17:28:59.024000Z,2020-07-09T17:29:01.024000Z,2020-07-04T17:28:59.024000Z,2020-06-29T17:29:01.024000Z,,,/mnt/engg-niulab/yuyao/final_crop/s2_6time_legacy_center_zero_mask_32_to_224/all/GAO20200714t172448p0000-H/pos_09_x252_y247/s2_0.tif,/mnt/engg-niulab/yuyao/final_crop/s2_6time_legacy_center_zero_mask_32_to_224/all/GAO20200714t172448p0000-H/pos_09_x252_y247/s2_prev1.tif,/mnt/engg-niulab/yuyao/final_crop/s2_6time_legacy_center_zero_mask_32_to_224/all/GAO20200714t172448p0000-H/pos_09_x252_y247/s2_prev2.tif,/mnt/engg-niulab/yuyao/final_crop/s2_6time_legacy_center_zero_mask_32_to_224/all/GAO20200714t172448p0000-H/pos_09_x252_y247/s2_prev3.tif,/mnt/engg-niulab/yuyao/final_crop/s2_6time_legacy_center_zero_mask_32_to_224/all/GAO20200714t172448p0000-H/pos_09_x252_y247/s2_seasonal.tif,/mnt/engg-niulab/yuyao/final_crop/s2_6time_legacy_center_zero_mask_32_to_224/all/GAO20200714t172448p0000-H/pos_09_x252_y247/s2_year.tif,/mnt/engg-niulab/yuyao/final_crop/s2_6time_legacy_center_zero_mask_32_to_224/all/GAO20200714t172448p0000-H/pos_09_x252_y247/s2_0.tif,/mnt/engg-niulab/yuyao/final_crop/s2_6time_legacy_center_zero_mask_32_to_224/all/GAO20200714t172448p0000-H/pos_09_x252_y247/s2_0.tif,/mnt/engg-niulab/yuyao/final_crop/s2_6time_legacy_center_zero_mask_32_to_224/all/GAO20200714t172448p0000-H/pos_09_x252_y247/s2_prev1.tif,/mnt/engg-niulab/yuyao/final_crop/s2_6time_legacy_center_zero_mask_32_to_224/all/GAO20200714t172448p0000-H/pos_09_x252_y247/s2_seasonal.tif,/mnt/engg-niulab/yuyao/final_crop/s2_6time_legacy_center_zero_mask_32_to_224/all/GAO20200714t172448p0000-H/pos_09_x252_y247/s2_year.tif
GAO20200714t172448p0000-H,dropped_missing_required_time_or_path,1,/mnt/engg-niulab/yuyao/final_crop/s2_6time_legacy_center_zero_mask_32/all/GAO20200714t172448p0000-H/pos_10_x229_y250,/mnt/engg-niulab/yuyao/final_crop/s2_6time_legacy_center_zero_mask_32/all/GAO20200714t172448p0000-H/pos_10_x229_y250,/mnt/engg-niulab/yuyao/final_crop/s2_6time_legacy_center_zero_mask_32_to_224/all/GAO20200714t172448p0000-H/pos_10_x229_y250/plume.tif,/mnt/engg-niulab/yuyao/final_crop/s2_6time_legacy_center_zero_mask_32_to_224/all/GAO20200714t172448p0000-H/pos_10_x229_y250/plume.tif,/mnt/engg-niulab/yuyao/final_crop/s2_6time_legacy_center_zero_mask_32_to_224/all/GAO20200714t172448p0000-H/pos_10_x229_y250/plume.tif,229,250,229,250,legacy_center_anchor,,32.209546,-103.88555,32.209546,-103.88555,2020-07-14T17:24:48+00,2020-07-14T17:28:59.024000Z,2020-07-09T17:29:01.024000Z,2020-07-04T17:28:59.024000Z,2020-06-29T17:29:01.024000Z,,,/mnt/engg-niulab/yuyao/final_crop/s2_6time_legacy_center_zero_mask_32_to_224/all/GAO20200714t172448p0000-H/pos_10_x229_y250/s2_0.tif,/mnt/engg-niulab/yuyao/final_crop/s2_6time_legacy_center_zero_mask_32_to_224/all/GAO20200714t172448p0000-H/pos_10_x229_y250/s2_prev1.tif,/mnt/engg-niulab/yuyao/final_crop/s2_6time_legacy_center_zero_mask_32_to_224/all/GAO20200714t172448p0000-H/pos_10_x229_y250/s2_prev2.tif,/mnt/engg-niulab/yuyao/final_crop/s2_6time_legacy_center_zero_mask_32_to_224/all/GAO20200714t172448p0000-H/pos_10_x229_y250/s2_prev3.tif,/mnt/engg-niulab/yuyao/final_crop/s2_6time_legacy_center_zero_mask_32_to_224/all/GAO20200714t172448p0000-H/pos_10_x229_y250/s2_seasonal.tif,/mnt/engg-niulab/yuyao/final_crop/s2_6time_legacy_center_zero_mask_32_to_224/all/GAO20200714t172448p0000-H/pos_10_x229_y250/s2_year.tif,/mnt/engg-niulab/yuyao/final_crop/s2_6time_legacy_center_zero_mask_32_to_224/all/GAO20200714t172448p0000-H/pos_10_x229_y250/s2_0.tif,/mnt/engg-niulab/yuyao/final_crop/s2_6time_legacy_center_zero_mask_32_to_224/all/GAO20200714t172448p0000-H/pos_10_x229_y250/s2_0.tif,/mnt/engg-niulab/yuyao/final_crop/s2_6time_legacy_center_zero_mask_32_to_224/all/GAO20200714t172448p0000-H/pos_10_x229_y250/s2_prev1.tif,/mnt/engg-niulab/yuyao/final_crop/s2_6time_legacy_center_zero_mask_32_to_224/all/GAO20200714t172448p0000-H/pos_10_x229_y250/s2_seasonal.tif,/mnt/engg-niulab/yuyao/final_crop/s2_6time_legacy_center_zero_mask_32_to_224/all/GAO20200714t172448p0000-H/pos_10_x229_y250/s2_year.tif
GAO20200714t172448p0000-H,dropped_missing_required_time_or_path,1,/mnt/engg-niulab/yuyao/final_crop/s2_6time_legacy_center_zero_mask_32/all/GAO20200714t172448p0000-H/pos_11_x229_y239,/mnt/engg-niulab/yuyao/final_crop/s2_6time_legacy_center_zero_mask_32/all/GAO20200714t172448p0000-H/pos_11_x229_y239,/mnt/engg-niulab/yuyao/final_crop/s2_6time_legacy_center_zero_mask_32_to_224/all/GAO20200714t172448p0000-H/pos_11_x229_y239/plume.tif,/mnt/engg-niulab/yuyao/final_crop/s2_6time_legacy_center_zero_mask_32_to_224/all/GAO20200714t172448p0000-H/pos_11_x229_y239/plume.tif,/mnt/engg-niulab/yuyao/final_crop/s2_6time_legacy_center_zero_mask_32_to_224/all/GAO20200714t172448p0000-H/pos_11_x229_y239/plume.tif,229,239,229,239,legacy_center_anchor,,32.209546,-103.88555,32.209546,-103.88555,2020-07-14T17:24:48+00,2020-07-14T17:28:59.024000Z,2020-07-09T17:29:01.024000Z,2020-07-04T17:28:59.024000Z,2020-06-29T17:29:01.024000Z,,,/mnt/engg-niulab/yuyao/final_crop/s2_6time_legacy_center_zero_mask_32_to_224/all/GAO20200714t172448p0000-H/pos_11_x229_y239/s2_0.tif,/mnt/engg-niulab/yuyao/final_crop/s2_6time_legacy_center_zero_mask_32_to_224/all/GAO20200714t172448p0000-H/pos_11_x229_y239/s2_prev1.tif,/mnt/engg-niulab/yuyao/final_crop/s2_6time_legacy_center_zero_mask_32_to_224/all/GAO20200714t172448p0000-H/pos_11_x229_y239/s2_prev2.tif,/mnt/engg-niulab/yuyao/final_crop/s2_6time_legacy_center_zero_mask_32_to_224/all/GAO20200714t172448p0000-H/pos_11_x229_y239/s2_prev3.tif,/mnt/engg-niulab/yuyao/final_crop/s2_6time_legacy_center_zero_mask_32_to_224/all/GAO20200714t172448p0000-H/pos_11_x229_y239/s2_seasonal.tif,/mnt/engg-niulab/yuyao/final_crop/s2_6time_legacy_center_zero_mask_32_to_224/all/GAO20200714t172448p0000-H/pos_11_x229_y239/s2_year.tif,/mnt/engg-niulab/yuyao/final_crop/s2_6time_legacy_center_zero_mask_32_to_224/all/GAO20200714t172448p0000-H/pos_11_x229_y239/s2_0.tif,/mnt/engg-niulab/yuyao/final_crop/s2_6time_legacy_center_zero_mask_32_to_224/all/GAO20200714t172448p0000-H/pos_11_x229_y239/s2_0.tif,/mnt/engg-niulab/yuyao/final_crop/s2_6time_legacy_center_zero_mask_32_to_224/all/GAO20200714t172448p0000-H/pos_11_x229_y239/s2_prev1.tif,/mnt/engg-niulab/yuyao/final_crop/s2_6time_legacy_center_zero_mask_32_to_224/all/GAO20200714t172448p0000-H/pos_11_x229_y239/s2_seasonal.tif,/mnt/engg-niulab/yuyao/final_crop/s2_6time_legacy_center_zero_mask_32_to_224/all/GAO20200714t172448p0000-H/pos_11_x229_y239/s2_year.tif
GAO20200714t172448p0000-H,dropped_missing_required_time_or_path,1,/mnt/engg-niulab/yuyao/final_crop/s2_6time_legacy_center_zero_mask_32/all/GAO20200714t172448p0000-H/pos_12_x250_y237,/mnt/engg-niulab/yuyao/final_crop/s2_6time_legacy_center_zero_mask_32/all/GAO20200714t172448p0000-H/pos_12_x250_y237,/mnt/engg-niulab/yuyao/final_crop/s2_6time_legacy_center_zero_mask_32_to_224/all/GAO20200714t172448p0000-H/pos_12_x250_y237/plume.tif,/mnt/engg-niulab/yuyao/final_crop/s2_6time_legacy_center_zero_mask_32_to_224/all/GAO20200714t172448p0000-H/pos_12_x250_y237/plume.tif,/mnt/engg-niulab/yuyao/final_crop/s2_6time_legacy_center_zero_mask_32_to_224/all/GAO20200714t172448p0000-H/pos_12_x250_y237/plume.tif,250,237,250,237,legacy_center_anchor,,32.209546,-103.88555,32.209546,-103.88555,2020-07-14T17:24:48+00,2020-07-14T17:28:59.024000Z,2020-07-09T17:29:01.024000Z,2020-07-04T17:28:59.024000Z,2020-06-29T17:29:01.024000Z,,,/mnt/engg-niulab/yuyao/final_crop/s2_6time_legacy_center_zero_mask_32_to_224/all/GAO20200714t172448p0000-H/pos_12_x250_y237/s2_0.tif,/mnt/engg-niulab/yuyao/final_crop/s2_6time_legacy_center_zero_mask_32_to_224/all/GAO20200714t172448p0000-H/pos_12_x250_y237/s2_prev1.tif,/mnt/engg-niulab/yuyao/final_crop/s2_6time_legacy_center_zero_mask_32_to_224/all/GAO20200714t172448p0000-H/pos_12_x250_y237/s2_prev2.tif,/mnt/engg-niulab/yuyao/final_crop/s2_6time_legacy_center_zero_mask_32_to_224/all/GAO20200714t172448p0000-H/pos_12_x250_y237/s2_prev3.tif,/mnt/engg-niulab/yuyao/final_crop/s2_6time_legacy_center_zero_mask_32_to_224/all/GAO20200714t172448p0000-H/pos_12_x250_y237/s2_seasonal.tif,/mnt/engg-niulab/yuyao/final_crop/s2_6time_legacy_center_zero_mask_32_to_224/all/GAO20200714t172448p0000-H/pos_12_x250_y237/s2_year.tif,/mnt/engg-niulab/yuyao/final_crop/s2_6time_legacy_center_zero_mask_32_to_224/all/GAO20200714t172448p0000-H/pos_12_x250_y237/s2_0.tif,/mnt/engg-niulab/yuyao/final_crop/s2_6time_legacy_center_zero_mask_32_to_224/all/GAO20200714t172448p0000-H/pos_12_x250_y237/s2_0.tif,/mnt/engg-niulab/yuyao/final_crop/s2_6time_legacy_center_zero_mask_32_to_224/all/GAO20200714t172448p0000-H/pos_12_x250_y237/s2_prev1.tif,/mnt/engg-niulab/yuyao/final_crop/s2_6time_legacy_center_zero_mask_32_to_224/all/GAO20200714t172448p0000-H/pos_12_x250_y237/s2_seasonal.tif,/mnt/engg-niulab/yuyao/final_crop/s2_6time_legacy_center_zero_mask_32_to_224/all/GAO20200714t172448p0000-H/pos_12_x250_y237/s2_year.tif
GAO20200714t172448p0000-H,dropped_missing_required_time_or_path,1,/mnt/engg-niulab/yuyao/final_crop/s2_6time_legacy_center_zero_mask_32/all/GAO20200714t172448p0000-H/pos_13_x242_y230,/mnt/engg-niulab/yuyao/final_crop/s2_6time_legacy_center_zero_mask_32/all/GAO20200714t172448p0000-H/pos_13_x242_y230,/mnt/engg-niulab/yuyao/final_crop/s2_6time_legacy_center_zero_mask_32_to_224/all/GAO20200714t172448p0000-H/pos_13_x242_y230/plume.tif,/mnt/engg-niulab/yuyao/final_crop/s2_6time_legacy_center_zero_mask_32_to_224/all/GAO20200714t172448p0000-H/pos_13_x242_y230/plume.tif,/mnt/engg-niulab/yuyao/final_crop/s2_6time_legacy_center_zero_mask_32_to_224/all/GAO20200714t172448p0000-H/pos_13_x242_y230/plume.tif,242,230,242,230,legacy_center_anchor,,32.209546,-103.88555,32.209546,-103.88555,2020-07-14T17:24:48+00,2020-07-14T17:28:59.024000Z,2020-07-09T17:29:01.024000Z,2020-07-04T17:28:59.024000Z,2020-06-29T17:29:01.024000Z,,,/mnt/engg-niulab/yuyao/final_crop/s2_6time_legacy_center_zero_mask_32_to_224/all/GAO20200714t172448p0000-H/pos_13_x242_y230/s2_0.tif,/mnt/engg-niulab/yuyao/final_crop/s2_6time_legacy_center_zero_mask_32_to_224/all/GAO20200714t172448p0000-H/pos_13_x242_y230/s2_prev1.tif,/mnt/engg-niulab/yuyao/final_crop/s2_6time_legacy_center_zero_mask_32_to_224/all/GAO20200714t172448p0000-H/pos_13_x242_y230/s2_prev2.tif,/mnt/engg-niulab/yuyao/final_crop/s2_6time_legacy_center_zero_mask_32_to_224/all/GAO20200714t172448p0000-H/pos_13_x242_y230/s2_prev3.tif,/mnt/engg-niulab/yuyao/final_crop/s2_6time_legacy_center_zero_mask_32_to_224/all/GAO20200714t172448p0000-H/pos_13_x242_y230/s2_seasonal.tif,/mnt/engg-niulab/yuyao/final_crop/s2_6time_legacy_center_zero_mask_32_to_224/all/GAO20200714t172448p0000-H/pos_13_x242_y230/s2_year.tif,/mnt/engg-niulab/yuyao/final_crop/s2_6time_legacy_center_zero_mask_32_to_224/all/GAO20200714t172448p0000-H/pos_13_x242_y230/s2_0.tif,/mnt/engg-niulab/yuyao/final_crop/s2_6time_legacy_center_zero_mask_32_to_224/all/GAO20200714t172448p0000-H/pos_13_x242_y230/s2_0.tif,/mnt/engg-niulab/yuyao/final_crop/s2_6time_legacy_center_zero_mask_32_to_224/all/GAO20200714t172448p0000-H/pos_13_x242_y230/s2_prev1.tif,/mnt/engg-niulab/yuyao/final_crop/s2_6time_legacy_center_zero_mask_32_to_224/all/GAO20200714t172448p0000-H/pos_13_x242_y230/s2_seasonal.tif,/mnt/engg-niulab/yuyao/final_crop/s2_6time_legacy_center_zero_mask_32_to_224/all/GAO20200714t172448p0000-H/pos_13_x242_y230/s2_year.tif
GAO20200714t172448p0000-H,dropped_missing_required_time_or_path,1,/mnt/engg-niulab/yuyao/final_crop/s2_6time_legacy_center_zero_mask_32/all/GAO20200714t172448p0000-H/pos_14_x225_y253,/mnt/engg-niulab/yuyao/final_crop/s2_6time_legacy_center_zero_mask_32/all/GAO20200714t172448p0000-H/pos_14_x225_y253,/mnt/engg-niulab/yuyao/final_crop/s2_6time_legacy_center_zero_mask_32_to_224/all/GAO20200714t172448p0000-H/pos_14_x225_y253/plume.tif,/mnt/engg-niulab/yuyao/final_crop/s2_6time_legacy_center_zero_mask_32_to_224/all/GAO20200714t172448p0000-H/pos_14_x225_y253/plume.tif,/mnt/engg-niulab/yuyao/final_crop/s2_6time_legacy_center_zero_mask_32_to_224/all/GAO20200714t172448p0000-H/pos_14_x225_y253/plume.tif,225,253,225,253,legacy_center_anchor,,32.209546,-103.88555,32.209546,-103.88555,2020-07-14T17:24:48+00,2020-07-14T17:28:59.024000Z,2020-07-09T17:29:01.024000Z,2020-07-04T17:28:59.024000Z,2020-06-29T17:29:01.024000Z,,,/mnt/engg-niulab/yuyao/final_crop/s2_6time_legacy_center_zero_mask_32_to_224/all/GAO20200714t172448p0000-H/pos_14_x225_y253/s2_0.tif,/mnt/engg-niulab/yuyao/final_crop/s2_6time_legacy_center_zero_mask_32_to_224/all/GAO20200714t172448p0000-H/pos_14_x225_y253/s2_prev1.tif,/mnt/engg-niulab/yuyao/final_crop/s2_6time_legacy_center_zero_mask_32_to_224/all/GAO20200714t172448p0000-H/pos_14_x225_y253/s2_prev2.tif,/mnt/engg-niulab/yuyao/final_crop/s2_6time_legacy_center_zero_mask_32_to_224/all/GAO20200714t172448p0000-H/pos_14_x225_y253/s2_prev3.tif,/mnt/engg-niulab/yuyao/final_crop/s2_6time_legacy_center_zero_mask_32_to_224/all/GAO20200714t172448p0000-H/pos_14_x225_y253/s2_seasonal.tif,/mnt/engg-niulab/yuyao/final_crop/s2_6time_legacy_center_zero_mask_32_to_224/all/GAO20200714t172448p0000-H/pos_14_x225_y253/s2_year.tif,/mnt/engg-niulab/yuyao/final_crop/s2_6time_legacy_center_zero_mask_32_to_224/all/GAO20200714t172448p0000-H/pos_14_x225_y253/s2_0.tif,/mnt/engg-niulab/yuyao/final_crop/s2_6time_legacy_center_zero_mask_32_to_224/all/GAO20200714t172448p0000-H/pos_14_x225_y253/s2_0.tif,/mnt/engg-niulab/yuyao/final_crop/s2_6time_legacy_center_zero_mask_32_to_224/all/GAO20200714t172448p0000-H/pos_14_x225_y253/s2_prev1.tif,/mnt/engg-niulab/yuyao/final_crop/s2_6time_legacy_center_zero_mask_32_to_224/all/GAO20200714t172448p0000-H/pos_14_x225_y253/s2_seasonal.tif,/mnt/engg-niulab/yuyao/final_crop/s2_6time_legacy_center_zero_mask_32_to_224/all/GAO20200714t172448p0000-H/pos_14_x225_y253/s2_year.tif
GAO20200714t172448p0000-H,dropped_missing_required_time_or_path,1,/mnt/engg-niulab/yuyao/final_crop/s2_6time_legacy_center_zero_mask_32/all/GAO20200714t172448p0000-H/pos_15_x232_y242,/mnt/engg-niulab/yuyao/final_crop/s2_6time_legacy_center_zero_mask_32/all/GAO20200714t172448p0000-H/pos_15_x232_y242,/mnt/engg-niulab/yuyao/final_crop/s2_6time_legacy_center_zero_mask_32_to_224/all/GAO20200714t172448p0000-H/pos_15_x232_y242/plume.tif,/mnt/engg-niulab/yuyao/final_crop/s2_6time_legacy_center_zero_mask_32_to_224/all/GAO20200714t172448p0000-H/pos_15_x232_y242/plume.tif,/mnt/engg-niulab/yuyao/final_crop/s2_6time_legacy_center_zero_mask_32_to_224/all/GAO20200714t172448p0000-H/pos_15_x232_y242/plume.tif,232,242,232,242,legacy_center_anchor,,32.209546,-103.88555,32.209546,-103.88555,2020-07-14T17:24:48+00,2020-07-14T17:28:59.024000Z,2020-07-09T17:29:01.024000Z,2020-07-04T17:28:59.024000Z,2020-06-29T17:29:01.024000Z,,,/mnt/engg-niulab/yuyao/final_crop/s2_6time_legacy_center_zero_mask_32_to_224/all/GAO20200714t172448p0000-H/pos_15_x232_y242/s2_0.tif,/mnt/engg-niulab/yuyao/final_crop/s2_6time_legacy_center_zero_mask_32_to_224/all/GAO20200714t172448p0000-H/pos_15_x232_y242/s2_prev1.tif,/mnt/engg-niulab/yuyao/final_crop/s2_6time_legacy_center_zero_mask_32_to_224/all/GAO20200714t172448p0000-H/pos_15_x232_y242/s2_prev2.tif,/mnt/engg-niulab/yuyao/final_crop/s2_6time_legacy_center_zero_mask_32_to_224/all/GAO20200714t172448p0000-H/pos_15_x232_y242/s2_prev3.tif,/mnt/engg-niulab/yuyao/final_crop/s2_6time_legacy_center_zero_mask_32_to_224/all/GAO20200714t172448p0000-H/pos_15_x232_y242/s2_seasonal.tif,/mnt/engg-niulab/yuyao/final_crop/s2_6time_legacy_center_zero_mask_32_to_224/all/GAO20200714t172448p0000-H/pos_15_x232_y242/s2_year.tif,/mnt/engg-niulab/yuyao/final_crop/s2_6time_legacy_center_zero_mask_32_to_224/all/GAO20200714t172448p0000-H/pos_15_x232_y242/s2_0.tif,/mnt/engg-niulab/yuyao/final_crop/s2_6time_legacy_center_zero_mask_32_to_224/all/GAO20200714t172448p0000-H/pos_15_x232_y242/s2_0.tif,/mnt/engg-niulab/yuyao/final_crop/s2_6time_legacy_center_zero_mask_32_to_224/all/GAO20200714t172448p0000-H/pos_15_x232_y242/s2_prev1.tif,/mnt/engg-niulab/yuyao/final_crop/s2_6time_legacy_center_zero_mask_32_to_224/all/GAO20200714t172448p0000-H/pos_15_x232_y242/s2_seasonal.tif,/mnt/engg-niulab/yuyao/final_crop/s2_6time_legacy_center_zero_mask_32_to_224/all/GAO20200714t172448p0000-H/pos_15_x232_y242/s2_year.tif
GAO20200714t172448p0000-H,dropped_missing_required_time_or_path,0,/mnt/engg-niulab/yuyao/final_crop/s2_6time_legacy_center_zero_mask_32/all/GAO20200714t172448p0000-H/neg_00_x348_y320,/mnt/engg-niulab/yuyao/final_crop/s2_6time_legacy_center_zero_mask_32/all/GAO20200714t172448p0000-H/neg_00_x348_y320,/mnt/engg-niulab/yuyao/final_crop/s2_6time_legacy_center_zero_mask_32_to_224/all/GAO20200714t172448p0000-H/neg_00_x348_y320/plume.tif,/mnt/engg-niulab/yuyao/final_crop/s2_6time_legacy_center_zero_mask_32_to_224/all/GAO20200714t172448p0000-H/neg_00_x348_y320/plume.tif,/mnt/engg-niulab/yuyao/final_crop/s2_6time_legacy_center_zero_mask_32_to_224/all/GAO20200714t172448p0000-H/neg_00_x348_y320/plume.tif,348,320,348,320,legacy_center_anchor,,32.209546,-103.88555,32.209546,-103.88555,2020-07-14T17:24:48+00,2020-07-14T17:28:59.024000Z,2020-07-09T17:29:01.024000Z,2020-07-04T17:28:59.024000Z,2020-06-29T17:29:01.024000Z,,,/mnt/engg-niulab/yuyao/final_crop/s2_6time_legacy_center_zero_mask_32_to_224/all/GAO20200714t172448p0000-H/neg_00_x348_y320/s2_0.tif,/mnt/engg-niulab/yuyao/final_crop/s2_6time_legacy_center_zero_mask_32_to_224/all/GAO20200714t172448p0000-H/neg_00_x348_y320/s2_prev1.tif,/mnt/engg-niulab/yuyao/final_crop/s2_6time_legacy_center_zero_mask_32_to_224/all/GAO20200714t172448p0000-H/neg_00_x348_y320/s2_prev2.tif,/mnt/engg-niulab/yuyao/final_crop/s2_6time_legacy_center_zero_mask_32_to_224/all/GAO20200714t172448p0000-H/neg_00_x348_y320/s2_prev3.tif,/mnt/engg-niulab/yuyao/final_crop/s2_6time_legacy_center_zero_mask_32_to_224/all/GAO20200714t172448p0000-H/neg_00_x348_y320/s2_seasonal.tif,/mnt/engg-niulab/yuyao/final_crop/s2_6time_legacy_center_zero_mask_32_to_224/all/GAO20200714t172448p0000-H/neg_00_x348_y320/s2_year.tif,/mnt/engg-niulab/yuyao/final_crop/s2_6time_legacy_center_zero_mask_32_to_224/all/GAO20200714t172448p0000-H/neg_00_x348_y320/s2_0.tif,/mnt/engg-niulab/yuyao/final_crop/s2_6time_legacy_center_zero_mask_32_to_224/all/GAO20200714t172448p0000-H/neg_00_x348_y320/s2_0.tif,/mnt/engg-niulab/yuyao/final_crop/s2_6time_legacy_center_zero_mask_32_to_224/all/GAO20200714t172448p0000-H/neg_00_x348_y320/s2_prev1.tif,/mnt/engg-niulab/yuyao/final_crop/s2_6time_legacy_center_zero_mask_32_to_224/all/GAO20200714t172448p0000-H/neg_00_x348_y320/s2_seasonal.tif,/mnt/engg-niulab/yuyao/final_crop/s2_6time_legacy_center_zero_mask_32_to_224/all/GAO20200714t172448p0000-H/neg_00_x348_y320/s2_year.tif
GAO20200714t172448p0000-H,dropped_missing_required_time_or_path,0,/mnt/engg-niulab/yuyao/final_crop/s2_6time_legacy_center_zero_mask_32/all/GAO20200714t172448p0000-H/neg_01_x224_y401,/mnt/engg-niulab/yuyao/final_crop/s2_6time_legacy_center_zero_mask_32/all/GAO20200714t172448p0000-H/neg_01_x224_y401,/mnt/engg-niulab/yuyao/final_crop/s2_6time_legacy_center_zero_mask_32_to_224/all/GAO20200714t172448p0000-H/neg_01_x224_y401/plume.tif,/mnt/engg-niulab/yuyao/final_crop/s2_6time_legacy_center_zero_mask_32_to_224/all/GAO20200714t172448p0000-H/neg_01_x224_y401/plume.tif,/mnt/engg-niulab/yuyao/final_crop/s2_6time_legacy_center_zero_mask_32_to_224/all/GAO20200714t172448p0000-H/neg_01_x224_y401/plume.tif,224,401,224,401,legacy_center_anchor,,32.209546,-103.88555,32.209546,-103.88555,2020-07-14T17:24:48+00,2020-07-14T17:28:59.024000Z,2020-07-09T17:29:01.024000Z,2020-07-04T17:28:59.024000Z,2020-06-29T17:29:01.024000Z,,,/mnt/engg-niulab/yuyao/final_crop/s2_6time_legacy_center_zero_mask_32_to_224/all/GAO20200714t172448p0000-H/neg_01_x224_y401/s2_0.tif,/mnt/engg-niulab/yuyao/final_crop/s2_6time_legacy_center_zero_mask_32_to_224/all/GAO20200714t172448p0000-H/neg_01_x224_y401/s2_prev1.tif,/mnt/engg-niulab/yuyao/final_crop/s2_6time_legacy_center_zero_mask_32_to_224/all/GAO20200714t172448p0000-H/neg_01_x224_y401/s2_prev2.tif,/mnt/engg-niulab/yuyao/final_crop/s2_6time_legacy_center_zero_mask_32_to_224/all/GAO20200714t172448p0000-H/neg_01_x224_y401/s2_prev3.tif,/mnt/engg-niulab/yuyao/final_crop/s2_6time_legacy_center_zero_mask_32_to_224/all/GAO20200714t172448p0000-H/neg_01_x224_y401/s2_seasonal.tif,/mnt/engg-niulab/yuyao/final_crop/s2_6time_legacy_center_zero_mask_32_to_224/all/GAO20200714t172448p0000-H/neg_01_x224_y401/s2_year.tif,/mnt/engg-niulab/yuyao/final_crop/s2_6time_legacy_center_zero_mask_32_to_224/all/GAO20200714t172448p0000-H/neg_01_x224_y401/s2_0.tif,/mnt/engg-niulab/yuyao/final_crop/s2_6time_legacy_center_zero_mask_32_to_224/all/GAO20200714t172448p0000-H/neg_01_x224_y401/s2_0.tif,/mnt/engg-niulab/yuyao/final_crop/s2_6time_legacy_center_zero_mask_32_to_224/all/GAO20200714t172448p0000-H/neg_01_x224_y401/s2_prev1.tif,/mnt/engg-niulab/yuyao/final_crop/s2_6time_legacy_center_zero_mask_32_to_224/all/GAO20200714t172448p0000-H/neg_01_x224_y401/s2_seasonal.tif,/mnt/engg-niulab/yuyao/final_crop/s2_6time_legacy_center_zero_mask_32_to_224/all/GAO20200714t172448p0000-H/neg_01_x224_y401/s2_year.tif
GAO20200714t172448p0000-H,dropped_missing_required_time_or_path,0,/mnt/engg-niulab/yuyao/final_crop/s2_6time_legacy_center_zero_mask_32/all/GAO20200714t172448p0000-H/neg_02_x60_y57,/mnt/engg-niulab/yuyao/final_crop/s2_6time_legacy_center_zero_mask_32/all/GAO20200714t172448p0000-H/neg_02_x60_y57,/mnt/engg-niulab/yuyao/final_crop/s2_6time_legacy_center_zero_mask_32_to_224/all/GAO20200714t172448p0000-H/neg_02_x60_y57/plume.tif,/mnt/engg-niulab/yuyao/final_crop/s2_6time_legacy_center_zero_mask_32_to_224/all/GAO20200714t172448p0000-H/neg_02_x60_y57/plume.tif,/mnt/engg-niulab/yuyao/final_crop/s2_6time_legacy_center_zero_mask_32_to_224/all/GAO20200714t172448p0000-H/neg_02_x60_y57/plume.tif,60,57,60,57,legacy_center_anchor,,32.209546,-103.88555,32.209546,-103.88555,2020-07-14T17:24:48+00,2020-07-14T17:28:59.024000Z,2020-07-09T17:29:01.024000Z,2020-07-04T17:28:59.024000Z,2020-06-29T17:29:01.024000Z,,,/mnt/engg-niulab/yuyao/final_crop/s2_6time_legacy_center_zero_mask_32_to_224/all/GAO20200714t172448p0000-H/neg_02_x60_y57/s2_0.tif,/mnt/engg-niulab/yuyao/final_crop/s2_6time_legacy_center_zero_mask_32_to_224/all/GAO20200714t172448p0000-H/neg_02_x60_y57/s2_prev1.tif,/mnt/engg-niulab/yuyao/final_crop/s2_6time_legacy_center_zero_mask_32_to_224/all/GAO20200714t172448p0000-H/neg_02_x60_y57/s2_prev2.tif,/mnt/engg-niulab/yuyao/final_crop/s2_6time_legacy_center_zero_mask_32_to_224/all/GAO20200714t172448p0000-H/neg_02_x60_y57/s2_prev3.tif,/mnt/engg-niulab/yuyao/final_crop/s2_6time_legacy_center_zero_mask_32_to_224/all/GAO20200714t172448p0000-H/neg_02_x60_y57/s2_seasonal.tif,/mnt/engg-niulab/yuyao/final_crop/s2_6time_legacy_center_zero_mask_32_to_224/all/GAO20200714t172448p0000-H/neg_02_x60_y57/s2_year.tif,/mnt/engg-niulab/yuyao/final_crop/s2_6time_legacy_center_zero_mask_32_to_224/all/GAO20200714t172448p0000-H/neg_02_x60_y57/s2_0.tif,/mnt/engg-niulab/yuyao/final_crop/s2_6time_legacy_center_zero_mask_32_to_224/all/GAO20200714t172448p0000-H/neg_02_x60_y57/s2_0.tif,/mnt/engg-niulab/yuyao/final_crop/s2_6time_legacy_center_zero_mask_32_to_224/all/GAO20200714t172448p0000-H/neg_02_x60_y57/s2_prev1.tif,/mnt/engg-niulab/yuyao/final_crop/s2_6time_legacy_center_zero_mask_32_to_224/all/GAO20200714t172448p0000-H/neg_02_x60_y57/s2_seasonal.tif,/mnt/engg-niulab/yuyao/final_crop/s2_6time_legacy_center_zero_mask_32_to_224/all/GAO20200714t172448p0000-H/neg_02_x60_y57/s2_year.tif
GAO20200714t172448p0000-H,dropped_missing_required_time_or_path,0,/mnt/engg-niulab/yuyao/final_crop/s2_6time_legacy_center_zero_mask_32/all/GAO20200714t172448p0000-H/neg_03_x88_y380,/mnt/engg-niulab/yuyao/final_crop/s2_6time_legacy_center_zero_mask_32/all/GAO20200714t172448p0000-H/neg_03_x88_y380,/mnt/engg-niulab/yuyao/final_crop/s2_6time_legacy_center_zero_mask_32_to_224/all/GAO20200714t172448p0000-H/neg_03_x88_y380/plume.tif,/mnt/engg-niulab/yuyao/final_crop/s2_6time_legacy_center_zero_mask_32_to_224/all/GAO20200714t172448p0000-H/neg_03_x88_y380/plume.tif,/mnt/engg-niulab/yuyao/final_crop/s2_6time_legacy_center_zero_mask_32_to_224/all/GAO20200714t172448p0000-H/neg_03_x88_y380/plume.tif,88,380,88,380,legacy_center_anchor,,32.209546,-103.88555,32.209546,-103.88555,2020-07-14T17:24:48+00,2020-07-14T17:28:59.024000Z,2020-07-09T17:29:01.024000Z,2020-07-04T17:28:59.024000Z,2020-06-29T17:29:01.024000Z,,,/mnt/engg-niulab/yuyao/final_crop/s2_6time_legacy_center_zero_mask_32_to_224/all/GAO20200714t172448p0000-H/neg_03_x88_y380/s2_0.tif,/mnt/engg-niulab/yuyao/final_crop/s2_6time_legacy_center_zero_mask_32_to_224/all/GAO20200714t172448p0000-H/neg_03_x88_y380/s2_prev1.tif,/mnt/engg-niulab/yuyao/final_crop/s2_6time_legacy_center_zero_mask_32_to_224/all/GAO20200714t172448p0000-H/neg_03_x88_y380/s2_prev2.tif,/mnt/engg-niulab/yuyao/final_crop/s2_6time_legacy_center_zero_mask_32_to_224/all/GAO20200714t172448p0000-H/neg_03_x88_y380/s2_prev3.tif,/mnt/engg-niulab/yuyao/final_crop/s2_6time_legacy_center_zero_mask_32_to_224/all/GAO20200714t172448p0000-H/neg_03_x88_y380/s2_seasonal.tif,/mnt/engg-niulab/yuyao/final_crop/s2_6time_legacy_center_zero_mask_32_to_224/all/GAO20200714t172448p0000-H/neg_03_x88_y380/s2_year.tif,/mnt/engg-niulab/yuyao/final_crop/s2_6time_legacy_center_zero_mask_32_to_224/all/GAO20200714t172448p0000-H/neg_03_x88_y380/s2_0.tif,/mnt/engg-niulab/yuyao/final_crop/s2_6time_legacy_center_zero_mask_32_to_224/all/GAO20200714t172448p0000-H/neg_03_x88_y380/s2_0.tif,/mnt/engg-niulab/yuyao/final_crop/s2_6time_legacy_center_zero_mask_32_to_224/all/GAO20200714t172448p0000-H/neg_03_x88_y380/s2_prev1.tif,/mnt/engg-niulab/yuyao/final_crop/s2_6time_legacy_center_zero_mask_32_to_224/all/GAO20200714t172448p0000-H/neg_03_x88_y380/s2_seasonal.tif,/mnt/engg-niulab/yuyao/final_crop/s2_6time_legacy_center_zero_mask_32_to_224/all/GAO20200714t172448p0000-H/neg_03_x88_y380/s2_year.tif
GAO20200714t172448p0000-H,dropped_missing_required_time_or_path,0,/mnt/engg-niulab/yuyao/final_crop/s2_6time_legacy_center_zero_mask_32/all/GAO20200714t172448p0000-H/neg_04_x25_y413,/mnt/engg-niulab/yuyao/final_crop/s2_6time_legacy_center_zero_mask_32/all/GAO20200714t172448p0000-H/neg_04_x25_y413,/mnt/engg-niulab/yuyao/final_crop/s2_6time_legacy_center_zero_mask_32_to_224/all/GAO20200714t172448p0000-H/neg_04_x25_y413/plume.tif,/mnt/engg-niulab/yuyao/final_crop/s2_6time_legacy_center_zero_mask_32_to_224/all/GAO20200714t172448p0000-H/neg_04_x25_y413/plume.tif,/mnt/engg-niulab/yuyao/final_crop/s2_6time_legacy_center_zero_mask_32_to_224/all/GAO20200714t172448p0000-H/neg_04_x25_y413/plume.tif,25,413,25,413,legacy_center_anchor,,32.209546,-103.88555,32.209546,-103.88555,2020-07-14T17:24:48+00,2020-07-14T17:28:59.024000Z,2020-07-09T17:29:01.024000Z,2020-07-04T17:28:59.024000Z,2020-06-29T17:29:01.024000Z,,,/mnt/engg-niulab/yuyao/final_crop/s2_6time_legacy_center_zero_mask_32_to_224/all/GAO20200714t172448p0000-H/neg_04_x25_y413/s2_0.tif,/mnt/engg-niulab/yuyao/final_crop/s2_6time_legacy_center_zero_mask_32_to_224/all/GAO20200714t172448p0000-H/neg_04_x25_y413/s2_prev1.tif,/mnt/engg-niulab/yuyao/final_crop/s2_6time_legacy_center_zero_mask_32_to_224/all/GAO20200714t172448p0000-H/neg_04_x25_y413/s2_prev2.tif,/mnt/engg-niulab/yuyao/final_crop/s2_6time_legacy_center_zero_mask_32_to_224/all/GAO20200714t172448p0000-H/neg_04_x25_y413/s2_prev3.tif,/mnt/engg-niulab/yuyao/final_crop/s2_6time_legacy_center_zero_mask_32_to_224/all/GAO20200714t172448p0000-H/neg_04_x25_y413/s2_seasonal.tif,/mnt/engg-niulab/yuyao/final_crop/s2_6time_legacy_center_zero_mask_32_to_224/all/GAO20200714t172448p0000-H/neg_04_x25_y413/s2_year.tif,/mnt/engg-niulab/yuyao/final_crop/s2_6time_legacy_center_zero_mask_32_to_224/all/GAO20200714t172448p0000-H/neg_04_x25_y413/s2_0.tif,/mnt/engg-niulab/yuyao/final_crop/s2_6time_legacy_center_zero_mask_32_to_224/all/GAO20200714t172448p0000-H/neg_04_x25_y413/s2_0.tif,/mnt/engg-niulab/yuyao/final_crop/s2_6time_legacy_center_zero_mask_32_to_224/all/GAO20200714t172448p0000-H/neg_04_x25_y413/s2_prev1.tif,/mnt/engg-niulab/yuyao/final_crop/s2_6time_legacy_center_zero_mask_32_to_224/all/GAO20200714t172448p0000-H/neg_04_x25_y413/s2_seasonal.tif,/mnt/engg-niulab/yuyao/final_crop/s2_6time_legacy_center_zero_mask_32_to_224/all/GAO20200714t172448p0000-H/neg_04_x25_y413/s2_year.tif
GAO20200714t172448p0000-H,dropped_missing_required_time_or_path,0,/mnt/engg-niulab/yuyao/final_crop/s2_6time_legacy_center_zero_mask_32/all/GAO20200714t172448p0000-H/neg_05_x206_y86,/mnt/engg-niulab/yuyao/final_crop/s2_6time_legacy_center_zero_mask_32/all/GAO20200714t172448p0000-H/neg_05_x206_y86,/mnt/engg-niulab/yuyao/final_crop/s2_6time_legacy_center_zero_mask_32_to_224/all/GAO20200714t172448p0000-H/neg_05_x206_y86/plume.tif,/mnt/engg-niulab/yuyao/final_crop/s2_6time_legacy_center_zero_mask_32_to_224/all/GAO20200714t172448p0000-H/neg_05_x206_y86/plume.tif,/mnt/engg-niulab/yuyao/final_crop/s2_6time_legacy_center_zero_mask_32_to_224/all/GAO20200714t172448p0000-H/neg_05_x206_y86/plume.tif,206,86,206,86,legacy_center_anchor,,32.209546,-103.88555,32.209546,-103.88555,2020-07-14T17:24:48+00,2020-07-14T17:28:59.024000Z,2020-07-09T17:29:01.024000Z,2020-07-04T17:28:59.024000Z,2020-06-29T17:29:01.024000Z,,,/mnt/engg-niulab/yuyao/final_crop/s2_6time_legacy_center_zero_mask_32_to_224/all/GAO20200714t172448p0000-H/neg_05_x206_y86/s2_0.tif,/mnt/engg-niulab/yuyao/final_crop/s2_6time_legacy_center_zero_mask_32_to_224/all/GAO20200714t172448p0000-H/neg_05_x206_y86/s2_prev1.tif,/mnt/engg-niulab/yuyao/final_crop/s2_6time_legacy_center_zero_mask_32_to_224/all/GAO20200714t172448p0000-H/neg_05_x206_y86/s2_prev2.tif,/mnt/engg-niulab/yuyao/final_crop/s2_6time_legacy_center_zero_mask_32_to_224/all/GAO20200714t172448p0000-H/neg_05_x206_y86/s2_prev3.tif,/mnt/engg-niulab/yuyao/final_crop/s2_6time_legacy_center_zero_mask_32_to_224/all/GAO20200714t172448p0000-H/neg_05_x206_y86/s2_seasonal.tif,/mnt/engg-niulab/yuyao/final_crop/s2_6time_legacy_center_zero_mask_32_to_224/all/GAO20200714t172448p0000-H/neg_05_x206_y86/s2_year.tif,/mnt/engg-niulab/yuyao/final_crop/s2_6time_legacy_center_zero_mask_32_to_224/all/GAO20200714t172448p0000-H/neg_05_x206_y86/s2_0.tif,/mnt/engg-niulab/yuyao/final_crop/s2_6time_legacy_center_zero_mask_32_to_224/all/GAO20200714t172448p0000-H/neg_05_x206_y86/s2_0.tif,/mnt/engg-niulab/yuyao/final_crop/s2_6time_legacy_center_zero_mask_32_to_224/all/GAO20200714t172448p0000-H/neg_05_x206_y86/s2_prev1.tif,/mnt/engg-niulab/yuyao/final_crop/s2_6time_legacy_center_zero_mask_32_to_224/all/GAO20200714t172448p0000-H/neg_05_x206_y86/s2_seasonal.tif,/mnt/engg-niulab/yuyao/final_crop/s2_6time_legacy_center_zero_mask_32_to_224/all/GAO20200714t172448p0000-H/neg_05_x206_y86/s2_year.tif
GAO20200714t172448p0000-H,dropped_missing_required_time_or_path,0,/mnt/engg-niulab/yuyao/final_crop/s2_6time_legacy_center_zero_mask_32/all/GAO20200714t172448p0000-H/neg_06_x317_y110,/mnt/engg-niulab/yuyao/final_crop/s2_6time_legacy_center_zero_mask_32/all/GAO20200714t172448p0000-H/neg_06_x317_y110,/mnt/engg-niulab/yuyao/final_crop/s2_6time_legacy_center_zero_mask_32_to_224/all/GAO20200714t172448p0000-H/neg_06_x317_y110/plume.tif,/mnt/engg-niulab/yuyao/final_crop/s2_6time_legacy_center_zero_mask_32_to_224/all/GAO20200714t172448p0000-H/neg_06_x317_y110/plume.tif,/mnt/engg-niulab/yuyao/final_crop/s2_6time_legacy_center_zero_mask_32_to_224/all/GAO20200714t172448p0000-H/neg_06_x317_y110/plume.tif,317,110,317,110,legacy_center_anchor,,32.209546,-103.88555,32.209546,-103.88555,2020-07-14T17:24:48+00,2020-07-14T17:28:59.024000Z,2020-07-09T17:29:01.024000Z,2020-07-04T17:28:59.024000Z,2020-06-29T17:29:01.024000Z,,,/mnt/engg-niulab/yuyao/final_crop/s2_6time_legacy_center_zero_mask_32_to_224/all/GAO20200714t172448p0000-H/neg_06_x317_y110/s2_0.tif,/mnt/engg-niulab/yuyao/final_crop/s2_6time_legacy_center_zero_mask_32_to_224/all/GAO20200714t172448p0000-H/neg_06_x317_y110/s2_prev1.tif,/mnt/engg-niulab/yuyao/final_crop/s2_6time_legacy_center_zero_mask_32_to_224/all/GAO20200714t172448p0000-H/neg_06_x317_y110/s2_prev2.tif,/mnt/engg-niulab/yuyao/final_crop/s2_6time_legacy_center_zero_mask_32_to_224/all/GAO20200714t172448p0000-H/neg_06_x317_y110/s2_prev3.tif,/mnt/engg-niulab/yuyao/final_crop/s2_6time_legacy_center_zero_mask_32_to_224/all/GAO20200714t172448p0000-H/neg_06_x317_y110/s2_seasonal.tif,/mnt/engg-niulab/yuyao/final_crop/s2_6time_legacy_center_zero_mask_32_to_224/all/GAO20200714t172448p0000-H/neg_06_x317_y110/s2_year.tif,/mnt/engg-niulab/yuyao/final_crop/s2_6time_legacy_center_zero_mask_32_to_224/all/GAO20200714t172448p0000-H/neg_06_x317_y110/s2_0.tif,/mnt/engg-niulab/yuyao/final_crop/s2_6time_legacy_center_zero_mask_32_to_224/all/GAO20200714t172448p0000-H/neg_06_x317_y110/s2_0.tif,/mnt/engg-niulab/yuyao/final_crop/s2_6time_legacy_center_zero_mask_32_to_224/all/GAO20200714t172448p0000-H/neg_06_x317_y110/s2_prev1.tif,/mnt/engg-niulab/yuyao/final_crop/s2_6time_legacy_center_zero_mask_32_to_224/all/GAO20200714t172448p0000-H/neg_06_x317_y110/s2_seasonal.tif,/mnt/engg-niulab/yuyao/final_crop/s2_6time_legacy_center_zero_mask_32_to_224/all/GAO20200714t172448p0000-H/neg_06_x317_y110/s2_year.tif
GAO20200714t172448p0000-H,dropped_missing_required_time_or_path,0,/mnt/engg-niulab/yuyao/final_crop/s2_6time_legacy_center_zero_mask_32/all/GAO20200714t172448p0000-H/neg_07_x207_y95,/mnt/engg-niulab/yuyao/final_crop/s2_6time_legacy_center_zero_mask_32/all/GAO20200714t172448p0000-H/neg_07_x207_y95,/mnt/engg-niulab/yuyao/final_crop/s2_6time_legacy_center_zero_mask_32_to_224/all/GAO20200714t172448p0000-H/neg_07_x207_y95/plume.tif,/mnt/engg-niulab/yuyao/final_crop/s2_6time_legacy_center_zero_mask_32_to_224/all/GAO20200714t172448p0000-H/neg_07_x207_y95/plume.tif,/mnt/engg-niulab/yuyao/final_crop/s2_6time_legacy_center_zero_mask_32_to_224/all/GAO20200714t172448p0000-H/neg_07_x207_y95/plume.tif,207,95,207,95,legacy_center_anchor,,32.209546,-103.88555,32.209546,-103.88555,2020-07-14T17:24:48+00,2020-07-14T17:28:59.024000Z,2020-07-09T17:29:01.024000Z,2020-07-04T17:28:59.024000Z,2020-06-29T17:29:01.024000Z,,,/mnt/engg-niulab/yuyao/final_crop/s2_6time_legacy_center_zero_mask_32_to_224/all/GAO20200714t172448p0000-H/neg_07_x207_y95/s2_0.tif,/mnt/engg-niulab/yuyao/final_crop/s2_6time_legacy_center_zero_mask_32_to_224/all/GAO20200714t172448p0000-H/neg_07_x207_y95/s2_prev1.tif,/mnt/engg-niulab/yuyao/final_crop/s2_6time_legacy_center_zero_mask_32_to_224/all/GAO20200714t172448p0000-H/neg_07_x207_y95/s2_prev2.tif,/mnt/engg-niulab/yuyao/final_crop/s2_6time_legacy_center_zero_mask_32_to_224/all/GAO20200714t172448p0000-H/neg_07_x207_y95/s2_prev3.tif,/mnt/engg-niulab/yuyao/final_crop/s2_6time_legacy_center_zero_mask_32_to_224/all/GAO20200714t172448p0000-H/neg_07_x207_y95/s2_seasonal.tif,/mnt/engg-niulab/yuyao/final_crop/s2_6time_legacy_center_zero_mask_32_to_224/all/GAO20200714t172448p0000-H/neg_07_x207_y95/s2_year.tif,/mnt/engg-niulab/yuyao/final_crop/s2_6time_legacy_center_zero_mask_32_to_224/all/GAO20200714t172448p0000-H/neg_07_x207_y95/s2_0.tif,/mnt/engg-niulab/yuyao/final_crop/s2_6time_legacy_center_zero_mask_32_to_224/all/GAO20200714t172448p0000-H/neg_07_x207_y95/s2_0.tif,/mnt/engg-niulab/yuyao/final_crop/s2_6time_legacy_center_zero_mask_32_to_224/all/GAO20200714t172448p0000-H/neg_07_x207_y95/s2_prev1.tif,/mnt/engg-niulab/yuyao/final_crop/s2_6time_legacy_center_zero_mask_32_to_224/all/GAO20200714t172448p0000-H/neg_07_x207_y95/s2_seasonal.tif,/mnt/engg-niulab/yuyao/final_crop/s2_6time_legacy_center_zero_mask_32_to_224/all/GAO20200714t172448p0000-H/neg_07_x207_y95/s2_year.tif
GAO20200714t172448p0000-H,dropped_missing_required_time_or_path,0,/mnt/engg-niulab/yuyao/final_crop/s2_6time_legacy_center_zero_mask_32/all/GAO20200714t172448p0000-H/neg_08_x174_y310,/mnt/engg-niulab/yuyao/final_crop/s2_6time_legacy_center_zero_mask_32/all/GAO20200714t172448p0000-H/neg_08_x174_y310,/mnt/engg-niulab/yuyao/final_crop/s2_6time_legacy_center_zero_mask_32_to_224/all/GAO20200714t172448p0000-H/neg_08_x174_y310/plume.tif,/mnt/engg-niulab/yuyao/final_crop/s2_6time_legacy_center_zero_mask_32_to_224/all/GAO20200714t172448p0000-H/neg_08_x174_y310/plume.tif,/mnt/engg-niulab/yuyao/final_crop/s2_6time_legacy_center_zero_mask_32_to_224/all/GAO20200714t172448p0000-H/neg_08_x174_y310/plume.tif,174,310,174,310,legacy_center_anchor,,32.209546,-103.88555,32.209546,-103.88555,2020-07-14T17:24:48+00,2020-07-14T17:28:59.024000Z,2020-07-09T17:29:01.024000Z,2020-07-04T17:28:59.024000Z,2020-06-29T17:29:01.024000Z,,,/mnt/engg-niulab/yuyao/final_crop/s2_6time_legacy_center_zero_mask_32_to_224/all/GAO20200714t172448p0000-H/neg_08_x174_y310/s2_0.tif,/mnt/engg-niulab/yuyao/final_crop/s2_6time_legacy_center_zero_mask_32_to_224/all/GAO20200714t172448p0000-H/neg_08_x174_y310/s2_prev1.tif,/mnt/engg-niulab/yuyao/final_crop/s2_6time_legacy_center_zero_mask_32_to_224/all/GAO20200714t172448p0000-H/neg_08_x174_y310/s2_prev2.tif,/mnt/engg-niulab/yuyao/final_crop/s2_6time_legacy_center_zero_mask_32_to_224/all/GAO20200714t172448p0000-H/neg_08_x174_y310/s2_prev3.tif,/mnt/engg-niulab/yuyao/final_crop/s2_6time_legacy_center_zero_mask_32_to_224/all/GAO20200714t172448p0000-H/neg_08_x174_y310/s2_seasonal.tif,/mnt/engg-niulab/yuyao/final_crop/s2_6time_legacy_center_zero_mask_32_to_224/all/GAO20200714t172448p0000-H/neg_08_x174_y310/s2_year.tif,/mnt/engg-niulab/yuyao/final_crop/s2_6time_legacy_center_zero_mask_32_to_224/all/GAO20200714t172448p0000-H/neg_08_x174_y310/s2_0.tif,/mnt/engg-niulab/yuyao/final_crop/s2_6time_legacy_center_zero_mask_32_to_224/all/GAO20200714t172448p0000-H/neg_08_x174_y310/s2_0.tif,/mnt/engg-niulab/yuyao/final_crop/s2_6time_legacy_center_zero_mask_32_to_224/all/GAO20200714t172448p0000-H/neg_08_x174_y310/s2_prev1.tif,/mnt/engg-niulab/yuyao/final_crop/s2_6time_legacy_center_zero_mask_32_to_224/all/GAO20200714t172448p0000-H/neg_08_x174_y310/s2_seasonal.tif,/mnt/engg-niulab/yuyao/final_crop/s2_6time_legacy_center_zero_mask_32_to_224/all/GAO20200714t172448p0000-H/neg_08_x174_y310/s2_year.tif
GAO20200714t172448p0000-H,dropped_missing_required_time_or_path,0,/mnt/engg-niulab/yuyao/final_crop/s2_6time_legacy_center_zero_mask_32/all/GAO20200714t172448p0000-H/neg_09_x129_y69,/mnt/engg-niulab/yuyao/final_crop/s2_6time_legacy_center_zero_mask_32/all/GAO20200714t172448p0000-H/neg_09_x129_y69,/mnt/engg-niulab/yuyao/final_crop/s2_6time_legacy_center_zero_mask_32_to_224/all/GAO20200714t172448p0000-H/neg_09_x129_y69/plume.tif,/mnt/engg-niulab/yuyao/final_crop/s2_6time_legacy_center_zero_mask_32_to_224/all/GAO20200714t172448p0000-H/neg_09_x129_y69/plume.tif,/mnt/engg-niulab/yuyao/final_crop/s2_6time_legacy_center_zero_mask_32_to_224/all/GAO20200714t172448p0000-H/neg_09_x129_y69/plume.tif,129,69,129,69,legacy_center_anchor,,32.209546,-103.88555,32.209546,-103.88555,2020-07-14T17:24:48+00,2020-07-14T17:28:59.024000Z,2020-07-09T17:29:01.024000Z,2020-07-04T17:28:59.024000Z,2020-06-29T17:29:01.024000Z,,,/mnt/engg-niulab/yuyao/final_crop/s2_6time_legacy_center_zero_mask_32_to_224/all/GAO20200714t172448p0000-H/neg_09_x129_y69/s2_0.tif,/mnt/engg-niulab/yuyao/final_crop/s2_6time_legacy_center_zero_mask_32_to_224/all/GAO20200714t172448p0000-H/neg_09_x129_y69/s2_prev1.tif,/mnt/engg-niulab/yuyao/final_crop/s2_6time_legacy_center_zero_mask_32_to_224/all/GAO20200714t172448p0000-H/neg_09_x129_y69/s2_prev2.tif,/mnt/engg-niulab/yuyao/final_crop/s2_6time_legacy_center_zero_mask_32_to_224/all/GAO20200714t172448p0000-H/neg_09_x129_y69/s2_prev3.tif,/mnt/engg-niulab/yuyao/final_crop/s2_6time_legacy_center_zero_mask_32_to_224/all/GAO20200714t172448p0000-H/neg_09_x129_y69/s2_seasonal.tif,/mnt/engg-niulab/yuyao/final_crop/s2_6time_legacy_center_zero_mask_32_to_224/all/GAO20200714t172448p0000-H/neg_09_x129_y69/s2_year.tif,/mnt/engg-niulab/yuyao/final_crop/s2_6time_legacy_center_zero_mask_32_to_224/all/GAO20200714t172448p0000-H/neg_09_x129_y69/s2_0.tif,/mnt/engg-niulab/yuyao/final_crop/s2_6time_legacy_center_zero_mask_32_to_224/all/GAO20200714t172448p0000-H/neg_09_x129_y69/s2_0.tif,/mnt/engg-niulab/yuyao/final_crop/s2_6time_legacy_center_zero_mask_32_to_224/all/GAO20200714t172448p0000-H/neg_09_x129_y69/s2_prev1.tif,/mnt/engg-niulab/yuyao/final_crop/s2_6time_legacy_center_zero_mask_32_to_224/all/GAO20200714t172448p0000-H/neg_09_x129_y69/s2_seasonal.tif,/mnt/engg-niulab/yuyao/final_crop/s2_6time_legacy_center_zero_mask_32_to_224/all/GAO20200714t172448p0000-H/neg_09_x129_y69/s2_year.tif
GAO20200714t172448p0000-H,dropped_missing_required_time_or_path,0,/mnt/engg-niulab/yuyao/final_crop/s2_6time_legacy_center_zero_mask_32/all/GAO20200714t172448p0000-H/neg_10_x53_y389,/mnt/engg-niulab/yuyao/final_crop/s2_6time_legacy_center_zero_mask_32/all/GAO20200714t172448p0000-H/neg_10_x53_y389,/mnt/engg-niulab/yuyao/final_crop/s2_6time_legacy_center_zero_mask_32_to_224/all/GAO20200714t172448p0000-H/neg_10_x53_y389/plume.tif,/mnt/engg-niulab/yuyao/final_crop/s2_6time_legacy_center_zero_mask_32_to_224/all/GAO20200714t172448p0000-H/neg_10_x53_y389/plume.tif,/mnt/engg-niulab/yuyao/final_crop/s2_6time_legacy_center_zero_mask_32_to_224/all/GAO20200714t172448p0000-H/neg_10_x53_y389/plume.tif,53,389,53,389,legacy_center_anchor,,32.209546,-103.88555,32.209546,-103.88555,2020-07-14T17:24:48+00,2020-07-14T17:28:59.024000Z,2020-07-09T17:29:01.024000Z,2020-07-04T17:28:59.024000Z,2020-06-29T17:29:01.024000Z,,,/mnt/engg-niulab/yuyao/final_crop/s2_6time_legacy_center_zero_mask_32_to_224/all/GAO20200714t172448p0000-H/neg_10_x53_y389/s2_0.tif,/mnt/engg-niulab/yuyao/final_crop/s2_6time_legacy_center_zero_mask_32_to_224/all/GAO20200714t172448p0000-H/neg_10_x53_y389/s2_prev1.tif,/mnt/engg-niulab/yuyao/final_crop/s2_6time_legacy_center_zero_mask_32_to_224/all/GAO20200714t172448p0000-H/neg_10_x53_y389/s2_prev2.tif,/mnt/engg-niulab/yuyao/final_crop/s2_6time_legacy_center_zero_mask_32_to_224/all/GAO20200714t172448p0000-H/neg_10_x53_y389/s2_prev3.tif,/mnt/engg-niulab/yuyao/final_crop/s2_6time_legacy_center_zero_mask_32_to_224/all/GAO20200714t172448p0000-H/neg_10_x53_y389/s2_seasonal.tif,/mnt/engg-niulab/yuyao/final_crop/s2_6time_legacy_center_zero_mask_32_to_224/all/GAO20200714t172448p0000-H/neg_10_x53_y389/s2_year.tif,/mnt/engg-niulab/yuyao/final_crop/s2_6time_legacy_center_zero_mask_32_to_224/all/GAO20200714t172448p0000-H/neg_10_x53_y389/s2_0.tif,/mnt/engg-niulab/yuyao/final_crop/s2_6time_legacy_center_zero_mask_32_to_224/all/GAO20200714t172448p0000-H/neg_10_x53_y389/s2_0.tif,/mnt/engg-niulab/yuyao/final_crop/s2_6time_legacy_center_zero_mask_32_to_224/all/GAO20200714t172448p0000-H/neg_10_x53_y389/s2_prev1.tif,/mnt/engg-niulab/yuyao/final_crop/s2_6time_legacy_center_zero_mask_32_to_224/all/GAO20200714t172448p0000-H/neg_10_x53_y389/s2_seasonal.tif,/mnt/engg-niulab/yuyao/final_crop/s2_6time_legacy_center_zero_mask_32_to_224/all/GAO20200714t172448p0000-H/neg_10_x53_y389/s2_year.tif
GAO20200714t172448p0000-H,dropped_missing_required_time_or_path,0,/mnt/engg-niulab/yuyao/final_crop/s2_6time_legacy_center_zero_mask_32/all/GAO20200714t172448p0000-H/neg_11_x145_y400,/mnt/engg-niulab/yuyao/final_crop/s2_6time_legacy_center_zero_mask_32/all/GAO20200714t172448p0000-H/neg_11_x145_y400,/mnt/engg-niulab/yuyao/final_crop/s2_6time_legacy_center_zero_mask_32_to_224/all/GAO20200714t172448p0000-H/neg_11_x145_y400/plume.tif,/mnt/engg-niulab/yuyao/final_crop/s2_6time_legacy_center_zero_mask_32_to_224/all/GAO20200714t172448p0000-H/neg_11_x145_y400/plume.tif,/mnt/engg-niulab/yuyao/final_crop/s2_6time_legacy_center_zero_mask_32_to_224/all/GAO20200714t172448p0000-H/neg_11_x145_y400/plume.tif,145,400,145,400,legacy_center_anchor,,32.209546,-103.88555,32.209546,-103.88555,2020-07-14T17:24:48+00,2020-07-14T17:28:59.024000Z,2020-07-09T17:29:01.024000Z,2020-07-04T17:28:59.024000Z,2020-06-29T17:29:01.024000Z,,,/mnt/engg-niulab/yuyao/final_crop/s2_6time_legacy_center_zero_mask_32_to_224/all/GAO20200714t172448p0000-H/neg_11_x145_y400/s2_0.tif,/mnt/engg-niulab/yuyao/final_crop/s2_6time_legacy_center_zero_mask_32_to_224/all/GAO20200714t172448p0000-H/neg_11_x145_y400/s2_prev1.tif,/mnt/engg-niulab/yuyao/final_crop/s2_6time_legacy_center_zero_mask_32_to_224/all/GAO20200714t172448p0000-H/neg_11_x145_y400/s2_prev2.tif,/mnt/engg-niulab/yuyao/final_crop/s2_6time_legacy_center_zero_mask_32_to_224/all/GAO20200714t172448p0000-H/neg_11_x145_y400/s2_prev3.tif,/mnt/engg-niulab/yuyao/final_crop/s2_6time_legacy_center_zero_mask_32_to_224/all/GAO20200714t172448p0000-H/neg_11_x145_y400/s2_seasonal.tif,/mnt/engg-niulab/yuyao/final_crop/s2_6time_legacy_center_zero_mask_32_to_224/all/GAO20200714t172448p0000-H/neg_11_x145_y400/s2_year.tif,/mnt/engg-niulab/yuyao/final_crop/s2_6time_legacy_center_zero_mask_32_to_224/all/GAO20200714t172448p0000-H/neg_11_x145_y400/s2_0.tif,/mnt/engg-niulab/yuyao/final_crop/s2_6time_legacy_center_zero_mask_32_to_224/all/GAO20200714t172448p0000-H/neg_11_x145_y400/s2_0.tif,/mnt/engg-niulab/yuyao/final_crop/s2_6time_legacy_center_zero_mask_32_to_224/all/GAO20200714t172448p0000-H/neg_11_x145_y400/s2_prev1.tif,/mnt/engg-niulab/yuyao/final_crop/s2_6time_legacy_center_zero_mask_32_to_224/all/GAO20200714t172448p0000-H/neg_11_x145_y400/s2_seasonal.tif,/mnt/engg-niulab/yuyao/final_crop/s2_6time_legacy_center_zero_mask_32_to_224/all/GAO20200714t172448p0000-H/neg_11_x145_y400/s2_year.tif
GAO20200714t172448p0000-H,dropped_missing_required_time_or_path,0,/mnt/engg-niulab/yuyao/final_crop/s2_6time_legacy_center_zero_mask_32/all/GAO20200714t172448p0000-H/neg_12_x160_y157,/mnt/engg-niulab/yuyao/final_crop/s2_6time_legacy_center_zero_mask_32/all/GAO20200714t172448p0000-H/neg_12_x160_y157,/mnt/engg-niulab/yuyao/final_crop/s2_6time_legacy_center_zero_mask_32_to_224/all/GAO20200714t172448p0000-H/neg_12_x160_y157/plume.tif,/mnt/engg-niulab/yuyao/final_crop/s2_6time_legacy_center_zero_mask_32_to_224/all/GAO20200714t172448p0000-H/neg_12_x160_y157/plume.tif,/mnt/engg-niulab/yuyao/final_crop/s2_6time_legacy_center_zero_mask_32_to_224/all/GAO20200714t172448p0000-H/neg_12_x160_y157/plume.tif,160,157,160,157,legacy_center_anchor,,32.209546,-103.88555,32.209546,-103.88555,2020-07-14T17:24:48+00,2020-07-14T17:28:59.024000Z,2020-07-09T17:29:01.024000Z,2020-07-04T17:28:59.024000Z,2020-06-29T17:29:01.024000Z,,,/mnt/engg-niulab/yuyao/final_crop/s2_6time_legacy_center_zero_mask_32_to_224/all/GAO20200714t172448p0000-H/neg_12_x160_y157/s2_0.tif,/mnt/engg-niulab/yuyao/final_crop/s2_6time_legacy_center_zero_mask_32_to_224/all/GAO20200714t172448p0000-H/neg_12_x160_y157/s2_prev1.tif,/mnt/engg-niulab/yuyao/final_crop/s2_6time_legacy_center_zero_mask_32_to_224/all/GAO20200714t172448p0000-H/neg_12_x160_y157/s2_prev2.tif,/mnt/engg-niulab/yuyao/final_crop/s2_6time_legacy_center_zero_mask_32_to_224/all/GAO20200714t172448p0000-H/neg_12_x160_y157/s2_prev3.tif,/mnt/engg-niulab/yuyao/final_crop/s2_6time_legacy_center_zero_mask_32_to_224/all/GAO20200714t172448p0000-H/neg_12_x160_y157/s2_seasonal.tif,/mnt/engg-niulab/yuyao/final_crop/s2_6time_legacy_center_zero_mask_32_to_224/all/GAO20200714t172448p0000-H/neg_12_x160_y157/s2_year.tif,/mnt/engg-niulab/yuyao/final_crop/s2_6time_legacy_center_zero_mask_32_to_224/all/GAO20200714t172448p0000-H/neg_12_x160_y157/s2_0.tif,/mnt/engg-niulab/yuyao/final_crop/s2_6time_legacy_center_zero_mask_32_to_224/all/GAO20200714t172448p0000-H/neg_12_x160_y157/s2_0.tif,/mnt/engg-niulab/yuyao/final_crop/s2_6time_legacy_center_zero_mask_32_to_224/all/GAO20200714t172448p0000-H/neg_12_x160_y157/s2_prev1.tif,/mnt/engg-niulab/yuyao/final_crop/s2_6time_legacy_center_zero_mask_32_to_224/all/GAO20200714t172448p0000-H/neg_12_x160_y157/s2_seasonal.tif,/mnt/engg-niulab/yuyao/final_crop/s2_6time_legacy_center_zero_mask_32_to_224/all/GAO20200714t172448p0000-H/neg_12_x160_y157/s2_year.tif
GAO20200714t172448p0000-H,dropped_missing_required_time_or_path,0,/mnt/engg-niulab/yuyao/final_crop/s2_6time_legacy_center_zero_mask_32/all/GAO20200714t172448p0000-H/neg_13_x206_y203,/mnt/engg-niulab/yuyao/final_crop/s2_6time_legacy_center_zero_mask_32/all/GAO20200714t172448p0000-H/neg_13_x206_y203,/mnt/engg-niulab/yuyao/final_crop/s2_6time_legacy_center_zero_mask_32_to_224/all/GAO20200714t172448p0000-H/neg_13_x206_y203/plume.tif,/mnt/engg-niulab/yuyao/final_crop/s2_6time_legacy_center_zero_mask_32_to_224/all/GAO20200714t172448p0000-H/neg_13_x206_y203/plume.tif,/mnt/engg-niulab/yuyao/final_crop/s2_6time_legacy_center_zero_mask_32_to_224/all/GAO20200714t172448p0000-H/neg_13_x206_y203/plume.tif,206,203,206,203,legacy_center_anchor,,32.209546,-103.88555,32.209546,-103.88555,2020-07-14T17:24:48+00,2020-07-14T17:28:59.024000Z,2020-07-09T17:29:01.024000Z,2020-07-04T17:28:59.024000Z,2020-06-29T17:29:01.024000Z,,,/mnt/engg-niulab/yuyao/final_crop/s2_6time_legacy_center_zero_mask_32_to_224/all/GAO20200714t172448p0000-H/neg_13_x206_y203/s2_0.tif,/mnt/engg-niulab/yuyao/final_crop/s2_6time_legacy_center_zero_mask_32_to_224/all/GAO20200714t172448p0000-H/neg_13_x206_y203/s2_prev1.tif,/mnt/engg-niulab/yuyao/final_crop/s2_6time_legacy_center_zero_mask_32_to_224/all/GAO20200714t172448p0000-H/neg_13_x206_y203/s2_prev2.tif,/mnt/engg-niulab/yuyao/final_crop/s2_6time_legacy_center_zero_mask_32_to_224/all/GAO20200714t172448p0000-H/neg_13_x206_y203/s2_prev3.tif,/mnt/engg-niulab/yuyao/final_crop/s2_6time_legacy_center_zero_mask_32_to_224/all/GAO20200714t172448p0000-H/neg_13_x206_y203/s2_seasonal.tif,/mnt/engg-niulab/yuyao/final_crop/s2_6time_legacy_center_zero_mask_32_to_224/all/GAO20200714t172448p0000-H/neg_13_x206_y203/s2_year.tif,/mnt/engg-niulab/yuyao/final_crop/s2_6time_legacy_center_zero_mask_32_to_224/all/GAO20200714t172448p0000-H/neg_13_x206_y203/s2_0.tif,/mnt/engg-niulab/yuyao/final_crop/s2_6time_legacy_center_zero_mask_32_to_224/all/GAO20200714t172448p0000-H/neg_13_x206_y203/s2_0.tif,/mnt/engg-niulab/yuyao/final_crop/s2_6time_legacy_center_zero_mask_32_to_224/all/GAO20200714t172448p0000-H/neg_13_x206_y203/s2_prev1.tif,/mnt/engg-niulab/yuyao/final_crop/s2_6time_legacy_center_zero_mask_32_to_224/all/GAO20200714t172448p0000-H/neg_13_x206_y203/s2_seasonal.tif,/mnt/engg-niulab/yuyao/final_crop/s2_6time_legacy_center_zero_mask_32_to_224/all/GAO20200714t172448p0000-H/neg_13_x206_y203/s2_year.tif
GAO20200714t172448p0000-H,dropped_missing_required_time_or_path,0,/mnt/engg-niulab/yuyao/final_crop/s2_6time_legacy_center_zero_mask_32/all/GAO20200714t172448p0000-H/neg_14_x258_y244,/mnt/engg-niulab/yuyao/final_crop/s2_6time_legacy_center_zero_mask_32/all/GAO20200714t172448p0000-H/neg_14_x258_y244,/mnt/engg-niulab/yuyao/final_crop/s2_6time_legacy_center_zero_mask_32_to_224/all/GAO20200714t172448p0000-H/neg_14_x258_y244/plume.tif,/mnt/engg-niulab/yuyao/final_crop/s2_6time_legacy_center_zero_mask_32_to_224/all/GAO20200714t172448p0000-H/neg_14_x258_y244/plume.tif,/mnt/engg-niulab/yuyao/final_crop/s2_6time_legacy_center_zero_mask_32_to_224/all/GAO20200714t172448p0000-H/neg_14_x258_y244/plume.tif,258,244,258,244,legacy_center_anchor,,32.209546,-103.88555,32.209546,-103.88555,2020-07-14T17:24:48+00,2020-07-14T17:28:59.024000Z,2020-07-09T17:29:01.024000Z,2020-07-04T17:28:59.024000Z,2020-06-29T17:29:01.024000Z,,,/mnt/engg-niulab/yuyao/final_crop/s2_6time_legacy_center_zero_mask_32_to_224/all/GAO20200714t172448p0000-H/neg_14_x258_y244/s2_0.tif,/mnt/engg-niulab/yuyao/final_crop/s2_6time_legacy_center_zero_mask_32_to_224/all/GAO20200714t172448p0000-H/neg_14_x258_y244/s2_prev1.tif,/mnt/engg-niulab/yuyao/final_crop/s2_6time_legacy_center_zero_mask_32_to_224/all/GAO20200714t172448p0000-H/neg_14_x258_y244/s2_prev2.tif,/mnt/engg-niulab/yuyao/final_crop/s2_6time_legacy_center_zero_mask_32_to_224/all/GAO20200714t172448p0000-H/neg_14_x258_y244/s2_prev3.tif,/mnt/engg-niulab/yuyao/final_crop/s2_6time_legacy_center_zero_mask_32_to_224/all/GAO20200714t172448p0000-H/neg_14_x258_y244/s2_seasonal.tif,/mnt/engg-niulab/yuyao/final_crop/s2_6time_legacy_center_zero_mask_32_to_224/all/GAO20200714t172448p0000-H/neg_14_x258_y244/s2_year.tif,/mnt/engg-niulab/yuyao/final_crop/s2_6time_legacy_center_zero_mask_32_to_224/all/GAO20200714t172448p0000-H/neg_14_x258_y244/s2_0.tif,/mnt/engg-niulab/yuyao/final_crop/s2_6time_legacy_center_zero_mask_32_to_224/all/GAO20200714t172448p0000-H/neg_14_x258_y244/s2_0.tif,/mnt/engg-niulab/yuyao/final_crop/s2_6time_legacy_center_zero_mask_32_to_224/all/GAO20200714t172448p0000-H/neg_14_x258_y244/s2_prev1.tif,/mnt/engg-niulab/yuyao/final_crop/s2_6time_legacy_center_zero_mask_32_to_224/all/GAO20200714t172448p0000-H/neg_14_x258_y244/s2_seasonal.tif,/mnt/engg-niulab/yuyao/final_crop/s2_6time_legacy_center_zero_mask_32_to_224/all/GAO20200714t172448p0000-H/neg_14_x258_y244/s2_year.tif
GAO20200714t172448p0000-H,dropped_missing_required_time_or_path,0,/mnt/engg-niulab/yuyao/final_crop/s2_6time_legacy_center_zero_mask_32/all/GAO20200714t172448p0000-H/neg_15_x287_y187,/mnt/engg-niulab/yuyao/final_crop/s2_6time_legacy_center_zero_mask_32/all/GAO20200714t172448p0000-H/neg_15_x287_y187,/mnt/engg-niulab/yuyao/final_crop/s2_6time_legacy_center_zero_mask_32_to_224/all/GAO20200714t172448p0000-H/neg_15_x287_y187/plume.tif,/mnt/engg-niulab/yuyao/final_crop/s2_6time_legacy_center_zero_mask_32_to_224/all/GAO20200714t172448p0000-H/neg_15_x287_y187/plume.tif,/mnt/engg-niulab/yuyao/final_crop/s2_6time_legacy_center_zero_mask_32_to_224/all/GAO20200714t172448p0000-H/neg_15_x287_y187/plume.tif,287,187,287,187,legacy_center_anchor,,32.209546,-103.88555,32.209546,-103.88555,2020-07-14T17:24:48+00,2020-07-14T17:28:59.024000Z,2020-07-09T17:29:01.024000Z,2020-07-04T17:28:59.024000Z,2020-06-29T17:29:01.024000Z,,,/mnt/engg-niulab/yuyao/final_crop/s2_6time_legacy_center_zero_mask_32_to_224/all/GAO20200714t172448p0000-H/neg_15_x287_y187/s2_0.tif,/mnt/engg-niulab/yuyao/final_crop/s2_6time_legacy_center_zero_mask_32_to_224/all/GAO20200714t172448p0000-H/neg_15_x287_y187/s2_prev1.tif,/mnt/engg-niulab/yuyao/final_crop/s2_6time_legacy_center_zero_mask_32_to_224/all/GAO20200714t172448p0000-H/neg_15_x287_y187/s2_prev2.tif,/mnt/engg-niulab/yuyao/final_crop/s2_6time_legacy_center_zero_mask_32_to_224/all/GAO20200714t172448p0000-H/neg_15_x287_y187/s2_prev3.tif,/mnt/engg-niulab/yuyao/final_crop/s2_6time_legacy_center_zero_mask_32_to_224/all/GAO20200714t172448p0000-H/neg_15_x287_y187/s2_seasonal.tif,/mnt/engg-niulab/yuyao/final_crop/s2_6time_legacy_center_zero_mask_32_to_224/all/GAO20200714t172448p0000-H/neg_15_x287_y187/s2_year.tif,/mnt/engg-niulab/yuyao/final_crop/s2_6time_legacy_center_zero_mask_32_to_224/all/GAO20200714t172448p0000-H/neg_15_x287_y187/s2_0.tif,/mnt/engg-niulab/yuyao/final_crop/s2_6time_legacy_center_zero_mask_32_to_224/all/GAO20200714t172448p0000-H/neg_15_x287_y187/s2_0.tif,/mnt/engg-niulab/yuyao/final_crop/s2_6time_legacy_center_zero_mask_32_to_224/all/GAO20200714t172448p0000-H/neg_15_x287_y187/s2_prev1.tif,/mnt/engg-niulab/yuyao/final_crop/s2_6time_legacy_center_zero_mask_32_to_224/all/GAO20200714t172448p0000-H/neg_15_x287_y187/s2_seasonal.tif,/mnt/engg-niulab/yuyao/final_crop/s2_6time_legacy_center_zero_mask_32_to_224/all/GAO20200714t172448p0000-H/neg_15_x287_y187/s2_year.tif
GAO20200724t155931p0000-A,dropped_missing_required_time_or_path,1,/mnt/engg-niulab/yuyao/final_crop/s2_6time_legacy_center_zero_mask_32/all/GAO20200724t155931p0000-A/pos_00_x255_y242,/mnt/engg-niulab/yuyao/final_crop/s2_6time_legacy_center_zero_mask_32/all/GAO20200724t155931p0000-A/pos_00_x255_y242,/mnt/engg-niulab/yuyao/final_crop/s2_6time_legacy_center_zero_mask_32_to_224/all/GAO20200724t155931p0000-A/pos_00_x255_y242/plume.tif,/mnt/engg-niulab/yuyao/final_crop/s2_6time_legacy_center_zero_mask_32_to_224/all/GAO20200724t155931p0000-A/pos_00_x255_y242/plume.tif,/mnt/engg-niulab/yuyao/final_crop/s2_6time_legacy_center_zero_mask_32_to_224/all/GAO20200724t155931p0000-A/pos_00_x255_y242/plume.tif,255,242,255,242,legacy_center_anchor,,31.837426,-103.90162,31.837426,-103.90162,2020-07-24T15:59:31+00,2020-07-24T17:28:59.024000Z,2020-07-19T17:29:01.024000Z,2020-07-14T17:28:59.024000Z,2020-07-09T17:29:01.024000Z,,,/mnt/engg-niulab/yuyao/final_crop/s2_6time_legacy_center_zero_mask_32_to_224/all/GAO20200724t155931p0000-A/pos_00_x255_y242/s2_0.tif,/mnt/engg-niulab/yuyao/final_crop/s2_6time_legacy_center_zero_mask_32_to_224/all/GAO20200724t155931p0000-A/pos_00_x255_y242/s2_prev1.tif,/mnt/engg-niulab/yuyao/final_crop/s2_6time_legacy_center_zero_mask_32_to_224/all/GAO20200724t155931p0000-A/pos_00_x255_y242/s2_prev2.tif,/mnt/engg-niulab/yuyao/final_crop/s2_6time_legacy_center_zero_mask_32_to_224/all/GAO20200724t155931p0000-A/pos_00_x255_y242/s2_prev3.tif,/mnt/engg-niulab/yuyao/final_crop/s2_6time_legacy_center_zero_mask_32_to_224/all/GAO20200724t155931p0000-A/pos_00_x255_y242/s2_seasonal.tif,/mnt/engg-niulab/yuyao/final_crop/s2_6time_legacy_center_zero_mask_32_to_224/all/GAO20200724t155931p0000-A/pos_00_x255_y242/s2_year.tif,/mnt/engg-niulab/yuyao/final_crop/s2_6time_legacy_center_zero_mask_32_to_224/all/GAO20200724t155931p0000-A/pos_00_x255_y242/s2_0.tif,/mnt/engg-niulab/yuyao/final_crop/s2_6time_legacy_center_zero_mask_32_to_224/all/GAO20200724t155931p0000-A/pos_00_x255_y242/s2_0.tif,/mnt/engg-niulab/yuyao/final_crop/s2_6time_legacy_center_zero_mask_32_to_224/all/GAO20200724t155931p0000-A/pos_00_x255_y242/s2_prev1.tif,/mnt/engg-niulab/yuyao/final_crop/s2_6time_legacy_center_zero_mask_32_to_224/all/GAO20200724t155931p0000-A/pos_00_x255_y242/s2_seasonal.tif,/mnt/engg-niulab/yuyao/final_crop/s2_6time_legacy_center_zero_mask_32_to_224/all/GAO20200724t155931p0000-A/pos_00_x255_y242/s2_year.tif
GAO20200724t155931p0000-A,dropped_missing_required_time_or_path,1,/mnt/engg-niulab/yuyao/final_crop/s2_6time_legacy_center_zero_mask_32/all/GAO20200724t155931p0000-A/pos_01_x237_y243,/mnt/engg-niulab/yuyao/final_crop/s2_6time_legacy_center_zero_mask_32/all/GAO20200724t155931p0000-A/pos_01_x237_y243,/mnt/engg-niulab/yuyao/final_crop/s2_6time_legacy_center_zero_mask_32_to_224/all/GAO20200724t155931p0000-A/pos_01_x237_y243/plume.tif,/mnt/engg-niulab/yuyao/final_crop/s2_6time_legacy_center_zero_mask_32_to_224/all/GAO20200724t155931p0000-A/pos_01_x237_y243/plume.tif,/mnt/engg-niulab/yuyao/final_crop/s2_6time_legacy_center_zero_mask_32_to_224/all/GAO20200724t155931p0000-A/pos_01_x237_y243/plume.tif,237,243,237,243,legacy_center_anchor,,31.837426,-103.90162,31.837426,-103.90162,2020-07-24T15:59:31+00,2020-07-24T17:28:59.024000Z,2020-07-19T17:29:01.024000Z,2020-07-14T17:28:59.024000Z,2020-07-09T17:29:01.024000Z,,,/mnt/engg-niulab/yuyao/final_crop/s2_6time_legacy_center_zero_mask_32_to_224/all/GAO20200724t155931p0000-A/pos_01_x237_y243/s2_0.tif,/mnt/engg-niulab/yuyao/final_crop/s2_6time_legacy_center_zero_mask_32_to_224/all/GAO20200724t155931p0000-A/pos_01_x237_y243/s2_prev1.tif,/mnt/engg-niulab/yuyao/final_crop/s2_6time_legacy_center_zero_mask_32_to_224/all/GAO20200724t155931p0000-A/pos_01_x237_y243/s2_prev2.tif,/mnt/engg-niulab/yuyao/final_crop/s2_6time_legacy_center_zero_mask_32_to_224/all/GAO20200724t155931p0000-A/pos_01_x237_y243/s2_prev3.tif,/mnt/engg-niulab/yuyao/final_crop/s2_6time_legacy_center_zero_mask_32_to_224/all/GAO20200724t155931p0000-A/pos_01_x237_y243/s2_seasonal.tif,/mnt/engg-niulab/yuyao/final_crop/s2_6time_legacy_center_zero_mask_32_to_224/all/GAO20200724t155931p0000-A/pos_01_x237_y243/s2_year.tif,/mnt/engg-niulab/yuyao/final_crop/s2_6time_legacy_center_zero_mask_32_to_224/all/GAO20200724t155931p0000-A/pos_01_x237_y243/s2_0.tif,/mnt/engg-niulab/yuyao/final_crop/s2_6time_legacy_center_zero_mask_32_to_224/all/GAO20200724t155931p0000-A/pos_01_x237_y243/s2_0.tif,/mnt/engg-niulab/yuyao/final_crop/s2_6time_legacy_center_zero_mask_32_to_224/all/GAO20200724t155931p0000-A/pos_01_x237_y243/s2_prev1.tif,/mnt/engg-niulab/yuyao/final_crop/s2_6time_legacy_center_zero_mask_32_to_224/all/GAO20200724t155931p0000-A/pos_01_x237_y243/s2_seasonal.tif,/mnt/engg-niulab/yuyao/final_crop/s2_6time_legacy_center_zero_mask_32_to_224/all/GAO20200724t155931p0000-A/pos_01_x237_y243/s2_year.tif
GAO20200724t155931p0000-A,dropped_missing_required_time_or_path,1,/mnt/engg-niulab/yuyao/final_crop/s2_6time_legacy_center_zero_mask_32/all/GAO20200724t155931p0000-A/pos_02_x239_y248,/mnt/engg-niulab/yuyao/final_crop/s2_6time_legacy_center_zero_mask_32/all/GAO20200724t155931p0000-A/pos_02_x239_y248,/mnt/engg-niulab/yuyao/final_crop/s2_6time_legacy_center_zero_mask_32_to_224/all/GAO20200724t155931p0000-A/pos_02_x239_y248/plume.tif,/mnt/engg-niulab/yuyao/final_crop/s2_6time_legacy_center_zero_mask_32_to_224/all/GAO20200724t155931p0000-A/pos_02_x239_y248/plume.tif,/mnt/engg-niulab/yuyao/final_crop/s2_6time_legacy_center_zero_mask_32_to_224/all/GAO20200724t155931p0000-A/pos_02_x239_y248/plume.tif,239,248,239,248,legacy_center_anchor,,31.837426,-103.90162,31.837426,-103.90162,2020-07-24T15:59:31+00,2020-07-24T17:28:59.024000Z,2020-07-19T17:29:01.024000Z,2020-07-14T17:28:59.024000Z,2020-07-09T17:29:01.024000Z,,,/mnt/engg-niulab/yuyao/final_crop/s2_6time_legacy_center_zero_mask_32_to_224/all/GAO20200724t155931p0000-A/pos_02_x239_y248/s2_0.tif,/mnt/engg-niulab/yuyao/final_crop/s2_6time_legacy_center_zero_mask_32_to_224/all/GAO20200724t155931p0000-A/pos_02_x239_y248/s2_prev1.tif,/mnt/engg-niulab/yuyao/final_crop/s2_6time_legacy_center_zero_mask_32_to_224/all/GAO20200724t155931p0000-A/pos_02_x239_y248/s2_prev2.tif,/mnt/engg-niulab/yuyao/final_crop/s2_6time_legacy_center_zero_mask_32_to_224/all/GAO20200724t155931p0000-A/pos_02_x239_y248/s2_prev3.tif,/mnt/engg-niulab/yuyao/final_crop/s2_6time_legacy_center_zero_mask_32_to_224/all/GAO20200724t155931p0000-A/pos_02_x239_y248/s2_seasonal.tif,/mnt/engg-niulab/yuyao/final_crop/s2_6time_legacy_center_zero_mask_32_to_224/all/GAO20200724t155931p0000-A/pos_02_x239_y248/s2_year.tif,/mnt/engg-niulab/yuyao/final_crop/s2_6time_legacy_center_zero_mask_32_to_224/all/GAO20200724t155931p0000-A/pos_02_x239_y248/s2_0.tif,/mnt/engg-niulab/yuyao/final_crop/s2_6time_legacy_center_zero_mask_32_to_224/all/GAO20200724t155931p0000-A/pos_02_x239_y248/s2_0.tif,/mnt/engg-niulab/yuyao/final_crop/s2_6time_legacy_center_zero_mask_32_to_224/all/GAO20200724t155931p0000-A/pos_02_x239_y248/s2_prev1.tif,/mnt/engg-niulab/yuyao/final_crop/s2_6time_legacy_center_zero_mask_32_to_224/all/GAO20200724t155931p0000-A/pos_02_x239_y248/s2_seasonal.tif,/mnt/engg-niulab/yuyao/final_crop/s2_6time_legacy_center_zero_mask_32_to_224/all/GAO20200724t155931p0000-A/pos_02_x239_y248/s2_year.tif
GAO20200724t155931p0000-A,dropped_missing_required_time_or_path,1,/mnt/engg-niulab/yuyao/final_crop/s2_6time_legacy_center_zero_mask_32/all/GAO20200724t155931p0000-A/pos_03_x236_y240,/mnt/engg-niulab/yuyao/final_crop/s2_6time_legacy_center_zero_mask_32/all/GAO20200724t155931p0000-A/pos_03_x236_y240,/mnt/engg-niulab/yuyao/final_crop/s2_6time_legacy_center_zero_mask_32_to_224/all/GAO20200724t155931p0000-A/pos_03_x236_y240/plume.tif,/mnt/engg-niulab/yuyao/final_crop/s2_6time_legacy_center_zero_mask_32_to_224/all/GAO20200724t155931p0000-A/pos_03_x236_y240/plume.tif,/mnt/engg-niulab/yuyao/final_crop/s2_6time_legacy_center_zero_mask_32_to_224/all/GAO20200724t155931p0000-A/pos_03_x236_y240/plume.tif,236,240,236,240,legacy_center_anchor,,31.837426,-103.90162,31.837426,-103.90162,2020-07-24T15:59:31+00,2020-07-24T17:28:59.024000Z,2020-07-19T17:29:01.024000Z,2020-07-14T17:28:59.024000Z,2020-07-09T17:29:01.024000Z,,,/mnt/engg-niulab/yuyao/final_crop/s2_6time_legacy_center_zero_mask_32_to_224/all/GAO20200724t155931p0000-A/pos_03_x236_y240/s2_0.tif,/mnt/engg-niulab/yuyao/final_crop/s2_6time_legacy_center_zero_mask_32_to_224/all/GAO20200724t155931p0000-A/pos_03_x236_y240/s2_prev1.tif,/mnt/engg-niulab/yuyao/final_crop/s2_6time_legacy_center_zero_mask_32_to_224/all/GAO20200724t155931p0000-A/pos_03_x236_y240/s2_prev2.tif,/mnt/engg-niulab/yuyao/final_crop/s2_6time_legacy_center_zero_mask_32_to_224/all/GAO20200724t155931p0000-A/pos_03_x236_y240/s2_prev3.tif,/mnt/engg-niulab/yuyao/final_crop/s2_6time_legacy_center_zero_mask_32_to_224/all/GAO20200724t155931p0000-A/pos_03_x236_y240/s2_seasonal.tif,/mnt/engg-niulab/yuyao/final_crop/s2_6time_legacy_center_zero_mask_32_to_224/all/GAO20200724t155931p0000-A/pos_03_x236_y240/s2_year.tif,/mnt/engg-niulab/yuyao/final_crop/s2_6time_legacy_center_zero_mask_32_to_224/all/GAO20200724t155931p0000-A/pos_03_x236_y240/s2_0.tif,/mnt/engg-niulab/yuyao/final_crop/s2_6time_legacy_center_zero_mask_32_to_224/all/GAO20200724t155931p0000-A/pos_03_x236_y240/s2_0.tif,/mnt/engg-niulab/yuyao/final_crop/s2_6time_legacy_center_zero_mask_32_to_224/all/GAO20200724t155931p0000-A/pos_03_x236_y240/s2_prev1.tif,/mnt/engg-niulab/yuyao/final_crop/s2_6time_legacy_center_zero_mask_32_to_224/all/GAO20200724t155931p0000-A/pos_03_x236_y240/s2_seasonal.tif,/mnt/engg-niulab/yuyao/final_crop/s2_6time_legacy_center_zero_mask_32_to_224/all/GAO20200724t155931p0000-A/pos_03_x236_y240/s2_year.tif
GAO20200724t155931p0000-A,dropped_missing_required_time_or_path,1,/mnt/engg-niulab/yuyao/final_crop/s2_6time_legacy_center_zero_mask_32/all/GAO20200724t155931p0000-A/pos_04_x232_y231,/mnt/engg-niulab/yuyao/final_crop/s2_6time_legacy_center_zero_mask_32/all/GAO20200724t155931p0000-A/pos_04_x232_y231,/mnt/engg-niulab/yuyao/final_crop/s2_6time_legacy_center_zero_mask_32_to_224/all/GAO20200724t155931p0000-A/pos_04_x232_y231/plume.tif,/mnt/engg-niulab/yuyao/final_crop/s2_6time_legacy_center_zero_mask_32_to_224/all/GAO20200724t155931p0000-A/pos_04_x232_y231/plume.tif,/mnt/engg-niulab/yuyao/final_crop/s2_6time_legacy_center_zero_mask_32_to_224/all/GAO20200724t155931p0000-A/pos_04_x232_y231/plume.tif,232,231,232,231,legacy_center_anchor,,31.837426,-103.90162,31.837426,-103.90162,2020-07-24T15:59:31+00,2020-07-24T17:28:59.024000Z,2020-07-19T17:29:01.024000Z,2020-07-14T17:28:59.024000Z,2020-07-09T17:29:01.024000Z,,,/mnt/engg-niulab/yuyao/final_crop/s2_6time_legacy_center_zero_mask_32_to_224/all/GAO20200724t155931p0000-A/pos_04_x232_y231/s2_0.tif,/mnt/engg-niulab/yuyao/final_crop/s2_6time_legacy_center_zero_mask_32_to_224/all/GAO20200724t155931p0000-A/pos_04_x232_y231/s2_prev1.tif,/mnt/engg-niulab/yuyao/final_crop/s2_6time_legacy_center_zero_mask_32_to_224/all/GAO20200724t155931p0000-A/pos_04_x232_y231/s2_prev2.tif,/mnt/engg-niulab/yuyao/final_crop/s2_6time_legacy_center_zero_mask_32_to_224/all/GAO20200724t155931p0000-A/pos_04_x232_y231/s2_prev3.tif,/mnt/engg-niulab/yuyao/final_crop/s2_6time_legacy_center_zero_mask_32_to_224/all/GAO20200724t155931p0000-A/pos_04_x232_y231/s2_seasonal.tif,/mnt/engg-niulab/yuyao/final_crop/s2_6time_legacy_center_zero_mask_32_to_224/all/GAO20200724t155931p0000-A/pos_04_x232_y231/s2_year.tif,/mnt/engg-niulab/yuyao/final_crop/s2_6time_legacy_center_zero_mask_32_to_224/all/GAO20200724t155931p0000-A/pos_04_x232_y231/s2_0.tif,/mnt/engg-niulab/yuyao/final_crop/s2_6time_legacy_center_zero_mask_32_to_224/all/GAO20200724t155931p0000-A/pos_04_x232_y231/s2_0.tif,/mnt/engg-niulab/yuyao/final_crop/s2_6time_legacy_center_zero_mask_32_to_224/all/GAO20200724t155931p0000-A/pos_04_x232_y231/s2_prev1.tif,/mnt/engg-niulab/yuyao/final_crop/s2_6time_legacy_center_zero_mask_32_to_224/all/GAO20200724t155931p0000-A/pos_04_x232_y231/s2_seasonal.tif,/mnt/engg-niulab/yuyao/final_crop/s2_6time_legacy_center_zero_mask_32_to_224/all/GAO20200724t155931p0000-A/pos_04_x232_y231/s2_year.tif
GAO20200724t155931p0000-A,dropped_missing_required_time_or_path,1,/mnt/engg-niulab/yuyao/final_crop/s2_6time_legacy_center_zero_mask_32/all/GAO20200724t155931p0000-A/pos_05_x254_y244,/mnt/engg-niulab/yuyao/final_crop/s2_6time_legacy_center_zero_mask_32/all/GAO20200724t155931p0000-A/pos_05_x254_y244,/mnt/engg-niulab/yuyao/final_crop/s2_6time_legacy_center_zero_mask_32_to_224/all/GAO20200724t155931p0000-A/pos_05_x254_y244/plume.tif,/mnt/engg-niulab/yuyao/final_crop/s2_6time_legacy_center_zero_mask_32_to_224/all/GAO20200724t155931p0000-A/pos_05_x254_y244/plume.tif,/mnt/engg-niulab/yuyao/final_crop/s2_6time_legacy_center_zero_mask_32_to_224/all/GAO20200724t155931p0000-A/pos_05_x254_y244/plume.tif,254,244,254,244,legacy_center_anchor,,31.837426,-103.90162,31.837426,-103.90162,2020-07-24T15:59:31+00,2020-07-24T17:28:59.024000Z,2020-07-19T17:29:01.024000Z,2020-07-14T17:28:59.024000Z,2020-07-09T17:29:01.024000Z,,,/mnt/engg-niulab/yuyao/final_crop/s2_6time_legacy_center_zero_mask_32_to_224/all/GAO20200724t155931p0000-A/pos_05_x254_y244/s2_0.tif,/mnt/engg-niulab/yuyao/final_crop/s2_6time_legacy_center_zero_mask_32_to_224/all/GAO20200724t155931p0000-A/pos_05_x254_y244/s2_prev1.tif,/mnt/engg-niulab/yuyao/final_crop/s2_6time_legacy_center_zero_mask_32_to_224/all/GAO20200724t155931p0000-A/pos_05_x254_y244/s2_prev2.tif,/mnt/engg-niulab/yuyao/final_crop/s2_6time_legacy_center_zero_mask_32_to_224/all/GAO20200724t155931p0000-A/pos_05_x254_y244/s2_prev3.tif,/mnt/engg-niulab/yuyao/final_crop/s2_6time_legacy_center_zero_mask_32_to_224/all/GAO20200724t155931p0000-A/pos_05_x254_y244/s2_seasonal.tif,/mnt/engg-niulab/yuyao/final_crop/s2_6time_legacy_center_zero_mask_32_to_224/all/GAO20200724t155931p0000-A/pos_05_x254_y244/s2_year.tif,/mnt/engg-niulab/yuyao/final_crop/s2_6time_legacy_center_zero_mask_32_to_224/all/GAO20200724t155931p0000-A/pos_05_x254_y244/s2_0.tif,/mnt/engg-niulab/yuyao/final_crop/s2_6time_legacy_center_zero_mask_32_to_224/all/GAO20200724t155931p0000-A/pos_05_x254_y244/s2_0.tif,/mnt/engg-niulab/yuyao/final_crop/s2_6time_legacy_center_zero_mask_32_to_224/all/GAO20200724t155931p0000-A/pos_05_x254_y244/s2_prev1.tif,/mnt/engg-niulab/yuyao/final_crop/s2_6time_legacy_center_zero_mask_32_to_224/all/GAO20200724t155931p0000-A/pos_05_x254_y244/s2_seasonal.tif,/mnt/engg-niulab/yuyao/final_crop/s2_6time_legacy_center_zero_mask_32_to_224/all/GAO20200724t155931p0000-A/pos_05_x254_y244/s2_year.tif
GAO20200724t155931p0000-A,dropped_missing_required_time_or_path,1,/mnt/engg-niulab/yuyao/final_crop/s2_6time_legacy_center_zero_mask_32/all/GAO20200724t155931p0000-A/pos_06_x239_y230,/mnt/engg-niulab/yuyao/final_crop/s2_6time_legacy_center_zero_mask_32/all/GAO20200724t155931p0000-A/pos_06_x239_y230,/mnt/engg-niulab/yuyao/final_crop/s2_6time_legacy_center_zero_mask_32_to_224/all/GAO20200724t155931p0000-A/pos_06_x239_y230/plume.tif,/mnt/engg-niulab/yuyao/final_crop/s2_6time_legacy_center_zero_mask_32_to_224/all/GAO20200724t155931p0000-A/pos_06_x239_y230/plume.tif,/mnt/engg-niulab/yuyao/final_crop/s2_6time_legacy_center_zero_mask_32_to_224/all/GAO20200724t155931p0000-A/pos_06_x239_y230/plume.tif,239,230,239,230,legacy_center_anchor,,31.837426,-103.90162,31.837426,-103.90162,2020-07-24T15:59:31+00,2020-07-24T17:28:59.024000Z,2020-07-19T17:29:01.024000Z,2020-07-14T17:28:59.024000Z,2020-07-09T17:29:01.024000Z,,,/mnt/engg-niulab/yuyao/final_crop/s2_6time_legacy_center_zero_mask_32_to_224/all/GAO20200724t155931p0000-A/pos_06_x239_y230/s2_0.tif,/mnt/engg-niulab/yuyao/final_crop/s2_6time_legacy_center_zero_mask_32_to_224/all/GAO20200724t155931p0000-A/pos_06_x239_y230/s2_prev1.tif,/mnt/engg-niulab/yuyao/final_crop/s2_6time_legacy_center_zero_mask_32_to_224/all/GAO20200724t155931p0000-A/pos_06_x239_y230/s2_prev2.tif,/mnt/engg-niulab/yuyao/final_crop/s2_6time_legacy_center_zero_mask_32_to_224/all/GAO20200724t155931p0000-A/pos_06_x239_y230/s2_prev3.tif,/mnt/engg-niulab/yuyao/final_crop/s2_6time_legacy_center_zero_mask_32_to_224/all/GAO20200724t155931p0000-A/pos_06_x239_y230/s2_seasonal.tif,/mnt/engg-niulab/yuyao/final_crop/s2_6time_legacy_center_zero_mask_32_to_224/all/GAO20200724t155931p0000-A/pos_06_x239_y230/s2_year.tif,/mnt/engg-niulab/yuyao/final_crop/s2_6time_legacy_center_zero_mask_32_to_224/all/GAO20200724t155931p0000-A/pos_06_x239_y230/s2_0.tif,/mnt/engg-niulab/yuyao/final_crop/s2_6time_legacy_center_zero_mask_32_to_224/all/GAO20200724t155931p0000-A/pos_06_x239_y230/s2_0.tif,/mnt/engg-niulab/yuyao/final_crop/s2_6time_legacy_center_zero_mask_32_to_224/all/GAO20200724t155931p0000-A/pos_06_x239_y230/s2_prev1.tif,/mnt/engg-niulab/yuyao/final_crop/s2_6time_legacy_center_zero_mask_32_to_224/all/GAO20200724t155931p0000-A/pos_06_x239_y230/s2_seasonal.tif,/mnt/engg-niulab/yuyao/final_crop/s2_6time_legacy_center_zero_mask_32_to_224/all/GAO20200724t155931p0000-A/pos_06_x239_y230/s2_year.tif
GAO20200724t155931p0000-A,dropped_missing_required_time_or_path,1,/mnt/engg-niulab/yuyao/final_crop/s2_6time_legacy_center_zero_mask_32/all/GAO20200724t155931p0000-A/pos_07_x232_y252,/mnt/engg-niulab/yuyao/final_crop/s2_6time_legacy_center_zero_mask_32/all/GAO20200724t155931p0000-A/pos_07_x232_y252,/mnt/engg-niulab/yuyao/final_crop/s2_6time_legacy_center_zero_mask_32_to_224/all/GAO20200724t155931p0000-A/pos_07_x232_y252/plume.tif,/mnt/engg-niulab/yuyao/final_crop/s2_6time_legacy_center_zero_mask_32_to_224/all/GAO20200724t155931p0000-A/pos_07_x232_y252/plume.tif,/mnt/engg-niulab/yuyao/final_crop/s2_6time_legacy_center_zero_mask_32_to_224/all/GAO20200724t155931p0000-A/pos_07_x232_y252/plume.tif,232,252,232,252,legacy_center_anchor,,31.837426,-103.90162,31.837426,-103.90162,2020-07-24T15:59:31+00,2020-07-24T17:28:59.024000Z,2020-07-19T17:29:01.024000Z,2020-07-14T17:28:59.024000Z,2020-07-09T17:29:01.024000Z,,,/mnt/engg-niulab/yuyao/final_crop/s2_6time_legacy_center_zero_mask_32_to_224/all/GAO20200724t155931p0000-A/pos_07_x232_y252/s2_0.tif,/mnt/engg-niulab/yuyao/final_crop/s2_6time_legacy_center_zero_mask_32_to_224/all/GAO20200724t155931p0000-A/pos_07_x232_y252/s2_prev1.tif,/mnt/engg-niulab/yuyao/final_crop/s2_6time_legacy_center_zero_mask_32_to_224/all/GAO20200724t155931p0000-A/pos_07_x232_y252/s2_prev2.tif,/mnt/engg-niulab/yuyao/final_crop/s2_6time_legacy_center_zero_mask_32_to_224/all/GAO20200724t155931p0000-A/pos_07_x232_y252/s2_prev3.tif,/mnt/engg-niulab/yuyao/final_crop/s2_6time_legacy_center_zero_mask_32_to_224/all/GAO20200724t155931p0000-A/pos_07_x232_y252/s2_seasonal.tif,/mnt/engg-niulab/yuyao/final_crop/s2_6time_legacy_center_zero_mask_32_to_224/all/GAO20200724t155931p0000-A/pos_07_x232_y252/s2_year.tif,/mnt/engg-niulab/yuyao/final_crop/s2_6time_legacy_center_zero_mask_32_to_224/all/GAO20200724t155931p0000-A/pos_07_x232_y252/s2_0.tif,/mnt/engg-niulab/yuyao/final_crop/s2_6time_legacy_center_zero_mask_32_to_224/all/GAO20200724t155931p0000-A/pos_07_x232_y252/s2_0.tif,/mnt/engg-niulab/yuyao/final_crop/s2_6time_legacy_center_zero_mask_32_to_224/all/GAO20200724t155931p0000-A/pos_07_x232_y252/s2_prev1.tif,/mnt/engg-niulab/yuyao/final_crop/s2_6time_legacy_center_zero_mask_32_to_224/all/GAO20200724t155931p0000-A/pos_07_x232_y252/s2_seasonal.tif,/mnt/engg-niulab/yuyao/final_crop/s2_6time_legacy_center_zero_mask_32_to_224/all/GAO20200724t155931p0000-A/pos_07_x232_y252/s2_year.tif
GAO20200724t155931p0000-A,dropped_missing_required_time_or_path,1,/mnt/engg-niulab/yuyao/final_crop/s2_6time_legacy_center_zero_mask_32/all/GAO20200724t155931p0000-A/pos_08_x250_y254,/mnt/engg-niulab/yuyao/final_crop/s2_6time_legacy_center_zero_mask_32/all/GAO20200724t155931p0000-A/pos_08_x250_y254,/mnt/engg-niulab/yuyao/final_crop/s2_6time_legacy_center_zero_mask_32_to_224/all/GAO20200724t155931p0000-A/pos_08_x250_y254/plume.tif,/mnt/engg-niulab/yuyao/final_crop/s2_6time_legacy_center_zero_mask_32_to_224/all/GAO20200724t155931p0000-A/pos_08_x250_y254/plume.tif,/mnt/engg-niulab/yuyao/final_crop/s2_6time_legacy_center_zero_mask_32_to_224/all/GAO20200724t155931p0000-A/pos_08_x250_y254/plume.tif,250,254,250,254,legacy_center_anchor,,31.837426,-103.90162,31.837426,-103.90162,2020-07-24T15:59:31+00,2020-07-24T17:28:59.024000Z,2020-07-19T17:29:01.024000Z,2020-07-14T17:28:59.024000Z,2020-07-09T17:29:01.024000Z,,,/mnt/engg-niulab/yuyao/final_crop/s2_6time_legacy_center_zero_mask_32_to_224/all/GAO20200724t155931p0000-A/pos_08_x250_y254/s2_0.tif,/mnt/engg-niulab/yuyao/final_crop/s2_6time_legacy_center_zero_mask_32_to_224/all/GAO20200724t155931p0000-A/pos_08_x250_y254/s2_prev1.tif,/mnt/engg-niulab/yuyao/final_crop/s2_6time_legacy_center_zero_mask_32_to_224/all/GAO20200724t155931p0000-A/pos_08_x250_y254/s2_prev2.tif,/mnt/engg-niulab/yuyao/final_crop/s2_6time_legacy_center_zero_mask_32_to_224/all/GAO20200724t155931p0000-A/pos_08_x250_y254/s2_prev3.tif,/mnt/engg-niulab/yuyao/final_crop/s2_6time_legacy_center_zero_mask_32_to_224/all/GAO20200724t155931p0000-A/pos_08_x250_y254/s2_seasonal.tif,/mnt/engg-niulab/yuyao/final_crop/s2_6time_legacy_center_zero_mask_32_to_224/all/GAO20200724t155931p0000-A/pos_08_x250_y254/s2_year.tif,/mnt/engg-niulab/yuyao/final_crop/s2_6time_legacy_center_zero_mask_32_to_224/all/GAO20200724t155931p0000-A/pos_08_x250_y254/s2_0.tif,/mnt/engg-niulab/yuyao/final_crop/s2_6time_legacy_center_zero_mask_32_to_224/all/GAO20200724t155931p0000-A/pos_08_x250_y254/s2_0.tif,/mnt/engg-niulab/yuyao/final_crop/s2_6time_legacy_center_zero_mask_32_to_224/all/GAO20200724t155931p0000-A/pos_08_x250_y254/s2_prev1.tif,/mnt/engg-niulab/yuyao/final_crop/s2_6time_legacy_center_zero_mask_32_to_224/all/GAO20200724t155931p0000-A/pos_08_x250_y254/s2_seasonal.tif,/mnt/engg-niulab/yuyao/final_crop/s2_6time_legacy_center_zero_mask_32_to_224/all/GAO20200724t155931p0000-A/pos_08_x250_y254/s2_year.tif
GAO20200724t155931p0000-A,dropped_missing_required_time_or_path,1,/mnt/engg-niulab/yuyao/final_crop/s2_6time_legacy_center_zero_mask_32/all/GAO20200724t155931p0000-A/pos_09_x233_y244,/mnt/engg-niulab/yuyao/final_crop/s2_6time_legacy_center_zero_mask_32/all/GAO20200724t155931p0000-A/pos_09_x233_y244,/mnt/engg-niulab/yuyao/final_crop/s2_6time_legacy_center_zero_mask_32_to_224/all/GAO20200724t155931p0000-A/pos_09_x233_y244/plume.tif,/mnt/engg-niulab/yuyao/final_crop/s2_6time_legacy_center_zero_mask_32_to_224/all/GAO20200724t155931p0000-A/pos_09_x233_y244/plume.tif,/mnt/engg-niulab/yuyao/final_crop/s2_6time_legacy_center_zero_mask_32_to_224/all/GAO20200724t155931p0000-A/pos_09_x233_y244/plume.tif,233,244,233,244,legacy_center_anchor,,31.837426,-103.90162,31.837426,-103.90162,2020-07-24T15:59:31+00,2020-07-24T17:28:59.024000Z,2020-07-19T17:29:01.024000Z,2020-07-14T17:28:59.024000Z,2020-07-09T17:29:01.024000Z,,,/mnt/engg-niulab/yuyao/final_crop/s2_6time_legacy_center_zero_mask_32_to_224/all/GAO20200724t155931p0000-A/pos_09_x233_y244/s2_0.tif,/mnt/engg-niulab/yuyao/final_crop/s2_6time_legacy_center_zero_mask_32_to_224/all/GAO20200724t155931p0000-A/pos_09_x233_y244/s2_prev1.tif,/mnt/engg-niulab/yuyao/final_crop/s2_6time_legacy_center_zero_mask_32_to_224/all/GAO20200724t155931p0000-A/pos_09_x233_y244/s2_prev2.tif,/mnt/engg-niulab/yuyao/final_crop/s2_6time_legacy_center_zero_mask_32_to_224/all/GAO20200724t155931p0000-A/pos_09_x233_y244/s2_prev3.tif,/mnt/engg-niulab/yuyao/final_crop/s2_6time_legacy_center_zero_mask_32_to_224/all/GAO20200724t155931p0000-A/pos_09_x233_y244/s2_seasonal.tif,/mnt/engg-niulab/yuyao/final_crop/s2_6time_legacy_center_zero_mask_32_to_224/all/GAO20200724t155931p0000-A/pos_09_x233_y244/s2_year.tif,/mnt/engg-niulab/yuyao/final_crop/s2_6time_legacy_center_zero_mask_32_to_224/all/GAO20200724t155931p0000-A/pos_09_x233_y244/s2_0.tif,/mnt/engg-niulab/yuyao/final_crop/s2_6time_legacy_center_zero_mask_32_to_224/all/GAO20200724t155931p0000-A/pos_09_x233_y244/s2_0.tif,/mnt/engg-niulab/yuyao/final_crop/s2_6time_legacy_center_zero_mask_32_to_224/all/GAO20200724t155931p0000-A/pos_09_x233_y244/s2_prev1.tif,/mnt/engg-niulab/yuyao/final_crop/s2_6time_legacy_center_zero_mask_32_to_224/all/GAO20200724t155931p0000-A/pos_09_x233_y244/s2_seasonal.tif,/mnt/engg-niulab/yuyao/final_crop/s2_6time_legacy_center_zero_mask_32_to_224/all/GAO20200724t155931p0000-A/pos_09_x233_y244/s2_year.tif
GAO20200724t155931p0000-A,dropped_missing_required_time_or_path,1,/mnt/engg-niulab/yuyao/final_crop/s2_6time_legacy_center_zero_mask_32/all/GAO20200724t155931p0000-A/pos_10_x240_y228,/mnt/engg-niulab/yuyao/final_crop/s2_6time_legacy_center_zero_mask_32/all/GAO20200724t155931p0000-A/pos_10_x240_y228,/mnt/engg-niulab/yuyao/final_crop/s2_6time_legacy_center_zero_mask_32_to_224/all/GAO20200724t155931p0000-A/pos_10_x240_y228/plume.tif,/mnt/engg-niulab/yuyao/final_crop/s2_6time_legacy_center_zero_mask_32_to_224/all/GAO20200724t155931p0000-A/pos_10_x240_y228/plume.tif,/mnt/engg-niulab/yuyao/final_crop/s2_6time_legacy_center_zero_mask_32_to_224/all/GAO20200724t155931p0000-A/pos_10_x240_y228/plume.tif,240,228,240,228,legacy_center_anchor,,31.837426,-103.90162,31.837426,-103.90162,2020-07-24T15:59:31+00,2020-07-24T17:28:59.024000Z,2020-07-19T17:29:01.024000Z,2020-07-14T17:28:59.024000Z,2020-07-09T17:29:01.024000Z,,,/mnt/engg-niulab/yuyao/final_crop/s2_6time_legacy_center_zero_mask_32_to_224/all/GAO20200724t155931p0000-A/pos_10_x240_y228/s2_0.tif,/mnt/engg-niulab/yuyao/final_crop/s2_6time_legacy_center_zero_mask_32_to_224/all/GAO20200724t155931p0000-A/pos_10_x240_y228/s2_prev1.tif,/mnt/engg-niulab/yuyao/final_crop/s2_6time_legacy_center_zero_mask_32_to_224/all/GAO20200724t155931p0000-A/pos_10_x240_y228/s2_prev2.tif,/mnt/engg-niulab/yuyao/final_crop/s2_6time_legacy_center_zero_mask_32_to_224/all/GAO20200724t155931p0000-A/pos_10_x240_y228/s2_prev3.tif,/mnt/engg-niulab/yuyao/final_crop/s2_6time_legacy_center_zero_mask_32_to_224/all/GAO20200724t155931p0000-A/pos_10_x240_y228/s2_seasonal.tif,/mnt/engg-niulab/yuyao/final_crop/s2_6time_legacy_center_zero_mask_32_to_224/all/GAO20200724t155931p0000-A/pos_10_x240_y228/s2_year.tif,/mnt/engg-niulab/yuyao/final_crop/s2_6time_legacy_center_zero_mask_32_to_224/all/GAO20200724t155931p0000-A/pos_10_x240_y228/s2_0.tif,/mnt/engg-niulab/yuyao/final_crop/s2_6time_legacy_center_zero_mask_32_to_224/all/GAO20200724t155931p0000-A/pos_10_x240_y228/s2_0.tif,/mnt/engg-niulab/yuyao/final_crop/s2_6time_legacy_center_zero_mask_32_to_224/all/GAO20200724t155931p0000-A/pos_10_x240_y228/s2_prev1.tif,/mnt/engg-niulab/yuyao/final_crop/s2_6time_legacy_center_zero_mask_32_to_224/all/GAO20200724t155931p0000-A/pos_10_x240_y228/s2_seasonal.tif,/mnt/engg-niulab/yuyao/final_crop/s2_6time_legacy_center_zero_mask_32_to_224/all/GAO20200724t155931p0000-A/pos_10_x240_y228/s2_year.tif
GAO20200724t155931p0000-A,dropped_missing_required_time_or_path,1,/mnt/engg-niulab/yuyao/final_crop/s2_6time_legacy_center_zero_mask_32/all/GAO20200724t155931p0000-A/pos_11_x236_y250,/mnt/engg-niulab/yuyao/final_crop/s2_6time_legacy_center_zero_mask_32/all/GAO20200724t155931p0000-A/pos_11_x236_y250,/mnt/engg-niulab/yuyao/final_crop/s2_6time_legacy_center_zero_mask_32_to_224/all/GAO20200724t155931p0000-A/pos_11_x236_y250/plume.tif,/mnt/engg-niulab/yuyao/final_crop/s2_6time_legacy_center_zero_mask_32_to_224/all/GAO20200724t155931p0000-A/pos_11_x236_y250/plume.tif,/mnt/engg-niulab/yuyao/final_crop/s2_6time_legacy_center_zero_mask_32_to_224/all/GAO20200724t155931p0000-A/pos_11_x236_y250/plume.tif,236,250,236,250,legacy_center_anchor,,31.837426,-103.90162,31.837426,-103.90162,2020-07-24T15:59:31+00,2020-07-24T17:28:59.024000Z,2020-07-19T17:29:01.024000Z,2020-07-14T17:28:59.024000Z,2020-07-09T17:29:01.024000Z,,,/mnt/engg-niulab/yuyao/final_crop/s2_6time_legacy_center_zero_mask_32_to_224/all/GAO20200724t155931p0000-A/pos_11_x236_y250/s2_0.tif,/mnt/engg-niulab/yuyao/final_crop/s2_6time_legacy_center_zero_mask_32_to_224/all/GAO20200724t155931p0000-A/pos_11_x236_y250/s2_prev1.tif,/mnt/engg-niulab/yuyao/final_crop/s2_6time_legacy_center_zero_mask_32_to_224/all/GAO20200724t155931p0000-A/pos_11_x236_y250/s2_prev2.tif,/mnt/engg-niulab/yuyao/final_crop/s2_6time_legacy_center_zero_mask_32_to_224/all/GAO20200724t155931p0000-A/pos_11_x236_y250/s2_prev3.tif,/mnt/engg-niulab/yuyao/final_crop/s2_6time_legacy_center_zero_mask_32_to_224/all/GAO20200724t155931p0000-A/pos_11_x236_y250/s2_seasonal.tif,/mnt/engg-niulab/yuyao/final_crop/s2_6time_legacy_center_zero_mask_32_to_224/all/GAO20200724t155931p0000-A/pos_11_x236_y250/s2_year.tif,/mnt/engg-niulab/yuyao/final_crop/s2_6time_legacy_center_zero_mask_32_to_224/all/GAO20200724t155931p0000-A/pos_11_x236_y250/s2_0.tif,/mnt/engg-niulab/yuyao/final_crop/s2_6time_legacy_center_zero_mask_32_to_224/all/GAO20200724t155931p0000-A/pos_11_x236_y250/s2_0.tif,/mnt/engg-niulab/yuyao/final_crop/s2_6time_legacy_center_zero_mask_32_to_224/all/GAO20200724t155931p0000-A/pos_11_x236_y250/s2_prev1.tif,/mnt/engg-niulab/yuyao/final_crop/s2_6time_legacy_center_zero_mask_32_to_224/all/GAO20200724t155931p0000-A/pos_11_x236_y250/s2_seasonal.tif,/mnt/engg-niulab/yuyao/final_crop/s2_6time_legacy_center_zero_mask_32_to_224/all/GAO20200724t155931p0000-A/pos_11_x236_y250/s2_year.tif
GAO20200724t155931p0000-A,dropped_missing_required_time_or_path,1,/mnt/engg-niulab/yuyao/final_crop/s2_6time_legacy_center_zero_mask_32/all/GAO20200724t155931p0000-A/pos_12_x253_y235,/mnt/engg-niulab/yuyao/final_crop/s2_6time_legacy_center_zero_mask_32/all/GAO20200724t155931p0000-A/pos_12_x253_y235,/mnt/engg-niulab/yuyao/final_crop/s2_6time_legacy_center_zero_mask_32_to_224/all/GAO20200724t155931p0000-A/pos_12_x253_y235/plume.tif,/mnt/engg-niulab/yuyao/final_crop/s2_6time_legacy_center_zero_mask_32_to_224/all/GAO20200724t155931p0000-A/pos_12_x253_y235/plume.tif,/mnt/engg-niulab/yuyao/final_crop/s2_6time_legacy_center_zero_mask_32_to_224/all/GAO20200724t155931p0000-A/pos_12_x253_y235/plume.tif,253,235,253,235,legacy_center_anchor,,31.837426,-103.90162,31.837426,-103.90162,2020-07-24T15:59:31+00,2020-07-24T17:28:59.024000Z,2020-07-19T17:29:01.024000Z,2020-07-14T17:28:59.024000Z,2020-07-09T17:29:01.024000Z,,,/mnt/engg-niulab/yuyao/final_crop/s2_6time_legacy_center_zero_mask_32_to_224/all/GAO20200724t155931p0000-A/pos_12_x253_y235/s2_0.tif,/mnt/engg-niulab/yuyao/final_crop/s2_6time_legacy_center_zero_mask_32_to_224/all/GAO20200724t155931p0000-A/pos_12_x253_y235/s2_prev1.tif,/mnt/engg-niulab/yuyao/final_crop/s2_6time_legacy_center_zero_mask_32_to_224/all/GAO20200724t155931p0000-A/pos_12_x253_y235/s2_prev2.tif,/mnt/engg-niulab/yuyao/final_crop/s2_6time_legacy_center_zero_mask_32_to_224/all/GAO20200724t155931p0000-A/pos_12_x253_y235/s2_prev3.tif,/mnt/engg-niulab/yuyao/final_crop/s2_6time_legacy_center_zero_mask_32_to_224/all/GAO20200724t155931p0000-A/pos_12_x253_y235/s2_seasonal.tif,/mnt/engg-niulab/yuyao/final_crop/s2_6time_legacy_center_zero_mask_32_to_224/all/GAO20200724t155931p0000-A/pos_12_x253_y235/s2_year.tif,/mnt/engg-niulab/yuyao/final_crop/s2_6time_legacy_center_zero_mask_32_to_224/all/GAO20200724t155931p0000-A/pos_12_x253_y235/s2_0.tif,/mnt/engg-niulab/yuyao/final_crop/s2_6time_legacy_center_zero_mask_32_to_224/all/GAO20200724t155931p0000-A/pos_12_x253_y235/s2_0.tif,/mnt/engg-niulab/yuyao/final_crop/s2_6time_legacy_center_zero_mask_32_to_224/all/GAO20200724t155931p0000-A/pos_12_x253_y235/s2_prev1.tif,/mnt/engg-niulab/yuyao/final_crop/s2_6time_legacy_center_zero_mask_32_to_224/all/GAO20200724t155931p0000-A/pos_12_x253_y235/s2_seasonal.tif,/mnt/engg-niulab/yuyao/final_crop/s2_6time_legacy_center_zero_mask_32_to_224/all/GAO20200724t155931p0000-A/pos_12_x253_y235/s2_year.tif
GAO20200724t155931p0000-A,dropped_missing_required_time_or_path,1,/mnt/engg-niulab/yuyao/final_crop/s2_6time_legacy_center_zero_mask_32/all/GAO20200724t155931p0000-A/pos_13_x239_y229,/mnt/engg-niulab/yuyao/final_crop/s2_6time_legacy_center_zero_mask_32/all/GAO20200724t155931p0000-A/pos_13_x239_y229,/mnt/engg-niulab/yuyao/final_crop/s2_6time_legacy_center_zero_mask_32_to_224/all/GAO20200724t155931p0000-A/pos_13_x239_y229/plume.tif,/mnt/engg-niulab/yuyao/final_crop/s2_6time_legacy_center_zero_mask_32_to_224/all/GAO20200724t155931p0000-A/pos_13_x239_y229/plume.tif,/mnt/engg-niulab/yuyao/final_crop/s2_6time_legacy_center_zero_mask_32_to_224/all/GAO20200724t155931p0000-A/pos_13_x239_y229/plume.tif,239,229,239,229,legacy_center_anchor,,31.837426,-103.90162,31.837426,-103.90162,2020-07-24T15:59:31+00,2020-07-24T17:28:59.024000Z,2020-07-19T17:29:01.024000Z,2020-07-14T17:28:59.024000Z,2020-07-09T17:29:01.024000Z,,,/mnt/engg-niulab/yuyao/final_crop/s2_6time_legacy_center_zero_mask_32_to_224/all/GAO20200724t155931p0000-A/pos_13_x239_y229/s2_0.tif,/mnt/engg-niulab/yuyao/final_crop/s2_6time_legacy_center_zero_mask_32_to_224/all/GAO20200724t155931p0000-A/pos_13_x239_y229/s2_prev1.tif,/mnt/engg-niulab/yuyao/final_crop/s2_6time_legacy_center_zero_mask_32_to_224/all/GAO20200724t155931p0000-A/pos_13_x239_y229/s2_prev2.tif,/mnt/engg-niulab/yuyao/final_crop/s2_6time_legacy_center_zero_mask_32_to_224/all/GAO20200724t155931p0000-A/pos_13_x239_y229/s2_prev3.tif,/mnt/engg-niulab/yuyao/final_crop/s2_6time_legacy_center_zero_mask_32_to_224/all/GAO20200724t155931p0000-A/pos_13_x239_y229/s2_seasonal.tif,/mnt/engg-niulab/yuyao/final_crop/s2_6time_legacy_center_zero_mask_32_to_224/all/GAO20200724t155931p0000-A/pos_13_x239_y229/s2_year.tif,/mnt/engg-niulab/yuyao/final_crop/s2_6time_legacy_center_zero_mask_32_to_224/all/GAO20200724t155931p0000-A/pos_13_x239_y229/s2_0.tif,/mnt/engg-niulab/yuyao/final_crop/s2_6time_legacy_center_zero_mask_32_to_224/all/GAO20200724t155931p0000-A/pos_13_x239_y229/s2_0.tif,/mnt/engg-niulab/yuyao/final_crop/s2_6time_legacy_center_zero_mask_32_to_224/all/GAO20200724t155931p0000-A/pos_13_x239_y229/s2_prev1.tif,/mnt/engg-niulab/yuyao/final_crop/s2_6time_legacy_center_zero_mask_32_to_224/all/GAO20200724t155931p0000-A/pos_13_x239_y229/s2_seasonal.tif,/mnt/engg-niulab/yuyao/final_crop/s2_6time_legacy_center_zero_mask_32_to_224/all/GAO20200724t155931p0000-A/pos_13_x239_y229/s2_year.tif
GAO20200724t155931p0000-A,dropped_missing_required_time_or_path,1,/mnt/engg-niulab/yuyao/final_crop/s2_6time_legacy_center_zero_mask_32/all/GAO20200724t155931p0000-A/pos_14_x243_y226,/mnt/engg-niulab/yuyao/final_crop/s2_6time_legacy_center_zero_mask_32/all/GAO20200724t155931p0000-A/pos_14_x243_y226,/mnt/engg-niulab/yuyao/final_crop/s2_6time_legacy_center_zero_mask_32_to_224/all/GAO20200724t155931p0000-A/pos_14_x243_y226/plume.tif,/mnt/engg-niulab/yuyao/final_crop/s2_6time_legacy_center_zero_mask_32_to_224/all/GAO20200724t155931p0000-A/pos_14_x243_y226/plume.tif,/mnt/engg-niulab/yuyao/final_crop/s2_6time_legacy_center_zero_mask_32_to_224/all/GAO20200724t155931p0000-A/pos_14_x243_y226/plume.tif,243,226,243,226,legacy_center_anchor,,31.837426,-103.90162,31.837426,-103.90162,2020-07-24T15:59:31+00,2020-07-24T17:28:59.024000Z,2020-07-19T17:29:01.024000Z,2020-07-14T17:28:59.024000Z,2020-07-09T17:29:01.024000Z,,,/mnt/engg-niulab/yuyao/final_crop/s2_6time_legacy_center_zero_mask_32_to_224/all/GAO20200724t155931p0000-A/pos_14_x243_y226/s2_0.tif,/mnt/engg-niulab/yuyao/final_crop/s2_6time_legacy_center_zero_mask_32_to_224/all/GAO20200724t155931p0000-A/pos_14_x243_y226/s2_prev1.tif,/mnt/engg-niulab/yuyao/final_crop/s2_6time_legacy_center_zero_mask_32_to_224/all/GAO20200724t155931p0000-A/pos_14_x243_y226/s2_prev2.tif,/mnt/engg-niulab/yuyao/final_crop/s2_6time_legacy_center_zero_mask_32_to_224/all/GAO20200724t155931p0000-A/pos_14_x243_y226/s2_prev3.tif,/mnt/engg-niulab/yuyao/final_crop/s2_6time_legacy_center_zero_mask_32_to_224/all/GAO20200724t155931p0000-A/pos_14_x243_y226/s2_seasonal.tif,/mnt/engg-niulab/yuyao/final_crop/s2_6time_legacy_center_zero_mask_32_to_224/all/GAO20200724t155931p0000-A/pos_14_x243_y226/s2_year.tif,/mnt/engg-niulab/yuyao/final_crop/s2_6time_legacy_center_zero_mask_32_to_224/all/GAO20200724t155931p0000-A/pos_14_x243_y226/s2_0.tif,/mnt/engg-niulab/yuyao/final_crop/s2_6time_legacy_center_zero_mask_32_to_224/all/GAO20200724t155931p0000-A/pos_14_x243_y226/s2_0.tif,/mnt/engg-niulab/yuyao/final_crop/s2_6time_legacy_center_zero_mask_32_to_224/all/GAO20200724t155931p0000-A/pos_14_x243_y226/s2_prev1.tif,/mnt/engg-niulab/yuyao/final_crop/s2_6time_legacy_center_zero_mask_32_to_224/all/GAO20200724t155931p0000-A/pos_14_x243_y226/s2_seasonal.tif,/mnt/engg-niulab/yuyao/final_crop/s2_6time_legacy_center_zero_mask_32_to_224/all/GAO20200724t155931p0000-A/pos_14_x243_y226/s2_year.tif
GAO20200724t155931p0000-A,dropped_missing_required_time_or_path,1,/mnt/engg-niulab/yuyao/final_crop/s2_6time_legacy_center_zero_mask_32/all/GAO20200724t155931p0000-A/pos_15_x235_y248,/mnt/engg-niulab/yuyao/final_crop/s2_6time_legacy_center_zero_mask_32/all/GAO20200724t155931p0000-A/pos_15_x235_y248,/mnt/engg-niulab/yuyao/final_crop/s2_6time_legacy_center_zero_mask_32_to_224/all/GAO20200724t155931p0000-A/pos_15_x235_y248/plume.tif,/mnt/engg-niulab/yuyao/final_crop/s2_6time_legacy_center_zero_mask_32_to_224/all/GAO20200724t155931p0000-A/pos_15_x235_y248/plume.tif,/mnt/engg-niulab/yuyao/final_crop/s2_6time_legacy_center_zero_mask_32_to_224/all/GAO20200724t155931p0000-A/pos_15_x235_y248/plume.tif,235,248,235,248,legacy_center_anchor,,31.837426,-103.90162,31.837426,-103.90162,2020-07-24T15:59:31+00,2020-07-24T17:28:59.024000Z,2020-07-19T17:29:01.024000Z,2020-07-14T17:28:59.024000Z,2020-07-09T17:29:01.024000Z,,,/mnt/engg-niulab/yuyao/final_crop/s2_6time_legacy_center_zero_mask_32_to_224/all/GAO20200724t155931p0000-A/pos_15_x235_y248/s2_0.tif,/mnt/engg-niulab/yuyao/final_crop/s2_6time_legacy_center_zero_mask_32_to_224/all/GAO20200724t155931p0000-A/pos_15_x235_y248/s2_prev1.tif,/mnt/engg-niulab/yuyao/final_crop/s2_6time_legacy_center_zero_mask_32_to_224/all/GAO20200724t155931p0000-A/pos_15_x235_y248/s2_prev2.tif,/mnt/engg-niulab/yuyao/final_crop/s2_6time_legacy_center_zero_mask_32_to_224/all/GAO20200724t155931p0000-A/pos_15_x235_y248/s2_prev3.tif,/mnt/engg-niulab/yuyao/final_crop/s2_6time_legacy_center_zero_mask_32_to_224/all/GAO20200724t155931p0000-A/pos_15_x235_y248/s2_seasonal.tif,/mnt/engg-niulab/yuyao/final_crop/s2_6time_legacy_center_zero_mask_32_to_224/all/GAO20200724t155931p0000-A/pos_15_x235_y248/s2_year.tif,/mnt/engg-niulab/yuyao/final_crop/s2_6time_legacy_center_zero_mask_32_to_224/all/GAO20200724t155931p0000-A/pos_15_x235_y248/s2_0.tif,/mnt/engg-niulab/yuyao/final_crop/s2_6time_legacy_center_zero_mask_32_to_224/all/GAO20200724t155931p0000-A/pos_15_x235_y248/s2_0.tif,/mnt/engg-niulab/yuyao/final_crop/s2_6time_legacy_center_zero_mask_32_to_224/all/GAO20200724t155931p0000-A/pos_15_x235_y248/s2_prev1.tif,/mnt/engg-niulab/yuyao/final_crop/s2_6time_legacy_center_zero_mask_32_to_224/all/GAO20200724t155931p0000-A/pos_15_x235_y248/s2_seasonal.tif,/mnt/engg-niulab/yuyao/final_crop/s2_6time_legacy_center_zero_mask_32_to_224/all/GAO20200724t155931p0000-A/pos_15_x235_y248/s2_year.tif
GAO20200724t155931p0000-A,dropped_missing_required_time_or_path,0,/mnt/engg-niulab/yuyao/final_crop/s2_6time_legacy_center_zero_mask_32/all/GAO20200724t155931p0000-A/neg_00_x448_y353,/mnt/engg-niulab/yuyao/final_crop/s2_6time_legacy_center_zero_mask_32/all/GAO20200724t155931p0000-A/neg_00_x448_y353,/mnt/engg-niulab/yuyao/final_crop/s2_6time_legacy_center_zero_mask_32_to_224/all/GAO20200724t155931p0000-A/neg_00_x448_y353/plume.tif,/mnt/engg-niulab/yuyao/final_crop/s2_6time_legacy_center_zero_mask_32_to_224/all/GAO20200724t155931p0000-A/neg_00_x448_y353/plume.tif,/mnt/engg-niulab/yuyao/final_crop/s2_6time_legacy_center_zero_mask_32_to_224/all/GAO20200724t155931p0000-A/neg_00_x448_y353/plume.tif,448,353,448,353,legacy_center_anchor,,31.837426,-103.90162,31.837426,-103.90162,2020-07-24T15:59:31+00,2020-07-24T17:28:59.024000Z,2020-07-19T17:29:01.024000Z,2020-07-14T17:28:59.024000Z,2020-07-09T17:29:01.024000Z,,,/mnt/engg-niulab/yuyao/final_crop/s2_6time_legacy_center_zero_mask_32_to_224/all/GAO20200724t155931p0000-A/neg_00_x448_y353/s2_0.tif,/mnt/engg-niulab/yuyao/final_crop/s2_6time_legacy_center_zero_mask_32_to_224/all/GAO20200724t155931p0000-A/neg_00_x448_y353/s2_prev1.tif,/mnt/engg-niulab/yuyao/final_crop/s2_6time_legacy_center_zero_mask_32_to_224/all/GAO20200724t155931p0000-A/neg_00_x448_y353/s2_prev2.tif,/mnt/engg-niulab/yuyao/final_crop/s2_6time_legacy_center_zero_mask_32_to_224/all/GAO20200724t155931p0000-A/neg_00_x448_y353/s2_prev3.tif,/mnt/engg-niulab/yuyao/final_crop/s2_6time_legacy_center_zero_mask_32_to_224/all/GAO20200724t155931p0000-A/neg_00_x448_y353/s2_seasonal.tif,/mnt/engg-niulab/yuyao/final_crop/s2_6time_legacy_center_zero_mask_32_to_224/all/GAO20200724t155931p0000-A/neg_00_x448_y353/s2_year.tif,/mnt/engg-niulab/yuyao/final_crop/s2_6time_legacy_center_zero_mask_32_to_224/all/GAO20200724t155931p0000-A/neg_00_x448_y353/s2_0.tif,/mnt/engg-niulab/yuyao/final_crop/s2_6time_legacy_center_zero_mask_32_to_224/all/GAO20200724t155931p0000-A/neg_00_x448_y353/s2_0.tif,/mnt/engg-niulab/yuyao/final_crop/s2_6time_legacy_center_zero_mask_32_to_224/all/GAO20200724t155931p0000-A/neg_00_x448_y353/s2_prev1.tif,/mnt/engg-niulab/yuyao/final_crop/s2_6time_legacy_center_zero_mask_32_to_224/all/GAO20200724t155931p0000-A/neg_00_x448_y353/s2_seasonal.tif,/mnt/engg-niulab/yuyao/final_crop/s2_6time_legacy_center_zero_mask_32_to_224/all/GAO20200724t155931p0000-A/neg_00_x448_y353/s2_year.tif
GAO20200724t155931p0000-A,dropped_missing_required_time_or_path,0,/mnt/engg-niulab/yuyao/final_crop/s2_6time_legacy_center_zero_mask_32/all/GAO20200724t155931p0000-A/neg_01_x32_y341,/mnt/engg-niulab/yuyao/final_crop/s2_6time_legacy_center_zero_mask_32/all/GAO20200724t155931p0000-A/neg_01_x32_y341,/mnt/engg-niulab/yuyao/final_crop/s2_6time_legacy_center_zero_mask_32_to_224/all/GAO20200724t155931p0000-A/neg_01_x32_y341/plume.tif,/mnt/engg-niulab/yuyao/final_crop/s2_6time_legacy_center_zero_mask_32_to_224/all/GAO20200724t155931p0000-A/neg_01_x32_y341/plume.tif,/mnt/engg-niulab/yuyao/final_crop/s2_6time_legacy_center_zero_mask_32_to_224/all/GAO20200724t155931p0000-A/neg_01_x32_y341/plume.tif,32,341,32,341,legacy_center_anchor,,31.837426,-103.90162,31.837426,-103.90162,2020-07-24T15:59:31+00,2020-07-24T17:28:59.024000Z,2020-07-19T17:29:01.024000Z,2020-07-14T17:28:59.024000Z,2020-07-09T17:29:01.024000Z,,,/mnt/engg-niulab/yuyao/final_crop/s2_6time_legacy_center_zero_mask_32_to_224/all/GAO20200724t155931p0000-A/neg_01_x32_y341/s2_0.tif,/mnt/engg-niulab/yuyao/final_crop/s2_6time_legacy_center_zero_mask_32_to_224/all/GAO20200724t155931p0000-A/neg_01_x32_y341/s2_prev1.tif,/mnt/engg-niulab/yuyao/final_crop/s2_6time_legacy_center_zero_mask_32_to_224/all/GAO20200724t155931p0000-A/neg_01_x32_y341/s2_prev2.tif,/mnt/engg-niulab/yuyao/final_crop/s2_6time_legacy_center_zero_mask_32_to_224/all/GAO20200724t155931p0000-A/neg_01_x32_y341/s2_prev3.tif,/mnt/engg-niulab/yuyao/final_crop/s2_6time_legacy_center_zero_mask_32_to_224/all/GAO20200724t155931p0000-A/neg_01_x32_y341/s2_seasonal.tif,/mnt/engg-niulab/yuyao/final_crop/s2_6time_legacy_center_zero_mask_32_to_224/all/GAO20200724t155931p0000-A/neg_01_x32_y341/s2_year.tif,/mnt/engg-niulab/yuyao/final_crop/s2_6time_legacy_center_zero_mask_32_to_224/all/GAO20200724t155931p0000-A/neg_01_x32_y341/s2_0.tif,/mnt/engg-niulab/yuyao/final_crop/s2_6time_legacy_center_zero_mask_32_to_224/all/GAO20200724t155931p0000-A/neg_01_x32_y341/s2_0.tif,/mnt/engg-niulab/yuyao/final_crop/s2_6time_legacy_center_zero_mask_32_to_224/all/GAO20200724t155931p0000-A/neg_01_x32_y341/s2_prev1.tif,/mnt/engg-niulab/yuyao/final_crop/s2_6time_legacy_center_zero_mask_32_to_224/all/GAO20200724t155931p0000-A/neg_01_x32_y341/s2_seasonal.tif,/mnt/engg-niulab/yuyao/final_crop/s2_6time_legacy_center_zero_mask_32_to_224/all/GAO20200724t155931p0000-A/neg_01_x32_y341/s2_year.tif
GAO20200724t155931p0000-A,dropped_missing_required_time_or_path,0,/mnt/engg-niulab/yuyao/final_crop/s2_6time_legacy_center_zero_mask_32/all/GAO20200724t155931p0000-A/neg_02_x162_y284,/mnt/engg-niulab/yuyao/final_crop/s2_6time_legacy_center_zero_mask_32/all/GAO20200724t155931p0000-A/neg_02_x162_y284,/mnt/engg-niulab/yuyao/final_crop/s2_6time_legacy_center_zero_mask_32_to_224/all/GAO20200724t155931p0000-A/neg_02_x162_y284/plume.tif,/mnt/engg-niulab/yuyao/final_crop/s2_6time_legacy_center_zero_mask_32_to_224/all/GAO20200724t155931p0000-A/neg_02_x162_y284/plume.tif,/mnt/engg-niulab/yuyao/final_crop/s2_6time_legacy_center_zero_mask_32_to_224/all/GAO20200724t155931p0000-A/neg_02_x162_y284/plume.tif,162,284,162,284,legacy_center_anchor,,31.837426,-103.90162,31.837426,-103.90162,2020-07-24T15:59:31+00,2020-07-24T17:28:59.024000Z,2020-07-19T17:29:01.024000Z,2020-07-14T17:28:59.024000Z,2020-07-09T17:29:01.024000Z,,,/mnt/engg-niulab/yuyao/final_crop/s2_6time_legacy_center_zero_mask_32_to_224/all/GAO20200724t155931p0000-A/neg_02_x162_y284/s2_0.tif,/mnt/engg-niulab/yuyao/final_crop/s2_6time_legacy_center_zero_mask_32_to_224/all/GAO20200724t155931p0000-A/neg_02_x162_y284/s2_prev1.tif,/mnt/engg-niulab/yuyao/final_crop/s2_6time_legacy_center_zero_mask_32_to_224/all/GAO20200724t155931p0000-A/neg_02_x162_y284/s2_prev2.tif,/mnt/engg-niulab/yuyao/final_crop/s2_6time_legacy_center_zero_mask_32_to_224/all/GAO20200724t155931p0000-A/neg_02_x162_y284/s2_prev3.tif,/mnt/engg-niulab/yuyao/final_crop/s2_6time_legacy_center_zero_mask_32_to_224/all/GAO20200724t155931p0000-A/neg_02_x162_y284/s2_seasonal.tif,/mnt/engg-niulab/yuyao/final_crop/s2_6time_legacy_center_zero_mask_32_to_224/all/GAO20200724t155931p0000-A/neg_02_x162_y284/s2_year.tif,/mnt/engg-niulab/yuyao/final_crop/s2_6time_legacy_center_zero_mask_32_to_224/all/GAO20200724t155931p0000-A/neg_02_x162_y284/s2_0.tif,/mnt/engg-niulab/yuyao/final_crop/s2_6time_legacy_center_zero_mask_32_to_224/all/GAO20200724t155931p0000-A/neg_02_x162_y284/s2_0.tif,/mnt/engg-niulab/yuyao/final_crop/s2_6time_legacy_center_zero_mask_32_to_224/all/GAO20200724t155931p0000-A/neg_02_x162_y284/s2_prev1.tif,/mnt/engg-niulab/yuyao/final_crop/s2_6time_legacy_center_zero_mask_32_to_224/all/GAO20200724t155931p0000-A/neg_02_x162_y284/s2_seasonal.tif,/mnt/engg-niulab/yuyao/final_crop/s2_6time_legacy_center_zero_mask_32_to_224/all/GAO20200724t155931p0000-A/neg_02_x162_y284/s2_year.tif
GAO20200724t155931p0000-A,dropped_missing_required_time_or_path,0,/mnt/engg-niulab/yuyao/final_crop/s2_6time_legacy_center_zero_mask_32/all/GAO20200724t155931p0000-A/neg_03_x69_y434,/mnt/engg-niulab/yuyao/final_crop/s2_6time_legacy_center_zero_mask_32/all/GAO20200724t155931p0000-A/neg_03_x69_y434,/mnt/engg-niulab/yuyao/final_crop/s2_6time_legacy_center_zero_mask_32_to_224/all/GAO20200724t155931p0000-A/neg_03_x69_y434/plume.tif,/mnt/engg-niulab/yuyao/final_crop/s2_6time_legacy_center_zero_mask_32_to_224/all/GAO20200724t155931p0000-A/neg_03_x69_y434/plume.tif,/mnt/engg-niulab/yuyao/final_crop/s2_6time_legacy_center_zero_mask_32_to_224/all/GAO20200724t155931p0000-A/neg_03_x69_y434/plume.tif,69,434,69,434,legacy_center_anchor,,31.837426,-103.90162,31.837426,-103.90162,2020-07-24T15:59:31+00,2020-07-24T17:28:59.024000Z,2020-07-19T17:29:01.024000Z,2020-07-14T17:28:59.024000Z,2020-07-09T17:29:01.024000Z,,,/mnt/engg-niulab/yuyao/final_crop/s2_6time_legacy_center_zero_mask_32_to_224/all/GAO20200724t155931p0000-A/neg_03_x69_y434/s2_0.tif,/mnt/engg-niulab/yuyao/final_crop/s2_6time_legacy_center_zero_mask_32_to_224/all/GAO20200724t155931p0000-A/neg_03_x69_y434/s2_prev1.tif,/mnt/engg-niulab/yuyao/final_crop/s2_6time_legacy_center_zero_mask_32_to_224/all/GAO20200724t155931p0000-A/neg_03_x69_y434/s2_prev2.tif,/mnt/engg-niulab/yuyao/final_crop/s2_6time_legacy_center_zero_mask_32_to_224/all/GAO20200724t155931p0000-A/neg_03_x69_y434/s2_prev3.tif,/mnt/engg-niulab/yuyao/final_crop/s2_6time_legacy_center_zero_mask_32_to_224/all/GAO20200724t155931p0000-A/neg_03_x69_y434/s2_seasonal.tif,/mnt/engg-niulab/yuyao/final_crop/s2_6time_legacy_center_zero_mask_32_to_224/all/GAO20200724t155931p0000-A/neg_03_x69_y434/s2_year.tif,/mnt/engg-niulab/yuyao/final_crop/s2_6time_legacy_center_zero_mask_32_to_224/all/GAO20200724t155931p0000-A/neg_03_x69_y434/s2_0.tif,/mnt/engg-niulab/yuyao/final_crop/s2_6time_legacy_center_zero_mask_32_to_224/all/GAO20200724t155931p0000-A/neg_03_x69_y434/s2_0.tif,/mnt/engg-niulab/yuyao/final_crop/s2_6time_legacy_center_zero_mask_32_to_224/all/GAO20200724t155931p0000-A/neg_03_x69_y434/s2_prev1.tif,/mnt/engg-niulab/yuyao/final_crop/s2_6time_legacy_center_zero_mask_32_to_224/all/GAO20200724t155931p0000-A/neg_03_x69_y434/s2_seasonal.tif,/mnt/engg-niulab/yuyao/final_crop/s2_6time_legacy_center_zero_mask_32_to_224/all/GAO20200724t155931p0000-A/neg_03_x69_y434/s2_year.tif
GAO20200724t155931p0000-A,dropped_missing_required_time_or_path,0,/mnt/engg-niulab/yuyao/final_crop/s2_6time_legacy_center_zero_mask_32/all/GAO20200724t155931p0000-A/neg_04_x165_y160,/mnt/engg-niulab/yuyao/final_crop/s2_6time_legacy_center_zero_mask_32/all/GAO20200724t155931p0000-A/neg_04_x165_y160,/mnt/engg-niulab/yuyao/final_crop/s2_6time_legacy_center_zero_mask_32_to_224/all/GAO20200724t155931p0000-A/neg_04_x165_y160/plume.tif,/mnt/engg-niulab/yuyao/final_crop/s2_6time_legacy_center_zero_mask_32_to_224/all/GAO20200724t155931p0000-A/neg_04_x165_y160/plume.tif,/mnt/engg-niulab/yuyao/final_crop/s2_6time_legacy_center_zero_mask_32_to_224/all/GAO20200724t155931p0000-A/neg_04_x165_y160/plume.tif,165,160,165,160,legacy_center_anchor,,31.837426,-103.90162,31.837426,-103.90162,2020-07-24T15:59:31+00,2020-07-24T17:28:59.024000Z,2020-07-19T17:29:01.024000Z,2020-07-14T17:28:59.024000Z,2020-07-09T17:29:01.024000Z,,,/mnt/engg-niulab/yuyao/final_crop/s2_6time_legacy_center_zero_mask_32_to_224/all/GAO20200724t155931p0000-A/neg_04_x165_y160/s2_0.tif,/mnt/engg-niulab/yuyao/final_crop/s2_6time_legacy_center_zero_mask_32_to_224/all/GAO20200724t155931p0000-A/neg_04_x165_y160/s2_prev1.tif,/mnt/engg-niulab/yuyao/final_crop/s2_6time_legacy_center_zero_mask_32_to_224/all/GAO20200724t155931p0000-A/neg_04_x165_y160/s2_prev2.tif,/mnt/engg-niulab/yuyao/final_crop/s2_6time_legacy_center_zero_mask_32_to_224/all/GAO20200724t155931p0000-A/neg_04_x165_y160/s2_prev3.tif,/mnt/engg-niulab/yuyao/final_crop/s2_6time_legacy_center_zero_mask_32_to_224/all/GAO20200724t155931p0000-A/neg_04_x165_y160/s2_seasonal.tif,/mnt/engg-niulab/yuyao/final_crop/s2_6time_legacy_center_zero_mask_32_to_224/all/GAO20200724t155931p0000-A/neg_04_x165_y160/s2_year.tif,/mnt/engg-niulab/yuyao/final_crop/s2_6time_legacy_center_zero_mask_32_to_224/all/GAO20200724t155931p0000-A/neg_04_x165_y160/s2_0.tif,/mnt/engg-niulab/yuyao/final_crop/s2_6time_legacy_center_zero_mask_32_to_224/all/GAO20200724t155931p0000-A/neg_04_x165_y160/s2_0.tif,/mnt/engg-niulab/yuyao/final_crop/s2_6time_legacy_center_zero_mask_32_to_224/all/GAO20200724t155931p0000-A/neg_04_x165_y160/s2_prev1.tif,/mnt/engg-niulab/yuyao/final_crop/s2_6time_legacy_center_zero_mask_32_to_224/all/GAO20200724t155931p0000-A/neg_04_x165_y160/s2_seasonal.tif,/mnt/engg-niulab/yuyao/final_crop/s2_6time_legacy_center_zero_mask_32_to_224/all/GAO20200724t155931p0000-A/neg_04_x165_y160/s2_year.tif
GAO20200724t155931p0000-A,dropped_missing_required_time_or_path,0,/mnt/engg-niulab/yuyao/final_crop/s2_6time_legacy_center_zero_mask_32/all/GAO20200724t155931p0000-A/neg_05_x39_y333,/mnt/engg-niulab/yuyao/final_crop/s2_6time_legacy_center_zero_mask_32/all/GAO20200724t155931p0000-A/neg_05_x39_y333,/mnt/engg-niulab/yuyao/final_crop/s2_6time_legacy_center_zero_mask_32_to_224/all/GAO20200724t155931p0000-A/neg_05_x39_y333/plume.tif,/mnt/engg-niulab/yuyao/final_crop/s2_6time_legacy_center_zero_mask_32_to_224/all/GAO20200724t155931p0000-A/neg_05_x39_y333/plume.tif,/mnt/engg-niulab/yuyao/final_crop/s2_6time_legacy_center_zero_mask_32_to_224/all/GAO20200724t155931p0000-A/neg_05_x39_y333/plume.tif,39,333,39,333,legacy_center_anchor,,31.837426,-103.90162,31.837426,-103.90162,2020-07-24T15:59:31+00,2020-07-24T17:28:59.024000Z,2020-07-19T17:29:01.024000Z,2020-07-14T17:28:59.024000Z,2020-07-09T17:29:01.024000Z,,,/mnt/engg-niulab/yuyao/final_crop/s2_6time_legacy_center_zero_mask_32_to_224/all/GAO20200724t155931p0000-A/neg_05_x39_y333/s2_0.tif,/mnt/engg-niulab/yuyao/final_crop/s2_6time_legacy_center_zero_mask_32_to_224/all/GAO20200724t155931p0000-A/neg_05_x39_y333/s2_prev1.tif,/mnt/engg-niulab/yuyao/final_crop/s2_6time_legacy_center_zero_mask_32_to_224/all/GAO20200724t155931p0000-A/neg_05_x39_y333/s2_prev2.tif,/mnt/engg-niulab/yuyao/final_crop/s2_6time_legacy_center_zero_mask_32_to_224/all/GAO20200724t155931p0000-A/neg_05_x39_y333/s2_prev3.tif,/mnt/engg-niulab/yuyao/final_crop/s2_6time_legacy_center_zero_mask_32_to_224/all/GAO20200724t155931p0000-A/neg_05_x39_y333/s2_seasonal.tif,/mnt/engg-niulab/yuyao/final_crop/s2_6time_legacy_center_zero_mask_32_to_224/all/GAO20200724t155931p0000-A/neg_05_x39_y333/s2_year.tif,/mnt/engg-niulab/yuyao/final_crop/s2_6time_legacy_center_zero_mask_32_to_224/all/GAO20200724t155931p0000-A/neg_05_x39_y333/s2_0.tif,/mnt/engg-niulab/yuyao/final_crop/s2_6time_legacy_center_zero_mask_32_to_224/all/GAO20200724t155931p0000-A/neg_05_x39_y333/s2_0.tif,/mnt/engg-niulab/yuyao/final_crop/s2_6time_legacy_center_zero_mask_32_to_224/all/GAO20200724t155931p0000-A/neg_05_x39_y333/s2_prev1.tif,/mnt/engg-niulab/yuyao/final_crop/s2_6time_legacy_center_zero_mask_32_to_224/all/GAO20200724t155931p0000-A/neg_05_x39_y333/s2_seasonal.tif,/mnt/engg-niulab/yuyao/final_crop/s2_6time_legacy_center_zero_mask_32_to_224/all/GAO20200724t155931p0000-A/neg_05_x39_y333/s2_year.tif
GAO20200724t155931p0000-A,dropped_missing_required_time_or_path,0,/mnt/engg-niulab/yuyao/final_crop/s2_6time_legacy_center_zero_mask_32/all/GAO20200724t155931p0000-A/neg_06_x236_y427,/mnt/engg-niulab/yuyao/final_crop/s2_6time_legacy_center_zero_mask_32/all/GAO20200724t155931p0000-A/neg_06_x236_y427,/mnt/engg-niulab/yuyao/final_crop/s2_6time_legacy_center_zero_mask_32_to_224/all/GAO20200724t155931p0000-A/neg_06_x236_y427/plume.tif,/mnt/engg-niulab/yuyao/final_crop/s2_6time_legacy_center_zero_mask_32_to_224/all/GAO20200724t155931p0000-A/neg_06_x236_y427/plume.tif,/mnt/engg-niulab/yuyao/final_crop/s2_6time_legacy_center_zero_mask_32_to_224/all/GAO20200724t155931p0000-A/neg_06_x236_y427/plume.tif,236,427,236,427,legacy_center_anchor,,31.837426,-103.90162,31.837426,-103.90162,2020-07-24T15:59:31+00,2020-07-24T17:28:59.024000Z,2020-07-19T17:29:01.024000Z,2020-07-14T17:28:59.024000Z,2020-07-09T17:29:01.024000Z,,,/mnt/engg-niulab/yuyao/final_crop/s2_6time_legacy_center_zero_mask_32_to_224/all/GAO20200724t155931p0000-A/neg_06_x236_y427/s2_0.tif,/mnt/engg-niulab/yuyao/final_crop/s2_6time_legacy_center_zero_mask_32_to_224/all/GAO20200724t155931p0000-A/neg_06_x236_y427/s2_prev1.tif,/mnt/engg-niulab/yuyao/final_crop/s2_6time_legacy_center_zero_mask_32_to_224/all/GAO20200724t155931p0000-A/neg_06_x236_y427/s2_prev2.tif,/mnt/engg-niulab/yuyao/final_crop/s2_6time_legacy_center_zero_mask_32_to_224/all/GAO20200724t155931p0000-A/neg_06_x236_y427/s2_prev3.tif,/mnt/engg-niulab/yuyao/final_crop/s2_6time_legacy_center_zero_mask_32_to_224/all/GAO20200724t155931p0000-A/neg_06_x236_y427/s2_seasonal.tif,/mnt/engg-niulab/yuyao/final_crop/s2_6time_legacy_center_zero_mask_32_to_224/all/GAO20200724t155931p0000-A/neg_06_x236_y427/s2_year.tif,/mnt/engg-niulab/yuyao/final_crop/s2_6time_legacy_center_zero_mask_32_to_224/all/GAO20200724t155931p0000-A/neg_06_x236_y427/s2_0.tif,/mnt/engg-niulab/yuyao/final_crop/s2_6time_legacy_center_zero_mask_32_to_224/all/GAO20200724t155931p0000-A/neg_06_x236_y427/s2_0.tif,/mnt/engg-niulab/yuyao/final_crop/s2_6time_legacy_center_zero_mask_32_to_224/all/GAO20200724t155931p0000-A/neg_06_x236_y427/s2_prev1.tif,/mnt/engg-niulab/yuyao/final_crop/s2_6time_legacy_center_zero_mask_32_to_224/all/GAO20200724t155931p0000-A/neg_06_x236_y427/s2_seasonal.tif,/mnt/engg-niulab/yuyao/final_crop/s2_6time_legacy_center_zero_mask_32_to_224/all/GAO20200724t155931p0000-A/neg_06_x236_y427/s2_year.tif
GAO20200724t155931p0000-A,dropped_missing_required_time_or_path,0,/mnt/engg-niulab/yuyao/final_crop/s2_6time_legacy_center_zero_mask_32/all/GAO20200724t155931p0000-A/neg_07_x428_y468,/mnt/engg-niulab/yuyao/final_crop/s2_6time_legacy_center_zero_mask_32/all/GAO20200724t155931p0000-A/neg_07_x428_y468,/mnt/engg-niulab/yuyao/final_crop/s2_6time_legacy_center_zero_mask_32_to_224/all/GAO20200724t155931p0000-A/neg_07_x428_y468/plume.tif,/mnt/engg-niulab/yuyao/final_crop/s2_6time_legacy_center_zero_mask_32_to_224/all/GAO20200724t155931p0000-A/neg_07_x428_y468/plume.tif,/mnt/engg-niulab/yuyao/final_crop/s2_6time_legacy_center_zero_mask_32_to_224/all/GAO20200724t155931p0000-A/neg_07_x428_y468/plume.tif,428,468,428,468,legacy_center_anchor,,31.837426,-103.90162,31.837426,-103.90162,2020-07-24T15:59:31+00,2020-07-24T17:28:59.024000Z,2020-07-19T17:29:01.024000Z,2020-07-14T17:28:59.024000Z,2020-07-09T17:29:01.024000Z,,,/mnt/engg-niulab/yuyao/final_crop/s2_6time_legacy_center_zero_mask_32_to_224/all/GAO20200724t155931p0000-A/neg_07_x428_y468/s2_0.tif,/mnt/engg-niulab/yuyao/final_crop/s2_6time_legacy_center_zero_mask_32_to_224/all/GAO20200724t155931p0000-A/neg_07_x428_y468/s2_prev1.tif,/mnt/engg-niulab/yuyao/final_crop/s2_6time_legacy_center_zero_mask_32_to_224/all/GAO20200724t155931p0000-A/neg_07_x428_y468/s2_prev2.tif,/mnt/engg-niulab/yuyao/final_crop/s2_6time_legacy_center_zero_mask_32_to_224/all/GAO20200724t155931p0000-A/neg_07_x428_y468/s2_prev3.tif,/mnt/engg-niulab/yuyao/final_crop/s2_6time_legacy_center_zero_mask_32_to_224/all/GAO20200724t155931p0000-A/neg_07_x428_y468/s2_seasonal.tif,/mnt/engg-niulab/yuyao/final_crop/s2_6time_legacy_center_zero_mask_32_to_224/all/GAO20200724t155931p0000-A/neg_07_x428_y468/s2_year.tif,/mnt/engg-niulab/yuyao/final_crop/s2_6time_legacy_center_zero_mask_32_to_224/all/GAO20200724t155931p0000-A/neg_07_x428_y468/s2_0.tif,/mnt/engg-niulab/yuyao/final_crop/s2_6time_legacy_center_zero_mask_32_to_224/all/GAO20200724t155931p0000-A/neg_07_x428_y468/s2_0.tif,/mnt/engg-niulab/yuyao/final_crop/s2_6time_legacy_center_zero_mask_32_to_224/all/GAO20200724t155931p0000-A/neg_07_x428_y468/s2_prev1.tif,/mnt/engg-niulab/yuyao/final_crop/s2_6time_legacy_center_zero_mask_32_to_224/all/GAO20200724t155931p0000-A/neg_07_x428_y468/s2_seasonal.tif,/mnt/engg-niulab/yuyao/final_crop/s2_6time_legacy_center_zero_mask_32_to_224/all/GAO20200724t155931p0000-A/neg_07_x428_y468/s2_year.tif
GAO20200724t155931p0000-A,dropped_missing_required_time_or_path,0,/mnt/engg-niulab/yuyao/final_crop/s2_6time_legacy_center_zero_mask_32/all/GAO20200724t155931p0000-A/neg_08_x412_y253,/mnt/engg-niulab/yuyao/final_crop/s2_6time_legacy_center_zero_mask_32/all/GAO20200724t155931p0000-A/neg_08_x412_y253,/mnt/engg-niulab/yuyao/final_crop/s2_6time_legacy_center_zero_mask_32_to_224/all/GAO20200724t155931p0000-A/neg_08_x412_y253/plume.tif,/mnt/engg-niulab/yuyao/final_crop/s2_6time_legacy_center_zero_mask_32_to_224/all/GAO20200724t155931p0000-A/neg_08_x412_y253/plume.tif,/mnt/engg-niulab/yuyao/final_crop/s2_6time_legacy_center_zero_mask_32_to_224/all/GAO20200724t155931p0000-A/neg_08_x412_y253/plume.tif,412,253,412,253,legacy_center_anchor,,31.837426,-103.90162,31.837426,-103.90162,2020-07-24T15:59:31+00,2020-07-24T17:28:59.024000Z,2020-07-19T17:29:01.024000Z,2020-07-14T17:28:59.024000Z,2020-07-09T17:29:01.024000Z,,,/mnt/engg-niulab/yuyao/final_crop/s2_6time_legacy_center_zero_mask_32_to_224/all/GAO20200724t155931p0000-A/neg_08_x412_y253/s2_0.tif,/mnt/engg-niulab/yuyao/final_crop/s2_6time_legacy_center_zero_mask_32_to_224/all/GAO20200724t155931p0000-A/neg_08_x412_y253/s2_prev1.tif,/mnt/engg-niulab/yuyao/final_crop/s2_6time_legacy_center_zero_mask_32_to_224/all/GAO20200724t155931p0000-A/neg_08_x412_y253/s2_prev2.tif,/mnt/engg-niulab/yuyao/final_crop/s2_6time_legacy_center_zero_mask_32_to_224/all/GAO20200724t155931p0000-A/neg_08_x412_y253/s2_prev3.tif,/mnt/engg-niulab/yuyao/final_crop/s2_6time_legacy_center_zero_mask_32_to_224/all/GAO20200724t155931p0000-A/neg_08_x412_y253/s2_seasonal.tif,/mnt/engg-niulab/yuyao/final_crop/s2_6time_legacy_center_zero_mask_32_to_224/all/GAO20200724t155931p0000-A/neg_08_x412_y253/s2_year.tif,/mnt/engg-niulab/yuyao/final_crop/s2_6time_legacy_center_zero_mask_32_to_224/all/GAO20200724t155931p0000-A/neg_08_x412_y253/s2_0.tif,/mnt/engg-niulab/yuyao/final_crop/s2_6time_legacy_center_zero_mask_32_to_224/all/GAO20200724t155931p0000-A/neg_08_x412_y253/s2_0.tif,/mnt/engg-niulab/yuyao/final_crop/s2_6time_legacy_center_zero_mask_32_to_224/all/GAO20200724t155931p0000-A/neg_08_x412_y253/s2_prev1.tif,/mnt/engg-niulab/yuyao/final_crop/s2_6time_legacy_center_zero_mask_32_to_224/all/GAO20200724t155931p0000-A/neg_08_x412_y253/s2_seasonal.tif,/mnt/engg-niulab/yuyao/final_crop/s2_6time_legacy_center_zero_mask_32_to_224/all/GAO20200724t155931p0000-A/neg_08_x412_y253/s2_year.tif
GAO20200724t155931p0000-A,dropped_missing_required_time_or_path,0,/mnt/engg-niulab/yuyao/final_crop/s2_6time_legacy_center_zero_mask_32/all/GAO20200724t155931p0000-A/neg_09_x118_y294,/mnt/engg-niulab/yuyao/final_crop/s2_6time_legacy_center_zero_mask_32/all/GAO20200724t155931p0000-A/neg_09_x118_y294,/mnt/engg-niulab/yuyao/final_crop/s2_6time_legacy_center_zero_mask_32_to_224/all/GAO20200724t155931p0000-A/neg_09_x118_y294/plume.tif,/mnt/engg-niulab/yuyao/final_crop/s2_6time_legacy_center_zero_mask_32_to_224/all/GAO20200724t155931p0000-A/neg_09_x118_y294/plume.tif,/mnt/engg-niulab/yuyao/final_crop/s2_6time_legacy_center_zero_mask_32_to_224/all/GAO20200724t155931p0000-A/neg_09_x118_y294/plume.tif,118,294,118,294,legacy_center_anchor,,31.837426,-103.90162,31.837426,-103.90162,2020-07-24T15:59:31+00,2020-07-24T17:28:59.024000Z,2020-07-19T17:29:01.024000Z,2020-07-14T17:28:59.024000Z,2020-07-09T17:29:01.024000Z,,,/mnt/engg-niulab/yuyao/final_crop/s2_6time_legacy_center_zero_mask_32_to_224/all/GAO20200724t155931p0000-A/neg_09_x118_y294/s2_0.tif,/mnt/engg-niulab/yuyao/final_crop/s2_6time_legacy_center_zero_mask_32_to_224/all/GAO20200724t155931p0000-A/neg_09_x118_y294/s2_prev1.tif,/mnt/engg-niulab/yuyao/final_crop/s2_6time_legacy_center_zero_mask_32_to_224/all/GAO20200724t155931p0000-A/neg_09_x118_y294/s2_prev2.tif,/mnt/engg-niulab/yuyao/final_crop/s2_6time_legacy_center_zero_mask_32_to_224/all/GAO20200724t155931p0000-A/neg_09_x118_y294/s2_prev3.tif,/mnt/engg-niulab/yuyao/final_crop/s2_6time_legacy_center_zero_mask_32_to_224/all/GAO20200724t155931p0000-A/neg_09_x118_y294/s2_seasonal.tif,/mnt/engg-niulab/yuyao/final_crop/s2_6time_legacy_center_zero_mask_32_to_224/all/GAO20200724t155931p0000-A/neg_09_x118_y294/s2_year.tif,/mnt/engg-niulab/yuyao/final_crop/s2_6time_legacy_center_zero_mask_32_to_224/all/GAO20200724t155931p0000-A/neg_09_x118_y294/s2_0.tif,/mnt/engg-niulab/yuyao/final_crop/s2_6time_legacy_center_zero_mask_32_to_224/all/GAO20200724t155931p0000-A/neg_09_x118_y294/s2_0.tif,/mnt/engg-niulab/yuyao/final_crop/s2_6time_legacy_center_zero_mask_32_to_224/all/GAO20200724t155931p0000-A/neg_09_x118_y294/s2_prev1.tif,/mnt/engg-niulab/yuyao/final_crop/s2_6time_legacy_center_zero_mask_32_to_224/all/GAO20200724t155931p0000-A/neg_09_x118_y294/s2_seasonal.tif,/mnt/engg-niulab/yuyao/final_crop/s2_6time_legacy_center_zero_mask_32_to_224/all/GAO20200724t155931p0000-A/neg_09_x118_y294/s2_year.tif
GAO20200724t155931p0000-A,dropped_missing_required_time_or_path,0,/mnt/engg-niulab/yuyao/final_crop/s2_6time_legacy_center_zero_mask_32/all/GAO20200724t155931p0000-A/neg_10_x339_y66,/mnt/engg-niulab/yuyao/final_crop/s2_6time_legacy_center_zero_mask_32/all/GAO20200724t155931p0000-A/neg_10_x339_y66,/mnt/engg-niulab/yuyao/final_crop/s2_6time_legacy_center_zero_mask_32_to_224/all/GAO20200724t155931p0000-A/neg_10_x339_y66/plume.tif,/mnt/engg-niulab/yuyao/final_crop/s2_6time_legacy_center_zero_mask_32_to_224/all/GAO20200724t155931p0000-A/neg_10_x339_y66/plume.tif,/mnt/engg-niulab/yuyao/final_crop/s2_6time_legacy_center_zero_mask_32_to_224/all/GAO20200724t155931p0000-A/neg_10_x339_y66/plume.tif,339,66,339,66,legacy_center_anchor,,31.837426,-103.90162,31.837426,-103.90162,2020-07-24T15:59:31+00,2020-07-24T17:28:59.024000Z,2020-07-19T17:29:01.024000Z,2020-07-14T17:28:59.024000Z,2020-07-09T17:29:01.024000Z,,,/mnt/engg-niulab/yuyao/final_crop/s2_6time_legacy_center_zero_mask_32_to_224/all/GAO20200724t155931p0000-A/neg_10_x339_y66/s2_0.tif,/mnt/engg-niulab/yuyao/final_crop/s2_6time_legacy_center_zero_mask_32_to_224/all/GAO20200724t155931p0000-A/neg_10_x339_y66/s2_prev1.tif,/mnt/engg-niulab/yuyao/final_crop/s2_6time_legacy_center_zero_mask_32_to_224/all/GAO20200724t155931p0000-A/neg_10_x339_y66/s2_prev2.tif,/mnt/engg-niulab/yuyao/final_crop/s2_6time_legacy_center_zero_mask_32_to_224/all/GAO20200724t155931p0000-A/neg_10_x339_y66/s2_prev3.tif,/mnt/engg-niulab/yuyao/final_crop/s2_6time_legacy_center_zero_mask_32_to_224/all/GAO20200724t155931p0000-A/neg_10_x339_y66/s2_seasonal.tif,/mnt/engg-niulab/yuyao/final_crop/s2_6time_legacy_center_zero_mask_32_to_224/all/GAO20200724t155931p0000-A/neg_10_x339_y66/s2_year.tif,/mnt/engg-niulab/yuyao/final_crop/s2_6time_legacy_center_zero_mask_32_to_224/all/GAO20200724t155931p0000-A/neg_10_x339_y66/s2_0.tif,/mnt/engg-niulab/yuyao/final_crop/s2_6time_legacy_center_zero_mask_32_to_224/all/GAO20200724t155931p0000-A/neg_10_x339_y66/s2_0.tif,/mnt/engg-niulab/yuyao/final_crop/s2_6time_legacy_center_zero_mask_32_to_224/all/GAO20200724t155931p0000-A/neg_10_x339_y66/s2_prev1.tif,/mnt/engg-niulab/yuyao/final_crop/s2_6time_legacy_center_zero_mask_32_to_224/all/GAO20200724t155931p0000-A/neg_10_x339_y66/s2_seasonal.tif,/mnt/engg-niulab/yuyao/final_crop/s2_6time_legacy_center_zero_mask_32_to_224/all/GAO20200724t155931p0000-A/neg_10_x339_y66/s2_year.tif
GAO20200724t155931p0000-A,dropped_missing_required_time_or_path,0,/mnt/engg-niulab/yuyao/final_crop/s2_6time_legacy_center_zero_mask_32/all/GAO20200724t155931p0000-A/neg_11_x139_y334,/mnt/engg-niulab/yuyao/final_crop/s2_6time_legacy_center_zero_mask_32/all/GAO20200724t155931p0000-A/neg_11_x139_y334,/mnt/engg-niulab/yuyao/final_crop/s2_6time_legacy_center_zero_mask_32_to_224/all/GAO20200724t155931p0000-A/neg_11_x139_y334/plume.tif,/mnt/engg-niulab/yuyao/final_crop/s2_6time_legacy_center_zero_mask_32_to_224/all/GAO20200724t155931p0000-A/neg_11_x139_y334/plume.tif,/mnt/engg-niulab/yuyao/final_crop/s2_6time_legacy_center_zero_mask_32_to_224/all/GAO20200724t155931p0000-A/neg_11_x139_y334/plume.tif,139,334,139,334,legacy_center_anchor,,31.837426,-103.90162,31.837426,-103.90162,2020-07-24T15:59:31+00,2020-07-24T17:28:59.024000Z,2020-07-19T17:29:01.024000Z,2020-07-14T17:28:59.024000Z,2020-07-09T17:29:01.024000Z,,,/mnt/engg-niulab/yuyao/final_crop/s2_6time_legacy_center_zero_mask_32_to_224/all/GAO20200724t155931p0000-A/neg_11_x139_y334/s2_0.tif,/mnt/engg-niulab/yuyao/final_crop/s2_6time_legacy_center_zero_mask_32_to_224/all/GAO20200724t155931p0000-A/neg_11_x139_y334/s2_prev1.tif,/mnt/engg-niulab/yuyao/final_crop/s2_6time_legacy_center_zero_mask_32_to_224/all/GAO20200724t155931p0000-A/neg_11_x139_y334/s2_prev2.tif,/mnt/engg-niulab/yuyao/final_crop/s2_6time_legacy_center_zero_mask_32_to_224/all/GAO20200724t155931p0000-A/neg_11_x139_y334/s2_prev3.tif,/mnt/engg-niulab/yuyao/final_crop/s2_6time_legacy_center_zero_mask_32_to_224/all/GAO20200724t155931p0000-A/neg_11_x139_y334/s2_seasonal.tif,/mnt/engg-niulab/yuyao/final_crop/s2_6time_legacy_center_zero_mask_32_to_224/all/GAO20200724t155931p0000-A/neg_11_x139_y334/s2_year.tif,/mnt/engg-niulab/yuyao/final_crop/s2_6time_legacy_center_zero_mask_32_to_224/all/GAO20200724t155931p0000-A/neg_11_x139_y334/s2_0.tif,/mnt/engg-niulab/yuyao/final_crop/s2_6time_legacy_center_zero_mask_32_to_224/all/GAO20200724t155931p0000-A/neg_11_x139_y334/s2_0.tif,/mnt/engg-niulab/yuyao/final_crop/s2_6time_legacy_center_zero_mask_32_to_224/all/GAO20200724t155931p0000-A/neg_11_x139_y334/s2_prev1.tif,/mnt/engg-niulab/yuyao/final_crop/s2_6time_legacy_center_zero_mask_32_to_224/all/GAO20200724t155931p0000-A/neg_11_x139_y334/s2_seasonal.tif,/mnt/engg-niulab/yuyao/final_crop/s2_6time_legacy_center_zero_mask_32_to_224/all/GAO20200724t155931p0000-A/neg_11_x139_y334/s2_year.tif
GAO20200724t155931p0000-A,dropped_missing_required_time_or_path,0,/mnt/engg-niulab/yuyao/final_crop/s2_6time_legacy_center_zero_mask_32/all/GAO20200724t155931p0000-A/neg_12_x89_y400,/mnt/engg-niulab/yuyao/final_crop/s2_6time_legacy_center_zero_mask_32/all/GAO20200724t155931p0000-A/neg_12_x89_y400,/mnt/engg-niulab/yuyao/final_crop/s2_6time_legacy_center_zero_mask_32_to_224/all/GAO20200724t155931p0000-A/neg_12_x89_y400/plume.tif,/mnt/engg-niulab/yuyao/final_crop/s2_6time_legacy_center_zero_mask_32_to_224/all/GAO20200724t155931p0000-A/neg_12_x89_y400/plume.tif,/mnt/engg-niulab/yuyao/final_crop/s2_6time_legacy_center_zero_mask_32_to_224/all/GAO20200724t155931p0000-A/neg_12_x89_y400/plume.tif,89,400,89,400,legacy_center_anchor,,31.837426,-103.90162,31.837426,-103.90162,2020-07-24T15:59:31+00,2020-07-24T17:28:59.024000Z,2020-07-19T17:29:01.024000Z,2020-07-14T17:28:59.024000Z,2020-07-09T17:29:01.024000Z,,,/mnt/engg-niulab/yuyao/final_crop/s2_6time_legacy_center_zero_mask_32_to_224/all/GAO20200724t155931p0000-A/neg_12_x89_y400/s2_0.tif,/mnt/engg-niulab/yuyao/final_crop/s2_6time_legacy_center_zero_mask_32_to_224/all/GAO20200724t155931p0000-A/neg_12_x89_y400/s2_prev1.tif,/mnt/engg-niulab/yuyao/final_crop/s2_6time_legacy_center_zero_mask_32_to_224/all/GAO20200724t155931p0000-A/neg_12_x89_y400/s2_prev2.tif,/mnt/engg-niulab/yuyao/final_crop/s2_6time_legacy_center_zero_mask_32_to_224/all/GAO20200724t155931p0000-A/neg_12_x89_y400/s2_prev3.tif,/mnt/engg-niulab/yuyao/final_crop/s2_6time_legacy_center_zero_mask_32_to_224/all/GAO20200724t155931p0000-A/neg_12_x89_y400/s2_seasonal.tif,/mnt/engg-niulab/yuyao/final_crop/s2_6time_legacy_center_zero_mask_32_to_224/all/GAO20200724t155931p0000-A/neg_12_x89_y400/s2_year.tif,/mnt/engg-niulab/yuyao/final_crop/s2_6time_legacy_center_zero_mask_32_to_224/all/GAO20200724t155931p0000-A/neg_12_x89_y400/s2_0.tif,/mnt/engg-niulab/yuyao/final_crop/s2_6time_legacy_center_zero_mask_32_to_224/all/GAO20200724t155931p0000-A/neg_12_x89_y400/s2_0.tif,/mnt/engg-niulab/yuyao/final_crop/s2_6time_legacy_center_zero_mask_32_to_224/all/GAO20200724t155931p0000-A/neg_12_x89_y400/s2_prev1.tif,/mnt/engg-niulab/yuyao/final_crop/s2_6time_legacy_center_zero_mask_32_to_224/all/GAO20200724t155931p0000-A/neg_12_x89_y400/s2_seasonal.tif,/mnt/engg-niulab/yuyao/final_crop/s2_6time_legacy_center_zero_mask_32_to_224/all/GAO20200724t155931p0000-A/neg_12_x89_y400/s2_year.tif
GAO20200724t155931p0000-A,dropped_missing_required_time_or_path,0,/mnt/engg-niulab/yuyao/final_crop/s2_6time_legacy_center_zero_mask_32/all/GAO20200724t155931p0000-A/neg_13_x239_y441,/mnt/engg-niulab/yuyao/final_crop/s2_6time_legacy_center_zero_mask_32/all/GAO20200724t155931p0000-A/neg_13_x239_y441,/mnt/engg-niulab/yuyao/final_crop/s2_6time_legacy_center_zero_mask_32_to_224/all/GAO20200724t155931p0000-A/neg_13_x239_y441/plume.tif,/mnt/engg-niulab/yuyao/final_crop/s2_6time_legacy_center_zero_mask_32_to_224/all/GAO20200724t155931p0000-A/neg_13_x239_y441/plume.tif,/mnt/engg-niulab/yuyao/final_crop/s2_6time_legacy_center_zero_mask_32_to_224/all/GAO20200724t155931p0000-A/neg_13_x239_y441/plume.tif,239,441,239,441,legacy_center_anchor,,31.837426,-103.90162,31.837426,-103.90162,2020-07-24T15:59:31+00,2020-07-24T17:28:59.024000Z,2020-07-19T17:29:01.024000Z,2020-07-14T17:28:59.024000Z,2020-07-09T17:29:01.024000Z,,,/mnt/engg-niulab/yuyao/final_crop/s2_6time_legacy_center_zero_mask_32_to_224/all/GAO20200724t155931p0000-A/neg_13_x239_y441/s2_0.tif,/mnt/engg-niulab/yuyao/final_crop/s2_6time_legacy_center_zero_mask_32_to_224/all/GAO20200724t155931p0000-A/neg_13_x239_y441/s2_prev1.tif,/mnt/engg-niulab/yuyao/final_crop/s2_6time_legacy_center_zero_mask_32_to_224/all/GAO20200724t155931p0000-A/neg_13_x239_y441/s2_prev2.tif,/mnt/engg-niulab/yuyao/final_crop/s2_6time_legacy_center_zero_mask_32_to_224/all/GAO20200724t155931p0000-A/neg_13_x239_y441/s2_prev3.tif,/mnt/engg-niulab/yuyao/final_crop/s2_6time_legacy_center_zero_mask_32_to_224/all/GAO20200724t155931p0000-A/neg_13_x239_y441/s2_seasonal.tif,/mnt/engg-niulab/yuyao/final_crop/s2_6time_legacy_center_zero_mask_32_to_224/all/GAO20200724t155931p0000-A/neg_13_x239_y441/s2_year.tif,/mnt/engg-niulab/yuyao/final_crop/s2_6time_legacy_center_zero_mask_32_to_224/all/GAO20200724t155931p0000-A/neg_13_x239_y441/s2_0.tif,/mnt/engg-niulab/yuyao/final_crop/s2_6time_legacy_center_zero_mask_32_to_224/all/GAO20200724t155931p0000-A/neg_13_x239_y441/s2_0.tif,/mnt/engg-niulab/yuyao/final_crop/s2_6time_legacy_center_zero_mask_32_to_224/all/GAO20200724t155931p0000-A/neg_13_x239_y441/s2_prev1.tif,/mnt/engg-niulab/yuyao/final_crop/s2_6time_legacy_center_zero_mask_32_to_224/all/GAO20200724t155931p0000-A/neg_13_x239_y441/s2_seasonal.tif,/mnt/engg-niulab/yuyao/final_crop/s2_6time_legacy_center_zero_mask_32_to_224/all/GAO20200724t155931p0000-A/neg_13_x239_y441/s2_year.tif
GAO20200724t155931p0000-A,dropped_missing_required_time_or_path,0,/mnt/engg-niulab/yuyao/final_crop/s2_6time_legacy_center_zero_mask_32/all/GAO20200724t155931p0000-A/neg_14_x312_y34,/mnt/engg-niulab/yuyao/final_crop/s2_6time_legacy_center_zero_mask_32/all/GAO20200724t155931p0000-A/neg_14_x312_y34,/mnt/engg-niulab/yuyao/final_crop/s2_6time_legacy_center_zero_mask_32_to_224/all/GAO20200724t155931p0000-A/neg_14_x312_y34/plume.tif,/mnt/engg-niulab/yuyao/final_crop/s2_6time_legacy_center_zero_mask_32_to_224/all/GAO20200724t155931p0000-A/neg_14_x312_y34/plume.tif,/mnt/engg-niulab/yuyao/final_crop/s2_6time_legacy_center_zero_mask_32_to_224/all/GAO20200724t155931p0000-A/neg_14_x312_y34/plume.tif,312,34,312,34,legacy_center_anchor,,31.837426,-103.90162,31.837426,-103.90162,2020-07-24T15:59:31+00,2020-07-24T17:28:59.024000Z,2020-07-19T17:29:01.024000Z,2020-07-14T17:28:59.024000Z,2020-07-09T17:29:01.024000Z,,,/mnt/engg-niulab/yuyao/final_crop/s2_6time_legacy_center_zero_mask_32_to_224/all/GAO20200724t155931p0000-A/neg_14_x312_y34/s2_0.tif,/mnt/engg-niulab/yuyao/final_crop/s2_6time_legacy_center_zero_mask_32_to_224/all/GAO20200724t155931p0000-A/neg_14_x312_y34/s2_prev1.tif,/mnt/engg-niulab/yuyao/final_crop/s2_6time_legacy_center_zero_mask_32_to_224/all/GAO20200724t155931p0000-A/neg_14_x312_y34/s2_prev2.tif,/mnt/engg-niulab/yuyao/final_crop/s2_6time_legacy_center_zero_mask_32_to_224/all/GAO20200724t155931p0000-A/neg_14_x312_y34/s2_prev3.tif,/mnt/engg-niulab/yuyao/final_crop/s2_6time_legacy_center_zero_mask_32_to_224/all/GAO20200724t155931p0000-A/neg_14_x312_y34/s2_seasonal.tif,/mnt/engg-niulab/yuyao/final_crop/s2_6time_legacy_center_zero_mask_32_to_224/all/GAO20200724t155931p0000-A/neg_14_x312_y34/s2_year.tif,/mnt/engg-niulab/yuyao/final_crop/s2_6time_legacy_center_zero_mask_32_to_224/all/GAO20200724t155931p0000-A/neg_14_x312_y34/s2_0.tif,/mnt/engg-niulab/yuyao/final_crop/s2_6time_legacy_center_zero_mask_32_to_224/all/GAO20200724t155931p0000-A/neg_14_x312_y34/s2_0.tif,/mnt/engg-niulab/yuyao/final_crop/s2_6time_legacy_center_zero_mask_32_to_224/all/GAO20200724t155931p0000-A/neg_14_x312_y34/s2_prev1.tif,/mnt/engg-niulab/yuyao/final_crop/s2_6time_legacy_center_zero_mask_32_to_224/all/GAO20200724t155931p0000-A/neg_14_x312_y34/s2_seasonal.tif,/mnt/engg-niulab/yuyao/final_crop/s2_6time_legacy_center_zero_mask_32_to_224/all/GAO20200724t155931p0000-A/neg_14_x312_y34/s2_year.tif
GAO20200724t155931p0000-A,dropped_missing_required_time_or_path,0,/mnt/engg-niulab/yuyao/final_crop/s2_6time_legacy_center_zero_mask_32/all/GAO20200724t155931p0000-A/neg_15_x402_y425,/mnt/engg-niulab/yuyao/final_crop/s2_6time_legacy_center_zero_mask_32/all/GAO20200724t155931p0000-A/neg_15_x402_y425,/mnt/engg-niulab/yuyao/final_crop/s2_6time_legacy_center_zero_mask_32_to_224/all/GAO20200724t155931p0000-A/neg_15_x402_y425/plume.tif,/mnt/engg-niulab/yuyao/final_crop/s2_6time_legacy_center_zero_mask_32_to_224/all/GAO20200724t155931p0000-A/neg_15_x402_y425/plume.tif,/mnt/engg-niulab/yuyao/final_crop/s2_6time_legacy_center_zero_mask_32_to_224/all/GAO20200724t155931p0000-A/neg_15_x402_y425/plume.tif,402,425,402,425,legacy_center_anchor,,31.837426,-103.90162,31.837426,-103.90162,2020-07-24T15:59:31+00,2020-07-24T17:28:59.024000Z,2020-07-19T17:29:01.024000Z,2020-07-14T17:28:59.024000Z,2020-07-09T17:29:01.024000Z,,,/mnt/engg-niulab/yuyao/final_crop/s2_6time_legacy_center_zero_mask_32_to_224/all/GAO20200724t155931p0000-A/neg_15_x402_y425/s2_0.tif,/mnt/engg-niulab/yuyao/final_crop/s2_6time_legacy_center_zero_mask_32_to_224/all/GAO20200724t155931p0000-A/neg_15_x402_y425/s2_prev1.tif,/mnt/engg-niulab/yuyao/final_crop/s2_6time_legacy_center_zero_mask_32_to_224/all/GAO20200724t155931p0000-A/neg_15_x402_y425/s2_prev2.tif,/mnt/engg-niulab/yuyao/final_crop/s2_6time_legacy_center_zero_mask_32_to_224/all/GAO20200724t155931p0000-A/neg_15_x402_y425/s2_prev3.tif,/mnt/engg-niulab/yuyao/final_crop/s2_6time_legacy_center_zero_mask_32_to_224/all/GAO20200724t155931p0000-A/neg_15_x402_y425/s2_seasonal.tif,/mnt/engg-niulab/yuyao/final_crop/s2_6time_legacy_center_zero_mask_32_to_224/all/GAO20200724t155931p0000-A/neg_15_x402_y425/s2_year.tif,/mnt/engg-niulab/yuyao/final_crop/s2_6time_legacy_center_zero_mask_32_to_224/all/GAO20200724t155931p0000-A/neg_15_x402_y425/s2_0.tif,/mnt/engg-niulab/yuyao/final_crop/s2_6time_legacy_center_zero_mask_32_to_224/all/GAO20200724t155931p0000-A/neg_15_x402_y425/s2_0.tif,/mnt/engg-niulab/yuyao/final_crop/s2_6time_legacy_center_zero_mask_32_to_224/all/GAO20200724t155931p0000-A/neg_15_x402_y425/s2_prev1.tif,/mnt/engg-niulab/yuyao/final_crop/s2_6time_legacy_center_zero_mask_32_to_224/all/GAO20200724t155931p0000-A/neg_15_x402_y425/s2_seasonal.tif,/mnt/engg-niulab/yuyao/final_crop/s2_6time_legacy_center_zero_mask_32_to_224/all/GAO20200724t155931p0000-A/neg_15_x402_y425/s2_year.tif
GAO20200807t163414p0000-A,dropped_missing_required_time_or_path,1,/mnt/engg-niulab/yuyao/final_crop/s2_6time_legacy_center_zero_mask_32/all/GAO20200807t163414p0000-A/pos_00_x232_y229,/mnt/engg-niulab/yuyao/final_crop/s2_6time_legacy_center_zero_mask_32/all/GAO20200807t163414p0000-A/pos_00_x232_y229,/mnt/engg-niulab/yuyao/final_crop/s2_6time_legacy_center_zero_mask_32_to_224/all/GAO20200807t163414p0000-A/pos_00_x232_y229/plume.tif,/mnt/engg-niulab/yuyao/final_crop/s2_6time_legacy_center_zero_mask_32_to_224/all/GAO20200807t163414p0000-A/pos_00_x232_y229/plume.tif,/mnt/engg-niulab/yuyao/final_crop/s2_6time_legacy_center_zero_mask_32_to_224/all/GAO20200807t163414p0000-A/pos_00_x232_y229/plume.tif,232,229,232,229,legacy_center_anchor,,39.948393,-109.771811,39.948393,-109.771811,2020-08-07T16:34:14+00,2020-08-07T17:59:21.024000Z,2020-08-05T18:09:19.024000Z,2020-08-02T17:59:19.024000Z,2020-07-31T18:09:21.024000Z,,,/mnt/engg-niulab/yuyao/final_crop/s2_6time_legacy_center_zero_mask_32_to_224/all/GAO20200807t163414p0000-A/pos_00_x232_y229/s2_0.tif,/mnt/engg-niulab/yuyao/final_crop/s2_6time_legacy_center_zero_mask_32_to_224/all/GAO20200807t163414p0000-A/pos_00_x232_y229/s2_prev1.tif,/mnt/engg-niulab/yuyao/final_crop/s2_6time_legacy_center_zero_mask_32_to_224/all/GAO20200807t163414p0000-A/pos_00_x232_y229/s2_prev2.tif,/mnt/engg-niulab/yuyao/final_crop/s2_6time_legacy_center_zero_mask_32_to_224/all/GAO20200807t163414p0000-A/pos_00_x232_y229/s2_prev3.tif,/mnt/engg-niulab/yuyao/final_crop/s2_6time_legacy_center_zero_mask_32_to_224/all/GAO20200807t163414p0000-A/pos_00_x232_y229/s2_seasonal.tif,/mnt/engg-niulab/yuyao/final_crop/s2_6time_legacy_center_zero_mask_32_to_224/all/GAO20200807t163414p0000-A/pos_00_x232_y229/s2_year.tif,/mnt/engg-niulab/yuyao/final_crop/s2_6time_legacy_center_zero_mask_32_to_224/all/GAO20200807t163414p0000-A/pos_00_x232_y229/s2_0.tif,/mnt/engg-niulab/yuyao/final_crop/s2_6time_legacy_center_zero_mask_32_to_224/all/GAO20200807t163414p0000-A/pos_00_x232_y229/s2_0.tif,/mnt/engg-niulab/yuyao/final_crop/s2_6time_legacy_center_zero_mask_32_to_224/all/GAO20200807t163414p0000-A/pos_00_x232_y229/s2_prev1.tif,/mnt/engg-niulab/yuyao/final_crop/s2_6time_legacy_center_zero_mask_32_to_224/all/GAO20200807t163414p0000-A/pos_00_x232_y229/s2_seasonal.tif,/mnt/engg-niulab/yuyao/final_crop/s2_6time_legacy_center_zero_mask_32_to_224/all/GAO20200807t163414p0000-A/pos_00_x232_y229/s2_year.tif
GAO20200807t163414p0000-A,dropped_missing_required_time_or_path,1,/mnt/engg-niulab/yuyao/final_crop/s2_6time_legacy_center_zero_mask_32/all/GAO20200807t163414p0000-A/pos_01_x244_y244,/mnt/engg-niulab/yuyao/final_crop/s2_6time_legacy_center_zero_mask_32/all/GAO20200807t163414p0000-A/pos_01_x244_y244,/mnt/engg-niulab/yuyao/final_crop/s2_6time_legacy_center_zero_mask_32_to_224/all/GAO20200807t163414p0000-A/pos_01_x244_y244/plume.tif,/mnt/engg-niulab/yuyao/final_crop/s2_6time_legacy_center_zero_mask_32_to_224/all/GAO20200807t163414p0000-A/pos_01_x244_y244/plume.tif,/mnt/engg-niulab/yuyao/final_crop/s2_6time_legacy_center_zero_mask_32_to_224/all/GAO20200807t163414p0000-A/pos_01_x244_y244/plume.tif,244,244,244,244,legacy_center_anchor,,39.948393,-109.771811,39.948393,-109.771811,2020-08-07T16:34:14+00,2020-08-07T17:59:21.024000Z,2020-08-05T18:09:19.024000Z,2020-08-02T17:59:19.024000Z,2020-07-31T18:09:21.024000Z,,,/mnt/engg-niulab/yuyao/final_crop/s2_6time_legacy_center_zero_mask_32_to_224/all/GAO20200807t163414p0000-A/pos_01_x244_y244/s2_0.tif,/mnt/engg-niulab/yuyao/final_crop/s2_6time_legacy_center_zero_mask_32_to_224/all/GAO20200807t163414p0000-A/pos_01_x244_y244/s2_prev1.tif,/mnt/engg-niulab/yuyao/final_crop/s2_6time_legacy_center_zero_mask_32_to_224/all/GAO20200807t163414p0000-A/pos_01_x244_y244/s2_prev2.tif,/mnt/engg-niulab/yuyao/final_crop/s2_6time_legacy_center_zero_mask_32_to_224/all/GAO20200807t163414p0000-A/pos_01_x244_y244/s2_prev3.tif,/mnt/engg-niulab/yuyao/final_crop/s2_6time_legacy_center_zero_mask_32_to_224/all/GAO20200807t163414p0000-A/pos_01_x244_y244/s2_seasonal.tif,/mnt/engg-niulab/yuyao/final_crop/s2_6time_legacy_center_zero_mask_32_to_224/all/GAO20200807t163414p0000-A/pos_01_x244_y244/s2_year.tif,/mnt/engg-niulab/yuyao/final_crop/s2_6time_legacy_center_zero_mask_32_to_224/all/GAO20200807t163414p0000-A/pos_01_x244_y244/s2_0.tif,/mnt/engg-niulab/yuyao/final_crop/s2_6time_legacy_center_zero_mask_32_to_224/all/GAO20200807t163414p0000-A/pos_01_x244_y244/s2_0.tif,/mnt/engg-niulab/yuyao/final_crop/s2_6time_legacy_center_zero_mask_32_to_224/all/GAO20200807t163414p0000-A/pos_01_x244_y244/s2_prev1.tif,/mnt/engg-niulab/yuyao/final_crop/s2_6time_legacy_center_zero_mask_32_to_224/all/GAO20200807t163414p0000-A/pos_01_x244_y244/s2_seasonal.tif,/mnt/engg-niulab/yuyao/final_crop/s2_6time_legacy_center_zero_mask_32_to_224/all/GAO20200807t163414p0000-A/pos_01_x244_y244/s2_year.tif
GAO20200807t163414p0000-A,dropped_missing_required_time_or_path,1,/mnt/engg-niulab/yuyao/final_crop/s2_6time_legacy_center_zero_mask_32/all/GAO20200807t163414p0000-A/pos_02_x237_y250,/mnt/engg-niulab/yuyao/final_crop/s2_6time_legacy_center_zero_mask_32/all/GAO20200807t163414p0000-A/pos_02_x237_y250,/mnt/engg-niulab/yuyao/final_crop/s2_6time_legacy_center_zero_mask_32_to_224/all/GAO20200807t163414p0000-A/pos_02_x237_y250/plume.tif,/mnt/engg-niulab/yuyao/final_crop/s2_6time_legacy_center_zero_mask_32_to_224/all/GAO20200807t163414p0000-A/pos_02_x237_y250/plume.tif,/mnt/engg-niulab/yuyao/final_crop/s2_6time_legacy_center_zero_mask_32_to_224/all/GAO20200807t163414p0000-A/pos_02_x237_y250/plume.tif,237,250,237,250,legacy_center_anchor,,39.948393,-109.771811,39.948393,-109.771811,2020-08-07T16:34:14+00,2020-08-07T17:59:21.024000Z,2020-08-05T18:09:19.024000Z,2020-08-02T17:59:19.024000Z,2020-07-31T18:09:21.024000Z,,,/mnt/engg-niulab/yuyao/final_crop/s2_6time_legacy_center_zero_mask_32_to_224/all/GAO20200807t163414p0000-A/pos_02_x237_y250/s2_0.tif,/mnt/engg-niulab/yuyao/final_crop/s2_6time_legacy_center_zero_mask_32_to_224/all/GAO20200807t163414p0000-A/pos_02_x237_y250/s2_prev1.tif,/mnt/engg-niulab/yuyao/final_crop/s2_6time_legacy_center_zero_mask_32_to_224/all/GAO20200807t163414p0000-A/pos_02_x237_y250/s2_prev2.tif,/mnt/engg-niulab/yuyao/final_crop/s2_6time_legacy_center_zero_mask_32_to_224/all/GAO20200807t163414p0000-A/pos_02_x237_y250/s2_prev3.tif,/mnt/engg-niulab/yuyao/final_crop/s2_6time_legacy_center_zero_mask_32_to_224/all/GAO20200807t163414p0000-A/pos_02_x237_y250/s2_seasonal.tif,/mnt/engg-niulab/yuyao/final_crop/s2_6time_legacy_center_zero_mask_32_to_224/all/GAO20200807t163414p0000-A/pos_02_x237_y250/s2_year.tif,/mnt/engg-niulab/yuyao/final_crop/s2_6time_legacy_center_zero_mask_32_to_224/all/GAO20200807t163414p0000-A/pos_02_x237_y250/s2_0.tif,/mnt/engg-niulab/yuyao/final_crop/s2_6time_legacy_center_zero_mask_32_to_224/all/GAO20200807t163414p0000-A/pos_02_x237_y250/s2_0.tif,/mnt/engg-niulab/yuyao/final_crop/s2_6time_legacy_center_zero_mask_32_to_224/all/GAO20200807t163414p0000-A/pos_02_x237_y250/s2_prev1.tif,/mnt/engg-niulab/yuyao/final_crop/s2_6time_legacy_center_zero_mask_32_to_224/all/GAO20200807t163414p0000-A/pos_02_x237_y250/s2_seasonal.tif,/mnt/engg-niulab/yuyao/final_crop/s2_6time_legacy_center_zero_mask_32_to_224/all/GAO20200807t163414p0000-A/pos_02_x237_y250/s2_year.tif
GAO20200807t163414p0000-A,dropped_missing_required_time_or_path,1,/mnt/engg-niulab/yuyao/final_crop/s2_6time_legacy_center_zero_mask_32/all/GAO20200807t163414p0000-A/pos_03_x250_y233,/mnt/engg-niulab/yuyao/final_crop/s2_6time_legacy_center_zero_mask_32/all/GAO20200807t163414p0000-A/pos_03_x250_y233,/mnt/engg-niulab/yuyao/final_crop/s2_6time_legacy_center_zero_mask_32_to_224/all/GAO20200807t163414p0000-A/pos_03_x250_y233/plume.tif,/mnt/engg-niulab/yuyao/final_crop/s2_6time_legacy_center_zero_mask_32_to_224/all/GAO20200807t163414p0000-A/pos_03_x250_y233/plume.tif,/mnt/engg-niulab/yuyao/final_crop/s2_6time_legacy_center_zero_mask_32_to_224/all/GAO20200807t163414p0000-A/pos_03_x250_y233/plume.tif,250,233,250,233,legacy_center_anchor,,39.948393,-109.771811,39.948393,-109.771811,2020-08-07T16:34:14+00,2020-08-07T17:59:21.024000Z,2020-08-05T18:09:19.024000Z,2020-08-02T17:59:19.024000Z,2020-07-31T18:09:21.024000Z,,,/mnt/engg-niulab/yuyao/final_crop/s2_6time_legacy_center_zero_mask_32_to_224/all/GAO20200807t163414p0000-A/pos_03_x250_y233/s2_0.tif,/mnt/engg-niulab/yuyao/final_crop/s2_6time_legacy_center_zero_mask_32_to_224/all/GAO20200807t163414p0000-A/pos_03_x250_y233/s2_prev1.tif,/mnt/engg-niulab/yuyao/final_crop/s2_6time_legacy_center_zero_mask_32_to_224/all/GAO20200807t163414p0000-A/pos_03_x250_y233/s2_prev2.tif,/mnt/engg-niulab/yuyao/final_crop/s2_6time_legacy_center_zero_mask_32_to_224/all/GAO20200807t163414p0000-A/pos_03_x250_y233/s2_prev3.tif,/mnt/engg-niulab/yuyao/final_crop/s2_6time_legacy_center_zero_mask_32_to_224/all/GAO20200807t163414p0000-A/pos_03_x250_y233/s2_seasonal.tif,/mnt/engg-niulab/yuyao/final_crop/s2_6time_legacy_center_zero_mask_32_to_224/all/GAO20200807t163414p0000-A/pos_03_x250_y233/s2_year.tif,/mnt/engg-niulab/yuyao/final_crop/s2_6time_legacy_center_zero_mask_32_to_224/all/GAO20200807t163414p0000-A/pos_03_x250_y233/s2_0.tif,/mnt/engg-niulab/yuyao/final_crop/s2_6time_legacy_center_zero_mask_32_to_224/all/GAO20200807t163414p0000-A/pos_03_x250_y233/s2_0.tif,/mnt/engg-niulab/yuyao/final_crop/s2_6time_legacy_center_zero_mask_32_to_224/all/GAO20200807t163414p0000-A/pos_03_x250_y233/s2_prev1.tif,/mnt/engg-niulab/yuyao/final_crop/s2_6time_legacy_center_zero_mask_32_to_224/all/GAO20200807t163414p0000-A/pos_03_x250_y233/s2_seasonal.tif,/mnt/engg-niulab/yuyao/final_crop/s2_6time_legacy_center_zero_mask_32_to_224/all/GAO20200807t163414p0000-A/pos_03_x250_y233/s2_year.tif
GAO20200807t163414p0000-A,dropped_missing_required_time_or_path,1,/mnt/engg-niulab/yuyao/final_crop/s2_6time_legacy_center_zero_mask_32/all/GAO20200807t163414p0000-A/pos_04_x250_y231,/mnt/engg-niulab/yuyao/final_crop/s2_6time_legacy_center_zero_mask_32/all/GAO20200807t163414p0000-A/pos_04_x250_y231,/mnt/engg-niulab/yuyao/final_crop/s2_6time_legacy_center_zero_mask_32_to_224/all/GAO20200807t163414p0000-A/pos_04_x250_y231/plume.tif,/mnt/engg-niulab/yuyao/final_crop/s2_6time_legacy_center_zero_mask_32_to_224/all/GAO20200807t163414p0000-A/pos_04_x250_y231/plume.tif,/mnt/engg-niulab/yuyao/final_crop/s2_6time_legacy_center_zero_mask_32_to_224/all/GAO20200807t163414p0000-A/pos_04_x250_y231/plume.tif,250,231,250,231,legacy_center_anchor,,39.948393,-109.771811,39.948393,-109.771811,2020-08-07T16:34:14+00,2020-08-07T17:59:21.024000Z,2020-08-05T18:09:19.024000Z,2020-08-02T17:59:19.024000Z,2020-07-31T18:09:21.024000Z,,,/mnt/engg-niulab/yuyao/final_crop/s2_6time_legacy_center_zero_mask_32_to_224/all/GAO20200807t163414p0000-A/pos_04_x250_y231/s2_0.tif,/mnt/engg-niulab/yuyao/final_crop/s2_6time_legacy_center_zero_mask_32_to_224/all/GAO20200807t163414p0000-A/pos_04_x250_y231/s2_prev1.tif,/mnt/engg-niulab/yuyao/final_crop/s2_6time_legacy_center_zero_mask_32_to_224/all/GAO20200807t163414p0000-A/pos_04_x250_y231/s2_prev2.tif,/mnt/engg-niulab/yuyao/final_crop/s2_6time_legacy_center_zero_mask_32_to_224/all/GAO20200807t163414p0000-A/pos_04_x250_y231/s2_prev3.tif,/mnt/engg-niulab/yuyao/final_crop/s2_6time_legacy_center_zero_mask_32_to_224/all/GAO20200807t163414p0000-A/pos_04_x250_y231/s2_seasonal.tif,/mnt/engg-niulab/yuyao/final_crop/s2_6time_legacy_center_zero_mask_32_to_224/all/GAO20200807t163414p0000-A/pos_04_x250_y231/s2_year.tif,/mnt/engg-niulab/yuyao/final_crop/s2_6time_legacy_center_zero_mask_32_to_224/all/GAO20200807t163414p0000-A/pos_04_x250_y231/s2_0.tif,/mnt/engg-niulab/yuyao/final_crop/s2_6time_legacy_center_zero_mask_32_to_224/all/GAO20200807t163414p0000-A/pos_04_x250_y231/s2_0.tif,/mnt/engg-niulab/yuyao/final_crop/s2_6time_legacy_center_zero_mask_32_to_224/all/GAO20200807t163414p0000-A/pos_04_x250_y231/s2_prev1.tif,/mnt/engg-niulab/yuyao/final_crop/s2_6time_legacy_center_zero_mask_32_to_224/all/GAO20200807t163414p0000-A/pos_04_x250_y231/s2_seasonal.tif,/mnt/engg-niulab/yuyao/final_crop/s2_6time_legacy_center_zero_mask_32_to_224/all/GAO20200807t163414p0000-A/pos_04_x250_y231/s2_year.tif
GAO20200807t163414p0000-A,dropped_missing_required_time_or_path,1,/mnt/engg-niulab/yuyao/final_crop/s2_6time_legacy_center_zero_mask_32/all/GAO20200807t163414p0000-A/pos_05_x255_y253,/mnt/engg-niulab/yuyao/final_crop/s2_6time_legacy_center_zero_mask_32/all/GAO20200807t163414p0000-A/pos_05_x255_y253,/mnt/engg-niulab/yuyao/final_crop/s2_6time_legacy_center_zero_mask_32_to_224/all/GAO20200807t163414p0000-A/pos_05_x255_y253/plume.tif,/mnt/engg-niulab/yuyao/final_crop/s2_6time_legacy_center_zero_mask_32_to_224/all/GAO20200807t163414p0000-A/pos_05_x255_y253/plume.tif,/mnt/engg-niulab/yuyao/final_crop/s2_6time_legacy_center_zero_mask_32_to_224/all/GAO20200807t163414p0000-A/pos_05_x255_y253/plume.tif,255,253,255,253,legacy_center_anchor,,39.948393,-109.771811,39.948393,-109.771811,2020-08-07T16:34:14+00,2020-08-07T17:59:21.024000Z,2020-08-05T18:09:19.024000Z,2020-08-02T17:59:19.024000Z,2020-07-31T18:09:21.024000Z,,,/mnt/engg-niulab/yuyao/final_crop/s2_6time_legacy_center_zero_mask_32_to_224/all/GAO20200807t163414p0000-A/pos_05_x255_y253/s2_0.tif,/mnt/engg-niulab/yuyao/final_crop/s2_6time_legacy_center_zero_mask_32_to_224/all/GAO20200807t163414p0000-A/pos_05_x255_y253/s2_prev1.tif,/mnt/engg-niulab/yuyao/final_crop/s2_6time_legacy_center_zero_mask_32_to_224/all/GAO20200807t163414p0000-A/pos_05_x255_y253/s2_prev2.tif,/mnt/engg-niulab/yuyao/final_crop/s2_6time_legacy_center_zero_mask_32_to_224/all/GAO20200807t163414p0000-A/pos_05_x255_y253/s2_prev3.tif,/mnt/engg-niulab/yuyao/final_crop/s2_6time_legacy_center_zero_mask_32_to_224/all/GAO20200807t163414p0000-A/pos_05_x255_y253/s2_seasonal.tif,/mnt/engg-niulab/yuyao/final_crop/s2_6time_legacy_center_zero_mask_32_to_224/all/GAO20200807t163414p0000-A/pos_05_x255_y253/s2_year.tif,/mnt/engg-niulab/yuyao/final_crop/s2_6time_legacy_center_zero_mask_32_to_224/all/GAO20200807t163414p0000-A/pos_05_x255_y253/s2_0.tif,/mnt/engg-niulab/yuyao/final_crop/s2_6time_legacy_center_zero_mask_32_to_224/all/GAO20200807t163414p0000-A/pos_05_x255_y253/s2_0.tif,/mnt/engg-niulab/yuyao/final_crop/s2_6time_legacy_center_zero_mask_32_to_224/all/GAO20200807t163414p0000-A/pos_05_x255_y253/s2_prev1.tif,/mnt/engg-niulab/yuyao/final_crop/s2_6time_legacy_center_zero_mask_32_to_224/all/GAO20200807t163414p0000-A/pos_05_x255_y253/s2_seasonal.tif,/mnt/engg-niulab/yuyao/final_crop/s2_6time_legacy_center_zero_mask_32_to_224/all/GAO20200807t163414p0000-A/pos_05_x255_y253/s2_year.tif
GAO20200807t163414p0000-A,dropped_missing_required_time_or_path,1,/mnt/engg-niulab/yuyao/final_crop/s2_6time_legacy_center_zero_mask_32/all/GAO20200807t163414p0000-A/pos_06_x252_y241,/mnt/engg-niulab/yuyao/final_crop/s2_6time_legacy_center_zero_mask_32/all/GAO20200807t163414p0000-A/pos_06_x252_y241,/mnt/engg-niulab/yuyao/final_crop/s2_6time_legacy_center_zero_mask_32_to_224/all/GAO20200807t163414p0000-A/pos_06_x252_y241/plume.tif,/mnt/engg-niulab/yuyao/final_crop/s2_6time_legacy_center_zero_mask_32_to_224/all/GAO20200807t163414p0000-A/pos_06_x252_y241/plume.tif,/mnt/engg-niulab/yuyao/final_crop/s2_6time_legacy_center_zero_mask_32_to_224/all/GAO20200807t163414p0000-A/pos_06_x252_y241/plume.tif,252,241,252,241,legacy_center_anchor,,39.948393,-109.771811,39.948393,-109.771811,2020-08-07T16:34:14+00,2020-08-07T17:59:21.024000Z,2020-08-05T18:09:19.024000Z,2020-08-02T17:59:19.024000Z,2020-07-31T18:09:21.024000Z,,,/mnt/engg-niulab/yuyao/final_crop/s2_6time_legacy_center_zero_mask_32_to_224/all/GAO20200807t163414p0000-A/pos_06_x252_y241/s2_0.tif,/mnt/engg-niulab/yuyao/final_crop/s2_6time_legacy_center_zero_mask_32_to_224/all/GAO20200807t163414p0000-A/pos_06_x252_y241/s2_prev1.tif,/mnt/engg-niulab/yuyao/final_crop/s2_6time_legacy_center_zero_mask_32_to_224/all/GAO20200807t163414p0000-A/pos_06_x252_y241/s2_prev2.tif,/mnt/engg-niulab/yuyao/final_crop/s2_6time_legacy_center_zero_mask_32_to_224/all/GAO20200807t163414p0000-A/pos_06_x252_y241/s2_prev3.tif,/mnt/engg-niulab/yuyao/final_crop/s2_6time_legacy_center_zero_mask_32_to_224/all/GAO20200807t163414p0000-A/pos_06_x252_y241/s2_seasonal.tif,/mnt/engg-niulab/yuyao/final_crop/s2_6time_legacy_center_zero_mask_32_to_224/all/GAO20200807t163414p0000-A/pos_06_x252_y241/s2_year.tif,/mnt/engg-niulab/yuyao/final_crop/s2_6time_legacy_center_zero_mask_32_to_224/all/GAO20200807t163414p0000-A/pos_06_x252_y241/s2_0.tif,/mnt/engg-niulab/yuyao/final_crop/s2_6time_legacy_center_zero_mask_32_to_224/all/GAO20200807t163414p0000-A/pos_06_x252_y241/s2_0.tif,/mnt/engg-niulab/yuyao/final_crop/s2_6time_legacy_center_zero_mask_32_to_224/all/GAO20200807t163414p0000-A/pos_06_x252_y241/s2_prev1.tif,/mnt/engg-niulab/yuyao/final_crop/s2_6time_legacy_center_zero_mask_32_to_224/all/GAO20200807t163414p0000-A/pos_06_x252_y241/s2_seasonal.tif,/mnt/engg-niulab/yuyao/final_crop/s2_6time_legacy_center_zero_mask_32_to_224/all/GAO20200807t163414p0000-A/pos_06_x252_y241/s2_year.tif
GAO20200807t163414p0000-A,dropped_missing_required_time_or_path,1,/mnt/engg-niulab/yuyao/final_crop/s2_6time_legacy_center_zero_mask_32/all/GAO20200807t163414p0000-A/pos_07_x234_y226,/mnt/engg-niulab/yuyao/final_crop/s2_6time_legacy_center_zero_mask_32/all/GAO20200807t163414p0000-A/pos_07_x234_y226,/mnt/engg-niulab/yuyao/final_crop/s2_6time_legacy_center_zero_mask_32_to_224/all/GAO20200807t163414p0000-A/pos_07_x234_y226/plume.tif,/mnt/engg-niulab/yuyao/final_crop/s2_6time_legacy_center_zero_mask_32_to_224/all/GAO20200807t163414p0000-A/pos_07_x234_y226/plume.tif,/mnt/engg-niulab/yuyao/final_crop/s2_6time_legacy_center_zero_mask_32_to_224/all/GAO20200807t163414p0000-A/pos_07_x234_y226/plume.tif,234,226,234,226,legacy_center_anchor,,39.948393,-109.771811,39.948393,-109.771811,2020-08-07T16:34:14+00,2020-08-07T17:59:21.024000Z,2020-08-05T18:09:19.024000Z,2020-08-02T17:59:19.024000Z,2020-07-31T18:09:21.024000Z,,,/mnt/engg-niulab/yuyao/final_crop/s2_6time_legacy_center_zero_mask_32_to_224/all/GAO20200807t163414p0000-A/pos_07_x234_y226/s2_0.tif,/mnt/engg-niulab/yuyao/final_crop/s2_6time_legacy_center_zero_mask_32_to_224/all/GAO20200807t163414p0000-A/pos_07_x234_y226/s2_prev1.tif,/mnt/engg-niulab/yuyao/final_crop/s2_6time_legacy_center_zero_mask_32_to_224/all/GAO20200807t163414p0000-A/pos_07_x234_y226/s2_prev2.tif,/mnt/engg-niulab/yuyao/final_crop/s2_6time_legacy_center_zero_mask_32_to_224/all/GAO20200807t163414p0000-A/pos_07_x234_y226/s2_prev3.tif,/mnt/engg-niulab/yuyao/final_crop/s2_6time_legacy_center_zero_mask_32_to_224/all/GAO20200807t163414p0000-A/pos_07_x234_y226/s2_seasonal.tif,/mnt/engg-niulab/yuyao/final_crop/s2_6time_legacy_center_zero_mask_32_to_224/all/GAO20200807t163414p0000-A/pos_07_x234_y226/s2_year.tif,/mnt/engg-niulab/yuyao/final_crop/s2_6time_legacy_center_zero_mask_32_to_224/all/GAO20200807t163414p0000-A/pos_07_x234_y226/s2_0.tif,/mnt/engg-niulab/yuyao/final_crop/s2_6time_legacy_center_zero_mask_32_to_224/all/GAO20200807t163414p0000-A/pos_07_x234_y226/s2_0.tif,/mnt/engg-niulab/yuyao/final_crop/s2_6time_legacy_center_zero_mask_32_to_224/all/GAO20200807t163414p0000-A/pos_07_x234_y226/s2_prev1.tif,/mnt/engg-niulab/yuyao/final_crop/s2_6time_legacy_center_zero_mask_32_to_224/all/GAO20200807t163414p0000-A/pos_07_x234_y226/s2_seasonal.tif,/mnt/engg-niulab/yuyao/final_crop/s2_6time_legacy_center_zero_mask_32_to_224/all/GAO20200807t163414p0000-A/pos_07_x234_y226/s2_year.tif
GAO20200807t163414p0000-A,dropped_missing_required_time_or_path,1,/mnt/engg-niulab/yuyao/final_crop/s2_6time_legacy_center_zero_mask_32/all/GAO20200807t163414p0000-A/pos_08_x241_y233,/mnt/engg-niulab/yuyao/final_crop/s2_6time_legacy_center_zero_mask_32/all/GAO20200807t163414p0000-A/pos_08_x241_y233,/mnt/engg-niulab/yuyao/final_crop/s2_6time_legacy_center_zero_mask_32_to_224/all/GAO20200807t163414p0000-A/pos_08_x241_y233/plume.tif,/mnt/engg-niulab/yuyao/final_crop/s2_6time_legacy_center_zero_mask_32_to_224/all/GAO20200807t163414p0000-A/pos_08_x241_y233/plume.tif,/mnt/engg-niulab/yuyao/final_crop/s2_6time_legacy_center_zero_mask_32_to_224/all/GAO20200807t163414p0000-A/pos_08_x241_y233/plume.tif,241,233,241,233,legacy_center_anchor,,39.948393,-109.771811,39.948393,-109.771811,2020-08-07T16:34:14+00,2020-08-07T17:59:21.024000Z,2020-08-05T18:09:19.024000Z,2020-08-02T17:59:19.024000Z,2020-07-31T18:09:21.024000Z,,,/mnt/engg-niulab/yuyao/final_crop/s2_6time_legacy_center_zero_mask_32_to_224/all/GAO20200807t163414p0000-A/pos_08_x241_y233/s2_0.tif,/mnt/engg-niulab/yuyao/final_crop/s2_6time_legacy_center_zero_mask_32_to_224/all/GAO20200807t163414p0000-A/pos_08_x241_y233/s2_prev1.tif,/mnt/engg-niulab/yuyao/final_crop/s2_6time_legacy_center_zero_mask_32_to_224/all/GAO20200807t163414p0000-A/pos_08_x241_y233/s2_prev2.tif,/mnt/engg-niulab/yuyao/final_crop/s2_6time_legacy_center_zero_mask_32_to_224/all/GAO20200807t163414p0000-A/pos_08_x241_y233/s2_prev3.tif,/mnt/engg-niulab/yuyao/final_crop/s2_6time_legacy_center_zero_mask_32_to_224/all/GAO20200807t163414p0000-A/pos_08_x241_y233/s2_seasonal.tif,/mnt/engg-niulab/yuyao/final_crop/s2_6time_legacy_center_zero_mask_32_to_224/all/GAO20200807t163414p0000-A/pos_08_x241_y233/s2_year.tif,/mnt/engg-niulab/yuyao/final_crop/s2_6time_legacy_center_zero_mask_32_to_224/all/GAO20200807t163414p0000-A/pos_08_x241_y233/s2_0.tif,/mnt/engg-niulab/yuyao/final_crop/s2_6time_legacy_center_zero_mask_32_to_224/all/GAO20200807t163414p0000-A/pos_08_x241_y233/s2_0.tif,/mnt/engg-niulab/yuyao/final_crop/s2_6time_legacy_center_zero_mask_32_to_224/all/GAO20200807t163414p0000-A/pos_08_x241_y233/s2_prev1.tif,/mnt/engg-niulab/yuyao/final_crop/s2_6time_legacy_center_zero_mask_32_to_224/all/GAO20200807t163414p0000-A/pos_08_x241_y233/s2_seasonal.tif,/mnt/engg-niulab/yuyao/final_crop/s2_6time_legacy_center_zero_mask_32_to_224/all/GAO20200807t163414p0000-A/pos_08_x241_y233/s2_year.tif
GAO20200807t163414p0000-A,dropped_missing_required_time_or_path,1,/mnt/engg-niulab/yuyao/final_crop/s2_6time_legacy_center_zero_mask_32/all/GAO20200807t163414p0000-A/pos_09_x251_y249,/mnt/engg-niulab/yuyao/final_crop/s2_6time_legacy_center_zero_mask_32/all/GAO20200807t163414p0000-A/pos_09_x251_y249,/mnt/engg-niulab/yuyao/final_crop/s2_6time_legacy_center_zero_mask_32_to_224/all/GAO20200807t163414p0000-A/pos_09_x251_y249/plume.tif,/mnt/engg-niulab/yuyao/final_crop/s2_6time_legacy_center_zero_mask_32_to_224/all/GAO20200807t163414p0000-A/pos_09_x251_y249/plume.tif,/mnt/engg-niulab/yuyao/final_crop/s2_6time_legacy_center_zero_mask_32_to_224/all/GAO20200807t163414p0000-A/pos_09_x251_y249/plume.tif,251,249,251,249,legacy_center_anchor,,39.948393,-109.771811,39.948393,-109.771811,2020-08-07T16:34:14+00,2020-08-07T17:59:21.024000Z,2020-08-05T18:09:19.024000Z,2020-08-02T17:59:19.024000Z,2020-07-31T18:09:21.024000Z,,,/mnt/engg-niulab/yuyao/final_crop/s2_6time_legacy_center_zero_mask_32_to_224/all/GAO20200807t163414p0000-A/pos_09_x251_y249/s2_0.tif,/mnt/engg-niulab/yuyao/final_crop/s2_6time_legacy_center_zero_mask_32_to_224/all/GAO20200807t163414p0000-A/pos_09_x251_y249/s2_prev1.tif,/mnt/engg-niulab/yuyao/final_crop/s2_6time_legacy_center_zero_mask_32_to_224/all/GAO20200807t163414p0000-A/pos_09_x251_y249/s2_prev2.tif,/mnt/engg-niulab/yuyao/final_crop/s2_6time_legacy_center_zero_mask_32_to_224/all/GAO20200807t163414p0000-A/pos_09_x251_y249/s2_prev3.tif,/mnt/engg-niulab/yuyao/final_crop/s2_6time_legacy_center_zero_mask_32_to_224/all/GAO20200807t163414p0000-A/pos_09_x251_y249/s2_seasonal.tif,/mnt/engg-niulab/yuyao/final_crop/s2_6time_legacy_center_zero_mask_32_to_224/all/GAO20200807t163414p0000-A/pos_09_x251_y249/s2_year.tif,/mnt/engg-niulab/yuyao/final_crop/s2_6time_legacy_center_zero_mask_32_to_224/all/GAO20200807t163414p0000-A/pos_09_x251_y249/s2_0.tif,/mnt/engg-niulab/yuyao/final_crop/s2_6time_legacy_center_zero_mask_32_to_224/all/GAO20200807t163414p0000-A/pos_09_x251_y249/s2_0.tif,/mnt/engg-niulab/yuyao/final_crop/s2_6time_legacy_center_zero_mask_32_to_224/all/GAO20200807t163414p0000-A/pos_09_x251_y249/s2_prev1.tif,/mnt/engg-niulab/yuyao/final_crop/s2_6time_legacy_center_zero_mask_32_to_224/all/GAO20200807t163414p0000-A/pos_09_x251_y249/s2_seasonal.tif,/mnt/engg-niulab/yuyao/final_crop/s2_6time_legacy_center_zero_mask_32_to_224/all/GAO20200807t163414p0000-A/pos_09_x251_y249/s2_year.tif
GAO20200807t163414p0000-A,dropped_missing_required_time_or_path,1,/mnt/engg-niulab/yuyao/final_crop/s2_6time_legacy_center_zero_mask_32/all/GAO20200807t163414p0000-A/pos_10_x243_y231,/mnt/engg-niulab/yuyao/final_crop/s2_6time_legacy_center_zero_mask_32/all/GAO20200807t163414p0000-A/pos_10_x243_y231,/mnt/engg-niulab/yuyao/final_crop/s2_6time_legacy_center_zero_mask_32_to_224/all/GAO20200807t163414p0000-A/pos_10_x243_y231/plume.tif,/mnt/engg-niulab/yuyao/final_crop/s2_6time_legacy_center_zero_mask_32_to_224/all/GAO20200807t163414p0000-A/pos_10_x243_y231/plume.tif,/mnt/engg-niulab/yuyao/final_crop/s2_6time_legacy_center_zero_mask_32_to_224/all/GAO20200807t163414p0000-A/pos_10_x243_y231/plume.tif,243,231,243,231,legacy_center_anchor,,39.948393,-109.771811,39.948393,-109.771811,2020-08-07T16:34:14+00,2020-08-07T17:59:21.024000Z,2020-08-05T18:09:19.024000Z,2020-08-02T17:59:19.024000Z,2020-07-31T18:09:21.024000Z,,,/mnt/engg-niulab/yuyao/final_crop/s2_6time_legacy_center_zero_mask_32_to_224/all/GAO20200807t163414p0000-A/pos_10_x243_y231/s2_0.tif,/mnt/engg-niulab/yuyao/final_crop/s2_6time_legacy_center_zero_mask_32_to_224/all/GAO20200807t163414p0000-A/pos_10_x243_y231/s2_prev1.tif,/mnt/engg-niulab/yuyao/final_crop/s2_6time_legacy_center_zero_mask_32_to_224/all/GAO20200807t163414p0000-A/pos_10_x243_y231/s2_prev2.tif,/mnt/engg-niulab/yuyao/final_crop/s2_6time_legacy_center_zero_mask_32_to_224/all/GAO20200807t163414p0000-A/pos_10_x243_y231/s2_prev3.tif,/mnt/engg-niulab/yuyao/final_crop/s2_6time_legacy_center_zero_mask_32_to_224/all/GAO20200807t163414p0000-A/pos_10_x243_y231/s2_seasonal.tif,/mnt/engg-niulab/yuyao/final_crop/s2_6time_legacy_center_zero_mask_32_to_224/all/GAO20200807t163414p0000-A/pos_10_x243_y231/s2_year.tif,/mnt/engg-niulab/yuyao/final_crop/s2_6time_legacy_center_zero_mask_32_to_224/all/GAO20200807t163414p0000-A/pos_10_x243_y231/s2_0.tif,/mnt/engg-niulab/yuyao/final_crop/s2_6time_legacy_center_zero_mask_32_to_224/all/GAO20200807t163414p0000-A/pos_10_x243_y231/s2_0.tif,/mnt/engg-niulab/yuyao/final_crop/s2_6time_legacy_center_zero_mask_32_to_224/all/GAO20200807t163414p0000-A/pos_10_x243_y231/s2_prev1.tif,/mnt/engg-niulab/yuyao/final_crop/s2_6time_legacy_center_zero_mask_32_to_224/all/GAO20200807t163414p0000-A/pos_10_x243_y231/s2_seasonal.tif,/mnt/engg-niulab/yuyao/final_crop/s2_6time_legacy_center_zero_mask_32_to_224/all/GAO20200807t163414p0000-A/pos_10_x243_y231/s2_year.tif
GAO20200807t163414p0000-A,dropped_missing_required_time_or_path,1,/mnt/engg-niulab/yuyao/final_crop/s2_6time_legacy_center_zero_mask_32/all/GAO20200807t163414p0000-A/pos_11_x225_y246,/mnt/engg-niulab/yuyao/final_crop/s2_6time_legacy_center_zero_mask_32/all/GAO20200807t163414p0000-A/pos_11_x225_y246,/mnt/engg-niulab/yuyao/final_crop/s2_6time_legacy_center_zero_mask_32_to_224/all/GAO20200807t163414p0000-A/pos_11_x225_y246/plume.tif,/mnt/engg-niulab/yuyao/final_crop/s2_6time_legacy_center_zero_mask_32_to_224/all/GAO20200807t163414p0000-A/pos_11_x225_y246/plume.tif,/mnt/engg-niulab/yuyao/final_crop/s2_6time_legacy_center_zero_mask_32_to_224/all/GAO20200807t163414p0000-A/pos_11_x225_y246/plume.tif,225,246,225,246,legacy_center_anchor,,39.948393,-109.771811,39.948393,-109.771811,2020-08-07T16:34:14+00,2020-08-07T17:59:21.024000Z,2020-08-05T18:09:19.024000Z,2020-08-02T17:59:19.024000Z,2020-07-31T18:09:21.024000Z,,,/mnt/engg-niulab/yuyao/final_crop/s2_6time_legacy_center_zero_mask_32_to_224/all/GAO20200807t163414p0000-A/pos_11_x225_y246/s2_0.tif,/mnt/engg-niulab/yuyao/final_crop/s2_6time_legacy_center_zero_mask_32_to_224/all/GAO20200807t163414p0000-A/pos_11_x225_y246/s2_prev1.tif,/mnt/engg-niulab/yuyao/final_crop/s2_6time_legacy_center_zero_mask_32_to_224/all/GAO20200807t163414p0000-A/pos_11_x225_y246/s2_prev2.tif,/mnt/engg-niulab/yuyao/final_crop/s2_6time_legacy_center_zero_mask_32_to_224/all/GAO20200807t163414p0000-A/pos_11_x225_y246/s2_prev3.tif,/mnt/engg-niulab/yuyao/final_crop/s2_6time_legacy_center_zero_mask_32_to_224/all/GAO20200807t163414p0000-A/pos_11_x225_y246/s2_seasonal.tif,/mnt/engg-niulab/yuyao/final_crop/s2_6time_legacy_center_zero_mask_32_to_224/all/GAO20200807t163414p0000-A/pos_11_x225_y246/s2_year.tif,/mnt/engg-niulab/yuyao/final_crop/s2_6time_legacy_center_zero_mask_32_to_224/all/GAO20200807t163414p0000-A/pos_11_x225_y246/s2_0.tif,/mnt/engg-niulab/yuyao/final_crop/s2_6time_legacy_center_zero_mask_32_to_224/all/GAO20200807t163414p0000-A/pos_11_x225_y246/s2_0.tif,/mnt/engg-niulab/yuyao/final_crop/s2_6time_legacy_center_zero_mask_32_to_224/all/GAO20200807t163414p0000-A/pos_11_x225_y246/s2_prev1.tif,/mnt/engg-niulab/yuyao/final_crop/s2_6time_legacy_center_zero_mask_32_to_224/all/GAO20200807t163414p0000-A/pos_11_x225_y246/s2_seasonal.tif,/mnt/engg-niulab/yuyao/final_crop/s2_6time_legacy_center_zero_mask_32_to_224/all/GAO20200807t163414p0000-A/pos_11_x225_y246/s2_year.tif
GAO20200807t163414p0000-A,dropped_missing_required_time_or_path,1,/mnt/engg-niulab/yuyao/final_crop/s2_6time_legacy_center_zero_mask_32/all/GAO20200807t163414p0000-A/pos_12_x240_y229,/mnt/engg-niulab/yuyao/final_crop/s2_6time_legacy_center_zero_mask_32/all/GAO20200807t163414p0000-A/pos_12_x240_y229,/mnt/engg-niulab/yuyao/final_crop/s2_6time_legacy_center_zero_mask_32_to_224/all/GAO20200807t163414p0000-A/pos_12_x240_y229/plume.tif,/mnt/engg-niulab/yuyao/final_crop/s2_6time_legacy_center_zero_mask_32_to_224/all/GAO20200807t163414p0000-A/pos_12_x240_y229/plume.tif,/mnt/engg-niulab/yuyao/final_crop/s2_6time_legacy_center_zero_mask_32_to_224/all/GAO20200807t163414p0000-A/pos_12_x240_y229/plume.tif,240,229,240,229,legacy_center_anchor,,39.948393,-109.771811,39.948393,-109.771811,2020-08-07T16:34:14+00,2020-08-07T17:59:21.024000Z,2020-08-05T18:09:19.024000Z,2020-08-02T17:59:19.024000Z,2020-07-31T18:09:21.024000Z,,,/mnt/engg-niulab/yuyao/final_crop/s2_6time_legacy_center_zero_mask_32_to_224/all/GAO20200807t163414p0000-A/pos_12_x240_y229/s2_0.tif,/mnt/engg-niulab/yuyao/final_crop/s2_6time_legacy_center_zero_mask_32_to_224/all/GAO20200807t163414p0000-A/pos_12_x240_y229/s2_prev1.tif,/mnt/engg-niulab/yuyao/final_crop/s2_6time_legacy_center_zero_mask_32_to_224/all/GAO20200807t163414p0000-A/pos_12_x240_y229/s2_prev2.tif,/mnt/engg-niulab/yuyao/final_crop/s2_6time_legacy_center_zero_mask_32_to_224/all/GAO20200807t163414p0000-A/pos_12_x240_y229/s2_prev3.tif,/mnt/engg-niulab/yuyao/final_crop/s2_6time_legacy_center_zero_mask_32_to_224/all/GAO20200807t163414p0000-A/pos_12_x240_y229/s2_seasonal.tif,/mnt/engg-niulab/yuyao/final_crop/s2_6time_legacy_center_zero_mask_32_to_224/all/GAO20200807t163414p0000-A/pos_12_x240_y229/s2_year.tif,/mnt/engg-niulab/yuyao/final_crop/s2_6time_legacy_center_zero_mask_32_to_224/all/GAO20200807t163414p0000-A/pos_12_x240_y229/s2_0.tif,/mnt/engg-niulab/yuyao/final_crop/s2_6time_legacy_center_zero_mask_32_to_224/all/GAO20200807t163414p0000-A/pos_12_x240_y229/s2_0.tif,/mnt/engg-niulab/yuyao/final_crop/s2_6time_legacy_center_zero_mask_32_to_224/all/GAO20200807t163414p0000-A/pos_12_x240_y229/s2_prev1.tif,/mnt/engg-niulab/yuyao/final_crop/s2_6time_legacy_center_zero_mask_32_to_224/all/GAO20200807t163414p0000-A/pos_12_x240_y229/s2_seasonal.tif,/mnt/engg-niulab/yuyao/final_crop/s2_6time_legacy_center_zero_mask_32_to_224/all/GAO20200807t163414p0000-A/pos_12_x240_y229/s2_year.tif
GAO20200807t163414p0000-A,dropped_missing_required_time_or_path,1,/mnt/engg-niulab/yuyao/final_crop/s2_6time_legacy_center_zero_mask_32/all/GAO20200807t163414p0000-A/pos_13_x246_y233,/mnt/engg-niulab/yuyao/final_crop/s2_6time_legacy_center_zero_mask_32/all/GAO20200807t163414p0000-A/pos_13_x246_y233,/mnt/engg-niulab/yuyao/final_crop/s2_6time_legacy_center_zero_mask_32_to_224/all/GAO20200807t163414p0000-A/pos_13_x246_y233/plume.tif,/mnt/engg-niulab/yuyao/final_crop/s2_6time_legacy_center_zero_mask_32_to_224/all/GAO20200807t163414p0000-A/pos_13_x246_y233/plume.tif,/mnt/engg-niulab/yuyao/final_crop/s2_6time_legacy_center_zero_mask_32_to_224/all/GAO20200807t163414p0000-A/pos_13_x246_y233/plume.tif,246,233,246,233,legacy_center_anchor,,39.948393,-109.771811,39.948393,-109.771811,2020-08-07T16:34:14+00,2020-08-07T17:59:21.024000Z,2020-08-05T18:09:19.024000Z,2020-08-02T17:59:19.024000Z,2020-07-31T18:09:21.024000Z,,,/mnt/engg-niulab/yuyao/final_crop/s2_6time_legacy_center_zero_mask_32_to_224/all/GAO20200807t163414p0000-A/pos_13_x246_y233/s2_0.tif,/mnt/engg-niulab/yuyao/final_crop/s2_6time_legacy_center_zero_mask_32_to_224/all/GAO20200807t163414p0000-A/pos_13_x246_y233/s2_prev1.tif,/mnt/engg-niulab/yuyao/final_crop/s2_6time_legacy_center_zero_mask_32_to_224/all/GAO20200807t163414p0000-A/pos_13_x246_y233/s2_prev2.tif,/mnt/engg-niulab/yuyao/final_crop/s2_6time_legacy_center_zero_mask_32_to_224/all/GAO20200807t163414p0000-A/pos_13_x246_y233/s2_prev3.tif,/mnt/engg-niulab/yuyao/final_crop/s2_6time_legacy_center_zero_mask_32_to_224/all/GAO20200807t163414p0000-A/pos_13_x246_y233/s2_seasonal.tif,/mnt/engg-niulab/yuyao/final_crop/s2_6time_legacy_center_zero_mask_32_to_224/all/GAO20200807t163414p0000-A/pos_13_x246_y233/s2_year.tif,/mnt/engg-niulab/yuyao/final_crop/s2_6time_legacy_center_zero_mask_32_to_224/all/GAO20200807t163414p0000-A/pos_13_x246_y233/s2_0.tif,/mnt/engg-niulab/yuyao/final_crop/s2_6time_legacy_center_zero_mask_32_to_224/all/GAO20200807t163414p0000-A/pos_13_x246_y233/s2_0.tif,/mnt/engg-niulab/yuyao/final_crop/s2_6time_legacy_center_zero_mask_32_to_224/all/GAO20200807t163414p0000-A/pos_13_x246_y233/s2_prev1.tif,/mnt/engg-niulab/yuyao/final_crop/s2_6time_legacy_center_zero_mask_32_to_224/all/GAO20200807t163414p0000-A/pos_13_x246_y233/s2_seasonal.tif,/mnt/engg-niulab/yuyao/final_crop/s2_6time_legacy_center_zero_mask_32_to_224/all/GAO20200807t163414p0000-A/pos_13_x246_y233/s2_year.tif
GAO20200807t163414p0000-A,dropped_missing_required_time_or_path,1,/mnt/engg-niulab/yuyao/final_crop/s2_6time_legacy_center_zero_mask_32/all/GAO20200807t163414p0000-A/pos_14_x246_y248,/mnt/engg-niulab/yuyao/final_crop/s2_6time_legacy_center_zero_mask_32/all/GAO20200807t163414p0000-A/pos_14_x246_y248,/mnt/engg-niulab/yuyao/final_crop/s2_6time_legacy_center_zero_mask_32_to_224/all/GAO20200807t163414p0000-A/pos_14_x246_y248/plume.tif,/mnt/engg-niulab/yuyao/final_crop/s2_6time_legacy_center_zero_mask_32_to_224/all/GAO20200807t163414p0000-A/pos_14_x246_y248/plume.tif,/mnt/engg-niulab/yuyao/final_crop/s2_6time_legacy_center_zero_mask_32_to_224/all/GAO20200807t163414p0000-A/pos_14_x246_y248/plume.tif,246,248,246,248,legacy_center_anchor,,39.948393,-109.771811,39.948393,-109.771811,2020-08-07T16:34:14+00,2020-08-07T17:59:21.024000Z,2020-08-05T18:09:19.024000Z,2020-08-02T17:59:19.024000Z,2020-07-31T18:09:21.024000Z,,,/mnt/engg-niulab/yuyao/final_crop/s2_6time_legacy_center_zero_mask_32_to_224/all/GAO20200807t163414p0000-A/pos_14_x246_y248/s2_0.tif,/mnt/engg-niulab/yuyao/final_crop/s2_6time_legacy_center_zero_mask_32_to_224/all/GAO20200807t163414p0000-A/pos_14_x246_y248/s2_prev1.tif,/mnt/engg-niulab/yuyao/final_crop/s2_6time_legacy_center_zero_mask_32_to_224/all/GAO20200807t163414p0000-A/pos_14_x246_y248/s2_prev2.tif,/mnt/engg-niulab/yuyao/final_crop/s2_6time_legacy_center_zero_mask_32_to_224/all/GAO20200807t163414p0000-A/pos_14_x246_y248/s2_prev3.tif,/mnt/engg-niulab/yuyao/final_crop/s2_6time_legacy_center_zero_mask_32_to_224/all/GAO20200807t163414p0000-A/pos_14_x246_y248/s2_seasonal.tif,/mnt/engg-niulab/yuyao/final_crop/s2_6time_legacy_center_zero_mask_32_to_224/all/GAO20200807t163414p0000-A/pos_14_x246_y248/s2_year.tif,/mnt/engg-niulab/yuyao/final_crop/s2_6time_legacy_center_zero_mask_32_to_224/all/GAO20200807t163414p0000-A/pos_14_x246_y248/s2_0.tif,/mnt/engg-niulab/yuyao/final_crop/s2_6time_legacy_center_zero_mask_32_to_224/all/GAO20200807t163414p0000-A/pos_14_x246_y248/s2_0.tif,/mnt/engg-niulab/yuyao/final_crop/s2_6time_legacy_center_zero_mask_32_to_224/all/GAO20200807t163414p0000-A/pos_14_x246_y248/s2_prev1.tif,/mnt/engg-niulab/yuyao/final_crop/s2_6time_legacy_center_zero_mask_32_to_224/all/GAO20200807t163414p0000-A/pos_14_x246_y248/s2_seasonal.tif,/mnt/engg-niulab/yuyao/final_crop/s2_6time_legacy_center_zero_mask_32_to_224/all/GAO20200807t163414p0000-A/pos_14_x246_y248/s2_year.tif
GAO20200807t163414p0000-A,dropped_missing_required_time_or_path,1,/mnt/engg-niulab/yuyao/final_crop/s2_6time_legacy_center_zero_mask_32/all/GAO20200807t163414p0000-A/pos_15_x227_y230,/mnt/engg-niulab/yuyao/final_crop/s2_6time_legacy_center_zero_mask_32/all/GAO20200807t163414p0000-A/pos_15_x227_y230,/mnt/engg-niulab/yuyao/final_crop/s2_6time_legacy_center_zero_mask_32_to_224/all/GAO20200807t163414p0000-A/pos_15_x227_y230/plume.tif,/mnt/engg-niulab/yuyao/final_crop/s2_6time_legacy_center_zero_mask_32_to_224/all/GAO20200807t163414p0000-A/pos_15_x227_y230/plume.tif,/mnt/engg-niulab/yuyao/final_crop/s2_6time_legacy_center_zero_mask_32_to_224/all/GAO20200807t163414p0000-A/pos_15_x227_y230/plume.tif,227,230,227,230,legacy_center_anchor,,39.948393,-109.771811,39.948393,-109.771811,2020-08-07T16:34:14+00,2020-08-07T17:59:21.024000Z,2020-08-05T18:09:19.024000Z,2020-08-02T17:59:19.024000Z,2020-07-31T18:09:21.024000Z,,,/mnt/engg-niulab/yuyao/final_crop/s2_6time_legacy_center_zero_mask_32_to_224/all/GAO20200807t163414p0000-A/pos_15_x227_y230/s2_0.tif,/mnt/engg-niulab/yuyao/final_crop/s2_6time_legacy_center_zero_mask_32_to_224/all/GAO20200807t163414p0000-A/pos_15_x227_y230/s2_prev1.tif,/mnt/engg-niulab/yuyao/final_crop/s2_6time_legacy_center_zero_mask_32_to_224/all/GAO20200807t163414p0000-A/pos_15_x227_y230/s2_prev2.tif,/mnt/engg-niulab/yuyao/final_crop/s2_6time_legacy_center_zero_mask_32_to_224/all/GAO20200807t163414p0000-A/pos_15_x227_y230/s2_prev3.tif,/mnt/engg-niulab/yuyao/final_crop/s2_6time_legacy_center_zero_mask_32_to_224/all/GAO20200807t163414p0000-A/pos_15_x227_y230/s2_seasonal.tif,/mnt/engg-niulab/yuyao/final_crop/s2_6time_legacy_center_zero_mask_32_to_224/all/GAO20200807t163414p0000-A/pos_15_x227_y230/s2_year.tif,/mnt/engg-niulab/yuyao/final_crop/s2_6time_legacy_center_zero_mask_32_to_224/all/GAO20200807t163414p0000-A/pos_15_x227_y230/s2_0.tif,/mnt/engg-niulab/yuyao/final_crop/s2_6time_legacy_center_zero_mask_32_to_224/all/GAO20200807t163414p0000-A/pos_15_x227_y230/s2_0.tif,/mnt/engg-niulab/yuyao/final_crop/s2_6time_legacy_center_zero_mask_32_to_224/all/GAO20200807t163414p0000-A/pos_15_x227_y230/s2_prev1.tif,/mnt/engg-niulab/yuyao/final_crop/s2_6time_legacy_center_zero_mask_32_to_224/all/GAO20200807t163414p0000-A/pos_15_x227_y230/s2_seasonal.tif,/mnt/engg-niulab/yuyao/final_crop/s2_6time_legacy_center_zero_mask_32_to_224/all/GAO20200807t163414p0000-A/pos_15_x227_y230/s2_year.tif
GAO20200807t163414p0000-A,dropped_missing_required_time_or_path,0,/mnt/engg-niulab/yuyao/final_crop/s2_6time_legacy_center_zero_mask_32/all/GAO20200807t163414p0000-A/neg_00_x402_y421,/mnt/engg-niulab/yuyao/final_crop/s2_6time_legacy_center_zero_mask_32/all/GAO20200807t163414p0000-A/neg_00_x402_y421,/mnt/engg-niulab/yuyao/final_crop/s2_6time_legacy_center_zero_mask_32_to_224/all/GAO20200807t163414p0000-A/neg_00_x402_y421/plume.tif,/mnt/engg-niulab/yuyao/final_crop/s2_6time_legacy_center_zero_mask_32_to_224/all/GAO20200807t163414p0000-A/neg_00_x402_y421/plume.tif,/mnt/engg-niulab/yuyao/final_crop/s2_6time_legacy_center_zero_mask_32_to_224/all/GAO20200807t163414p0000-A/neg_00_x402_y421/plume.tif,402,421,402,421,legacy_center_anchor,,39.948393,-109.771811,39.948393,-109.771811,2020-08-07T16:34:14+00,2020-08-07T17:59:21.024000Z,2020-08-05T18:09:19.024000Z,2020-08-02T17:59:19.024000Z,2020-07-31T18:09:21.024000Z,,,/mnt/engg-niulab/yuyao/final_crop/s2_6time_legacy_center_zero_mask_32_to_224/all/GAO20200807t163414p0000-A/neg_00_x402_y421/s2_0.tif,/mnt/engg-niulab/yuyao/final_crop/s2_6time_legacy_center_zero_mask_32_to_224/all/GAO20200807t163414p0000-A/neg_00_x402_y421/s2_prev1.tif,/mnt/engg-niulab/yuyao/final_crop/s2_6time_legacy_center_zero_mask_32_to_224/all/GAO20200807t163414p0000-A/neg_00_x402_y421/s2_prev2.tif,/mnt/engg-niulab/yuyao/final_crop/s2_6time_legacy_center_zero_mask_32_to_224/all/GAO20200807t163414p0000-A/neg_00_x402_y421/s2_prev3.tif,/mnt/engg-niulab/yuyao/final_crop/s2_6time_legacy_center_zero_mask_32_to_224/all/GAO20200807t163414p0000-A/neg_00_x402_y421/s2_seasonal.tif,/mnt/engg-niulab/yuyao/final_crop/s2_6time_legacy_center_zero_mask_32_to_224/all/GAO20200807t163414p0000-A/neg_00_x402_y421/s2_year.tif,/mnt/engg-niulab/yuyao/final_crop/s2_6time_legacy_center_zero_mask_32_to_224/all/GAO20200807t163414p0000-A/neg_00_x402_y421/s2_0.tif,/mnt/engg-niulab/yuyao/final_crop/s2_6time_legacy_center_zero_mask_32_to_224/all/GAO20200807t163414p0000-A/neg_00_x402_y421/s2_0.tif,/mnt/engg-niulab/yuyao/final_crop/s2_6time_legacy_center_zero_mask_32_to_224/all/GAO20200807t163414p0000-A/neg_00_x402_y421/s2_prev1.tif,/mnt/engg-niulab/yuyao/final_crop/s2_6time_legacy_center_zero_mask_32_to_224/all/GAO20200807t163414p0000-A/neg_00_x402_y421/s2_seasonal.tif,/mnt/engg-niulab/yuyao/final_crop/s2_6time_legacy_center_zero_mask_32_to_224/all/GAO20200807t163414p0000-A/neg_00_x402_y421/s2_year.tif
GAO20200807t163414p0000-A,dropped_missing_required_time_or_path,0,/mnt/engg-niulab/yuyao/final_crop/s2_6time_legacy_center_zero_mask_32/all/GAO20200807t163414p0000-A/neg_01_x306_y151,/mnt/engg-niulab/yuyao/final_crop/s2_6time_legacy_center_zero_mask_32/all/GAO20200807t163414p0000-A/neg_01_x306_y151,/mnt/engg-niulab/yuyao/final_crop/s2_6time_legacy_center_zero_mask_32_to_224/all/GAO20200807t163414p0000-A/neg_01_x306_y151/plume.tif,/mnt/engg-niulab/yuyao/final_crop/s2_6time_legacy_center_zero_mask_32_to_224/all/GAO20200807t163414p0000-A/neg_01_x306_y151/plume.tif,/mnt/engg-niulab/yuyao/final_crop/s2_6time_legacy_center_zero_mask_32_to_224/all/GAO20200807t163414p0000-A/neg_01_x306_y151/plume.tif,306,151,306,151,legacy_center_anchor,,39.948393,-109.771811,39.948393,-109.771811,2020-08-07T16:34:14+00,2020-08-07T17:59:21.024000Z,2020-08-05T18:09:19.024000Z,2020-08-02T17:59:19.024000Z,2020-07-31T18:09:21.024000Z,,,/mnt/engg-niulab/yuyao/final_crop/s2_6time_legacy_center_zero_mask_32_to_224/all/GAO20200807t163414p0000-A/neg_01_x306_y151/s2_0.tif,/mnt/engg-niulab/yuyao/final_crop/s2_6time_legacy_center_zero_mask_32_to_224/all/GAO20200807t163414p0000-A/neg_01_x306_y151/s2_prev1.tif,/mnt/engg-niulab/yuyao/final_crop/s2_6time_legacy_center_zero_mask_32_to_224/all/GAO20200807t163414p0000-A/neg_01_x306_y151/s2_prev2.tif,/mnt/engg-niulab/yuyao/final_crop/s2_6time_legacy_center_zero_mask_32_to_224/all/GAO20200807t163414p0000-A/neg_01_x306_y151/s2_prev3.tif,/mnt/engg-niulab/yuyao/final_crop/s2_6time_legacy_center_zero_mask_32_to_224/all/GAO20200807t163414p0000-A/neg_01_x306_y151/s2_seasonal.tif,/mnt/engg-niulab/yuyao/final_crop/s2_6time_legacy_center_zero_mask_32_to_224/all/GAO20200807t163414p0000-A/neg_01_x306_y151/s2_year.tif,/mnt/engg-niulab/yuyao/final_crop/s2_6time_legacy_center_zero_mask_32_to_224/all/GAO20200807t163414p0000-A/neg_01_x306_y151/s2_0.tif,/mnt/engg-niulab/yuyao/final_crop/s2_6time_legacy_center_zero_mask_32_to_224/all/GAO20200807t163414p0000-A/neg_01_x306_y151/s2_0.tif,/mnt/engg-niulab/yuyao/final_crop/s2_6time_legacy_center_zero_mask_32_to_224/all/GAO20200807t163414p0000-A/neg_01_x306_y151/s2_prev1.tif,/mnt/engg-niulab/yuyao/final_crop/s2_6time_legacy_center_zero_mask_32_to_224/all/GAO20200807t163414p0000-A/neg_01_x306_y151/s2_seasonal.tif,/mnt/engg-niulab/yuyao/final_crop/s2_6time_legacy_center_zero_mask_32_to_224/all/GAO20200807t163414p0000-A/neg_01_x306_y151/s2_year.tif
GAO20200807t163414p0000-A,dropped_missing_required_time_or_path,0,/mnt/engg-niulab/yuyao/final_crop/s2_6time_legacy_center_zero_mask_32/all/GAO20200807t163414p0000-A/neg_02_x277_y84,/mnt/engg-niulab/yuyao/final_crop/s2_6time_legacy_center_zero_mask_32/all/GAO20200807t163414p0000-A/neg_02_x277_y84,/mnt/engg-niulab/yuyao/final_crop/s2_6time_legacy_center_zero_mask_32_to_224/all/GAO20200807t163414p0000-A/neg_02_x277_y84/plume.tif,/mnt/engg-niulab/yuyao/final_crop/s2_6time_legacy_center_zero_mask_32_to_224/all/GAO20200807t163414p0000-A/neg_02_x277_y84/plume.tif,/mnt/engg-niulab/yuyao/final_crop/s2_6time_legacy_center_zero_mask_32_to_224/all/GAO20200807t163414p0000-A/neg_02_x277_y84/plume.tif,277,84,277,84,legacy_center_anchor,,39.948393,-109.771811,39.948393,-109.771811,2020-08-07T16:34:14+00,2020-08-07T17:59:21.024000Z,2020-08-05T18:09:19.024000Z,2020-08-02T17:59:19.024000Z,2020-07-31T18:09:21.024000Z,,,/mnt/engg-niulab/yuyao/final_crop/s2_6time_legacy_center_zero_mask_32_to_224/all/GAO20200807t163414p0000-A/neg_02_x277_y84/s2_0.tif,/mnt/engg-niulab/yuyao/final_crop/s2_6time_legacy_center_zero_mask_32_to_224/all/GAO20200807t163414p0000-A/neg_02_x277_y84/s2_prev1.tif,/mnt/engg-niulab/yuyao/final_crop/s2_6time_legacy_center_zero_mask_32_to_224/all/GAO20200807t163414p0000-A/neg_02_x277_y84/s2_prev2.tif,/mnt/engg-niulab/yuyao/final_crop/s2_6time_legacy_center_zero_mask_32_to_224/all/GAO20200807t163414p0000-A/neg_02_x277_y84/s2_prev3.tif,/mnt/engg-niulab/yuyao/final_crop/s2_6time_legacy_center_zero_mask_32_to_224/all/GAO20200807t163414p0000-A/neg_02_x277_y84/s2_seasonal.tif,/mnt/engg-niulab/yuyao/final_crop/s2_6time_legacy_center_zero_mask_32_to_224/all/GAO20200807t163414p0000-A/neg_02_x277_y84/s2_year.tif,/mnt/engg-niulab/yuyao/final_crop/s2_6time_legacy_center_zero_mask_32_to_224/all/GAO20200807t163414p0000-A/neg_02_x277_y84/s2_0.tif,/mnt/engg-niulab/yuyao/final_crop/s2_6time_legacy_center_zero_mask_32_to_224/all/GAO20200807t163414p0000-A/neg_02_x277_y84/s2_0.tif,/mnt/engg-niulab/yuyao/final_crop/s2_6time_legacy_center_zero_mask_32_to_224/all/GAO20200807t163414p0000-A/neg_02_x277_y84/s2_prev1.tif,/mnt/engg-niulab/yuyao/final_crop/s2_6time_legacy_center_zero_mask_32_to_224/all/GAO20200807t163414p0000-A/neg_02_x277_y84/s2_seasonal.tif,/mnt/engg-niulab/yuyao/final_crop/s2_6time_legacy_center_zero_mask_32_to_224/all/GAO20200807t163414p0000-A/neg_02_x277_y84/s2_year.tif
GAO20200807t163414p0000-A,dropped_missing_required_time_or_path,0,/mnt/engg-niulab/yuyao/final_crop/s2_6time_legacy_center_zero_mask_32/all/GAO20200807t163414p0000-A/neg_03_x69_y158,/mnt/engg-niulab/yuyao/final_crop/s2_6time_legacy_center_zero_mask_32/all/GAO20200807t163414p0000-A/neg_03_x69_y158,/mnt/engg-niulab/yuyao/final_crop/s2_6time_legacy_center_zero_mask_32_to_224/all/GAO20200807t163414p0000-A/neg_03_x69_y158/plume.tif,/mnt/engg-niulab/yuyao/final_crop/s2_6time_legacy_center_zero_mask_32_to_224/all/GAO20200807t163414p0000-A/neg_03_x69_y158/plume.tif,/mnt/engg-niulab/yuyao/final_crop/s2_6time_legacy_center_zero_mask_32_to_224/all/GAO20200807t163414p0000-A/neg_03_x69_y158/plume.tif,69,158,69,158,legacy_center_anchor,,39.948393,-109.771811,39.948393,-109.771811,2020-08-07T16:34:14+00,2020-08-07T17:59:21.024000Z,2020-08-05T18:09:19.024000Z,2020-08-02T17:59:19.024000Z,2020-07-31T18:09:21.024000Z,,,/mnt/engg-niulab/yuyao/final_crop/s2_6time_legacy_center_zero_mask_32_to_224/all/GAO20200807t163414p0000-A/neg_03_x69_y158/s2_0.tif,/mnt/engg-niulab/yuyao/final_crop/s2_6time_legacy_center_zero_mask_32_to_224/all/GAO20200807t163414p0000-A/neg_03_x69_y158/s2_prev1.tif,/mnt/engg-niulab/yuyao/final_crop/s2_6time_legacy_center_zero_mask_32_to_224/all/GAO20200807t163414p0000-A/neg_03_x69_y158/s2_prev2.tif,/mnt/engg-niulab/yuyao/final_crop/s2_6time_legacy_center_zero_mask_32_to_224/all/GAO20200807t163414p0000-A/neg_03_x69_y158/s2_prev3.tif,/mnt/engg-niulab/yuyao/final_crop/s2_6time_legacy_center_zero_mask_32_to_224/all/GAO20200807t163414p0000-A/neg_03_x69_y158/s2_seasonal.tif,/mnt/engg-niulab/yuyao/final_crop/s2_6time_legacy_center_zero_mask_32_to_224/all/GAO20200807t163414p0000-A/neg_03_x69_y158/s2_year.tif,/mnt/engg-niulab/yuyao/final_crop/s2_6time_legacy_center_zero_mask_32_to_224/all/GAO20200807t163414p0000-A/neg_03_x69_y158/s2_0.tif,/mnt/engg-niulab/yuyao/final_crop/s2_6time_legacy_center_zero_mask_32_to_224/all/GAO20200807t163414p0000-A/neg_03_x69_y158/s2_0.tif,/mnt/engg-niulab/yuyao/final_crop/s2_6time_legacy_center_zero_mask_32_to_224/all/GAO20200807t163414p0000-A/neg_03_x69_y158/s2_prev1.tif,/mnt/engg-niulab/yuyao/final_crop/s2_6time_legacy_center_zero_mask_32_to_224/all/GAO20200807t163414p0000-A/neg_03_x69_y158/s2_seasonal.tif,/mnt/engg-niulab/yuyao/final_crop/s2_6time_legacy_center_zero_mask_32_to_224/all/GAO20200807t163414p0000-A/neg_03_x69_y158/s2_year.tif
GAO20200807t163414p0000-A,dropped_missing_required_time_or_path,0,/mnt/engg-niulab/yuyao/final_crop/s2_6time_legacy_center_zero_mask_32/all/GAO20200807t163414p0000-A/neg_04_x53_y236,/mnt/engg-niulab/yuyao/final_crop/s2_6time_legacy_center_zero_mask_32/all/GAO20200807t163414p0000-A/neg_04_x53_y236,/mnt/engg-niulab/yuyao/final_crop/s2_6time_legacy_center_zero_mask_32_to_224/all/GAO20200807t163414p0000-A/neg_04_x53_y236/plume.tif,/mnt/engg-niulab/yuyao/final_crop/s2_6time_legacy_center_zero_mask_32_to_224/all/GAO20200807t163414p0000-A/neg_04_x53_y236/plume.tif,/mnt/engg-niulab/yuyao/final_crop/s2_6time_legacy_center_zero_mask_32_to_224/all/GAO20200807t163414p0000-A/neg_04_x53_y236/plume.tif,53,236,53,236,legacy_center_anchor,,39.948393,-109.771811,39.948393,-109.771811,2020-08-07T16:34:14+00,2020-08-07T17:59:21.024000Z,2020-08-05T18:09:19.024000Z,2020-08-02T17:59:19.024000Z,2020-07-31T18:09:21.024000Z,,,/mnt/engg-niulab/yuyao/final_crop/s2_6time_legacy_center_zero_mask_32_to_224/all/GAO20200807t163414p0000-A/neg_04_x53_y236/s2_0.tif,/mnt/engg-niulab/yuyao/final_crop/s2_6time_legacy_center_zero_mask_32_to_224/all/GAO20200807t163414p0000-A/neg_04_x53_y236/s2_prev1.tif,/mnt/engg-niulab/yuyao/final_crop/s2_6time_legacy_center_zero_mask_32_to_224/all/GAO20200807t163414p0000-A/neg_04_x53_y236/s2_prev2.tif,/mnt/engg-niulab/yuyao/final_crop/s2_6time_legacy_center_zero_mask_32_to_224/all/GAO20200807t163414p0000-A/neg_04_x53_y236/s2_prev3.tif,/mnt/engg-niulab/yuyao/final_crop/s2_6time_legacy_center_zero_mask_32_to_224/all/GAO20200807t163414p0000-A/neg_04_x53_y236/s2_seasonal.tif,/mnt/engg-niulab/yuyao/final_crop/s2_6time_legacy_center_zero_mask_32_to_224/all/GAO20200807t163414p0000-A/neg_04_x53_y236/s2_year.tif,/mnt/engg-niulab/yuyao/final_crop/s2_6time_legacy_center_zero_mask_32_to_224/all/GAO20200807t163414p0000-A/neg_04_x53_y236/s2_0.tif,/mnt/engg-niulab/yuyao/final_crop/s2_6time_legacy_center_zero_mask_32_to_224/all/GAO20200807t163414p0000-A/neg_04_x53_y236/s2_0.tif,/mnt/engg-niulab/yuyao/final_crop/s2_6time_legacy_center_zero_mask_32_to_224/all/GAO20200807t163414p0000-A/neg_04_x53_y236/s2_prev1.tif,/mnt/engg-niulab/yuyao/final_crop/s2_6time_legacy_center_zero_mask_32_to_224/all/GAO20200807t163414p0000-A/neg_04_x53_y236/s2_seasonal.tif,/mnt/engg-niulab/yuyao/final_crop/s2_6time_legacy_center_zero_mask_32_to_224/all/GAO20200807t163414p0000-A/neg_04_x53_y236/s2_year.tif
GAO20200807t163414p0000-A,dropped_missing_required_time_or_path,0,/mnt/engg-niulab/yuyao/final_crop/s2_6time_legacy_center_zero_mask_32/all/GAO20200807t163414p0000-A/neg_05_x452_y402,/mnt/engg-niulab/yuyao/final_crop/s2_6time_legacy_center_zero_mask_32/all/GAO20200807t163414p0000-A/neg_05_x452_y402,/mnt/engg-niulab/yuyao/final_crop/s2_6time_legacy_center_zero_mask_32_to_224/all/GAO20200807t163414p0000-A/neg_05_x452_y402/plume.tif,/mnt/engg-niulab/yuyao/final_crop/s2_6time_legacy_center_zero_mask_32_to_224/all/GAO20200807t163414p0000-A/neg_05_x452_y402/plume.tif,/mnt/engg-niulab/yuyao/final_crop/s2_6time_legacy_center_zero_mask_32_to_224/all/GAO20200807t163414p0000-A/neg_05_x452_y402/plume.tif,452,402,452,402,legacy_center_anchor,,39.948393,-109.771811,39.948393,-109.771811,2020-08-07T16:34:14+00,2020-08-07T17:59:21.024000Z,2020-08-05T18:09:19.024000Z,2020-08-02T17:59:19.024000Z,2020-07-31T18:09:21.024000Z,,,/mnt/engg-niulab/yuyao/final_crop/s2_6time_legacy_center_zero_mask_32_to_224/all/GAO20200807t163414p0000-A/neg_05_x452_y402/s2_0.tif,/mnt/engg-niulab/yuyao/final_crop/s2_6time_legacy_center_zero_mask_32_to_224/all/GAO20200807t163414p0000-A/neg_05_x452_y402/s2_prev1.tif,/mnt/engg-niulab/yuyao/final_crop/s2_6time_legacy_center_zero_mask_32_to_224/all/GAO20200807t163414p0000-A/neg_05_x452_y402/s2_prev2.tif,/mnt/engg-niulab/yuyao/final_crop/s2_6time_legacy_center_zero_mask_32_to_224/all/GAO20200807t163414p0000-A/neg_05_x452_y402/s2_prev3.tif,/mnt/engg-niulab/yuyao/final_crop/s2_6time_legacy_center_zero_mask_32_to_224/all/GAO20200807t163414p0000-A/neg_05_x452_y402/s2_seasonal.tif,/mnt/engg-niulab/yuyao/final_crop/s2_6time_legacy_center_zero_mask_32_to_224/all/GAO20200807t163414p0000-A/neg_05_x452_y402/s2_year.tif,/mnt/engg-niulab/yuyao/final_crop/s2_6time_legacy_center_zero_mask_32_to_224/all/GAO20200807t163414p0000-A/neg_05_x452_y402/s2_0.tif,/mnt/engg-niulab/yuyao/final_crop/s2_6time_legacy_center_zero_mask_32_to_224/all/GAO20200807t163414p0000-A/neg_05_x452_y402/s2_0.tif,/mnt/engg-niulab/yuyao/final_crop/s2_6time_legacy_center_zero_mask_32_to_224/all/GAO20200807t163414p0000-A/neg_05_x452_y402/s2_prev1.tif,/mnt/engg-niulab/yuyao/final_crop/s2_6time_legacy_center_zero_mask_32_to_224/all/GAO20200807t163414p0000-A/neg_05_x452_y402/s2_seasonal.tif,/mnt/engg-niulab/yuyao/final_crop/s2_6time_legacy_center_zero_mask_32_to_224/all/GAO20200807t163414p0000-A/neg_05_x452_y402/s2_year.tif
GAO20200807t163414p0000-A,dropped_missing_required_time_or_path,0,/mnt/engg-niulab/yuyao/final_crop/s2_6time_legacy_center_zero_mask_32/all/GAO20200807t163414p0000-A/neg_06_x96_y207,/mnt/engg-niulab/yuyao/final_crop/s2_6time_legacy_center_zero_mask_32/all/GAO20200807t163414p0000-A/neg_06_x96_y207,/mnt/engg-niulab/yuyao/final_crop/s2_6time_legacy_center_zero_mask_32_to_224/all/GAO20200807t163414p0000-A/neg_06_x96_y207/plume.tif,/mnt/engg-niulab/yuyao/final_crop/s2_6time_legacy_center_zero_mask_32_to_224/all/GAO20200807t163414p0000-A/neg_06_x96_y207/plume.tif,/mnt/engg-niulab/yuyao/final_crop/s2_6time_legacy_center_zero_mask_32_to_224/all/GAO20200807t163414p0000-A/neg_06_x96_y207/plume.tif,96,207,96,207,legacy_center_anchor,,39.948393,-109.771811,39.948393,-109.771811,2020-08-07T16:34:14+00,2020-08-07T17:59:21.024000Z,2020-08-05T18:09:19.024000Z,2020-08-02T17:59:19.024000Z,2020-07-31T18:09:21.024000Z,,,/mnt/engg-niulab/yuyao/final_crop/s2_6time_legacy_center_zero_mask_32_to_224/all/GAO20200807t163414p0000-A/neg_06_x96_y207/s2_0.tif,/mnt/engg-niulab/yuyao/final_crop/s2_6time_legacy_center_zero_mask_32_to_224/all/GAO20200807t163414p0000-A/neg_06_x96_y207/s2_prev1.tif,/mnt/engg-niulab/yuyao/final_crop/s2_6time_legacy_center_zero_mask_32_to_224/all/GAO20200807t163414p0000-A/neg_06_x96_y207/s2_prev2.tif,/mnt/engg-niulab/yuyao/final_crop/s2_6time_legacy_center_zero_mask_32_to_224/all/GAO20200807t163414p0000-A/neg_06_x96_y207/s2_prev3.tif,/mnt/engg-niulab/yuyao/final_crop/s2_6time_legacy_center_zero_mask_32_to_224/all/GAO20200807t163414p0000-A/neg_06_x96_y207/s2_seasonal.tif,/mnt/engg-niulab/yuyao/final_crop/s2_6time_legacy_center_zero_mask_32_to_224/all/GAO20200807t163414p0000-A/neg_06_x96_y207/s2_year.tif,/mnt/engg-niulab/yuyao/final_crop/s2_6time_legacy_center_zero_mask_32_to_224/all/GAO20200807t163414p0000-A/neg_06_x96_y207/s2_0.tif,/mnt/engg-niulab/yuyao/final_crop/s2_6time_legacy_center_zero_mask_32_to_224/all/GAO20200807t163414p0000-A/neg_06_x96_y207/s2_0.tif,/mnt/engg-niulab/yuyao/final_crop/s2_6time_legacy_center_zero_mask_32_to_224/all/GAO20200807t163414p0000-A/neg_06_x96_y207/s2_prev1.tif,/mnt/engg-niulab/yuyao/final_crop/s2_6time_legacy_center_zero_mask_32_to_224/all/GAO20200807t163414p0000-A/neg_06_x96_y207/s2_seasonal.tif,/mnt/engg-niulab/yuyao/final_crop/s2_6time_legacy_center_zero_mask_32_to_224/all/GAO20200807t163414p0000-A/neg_06_x96_y207/s2_year.tif
GAO20200807t163414p0000-A,dropped_missing_required_time_or_path,0,/mnt/engg-niulab/yuyao/final_crop/s2_6time_legacy_center_zero_mask_32/all/GAO20200807t163414p0000-A/neg_07_x205_y235,/mnt/engg-niulab/yuyao/final_crop/s2_6time_legacy_center_zero_mask_32/all/GAO20200807t163414p0000-A/neg_07_x205_y235,/mnt/engg-niulab/yuyao/final_crop/s2_6time_legacy_center_zero_mask_32_to_224/all/GAO20200807t163414p0000-A/neg_07_x205_y235/plume.tif,/mnt/engg-niulab/yuyao/final_crop/s2_6time_legacy_center_zero_mask_32_to_224/all/GAO20200807t163414p0000-A/neg_07_x205_y235/plume.tif,/mnt/engg-niulab/yuyao/final_crop/s2_6time_legacy_center_zero_mask_32_to_224/all/GAO20200807t163414p0000-A/neg_07_x205_y235/plume.tif,205,235,205,235,legacy_center_anchor,,39.948393,-109.771811,39.948393,-109.771811,2020-08-07T16:34:14+00,2020-08-07T17:59:21.024000Z,2020-08-05T18:09:19.024000Z,2020-08-02T17:59:19.024000Z,2020-07-31T18:09:21.024000Z,,,/mnt/engg-niulab/yuyao/final_crop/s2_6time_legacy_center_zero_mask_32_to_224/all/GAO20200807t163414p0000-A/neg_07_x205_y235/s2_0.tif,/mnt/engg-niulab/yuyao/final_crop/s2_6time_legacy_center_zero_mask_32_to_224/all/GAO20200807t163414p0000-A/neg_07_x205_y235/s2_prev1.tif,/mnt/engg-niulab/yuyao/final_crop/s2_6time_legacy_center_zero_mask_32_to_224/all/GAO20200807t163414p0000-A/neg_07_x205_y235/s2_prev2.tif,/mnt/engg-niulab/yuyao/final_crop/s2_6time_legacy_center_zero_mask_32_to_224/all/GAO20200807t163414p0000-A/neg_07_x205_y235/s2_prev3.tif,/mnt/engg-niulab/yuyao/final_crop/s2_6time_legacy_center_zero_mask_32_to_224/all/GAO20200807t163414p0000-A/neg_07_x205_y235/s2_seasonal.tif,/mnt/engg-niulab/yuyao/final_crop/s2_6time_legacy_center_zero_mask_32_to_224/all/GAO20200807t163414p0000-A/neg_07_x205_y235/s2_year.tif,/mnt/engg-niulab/yuyao/final_crop/s2_6time_legacy_center_zero_mask_32_to_224/all/GAO20200807t163414p0000-A/neg_07_x205_y235/s2_0.tif,/mnt/engg-niulab/yuyao/final_crop/s2_6time_legacy_center_zero_mask_32_to_224/all/GAO20200807t163414p0000-A/neg_07_x205_y235/s2_0.tif,/mnt/engg-niulab/yuyao/final_crop/s2_6time_legacy_center_zero_mask_32_to_224/all/GAO20200807t163414p0000-A/neg_07_x205_y235/s2_prev1.tif,/mnt/engg-niulab/yuyao/final_crop/s2_6time_legacy_center_zero_mask_32_to_224/all/GAO20200807t163414p0000-A/neg_07_x205_y235/s2_seasonal.tif,/mnt/engg-niulab/yuyao/final_crop/s2_6time_legacy_center_zero_mask_32_to_224/all/GAO20200807t163414p0000-A/neg_07_x205_y235/s2_year.tif
GAO20200807t163414p0000-A,dropped_missing_required_time_or_path,0,/mnt/engg-niulab/yuyao/final_crop/s2_6time_legacy_center_zero_mask_32/all/GAO20200807t163414p0000-A/neg_08_x253_y406,/mnt/engg-niulab/yuyao/final_crop/s2_6time_legacy_center_zero_mask_32/all/GAO20200807t163414p0000-A/neg_08_x253_y406,/mnt/engg-niulab/yuyao/final_crop/s2_6time_legacy_center_zero_mask_32_to_224/all/GAO20200807t163414p0000-A/neg_08_x253_y406/plume.tif,/mnt/engg-niulab/yuyao/final_crop/s2_6time_legacy_center_zero_mask_32_to_224/all/GAO20200807t163414p0000-A/neg_08_x253_y406/plume.tif,/mnt/engg-niulab/yuyao/final_crop/s2_6time_legacy_center_zero_mask_32_to_224/all/GAO20200807t163414p0000-A/neg_08_x253_y406/plume.tif,253,406,253,406,legacy_center_anchor,,39.948393,-109.771811,39.948393,-109.771811,2020-08-07T16:34:14+00,2020-08-07T17:59:21.024000Z,2020-08-05T18:09:19.024000Z,2020-08-02T17:59:19.024000Z,2020-07-31T18:09:21.024000Z,,,/mnt/engg-niulab/yuyao/final_crop/s2_6time_legacy_center_zero_mask_32_to_224/all/GAO20200807t163414p0000-A/neg_08_x253_y406/s2_0.tif,/mnt/engg-niulab/yuyao/final_crop/s2_6time_legacy_center_zero_mask_32_to_224/all/GAO20200807t163414p0000-A/neg_08_x253_y406/s2_prev1.tif,/mnt/engg-niulab/yuyao/final_crop/s2_6time_legacy_center_zero_mask_32_to_224/all/GAO20200807t163414p0000-A/neg_08_x253_y406/s2_prev2.tif,/mnt/engg-niulab/yuyao/final_crop/s2_6time_legacy_center_zero_mask_32_to_224/all/GAO20200807t163414p0000-A/neg_08_x253_y406/s2_prev3.tif,/mnt/engg-niulab/yuyao/final_crop/s2_6time_legacy_center_zero_mask_32_to_224/all/GAO20200807t163414p0000-A/neg_08_x253_y406/s2_seasonal.tif,/mnt/engg-niulab/yuyao/final_crop/s2_6time_legacy_center_zero_mask_32_to_224/all/GAO20200807t163414p0000-A/neg_08_x253_y406/s2_year.tif,/mnt/engg-niulab/yuyao/final_crop/s2_6time_legacy_center_zero_mask_32_to_224/all/GAO20200807t163414p0000-A/neg_08_x253_y406/s2_0.tif,/mnt/engg-niulab/yuyao/final_crop/s2_6time_legacy_center_zero_mask_32_to_224/all/GAO20200807t163414p0000-A/neg_08_x253_y406/s2_0.tif,/mnt/engg-niulab/yuyao/final_crop/s2_6time_legacy_center_zero_mask_32_to_224/all/GAO20200807t163414p0000-A/neg_08_x253_y406/s2_prev1.tif,/mnt/engg-niulab/yuyao/final_crop/s2_6time_legacy_center_zero_mask_32_to_224/all/GAO20200807t163414p0000-A/neg_08_x253_y406/s2_seasonal.tif,/mnt/engg-niulab/yuyao/final_crop/s2_6time_legacy_center_zero_mask_32_to_224/all/GAO20200807t163414p0000-A/neg_08_x253_y406/s2_year.tif
GAO20200807t163414p0000-A,dropped_missing_required_time_or_path,0,/mnt/engg-niulab/yuyao/final_crop/s2_6time_legacy_center_zero_mask_32/all/GAO20200807t163414p0000-A/neg_09_x304_y393,/mnt/engg-niulab/yuyao/final_crop/s2_6time_legacy_center_zero_mask_32/all/GAO20200807t163414p0000-A/neg_09_x304_y393,/mnt/engg-niulab/yuyao/final_crop/s2_6time_legacy_center_zero_mask_32_to_224/all/GAO20200807t163414p0000-A/neg_09_x304_y393/plume.tif,/mnt/engg-niulab/yuyao/final_crop/s2_6time_legacy_center_zero_mask_32_to_224/all/GAO20200807t163414p0000-A/neg_09_x304_y393/plume.tif,/mnt/engg-niulab/yuyao/final_crop/s2_6time_legacy_center_zero_mask_32_to_224/all/GAO20200807t163414p0000-A/neg_09_x304_y393/plume.tif,304,393,304,393,legacy_center_anchor,,39.948393,-109.771811,39.948393,-109.771811,2020-08-07T16:34:14+00,2020-08-07T17:59:21.024000Z,2020-08-05T18:09:19.024000Z,2020-08-02T17:59:19.024000Z,2020-07-31T18:09:21.024000Z,,,/mnt/engg-niulab/yuyao/final_crop/s2_6time_legacy_center_zero_mask_32_to_224/all/GAO20200807t163414p0000-A/neg_09_x304_y393/s2_0.tif,/mnt/engg-niulab/yuyao/final_crop/s2_6time_legacy_center_zero_mask_32_to_224/all/GAO20200807t163414p0000-A/neg_09_x304_y393/s2_prev1.tif,/mnt/engg-niulab/yuyao/final_crop/s2_6time_legacy_center_zero_mask_32_to_224/all/GAO20200807t163414p0000-A/neg_09_x304_y393/s2_prev2.tif,/mnt/engg-niulab/yuyao/final_crop/s2_6time_legacy_center_zero_mask_32_to_224/all/GAO20200807t163414p0000-A/neg_09_x304_y393/s2_prev3.tif,/mnt/engg-niulab/yuyao/final_crop/s2_6time_legacy_center_zero_mask_32_to_224/all/GAO20200807t163414p0000-A/neg_09_x304_y393/s2_seasonal.tif,/mnt/engg-niulab/yuyao/final_crop/s2_6time_legacy_center_zero_mask_32_to_224/all/GAO20200807t163414p0000-A/neg_09_x304_y393/s2_year.tif,/mnt/engg-niulab/yuyao/final_crop/s2_6time_legacy_center_zero_mask_32_to_224/all/GAO20200807t163414p0000-A/neg_09_x304_y393/s2_0.tif,/mnt/engg-niulab/yuyao/final_crop/s2_6time_legacy_center_zero_mask_32_to_224/all/GAO20200807t163414p0000-A/neg_09_x304_y393/s2_0.tif,/mnt/engg-niulab/yuyao/final_crop/s2_6time_legacy_center_zero_mask_32_to_224/all/GAO20200807t163414p0000-A/neg_09_x304_y393/s2_prev1.tif,/mnt/engg-niulab/yuyao/final_crop/s2_6time_legacy_center_zero_mask_32_to_224/all/GAO20200807t163414p0000-A/neg_09_x304_y393/s2_seasonal.tif,/mnt/engg-niulab/yuyao/final_crop/s2_6time_legacy_center_zero_mask_32_to_224/all/GAO20200807t163414p0000-A/neg_09_x304_y393/s2_year.tif
GAO20200807t163414p0000-A,dropped_missing_required_time_or_path,0,/mnt/engg-niulab/yuyao/final_crop/s2_6time_legacy_center_zero_mask_32/all/GAO20200807t163414p0000-A/neg_10_x50_y155,/mnt/engg-niulab/yuyao/final_crop/s2_6time_legacy_center_zero_mask_32/all/GAO20200807t163414p0000-A/neg_10_x50_y155,/mnt/engg-niulab/yuyao/final_crop/s2_6time_legacy_center_zero_mask_32_to_224/all/GAO20200807t163414p0000-A/neg_10_x50_y155/plume.tif,/mnt/engg-niulab/yuyao/final_crop/s2_6time_legacy_center_zero_mask_32_to_224/all/GAO20200807t163414p0000-A/neg_10_x50_y155/plume.tif,/mnt/engg-niulab/yuyao/final_crop/s2_6time_legacy_center_zero_mask_32_to_224/all/GAO20200807t163414p0000-A/neg_10_x50_y155/plume.tif,50,155,50,155,legacy_center_anchor,,39.948393,-109.771811,39.948393,-109.771811,2020-08-07T16:34:14+00,2020-08-07T17:59:21.024000Z,2020-08-05T18:09:19.024000Z,2020-08-02T17:59:19.024000Z,2020-07-31T18:09:21.024000Z,,,/mnt/engg-niulab/yuyao/final_crop/s2_6time_legacy_center_zero_mask_32_to_224/all/GAO20200807t163414p0000-A/neg_10_x50_y155/s2_0.tif,/mnt/engg-niulab/yuyao/final_crop/s2_6time_legacy_center_zero_mask_32_to_224/all/GAO20200807t163414p0000-A/neg_10_x50_y155/s2_prev1.tif,/mnt/engg-niulab/yuyao/final_crop/s2_6time_legacy_center_zero_mask_32_to_224/all/GAO20200807t163414p0000-A/neg_10_x50_y155/s2_prev2.tif,/mnt/engg-niulab/yuyao/final_crop/s2_6time_legacy_center_zero_mask_32_to_224/all/GAO20200807t163414p0000-A/neg_10_x50_y155/s2_prev3.tif,/mnt/engg-niulab/yuyao/final_crop/s2_6time_legacy_center_zero_mask_32_to_224/all/GAO20200807t163414p0000-A/neg_10_x50_y155/s2_seasonal.tif,/mnt/engg-niulab/yuyao/final_crop/s2_6time_legacy_center_zero_mask_32_to_224/all/GAO20200807t163414p0000-A/neg_10_x50_y155/s2_year.tif,/mnt/engg-niulab/yuyao/final_crop/s2_6time_legacy_center_zero_mask_32_to_224/all/GAO20200807t163414p0000-A/neg_10_x50_y155/s2_0.tif,/mnt/engg-niulab/yuyao/final_crop/s2_6time_legacy_center_zero_mask_32_to_224/all/GAO20200807t163414p0000-A/neg_10_x50_y155/s2_0.tif,/mnt/engg-niulab/yuyao/final_crop/s2_6time_legacy_center_zero_mask_32_to_224/all/GAO20200807t163414p0000-A/neg_10_x50_y155/s2_prev1.tif,/mnt/engg-niulab/yuyao/final_crop/s2_6time_legacy_center_zero_mask_32_to_224/all/GAO20200807t163414p0000-A/neg_10_x50_y155/s2_seasonal.tif,/mnt/engg-niulab/yuyao/final_crop/s2_6time_legacy_center_zero_mask_32_to_224/all/GAO20200807t163414p0000-A/neg_10_x50_y155/s2_year.tif
GAO20200807t163414p0000-A,dropped_missing_required_time_or_path,0,/mnt/engg-niulab/yuyao/final_crop/s2_6time_legacy_center_zero_mask_32/all/GAO20200807t163414p0000-A/neg_11_x320_y440,/mnt/engg-niulab/yuyao/final_crop/s2_6time_legacy_center_zero_mask_32/all/GAO20200807t163414p0000-A/neg_11_x320_y440,/mnt/engg-niulab/yuyao/final_crop/s2_6time_legacy_center_zero_mask_32_to_224/all/GAO20200807t163414p0000-A/neg_11_x320_y440/plume.tif,/mnt/engg-niulab/yuyao/final_crop/s2_6time_legacy_center_zero_mask_32_to_224/all/GAO20200807t163414p0000-A/neg_11_x320_y440/plume.tif,/mnt/engg-niulab/yuyao/final_crop/s2_6time_legacy_center_zero_mask_32_to_224/all/GAO20200807t163414p0000-A/neg_11_x320_y440/plume.tif,320,440,320,440,legacy_center_anchor,,39.948393,-109.771811,39.948393,-109.771811,2020-08-07T16:34:14+00,2020-08-07T17:59:21.024000Z,2020-08-05T18:09:19.024000Z,2020-08-02T17:59:19.024000Z,2020-07-31T18:09:21.024000Z,,,/mnt/engg-niulab/yuyao/final_crop/s2_6time_legacy_center_zero_mask_32_to_224/all/GAO20200807t163414p0000-A/neg_11_x320_y440/s2_0.tif,/mnt/engg-niulab/yuyao/final_crop/s2_6time_legacy_center_zero_mask_32_to_224/all/GAO20200807t163414p0000-A/neg_11_x320_y440/s2_prev1.tif,/mnt/engg-niulab/yuyao/final_crop/s2_6time_legacy_center_zero_mask_32_to_224/all/GAO20200807t163414p0000-A/neg_11_x320_y440/s2_prev2.tif,/mnt/engg-niulab/yuyao/final_crop/s2_6time_legacy_center_zero_mask_32_to_224/all/GAO20200807t163414p0000-A/neg_11_x320_y440/s2_prev3.tif,/mnt/engg-niulab/yuyao/final_crop/s2_6time_legacy_center_zero_mask_32_to_224/all/GAO20200807t163414p0000-A/neg_11_x320_y440/s2_seasonal.tif,/mnt/engg-niulab/yuyao/final_crop/s2_6time_legacy_center_zero_mask_32_to_224/all/GAO20200807t163414p0000-A/neg_11_x320_y440/s2_year.tif,/mnt/engg-niulab/yuyao/final_crop/s2_6time_legacy_center_zero_mask_32_to_224/all/GAO20200807t163414p0000-A/neg_11_x320_y440/s2_0.tif,/mnt/engg-niulab/yuyao/final_crop/s2_6time_legacy_center_zero_mask_32_to_224/all/GAO20200807t163414p0000-A/neg_11_x320_y440/s2_0.tif,/mnt/engg-niulab/yuyao/final_crop/s2_6time_legacy_center_zero_mask_32_to_224/all/GAO20200807t163414p0000-A/neg_11_x320_y440/s2_prev1.tif,/mnt/engg-niulab/yuyao/final_crop/s2_6time_legacy_center_zero_mask_32_to_224/all/GAO20200807t163414p0000-A/neg_11_x320_y440/s2_seasonal.tif,/mnt/engg-niulab/yuyao/final_crop/s2_6time_legacy_center_zero_mask_32_to_224/all/GAO20200807t163414p0000-A/neg_11_x320_y440/s2_year.tif
GAO20200807t163414p0000-A,dropped_missing_required_time_or_path,0,/mnt/engg-niulab/yuyao/final_crop/s2_6time_legacy_center_zero_mask_32/all/GAO20200807t163414p0000-A/neg_12_x397_y472,/mnt/engg-niulab/yuyao/final_crop/s2_6time_legacy_center_zero_mask_32/all/GAO20200807t163414p0000-A/neg_12_x397_y472,/mnt/engg-niulab/yuyao/final_crop/s2_6time_legacy_center_zero_mask_32_to_224/all/GAO20200807t163414p0000-A/neg_12_x397_y472/plume.tif,/mnt/engg-niulab/yuyao/final_crop/s2_6time_legacy_center_zero_mask_32_to_224/all/GAO20200807t163414p0000-A/neg_12_x397_y472/plume.tif,/mnt/engg-niulab/yuyao/final_crop/s2_6time_legacy_center_zero_mask_32_to_224/all/GAO20200807t163414p0000-A/neg_12_x397_y472/plume.tif,397,472,397,472,legacy_center_anchor,,39.948393,-109.771811,39.948393,-109.771811,2020-08-07T16:34:14+00,2020-08-07T17:59:21.024000Z,2020-08-05T18:09:19.024000Z,2020-08-02T17:59:19.024000Z,2020-07-31T18:09:21.024000Z,,,/mnt/engg-niulab/yuyao/final_crop/s2_6time_legacy_center_zero_mask_32_to_224/all/GAO20200807t163414p0000-A/neg_12_x397_y472/s2_0.tif,/mnt/engg-niulab/yuyao/final_crop/s2_6time_legacy_center_zero_mask_32_to_224/all/GAO20200807t163414p0000-A/neg_12_x397_y472/s2_prev1.tif,/mnt/engg-niulab/yuyao/final_crop/s2_6time_legacy_center_zero_mask_32_to_224/all/GAO20200807t163414p0000-A/neg_12_x397_y472/s2_prev2.tif,/mnt/engg-niulab/yuyao/final_crop/s2_6time_legacy_center_zero_mask_32_to_224/all/GAO20200807t163414p0000-A/neg_12_x397_y472/s2_prev3.tif,/mnt/engg-niulab/yuyao/final_crop/s2_6time_legacy_center_zero_mask_32_to_224/all/GAO20200807t163414p0000-A/neg_12_x397_y472/s2_seasonal.tif,/mnt/engg-niulab/yuyao/final_crop/s2_6time_legacy_center_zero_mask_32_to_224/all/GAO20200807t163414p0000-A/neg_12_x397_y472/s2_year.tif,/mnt/engg-niulab/yuyao/final_crop/s2_6time_legacy_center_zero_mask_32_to_224/all/GAO20200807t163414p0000-A/neg_12_x397_y472/s2_0.tif,/mnt/engg-niulab/yuyao/final_crop/s2_6time_legacy_center_zero_mask_32_to_224/all/GAO20200807t163414p0000-A/neg_12_x397_y472/s2_0.tif,/mnt/engg-niulab/yuyao/final_crop/s2_6time_legacy_center_zero_mask_32_to_224/all/GAO20200807t163414p0000-A/neg_12_x397_y472/s2_prev1.tif,/mnt/engg-niulab/yuyao/final_crop/s2_6time_legacy_center_zero_mask_32_to_224/all/GAO20200807t163414p0000-A/neg_12_x397_y472/s2_seasonal.tif,/mnt/engg-niulab/yuyao/final_crop/s2_6time_legacy_center_zero_mask_32_to_224/all/GAO20200807t163414p0000-A/neg_12_x397_y472/s2_year.tif
GAO20200807t163414p0000-A,dropped_missing_required_time_or_path,0,/mnt/engg-niulab/yuyao/final_crop/s2_6time_legacy_center_zero_mask_32/all/GAO20200807t163414p0000-A/neg_13_x69_y453,/mnt/engg-niulab/yuyao/final_crop/s2_6time_legacy_center_zero_mask_32/all/GAO20200807t163414p0000-A/neg_13_x69_y453,/mnt/engg-niulab/yuyao/final_crop/s2_6time_legacy_center_zero_mask_32_to_224/all/GAO20200807t163414p0000-A/neg_13_x69_y453/plume.tif,/mnt/engg-niulab/yuyao/final_crop/s2_6time_legacy_center_zero_mask_32_to_224/all/GAO20200807t163414p0000-A/neg_13_x69_y453/plume.tif,/mnt/engg-niulab/yuyao/final_crop/s2_6time_legacy_center_zero_mask_32_to_224/all/GAO20200807t163414p0000-A/neg_13_x69_y453/plume.tif,69,453,69,453,legacy_center_anchor,,39.948393,-109.771811,39.948393,-109.771811,2020-08-07T16:34:14+00,2020-08-07T17:59:21.024000Z,2020-08-05T18:09:19.024000Z,2020-08-02T17:59:19.024000Z,2020-07-31T18:09:21.024000Z,,,/mnt/engg-niulab/yuyao/final_crop/s2_6time_legacy_center_zero_mask_32_to_224/all/GAO20200807t163414p0000-A/neg_13_x69_y453/s2_0.tif,/mnt/engg-niulab/yuyao/final_crop/s2_6time_legacy_center_zero_mask_32_to_224/all/GAO20200807t163414p0000-A/neg_13_x69_y453/s2_prev1.tif,/mnt/engg-niulab/yuyao/final_crop/s2_6time_legacy_center_zero_mask_32_to_224/all/GAO20200807t163414p0000-A/neg_13_x69_y453/s2_prev2.tif,/mnt/engg-niulab/yuyao/final_crop/s2_6time_legacy_center_zero_mask_32_to_224/all/GAO20200807t163414p0000-A/neg_13_x69_y453/s2_prev3.tif,/mnt/engg-niulab/yuyao/final_crop/s2_6time_legacy_center_zero_mask_32_to_224/all/GAO20200807t163414p0000-A/neg_13_x69_y453/s2_seasonal.tif,/mnt/engg-niulab/yuyao/final_crop/s2_6time_legacy_center_zero_mask_32_to_224/all/GAO20200807t163414p0000-A/neg_13_x69_y453/s2_year.tif,/mnt/engg-niulab/yuyao/final_crop/s2_6time_legacy_center_zero_mask_32_to_224/all/GAO20200807t163414p0000-A/neg_13_x69_y453/s2_0.tif,/mnt/engg-niulab/yuyao/final_crop/s2_6time_legacy_center_zero_mask_32_to_224/all/GAO20200807t163414p0000-A/neg_13_x69_y453/s2_0.tif,/mnt/engg-niulab/yuyao/final_crop/s2_6time_legacy_center_zero_mask_32_to_224/all/GAO20200807t163414p0000-A/neg_13_x69_y453/s2_prev1.tif,/mnt/engg-niulab/yuyao/final_crop/s2_6time_legacy_center_zero_mask_32_to_224/all/GAO20200807t163414p0000-A/neg_13_x69_y453/s2_seasonal.tif,/mnt/engg-niulab/yuyao/final_crop/s2_6time_legacy_center_zero_mask_32_to_224/all/GAO20200807t163414p0000-A/neg_13_x69_y453/s2_year.tif
GAO20200807t163414p0000-A,dropped_missing_required_time_or_path,0,/mnt/engg-niulab/yuyao/final_crop/s2_6time_legacy_center_zero_mask_32/all/GAO20200807t163414p0000-A/neg_14_x442_y88,/mnt/engg-niulab/yuyao/final_crop/s2_6time_legacy_center_zero_mask_32/all/GAO20200807t163414p0000-A/neg_14_x442_y88,/mnt/engg-niulab/yuyao/final_crop/s2_6time_legacy_center_zero_mask_32_to_224/all/GAO20200807t163414p0000-A/neg_14_x442_y88/plume.tif,/mnt/engg-niulab/yuyao/final_crop/s2_6time_legacy_center_zero_mask_32_to_224/all/GAO20200807t163414p0000-A/neg_14_x442_y88/plume.tif,/mnt/engg-niulab/yuyao/final_crop/s2_6time_legacy_center_zero_mask_32_to_224/all/GAO20200807t163414p0000-A/neg_14_x442_y88/plume.tif,442,88,442,88,legacy_center_anchor,,39.948393,-109.771811,39.948393,-109.771811,2020-08-07T16:34:14+00,2020-08-07T17:59:21.024000Z,2020-08-05T18:09:19.024000Z,2020-08-02T17:59:19.024000Z,2020-07-31T18:09:21.024000Z,,,/mnt/engg-niulab/yuyao/final_crop/s2_6time_legacy_center_zero_mask_32_to_224/all/GAO20200807t163414p0000-A/neg_14_x442_y88/s2_0.tif,/mnt/engg-niulab/yuyao/final_crop/s2_6time_legacy_center_zero_mask_32_to_224/all/GAO20200807t163414p0000-A/neg_14_x442_y88/s2_prev1.tif,/mnt/engg-niulab/yuyao/final_crop/s2_6time_legacy_center_zero_mask_32_to_224/all/GAO20200807t163414p0000-A/neg_14_x442_y88/s2_prev2.tif,/mnt/engg-niulab/yuyao/final_crop/s2_6time_legacy_center_zero_mask_32_to_224/all/GAO20200807t163414p0000-A/neg_14_x442_y88/s2_prev3.tif,/mnt/engg-niulab/yuyao/final_crop/s2_6time_legacy_center_zero_mask_32_to_224/all/GAO20200807t163414p0000-A/neg_14_x442_y88/s2_seasonal.tif,/mnt/engg-niulab/yuyao/final_crop/s2_6time_legacy_center_zero_mask_32_to_224/all/GAO20200807t163414p0000-A/neg_14_x442_y88/s2_year.tif,/mnt/engg-niulab/yuyao/final_crop/s2_6time_legacy_center_zero_mask_32_to_224/all/GAO20200807t163414p0000-A/neg_14_x442_y88/s2_0.tif,/mnt/engg-niulab/yuyao/final_crop/s2_6time_legacy_center_zero_mask_32_to_224/all/GAO20200807t163414p0000-A/neg_14_x442_y88/s2_0.tif,/mnt/engg-niulab/yuyao/final_crop/s2_6time_legacy_center_zero_mask_32_to_224/all/GAO20200807t163414p0000-A/neg_14_x442_y88/s2_prev1.tif,/mnt/engg-niulab/yuyao/final_crop/s2_6time_legacy_center_zero_mask_32_to_224/all/GAO20200807t163414p0000-A/neg_14_x442_y88/s2_seasonal.tif,/mnt/engg-niulab/yuyao/final_crop/s2_6time_legacy_center_zero_mask_32_to_224/all/GAO20200807t163414p0000-A/neg_14_x442_y88/s2_year.tif
GAO20200807t163414p0000-A,dropped_missing_required_time_or_path,0,/mnt/engg-niulab/yuyao/final_crop/s2_6time_legacy_center_zero_mask_32/all/GAO20200807t163414p0000-A/neg_15_x116_y153,/mnt/engg-niulab/yuyao/final_crop/s2_6time_legacy_center_zero_mask_32/all/GAO20200807t163414p0000-A/neg_15_x116_y153,/mnt/engg-niulab/yuyao/final_crop/s2_6time_legacy_center_zero_mask_32_to_224/all/GAO20200807t163414p0000-A/neg_15_x116_y153/plume.tif,/mnt/engg-niulab/yuyao/final_crop/s2_6time_legacy_center_zero_mask_32_to_224/all/GAO20200807t163414p0000-A/neg_15_x116_y153/plume.tif,/mnt/engg-niulab/yuyao/final_crop/s2_6time_legacy_center_zero_mask_32_to_224/all/GAO20200807t163414p0000-A/neg_15_x116_y153/plume.tif,116,153,116,153,legacy_center_anchor,,39.948393,-109.771811,39.948393,-109.771811,2020-08-07T16:34:14+00,2020-08-07T17:59:21.024000Z,2020-08-05T18:09:19.024000Z,2020-08-02T17:59:19.024000Z,2020-07-31T18:09:21.024000Z,,,/mnt/engg-niulab/yuyao/final_crop/s2_6time_legacy_center_zero_mask_32_to_224/all/GAO20200807t163414p0000-A/neg_15_x116_y153/s2_0.tif,/mnt/engg-niulab/yuyao/final_crop/s2_6time_legacy_center_zero_mask_32_to_224/all/GAO20200807t163414p0000-A/neg_15_x116_y153/s2_prev1.tif,/mnt/engg-niulab/yuyao/final_crop/s2_6time_legacy_center_zero_mask_32_to_224/all/GAO20200807t163414p0000-A/neg_15_x116_y153/s2_prev2.tif,/mnt/engg-niulab/yuyao/final_crop/s2_6time_legacy_center_zero_mask_32_to_224/all/GAO20200807t163414p0000-A/neg_15_x116_y153/s2_prev3.tif,/mnt/engg-niulab/yuyao/final_crop/s2_6time_legacy_center_zero_mask_32_to_224/all/GAO20200807t163414p0000-A/neg_15_x116_y153/s2_seasonal.tif,/mnt/engg-niulab/yuyao/final_crop/s2_6time_legacy_center_zero_mask_32_to_224/all/GAO20200807t163414p0000-A/neg_15_x116_y153/s2_year.tif,/mnt/engg-niulab/yuyao/final_crop/s2_6time_legacy_center_zero_mask_32_to_224/all/GAO20200807t163414p0000-A/neg_15_x116_y153/s2_0.tif,/mnt/engg-niulab/yuyao/final_crop/s2_6time_legacy_center_zero_mask_32_to_224/all/GAO20200807t163414p0000-A/neg_15_x116_y153/s2_0.tif,/mnt/engg-niulab/yuyao/final_crop/s2_6time_legacy_center_zero_mask_32_to_224/all/GAO20200807t163414p0000-A/neg_15_x116_y153/s2_prev1.tif,/mnt/engg-niulab/yuyao/final_crop/s2_6time_legacy_center_zero_mask_32_to_224/all/GAO20200807t163414p0000-A/neg_15_x116_y153/s2_seasonal.tif,/mnt/engg-niulab/yuyao/final_crop/s2_6time_legacy_center_zero_mask_32_to_224/all/GAO20200807t163414p0000-A/neg_15_x116_y153/s2_year.tif
GAO20201120t182953p0000-2,dropped_missing_required_time_or_path,1,/mnt/engg-niulab/yuyao/final_crop/s2_6time_legacy_center_zero_mask_32/all/GAO20201120t182953p0000-2/pos_00_x229_y230,/mnt/engg-niulab/yuyao/final_crop/s2_6time_legacy_center_zero_mask_32/all/GAO20201120t182953p0000-2/pos_00_x229_y230,/mnt/engg-niulab/yuyao/final_crop/s2_6time_legacy_center_zero_mask_32_to_224/all/GAO20201120t182953p0000-2/pos_00_x229_y230/plume.tif,/mnt/engg-niulab/yuyao/final_crop/s2_6time_legacy_center_zero_mask_32_to_224/all/GAO20201120t182953p0000-2/pos_00_x229_y230/plume.tif,/mnt/engg-niulab/yuyao/final_crop/s2_6time_legacy_center_zero_mask_32_to_224/all/GAO20201120t182953p0000-2/pos_00_x229_y230/plume.tif,229,230,229,230,legacy_center_anchor,,37.87900568,-121.1859863,37.87900568,-121.1859863,2020-11-20T18:29:53+00,2020-11-20T18:57:11.024000Z,2020-11-15T18:56:49.024000Z,2020-11-10T18:56:21.024000Z,2020-11-05T18:55:59.024000Z,,,/mnt/engg-niulab/yuyao/final_crop/s2_6time_legacy_center_zero_mask_32_to_224/all/GAO20201120t182953p0000-2/pos_00_x229_y230/s2_0.tif,/mnt/engg-niulab/yuyao/final_crop/s2_6time_legacy_center_zero_mask_32_to_224/all/GAO20201120t182953p0000-2/pos_00_x229_y230/s2_prev1.tif,/mnt/engg-niulab/yuyao/final_crop/s2_6time_legacy_center_zero_mask_32_to_224/all/GAO20201120t182953p0000-2/pos_00_x229_y230/s2_prev2.tif,/mnt/engg-niulab/yuyao/final_crop/s2_6time_legacy_center_zero_mask_32_to_224/all/GAO20201120t182953p0000-2/pos_00_x229_y230/s2_prev3.tif,/mnt/engg-niulab/yuyao/final_crop/s2_6time_legacy_center_zero_mask_32_to_224/all/GAO20201120t182953p0000-2/pos_00_x229_y230/s2_seasonal.tif,/mnt/engg-niulab/yuyao/final_crop/s2_6time_legacy_center_zero_mask_32_to_224/all/GAO20201120t182953p0000-2/pos_00_x229_y230/s2_year.tif,/mnt/engg-niulab/yuyao/final_crop/s2_6time_legacy_center_zero_mask_32_to_224/all/GAO20201120t182953p0000-2/pos_00_x229_y230/s2_0.tif,/mnt/engg-niulab/yuyao/final_crop/s2_6time_legacy_center_zero_mask_32_to_224/all/GAO20201120t182953p0000-2/pos_00_x229_y230/s2_0.tif,/mnt/engg-niulab/yuyao/final_crop/s2_6time_legacy_center_zero_mask_32_to_224/all/GAO20201120t182953p0000-2/pos_00_x229_y230/s2_prev1.tif,/mnt/engg-niulab/yuyao/final_crop/s2_6time_legacy_center_zero_mask_32_to_224/all/GAO20201120t182953p0000-2/pos_00_x229_y230/s2_seasonal.tif,/mnt/engg-niulab/yuyao/final_crop/s2_6time_legacy_center_zero_mask_32_to_224/all/GAO20201120t182953p0000-2/pos_00_x229_y230/s2_year.tif
GAO20201120t182953p0000-2,dropped_missing_required_time_or_path,1,/mnt/engg-niulab/yuyao/final_crop/s2_6time_legacy_center_zero_mask_32/all/GAO20201120t182953p0000-2/pos_01_x238_y227,/mnt/engg-niulab/yuyao/final_crop/s2_6time_legacy_center_zero_mask_32/all/GAO20201120t182953p0000-2/pos_01_x238_y227,/mnt/engg-niulab/yuyao/final_crop/s2_6time_legacy_center_zero_mask_32_to_224/all/GAO20201120t182953p0000-2/pos_01_x238_y227/plume.tif,/mnt/engg-niulab/yuyao/final_crop/s2_6time_legacy_center_zero_mask_32_to_224/all/GAO20201120t182953p0000-2/pos_01_x238_y227/plume.tif,/mnt/engg-niulab/yuyao/final_crop/s2_6time_legacy_center_zero_mask_32_to_224/all/GAO20201120t182953p0000-2/pos_01_x238_y227/plume.tif,238,227,238,227,legacy_center_anchor,,37.87900568,-121.1859863,37.87900568,-121.1859863,2020-11-20T18:29:53+00,2020-11-20T18:57:11.024000Z,2020-11-15T18:56:49.024000Z,2020-11-10T18:56:21.024000Z,2020-11-05T18:55:59.024000Z,,,/mnt/engg-niulab/yuyao/final_crop/s2_6time_legacy_center_zero_mask_32_to_224/all/GAO20201120t182953p0000-2/pos_01_x238_y227/s2_0.tif,/mnt/engg-niulab/yuyao/final_crop/s2_6time_legacy_center_zero_mask_32_to_224/all/GAO20201120t182953p0000-2/pos_01_x238_y227/s2_prev1.tif,/mnt/engg-niulab/yuyao/final_crop/s2_6time_legacy_center_zero_mask_32_to_224/all/GAO20201120t182953p0000-2/pos_01_x238_y227/s2_prev2.tif,/mnt/engg-niulab/yuyao/final_crop/s2_6time_legacy_center_zero_mask_32_to_224/all/GAO20201120t182953p0000-2/pos_01_x238_y227/s2_prev3.tif,/mnt/engg-niulab/yuyao/final_crop/s2_6time_legacy_center_zero_mask_32_to_224/all/GAO20201120t182953p0000-2/pos_01_x238_y227/s2_seasonal.tif,/mnt/engg-niulab/yuyao/final_crop/s2_6time_legacy_center_zero_mask_32_to_224/all/GAO20201120t182953p0000-2/pos_01_x238_y227/s2_year.tif,/mnt/engg-niulab/yuyao/final_crop/s2_6time_legacy_center_zero_mask_32_to_224/all/GAO20201120t182953p0000-2/pos_01_x238_y227/s2_0.tif,/mnt/engg-niulab/yuyao/final_crop/s2_6time_legacy_center_zero_mask_32_to_224/all/GAO20201120t182953p0000-2/pos_01_x238_y227/s2_0.tif,/mnt/engg-niulab/yuyao/final_crop/s2_6time_legacy_center_zero_mask_32_to_224/all/GAO20201120t182953p0000-2/pos_01_x238_y227/s2_prev1.tif,/mnt/engg-niulab/yuyao/final_crop/s2_6time_legacy_center_zero_mask_32_to_224/all/GAO20201120t182953p0000-2/pos_01_x238_y227/s2_seasonal.tif,/mnt/engg-niulab/yuyao/final_crop/s2_6time_legacy_center_zero_mask_32_to_224/all/GAO20201120t182953p0000-2/pos_01_x238_y227/s2_year.tif
GAO20201120t182953p0000-2,dropped_missing_required_time_or_path,1,/mnt/engg-niulab/yuyao/final_crop/s2_6time_legacy_center_zero_mask_32/all/GAO20201120t182953p0000-2/pos_02_x225_y235,/mnt/engg-niulab/yuyao/final_crop/s2_6time_legacy_center_zero_mask_32/all/GAO20201120t182953p0000-2/pos_02_x225_y235,/mnt/engg-niulab/yuyao/final_crop/s2_6time_legacy_center_zero_mask_32_to_224/all/GAO20201120t182953p0000-2/pos_02_x225_y235/plume.tif,/mnt/engg-niulab/yuyao/final_crop/s2_6time_legacy_center_zero_mask_32_to_224/all/GAO20201120t182953p0000-2/pos_02_x225_y235/plume.tif,/mnt/engg-niulab/yuyao/final_crop/s2_6time_legacy_center_zero_mask_32_to_224/all/GAO20201120t182953p0000-2/pos_02_x225_y235/plume.tif,225,235,225,235,legacy_center_anchor,,37.87900568,-121.1859863,37.87900568,-121.1859863,2020-11-20T18:29:53+00,2020-11-20T18:57:11.024000Z,2020-11-15T18:56:49.024000Z,2020-11-10T18:56:21.024000Z,2020-11-05T18:55:59.024000Z,,,/mnt/engg-niulab/yuyao/final_crop/s2_6time_legacy_center_zero_mask_32_to_224/all/GAO20201120t182953p0000-2/pos_02_x225_y235/s2_0.tif,/mnt/engg-niulab/yuyao/final_crop/s2_6time_legacy_center_zero_mask_32_to_224/all/GAO20201120t182953p0000-2/pos_02_x225_y235/s2_prev1.tif,/mnt/engg-niulab/yuyao/final_crop/s2_6time_legacy_center_zero_mask_32_to_224/all/GAO20201120t182953p0000-2/pos_02_x225_y235/s2_prev2.tif,/mnt/engg-niulab/yuyao/final_crop/s2_6time_legacy_center_zero_mask_32_to_224/all/GAO20201120t182953p0000-2/pos_02_x225_y235/s2_prev3.tif,/mnt/engg-niulab/yuyao/final_crop/s2_6time_legacy_center_zero_mask_32_to_224/all/GAO20201120t182953p0000-2/pos_02_x225_y235/s2_seasonal.tif,/mnt/engg-niulab/yuyao/final_crop/s2_6time_legacy_center_zero_mask_32_to_224/all/GAO20201120t182953p0000-2/pos_02_x225_y235/s2_year.tif,/mnt/engg-niulab/yuyao/final_crop/s2_6time_legacy_center_zero_mask_32_to_224/all/GAO20201120t182953p0000-2/pos_02_x225_y235/s2_0.tif,/mnt/engg-niulab/yuyao/final_crop/s2_6time_legacy_center_zero_mask_32_to_224/all/GAO20201120t182953p0000-2/pos_02_x225_y235/s2_0.tif,/mnt/engg-niulab/yuyao/final_crop/s2_6time_legacy_center_zero_mask_32_to_224/all/GAO20201120t182953p0000-2/pos_02_x225_y235/s2_prev1.tif,/mnt/engg-niulab/yuyao/final_crop/s2_6time_legacy_center_zero_mask_32_to_224/all/GAO20201120t182953p0000-2/pos_02_x225_y235/s2_seasonal.tif,/mnt/engg-niulab/yuyao/final_crop/s2_6time_legacy_center_zero_mask_32_to_224/all/GAO20201120t182953p0000-2/pos_02_x225_y235/s2_year.tif
GAO20201120t182953p0000-2,dropped_missing_required_time_or_path,1,/mnt/engg-niulab/yuyao/final_crop/s2_6time_legacy_center_zero_mask_32/all/GAO20201120t182953p0000-2/pos_03_x240_y227,/mnt/engg-niulab/yuyao/final_crop/s2_6time_legacy_center_zero_mask_32/all/GAO20201120t182953p0000-2/pos_03_x240_y227,/mnt/engg-niulab/yuyao/final_crop/s2_6time_legacy_center_zero_mask_32_to_224/all/GAO20201120t182953p0000-2/pos_03_x240_y227/plume.tif,/mnt/engg-niulab/yuyao/final_crop/s2_6time_legacy_center_zero_mask_32_to_224/all/GAO20201120t182953p0000-2/pos_03_x240_y227/plume.tif,/mnt/engg-niulab/yuyao/final_crop/s2_6time_legacy_center_zero_mask_32_to_224/all/GAO20201120t182953p0000-2/pos_03_x240_y227/plume.tif,240,227,240,227,legacy_center_anchor,,37.87900568,-121.1859863,37.87900568,-121.1859863,2020-11-20T18:29:53+00,2020-11-20T18:57:11.024000Z,2020-11-15T18:56:49.024000Z,2020-11-10T18:56:21.024000Z,2020-11-05T18:55:59.024000Z,,,/mnt/engg-niulab/yuyao/final_crop/s2_6time_legacy_center_zero_mask_32_to_224/all/GAO20201120t182953p0000-2/pos_03_x240_y227/s2_0.tif,/mnt/engg-niulab/yuyao/final_crop/s2_6time_legacy_center_zero_mask_32_to_224/all/GAO20201120t182953p0000-2/pos_03_x240_y227/s2_prev1.tif,/mnt/engg-niulab/yuyao/final_crop/s2_6time_legacy_center_zero_mask_32_to_224/all/GAO20201120t182953p0000-2/pos_03_x240_y227/s2_prev2.tif,/mnt/engg-niulab/yuyao/final_crop/s2_6time_legacy_center_zero_mask_32_to_224/all/GAO20201120t182953p0000-2/pos_03_x240_y227/s2_prev3.tif,/mnt/engg-niulab/yuyao/final_crop/s2_6time_legacy_center_zero_mask_32_to_224/all/GAO20201120t182953p0000-2/pos_03_x240_y227/s2_seasonal.tif,/mnt/engg-niulab/yuyao/final_crop/s2_6time_legacy_center_zero_mask_32_to_224/all/GAO20201120t182953p0000-2/pos_03_x240_y227/s2_year.tif,/mnt/engg-niulab/yuyao/final_crop/s2_6time_legacy_center_zero_mask_32_to_224/all/GAO20201120t182953p0000-2/pos_03_x240_y227/s2_0.tif,/mnt/engg-niulab/yuyao/final_crop/s2_6time_legacy_center_zero_mask_32_to_224/all/GAO20201120t182953p0000-2/pos_03_x240_y227/s2_0.tif,/mnt/engg-niulab/yuyao/final_crop/s2_6time_legacy_center_zero_mask_32_to_224/all/GAO20201120t182953p0000-2/pos_03_x240_y227/s2_prev1.tif,/mnt/engg-niulab/yuyao/final_crop/s2_6time_legacy_center_zero_mask_32_to_224/all/GAO20201120t182953p0000-2/pos_03_x240_y227/s2_seasonal.tif,/mnt/engg-niulab/yuyao/final_crop/s2_6time_legacy_center_zero_mask_32_to_224/all/GAO20201120t182953p0000-2/pos_03_x240_y227/s2_year.tif
GAO20201120t182953p0000-2,dropped_missing_required_time_or_path,1,/mnt/engg-niulab/yuyao/final_crop/s2_6time_legacy_center_zero_mask_32/all/GAO20201120t182953p0000-2/pos_04_x250_y240,/mnt/engg-niulab/yuyao/final_crop/s2_6time_legacy_center_zero_mask_32/all/GAO20201120t182953p0000-2/pos_04_x250_y240,/mnt/engg-niulab/yuyao/final_crop/s2_6time_legacy_center_zero_mask_32_to_224/all/GAO20201120t182953p0000-2/pos_04_x250_y240/plume.tif,/mnt/engg-niulab/yuyao/final_crop/s2_6time_legacy_center_zero_mask_32_to_224/all/GAO20201120t182953p0000-2/pos_04_x250_y240/plume.tif,/mnt/engg-niulab/yuyao/final_crop/s2_6time_legacy_center_zero_mask_32_to_224/all/GAO20201120t182953p0000-2/pos_04_x250_y240/plume.tif,250,240,250,240,legacy_center_anchor,,37.87900568,-121.1859863,37.87900568,-121.1859863,2020-11-20T18:29:53+00,2020-11-20T18:57:11.024000Z,2020-11-15T18:56:49.024000Z,2020-11-10T18:56:21.024000Z,2020-11-05T18:55:59.024000Z,,,/mnt/engg-niulab/yuyao/final_crop/s2_6time_legacy_center_zero_mask_32_to_224/all/GAO20201120t182953p0000-2/pos_04_x250_y240/s2_0.tif,/mnt/engg-niulab/yuyao/final_crop/s2_6time_legacy_center_zero_mask_32_to_224/all/GAO20201120t182953p0000-2/pos_04_x250_y240/s2_prev1.tif,/mnt/engg-niulab/yuyao/final_crop/s2_6time_legacy_center_zero_mask_32_to_224/all/GAO20201120t182953p0000-2/pos_04_x250_y240/s2_prev2.tif,/mnt/engg-niulab/yuyao/final_crop/s2_6time_legacy_center_zero_mask_32_to_224/all/GAO20201120t182953p0000-2/pos_04_x250_y240/s2_prev3.tif,/mnt/engg-niulab/yuyao/final_crop/s2_6time_legacy_center_zero_mask_32_to_224/all/GAO20201120t182953p0000-2/pos_04_x250_y240/s2_seasonal.tif,/mnt/engg-niulab/yuyao/final_crop/s2_6time_legacy_center_zero_mask_32_to_224/all/GAO20201120t182953p0000-2/pos_04_x250_y240/s2_year.tif,/mnt/engg-niulab/yuyao/final_crop/s2_6time_legacy_center_zero_mask_32_to_224/all/GAO20201120t182953p0000-2/pos_04_x250_y240/s2_0.tif,/mnt/engg-niulab/yuyao/final_crop/s2_6time_legacy_center_zero_mask_32_to_224/all/GAO20201120t182953p0000-2/pos_04_x250_y240/s2_0.tif,/mnt/engg-niulab/yuyao/final_crop/s2_6time_legacy_center_zero_mask_32_to_224/all/GAO20201120t182953p0000-2/pos_04_x250_y240/s2_prev1.tif,/mnt/engg-niulab/yuyao/final_crop/s2_6time_legacy_center_zero_mask_32_to_224/all/GAO20201120t182953p0000-2/pos_04_x250_y240/s2_seasonal.tif,/mnt/engg-niulab/yuyao/final_crop/s2_6time_legacy_center_zero_mask_32_to_224/all/GAO20201120t182953p0000-2/pos_04_x250_y240/s2_year.tif
GAO20201120t182953p0000-2,dropped_missing_required_time_or_path,1,/mnt/engg-niulab/yuyao/final_crop/s2_6time_legacy_center_zero_mask_32/all/GAO20201120t182953p0000-2/pos_05_x240_y232,/mnt/engg-niulab/yuyao/final_crop/s2_6time_legacy_center_zero_mask_32/all/GAO20201120t182953p0000-2/pos_05_x240_y232,/mnt/engg-niulab/yuyao/final_crop/s2_6time_legacy_center_zero_mask_32_to_224/all/GAO20201120t182953p0000-2/pos_05_x240_y232/plume.tif,/mnt/engg-niulab/yuyao/final_crop/s2_6time_legacy_center_zero_mask_32_to_224/all/GAO20201120t182953p0000-2/pos_05_x240_y232/plume.tif,/mnt/engg-niulab/yuyao/final_crop/s2_6time_legacy_center_zero_mask_32_to_224/all/GAO20201120t182953p0000-2/pos_05_x240_y232/plume.tif,240,232,240,232,legacy_center_anchor,,37.87900568,-121.1859863,37.87900568,-121.1859863,2020-11-20T18:29:53+00,2020-11-20T18:57:11.024000Z,2020-11-15T18:56:49.024000Z,2020-11-10T18:56:21.024000Z,2020-11-05T18:55:59.024000Z,,,/mnt/engg-niulab/yuyao/final_crop/s2_6time_legacy_center_zero_mask_32_to_224/all/GAO20201120t182953p0000-2/pos_05_x240_y232/s2_0.tif,/mnt/engg-niulab/yuyao/final_crop/s2_6time_legacy_center_zero_mask_32_to_224/all/GAO20201120t182953p0000-2/pos_05_x240_y232/s2_prev1.tif,/mnt/engg-niulab/yuyao/final_crop/s2_6time_legacy_center_zero_mask_32_to_224/all/GAO20201120t182953p0000-2/pos_05_x240_y232/s2_prev2.tif,/mnt/engg-niulab/yuyao/final_crop/s2_6time_legacy_center_zero_mask_32_to_224/all/GAO20201120t182953p0000-2/pos_05_x240_y232/s2_prev3.tif,/mnt/engg-niulab/yuyao/final_crop/s2_6time_legacy_center_zero_mask_32_to_224/all/GAO20201120t182953p0000-2/pos_05_x240_y232/s2_seasonal.tif,/mnt/engg-niulab/yuyao/final_crop/s2_6time_legacy_center_zero_mask_32_to_224/all/GAO20201120t182953p0000-2/pos_05_x240_y232/s2_year.tif,/mnt/engg-niulab/yuyao/final_crop/s2_6time_legacy_center_zero_mask_32_to_224/all/GAO20201120t182953p0000-2/pos_05_x240_y232/s2_0.tif,/mnt/engg-niulab/yuyao/final_crop/s2_6time_legacy_center_zero_mask_32_to_224/all/GAO20201120t182953p0000-2/pos_05_x240_y232/s2_0.tif,/mnt/engg-niulab/yuyao/final_crop/s2_6time_legacy_center_zero_mask_32_to_224/all/GAO20201120t182953p0000-2/pos_05_x240_y232/s2_prev1.tif,/mnt/engg-niulab/yuyao/final_crop/s2_6time_legacy_center_zero_mask_32_to_224/all/GAO20201120t182953p0000-2/pos_05_x240_y232/s2_seasonal.tif,/mnt/engg-niulab/yuyao/final_crop/s2_6time_legacy_center_zero_mask_32_to_224/all/GAO20201120t182953p0000-2/pos_05_x240_y232/s2_year.tif
GAO20201120t182953p0000-2,dropped_missing_required_time_or_path,1,/mnt/engg-niulab/yuyao/final_crop/s2_6time_legacy_center_zero_mask_32/all/GAO20201120t182953p0000-2/pos_06_x253_y250,/mnt/engg-niulab/yuyao/final_crop/s2_6time_legacy_center_zero_mask_32/all/GAO20201120t182953p0000-2/pos_06_x253_y250,/mnt/engg-niulab/yuyao/final_crop/s2_6time_legacy_center_zero_mask_32_to_224/all/GAO20201120t182953p0000-2/pos_06_x253_y250/plume.tif,/mnt/engg-niulab/yuyao/final_crop/s2_6time_legacy_center_zero_mask_32_to_224/all/GAO20201120t182953p0000-2/pos_06_x253_y250/plume.tif,/mnt/engg-niulab/yuyao/final_crop/s2_6time_legacy_center_zero_mask_32_to_224/all/GAO20201120t182953p0000-2/pos_06_x253_y250/plume.tif,253,250,253,250,legacy_center_anchor,,37.87900568,-121.1859863,37.87900568,-121.1859863,2020-11-20T18:29:53+00,2020-11-20T18:57:11.024000Z,2020-11-15T18:56:49.024000Z,2020-11-10T18:56:21.024000Z,2020-11-05T18:55:59.024000Z,,,/mnt/engg-niulab/yuyao/final_crop/s2_6time_legacy_center_zero_mask_32_to_224/all/GAO20201120t182953p0000-2/pos_06_x253_y250/s2_0.tif,/mnt/engg-niulab/yuyao/final_crop/s2_6time_legacy_center_zero_mask_32_to_224/all/GAO20201120t182953p0000-2/pos_06_x253_y250/s2_prev1.tif,/mnt/engg-niulab/yuyao/final_crop/s2_6time_legacy_center_zero_mask_32_to_224/all/GAO20201120t182953p0000-2/pos_06_x253_y250/s2_prev2.tif,/mnt/engg-niulab/yuyao/final_crop/s2_6time_legacy_center_zero_mask_32_to_224/all/GAO20201120t182953p0000-2/pos_06_x253_y250/s2_prev3.tif,/mnt/engg-niulab/yuyao/final_crop/s2_6time_legacy_center_zero_mask_32_to_224/all/GAO20201120t182953p0000-2/pos_06_x253_y250/s2_seasonal.tif,/mnt/engg-niulab/yuyao/final_crop/s2_6time_legacy_center_zero_mask_32_to_224/all/GAO20201120t182953p0000-2/pos_06_x253_y250/s2_year.tif,/mnt/engg-niulab/yuyao/final_crop/s2_6time_legacy_center_zero_mask_32_to_224/all/GAO20201120t182953p0000-2/pos_06_x253_y250/s2_0.tif,/mnt/engg-niulab/yuyao/final_crop/s2_6time_legacy_center_zero_mask_32_to_224/all/GAO20201120t182953p0000-2/pos_06_x253_y250/s2_0.tif,/mnt/engg-niulab/yuyao/final_crop/s2_6time_legacy_center_zero_mask_32_to_224/all/GAO20201120t182953p0000-2/pos_06_x253_y250/s2_prev1.tif,/mnt/engg-niulab/yuyao/final_crop/s2_6time_legacy_center_zero_mask_32_to_224/all/GAO20201120t182953p0000-2/pos_06_x253_y250/s2_seasonal.tif,/mnt/engg-niulab/yuyao/final_crop/s2_6time_legacy_center_zero_mask_32_to_224/all/GAO20201120t182953p0000-2/pos_06_x253_y250/s2_year.tif
GAO20201120t182953p0000-2,dropped_missing_required_time_or_path,1,/mnt/engg-niulab/yuyao/final_crop/s2_6time_legacy_center_zero_mask_32/all/GAO20201120t182953p0000-2/pos_07_x249_y228,/mnt/engg-niulab/yuyao/final_crop/s2_6time_legacy_center_zero_mask_32/all/GAO20201120t182953p0000-2/pos_07_x249_y228,/mnt/engg-niulab/yuyao/final_crop/s2_6time_legacy_center_zero_mask_32_to_224/all/GAO20201120t182953p0000-2/pos_07_x249_y228/plume.tif,/mnt/engg-niulab/yuyao/final_crop/s2_6time_legacy_center_zero_mask_32_to_224/all/GAO20201120t182953p0000-2/pos_07_x249_y228/plume.tif,/mnt/engg-niulab/yuyao/final_crop/s2_6time_legacy_center_zero_mask_32_to_224/all/GAO20201120t182953p0000-2/pos_07_x249_y228/plume.tif,249,228,249,228,legacy_center_anchor,,37.87900568,-121.1859863,37.87900568,-121.1859863,2020-11-20T18:29:53+00,2020-11-20T18:57:11.024000Z,2020-11-15T18:56:49.024000Z,2020-11-10T18:56:21.024000Z,2020-11-05T18:55:59.024000Z,,,/mnt/engg-niulab/yuyao/final_crop/s2_6time_legacy_center_zero_mask_32_to_224/all/GAO20201120t182953p0000-2/pos_07_x249_y228/s2_0.tif,/mnt/engg-niulab/yuyao/final_crop/s2_6time_legacy_center_zero_mask_32_to_224/all/GAO20201120t182953p0000-2/pos_07_x249_y228/s2_prev1.tif,/mnt/engg-niulab/yuyao/final_crop/s2_6time_legacy_center_zero_mask_32_to_224/all/GAO20201120t182953p0000-2/pos_07_x249_y228/s2_prev2.tif,/mnt/engg-niulab/yuyao/final_crop/s2_6time_legacy_center_zero_mask_32_to_224/all/GAO20201120t182953p0000-2/pos_07_x249_y228/s2_prev3.tif,/mnt/engg-niulab/yuyao/final_crop/s2_6time_legacy_center_zero_mask_32_to_224/all/GAO20201120t182953p0000-2/pos_07_x249_y228/s2_seasonal.tif,/mnt/engg-niulab/yuyao/final_crop/s2_6time_legacy_center_zero_mask_32_to_224/all/GAO20201120t182953p0000-2/pos_07_x249_y228/s2_year.tif,/mnt/engg-niulab/yuyao/final_crop/s2_6time_legacy_center_zero_mask_32_to_224/all/GAO20201120t182953p0000-2/pos_07_x249_y228/s2_0.tif,/mnt/engg-niulab/yuyao/final_crop/s2_6time_legacy_center_zero_mask_32_to_224/all/GAO20201120t182953p0000-2/pos_07_x249_y228/s2_0.tif,/mnt/engg-niulab/yuyao/final_crop/s2_6time_legacy_center_zero_mask_32_to_224/all/GAO20201120t182953p0000-2/pos_07_x249_y228/s2_prev1.tif,/mnt/engg-niulab/yuyao/final_crop/s2_6time_legacy_center_zero_mask_32_to_224/all/GAO20201120t182953p0000-2/pos_07_x249_y228/s2_seasonal.tif,/mnt/engg-niulab/yuyao/final_crop/s2_6time_legacy_center_zero_mask_32_to_224/all/GAO20201120t182953p0000-2/pos_07_x249_y228/s2_year.tif
GAO20201120t182953p0000-2,dropped_missing_required_time_or_path,1,/mnt/engg-niulab/yuyao/final_crop/s2_6time_legacy_center_zero_mask_32/all/GAO20201120t182953p0000-2/pos_08_x241_y253,/mnt/engg-niulab/yuyao/final_crop/s2_6time_legacy_center_zero_mask_32/all/GAO20201120t182953p0000-2/pos_08_x241_y253,/mnt/engg-niulab/yuyao/final_crop/s2_6time_legacy_center_zero_mask_32_to_224/all/GAO20201120t182953p0000-2/pos_08_x241_y253/plume.tif,/mnt/engg-niulab/yuyao/final_crop/s2_6time_legacy_center_zero_mask_32_to_224/all/GAO20201120t182953p0000-2/pos_08_x241_y253/plume.tif,/mnt/engg-niulab/yuyao/final_crop/s2_6time_legacy_center_zero_mask_32_to_224/all/GAO20201120t182953p0000-2/pos_08_x241_y253/plume.tif,241,253,241,253,legacy_center_anchor,,37.87900568,-121.1859863,37.87900568,-121.1859863,2020-11-20T18:29:53+00,2020-11-20T18:57:11.024000Z,2020-11-15T18:56:49.024000Z,2020-11-10T18:56:21.024000Z,2020-11-05T18:55:59.024000Z,,,/mnt/engg-niulab/yuyao/final_crop/s2_6time_legacy_center_zero_mask_32_to_224/all/GAO20201120t182953p0000-2/pos_08_x241_y253/s2_0.tif,/mnt/engg-niulab/yuyao/final_crop/s2_6time_legacy_center_zero_mask_32_to_224/all/GAO20201120t182953p0000-2/pos_08_x241_y253/s2_prev1.tif,/mnt/engg-niulab/yuyao/final_crop/s2_6time_legacy_center_zero_mask_32_to_224/all/GAO20201120t182953p0000-2/pos_08_x241_y253/s2_prev2.tif,/mnt/engg-niulab/yuyao/final_crop/s2_6time_legacy_center_zero_mask_32_to_224/all/GAO20201120t182953p0000-2/pos_08_x241_y253/s2_prev3.tif,/mnt/engg-niulab/yuyao/final_crop/s2_6time_legacy_center_zero_mask_32_to_224/all/GAO20201120t182953p0000-2/pos_08_x241_y253/s2_seasonal.tif,/mnt/engg-niulab/yuyao/final_crop/s2_6time_legacy_center_zero_mask_32_to_224/all/GAO20201120t182953p0000-2/pos_08_x241_y253/s2_year.tif,/mnt/engg-niulab/yuyao/final_crop/s2_6time_legacy_center_zero_mask_32_to_224/all/GAO20201120t182953p0000-2/pos_08_x241_y253/s2_0.tif,/mnt/engg-niulab/yuyao/final_crop/s2_6time_legacy_center_zero_mask_32_to_224/all/GAO20201120t182953p0000-2/pos_08_x241_y253/s2_0.tif,/mnt/engg-niulab/yuyao/final_crop/s2_6time_legacy_center_zero_mask_32_to_224/all/GAO20201120t182953p0000-2/pos_08_x241_y253/s2_prev1.tif,/mnt/engg-niulab/yuyao/final_crop/s2_6time_legacy_center_zero_mask_32_to_224/all/GAO20201120t182953p0000-2/pos_08_x241_y253/s2_seasonal.tif,/mnt/engg-niulab/yuyao/final_crop/s2_6time_legacy_center_zero_mask_32_to_224/all/GAO20201120t182953p0000-2/pos_08_x241_y253/s2_year.tif
GAO20201120t182953p0000-2,dropped_missing_required_time_or_path,1,/mnt/engg-niulab/yuyao/final_crop/s2_6time_legacy_center_zero_mask_32/all/GAO20201120t182953p0000-2/pos_09_x228_y236,/mnt/engg-niulab/yuyao/final_crop/s2_6time_legacy_center_zero_mask_32/all/GAO20201120t182953p0000-2/pos_09_x228_y236,/mnt/engg-niulab/yuyao/final_crop/s2_6time_legacy_center_zero_mask_32_to_224/all/GAO20201120t182953p0000-2/pos_09_x228_y236/plume.tif,/mnt/engg-niulab/yuyao/final_crop/s2_6time_legacy_center_zero_mask_32_to_224/all/GAO20201120t182953p0000-2/pos_09_x228_y236/plume.tif,/mnt/engg-niulab/yuyao/final_crop/s2_6time_legacy_center_zero_mask_32_to_224/all/GAO20201120t182953p0000-2/pos_09_x228_y236/plume.tif,228,236,228,236,legacy_center_anchor,,37.87900568,-121.1859863,37.87900568,-121.1859863,2020-11-20T18:29:53+00,2020-11-20T18:57:11.024000Z,2020-11-15T18:56:49.024000Z,2020-11-10T18:56:21.024000Z,2020-11-05T18:55:59.024000Z,,,/mnt/engg-niulab/yuyao/final_crop/s2_6time_legacy_center_zero_mask_32_to_224/all/GAO20201120t182953p0000-2/pos_09_x228_y236/s2_0.tif,/mnt/engg-niulab/yuyao/final_crop/s2_6time_legacy_center_zero_mask_32_to_224/all/GAO20201120t182953p0000-2/pos_09_x228_y236/s2_prev1.tif,/mnt/engg-niulab/yuyao/final_crop/s2_6time_legacy_center_zero_mask_32_to_224/all/GAO20201120t182953p0000-2/pos_09_x228_y236/s2_prev2.tif,/mnt/engg-niulab/yuyao/final_crop/s2_6time_legacy_center_zero_mask_32_to_224/all/GAO20201120t182953p0000-2/pos_09_x228_y236/s2_prev3.tif,/mnt/engg-niulab/yuyao/final_crop/s2_6time_legacy_center_zero_mask_32_to_224/all/GAO20201120t182953p0000-2/pos_09_x228_y236/s2_seasonal.tif,/mnt/engg-niulab/yuyao/final_crop/s2_6time_legacy_center_zero_mask_32_to_224/all/GAO20201120t182953p0000-2/pos_09_x228_y236/s2_year.tif,/mnt/engg-niulab/yuyao/final_crop/s2_6time_legacy_center_zero_mask_32_to_224/all/GAO20201120t182953p0000-2/pos_09_x228_y236/s2_0.tif,/mnt/engg-niulab/yuyao/final_crop/s2_6time_legacy_center_zero_mask_32_to_224/all/GAO20201120t182953p0000-2/pos_09_x228_y236/s2_0.tif,/mnt/engg-niulab/yuyao/final_crop/s2_6time_legacy_center_zero_mask_32_to_224/all/GAO20201120t182953p0000-2/pos_09_x228_y236/s2_prev1.tif,/mnt/engg-niulab/yuyao/final_crop/s2_6time_legacy_center_zero_mask_32_to_224/all/GAO20201120t182953p0000-2/pos_09_x228_y236/s2_seasonal.tif,/mnt/engg-niulab/yuyao/final_crop/s2_6time_legacy_center_zero_mask_32_to_224/all/GAO20201120t182953p0000-2/pos_09_x228_y236/s2_year.tif
GAO20201120t182953p0000-2,dropped_missing_required_time_or_path,1,/mnt/engg-niulab/yuyao/final_crop/s2_6time_legacy_center_zero_mask_32/all/GAO20201120t182953p0000-2/pos_10_x233_y250,/mnt/engg-niulab/yuyao/final_crop/s2_6time_legacy_center_zero_mask_32/all/GAO20201120t182953p0000-2/pos_10_x233_y250,/mnt/engg-niulab/yuyao/final_crop/s2_6time_legacy_center_zero_mask_32_to_224/all/GAO20201120t182953p0000-2/pos_10_x233_y250/plume.tif,/mnt/engg-niulab/yuyao/final_crop/s2_6time_legacy_center_zero_mask_32_to_224/all/GAO20201120t182953p0000-2/pos_10_x233_y250/plume.tif,/mnt/engg-niulab/yuyao/final_crop/s2_6time_legacy_center_zero_mask_32_to_224/all/GAO20201120t182953p0000-2/pos_10_x233_y250/plume.tif,233,250,233,250,legacy_center_anchor,,37.87900568,-121.1859863,37.87900568,-121.1859863,2020-11-20T18:29:53+00,2020-11-20T18:57:11.024000Z,2020-11-15T18:56:49.024000Z,2020-11-10T18:56:21.024000Z,2020-11-05T18:55:59.024000Z,,,/mnt/engg-niulab/yuyao/final_crop/s2_6time_legacy_center_zero_mask_32_to_224/all/GAO20201120t182953p0000-2/pos_10_x233_y250/s2_0.tif,/mnt/engg-niulab/yuyao/final_crop/s2_6time_legacy_center_zero_mask_32_to_224/all/GAO20201120t182953p0000-2/pos_10_x233_y250/s2_prev1.tif,/mnt/engg-niulab/yuyao/final_crop/s2_6time_legacy_center_zero_mask_32_to_224/all/GAO20201120t182953p0000-2/pos_10_x233_y250/s2_prev2.tif,/mnt/engg-niulab/yuyao/final_crop/s2_6time_legacy_center_zero_mask_32_to_224/all/GAO20201120t182953p0000-2/pos_10_x233_y250/s2_prev3.tif,/mnt/engg-niulab/yuyao/final_crop/s2_6time_legacy_center_zero_mask_32_to_224/all/GAO20201120t182953p0000-2/pos_10_x233_y250/s2_seasonal.tif,/mnt/engg-niulab/yuyao/final_crop/s2_6time_legacy_center_zero_mask_32_to_224/all/GAO20201120t182953p0000-2/pos_10_x233_y250/s2_year.tif,/mnt/engg-niulab/yuyao/final_crop/s2_6time_legacy_center_zero_mask_32_to_224/all/GAO20201120t182953p0000-2/pos_10_x233_y250/s2_0.tif,/mnt/engg-niulab/yuyao/final_crop/s2_6time_legacy_center_zero_mask_32_to_224/all/GAO20201120t182953p0000-2/pos_10_x233_y250/s2_0.tif,/mnt/engg-niulab/yuyao/final_crop/s2_6time_legacy_center_zero_mask_32_to_224/all/GAO20201120t182953p0000-2/pos_10_x233_y250/s2_prev1.tif,/mnt/engg-niulab/yuyao/final_crop/s2_6time_legacy_center_zero_mask_32_to_224/all/GAO20201120t182953p0000-2/pos_10_x233_y250/s2_seasonal.tif,/mnt/engg-niulab/yuyao/final_crop/s2_6time_legacy_center_zero_mask_32_to_224/all/GAO20201120t182953p0000-2/pos_10_x233_y250/s2_year.tif
GAO20201120t182953p0000-2,dropped_missing_required_time_or_path,1,/mnt/engg-niulab/yuyao/final_crop/s2_6time_legacy_center_zero_mask_32/all/GAO20201120t182953p0000-2/pos_11_x254_y247,/mnt/engg-niulab/yuyao/final_crop/s2_6time_legacy_center_zero_mask_32/all/GAO20201120t182953p0000-2/pos_11_x254_y247,/mnt/engg-niulab/yuyao/final_crop/s2_6time_legacy_center_zero_mask_32_to_224/all/GAO20201120t182953p0000-2/pos_11_x254_y247/plume.tif,/mnt/engg-niulab/yuyao/final_crop/s2_6time_legacy_center_zero_mask_32_to_224/all/GAO20201120t182953p0000-2/pos_11_x254_y247/plume.tif,/mnt/engg-niulab/yuyao/final_crop/s2_6time_legacy_center_zero_mask_32_to_224/all/GAO20201120t182953p0000-2/pos_11_x254_y247/plume.tif,254,247,254,247,legacy_center_anchor,,37.87900568,-121.1859863,37.87900568,-121.1859863,2020-11-20T18:29:53+00,2020-11-20T18:57:11.024000Z,2020-11-15T18:56:49.024000Z,2020-11-10T18:56:21.024000Z,2020-11-05T18:55:59.024000Z,,,/mnt/engg-niulab/yuyao/final_crop/s2_6time_legacy_center_zero_mask_32_to_224/all/GAO20201120t182953p0000-2/pos_11_x254_y247/s2_0.tif,/mnt/engg-niulab/yuyao/final_crop/s2_6time_legacy_center_zero_mask_32_to_224/all/GAO20201120t182953p0000-2/pos_11_x254_y247/s2_prev1.tif,/mnt/engg-niulab/yuyao/final_crop/s2_6time_legacy_center_zero_mask_32_to_224/all/GAO20201120t182953p0000-2/pos_11_x254_y247/s2_prev2.tif,/mnt/engg-niulab/yuyao/final_crop/s2_6time_legacy_center_zero_mask_32_to_224/all/GAO20201120t182953p0000-2/pos_11_x254_y247/s2_prev3.tif,/mnt/engg-niulab/yuyao/final_crop/s2_6time_legacy_center_zero_mask_32_to_224/all/GAO20201120t182953p0000-2/pos_11_x254_y247/s2_seasonal.tif,/mnt/engg-niulab/yuyao/final_crop/s2_6time_legacy_center_zero_mask_32_to_224/all/GAO20201120t182953p0000-2/pos_11_x254_y247/s2_year.tif,/mnt/engg-niulab/yuyao/final_crop/s2_6time_legacy_center_zero_mask_32_to_224/all/GAO20201120t182953p0000-2/pos_11_x254_y247/s2_0.tif,/mnt/engg-niulab/yuyao/final_crop/s2_6time_legacy_center_zero_mask_32_to_224/all/GAO20201120t182953p0000-2/pos_11_x254_y247/s2_0.tif,/mnt/engg-niulab/yuyao/final_crop/s2_6time_legacy_center_zero_mask_32_to_224/all/GAO20201120t182953p0000-2/pos_11_x254_y247/s2_prev1.tif,/mnt/engg-niulab/yuyao/final_crop/s2_6time_legacy_center_zero_mask_32_to_224/all/GAO20201120t182953p0000-2/pos_11_x254_y247/s2_seasonal.tif,/mnt/engg-niulab/yuyao/final_crop/s2_6time_legacy_center_zero_mask_32_to_224/all/GAO20201120t182953p0000-2/pos_11_x254_y247/s2_year.tif
GAO20201120t182953p0000-2,dropped_missing_required_time_or_path,1,/mnt/engg-niulab/yuyao/final_crop/s2_6time_legacy_center_zero_mask_32/all/GAO20201120t182953p0000-2/pos_12_x229_y248,/mnt/engg-niulab/yuyao/final_crop/s2_6time_legacy_center_zero_mask_32/all/GAO20201120t182953p0000-2/pos_12_x229_y248,/mnt/engg-niulab/yuyao/final_crop/s2_6time_legacy_center_zero_mask_32_to_224/all/GAO20201120t182953p0000-2/pos_12_x229_y248/plume.tif,/mnt/engg-niulab/yuyao/final_crop/s2_6time_legacy_center_zero_mask_32_to_224/all/GAO20201120t182953p0000-2/pos_12_x229_y248/plume.tif,/mnt/engg-niulab/yuyao/final_crop/s2_6time_legacy_center_zero_mask_32_to_224/all/GAO20201120t182953p0000-2/pos_12_x229_y248/plume.tif,229,248,229,248,legacy_center_anchor,,37.87900568,-121.1859863,37.87900568,-121.1859863,2020-11-20T18:29:53+00,2020-11-20T18:57:11.024000Z,2020-11-15T18:56:49.024000Z,2020-11-10T18:56:21.024000Z,2020-11-05T18:55:59.024000Z,,,/mnt/engg-niulab/yuyao/final_crop/s2_6time_legacy_center_zero_mask_32_to_224/all/GAO20201120t182953p0000-2/pos_12_x229_y248/s2_0.tif,/mnt/engg-niulab/yuyao/final_crop/s2_6time_legacy_center_zero_mask_32_to_224/all/GAO20201120t182953p0000-2/pos_12_x229_y248/s2_prev1.tif,/mnt/engg-niulab/yuyao/final_crop/s2_6time_legacy_center_zero_mask_32_to_224/all/GAO20201120t182953p0000-2/pos_12_x229_y248/s2_prev2.tif,/mnt/engg-niulab/yuyao/final_crop/s2_6time_legacy_center_zero_mask_32_to_224/all/GAO20201120t182953p0000-2/pos_12_x229_y248/s2_prev3.tif,/mnt/engg-niulab/yuyao/final_crop/s2_6time_legacy_center_zero_mask_32_to_224/all/GAO20201120t182953p0000-2/pos_12_x229_y248/s2_seasonal.tif,/mnt/engg-niulab/yuyao/final_crop/s2_6time_legacy_center_zero_mask_32_to_224/all/GAO20201120t182953p0000-2/pos_12_x229_y248/s2_year.tif,/mnt/engg-niulab/yuyao/final_crop/s2_6time_legacy_center_zero_mask_32_to_224/all/GAO20201120t182953p0000-2/pos_12_x229_y248/s2_0.tif,/mnt/engg-niulab/yuyao/final_crop/s2_6time_legacy_center_zero_mask_32_to_224/all/GAO20201120t182953p0000-2/pos_12_x229_y248/s2_0.tif,/mnt/engg-niulab/yuyao/final_crop/s2_6time_legacy_center_zero_mask_32_to_224/all/GAO20201120t182953p0000-2/pos_12_x229_y248/s2_prev1.tif,/mnt/engg-niulab/yuyao/final_crop/s2_6time_legacy_center_zero_mask_32_to_224/all/GAO20201120t182953p0000-2/pos_12_x229_y248/s2_seasonal.tif,/mnt/engg-niulab/yuyao/final_crop/s2_6time_legacy_center_zero_mask_32_to_224/all/GAO20201120t182953p0000-2/pos_12_x229_y248/s2_year.tif
GAO20201120t182953p0000-2,dropped_missing_required_time_or_path,1,/mnt/engg-niulab/yuyao/final_crop/s2_6time_legacy_center_zero_mask_32/all/GAO20201120t182953p0000-2/pos_13_x247_y227,/mnt/engg-niulab/yuyao/final_crop/s2_6time_legacy_center_zero_mask_32/all/GAO20201120t182953p0000-2/pos_13_x247_y227,/mnt/engg-niulab/yuyao/final_crop/s2_6time_legacy_center_zero_mask_32_to_224/all/GAO20201120t182953p0000-2/pos_13_x247_y227/plume.tif,/mnt/engg-niulab/yuyao/final_crop/s2_6time_legacy_center_zero_mask_32_to_224/all/GAO20201120t182953p0000-2/pos_13_x247_y227/plume.tif,/mnt/engg-niulab/yuyao/final_crop/s2_6time_legacy_center_zero_mask_32_to_224/all/GAO20201120t182953p0000-2/pos_13_x247_y227/plume.tif,247,227,247,227,legacy_center_anchor,,37.87900568,-121.1859863,37.87900568,-121.1859863,2020-11-20T18:29:53+00,2020-11-20T18:57:11.024000Z,2020-11-15T18:56:49.024000Z,2020-11-10T18:56:21.024000Z,2020-11-05T18:55:59.024000Z,,,/mnt/engg-niulab/yuyao/final_crop/s2_6time_legacy_center_zero_mask_32_to_224/all/GAO20201120t182953p0000-2/pos_13_x247_y227/s2_0.tif,/mnt/engg-niulab/yuyao/final_crop/s2_6time_legacy_center_zero_mask_32_to_224/all/GAO20201120t182953p0000-2/pos_13_x247_y227/s2_prev1.tif,/mnt/engg-niulab/yuyao/final_crop/s2_6time_legacy_center_zero_mask_32_to_224/all/GAO20201120t182953p0000-2/pos_13_x247_y227/s2_prev2.tif,/mnt/engg-niulab/yuyao/final_crop/s2_6time_legacy_center_zero_mask_32_to_224/all/GAO20201120t182953p0000-2/pos_13_x247_y227/s2_prev3.tif,/mnt/engg-niulab/yuyao/final_crop/s2_6time_legacy_center_zero_mask_32_to_224/all/GAO20201120t182953p0000-2/pos_13_x247_y227/s2_seasonal.tif,/mnt/engg-niulab/yuyao/final_crop/s2_6time_legacy_center_zero_mask_32_to_224/all/GAO20201120t182953p0000-2/pos_13_x247_y227/s2_year.tif,/mnt/engg-niulab/yuyao/final_crop/s2_6time_legacy_center_zero_mask_32_to_224/all/GAO20201120t182953p0000-2/pos_13_x247_y227/s2_0.tif,/mnt/engg-niulab/yuyao/final_crop/s2_6time_legacy_center_zero_mask_32_to_224/all/GAO20201120t182953p0000-2/pos_13_x247_y227/s2_0.tif,/mnt/engg-niulab/yuyao/final_crop/s2_6time_legacy_center_zero_mask_32_to_224/all/GAO20201120t182953p0000-2/pos_13_x247_y227/s2_prev1.tif,/mnt/engg-niulab/yuyao/final_crop/s2_6time_legacy_center_zero_mask_32_to_224/all/GAO20201120t182953p0000-2/pos_13_x247_y227/s2_seasonal.tif,/mnt/engg-niulab/yuyao/final_crop/s2_6time_legacy_center_zero_mask_32_to_224/all/GAO20201120t182953p0000-2/pos_13_x247_y227/s2_year.tif
GAO20201120t182953p0000-2,dropped_missing_required_time_or_path,1,/mnt/engg-niulab/yuyao/final_crop/s2_6time_legacy_center_zero_mask_32/all/GAO20201120t182953p0000-2/pos_14_x237_y226,/mnt/engg-niulab/yuyao/final_crop/s2_6time_legacy_center_zero_mask_32/all/GAO20201120t182953p0000-2/pos_14_x237_y226,/mnt/engg-niulab/yuyao/final_crop/s2_6time_legacy_center_zero_mask_32_to_224/all/GAO20201120t182953p0000-2/pos_14_x237_y226/plume.tif,/mnt/engg-niulab/yuyao/final_crop/s2_6time_legacy_center_zero_mask_32_to_224/all/GAO20201120t182953p0000-2/pos_14_x237_y226/plume.tif,/mnt/engg-niulab/yuyao/final_crop/s2_6time_legacy_center_zero_mask_32_to_224/all/GAO20201120t182953p0000-2/pos_14_x237_y226/plume.tif,237,226,237,226,legacy_center_anchor,,37.87900568,-121.1859863,37.87900568,-121.1859863,2020-11-20T18:29:53+00,2020-11-20T18:57:11.024000Z,2020-11-15T18:56:49.024000Z,2020-11-10T18:56:21.024000Z,2020-11-05T18:55:59.024000Z,,,/mnt/engg-niulab/yuyao/final_crop/s2_6time_legacy_center_zero_mask_32_to_224/all/GAO20201120t182953p0000-2/pos_14_x237_y226/s2_0.tif,/mnt/engg-niulab/yuyao/final_crop/s2_6time_legacy_center_zero_mask_32_to_224/all/GAO20201120t182953p0000-2/pos_14_x237_y226/s2_prev1.tif,/mnt/engg-niulab/yuyao/final_crop/s2_6time_legacy_center_zero_mask_32_to_224/all/GAO20201120t182953p0000-2/pos_14_x237_y226/s2_prev2.tif,/mnt/engg-niulab/yuyao/final_crop/s2_6time_legacy_center_zero_mask_32_to_224/all/GAO20201120t182953p0000-2/pos_14_x237_y226/s2_prev3.tif,/mnt/engg-niulab/yuyao/final_crop/s2_6time_legacy_center_zero_mask_32_to_224/all/GAO20201120t182953p0000-2/pos_14_x237_y226/s2_seasonal.tif,/mnt/engg-niulab/yuyao/final_crop/s2_6time_legacy_center_zero_mask_32_to_224/all/GAO20201120t182953p0000-2/pos_14_x237_y226/s2_year.tif,/mnt/engg-niulab/yuyao/final_crop/s2_6time_legacy_center_zero_mask_32_to_224/all/GAO20201120t182953p0000-2/pos_14_x237_y226/s2_0.tif,/mnt/engg-niulab/yuyao/final_crop/s2_6time_legacy_center_zero_mask_32_to_224/all/GAO20201120t182953p0000-2/pos_14_x237_y226/s2_0.tif,/mnt/engg-niulab/yuyao/final_crop/s2_6time_legacy_center_zero_mask_32_to_224/all/GAO20201120t182953p0000-2/pos_14_x237_y226/s2_prev1.tif,/mnt/engg-niulab/yuyao/final_crop/s2_6time_legacy_center_zero_mask_32_to_224/all/GAO20201120t182953p0000-2/pos_14_x237_y226/s2_seasonal.tif,/mnt/engg-niulab/yuyao/final_crop/s2_6time_legacy_center_zero_mask_32_to_224/all/GAO20201120t182953p0000-2/pos_14_x237_y226/s2_year.tif
GAO20201120t182953p0000-2,dropped_missing_required_time_or_path,1,/mnt/engg-niulab/yuyao/final_crop/s2_6time_legacy_center_zero_mask_32/all/GAO20201120t182953p0000-2/pos_15_x249_y247,/mnt/engg-niulab/yuyao/final_crop/s2_6time_legacy_center_zero_mask_32/all/GAO20201120t182953p0000-2/pos_15_x249_y247,/mnt/engg-niulab/yuyao/final_crop/s2_6time_legacy_center_zero_mask_32_to_224/all/GAO20201120t182953p0000-2/pos_15_x249_y247/plume.tif,/mnt/engg-niulab/yuyao/final_crop/s2_6time_legacy_center_zero_mask_32_to_224/all/GAO20201120t182953p0000-2/pos_15_x249_y247/plume.tif,/mnt/engg-niulab/yuyao/final_crop/s2_6time_legacy_center_zero_mask_32_to_224/all/GAO20201120t182953p0000-2/pos_15_x249_y247/plume.tif,249,247,249,247,legacy_center_anchor,,37.87900568,-121.1859863,37.87900568,-121.1859863,2020-11-20T18:29:53+00,2020-11-20T18:57:11.024000Z,2020-11-15T18:56:49.024000Z,2020-11-10T18:56:21.024000Z,2020-11-05T18:55:59.024000Z,,,/mnt/engg-niulab/yuyao/final_crop/s2_6time_legacy_center_zero_mask_32_to_224/all/GAO20201120t182953p0000-2/pos_15_x249_y247/s2_0.tif,/mnt/engg-niulab/yuyao/final_crop/s2_6time_legacy_center_zero_mask_32_to_224/all/GAO20201120t182953p0000-2/pos_15_x249_y247/s2_prev1.tif,/mnt/engg-niulab/yuyao/final_crop/s2_6time_legacy_center_zero_mask_32_to_224/all/GAO20201120t182953p0000-2/pos_15_x249_y247/s2_prev2.tif,/mnt/engg-niulab/yuyao/final_crop/s2_6time_legacy_center_zero_mask_32_to_224/all/GAO20201120t182953p0000-2/pos_15_x249_y247/s2_prev3.tif,/mnt/engg-niulab/yuyao/final_crop/s2_6time_legacy_center_zero_mask_32_to_224/all/GAO20201120t182953p0000-2/pos_15_x249_y247/s2_seasonal.tif,/mnt/engg-niulab/yuyao/final_crop/s2_6time_legacy_center_zero_mask_32_to_224/all/GAO20201120t182953p0000-2/pos_15_x249_y247/s2_year.tif,/mnt/engg-niulab/yuyao/final_crop/s2_6time_legacy_center_zero_mask_32_to_224/all/GAO20201120t182953p0000-2/pos_15_x249_y247/s2_0.tif,/mnt/engg-niulab/yuyao/final_crop/s2_6time_legacy_center_zero_mask_32_to_224/all/GAO20201120t182953p0000-2/pos_15_x249_y247/s2_0.tif,/mnt/engg-niulab/yuyao/final_crop/s2_6time_legacy_center_zero_mask_32_to_224/all/GAO20201120t182953p0000-2/pos_15_x249_y247/s2_prev1.tif,/mnt/engg-niulab/yuyao/final_crop/s2_6time_legacy_center_zero_mask_32_to_224/all/GAO20201120t182953p0000-2/pos_15_x249_y247/s2_seasonal.tif,/mnt/engg-niulab/yuyao/final_crop/s2_6time_legacy_center_zero_mask_32_to_224/all/GAO20201120t182953p0000-2/pos_15_x249_y247/s2_year.tif
GAO20201120t182953p0000-2,dropped_missing_required_time_or_path,0,/mnt/engg-niulab/yuyao/final_crop/s2_6time_legacy_center_zero_mask_32/all/GAO20201120t182953p0000-2/neg_00_x212_y62,/mnt/engg-niulab/yuyao/final_crop/s2_6time_legacy_center_zero_mask_32/all/GAO20201120t182953p0000-2/neg_00_x212_y62,/mnt/engg-niulab/yuyao/final_crop/s2_6time_legacy_center_zero_mask_32_to_224/all/GAO20201120t182953p0000-2/neg_00_x212_y62/plume.tif,/mnt/engg-niulab/yuyao/final_crop/s2_6time_legacy_center_zero_mask_32_to_224/all/GAO20201120t182953p0000-2/neg_00_x212_y62/plume.tif,/mnt/engg-niulab/yuyao/final_crop/s2_6time_legacy_center_zero_mask_32_to_224/all/GAO20201120t182953p0000-2/neg_00_x212_y62/plume.tif,212,62,212,62,legacy_center_anchor,,37.87900568,-121.1859863,37.87900568,-121.1859863,2020-11-20T18:29:53+00,2020-11-20T18:57:11.024000Z,2020-11-15T18:56:49.024000Z,2020-11-10T18:56:21.024000Z,2020-11-05T18:55:59.024000Z,,,/mnt/engg-niulab/yuyao/final_crop/s2_6time_legacy_center_zero_mask_32_to_224/all/GAO20201120t182953p0000-2/neg_00_x212_y62/s2_0.tif,/mnt/engg-niulab/yuyao/final_crop/s2_6time_legacy_center_zero_mask_32_to_224/all/GAO20201120t182953p0000-2/neg_00_x212_y62/s2_prev1.tif,/mnt/engg-niulab/yuyao/final_crop/s2_6time_legacy_center_zero_mask_32_to_224/all/GAO20201120t182953p0000-2/neg_00_x212_y62/s2_prev2.tif,/mnt/engg-niulab/yuyao/final_crop/s2_6time_legacy_center_zero_mask_32_to_224/all/GAO20201120t182953p0000-2/neg_00_x212_y62/s2_prev3.tif,/mnt/engg-niulab/yuyao/final_crop/s2_6time_legacy_center_zero_mask_32_to_224/all/GAO20201120t182953p0000-2/neg_00_x212_y62/s2_seasonal.tif,/mnt/engg-niulab/yuyao/final_crop/s2_6time_legacy_center_zero_mask_32_to_224/all/GAO20201120t182953p0000-2/neg_00_x212_y62/s2_year.tif,/mnt/engg-niulab/yuyao/final_crop/s2_6time_legacy_center_zero_mask_32_to_224/all/GAO20201120t182953p0000-2/neg_00_x212_y62/s2_0.tif,/mnt/engg-niulab/yuyao/final_crop/s2_6time_legacy_center_zero_mask_32_to_224/all/GAO20201120t182953p0000-2/neg_00_x212_y62/s2_0.tif,/mnt/engg-niulab/yuyao/final_crop/s2_6time_legacy_center_zero_mask_32_to_224/all/GAO20201120t182953p0000-2/neg_00_x212_y62/s2_prev1.tif,/mnt/engg-niulab/yuyao/final_crop/s2_6time_legacy_center_zero_mask_32_to_224/all/GAO20201120t182953p0000-2/neg_00_x212_y62/s2_seasonal.tif,/mnt/engg-niulab/yuyao/final_crop/s2_6time_legacy_center_zero_mask_32_to_224/all/GAO20201120t182953p0000-2/neg_00_x212_y62/s2_year.tif
GAO20201120t182953p0000-2,dropped_missing_required_time_or_path,0,/mnt/engg-niulab/yuyao/final_crop/s2_6time_legacy_center_zero_mask_32/all/GAO20201120t182953p0000-2/neg_01_x286_y6,/mnt/engg-niulab/yuyao/final_crop/s2_6time_legacy_center_zero_mask_32/all/GAO20201120t182953p0000-2/neg_01_x286_y6,/mnt/engg-niulab/yuyao/final_crop/s2_6time_legacy_center_zero_mask_32_to_224/all/GAO20201120t182953p0000-2/neg_01_x286_y6/plume.tif,/mnt/engg-niulab/yuyao/final_crop/s2_6time_legacy_center_zero_mask_32_to_224/all/GAO20201120t182953p0000-2/neg_01_x286_y6/plume.tif,/mnt/engg-niulab/yuyao/final_crop/s2_6time_legacy_center_zero_mask_32_to_224/all/GAO20201120t182953p0000-2/neg_01_x286_y6/plume.tif,286,6,286,6,legacy_center_anchor,,37.87900568,-121.1859863,37.87900568,-121.1859863,2020-11-20T18:29:53+00,2020-11-20T18:57:11.024000Z,2020-11-15T18:56:49.024000Z,2020-11-10T18:56:21.024000Z,2020-11-05T18:55:59.024000Z,,,/mnt/engg-niulab/yuyao/final_crop/s2_6time_legacy_center_zero_mask_32_to_224/all/GAO20201120t182953p0000-2/neg_01_x286_y6/s2_0.tif,/mnt/engg-niulab/yuyao/final_crop/s2_6time_legacy_center_zero_mask_32_to_224/all/GAO20201120t182953p0000-2/neg_01_x286_y6/s2_prev1.tif,/mnt/engg-niulab/yuyao/final_crop/s2_6time_legacy_center_zero_mask_32_to_224/all/GAO20201120t182953p0000-2/neg_01_x286_y6/s2_prev2.tif,/mnt/engg-niulab/yuyao/final_crop/s2_6time_legacy_center_zero_mask_32_to_224/all/GAO20201120t182953p0000-2/neg_01_x286_y6/s2_prev3.tif,/mnt/engg-niulab/yuyao/final_crop/s2_6time_legacy_center_zero_mask_32_to_224/all/GAO20201120t182953p0000-2/neg_01_x286_y6/s2_seasonal.tif,/mnt/engg-niulab/yuyao/final_crop/s2_6time_legacy_center_zero_mask_32_to_224/all/GAO20201120t182953p0000-2/neg_01_x286_y6/s2_year.tif,/mnt/engg-niulab/yuyao/final_crop/s2_6time_legacy_center_zero_mask_32_to_224/all/GAO20201120t182953p0000-2/neg_01_x286_y6/s2_0.tif,/mnt/engg-niulab/yuyao/final_crop/s2_6time_legacy_center_zero_mask_32_to_224/all/GAO20201120t182953p0000-2/neg_01_x286_y6/s2_0.tif,/mnt/engg-niulab/yuyao/final_crop/s2_6time_legacy_center_zero_mask_32_to_224/all/GAO20201120t182953p0000-2/neg_01_x286_y6/s2_prev1.tif,/mnt/engg-niulab/yuyao/final_crop/s2_6time_legacy_center_zero_mask_32_to_224/all/GAO20201120t182953p0000-2/neg_01_x286_y6/s2_seasonal.tif,/mnt/engg-niulab/yuyao/final_crop/s2_6time_legacy_center_zero_mask_32_to_224/all/GAO20201120t182953p0000-2/neg_01_x286_y6/s2_year.tif
GAO20201120t182953p0000-2,dropped_missing_required_time_or_path,0,/mnt/engg-niulab/yuyao/final_crop/s2_6time_legacy_center_zero_mask_32/all/GAO20201120t182953p0000-2/neg_02_x338_y418,/mnt/engg-niulab/yuyao/final_crop/s2_6time_legacy_center_zero_mask_32/all/GAO20201120t182953p0000-2/neg_02_x338_y418,/mnt/engg-niulab/yuyao/final_crop/s2_6time_legacy_center_zero_mask_32_to_224/all/GAO20201120t182953p0000-2/neg_02_x338_y418/plume.tif,/mnt/engg-niulab/yuyao/final_crop/s2_6time_legacy_center_zero_mask_32_to_224/all/GAO20201120t182953p0000-2/neg_02_x338_y418/plume.tif,/mnt/engg-niulab/yuyao/final_crop/s2_6time_legacy_center_zero_mask_32_to_224/all/GAO20201120t182953p0000-2/neg_02_x338_y418/plume.tif,338,418,338,418,legacy_center_anchor,,37.87900568,-121.1859863,37.87900568,-121.1859863,2020-11-20T18:29:53+00,2020-11-20T18:57:11.024000Z,2020-11-15T18:56:49.024000Z,2020-11-10T18:56:21.024000Z,2020-11-05T18:55:59.024000Z,,,/mnt/engg-niulab/yuyao/final_crop/s2_6time_legacy_center_zero_mask_32_to_224/all/GAO20201120t182953p0000-2/neg_02_x338_y418/s2_0.tif,/mnt/engg-niulab/yuyao/final_crop/s2_6time_legacy_center_zero_mask_32_to_224/all/GAO20201120t182953p0000-2/neg_02_x338_y418/s2_prev1.tif,/mnt/engg-niulab/yuyao/final_crop/s2_6time_legacy_center_zero_mask_32_to_224/all/GAO20201120t182953p0000-2/neg_02_x338_y418/s2_prev2.tif,/mnt/engg-niulab/yuyao/final_crop/s2_6time_legacy_center_zero_mask_32_to_224/all/GAO20201120t182953p0000-2/neg_02_x338_y418/s2_prev3.tif,/mnt/engg-niulab/yuyao/final_crop/s2_6time_legacy_center_zero_mask_32_to_224/all/GAO20201120t182953p0000-2/neg_02_x338_y418/s2_seasonal.tif,/mnt/engg-niulab/yuyao/final_crop/s2_6time_legacy_center_zero_mask_32_to_224/all/GAO20201120t182953p0000-2/neg_02_x338_y418/s2_year.tif,/mnt/engg-niulab/yuyao/final_crop/s2_6time_legacy_center_zero_mask_32_to_224/all/GAO20201120t182953p0000-2/neg_02_x338_y418/s2_0.tif,/mnt/engg-niulab/yuyao/final_crop/s2_6time_legacy_center_zero_mask_32_to_224/all/GAO20201120t182953p0000-2/neg_02_x338_y418/s2_0.tif,/mnt/engg-niulab/yuyao/final_crop/s2_6time_legacy_center_zero_mask_32_to_224/all/GAO20201120t182953p0000-2/neg_02_x338_y418/s2_prev1.tif,/mnt/engg-niulab/yuyao/final_crop/s2_6time_legacy_center_zero_mask_32_to_224/all/GAO20201120t182953p0000-2/neg_02_x338_y418/s2_seasonal.tif,/mnt/engg-niulab/yuyao/final_crop/s2_6time_legacy_center_zero_mask_32_to_224/all/GAO20201120t182953p0000-2/neg_02_x338_y418/s2_year.tif
GAO20201120t182953p0000-2,dropped_missing_required_time_or_path,0,/mnt/engg-niulab/yuyao/final_crop/s2_6time_legacy_center_zero_mask_32/all/GAO20201120t182953p0000-2/neg_03_x448_y401,/mnt/engg-niulab/yuyao/final_crop/s2_6time_legacy_center_zero_mask_32/all/GAO20201120t182953p0000-2/neg_03_x448_y401,/mnt/engg-niulab/yuyao/final_crop/s2_6time_legacy_center_zero_mask_32_to_224/all/GAO20201120t182953p0000-2/neg_03_x448_y401/plume.tif,/mnt/engg-niulab/yuyao/final_crop/s2_6time_legacy_center_zero_mask_32_to_224/all/GAO20201120t182953p0000-2/neg_03_x448_y401/plume.tif,/mnt/engg-niulab/yuyao/final_crop/s2_6time_legacy_center_zero_mask_32_to_224/all/GAO20201120t182953p0000-2/neg_03_x448_y401/plume.tif,448,401,448,401,legacy_center_anchor,,37.87900568,-121.1859863,37.87900568,-121.1859863,2020-11-20T18:29:53+00,2020-11-20T18:57:11.024000Z,2020-11-15T18:56:49.024000Z,2020-11-10T18:56:21.024000Z,2020-11-05T18:55:59.024000Z,,,/mnt/engg-niulab/yuyao/final_crop/s2_6time_legacy_center_zero_mask_32_to_224/all/GAO20201120t182953p0000-2/neg_03_x448_y401/s2_0.tif,/mnt/engg-niulab/yuyao/final_crop/s2_6time_legacy_center_zero_mask_32_to_224/all/GAO20201120t182953p0000-2/neg_03_x448_y401/s2_prev1.tif,/mnt/engg-niulab/yuyao/final_crop/s2_6time_legacy_center_zero_mask_32_to_224/all/GAO20201120t182953p0000-2/neg_03_x448_y401/s2_prev2.tif,/mnt/engg-niulab/yuyao/final_crop/s2_6time_legacy_center_zero_mask_32_to_224/all/GAO20201120t182953p0000-2/neg_03_x448_y401/s2_prev3.tif,/mnt/engg-niulab/yuyao/final_crop/s2_6time_legacy_center_zero_mask_32_to_224/all/GAO20201120t182953p0000-2/neg_03_x448_y401/s2_seasonal.tif,/mnt/engg-niulab/yuyao/final_crop/s2_6time_legacy_center_zero_mask_32_to_224/all/GAO20201120t182953p0000-2/neg_03_x448_y401/s2_year.tif,/mnt/engg-niulab/yuyao/final_crop/s2_6time_legacy_center_zero_mask_32_to_224/all/GAO20201120t182953p0000-2/neg_03_x448_y401/s2_0.tif,/mnt/engg-niulab/yuyao/final_crop/s2_6time_legacy_center_zero_mask_32_to_224/all/GAO20201120t182953p0000-2/neg_03_x448_y401/s2_0.tif,/mnt/engg-niulab/yuyao/final_crop/s2_6time_legacy_center_zero_mask_32_to_224/all/GAO20201120t182953p0000-2/neg_03_x448_y401/s2_prev1.tif,/mnt/engg-niulab/yuyao/final_crop/s2_6time_legacy_center_zero_mask_32_to_224/all/GAO20201120t182953p0000-2/neg_03_x448_y401/s2_seasonal.tif,/mnt/engg-niulab/yuyao/final_crop/s2_6time_legacy_center_zero_mask_32_to_224/all/GAO20201120t182953p0000-2/neg_03_x448_y401/s2_year.tif
GAO20201120t182953p0000-2,dropped_missing_required_time_or_path,0,/mnt/engg-niulab/yuyao/final_crop/s2_6time_legacy_center_zero_mask_32/all/GAO20201120t182953p0000-2/neg_04_x304_y261,/mnt/engg-niulab/yuyao/final_crop/s2_6time_legacy_center_zero_mask_32/all/GAO20201120t182953p0000-2/neg_04_x304_y261,/mnt/engg-niulab/yuyao/final_crop/s2_6time_legacy_center_zero_mask_32_to_224/all/GAO20201120t182953p0000-2/neg_04_x304_y261/plume.tif,/mnt/engg-niulab/yuyao/final_crop/s2_6time_legacy_center_zero_mask_32_to_224/all/GAO20201120t182953p0000-2/neg_04_x304_y261/plume.tif,/mnt/engg-niulab/yuyao/final_crop/s2_6time_legacy_center_zero_mask_32_to_224/all/GAO20201120t182953p0000-2/neg_04_x304_y261/plume.tif,304,261,304,261,legacy_center_anchor,,37.87900568,-121.1859863,37.87900568,-121.1859863,2020-11-20T18:29:53+00,2020-11-20T18:57:11.024000Z,2020-11-15T18:56:49.024000Z,2020-11-10T18:56:21.024000Z,2020-11-05T18:55:59.024000Z,,,/mnt/engg-niulab/yuyao/final_crop/s2_6time_legacy_center_zero_mask_32_to_224/all/GAO20201120t182953p0000-2/neg_04_x304_y261/s2_0.tif,/mnt/engg-niulab/yuyao/final_crop/s2_6time_legacy_center_zero_mask_32_to_224/all/GAO20201120t182953p0000-2/neg_04_x304_y261/s2_prev1.tif,/mnt/engg-niulab/yuyao/final_crop/s2_6time_legacy_center_zero_mask_32_to_224/all/GAO20201120t182953p0000-2/neg_04_x304_y261/s2_prev2.tif,/mnt/engg-niulab/yuyao/final_crop/s2_6time_legacy_center_zero_mask_32_to_224/all/GAO20201120t182953p0000-2/neg_04_x304_y261/s2_prev3.tif,/mnt/engg-niulab/yuyao/final_crop/s2_6time_legacy_center_zero_mask_32_to_224/all/GAO20201120t182953p0000-2/neg_04_x304_y261/s2_seasonal.tif,/mnt/engg-niulab/yuyao/final_crop/s2_6time_legacy_center_zero_mask_32_to_224/all/GAO20201120t182953p0000-2/neg_04_x304_y261/s2_year.tif,/mnt/engg-niulab/yuyao/final_crop/s2_6time_legacy_center_zero_mask_32_to_224/all/GAO20201120t182953p0000-2/neg_04_x304_y261/s2_0.tif,/mnt/engg-niulab/yuyao/final_crop/s2_6time_legacy_center_zero_mask_32_to_224/all/GAO20201120t182953p0000-2/neg_04_x304_y261/s2_0.tif,/mnt/engg-niulab/yuyao/final_crop/s2_6time_legacy_center_zero_mask_32_to_224/all/GAO20201120t182953p0000-2/neg_04_x304_y261/s2_prev1.tif,/mnt/engg-niulab/yuyao/final_crop/s2_6time_legacy_center_zero_mask_32_to_224/all/GAO20201120t182953p0000-2/neg_04_x304_y261/s2_seasonal.tif,/mnt/engg-niulab/yuyao/final_crop/s2_6time_legacy_center_zero_mask_32_to_224/all/GAO20201120t182953p0000-2/neg_04_x304_y261/s2_year.tif
GAO20201120t182953p0000-2,dropped_missing_required_time_or_path,0,/mnt/engg-niulab/yuyao/final_crop/s2_6time_legacy_center_zero_mask_32/all/GAO20201120t182953p0000-2/neg_05_x346_y15,/mnt/engg-niulab/yuyao/final_crop/s2_6time_legacy_center_zero_mask_32/all/GAO20201120t182953p0000-2/neg_05_x346_y15,/mnt/engg-niulab/yuyao/final_crop/s2_6time_legacy_center_zero_mask_32_to_224/all/GAO20201120t182953p0000-2/neg_05_x346_y15/plume.tif,/mnt/engg-niulab/yuyao/final_crop/s2_6time_legacy_center_zero_mask_32_to_224/all/GAO20201120t182953p0000-2/neg_05_x346_y15/plume.tif,/mnt/engg-niulab/yuyao/final_crop/s2_6time_legacy_center_zero_mask_32_to_224/all/GAO20201120t182953p0000-2/neg_05_x346_y15/plume.tif,346,15,346,15,legacy_center_anchor,,37.87900568,-121.1859863,37.87900568,-121.1859863,2020-11-20T18:29:53+00,2020-11-20T18:57:11.024000Z,2020-11-15T18:56:49.024000Z,2020-11-10T18:56:21.024000Z,2020-11-05T18:55:59.024000Z,,,/mnt/engg-niulab/yuyao/final_crop/s2_6time_legacy_center_zero_mask_32_to_224/all/GAO20201120t182953p0000-2/neg_05_x346_y15/s2_0.tif,/mnt/engg-niulab/yuyao/final_crop/s2_6time_legacy_center_zero_mask_32_to_224/all/GAO20201120t182953p0000-2/neg_05_x346_y15/s2_prev1.tif,/mnt/engg-niulab/yuyao/final_crop/s2_6time_legacy_center_zero_mask_32_to_224/all/GAO20201120t182953p0000-2/neg_05_x346_y15/s2_prev2.tif,/mnt/engg-niulab/yuyao/final_crop/s2_6time_legacy_center_zero_mask_32_to_224/all/GAO20201120t182953p0000-2/neg_05_x346_y15/s2_prev3.tif,/mnt/engg-niulab/yuyao/final_crop/s2_6time_legacy_center_zero_mask_32_to_224/all/GAO20201120t182953p0000-2/neg_05_x346_y15/s2_seasonal.tif,/mnt/engg-niulab/yuyao/final_crop/s2_6time_legacy_center_zero_mask_32_to_224/all/GAO20201120t182953p0000-2/neg_05_x346_y15/s2_year.tif,/mnt/engg-niulab/yuyao/final_crop/s2_6time_legacy_center_zero_mask_32_to_224/all/GAO20201120t182953p0000-2/neg_05_x346_y15/s2_0.tif,/mnt/engg-niulab/yuyao/final_crop/s2_6time_legacy_center_zero_mask_32_to_224/all/GAO20201120t182953p0000-2/neg_05_x346_y15/s2_0.tif,/mnt/engg-niulab/yuyao/final_crop/s2_6time_legacy_center_zero_mask_32_to_224/all/GAO20201120t182953p0000-2/neg_05_x346_y15/s2_prev1.tif,/mnt/engg-niulab/yuyao/final_crop/s2_6time_legacy_center_zero_mask_32_to_224/all/GAO20201120t182953p0000-2/neg_05_x346_y15/s2_seasonal.tif,/mnt/engg-niulab/yuyao/final_crop/s2_6time_legacy_center_zero_mask_32_to_224/all/GAO20201120t182953p0000-2/neg_05_x346_y15/s2_year.tif
GAO20201120t182953p0000-2,dropped_missing_required_time_or_path,0,/mnt/engg-niulab/yuyao/final_crop/s2_6time_legacy_center_zero_mask_32/all/GAO20201120t182953p0000-2/neg_06_x117_y270,/mnt/engg-niulab/yuyao/final_crop/s2_6time_legacy_center_zero_mask_32/all/GAO20201120t182953p0000-2/neg_06_x117_y270,/mnt/engg-niulab/yuyao/final_crop/s2_6time_legacy_center_zero_mask_32_to_224/all/GAO20201120t182953p0000-2/neg_06_x117_y270/plume.tif,/mnt/engg-niulab/yuyao/final_crop/s2_6time_legacy_center_zero_mask_32_to_224/all/GAO20201120t182953p0000-2/neg_06_x117_y270/plume.tif,/mnt/engg-niulab/yuyao/final_crop/s2_6time_legacy_center_zero_mask_32_to_224/all/GAO20201120t182953p0000-2/neg_06_x117_y270/plume.tif,117,270,117,270,legacy_center_anchor,,37.87900568,-121.1859863,37.87900568,-121.1859863,2020-11-20T18:29:53+00,2020-11-20T18:57:11.024000Z,2020-11-15T18:56:49.024000Z,2020-11-10T18:56:21.024000Z,2020-11-05T18:55:59.024000Z,,,/mnt/engg-niulab/yuyao/final_crop/s2_6time_legacy_center_zero_mask_32_to_224/all/GAO20201120t182953p0000-2/neg_06_x117_y270/s2_0.tif,/mnt/engg-niulab/yuyao/final_crop/s2_6time_legacy_center_zero_mask_32_to_224/all/GAO20201120t182953p0000-2/neg_06_x117_y270/s2_prev1.tif,/mnt/engg-niulab/yuyao/final_crop/s2_6time_legacy_center_zero_mask_32_to_224/all/GAO20201120t182953p0000-2/neg_06_x117_y270/s2_prev2.tif,/mnt/engg-niulab/yuyao/final_crop/s2_6time_legacy_center_zero_mask_32_to_224/all/GAO20201120t182953p0000-2/neg_06_x117_y270/s2_prev3.tif,/mnt/engg-niulab/yuyao/final_crop/s2_6time_legacy_center_zero_mask_32_to_224/all/GAO20201120t182953p0000-2/neg_06_x117_y270/s2_seasonal.tif,/mnt/engg-niulab/yuyao/final_crop/s2_6time_legacy_center_zero_mask_32_to_224/all/GAO20201120t182953p0000-2/neg_06_x117_y270/s2_year.tif,/mnt/engg-niulab/yuyao/final_crop/s2_6time_legacy_center_zero_mask_32_to_224/all/GAO20201120t182953p0000-2/neg_06_x117_y270/s2_0.tif,/mnt/engg-niulab/yuyao/final_crop/s2_6time_legacy_center_zero_mask_32_to_224/all/GAO20201120t182953p0000-2/neg_06_x117_y270/s2_0.tif,/mnt/engg-niulab/yuyao/final_crop/s2_6time_legacy_center_zero_mask_32_to_224/all/GAO20201120t182953p0000-2/neg_06_x117_y270/s2_prev1.tif,/mnt/engg-niulab/yuyao/final_crop/s2_6time_legacy_center_zero_mask_32_to_224/all/GAO20201120t182953p0000-2/neg_06_x117_y270/s2_seasonal.tif,/mnt/engg-niulab/yuyao/final_crop/s2_6time_legacy_center_zero_mask_32_to_224/all/GAO20201120t182953p0000-2/neg_06_x117_y270/s2_year.tif
GAO20201120t182953p0000-2,dropped_missing_required_time_or_path,0,/mnt/engg-niulab/yuyao/final_crop/s2_6time_legacy_center_zero_mask_32/all/GAO20201120t182953p0000-2/neg_07_x83_y115,/mnt/engg-niulab/yuyao/final_crop/s2_6time_legacy_center_zero_mask_32/all/GAO20201120t182953p0000-2/neg_07_x83_y115,/mnt/engg-niulab/yuyao/final_crop/s2_6time_legacy_center_zero_mask_32_to_224/all/GAO20201120t182953p0000-2/neg_07_x83_y115/plume.tif,/mnt/engg-niulab/yuyao/final_crop/s2_6time_legacy_center_zero_mask_32_to_224/all/GAO20201120t182953p0000-2/neg_07_x83_y115/plume.tif,/mnt/engg-niulab/yuyao/final_crop/s2_6time_legacy_center_zero_mask_32_to_224/all/GAO20201120t182953p0000-2/neg_07_x83_y115/plume.tif,83,115,83,115,legacy_center_anchor,,37.87900568,-121.1859863,37.87900568,-121.1859863,2020-11-20T18:29:53+00,2020-11-20T18:57:11.024000Z,2020-11-15T18:56:49.024000Z,2020-11-10T18:56:21.024000Z,2020-11-05T18:55:59.024000Z,,,/mnt/engg-niulab/yuyao/final_crop/s2_6time_legacy_center_zero_mask_32_to_224/all/GAO20201120t182953p0000-2/neg_07_x83_y115/s2_0.tif,/mnt/engg-niulab/yuyao/final_crop/s2_6time_legacy_center_zero_mask_32_to_224/all/GAO20201120t182953p0000-2/neg_07_x83_y115/s2_prev1.tif,/mnt/engg-niulab/yuyao/final_crop/s2_6time_legacy_center_zero_mask_32_to_224/all/GAO20201120t182953p0000-2/neg_07_x83_y115/s2_prev2.tif,/mnt/engg-niulab/yuyao/final_crop/s2_6time_legacy_center_zero_mask_32_to_224/all/GAO20201120t182953p0000-2/neg_07_x83_y115/s2_prev3.tif,/mnt/engg-niulab/yuyao/final_crop/s2_6time_legacy_center_zero_mask_32_to_224/all/GAO20201120t182953p0000-2/neg_07_x83_y115/s2_seasonal.tif,/mnt/engg-niulab/yuyao/final_crop/s2_6time_legacy_center_zero_mask_32_to_224/all/GAO20201120t182953p0000-2/neg_07_x83_y115/s2_year.tif,/mnt/engg-niulab/yuyao/final_crop/s2_6time_legacy_center_zero_mask_32_to_224/all/GAO20201120t182953p0000-2/neg_07_x83_y115/s2_0.tif,/mnt/engg-niulab/yuyao/final_crop/s2_6time_legacy_center_zero_mask_32_to_224/all/GAO20201120t182953p0000-2/neg_07_x83_y115/s2_0.tif,/mnt/engg-niulab/yuyao/final_crop/s2_6time_legacy_center_zero_mask_32_to_224/all/GAO20201120t182953p0000-2/neg_07_x83_y115/s2_prev1.tif,/mnt/engg-niulab/yuyao/final_crop/s2_6time_legacy_center_zero_mask_32_to_224/all/GAO20201120t182953p0000-2/neg_07_x83_y115/s2_seasonal.tif,/mnt/engg-niulab/yuyao/final_crop/s2_6time_legacy_center_zero_mask_32_to_224/all/GAO20201120t182953p0000-2/neg_07_x83_y115/s2_year.tif
GAO20201120t182953p0000-2,dropped_missing_required_time_or_path,0,/mnt/engg-niulab/yuyao/final_crop/s2_6time_legacy_center_zero_mask_32/all/GAO20201120t182953p0000-2/neg_08_x399_y26,/mnt/engg-niulab/yuyao/final_crop/s2_6time_legacy_center_zero_mask_32/all/GAO20201120t182953p0000-2/neg_08_x399_y26,/mnt/engg-niulab/yuyao/final_crop/s2_6time_legacy_center_zero_mask_32_to_224/all/GAO20201120t182953p0000-2/neg_08_x399_y26/plume.tif,/mnt/engg-niulab/yuyao/final_crop/s2_6time_legacy_center_zero_mask_32_to_224/all/GAO20201120t182953p0000-2/neg_08_x399_y26/plume.tif,/mnt/engg-niulab/yuyao/final_crop/s2_6time_legacy_center_zero_mask_32_to_224/all/GAO20201120t182953p0000-2/neg_08_x399_y26/plume.tif,399,26,399,26,legacy_center_anchor,,37.87900568,-121.1859863,37.87900568,-121.1859863,2020-11-20T18:29:53+00,2020-11-20T18:57:11.024000Z,2020-11-15T18:56:49.024000Z,2020-11-10T18:56:21.024000Z,2020-11-05T18:55:59.024000Z,,,/mnt/engg-niulab/yuyao/final_crop/s2_6time_legacy_center_zero_mask_32_to_224/all/GAO20201120t182953p0000-2/neg_08_x399_y26/s2_0.tif,/mnt/engg-niulab/yuyao/final_crop/s2_6time_legacy_center_zero_mask_32_to_224/all/GAO20201120t182953p0000-2/neg_08_x399_y26/s2_prev1.tif,/mnt/engg-niulab/yuyao/final_crop/s2_6time_legacy_center_zero_mask_32_to_224/all/GAO20201120t182953p0000-2/neg_08_x399_y26/s2_prev2.tif,/mnt/engg-niulab/yuyao/final_crop/s2_6time_legacy_center_zero_mask_32_to_224/all/GAO20201120t182953p0000-2/neg_08_x399_y26/s2_prev3.tif,/mnt/engg-niulab/yuyao/final_crop/s2_6time_legacy_center_zero_mask_32_to_224/all/GAO20201120t182953p0000-2/neg_08_x399_y26/s2_seasonal.tif,/mnt/engg-niulab/yuyao/final_crop/s2_6time_legacy_center_zero_mask_32_to_224/all/GAO20201120t182953p0000-2/neg_08_x399_y26/s2_year.tif,/mnt/engg-niulab/yuyao/final_crop/s2_6time_legacy_center_zero_mask_32_to_224/all/GAO20201120t182953p0000-2/neg_08_x399_y26/s2_0.tif,/mnt/engg-niulab/yuyao/final_crop/s2_6time_legacy_center_zero_mask_32_to_224/all/GAO20201120t182953p0000-2/neg_08_x399_y26/s2_0.tif,/mnt/engg-niulab/yuyao/final_crop/s2_6time_legacy_center_zero_mask_32_to_224/all/GAO20201120t182953p0000-2/neg_08_x399_y26/s2_prev1.tif,/mnt/engg-niulab/yuyao/final_crop/s2_6time_legacy_center_zero_mask_32_to_224/all/GAO20201120t182953p0000-2/neg_08_x399_y26/s2_seasonal.tif,/mnt/engg-niulab/yuyao/final_crop/s2_6time_legacy_center_zero_mask_32_to_224/all/GAO20201120t182953p0000-2/neg_08_x399_y26/s2_year.tif
GAO20201120t182953p0000-2,dropped_missing_required_time_or_path,0,/mnt/engg-niulab/yuyao/final_crop/s2_6time_legacy_center_zero_mask_32/all/GAO20201120t182953p0000-2/neg_09_x410_y142,/mnt/engg-niulab/yuyao/final_crop/s2_6time_legacy_center_zero_mask_32/all/GAO20201120t182953p0000-2/neg_09_x410_y142,/mnt/engg-niulab/yuyao/final_crop/s2_6time_legacy_center_zero_mask_32_to_224/all/GAO20201120t182953p0000-2/neg_09_x410_y142/plume.tif,/mnt/engg-niulab/yuyao/final_crop/s2_6time_legacy_center_zero_mask_32_to_224/all/GAO20201120t182953p0000-2/neg_09_x410_y142/plume.tif,/mnt/engg-niulab/yuyao/final_crop/s2_6time_legacy_center_zero_mask_32_to_224/all/GAO20201120t182953p0000-2/neg_09_x410_y142/plume.tif,410,142,410,142,legacy_center_anchor,,37.87900568,-121.1859863,37.87900568,-121.1859863,2020-11-20T18:29:53+00,2020-11-20T18:57:11.024000Z,2020-11-15T18:56:49.024000Z,2020-11-10T18:56:21.024000Z,2020-11-05T18:55:59.024000Z,,,/mnt/engg-niulab/yuyao/final_crop/s2_6time_legacy_center_zero_mask_32_to_224/all/GAO20201120t182953p0000-2/neg_09_x410_y142/s2_0.tif,/mnt/engg-niulab/yuyao/final_crop/s2_6time_legacy_center_zero_mask_32_to_224/all/GAO20201120t182953p0000-2/neg_09_x410_y142/s2_prev1.tif,/mnt/engg-niulab/yuyao/final_crop/s2_6time_legacy_center_zero_mask_32_to_224/all/GAO20201120t182953p0000-2/neg_09_x410_y142/s2_prev2.tif,/mnt/engg-niulab/yuyao/final_crop/s2_6time_legacy_center_zero_mask_32_to_224/all/GAO20201120t182953p0000-2/neg_09_x410_y142/s2_prev3.tif,/mnt/engg-niulab/yuyao/final_crop/s2_6time_legacy_center_zero_mask_32_to_224/all/GAO20201120t182953p0000-2/neg_09_x410_y142/s2_seasonal.tif,/mnt/engg-niulab/yuyao/final_crop/s2_6time_legacy_center_zero_mask_32_to_224/all/GAO20201120t182953p0000-2/neg_09_x410_y142/s2_year.tif,/mnt/engg-niulab/yuyao/final_crop/s2_6time_legacy_center_zero_mask_32_to_224/all/GAO20201120t182953p0000-2/neg_09_x410_y142/s2_0.tif,/mnt/engg-niulab/yuyao/final_crop/s2_6time_legacy_center_zero_mask_32_to_224/all/GAO20201120t182953p0000-2/neg_09_x410_y142/s2_0.tif,/mnt/engg-niulab/yuyao/final_crop/s2_6time_legacy_center_zero_mask_32_to_224/all/GAO20201120t182953p0000-2/neg_09_x410_y142/s2_prev1.tif,/mnt/engg-niulab/yuyao/final_crop/s2_6time_legacy_center_zero_mask_32_to_224/all/GAO20201120t182953p0000-2/neg_09_x410_y142/s2_seasonal.tif,/mnt/engg-niulab/yuyao/final_crop/s2_6time_legacy_center_zero_mask_32_to_224/all/GAO20201120t182953p0000-2/neg_09_x410_y142/s2_year.tif
GAO20201120t182953p0000-2,dropped_missing_required_time_or_path,0,/mnt/engg-niulab/yuyao/final_crop/s2_6time_legacy_center_zero_mask_32/all/GAO20201120t182953p0000-2/neg_10_x58_y76,/mnt/engg-niulab/yuyao/final_crop/s2_6time_legacy_center_zero_mask_32/all/GAO20201120t182953p0000-2/neg_10_x58_y76,/mnt/engg-niulab/yuyao/final_crop/s2_6time_legacy_center_zero_mask_32_to_224/all/GAO20201120t182953p0000-2/neg_10_x58_y76/plume.tif,/mnt/engg-niulab/yuyao/final_crop/s2_6time_legacy_center_zero_mask_32_to_224/all/GAO20201120t182953p0000-2/neg_10_x58_y76/plume.tif,/mnt/engg-niulab/yuyao/final_crop/s2_6time_legacy_center_zero_mask_32_to_224/all/GAO20201120t182953p0000-2/neg_10_x58_y76/plume.tif,58,76,58,76,legacy_center_anchor,,37.87900568,-121.1859863,37.87900568,-121.1859863,2020-11-20T18:29:53+00,2020-11-20T18:57:11.024000Z,2020-11-15T18:56:49.024000Z,2020-11-10T18:56:21.024000Z,2020-11-05T18:55:59.024000Z,,,/mnt/engg-niulab/yuyao/final_crop/s2_6time_legacy_center_zero_mask_32_to_224/all/GAO20201120t182953p0000-2/neg_10_x58_y76/s2_0.tif,/mnt/engg-niulab/yuyao/final_crop/s2_6time_legacy_center_zero_mask_32_to_224/all/GAO20201120t182953p0000-2/neg_10_x58_y76/s2_prev1.tif,/mnt/engg-niulab/yuyao/final_crop/s2_6time_legacy_center_zero_mask_32_to_224/all/GAO20201120t182953p0000-2/neg_10_x58_y76/s2_prev2.tif,/mnt/engg-niulab/yuyao/final_crop/s2_6time_legacy_center_zero_mask_32_to_224/all/GAO20201120t182953p0000-2/neg_10_x58_y76/s2_prev3.tif,/mnt/engg-niulab/yuyao/final_crop/s2_6time_legacy_center_zero_mask_32_to_224/all/GAO20201120t182953p0000-2/neg_10_x58_y76/s2_seasonal.tif,/mnt/engg-niulab/yuyao/final_crop/s2_6time_legacy_center_zero_mask_32_to_224/all/GAO20201120t182953p0000-2/neg_10_x58_y76/s2_year.tif,/mnt/engg-niulab/yuyao/final_crop/s2_6time_legacy_center_zero_mask_32_to_224/all/GAO20201120t182953p0000-2/neg_10_x58_y76/s2_0.tif,/mnt/engg-niulab/yuyao/final_crop/s2_6time_legacy_center_zero_mask_32_to_224/all/GAO20201120t182953p0000-2/neg_10_x58_y76/s2_0.tif,/mnt/engg-niulab/yuyao/final_crop/s2_6time_legacy_center_zero_mask_32_to_224/all/GAO20201120t182953p0000-2/neg_10_x58_y76/s2_prev1.tif,/mnt/engg-niulab/yuyao/final_crop/s2_6time_legacy_center_zero_mask_32_to_224/all/GAO20201120t182953p0000-2/neg_10_x58_y76/s2_seasonal.tif,/mnt/engg-niulab/yuyao/final_crop/s2_6time_legacy_center_zero_mask_32_to_224/all/GAO20201120t182953p0000-2/neg_10_x58_y76/s2_year.tif
GAO20201120t182953p0000-2,dropped_missing_required_time_or_path,0,/mnt/engg-niulab/yuyao/final_crop/s2_6time_legacy_center_zero_mask_32/all/GAO20201120t182953p0000-2/neg_11_x146_y233,/mnt/engg-niulab/yuyao/final_crop/s2_6time_legacy_center_zero_mask_32/all/GAO20201120t182953p0000-2/neg_11_x146_y233,/mnt/engg-niulab/yuyao/final_crop/s2_6time_legacy_center_zero_mask_32_to_224/all/GAO20201120t182953p0000-2/neg_11_x146_y233/plume.tif,/mnt/engg-niulab/yuyao/final_crop/s2_6time_legacy_center_zero_mask_32_to_224/all/GAO20201120t182953p0000-2/neg_11_x146_y233/plume.tif,/mnt/engg-niulab/yuyao/final_crop/s2_6time_legacy_center_zero_mask_32_to_224/all/GAO20201120t182953p0000-2/neg_11_x146_y233/plume.tif,146,233,146,233,legacy_center_anchor,,37.87900568,-121.1859863,37.87900568,-121.1859863,2020-11-20T18:29:53+00,2020-11-20T18:57:11.024000Z,2020-11-15T18:56:49.024000Z,2020-11-10T18:56:21.024000Z,2020-11-05T18:55:59.024000Z,,,/mnt/engg-niulab/yuyao/final_crop/s2_6time_legacy_center_zero_mask_32_to_224/all/GAO20201120t182953p0000-2/neg_11_x146_y233/s2_0.tif,/mnt/engg-niulab/yuyao/final_crop/s2_6time_legacy_center_zero_mask_32_to_224/all/GAO20201120t182953p0000-2/neg_11_x146_y233/s2_prev1.tif,/mnt/engg-niulab/yuyao/final_crop/s2_6time_legacy_center_zero_mask_32_to_224/all/GAO20201120t182953p0000-2/neg_11_x146_y233/s2_prev2.tif,/mnt/engg-niulab/yuyao/final_crop/s2_6time_legacy_center_zero_mask_32_to_224/all/GAO20201120t182953p0000-2/neg_11_x146_y233/s2_prev3.tif,/mnt/engg-niulab/yuyao/final_crop/s2_6time_legacy_center_zero_mask_32_to_224/all/GAO20201120t182953p0000-2/neg_11_x146_y233/s2_seasonal.tif,/mnt/engg-niulab/yuyao/final_crop/s2_6time_legacy_center_zero_mask_32_to_224/all/GAO20201120t182953p0000-2/neg_11_x146_y233/s2_year.tif,/mnt/engg-niulab/yuyao/final_crop/s2_6time_legacy_center_zero_mask_32_to_224/all/GAO20201120t182953p0000-2/neg_11_x146_y233/s2_0.tif,/mnt/engg-niulab/yuyao/final_crop/s2_6time_legacy_center_zero_mask_32_to_224/all/GAO20201120t182953p0000-2/neg_11_x146_y233/s2_0.tif,/mnt/engg-niulab/yuyao/final_crop/s2_6time_legacy_center_zero_mask_32_to_224/all/GAO20201120t182953p0000-2/neg_11_x146_y233/s2_prev1.tif,/mnt/engg-niulab/yuyao/final_crop/s2_6time_legacy_center_zero_mask_32_to_224/all/GAO20201120t182953p0000-2/neg_11_x146_y233/s2_seasonal.tif,/mnt/engg-niulab/yuyao/final_crop/s2_6time_legacy_center_zero_mask_32_to_224/all/GAO20201120t182953p0000-2/neg_11_x146_y233/s2_year.tif
GAO20201120t182953p0000-2,dropped_missing_required_time_or_path,0,/mnt/engg-niulab/yuyao/final_crop/s2_6time_legacy_center_zero_mask_32/all/GAO20201120t182953p0000-2/neg_12_x79_y246,/mnt/engg-niulab/yuyao/final_crop/s2_6time_legacy_center_zero_mask_32/all/GAO20201120t182953p0000-2/neg_12_x79_y246,/mnt/engg-niulab/yuyao/final_crop/s2_6time_legacy_center_zero_mask_32_to_224/all/GAO20201120t182953p0000-2/neg_12_x79_y246/plume.tif,/mnt/engg-niulab/yuyao/final_crop/s2_6time_legacy_center_zero_mask_32_to_224/all/GAO20201120t182953p0000-2/neg_12_x79_y246/plume.tif,/mnt/engg-niulab/yuyao/final_crop/s2_6time_legacy_center_zero_mask_32_to_224/all/GAO20201120t182953p0000-2/neg_12_x79_y246/plume.tif,79,246,79,246,legacy_center_anchor,,37.87900568,-121.1859863,37.87900568,-121.1859863,2020-11-20T18:29:53+00,2020-11-20T18:57:11.024000Z,2020-11-15T18:56:49.024000Z,2020-11-10T18:56:21.024000Z,2020-11-05T18:55:59.024000Z,,,/mnt/engg-niulab/yuyao/final_crop/s2_6time_legacy_center_zero_mask_32_to_224/all/GAO20201120t182953p0000-2/neg_12_x79_y246/s2_0.tif,/mnt/engg-niulab/yuyao/final_crop/s2_6time_legacy_center_zero_mask_32_to_224/all/GAO20201120t182953p0000-2/neg_12_x79_y246/s2_prev1.tif,/mnt/engg-niulab/yuyao/final_crop/s2_6time_legacy_center_zero_mask_32_to_224/all/GAO20201120t182953p0000-2/neg_12_x79_y246/s2_prev2.tif,/mnt/engg-niulab/yuyao/final_crop/s2_6time_legacy_center_zero_mask_32_to_224/all/GAO20201120t182953p0000-2/neg_12_x79_y246/s2_prev3.tif,/mnt/engg-niulab/yuyao/final_crop/s2_6time_legacy_center_zero_mask_32_to_224/all/GAO20201120t182953p0000-2/neg_12_x79_y246/s2_seasonal.tif,/mnt/engg-niulab/yuyao/final_crop/s2_6time_legacy_center_zero_mask_32_to_224/all/GAO20201120t182953p0000-2/neg_12_x79_y246/s2_year.tif,/mnt/engg-niulab/yuyao/final_crop/s2_6time_legacy_center_zero_mask_32_to_224/all/GAO20201120t182953p0000-2/neg_12_x79_y246/s2_0.tif,/mnt/engg-niulab/yuyao/final_crop/s2_6time_legacy_center_zero_mask_32_to_224/all/GAO20201120t182953p0000-2/neg_12_x79_y246/s2_0.tif,/mnt/engg-niulab/yuyao/final_crop/s2_6time_legacy_center_zero_mask_32_to_224/all/GAO20201120t182953p0000-2/neg_12_x79_y246/s2_prev1.tif,/mnt/engg-niulab/yuyao/final_crop/s2_6time_legacy_center_zero_mask_32_to_224/all/GAO20201120t182953p0000-2/neg_12_x79_y246/s2_seasonal.tif,/mnt/engg-niulab/yuyao/final_crop/s2_6time_legacy_center_zero_mask_32_to_224/all/GAO20201120t182953p0000-2/neg_12_x79_y246/s2_year.tif
GAO20201120t182953p0000-2,dropped_missing_required_time_or_path,0,/mnt/engg-niulab/yuyao/final_crop/s2_6time_legacy_center_zero_mask_32/all/GAO20201120t182953p0000-2/neg_13_x369_y39,/mnt/engg-niulab/yuyao/final_crop/s2_6time_legacy_center_zero_mask_32/all/GAO20201120t182953p0000-2/neg_13_x369_y39,/mnt/engg-niulab/yuyao/final_crop/s2_6time_legacy_center_zero_mask_32_to_224/all/GAO20201120t182953p0000-2/neg_13_x369_y39/plume.tif,/mnt/engg-niulab/yuyao/final_crop/s2_6time_legacy_center_zero_mask_32_to_224/all/GAO20201120t182953p0000-2/neg_13_x369_y39/plume.tif,/mnt/engg-niulab/yuyao/final_crop/s2_6time_legacy_center_zero_mask_32_to_224/all/GAO20201120t182953p0000-2/neg_13_x369_y39/plume.tif,369,39,369,39,legacy_center_anchor,,37.87900568,-121.1859863,37.87900568,-121.1859863,2020-11-20T18:29:53+00,2020-11-20T18:57:11.024000Z,2020-11-15T18:56:49.024000Z,2020-11-10T18:56:21.024000Z,2020-11-05T18:55:59.024000Z,,,/mnt/engg-niulab/yuyao/final_crop/s2_6time_legacy_center_zero_mask_32_to_224/all/GAO20201120t182953p0000-2/neg_13_x369_y39/s2_0.tif,/mnt/engg-niulab/yuyao/final_crop/s2_6time_legacy_center_zero_mask_32_to_224/all/GAO20201120t182953p0000-2/neg_13_x369_y39/s2_prev1.tif,/mnt/engg-niulab/yuyao/final_crop/s2_6time_legacy_center_zero_mask_32_to_224/all/GAO20201120t182953p0000-2/neg_13_x369_y39/s2_prev2.tif,/mnt/engg-niulab/yuyao/final_crop/s2_6time_legacy_center_zero_mask_32_to_224/all/GAO20201120t182953p0000-2/neg_13_x369_y39/s2_prev3.tif,/mnt/engg-niulab/yuyao/final_crop/s2_6time_legacy_center_zero_mask_32_to_224/all/GAO20201120t182953p0000-2/neg_13_x369_y39/s2_seasonal.tif,/mnt/engg-niulab/yuyao/final_crop/s2_6time_legacy_center_zero_mask_32_to_224/all/GAO20201120t182953p0000-2/neg_13_x369_y39/s2_year.tif,/mnt/engg-niulab/yuyao/final_crop/s2_6time_legacy_center_zero_mask_32_to_224/all/GAO20201120t182953p0000-2/neg_13_x369_y39/s2_0.tif,/mnt/engg-niulab/yuyao/final_crop/s2_6time_legacy_center_zero_mask_32_to_224/all/GAO20201120t182953p0000-2/neg_13_x369_y39/s2_0.tif,/mnt/engg-niulab/yuyao/final_crop/s2_6time_legacy_center_zero_mask_32_to_224/all/GAO20201120t182953p0000-2/neg_13_x369_y39/s2_prev1.tif,/mnt/engg-niulab/yuyao/final_crop/s2_6time_legacy_center_zero_mask_32_to_224/all/GAO20201120t182953p0000-2/neg_13_x369_y39/s2_seasonal.tif,/mnt/engg-niulab/yuyao/final_crop/s2_6time_legacy_center_zero_mask_32_to_224/all/GAO20201120t182953p0000-2/neg_13_x369_y39/s2_year.tif
GAO20201120t182953p0000-2,dropped_missing_required_time_or_path,0,/mnt/engg-niulab/yuyao/final_crop/s2_6time_legacy_center_zero_mask_32/all/GAO20201120t182953p0000-2/neg_14_x0_y220,/mnt/engg-niulab/yuyao/final_crop/s2_6time_legacy_center_zero_mask_32/all/GAO20201120t182953p0000-2/neg_14_x0_y220,/mnt/engg-niulab/yuyao/final_crop/s2_6time_legacy_center_zero_mask_32_to_224/all/GAO20201120t182953p0000-2/neg_14_x0_y220/plume.tif,/mnt/engg-niulab/yuyao/final_crop/s2_6time_legacy_center_zero_mask_32_to_224/all/GAO20201120t182953p0000-2/neg_14_x0_y220/plume.tif,/mnt/engg-niulab/yuyao/final_crop/s2_6time_legacy_center_zero_mask_32_to_224/all/GAO20201120t182953p0000-2/neg_14_x0_y220/plume.tif,0,220,0,220,legacy_center_anchor,,37.87900568,-121.1859863,37.87900568,-121.1859863,2020-11-20T18:29:53+00,2020-11-20T18:57:11.024000Z,2020-11-15T18:56:49.024000Z,2020-11-10T18:56:21.024000Z,2020-11-05T18:55:59.024000Z,,,/mnt/engg-niulab/yuyao/final_crop/s2_6time_legacy_center_zero_mask_32_to_224/all/GAO20201120t182953p0000-2/neg_14_x0_y220/s2_0.tif,/mnt/engg-niulab/yuyao/final_crop/s2_6time_legacy_center_zero_mask_32_to_224/all/GAO20201120t182953p0000-2/neg_14_x0_y220/s2_prev1.tif,/mnt/engg-niulab/yuyao/final_crop/s2_6time_legacy_center_zero_mask_32_to_224/all/GAO20201120t182953p0000-2/neg_14_x0_y220/s2_prev2.tif,/mnt/engg-niulab/yuyao/final_crop/s2_6time_legacy_center_zero_mask_32_to_224/all/GAO20201120t182953p0000-2/neg_14_x0_y220/s2_prev3.tif,/mnt/engg-niulab/yuyao/final_crop/s2_6time_legacy_center_zero_mask_32_to_224/all/GAO20201120t182953p0000-2/neg_14_x0_y220/s2_seasonal.tif,/mnt/engg-niulab/yuyao/final_crop/s2_6time_legacy_center_zero_mask_32_to_224/all/GAO20201120t182953p0000-2/neg_14_x0_y220/s2_year.tif,/mnt/engg-niulab/yuyao/final_crop/s2_6time_legacy_center_zero_mask_32_to_224/all/GAO20201120t182953p0000-2/neg_14_x0_y220/s2_0.tif,/mnt/engg-niulab/yuyao/final_crop/s2_6time_legacy_center_zero_mask_32_to_224/all/GAO20201120t182953p0000-2/neg_14_x0_y220/s2_0.tif,/mnt/engg-niulab/yuyao/final_crop/s2_6time_legacy_center_zero_mask_32_to_224/all/GAO20201120t182953p0000-2/neg_14_x0_y220/s2_prev1.tif,/mnt/engg-niulab/yuyao/final_crop/s2_6time_legacy_center_zero_mask_32_to_224/all/GAO20201120t182953p0000-2/neg_14_x0_y220/s2_seasonal.tif,/mnt/engg-niulab/yuyao/final_crop/s2_6time_legacy_center_zero_mask_32_to_224/all/GAO20201120t182953p0000-2/neg_14_x0_y220/s2_year.tif
GAO20201120t182953p0000-2,dropped_missing_required_time_or_path,0,/mnt/engg-niulab/yuyao/final_crop/s2_6time_legacy_center_zero_mask_32/all/GAO20201120t182953p0000-2/neg_15_x38_y440,/mnt/engg-niulab/yuyao/final_crop/s2_6time_legacy_center_zero_mask_32/all/GAO20201120t182953p0000-2/neg_15_x38_y440,/mnt/engg-niulab/yuyao/final_crop/s2_6time_legacy_center_zero_mask_32_to_224/all/GAO20201120t182953p0000-2/neg_15_x38_y440/plume.tif,/mnt/engg-niulab/yuyao/final_crop/s2_6time_legacy_center_zero_mask_32_to_224/all/GAO20201120t182953p0000-2/neg_15_x38_y440/plume.tif,/mnt/engg-niulab/yuyao/final_crop/s2_6time_legacy_center_zero_mask_32_to_224/all/GAO20201120t182953p0000-2/neg_15_x38_y440/plume.tif,38,440,38,440,legacy_center_anchor,,37.87900568,-121.1859863,37.87900568,-121.1859863,2020-11-20T18:29:53+00,2020-11-20T18:57:11.024000Z,2020-11-15T18:56:49.024000Z,2020-11-10T18:56:21.024000Z,2020-11-05T18:55:59.024000Z,,,/mnt/engg-niulab/yuyao/final_crop/s2_6time_legacy_center_zero_mask_32_to_224/all/GAO20201120t182953p0000-2/neg_15_x38_y440/s2_0.tif,/mnt/engg-niulab/yuyao/final_crop/s2_6time_legacy_center_zero_mask_32_to_224/all/GAO20201120t182953p0000-2/neg_15_x38_y440/s2_prev1.tif,/mnt/engg-niulab/yuyao/final_crop/s2_6time_legacy_center_zero_mask_32_to_224/all/GAO20201120t182953p0000-2/neg_15_x38_y440/s2_prev2.tif,/mnt/engg-niulab/yuyao/final_crop/s2_6time_legacy_center_zero_mask_32_to_224/all/GAO20201120t182953p0000-2/neg_15_x38_y440/s2_prev3.tif,/mnt/engg-niulab/yuyao/final_crop/s2_6time_legacy_center_zero_mask_32_to_224/all/GAO20201120t182953p0000-2/neg_15_x38_y440/s2_seasonal.tif,/mnt/engg-niulab/yuyao/final_crop/s2_6time_legacy_center_zero_mask_32_to_224/all/GAO20201120t182953p0000-2/neg_15_x38_y440/s2_year.tif,/mnt/engg-niulab/yuyao/final_crop/s2_6time_legacy_center_zero_mask_32_to_224/all/GAO20201120t182953p0000-2/neg_15_x38_y440/s2_0.tif,/mnt/engg-niulab/yuyao/final_crop/s2_6time_legacy_center_zero_mask_32_to_224/all/GAO20201120t182953p0000-2/neg_15_x38_y440/s2_0.tif,/mnt/engg-niulab/yuyao/final_crop/s2_6time_legacy_center_zero_mask_32_to_224/all/GAO20201120t182953p0000-2/neg_15_x38_y440/s2_prev1.tif,/mnt/engg-niulab/yuyao/final_crop/s2_6time_legacy_center_zero_mask_32_to_224/all/GAO20201120t182953p0000-2/neg_15_x38_y440/s2_seasonal.tif,/mnt/engg-niulab/yuyao/final_crop/s2_6time_legacy_center_zero_mask_32_to_224/all/GAO20201120t182953p0000-2/neg_15_x38_y440/s2_year.tif
GAO20210720t174343p0000-A,dropped_missing_required_time_or_path,1,/mnt/engg-niulab/yuyao/final_crop/s2_6time_legacy_center_zero_mask_32/all/GAO20210720t174343p0000-A/pos_00_x226_y229,/mnt/engg-niulab/yuyao/final_crop/s2_6time_legacy_center_zero_mask_32/all/GAO20210720t174343p0000-A/pos_00_x226_y229,/mnt/engg-niulab/yuyao/final_crop/s2_6time_legacy_center_zero_mask_32_to_224/all/GAO20210720t174343p0000-A/pos_00_x226_y229/plume.tif,/mnt/engg-niulab/yuyao/final_crop/s2_6time_legacy_center_zero_mask_32_to_224/all/GAO20210720t174343p0000-A/pos_00_x226_y229/plume.tif,/mnt/engg-niulab/yuyao/final_crop/s2_6time_legacy_center_zero_mask_32_to_224/all/GAO20210720t174343p0000-A/pos_00_x226_y229/plume.tif,226,229,226,229,legacy_center_anchor,,40.4028972,-104.94279,40.4028972,-104.94279,2021-07-20T17:43:43+00,2021-07-20T17:49:11.024000Z,2021-07-17T17:39:11.024000Z,2021-07-15T17:49:09.024000Z,2021-07-12T17:39:09.024000Z,,,/mnt/engg-niulab/yuyao/final_crop/s2_6time_legacy_center_zero_mask_32_to_224/all/GAO20210720t174343p0000-A/pos_00_x226_y229/s2_0.tif,/mnt/engg-niulab/yuyao/final_crop/s2_6time_legacy_center_zero_mask_32_to_224/all/GAO20210720t174343p0000-A/pos_00_x226_y229/s2_prev1.tif,/mnt/engg-niulab/yuyao/final_crop/s2_6time_legacy_center_zero_mask_32_to_224/all/GAO20210720t174343p0000-A/pos_00_x226_y229/s2_prev2.tif,/mnt/engg-niulab/yuyao/final_crop/s2_6time_legacy_center_zero_mask_32_to_224/all/GAO20210720t174343p0000-A/pos_00_x226_y229/s2_prev3.tif,/mnt/engg-niulab/yuyao/final_crop/s2_6time_legacy_center_zero_mask_32_to_224/all/GAO20210720t174343p0000-A/pos_00_x226_y229/s2_seasonal.tif,/mnt/engg-niulab/yuyao/final_crop/s2_6time_legacy_center_zero_mask_32_to_224/all/GAO20210720t174343p0000-A/pos_00_x226_y229/s2_year.tif,/mnt/engg-niulab/yuyao/final_crop/s2_6time_legacy_center_zero_mask_32_to_224/all/GAO20210720t174343p0000-A/pos_00_x226_y229/s2_0.tif,/mnt/engg-niulab/yuyao/final_crop/s2_6time_legacy_center_zero_mask_32_to_224/all/GAO20210720t174343p0000-A/pos_00_x226_y229/s2_0.tif,/mnt/engg-niulab/yuyao/final_crop/s2_6time_legacy_center_zero_mask_32_to_224/all/GAO20210720t174343p0000-A/pos_00_x226_y229/s2_prev1.tif,/mnt/engg-niulab/yuyao/final_crop/s2_6time_legacy_center_zero_mask_32_to_224/all/GAO20210720t174343p0000-A/pos_00_x226_y229/s2_seasonal.tif,/mnt/engg-niulab/yuyao/final_crop/s2_6time_legacy_center_zero_mask_32_to_224/all/GAO20210720t174343p0000-A/pos_00_x226_y229/s2_year.tif
GAO20210720t174343p0000-A,dropped_missing_required_time_or_path,1,/mnt/engg-niulab/yuyao/final_crop/s2_6time_legacy_center_zero_mask_32/all/GAO20210720t174343p0000-A/pos_01_x246_y247,/mnt/engg-niulab/yuyao/final_crop/s2_6time_legacy_center_zero_mask_32/all/GAO20210720t174343p0000-A/pos_01_x246_y247,/mnt/engg-niulab/yuyao/final_crop/s2_6time_legacy_center_zero_mask_32_to_224/all/GAO20210720t174343p0000-A/pos_01_x246_y247/plume.tif,/mnt/engg-niulab/yuyao/final_crop/s2_6time_legacy_center_zero_mask_32_to_224/all/GAO20210720t174343p0000-A/pos_01_x246_y247/plume.tif,/mnt/engg-niulab/yuyao/final_crop/s2_6time_legacy_center_zero_mask_32_to_224/all/GAO20210720t174343p0000-A/pos_01_x246_y247/plume.tif,246,247,246,247,legacy_center_anchor,,40.4028972,-104.94279,40.4028972,-104.94279,2021-07-20T17:43:43+00,2021-07-20T17:49:11.024000Z,2021-07-17T17:39:11.024000Z,2021-07-15T17:49:09.024000Z,2021-07-12T17:39:09.024000Z,,,/mnt/engg-niulab/yuyao/final_crop/s2_6time_legacy_center_zero_mask_32_to_224/all/GAO20210720t174343p0000-A/pos_01_x246_y247/s2_0.tif,/mnt/engg-niulab/yuyao/final_crop/s2_6time_legacy_center_zero_mask_32_to_224/all/GAO20210720t174343p0000-A/pos_01_x246_y247/s2_prev1.tif,/mnt/engg-niulab/yuyao/final_crop/s2_6time_legacy_center_zero_mask_32_to_224/all/GAO20210720t174343p0000-A/pos_01_x246_y247/s2_prev2.tif,/mnt/engg-niulab/yuyao/final_crop/s2_6time_legacy_center_zero_mask_32_to_224/all/GAO20210720t174343p0000-A/pos_01_x246_y247/s2_prev3.tif,/mnt/engg-niulab/yuyao/final_crop/s2_6time_legacy_center_zero_mask_32_to_224/all/GAO20210720t174343p0000-A/pos_01_x246_y247/s2_seasonal.tif,/mnt/engg-niulab/yuyao/final_crop/s2_6time_legacy_center_zero_mask_32_to_224/all/GAO20210720t174343p0000-A/pos_01_x246_y247/s2_year.tif,/mnt/engg-niulab/yuyao/final_crop/s2_6time_legacy_center_zero_mask_32_to_224/all/GAO20210720t174343p0000-A/pos_01_x246_y247/s2_0.tif,/mnt/engg-niulab/yuyao/final_crop/s2_6time_legacy_center_zero_mask_32_to_224/all/GAO20210720t174343p0000-A/pos_01_x246_y247/s2_0.tif,/mnt/engg-niulab/yuyao/final_crop/s2_6time_legacy_center_zero_mask_32_to_224/all/GAO20210720t174343p0000-A/pos_01_x246_y247/s2_prev1.tif,/mnt/engg-niulab/yuyao/final_crop/s2_6time_legacy_center_zero_mask_32_to_224/all/GAO20210720t174343p0000-A/pos_01_x246_y247/s2_seasonal.tif,/mnt/engg-niulab/yuyao/final_crop/s2_6time_legacy_center_zero_mask_32_to_224/all/GAO20210720t174343p0000-A/pos_01_x246_y247/s2_year.tif
GAO20210720t174343p0000-A,dropped_missing_required_time_or_path,1,/mnt/engg-niulab/yuyao/final_crop/s2_6time_legacy_center_zero_mask_32/all/GAO20210720t174343p0000-A/pos_02_x226_y228,/mnt/engg-niulab/yuyao/final_crop/s2_6time_legacy_center_zero_mask_32/all/GAO20210720t174343p0000-A/pos_02_x226_y228,/mnt/engg-niulab/yuyao/final_crop/s2_6time_legacy_center_zero_mask_32_to_224/all/GAO20210720t174343p0000-A/pos_02_x226_y228/plume.tif,/mnt/engg-niulab/yuyao/final_crop/s2_6time_legacy_center_zero_mask_32_to_224/all/GAO20210720t174343p0000-A/pos_02_x226_y228/plume.tif,/mnt/engg-niulab/yuyao/final_crop/s2_6time_legacy_center_zero_mask_32_to_224/all/GAO20210720t174343p0000-A/pos_02_x226_y228/plume.tif,226,228,226,228,legacy_center_anchor,,40.4028972,-104.94279,40.4028972,-104.94279,2021-07-20T17:43:43+00,2021-07-20T17:49:11.024000Z,2021-07-17T17:39:11.024000Z,2021-07-15T17:49:09.024000Z,2021-07-12T17:39:09.024000Z,,,/mnt/engg-niulab/yuyao/final_crop/s2_6time_legacy_center_zero_mask_32_to_224/all/GAO20210720t174343p0000-A/pos_02_x226_y228/s2_0.tif,/mnt/engg-niulab/yuyao/final_crop/s2_6time_legacy_center_zero_mask_32_to_224/all/GAO20210720t174343p0000-A/pos_02_x226_y228/s2_prev1.tif,/mnt/engg-niulab/yuyao/final_crop/s2_6time_legacy_center_zero_mask_32_to_224/all/GAO20210720t174343p0000-A/pos_02_x226_y228/s2_prev2.tif,/mnt/engg-niulab/yuyao/final_crop/s2_6time_legacy_center_zero_mask_32_to_224/all/GAO20210720t174343p0000-A/pos_02_x226_y228/s2_prev3.tif,/mnt/engg-niulab/yuyao/final_crop/s2_6time_legacy_center_zero_mask_32_to_224/all/GAO20210720t174343p0000-A/pos_02_x226_y228/s2_seasonal.tif,/mnt/engg-niulab/yuyao/final_crop/s2_6time_legacy_center_zero_mask_32_to_224/all/GAO20210720t174343p0000-A/pos_02_x226_y228/s2_year.tif,/mnt/engg-niulab/yuyao/final_crop/s2_6time_legacy_center_zero_mask_32_to_224/all/GAO20210720t174343p0000-A/pos_02_x226_y228/s2_0.tif,/mnt/engg-niulab/yuyao/final_crop/s2_6time_legacy_center_zero_mask_32_to_224/all/GAO20210720t174343p0000-A/pos_02_x226_y228/s2_0.tif,/mnt/engg-niulab/yuyao/final_crop/s2_6time_legacy_center_zero_mask_32_to_224/all/GAO20210720t174343p0000-A/pos_02_x226_y228/s2_prev1.tif,/mnt/engg-niulab/yuyao/final_crop/s2_6time_legacy_center_zero_mask_32_to_224/all/GAO20210720t174343p0000-A/pos_02_x226_y228/s2_seasonal.tif,/mnt/engg-niulab/yuyao/final_crop/s2_6time_legacy_center_zero_mask_32_to_224/all/GAO20210720t174343p0000-A/pos_02_x226_y228/s2_year.tif
GAO20210720t174343p0000-A,dropped_missing_required_time_or_path,1,/mnt/engg-niulab/yuyao/final_crop/s2_6time_legacy_center_zero_mask_32/all/GAO20210720t174343p0000-A/pos_03_x236_y231,/mnt/engg-niulab/yuyao/final_crop/s2_6time_legacy_center_zero_mask_32/all/GAO20210720t174343p0000-A/pos_03_x236_y231,/mnt/engg-niulab/yuyao/final_crop/s2_6time_legacy_center_zero_mask_32_to_224/all/GAO20210720t174343p0000-A/pos_03_x236_y231/plume.tif,/mnt/engg-niulab/yuyao/final_crop/s2_6time_legacy_center_zero_mask_32_to_224/all/GAO20210720t174343p0000-A/pos_03_x236_y231/plume.tif,/mnt/engg-niulab/yuyao/final_crop/s2_6time_legacy_center_zero_mask_32_to_224/all/GAO20210720t174343p0000-A/pos_03_x236_y231/plume.tif,236,231,236,231,legacy_center_anchor,,40.4028972,-104.94279,40.4028972,-104.94279,2021-07-20T17:43:43+00,2021-07-20T17:49:11.024000Z,2021-07-17T17:39:11.024000Z,2021-07-15T17:49:09.024000Z,2021-07-12T17:39:09.024000Z,,,/mnt/engg-niulab/yuyao/final_crop/s2_6time_legacy_center_zero_mask_32_to_224/all/GAO20210720t174343p0000-A/pos_03_x236_y231/s2_0.tif,/mnt/engg-niulab/yuyao/final_crop/s2_6time_legacy_center_zero_mask_32_to_224/all/GAO20210720t174343p0000-A/pos_03_x236_y231/s2_prev1.tif,/mnt/engg-niulab/yuyao/final_crop/s2_6time_legacy_center_zero_mask_32_to_224/all/GAO20210720t174343p0000-A/pos_03_x236_y231/s2_prev2.tif,/mnt/engg-niulab/yuyao/final_crop/s2_6time_legacy_center_zero_mask_32_to_224/all/GAO20210720t174343p0000-A/pos_03_x236_y231/s2_prev3.tif,/mnt/engg-niulab/yuyao/final_crop/s2_6time_legacy_center_zero_mask_32_to_224/all/GAO20210720t174343p0000-A/pos_03_x236_y231/s2_seasonal.tif,/mnt/engg-niulab/yuyao/final_crop/s2_6time_legacy_center_zero_mask_32_to_224/all/GAO20210720t174343p0000-A/pos_03_x236_y231/s2_year.tif,/mnt/engg-niulab/yuyao/final_crop/s2_6time_legacy_center_zero_mask_32_to_224/all/GAO20210720t174343p0000-A/pos_03_x236_y231/s2_0.tif,/mnt/engg-niulab/yuyao/final_crop/s2_6time_legacy_center_zero_mask_32_to_224/all/GAO20210720t174343p0000-A/pos_03_x236_y231/s2_0.tif,/mnt/engg-niulab/yuyao/final_crop/s2_6time_legacy_center_zero_mask_32_to_224/all/GAO20210720t174343p0000-A/pos_03_x236_y231/s2_prev1.tif,/mnt/engg-niulab/yuyao/final_crop/s2_6time_legacy_center_zero_mask_32_to_224/all/GAO20210720t174343p0000-A/pos_03_x236_y231/s2_seasonal.tif,/mnt/engg-niulab/yuyao/final_crop/s2_6time_legacy_center_zero_mask_32_to_224/all/GAO20210720t174343p0000-A/pos_03_x236_y231/s2_year.tif
GAO20210720t174343p0000-A,dropped_missing_required_time_or_path,1,/mnt/engg-niulab/yuyao/final_crop/s2_6time_legacy_center_zero_mask_32/all/GAO20210720t174343p0000-A/pos_04_x229_y233,/mnt/engg-niulab/yuyao/final_crop/s2_6time_legacy_center_zero_mask_32/all/GAO20210720t174343p0000-A/pos_04_x229_y233,/mnt/engg-niulab/yuyao/final_crop/s2_6time_legacy_center_zero_mask_32_to_224/all/GAO20210720t174343p0000-A/pos_04_x229_y233/plume.tif,/mnt/engg-niulab/yuyao/final_crop/s2_6time_legacy_center_zero_mask_32_to_224/all/GAO20210720t174343p0000-A/pos_04_x229_y233/plume.tif,/mnt/engg-niulab/yuyao/final_crop/s2_6time_legacy_center_zero_mask_32_to_224/all/GAO20210720t174343p0000-A/pos_04_x229_y233/plume.tif,229,233,229,233,legacy_center_anchor,,40.4028972,-104.94279,40.4028972,-104.94279,2021-07-20T17:43:43+00,2021-07-20T17:49:11.024000Z,2021-07-17T17:39:11.024000Z,2021-07-15T17:49:09.024000Z,2021-07-12T17:39:09.024000Z,,,/mnt/engg-niulab/yuyao/final_crop/s2_6time_legacy_center_zero_mask_32_to_224/all/GAO20210720t174343p0000-A/pos_04_x229_y233/s2_0.tif,/mnt/engg-niulab/yuyao/final_crop/s2_6time_legacy_center_zero_mask_32_to_224/all/GAO20210720t174343p0000-A/pos_04_x229_y233/s2_prev1.tif,/mnt/engg-niulab/yuyao/final_crop/s2_6time_legacy_center_zero_mask_32_to_224/all/GAO20210720t174343p0000-A/pos_04_x229_y233/s2_prev2.tif,/mnt/engg-niulab/yuyao/final_crop/s2_6time_legacy_center_zero_mask_32_to_224/all/GAO20210720t174343p0000-A/pos_04_x229_y233/s2_prev3.tif,/mnt/engg-niulab/yuyao/final_crop/s2_6time_legacy_center_zero_mask_32_to_224/all/GAO20210720t174343p0000-A/pos_04_x229_y233/s2_seasonal.tif,/mnt/engg-niulab/yuyao/final_crop/s2_6time_legacy_center_zero_mask_32_to_224/all/GAO20210720t174343p0000-A/pos_04_x229_y233/s2_year.tif,/mnt/engg-niulab/yuyao/final_crop/s2_6time_legacy_center_zero_mask_32_to_224/all/GAO20210720t174343p0000-A/pos_04_x229_y233/s2_0.tif,/mnt/engg-niulab/yuyao/final_crop/s2_6time_legacy_center_zero_mask_32_to_224/all/GAO20210720t174343p0000-A/pos_04_x229_y233/s2_0.tif,/mnt/engg-niulab/yuyao/final_crop/s2_6time_legacy_center_zero_mask_32_to_224/all/GAO20210720t174343p0000-A/pos_04_x229_y233/s2_prev1.tif,/mnt/engg-niulab/yuyao/final_crop/s2_6time_legacy_center_zero_mask_32_to_224/all/GAO20210720t174343p0000-A/pos_04_x229_y233/s2_seasonal.tif,/mnt/engg-niulab/yuyao/final_crop/s2_6time_legacy_center_zero_mask_32_to_224/all/GAO20210720t174343p0000-A/pos_04_x229_y233/s2_year.tif
GAO20210720t174343p0000-A,dropped_missing_required_time_or_path,1,/mnt/engg-niulab/yuyao/final_crop/s2_6time_legacy_center_zero_mask_32/all/GAO20210720t174343p0000-A/pos_05_x229_y241,/mnt/engg-niulab/yuyao/final_crop/s2_6time_legacy_center_zero_mask_32/all/GAO20210720t174343p0000-A/pos_05_x229_y241,/mnt/engg-niulab/yuyao/final_crop/s2_6time_legacy_center_zero_mask_32_to_224/all/GAO20210720t174343p0000-A/pos_05_x229_y241/plume.tif,/mnt/engg-niulab/yuyao/final_crop/s2_6time_legacy_center_zero_mask_32_to_224/all/GAO20210720t174343p0000-A/pos_05_x229_y241/plume.tif,/mnt/engg-niulab/yuyao/final_crop/s2_6time_legacy_center_zero_mask_32_to_224/all/GAO20210720t174343p0000-A/pos_05_x229_y241/plume.tif,229,241,229,241,legacy_center_anchor,,40.4028972,-104.94279,40.4028972,-104.94279,2021-07-20T17:43:43+00,2021-07-20T17:49:11.024000Z,2021-07-17T17:39:11.024000Z,2021-07-15T17:49:09.024000Z,2021-07-12T17:39:09.024000Z,,,/mnt/engg-niulab/yuyao/final_crop/s2_6time_legacy_center_zero_mask_32_to_224/all/GAO20210720t174343p0000-A/pos_05_x229_y241/s2_0.tif,/mnt/engg-niulab/yuyao/final_crop/s2_6time_legacy_center_zero_mask_32_to_224/all/GAO20210720t174343p0000-A/pos_05_x229_y241/s2_prev1.tif,/mnt/engg-niulab/yuyao/final_crop/s2_6time_legacy_center_zero_mask_32_to_224/all/GAO20210720t174343p0000-A/pos_05_x229_y241/s2_prev2.tif,/mnt/engg-niulab/yuyao/final_crop/s2_6time_legacy_center_zero_mask_32_to_224/all/GAO20210720t174343p0000-A/pos_05_x229_y241/s2_prev3.tif,/mnt/engg-niulab/yuyao/final_crop/s2_6time_legacy_center_zero_mask_32_to_224/all/GAO20210720t174343p0000-A/pos_05_x229_y241/s2_seasonal.tif,/mnt/engg-niulab/yuyao/final_crop/s2_6time_legacy_center_zero_mask_32_to_224/all/GAO20210720t174343p0000-A/pos_05_x229_y241/s2_year.tif,/mnt/engg-niulab/yuyao/final_crop/s2_6time_legacy_center_zero_mask_32_to_224/all/GAO20210720t174343p0000-A/pos_05_x229_y241/s2_0.tif,/mnt/engg-niulab/yuyao/final_crop/s2_6time_legacy_center_zero_mask_32_to_224/all/GAO20210720t174343p0000-A/pos_05_x229_y241/s2_0.tif,/mnt/engg-niulab/yuyao/final_crop/s2_6time_legacy_center_zero_mask_32_to_224/all/GAO20210720t174343p0000-A/pos_05_x229_y241/s2_prev1.tif,/mnt/engg-niulab/yuyao/final_crop/s2_6time_legacy_center_zero_mask_32_to_224/all/GAO20210720t174343p0000-A/pos_05_x229_y241/s2_seasonal.tif,/mnt/engg-niulab/yuyao/final_crop/s2_6time_legacy_center_zero_mask_32_to_224/all/GAO20210720t174343p0000-A/pos_05_x229_y241/s2_year.tif
GAO20210720t174343p0000-A,dropped_missing_required_time_or_path,1,/mnt/engg-niulab/yuyao/final_crop/s2_6time_legacy_center_zero_mask_32/all/GAO20210720t174343p0000-A/pos_06_x246_y248,/mnt/engg-niulab/yuyao/final_crop/s2_6time_legacy_center_zero_mask_32/all/GAO20210720t174343p0000-A/pos_06_x246_y248,/mnt/engg-niulab/yuyao/final_crop/s2_6time_legacy_center_zero_mask_32_to_224/all/GAO20210720t174343p0000-A/pos_06_x246_y248/plume.tif,/mnt/engg-niulab/yuyao/final_crop/s2_6time_legacy_center_zero_mask_32_to_224/all/GAO20210720t174343p0000-A/pos_06_x246_y248/plume.tif,/mnt/engg-niulab/yuyao/final_crop/s2_6time_legacy_center_zero_mask_32_to_224/all/GAO20210720t174343p0000-A/pos_06_x246_y248/plume.tif,246,248,246,248,legacy_center_anchor,,40.4028972,-104.94279,40.4028972,-104.94279,2021-07-20T17:43:43+00,2021-07-20T17:49:11.024000Z,2021-07-17T17:39:11.024000Z,2021-07-15T17:49:09.024000Z,2021-07-12T17:39:09.024000Z,,,/mnt/engg-niulab/yuyao/final_crop/s2_6time_legacy_center_zero_mask_32_to_224/all/GAO20210720t174343p0000-A/pos_06_x246_y248/s2_0.tif,/mnt/engg-niulab/yuyao/final_crop/s2_6time_legacy_center_zero_mask_32_to_224/all/GAO20210720t174343p0000-A/pos_06_x246_y248/s2_prev1.tif,/mnt/engg-niulab/yuyao/final_crop/s2_6time_legacy_center_zero_mask_32_to_224/all/GAO20210720t174343p0000-A/pos_06_x246_y248/s2_prev2.tif,/mnt/engg-niulab/yuyao/final_crop/s2_6time_legacy_center_zero_mask_32_to_224/all/GAO20210720t174343p0000-A/pos_06_x246_y248/s2_prev3.tif,/mnt/engg-niulab/yuyao/final_crop/s2_6time_legacy_center_zero_mask_32_to_224/all/GAO20210720t174343p0000-A/pos_06_x246_y248/s2_seasonal.tif,/mnt/engg-niulab/yuyao/final_crop/s2_6time_legacy_center_zero_mask_32_to_224/all/GAO20210720t174343p0000-A/pos_06_x246_y248/s2_year.tif,/mnt/engg-niulab/yuyao/final_crop/s2_6time_legacy_center_zero_mask_32_to_224/all/GAO20210720t174343p0000-A/pos_06_x246_y248/s2_0.tif,/mnt/engg-niulab/yuyao/final_crop/s2_6time_legacy_center_zero_mask_32_to_224/all/GAO20210720t174343p0000-A/pos_06_x246_y248/s2_0.tif,/mnt/engg-niulab/yuyao/final_crop/s2_6time_legacy_center_zero_mask_32_to_224/all/GAO20210720t174343p0000-A/pos_06_x246_y248/s2_prev1.tif,/mnt/engg-niulab/yuyao/final_crop/s2_6time_legacy_center_zero_mask_32_to_224/all/GAO20210720t174343p0000-A/pos_06_x246_y248/s2_seasonal.tif,/mnt/engg-niulab/yuyao/final_crop/s2_6time_legacy_center_zero_mask_32_to_224/all/GAO20210720t174343p0000-A/pos_06_x246_y248/s2_year.tif
GAO20210720t174343p0000-A,dropped_missing_required_time_or_path,1,/mnt/engg-niulab/yuyao/final_crop/s2_6time_legacy_center_zero_mask_32/all/GAO20210720t174343p0000-A/pos_07_x237_y238,/mnt/engg-niulab/yuyao/final_crop/s2_6time_legacy_center_zero_mask_32/all/GAO20210720t174343p0000-A/pos_07_x237_y238,/mnt/engg-niulab/yuyao/final_crop/s2_6time_legacy_center_zero_mask_32_to_224/all/GAO20210720t174343p0000-A/pos_07_x237_y238/plume.tif,/mnt/engg-niulab/yuyao/final_crop/s2_6time_legacy_center_zero_mask_32_to_224/all/GAO20210720t174343p0000-A/pos_07_x237_y238/plume.tif,/mnt/engg-niulab/yuyao/final_crop/s2_6time_legacy_center_zero_mask_32_to_224/all/GAO20210720t174343p0000-A/pos_07_x237_y238/plume.tif,237,238,237,238,legacy_center_anchor,,40.4028972,-104.94279,40.4028972,-104.94279,2021-07-20T17:43:43+00,2021-07-20T17:49:11.024000Z,2021-07-17T17:39:11.024000Z,2021-07-15T17:49:09.024000Z,2021-07-12T17:39:09.024000Z,,,/mnt/engg-niulab/yuyao/final_crop/s2_6time_legacy_center_zero_mask_32_to_224/all/GAO20210720t174343p0000-A/pos_07_x237_y238/s2_0.tif,/mnt/engg-niulab/yuyao/final_crop/s2_6time_legacy_center_zero_mask_32_to_224/all/GAO20210720t174343p0000-A/pos_07_x237_y238/s2_prev1.tif,/mnt/engg-niulab/yuyao/final_crop/s2_6time_legacy_center_zero_mask_32_to_224/all/GAO20210720t174343p0000-A/pos_07_x237_y238/s2_prev2.tif,/mnt/engg-niulab/yuyao/final_crop/s2_6time_legacy_center_zero_mask_32_to_224/all/GAO20210720t174343p0000-A/pos_07_x237_y238/s2_prev3.tif,/mnt/engg-niulab/yuyao/final_crop/s2_6time_legacy_center_zero_mask_32_to_224/all/GAO20210720t174343p0000-A/pos_07_x237_y238/s2_seasonal.tif,/mnt/engg-niulab/yuyao/final_crop/s2_6time_legacy_center_zero_mask_32_to_224/all/GAO20210720t174343p0000-A/pos_07_x237_y238/s2_year.tif,/mnt/engg-niulab/yuyao/final_crop/s2_6time_legacy_center_zero_mask_32_to_224/all/GAO20210720t174343p0000-A/pos_07_x237_y238/s2_0.tif,/mnt/engg-niulab/yuyao/final_crop/s2_6time_legacy_center_zero_mask_32_to_224/all/GAO20210720t174343p0000-A/pos_07_x237_y238/s2_0.tif,/mnt/engg-niulab/yuyao/final_crop/s2_6time_legacy_center_zero_mask_32_to_224/all/GAO20210720t174343p0000-A/pos_07_x237_y238/s2_prev1.tif,/mnt/engg-niulab/yuyao/final_crop/s2_6time_legacy_center_zero_mask_32_to_224/all/GAO20210720t174343p0000-A/pos_07_x237_y238/s2_seasonal.tif,/mnt/engg-niulab/yuyao/final_crop/s2_6time_legacy_center_zero_mask_32_to_224/all/GAO20210720t174343p0000-A/pos_07_x237_y238/s2_year.tif
GAO20210720t174343p0000-A,dropped_missing_required_time_or_path,1,/mnt/engg-niulab/yuyao/final_crop/s2_6time_legacy_center_zero_mask_32/all/GAO20210720t174343p0000-A/pos_08_x240_y252,/mnt/engg-niulab/yuyao/final_crop/s2_6time_legacy_center_zero_mask_32/all/GAO20210720t174343p0000-A/pos_08_x240_y252,/mnt/engg-niulab/yuyao/final_crop/s2_6time_legacy_center_zero_mask_32_to_224/all/GAO20210720t174343p0000-A/pos_08_x240_y252/plume.tif,/mnt/engg-niulab/yuyao/final_crop/s2_6time_legacy_center_zero_mask_32_to_224/all/GAO20210720t174343p0000-A/pos_08_x240_y252/plume.tif,/mnt/engg-niulab/yuyao/final_crop/s2_6time_legacy_center_zero_mask_32_to_224/all/GAO20210720t174343p0000-A/pos_08_x240_y252/plume.tif,240,252,240,252,legacy_center_anchor,,40.4028972,-104.94279,40.4028972,-104.94279,2021-07-20T17:43:43+00,2021-07-20T17:49:11.024000Z,2021-07-17T17:39:11.024000Z,2021-07-15T17:49:09.024000Z,2021-07-12T17:39:09.024000Z,,,/mnt/engg-niulab/yuyao/final_crop/s2_6time_legacy_center_zero_mask_32_to_224/all/GAO20210720t174343p0000-A/pos_08_x240_y252/s2_0.tif,/mnt/engg-niulab/yuyao/final_crop/s2_6time_legacy_center_zero_mask_32_to_224/all/GAO20210720t174343p0000-A/pos_08_x240_y252/s2_prev1.tif,/mnt/engg-niulab/yuyao/final_crop/s2_6time_legacy_center_zero_mask_32_to_224/all/GAO20210720t174343p0000-A/pos_08_x240_y252/s2_prev2.tif,/mnt/engg-niulab/yuyao/final_crop/s2_6time_legacy_center_zero_mask_32_to_224/all/GAO20210720t174343p0000-A/pos_08_x240_y252/s2_prev3.tif,/mnt/engg-niulab/yuyao/final_crop/s2_6time_legacy_center_zero_mask_32_to_224/all/GAO20210720t174343p0000-A/pos_08_x240_y252/s2_seasonal.tif,/mnt/engg-niulab/yuyao/final_crop/s2_6time_legacy_center_zero_mask_32_to_224/all/GAO20210720t174343p0000-A/pos_08_x240_y252/s2_year.tif,/mnt/engg-niulab/yuyao/final_crop/s2_6time_legacy_center_zero_mask_32_to_224/all/GAO20210720t174343p0000-A/pos_08_x240_y252/s2_0.tif,/mnt/engg-niulab/yuyao/final_crop/s2_6time_legacy_center_zero_mask_32_to_224/all/GAO20210720t174343p0000-A/pos_08_x240_y252/s2_0.tif,/mnt/engg-niulab/yuyao/final_crop/s2_6time_legacy_center_zero_mask_32_to_224/all/GAO20210720t174343p0000-A/pos_08_x240_y252/s2_prev1.tif,/mnt/engg-niulab/yuyao/final_crop/s2_6time_legacy_center_zero_mask_32_to_224/all/GAO20210720t174343p0000-A/pos_08_x240_y252/s2_seasonal.tif,/mnt/engg-niulab/yuyao/final_crop/s2_6time_legacy_center_zero_mask_32_to_224/all/GAO20210720t174343p0000-A/pos_08_x240_y252/s2_year.tif
GAO20210720t174343p0000-A,dropped_missing_required_time_or_path,1,/mnt/engg-niulab/yuyao/final_crop/s2_6time_legacy_center_zero_mask_32/all/GAO20210720t174343p0000-A/pos_09_x233_y230,/mnt/engg-niulab/yuyao/final_crop/s2_6time_legacy_center_zero_mask_32/all/GAO20210720t174343p0000-A/pos_09_x233_y230,/mnt/engg-niulab/yuyao/final_crop/s2_6time_legacy_center_zero_mask_32_to_224/all/GAO20210720t174343p0000-A/pos_09_x233_y230/plume.tif,/mnt/engg-niulab/yuyao/final_crop/s2_6time_legacy_center_zero_mask_32_to_224/all/GAO20210720t174343p0000-A/pos_09_x233_y230/plume.tif,/mnt/engg-niulab/yuyao/final_crop/s2_6time_legacy_center_zero_mask_32_to_224/all/GAO20210720t174343p0000-A/pos_09_x233_y230/plume.tif,233,230,233,230,legacy_center_anchor,,40.4028972,-104.94279,40.4028972,-104.94279,2021-07-20T17:43:43+00,2021-07-20T17:49:11.024000Z,2021-07-17T17:39:11.024000Z,2021-07-15T17:49:09.024000Z,2021-07-12T17:39:09.024000Z,,,/mnt/engg-niulab/yuyao/final_crop/s2_6time_legacy_center_zero_mask_32_to_224/all/GAO20210720t174343p0000-A/pos_09_x233_y230/s2_0.tif,/mnt/engg-niulab/yuyao/final_crop/s2_6time_legacy_center_zero_mask_32_to_224/all/GAO20210720t174343p0000-A/pos_09_x233_y230/s2_prev1.tif,/mnt/engg-niulab/yuyao/final_crop/s2_6time_legacy_center_zero_mask_32_to_224/all/GAO20210720t174343p0000-A/pos_09_x233_y230/s2_prev2.tif,/mnt/engg-niulab/yuyao/final_crop/s2_6time_legacy_center_zero_mask_32_to_224/all/GAO20210720t174343p0000-A/pos_09_x233_y230/s2_prev3.tif,/mnt/engg-niulab/yuyao/final_crop/s2_6time_legacy_center_zero_mask_32_to_224/all/GAO20210720t174343p0000-A/pos_09_x233_y230/s2_seasonal.tif,/mnt/engg-niulab/yuyao/final_crop/s2_6time_legacy_center_zero_mask_32_to_224/all/GAO20210720t174343p0000-A/pos_09_x233_y230/s2_year.tif,/mnt/engg-niulab/yuyao/final_crop/s2_6time_legacy_center_zero_mask_32_to_224/all/GAO20210720t174343p0000-A/pos_09_x233_y230/s2_0.tif,/mnt/engg-niulab/yuyao/final_crop/s2_6time_legacy_center_zero_mask_32_to_224/all/GAO20210720t174343p0000-A/pos_09_x233_y230/s2_0.tif,/mnt/engg-niulab/yuyao/final_crop/s2_6time_legacy_center_zero_mask_32_to_224/all/GAO20210720t174343p0000-A/pos_09_x233_y230/s2_prev1.tif,/mnt/engg-niulab/yuyao/final_crop/s2_6time_legacy_center_zero_mask_32_to_224/all/GAO20210720t174343p0000-A/pos_09_x233_y230/s2_seasonal.tif,/mnt/engg-niulab/yuyao/final_crop/s2_6time_legacy_center_zero_mask_32_to_224/all/GAO20210720t174343p0000-A/pos_09_x233_y230/s2_year.tif
GAO20210720t174343p0000-A,dropped_missing_required_time_or_path,1,/mnt/engg-niulab/yuyao/final_crop/s2_6time_legacy_center_zero_mask_32/all/GAO20210720t174343p0000-A/pos_10_x229_y247,/mnt/engg-niulab/yuyao/final_crop/s2_6time_legacy_center_zero_mask_32/all/GAO20210720t174343p0000-A/pos_10_x229_y247,/mnt/engg-niulab/yuyao/final_crop/s2_6time_legacy_center_zero_mask_32_to_224/all/GAO20210720t174343p0000-A/pos_10_x229_y247/plume.tif,/mnt/engg-niulab/yuyao/final_crop/s2_6time_legacy_center_zero_mask_32_to_224/all/GAO20210720t174343p0000-A/pos_10_x229_y247/plume.tif,/mnt/engg-niulab/yuyao/final_crop/s2_6time_legacy_center_zero_mask_32_to_224/all/GAO20210720t174343p0000-A/pos_10_x229_y247/plume.tif,229,247,229,247,legacy_center_anchor,,40.4028972,-104.94279,40.4028972,-104.94279,2021-07-20T17:43:43+00,2021-07-20T17:49:11.024000Z,2021-07-17T17:39:11.024000Z,2021-07-15T17:49:09.024000Z,2021-07-12T17:39:09.024000Z,,,/mnt/engg-niulab/yuyao/final_crop/s2_6time_legacy_center_zero_mask_32_to_224/all/GAO20210720t174343p0000-A/pos_10_x229_y247/s2_0.tif,/mnt/engg-niulab/yuyao/final_crop/s2_6time_legacy_center_zero_mask_32_to_224/all/GAO20210720t174343p0000-A/pos_10_x229_y247/s2_prev1.tif,/mnt/engg-niulab/yuyao/final_crop/s2_6time_legacy_center_zero_mask_32_to_224/all/GAO20210720t174343p0000-A/pos_10_x229_y247/s2_prev2.tif,/mnt/engg-niulab/yuyao/final_crop/s2_6time_legacy_center_zero_mask_32_to_224/all/GAO20210720t174343p0000-A/pos_10_x229_y247/s2_prev3.tif,/mnt/engg-niulab/yuyao/final_crop/s2_6time_legacy_center_zero_mask_32_to_224/all/GAO20210720t174343p0000-A/pos_10_x229_y247/s2_seasonal.tif,/mnt/engg-niulab/yuyao/final_crop/s2_6time_legacy_center_zero_mask_32_to_224/all/GAO20210720t174343p0000-A/pos_10_x229_y247/s2_year.tif,/mnt/engg-niulab/yuyao/final_crop/s2_6time_legacy_center_zero_mask_32_to_224/all/GAO20210720t174343p0000-A/pos_10_x229_y247/s2_0.tif,/mnt/engg-niulab/yuyao/final_crop/s2_6time_legacy_center_zero_mask_32_to_224/all/GAO20210720t174343p0000-A/pos_10_x229_y247/s2_0.tif,/mnt/engg-niulab/yuyao/final_crop/s2_6time_legacy_center_zero_mask_32_to_224/all/GAO20210720t174343p0000-A/pos_10_x229_y247/s2_prev1.tif,/mnt/engg-niulab/yuyao/final_crop/s2_6time_legacy_center_zero_mask_32_to_224/all/GAO20210720t174343p0000-A/pos_10_x229_y247/s2_seasonal.tif,/mnt/engg-niulab/yuyao/final_crop/s2_6time_legacy_center_zero_mask_32_to_224/all/GAO20210720t174343p0000-A/pos_10_x229_y247/s2_year.tif
GAO20210720t174343p0000-A,dropped_missing_required_time_or_path,1,/mnt/engg-niulab/yuyao/final_crop/s2_6time_legacy_center_zero_mask_32/all/GAO20210720t174343p0000-A/pos_11_x250_y241,/mnt/engg-niulab/yuyao/final_crop/s2_6time_legacy_center_zero_mask_32/all/GAO20210720t174343p0000-A/pos_11_x250_y241,/mnt/engg-niulab/yuyao/final_crop/s2_6time_legacy_center_zero_mask_32_to_224/all/GAO20210720t174343p0000-A/pos_11_x250_y241/plume.tif,/mnt/engg-niulab/yuyao/final_crop/s2_6time_legacy_center_zero_mask_32_to_224/all/GAO20210720t174343p0000-A/pos_11_x250_y241/plume.tif,/mnt/engg-niulab/yuyao/final_crop/s2_6time_legacy_center_zero_mask_32_to_224/all/GAO20210720t174343p0000-A/pos_11_x250_y241/plume.tif,250,241,250,241,legacy_center_anchor,,40.4028972,-104.94279,40.4028972,-104.94279,2021-07-20T17:43:43+00,2021-07-20T17:49:11.024000Z,2021-07-17T17:39:11.024000Z,2021-07-15T17:49:09.024000Z,2021-07-12T17:39:09.024000Z,,,/mnt/engg-niulab/yuyao/final_crop/s2_6time_legacy_center_zero_mask_32_to_224/all/GAO20210720t174343p0000-A/pos_11_x250_y241/s2_0.tif,/mnt/engg-niulab/yuyao/final_crop/s2_6time_legacy_center_zero_mask_32_to_224/all/GAO20210720t174343p0000-A/pos_11_x250_y241/s2_prev1.tif,/mnt/engg-niulab/yuyao/final_crop/s2_6time_legacy_center_zero_mask_32_to_224/all/GAO20210720t174343p0000-A/pos_11_x250_y241/s2_prev2.tif,/mnt/engg-niulab/yuyao/final_crop/s2_6time_legacy_center_zero_mask_32_to_224/all/GAO20210720t174343p0000-A/pos_11_x250_y241/s2_prev3.tif,/mnt/engg-niulab/yuyao/final_crop/s2_6time_legacy_center_zero_mask_32_to_224/all/GAO20210720t174343p0000-A/pos_11_x250_y241/s2_seasonal.tif,/mnt/engg-niulab/yuyao/final_crop/s2_6time_legacy_center_zero_mask_32_to_224/all/GAO20210720t174343p0000-A/pos_11_x250_y241/s2_year.tif,/mnt/engg-niulab/yuyao/final_crop/s2_6time_legacy_center_zero_mask_32_to_224/all/GAO20210720t174343p0000-A/pos_11_x250_y241/s2_0.tif,/mnt/engg-niulab/yuyao/final_crop/s2_6time_legacy_center_zero_mask_32_to_224/all/GAO20210720t174343p0000-A/pos_11_x250_y241/s2_0.tif,/mnt/engg-niulab/yuyao/final_crop/s2_6time_legacy_center_zero_mask_32_to_224/all/GAO20210720t174343p0000-A/pos_11_x250_y241/s2_prev1.tif,/mnt/engg-niulab/yuyao/final_crop/s2_6time_legacy_center_zero_mask_32_to_224/all/GAO20210720t174343p0000-A/pos_11_x250_y241/s2_seasonal.tif,/mnt/engg-niulab/yuyao/final_crop/s2_6time_legacy_center_zero_mask_32_to_224/all/GAO20210720t174343p0000-A/pos_11_x250_y241/s2_year.tif
GAO20210720t174343p0000-A,dropped_missing_required_time_or_path,1,/mnt/engg-niulab/yuyao/final_crop/s2_6time_legacy_center_zero_mask_32/all/GAO20210720t174343p0000-A/pos_12_x253_y251,/mnt/engg-niulab/yuyao/final_crop/s2_6time_legacy_center_zero_mask_32/all/GAO20210720t174343p0000-A/pos_12_x253_y251,/mnt/engg-niulab/yuyao/final_crop/s2_6time_legacy_center_zero_mask_32_to_224/all/GAO20210720t174343p0000-A/pos_12_x253_y251/plume.tif,/mnt/engg-niulab/yuyao/final_crop/s2_6time_legacy_center_zero_mask_32_to_224/all/GAO20210720t174343p0000-A/pos_12_x253_y251/plume.tif,/mnt/engg-niulab/yuyao/final_crop/s2_6time_legacy_center_zero_mask_32_to_224/all/GAO20210720t174343p0000-A/pos_12_x253_y251/plume.tif,253,251,253,251,legacy_center_anchor,,40.4028972,-104.94279,40.4028972,-104.94279,2021-07-20T17:43:43+00,2021-07-20T17:49:11.024000Z,2021-07-17T17:39:11.024000Z,2021-07-15T17:49:09.024000Z,2021-07-12T17:39:09.024000Z,,,/mnt/engg-niulab/yuyao/final_crop/s2_6time_legacy_center_zero_mask_32_to_224/all/GAO20210720t174343p0000-A/pos_12_x253_y251/s2_0.tif,/mnt/engg-niulab/yuyao/final_crop/s2_6time_legacy_center_zero_mask_32_to_224/all/GAO20210720t174343p0000-A/pos_12_x253_y251/s2_prev1.tif,/mnt/engg-niulab/yuyao/final_crop/s2_6time_legacy_center_zero_mask_32_to_224/all/GAO20210720t174343p0000-A/pos_12_x253_y251/s2_prev2.tif,/mnt/engg-niulab/yuyao/final_crop/s2_6time_legacy_center_zero_mask_32_to_224/all/GAO20210720t174343p0000-A/pos_12_x253_y251/s2_prev3.tif,/mnt/engg-niulab/yuyao/final_crop/s2_6time_legacy_center_zero_mask_32_to_224/all/GAO20210720t174343p0000-A/pos_12_x253_y251/s2_seasonal.tif,/mnt/engg-niulab/yuyao/final_crop/s2_6time_legacy_center_zero_mask_32_to_224/all/GAO20210720t174343p0000-A/pos_12_x253_y251/s2_year.tif,/mnt/engg-niulab/yuyao/final_crop/s2_6time_legacy_center_zero_mask_32_to_224/all/GAO20210720t174343p0000-A/pos_12_x253_y251/s2_0.tif,/mnt/engg-niulab/yuyao/final_crop/s2_6time_legacy_center_zero_mask_32_to_224/all/GAO20210720t174343p0000-A/pos_12_x253_y251/s2_0.tif,/mnt/engg-niulab/yuyao/final_crop/s2_6time_legacy_center_zero_mask_32_to_224/all/GAO20210720t174343p0000-A/pos_12_x253_y251/s2_prev1.tif,/mnt/engg-niulab/yuyao/final_crop/s2_6time_legacy_center_zero_mask_32_to_224/all/GAO20210720t174343p0000-A/pos_12_x253_y251/s2_seasonal.tif,/mnt/engg-niulab/yuyao/final_crop/s2_6time_legacy_center_zero_mask_32_to_224/all/GAO20210720t174343p0000-A/pos_12_x253_y251/s2_year.tif
GAO20210720t174343p0000-A,dropped_missing_required_time_or_path,1,/mnt/engg-niulab/yuyao/final_crop/s2_6time_legacy_center_zero_mask_32/all/GAO20210720t174343p0000-A/pos_13_x231_y231,/mnt/engg-niulab/yuyao/final_crop/s2_6time_legacy_center_zero_mask_32/all/GAO20210720t174343p0000-A/pos_13_x231_y231,/mnt/engg-niulab/yuyao/final_crop/s2_6time_legacy_center_zero_mask_32_to_224/all/GAO20210720t174343p0000-A/pos_13_x231_y231/plume.tif,/mnt/engg-niulab/yuyao/final_crop/s2_6time_legacy_center_zero_mask_32_to_224/all/GAO20210720t174343p0000-A/pos_13_x231_y231/plume.tif,/mnt/engg-niulab/yuyao/final_crop/s2_6time_legacy_center_zero_mask_32_to_224/all/GAO20210720t174343p0000-A/pos_13_x231_y231/plume.tif,231,231,231,231,legacy_center_anchor,,40.4028972,-104.94279,40.4028972,-104.94279,2021-07-20T17:43:43+00,2021-07-20T17:49:11.024000Z,2021-07-17T17:39:11.024000Z,2021-07-15T17:49:09.024000Z,2021-07-12T17:39:09.024000Z,,,/mnt/engg-niulab/yuyao/final_crop/s2_6time_legacy_center_zero_mask_32_to_224/all/GAO20210720t174343p0000-A/pos_13_x231_y231/s2_0.tif,/mnt/engg-niulab/yuyao/final_crop/s2_6time_legacy_center_zero_mask_32_to_224/all/GAO20210720t174343p0000-A/pos_13_x231_y231/s2_prev1.tif,/mnt/engg-niulab/yuyao/final_crop/s2_6time_legacy_center_zero_mask_32_to_224/all/GAO20210720t174343p0000-A/pos_13_x231_y231/s2_prev2.tif,/mnt/engg-niulab/yuyao/final_crop/s2_6time_legacy_center_zero_mask_32_to_224/all/GAO20210720t174343p0000-A/pos_13_x231_y231/s2_prev3.tif,/mnt/engg-niulab/yuyao/final_crop/s2_6time_legacy_center_zero_mask_32_to_224/all/GAO20210720t174343p0000-A/pos_13_x231_y231/s2_seasonal.tif,/mnt/engg-niulab/yuyao/final_crop/s2_6time_legacy_center_zero_mask_32_to_224/all/GAO20210720t174343p0000-A/pos_13_x231_y231/s2_year.tif,/mnt/engg-niulab/yuyao/final_crop/s2_6time_legacy_center_zero_mask_32_to_224/all/GAO20210720t174343p0000-A/pos_13_x231_y231/s2_0.tif,/mnt/engg-niulab/yuyao/final_crop/s2_6time_legacy_center_zero_mask_32_to_224/all/GAO20210720t174343p0000-A/pos_13_x231_y231/s2_0.tif,/mnt/engg-niulab/yuyao/final_crop/s2_6time_legacy_center_zero_mask_32_to_224/all/GAO20210720t174343p0000-A/pos_13_x231_y231/s2_prev1.tif,/mnt/engg-niulab/yuyao/final_crop/s2_6time_legacy_center_zero_mask_32_to_224/all/GAO20210720t174343p0000-A/pos_13_x231_y231/s2_seasonal.tif,/mnt/engg-niulab/yuyao/final_crop/s2_6time_legacy_center_zero_mask_32_to_224/all/GAO20210720t174343p0000-A/pos_13_x231_y231/s2_year.tif
GAO20210720t174343p0000-A,dropped_missing_required_time_or_path,1,/mnt/engg-niulab/yuyao/final_crop/s2_6time_legacy_center_zero_mask_32/all/GAO20210720t174343p0000-A/pos_14_x236_y234,/mnt/engg-niulab/yuyao/final_crop/s2_6time_legacy_center_zero_mask_32/all/GAO20210720t174343p0000-A/pos_14_x236_y234,/mnt/engg-niulab/yuyao/final_crop/s2_6time_legacy_center_zero_mask_32_to_224/all/GAO20210720t174343p0000-A/pos_14_x236_y234/plume.tif,/mnt/engg-niulab/yuyao/final_crop/s2_6time_legacy_center_zero_mask_32_to_224/all/GAO20210720t174343p0000-A/pos_14_x236_y234/plume.tif,/mnt/engg-niulab/yuyao/final_crop/s2_6time_legacy_center_zero_mask_32_to_224/all/GAO20210720t174343p0000-A/pos_14_x236_y234/plume.tif,236,234,236,234,legacy_center_anchor,,40.4028972,-104.94279,40.4028972,-104.94279,2021-07-20T17:43:43+00,2021-07-20T17:49:11.024000Z,2021-07-17T17:39:11.024000Z,2021-07-15T17:49:09.024000Z,2021-07-12T17:39:09.024000Z,,,/mnt/engg-niulab/yuyao/final_crop/s2_6time_legacy_center_zero_mask_32_to_224/all/GAO20210720t174343p0000-A/pos_14_x236_y234/s2_0.tif,/mnt/engg-niulab/yuyao/final_crop/s2_6time_legacy_center_zero_mask_32_to_224/all/GAO20210720t174343p0000-A/pos_14_x236_y234/s2_prev1.tif,/mnt/engg-niulab/yuyao/final_crop/s2_6time_legacy_center_zero_mask_32_to_224/all/GAO20210720t174343p0000-A/pos_14_x236_y234/s2_prev2.tif,/mnt/engg-niulab/yuyao/final_crop/s2_6time_legacy_center_zero_mask_32_to_224/all/GAO20210720t174343p0000-A/pos_14_x236_y234/s2_prev3.tif,/mnt/engg-niulab/yuyao/final_crop/s2_6time_legacy_center_zero_mask_32_to_224/all/GAO20210720t174343p0000-A/pos_14_x236_y234/s2_seasonal.tif,/mnt/engg-niulab/yuyao/final_crop/s2_6time_legacy_center_zero_mask_32_to_224/all/GAO20210720t174343p0000-A/pos_14_x236_y234/s2_year.tif,/mnt/engg-niulab/yuyao/final_crop/s2_6time_legacy_center_zero_mask_32_to_224/all/GAO20210720t174343p0000-A/pos_14_x236_y234/s2_0.tif,/mnt/engg-niulab/yuyao/final_crop/s2_6time_legacy_center_zero_mask_32_to_224/all/GAO20210720t174343p0000-A/pos_14_x236_y234/s2_0.tif,/mnt/engg-niulab/yuyao/final_crop/s2_6time_legacy_center_zero_mask_32_to_224/all/GAO20210720t174343p0000-A/pos_14_x236_y234/s2_prev1.tif,/mnt/engg-niulab/yuyao/final_crop/s2_6time_legacy_center_zero_mask_32_to_224/all/GAO20210720t174343p0000-A/pos_14_x236_y234/s2_seasonal.tif,/mnt/engg-niulab/yuyao/final_crop/s2_6time_legacy_center_zero_mask_32_to_224/all/GAO20210720t174343p0000-A/pos_14_x236_y234/s2_year.tif
GAO20210720t174343p0000-A,dropped_missing_required_time_or_path,1,/mnt/engg-niulab/yuyao/final_crop/s2_6time_legacy_center_zero_mask_32/all/GAO20210720t174343p0000-A/pos_15_x243_y230,/mnt/engg-niulab/yuyao/final_crop/s2_6time_legacy_center_zero_mask_32/all/GAO20210720t174343p0000-A/pos_15_x243_y230,/mnt/engg-niulab/yuyao/final_crop/s2_6time_legacy_center_zero_mask_32_to_224/all/GAO20210720t174343p0000-A/pos_15_x243_y230/plume.tif,/mnt/engg-niulab/yuyao/final_crop/s2_6time_legacy_center_zero_mask_32_to_224/all/GAO20210720t174343p0000-A/pos_15_x243_y230/plume.tif,/mnt/engg-niulab/yuyao/final_crop/s2_6time_legacy_center_zero_mask_32_to_224/all/GAO20210720t174343p0000-A/pos_15_x243_y230/plume.tif,243,230,243,230,legacy_center_anchor,,40.4028972,-104.94279,40.4028972,-104.94279,2021-07-20T17:43:43+00,2021-07-20T17:49:11.024000Z,2021-07-17T17:39:11.024000Z,2021-07-15T17:49:09.024000Z,2021-07-12T17:39:09.024000Z,,,/mnt/engg-niulab/yuyao/final_crop/s2_6time_legacy_center_zero_mask_32_to_224/all/GAO20210720t174343p0000-A/pos_15_x243_y230/s2_0.tif,/mnt/engg-niulab/yuyao/final_crop/s2_6time_legacy_center_zero_mask_32_to_224/all/GAO20210720t174343p0000-A/pos_15_x243_y230/s2_prev1.tif,/mnt/engg-niulab/yuyao/final_crop/s2_6time_legacy_center_zero_mask_32_to_224/all/GAO20210720t174343p0000-A/pos_15_x243_y230/s2_prev2.tif,/mnt/engg-niulab/yuyao/final_crop/s2_6time_legacy_center_zero_mask_32_to_224/all/GAO20210720t174343p0000-A/pos_15_x243_y230/s2_prev3.tif,/mnt/engg-niulab/yuyao/final_crop/s2_6time_legacy_center_zero_mask_32_to_224/all/GAO20210720t174343p0000-A/pos_15_x243_y230/s2_seasonal.tif,/mnt/engg-niulab/yuyao/final_crop/s2_6time_legacy_center_zero_mask_32_to_224/all/GAO20210720t174343p0000-A/pos_15_x243_y230/s2_year.tif,/mnt/engg-niulab/yuyao/final_crop/s2_6time_legacy_center_zero_mask_32_to_224/all/GAO20210720t174343p0000-A/pos_15_x243_y230/s2_0.tif,/mnt/engg-niulab/yuyao/final_crop/s2_6time_legacy_center_zero_mask_32_to_224/all/GAO20210720t174343p0000-A/pos_15_x243_y230/s2_0.tif,/mnt/engg-niulab/yuyao/final_crop/s2_6time_legacy_center_zero_mask_32_to_224/all/GAO20210720t174343p0000-A/pos_15_x243_y230/s2_prev1.tif,/mnt/engg-niulab/yuyao/final_crop/s2_6time_legacy_center_zero_mask_32_to_224/all/GAO20210720t174343p0000-A/pos_15_x243_y230/s2_seasonal.tif,/mnt/engg-niulab/yuyao/final_crop/s2_6time_legacy_center_zero_mask_32_to_224/all/GAO20210720t174343p0000-A/pos_15_x243_y230/s2_year.tif
GAO20210720t174343p0000-A,dropped_missing_required_time_or_path,0,/mnt/engg-niulab/yuyao/final_crop/s2_6time_legacy_center_zero_mask_32/all/GAO20210720t174343p0000-A/neg_00_x388_y117,/mnt/engg-niulab/yuyao/final_crop/s2_6time_legacy_center_zero_mask_32/all/GAO20210720t174343p0000-A/neg_00_x388_y117,/mnt/engg-niulab/yuyao/final_crop/s2_6time_legacy_center_zero_mask_32_to_224/all/GAO20210720t174343p0000-A/neg_00_x388_y117/plume.tif,/mnt/engg-niulab/yuyao/final_crop/s2_6time_legacy_center_zero_mask_32_to_224/all/GAO20210720t174343p0000-A/neg_00_x388_y117/plume.tif,/mnt/engg-niulab/yuyao/final_crop/s2_6time_legacy_center_zero_mask_32_to_224/all/GAO20210720t174343p0000-A/neg_00_x388_y117/plume.tif,388,117,388,117,legacy_center_anchor,,40.4028972,-104.94279,40.4028972,-104.94279,2021-07-20T17:43:43+00,2021-07-20T17:49:11.024000Z,2021-07-17T17:39:11.024000Z,2021-07-15T17:49:09.024000Z,2021-07-12T17:39:09.024000Z,,,/mnt/engg-niulab/yuyao/final_crop/s2_6time_legacy_center_zero_mask_32_to_224/all/GAO20210720t174343p0000-A/neg_00_x388_y117/s2_0.tif,/mnt/engg-niulab/yuyao/final_crop/s2_6time_legacy_center_zero_mask_32_to_224/all/GAO20210720t174343p0000-A/neg_00_x388_y117/s2_prev1.tif,/mnt/engg-niulab/yuyao/final_crop/s2_6time_legacy_center_zero_mask_32_to_224/all/GAO20210720t174343p0000-A/neg_00_x388_y117/s2_prev2.tif,/mnt/engg-niulab/yuyao/final_crop/s2_6time_legacy_center_zero_mask_32_to_224/all/GAO20210720t174343p0000-A/neg_00_x388_y117/s2_prev3.tif,/mnt/engg-niulab/yuyao/final_crop/s2_6time_legacy_center_zero_mask_32_to_224/all/GAO20210720t174343p0000-A/neg_00_x388_y117/s2_seasonal.tif,/mnt/engg-niulab/yuyao/final_crop/s2_6time_legacy_center_zero_mask_32_to_224/all/GAO20210720t174343p0000-A/neg_00_x388_y117/s2_year.tif,/mnt/engg-niulab/yuyao/final_crop/s2_6time_legacy_center_zero_mask_32_to_224/all/GAO20210720t174343p0000-A/neg_00_x388_y117/s2_0.tif,/mnt/engg-niulab/yuyao/final_crop/s2_6time_legacy_center_zero_mask_32_to_224/all/GAO20210720t174343p0000-A/neg_00_x388_y117/s2_0.tif,/mnt/engg-niulab/yuyao/final_crop/s2_6time_legacy_center_zero_mask_32_to_224/all/GAO20210720t174343p0000-A/neg_00_x388_y117/s2_prev1.tif,/mnt/engg-niulab/yuyao/final_crop/s2_6time_legacy_center_zero_mask_32_to_224/all/GAO20210720t174343p0000-A/neg_00_x388_y117/s2_seasonal.tif,/mnt/engg-niulab/yuyao/final_crop/s2_6time_legacy_center_zero_mask_32_to_224/all/GAO20210720t174343p0000-A/neg_00_x388_y117/s2_year.tif
GAO20210720t174343p0000-A,dropped_missing_required_time_or_path,0,/mnt/engg-niulab/yuyao/final_crop/s2_6time_legacy_center_zero_mask_32/all/GAO20210720t174343p0000-A/neg_01_x404_y394,/mnt/engg-niulab/yuyao/final_crop/s2_6time_legacy_center_zero_mask_32/all/GAO20210720t174343p0000-A/neg_01_x404_y394,/mnt/engg-niulab/yuyao/final_crop/s2_6time_legacy_center_zero_mask_32_to_224/all/GAO20210720t174343p0000-A/neg_01_x404_y394/plume.tif,/mnt/engg-niulab/yuyao/final_crop/s2_6time_legacy_center_zero_mask_32_to_224/all/GAO20210720t174343p0000-A/neg_01_x404_y394/plume.tif,/mnt/engg-niulab/yuyao/final_crop/s2_6time_legacy_center_zero_mask_32_to_224/all/GAO20210720t174343p0000-A/neg_01_x404_y394/plume.tif,404,394,404,394,legacy_center_anchor,,40.4028972,-104.94279,40.4028972,-104.94279,2021-07-20T17:43:43+00,2021-07-20T17:49:11.024000Z,2021-07-17T17:39:11.024000Z,2021-07-15T17:49:09.024000Z,2021-07-12T17:39:09.024000Z,,,/mnt/engg-niulab/yuyao/final_crop/s2_6time_legacy_center_zero_mask_32_to_224/all/GAO20210720t174343p0000-A/neg_01_x404_y394/s2_0.tif,/mnt/engg-niulab/yuyao/final_crop/s2_6time_legacy_center_zero_mask_32_to_224/all/GAO20210720t174343p0000-A/neg_01_x404_y394/s2_prev1.tif,/mnt/engg-niulab/yuyao/final_crop/s2_6time_legacy_center_zero_mask_32_to_224/all/GAO20210720t174343p0000-A/neg_01_x404_y394/s2_prev2.tif,/mnt/engg-niulab/yuyao/final_crop/s2_6time_legacy_center_zero_mask_32_to_224/all/GAO20210720t174343p0000-A/neg_01_x404_y394/s2_prev3.tif,/mnt/engg-niulab/yuyao/final_crop/s2_6time_legacy_center_zero_mask_32_to_224/all/GAO20210720t174343p0000-A/neg_01_x404_y394/s2_seasonal.tif,/mnt/engg-niulab/yuyao/final_crop/s2_6time_legacy_center_zero_mask_32_to_224/all/GAO20210720t174343p0000-A/neg_01_x404_y394/s2_year.tif,/mnt/engg-niulab/yuyao/final_crop/s2_6time_legacy_center_zero_mask_32_to_224/all/GAO20210720t174343p0000-A/neg_01_x404_y394/s2_0.tif,/mnt/engg-niulab/yuyao/final_crop/s2_6time_legacy_center_zero_mask_32_to_224/all/GAO20210720t174343p0000-A/neg_01_x404_y394/s2_0.tif,/mnt/engg-niulab/yuyao/final_crop/s2_6time_legacy_center_zero_mask_32_to_224/all/GAO20210720t174343p0000-A/neg_01_x404_y394/s2_prev1.tif,/mnt/engg-niulab/yuyao/final_crop/s2_6time_legacy_center_zero_mask_32_to_224/all/GAO20210720t174343p0000-A/neg_01_x404_y394/s2_seasonal.tif,/mnt/engg-niulab/yuyao/final_crop/s2_6time_legacy_center_zero_mask_32_to_224/all/GAO20210720t174343p0000-A/neg_01_x404_y394/s2_year.tif
GAO20210720t174343p0000-A,dropped_missing_required_time_or_path,0,/mnt/engg-niulab/yuyao/final_crop/s2_6time_legacy_center_zero_mask_32/all/GAO20210720t174343p0000-A/neg_02_x250_y171,/mnt/engg-niulab/yuyao/final_crop/s2_6time_legacy_center_zero_mask_32/all/GAO20210720t174343p0000-A/neg_02_x250_y171,/mnt/engg-niulab/yuyao/final_crop/s2_6time_legacy_center_zero_mask_32_to_224/all/GAO20210720t174343p0000-A/neg_02_x250_y171/plume.tif,/mnt/engg-niulab/yuyao/final_crop/s2_6time_legacy_center_zero_mask_32_to_224/all/GAO20210720t174343p0000-A/neg_02_x250_y171/plume.tif,/mnt/engg-niulab/yuyao/final_crop/s2_6time_legacy_center_zero_mask_32_to_224/all/GAO20210720t174343p0000-A/neg_02_x250_y171/plume.tif,250,171,250,171,legacy_center_anchor,,40.4028972,-104.94279,40.4028972,-104.94279,2021-07-20T17:43:43+00,2021-07-20T17:49:11.024000Z,2021-07-17T17:39:11.024000Z,2021-07-15T17:49:09.024000Z,2021-07-12T17:39:09.024000Z,,,/mnt/engg-niulab/yuyao/final_crop/s2_6time_legacy_center_zero_mask_32_to_224/all/GAO20210720t174343p0000-A/neg_02_x250_y171/s2_0.tif,/mnt/engg-niulab/yuyao/final_crop/s2_6time_legacy_center_zero_mask_32_to_224/all/GAO20210720t174343p0000-A/neg_02_x250_y171/s2_prev1.tif,/mnt/engg-niulab/yuyao/final_crop/s2_6time_legacy_center_zero_mask_32_to_224/all/GAO20210720t174343p0000-A/neg_02_x250_y171/s2_prev2.tif,/mnt/engg-niulab/yuyao/final_crop/s2_6time_legacy_center_zero_mask_32_to_224/all/GAO20210720t174343p0000-A/neg_02_x250_y171/s2_prev3.tif,/mnt/engg-niulab/yuyao/final_crop/s2_6time_legacy_center_zero_mask_32_to_224/all/GAO20210720t174343p0000-A/neg_02_x250_y171/s2_seasonal.tif,/mnt/engg-niulab/yuyao/final_crop/s2_6time_legacy_center_zero_mask_32_to_224/all/GAO20210720t174343p0000-A/neg_02_x250_y171/s2_year.tif,/mnt/engg-niulab/yuyao/final_crop/s2_6time_legacy_center_zero_mask_32_to_224/all/GAO20210720t174343p0000-A/neg_02_x250_y171/s2_0.tif,/mnt/engg-niulab/yuyao/final_crop/s2_6time_legacy_center_zero_mask_32_to_224/all/GAO20210720t174343p0000-A/neg_02_x250_y171/s2_0.tif,/mnt/engg-niulab/yuyao/final_crop/s2_6time_legacy_center_zero_mask_32_to_224/all/GAO20210720t174343p0000-A/neg_02_x250_y171/s2_prev1.tif,/mnt/engg-niulab/yuyao/final_crop/s2_6time_legacy_center_zero_mask_32_to_224/all/GAO20210720t174343p0000-A/neg_02_x250_y171/s2_seasonal.tif,/mnt/engg-niulab/yuyao/final_crop/s2_6time_legacy_center_zero_mask_32_to_224/all/GAO20210720t174343p0000-A/neg_02_x250_y171/s2_year.tif
GAO20210720t174343p0000-A,dropped_missing_required_time_or_path,0,/mnt/engg-niulab/yuyao/final_crop/s2_6time_legacy_center_zero_mask_32/all/GAO20210720t174343p0000-A/neg_03_x204_y257,/mnt/engg-niulab/yuyao/final_crop/s2_6time_legacy_center_zero_mask_32/all/GAO20210720t174343p0000-A/neg_03_x204_y257,/mnt/engg-niulab/yuyao/final_crop/s2_6time_legacy_center_zero_mask_32_to_224/all/GAO20210720t174343p0000-A/neg_03_x204_y257/plume.tif,/mnt/engg-niulab/yuyao/final_crop/s2_6time_legacy_center_zero_mask_32_to_224/all/GAO20210720t174343p0000-A/neg_03_x204_y257/plume.tif,/mnt/engg-niulab/yuyao/final_crop/s2_6time_legacy_center_zero_mask_32_to_224/all/GAO20210720t174343p0000-A/neg_03_x204_y257/plume.tif,204,257,204,257,legacy_center_anchor,,40.4028972,-104.94279,40.4028972,-104.94279,2021-07-20T17:43:43+00,2021-07-20T17:49:11.024000Z,2021-07-17T17:39:11.024000Z,2021-07-15T17:49:09.024000Z,2021-07-12T17:39:09.024000Z,,,/mnt/engg-niulab/yuyao/final_crop/s2_6time_legacy_center_zero_mask_32_to_224/all/GAO20210720t174343p0000-A/neg_03_x204_y257/s2_0.tif,/mnt/engg-niulab/yuyao/final_crop/s2_6time_legacy_center_zero_mask_32_to_224/all/GAO20210720t174343p0000-A/neg_03_x204_y257/s2_prev1.tif,/mnt/engg-niulab/yuyao/final_crop/s2_6time_legacy_center_zero_mask_32_to_224/all/GAO20210720t174343p0000-A/neg_03_x204_y257/s2_prev2.tif,/mnt/engg-niulab/yuyao/final_crop/s2_6time_legacy_center_zero_mask_32_to_224/all/GAO20210720t174343p0000-A/neg_03_x204_y257/s2_prev3.tif,/mnt/engg-niulab/yuyao/final_crop/s2_6time_legacy_center_zero_mask_32_to_224/all/GAO20210720t174343p0000-A/neg_03_x204_y257/s2_seasonal.tif,/mnt/engg-niulab/yuyao/final_crop/s2_6time_legacy_center_zero_mask_32_to_224/all/GAO20210720t174343p0000-A/neg_03_x204_y257/s2_year.tif,/mnt/engg-niulab/yuyao/final_crop/s2_6time_legacy_center_zero_mask_32_to_224/all/GAO20210720t174343p0000-A/neg_03_x204_y257/s2_0.tif,/mnt/engg-niulab/yuyao/final_crop/s2_6time_legacy_center_zero_mask_32_to_224/all/GAO20210720t174343p0000-A/neg_03_x204_y257/s2_0.tif,/mnt/engg-niulab/yuyao/final_crop/s2_6time_legacy_center_zero_mask_32_to_224/all/GAO20210720t174343p0000-A/neg_03_x204_y257/s2_prev1.tif,/mnt/engg-niulab/yuyao/final_crop/s2_6time_legacy_center_zero_mask_32_to_224/all/GAO20210720t174343p0000-A/neg_03_x204_y257/s2_seasonal.tif,/mnt/engg-niulab/yuyao/final_crop/s2_6time_legacy_center_zero_mask_32_to_224/all/GAO20210720t174343p0000-A/neg_03_x204_y257/s2_year.tif
GAO20210720t174343p0000-A,dropped_missing_required_time_or_path,0,/mnt/engg-niulab/yuyao/final_crop/s2_6time_legacy_center_zero_mask_32/all/GAO20210720t174343p0000-A/neg_04_x148_y185,/mnt/engg-niulab/yuyao/final_crop/s2_6time_legacy_center_zero_mask_32/all/GAO20210720t174343p0000-A/neg_04_x148_y185,/mnt/engg-niulab/yuyao/final_crop/s2_6time_legacy_center_zero_mask_32_to_224/all/GAO20210720t174343p0000-A/neg_04_x148_y185/plume.tif,/mnt/engg-niulab/yuyao/final_crop/s2_6time_legacy_center_zero_mask_32_to_224/all/GAO20210720t174343p0000-A/neg_04_x148_y185/plume.tif,/mnt/engg-niulab/yuyao/final_crop/s2_6time_legacy_center_zero_mask_32_to_224/all/GAO20210720t174343p0000-A/neg_04_x148_y185/plume.tif,148,185,148,185,legacy_center_anchor,,40.4028972,-104.94279,40.4028972,-104.94279,2021-07-20T17:43:43+00,2021-07-20T17:49:11.024000Z,2021-07-17T17:39:11.024000Z,2021-07-15T17:49:09.024000Z,2021-07-12T17:39:09.024000Z,,,/mnt/engg-niulab/yuyao/final_crop/s2_6time_legacy_center_zero_mask_32_to_224/all/GAO20210720t174343p0000-A/neg_04_x148_y185/s2_0.tif,/mnt/engg-niulab/yuyao/final_crop/s2_6time_legacy_center_zero_mask_32_to_224/all/GAO20210720t174343p0000-A/neg_04_x148_y185/s2_prev1.tif,/mnt/engg-niulab/yuyao/final_crop/s2_6time_legacy_center_zero_mask_32_to_224/all/GAO20210720t174343p0000-A/neg_04_x148_y185/s2_prev2.tif,/mnt/engg-niulab/yuyao/final_crop/s2_6time_legacy_center_zero_mask_32_to_224/all/GAO20210720t174343p0000-A/neg_04_x148_y185/s2_prev3.tif,/mnt/engg-niulab/yuyao/final_crop/s2_6time_legacy_center_zero_mask_32_to_224/all/GAO20210720t174343p0000-A/neg_04_x148_y185/s2_seasonal.tif,/mnt/engg-niulab/yuyao/final_crop/s2_6time_legacy_center_zero_mask_32_to_224/all/GAO20210720t174343p0000-A/neg_04_x148_y185/s2_year.tif,/mnt/engg-niulab/yuyao/final_crop/s2_6time_legacy_center_zero_mask_32_to_224/all/GAO20210720t174343p0000-A/neg_04_x148_y185/s2_0.tif,/mnt/engg-niulab/yuyao/final_crop/s2_6time_legacy_center_zero_mask_32_to_224/all/GAO20210720t174343p0000-A/neg_04_x148_y185/s2_0.tif,/mnt/engg-niulab/yuyao/final_crop/s2_6time_legacy_center_zero_mask_32_to_224/all/GAO20210720t174343p0000-A/neg_04_x148_y185/s2_prev1.tif,/mnt/engg-niulab/yuyao/final_crop/s2_6time_legacy_center_zero_mask_32_to_224/all/GAO20210720t174343p0000-A/neg_04_x148_y185/s2_seasonal.tif,/mnt/engg-niulab/yuyao/final_crop/s2_6time_legacy_center_zero_mask_32_to_224/all/GAO20210720t174343p0000-A/neg_04_x148_y185/s2_year.tif
GAO20210720t174343p0000-A,dropped_missing_required_time_or_path,0,/mnt/engg-niulab/yuyao/final_crop/s2_6time_legacy_center_zero_mask_32/all/GAO20210720t174343p0000-A/neg_05_x17_y423,/mnt/engg-niulab/yuyao/final_crop/s2_6time_legacy_center_zero_mask_32/all/GAO20210720t174343p0000-A/neg_05_x17_y423,/mnt/engg-niulab/yuyao/final_crop/s2_6time_legacy_center_zero_mask_32_to_224/all/GAO20210720t174343p0000-A/neg_05_x17_y423/plume.tif,/mnt/engg-niulab/yuyao/final_crop/s2_6time_legacy_center_zero_mask_32_to_224/all/GAO20210720t174343p0000-A/neg_05_x17_y423/plume.tif,/mnt/engg-niulab/yuyao/final_crop/s2_6time_legacy_center_zero_mask_32_to_224/all/GAO20210720t174343p0000-A/neg_05_x17_y423/plume.tif,17,423,17,423,legacy_center_anchor,,40.4028972,-104.94279,40.4028972,-104.94279,2021-07-20T17:43:43+00,2021-07-20T17:49:11.024000Z,2021-07-17T17:39:11.024000Z,2021-07-15T17:49:09.024000Z,2021-07-12T17:39:09.024000Z,,,/mnt/engg-niulab/yuyao/final_crop/s2_6time_legacy_center_zero_mask_32_to_224/all/GAO20210720t174343p0000-A/neg_05_x17_y423/s2_0.tif,/mnt/engg-niulab/yuyao/final_crop/s2_6time_legacy_center_zero_mask_32_to_224/all/GAO20210720t174343p0000-A/neg_05_x17_y423/s2_prev1.tif,/mnt/engg-niulab/yuyao/final_crop/s2_6time_legacy_center_zero_mask_32_to_224/all/GAO20210720t174343p0000-A/neg_05_x17_y423/s2_prev2.tif,/mnt/engg-niulab/yuyao/final_crop/s2_6time_legacy_center_zero_mask_32_to_224/all/GAO20210720t174343p0000-A/neg_05_x17_y423/s2_prev3.tif,/mnt/engg-niulab/yuyao/final_crop/s2_6time_legacy_center_zero_mask_32_to_224/all/GAO20210720t174343p0000-A/neg_05_x17_y423/s2_seasonal.tif,/mnt/engg-niulab/yuyao/final_crop/s2_6time_legacy_center_zero_mask_32_to_224/all/GAO20210720t174343p0000-A/neg_05_x17_y423/s2_year.tif,/mnt/engg-niulab/yuyao/final_crop/s2_6time_legacy_center_zero_mask_32_to_224/all/GAO20210720t174343p0000-A/neg_05_x17_y423/s2_0.tif,/mnt/engg-niulab/yuyao/final_crop/s2_6time_legacy_center_zero_mask_32_to_224/all/GAO20210720t174343p0000-A/neg_05_x17_y423/s2_0.tif,/mnt/engg-niulab/yuyao/final_crop/s2_6time_legacy_center_zero_mask_32_to_224/all/GAO20210720t174343p0000-A/neg_05_x17_y423/s2_prev1.tif,/mnt/engg-niulab/yuyao/final_crop/s2_6time_legacy_center_zero_mask_32_to_224/all/GAO20210720t174343p0000-A/neg_05_x17_y423/s2_seasonal.tif,/mnt/engg-niulab/yuyao/final_crop/s2_6time_legacy_center_zero_mask_32_to_224/all/GAO20210720t174343p0000-A/neg_05_x17_y423/s2_year.tif
GAO20210720t174343p0000-A,dropped_missing_required_time_or_path,0,/mnt/engg-niulab/yuyao/final_crop/s2_6time_legacy_center_zero_mask_32/all/GAO20210720t174343p0000-A/neg_06_x397_y459,/mnt/engg-niulab/yuyao/final_crop/s2_6time_legacy_center_zero_mask_32/all/GAO20210720t174343p0000-A/neg_06_x397_y459,/mnt/engg-niulab/yuyao/final_crop/s2_6time_legacy_center_zero_mask_32_to_224/all/GAO20210720t174343p0000-A/neg_06_x397_y459/plume.tif,/mnt/engg-niulab/yuyao/final_crop/s2_6time_legacy_center_zero_mask_32_to_224/all/GAO20210720t174343p0000-A/neg_06_x397_y459/plume.tif,/mnt/engg-niulab/yuyao/final_crop/s2_6time_legacy_center_zero_mask_32_to_224/all/GAO20210720t174343p0000-A/neg_06_x397_y459/plume.tif,397,459,397,459,legacy_center_anchor,,40.4028972,-104.94279,40.4028972,-104.94279,2021-07-20T17:43:43+00,2021-07-20T17:49:11.024000Z,2021-07-17T17:39:11.024000Z,2021-07-15T17:49:09.024000Z,2021-07-12T17:39:09.024000Z,,,/mnt/engg-niulab/yuyao/final_crop/s2_6time_legacy_center_zero_mask_32_to_224/all/GAO20210720t174343p0000-A/neg_06_x397_y459/s2_0.tif,/mnt/engg-niulab/yuyao/final_crop/s2_6time_legacy_center_zero_mask_32_to_224/all/GAO20210720t174343p0000-A/neg_06_x397_y459/s2_prev1.tif,/mnt/engg-niulab/yuyao/final_crop/s2_6time_legacy_center_zero_mask_32_to_224/all/GAO20210720t174343p0000-A/neg_06_x397_y459/s2_prev2.tif,/mnt/engg-niulab/yuyao/final_crop/s2_6time_legacy_center_zero_mask_32_to_224/all/GAO20210720t174343p0000-A/neg_06_x397_y459/s2_prev3.tif,/mnt/engg-niulab/yuyao/final_crop/s2_6time_legacy_center_zero_mask_32_to_224/all/GAO20210720t174343p0000-A/neg_06_x397_y459/s2_seasonal.tif,/mnt/engg-niulab/yuyao/final_crop/s2_6time_legacy_center_zero_mask_32_to_224/all/GAO20210720t174343p0000-A/neg_06_x397_y459/s2_year.tif,/mnt/engg-niulab/yuyao/final_crop/s2_6time_legacy_center_zero_mask_32_to_224/all/GAO20210720t174343p0000-A/neg_06_x397_y459/s2_0.tif,/mnt/engg-niulab/yuyao/final_crop/s2_6time_legacy_center_zero_mask_32_to_224/all/GAO20210720t174343p0000-A/neg_06_x397_y459/s2_0.tif,/mnt/engg-niulab/yuyao/final_crop/s2_6time_legacy_center_zero_mask_32_to_224/all/GAO20210720t174343p0000-A/neg_06_x397_y459/s2_prev1.tif,/mnt/engg-niulab/yuyao/final_crop/s2_6time_legacy_center_zero_mask_32_to_224/all/GAO20210720t174343p0000-A/neg_06_x397_y459/s2_seasonal.tif,/mnt/engg-niulab/yuyao/final_crop/s2_6time_legacy_center_zero_mask_32_to_224/all/GAO20210720t174343p0000-A/neg_06_x397_y459/s2_year.tif
GAO20210720t174343p0000-A,dropped_missing_required_time_or_path,0,/mnt/engg-niulab/yuyao/final_crop/s2_6time_legacy_center_zero_mask_32/all/GAO20210720t174343p0000-A/neg_07_x439_y260,/mnt/engg-niulab/yuyao/final_crop/s2_6time_legacy_center_zero_mask_32/all/GAO20210720t174343p0000-A/neg_07_x439_y260,/mnt/engg-niulab/yuyao/final_crop/s2_6time_legacy_center_zero_mask_32_to_224/all/GAO20210720t174343p0000-A/neg_07_x439_y260/plume.tif,/mnt/engg-niulab/yuyao/final_crop/s2_6time_legacy_center_zero_mask_32_to_224/all/GAO20210720t174343p0000-A/neg_07_x439_y260/plume.tif,/mnt/engg-niulab/yuyao/final_crop/s2_6time_legacy_center_zero_mask_32_to_224/all/GAO20210720t174343p0000-A/neg_07_x439_y260/plume.tif,439,260,439,260,legacy_center_anchor,,40.4028972,-104.94279,40.4028972,-104.94279,2021-07-20T17:43:43+00,2021-07-20T17:49:11.024000Z,2021-07-17T17:39:11.024000Z,2021-07-15T17:49:09.024000Z,2021-07-12T17:39:09.024000Z,,,/mnt/engg-niulab/yuyao/final_crop/s2_6time_legacy_center_zero_mask_32_to_224/all/GAO20210720t174343p0000-A/neg_07_x439_y260/s2_0.tif,/mnt/engg-niulab/yuyao/final_crop/s2_6time_legacy_center_zero_mask_32_to_224/all/GAO20210720t174343p0000-A/neg_07_x439_y260/s2_prev1.tif,/mnt/engg-niulab/yuyao/final_crop/s2_6time_legacy_center_zero_mask_32_to_224/all/GAO20210720t174343p0000-A/neg_07_x439_y260/s2_prev2.tif,/mnt/engg-niulab/yuyao/final_crop/s2_6time_legacy_center_zero_mask_32_to_224/all/GAO20210720t174343p0000-A/neg_07_x439_y260/s2_prev3.tif,/mnt/engg-niulab/yuyao/final_crop/s2_6time_legacy_center_zero_mask_32_to_224/all/GAO20210720t174343p0000-A/neg_07_x439_y260/s2_seasonal.tif,/mnt/engg-niulab/yuyao/final_crop/s2_6time_legacy_center_zero_mask_32_to_224/all/GAO20210720t174343p0000-A/neg_07_x439_y260/s2_year.tif,/mnt/engg-niulab/yuyao/final_crop/s2_6time_legacy_center_zero_mask_32_to_224/all/GAO20210720t174343p0000-A/neg_07_x439_y260/s2_0.tif,/mnt/engg-niulab/yuyao/final_crop/s2_6time_legacy_center_zero_mask_32_to_224/all/GAO20210720t174343p0000-A/neg_07_x439_y260/s2_0.tif,/mnt/engg-niulab/yuyao/final_crop/s2_6time_legacy_center_zero_mask_32_to_224/all/GAO20210720t174343p0000-A/neg_07_x439_y260/s2_prev1.tif,/mnt/engg-niulab/yuyao/final_crop/s2_6time_legacy_center_zero_mask_32_to_224/all/GAO20210720t174343p0000-A/neg_07_x439_y260/s2_seasonal.tif,/mnt/engg-niulab/yuyao/final_crop/s2_6time_legacy_center_zero_mask_32_to_224/all/GAO20210720t174343p0000-A/neg_07_x439_y260/s2_year.tif
GAO20210720t174343p0000-A,dropped_missing_required_time_or_path,0,/mnt/engg-niulab/yuyao/final_crop/s2_6time_legacy_center_zero_mask_32/all/GAO20210720t174343p0000-A/neg_08_x75_y403,/mnt/engg-niulab/yuyao/final_crop/s2_6time_legacy_center_zero_mask_32/all/GAO20210720t174343p0000-A/neg_08_x75_y403,/mnt/engg-niulab/yuyao/final_crop/s2_6time_legacy_center_zero_mask_32_to_224/all/GAO20210720t174343p0000-A/neg_08_x75_y403/plume.tif,/mnt/engg-niulab/yuyao/final_crop/s2_6time_legacy_center_zero_mask_32_to_224/all/GAO20210720t174343p0000-A/neg_08_x75_y403/plume.tif,/mnt/engg-niulab/yuyao/final_crop/s2_6time_legacy_center_zero_mask_32_to_224/all/GAO20210720t174343p0000-A/neg_08_x75_y403/plume.tif,75,403,75,403,legacy_center_anchor,,40.4028972,-104.94279,40.4028972,-104.94279,2021-07-20T17:43:43+00,2021-07-20T17:49:11.024000Z,2021-07-17T17:39:11.024000Z,2021-07-15T17:49:09.024000Z,2021-07-12T17:39:09.024000Z,,,/mnt/engg-niulab/yuyao/final_crop/s2_6time_legacy_center_zero_mask_32_to_224/all/GAO20210720t174343p0000-A/neg_08_x75_y403/s2_0.tif,/mnt/engg-niulab/yuyao/final_crop/s2_6time_legacy_center_zero_mask_32_to_224/all/GAO20210720t174343p0000-A/neg_08_x75_y403/s2_prev1.tif,/mnt/engg-niulab/yuyao/final_crop/s2_6time_legacy_center_zero_mask_32_to_224/all/GAO20210720t174343p0000-A/neg_08_x75_y403/s2_prev2.tif,/mnt/engg-niulab/yuyao/final_crop/s2_6time_legacy_center_zero_mask_32_to_224/all/GAO20210720t174343p0000-A/neg_08_x75_y403/s2_prev3.tif,/mnt/engg-niulab/yuyao/final_crop/s2_6time_legacy_center_zero_mask_32_to_224/all/GAO20210720t174343p0000-A/neg_08_x75_y403/s2_seasonal.tif,/mnt/engg-niulab/yuyao/final_crop/s2_6time_legacy_center_zero_mask_32_to_224/all/GAO20210720t174343p0000-A/neg_08_x75_y403/s2_year.tif,/mnt/engg-niulab/yuyao/final_crop/s2_6time_legacy_center_zero_mask_32_to_224/all/GAO20210720t174343p0000-A/neg_08_x75_y403/s2_0.tif,/mnt/engg-niulab/yuyao/final_crop/s2_6time_legacy_center_zero_mask_32_to_224/all/GAO20210720t174343p0000-A/neg_08_x75_y403/s2_0.tif,/mnt/engg-niulab/yuyao/final_crop/s2_6time_legacy_center_zero_mask_32_to_224/all/GAO20210720t174343p0000-A/neg_08_x75_y403/s2_prev1.tif,/mnt/engg-niulab/yuyao/final_crop/s2_6time_legacy_center_zero_mask_32_to_224/all/GAO20210720t174343p0000-A/neg_08_x75_y403/s2_seasonal.tif,/mnt/engg-niulab/yuyao/final_crop/s2_6time_legacy_center_zero_mask_32_to_224/all/GAO20210720t174343p0000-A/neg_08_x75_y403/s2_year.tif
GAO20210720t174343p0000-A,dropped_missing_required_time_or_path,0,/mnt/engg-niulab/yuyao/final_crop/s2_6time_legacy_center_zero_mask_32/all/GAO20210720t174343p0000-A/neg_09_x186_y189,/mnt/engg-niulab/yuyao/final_crop/s2_6time_legacy_center_zero_mask_32/all/GAO20210720t174343p0000-A/neg_09_x186_y189,/mnt/engg-niulab/yuyao/final_crop/s2_6time_legacy_center_zero_mask_32_to_224/all/GAO20210720t174343p0000-A/neg_09_x186_y189/plume.tif,/mnt/engg-niulab/yuyao/final_crop/s2_6time_legacy_center_zero_mask_32_to_224/all/GAO20210720t174343p0000-A/neg_09_x186_y189/plume.tif,/mnt/engg-niulab/yuyao/final_crop/s2_6time_legacy_center_zero_mask_32_to_224/all/GAO20210720t174343p0000-A/neg_09_x186_y189/plume.tif,186,189,186,189,legacy_center_anchor,,40.4028972,-104.94279,40.4028972,-104.94279,2021-07-20T17:43:43+00,2021-07-20T17:49:11.024000Z,2021-07-17T17:39:11.024000Z,2021-07-15T17:49:09.024000Z,2021-07-12T17:39:09.024000Z,,,/mnt/engg-niulab/yuyao/final_crop/s2_6time_legacy_center_zero_mask_32_to_224/all/GAO20210720t174343p0000-A/neg_09_x186_y189/s2_0.tif,/mnt/engg-niulab/yuyao/final_crop/s2_6time_legacy_center_zero_mask_32_to_224/all/GAO20210720t174343p0000-A/neg_09_x186_y189/s2_prev1.tif,/mnt/engg-niulab/yuyao/final_crop/s2_6time_legacy_center_zero_mask_32_to_224/all/GAO20210720t174343p0000-A/neg_09_x186_y189/s2_prev2.tif,/mnt/engg-niulab/yuyao/final_crop/s2_6time_legacy_center_zero_mask_32_to_224/all/GAO20210720t174343p0000-A/neg_09_x186_y189/s2_prev3.tif,/mnt/engg-niulab/yuyao/final_crop/s2_6time_legacy_center_zero_mask_32_to_224/all/GAO20210720t174343p0000-A/neg_09_x186_y189/s2_seasonal.tif,/mnt/engg-niulab/yuyao/final_crop/s2_6time_legacy_center_zero_mask_32_to_224/all/GAO20210720t174343p0000-A/neg_09_x186_y189/s2_year.tif,/mnt/engg-niulab/yuyao/final_crop/s2_6time_legacy_center_zero_mask_32_to_224/all/GAO20210720t174343p0000-A/neg_09_x186_y189/s2_0.tif,/mnt/engg-niulab/yuyao/final_crop/s2_6time_legacy_center_zero_mask_32_to_224/all/GAO20210720t174343p0000-A/neg_09_x186_y189/s2_0.tif,/mnt/engg-niulab/yuyao/final_crop/s2_6time_legacy_center_zero_mask_32_to_224/all/GAO20210720t174343p0000-A/neg_09_x186_y189/s2_prev1.tif,/mnt/engg-niulab/yuyao/final_crop/s2_6time_legacy_center_zero_mask_32_to_224/all/GAO20210720t174343p0000-A/neg_09_x186_y189/s2_seasonal.tif,/mnt/engg-niulab/yuyao/final_crop/s2_6time_legacy_center_zero_mask_32_to_224/all/GAO20210720t174343p0000-A/neg_09_x186_y189/s2_year.tif
GAO20210720t174343p0000-A,dropped_missing_required_time_or_path,0,/mnt/engg-niulab/yuyao/final_crop/s2_6time_legacy_center_zero_mask_32/all/GAO20210720t174343p0000-A/neg_10_x242_y138,/mnt/engg-niulab/yuyao/final_crop/s2_6time_legacy_center_zero_mask_32/all/GAO20210720t174343p0000-A/neg_10_x242_y138,/mnt/engg-niulab/yuyao/final_crop/s2_6time_legacy_center_zero_mask_32_to_224/all/GAO20210720t174343p0000-A/neg_10_x242_y138/plume.tif,/mnt/engg-niulab/yuyao/final_crop/s2_6time_legacy_center_zero_mask_32_to_224/all/GAO20210720t174343p0000-A/neg_10_x242_y138/plume.tif,/mnt/engg-niulab/yuyao/final_crop/s2_6time_legacy_center_zero_mask_32_to_224/all/GAO20210720t174343p0000-A/neg_10_x242_y138/plume.tif,242,138,242,138,legacy_center_anchor,,40.4028972,-104.94279,40.4028972,-104.94279,2021-07-20T17:43:43+00,2021-07-20T17:49:11.024000Z,2021-07-17T17:39:11.024000Z,2021-07-15T17:49:09.024000Z,2021-07-12T17:39:09.024000Z,,,/mnt/engg-niulab/yuyao/final_crop/s2_6time_legacy_center_zero_mask_32_to_224/all/GAO20210720t174343p0000-A/neg_10_x242_y138/s2_0.tif,/mnt/engg-niulab/yuyao/final_crop/s2_6time_legacy_center_zero_mask_32_to_224/all/GAO20210720t174343p0000-A/neg_10_x242_y138/s2_prev1.tif,/mnt/engg-niulab/yuyao/final_crop/s2_6time_legacy_center_zero_mask_32_to_224/all/GAO20210720t174343p0000-A/neg_10_x242_y138/s2_prev2.tif,/mnt/engg-niulab/yuyao/final_crop/s2_6time_legacy_center_zero_mask_32_to_224/all/GAO20210720t174343p0000-A/neg_10_x242_y138/s2_prev3.tif,/mnt/engg-niulab/yuyao/final_crop/s2_6time_legacy_center_zero_mask_32_to_224/all/GAO20210720t174343p0000-A/neg_10_x242_y138/s2_seasonal.tif,/mnt/engg-niulab/yuyao/final_crop/s2_6time_legacy_center_zero_mask_32_to_224/all/GAO20210720t174343p0000-A/neg_10_x242_y138/s2_year.tif,/mnt/engg-niulab/yuyao/final_crop/s2_6time_legacy_center_zero_mask_32_to_224/all/GAO20210720t174343p0000-A/neg_10_x242_y138/s2_0.tif,/mnt/engg-niulab/yuyao/final_crop/s2_6time_legacy_center_zero_mask_32_to_224/all/GAO20210720t174343p0000-A/neg_10_x242_y138/s2_0.tif,/mnt/engg-niulab/yuyao/final_crop/s2_6time_legacy_center_zero_mask_32_to_224/all/GAO20210720t174343p0000-A/neg_10_x242_y138/s2_prev1.tif,/mnt/engg-niulab/yuyao/final_crop/s2_6time_legacy_center_zero_mask_32_to_224/all/GAO20210720t174343p0000-A/neg_10_x242_y138/s2_seasonal.tif,/mnt/engg-niulab/yuyao/final_crop/s2_6time_legacy_center_zero_mask_32_to_224/all/GAO20210720t174343p0000-A/neg_10_x242_y138/s2_year.tif
GAO20210720t174343p0000-A,dropped_missing_required_time_or_path,0,/mnt/engg-niulab/yuyao/final_crop/s2_6time_legacy_center_zero_mask_32/all/GAO20210720t174343p0000-A/neg_11_x19_y377,/mnt/engg-niulab/yuyao/final_crop/s2_6time_legacy_center_zero_mask_32/all/GAO20210720t174343p0000-A/neg_11_x19_y377,/mnt/engg-niulab/yuyao/final_crop/s2_6time_legacy_center_zero_mask_32_to_224/all/GAO20210720t174343p0000-A/neg_11_x19_y377/plume.tif,/mnt/engg-niulab/yuyao/final_crop/s2_6time_legacy_center_zero_mask_32_to_224/all/GAO20210720t174343p0000-A/neg_11_x19_y377/plume.tif,/mnt/engg-niulab/yuyao/final_crop/s2_6time_legacy_center_zero_mask_32_to_224/all/GAO20210720t174343p0000-A/neg_11_x19_y377/plume.tif,19,377,19,377,legacy_center_anchor,,40.4028972,-104.94279,40.4028972,-104.94279,2021-07-20T17:43:43+00,2021-07-20T17:49:11.024000Z,2021-07-17T17:39:11.024000Z,2021-07-15T17:49:09.024000Z,2021-07-12T17:39:09.024000Z,,,/mnt/engg-niulab/yuyao/final_crop/s2_6time_legacy_center_zero_mask_32_to_224/all/GAO20210720t174343p0000-A/neg_11_x19_y377/s2_0.tif,/mnt/engg-niulab/yuyao/final_crop/s2_6time_legacy_center_zero_mask_32_to_224/all/GAO20210720t174343p0000-A/neg_11_x19_y377/s2_prev1.tif,/mnt/engg-niulab/yuyao/final_crop/s2_6time_legacy_center_zero_mask_32_to_224/all/GAO20210720t174343p0000-A/neg_11_x19_y377/s2_prev2.tif,/mnt/engg-niulab/yuyao/final_crop/s2_6time_legacy_center_zero_mask_32_to_224/all/GAO20210720t174343p0000-A/neg_11_x19_y377/s2_prev3.tif,/mnt/engg-niulab/yuyao/final_crop/s2_6time_legacy_center_zero_mask_32_to_224/all/GAO20210720t174343p0000-A/neg_11_x19_y377/s2_seasonal.tif,/mnt/engg-niulab/yuyao/final_crop/s2_6time_legacy_center_zero_mask_32_to_224/all/GAO20210720t174343p0000-A/neg_11_x19_y377/s2_year.tif,/mnt/engg-niulab/yuyao/final_crop/s2_6time_legacy_center_zero_mask_32_to_224/all/GAO20210720t174343p0000-A/neg_11_x19_y377/s2_0.tif,/mnt/engg-niulab/yuyao/final_crop/s2_6time_legacy_center_zero_mask_32_to_224/all/GAO20210720t174343p0000-A/neg_11_x19_y377/s2_0.tif,/mnt/engg-niulab/yuyao/final_crop/s2_6time_legacy_center_zero_mask_32_to_224/all/GAO20210720t174343p0000-A/neg_11_x19_y377/s2_prev1.tif,/mnt/engg-niulab/yuyao/final_crop/s2_6time_legacy_center_zero_mask_32_to_224/all/GAO20210720t174343p0000-A/neg_11_x19_y377/s2_seasonal.tif,/mnt/engg-niulab/yuyao/final_crop/s2_6time_legacy_center_zero_mask_32_to_224/all/GAO20210720t174343p0000-A/neg_11_x19_y377/s2_year.tif
GAO20210720t174343p0000-A,dropped_missing_required_time_or_path,0,/mnt/engg-niulab/yuyao/final_crop/s2_6time_legacy_center_zero_mask_32/all/GAO20210720t174343p0000-A/neg_12_x406_y377,/mnt/engg-niulab/yuyao/final_crop/s2_6time_legacy_center_zero_mask_32/all/GAO20210720t174343p0000-A/neg_12_x406_y377,/mnt/engg-niulab/yuyao/final_crop/s2_6time_legacy_center_zero_mask_32_to_224/all/GAO20210720t174343p0000-A/neg_12_x406_y377/plume.tif,/mnt/engg-niulab/yuyao/final_crop/s2_6time_legacy_center_zero_mask_32_to_224/all/GAO20210720t174343p0000-A/neg_12_x406_y377/plume.tif,/mnt/engg-niulab/yuyao/final_crop/s2_6time_legacy_center_zero_mask_32_to_224/all/GAO20210720t174343p0000-A/neg_12_x406_y377/plume.tif,406,377,406,377,legacy_center_anchor,,40.4028972,-104.94279,40.4028972,-104.94279,2021-07-20T17:43:43+00,2021-07-20T17:49:11.024000Z,2021-07-17T17:39:11.024000Z,2021-07-15T17:49:09.024000Z,2021-07-12T17:39:09.024000Z,,,/mnt/engg-niulab/yuyao/final_crop/s2_6time_legacy_center_zero_mask_32_to_224/all/GAO20210720t174343p0000-A/neg_12_x406_y377/s2_0.tif,/mnt/engg-niulab/yuyao/final_crop/s2_6time_legacy_center_zero_mask_32_to_224/all/GAO20210720t174343p0000-A/neg_12_x406_y377/s2_prev1.tif,/mnt/engg-niulab/yuyao/final_crop/s2_6time_legacy_center_zero_mask_32_to_224/all/GAO20210720t174343p0000-A/neg_12_x406_y377/s2_prev2.tif,/mnt/engg-niulab/yuyao/final_crop/s2_6time_legacy_center_zero_mask_32_to_224/all/GAO20210720t174343p0000-A/neg_12_x406_y377/s2_prev3.tif,/mnt/engg-niulab/yuyao/final_crop/s2_6time_legacy_center_zero_mask_32_to_224/all/GAO20210720t174343p0000-A/neg_12_x406_y377/s2_seasonal.tif,/mnt/engg-niulab/yuyao/final_crop/s2_6time_legacy_center_zero_mask_32_to_224/all/GAO20210720t174343p0000-A/neg_12_x406_y377/s2_year.tif,/mnt/engg-niulab/yuyao/final_crop/s2_6time_legacy_center_zero_mask_32_to_224/all/GAO20210720t174343p0000-A/neg_12_x406_y377/s2_0.tif,/mnt/engg-niulab/yuyao/final_crop/s2_6time_legacy_center_zero_mask_32_to_224/all/GAO20210720t174343p0000-A/neg_12_x406_y377/s2_0.tif,/mnt/engg-niulab/yuyao/final_crop/s2_6time_legacy_center_zero_mask_32_to_224/all/GAO20210720t174343p0000-A/neg_12_x406_y377/s2_prev1.tif,/mnt/engg-niulab/yuyao/final_crop/s2_6time_legacy_center_zero_mask_32_to_224/all/GAO20210720t174343p0000-A/neg_12_x406_y377/s2_seasonal.tif,/mnt/engg-niulab/yuyao/final_crop/s2_6time_legacy_center_zero_mask_32_to_224/all/GAO20210720t174343p0000-A/neg_12_x406_y377/s2_year.tif
GAO20210720t174343p0000-A,dropped_missing_required_time_or_path,0,/mnt/engg-niulab/yuyao/final_crop/s2_6time_legacy_center_zero_mask_32/all/GAO20210720t174343p0000-A/neg_13_x381_y7,/mnt/engg-niulab/yuyao/final_crop/s2_6time_legacy_center_zero_mask_32/all/GAO20210720t174343p0000-A/neg_13_x381_y7,/mnt/engg-niulab/yuyao/final_crop/s2_6time_legacy_center_zero_mask_32_to_224/all/GAO20210720t174343p0000-A/neg_13_x381_y7/plume.tif,/mnt/engg-niulab/yuyao/final_crop/s2_6time_legacy_center_zero_mask_32_to_224/all/GAO20210720t174343p0000-A/neg_13_x381_y7/plume.tif,/mnt/engg-niulab/yuyao/final_crop/s2_6time_legacy_center_zero_mask_32_to_224/all/GAO20210720t174343p0000-A/neg_13_x381_y7/plume.tif,381,7,381,7,legacy_center_anchor,,40.4028972,-104.94279,40.4028972,-104.94279,2021-07-20T17:43:43+00,2021-07-20T17:49:11.024000Z,2021-07-17T17:39:11.024000Z,2021-07-15T17:49:09.024000Z,2021-07-12T17:39:09.024000Z,,,/mnt/engg-niulab/yuyao/final_crop/s2_6time_legacy_center_zero_mask_32_to_224/all/GAO20210720t174343p0000-A/neg_13_x381_y7/s2_0.tif,/mnt/engg-niulab/yuyao/final_crop/s2_6time_legacy_center_zero_mask_32_to_224/all/GAO20210720t174343p0000-A/neg_13_x381_y7/s2_prev1.tif,/mnt/engg-niulab/yuyao/final_crop/s2_6time_legacy_center_zero_mask_32_to_224/all/GAO20210720t174343p0000-A/neg_13_x381_y7/s2_prev2.tif,/mnt/engg-niulab/yuyao/final_crop/s2_6time_legacy_center_zero_mask_32_to_224/all/GAO20210720t174343p0000-A/neg_13_x381_y7/s2_prev3.tif,/mnt/engg-niulab/yuyao/final_crop/s2_6time_legacy_center_zero_mask_32_to_224/all/GAO20210720t174343p0000-A/neg_13_x381_y7/s2_seasonal.tif,/mnt/engg-niulab/yuyao/final_crop/s2_6time_legacy_center_zero_mask_32_to_224/all/GAO20210720t174343p0000-A/neg_13_x381_y7/s2_year.tif,/mnt/engg-niulab/yuyao/final_crop/s2_6time_legacy_center_zero_mask_32_to_224/all/GAO20210720t174343p0000-A/neg_13_x381_y7/s2_0.tif,/mnt/engg-niulab/yuyao/final_crop/s2_6time_legacy_center_zero_mask_32_to_224/all/GAO20210720t174343p0000-A/neg_13_x381_y7/s2_0.tif,/mnt/engg-niulab/yuyao/final_crop/s2_6time_legacy_center_zero_mask_32_to_224/all/GAO20210720t174343p0000-A/neg_13_x381_y7/s2_prev1.tif,/mnt/engg-niulab/yuyao/final_crop/s2_6time_legacy_center_zero_mask_32_to_224/all/GAO20210720t174343p0000-A/neg_13_x381_y7/s2_seasonal.tif,/mnt/engg-niulab/yuyao/final_crop/s2_6time_legacy_center_zero_mask_32_to_224/all/GAO20210720t174343p0000-A/neg_13_x381_y7/s2_year.tif
GAO20210720t174343p0000-A,dropped_missing_required_time_or_path,0,/mnt/engg-niulab/yuyao/final_crop/s2_6time_legacy_center_zero_mask_32/all/GAO20210720t174343p0000-A/neg_14_x74_y221,/mnt/engg-niulab/yuyao/final_crop/s2_6time_legacy_center_zero_mask_32/all/GAO20210720t174343p0000-A/neg_14_x74_y221,/mnt/engg-niulab/yuyao/final_crop/s2_6time_legacy_center_zero_mask_32_to_224/all/GAO20210720t174343p0000-A/neg_14_x74_y221/plume.tif,/mnt/engg-niulab/yuyao/final_crop/s2_6time_legacy_center_zero_mask_32_to_224/all/GAO20210720t174343p0000-A/neg_14_x74_y221/plume.tif,/mnt/engg-niulab/yuyao/final_crop/s2_6time_legacy_center_zero_mask_32_to_224/all/GAO20210720t174343p0000-A/neg_14_x74_y221/plume.tif,74,221,74,221,legacy_center_anchor,,40.4028972,-104.94279,40.4028972,-104.94279,2021-07-20T17:43:43+00,2021-07-20T17:49:11.024000Z,2021-07-17T17:39:11.024000Z,2021-07-15T17:49:09.024000Z,2021-07-12T17:39:09.024000Z,,,/mnt/engg-niulab/yuyao/final_crop/s2_6time_legacy_center_zero_mask_32_to_224/all/GAO20210720t174343p0000-A/neg_14_x74_y221/s2_0.tif,/mnt/engg-niulab/yuyao/final_crop/s2_6time_legacy_center_zero_mask_32_to_224/all/GAO20210720t174343p0000-A/neg_14_x74_y221/s2_prev1.tif,/mnt/engg-niulab/yuyao/final_crop/s2_6time_legacy_center_zero_mask_32_to_224/all/GAO20210720t174343p0000-A/neg_14_x74_y221/s2_prev2.tif,/mnt/engg-niulab/yuyao/final_crop/s2_6time_legacy_center_zero_mask_32_to_224/all/GAO20210720t174343p0000-A/neg_14_x74_y221/s2_prev3.tif,/mnt/engg-niulab/yuyao/final_crop/s2_6time_legacy_center_zero_mask_32_to_224/all/GAO20210720t174343p0000-A/neg_14_x74_y221/s2_seasonal.tif,/mnt/engg-niulab/yuyao/final_crop/s2_6time_legacy_center_zero_mask_32_to_224/all/GAO20210720t174343p0000-A/neg_14_x74_y221/s2_year.tif,/mnt/engg-niulab/yuyao/final_crop/s2_6time_legacy_center_zero_mask_32_to_224/all/GAO20210720t174343p0000-A/neg_14_x74_y221/s2_0.tif,/mnt/engg-niulab/yuyao/final_crop/s2_6time_legacy_center_zero_mask_32_to_224/all/GAO20210720t174343p0000-A/neg_14_x74_y221/s2_0.tif,/mnt/engg-niulab/yuyao/final_crop/s2_6time_legacy_center_zero_mask_32_to_224/all/GAO20210720t174343p0000-A/neg_14_x74_y221/s2_prev1.tif,/mnt/engg-niulab/yuyao/final_crop/s2_6time_legacy_center_zero_mask_32_to_224/all/GAO20210720t174343p0000-A/neg_14_x74_y221/s2_seasonal.tif,/mnt/engg-niulab/yuyao/final_crop/s2_6time_legacy_center_zero_mask_32_to_224/all/GAO20210720t174343p0000-A/neg_14_x74_y221/s2_year.tif
GAO20210720t174343p0000-A,dropped_missing_required_time_or_path,0,/mnt/engg-niulab/yuyao/final_crop/s2_6time_legacy_center_zero_mask_32/all/GAO20210720t174343p0000-A/neg_15_x88_y318,/mnt/engg-niulab/yuyao/final_crop/s2_6time_legacy_center_zero_mask_32/all/GAO20210720t174343p0000-A/neg_15_x88_y318,/mnt/engg-niulab/yuyao/final_crop/s2_6time_legacy_center_zero_mask_32_to_224/all/GAO20210720t174343p0000-A/neg_15_x88_y318/plume.tif,/mnt/engg-niulab/yuyao/final_crop/s2_6time_legacy_center_zero_mask_32_to_224/all/GAO20210720t174343p0000-A/neg_15_x88_y318/plume.tif,/mnt/engg-niulab/yuyao/final_crop/s2_6time_legacy_center_zero_mask_32_to_224/all/GAO20210720t174343p0000-A/neg_15_x88_y318/plume.tif,88,318,88,318,legacy_center_anchor,,40.4028972,-104.94279,40.4028972,-104.94279,2021-07-20T17:43:43+00,2021-07-20T17:49:11.024000Z,2021-07-17T17:39:11.024000Z,2021-07-15T17:49:09.024000Z,2021-07-12T17:39:09.024000Z,,,/mnt/engg-niulab/yuyao/final_crop/s2_6time_legacy_center_zero_mask_32_to_224/all/GAO20210720t174343p0000-A/neg_15_x88_y318/s2_0.tif,/mnt/engg-niulab/yuyao/final_crop/s2_6time_legacy_center_zero_mask_32_to_224/all/GAO20210720t174343p0000-A/neg_15_x88_y318/s2_prev1.tif,/mnt/engg-niulab/yuyao/final_crop/s2_6time_legacy_center_zero_mask_32_to_224/all/GAO20210720t174343p0000-A/neg_15_x88_y318/s2_prev2.tif,/mnt/engg-niulab/yuyao/final_crop/s2_6time_legacy_center_zero_mask_32_to_224/all/GAO20210720t174343p0000-A/neg_15_x88_y318/s2_prev3.tif,/mnt/engg-niulab/yuyao/final_crop/s2_6time_legacy_center_zero_mask_32_to_224/all/GAO20210720t174343p0000-A/neg_15_x88_y318/s2_seasonal.tif,/mnt/engg-niulab/yuyao/final_crop/s2_6time_legacy_center_zero_mask_32_to_224/all/GAO20210720t174343p0000-A/neg_15_x88_y318/s2_year.tif,/mnt/engg-niulab/yuyao/final_crop/s2_6time_legacy_center_zero_mask_32_to_224/all/GAO20210720t174343p0000-A/neg_15_x88_y318/s2_0.tif,/mnt/engg-niulab/yuyao/final_crop/s2_6time_legacy_center_zero_mask_32_to_224/all/GAO20210720t174343p0000-A/neg_15_x88_y318/s2_0.tif,/mnt/engg-niulab/yuyao/final_crop/s2_6time_legacy_center_zero_mask_32_to_224/all/GAO20210720t174343p0000-A/neg_15_x88_y318/s2_prev1.tif,/mnt/engg-niulab/yuyao/final_crop/s2_6time_legacy_center_zero_mask_32_to_224/all/GAO20210720t174343p0000-A/neg_15_x88_y318/s2_seasonal.tif,/mnt/engg-niulab/yuyao/final_crop/s2_6time_legacy_center_zero_mask_32_to_224/all/GAO20210720t174343p0000-A/neg_15_x88_y318/s2_year.tif
GAO20211007t161356p0000-D,dropped_missing_required_time_or_path,1,/mnt/engg-niulab/yuyao/final_crop/s2_6time_legacy_center_zero_mask_32/all/GAO20211007t161356p0000-D/pos_00_x248_y253,/mnt/engg-niulab/yuyao/final_crop/s2_6time_legacy_center_zero_mask_32/all/GAO20211007t161356p0000-D/pos_00_x248_y253,/mnt/engg-niulab/yuyao/final_crop/s2_6time_legacy_center_zero_mask_32_to_224/all/GAO20211007t161356p0000-D/pos_00_x248_y253/plume.tif,/mnt/engg-niulab/yuyao/final_crop/s2_6time_legacy_center_zero_mask_32_to_224/all/GAO20211007t161356p0000-D/pos_00_x248_y253/plume.tif,/mnt/engg-niulab/yuyao/final_crop/s2_6time_legacy_center_zero_mask_32_to_224/all/GAO20211007t161356p0000-D/pos_00_x248_y253/plume.tif,248,253,248,253,legacy_center_anchor,,32.0049124,-103.8905,32.0049124,-103.8905,2021-10-07T16:13:56+00,2021-10-07T17:31:19.024000Z,2021-10-02T17:31:41.024000Z,2021-09-27T17:30:09.024000Z,2021-09-22T17:30:31.024000Z,,,/mnt/engg-niulab/yuyao/final_crop/s2_6time_legacy_center_zero_mask_32_to_224/all/GAO20211007t161356p0000-D/pos_00_x248_y253/s2_0.tif,/mnt/engg-niulab/yuyao/final_crop/s2_6time_legacy_center_zero_mask_32_to_224/all/GAO20211007t161356p0000-D/pos_00_x248_y253/s2_prev1.tif,/mnt/engg-niulab/yuyao/final_crop/s2_6time_legacy_center_zero_mask_32_to_224/all/GAO20211007t161356p0000-D/pos_00_x248_y253/s2_prev2.tif,/mnt/engg-niulab/yuyao/final_crop/s2_6time_legacy_center_zero_mask_32_to_224/all/GAO20211007t161356p0000-D/pos_00_x248_y253/s2_prev3.tif,/mnt/engg-niulab/yuyao/final_crop/s2_6time_legacy_center_zero_mask_32_to_224/all/GAO20211007t161356p0000-D/pos_00_x248_y253/s2_seasonal.tif,/mnt/engg-niulab/yuyao/final_crop/s2_6time_legacy_center_zero_mask_32_to_224/all/GAO20211007t161356p0000-D/pos_00_x248_y253/s2_year.tif,/mnt/engg-niulab/yuyao/final_crop/s2_6time_legacy_center_zero_mask_32_to_224/all/GAO20211007t161356p0000-D/pos_00_x248_y253/s2_0.tif,/mnt/engg-niulab/yuyao/final_crop/s2_6time_legacy_center_zero_mask_32_to_224/all/GAO20211007t161356p0000-D/pos_00_x248_y253/s2_0.tif,/mnt/engg-niulab/yuyao/final_crop/s2_6time_legacy_center_zero_mask_32_to_224/all/GAO20211007t161356p0000-D/pos_00_x248_y253/s2_prev1.tif,/mnt/engg-niulab/yuyao/final_crop/s2_6time_legacy_center_zero_mask_32_to_224/all/GAO20211007t161356p0000-D/pos_00_x248_y253/s2_seasonal.tif,/mnt/engg-niulab/yuyao/final_crop/s2_6time_legacy_center_zero_mask_32_to_224/all/GAO20211007t161356p0000-D/pos_00_x248_y253/s2_year.tif
GAO20211007t161356p0000-D,dropped_missing_required_time_or_path,1,/mnt/engg-niulab/yuyao/final_crop/s2_6time_legacy_center_zero_mask_32/all/GAO20211007t161356p0000-D/pos_01_x235_y245,/mnt/engg-niulab/yuyao/final_crop/s2_6time_legacy_center_zero_mask_32/all/GAO20211007t161356p0000-D/pos_01_x235_y245,/mnt/engg-niulab/yuyao/final_crop/s2_6time_legacy_center_zero_mask_32_to_224/all/GAO20211007t161356p0000-D/pos_01_x235_y245/plume.tif,/mnt/engg-niulab/yuyao/final_crop/s2_6time_legacy_center_zero_mask_32_to_224/all/GAO20211007t161356p0000-D/pos_01_x235_y245/plume.tif,/mnt/engg-niulab/yuyao/final_crop/s2_6time_legacy_center_zero_mask_32_to_224/all/GAO20211007t161356p0000-D/pos_01_x235_y245/plume.tif,235,245,235,245,legacy_center_anchor,,32.0049124,-103.8905,32.0049124,-103.8905,2021-10-07T16:13:56+00,2021-10-07T17:31:19.024000Z,2021-10-02T17:31:41.024000Z,2021-09-27T17:30:09.024000Z,2021-09-22T17:30:31.024000Z,,,/mnt/engg-niulab/yuyao/final_crop/s2_6time_legacy_center_zero_mask_32_to_224/all/GAO20211007t161356p0000-D/pos_01_x235_y245/s2_0.tif,/mnt/engg-niulab/yuyao/final_crop/s2_6time_legacy_center_zero_mask_32_to_224/all/GAO20211007t161356p0000-D/pos_01_x235_y245/s2_prev1.tif,/mnt/engg-niulab/yuyao/final_crop/s2_6time_legacy_center_zero_mask_32_to_224/all/GAO20211007t161356p0000-D/pos_01_x235_y245/s2_prev2.tif,/mnt/engg-niulab/yuyao/final_crop/s2_6time_legacy_center_zero_mask_32_to_224/all/GAO20211007t161356p0000-D/pos_01_x235_y245/s2_prev3.tif,/mnt/engg-niulab/yuyao/final_crop/s2_6time_legacy_center_zero_mask_32_to_224/all/GAO20211007t161356p0000-D/pos_01_x235_y245/s2_seasonal.tif,/mnt/engg-niulab/yuyao/final_crop/s2_6time_legacy_center_zero_mask_32_to_224/all/GAO20211007t161356p0000-D/pos_01_x235_y245/s2_year.tif,/mnt/engg-niulab/yuyao/final_crop/s2_6time_legacy_center_zero_mask_32_to_224/all/GAO20211007t161356p0000-D/pos_01_x235_y245/s2_0.tif,/mnt/engg-niulab/yuyao/final_crop/s2_6time_legacy_center_zero_mask_32_to_224/all/GAO20211007t161356p0000-D/pos_01_x235_y245/s2_0.tif,/mnt/engg-niulab/yuyao/final_crop/s2_6time_legacy_center_zero_mask_32_to_224/all/GAO20211007t161356p0000-D/pos_01_x235_y245/s2_prev1.tif,/mnt/engg-niulab/yuyao/final_crop/s2_6time_legacy_center_zero_mask_32_to_224/all/GAO20211007t161356p0000-D/pos_01_x235_y245/s2_seasonal.tif,/mnt/engg-niulab/yuyao/final_crop/s2_6time_legacy_center_zero_mask_32_to_224/all/GAO20211007t161356p0000-D/pos_01_x235_y245/s2_year.tif
GAO20211007t161356p0000-D,dropped_missing_required_time_or_path,1,/mnt/engg-niulab/yuyao/final_crop/s2_6time_legacy_center_zero_mask_32/all/GAO20211007t161356p0000-D/pos_02_x238_y251,/mnt/engg-niulab/yuyao/final_crop/s2_6time_legacy_center_zero_mask_32/all/GAO20211007t161356p0000-D/pos_02_x238_y251,/mnt/engg-niulab/yuyao/final_crop/s2_6time_legacy_center_zero_mask_32_to_224/all/GAO20211007t161356p0000-D/pos_02_x238_y251/plume.tif,/mnt/engg-niulab/yuyao/final_crop/s2_6time_legacy_center_zero_mask_32_to_224/all/GAO20211007t161356p0000-D/pos_02_x238_y251/plume.tif,/mnt/engg-niulab/yuyao/final_crop/s2_6time_legacy_center_zero_mask_32_to_224/all/GAO20211007t161356p0000-D/pos_02_x238_y251/plume.tif,238,251,238,251,legacy_center_anchor,,32.0049124,-103.8905,32.0049124,-103.8905,2021-10-07T16:13:56+00,2021-10-07T17:31:19.024000Z,2021-10-02T17:31:41.024000Z,2021-09-27T17:30:09.024000Z,2021-09-22T17:30:31.024000Z,,,/mnt/engg-niulab/yuyao/final_crop/s2_6time_legacy_center_zero_mask_32_to_224/all/GAO20211007t161356p0000-D/pos_02_x238_y251/s2_0.tif,/mnt/engg-niulab/yuyao/final_crop/s2_6time_legacy_center_zero_mask_32_to_224/all/GAO20211007t161356p0000-D/pos_02_x238_y251/s2_prev1.tif,/mnt/engg-niulab/yuyao/final_crop/s2_6time_legacy_center_zero_mask_32_to_224/all/GAO20211007t161356p0000-D/pos_02_x238_y251/s2_prev2.tif,/mnt/engg-niulab/yuyao/final_crop/s2_6time_legacy_center_zero_mask_32_to_224/all/GAO20211007t161356p0000-D/pos_02_x238_y251/s2_prev3.tif,/mnt/engg-niulab/yuyao/final_crop/s2_6time_legacy_center_zero_mask_32_to_224/all/GAO20211007t161356p0000-D/pos_02_x238_y251/s2_seasonal.tif,/mnt/engg-niulab/yuyao/final_crop/s2_6time_legacy_center_zero_mask_32_to_224/all/GAO20211007t161356p0000-D/pos_02_x238_y251/s2_year.tif,/mnt/engg-niulab/yuyao/final_crop/s2_6time_legacy_center_zero_mask_32_to_224/all/GAO20211007t161356p0000-D/pos_02_x238_y251/s2_0.tif,/mnt/engg-niulab/yuyao/final_crop/s2_6time_legacy_center_zero_mask_32_to_224/all/GAO20211007t161356p0000-D/pos_02_x238_y251/s2_0.tif,/mnt/engg-niulab/yuyao/final_crop/s2_6time_legacy_center_zero_mask_32_to_224/all/GAO20211007t161356p0000-D/pos_02_x238_y251/s2_prev1.tif,/mnt/engg-niulab/yuyao/final_crop/s2_6time_legacy_center_zero_mask_32_to_224/all/GAO20211007t161356p0000-D/pos_02_x238_y251/s2_seasonal.tif,/mnt/engg-niulab/yuyao/final_crop/s2_6time_legacy_center_zero_mask_32_to_224/all/GAO20211007t161356p0000-D/pos_02_x238_y251/s2_year.tif
GAO20211007t161356p0000-D,dropped_missing_required_time_or_path,1,/mnt/engg-niulab/yuyao/final_crop/s2_6time_legacy_center_zero_mask_32/all/GAO20211007t161356p0000-D/pos_03_x230_y252,/mnt/engg-niulab/yuyao/final_crop/s2_6time_legacy_center_zero_mask_32/all/GAO20211007t161356p0000-D/pos_03_x230_y252,/mnt/engg-niulab/yuyao/final_crop/s2_6time_legacy_center_zero_mask_32_to_224/all/GAO20211007t161356p0000-D/pos_03_x230_y252/plume.tif,/mnt/engg-niulab/yuyao/final_crop/s2_6time_legacy_center_zero_mask_32_to_224/all/GAO20211007t161356p0000-D/pos_03_x230_y252/plume.tif,/mnt/engg-niulab/yuyao/final_crop/s2_6time_legacy_center_zero_mask_32_to_224/all/GAO20211007t161356p0000-D/pos_03_x230_y252/plume.tif,230,252,230,252,legacy_center_anchor,,32.0049124,-103.8905,32.0049124,-103.8905,2021-10-07T16:13:56+00,2021-10-07T17:31:19.024000Z,2021-10-02T17:31:41.024000Z,2021-09-27T17:30:09.024000Z,2021-09-22T17:30:31.024000Z,,,/mnt/engg-niulab/yuyao/final_crop/s2_6time_legacy_center_zero_mask_32_to_224/all/GAO20211007t161356p0000-D/pos_03_x230_y252/s2_0.tif,/mnt/engg-niulab/yuyao/final_crop/s2_6time_legacy_center_zero_mask_32_to_224/all/GAO20211007t161356p0000-D/pos_03_x230_y252/s2_prev1.tif,/mnt/engg-niulab/yuyao/final_crop/s2_6time_legacy_center_zero_mask_32_to_224/all/GAO20211007t161356p0000-D/pos_03_x230_y252/s2_prev2.tif,/mnt/engg-niulab/yuyao/final_crop/s2_6time_legacy_center_zero_mask_32_to_224/all/GAO20211007t161356p0000-D/pos_03_x230_y252/s2_prev3.tif,/mnt/engg-niulab/yuyao/final_crop/s2_6time_legacy_center_zero_mask_32_to_224/all/GAO20211007t161356p0000-D/pos_03_x230_y252/s2_seasonal.tif,/mnt/engg-niulab/yuyao/final_crop/s2_6time_legacy_center_zero_mask_32_to_224/all/GAO20211007t161356p0000-D/pos_03_x230_y252/s2_year.tif,/mnt/engg-niulab/yuyao/final_crop/s2_6time_legacy_center_zero_mask_32_to_224/all/GAO20211007t161356p0000-D/pos_03_x230_y252/s2_0.tif,/mnt/engg-niulab/yuyao/final_crop/s2_6time_legacy_center_zero_mask_32_to_224/all/GAO20211007t161356p0000-D/pos_03_x230_y252/s2_0.tif,/mnt/engg-niulab/yuyao/final_crop/s2_6time_legacy_center_zero_mask_32_to_224/all/GAO20211007t161356p0000-D/pos_03_x230_y252/s2_prev1.tif,/mnt/engg-niulab/yuyao/final_crop/s2_6time_legacy_center_zero_mask_32_to_224/all/GAO20211007t161356p0000-D/pos_03_x230_y252/s2_seasonal.tif,/mnt/engg-niulab/yuyao/final_crop/s2_6time_legacy_center_zero_mask_32_to_224/all/GAO20211007t161356p0000-D/pos_03_x230_y252/s2_year.tif
GAO20211007t161356p0000-D,dropped_missing_required_time_or_path,1,/mnt/engg-niulab/yuyao/final_crop/s2_6time_legacy_center_zero_mask_32/all/GAO20211007t161356p0000-D/pos_04_x247_y232,/mnt/engg-niulab/yuyao/final_crop/s2_6time_legacy_center_zero_mask_32/all/GAO20211007t161356p0000-D/pos_04_x247_y232,/mnt/engg-niulab/yuyao/final_crop/s2_6time_legacy_center_zero_mask_32_to_224/all/GAO20211007t161356p0000-D/pos_04_x247_y232/plume.tif,/mnt/engg-niulab/yuyao/final_crop/s2_6time_legacy_center_zero_mask_32_to_224/all/GAO20211007t161356p0000-D/pos_04_x247_y232/plume.tif,/mnt/engg-niulab/yuyao/final_crop/s2_6time_legacy_center_zero_mask_32_to_224/all/GAO20211007t161356p0000-D/pos_04_x247_y232/plume.tif,247,232,247,232,legacy_center_anchor,,32.0049124,-103.8905,32.0049124,-103.8905,2021-10-07T16:13:56+00,2021-10-07T17:31:19.024000Z,2021-10-02T17:31:41.024000Z,2021-09-27T17:30:09.024000Z,2021-09-22T17:30:31.024000Z,,,/mnt/engg-niulab/yuyao/final_crop/s2_6time_legacy_center_zero_mask_32_to_224/all/GAO20211007t161356p0000-D/pos_04_x247_y232/s2_0.tif,/mnt/engg-niulab/yuyao/final_crop/s2_6time_legacy_center_zero_mask_32_to_224/all/GAO20211007t161356p0000-D/pos_04_x247_y232/s2_prev1.tif,/mnt/engg-niulab/yuyao/final_crop/s2_6time_legacy_center_zero_mask_32_to_224/all/GAO20211007t161356p0000-D/pos_04_x247_y232/s2_prev2.tif,/mnt/engg-niulab/yuyao/final_crop/s2_6time_legacy_center_zero_mask_32_to_224/all/GAO20211007t161356p0000-D/pos_04_x247_y232/s2_prev3.tif,/mnt/engg-niulab/yuyao/final_crop/s2_6time_legacy_center_zero_mask_32_to_224/all/GAO20211007t161356p0000-D/pos_04_x247_y232/s2_seasonal.tif,/mnt/engg-niulab/yuyao/final_crop/s2_6time_legacy_center_zero_mask_32_to_224/all/GAO20211007t161356p0000-D/pos_04_x247_y232/s2_year.tif,/mnt/engg-niulab/yuyao/final_crop/s2_6time_legacy_center_zero_mask_32_to_224/all/GAO20211007t161356p0000-D/pos_04_x247_y232/s2_0.tif,/mnt/engg-niulab/yuyao/final_crop/s2_6time_legacy_center_zero_mask_32_to_224/all/GAO20211007t161356p0000-D/pos_04_x247_y232/s2_0.tif,/mnt/engg-niulab/yuyao/final_crop/s2_6time_legacy_center_zero_mask_32_to_224/all/GAO20211007t161356p0000-D/pos_04_x247_y232/s2_prev1.tif,/mnt/engg-niulab/yuyao/final_crop/s2_6time_legacy_center_zero_mask_32_to_224/all/GAO20211007t161356p0000-D/pos_04_x247_y232/s2_seasonal.tif,/mnt/engg-niulab/yuyao/final_crop/s2_6time_legacy_center_zero_mask_32_to_224/all/GAO20211007t161356p0000-D/pos_04_x247_y232/s2_year.tif
GAO20211007t161356p0000-D,dropped_missing_required_time_or_path,1,/mnt/engg-niulab/yuyao/final_crop/s2_6time_legacy_center_zero_mask_32/all/GAO20211007t161356p0000-D/pos_05_x236_y239,/mnt/engg-niulab/yuyao/final_crop/s2_6time_legacy_center_zero_mask_32/all/GAO20211007t161356p0000-D/pos_05_x236_y239,/mnt/engg-niulab/yuyao/final_crop/s2_6time_legacy_center_zero_mask_32_to_224/all/GAO20211007t161356p0000-D/pos_05_x236_y239/plume.tif,/mnt/engg-niulab/yuyao/final_crop/s2_6time_legacy_center_zero_mask_32_to_224/all/GAO20211007t161356p0000-D/pos_05_x236_y239/plume.tif,/mnt/engg-niulab/yuyao/final_crop/s2_6time_legacy_center_zero_mask_32_to_224/all/GAO20211007t161356p0000-D/pos_05_x236_y239/plume.tif,236,239,236,239,legacy_center_anchor,,32.0049124,-103.8905,32.0049124,-103.8905,2021-10-07T16:13:56+00,2021-10-07T17:31:19.024000Z,2021-10-02T17:31:41.024000Z,2021-09-27T17:30:09.024000Z,2021-09-22T17:30:31.024000Z,,,/mnt/engg-niulab/yuyao/final_crop/s2_6time_legacy_center_zero_mask_32_to_224/all/GAO20211007t161356p0000-D/pos_05_x236_y239/s2_0.tif,/mnt/engg-niulab/yuyao/final_crop/s2_6time_legacy_center_zero_mask_32_to_224/all/GAO20211007t161356p0000-D/pos_05_x236_y239/s2_prev1.tif,/mnt/engg-niulab/yuyao/final_crop/s2_6time_legacy_center_zero_mask_32_to_224/all/GAO20211007t161356p0000-D/pos_05_x236_y239/s2_prev2.tif,/mnt/engg-niulab/yuyao/final_crop/s2_6time_legacy_center_zero_mask_32_to_224/all/GAO20211007t161356p0000-D/pos_05_x236_y239/s2_prev3.tif,/mnt/engg-niulab/yuyao/final_crop/s2_6time_legacy_center_zero_mask_32_to_224/all/GAO20211007t161356p0000-D/pos_05_x236_y239/s2_seasonal.tif,/mnt/engg-niulab/yuyao/final_crop/s2_6time_legacy_center_zero_mask_32_to_224/all/GAO20211007t161356p0000-D/pos_05_x236_y239/s2_year.tif,/mnt/engg-niulab/yuyao/final_crop/s2_6time_legacy_center_zero_mask_32_to_224/all/GAO20211007t161356p0000-D/pos_05_x236_y239/s2_0.tif,/mnt/engg-niulab/yuyao/final_crop/s2_6time_legacy_center_zero_mask_32_to_224/all/GAO20211007t161356p0000-D/pos_05_x236_y239/s2_0.tif,/mnt/engg-niulab/yuyao/final_crop/s2_6time_legacy_center_zero_mask_32_to_224/all/GAO20211007t161356p0000-D/pos_05_x236_y239/s2_prev1.tif,/mnt/engg-niulab/yuyao/final_crop/s2_6time_legacy_center_zero_mask_32_to_224/all/GAO20211007t161356p0000-D/pos_05_x236_y239/s2_seasonal.tif,/mnt/engg-niulab/yuyao/final_crop/s2_6time_legacy_center_zero_mask_32_to_224/all/GAO20211007t161356p0000-D/pos_05_x236_y239/s2_year.tif
GAO20211007t161356p0000-D,dropped_missing_required_time_or_path,1,/mnt/engg-niulab/yuyao/final_crop/s2_6time_legacy_center_zero_mask_32/all/GAO20211007t161356p0000-D/pos_06_x235_y234,/mnt/engg-niulab/yuyao/final_crop/s2_6time_legacy_center_zero_mask_32/all/GAO20211007t161356p0000-D/pos_06_x235_y234,/mnt/engg-niulab/yuyao/final_crop/s2_6time_legacy_center_zero_mask_32_to_224/all/GAO20211007t161356p0000-D/pos_06_x235_y234/plume.tif,/mnt/engg-niulab/yuyao/final_crop/s2_6time_legacy_center_zero_mask_32_to_224/all/GAO20211007t161356p0000-D/pos_06_x235_y234/plume.tif,/mnt/engg-niulab/yuyao/final_crop/s2_6time_legacy_center_zero_mask_32_to_224/all/GAO20211007t161356p0000-D/pos_06_x235_y234/plume.tif,235,234,235,234,legacy_center_anchor,,32.0049124,-103.8905,32.0049124,-103.8905,2021-10-07T16:13:56+00,2021-10-07T17:31:19.024000Z,2021-10-02T17:31:41.024000Z,2021-09-27T17:30:09.024000Z,2021-09-22T17:30:31.024000Z,,,/mnt/engg-niulab/yuyao/final_crop/s2_6time_legacy_center_zero_mask_32_to_224/all/GAO20211007t161356p0000-D/pos_06_x235_y234/s2_0.tif,/mnt/engg-niulab/yuyao/final_crop/s2_6time_legacy_center_zero_mask_32_to_224/all/GAO20211007t161356p0000-D/pos_06_x235_y234/s2_prev1.tif,/mnt/engg-niulab/yuyao/final_crop/s2_6time_legacy_center_zero_mask_32_to_224/all/GAO20211007t161356p0000-D/pos_06_x235_y234/s2_prev2.tif,/mnt/engg-niulab/yuyao/final_crop/s2_6time_legacy_center_zero_mask_32_to_224/all/GAO20211007t161356p0000-D/pos_06_x235_y234/s2_prev3.tif,/mnt/engg-niulab/yuyao/final_crop/s2_6time_legacy_center_zero_mask_32_to_224/all/GAO20211007t161356p0000-D/pos_06_x235_y234/s2_seasonal.tif,/mnt/engg-niulab/yuyao/final_crop/s2_6time_legacy_center_zero_mask_32_to_224/all/GAO20211007t161356p0000-D/pos_06_x235_y234/s2_year.tif,/mnt/engg-niulab/yuyao/final_crop/s2_6time_legacy_center_zero_mask_32_to_224/all/GAO20211007t161356p0000-D/pos_06_x235_y234/s2_0.tif,/mnt/engg-niulab/yuyao/final_crop/s2_6time_legacy_center_zero_mask_32_to_224/all/GAO20211007t161356p0000-D/pos_06_x235_y234/s2_0.tif,/mnt/engg-niulab/yuyao/final_crop/s2_6time_legacy_center_zero_mask_32_to_224/all/GAO20211007t161356p0000-D/pos_06_x235_y234/s2_prev1.tif,/mnt/engg-niulab/yuyao/final_crop/s2_6time_legacy_center_zero_mask_32_to_224/all/GAO20211007t161356p0000-D/pos_06_x235_y234/s2_seasonal.tif,/mnt/engg-niulab/yuyao/final_crop/s2_6time_legacy_center_zero_mask_32_to_224/all/GAO20211007t161356p0000-D/pos_06_x235_y234/s2_year.tif
GAO20211007t161356p0000-D,dropped_missing_required_time_or_path,1,/mnt/engg-niulab/yuyao/final_crop/s2_6time_legacy_center_zero_mask_32/all/GAO20211007t161356p0000-D/pos_07_x231_y243,/mnt/engg-niulab/yuyao/final_crop/s2_6time_legacy_center_zero_mask_32/all/GAO20211007t161356p0000-D/pos_07_x231_y243,/mnt/engg-niulab/yuyao/final_crop/s2_6time_legacy_center_zero_mask_32_to_224/all/GAO20211007t161356p0000-D/pos_07_x231_y243/plume.tif,/mnt/engg-niulab/yuyao/final_crop/s2_6time_legacy_center_zero_mask_32_to_224/all/GAO20211007t161356p0000-D/pos_07_x231_y243/plume.tif,/mnt/engg-niulab/yuyao/final_crop/s2_6time_legacy_center_zero_mask_32_to_224/all/GAO20211007t161356p0000-D/pos_07_x231_y243/plume.tif,231,243,231,243,legacy_center_anchor,,32.0049124,-103.8905,32.0049124,-103.8905,2021-10-07T16:13:56+00,2021-10-07T17:31:19.024000Z,2021-10-02T17:31:41.024000Z,2021-09-27T17:30:09.024000Z,2021-09-22T17:30:31.024000Z,,,/mnt/engg-niulab/yuyao/final_crop/s2_6time_legacy_center_zero_mask_32_to_224/all/GAO20211007t161356p0000-D/pos_07_x231_y243/s2_0.tif,/mnt/engg-niulab/yuyao/final_crop/s2_6time_legacy_center_zero_mask_32_to_224/all/GAO20211007t161356p0000-D/pos_07_x231_y243/s2_prev1.tif,/mnt/engg-niulab/yuyao/final_crop/s2_6time_legacy_center_zero_mask_32_to_224/all/GAO20211007t161356p0000-D/pos_07_x231_y243/s2_prev2.tif,/mnt/engg-niulab/yuyao/final_crop/s2_6time_legacy_center_zero_mask_32_to_224/all/GAO20211007t161356p0000-D/pos_07_x231_y243/s2_prev3.tif,/mnt/engg-niulab/yuyao/final_crop/s2_6time_legacy_center_zero_mask_32_to_224/all/GAO20211007t161356p0000-D/pos_07_x231_y243/s2_seasonal.tif,/mnt/engg-niulab/yuyao/final_crop/s2_6time_legacy_center_zero_mask_32_to_224/all/GAO20211007t161356p0000-D/pos_07_x231_y243/s2_year.tif,/mnt/engg-niulab/yuyao/final_crop/s2_6time_legacy_center_zero_mask_32_to_224/all/GAO20211007t161356p0000-D/pos_07_x231_y243/s2_0.tif,/mnt/engg-niulab/yuyao/final_crop/s2_6time_legacy_center_zero_mask_32_to_224/all/GAO20211007t161356p0000-D/pos_07_x231_y243/s2_0.tif,/mnt/engg-niulab/yuyao/final_crop/s2_6time_legacy_center_zero_mask_32_to_224/all/GAO20211007t161356p0000-D/pos_07_x231_y243/s2_prev1.tif,/mnt/engg-niulab/yuyao/final_crop/s2_6time_legacy_center_zero_mask_32_to_224/all/GAO20211007t161356p0000-D/pos_07_x231_y243/s2_seasonal.tif,/mnt/engg-niulab/yuyao/final_crop/s2_6time_legacy_center_zero_mask_32_to_224/all/GAO20211007t161356p0000-D/pos_07_x231_y243/s2_year.tif
GAO20211007t161356p0000-D,dropped_missing_required_time_or_path,1,/mnt/engg-niulab/yuyao/final_crop/s2_6time_legacy_center_zero_mask_32/all/GAO20211007t161356p0000-D/pos_08_x247_y240,/mnt/engg-niulab/yuyao/final_crop/s2_6time_legacy_center_zero_mask_32/all/GAO20211007t161356p0000-D/pos_08_x247_y240,/mnt/engg-niulab/yuyao/final_crop/s2_6time_legacy_center_zero_mask_32_to_224/all/GAO20211007t161356p0000-D/pos_08_x247_y240/plume.tif,/mnt/engg-niulab/yuyao/final_crop/s2_6time_legacy_center_zero_mask_32_to_224/all/GAO20211007t161356p0000-D/pos_08_x247_y240/plume.tif,/mnt/engg-niulab/yuyao/final_crop/s2_6time_legacy_center_zero_mask_32_to_224/all/GAO20211007t161356p0000-D/pos_08_x247_y240/plume.tif,247,240,247,240,legacy_center_anchor,,32.0049124,-103.8905,32.0049124,-103.8905,2021-10-07T16:13:56+00,2021-10-07T17:31:19.024000Z,2021-10-02T17:31:41.024000Z,2021-09-27T17:30:09.024000Z,2021-09-22T17:30:31.024000Z,,,/mnt/engg-niulab/yuyao/final_crop/s2_6time_legacy_center_zero_mask_32_to_224/all/GAO20211007t161356p0000-D/pos_08_x247_y240/s2_0.tif,/mnt/engg-niulab/yuyao/final_crop/s2_6time_legacy_center_zero_mask_32_to_224/all/GAO20211007t161356p0000-D/pos_08_x247_y240/s2_prev1.tif,/mnt/engg-niulab/yuyao/final_crop/s2_6time_legacy_center_zero_mask_32_to_224/all/GAO20211007t161356p0000-D/pos_08_x247_y240/s2_prev2.tif,/mnt/engg-niulab/yuyao/final_crop/s2_6time_legacy_center_zero_mask_32_to_224/all/GAO20211007t161356p0000-D/pos_08_x247_y240/s2_prev3.tif,/mnt/engg-niulab/yuyao/final_crop/s2_6time_legacy_center_zero_mask_32_to_224/all/GAO20211007t161356p0000-D/pos_08_x247_y240/s2_seasonal.tif,/mnt/engg-niulab/yuyao/final_crop/s2_6time_legacy_center_zero_mask_32_to_224/all/GAO20211007t161356p0000-D/pos_08_x247_y240/s2_year.tif,/mnt/engg-niulab/yuyao/final_crop/s2_6time_legacy_center_zero_mask_32_to_224/all/GAO20211007t161356p0000-D/pos_08_x247_y240/s2_0.tif,/mnt/engg-niulab/yuyao/final_crop/s2_6time_legacy_center_zero_mask_32_to_224/all/GAO20211007t161356p0000-D/pos_08_x247_y240/s2_0.tif,/mnt/engg-niulab/yuyao/final_crop/s2_6time_legacy_center_zero_mask_32_to_224/all/GAO20211007t161356p0000-D/pos_08_x247_y240/s2_prev1.tif,/mnt/engg-niulab/yuyao/final_crop/s2_6time_legacy_center_zero_mask_32_to_224/all/GAO20211007t161356p0000-D/pos_08_x247_y240/s2_seasonal.tif,/mnt/engg-niulab/yuyao/final_crop/s2_6time_legacy_center_zero_mask_32_to_224/all/GAO20211007t161356p0000-D/pos_08_x247_y240/s2_year.tif
GAO20211007t161356p0000-D,dropped_missing_required_time_or_path,1,/mnt/engg-niulab/yuyao/final_crop/s2_6time_legacy_center_zero_mask_32/all/GAO20211007t161356p0000-D/pos_09_x225_y242,/mnt/engg-niulab/yuyao/final_crop/s2_6time_legacy_center_zero_mask_32/all/GAO20211007t161356p0000-D/pos_09_x225_y242,/mnt/engg-niulab/yuyao/final_crop/s2_6time_legacy_center_zero_mask_32_to_224/all/GAO20211007t161356p0000-D/pos_09_x225_y242/plume.tif,/mnt/engg-niulab/yuyao/final_crop/s2_6time_legacy_center_zero_mask_32_to_224/all/GAO20211007t161356p0000-D/pos_09_x225_y242/plume.tif,/mnt/engg-niulab/yuyao/final_crop/s2_6time_legacy_center_zero_mask_32_to_224/all/GAO20211007t161356p0000-D/pos_09_x225_y242/plume.tif,225,242,225,242,legacy_center_anchor,,32.0049124,-103.8905,32.0049124,-103.8905,2021-10-07T16:13:56+00,2021-10-07T17:31:19.024000Z,2021-10-02T17:31:41.024000Z,2021-09-27T17:30:09.024000Z,2021-09-22T17:30:31.024000Z,,,/mnt/engg-niulab/yuyao/final_crop/s2_6time_legacy_center_zero_mask_32_to_224/all/GAO20211007t161356p0000-D/pos_09_x225_y242/s2_0.tif,/mnt/engg-niulab/yuyao/final_crop/s2_6time_legacy_center_zero_mask_32_to_224/all/GAO20211007t161356p0000-D/pos_09_x225_y242/s2_prev1.tif,/mnt/engg-niulab/yuyao/final_crop/s2_6time_legacy_center_zero_mask_32_to_224/all/GAO20211007t161356p0000-D/pos_09_x225_y242/s2_prev2.tif,/mnt/engg-niulab/yuyao/final_crop/s2_6time_legacy_center_zero_mask_32_to_224/all/GAO20211007t161356p0000-D/pos_09_x225_y242/s2_prev3.tif,/mnt/engg-niulab/yuyao/final_crop/s2_6time_legacy_center_zero_mask_32_to_224/all/GAO20211007t161356p0000-D/pos_09_x225_y242/s2_seasonal.tif,/mnt/engg-niulab/yuyao/final_crop/s2_6time_legacy_center_zero_mask_32_to_224/all/GAO20211007t161356p0000-D/pos_09_x225_y242/s2_year.tif,/mnt/engg-niulab/yuyao/final_crop/s2_6time_legacy_center_zero_mask_32_to_224/all/GAO20211007t161356p0000-D/pos_09_x225_y242/s2_0.tif,/mnt/engg-niulab/yuyao/final_crop/s2_6time_legacy_center_zero_mask_32_to_224/all/GAO20211007t161356p0000-D/pos_09_x225_y242/s2_0.tif,/mnt/engg-niulab/yuyao/final_crop/s2_6time_legacy_center_zero_mask_32_to_224/all/GAO20211007t161356p0000-D/pos_09_x225_y242/s2_prev1.tif,/mnt/engg-niulab/yuyao/final_crop/s2_6time_legacy_center_zero_mask_32_to_224/all/GAO20211007t161356p0000-D/pos_09_x225_y242/s2_seasonal.tif,/mnt/engg-niulab/yuyao/final_crop/s2_6time_legacy_center_zero_mask_32_to_224/all/GAO20211007t161356p0000-D/pos_09_x225_y242/s2_year.tif
GAO20211007t161356p0000-D,dropped_missing_required_time_or_path,1,/mnt/engg-niulab/yuyao/final_crop/s2_6time_legacy_center_zero_mask_32/all/GAO20211007t161356p0000-D/pos_10_x226_y238,/mnt/engg-niulab/yuyao/final_crop/s2_6time_legacy_center_zero_mask_32/all/GAO20211007t161356p0000-D/pos_10_x226_y238,/mnt/engg-niulab/yuyao/final_crop/s2_6time_legacy_center_zero_mask_32_to_224/all/GAO20211007t161356p0000-D/pos_10_x226_y238/plume.tif,/mnt/engg-niulab/yuyao/final_crop/s2_6time_legacy_center_zero_mask_32_to_224/all/GAO20211007t161356p0000-D/pos_10_x226_y238/plume.tif,/mnt/engg-niulab/yuyao/final_crop/s2_6time_legacy_center_zero_mask_32_to_224/all/GAO20211007t161356p0000-D/pos_10_x226_y238/plume.tif,226,238,226,238,legacy_center_anchor,,32.0049124,-103.8905,32.0049124,-103.8905,2021-10-07T16:13:56+00,2021-10-07T17:31:19.024000Z,2021-10-02T17:31:41.024000Z,2021-09-27T17:30:09.024000Z,2021-09-22T17:30:31.024000Z,,,/mnt/engg-niulab/yuyao/final_crop/s2_6time_legacy_center_zero_mask_32_to_224/all/GAO20211007t161356p0000-D/pos_10_x226_y238/s2_0.tif,/mnt/engg-niulab/yuyao/final_crop/s2_6time_legacy_center_zero_mask_32_to_224/all/GAO20211007t161356p0000-D/pos_10_x226_y238/s2_prev1.tif,/mnt/engg-niulab/yuyao/final_crop/s2_6time_legacy_center_zero_mask_32_to_224/all/GAO20211007t161356p0000-D/pos_10_x226_y238/s2_prev2.tif,/mnt/engg-niulab/yuyao/final_crop/s2_6time_legacy_center_zero_mask_32_to_224/all/GAO20211007t161356p0000-D/pos_10_x226_y238/s2_prev3.tif,/mnt/engg-niulab/yuyao/final_crop/s2_6time_legacy_center_zero_mask_32_to_224/all/GAO20211007t161356p0000-D/pos_10_x226_y238/s2_seasonal.tif,/mnt/engg-niulab/yuyao/final_crop/s2_6time_legacy_center_zero_mask_32_to_224/all/GAO20211007t161356p0000-D/pos_10_x226_y238/s2_year.tif,/mnt/engg-niulab/yuyao/final_crop/s2_6time_legacy_center_zero_mask_32_to_224/all/GAO20211007t161356p0000-D/pos_10_x226_y238/s2_0.tif,/mnt/engg-niulab/yuyao/final_crop/s2_6time_legacy_center_zero_mask_32_to_224/all/GAO20211007t161356p0000-D/pos_10_x226_y238/s2_0.tif,/mnt/engg-niulab/yuyao/final_crop/s2_6time_legacy_center_zero_mask_32_to_224/all/GAO20211007t161356p0000-D/pos_10_x226_y238/s2_prev1.tif,/mnt/engg-niulab/yuyao/final_crop/s2_6time_legacy_center_zero_mask_32_to_224/all/GAO20211007t161356p0000-D/pos_10_x226_y238/s2_seasonal.tif,/mnt/engg-niulab/yuyao/final_crop/s2_6time_legacy_center_zero_mask_32_to_224/all/GAO20211007t161356p0000-D/pos_10_x226_y238/s2_year.tif
GAO20211007t161356p0000-D,dropped_missing_required_time_or_path,1,/mnt/engg-niulab/yuyao/final_crop/s2_6time_legacy_center_zero_mask_32/all/GAO20211007t161356p0000-D/pos_11_x244_y240,/mnt/engg-niulab/yuyao/final_crop/s2_6time_legacy_center_zero_mask_32/all/GAO20211007t161356p0000-D/pos_11_x244_y240,/mnt/engg-niulab/yuyao/final_crop/s2_6time_legacy_center_zero_mask_32_to_224/all/GAO20211007t161356p0000-D/pos_11_x244_y240/plume.tif,/mnt/engg-niulab/yuyao/final_crop/s2_6time_legacy_center_zero_mask_32_to_224/all/GAO20211007t161356p0000-D/pos_11_x244_y240/plume.tif,/mnt/engg-niulab/yuyao/final_crop/s2_6time_legacy_center_zero_mask_32_to_224/all/GAO20211007t161356p0000-D/pos_11_x244_y240/plume.tif,244,240,244,240,legacy_center_anchor,,32.0049124,-103.8905,32.0049124,-103.8905,2021-10-07T16:13:56+00,2021-10-07T17:31:19.024000Z,2021-10-02T17:31:41.024000Z,2021-09-27T17:30:09.024000Z,2021-09-22T17:30:31.024000Z,,,/mnt/engg-niulab/yuyao/final_crop/s2_6time_legacy_center_zero_mask_32_to_224/all/GAO20211007t161356p0000-D/pos_11_x244_y240/s2_0.tif,/mnt/engg-niulab/yuyao/final_crop/s2_6time_legacy_center_zero_mask_32_to_224/all/GAO20211007t161356p0000-D/pos_11_x244_y240/s2_prev1.tif,/mnt/engg-niulab/yuyao/final_crop/s2_6time_legacy_center_zero_mask_32_to_224/all/GAO20211007t161356p0000-D/pos_11_x244_y240/s2_prev2.tif,/mnt/engg-niulab/yuyao/final_crop/s2_6time_legacy_center_zero_mask_32_to_224/all/GAO20211007t161356p0000-D/pos_11_x244_y240/s2_prev3.tif,/mnt/engg-niulab/yuyao/final_crop/s2_6time_legacy_center_zero_mask_32_to_224/all/GAO20211007t161356p0000-D/pos_11_x244_y240/s2_seasonal.tif,/mnt/engg-niulab/yuyao/final_crop/s2_6time_legacy_center_zero_mask_32_to_224/all/GAO20211007t161356p0000-D/pos_11_x244_y240/s2_year.tif,/mnt/engg-niulab/yuyao/final_crop/s2_6time_legacy_center_zero_mask_32_to_224/all/GAO20211007t161356p0000-D/pos_11_x244_y240/s2_0.tif,/mnt/engg-niulab/yuyao/final_crop/s2_6time_legacy_center_zero_mask_32_to_224/all/GAO20211007t161356p0000-D/pos_11_x244_y240/s2_0.tif,/mnt/engg-niulab/yuyao/final_crop/s2_6time_legacy_center_zero_mask_32_to_224/all/GAO20211007t161356p0000-D/pos_11_x244_y240/s2_prev1.tif,/mnt/engg-niulab/yuyao/final_crop/s2_6time_legacy_center_zero_mask_32_to_224/all/GAO20211007t161356p0000-D/pos_11_x244_y240/s2_seasonal.tif,/mnt/engg-niulab/yuyao/final_crop/s2_6time_legacy_center_zero_mask_32_to_224/all/GAO20211007t161356p0000-D/pos_11_x244_y240/s2_year.tif
GAO20211007t161356p0000-D,dropped_missing_required_time_or_path,1,/mnt/engg-niulab/yuyao/final_crop/s2_6time_legacy_center_zero_mask_32/all/GAO20211007t161356p0000-D/pos_12_x235_y228,/mnt/engg-niulab/yuyao/final_crop/s2_6time_legacy_center_zero_mask_32/all/GAO20211007t161356p0000-D/pos_12_x235_y228,/mnt/engg-niulab/yuyao/final_crop/s2_6time_legacy_center_zero_mask_32_to_224/all/GAO20211007t161356p0000-D/pos_12_x235_y228/plume.tif,/mnt/engg-niulab/yuyao/final_crop/s2_6time_legacy_center_zero_mask_32_to_224/all/GAO20211007t161356p0000-D/pos_12_x235_y228/plume.tif,/mnt/engg-niulab/yuyao/final_crop/s2_6time_legacy_center_zero_mask_32_to_224/all/GAO20211007t161356p0000-D/pos_12_x235_y228/plume.tif,235,228,235,228,legacy_center_anchor,,32.0049124,-103.8905,32.0049124,-103.8905,2021-10-07T16:13:56+00,2021-10-07T17:31:19.024000Z,2021-10-02T17:31:41.024000Z,2021-09-27T17:30:09.024000Z,2021-09-22T17:30:31.024000Z,,,/mnt/engg-niulab/yuyao/final_crop/s2_6time_legacy_center_zero_mask_32_to_224/all/GAO20211007t161356p0000-D/pos_12_x235_y228/s2_0.tif,/mnt/engg-niulab/yuyao/final_crop/s2_6time_legacy_center_zero_mask_32_to_224/all/GAO20211007t161356p0000-D/pos_12_x235_y228/s2_prev1.tif,/mnt/engg-niulab/yuyao/final_crop/s2_6time_legacy_center_zero_mask_32_to_224/all/GAO20211007t161356p0000-D/pos_12_x235_y228/s2_prev2.tif,/mnt/engg-niulab/yuyao/final_crop/s2_6time_legacy_center_zero_mask_32_to_224/all/GAO20211007t161356p0000-D/pos_12_x235_y228/s2_prev3.tif,/mnt/engg-niulab/yuyao/final_crop/s2_6time_legacy_center_zero_mask_32_to_224/all/GAO20211007t161356p0000-D/pos_12_x235_y228/s2_seasonal.tif,/mnt/engg-niulab/yuyao/final_crop/s2_6time_legacy_center_zero_mask_32_to_224/all/GAO20211007t161356p0000-D/pos_12_x235_y228/s2_year.tif,/mnt/engg-niulab/yuyao/final_crop/s2_6time_legacy_center_zero_mask_32_to_224/all/GAO20211007t161356p0000-D/pos_12_x235_y228/s2_0.tif,/mnt/engg-niulab/yuyao/final_crop/s2_6time_legacy_center_zero_mask_32_to_224/all/GAO20211007t161356p0000-D/pos_12_x235_y228/s2_0.tif,/mnt/engg-niulab/yuyao/final_crop/s2_6time_legacy_center_zero_mask_32_to_224/all/GAO20211007t161356p0000-D/pos_12_x235_y228/s2_prev1.tif,/mnt/engg-niulab/yuyao/final_crop/s2_6time_legacy_center_zero_mask_32_to_224/all/GAO20211007t161356p0000-D/pos_12_x235_y228/s2_seasonal.tif,/mnt/engg-niulab/yuyao/final_crop/s2_6time_legacy_center_zero_mask_32_to_224/all/GAO20211007t161356p0000-D/pos_12_x235_y228/s2_year.tif
GAO20211007t161356p0000-D,dropped_missing_required_time_or_path,1,/mnt/engg-niulab/yuyao/final_crop/s2_6time_legacy_center_zero_mask_32/all/GAO20211007t161356p0000-D/pos_13_x246_y249,/mnt/engg-niulab/yuyao/final_crop/s2_6time_legacy_center_zero_mask_32/all/GAO20211007t161356p0000-D/pos_13_x246_y249,/mnt/engg-niulab/yuyao/final_crop/s2_6time_legacy_center_zero_mask_32_to_224/all/GAO20211007t161356p0000-D/pos_13_x246_y249/plume.tif,/mnt/engg-niulab/yuyao/final_crop/s2_6time_legacy_center_zero_mask_32_to_224/all/GAO20211007t161356p0000-D/pos_13_x246_y249/plume.tif,/mnt/engg-niulab/yuyao/final_crop/s2_6time_legacy_center_zero_mask_32_to_224/all/GAO20211007t161356p0000-D/pos_13_x246_y249/plume.tif,246,249,246,249,legacy_center_anchor,,32.0049124,-103.8905,32.0049124,-103.8905,2021-10-07T16:13:56+00,2021-10-07T17:31:19.024000Z,2021-10-02T17:31:41.024000Z,2021-09-27T17:30:09.024000Z,2021-09-22T17:30:31.024000Z,,,/mnt/engg-niulab/yuyao/final_crop/s2_6time_legacy_center_zero_mask_32_to_224/all/GAO20211007t161356p0000-D/pos_13_x246_y249/s2_0.tif,/mnt/engg-niulab/yuyao/final_crop/s2_6time_legacy_center_zero_mask_32_to_224/all/GAO20211007t161356p0000-D/pos_13_x246_y249/s2_prev1.tif,/mnt/engg-niulab/yuyao/final_crop/s2_6time_legacy_center_zero_mask_32_to_224/all/GAO20211007t161356p0000-D/pos_13_x246_y249/s2_prev2.tif,/mnt/engg-niulab/yuyao/final_crop/s2_6time_legacy_center_zero_mask_32_to_224/all/GAO20211007t161356p0000-D/pos_13_x246_y249/s2_prev3.tif,/mnt/engg-niulab/yuyao/final_crop/s2_6time_legacy_center_zero_mask_32_to_224/all/GAO20211007t161356p0000-D/pos_13_x246_y249/s2_seasonal.tif,/mnt/engg-niulab/yuyao/final_crop/s2_6time_legacy_center_zero_mask_32_to_224/all/GAO20211007t161356p0000-D/pos_13_x246_y249/s2_year.tif,/mnt/engg-niulab/yuyao/final_crop/s2_6time_legacy_center_zero_mask_32_to_224/all/GAO20211007t161356p0000-D/pos_13_x246_y249/s2_0.tif,/mnt/engg-niulab/yuyao/final_crop/s2_6time_legacy_center_zero_mask_32_to_224/all/GAO20211007t161356p0000-D/pos_13_x246_y249/s2_0.tif,/mnt/engg-niulab/yuyao/final_crop/s2_6time_legacy_center_zero_mask_32_to_224/all/GAO20211007t161356p0000-D/pos_13_x246_y249/s2_prev1.tif,/mnt/engg-niulab/yuyao/final_crop/s2_6time_legacy_center_zero_mask_32_to_224/all/GAO20211007t161356p0000-D/pos_13_x246_y249/s2_seasonal.tif,/mnt/engg-niulab/yuyao/final_crop/s2_6time_legacy_center_zero_mask_32_to_224/all/GAO20211007t161356p0000-D/pos_13_x246_y249/s2_year.tif
GAO20211007t161356p0000-D,dropped_missing_required_time_or_path,1,/mnt/engg-niulab/yuyao/final_crop/s2_6time_legacy_center_zero_mask_32/all/GAO20211007t161356p0000-D/pos_14_x253_y255,/mnt/engg-niulab/yuyao/final_crop/s2_6time_legacy_center_zero_mask_32/all/GAO20211007t161356p0000-D/pos_14_x253_y255,/mnt/engg-niulab/yuyao/final_crop/s2_6time_legacy_center_zero_mask_32_to_224/all/GAO20211007t161356p0000-D/pos_14_x253_y255/plume.tif,/mnt/engg-niulab/yuyao/final_crop/s2_6time_legacy_center_zero_mask_32_to_224/all/GAO20211007t161356p0000-D/pos_14_x253_y255/plume.tif,/mnt/engg-niulab/yuyao/final_crop/s2_6time_legacy_center_zero_mask_32_to_224/all/GAO20211007t161356p0000-D/pos_14_x253_y255/plume.tif,253,255,253,255,legacy_center_anchor,,32.0049124,-103.8905,32.0049124,-103.8905,2021-10-07T16:13:56+00,2021-10-07T17:31:19.024000Z,2021-10-02T17:31:41.024000Z,2021-09-27T17:30:09.024000Z,2021-09-22T17:30:31.024000Z,,,/mnt/engg-niulab/yuyao/final_crop/s2_6time_legacy_center_zero_mask_32_to_224/all/GAO20211007t161356p0000-D/pos_14_x253_y255/s2_0.tif,/mnt/engg-niulab/yuyao/final_crop/s2_6time_legacy_center_zero_mask_32_to_224/all/GAO20211007t161356p0000-D/pos_14_x253_y255/s2_prev1.tif,/mnt/engg-niulab/yuyao/final_crop/s2_6time_legacy_center_zero_mask_32_to_224/all/GAO20211007t161356p0000-D/pos_14_x253_y255/s2_prev2.tif,/mnt/engg-niulab/yuyao/final_crop/s2_6time_legacy_center_zero_mask_32_to_224/all/GAO20211007t161356p0000-D/pos_14_x253_y255/s2_prev3.tif,/mnt/engg-niulab/yuyao/final_crop/s2_6time_legacy_center_zero_mask_32_to_224/all/GAO20211007t161356p0000-D/pos_14_x253_y255/s2_seasonal.tif,/mnt/engg-niulab/yuyao/final_crop/s2_6time_legacy_center_zero_mask_32_to_224/all/GAO20211007t161356p0000-D/pos_14_x253_y255/s2_year.tif,/mnt/engg-niulab/yuyao/final_crop/s2_6time_legacy_center_zero_mask_32_to_224/all/GAO20211007t161356p0000-D/pos_14_x253_y255/s2_0.tif,/mnt/engg-niulab/yuyao/final_crop/s2_6time_legacy_center_zero_mask_32_to_224/all/GAO20211007t161356p0000-D/pos_14_x253_y255/s2_0.tif,/mnt/engg-niulab/yuyao/final_crop/s2_6time_legacy_center_zero_mask_32_to_224/all/GAO20211007t161356p0000-D/pos_14_x253_y255/s2_prev1.tif,/mnt/engg-niulab/yuyao/final_crop/s2_6time_legacy_center_zero_mask_32_to_224/all/GAO20211007t161356p0000-D/pos_14_x253_y255/s2_seasonal.tif,/mnt/engg-niulab/yuyao/final_crop/s2_6time_legacy_center_zero_mask_32_to_224/all/GAO20211007t161356p0000-D/pos_14_x253_y255/s2_year.tif
GAO20211007t161356p0000-D,dropped_missing_required_time_or_path,1,/mnt/engg-niulab/yuyao/final_crop/s2_6time_legacy_center_zero_mask_32/all/GAO20211007t161356p0000-D/pos_15_x229_y254,/mnt/engg-niulab/yuyao/final_crop/s2_6time_legacy_center_zero_mask_32/all/GAO20211007t161356p0000-D/pos_15_x229_y254,/mnt/engg-niulab/yuyao/final_crop/s2_6time_legacy_center_zero_mask_32_to_224/all/GAO20211007t161356p0000-D/pos_15_x229_y254/plume.tif,/mnt/engg-niulab/yuyao/final_crop/s2_6time_legacy_center_zero_mask_32_to_224/all/GAO20211007t161356p0000-D/pos_15_x229_y254/plume.tif,/mnt/engg-niulab/yuyao/final_crop/s2_6time_legacy_center_zero_mask_32_to_224/all/GAO20211007t161356p0000-D/pos_15_x229_y254/plume.tif,229,254,229,254,legacy_center_anchor,,32.0049124,-103.8905,32.0049124,-103.8905,2021-10-07T16:13:56+00,2021-10-07T17:31:19.024000Z,2021-10-02T17:31:41.024000Z,2021-09-27T17:30:09.024000Z,2021-09-22T17:30:31.024000Z,,,/mnt/engg-niulab/yuyao/final_crop/s2_6time_legacy_center_zero_mask_32_to_224/all/GAO20211007t161356p0000-D/pos_15_x229_y254/s2_0.tif,/mnt/engg-niulab/yuyao/final_crop/s2_6time_legacy_center_zero_mask_32_to_224/all/GAO20211007t161356p0000-D/pos_15_x229_y254/s2_prev1.tif,/mnt/engg-niulab/yuyao/final_crop/s2_6time_legacy_center_zero_mask_32_to_224/all/GAO20211007t161356p0000-D/pos_15_x229_y254/s2_prev2.tif,/mnt/engg-niulab/yuyao/final_crop/s2_6time_legacy_center_zero_mask_32_to_224/all/GAO20211007t161356p0000-D/pos_15_x229_y254/s2_prev3.tif,/mnt/engg-niulab/yuyao/final_crop/s2_6time_legacy_center_zero_mask_32_to_224/all/GAO20211007t161356p0000-D/pos_15_x229_y254/s2_seasonal.tif,/mnt/engg-niulab/yuyao/final_crop/s2_6time_legacy_center_zero_mask_32_to_224/all/GAO20211007t161356p0000-D/pos_15_x229_y254/s2_year.tif,/mnt/engg-niulab/yuyao/final_crop/s2_6time_legacy_center_zero_mask_32_to_224/all/GAO20211007t161356p0000-D/pos_15_x229_y254/s2_0.tif,/mnt/engg-niulab/yuyao/final_crop/s2_6time_legacy_center_zero_mask_32_to_224/all/GAO20211007t161356p0000-D/pos_15_x229_y254/s2_0.tif,/mnt/engg-niulab/yuyao/final_crop/s2_6time_legacy_center_zero_mask_32_to_224/all/GAO20211007t161356p0000-D/pos_15_x229_y254/s2_prev1.tif,/mnt/engg-niulab/yuyao/final_crop/s2_6time_legacy_center_zero_mask_32_to_224/all/GAO20211007t161356p0000-D/pos_15_x229_y254/s2_seasonal.tif,/mnt/engg-niulab/yuyao/final_crop/s2_6time_legacy_center_zero_mask_32_to_224/all/GAO20211007t161356p0000-D/pos_15_x229_y254/s2_year.tif
GAO20211007t161356p0000-D,dropped_missing_required_time_or_path,0,/mnt/engg-niulab/yuyao/final_crop/s2_6time_legacy_center_zero_mask_32/all/GAO20211007t161356p0000-D/neg_00_x241_y343,/mnt/engg-niulab/yuyao/final_crop/s2_6time_legacy_center_zero_mask_32/all/GAO20211007t161356p0000-D/neg_00_x241_y343,/mnt/engg-niulab/yuyao/final_crop/s2_6time_legacy_center_zero_mask_32_to_224/all/GAO20211007t161356p0000-D/neg_00_x241_y343/plume.tif,/mnt/engg-niulab/yuyao/final_crop/s2_6time_legacy_center_zero_mask_32_to_224/all/GAO20211007t161356p0000-D/neg_00_x241_y343/plume.tif,/mnt/engg-niulab/yuyao/final_crop/s2_6time_legacy_center_zero_mask_32_to_224/all/GAO20211007t161356p0000-D/neg_00_x241_y343/plume.tif,241,343,241,343,legacy_center_anchor,,32.0049124,-103.8905,32.0049124,-103.8905,2021-10-07T16:13:56+00,2021-10-07T17:31:19.024000Z,2021-10-02T17:31:41.024000Z,2021-09-27T17:30:09.024000Z,2021-09-22T17:30:31.024000Z,,,/mnt/engg-niulab/yuyao/final_crop/s2_6time_legacy_center_zero_mask_32_to_224/all/GAO20211007t161356p0000-D/neg_00_x241_y343/s2_0.tif,/mnt/engg-niulab/yuyao/final_crop/s2_6time_legacy_center_zero_mask_32_to_224/all/GAO20211007t161356p0000-D/neg_00_x241_y343/s2_prev1.tif,/mnt/engg-niulab/yuyao/final_crop/s2_6time_legacy_center_zero_mask_32_to_224/all/GAO20211007t161356p0000-D/neg_00_x241_y343/s2_prev2.tif,/mnt/engg-niulab/yuyao/final_crop/s2_6time_legacy_center_zero_mask_32_to_224/all/GAO20211007t161356p0000-D/neg_00_x241_y343/s2_prev3.tif,/mnt/engg-niulab/yuyao/final_crop/s2_6time_legacy_center_zero_mask_32_to_224/all/GAO20211007t161356p0000-D/neg_00_x241_y343/s2_seasonal.tif,/mnt/engg-niulab/yuyao/final_crop/s2_6time_legacy_center_zero_mask_32_to_224/all/GAO20211007t161356p0000-D/neg_00_x241_y343/s2_year.tif,/mnt/engg-niulab/yuyao/final_crop/s2_6time_legacy_center_zero_mask_32_to_224/all/GAO20211007t161356p0000-D/neg_00_x241_y343/s2_0.tif,/mnt/engg-niulab/yuyao/final_crop/s2_6time_legacy_center_zero_mask_32_to_224/all/GAO20211007t161356p0000-D/neg_00_x241_y343/s2_0.tif,/mnt/engg-niulab/yuyao/final_crop/s2_6time_legacy_center_zero_mask_32_to_224/all/GAO20211007t161356p0000-D/neg_00_x241_y343/s2_prev1.tif,/mnt/engg-niulab/yuyao/final_crop/s2_6time_legacy_center_zero_mask_32_to_224/all/GAO20211007t161356p0000-D/neg_00_x241_y343/s2_seasonal.tif,/mnt/engg-niulab/yuyao/final_crop/s2_6time_legacy_center_zero_mask_32_to_224/all/GAO20211007t161356p0000-D/neg_00_x241_y343/s2_year.tif
GAO20211007t161356p0000-D,dropped_missing_required_time_or_path,0,/mnt/engg-niulab/yuyao/final_crop/s2_6time_legacy_center_zero_mask_32/all/GAO20211007t161356p0000-D/neg_01_x135_y310,/mnt/engg-niulab/yuyao/final_crop/s2_6time_legacy_center_zero_mask_32/all/GAO20211007t161356p0000-D/neg_01_x135_y310,/mnt/engg-niulab/yuyao/final_crop/s2_6time_legacy_center_zero_mask_32_to_224/all/GAO20211007t161356p0000-D/neg_01_x135_y310/plume.tif,/mnt/engg-niulab/yuyao/final_crop/s2_6time_legacy_center_zero_mask_32_to_224/all/GAO20211007t161356p0000-D/neg_01_x135_y310/plume.tif,/mnt/engg-niulab/yuyao/final_crop/s2_6time_legacy_center_zero_mask_32_to_224/all/GAO20211007t161356p0000-D/neg_01_x135_y310/plume.tif,135,310,135,310,legacy_center_anchor,,32.0049124,-103.8905,32.0049124,-103.8905,2021-10-07T16:13:56+00,2021-10-07T17:31:19.024000Z,2021-10-02T17:31:41.024000Z,2021-09-27T17:30:09.024000Z,2021-09-22T17:30:31.024000Z,,,/mnt/engg-niulab/yuyao/final_crop/s2_6time_legacy_center_zero_mask_32_to_224/all/GAO20211007t161356p0000-D/neg_01_x135_y310/s2_0.tif,/mnt/engg-niulab/yuyao/final_crop/s2_6time_legacy_center_zero_mask_32_to_224/all/GAO20211007t161356p0000-D/neg_01_x135_y310/s2_prev1.tif,/mnt/engg-niulab/yuyao/final_crop/s2_6time_legacy_center_zero_mask_32_to_224/all/GAO20211007t161356p0000-D/neg_01_x135_y310/s2_prev2.tif,/mnt/engg-niulab/yuyao/final_crop/s2_6time_legacy_center_zero_mask_32_to_224/all/GAO20211007t161356p0000-D/neg_01_x135_y310/s2_prev3.tif,/mnt/engg-niulab/yuyao/final_crop/s2_6time_legacy_center_zero_mask_32_to_224/all/GAO20211007t161356p0000-D/neg_01_x135_y310/s2_seasonal.tif,/mnt/engg-niulab/yuyao/final_crop/s2_6time_legacy_center_zero_mask_32_to_224/all/GAO20211007t161356p0000-D/neg_01_x135_y310/s2_year.tif,/mnt/engg-niulab/yuyao/final_crop/s2_6time_legacy_center_zero_mask_32_to_224/all/GAO20211007t161356p0000-D/neg_01_x135_y310/s2_0.tif,/mnt/engg-niulab/yuyao/final_crop/s2_6time_legacy_center_zero_mask_32_to_224/all/GAO20211007t161356p0000-D/neg_01_x135_y310/s2_0.tif,/mnt/engg-niulab/yuyao/final_crop/s2_6time_legacy_center_zero_mask_32_to_224/all/GAO20211007t161356p0000-D/neg_01_x135_y310/s2_prev1.tif,/mnt/engg-niulab/yuyao/final_crop/s2_6time_legacy_center_zero_mask_32_to_224/all/GAO20211007t161356p0000-D/neg_01_x135_y310/s2_seasonal.tif,/mnt/engg-niulab/yuyao/final_crop/s2_6time_legacy_center_zero_mask_32_to_224/all/GAO20211007t161356p0000-D/neg_01_x135_y310/s2_year.tif
GAO20211007t161356p0000-D,dropped_missing_required_time_or_path,0,/mnt/engg-niulab/yuyao/final_crop/s2_6time_legacy_center_zero_mask_32/all/GAO20211007t161356p0000-D/neg_02_x130_y335,/mnt/engg-niulab/yuyao/final_crop/s2_6time_legacy_center_zero_mask_32/all/GAO20211007t161356p0000-D/neg_02_x130_y335,/mnt/engg-niulab/yuyao/final_crop/s2_6time_legacy_center_zero_mask_32_to_224/all/GAO20211007t161356p0000-D/neg_02_x130_y335/plume.tif,/mnt/engg-niulab/yuyao/final_crop/s2_6time_legacy_center_zero_mask_32_to_224/all/GAO20211007t161356p0000-D/neg_02_x130_y335/plume.tif,/mnt/engg-niulab/yuyao/final_crop/s2_6time_legacy_center_zero_mask_32_to_224/all/GAO20211007t161356p0000-D/neg_02_x130_y335/plume.tif,130,335,130,335,legacy_center_anchor,,32.0049124,-103.8905,32.0049124,-103.8905,2021-10-07T16:13:56+00,2021-10-07T17:31:19.024000Z,2021-10-02T17:31:41.024000Z,2021-09-27T17:30:09.024000Z,2021-09-22T17:30:31.024000Z,,,/mnt/engg-niulab/yuyao/final_crop/s2_6time_legacy_center_zero_mask_32_to_224/all/GAO20211007t161356p0000-D/neg_02_x130_y335/s2_0.tif,/mnt/engg-niulab/yuyao/final_crop/s2_6time_legacy_center_zero_mask_32_to_224/all/GAO20211007t161356p0000-D/neg_02_x130_y335/s2_prev1.tif,/mnt/engg-niulab/yuyao/final_crop/s2_6time_legacy_center_zero_mask_32_to_224/all/GAO20211007t161356p0000-D/neg_02_x130_y335/s2_prev2.tif,/mnt/engg-niulab/yuyao/final_crop/s2_6time_legacy_center_zero_mask_32_to_224/all/GAO20211007t161356p0000-D/neg_02_x130_y335/s2_prev3.tif,/mnt/engg-niulab/yuyao/final_crop/s2_6time_legacy_center_zero_mask_32_to_224/all/GAO20211007t161356p0000-D/neg_02_x130_y335/s2_seasonal.tif,/mnt/engg-niulab/yuyao/final_crop/s2_6time_legacy_center_zero_mask_32_to_224/all/GAO20211007t161356p0000-D/neg_02_x130_y335/s2_year.tif,/mnt/engg-niulab/yuyao/final_crop/s2_6time_legacy_center_zero_mask_32_to_224/all/GAO20211007t161356p0000-D/neg_02_x130_y335/s2_0.tif,/mnt/engg-niulab/yuyao/final_crop/s2_6time_legacy_center_zero_mask_32_to_224/all/GAO20211007t161356p0000-D/neg_02_x130_y335/s2_0.tif,/mnt/engg-niulab/yuyao/final_crop/s2_6time_legacy_center_zero_mask_32_to_224/all/GAO20211007t161356p0000-D/neg_02_x130_y335/s2_prev1.tif,/mnt/engg-niulab/yuyao/final_crop/s2_6time_legacy_center_zero_mask_32_to_224/all/GAO20211007t161356p0000-D/neg_02_x130_y335/s2_seasonal.tif,/mnt/engg-niulab/yuyao/final_crop/s2_6time_legacy_center_zero_mask_32_to_224/all/GAO20211007t161356p0000-D/neg_02_x130_y335/s2_year.tif
GAO20211007t161356p0000-D,dropped_missing_required_time_or_path,0,/mnt/engg-niulab/yuyao/final_crop/s2_6time_legacy_center_zero_mask_32/all/GAO20211007t161356p0000-D/neg_03_x389_y4,/mnt/engg-niulab/yuyao/final_crop/s2_6time_legacy_center_zero_mask_32/all/GAO20211007t161356p0000-D/neg_03_x389_y4,/mnt/engg-niulab/yuyao/final_crop/s2_6time_legacy_center_zero_mask_32_to_224/all/GAO20211007t161356p0000-D/neg_03_x389_y4/plume.tif,/mnt/engg-niulab/yuyao/final_crop/s2_6time_legacy_center_zero_mask_32_to_224/all/GAO20211007t161356p0000-D/neg_03_x389_y4/plume.tif,/mnt/engg-niulab/yuyao/final_crop/s2_6time_legacy_center_zero_mask_32_to_224/all/GAO20211007t161356p0000-D/neg_03_x389_y4/plume.tif,389,4,389,4,legacy_center_anchor,,32.0049124,-103.8905,32.0049124,-103.8905,2021-10-07T16:13:56+00,2021-10-07T17:31:19.024000Z,2021-10-02T17:31:41.024000Z,2021-09-27T17:30:09.024000Z,2021-09-22T17:30:31.024000Z,,,/mnt/engg-niulab/yuyao/final_crop/s2_6time_legacy_center_zero_mask_32_to_224/all/GAO20211007t161356p0000-D/neg_03_x389_y4/s2_0.tif,/mnt/engg-niulab/yuyao/final_crop/s2_6time_legacy_center_zero_mask_32_to_224/all/GAO20211007t161356p0000-D/neg_03_x389_y4/s2_prev1.tif,/mnt/engg-niulab/yuyao/final_crop/s2_6time_legacy_center_zero_mask_32_to_224/all/GAO20211007t161356p0000-D/neg_03_x389_y4/s2_prev2.tif,/mnt/engg-niulab/yuyao/final_crop/s2_6time_legacy_center_zero_mask_32_to_224/all/GAO20211007t161356p0000-D/neg_03_x389_y4/s2_prev3.tif,/mnt/engg-niulab/yuyao/final_crop/s2_6time_legacy_center_zero_mask_32_to_224/all/GAO20211007t161356p0000-D/neg_03_x389_y4/s2_seasonal.tif,/mnt/engg-niulab/yuyao/final_crop/s2_6time_legacy_center_zero_mask_32_to_224/all/GAO20211007t161356p0000-D/neg_03_x389_y4/s2_year.tif,/mnt/engg-niulab/yuyao/final_crop/s2_6time_legacy_center_zero_mask_32_to_224/all/GAO20211007t161356p0000-D/neg_03_x389_y4/s2_0.tif,/mnt/engg-niulab/yuyao/final_crop/s2_6time_legacy_center_zero_mask_32_to_224/all/GAO20211007t161356p0000-D/neg_03_x389_y4/s2_0.tif,/mnt/engg-niulab/yuyao/final_crop/s2_6time_legacy_center_zero_mask_32_to_224/all/GAO20211007t161356p0000-D/neg_03_x389_y4/s2_prev1.tif,/mnt/engg-niulab/yuyao/final_crop/s2_6time_legacy_center_zero_mask_32_to_224/all/GAO20211007t161356p0000-D/neg_03_x389_y4/s2_seasonal.tif,/mnt/engg-niulab/yuyao/final_crop/s2_6time_legacy_center_zero_mask_32_to_224/all/GAO20211007t161356p0000-D/neg_03_x389_y4/s2_year.tif
GAO20211007t161356p0000-D,dropped_missing_required_time_or_path,0,/mnt/engg-niulab/yuyao/final_crop/s2_6time_legacy_center_zero_mask_32/all/GAO20211007t161356p0000-D/neg_04_x213_y325,/mnt/engg-niulab/yuyao/final_crop/s2_6time_legacy_center_zero_mask_32/all/GAO20211007t161356p0000-D/neg_04_x213_y325,/mnt/engg-niulab/yuyao/final_crop/s2_6time_legacy_center_zero_mask_32_to_224/all/GAO20211007t161356p0000-D/neg_04_x213_y325/plume.tif,/mnt/engg-niulab/yuyao/final_crop/s2_6time_legacy_center_zero_mask_32_to_224/all/GAO20211007t161356p0000-D/neg_04_x213_y325/plume.tif,/mnt/engg-niulab/yuyao/final_crop/s2_6time_legacy_center_zero_mask_32_to_224/all/GAO20211007t161356p0000-D/neg_04_x213_y325/plume.tif,213,325,213,325,legacy_center_anchor,,32.0049124,-103.8905,32.0049124,-103.8905,2021-10-07T16:13:56+00,2021-10-07T17:31:19.024000Z,2021-10-02T17:31:41.024000Z,2021-09-27T17:30:09.024000Z,2021-09-22T17:30:31.024000Z,,,/mnt/engg-niulab/yuyao/final_crop/s2_6time_legacy_center_zero_mask_32_to_224/all/GAO20211007t161356p0000-D/neg_04_x213_y325/s2_0.tif,/mnt/engg-niulab/yuyao/final_crop/s2_6time_legacy_center_zero_mask_32_to_224/all/GAO20211007t161356p0000-D/neg_04_x213_y325/s2_prev1.tif,/mnt/engg-niulab/yuyao/final_crop/s2_6time_legacy_center_zero_mask_32_to_224/all/GAO20211007t161356p0000-D/neg_04_x213_y325/s2_prev2.tif,/mnt/engg-niulab/yuyao/final_crop/s2_6time_legacy_center_zero_mask_32_to_224/all/GAO20211007t161356p0000-D/neg_04_x213_y325/s2_prev3.tif,/mnt/engg-niulab/yuyao/final_crop/s2_6time_legacy_center_zero_mask_32_to_224/all/GAO20211007t161356p0000-D/neg_04_x213_y325/s2_seasonal.tif,/mnt/engg-niulab/yuyao/final_crop/s2_6time_legacy_center_zero_mask_32_to_224/all/GAO20211007t161356p0000-D/neg_04_x213_y325/s2_year.tif,/mnt/engg-niulab/yuyao/final_crop/s2_6time_legacy_center_zero_mask_32_to_224/all/GAO20211007t161356p0000-D/neg_04_x213_y325/s2_0.tif,/mnt/engg-niulab/yuyao/final_crop/s2_6time_legacy_center_zero_mask_32_to_224/all/GAO20211007t161356p0000-D/neg_04_x213_y325/s2_0.tif,/mnt/engg-niulab/yuyao/final_crop/s2_6time_legacy_center_zero_mask_32_to_224/all/GAO20211007t161356p0000-D/neg_04_x213_y325/s2_prev1.tif,/mnt/engg-niulab/yuyao/final_crop/s2_6time_legacy_center_zero_mask_32_to_224/all/GAO20211007t161356p0000-D/neg_04_x213_y325/s2_seasonal.tif,/mnt/engg-niulab/yuyao/final_crop/s2_6time_legacy_center_zero_mask_32_to_224/all/GAO20211007t161356p0000-D/neg_04_x213_y325/s2_year.tif
GAO20211007t161356p0000-D,dropped_missing_required_time_or_path,0,/mnt/engg-niulab/yuyao/final_crop/s2_6time_legacy_center_zero_mask_32/all/GAO20211007t161356p0000-D/neg_05_x145_y1,/mnt/engg-niulab/yuyao/final_crop/s2_6time_legacy_center_zero_mask_32/all/GAO20211007t161356p0000-D/neg_05_x145_y1,/mnt/engg-niulab/yuyao/final_crop/s2_6time_legacy_center_zero_mask_32_to_224/all/GAO20211007t161356p0000-D/neg_05_x145_y1/plume.tif,/mnt/engg-niulab/yuyao/final_crop/s2_6time_legacy_center_zero_mask_32_to_224/all/GAO20211007t161356p0000-D/neg_05_x145_y1/plume.tif,/mnt/engg-niulab/yuyao/final_crop/s2_6time_legacy_center_zero_mask_32_to_224/all/GAO20211007t161356p0000-D/neg_05_x145_y1/plume.tif,145,1,145,1,legacy_center_anchor,,32.0049124,-103.8905,32.0049124,-103.8905,2021-10-07T16:13:56+00,2021-10-07T17:31:19.024000Z,2021-10-02T17:31:41.024000Z,2021-09-27T17:30:09.024000Z,2021-09-22T17:30:31.024000Z,,,/mnt/engg-niulab/yuyao/final_crop/s2_6time_legacy_center_zero_mask_32_to_224/all/GAO20211007t161356p0000-D/neg_05_x145_y1/s2_0.tif,/mnt/engg-niulab/yuyao/final_crop/s2_6time_legacy_center_zero_mask_32_to_224/all/GAO20211007t161356p0000-D/neg_05_x145_y1/s2_prev1.tif,/mnt/engg-niulab/yuyao/final_crop/s2_6time_legacy_center_zero_mask_32_to_224/all/GAO20211007t161356p0000-D/neg_05_x145_y1/s2_prev2.tif,/mnt/engg-niulab/yuyao/final_crop/s2_6time_legacy_center_zero_mask_32_to_224/all/GAO20211007t161356p0000-D/neg_05_x145_y1/s2_prev3.tif,/mnt/engg-niulab/yuyao/final_crop/s2_6time_legacy_center_zero_mask_32_to_224/all/GAO20211007t161356p0000-D/neg_05_x145_y1/s2_seasonal.tif,/mnt/engg-niulab/yuyao/final_crop/s2_6time_legacy_center_zero_mask_32_to_224/all/GAO20211007t161356p0000-D/neg_05_x145_y1/s2_year.tif,/mnt/engg-niulab/yuyao/final_crop/s2_6time_legacy_center_zero_mask_32_to_224/all/GAO20211007t161356p0000-D/neg_05_x145_y1/s2_0.tif,/mnt/engg-niulab/yuyao/final_crop/s2_6time_legacy_center_zero_mask_32_to_224/all/GAO20211007t161356p0000-D/neg_05_x145_y1/s2_0.tif,/mnt/engg-niulab/yuyao/final_crop/s2_6time_legacy_center_zero_mask_32_to_224/all/GAO20211007t161356p0000-D/neg_05_x145_y1/s2_prev1.tif,/mnt/engg-niulab/yuyao/final_crop/s2_6time_legacy_center_zero_mask_32_to_224/all/GAO20211007t161356p0000-D/neg_05_x145_y1/s2_seasonal.tif,/mnt/engg-niulab/yuyao/final_crop/s2_6time_legacy_center_zero_mask_32_to_224/all/GAO20211007t161356p0000-D/neg_05_x145_y1/s2_year.tif
GAO20211007t161356p0000-D,dropped_missing_required_time_or_path,0,/mnt/engg-niulab/yuyao/final_crop/s2_6time_legacy_center_zero_mask_32/all/GAO20211007t161356p0000-D/neg_06_x120_y462,/mnt/engg-niulab/yuyao/final_crop/s2_6time_legacy_center_zero_mask_32/all/GAO20211007t161356p0000-D/neg_06_x120_y462,/mnt/engg-niulab/yuyao/final_crop/s2_6time_legacy_center_zero_mask_32_to_224/all/GAO20211007t161356p0000-D/neg_06_x120_y462/plume.tif,/mnt/engg-niulab/yuyao/final_crop/s2_6time_legacy_center_zero_mask_32_to_224/all/GAO20211007t161356p0000-D/neg_06_x120_y462/plume.tif,/mnt/engg-niulab/yuyao/final_crop/s2_6time_legacy_center_zero_mask_32_to_224/all/GAO20211007t161356p0000-D/neg_06_x120_y462/plume.tif,120,462,120,462,legacy_center_anchor,,32.0049124,-103.8905,32.0049124,-103.8905,2021-10-07T16:13:56+00,2021-10-07T17:31:19.024000Z,2021-10-02T17:31:41.024000Z,2021-09-27T17:30:09.024000Z,2021-09-22T17:30:31.024000Z,,,/mnt/engg-niulab/yuyao/final_crop/s2_6time_legacy_center_zero_mask_32_to_224/all/GAO20211007t161356p0000-D/neg_06_x120_y462/s2_0.tif,/mnt/engg-niulab/yuyao/final_crop/s2_6time_legacy_center_zero_mask_32_to_224/all/GAO20211007t161356p0000-D/neg_06_x120_y462/s2_prev1.tif,/mnt/engg-niulab/yuyao/final_crop/s2_6time_legacy_center_zero_mask_32_to_224/all/GAO20211007t161356p0000-D/neg_06_x120_y462/s2_prev2.tif,/mnt/engg-niulab/yuyao/final_crop/s2_6time_legacy_center_zero_mask_32_to_224/all/GAO20211007t161356p0000-D/neg_06_x120_y462/s2_prev3.tif,/mnt/engg-niulab/yuyao/final_crop/s2_6time_legacy_center_zero_mask_32_to_224/all/GAO20211007t161356p0000-D/neg_06_x120_y462/s2_seasonal.tif,/mnt/engg-niulab/yuyao/final_crop/s2_6time_legacy_center_zero_mask_32_to_224/all/GAO20211007t161356p0000-D/neg_06_x120_y462/s2_year.tif,/mnt/engg-niulab/yuyao/final_crop/s2_6time_legacy_center_zero_mask_32_to_224/all/GAO20211007t161356p0000-D/neg_06_x120_y462/s2_0.tif,/mnt/engg-niulab/yuyao/final_crop/s2_6time_legacy_center_zero_mask_32_to_224/all/GAO20211007t161356p0000-D/neg_06_x120_y462/s2_0.tif,/mnt/engg-niulab/yuyao/final_crop/s2_6time_legacy_center_zero_mask_32_to_224/all/GAO20211007t161356p0000-D/neg_06_x120_y462/s2_prev1.tif,/mnt/engg-niulab/yuyao/final_crop/s2_6time_legacy_center_zero_mask_32_to_224/all/GAO20211007t161356p0000-D/neg_06_x120_y462/s2_seasonal.tif,/mnt/engg-niulab/yuyao/final_crop/s2_6time_legacy_center_zero_mask_32_to_224/all/GAO20211007t161356p0000-D/neg_06_x120_y462/s2_year.tif
GAO20211007t161356p0000-D,dropped_missing_required_time_or_path,0,/mnt/engg-niulab/yuyao/final_crop/s2_6time_legacy_center_zero_mask_32/all/GAO20211007t161356p0000-D/neg_07_x51_y318,/mnt/engg-niulab/yuyao/final_crop/s2_6time_legacy_center_zero_mask_32/all/GAO20211007t161356p0000-D/neg_07_x51_y318,/mnt/engg-niulab/yuyao/final_crop/s2_6time_legacy_center_zero_mask_32_to_224/all/GAO20211007t161356p0000-D/neg_07_x51_y318/plume.tif,/mnt/engg-niulab/yuyao/final_crop/s2_6time_legacy_center_zero_mask_32_to_224/all/GAO20211007t161356p0000-D/neg_07_x51_y318/plume.tif,/mnt/engg-niulab/yuyao/final_crop/s2_6time_legacy_center_zero_mask_32_to_224/all/GAO20211007t161356p0000-D/neg_07_x51_y318/plume.tif,51,318,51,318,legacy_center_anchor,,32.0049124,-103.8905,32.0049124,-103.8905,2021-10-07T16:13:56+00,2021-10-07T17:31:19.024000Z,2021-10-02T17:31:41.024000Z,2021-09-27T17:30:09.024000Z,2021-09-22T17:30:31.024000Z,,,/mnt/engg-niulab/yuyao/final_crop/s2_6time_legacy_center_zero_mask_32_to_224/all/GAO20211007t161356p0000-D/neg_07_x51_y318/s2_0.tif,/mnt/engg-niulab/yuyao/final_crop/s2_6time_legacy_center_zero_mask_32_to_224/all/GAO20211007t161356p0000-D/neg_07_x51_y318/s2_prev1.tif,/mnt/engg-niulab/yuyao/final_crop/s2_6time_legacy_center_zero_mask_32_to_224/all/GAO20211007t161356p0000-D/neg_07_x51_y318/s2_prev2.tif,/mnt/engg-niulab/yuyao/final_crop/s2_6time_legacy_center_zero_mask_32_to_224/all/GAO20211007t161356p0000-D/neg_07_x51_y318/s2_prev3.tif,/mnt/engg-niulab/yuyao/final_crop/s2_6time_legacy_center_zero_mask_32_to_224/all/GAO20211007t161356p0000-D/neg_07_x51_y318/s2_seasonal.tif,/mnt/engg-niulab/yuyao/final_crop/s2_6time_legacy_center_zero_mask_32_to_224/all/GAO20211007t161356p0000-D/neg_07_x51_y318/s2_year.tif,/mnt/engg-niulab/yuyao/final_crop/s2_6time_legacy_center_zero_mask_32_to_224/all/GAO20211007t161356p0000-D/neg_07_x51_y318/s2_0.tif,/mnt/engg-niulab/yuyao/final_crop/s2_6time_legacy_center_zero_mask_32_to_224/all/GAO20211007t161356p0000-D/neg_07_x51_y318/s2_0.tif,/mnt/engg-niulab/yuyao/final_crop/s2_6time_legacy_center_zero_mask_32_to_224/all/GAO20211007t161356p0000-D/neg_07_x51_y318/s2_prev1.tif,/mnt/engg-niulab/yuyao/final_crop/s2_6time_legacy_center_zero_mask_32_to_224/all/GAO20211007t161356p0000-D/neg_07_x51_y318/s2_seasonal.tif,/mnt/engg-niulab/yuyao/final_crop/s2_6time_legacy_center_zero_mask_32_to_224/all/GAO20211007t161356p0000-D/neg_07_x51_y318/s2_year.tif
GAO20211007t161356p0000-D,dropped_missing_required_time_or_path,0,/mnt/engg-niulab/yuyao/final_crop/s2_6time_legacy_center_zero_mask_32/all/GAO20211007t161356p0000-D/neg_08_x328_y8,/mnt/engg-niulab/yuyao/final_crop/s2_6time_legacy_center_zero_mask_32/all/GAO20211007t161356p0000-D/neg_08_x328_y8,/mnt/engg-niulab/yuyao/final_crop/s2_6time_legacy_center_zero_mask_32_to_224/all/GAO20211007t161356p0000-D/neg_08_x328_y8/plume.tif,/mnt/engg-niulab/yuyao/final_crop/s2_6time_legacy_center_zero_mask_32_to_224/all/GAO20211007t161356p0000-D/neg_08_x328_y8/plume.tif,/mnt/engg-niulab/yuyao/final_crop/s2_6time_legacy_center_zero_mask_32_to_224/all/GAO20211007t161356p0000-D/neg_08_x328_y8/plume.tif,328,8,328,8,legacy_center_anchor,,32.0049124,-103.8905,32.0049124,-103.8905,2021-10-07T16:13:56+00,2021-10-07T17:31:19.024000Z,2021-10-02T17:31:41.024000Z,2021-09-27T17:30:09.024000Z,2021-09-22T17:30:31.024000Z,,,/mnt/engg-niulab/yuyao/final_crop/s2_6time_legacy_center_zero_mask_32_to_224/all/GAO20211007t161356p0000-D/neg_08_x328_y8/s2_0.tif,/mnt/engg-niulab/yuyao/final_crop/s2_6time_legacy_center_zero_mask_32_to_224/all/GAO20211007t161356p0000-D/neg_08_x328_y8/s2_prev1.tif,/mnt/engg-niulab/yuyao/final_crop/s2_6time_legacy_center_zero_mask_32_to_224/all/GAO20211007t161356p0000-D/neg_08_x328_y8/s2_prev2.tif,/mnt/engg-niulab/yuyao/final_crop/s2_6time_legacy_center_zero_mask_32_to_224/all/GAO20211007t161356p0000-D/neg_08_x328_y8/s2_prev3.tif,/mnt/engg-niulab/yuyao/final_crop/s2_6time_legacy_center_zero_mask_32_to_224/all/GAO20211007t161356p0000-D/neg_08_x328_y8/s2_seasonal.tif,/mnt/engg-niulab/yuyao/final_crop/s2_6time_legacy_center_zero_mask_32_to_224/all/GAO20211007t161356p0000-D/neg_08_x328_y8/s2_year.tif,/mnt/engg-niulab/yuyao/final_crop/s2_6time_legacy_center_zero_mask_32_to_224/all/GAO20211007t161356p0000-D/neg_08_x328_y8/s2_0.tif,/mnt/engg-niulab/yuyao/final_crop/s2_6time_legacy_center_zero_mask_32_to_224/all/GAO20211007t161356p0000-D/neg_08_x328_y8/s2_0.tif,/mnt/engg-niulab/yuyao/final_crop/s2_6time_legacy_center_zero_mask_32_to_224/all/GAO20211007t161356p0000-D/neg_08_x328_y8/s2_prev1.tif,/mnt/engg-niulab/yuyao/final_crop/s2_6time_legacy_center_zero_mask_32_to_224/all/GAO20211007t161356p0000-D/neg_08_x328_y8/s2_seasonal.tif,/mnt/engg-niulab/yuyao/final_crop/s2_6time_legacy_center_zero_mask_32_to_224/all/GAO20211007t161356p0000-D/neg_08_x328_y8/s2_year.tif
GAO20211007t161356p0000-D,dropped_missing_required_time_or_path,0,/mnt/engg-niulab/yuyao/final_crop/s2_6time_legacy_center_zero_mask_32/all/GAO20211007t161356p0000-D/neg_09_x93_y238,/mnt/engg-niulab/yuyao/final_crop/s2_6time_legacy_center_zero_mask_32/all/GAO20211007t161356p0000-D/neg_09_x93_y238,/mnt/engg-niulab/yuyao/final_crop/s2_6time_legacy_center_zero_mask_32_to_224/all/GAO20211007t161356p0000-D/neg_09_x93_y238/plume.tif,/mnt/engg-niulab/yuyao/final_crop/s2_6time_legacy_center_zero_mask_32_to_224/all/GAO20211007t161356p0000-D/neg_09_x93_y238/plume.tif,/mnt/engg-niulab/yuyao/final_crop/s2_6time_legacy_center_zero_mask_32_to_224/all/GAO20211007t161356p0000-D/neg_09_x93_y238/plume.tif,93,238,93,238,legacy_center_anchor,,32.0049124,-103.8905,32.0049124,-103.8905,2021-10-07T16:13:56+00,2021-10-07T17:31:19.024000Z,2021-10-02T17:31:41.024000Z,2021-09-27T17:30:09.024000Z,2021-09-22T17:30:31.024000Z,,,/mnt/engg-niulab/yuyao/final_crop/s2_6time_legacy_center_zero_mask_32_to_224/all/GAO20211007t161356p0000-D/neg_09_x93_y238/s2_0.tif,/mnt/engg-niulab/yuyao/final_crop/s2_6time_legacy_center_zero_mask_32_to_224/all/GAO20211007t161356p0000-D/neg_09_x93_y238/s2_prev1.tif,/mnt/engg-niulab/yuyao/final_crop/s2_6time_legacy_center_zero_mask_32_to_224/all/GAO20211007t161356p0000-D/neg_09_x93_y238/s2_prev2.tif,/mnt/engg-niulab/yuyao/final_crop/s2_6time_legacy_center_zero_mask_32_to_224/all/GAO20211007t161356p0000-D/neg_09_x93_y238/s2_prev3.tif,/mnt/engg-niulab/yuyao/final_crop/s2_6time_legacy_center_zero_mask_32_to_224/all/GAO20211007t161356p0000-D/neg_09_x93_y238/s2_seasonal.tif,/mnt/engg-niulab/yuyao/final_crop/s2_6time_legacy_center_zero_mask_32_to_224/all/GAO20211007t161356p0000-D/neg_09_x93_y238/s2_year.tif,/mnt/engg-niulab/yuyao/final_crop/s2_6time_legacy_center_zero_mask_32_to_224/all/GAO20211007t161356p0000-D/neg_09_x93_y238/s2_0.tif,/mnt/engg-niulab/yuyao/final_crop/s2_6time_legacy_center_zero_mask_32_to_224/all/GAO20211007t161356p0000-D/neg_09_x93_y238/s2_0.tif,/mnt/engg-niulab/yuyao/final_crop/s2_6time_legacy_center_zero_mask_32_to_224/all/GAO20211007t161356p0000-D/neg_09_x93_y238/s2_prev1.tif,/mnt/engg-niulab/yuyao/final_crop/s2_6time_legacy_center_zero_mask_32_to_224/all/GAO20211007t161356p0000-D/neg_09_x93_y238/s2_seasonal.tif,/mnt/engg-niulab/yuyao/final_crop/s2_6time_legacy_center_zero_mask_32_to_224/all/GAO20211007t161356p0000-D/neg_09_x93_y238/s2_year.tif
GAO20211007t161356p0000-D,dropped_missing_required_time_or_path,0,/mnt/engg-niulab/yuyao/final_crop/s2_6time_legacy_center_zero_mask_32/all/GAO20211007t161356p0000-D/neg_10_x335_y195,/mnt/engg-niulab/yuyao/final_crop/s2_6time_legacy_center_zero_mask_32/all/GAO20211007t161356p0000-D/neg_10_x335_y195,/mnt/engg-niulab/yuyao/final_crop/s2_6time_legacy_center_zero_mask_32_to_224/all/GAO20211007t161356p0000-D/neg_10_x335_y195/plume.tif,/mnt/engg-niulab/yuyao/final_crop/s2_6time_legacy_center_zero_mask_32_to_224/all/GAO20211007t161356p0000-D/neg_10_x335_y195/plume.tif,/mnt/engg-niulab/yuyao/final_crop/s2_6time_legacy_center_zero_mask_32_to_224/all/GAO20211007t161356p0000-D/neg_10_x335_y195/plume.tif,335,195,335,195,legacy_center_anchor,,32.0049124,-103.8905,32.0049124,-103.8905,2021-10-07T16:13:56+00,2021-10-07T17:31:19.024000Z,2021-10-02T17:31:41.024000Z,2021-09-27T17:30:09.024000Z,2021-09-22T17:30:31.024000Z,,,/mnt/engg-niulab/yuyao/final_crop/s2_6time_legacy_center_zero_mask_32_to_224/all/GAO20211007t161356p0000-D/neg_10_x335_y195/s2_0.tif,/mnt/engg-niulab/yuyao/final_crop/s2_6time_legacy_center_zero_mask_32_to_224/all/GAO20211007t161356p0000-D/neg_10_x335_y195/s2_prev1.tif,/mnt/engg-niulab/yuyao/final_crop/s2_6time_legacy_center_zero_mask_32_to_224/all/GAO20211007t161356p0000-D/neg_10_x335_y195/s2_prev2.tif,/mnt/engg-niulab/yuyao/final_crop/s2_6time_legacy_center_zero_mask_32_to_224/all/GAO20211007t161356p0000-D/neg_10_x335_y195/s2_prev3.tif,/mnt/engg-niulab/yuyao/final_crop/s2_6time_legacy_center_zero_mask_32_to_224/all/GAO20211007t161356p0000-D/neg_10_x335_y195/s2_seasonal.tif,/mnt/engg-niulab/yuyao/final_crop/s2_6time_legacy_center_zero_mask_32_to_224/all/GAO20211007t161356p0000-D/neg_10_x335_y195/s2_year.tif,/mnt/engg-niulab/yuyao/final_crop/s2_6time_legacy_center_zero_mask_32_to_224/all/GAO20211007t161356p0000-D/neg_10_x335_y195/s2_0.tif,/mnt/engg-niulab/yuyao/final_crop/s2_6time_legacy_center_zero_mask_32_to_224/all/GAO20211007t161356p0000-D/neg_10_x335_y195/s2_0.tif,/mnt/engg-niulab/yuyao/final_crop/s2_6time_legacy_center_zero_mask_32_to_224/all/GAO20211007t161356p0000-D/neg_10_x335_y195/s2_prev1.tif,/mnt/engg-niulab/yuyao/final_crop/s2_6time_legacy_center_zero_mask_32_to_224/all/GAO20211007t161356p0000-D/neg_10_x335_y195/s2_seasonal.tif,/mnt/engg-niulab/yuyao/final_crop/s2_6time_legacy_center_zero_mask_32_to_224/all/GAO20211007t161356p0000-D/neg_10_x335_y195/s2_year.tif
GAO20211007t161356p0000-D,dropped_missing_required_time_or_path,0,/mnt/engg-niulab/yuyao/final_crop/s2_6time_legacy_center_zero_mask_32/all/GAO20211007t161356p0000-D/neg_11_x75_y311,/mnt/engg-niulab/yuyao/final_crop/s2_6time_legacy_center_zero_mask_32/all/GAO20211007t161356p0000-D/neg_11_x75_y311,/mnt/engg-niulab/yuyao/final_crop/s2_6time_legacy_center_zero_mask_32_to_224/all/GAO20211007t161356p0000-D/neg_11_x75_y311/plume.tif,/mnt/engg-niulab/yuyao/final_crop/s2_6time_legacy_center_zero_mask_32_to_224/all/GAO20211007t161356p0000-D/neg_11_x75_y311/plume.tif,/mnt/engg-niulab/yuyao/final_crop/s2_6time_legacy_center_zero_mask_32_to_224/all/GAO20211007t161356p0000-D/neg_11_x75_y311/plume.tif,75,311,75,311,legacy_center_anchor,,32.0049124,-103.8905,32.0049124,-103.8905,2021-10-07T16:13:56+00,2021-10-07T17:31:19.024000Z,2021-10-02T17:31:41.024000Z,2021-09-27T17:30:09.024000Z,2021-09-22T17:30:31.024000Z,,,/mnt/engg-niulab/yuyao/final_crop/s2_6time_legacy_center_zero_mask_32_to_224/all/GAO20211007t161356p0000-D/neg_11_x75_y311/s2_0.tif,/mnt/engg-niulab/yuyao/final_crop/s2_6time_legacy_center_zero_mask_32_to_224/all/GAO20211007t161356p0000-D/neg_11_x75_y311/s2_prev1.tif,/mnt/engg-niulab/yuyao/final_crop/s2_6time_legacy_center_zero_mask_32_to_224/all/GAO20211007t161356p0000-D/neg_11_x75_y311/s2_prev2.tif,/mnt/engg-niulab/yuyao/final_crop/s2_6time_legacy_center_zero_mask_32_to_224/all/GAO20211007t161356p0000-D/neg_11_x75_y311/s2_prev3.tif,/mnt/engg-niulab/yuyao/final_crop/s2_6time_legacy_center_zero_mask_32_to_224/all/GAO20211007t161356p0000-D/neg_11_x75_y311/s2_seasonal.tif,/mnt/engg-niulab/yuyao/final_crop/s2_6time_legacy_center_zero_mask_32_to_224/all/GAO20211007t161356p0000-D/neg_11_x75_y311/s2_year.tif,/mnt/engg-niulab/yuyao/final_crop/s2_6time_legacy_center_zero_mask_32_to_224/all/GAO20211007t161356p0000-D/neg_11_x75_y311/s2_0.tif,/mnt/engg-niulab/yuyao/final_crop/s2_6time_legacy_center_zero_mask_32_to_224/all/GAO20211007t161356p0000-D/neg_11_x75_y311/s2_0.tif,/mnt/engg-niulab/yuyao/final_crop/s2_6time_legacy_center_zero_mask_32_to_224/all/GAO20211007t161356p0000-D/neg_11_x75_y311/s2_prev1.tif,/mnt/engg-niulab/yuyao/final_crop/s2_6time_legacy_center_zero_mask_32_to_224/all/GAO20211007t161356p0000-D/neg_11_x75_y311/s2_seasonal.tif,/mnt/engg-niulab/yuyao/final_crop/s2_6time_legacy_center_zero_mask_32_to_224/all/GAO20211007t161356p0000-D/neg_11_x75_y311/s2_year.tif
GAO20211007t161356p0000-D,dropped_missing_required_time_or_path,0,/mnt/engg-niulab/yuyao/final_crop/s2_6time_legacy_center_zero_mask_32/all/GAO20211007t161356p0000-D/neg_12_x241_y9,/mnt/engg-niulab/yuyao/final_crop/s2_6time_legacy_center_zero_mask_32/all/GAO20211007t161356p0000-D/neg_12_x241_y9,/mnt/engg-niulab/yuyao/final_crop/s2_6time_legacy_center_zero_mask_32_to_224/all/GAO20211007t161356p0000-D/neg_12_x241_y9/plume.tif,/mnt/engg-niulab/yuyao/final_crop/s2_6time_legacy_center_zero_mask_32_to_224/all/GAO20211007t161356p0000-D/neg_12_x241_y9/plume.tif,/mnt/engg-niulab/yuyao/final_crop/s2_6time_legacy_center_zero_mask_32_to_224/all/GAO20211007t161356p0000-D/neg_12_x241_y9/plume.tif,241,9,241,9,legacy_center_anchor,,32.0049124,-103.8905,32.0049124,-103.8905,2021-10-07T16:13:56+00,2021-10-07T17:31:19.024000Z,2021-10-02T17:31:41.024000Z,2021-09-27T17:30:09.024000Z,2021-09-22T17:30:31.024000Z,,,/mnt/engg-niulab/yuyao/final_crop/s2_6time_legacy_center_zero_mask_32_to_224/all/GAO20211007t161356p0000-D/neg_12_x241_y9/s2_0.tif,/mnt/engg-niulab/yuyao/final_crop/s2_6time_legacy_center_zero_mask_32_to_224/all/GAO20211007t161356p0000-D/neg_12_x241_y9/s2_prev1.tif,/mnt/engg-niulab/yuyao/final_crop/s2_6time_legacy_center_zero_mask_32_to_224/all/GAO20211007t161356p0000-D/neg_12_x241_y9/s2_prev2.tif,/mnt/engg-niulab/yuyao/final_crop/s2_6time_legacy_center_zero_mask_32_to_224/all/GAO20211007t161356p0000-D/neg_12_x241_y9/s2_prev3.tif,/mnt/engg-niulab/yuyao/final_crop/s2_6time_legacy_center_zero_mask_32_to_224/all/GAO20211007t161356p0000-D/neg_12_x241_y9/s2_seasonal.tif,/mnt/engg-niulab/yuyao/final_crop/s2_6time_legacy_center_zero_mask_32_to_224/all/GAO20211007t161356p0000-D/neg_12_x241_y9/s2_year.tif,/mnt/engg-niulab/yuyao/final_crop/s2_6time_legacy_center_zero_mask_32_to_224/all/GAO20211007t161356p0000-D/neg_12_x241_y9/s2_0.tif,/mnt/engg-niulab/yuyao/final_crop/s2_6time_legacy_center_zero_mask_32_to_224/all/GAO20211007t161356p0000-D/neg_12_x241_y9/s2_0.tif,/mnt/engg-niulab/yuyao/final_crop/s2_6time_legacy_center_zero_mask_32_to_224/all/GAO20211007t161356p0000-D/neg_12_x241_y9/s2_prev1.tif,/mnt/engg-niulab/yuyao/final_crop/s2_6time_legacy_center_zero_mask_32_to_224/all/GAO20211007t161356p0000-D/neg_12_x241_y9/s2_seasonal.tif,/mnt/engg-niulab/yuyao/final_crop/s2_6time_legacy_center_zero_mask_32_to_224/all/GAO20211007t161356p0000-D/neg_12_x241_y9/s2_year.tif
GAO20211007t161356p0000-D,dropped_missing_required_time_or_path,0,/mnt/engg-niulab/yuyao/final_crop/s2_6time_legacy_center_zero_mask_32/all/GAO20211007t161356p0000-D/neg_13_x166_y227,/mnt/engg-niulab/yuyao/final_crop/s2_6time_legacy_center_zero_mask_32/all/GAO20211007t161356p0000-D/neg_13_x166_y227,/mnt/engg-niulab/yuyao/final_crop/s2_6time_legacy_center_zero_mask_32_to_224/all/GAO20211007t161356p0000-D/neg_13_x166_y227/plume.tif,/mnt/engg-niulab/yuyao/final_crop/s2_6time_legacy_center_zero_mask_32_to_224/all/GAO20211007t161356p0000-D/neg_13_x166_y227/plume.tif,/mnt/engg-niulab/yuyao/final_crop/s2_6time_legacy_center_zero_mask_32_to_224/all/GAO20211007t161356p0000-D/neg_13_x166_y227/plume.tif,166,227,166,227,legacy_center_anchor,,32.0049124,-103.8905,32.0049124,-103.8905,2021-10-07T16:13:56+00,2021-10-07T17:31:19.024000Z,2021-10-02T17:31:41.024000Z,2021-09-27T17:30:09.024000Z,2021-09-22T17:30:31.024000Z,,,/mnt/engg-niulab/yuyao/final_crop/s2_6time_legacy_center_zero_mask_32_to_224/all/GAO20211007t161356p0000-D/neg_13_x166_y227/s2_0.tif,/mnt/engg-niulab/yuyao/final_crop/s2_6time_legacy_center_zero_mask_32_to_224/all/GAO20211007t161356p0000-D/neg_13_x166_y227/s2_prev1.tif,/mnt/engg-niulab/yuyao/final_crop/s2_6time_legacy_center_zero_mask_32_to_224/all/GAO20211007t161356p0000-D/neg_13_x166_y227/s2_prev2.tif,/mnt/engg-niulab/yuyao/final_crop/s2_6time_legacy_center_zero_mask_32_to_224/all/GAO20211007t161356p0000-D/neg_13_x166_y227/s2_prev3.tif,/mnt/engg-niulab/yuyao/final_crop/s2_6time_legacy_center_zero_mask_32_to_224/all/GAO20211007t161356p0000-D/neg_13_x166_y227/s2_seasonal.tif,/mnt/engg-niulab/yuyao/final_crop/s2_6time_legacy_center_zero_mask_32_to_224/all/GAO20211007t161356p0000-D/neg_13_x166_y227/s2_year.tif,/mnt/engg-niulab/yuyao/final_crop/s2_6time_legacy_center_zero_mask_32_to_224/all/GAO20211007t161356p0000-D/neg_13_x166_y227/s2_0.tif,/mnt/engg-niulab/yuyao/final_crop/s2_6time_legacy_center_zero_mask_32_to_224/all/GAO20211007t161356p0000-D/neg_13_x166_y227/s2_0.tif,/mnt/engg-niulab/yuyao/final_crop/s2_6time_legacy_center_zero_mask_32_to_224/all/GAO20211007t161356p0000-D/neg_13_x166_y227/s2_prev1.tif,/mnt/engg-niulab/yuyao/final_crop/s2_6time_legacy_center_zero_mask_32_to_224/all/GAO20211007t161356p0000-D/neg_13_x166_y227/s2_seasonal.tif,/mnt/engg-niulab/yuyao/final_crop/s2_6time_legacy_center_zero_mask_32_to_224/all/GAO20211007t161356p0000-D/neg_13_x166_y227/s2_year.tif
GAO20211007t161356p0000-D,dropped_missing_required_time_or_path,0,/mnt/engg-niulab/yuyao/final_crop/s2_6time_legacy_center_zero_mask_32/all/GAO20211007t161356p0000-D/neg_14_x412_y344,/mnt/engg-niulab/yuyao/final_crop/s2_6time_legacy_center_zero_mask_32/all/GAO20211007t161356p0000-D/neg_14_x412_y344,/mnt/engg-niulab/yuyao/final_crop/s2_6time_legacy_center_zero_mask_32_to_224/all/GAO20211007t161356p0000-D/neg_14_x412_y344/plume.tif,/mnt/engg-niulab/yuyao/final_crop/s2_6time_legacy_center_zero_mask_32_to_224/all/GAO20211007t161356p0000-D/neg_14_x412_y344/plume.tif,/mnt/engg-niulab/yuyao/final_crop/s2_6time_legacy_center_zero_mask_32_to_224/all/GAO20211007t161356p0000-D/neg_14_x412_y344/plume.tif,412,344,412,344,legacy_center_anchor,,32.0049124,-103.8905,32.0049124,-103.8905,2021-10-07T16:13:56+00,2021-10-07T17:31:19.024000Z,2021-10-02T17:31:41.024000Z,2021-09-27T17:30:09.024000Z,2021-09-22T17:30:31.024000Z,,,/mnt/engg-niulab/yuyao/final_crop/s2_6time_legacy_center_zero_mask_32_to_224/all/GAO20211007t161356p0000-D/neg_14_x412_y344/s2_0.tif,/mnt/engg-niulab/yuyao/final_crop/s2_6time_legacy_center_zero_mask_32_to_224/all/GAO20211007t161356p0000-D/neg_14_x412_y344/s2_prev1.tif,/mnt/engg-niulab/yuyao/final_crop/s2_6time_legacy_center_zero_mask_32_to_224/all/GAO20211007t161356p0000-D/neg_14_x412_y344/s2_prev2.tif,/mnt/engg-niulab/yuyao/final_crop/s2_6time_legacy_center_zero_mask_32_to_224/all/GAO20211007t161356p0000-D/neg_14_x412_y344/s2_prev3.tif,/mnt/engg-niulab/yuyao/final_crop/s2_6time_legacy_center_zero_mask_32_to_224/all/GAO20211007t161356p0000-D/neg_14_x412_y344/s2_seasonal.tif,/mnt/engg-niulab/yuyao/final_crop/s2_6time_legacy_center_zero_mask_32_to_224/all/GAO20211007t161356p0000-D/neg_14_x412_y344/s2_year.tif,/mnt/engg-niulab/yuyao/final_crop/s2_6time_legacy_center_zero_mask_32_to_224/all/GAO20211007t161356p0000-D/neg_14_x412_y344/s2_0.tif,/mnt/engg-niulab/yuyao/final_crop/s2_6time_legacy_center_zero_mask_32_to_224/all/GAO20211007t161356p0000-D/neg_14_x412_y344/s2_0.tif,/mnt/engg-niulab/yuyao/final_crop/s2_6time_legacy_center_zero_mask_32_to_224/all/GAO20211007t161356p0000-D/neg_14_x412_y344/s2_prev1.tif,/mnt/engg-niulab/yuyao/final_crop/s2_6time_legacy_center_zero_mask_32_to_224/all/GAO20211007t161356p0000-D/neg_14_x412_y344/s2_seasonal.tif,/mnt/engg-niulab/yuyao/final_crop/s2_6time_legacy_center_zero_mask_32_to_224/all/GAO20211007t161356p0000-D/neg_14_x412_y344/s2_year.tif
GAO20211007t161356p0000-D,dropped_missing_required_time_or_path,0,/mnt/engg-niulab/yuyao/final_crop/s2_6time_legacy_center_zero_mask_32/all/GAO20211007t161356p0000-D/neg_15_x385_y426,/mnt/engg-niulab/yuyao/final_crop/s2_6time_legacy_center_zero_mask_32/all/GAO20211007t161356p0000-D/neg_15_x385_y426,/mnt/engg-niulab/yuyao/final_crop/s2_6time_legacy_center_zero_mask_32_to_224/all/GAO20211007t161356p0000-D/neg_15_x385_y426/plume.tif,/mnt/engg-niulab/yuyao/final_crop/s2_6time_legacy_center_zero_mask_32_to_224/all/GAO20211007t161356p0000-D/neg_15_x385_y426/plume.tif,/mnt/engg-niulab/yuyao/final_crop/s2_6time_legacy_center_zero_mask_32_to_224/all/GAO20211007t161356p0000-D/neg_15_x385_y426/plume.tif,385,426,385,426,legacy_center_anchor,,32.0049124,-103.8905,32.0049124,-103.8905,2021-10-07T16:13:56+00,2021-10-07T17:31:19.024000Z,2021-10-02T17:31:41.024000Z,2021-09-27T17:30:09.024000Z,2021-09-22T17:30:31.024000Z,,,/mnt/engg-niulab/yuyao/final_crop/s2_6time_legacy_center_zero_mask_32_to_224/all/GAO20211007t161356p0000-D/neg_15_x385_y426/s2_0.tif,/mnt/engg-niulab/yuyao/final_crop/s2_6time_legacy_center_zero_mask_32_to_224/all/GAO20211007t161356p0000-D/neg_15_x385_y426/s2_prev1.tif,/mnt/engg-niulab/yuyao/final_crop/s2_6time_legacy_center_zero_mask_32_to_224/all/GAO20211007t161356p0000-D/neg_15_x385_y426/s2_prev2.tif,/mnt/engg-niulab/yuyao/final_crop/s2_6time_legacy_center_zero_mask_32_to_224/all/GAO20211007t161356p0000-D/neg_15_x385_y426/s2_prev3.tif,/mnt/engg-niulab/yuyao/final_crop/s2_6time_legacy_center_zero_mask_32_to_224/all/GAO20211007t161356p0000-D/neg_15_x385_y426/s2_seasonal.tif,/mnt/engg-niulab/yuyao/final_crop/s2_6time_legacy_center_zero_mask_32_to_224/all/GAO20211007t161356p0000-D/neg_15_x385_y426/s2_year.tif,/mnt/engg-niulab/yuyao/final_crop/s2_6time_legacy_center_zero_mask_32_to_224/all/GAO20211007t161356p0000-D/neg_15_x385_y426/s2_0.tif,/mnt/engg-niulab/yuyao/final_crop/s2_6time_legacy_center_zero_mask_32_to_224/all/GAO20211007t161356p0000-D/neg_15_x385_y426/s2_0.tif,/mnt/engg-niulab/yuyao/final_crop/s2_6time_legacy_center_zero_mask_32_to_224/all/GAO20211007t161356p0000-D/neg_15_x385_y426/s2_prev1.tif,/mnt/engg-niulab/yuyao/final_crop/s2_6time_legacy_center_zero_mask_32_to_224/all/GAO20211007t161356p0000-D/neg_15_x385_y426/s2_seasonal.tif,/mnt/engg-niulab/yuyao/final_crop/s2_6time_legacy_center_zero_mask_32_to_224/all/GAO20211007t161356p0000-D/neg_15_x385_y426/s2_year.tif
GAO20240420t183810p0000-B,dropped_missing_required_time_or_path,1,/mnt/engg-niulab/yuyao/final_crop/s2_6time_legacy_center_zero_mask_32/all/GAO20240420t183810p0000-B/pos_00_x251_y254,/mnt/engg-niulab/yuyao/final_crop/s2_6time_legacy_center_zero_mask_32/all/GAO20240420t183810p0000-B/pos_00_x251_y254,/mnt/engg-niulab/yuyao/final_crop/s2_6time_legacy_center_zero_mask_32_to_224/all/GAO20240420t183810p0000-B/pos_00_x251_y254/plume.tif,/mnt/engg-niulab/yuyao/final_crop/s2_6time_legacy_center_zero_mask_32_to_224/all/GAO20240420t183810p0000-B/pos_00_x251_y254/plume.tif,/mnt/engg-niulab/yuyao/final_crop/s2_6time_legacy_center_zero_mask_32_to_224/all/GAO20240420t183810p0000-B/pos_00_x251_y254/plume.tif,251,254,251,254,legacy_center_anchor,,36.18913457824041,-119.6053492200576,36.18913457824041,-119.6053492200576,2024-04-20T18:38:10+00,2024-04-20T18:39:21.024000Z,2024-04-10T18:39:21.024000Z,2024-03-26T18:39:29.024000Z,2024-03-21T18:40:41.024000Z,,,/mnt/engg-niulab/yuyao/final_crop/s2_6time_legacy_center_zero_mask_32_to_224/all/GAO20240420t183810p0000-B/pos_00_x251_y254/s2_0.tif,/mnt/engg-niulab/yuyao/final_crop/s2_6time_legacy_center_zero_mask_32_to_224/all/GAO20240420t183810p0000-B/pos_00_x251_y254/s2_prev1.tif,/mnt/engg-niulab/yuyao/final_crop/s2_6time_legacy_center_zero_mask_32_to_224/all/GAO20240420t183810p0000-B/pos_00_x251_y254/s2_prev2.tif,/mnt/engg-niulab/yuyao/final_crop/s2_6time_legacy_center_zero_mask_32_to_224/all/GAO20240420t183810p0000-B/pos_00_x251_y254/s2_prev3.tif,/mnt/engg-niulab/yuyao/final_crop/s2_6time_legacy_center_zero_mask_32_to_224/all/GAO20240420t183810p0000-B/pos_00_x251_y254/s2_seasonal.tif,/mnt/engg-niulab/yuyao/final_crop/s2_6time_legacy_center_zero_mask_32_to_224/all/GAO20240420t183810p0000-B/pos_00_x251_y254/s2_year.tif,/mnt/engg-niulab/yuyao/final_crop/s2_6time_legacy_center_zero_mask_32_to_224/all/GAO20240420t183810p0000-B/pos_00_x251_y254/s2_0.tif,/mnt/engg-niulab/yuyao/final_crop/s2_6time_legacy_center_zero_mask_32_to_224/all/GAO20240420t183810p0000-B/pos_00_x251_y254/s2_0.tif,/mnt/engg-niulab/yuyao/final_crop/s2_6time_legacy_center_zero_mask_32_to_224/all/GAO20240420t183810p0000-B/pos_00_x251_y254/s2_prev1.tif,/mnt/engg-niulab/yuyao/final_crop/s2_6time_legacy_center_zero_mask_32_to_224/all/GAO20240420t183810p0000-B/pos_00_x251_y254/s2_seasonal.tif,/mnt/engg-niulab/yuyao/final_crop/s2_6time_legacy_center_zero_mask_32_to_224/all/GAO20240420t183810p0000-B/pos_00_x251_y254/s2_year.tif
GAO20240420t183810p0000-B,dropped_missing_required_time_or_path,1,/mnt/engg-niulab/yuyao/final_crop/s2_6time_legacy_center_zero_mask_32/all/GAO20240420t183810p0000-B/pos_01_x231_y233,/mnt/engg-niulab/yuyao/final_crop/s2_6time_legacy_center_zero_mask_32/all/GAO20240420t183810p0000-B/pos_01_x231_y233,/mnt/engg-niulab/yuyao/final_crop/s2_6time_legacy_center_zero_mask_32_to_224/all/GAO20240420t183810p0000-B/pos_01_x231_y233/plume.tif,/mnt/engg-niulab/yuyao/final_crop/s2_6time_legacy_center_zero_mask_32_to_224/all/GAO20240420t183810p0000-B/pos_01_x231_y233/plume.tif,/mnt/engg-niulab/yuyao/final_crop/s2_6time_legacy_center_zero_mask_32_to_224/all/GAO20240420t183810p0000-B/pos_01_x231_y233/plume.tif,231,233,231,233,legacy_center_anchor,,36.18913457824041,-119.6053492200576,36.18913457824041,-119.6053492200576,2024-04-20T18:38:10+00,2024-04-20T18:39:21.024000Z,2024-04-10T18:39:21.024000Z,2024-03-26T18:39:29.024000Z,2024-03-21T18:40:41.024000Z,,,/mnt/engg-niulab/yuyao/final_crop/s2_6time_legacy_center_zero_mask_32_to_224/all/GAO20240420t183810p0000-B/pos_01_x231_y233/s2_0.tif,/mnt/engg-niulab/yuyao/final_crop/s2_6time_legacy_center_zero_mask_32_to_224/all/GAO20240420t183810p0000-B/pos_01_x231_y233/s2_prev1.tif,/mnt/engg-niulab/yuyao/final_crop/s2_6time_legacy_center_zero_mask_32_to_224/all/GAO20240420t183810p0000-B/pos_01_x231_y233/s2_prev2.tif,/mnt/engg-niulab/yuyao/final_crop/s2_6time_legacy_center_zero_mask_32_to_224/all/GAO20240420t183810p0000-B/pos_01_x231_y233/s2_prev3.tif,/mnt/engg-niulab/yuyao/final_crop/s2_6time_legacy_center_zero_mask_32_to_224/all/GAO20240420t183810p0000-B/pos_01_x231_y233/s2_seasonal.tif,/mnt/engg-niulab/yuyao/final_crop/s2_6time_legacy_center_zero_mask_32_to_224/all/GAO20240420t183810p0000-B/pos_01_x231_y233/s2_year.tif,/mnt/engg-niulab/yuyao/final_crop/s2_6time_legacy_center_zero_mask_32_to_224/all/GAO20240420t183810p0000-B/pos_01_x231_y233/s2_0.tif,/mnt/engg-niulab/yuyao/final_crop/s2_6time_legacy_center_zero_mask_32_to_224/all/GAO20240420t183810p0000-B/pos_01_x231_y233/s2_0.tif,/mnt/engg-niulab/yuyao/final_crop/s2_6time_legacy_center_zero_mask_32_to_224/all/GAO20240420t183810p0000-B/pos_01_x231_y233/s2_prev1.tif,/mnt/engg-niulab/yuyao/final_crop/s2_6time_legacy_center_zero_mask_32_to_224/all/GAO20240420t183810p0000-B/pos_01_x231_y233/s2_seasonal.tif,/mnt/engg-niulab/yuyao/final_crop/s2_6time_legacy_center_zero_mask_32_to_224/all/GAO20240420t183810p0000-B/pos_01_x231_y233/s2_year.tif
GAO20240420t183810p0000-B,dropped_missing_required_time_or_path,1,/mnt/engg-niulab/yuyao/final_crop/s2_6time_legacy_center_zero_mask_32/all/GAO20240420t183810p0000-B/pos_02_x255_y250,/mnt/engg-niulab/yuyao/final_crop/s2_6time_legacy_center_zero_mask_32/all/GAO20240420t183810p0000-B/pos_02_x255_y250,/mnt/engg-niulab/yuyao/final_crop/s2_6time_legacy_center_zero_mask_32_to_224/all/GAO20240420t183810p0000-B/pos_02_x255_y250/plume.tif,/mnt/engg-niulab/yuyao/final_crop/s2_6time_legacy_center_zero_mask_32_to_224/all/GAO20240420t183810p0000-B/pos_02_x255_y250/plume.tif,/mnt/engg-niulab/yuyao/final_crop/s2_6time_legacy_center_zero_mask_32_to_224/all/GAO20240420t183810p0000-B/pos_02_x255_y250/plume.tif,255,250,255,250,legacy_center_anchor,,36.18913457824041,-119.6053492200576,36.18913457824041,-119.6053492200576,2024-04-20T18:38:10+00,2024-04-20T18:39:21.024000Z,2024-04-10T18:39:21.024000Z,2024-03-26T18:39:29.024000Z,2024-03-21T18:40:41.024000Z,,,/mnt/engg-niulab/yuyao/final_crop/s2_6time_legacy_center_zero_mask_32_to_224/all/GAO20240420t183810p0000-B/pos_02_x255_y250/s2_0.tif,/mnt/engg-niulab/yuyao/final_crop/s2_6time_legacy_center_zero_mask_32_to_224/all/GAO20240420t183810p0000-B/pos_02_x255_y250/s2_prev1.tif,/mnt/engg-niulab/yuyao/final_crop/s2_6time_legacy_center_zero_mask_32_to_224/all/GAO20240420t183810p0000-B/pos_02_x255_y250/s2_prev2.tif,/mnt/engg-niulab/yuyao/final_crop/s2_6time_legacy_center_zero_mask_32_to_224/all/GAO20240420t183810p0000-B/pos_02_x255_y250/s2_prev3.tif,/mnt/engg-niulab/yuyao/final_crop/s2_6time_legacy_center_zero_mask_32_to_224/all/GAO20240420t183810p0000-B/pos_02_x255_y250/s2_seasonal.tif,/mnt/engg-niulab/yuyao/final_crop/s2_6time_legacy_center_zero_mask_32_to_224/all/GAO20240420t183810p0000-B/pos_02_x255_y250/s2_year.tif,/mnt/engg-niulab/yuyao/final_crop/s2_6time_legacy_center_zero_mask_32_to_224/all/GAO20240420t183810p0000-B/pos_02_x255_y250/s2_0.tif,/mnt/engg-niulab/yuyao/final_crop/s2_6time_legacy_center_zero_mask_32_to_224/all/GAO20240420t183810p0000-B/pos_02_x255_y250/s2_0.tif,/mnt/engg-niulab/yuyao/final_crop/s2_6time_legacy_center_zero_mask_32_to_224/all/GAO20240420t183810p0000-B/pos_02_x255_y250/s2_prev1.tif,/mnt/engg-niulab/yuyao/final_crop/s2_6time_legacy_center_zero_mask_32_to_224/all/GAO20240420t183810p0000-B/pos_02_x255_y250/s2_seasonal.tif,/mnt/engg-niulab/yuyao/final_crop/s2_6time_legacy_center_zero_mask_32_to_224/all/GAO20240420t183810p0000-B/pos_02_x255_y250/s2_year.tif
GAO20240420t183810p0000-B,dropped_missing_required_time_or_path,1,/mnt/engg-niulab/yuyao/final_crop/s2_6time_legacy_center_zero_mask_32/all/GAO20240420t183810p0000-B/pos_03_x241_y225,/mnt/engg-niulab/yuyao/final_crop/s2_6time_legacy_center_zero_mask_32/all/GAO20240420t183810p0000-B/pos_03_x241_y225,/mnt/engg-niulab/yuyao/final_crop/s2_6time_legacy_center_zero_mask_32_to_224/all/GAO20240420t183810p0000-B/pos_03_x241_y225/plume.tif,/mnt/engg-niulab/yuyao/final_crop/s2_6time_legacy_center_zero_mask_32_to_224/all/GAO20240420t183810p0000-B/pos_03_x241_y225/plume.tif,/mnt/engg-niulab/yuyao/final_crop/s2_6time_legacy_center_zero_mask_32_to_224/all/GAO20240420t183810p0000-B/pos_03_x241_y225/plume.tif,241,225,241,225,legacy_center_anchor,,36.18913457824041,-119.6053492200576,36.18913457824041,-119.6053492200576,2024-04-20T18:38:10+00,2024-04-20T18:39:21.024000Z,2024-04-10T18:39:21.024000Z,2024-03-26T18:39:29.024000Z,2024-03-21T18:40:41.024000Z,,,/mnt/engg-niulab/yuyao/final_crop/s2_6time_legacy_center_zero_mask_32_to_224/all/GAO20240420t183810p0000-B/pos_03_x241_y225/s2_0.tif,/mnt/engg-niulab/yuyao/final_crop/s2_6time_legacy_center_zero_mask_32_to_224/all/GAO20240420t183810p0000-B/pos_03_x241_y225/s2_prev1.tif,/mnt/engg-niulab/yuyao/final_crop/s2_6time_legacy_center_zero_mask_32_to_224/all/GAO20240420t183810p0000-B/pos_03_x241_y225/s2_prev2.tif,/mnt/engg-niulab/yuyao/final_crop/s2_6time_legacy_center_zero_mask_32_to_224/all/GAO20240420t183810p0000-B/pos_03_x241_y225/s2_prev3.tif,/mnt/engg-niulab/yuyao/final_crop/s2_6time_legacy_center_zero_mask_32_to_224/all/GAO20240420t183810p0000-B/pos_03_x241_y225/s2_seasonal.tif,/mnt/engg-niulab/yuyao/final_crop/s2_6time_legacy_center_zero_mask_32_to_224/all/GAO20240420t183810p0000-B/pos_03_x241_y225/s2_year.tif,/mnt/engg-niulab/yuyao/final_crop/s2_6time_legacy_center_zero_mask_32_to_224/all/GAO20240420t183810p0000-B/pos_03_x241_y225/s2_0.tif,/mnt/engg-niulab/yuyao/final_crop/s2_6time_legacy_center_zero_mask_32_to_224/all/GAO20240420t183810p0000-B/pos_03_x241_y225/s2_0.tif,/mnt/engg-niulab/yuyao/final_crop/s2_6time_legacy_center_zero_mask_32_to_224/all/GAO20240420t183810p0000-B/pos_03_x241_y225/s2_prev1.tif,/mnt/engg-niulab/yuyao/final_crop/s2_6time_legacy_center_zero_mask_32_to_224/all/GAO20240420t183810p0000-B/pos_03_x241_y225/s2_seasonal.tif,/mnt/engg-niulab/yuyao/final_crop/s2_6time_legacy_center_zero_mask_32_to_224/all/GAO20240420t183810p0000-B/pos_03_x241_y225/s2_year.tif
GAO20240420t183810p0000-B,dropped_missing_required_time_or_path,1,/mnt/engg-niulab/yuyao/final_crop/s2_6time_legacy_center_zero_mask_32/all/GAO20240420t183810p0000-B/pos_04_x254_y250,/mnt/engg-niulab/yuyao/final_crop/s2_6time_legacy_center_zero_mask_32/all/GAO20240420t183810p0000-B/pos_04_x254_y250,/mnt/engg-niulab/yuyao/final_crop/s2_6time_legacy_center_zero_mask_32_to_224/all/GAO20240420t183810p0000-B/pos_04_x254_y250/plume.tif,/mnt/engg-niulab/yuyao/final_crop/s2_6time_legacy_center_zero_mask_32_to_224/all/GAO20240420t183810p0000-B/pos_04_x254_y250/plume.tif,/mnt/engg-niulab/yuyao/final_crop/s2_6time_legacy_center_zero_mask_32_to_224/all/GAO20240420t183810p0000-B/pos_04_x254_y250/plume.tif,254,250,254,250,legacy_center_anchor,,36.18913457824041,-119.6053492200576,36.18913457824041,-119.6053492200576,2024-04-20T18:38:10+00,2024-04-20T18:39:21.024000Z,2024-04-10T18:39:21.024000Z,2024-03-26T18:39:29.024000Z,2024-03-21T18:40:41.024000Z,,,/mnt/engg-niulab/yuyao/final_crop/s2_6time_legacy_center_zero_mask_32_to_224/all/GAO20240420t183810p0000-B/pos_04_x254_y250/s2_0.tif,/mnt/engg-niulab/yuyao/final_crop/s2_6time_legacy_center_zero_mask_32_to_224/all/GAO20240420t183810p0000-B/pos_04_x254_y250/s2_prev1.tif,/mnt/engg-niulab/yuyao/final_crop/s2_6time_legacy_center_zero_mask_32_to_224/all/GAO20240420t183810p0000-B/pos_04_x254_y250/s2_prev2.tif,/mnt/engg-niulab/yuyao/final_crop/s2_6time_legacy_center_zero_mask_32_to_224/all/GAO20240420t183810p0000-B/pos_04_x254_y250/s2_prev3.tif,/mnt/engg-niulab/yuyao/final_crop/s2_6time_legacy_center_zero_mask_32_to_224/all/GAO20240420t183810p0000-B/pos_04_x254_y250/s2_seasonal.tif,/mnt/engg-niulab/yuyao/final_crop/s2_6time_legacy_center_zero_mask_32_to_224/all/GAO20240420t183810p0000-B/pos_04_x254_y250/s2_year.tif,/mnt/engg-niulab/yuyao/final_crop/s2_6time_legacy_center_zero_mask_32_to_224/all/GAO20240420t183810p0000-B/pos_04_x254_y250/s2_0.tif,/mnt/engg-niulab/yuyao/final_crop/s2_6time_legacy_center_zero_mask_32_to_224/all/GAO20240420t183810p0000-B/pos_04_x254_y250/s2_0.tif,/mnt/engg-niulab/yuyao/final_crop/s2_6time_legacy_center_zero_mask_32_to_224/all/GAO20240420t183810p0000-B/pos_04_x254_y250/s2_prev1.tif,/mnt/engg-niulab/yuyao/final_crop/s2_6time_legacy_center_zero_mask_32_to_224/all/GAO20240420t183810p0000-B/pos_04_x254_y250/s2_seasonal.tif,/mnt/engg-niulab/yuyao/final_crop/s2_6time_legacy_center_zero_mask_32_to_224/all/GAO20240420t183810p0000-B/pos_04_x254_y250/s2_year.tif
GAO20240420t183810p0000-B,dropped_missing_required_time_or_path,1,/mnt/engg-niulab/yuyao/final_crop/s2_6time_legacy_center_zero_mask_32/all/GAO20240420t183810p0000-B/pos_05_x236_y226,/mnt/engg-niulab/yuyao/final_crop/s2_6time_legacy_center_zero_mask_32/all/GAO20240420t183810p0000-B/pos_05_x236_y226,/mnt/engg-niulab/yuyao/final_crop/s2_6time_legacy_center_zero_mask_32_to_224/all/GAO20240420t183810p0000-B/pos_05_x236_y226/plume.tif,/mnt/engg-niulab/yuyao/final_crop/s2_6time_legacy_center_zero_mask_32_to_224/all/GAO20240420t183810p0000-B/pos_05_x236_y226/plume.tif,/mnt/engg-niulab/yuyao/final_crop/s2_6time_legacy_center_zero_mask_32_to_224/all/GAO20240420t183810p0000-B/pos_05_x236_y226/plume.tif,236,226,236,226,legacy_center_anchor,,36.18913457824041,-119.6053492200576,36.18913457824041,-119.6053492200576,2024-04-20T18:38:10+00,2024-04-20T18:39:21.024000Z,2024-04-10T18:39:21.024000Z,2024-03-26T18:39:29.024000Z,2024-03-21T18:40:41.024000Z,,,/mnt/engg-niulab/yuyao/final_crop/s2_6time_legacy_center_zero_mask_32_to_224/all/GAO20240420t183810p0000-B/pos_05_x236_y226/s2_0.tif,/mnt/engg-niulab/yuyao/final_crop/s2_6time_legacy_center_zero_mask_32_to_224/all/GAO20240420t183810p0000-B/pos_05_x236_y226/s2_prev1.tif,/mnt/engg-niulab/yuyao/final_crop/s2_6time_legacy_center_zero_mask_32_to_224/all/GAO20240420t183810p0000-B/pos_05_x236_y226/s2_prev2.tif,/mnt/engg-niulab/yuyao/final_crop/s2_6time_legacy_center_zero_mask_32_to_224/all/GAO20240420t183810p0000-B/pos_05_x236_y226/s2_prev3.tif,/mnt/engg-niulab/yuyao/final_crop/s2_6time_legacy_center_zero_mask_32_to_224/all/GAO20240420t183810p0000-B/pos_05_x236_y226/s2_seasonal.tif,/mnt/engg-niulab/yuyao/final_crop/s2_6time_legacy_center_zero_mask_32_to_224/all/GAO20240420t183810p0000-B/pos_05_x236_y226/s2_year.tif,/mnt/engg-niulab/yuyao/final_crop/s2_6time_legacy_center_zero_mask_32_to_224/all/GAO20240420t183810p0000-B/pos_05_x236_y226/s2_0.tif,/mnt/engg-niulab/yuyao/final_crop/s2_6time_legacy_center_zero_mask_32_to_224/all/GAO20240420t183810p0000-B/pos_05_x236_y226/s2_0.tif,/mnt/engg-niulab/yuyao/final_crop/s2_6time_legacy_center_zero_mask_32_to_224/all/GAO20240420t183810p0000-B/pos_05_x236_y226/s2_prev1.tif,/mnt/engg-niulab/yuyao/final_crop/s2_6time_legacy_center_zero_mask_32_to_224/all/GAO20240420t183810p0000-B/pos_05_x236_y226/s2_seasonal.tif,/mnt/engg-niulab/yuyao/final_crop/s2_6time_legacy_center_zero_mask_32_to_224/all/GAO20240420t183810p0000-B/pos_05_x236_y226/s2_year.tif
GAO20240420t183810p0000-B,dropped_missing_required_time_or_path,1,/mnt/engg-niulab/yuyao/final_crop/s2_6time_legacy_center_zero_mask_32/all/GAO20240420t183810p0000-B/pos_06_x241_y235,/mnt/engg-niulab/yuyao/final_crop/s2_6time_legacy_center_zero_mask_32/all/GAO20240420t183810p0000-B/pos_06_x241_y235,/mnt/engg-niulab/yuyao/final_crop/s2_6time_legacy_center_zero_mask_32_to_224/all/GAO20240420t183810p0000-B/pos_06_x241_y235/plume.tif,/mnt/engg-niulab/yuyao/final_crop/s2_6time_legacy_center_zero_mask_32_to_224/all/GAO20240420t183810p0000-B/pos_06_x241_y235/plume.tif,/mnt/engg-niulab/yuyao/final_crop/s2_6time_legacy_center_zero_mask_32_to_224/all/GAO20240420t183810p0000-B/pos_06_x241_y235/plume.tif,241,235,241,235,legacy_center_anchor,,36.18913457824041,-119.6053492200576,36.18913457824041,-119.6053492200576,2024-04-20T18:38:10+00,2024-04-20T18:39:21.024000Z,2024-04-10T18:39:21.024000Z,2024-03-26T18:39:29.024000Z,2024-03-21T18:40:41.024000Z,,,/mnt/engg-niulab/yuyao/final_crop/s2_6time_legacy_center_zero_mask_32_to_224/all/GAO20240420t183810p0000-B/pos_06_x241_y235/s2_0.tif,/mnt/engg-niulab/yuyao/final_crop/s2_6time_legacy_center_zero_mask_32_to_224/all/GAO20240420t183810p0000-B/pos_06_x241_y235/s2_prev1.tif,/mnt/engg-niulab/yuyao/final_crop/s2_6time_legacy_center_zero_mask_32_to_224/all/GAO20240420t183810p0000-B/pos_06_x241_y235/s2_prev2.tif,/mnt/engg-niulab/yuyao/final_crop/s2_6time_legacy_center_zero_mask_32_to_224/all/GAO20240420t183810p0000-B/pos_06_x241_y235/s2_prev3.tif,/mnt/engg-niulab/yuyao/final_crop/s2_6time_legacy_center_zero_mask_32_to_224/all/GAO20240420t183810p0000-B/pos_06_x241_y235/s2_seasonal.tif,/mnt/engg-niulab/yuyao/final_crop/s2_6time_legacy_center_zero_mask_32_to_224/all/GAO20240420t183810p0000-B/pos_06_x241_y235/s2_year.tif,/mnt/engg-niulab/yuyao/final_crop/s2_6time_legacy_center_zero_mask_32_to_224/all/GAO20240420t183810p0000-B/pos_06_x241_y235/s2_0.tif,/mnt/engg-niulab/yuyao/final_crop/s2_6time_legacy_center_zero_mask_32_to_224/all/GAO20240420t183810p0000-B/pos_06_x241_y235/s2_0.tif,/mnt/engg-niulab/yuyao/final_crop/s2_6time_legacy_center_zero_mask_32_to_224/all/GAO20240420t183810p0000-B/pos_06_x241_y235/s2_prev1.tif,/mnt/engg-niulab/yuyao/final_crop/s2_6time_legacy_center_zero_mask_32_to_224/all/GAO20240420t183810p0000-B/pos_06_x241_y235/s2_seasonal.tif,/mnt/engg-niulab/yuyao/final_crop/s2_6time_legacy_center_zero_mask_32_to_224/all/GAO20240420t183810p0000-B/pos_06_x241_y235/s2_year.tif
GAO20240420t183810p0000-B,dropped_missing_required_time_or_path,1,/mnt/engg-niulab/yuyao/final_crop/s2_6time_legacy_center_zero_mask_32/all/GAO20240420t183810p0000-B/pos_07_x254_y244,/mnt/engg-niulab/yuyao/final_crop/s2_6time_legacy_center_zero_mask_32/all/GAO20240420t183810p0000-B/pos_07_x254_y244,/mnt/engg-niulab/yuyao/final_crop/s2_6time_legacy_center_zero_mask_32_to_224/all/GAO20240420t183810p0000-B/pos_07_x254_y244/plume.tif,/mnt/engg-niulab/yuyao/final_crop/s2_6time_legacy_center_zero_mask_32_to_224/all/GAO20240420t183810p0000-B/pos_07_x254_y244/plume.tif,/mnt/engg-niulab/yuyao/final_crop/s2_6time_legacy_center_zero_mask_32_to_224/all/GAO20240420t183810p0000-B/pos_07_x254_y244/plume.tif,254,244,254,244,legacy_center_anchor,,36.18913457824041,-119.6053492200576,36.18913457824041,-119.6053492200576,2024-04-20T18:38:10+00,2024-04-20T18:39:21.024000Z,2024-04-10T18:39:21.024000Z,2024-03-26T18:39:29.024000Z,2024-03-21T18:40:41.024000Z,,,/mnt/engg-niulab/yuyao/final_crop/s2_6time_legacy_center_zero_mask_32_to_224/all/GAO20240420t183810p0000-B/pos_07_x254_y244/s2_0.tif,/mnt/engg-niulab/yuyao/final_crop/s2_6time_legacy_center_zero_mask_32_to_224/all/GAO20240420t183810p0000-B/pos_07_x254_y244/s2_prev1.tif,/mnt/engg-niulab/yuyao/final_crop/s2_6time_legacy_center_zero_mask_32_to_224/all/GAO20240420t183810p0000-B/pos_07_x254_y244/s2_prev2.tif,/mnt/engg-niulab/yuyao/final_crop/s2_6time_legacy_center_zero_mask_32_to_224/all/GAO20240420t183810p0000-B/pos_07_x254_y244/s2_prev3.tif,/mnt/engg-niulab/yuyao/final_crop/s2_6time_legacy_center_zero_mask_32_to_224/all/GAO20240420t183810p0000-B/pos_07_x254_y244/s2_seasonal.tif,/mnt/engg-niulab/yuyao/final_crop/s2_6time_legacy_center_zero_mask_32_to_224/all/GAO20240420t183810p0000-B/pos_07_x254_y244/s2_year.tif,/mnt/engg-niulab/yuyao/final_crop/s2_6time_legacy_center_zero_mask_32_to_224/all/GAO20240420t183810p0000-B/pos_07_x254_y244/s2_0.tif,/mnt/engg-niulab/yuyao/final_crop/s2_6time_legacy_center_zero_mask_32_to_224/all/GAO20240420t183810p0000-B/pos_07_x254_y244/s2_0.tif,/mnt/engg-niulab/yuyao/final_crop/s2_6time_legacy_center_zero_mask_32_to_224/all/GAO20240420t183810p0000-B/pos_07_x254_y244/s2_prev1.tif,/mnt/engg-niulab/yuyao/final_crop/s2_6time_legacy_center_zero_mask_32_to_224/all/GAO20240420t183810p0000-B/pos_07_x254_y244/s2_seasonal.tif,/mnt/engg-niulab/yuyao/final_crop/s2_6time_legacy_center_zero_mask_32_to_224/all/GAO20240420t183810p0000-B/pos_07_x254_y244/s2_year.tif
GAO20240420t183810p0000-B,dropped_missing_required_time_or_path,1,/mnt/engg-niulab/yuyao/final_crop/s2_6time_legacy_center_zero_mask_32/all/GAO20240420t183810p0000-B/pos_08_x243_y240,/mnt/engg-niulab/yuyao/final_crop/s2_6time_legacy_center_zero_mask_32/all/GAO20240420t183810p0000-B/pos_08_x243_y240,/mnt/engg-niulab/yuyao/final_crop/s2_6time_legacy_center_zero_mask_32_to_224/all/GAO20240420t183810p0000-B/pos_08_x243_y240/plume.tif,/mnt/engg-niulab/yuyao/final_crop/s2_6time_legacy_center_zero_mask_32_to_224/all/GAO20240420t183810p0000-B/pos_08_x243_y240/plume.tif,/mnt/engg-niulab/yuyao/final_crop/s2_6time_legacy_center_zero_mask_32_to_224/all/GAO20240420t183810p0000-B/pos_08_x243_y240/plume.tif,243,240,243,240,legacy_center_anchor,,36.18913457824041,-119.6053492200576,36.18913457824041,-119.6053492200576,2024-04-20T18:38:10+00,2024-04-20T18:39:21.024000Z,2024-04-10T18:39:21.024000Z,2024-03-26T18:39:29.024000Z,2024-03-21T18:40:41.024000Z,,,/mnt/engg-niulab/yuyao/final_crop/s2_6time_legacy_center_zero_mask_32_to_224/all/GAO20240420t183810p0000-B/pos_08_x243_y240/s2_0.tif,/mnt/engg-niulab/yuyao/final_crop/s2_6time_legacy_center_zero_mask_32_to_224/all/GAO20240420t183810p0000-B/pos_08_x243_y240/s2_prev1.tif,/mnt/engg-niulab/yuyao/final_crop/s2_6time_legacy_center_zero_mask_32_to_224/all/GAO20240420t183810p0000-B/pos_08_x243_y240/s2_prev2.tif,/mnt/engg-niulab/yuyao/final_crop/s2_6time_legacy_center_zero_mask_32_to_224/all/GAO20240420t183810p0000-B/pos_08_x243_y240/s2_prev3.tif,/mnt/engg-niulab/yuyao/final_crop/s2_6time_legacy_center_zero_mask_32_to_224/all/GAO20240420t183810p0000-B/pos_08_x243_y240/s2_seasonal.tif,/mnt/engg-niulab/yuyao/final_crop/s2_6time_legacy_center_zero_mask_32_to_224/all/GAO20240420t183810p0000-B/pos_08_x243_y240/s2_year.tif,/mnt/engg-niulab/yuyao/final_crop/s2_6time_legacy_center_zero_mask_32_to_224/all/GAO20240420t183810p0000-B/pos_08_x243_y240/s2_0.tif,/mnt/engg-niulab/yuyao/final_crop/s2_6time_legacy_center_zero_mask_32_to_224/all/GAO20240420t183810p0000-B/pos_08_x243_y240/s2_0.tif,/mnt/engg-niulab/yuyao/final_crop/s2_6time_legacy_center_zero_mask_32_to_224/all/GAO20240420t183810p0000-B/pos_08_x243_y240/s2_prev1.tif,/mnt/engg-niulab/yuyao/final_crop/s2_6time_legacy_center_zero_mask_32_to_224/all/GAO20240420t183810p0000-B/pos_08_x243_y240/s2_seasonal.tif,/mnt/engg-niulab/yuyao/final_crop/s2_6time_legacy_center_zero_mask_32_to_224/all/GAO20240420t183810p0000-B/pos_08_x243_y240/s2_year.tif
GAO20240420t183810p0000-B,dropped_missing_required_time_or_path,1,/mnt/engg-niulab/yuyao/final_crop/s2_6time_legacy_center_zero_mask_32/all/GAO20240420t183810p0000-B/pos_09_x251_y237,/mnt/engg-niulab/yuyao/final_crop/s2_6time_legacy_center_zero_mask_32/all/GAO20240420t183810p0000-B/pos_09_x251_y237,/mnt/engg-niulab/yuyao/final_crop/s2_6time_legacy_center_zero_mask_32_to_224/all/GAO20240420t183810p0000-B/pos_09_x251_y237/plume.tif,/mnt/engg-niulab/yuyao/final_crop/s2_6time_legacy_center_zero_mask_32_to_224/all/GAO20240420t183810p0000-B/pos_09_x251_y237/plume.tif,/mnt/engg-niulab/yuyao/final_crop/s2_6time_legacy_center_zero_mask_32_to_224/all/GAO20240420t183810p0000-B/pos_09_x251_y237/plume.tif,251,237,251,237,legacy_center_anchor,,36.18913457824041,-119.6053492200576,36.18913457824041,-119.6053492200576,2024-04-20T18:38:10+00,2024-04-20T18:39:21.024000Z,2024-04-10T18:39:21.024000Z,2024-03-26T18:39:29.024000Z,2024-03-21T18:40:41.024000Z,,,/mnt/engg-niulab/yuyao/final_crop/s2_6time_legacy_center_zero_mask_32_to_224/all/GAO20240420t183810p0000-B/pos_09_x251_y237/s2_0.tif,/mnt/engg-niulab/yuyao/final_crop/s2_6time_legacy_center_zero_mask_32_to_224/all/GAO20240420t183810p0000-B/pos_09_x251_y237/s2_prev1.tif,/mnt/engg-niulab/yuyao/final_crop/s2_6time_legacy_center_zero_mask_32_to_224/all/GAO20240420t183810p0000-B/pos_09_x251_y237/s2_prev2.tif,/mnt/engg-niulab/yuyao/final_crop/s2_6time_legacy_center_zero_mask_32_to_224/all/GAO20240420t183810p0000-B/pos_09_x251_y237/s2_prev3.tif,/mnt/engg-niulab/yuyao/final_crop/s2_6time_legacy_center_zero_mask_32_to_224/all/GAO20240420t183810p0000-B/pos_09_x251_y237/s2_seasonal.tif,/mnt/engg-niulab/yuyao/final_crop/s2_6time_legacy_center_zero_mask_32_to_224/all/GAO20240420t183810p0000-B/pos_09_x251_y237/s2_year.tif,/mnt/engg-niulab/yuyao/final_crop/s2_6time_legacy_center_zero_mask_32_to_224/all/GAO20240420t183810p0000-B/pos_09_x251_y237/s2_0.tif,/mnt/engg-niulab/yuyao/final_crop/s2_6time_legacy_center_zero_mask_32_to_224/all/GAO20240420t183810p0000-B/pos_09_x251_y237/s2_0.tif,/mnt/engg-niulab/yuyao/final_crop/s2_6time_legacy_center_zero_mask_32_to_224/all/GAO20240420t183810p0000-B/pos_09_x251_y237/s2_prev1.tif,/mnt/engg-niulab/yuyao/final_crop/s2_6time_legacy_center_zero_mask_32_to_224/all/GAO20240420t183810p0000-B/pos_09_x251_y237/s2_seasonal.tif,/mnt/engg-niulab/yuyao/final_crop/s2_6time_legacy_center_zero_mask_32_to_224/all/GAO20240420t183810p0000-B/pos_09_x251_y237/s2_year.tif
GAO20240420t183810p0000-B,dropped_missing_required_time_or_path,1,/mnt/engg-niulab/yuyao/final_crop/s2_6time_legacy_center_zero_mask_32/all/GAO20240420t183810p0000-B/pos_10_x249_y240,/mnt/engg-niulab/yuyao/final_crop/s2_6time_legacy_center_zero_mask_32/all/GAO20240420t183810p0000-B/pos_10_x249_y240,/mnt/engg-niulab/yuyao/final_crop/s2_6time_legacy_center_zero_mask_32_to_224/all/GAO20240420t183810p0000-B/pos_10_x249_y240/plume.tif,/mnt/engg-niulab/yuyao/final_crop/s2_6time_legacy_center_zero_mask_32_to_224/all/GAO20240420t183810p0000-B/pos_10_x249_y240/plume.tif,/mnt/engg-niulab/yuyao/final_crop/s2_6time_legacy_center_zero_mask_32_to_224/all/GAO20240420t183810p0000-B/pos_10_x249_y240/plume.tif,249,240,249,240,legacy_center_anchor,,36.18913457824041,-119.6053492200576,36.18913457824041,-119.6053492200576,2024-04-20T18:38:10+00,2024-04-20T18:39:21.024000Z,2024-04-10T18:39:21.024000Z,2024-03-26T18:39:29.024000Z,2024-03-21T18:40:41.024000Z,,,/mnt/engg-niulab/yuyao/final_crop/s2_6time_legacy_center_zero_mask_32_to_224/all/GAO20240420t183810p0000-B/pos_10_x249_y240/s2_0.tif,/mnt/engg-niulab/yuyao/final_crop/s2_6time_legacy_center_zero_mask_32_to_224/all/GAO20240420t183810p0000-B/pos_10_x249_y240/s2_prev1.tif,/mnt/engg-niulab/yuyao/final_crop/s2_6time_legacy_center_zero_mask_32_to_224/all/GAO20240420t183810p0000-B/pos_10_x249_y240/s2_prev2.tif,/mnt/engg-niulab/yuyao/final_crop/s2_6time_legacy_center_zero_mask_32_to_224/all/GAO20240420t183810p0000-B/pos_10_x249_y240/s2_prev3.tif,/mnt/engg-niulab/yuyao/final_crop/s2_6time_legacy_center_zero_mask_32_to_224/all/GAO20240420t183810p0000-B/pos_10_x249_y240/s2_seasonal.tif,/mnt/engg-niulab/yuyao/final_crop/s2_6time_legacy_center_zero_mask_32_to_224/all/GAO20240420t183810p0000-B/pos_10_x249_y240/s2_year.tif,/mnt/engg-niulab/yuyao/final_crop/s2_6time_legacy_center_zero_mask_32_to_224/all/GAO20240420t183810p0000-B/pos_10_x249_y240/s2_0.tif,/mnt/engg-niulab/yuyao/final_crop/s2_6time_legacy_center_zero_mask_32_to_224/all/GAO20240420t183810p0000-B/pos_10_x249_y240/s2_0.tif,/mnt/engg-niulab/yuyao/final_crop/s2_6time_legacy_center_zero_mask_32_to_224/all/GAO20240420t183810p0000-B/pos_10_x249_y240/s2_prev1.tif,/mnt/engg-niulab/yuyao/final_crop/s2_6time_legacy_center_zero_mask_32_to_224/all/GAO20240420t183810p0000-B/pos_10_x249_y240/s2_seasonal.tif,/mnt/engg-niulab/yuyao/final_crop/s2_6time_legacy_center_zero_mask_32_to_224/all/GAO20240420t183810p0000-B/pos_10_x249_y240/s2_year.tif
GAO20240420t183810p0000-B,dropped_missing_required_time_or_path,1,/mnt/engg-niulab/yuyao/final_crop/s2_6time_legacy_center_zero_mask_32/all/GAO20240420t183810p0000-B/pos_11_x246_y232,/mnt/engg-niulab/yuyao/final_crop/s2_6time_legacy_center_zero_mask_32/all/GAO20240420t183810p0000-B/pos_11_x246_y232,/mnt/engg-niulab/yuyao/final_crop/s2_6time_legacy_center_zero_mask_32_to_224/all/GAO20240420t183810p0000-B/pos_11_x246_y232/plume.tif,/mnt/engg-niulab/yuyao/final_crop/s2_6time_legacy_center_zero_mask_32_to_224/all/GAO20240420t183810p0000-B/pos_11_x246_y232/plume.tif,/mnt/engg-niulab/yuyao/final_crop/s2_6time_legacy_center_zero_mask_32_to_224/all/GAO20240420t183810p0000-B/pos_11_x246_y232/plume.tif,246,232,246,232,legacy_center_anchor,,36.18913457824041,-119.6053492200576,36.18913457824041,-119.6053492200576,2024-04-20T18:38:10+00,2024-04-20T18:39:21.024000Z,2024-04-10T18:39:21.024000Z,2024-03-26T18:39:29.024000Z,2024-03-21T18:40:41.024000Z,,,/mnt/engg-niulab/yuyao/final_crop/s2_6time_legacy_center_zero_mask_32_to_224/all/GAO20240420t183810p0000-B/pos_11_x246_y232/s2_0.tif,/mnt/engg-niulab/yuyao/final_crop/s2_6time_legacy_center_zero_mask_32_to_224/all/GAO20240420t183810p0000-B/pos_11_x246_y232/s2_prev1.tif,/mnt/engg-niulab/yuyao/final_crop/s2_6time_legacy_center_zero_mask_32_to_224/all/GAO20240420t183810p0000-B/pos_11_x246_y232/s2_prev2.tif,/mnt/engg-niulab/yuyao/final_crop/s2_6time_legacy_center_zero_mask_32_to_224/all/GAO20240420t183810p0000-B/pos_11_x246_y232/s2_prev3.tif,/mnt/engg-niulab/yuyao/final_crop/s2_6time_legacy_center_zero_mask_32_to_224/all/GAO20240420t183810p0000-B/pos_11_x246_y232/s2_seasonal.tif,/mnt/engg-niulab/yuyao/final_crop/s2_6time_legacy_center_zero_mask_32_to_224/all/GAO20240420t183810p0000-B/pos_11_x246_y232/s2_year.tif,/mnt/engg-niulab/yuyao/final_crop/s2_6time_legacy_center_zero_mask_32_to_224/all/GAO20240420t183810p0000-B/pos_11_x246_y232/s2_0.tif,/mnt/engg-niulab/yuyao/final_crop/s2_6time_legacy_center_zero_mask_32_to_224/all/GAO20240420t183810p0000-B/pos_11_x246_y232/s2_0.tif,/mnt/engg-niulab/yuyao/final_crop/s2_6time_legacy_center_zero_mask_32_to_224/all/GAO20240420t183810p0000-B/pos_11_x246_y232/s2_prev1.tif,/mnt/engg-niulab/yuyao/final_crop/s2_6time_legacy_center_zero_mask_32_to_224/all/GAO20240420t183810p0000-B/pos_11_x246_y232/s2_seasonal.tif,/mnt/engg-niulab/yuyao/final_crop/s2_6time_legacy_center_zero_mask_32_to_224/all/GAO20240420t183810p0000-B/pos_11_x246_y232/s2_year.tif
GAO20240420t183810p0000-B,dropped_missing_required_time_or_path,1,/mnt/engg-niulab/yuyao/final_crop/s2_6time_legacy_center_zero_mask_32/all/GAO20240420t183810p0000-B/pos_12_x251_y243,/mnt/engg-niulab/yuyao/final_crop/s2_6time_legacy_center_zero_mask_32/all/GAO20240420t183810p0000-B/pos_12_x251_y243,/mnt/engg-niulab/yuyao/final_crop/s2_6time_legacy_center_zero_mask_32_to_224/all/GAO20240420t183810p0000-B/pos_12_x251_y243/plume.tif,/mnt/engg-niulab/yuyao/final_crop/s2_6time_legacy_center_zero_mask_32_to_224/all/GAO20240420t183810p0000-B/pos_12_x251_y243/plume.tif,/mnt/engg-niulab/yuyao/final_crop/s2_6time_legacy_center_zero_mask_32_to_224/all/GAO20240420t183810p0000-B/pos_12_x251_y243/plume.tif,251,243,251,243,legacy_center_anchor,,36.18913457824041,-119.6053492200576,36.18913457824041,-119.6053492200576,2024-04-20T18:38:10+00,2024-04-20T18:39:21.024000Z,2024-04-10T18:39:21.024000Z,2024-03-26T18:39:29.024000Z,2024-03-21T18:40:41.024000Z,,,/mnt/engg-niulab/yuyao/final_crop/s2_6time_legacy_center_zero_mask_32_to_224/all/GAO20240420t183810p0000-B/pos_12_x251_y243/s2_0.tif,/mnt/engg-niulab/yuyao/final_crop/s2_6time_legacy_center_zero_mask_32_to_224/all/GAO20240420t183810p0000-B/pos_12_x251_y243/s2_prev1.tif,/mnt/engg-niulab/yuyao/final_crop/s2_6time_legacy_center_zero_mask_32_to_224/all/GAO20240420t183810p0000-B/pos_12_x251_y243/s2_prev2.tif,/mnt/engg-niulab/yuyao/final_crop/s2_6time_legacy_center_zero_mask_32_to_224/all/GAO20240420t183810p0000-B/pos_12_x251_y243/s2_prev3.tif,/mnt/engg-niulab/yuyao/final_crop/s2_6time_legacy_center_zero_mask_32_to_224/all/GAO20240420t183810p0000-B/pos_12_x251_y243/s2_seasonal.tif,/mnt/engg-niulab/yuyao/final_crop/s2_6time_legacy_center_zero_mask_32_to_224/all/GAO20240420t183810p0000-B/pos_12_x251_y243/s2_year.tif,/mnt/engg-niulab/yuyao/final_crop/s2_6time_legacy_center_zero_mask_32_to_224/all/GAO20240420t183810p0000-B/pos_12_x251_y243/s2_0.tif,/mnt/engg-niulab/yuyao/final_crop/s2_6time_legacy_center_zero_mask_32_to_224/all/GAO20240420t183810p0000-B/pos_12_x251_y243/s2_0.tif,/mnt/engg-niulab/yuyao/final_crop/s2_6time_legacy_center_zero_mask_32_to_224/all/GAO20240420t183810p0000-B/pos_12_x251_y243/s2_prev1.tif,/mnt/engg-niulab/yuyao/final_crop/s2_6time_legacy_center_zero_mask_32_to_224/all/GAO20240420t183810p0000-B/pos_12_x251_y243/s2_seasonal.tif,/mnt/engg-niulab/yuyao/final_crop/s2_6time_legacy_center_zero_mask_32_to_224/all/GAO20240420t183810p0000-B/pos_12_x251_y243/s2_year.tif
GAO20240420t183810p0000-B,dropped_missing_required_time_or_path,1,/mnt/engg-niulab/yuyao/final_crop/s2_6time_legacy_center_zero_mask_32/all/GAO20240420t183810p0000-B/pos_13_x233_y255,/mnt/engg-niulab/yuyao/final_crop/s2_6time_legacy_center_zero_mask_32/all/GAO20240420t183810p0000-B/pos_13_x233_y255,/mnt/engg-niulab/yuyao/final_crop/s2_6time_legacy_center_zero_mask_32_to_224/all/GAO20240420t183810p0000-B/pos_13_x233_y255/plume.tif,/mnt/engg-niulab/yuyao/final_crop/s2_6time_legacy_center_zero_mask_32_to_224/all/GAO20240420t183810p0000-B/pos_13_x233_y255/plume.tif,/mnt/engg-niulab/yuyao/final_crop/s2_6time_legacy_center_zero_mask_32_to_224/all/GAO20240420t183810p0000-B/pos_13_x233_y255/plume.tif,233,255,233,255,legacy_center_anchor,,36.18913457824041,-119.6053492200576,36.18913457824041,-119.6053492200576,2024-04-20T18:38:10+00,2024-04-20T18:39:21.024000Z,2024-04-10T18:39:21.024000Z,2024-03-26T18:39:29.024000Z,2024-03-21T18:40:41.024000Z,,,/mnt/engg-niulab/yuyao/final_crop/s2_6time_legacy_center_zero_mask_32_to_224/all/GAO20240420t183810p0000-B/pos_13_x233_y255/s2_0.tif,/mnt/engg-niulab/yuyao/final_crop/s2_6time_legacy_center_zero_mask_32_to_224/all/GAO20240420t183810p0000-B/pos_13_x233_y255/s2_prev1.tif,/mnt/engg-niulab/yuyao/final_crop/s2_6time_legacy_center_zero_mask_32_to_224/all/GAO20240420t183810p0000-B/pos_13_x233_y255/s2_prev2.tif,/mnt/engg-niulab/yuyao/final_crop/s2_6time_legacy_center_zero_mask_32_to_224/all/GAO20240420t183810p0000-B/pos_13_x233_y255/s2_prev3.tif,/mnt/engg-niulab/yuyao/final_crop/s2_6time_legacy_center_zero_mask_32_to_224/all/GAO20240420t183810p0000-B/pos_13_x233_y255/s2_seasonal.tif,/mnt/engg-niulab/yuyao/final_crop/s2_6time_legacy_center_zero_mask_32_to_224/all/GAO20240420t183810p0000-B/pos_13_x233_y255/s2_year.tif,/mnt/engg-niulab/yuyao/final_crop/s2_6time_legacy_center_zero_mask_32_to_224/all/GAO20240420t183810p0000-B/pos_13_x233_y255/s2_0.tif,/mnt/engg-niulab/yuyao/final_crop/s2_6time_legacy_center_zero_mask_32_to_224/all/GAO20240420t183810p0000-B/pos_13_x233_y255/s2_0.tif,/mnt/engg-niulab/yuyao/final_crop/s2_6time_legacy_center_zero_mask_32_to_224/all/GAO20240420t183810p0000-B/pos_13_x233_y255/s2_prev1.tif,/mnt/engg-niulab/yuyao/final_crop/s2_6time_legacy_center_zero_mask_32_to_224/all/GAO20240420t183810p0000-B/pos_13_x233_y255/s2_seasonal.tif,/mnt/engg-niulab/yuyao/final_crop/s2_6time_legacy_center_zero_mask_32_to_224/all/GAO20240420t183810p0000-B/pos_13_x233_y255/s2_year.tif
GAO20240420t183810p0000-B,dropped_missing_required_time_or_path,1,/mnt/engg-niulab/yuyao/final_crop/s2_6time_legacy_center_zero_mask_32/all/GAO20240420t183810p0000-B/pos_14_x229_y232,/mnt/engg-niulab/yuyao/final_crop/s2_6time_legacy_center_zero_mask_32/all/GAO20240420t183810p0000-B/pos_14_x229_y232,/mnt/engg-niulab/yuyao/final_crop/s2_6time_legacy_center_zero_mask_32_to_224/all/GAO20240420t183810p0000-B/pos_14_x229_y232/plume.tif,/mnt/engg-niulab/yuyao/final_crop/s2_6time_legacy_center_zero_mask_32_to_224/all/GAO20240420t183810p0000-B/pos_14_x229_y232/plume.tif,/mnt/engg-niulab/yuyao/final_crop/s2_6time_legacy_center_zero_mask_32_to_224/all/GAO20240420t183810p0000-B/pos_14_x229_y232/plume.tif,229,232,229,232,legacy_center_anchor,,36.18913457824041,-119.6053492200576,36.18913457824041,-119.6053492200576,2024-04-20T18:38:10+00,2024-04-20T18:39:21.024000Z,2024-04-10T18:39:21.024000Z,2024-03-26T18:39:29.024000Z,2024-03-21T18:40:41.024000Z,,,/mnt/engg-niulab/yuyao/final_crop/s2_6time_legacy_center_zero_mask_32_to_224/all/GAO20240420t183810p0000-B/pos_14_x229_y232/s2_0.tif,/mnt/engg-niulab/yuyao/final_crop/s2_6time_legacy_center_zero_mask_32_to_224/all/GAO20240420t183810p0000-B/pos_14_x229_y232/s2_prev1.tif,/mnt/engg-niulab/yuyao/final_crop/s2_6time_legacy_center_zero_mask_32_to_224/all/GAO20240420t183810p0000-B/pos_14_x229_y232/s2_prev2.tif,/mnt/engg-niulab/yuyao/final_crop/s2_6time_legacy_center_zero_mask_32_to_224/all/GAO20240420t183810p0000-B/pos_14_x229_y232/s2_prev3.tif,/mnt/engg-niulab/yuyao/final_crop/s2_6time_legacy_center_zero_mask_32_to_224/all/GAO20240420t183810p0000-B/pos_14_x229_y232/s2_seasonal.tif,/mnt/engg-niulab/yuyao/final_crop/s2_6time_legacy_center_zero_mask_32_to_224/all/GAO20240420t183810p0000-B/pos_14_x229_y232/s2_year.tif,/mnt/engg-niulab/yuyao/final_crop/s2_6time_legacy_center_zero_mask_32_to_224/all/GAO20240420t183810p0000-B/pos_14_x229_y232/s2_0.tif,/mnt/engg-niulab/yuyao/final_crop/s2_6time_legacy_center_zero_mask_32_to_224/all/GAO20240420t183810p0000-B/pos_14_x229_y232/s2_0.tif,/mnt/engg-niulab/yuyao/final_crop/s2_6time_legacy_center_zero_mask_32_to_224/all/GAO20240420t183810p0000-B/pos_14_x229_y232/s2_prev1.tif,/mnt/engg-niulab/yuyao/final_crop/s2_6time_legacy_center_zero_mask_32_to_224/all/GAO20240420t183810p0000-B/pos_14_x229_y232/s2_seasonal.tif,/mnt/engg-niulab/yuyao/final_crop/s2_6time_legacy_center_zero_mask_32_to_224/all/GAO20240420t183810p0000-B/pos_14_x229_y232/s2_year.tif
GAO20240420t183810p0000-B,dropped_missing_required_time_or_path,1,/mnt/engg-niulab/yuyao/final_crop/s2_6time_legacy_center_zero_mask_32/all/GAO20240420t183810p0000-B/pos_15_x231_y242,/mnt/engg-niulab/yuyao/final_crop/s2_6time_legacy_center_zero_mask_32/all/GAO20240420t183810p0000-B/pos_15_x231_y242,/mnt/engg-niulab/yuyao/final_crop/s2_6time_legacy_center_zero_mask_32_to_224/all/GAO20240420t183810p0000-B/pos_15_x231_y242/plume.tif,/mnt/engg-niulab/yuyao/final_crop/s2_6time_legacy_center_zero_mask_32_to_224/all/GAO20240420t183810p0000-B/pos_15_x231_y242/plume.tif,/mnt/engg-niulab/yuyao/final_crop/s2_6time_legacy_center_zero_mask_32_to_224/all/GAO20240420t183810p0000-B/pos_15_x231_y242/plume.tif,231,242,231,242,legacy_center_anchor,,36.18913457824041,-119.6053492200576,36.18913457824041,-119.6053492200576,2024-04-20T18:38:10+00,2024-04-20T18:39:21.024000Z,2024-04-10T18:39:21.024000Z,2024-03-26T18:39:29.024000Z,2024-03-21T18:40:41.024000Z,,,/mnt/engg-niulab/yuyao/final_crop/s2_6time_legacy_center_zero_mask_32_to_224/all/GAO20240420t183810p0000-B/pos_15_x231_y242/s2_0.tif,/mnt/engg-niulab/yuyao/final_crop/s2_6time_legacy_center_zero_mask_32_to_224/all/GAO20240420t183810p0000-B/pos_15_x231_y242/s2_prev1.tif,/mnt/engg-niulab/yuyao/final_crop/s2_6time_legacy_center_zero_mask_32_to_224/all/GAO20240420t183810p0000-B/pos_15_x231_y242/s2_prev2.tif,/mnt/engg-niulab/yuyao/final_crop/s2_6time_legacy_center_zero_mask_32_to_224/all/GAO20240420t183810p0000-B/pos_15_x231_y242/s2_prev3.tif,/mnt/engg-niulab/yuyao/final_crop/s2_6time_legacy_center_zero_mask_32_to_224/all/GAO20240420t183810p0000-B/pos_15_x231_y242/s2_seasonal.tif,/mnt/engg-niulab/yuyao/final_crop/s2_6time_legacy_center_zero_mask_32_to_224/all/GAO20240420t183810p0000-B/pos_15_x231_y242/s2_year.tif,/mnt/engg-niulab/yuyao/final_crop/s2_6time_legacy_center_zero_mask_32_to_224/all/GAO20240420t183810p0000-B/pos_15_x231_y242/s2_0.tif,/mnt/engg-niulab/yuyao/final_crop/s2_6time_legacy_center_zero_mask_32_to_224/all/GAO20240420t183810p0000-B/pos_15_x231_y242/s2_0.tif,/mnt/engg-niulab/yuyao/final_crop/s2_6time_legacy_center_zero_mask_32_to_224/all/GAO20240420t183810p0000-B/pos_15_x231_y242/s2_prev1.tif,/mnt/engg-niulab/yuyao/final_crop/s2_6time_legacy_center_zero_mask_32_to_224/all/GAO20240420t183810p0000-B/pos_15_x231_y242/s2_seasonal.tif,/mnt/engg-niulab/yuyao/final_crop/s2_6time_legacy_center_zero_mask_32_to_224/all/GAO20240420t183810p0000-B/pos_15_x231_y242/s2_year.tif
GAO20240420t183810p0000-B,dropped_missing_required_time_or_path,0,/mnt/engg-niulab/yuyao/final_crop/s2_6time_legacy_center_zero_mask_32/all/GAO20240420t183810p0000-B/neg_00_x64_y89,/mnt/engg-niulab/yuyao/final_crop/s2_6time_legacy_center_zero_mask_32/all/GAO20240420t183810p0000-B/neg_00_x64_y89,/mnt/engg-niulab/yuyao/final_crop/s2_6time_legacy_center_zero_mask_32_to_224/all/GAO20240420t183810p0000-B/neg_00_x64_y89/plume.tif,/mnt/engg-niulab/yuyao/final_crop/s2_6time_legacy_center_zero_mask_32_to_224/all/GAO20240420t183810p0000-B/neg_00_x64_y89/plume.tif,/mnt/engg-niulab/yuyao/final_crop/s2_6time_legacy_center_zero_mask_32_to_224/all/GAO20240420t183810p0000-B/neg_00_x64_y89/plume.tif,64,89,64,89,legacy_center_anchor,,36.18913457824041,-119.6053492200576,36.18913457824041,-119.6053492200576,2024-04-20T18:38:10+00,2024-04-20T18:39:21.024000Z,2024-04-10T18:39:21.024000Z,2024-03-26T18:39:29.024000Z,2024-03-21T18:40:41.024000Z,,,/mnt/engg-niulab/yuyao/final_crop/s2_6time_legacy_center_zero_mask_32_to_224/all/GAO20240420t183810p0000-B/neg_00_x64_y89/s2_0.tif,/mnt/engg-niulab/yuyao/final_crop/s2_6time_legacy_center_zero_mask_32_to_224/all/GAO20240420t183810p0000-B/neg_00_x64_y89/s2_prev1.tif,/mnt/engg-niulab/yuyao/final_crop/s2_6time_legacy_center_zero_mask_32_to_224/all/GAO20240420t183810p0000-B/neg_00_x64_y89/s2_prev2.tif,/mnt/engg-niulab/yuyao/final_crop/s2_6time_legacy_center_zero_mask_32_to_224/all/GAO20240420t183810p0000-B/neg_00_x64_y89/s2_prev3.tif,/mnt/engg-niulab/yuyao/final_crop/s2_6time_legacy_center_zero_mask_32_to_224/all/GAO20240420t183810p0000-B/neg_00_x64_y89/s2_seasonal.tif,/mnt/engg-niulab/yuyao/final_crop/s2_6time_legacy_center_zero_mask_32_to_224/all/GAO20240420t183810p0000-B/neg_00_x64_y89/s2_year.tif,/mnt/engg-niulab/yuyao/final_crop/s2_6time_legacy_center_zero_mask_32_to_224/all/GAO20240420t183810p0000-B/neg_00_x64_y89/s2_0.tif,/mnt/engg-niulab/yuyao/final_crop/s2_6time_legacy_center_zero_mask_32_to_224/all/GAO20240420t183810p0000-B/neg_00_x64_y89/s2_0.tif,/mnt/engg-niulab/yuyao/final_crop/s2_6time_legacy_center_zero_mask_32_to_224/all/GAO20240420t183810p0000-B/neg_00_x64_y89/s2_prev1.tif,/mnt/engg-niulab/yuyao/final_crop/s2_6time_legacy_center_zero_mask_32_to_224/all/GAO20240420t183810p0000-B/neg_00_x64_y89/s2_seasonal.tif,/mnt/engg-niulab/yuyao/final_crop/s2_6time_legacy_center_zero_mask_32_to_224/all/GAO20240420t183810p0000-B/neg_00_x64_y89/s2_year.tif
GAO20240420t183810p0000-B,dropped_missing_required_time_or_path,0,/mnt/engg-niulab/yuyao/final_crop/s2_6time_legacy_center_zero_mask_32/all/GAO20240420t183810p0000-B/neg_01_x315_y96,/mnt/engg-niulab/yuyao/final_crop/s2_6time_legacy_center_zero_mask_32/all/GAO20240420t183810p0000-B/neg_01_x315_y96,/mnt/engg-niulab/yuyao/final_crop/s2_6time_legacy_center_zero_mask_32_to_224/all/GAO20240420t183810p0000-B/neg_01_x315_y96/plume.tif,/mnt/engg-niulab/yuyao/final_crop/s2_6time_legacy_center_zero_mask_32_to_224/all/GAO20240420t183810p0000-B/neg_01_x315_y96/plume.tif,/mnt/engg-niulab/yuyao/final_crop/s2_6time_legacy_center_zero_mask_32_to_224/all/GAO20240420t183810p0000-B/neg_01_x315_y96/plume.tif,315,96,315,96,legacy_center_anchor,,36.18913457824041,-119.6053492200576,36.18913457824041,-119.6053492200576,2024-04-20T18:38:10+00,2024-04-20T18:39:21.024000Z,2024-04-10T18:39:21.024000Z,2024-03-26T18:39:29.024000Z,2024-03-21T18:40:41.024000Z,,,/mnt/engg-niulab/yuyao/final_crop/s2_6time_legacy_center_zero_mask_32_to_224/all/GAO20240420t183810p0000-B/neg_01_x315_y96/s2_0.tif,/mnt/engg-niulab/yuyao/final_crop/s2_6time_legacy_center_zero_mask_32_to_224/all/GAO20240420t183810p0000-B/neg_01_x315_y96/s2_prev1.tif,/mnt/engg-niulab/yuyao/final_crop/s2_6time_legacy_center_zero_mask_32_to_224/all/GAO20240420t183810p0000-B/neg_01_x315_y96/s2_prev2.tif,/mnt/engg-niulab/yuyao/final_crop/s2_6time_legacy_center_zero_mask_32_to_224/all/GAO20240420t183810p0000-B/neg_01_x315_y96/s2_prev3.tif,/mnt/engg-niulab/yuyao/final_crop/s2_6time_legacy_center_zero_mask_32_to_224/all/GAO20240420t183810p0000-B/neg_01_x315_y96/s2_seasonal.tif,/mnt/engg-niulab/yuyao/final_crop/s2_6time_legacy_center_zero_mask_32_to_224/all/GAO20240420t183810p0000-B/neg_01_x315_y96/s2_year.tif,/mnt/engg-niulab/yuyao/final_crop/s2_6time_legacy_center_zero_mask_32_to_224/all/GAO20240420t183810p0000-B/neg_01_x315_y96/s2_0.tif,/mnt/engg-niulab/yuyao/final_crop/s2_6time_legacy_center_zero_mask_32_to_224/all/GAO20240420t183810p0000-B/neg_01_x315_y96/s2_0.tif,/mnt/engg-niulab/yuyao/final_crop/s2_6time_legacy_center_zero_mask_32_to_224/all/GAO20240420t183810p0000-B/neg_01_x315_y96/s2_prev1.tif,/mnt/engg-niulab/yuyao/final_crop/s2_6time_legacy_center_zero_mask_32_to_224/all/GAO20240420t183810p0000-B/neg_01_x315_y96/s2_seasonal.tif,/mnt/engg-niulab/yuyao/final_crop/s2_6time_legacy_center_zero_mask_32_to_224/all/GAO20240420t183810p0000-B/neg_01_x315_y96/s2_year.tif
GAO20240420t183810p0000-B,dropped_missing_required_time_or_path,0,/mnt/engg-niulab/yuyao/final_crop/s2_6time_legacy_center_zero_mask_32/all/GAO20240420t183810p0000-B/neg_02_x231_y403,/mnt/engg-niulab/yuyao/final_crop/s2_6time_legacy_center_zero_mask_32/all/GAO20240420t183810p0000-B/neg_02_x231_y403,/mnt/engg-niulab/yuyao/final_crop/s2_6time_legacy_center_zero_mask_32_to_224/all/GAO20240420t183810p0000-B/neg_02_x231_y403/plume.tif,/mnt/engg-niulab/yuyao/final_crop/s2_6time_legacy_center_zero_mask_32_to_224/all/GAO20240420t183810p0000-B/neg_02_x231_y403/plume.tif,/mnt/engg-niulab/yuyao/final_crop/s2_6time_legacy_center_zero_mask_32_to_224/all/GAO20240420t183810p0000-B/neg_02_x231_y403/plume.tif,231,403,231,403,legacy_center_anchor,,36.18913457824041,-119.6053492200576,36.18913457824041,-119.6053492200576,2024-04-20T18:38:10+00,2024-04-20T18:39:21.024000Z,2024-04-10T18:39:21.024000Z,2024-03-26T18:39:29.024000Z,2024-03-21T18:40:41.024000Z,,,/mnt/engg-niulab/yuyao/final_crop/s2_6time_legacy_center_zero_mask_32_to_224/all/GAO20240420t183810p0000-B/neg_02_x231_y403/s2_0.tif,/mnt/engg-niulab/yuyao/final_crop/s2_6time_legacy_center_zero_mask_32_to_224/all/GAO20240420t183810p0000-B/neg_02_x231_y403/s2_prev1.tif,/mnt/engg-niulab/yuyao/final_crop/s2_6time_legacy_center_zero_mask_32_to_224/all/GAO20240420t183810p0000-B/neg_02_x231_y403/s2_prev2.tif,/mnt/engg-niulab/yuyao/final_crop/s2_6time_legacy_center_zero_mask_32_to_224/all/GAO20240420t183810p0000-B/neg_02_x231_y403/s2_prev3.tif,/mnt/engg-niulab/yuyao/final_crop/s2_6time_legacy_center_zero_mask_32_to_224/all/GAO20240420t183810p0000-B/neg_02_x231_y403/s2_seasonal.tif,/mnt/engg-niulab/yuyao/final_crop/s2_6time_legacy_center_zero_mask_32_to_224/all/GAO20240420t183810p0000-B/neg_02_x231_y403/s2_year.tif,/mnt/engg-niulab/yuyao/final_crop/s2_6time_legacy_center_zero_mask_32_to_224/all/GAO20240420t183810p0000-B/neg_02_x231_y403/s2_0.tif,/mnt/engg-niulab/yuyao/final_crop/s2_6time_legacy_center_zero_mask_32_to_224/all/GAO20240420t183810p0000-B/neg_02_x231_y403/s2_0.tif,/mnt/engg-niulab/yuyao/final_crop/s2_6time_legacy_center_zero_mask_32_to_224/all/GAO20240420t183810p0000-B/neg_02_x231_y403/s2_prev1.tif,/mnt/engg-niulab/yuyao/final_crop/s2_6time_legacy_center_zero_mask_32_to_224/all/GAO20240420t183810p0000-B/neg_02_x231_y403/s2_seasonal.tif,/mnt/engg-niulab/yuyao/final_crop/s2_6time_legacy_center_zero_mask_32_to_224/all/GAO20240420t183810p0000-B/neg_02_x231_y403/s2_year.tif
GAO20240420t183810p0000-B,dropped_missing_required_time_or_path,0,/mnt/engg-niulab/yuyao/final_crop/s2_6time_legacy_center_zero_mask_32/all/GAO20240420t183810p0000-B/neg_03_x162_y8,/mnt/engg-niulab/yuyao/final_crop/s2_6time_legacy_center_zero_mask_32/all/GAO20240420t183810p0000-B/neg_03_x162_y8,/mnt/engg-niulab/yuyao/final_crop/s2_6time_legacy_center_zero_mask_32_to_224/all/GAO20240420t183810p0000-B/neg_03_x162_y8/plume.tif,/mnt/engg-niulab/yuyao/final_crop/s2_6time_legacy_center_zero_mask_32_to_224/all/GAO20240420t183810p0000-B/neg_03_x162_y8/plume.tif,/mnt/engg-niulab/yuyao/final_crop/s2_6time_legacy_center_zero_mask_32_to_224/all/GAO20240420t183810p0000-B/neg_03_x162_y8/plume.tif,162,8,162,8,legacy_center_anchor,,36.18913457824041,-119.6053492200576,36.18913457824041,-119.6053492200576,2024-04-20T18:38:10+00,2024-04-20T18:39:21.024000Z,2024-04-10T18:39:21.024000Z,2024-03-26T18:39:29.024000Z,2024-03-21T18:40:41.024000Z,,,/mnt/engg-niulab/yuyao/final_crop/s2_6time_legacy_center_zero_mask_32_to_224/all/GAO20240420t183810p0000-B/neg_03_x162_y8/s2_0.tif,/mnt/engg-niulab/yuyao/final_crop/s2_6time_legacy_center_zero_mask_32_to_224/all/GAO20240420t183810p0000-B/neg_03_x162_y8/s2_prev1.tif,/mnt/engg-niulab/yuyao/final_crop/s2_6time_legacy_center_zero_mask_32_to_224/all/GAO20240420t183810p0000-B/neg_03_x162_y8/s2_prev2.tif,/mnt/engg-niulab/yuyao/final_crop/s2_6time_legacy_center_zero_mask_32_to_224/all/GAO20240420t183810p0000-B/neg_03_x162_y8/s2_prev3.tif,/mnt/engg-niulab/yuyao/final_crop/s2_6time_legacy_center_zero_mask_32_to_224/all/GAO20240420t183810p0000-B/neg_03_x162_y8/s2_seasonal.tif,/mnt/engg-niulab/yuyao/final_crop/s2_6time_legacy_center_zero_mask_32_to_224/all/GAO20240420t183810p0000-B/neg_03_x162_y8/s2_year.tif,/mnt/engg-niulab/yuyao/final_crop/s2_6time_legacy_center_zero_mask_32_to_224/all/GAO20240420t183810p0000-B/neg_03_x162_y8/s2_0.tif,/mnt/engg-niulab/yuyao/final_crop/s2_6time_legacy_center_zero_mask_32_to_224/all/GAO20240420t183810p0000-B/neg_03_x162_y8/s2_0.tif,/mnt/engg-niulab/yuyao/final_crop/s2_6time_legacy_center_zero_mask_32_to_224/all/GAO20240420t183810p0000-B/neg_03_x162_y8/s2_prev1.tif,/mnt/engg-niulab/yuyao/final_crop/s2_6time_legacy_center_zero_mask_32_to_224/all/GAO20240420t183810p0000-B/neg_03_x162_y8/s2_seasonal.tif,/mnt/engg-niulab/yuyao/final_crop/s2_6time_legacy_center_zero_mask_32_to_224/all/GAO20240420t183810p0000-B/neg_03_x162_y8/s2_year.tif
GAO20240420t183810p0000-B,dropped_missing_required_time_or_path,0,/mnt/engg-niulab/yuyao/final_crop/s2_6time_legacy_center_zero_mask_32/all/GAO20240420t183810p0000-B/neg_04_x37_y78,/mnt/engg-niulab/yuyao/final_crop/s2_6time_legacy_center_zero_mask_32/all/GAO20240420t183810p0000-B/neg_04_x37_y78,/mnt/engg-niulab/yuyao/final_crop/s2_6time_legacy_center_zero_mask_32_to_224/all/GAO20240420t183810p0000-B/neg_04_x37_y78/plume.tif,/mnt/engg-niulab/yuyao/final_crop/s2_6time_legacy_center_zero_mask_32_to_224/all/GAO20240420t183810p0000-B/neg_04_x37_y78/plume.tif,/mnt/engg-niulab/yuyao/final_crop/s2_6time_legacy_center_zero_mask_32_to_224/all/GAO20240420t183810p0000-B/neg_04_x37_y78/plume.tif,37,78,37,78,legacy_center_anchor,,36.18913457824041,-119.6053492200576,36.18913457824041,-119.6053492200576,2024-04-20T18:38:10+00,2024-04-20T18:39:21.024000Z,2024-04-10T18:39:21.024000Z,2024-03-26T18:39:29.024000Z,2024-03-21T18:40:41.024000Z,,,/mnt/engg-niulab/yuyao/final_crop/s2_6time_legacy_center_zero_mask_32_to_224/all/GAO20240420t183810p0000-B/neg_04_x37_y78/s2_0.tif,/mnt/engg-niulab/yuyao/final_crop/s2_6time_legacy_center_zero_mask_32_to_224/all/GAO20240420t183810p0000-B/neg_04_x37_y78/s2_prev1.tif,/mnt/engg-niulab/yuyao/final_crop/s2_6time_legacy_center_zero_mask_32_to_224/all/GAO20240420t183810p0000-B/neg_04_x37_y78/s2_prev2.tif,/mnt/engg-niulab/yuyao/final_crop/s2_6time_legacy_center_zero_mask_32_to_224/all/GAO20240420t183810p0000-B/neg_04_x37_y78/s2_prev3.tif,/mnt/engg-niulab/yuyao/final_crop/s2_6time_legacy_center_zero_mask_32_to_224/all/GAO20240420t183810p0000-B/neg_04_x37_y78/s2_seasonal.tif,/mnt/engg-niulab/yuyao/final_crop/s2_6time_legacy_center_zero_mask_32_to_224/all/GAO20240420t183810p0000-B/neg_04_x37_y78/s2_year.tif,/mnt/engg-niulab/yuyao/final_crop/s2_6time_legacy_center_zero_mask_32_to_224/all/GAO20240420t183810p0000-B/neg_04_x37_y78/s2_0.tif,/mnt/engg-niulab/yuyao/final_crop/s2_6time_legacy_center_zero_mask_32_to_224/all/GAO20240420t183810p0000-B/neg_04_x37_y78/s2_0.tif,/mnt/engg-niulab/yuyao/final_crop/s2_6time_legacy_center_zero_mask_32_to_224/all/GAO20240420t183810p0000-B/neg_04_x37_y78/s2_prev1.tif,/mnt/engg-niulab/yuyao/final_crop/s2_6time_legacy_center_zero_mask_32_to_224/all/GAO20240420t183810p0000-B/neg_04_x37_y78/s2_seasonal.tif,/mnt/engg-niulab/yuyao/final_crop/s2_6time_legacy_center_zero_mask_32_to_224/all/GAO20240420t183810p0000-B/neg_04_x37_y78/s2_year.tif
GAO20240420t183810p0000-B,dropped_missing_required_time_or_path,0,/mnt/engg-niulab/yuyao/final_crop/s2_6time_legacy_center_zero_mask_32/all/GAO20240420t183810p0000-B/neg_05_x255_y399,/mnt/engg-niulab/yuyao/final_crop/s2_6time_legacy_center_zero_mask_32/all/GAO20240420t183810p0000-B/neg_05_x255_y399,/mnt/engg-niulab/yuyao/final_crop/s2_6time_legacy_center_zero_mask_32_to_224/all/GAO20240420t183810p0000-B/neg_05_x255_y399/plume.tif,/mnt/engg-niulab/yuyao/final_crop/s2_6time_legacy_center_zero_mask_32_to_224/all/GAO20240420t183810p0000-B/neg_05_x255_y399/plume.tif,/mnt/engg-niulab/yuyao/final_crop/s2_6time_legacy_center_zero_mask_32_to_224/all/GAO20240420t183810p0000-B/neg_05_x255_y399/plume.tif,255,399,255,399,legacy_center_anchor,,36.18913457824041,-119.6053492200576,36.18913457824041,-119.6053492200576,2024-04-20T18:38:10+00,2024-04-20T18:39:21.024000Z,2024-04-10T18:39:21.024000Z,2024-03-26T18:39:29.024000Z,2024-03-21T18:40:41.024000Z,,,/mnt/engg-niulab/yuyao/final_crop/s2_6time_legacy_center_zero_mask_32_to_224/all/GAO20240420t183810p0000-B/neg_05_x255_y399/s2_0.tif,/mnt/engg-niulab/yuyao/final_crop/s2_6time_legacy_center_zero_mask_32_to_224/all/GAO20240420t183810p0000-B/neg_05_x255_y399/s2_prev1.tif,/mnt/engg-niulab/yuyao/final_crop/s2_6time_legacy_center_zero_mask_32_to_224/all/GAO20240420t183810p0000-B/neg_05_x255_y399/s2_prev2.tif,/mnt/engg-niulab/yuyao/final_crop/s2_6time_legacy_center_zero_mask_32_to_224/all/GAO20240420t183810p0000-B/neg_05_x255_y399/s2_prev3.tif,/mnt/engg-niulab/yuyao/final_crop/s2_6time_legacy_center_zero_mask_32_to_224/all/GAO20240420t183810p0000-B/neg_05_x255_y399/s2_seasonal.tif,/mnt/engg-niulab/yuyao/final_crop/s2_6time_legacy_center_zero_mask_32_to_224/all/GAO20240420t183810p0000-B/neg_05_x255_y399/s2_year.tif,/mnt/engg-niulab/yuyao/final_crop/s2_6time_legacy_center_zero_mask_32_to_224/all/GAO20240420t183810p0000-B/neg_05_x255_y399/s2_0.tif,/mnt/engg-niulab/yuyao/final_crop/s2_6time_legacy_center_zero_mask_32_to_224/all/GAO20240420t183810p0000-B/neg_05_x255_y399/s2_0.tif,/mnt/engg-niulab/yuyao/final_crop/s2_6time_legacy_center_zero_mask_32_to_224/all/GAO20240420t183810p0000-B/neg_05_x255_y399/s2_prev1.tif,/mnt/engg-niulab/yuyao/final_crop/s2_6time_legacy_center_zero_mask_32_to_224/all/GAO20240420t183810p0000-B/neg_05_x255_y399/s2_seasonal.tif,/mnt/engg-niulab/yuyao/final_crop/s2_6time_legacy_center_zero_mask_32_to_224/all/GAO20240420t183810p0000-B/neg_05_x255_y399/s2_year.tif
GAO20240420t183810p0000-B,dropped_missing_required_time_or_path,0,/mnt/engg-niulab/yuyao/final_crop/s2_6time_legacy_center_zero_mask_32/all/GAO20240420t183810p0000-B/neg_06_x231_y157,/mnt/engg-niulab/yuyao/final_crop/s2_6time_legacy_center_zero_mask_32/all/GAO20240420t183810p0000-B/neg_06_x231_y157,/mnt/engg-niulab/yuyao/final_crop/s2_6time_legacy_center_zero_mask_32_to_224/all/GAO20240420t183810p0000-B/neg_06_x231_y157/plume.tif,/mnt/engg-niulab/yuyao/final_crop/s2_6time_legacy_center_zero_mask_32_to_224/all/GAO20240420t183810p0000-B/neg_06_x231_y157/plume.tif,/mnt/engg-niulab/yuyao/final_crop/s2_6time_legacy_center_zero_mask_32_to_224/all/GAO20240420t183810p0000-B/neg_06_x231_y157/plume.tif,231,157,231,157,legacy_center_anchor,,36.18913457824041,-119.6053492200576,36.18913457824041,-119.6053492200576,2024-04-20T18:38:10+00,2024-04-20T18:39:21.024000Z,2024-04-10T18:39:21.024000Z,2024-03-26T18:39:29.024000Z,2024-03-21T18:40:41.024000Z,,,/mnt/engg-niulab/yuyao/final_crop/s2_6time_legacy_center_zero_mask_32_to_224/all/GAO20240420t183810p0000-B/neg_06_x231_y157/s2_0.tif,/mnt/engg-niulab/yuyao/final_crop/s2_6time_legacy_center_zero_mask_32_to_224/all/GAO20240420t183810p0000-B/neg_06_x231_y157/s2_prev1.tif,/mnt/engg-niulab/yuyao/final_crop/s2_6time_legacy_center_zero_mask_32_to_224/all/GAO20240420t183810p0000-B/neg_06_x231_y157/s2_prev2.tif,/mnt/engg-niulab/yuyao/final_crop/s2_6time_legacy_center_zero_mask_32_to_224/all/GAO20240420t183810p0000-B/neg_06_x231_y157/s2_prev3.tif,/mnt/engg-niulab/yuyao/final_crop/s2_6time_legacy_center_zero_mask_32_to_224/all/GAO20240420t183810p0000-B/neg_06_x231_y157/s2_seasonal.tif,/mnt/engg-niulab/yuyao/final_crop/s2_6time_legacy_center_zero_mask_32_to_224/all/GAO20240420t183810p0000-B/neg_06_x231_y157/s2_year.tif,/mnt/engg-niulab/yuyao/final_crop/s2_6time_legacy_center_zero_mask_32_to_224/all/GAO20240420t183810p0000-B/neg_06_x231_y157/s2_0.tif,/mnt/engg-niulab/yuyao/final_crop/s2_6time_legacy_center_zero_mask_32_to_224/all/GAO20240420t183810p0000-B/neg_06_x231_y157/s2_0.tif,/mnt/engg-niulab/yuyao/final_crop/s2_6time_legacy_center_zero_mask_32_to_224/all/GAO20240420t183810p0000-B/neg_06_x231_y157/s2_prev1.tif,/mnt/engg-niulab/yuyao/final_crop/s2_6time_legacy_center_zero_mask_32_to_224/all/GAO20240420t183810p0000-B/neg_06_x231_y157/s2_seasonal.tif,/mnt/engg-niulab/yuyao/final_crop/s2_6time_legacy_center_zero_mask_32_to_224/all/GAO20240420t183810p0000-B/neg_06_x231_y157/s2_year.tif
GAO20240420t183810p0000-B,dropped_missing_required_time_or_path,0,/mnt/engg-niulab/yuyao/final_crop/s2_6time_legacy_center_zero_mask_32/all/GAO20240420t183810p0000-B/neg_07_x266_y43,/mnt/engg-niulab/yuyao/final_crop/s2_6time_legacy_center_zero_mask_32/all/GAO20240420t183810p0000-B/neg_07_x266_y43,/mnt/engg-niulab/yuyao/final_crop/s2_6time_legacy_center_zero_mask_32_to_224/all/GAO20240420t183810p0000-B/neg_07_x266_y43/plume.tif,/mnt/engg-niulab/yuyao/final_crop/s2_6time_legacy_center_zero_mask_32_to_224/all/GAO20240420t183810p0000-B/neg_07_x266_y43/plume.tif,/mnt/engg-niulab/yuyao/final_crop/s2_6time_legacy_center_zero_mask_32_to_224/all/GAO20240420t183810p0000-B/neg_07_x266_y43/plume.tif,266,43,266,43,legacy_center_anchor,,36.18913457824041,-119.6053492200576,36.18913457824041,-119.6053492200576,2024-04-20T18:38:10+00,2024-04-20T18:39:21.024000Z,2024-04-10T18:39:21.024000Z,2024-03-26T18:39:29.024000Z,2024-03-21T18:40:41.024000Z,,,/mnt/engg-niulab/yuyao/final_crop/s2_6time_legacy_center_zero_mask_32_to_224/all/GAO20240420t183810p0000-B/neg_07_x266_y43/s2_0.tif,/mnt/engg-niulab/yuyao/final_crop/s2_6time_legacy_center_zero_mask_32_to_224/all/GAO20240420t183810p0000-B/neg_07_x266_y43/s2_prev1.tif,/mnt/engg-niulab/yuyao/final_crop/s2_6time_legacy_center_zero_mask_32_to_224/all/GAO20240420t183810p0000-B/neg_07_x266_y43/s2_prev2.tif,/mnt/engg-niulab/yuyao/final_crop/s2_6time_legacy_center_zero_mask_32_to_224/all/GAO20240420t183810p0000-B/neg_07_x266_y43/s2_prev3.tif,/mnt/engg-niulab/yuyao/final_crop/s2_6time_legacy_center_zero_mask_32_to_224/all/GAO20240420t183810p0000-B/neg_07_x266_y43/s2_seasonal.tif,/mnt/engg-niulab/yuyao/final_crop/s2_6time_legacy_center_zero_mask_32_to_224/all/GAO20240420t183810p0000-B/neg_07_x266_y43/s2_year.tif,/mnt/engg-niulab/yuyao/final_crop/s2_6time_legacy_center_zero_mask_32_to_224/all/GAO20240420t183810p0000-B/neg_07_x266_y43/s2_0.tif,/mnt/engg-niulab/yuyao/final_crop/s2_6time_legacy_center_zero_mask_32_to_224/all/GAO20240420t183810p0000-B/neg_07_x266_y43/s2_0.tif,/mnt/engg-niulab/yuyao/final_crop/s2_6time_legacy_center_zero_mask_32_to_224/all/GAO20240420t183810p0000-B/neg_07_x266_y43/s2_prev1.tif,/mnt/engg-niulab/yuyao/final_crop/s2_6time_legacy_center_zero_mask_32_to_224/all/GAO20240420t183810p0000-B/neg_07_x266_y43/s2_seasonal.tif,/mnt/engg-niulab/yuyao/final_crop/s2_6time_legacy_center_zero_mask_32_to_224/all/GAO20240420t183810p0000-B/neg_07_x266_y43/s2_year.tif
GAO20240420t183810p0000-B,dropped_missing_required_time_or_path,0,/mnt/engg-niulab/yuyao/final_crop/s2_6time_legacy_center_zero_mask_32/all/GAO20240420t183810p0000-B/neg_08_x120_y46,/mnt/engg-niulab/yuyao/final_crop/s2_6time_legacy_center_zero_mask_32/all/GAO20240420t183810p0000-B/neg_08_x120_y46,/mnt/engg-niulab/yuyao/final_crop/s2_6time_legacy_center_zero_mask_32_to_224/all/GAO20240420t183810p0000-B/neg_08_x120_y46/plume.tif,/mnt/engg-niulab/yuyao/final_crop/s2_6time_legacy_center_zero_mask_32_to_224/all/GAO20240420t183810p0000-B/neg_08_x120_y46/plume.tif,/mnt/engg-niulab/yuyao/final_crop/s2_6time_legacy_center_zero_mask_32_to_224/all/GAO20240420t183810p0000-B/neg_08_x120_y46/plume.tif,120,46,120,46,legacy_center_anchor,,36.18913457824041,-119.6053492200576,36.18913457824041,-119.6053492200576,2024-04-20T18:38:10+00,2024-04-20T18:39:21.024000Z,2024-04-10T18:39:21.024000Z,2024-03-26T18:39:29.024000Z,2024-03-21T18:40:41.024000Z,,,/mnt/engg-niulab/yuyao/final_crop/s2_6time_legacy_center_zero_mask_32_to_224/all/GAO20240420t183810p0000-B/neg_08_x120_y46/s2_0.tif,/mnt/engg-niulab/yuyao/final_crop/s2_6time_legacy_center_zero_mask_32_to_224/all/GAO20240420t183810p0000-B/neg_08_x120_y46/s2_prev1.tif,/mnt/engg-niulab/yuyao/final_crop/s2_6time_legacy_center_zero_mask_32_to_224/all/GAO20240420t183810p0000-B/neg_08_x120_y46/s2_prev2.tif,/mnt/engg-niulab/yuyao/final_crop/s2_6time_legacy_center_zero_mask_32_to_224/all/GAO20240420t183810p0000-B/neg_08_x120_y46/s2_prev3.tif,/mnt/engg-niulab/yuyao/final_crop/s2_6time_legacy_center_zero_mask_32_to_224/all/GAO20240420t183810p0000-B/neg_08_x120_y46/s2_seasonal.tif,/mnt/engg-niulab/yuyao/final_crop/s2_6time_legacy_center_zero_mask_32_to_224/all/GAO20240420t183810p0000-B/neg_08_x120_y46/s2_year.tif,/mnt/engg-niulab/yuyao/final_crop/s2_6time_legacy_center_zero_mask_32_to_224/all/GAO20240420t183810p0000-B/neg_08_x120_y46/s2_0.tif,/mnt/engg-niulab/yuyao/final_crop/s2_6time_legacy_center_zero_mask_32_to_224/all/GAO20240420t183810p0000-B/neg_08_x120_y46/s2_0.tif,/mnt/engg-niulab/yuyao/final_crop/s2_6time_legacy_center_zero_mask_32_to_224/all/GAO20240420t183810p0000-B/neg_08_x120_y46/s2_prev1.tif,/mnt/engg-niulab/yuyao/final_crop/s2_6time_legacy_center_zero_mask_32_to_224/all/GAO20240420t183810p0000-B/neg_08_x120_y46/s2_seasonal.tif,/mnt/engg-niulab/yuyao/final_crop/s2_6time_legacy_center_zero_mask_32_to_224/all/GAO20240420t183810p0000-B/neg_08_x120_y46/s2_year.tif
GAO20240420t183810p0000-B,dropped_missing_required_time_or_path,0,/mnt/engg-niulab/yuyao/final_crop/s2_6time_legacy_center_zero_mask_32/all/GAO20240420t183810p0000-B/neg_09_x336_y203,/mnt/engg-niulab/yuyao/final_crop/s2_6time_legacy_center_zero_mask_32/all/GAO20240420t183810p0000-B/neg_09_x336_y203,/mnt/engg-niulab/yuyao/final_crop/s2_6time_legacy_center_zero_mask_32_to_224/all/GAO20240420t183810p0000-B/neg_09_x336_y203/plume.tif,/mnt/engg-niulab/yuyao/final_crop/s2_6time_legacy_center_zero_mask_32_to_224/all/GAO20240420t183810p0000-B/neg_09_x336_y203/plume.tif,/mnt/engg-niulab/yuyao/final_crop/s2_6time_legacy_center_zero_mask_32_to_224/all/GAO20240420t183810p0000-B/neg_09_x336_y203/plume.tif,336,203,336,203,legacy_center_anchor,,36.18913457824041,-119.6053492200576,36.18913457824041,-119.6053492200576,2024-04-20T18:38:10+00,2024-04-20T18:39:21.024000Z,2024-04-10T18:39:21.024000Z,2024-03-26T18:39:29.024000Z,2024-03-21T18:40:41.024000Z,,,/mnt/engg-niulab/yuyao/final_crop/s2_6time_legacy_center_zero_mask_32_to_224/all/GAO20240420t183810p0000-B/neg_09_x336_y203/s2_0.tif,/mnt/engg-niulab/yuyao/final_crop/s2_6time_legacy_center_zero_mask_32_to_224/all/GAO20240420t183810p0000-B/neg_09_x336_y203/s2_prev1.tif,/mnt/engg-niulab/yuyao/final_crop/s2_6time_legacy_center_zero_mask_32_to_224/all/GAO20240420t183810p0000-B/neg_09_x336_y203/s2_prev2.tif,/mnt/engg-niulab/yuyao/final_crop/s2_6time_legacy_center_zero_mask_32_to_224/all/GAO20240420t183810p0000-B/neg_09_x336_y203/s2_prev3.tif,/mnt/engg-niulab/yuyao/final_crop/s2_6time_legacy_center_zero_mask_32_to_224/all/GAO20240420t183810p0000-B/neg_09_x336_y203/s2_seasonal.tif,/mnt/engg-niulab/yuyao/final_crop/s2_6time_legacy_center_zero_mask_32_to_224/all/GAO20240420t183810p0000-B/neg_09_x336_y203/s2_year.tif,/mnt/engg-niulab/yuyao/final_crop/s2_6time_legacy_center_zero_mask_32_to_224/all/GAO20240420t183810p0000-B/neg_09_x336_y203/s2_0.tif,/mnt/engg-niulab/yuyao/final_crop/s2_6time_legacy_center_zero_mask_32_to_224/all/GAO20240420t183810p0000-B/neg_09_x336_y203/s2_0.tif,/mnt/engg-niulab/yuyao/final_crop/s2_6time_legacy_center_zero_mask_32_to_224/all/GAO20240420t183810p0000-B/neg_09_x336_y203/s2_prev1.tif,/mnt/engg-niulab/yuyao/final_crop/s2_6time_legacy_center_zero_mask_32_to_224/all/GAO20240420t183810p0000-B/neg_09_x336_y203/s2_seasonal.tif,/mnt/engg-niulab/yuyao/final_crop/s2_6time_legacy_center_zero_mask_32_to_224/all/GAO20240420t183810p0000-B/neg_09_x336_y203/s2_year.tif
GAO20240420t183810p0000-B,dropped_missing_required_time_or_path,0,/mnt/engg-niulab/yuyao/final_crop/s2_6time_legacy_center_zero_mask_32/all/GAO20240420t183810p0000-B/neg_10_x342_y17,/mnt/engg-niulab/yuyao/final_crop/s2_6time_legacy_center_zero_mask_32/all/GAO20240420t183810p0000-B/neg_10_x342_y17,/mnt/engg-niulab/yuyao/final_crop/s2_6time_legacy_center_zero_mask_32_to_224/all/GAO20240420t183810p0000-B/neg_10_x342_y17/plume.tif,/mnt/engg-niulab/yuyao/final_crop/s2_6time_legacy_center_zero_mask_32_to_224/all/GAO20240420t183810p0000-B/neg_10_x342_y17/plume.tif,/mnt/engg-niulab/yuyao/final_crop/s2_6time_legacy_center_zero_mask_32_to_224/all/GAO20240420t183810p0000-B/neg_10_x342_y17/plume.tif,342,17,342,17,legacy_center_anchor,,36.18913457824041,-119.6053492200576,36.18913457824041,-119.6053492200576,2024-04-20T18:38:10+00,2024-04-20T18:39:21.024000Z,2024-04-10T18:39:21.024000Z,2024-03-26T18:39:29.024000Z,2024-03-21T18:40:41.024000Z,,,/mnt/engg-niulab/yuyao/final_crop/s2_6time_legacy_center_zero_mask_32_to_224/all/GAO20240420t183810p0000-B/neg_10_x342_y17/s2_0.tif,/mnt/engg-niulab/yuyao/final_crop/s2_6time_legacy_center_zero_mask_32_to_224/all/GAO20240420t183810p0000-B/neg_10_x342_y17/s2_prev1.tif,/mnt/engg-niulab/yuyao/final_crop/s2_6time_legacy_center_zero_mask_32_to_224/all/GAO20240420t183810p0000-B/neg_10_x342_y17/s2_prev2.tif,/mnt/engg-niulab/yuyao/final_crop/s2_6time_legacy_center_zero_mask_32_to_224/all/GAO20240420t183810p0000-B/neg_10_x342_y17/s2_prev3.tif,/mnt/engg-niulab/yuyao/final_crop/s2_6time_legacy_center_zero_mask_32_to_224/all/GAO20240420t183810p0000-B/neg_10_x342_y17/s2_seasonal.tif,/mnt/engg-niulab/yuyao/final_crop/s2_6time_legacy_center_zero_mask_32_to_224/all/GAO20240420t183810p0000-B/neg_10_x342_y17/s2_year.tif,/mnt/engg-niulab/yuyao/final_crop/s2_6time_legacy_center_zero_mask_32_to_224/all/GAO20240420t183810p0000-B/neg_10_x342_y17/s2_0.tif,/mnt/engg-niulab/yuyao/final_crop/s2_6time_legacy_center_zero_mask_32_to_224/all/GAO20240420t183810p0000-B/neg_10_x342_y17/s2_0.tif,/mnt/engg-niulab/yuyao/final_crop/s2_6time_legacy_center_zero_mask_32_to_224/all/GAO20240420t183810p0000-B/neg_10_x342_y17/s2_prev1.tif,/mnt/engg-niulab/yuyao/final_crop/s2_6time_legacy_center_zero_mask_32_to_224/all/GAO20240420t183810p0000-B/neg_10_x342_y17/s2_seasonal.tif,/mnt/engg-niulab/yuyao/final_crop/s2_6time_legacy_center_zero_mask_32_to_224/all/GAO20240420t183810p0000-B/neg_10_x342_y17/s2_year.tif
GAO20240420t183810p0000-B,dropped_missing_required_time_or_path,0,/mnt/engg-niulab/yuyao/final_crop/s2_6time_legacy_center_zero_mask_32/all/GAO20240420t183810p0000-B/neg_11_x150_y123,/mnt/engg-niulab/yuyao/final_crop/s2_6time_legacy_center_zero_mask_32/all/GAO20240420t183810p0000-B/neg_11_x150_y123,/mnt/engg-niulab/yuyao/final_crop/s2_6time_legacy_center_zero_mask_32_to_224/all/GAO20240420t183810p0000-B/neg_11_x150_y123/plume.tif,/mnt/engg-niulab/yuyao/final_crop/s2_6time_legacy_center_zero_mask_32_to_224/all/GAO20240420t183810p0000-B/neg_11_x150_y123/plume.tif,/mnt/engg-niulab/yuyao/final_crop/s2_6time_legacy_center_zero_mask_32_to_224/all/GAO20240420t183810p0000-B/neg_11_x150_y123/plume.tif,150,123,150,123,legacy_center_anchor,,36.18913457824041,-119.6053492200576,36.18913457824041,-119.6053492200576,2024-04-20T18:38:10+00,2024-04-20T18:39:21.024000Z,2024-04-10T18:39:21.024000Z,2024-03-26T18:39:29.024000Z,2024-03-21T18:40:41.024000Z,,,/mnt/engg-niulab/yuyao/final_crop/s2_6time_legacy_center_zero_mask_32_to_224/all/GAO20240420t183810p0000-B/neg_11_x150_y123/s2_0.tif,/mnt/engg-niulab/yuyao/final_crop/s2_6time_legacy_center_zero_mask_32_to_224/all/GAO20240420t183810p0000-B/neg_11_x150_y123/s2_prev1.tif,/mnt/engg-niulab/yuyao/final_crop/s2_6time_legacy_center_zero_mask_32_to_224/all/GAO20240420t183810p0000-B/neg_11_x150_y123/s2_prev2.tif,/mnt/engg-niulab/yuyao/final_crop/s2_6time_legacy_center_zero_mask_32_to_224/all/GAO20240420t183810p0000-B/neg_11_x150_y123/s2_prev3.tif,/mnt/engg-niulab/yuyao/final_crop/s2_6time_legacy_center_zero_mask_32_to_224/all/GAO20240420t183810p0000-B/neg_11_x150_y123/s2_seasonal.tif,/mnt/engg-niulab/yuyao/final_crop/s2_6time_legacy_center_zero_mask_32_to_224/all/GAO20240420t183810p0000-B/neg_11_x150_y123/s2_year.tif,/mnt/engg-niulab/yuyao/final_crop/s2_6time_legacy_center_zero_mask_32_to_224/all/GAO20240420t183810p0000-B/neg_11_x150_y123/s2_0.tif,/mnt/engg-niulab/yuyao/final_crop/s2_6time_legacy_center_zero_mask_32_to_224/all/GAO20240420t183810p0000-B/neg_11_x150_y123/s2_0.tif,/mnt/engg-niulab/yuyao/final_crop/s2_6time_legacy_center_zero_mask_32_to_224/all/GAO20240420t183810p0000-B/neg_11_x150_y123/s2_prev1.tif,/mnt/engg-niulab/yuyao/final_crop/s2_6time_legacy_center_zero_mask_32_to_224/all/GAO20240420t183810p0000-B/neg_11_x150_y123/s2_seasonal.tif,/mnt/engg-niulab/yuyao/final_crop/s2_6time_legacy_center_zero_mask_32_to_224/all/GAO20240420t183810p0000-B/neg_11_x150_y123/s2_year.tif
GAO20240420t183810p0000-B,dropped_missing_required_time_or_path,0,/mnt/engg-niulab/yuyao/final_crop/s2_6time_legacy_center_zero_mask_32/all/GAO20240420t183810p0000-B/neg_12_x444_y15,/mnt/engg-niulab/yuyao/final_crop/s2_6time_legacy_center_zero_mask_32/all/GAO20240420t183810p0000-B/neg_12_x444_y15,/mnt/engg-niulab/yuyao/final_crop/s2_6time_legacy_center_zero_mask_32_to_224/all/GAO20240420t183810p0000-B/neg_12_x444_y15/plume.tif,/mnt/engg-niulab/yuyao/final_crop/s2_6time_legacy_center_zero_mask_32_to_224/all/GAO20240420t183810p0000-B/neg_12_x444_y15/plume.tif,/mnt/engg-niulab/yuyao/final_crop/s2_6time_legacy_center_zero_mask_32_to_224/all/GAO20240420t183810p0000-B/neg_12_x444_y15/plume.tif,444,15,444,15,legacy_center_anchor,,36.18913457824041,-119.6053492200576,36.18913457824041,-119.6053492200576,2024-04-20T18:38:10+00,2024-04-20T18:39:21.024000Z,2024-04-10T18:39:21.024000Z,2024-03-26T18:39:29.024000Z,2024-03-21T18:40:41.024000Z,,,/mnt/engg-niulab/yuyao/final_crop/s2_6time_legacy_center_zero_mask_32_to_224/all/GAO20240420t183810p0000-B/neg_12_x444_y15/s2_0.tif,/mnt/engg-niulab/yuyao/final_crop/s2_6time_legacy_center_zero_mask_32_to_224/all/GAO20240420t183810p0000-B/neg_12_x444_y15/s2_prev1.tif,/mnt/engg-niulab/yuyao/final_crop/s2_6time_legacy_center_zero_mask_32_to_224/all/GAO20240420t183810p0000-B/neg_12_x444_y15/s2_prev2.tif,/mnt/engg-niulab/yuyao/final_crop/s2_6time_legacy_center_zero_mask_32_to_224/all/GAO20240420t183810p0000-B/neg_12_x444_y15/s2_prev3.tif,/mnt/engg-niulab/yuyao/final_crop/s2_6time_legacy_center_zero_mask_32_to_224/all/GAO20240420t183810p0000-B/neg_12_x444_y15/s2_seasonal.tif,/mnt/engg-niulab/yuyao/final_crop/s2_6time_legacy_center_zero_mask_32_to_224/all/GAO20240420t183810p0000-B/neg_12_x444_y15/s2_year.tif,/mnt/engg-niulab/yuyao/final_crop/s2_6time_legacy_center_zero_mask_32_to_224/all/GAO20240420t183810p0000-B/neg_12_x444_y15/s2_0.tif,/mnt/engg-niulab/yuyao/final_crop/s2_6time_legacy_center_zero_mask_32_to_224/all/GAO20240420t183810p0000-B/neg_12_x444_y15/s2_0.tif,/mnt/engg-niulab/yuyao/final_crop/s2_6time_legacy_center_zero_mask_32_to_224/all/GAO20240420t183810p0000-B/neg_12_x444_y15/s2_prev1.tif,/mnt/engg-niulab/yuyao/final_crop/s2_6time_legacy_center_zero_mask_32_to_224/all/GAO20240420t183810p0000-B/neg_12_x444_y15/s2_seasonal.tif,/mnt/engg-niulab/yuyao/final_crop/s2_6time_legacy_center_zero_mask_32_to_224/all/GAO20240420t183810p0000-B/neg_12_x444_y15/s2_year.tif
GAO20240420t183810p0000-B,dropped_missing_required_time_or_path,0,/mnt/engg-niulab/yuyao/final_crop/s2_6time_legacy_center_zero_mask_32/all/GAO20240420t183810p0000-B/neg_13_x169_y276,/mnt/engg-niulab/yuyao/final_crop/s2_6time_legacy_center_zero_mask_32/all/GAO20240420t183810p0000-B/neg_13_x169_y276,/mnt/engg-niulab/yuyao/final_crop/s2_6time_legacy_center_zero_mask_32_to_224/all/GAO20240420t183810p0000-B/neg_13_x169_y276/plume.tif,/mnt/engg-niulab/yuyao/final_crop/s2_6time_legacy_center_zero_mask_32_to_224/all/GAO20240420t183810p0000-B/neg_13_x169_y276/plume.tif,/mnt/engg-niulab/yuyao/final_crop/s2_6time_legacy_center_zero_mask_32_to_224/all/GAO20240420t183810p0000-B/neg_13_x169_y276/plume.tif,169,276,169,276,legacy_center_anchor,,36.18913457824041,-119.6053492200576,36.18913457824041,-119.6053492200576,2024-04-20T18:38:10+00,2024-04-20T18:39:21.024000Z,2024-04-10T18:39:21.024000Z,2024-03-26T18:39:29.024000Z,2024-03-21T18:40:41.024000Z,,,/mnt/engg-niulab/yuyao/final_crop/s2_6time_legacy_center_zero_mask_32_to_224/all/GAO20240420t183810p0000-B/neg_13_x169_y276/s2_0.tif,/mnt/engg-niulab/yuyao/final_crop/s2_6time_legacy_center_zero_mask_32_to_224/all/GAO20240420t183810p0000-B/neg_13_x169_y276/s2_prev1.tif,/mnt/engg-niulab/yuyao/final_crop/s2_6time_legacy_center_zero_mask_32_to_224/all/GAO20240420t183810p0000-B/neg_13_x169_y276/s2_prev2.tif,/mnt/engg-niulab/yuyao/final_crop/s2_6time_legacy_center_zero_mask_32_to_224/all/GAO20240420t183810p0000-B/neg_13_x169_y276/s2_prev3.tif,/mnt/engg-niulab/yuyao/final_crop/s2_6time_legacy_center_zero_mask_32_to_224/all/GAO20240420t183810p0000-B/neg_13_x169_y276/s2_seasonal.tif,/mnt/engg-niulab/yuyao/final_crop/s2_6time_legacy_center_zero_mask_32_to_224/all/GAO20240420t183810p0000-B/neg_13_x169_y276/s2_year.tif,/mnt/engg-niulab/yuyao/final_crop/s2_6time_legacy_center_zero_mask_32_to_224/all/GAO20240420t183810p0000-B/neg_13_x169_y276/s2_0.tif,/mnt/engg-niulab/yuyao/final_crop/s2_6time_legacy_center_zero_mask_32_to_224/all/GAO20240420t183810p0000-B/neg_13_x169_y276/s2_0.tif,/mnt/engg-niulab/yuyao/final_crop/s2_6time_legacy_center_zero_mask_32_to_224/all/GAO20240420t183810p0000-B/neg_13_x169_y276/s2_prev1.tif,/mnt/engg-niulab/yuyao/final_crop/s2_6time_legacy_center_zero_mask_32_to_224/all/GAO20240420t183810p0000-B/neg_13_x169_y276/s2_seasonal.tif,/mnt/engg-niulab/yuyao/final_crop/s2_6time_legacy_center_zero_mask_32_to_224/all/GAO20240420t183810p0000-B/neg_13_x169_y276/s2_year.tif
GAO20240420t183810p0000-B,dropped_missing_required_time_or_path,0,/mnt/engg-niulab/yuyao/final_crop/s2_6time_legacy_center_zero_mask_32/all/GAO20240420t183810p0000-B/neg_14_x392_y162,/mnt/engg-niulab/yuyao/final_crop/s2_6time_legacy_center_zero_mask_32/all/GAO20240420t183810p0000-B/neg_14_x392_y162,/mnt/engg-niulab/yuyao/final_crop/s2_6time_legacy_center_zero_mask_32_to_224/all/GAO20240420t183810p0000-B/neg_14_x392_y162/plume.tif,/mnt/engg-niulab/yuyao/final_crop/s2_6time_legacy_center_zero_mask_32_to_224/all/GAO20240420t183810p0000-B/neg_14_x392_y162/plume.tif,/mnt/engg-niulab/yuyao/final_crop/s2_6time_legacy_center_zero_mask_32_to_224/all/GAO20240420t183810p0000-B/neg_14_x392_y162/plume.tif,392,162,392,162,legacy_center_anchor,,36.18913457824041,-119.6053492200576,36.18913457824041,-119.6053492200576,2024-04-20T18:38:10+00,2024-04-20T18:39:21.024000Z,2024-04-10T18:39:21.024000Z,2024-03-26T18:39:29.024000Z,2024-03-21T18:40:41.024000Z,,,/mnt/engg-niulab/yuyao/final_crop/s2_6time_legacy_center_zero_mask_32_to_224/all/GAO20240420t183810p0000-B/neg_14_x392_y162/s2_0.tif,/mnt/engg-niulab/yuyao/final_crop/s2_6time_legacy_center_zero_mask_32_to_224/all/GAO20240420t183810p0000-B/neg_14_x392_y162/s2_prev1.tif,/mnt/engg-niulab/yuyao/final_crop/s2_6time_legacy_center_zero_mask_32_to_224/all/GAO20240420t183810p0000-B/neg_14_x392_y162/s2_prev2.tif,/mnt/engg-niulab/yuyao/final_crop/s2_6time_legacy_center_zero_mask_32_to_224/all/GAO20240420t183810p0000-B/neg_14_x392_y162/s2_prev3.tif,/mnt/engg-niulab/yuyao/final_crop/s2_6time_legacy_center_zero_mask_32_to_224/all/GAO20240420t183810p0000-B/neg_14_x392_y162/s2_seasonal.tif,/mnt/engg-niulab/yuyao/final_crop/s2_6time_legacy_center_zero_mask_32_to_224/all/GAO20240420t183810p0000-B/neg_14_x392_y162/s2_year.tif,/mnt/engg-niulab/yuyao/final_crop/s2_6time_legacy_center_zero_mask_32_to_224/all/GAO20240420t183810p0000-B/neg_14_x392_y162/s2_0.tif,/mnt/engg-niulab/yuyao/final_crop/s2_6time_legacy_center_zero_mask_32_to_224/all/GAO20240420t183810p0000-B/neg_14_x392_y162/s2_0.tif,/mnt/engg-niulab/yuyao/final_crop/s2_6time_legacy_center_zero_mask_32_to_224/all/GAO20240420t183810p0000-B/neg_14_x392_y162/s2_prev1.tif,/mnt/engg-niulab/yuyao/final_crop/s2_6time_legacy_center_zero_mask_32_to_224/all/GAO20240420t183810p0000-B/neg_14_x392_y162/s2_seasonal.tif,/mnt/engg-niulab/yuyao/final_crop/s2_6time_legacy_center_zero_mask_32_to_224/all/GAO20240420t183810p0000-B/neg_14_x392_y162/s2_year.tif
GAO20240420t183810p0000-B,dropped_missing_required_time_or_path,0,/mnt/engg-niulab/yuyao/final_crop/s2_6time_legacy_center_zero_mask_32/all/GAO20240420t183810p0000-B/neg_15_x426_y355,/mnt/engg-niulab/yuyao/final_crop/s2_6time_legacy_center_zero_mask_32/all/GAO20240420t183810p0000-B/neg_15_x426_y355,/mnt/engg-niulab/yuyao/final_crop/s2_6time_legacy_center_zero_mask_32_to_224/all/GAO20240420t183810p0000-B/neg_15_x426_y355/plume.tif,/mnt/engg-niulab/yuyao/final_crop/s2_6time_legacy_center_zero_mask_32_to_224/all/GAO20240420t183810p0000-B/neg_15_x426_y355/plume.tif,/mnt/engg-niulab/yuyao/final_crop/s2_6time_legacy_center_zero_mask_32_to_224/all/GAO20240420t183810p0000-B/neg_15_x426_y355/plume.tif,426,355,426,355,legacy_center_anchor,,36.18913457824041,-119.6053492200576,36.18913457824041,-119.6053492200576,2024-04-20T18:38:10+00,2024-04-20T18:39:21.024000Z,2024-04-10T18:39:21.024000Z,2024-03-26T18:39:29.024000Z,2024-03-21T18:40:41.024000Z,,,/mnt/engg-niulab/yuyao/final_crop/s2_6time_legacy_center_zero_mask_32_to_224/all/GAO20240420t183810p0000-B/neg_15_x426_y355/s2_0.tif,/mnt/engg-niulab/yuyao/final_crop/s2_6time_legacy_center_zero_mask_32_to_224/all/GAO20240420t183810p0000-B/neg_15_x426_y355/s2_prev1.tif,/mnt/engg-niulab/yuyao/final_crop/s2_6time_legacy_center_zero_mask_32_to_224/all/GAO20240420t183810p0000-B/neg_15_x426_y355/s2_prev2.tif,/mnt/engg-niulab/yuyao/final_crop/s2_6time_legacy_center_zero_mask_32_to_224/all/GAO20240420t183810p0000-B/neg_15_x426_y355/s2_prev3.tif,/mnt/engg-niulab/yuyao/final_crop/s2_6time_legacy_center_zero_mask_32_to_224/all/GAO20240420t183810p0000-B/neg_15_x426_y355/s2_seasonal.tif,/mnt/engg-niulab/yuyao/final_crop/s2_6time_legacy_center_zero_mask_32_to_224/all/GAO20240420t183810p0000-B/neg_15_x426_y355/s2_year.tif,/mnt/engg-niulab/yuyao/final_crop/s2_6time_legacy_center_zero_mask_32_to_224/all/GAO20240420t183810p0000-B/neg_15_x426_y355/s2_0.tif,/mnt/engg-niulab/yuyao/final_crop/s2_6time_legacy_center_zero_mask_32_to_224/all/GAO20240420t183810p0000-B/neg_15_x426_y355/s2_0.tif,/mnt/engg-niulab/yuyao/final_crop/s2_6time_legacy_center_zero_mask_32_to_224/all/GAO20240420t183810p0000-B/neg_15_x426_y355/s2_prev1.tif,/mnt/engg-niulab/yuyao/final_crop/s2_6time_legacy_center_zero_mask_32_to_224/all/GAO20240420t183810p0000-B/neg_15_x426_y355/s2_seasonal.tif,/mnt/engg-niulab/yuyao/final_crop/s2_6time_legacy_center_zero_mask_32_to_224/all/GAO20240420t183810p0000-B/neg_15_x426_y355/s2_year.tif
emi20230629t044101p03007-C,dropped_missing_required_time_or_path,1,/mnt/engg-niulab/yuyao/final_crop/s2_6time_legacy_center_zero_mask_32/all/emi20230629t044101p03007-C/pos_00_x237_y227,/mnt/engg-niulab/yuyao/final_crop/s2_6time_legacy_center_zero_mask_32/all/emi20230629t044101p03007-C/pos_00_x237_y227,/mnt/engg-niulab/yuyao/final_crop/s2_6time_legacy_center_zero_mask_32_to_224/all/emi20230629t044101p03007-C/pos_00_x237_y227/plume.tif,/mnt/engg-niulab/yuyao/final_crop/s2_6time_legacy_center_zero_mask_32_to_224/all/emi20230629t044101p03007-C/pos_00_x237_y227/plume.tif,/mnt/engg-niulab/yuyao/final_crop/s2_6time_legacy_center_zero_mask_32_to_224/all/emi20230629t044101p03007-C/pos_00_x237_y227/plume.tif,237,227,237,227,legacy_center_anchor,/mnt/engg-leung/Research_No9_Methane_Emissions/Yuyao/Dataset/plume_masks_wv3_512/emi20230629t044101p03007-C/mask_60m_512.tif,37.903739937254585,63.24212624516756,37.903739937254585,63.24212624516756,2023-06-29T04:41:01+00,2023-06-29T06:36:31.024000Z,2023-06-26T06:26:31.024000Z,2023-06-24T06:36:29.024000Z,2023-06-21T06:26:29.024000Z,,,/mnt/engg-niulab/yuyao/final_crop/s2_6time_legacy_center_zero_mask_32_to_224/all/emi20230629t044101p03007-C/pos_00_x237_y227/s2_0.tif,/mnt/engg-niulab/yuyao/final_crop/s2_6time_legacy_center_zero_mask_32_to_224/all/emi20230629t044101p03007-C/pos_00_x237_y227/s2_prev1.tif,/mnt/engg-niulab/yuyao/final_crop/s2_6time_legacy_center_zero_mask_32_to_224/all/emi20230629t044101p03007-C/pos_00_x237_y227/s2_prev2.tif,/mnt/engg-niulab/yuyao/final_crop/s2_6time_legacy_center_zero_mask_32_to_224/all/emi20230629t044101p03007-C/pos_00_x237_y227/s2_prev3.tif,/mnt/engg-niulab/yuyao/final_crop/s2_6time_legacy_center_zero_mask_32_to_224/all/emi20230629t044101p03007-C/pos_00_x237_y227/s2_seasonal.tif,/mnt/engg-niulab/yuyao/final_crop/s2_6time_legacy_center_zero_mask_32_to_224/all/emi20230629t044101p03007-C/pos_00_x237_y227/s2_year.tif,/mnt/engg-niulab/yuyao/final_crop/s2_6time_legacy_center_zero_mask_32_to_224/all/emi20230629t044101p03007-C/pos_00_x237_y227/s2_0.tif,/mnt/engg-niulab/yuyao/final_crop/s2_6time_legacy_center_zero_mask_32_to_224/all/emi20230629t044101p03007-C/pos_00_x237_y227/s2_0.tif,/mnt/engg-niulab/yuyao/final_crop/s2_6time_legacy_center_zero_mask_32_to_224/all/emi20230629t044101p03007-C/pos_00_x237_y227/s2_prev1.tif,/mnt/engg-niulab/yuyao/final_crop/s2_6time_legacy_center_zero_mask_32_to_224/all/emi20230629t044101p03007-C/pos_00_x237_y227/s2_seasonal.tif,/mnt/engg-niulab/yuyao/final_crop/s2_6time_legacy_center_zero_mask_32_to_224/all/emi20230629t044101p03007-C/pos_00_x237_y227/s2_year.tif
emi20230629t044101p03007-C,dropped_missing_required_time_or_path,1,/mnt/engg-niulab/yuyao/final_crop/s2_6time_legacy_center_zero_mask_32/all/emi20230629t044101p03007-C/pos_01_x248_y254,/mnt/engg-niulab/yuyao/final_crop/s2_6time_legacy_center_zero_mask_32/all/emi20230629t044101p03007-C/pos_01_x248_y254,/mnt/engg-niulab/yuyao/final_crop/s2_6time_legacy_center_zero_mask_32_to_224/all/emi20230629t044101p03007-C/pos_01_x248_y254/plume.tif,/mnt/engg-niulab/yuyao/final_crop/s2_6time_legacy_center_zero_mask_32_to_224/all/emi20230629t044101p03007-C/pos_01_x248_y254/plume.tif,/mnt/engg-niulab/yuyao/final_crop/s2_6time_legacy_center_zero_mask_32_to_224/all/emi20230629t044101p03007-C/pos_01_x248_y254/plume.tif,248,254,248,254,legacy_center_anchor,/mnt/engg-leung/Research_No9_Methane_Emissions/Yuyao/Dataset/plume_masks_wv3_512/emi20230629t044101p03007-C/mask_60m_512.tif,37.903739937254585,63.24212624516756,37.903739937254585,63.24212624516756,2023-06-29T04:41:01+00,2023-06-29T06:36:31.024000Z,2023-06-26T06:26:31.024000Z,2023-06-24T06:36:29.024000Z,2023-06-21T06:26:29.024000Z,,,/mnt/engg-niulab/yuyao/final_crop/s2_6time_legacy_center_zero_mask_32_to_224/all/emi20230629t044101p03007-C/pos_01_x248_y254/s2_0.tif,/mnt/engg-niulab/yuyao/final_crop/s2_6time_legacy_center_zero_mask_32_to_224/all/emi20230629t044101p03007-C/pos_01_x248_y254/s2_prev1.tif,/mnt/engg-niulab/yuyao/final_crop/s2_6time_legacy_center_zero_mask_32_to_224/all/emi20230629t044101p03007-C/pos_01_x248_y254/s2_prev2.tif,/mnt/engg-niulab/yuyao/final_crop/s2_6time_legacy_center_zero_mask_32_to_224/all/emi20230629t044101p03007-C/pos_01_x248_y254/s2_prev3.tif,/mnt/engg-niulab/yuyao/final_crop/s2_6time_legacy_center_zero_mask_32_to_224/all/emi20230629t044101p03007-C/pos_01_x248_y254/s2_seasonal.tif,/mnt/engg-niulab/yuyao/final_crop/s2_6time_legacy_center_zero_mask_32_to_224/all/emi20230629t044101p03007-C/pos_01_x248_y254/s2_year.tif,/mnt/engg-niulab/yuyao/final_crop/s2_6time_legacy_center_zero_mask_32_to_224/all/emi20230629t044101p03007-C/pos_01_x248_y254/s2_0.tif,/mnt/engg-niulab/yuyao/final_crop/s2_6time_legacy_center_zero_mask_32_to_224/all/emi20230629t044101p03007-C/pos_01_x248_y254/s2_0.tif,/mnt/engg-niulab/yuyao/final_crop/s2_6time_legacy_center_zero_mask_32_to_224/all/emi20230629t044101p03007-C/pos_01_x248_y254/s2_prev1.tif,/mnt/engg-niulab/yuyao/final_crop/s2_6time_legacy_center_zero_mask_32_to_224/all/emi20230629t044101p03007-C/pos_01_x248_y254/s2_seasonal.tif,/mnt/engg-niulab/yuyao/final_crop/s2_6time_legacy_center_zero_mask_32_to_224/all/emi20230629t044101p03007-C/pos_01_x248_y254/s2_year.tif
emi20230629t044101p03007-C,dropped_missing_required_time_or_path,1,/mnt/engg-niulab/yuyao/final_crop/s2_6time_legacy_center_zero_mask_32/all/emi20230629t044101p03007-C/pos_02_x231_y246,/mnt/engg-niulab/yuyao/final_crop/s2_6time_legacy_center_zero_mask_32/all/emi20230629t044101p03007-C/pos_02_x231_y246,/mnt/engg-niulab/yuyao/final_crop/s2_6time_legacy_center_zero_mask_32_to_224/all/emi20230629t044101p03007-C/pos_02_x231_y246/plume.tif,/mnt/engg-niulab/yuyao/final_crop/s2_6time_legacy_center_zero_mask_32_to_224/all/emi20230629t044101p03007-C/pos_02_x231_y246/plume.tif,/mnt/engg-niulab/yuyao/final_crop/s2_6time_legacy_center_zero_mask_32_to_224/all/emi20230629t044101p03007-C/pos_02_x231_y246/plume.tif,231,246,231,246,legacy_center_anchor,/mnt/engg-leung/Research_No9_Methane_Emissions/Yuyao/Dataset/plume_masks_wv3_512/emi20230629t044101p03007-C/mask_60m_512.tif,37.903739937254585,63.24212624516756,37.903739937254585,63.24212624516756,2023-06-29T04:41:01+00,2023-06-29T06:36:31.024000Z,2023-06-26T06:26:31.024000Z,2023-06-24T06:36:29.024000Z,2023-06-21T06:26:29.024000Z,,,/mnt/engg-niulab/yuyao/final_crop/s2_6time_legacy_center_zero_mask_32_to_224/all/emi20230629t044101p03007-C/pos_02_x231_y246/s2_0.tif,/mnt/engg-niulab/yuyao/final_crop/s2_6time_legacy_center_zero_mask_32_to_224/all/emi20230629t044101p03007-C/pos_02_x231_y246/s2_prev1.tif,/mnt/engg-niulab/yuyao/final_crop/s2_6time_legacy_center_zero_mask_32_to_224/all/emi20230629t044101p03007-C/pos_02_x231_y246/s2_prev2.tif,/mnt/engg-niulab/yuyao/final_crop/s2_6time_legacy_center_zero_mask_32_to_224/all/emi20230629t044101p03007-C/pos_02_x231_y246/s2_prev3.tif,/mnt/engg-niulab/yuyao/final_crop/s2_6time_legacy_center_zero_mask_32_to_224/all/emi20230629t044101p03007-C/pos_02_x231_y246/s2_seasonal.tif,/mnt/engg-niulab/yuyao/final_crop/s2_6time_legacy_center_zero_mask_32_to_224/all/emi20230629t044101p03007-C/pos_02_x231_y246/s2_year.tif,/mnt/engg-niulab/yuyao/final_crop/s2_6time_legacy_center_zero_mask_32_to_224/all/emi20230629t044101p03007-C/pos_02_x231_y246/s2_0.tif,/mnt/engg-niulab/yuyao/final_crop/s2_6time_legacy_center_zero_mask_32_to_224/all/emi20230629t044101p03007-C/pos_02_x231_y246/s2_0.tif,/mnt/engg-niulab/yuyao/final_crop/s2_6time_legacy_center_zero_mask_32_to_224/all/emi20230629t044101p03007-C/pos_02_x231_y246/s2_prev1.tif,/mnt/engg-niulab/yuyao/final_crop/s2_6time_legacy_center_zero_mask_32_to_224/all/emi20230629t044101p03007-C/pos_02_x231_y246/s2_seasonal.tif,/mnt/engg-niulab/yuyao/final_crop/s2_6time_legacy_center_zero_mask_32_to_224/all/emi20230629t044101p03007-C/pos_02_x231_y246/s2_year.tif
emi20230629t044101p03007-C,dropped_missing_required_time_or_path,1,/mnt/engg-niulab/yuyao/final_crop/s2_6time_legacy_center_zero_mask_32/all/emi20230629t044101p03007-C/pos_03_x233_y251,/mnt/engg-niulab/yuyao/final_crop/s2_6time_legacy_center_zero_mask_32/all/emi20230629t044101p03007-C/pos_03_x233_y251,/mnt/engg-niulab/yuyao/final_crop/s2_6time_legacy_center_zero_mask_32_to_224/all/emi20230629t044101p03007-C/pos_03_x233_y251/plume.tif,/mnt/engg-niulab/yuyao/final_crop/s2_6time_legacy_center_zero_mask_32_to_224/all/emi20230629t044101p03007-C/pos_03_x233_y251/plume.tif,/mnt/engg-niulab/yuyao/final_crop/s2_6time_legacy_center_zero_mask_32_to_224/all/emi20230629t044101p03007-C/pos_03_x233_y251/plume.tif,233,251,233,251,legacy_center_anchor,/mnt/engg-leung/Research_No9_Methane_Emissions/Yuyao/Dataset/plume_masks_wv3_512/emi20230629t044101p03007-C/mask_60m_512.tif,37.903739937254585,63.24212624516756,37.903739937254585,63.24212624516756,2023-06-29T04:41:01+00,2023-06-29T06:36:31.024000Z,2023-06-26T06:26:31.024000Z,2023-06-24T06:36:29.024000Z,2023-06-21T06:26:29.024000Z,,,/mnt/engg-niulab/yuyao/final_crop/s2_6time_legacy_center_zero_mask_32_to_224/all/emi20230629t044101p03007-C/pos_03_x233_y251/s2_0.tif,/mnt/engg-niulab/yuyao/final_crop/s2_6time_legacy_center_zero_mask_32_to_224/all/emi20230629t044101p03007-C/pos_03_x233_y251/s2_prev1.tif,/mnt/engg-niulab/yuyao/final_crop/s2_6time_legacy_center_zero_mask_32_to_224/all/emi20230629t044101p03007-C/pos_03_x233_y251/s2_prev2.tif,/mnt/engg-niulab/yuyao/final_crop/s2_6time_legacy_center_zero_mask_32_to_224/all/emi20230629t044101p03007-C/pos_03_x233_y251/s2_prev3.tif,/mnt/engg-niulab/yuyao/final_crop/s2_6time_legacy_center_zero_mask_32_to_224/all/emi20230629t044101p03007-C/pos_03_x233_y251/s2_seasonal.tif,/mnt/engg-niulab/yuyao/final_crop/s2_6time_legacy_center_zero_mask_32_to_224/all/emi20230629t044101p03007-C/pos_03_x233_y251/s2_year.tif,/mnt/engg-niulab/yuyao/final_crop/s2_6time_legacy_center_zero_mask_32_to_224/all/emi20230629t044101p03007-C/pos_03_x233_y251/s2_0.tif,/mnt/engg-niulab/yuyao/final_crop/s2_6time_legacy_center_zero_mask_32_to_224/all/emi20230629t044101p03007-C/pos_03_x233_y251/s2_0.tif,/mnt/engg-niulab/yuyao/final_crop/s2_6time_legacy_center_zero_mask_32_to_224/all/emi20230629t044101p03007-C/pos_03_x233_y251/s2_prev1.tif,/mnt/engg-niulab/yuyao/final_crop/s2_6time_legacy_center_zero_mask_32_to_224/all/emi20230629t044101p03007-C/pos_03_x233_y251/s2_seasonal.tif,/mnt/engg-niulab/yuyao/final_crop/s2_6time_legacy_center_zero_mask_32_to_224/all/emi20230629t044101p03007-C/pos_03_x233_y251/s2_year.tif
emi20230629t044101p03007-C,dropped_missing_required_time_or_path,1,/mnt/engg-niulab/yuyao/final_crop/s2_6time_legacy_center_zero_mask_32/all/emi20230629t044101p03007-C/pos_04_x246_y240,/mnt/engg-niulab/yuyao/final_crop/s2_6time_legacy_center_zero_mask_32/all/emi20230629t044101p03007-C/pos_04_x246_y240,/mnt/engg-niulab/yuyao/final_crop/s2_6time_legacy_center_zero_mask_32_to_224/all/emi20230629t044101p03007-C/pos_04_x246_y240/plume.tif,/mnt/engg-niulab/yuyao/final_crop/s2_6time_legacy_center_zero_mask_32_to_224/all/emi20230629t044101p03007-C/pos_04_x246_y240/plume.tif,/mnt/engg-niulab/yuyao/final_crop/s2_6time_legacy_center_zero_mask_32_to_224/all/emi20230629t044101p03007-C/pos_04_x246_y240/plume.tif,246,240,246,240,legacy_center_anchor,/mnt/engg-leung/Research_No9_Methane_Emissions/Yuyao/Dataset/plume_masks_wv3_512/emi20230629t044101p03007-C/mask_60m_512.tif,37.903739937254585,63.24212624516756,37.903739937254585,63.24212624516756,2023-06-29T04:41:01+00,2023-06-29T06:36:31.024000Z,2023-06-26T06:26:31.024000Z,2023-06-24T06:36:29.024000Z,2023-06-21T06:26:29.024000Z,,,/mnt/engg-niulab/yuyao/final_crop/s2_6time_legacy_center_zero_mask_32_to_224/all/emi20230629t044101p03007-C/pos_04_x246_y240/s2_0.tif,/mnt/engg-niulab/yuyao/final_crop/s2_6time_legacy_center_zero_mask_32_to_224/all/emi20230629t044101p03007-C/pos_04_x246_y240/s2_prev1.tif,/mnt/engg-niulab/yuyao/final_crop/s2_6time_legacy_center_zero_mask_32_to_224/all/emi20230629t044101p03007-C/pos_04_x246_y240/s2_prev2.tif,/mnt/engg-niulab/yuyao/final_crop/s2_6time_legacy_center_zero_mask_32_to_224/all/emi20230629t044101p03007-C/pos_04_x246_y240/s2_prev3.tif,/mnt/engg-niulab/yuyao/final_crop/s2_6time_legacy_center_zero_mask_32_to_224/all/emi20230629t044101p03007-C/pos_04_x246_y240/s2_seasonal.tif,/mnt/engg-niulab/yuyao/final_crop/s2_6time_legacy_center_zero_mask_32_to_224/all/emi20230629t044101p03007-C/pos_04_x246_y240/s2_year.tif,/mnt/engg-niulab/yuyao/final_crop/s2_6time_legacy_center_zero_mask_32_to_224/all/emi20230629t044101p03007-C/pos_04_x246_y240/s2_0.tif,/mnt/engg-niulab/yuyao/final_crop/s2_6time_legacy_center_zero_mask_32_to_224/all/emi20230629t044101p03007-C/pos_04_x246_y240/s2_0.tif,/mnt/engg-niulab/yuyao/final_crop/s2_6time_legacy_center_zero_mask_32_to_224/all/emi20230629t044101p03007-C/pos_04_x246_y240/s2_prev1.tif,/mnt/engg-niulab/yuyao/final_crop/s2_6time_legacy_center_zero_mask_32_to_224/all/emi20230629t044101p03007-C/pos_04_x246_y240/s2_seasonal.tif,/mnt/engg-niulab/yuyao/final_crop/s2_6time_legacy_center_zero_mask_32_to_224/all/emi20230629t044101p03007-C/pos_04_x246_y240/s2_year.tif
emi20230629t044101p03007-C,dropped_missing_required_time_or_path,1,/mnt/engg-niulab/yuyao/final_crop/s2_6time_legacy_center_zero_mask_32/all/emi20230629t044101p03007-C/pos_05_x240_y237,/mnt/engg-niulab/yuyao/final_crop/s2_6time_legacy_center_zero_mask_32/all/emi20230629t044101p03007-C/pos_05_x240_y237,/mnt/engg-niulab/yuyao/final_crop/s2_6time_legacy_center_zero_mask_32_to_224/all/emi20230629t044101p03007-C/pos_05_x240_y237/plume.tif,/mnt/engg-niulab/yuyao/final_crop/s2_6time_legacy_center_zero_mask_32_to_224/all/emi20230629t044101p03007-C/pos_05_x240_y237/plume.tif,/mnt/engg-niulab/yuyao/final_crop/s2_6time_legacy_center_zero_mask_32_to_224/all/emi20230629t044101p03007-C/pos_05_x240_y237/plume.tif,240,237,240,237,legacy_center_anchor,/mnt/engg-leung/Research_No9_Methane_Emissions/Yuyao/Dataset/plume_masks_wv3_512/emi20230629t044101p03007-C/mask_60m_512.tif,37.903739937254585,63.24212624516756,37.903739937254585,63.24212624516756,2023-06-29T04:41:01+00,2023-06-29T06:36:31.024000Z,2023-06-26T06:26:31.024000Z,2023-06-24T06:36:29.024000Z,2023-06-21T06:26:29.024000Z,,,/mnt/engg-niulab/yuyao/final_crop/s2_6time_legacy_center_zero_mask_32_to_224/all/emi20230629t044101p03007-C/pos_05_x240_y237/s2_0.tif,/mnt/engg-niulab/yuyao/final_crop/s2_6time_legacy_center_zero_mask_32_to_224/all/emi20230629t044101p03007-C/pos_05_x240_y237/s2_prev1.tif,/mnt/engg-niulab/yuyao/final_crop/s2_6time_legacy_center_zero_mask_32_to_224/all/emi20230629t044101p03007-C/pos_05_x240_y237/s2_prev2.tif,/mnt/engg-niulab/yuyao/final_crop/s2_6time_legacy_center_zero_mask_32_to_224/all/emi20230629t044101p03007-C/pos_05_x240_y237/s2_prev3.tif,/mnt/engg-niulab/yuyao/final_crop/s2_6time_legacy_center_zero_mask_32_to_224/all/emi20230629t044101p03007-C/pos_05_x240_y237/s2_seasonal.tif,/mnt/engg-niulab/yuyao/final_crop/s2_6time_legacy_center_zero_mask_32_to_224/all/emi20230629t044101p03007-C/pos_05_x240_y237/s2_year.tif,/mnt/engg-niulab/yuyao/final_crop/s2_6time_legacy_center_zero_mask_32_to_224/all/emi20230629t044101p03007-C/pos_05_x240_y237/s2_0.tif,/mnt/engg-niulab/yuyao/final_crop/s2_6time_legacy_center_zero_mask_32_to_224/all/emi20230629t044101p03007-C/pos_05_x240_y237/s2_0.tif,/mnt/engg-niulab/yuyao/final_crop/s2_6time_legacy_center_zero_mask_32_to_224/all/emi20230629t044101p03007-C/pos_05_x240_y237/s2_prev1.tif,/mnt/engg-niulab/yuyao/final_crop/s2_6time_legacy_center_zero_mask_32_to_224/all/emi20230629t044101p03007-C/pos_05_x240_y237/s2_seasonal.tif,/mnt/engg-niulab/yuyao/final_crop/s2_6time_legacy_center_zero_mask_32_to_224/all/emi20230629t044101p03007-C/pos_05_x240_y237/s2_year.tif
emi20230629t044101p03007-C,dropped_missing_required_time_or_path,1,/mnt/engg-niulab/yuyao/final_crop/s2_6time_legacy_center_zero_mask_32/all/emi20230629t044101p03007-C/pos_06_x255_y238,/mnt/engg-niulab/yuyao/final_crop/s2_6time_legacy_center_zero_mask_32/all/emi20230629t044101p03007-C/pos_06_x255_y238,/mnt/engg-niulab/yuyao/final_crop/s2_6time_legacy_center_zero_mask_32_to_224/all/emi20230629t044101p03007-C/pos_06_x255_y238/plume.tif,/mnt/engg-niulab/yuyao/final_crop/s2_6time_legacy_center_zero_mask_32_to_224/all/emi20230629t044101p03007-C/pos_06_x255_y238/plume.tif,/mnt/engg-niulab/yuyao/final_crop/s2_6time_legacy_center_zero_mask_32_to_224/all/emi20230629t044101p03007-C/pos_06_x255_y238/plume.tif,255,238,255,238,legacy_center_anchor,/mnt/engg-leung/Research_No9_Methane_Emissions/Yuyao/Dataset/plume_masks_wv3_512/emi20230629t044101p03007-C/mask_60m_512.tif,37.903739937254585,63.24212624516756,37.903739937254585,63.24212624516756,2023-06-29T04:41:01+00,2023-06-29T06:36:31.024000Z,2023-06-26T06:26:31.024000Z,2023-06-24T06:36:29.024000Z,2023-06-21T06:26:29.024000Z,,,/mnt/engg-niulab/yuyao/final_crop/s2_6time_legacy_center_zero_mask_32_to_224/all/emi20230629t044101p03007-C/pos_06_x255_y238/s2_0.tif,/mnt/engg-niulab/yuyao/final_crop/s2_6time_legacy_center_zero_mask_32_to_224/all/emi20230629t044101p03007-C/pos_06_x255_y238/s2_prev1.tif,/mnt/engg-niulab/yuyao/final_crop/s2_6time_legacy_center_zero_mask_32_to_224/all/emi20230629t044101p03007-C/pos_06_x255_y238/s2_prev2.tif,/mnt/engg-niulab/yuyao/final_crop/s2_6time_legacy_center_zero_mask_32_to_224/all/emi20230629t044101p03007-C/pos_06_x255_y238/s2_prev3.tif,/mnt/engg-niulab/yuyao/final_crop/s2_6time_legacy_center_zero_mask_32_to_224/all/emi20230629t044101p03007-C/pos_06_x255_y238/s2_seasonal.tif,/mnt/engg-niulab/yuyao/final_crop/s2_6time_legacy_center_zero_mask_32_to_224/all/emi20230629t044101p03007-C/pos_06_x255_y238/s2_year.tif,/mnt/engg-niulab/yuyao/final_crop/s2_6time_legacy_center_zero_mask_32_to_224/all/emi20230629t044101p03007-C/pos_06_x255_y238/s2_0.tif,/mnt/engg-niulab/yuyao/final_crop/s2_6time_legacy_center_zero_mask_32_to_224/all/emi20230629t044101p03007-C/pos_06_x255_y238/s2_0.tif,/mnt/engg-niulab/yuyao/final_crop/s2_6time_legacy_center_zero_mask_32_to_224/all/emi20230629t044101p03007-C/pos_06_x255_y238/s2_prev1.tif,/mnt/engg-niulab/yuyao/final_crop/s2_6time_legacy_center_zero_mask_32_to_224/all/emi20230629t044101p03007-C/pos_06_x255_y238/s2_seasonal.tif,/mnt/engg-niulab/yuyao/final_crop/s2_6time_legacy_center_zero_mask_32_to_224/all/emi20230629t044101p03007-C/pos_06_x255_y238/s2_year.tif
emi20230629t044101p03007-C,dropped_missing_required_time_or_path,1,/mnt/engg-niulab/yuyao/final_crop/s2_6time_legacy_center_zero_mask_32/all/emi20230629t044101p03007-C/pos_07_x247_y239,/mnt/engg-niulab/yuyao/final_crop/s2_6time_legacy_center_zero_mask_32/all/emi20230629t044101p03007-C/pos_07_x247_y239,/mnt/engg-niulab/yuyao/final_crop/s2_6time_legacy_center_zero_mask_32_to_224/all/emi20230629t044101p03007-C/pos_07_x247_y239/plume.tif,/mnt/engg-niulab/yuyao/final_crop/s2_6time_legacy_center_zero_mask_32_to_224/all/emi20230629t044101p03007-C/pos_07_x247_y239/plume.tif,/mnt/engg-niulab/yuyao/final_crop/s2_6time_legacy_center_zero_mask_32_to_224/all/emi20230629t044101p03007-C/pos_07_x247_y239/plume.tif,247,239,247,239,legacy_center_anchor,/mnt/engg-leung/Research_No9_Methane_Emissions/Yuyao/Dataset/plume_masks_wv3_512/emi20230629t044101p03007-C/mask_60m_512.tif,37.903739937254585,63.24212624516756,37.903739937254585,63.24212624516756,2023-06-29T04:41:01+00,2023-06-29T06:36:31.024000Z,2023-06-26T06:26:31.024000Z,2023-06-24T06:36:29.024000Z,2023-06-21T06:26:29.024000Z,,,/mnt/engg-niulab/yuyao/final_crop/s2_6time_legacy_center_zero_mask_32_to_224/all/emi20230629t044101p03007-C/pos_07_x247_y239/s2_0.tif,/mnt/engg-niulab/yuyao/final_crop/s2_6time_legacy_center_zero_mask_32_to_224/all/emi20230629t044101p03007-C/pos_07_x247_y239/s2_prev1.tif,/mnt/engg-niulab/yuyao/final_crop/s2_6time_legacy_center_zero_mask_32_to_224/all/emi20230629t044101p03007-C/pos_07_x247_y239/s2_prev2.tif,/mnt/engg-niulab/yuyao/final_crop/s2_6time_legacy_center_zero_mask_32_to_224/all/emi20230629t044101p03007-C/pos_07_x247_y239/s2_prev3.tif,/mnt/engg-niulab/yuyao/final_crop/s2_6time_legacy_center_zero_mask_32_to_224/all/emi20230629t044101p03007-C/pos_07_x247_y239/s2_seasonal.tif,/mnt/engg-niulab/yuyao/final_crop/s2_6time_legacy_center_zero_mask_32_to_224/all/emi20230629t044101p03007-C/pos_07_x247_y239/s2_year.tif,/mnt/engg-niulab/yuyao/final_crop/s2_6time_legacy_center_zero_mask_32_to_224/all/emi20230629t044101p03007-C/pos_07_x247_y239/s2_0.tif,/mnt/engg-niulab/yuyao/final_crop/s2_6time_legacy_center_zero_mask_32_to_224/all/emi20230629t044101p03007-C/pos_07_x247_y239/s2_0.tif,/mnt/engg-niulab/yuyao/final_crop/s2_6time_legacy_center_zero_mask_32_to_224/all/emi20230629t044101p03007-C/pos_07_x247_y239/s2_prev1.tif,/mnt/engg-niulab/yuyao/final_crop/s2_6time_legacy_center_zero_mask_32_to_224/all/emi20230629t044101p03007-C/pos_07_x247_y239/s2_seasonal.tif,/mnt/engg-niulab/yuyao/final_crop/s2_6time_legacy_center_zero_mask_32_to_224/all/emi20230629t044101p03007-C/pos_07_x247_y239/s2_year.tif
emi20230629t044101p03007-C,dropped_missing_required_time_or_path,1,/mnt/engg-niulab/yuyao/final_crop/s2_6time_legacy_center_zero_mask_32/all/emi20230629t044101p03007-C/pos_08_x227_y254,/mnt/engg-niulab/yuyao/final_crop/s2_6time_legacy_center_zero_mask_32/all/emi20230629t044101p03007-C/pos_08_x227_y254,/mnt/engg-niulab/yuyao/final_crop/s2_6time_legacy_center_zero_mask_32_to_224/all/emi20230629t044101p03007-C/pos_08_x227_y254/plume.tif,/mnt/engg-niulab/yuyao/final_crop/s2_6time_legacy_center_zero_mask_32_to_224/all/emi20230629t044101p03007-C/pos_08_x227_y254/plume.tif,/mnt/engg-niulab/yuyao/final_crop/s2_6time_legacy_center_zero_mask_32_to_224/all/emi20230629t044101p03007-C/pos_08_x227_y254/plume.tif,227,254,227,254,legacy_center_anchor,/mnt/engg-leung/Research_No9_Methane_Emissions/Yuyao/Dataset/plume_masks_wv3_512/emi20230629t044101p03007-C/mask_60m_512.tif,37.903739937254585,63.24212624516756,37.903739937254585,63.24212624516756,2023-06-29T04:41:01+00,2023-06-29T06:36:31.024000Z,2023-06-26T06:26:31.024000Z,2023-06-24T06:36:29.024000Z,2023-06-21T06:26:29.024000Z,,,/mnt/engg-niulab/yuyao/final_crop/s2_6time_legacy_center_zero_mask_32_to_224/all/emi20230629t044101p03007-C/pos_08_x227_y254/s2_0.tif,/mnt/engg-niulab/yuyao/final_crop/s2_6time_legacy_center_zero_mask_32_to_224/all/emi20230629t044101p03007-C/pos_08_x227_y254/s2_prev1.tif,/mnt/engg-niulab/yuyao/final_crop/s2_6time_legacy_center_zero_mask_32_to_224/all/emi20230629t044101p03007-C/pos_08_x227_y254/s2_prev2.tif,/mnt/engg-niulab/yuyao/final_crop/s2_6time_legacy_center_zero_mask_32_to_224/all/emi20230629t044101p03007-C/pos_08_x227_y254/s2_prev3.tif,/mnt/engg-niulab/yuyao/final_crop/s2_6time_legacy_center_zero_mask_32_to_224/all/emi20230629t044101p03007-C/pos_08_x227_y254/s2_seasonal.tif,/mnt/engg-niulab/yuyao/final_crop/s2_6time_legacy_center_zero_mask_32_to_224/all/emi20230629t044101p03007-C/pos_08_x227_y254/s2_year.tif,/mnt/engg-niulab/yuyao/final_crop/s2_6time_legacy_center_zero_mask_32_to_224/all/emi20230629t044101p03007-C/pos_08_x227_y254/s2_0.tif,/mnt/engg-niulab/yuyao/final_crop/s2_6time_legacy_center_zero_mask_32_to_224/all/emi20230629t044101p03007-C/pos_08_x227_y254/s2_0.tif,/mnt/engg-niulab/yuyao/final_crop/s2_6time_legacy_center_zero_mask_32_to_224/all/emi20230629t044101p03007-C/pos_08_x227_y254/s2_prev1.tif,/mnt/engg-niulab/yuyao/final_crop/s2_6time_legacy_center_zero_mask_32_to_224/all/emi20230629t044101p03007-C/pos_08_x227_y254/s2_seasonal.tif,/mnt/engg-niulab/yuyao/final_crop/s2_6time_legacy_center_zero_mask_32_to_224/all/emi20230629t044101p03007-C/pos_08_x227_y254/s2_year.tif
emi20230629t044101p03007-C,dropped_missing_required_time_or_path,1,/mnt/engg-niulab/yuyao/final_crop/s2_6time_legacy_center_zero_mask_32/all/emi20230629t044101p03007-C/pos_09_x236_y233,/mnt/engg-niulab/yuyao/final_crop/s2_6time_legacy_center_zero_mask_32/all/emi20230629t044101p03007-C/pos_09_x236_y233,/mnt/engg-niulab/yuyao/final_crop/s2_6time_legacy_center_zero_mask_32_to_224/all/emi20230629t044101p03007-C/pos_09_x236_y233/plume.tif,/mnt/engg-niulab/yuyao/final_crop/s2_6time_legacy_center_zero_mask_32_to_224/all/emi20230629t044101p03007-C/pos_09_x236_y233/plume.tif,/mnt/engg-niulab/yuyao/final_crop/s2_6time_legacy_center_zero_mask_32_to_224/all/emi20230629t044101p03007-C/pos_09_x236_y233/plume.tif,236,233,236,233,legacy_center_anchor,/mnt/engg-leung/Research_No9_Methane_Emissions/Yuyao/Dataset/plume_masks_wv3_512/emi20230629t044101p03007-C/mask_60m_512.tif,37.903739937254585,63.24212624516756,37.903739937254585,63.24212624516756,2023-06-29T04:41:01+00,2023-06-29T06:36:31.024000Z,2023-06-26T06:26:31.024000Z,2023-06-24T06:36:29.024000Z,2023-06-21T06:26:29.024000Z,,,/mnt/engg-niulab/yuyao/final_crop/s2_6time_legacy_center_zero_mask_32_to_224/all/emi20230629t044101p03007-C/pos_09_x236_y233/s2_0.tif,/mnt/engg-niulab/yuyao/final_crop/s2_6time_legacy_center_zero_mask_32_to_224/all/emi20230629t044101p03007-C/pos_09_x236_y233/s2_prev1.tif,/mnt/engg-niulab/yuyao/final_crop/s2_6time_legacy_center_zero_mask_32_to_224/all/emi20230629t044101p03007-C/pos_09_x236_y233/s2_prev2.tif,/mnt/engg-niulab/yuyao/final_crop/s2_6time_legacy_center_zero_mask_32_to_224/all/emi20230629t044101p03007-C/pos_09_x236_y233/s2_prev3.tif,/mnt/engg-niulab/yuyao/final_crop/s2_6time_legacy_center_zero_mask_32_to_224/all/emi20230629t044101p03007-C/pos_09_x236_y233/s2_seasonal.tif,/mnt/engg-niulab/yuyao/final_crop/s2_6time_legacy_center_zero_mask_32_to_224/all/emi20230629t044101p03007-C/pos_09_x236_y233/s2_year.tif,/mnt/engg-niulab/yuyao/final_crop/s2_6time_legacy_center_zero_mask_32_to_224/all/emi20230629t044101p03007-C/pos_09_x236_y233/s2_0.tif,/mnt/engg-niulab/yuyao/final_crop/s2_6time_legacy_center_zero_mask_32_to_224/all/emi20230629t044101p03007-C/pos_09_x236_y233/s2_0.tif,/mnt/engg-niulab/yuyao/final_crop/s2_6time_legacy_center_zero_mask_32_to_224/all/emi20230629t044101p03007-C/pos_09_x236_y233/s2_prev1.tif,/mnt/engg-niulab/yuyao/final_crop/s2_6time_legacy_center_zero_mask_32_to_224/all/emi20230629t044101p03007-C/pos_09_x236_y233/s2_seasonal.tif,/mnt/engg-niulab/yuyao/final_crop/s2_6time_legacy_center_zero_mask_32_to_224/all/emi20230629t044101p03007-C/pos_09_x236_y233/s2_year.tif
emi20230629t044101p03007-C,dropped_missing_required_time_or_path,1,/mnt/engg-niulab/yuyao/final_crop/s2_6time_legacy_center_zero_mask_32/all/emi20230629t044101p03007-C/pos_10_x229_y250,/mnt/engg-niulab/yuyao/final_crop/s2_6time_legacy_center_zero_mask_32/all/emi20230629t044101p03007-C/pos_10_x229_y250,/mnt/engg-niulab/yuyao/final_crop/s2_6time_legacy_center_zero_mask_32_to_224/all/emi20230629t044101p03007-C/pos_10_x229_y250/plume.tif,/mnt/engg-niulab/yuyao/final_crop/s2_6time_legacy_center_zero_mask_32_to_224/all/emi20230629t044101p03007-C/pos_10_x229_y250/plume.tif,/mnt/engg-niulab/yuyao/final_crop/s2_6time_legacy_center_zero_mask_32_to_224/all/emi20230629t044101p03007-C/pos_10_x229_y250/plume.tif,229,250,229,250,legacy_center_anchor,/mnt/engg-leung/Research_No9_Methane_Emissions/Yuyao/Dataset/plume_masks_wv3_512/emi20230629t044101p03007-C/mask_60m_512.tif,37.903739937254585,63.24212624516756,37.903739937254585,63.24212624516756,2023-06-29T04:41:01+00,2023-06-29T06:36:31.024000Z,2023-06-26T06:26:31.024000Z,2023-06-24T06:36:29.024000Z,2023-06-21T06:26:29.024000Z,,,/mnt/engg-niulab/yuyao/final_crop/s2_6time_legacy_center_zero_mask_32_to_224/all/emi20230629t044101p03007-C/pos_10_x229_y250/s2_0.tif,/mnt/engg-niulab/yuyao/final_crop/s2_6time_legacy_center_zero_mask_32_to_224/all/emi20230629t044101p03007-C/pos_10_x229_y250/s2_prev1.tif,/mnt/engg-niulab/yuyao/final_crop/s2_6time_legacy_center_zero_mask_32_to_224/all/emi20230629t044101p03007-C/pos_10_x229_y250/s2_prev2.tif,/mnt/engg-niulab/yuyao/final_crop/s2_6time_legacy_center_zero_mask_32_to_224/all/emi20230629t044101p03007-C/pos_10_x229_y250/s2_prev3.tif,/mnt/engg-niulab/yuyao/final_crop/s2_6time_legacy_center_zero_mask_32_to_224/all/emi20230629t044101p03007-C/pos_10_x229_y250/s2_seasonal.tif,/mnt/engg-niulab/yuyao/final_crop/s2_6time_legacy_center_zero_mask_32_to_224/all/emi20230629t044101p03007-C/pos_10_x229_y250/s2_year.tif,/mnt/engg-niulab/yuyao/final_crop/s2_6time_legacy_center_zero_mask_32_to_224/all/emi20230629t044101p03007-C/pos_10_x229_y250/s2_0.tif,/mnt/engg-niulab/yuyao/final_crop/s2_6time_legacy_center_zero_mask_32_to_224/all/emi20230629t044101p03007-C/pos_10_x229_y250/s2_0.tif,/mnt/engg-niulab/yuyao/final_crop/s2_6time_legacy_center_zero_mask_32_to_224/all/emi20230629t044101p03007-C/pos_10_x229_y250/s2_prev1.tif,/mnt/engg-niulab/yuyao/final_crop/s2_6time_legacy_center_zero_mask_32_to_224/all/emi20230629t044101p03007-C/pos_10_x229_y250/s2_seasonal.tif,/mnt/engg-niulab/yuyao/final_crop/s2_6time_legacy_center_zero_mask_32_to_224/all/emi20230629t044101p03007-C/pos_10_x229_y250/s2_year.tif
emi20230629t044101p03007-C,dropped_missing_required_time_or_path,1,/mnt/engg-niulab/yuyao/final_crop/s2_6time_legacy_center_zero_mask_32/all/emi20230629t044101p03007-C/pos_11_x247_y247,/mnt/engg-niulab/yuyao/final_crop/s2_6time_legacy_center_zero_mask_32/all/emi20230629t044101p03007-C/pos_11_x247_y247,/mnt/engg-niulab/yuyao/final_crop/s2_6time_legacy_center_zero_mask_32_to_224/all/emi20230629t044101p03007-C/pos_11_x247_y247/plume.tif,/mnt/engg-niulab/yuyao/final_crop/s2_6time_legacy_center_zero_mask_32_to_224/all/emi20230629t044101p03007-C/pos_11_x247_y247/plume.tif,/mnt/engg-niulab/yuyao/final_crop/s2_6time_legacy_center_zero_mask_32_to_224/all/emi20230629t044101p03007-C/pos_11_x247_y247/plume.tif,247,247,247,247,legacy_center_anchor,/mnt/engg-leung/Research_No9_Methane_Emissions/Yuyao/Dataset/plume_masks_wv3_512/emi20230629t044101p03007-C/mask_60m_512.tif,37.903739937254585,63.24212624516756,37.903739937254585,63.24212624516756,2023-06-29T04:41:01+00,2023-06-29T06:36:31.024000Z,2023-06-26T06:26:31.024000Z,2023-06-24T06:36:29.024000Z,2023-06-21T06:26:29.024000Z,,,/mnt/engg-niulab/yuyao/final_crop/s2_6time_legacy_center_zero_mask_32_to_224/all/emi20230629t044101p03007-C/pos_11_x247_y247/s2_0.tif,/mnt/engg-niulab/yuyao/final_crop/s2_6time_legacy_center_zero_mask_32_to_224/all/emi20230629t044101p03007-C/pos_11_x247_y247/s2_prev1.tif,/mnt/engg-niulab/yuyao/final_crop/s2_6time_legacy_center_zero_mask_32_to_224/all/emi20230629t044101p03007-C/pos_11_x247_y247/s2_prev2.tif,/mnt/engg-niulab/yuyao/final_crop/s2_6time_legacy_center_zero_mask_32_to_224/all/emi20230629t044101p03007-C/pos_11_x247_y247/s2_prev3.tif,/mnt/engg-niulab/yuyao/final_crop/s2_6time_legacy_center_zero_mask_32_to_224/all/emi20230629t044101p03007-C/pos_11_x247_y247/s2_seasonal.tif,/mnt/engg-niulab/yuyao/final_crop/s2_6time_legacy_center_zero_mask_32_to_224/all/emi20230629t044101p03007-C/pos_11_x247_y247/s2_year.tif,/mnt/engg-niulab/yuyao/final_crop/s2_6time_legacy_center_zero_mask_32_to_224/all/emi20230629t044101p03007-C/pos_11_x247_y247/s2_0.tif,/mnt/engg-niulab/yuyao/final_crop/s2_6time_legacy_center_zero_mask_32_to_224/all/emi20230629t044101p03007-C/pos_11_x247_y247/s2_0.tif,/mnt/engg-niulab/yuyao/final_crop/s2_6time_legacy_center_zero_mask_32_to_224/all/emi20230629t044101p03007-C/pos_11_x247_y247/s2_prev1.tif,/mnt/engg-niulab/yuyao/final_crop/s2_6time_legacy_center_zero_mask_32_to_224/all/emi20230629t044101p03007-C/pos_11_x247_y247/s2_seasonal.tif,/mnt/engg-niulab/yuyao/final_crop/s2_6time_legacy_center_zero_mask_32_to_224/all/emi20230629t044101p03007-C/pos_11_x247_y247/s2_year.tif
emi20230629t044101p03007-C,dropped_missing_required_time_or_path,1,/mnt/engg-niulab/yuyao/final_crop/s2_6time_legacy_center_zero_mask_32/all/emi20230629t044101p03007-C/pos_12_x232_y236,/mnt/engg-niulab/yuyao/final_crop/s2_6time_legacy_center_zero_mask_32/all/emi20230629t044101p03007-C/pos_12_x232_y236,/mnt/engg-niulab/yuyao/final_crop/s2_6time_legacy_center_zero_mask_32_to_224/all/emi20230629t044101p03007-C/pos_12_x232_y236/plume.tif,/mnt/engg-niulab/yuyao/final_crop/s2_6time_legacy_center_zero_mask_32_to_224/all/emi20230629t044101p03007-C/pos_12_x232_y236/plume.tif,/mnt/engg-niulab/yuyao/final_crop/s2_6time_legacy_center_zero_mask_32_to_224/all/emi20230629t044101p03007-C/pos_12_x232_y236/plume.tif,232,236,232,236,legacy_center_anchor,/mnt/engg-leung/Research_No9_Methane_Emissions/Yuyao/Dataset/plume_masks_wv3_512/emi20230629t044101p03007-C/mask_60m_512.tif,37.903739937254585,63.24212624516756,37.903739937254585,63.24212624516756,2023-06-29T04:41:01+00,2023-06-29T06:36:31.024000Z,2023-06-26T06:26:31.024000Z,2023-06-24T06:36:29.024000Z,2023-06-21T06:26:29.024000Z,,,/mnt/engg-niulab/yuyao/final_crop/s2_6time_legacy_center_zero_mask_32_to_224/all/emi20230629t044101p03007-C/pos_12_x232_y236/s2_0.tif,/mnt/engg-niulab/yuyao/final_crop/s2_6time_legacy_center_zero_mask_32_to_224/all/emi20230629t044101p03007-C/pos_12_x232_y236/s2_prev1.tif,/mnt/engg-niulab/yuyao/final_crop/s2_6time_legacy_center_zero_mask_32_to_224/all/emi20230629t044101p03007-C/pos_12_x232_y236/s2_prev2.tif,/mnt/engg-niulab/yuyao/final_crop/s2_6time_legacy_center_zero_mask_32_to_224/all/emi20230629t044101p03007-C/pos_12_x232_y236/s2_prev3.tif,/mnt/engg-niulab/yuyao/final_crop/s2_6time_legacy_center_zero_mask_32_to_224/all/emi20230629t044101p03007-C/pos_12_x232_y236/s2_seasonal.tif,/mnt/engg-niulab/yuyao/final_crop/s2_6time_legacy_center_zero_mask_32_to_224/all/emi20230629t044101p03007-C/pos_12_x232_y236/s2_year.tif,/mnt/engg-niulab/yuyao/final_crop/s2_6time_legacy_center_zero_mask_32_to_224/all/emi20230629t044101p03007-C/pos_12_x232_y236/s2_0.tif,/mnt/engg-niulab/yuyao/final_crop/s2_6time_legacy_center_zero_mask_32_to_224/all/emi20230629t044101p03007-C/pos_12_x232_y236/s2_0.tif,/mnt/engg-niulab/yuyao/final_crop/s2_6time_legacy_center_zero_mask_32_to_224/all/emi20230629t044101p03007-C/pos_12_x232_y236/s2_prev1.tif,/mnt/engg-niulab/yuyao/final_crop/s2_6time_legacy_center_zero_mask_32_to_224/all/emi20230629t044101p03007-C/pos_12_x232_y236/s2_seasonal.tif,/mnt/engg-niulab/yuyao/final_crop/s2_6time_legacy_center_zero_mask_32_to_224/all/emi20230629t044101p03007-C/pos_12_x232_y236/s2_year.tif
emi20230629t044101p03007-C,dropped_missing_required_time_or_path,1,/mnt/engg-niulab/yuyao/final_crop/s2_6time_legacy_center_zero_mask_32/all/emi20230629t044101p03007-C/pos_13_x246_y243,/mnt/engg-niulab/yuyao/final_crop/s2_6time_legacy_center_zero_mask_32/all/emi20230629t044101p03007-C/pos_13_x246_y243,/mnt/engg-niulab/yuyao/final_crop/s2_6time_legacy_center_zero_mask_32_to_224/all/emi20230629t044101p03007-C/pos_13_x246_y243/plume.tif,/mnt/engg-niulab/yuyao/final_crop/s2_6time_legacy_center_zero_mask_32_to_224/all/emi20230629t044101p03007-C/pos_13_x246_y243/plume.tif,/mnt/engg-niulab/yuyao/final_crop/s2_6time_legacy_center_zero_mask_32_to_224/all/emi20230629t044101p03007-C/pos_13_x246_y243/plume.tif,246,243,246,243,legacy_center_anchor,/mnt/engg-leung/Research_No9_Methane_Emissions/Yuyao/Dataset/plume_masks_wv3_512/emi20230629t044101p03007-C/mask_60m_512.tif,37.903739937254585,63.24212624516756,37.903739937254585,63.24212624516756,2023-06-29T04:41:01+00,2023-06-29T06:36:31.024000Z,2023-06-26T06:26:31.024000Z,2023-06-24T06:36:29.024000Z,2023-06-21T06:26:29.024000Z,,,/mnt/engg-niulab/yuyao/final_crop/s2_6time_legacy_center_zero_mask_32_to_224/all/emi20230629t044101p03007-C/pos_13_x246_y243/s2_0.tif,/mnt/engg-niulab/yuyao/final_crop/s2_6time_legacy_center_zero_mask_32_to_224/all/emi20230629t044101p03007-C/pos_13_x246_y243/s2_prev1.tif,/mnt/engg-niulab/yuyao/final_crop/s2_6time_legacy_center_zero_mask_32_to_224/all/emi20230629t044101p03007-C/pos_13_x246_y243/s2_prev2.tif,/mnt/engg-niulab/yuyao/final_crop/s2_6time_legacy_center_zero_mask_32_to_224/all/emi20230629t044101p03007-C/pos_13_x246_y243/s2_prev3.tif,/mnt/engg-niulab/yuyao/final_crop/s2_6time_legacy_center_zero_mask_32_to_224/all/emi20230629t044101p03007-C/pos_13_x246_y243/s2_seasonal.tif,/mnt/engg-niulab/yuyao/final_crop/s2_6time_legacy_center_zero_mask_32_to_224/all/emi20230629t044101p03007-C/pos_13_x246_y243/s2_year.tif,/mnt/engg-niulab/yuyao/final_crop/s2_6time_legacy_center_zero_mask_32_to_224/all/emi20230629t044101p03007-C/pos_13_x246_y243/s2_0.tif,/mnt/engg-niulab/yuyao/final_crop/s2_6time_legacy_center_zero_mask_32_to_224/all/emi20230629t044101p03007-C/pos_13_x246_y243/s2_0.tif,/mnt/engg-niulab/yuyao/final_crop/s2_6time_legacy_center_zero_mask_32_to_224/all/emi20230629t044101p03007-C/pos_13_x246_y243/s2_prev1.tif,/mnt/engg-niulab/yuyao/final_crop/s2_6time_legacy_center_zero_mask_32_to_224/all/emi20230629t044101p03007-C/pos_13_x246_y243/s2_seasonal.tif,/mnt/engg-niulab/yuyao/final_crop/s2_6time_legacy_center_zero_mask_32_to_224/all/emi20230629t044101p03007-C/pos_13_x246_y243/s2_year.tif
emi20230629t044101p03007-C,dropped_missing_required_time_or_path,1,/mnt/engg-niulab/yuyao/final_crop/s2_6time_legacy_center_zero_mask_32/all/emi20230629t044101p03007-C/pos_14_x231_y250,/mnt/engg-niulab/yuyao/final_crop/s2_6time_legacy_center_zero_mask_32/all/emi20230629t044101p03007-C/pos_14_x231_y250,/mnt/engg-niulab/yuyao/final_crop/s2_6time_legacy_center_zero_mask_32_to_224/all/emi20230629t044101p03007-C/pos_14_x231_y250/plume.tif,/mnt/engg-niulab/yuyao/final_crop/s2_6time_legacy_center_zero_mask_32_to_224/all/emi20230629t044101p03007-C/pos_14_x231_y250/plume.tif,/mnt/engg-niulab/yuyao/final_crop/s2_6time_legacy_center_zero_mask_32_to_224/all/emi20230629t044101p03007-C/pos_14_x231_y250/plume.tif,231,250,231,250,legacy_center_anchor,/mnt/engg-leung/Research_No9_Methane_Emissions/Yuyao/Dataset/plume_masks_wv3_512/emi20230629t044101p03007-C/mask_60m_512.tif,37.903739937254585,63.24212624516756,37.903739937254585,63.24212624516756,2023-06-29T04:41:01+00,2023-06-29T06:36:31.024000Z,2023-06-26T06:26:31.024000Z,2023-06-24T06:36:29.024000Z,2023-06-21T06:26:29.024000Z,,,/mnt/engg-niulab/yuyao/final_crop/s2_6time_legacy_center_zero_mask_32_to_224/all/emi20230629t044101p03007-C/pos_14_x231_y250/s2_0.tif,/mnt/engg-niulab/yuyao/final_crop/s2_6time_legacy_center_zero_mask_32_to_224/all/emi20230629t044101p03007-C/pos_14_x231_y250/s2_prev1.tif,/mnt/engg-niulab/yuyao/final_crop/s2_6time_legacy_center_zero_mask_32_to_224/all/emi20230629t044101p03007-C/pos_14_x231_y250/s2_prev2.tif,/mnt/engg-niulab/yuyao/final_crop/s2_6time_legacy_center_zero_mask_32_to_224/all/emi20230629t044101p03007-C/pos_14_x231_y250/s2_prev3.tif,/mnt/engg-niulab/yuyao/final_crop/s2_6time_legacy_center_zero_mask_32_to_224/all/emi20230629t044101p03007-C/pos_14_x231_y250/s2_seasonal.tif,/mnt/engg-niulab/yuyao/final_crop/s2_6time_legacy_center_zero_mask_32_to_224/all/emi20230629t044101p03007-C/pos_14_x231_y250/s2_year.tif,/mnt/engg-niulab/yuyao/final_crop/s2_6time_legacy_center_zero_mask_32_to_224/all/emi20230629t044101p03007-C/pos_14_x231_y250/s2_0.tif,/mnt/engg-niulab/yuyao/final_crop/s2_6time_legacy_center_zero_mask_32_to_224/all/emi20230629t044101p03007-C/pos_14_x231_y250/s2_0.tif,/mnt/engg-niulab/yuyao/final_crop/s2_6time_legacy_center_zero_mask_32_to_224/all/emi20230629t044101p03007-C/pos_14_x231_y250/s2_prev1.tif,/mnt/engg-niulab/yuyao/final_crop/s2_6time_legacy_center_zero_mask_32_to_224/all/emi20230629t044101p03007-C/pos_14_x231_y250/s2_seasonal.tif,/mnt/engg-niulab/yuyao/final_crop/s2_6time_legacy_center_zero_mask_32_to_224/all/emi20230629t044101p03007-C/pos_14_x231_y250/s2_year.tif
emi20230629t044101p03007-C,dropped_missing_required_time_or_path,1,/mnt/engg-niulab/yuyao/final_crop/s2_6time_legacy_center_zero_mask_32/all/emi20230629t044101p03007-C/pos_15_x226_y231,/mnt/engg-niulab/yuyao/final_crop/s2_6time_legacy_center_zero_mask_32/all/emi20230629t044101p03007-C/pos_15_x226_y231,/mnt/engg-niulab/yuyao/final_crop/s2_6time_legacy_center_zero_mask_32_to_224/all/emi20230629t044101p03007-C/pos_15_x226_y231/plume.tif,/mnt/engg-niulab/yuyao/final_crop/s2_6time_legacy_center_zero_mask_32_to_224/all/emi20230629t044101p03007-C/pos_15_x226_y231/plume.tif,/mnt/engg-niulab/yuyao/final_crop/s2_6time_legacy_center_zero_mask_32_to_224/all/emi20230629t044101p03007-C/pos_15_x226_y231/plume.tif,226,231,226,231,legacy_center_anchor,/mnt/engg-leung/Research_No9_Methane_Emissions/Yuyao/Dataset/plume_masks_wv3_512/emi20230629t044101p03007-C/mask_60m_512.tif,37.903739937254585,63.24212624516756,37.903739937254585,63.24212624516756,2023-06-29T04:41:01+00,2023-06-29T06:36:31.024000Z,2023-06-26T06:26:31.024000Z,2023-06-24T06:36:29.024000Z,2023-06-21T06:26:29.024000Z,,,/mnt/engg-niulab/yuyao/final_crop/s2_6time_legacy_center_zero_mask_32_to_224/all/emi20230629t044101p03007-C/pos_15_x226_y231/s2_0.tif,/mnt/engg-niulab/yuyao/final_crop/s2_6time_legacy_center_zero_mask_32_to_224/all/emi20230629t044101p03007-C/pos_15_x226_y231/s2_prev1.tif,/mnt/engg-niulab/yuyao/final_crop/s2_6time_legacy_center_zero_mask_32_to_224/all/emi20230629t044101p03007-C/pos_15_x226_y231/s2_prev2.tif,/mnt/engg-niulab/yuyao/final_crop/s2_6time_legacy_center_zero_mask_32_to_224/all/emi20230629t044101p03007-C/pos_15_x226_y231/s2_prev3.tif,/mnt/engg-niulab/yuyao/final_crop/s2_6time_legacy_center_zero_mask_32_to_224/all/emi20230629t044101p03007-C/pos_15_x226_y231/s2_seasonal.tif,/mnt/engg-niulab/yuyao/final_crop/s2_6time_legacy_center_zero_mask_32_to_224/all/emi20230629t044101p03007-C/pos_15_x226_y231/s2_year.tif,/mnt/engg-niulab/yuyao/final_crop/s2_6time_legacy_center_zero_mask_32_to_224/all/emi20230629t044101p03007-C/pos_15_x226_y231/s2_0.tif,/mnt/engg-niulab/yuyao/final_crop/s2_6time_legacy_center_zero_mask_32_to_224/all/emi20230629t044101p03007-C/pos_15_x226_y231/s2_0.tif,/mnt/engg-niulab/yuyao/final_crop/s2_6time_legacy_center_zero_mask_32_to_224/all/emi20230629t044101p03007-C/pos_15_x226_y231/s2_prev1.tif,/mnt/engg-niulab/yuyao/final_crop/s2_6time_legacy_center_zero_mask_32_to_224/all/emi20230629t044101p03007-C/pos_15_x226_y231/s2_seasonal.tif,/mnt/engg-niulab/yuyao/final_crop/s2_6time_legacy_center_zero_mask_32_to_224/all/emi20230629t044101p03007-C/pos_15_x226_y231/s2_year.tif
emi20230629t044101p03007-C,dropped_missing_required_time_or_path,0,/mnt/engg-niulab/yuyao/final_crop/s2_6time_legacy_center_zero_mask_32/all/emi20230629t044101p03007-C/neg_00_x174_y55,/mnt/engg-niulab/yuyao/final_crop/s2_6time_legacy_center_zero_mask_32/all/emi20230629t044101p03007-C/neg_00_x174_y55,/mnt/engg-niulab/yuyao/final_crop/s2_6time_legacy_center_zero_mask_32_to_224/all/emi20230629t044101p03007-C/neg_00_x174_y55/plume.tif,/mnt/engg-niulab/yuyao/final_crop/s2_6time_legacy_center_zero_mask_32_to_224/all/emi20230629t044101p03007-C/neg_00_x174_y55/plume.tif,/mnt/engg-niulab/yuyao/final_crop/s2_6time_legacy_center_zero_mask_32_to_224/all/emi20230629t044101p03007-C/neg_00_x174_y55/plume.tif,174,55,174,55,legacy_center_anchor,/mnt/engg-leung/Research_No9_Methane_Emissions/Yuyao/Dataset/plume_masks_wv3_512/emi20230629t044101p03007-C/mask_60m_512.tif,37.903739937254585,63.24212624516756,37.903739937254585,63.24212624516756,2023-06-29T04:41:01+00,2023-06-29T06:36:31.024000Z,2023-06-26T06:26:31.024000Z,2023-06-24T06:36:29.024000Z,2023-06-21T06:26:29.024000Z,,,/mnt/engg-niulab/yuyao/final_crop/s2_6time_legacy_center_zero_mask_32_to_224/all/emi20230629t044101p03007-C/neg_00_x174_y55/s2_0.tif,/mnt/engg-niulab/yuyao/final_crop/s2_6time_legacy_center_zero_mask_32_to_224/all/emi20230629t044101p03007-C/neg_00_x174_y55/s2_prev1.tif,/mnt/engg-niulab/yuyao/final_crop/s2_6time_legacy_center_zero_mask_32_to_224/all/emi20230629t044101p03007-C/neg_00_x174_y55/s2_prev2.tif,/mnt/engg-niulab/yuyao/final_crop/s2_6time_legacy_center_zero_mask_32_to_224/all/emi20230629t044101p03007-C/neg_00_x174_y55/s2_prev3.tif,/mnt/engg-niulab/yuyao/final_crop/s2_6time_legacy_center_zero_mask_32_to_224/all/emi20230629t044101p03007-C/neg_00_x174_y55/s2_seasonal.tif,/mnt/engg-niulab/yuyao/final_crop/s2_6time_legacy_center_zero_mask_32_to_224/all/emi20230629t044101p03007-C/neg_00_x174_y55/s2_year.tif,/mnt/engg-niulab/yuyao/final_crop/s2_6time_legacy_center_zero_mask_32_to_224/all/emi20230629t044101p03007-C/neg_00_x174_y55/s2_0.tif,/mnt/engg-niulab/yuyao/final_crop/s2_6time_legacy_center_zero_mask_32_to_224/all/emi20230629t044101p03007-C/neg_00_x174_y55/s2_0.tif,/mnt/engg-niulab/yuyao/final_crop/s2_6time_legacy_center_zero_mask_32_to_224/all/emi20230629t044101p03007-C/neg_00_x174_y55/s2_prev1.tif,/mnt/engg-niulab/yuyao/final_crop/s2_6time_legacy_center_zero_mask_32_to_224/all/emi20230629t044101p03007-C/neg_00_x174_y55/s2_seasonal.tif,/mnt/engg-niulab/yuyao/final_crop/s2_6time_legacy_center_zero_mask_32_to_224/all/emi20230629t044101p03007-C/neg_00_x174_y55/s2_year.tif
emi20230629t044101p03007-C,dropped_missing_required_time_or_path,0,/mnt/engg-niulab/yuyao/final_crop/s2_6time_legacy_center_zero_mask_32/all/emi20230629t044101p03007-C/neg_01_x20_y65,/mnt/engg-niulab/yuyao/final_crop/s2_6time_legacy_center_zero_mask_32/all/emi20230629t044101p03007-C/neg_01_x20_y65,/mnt/engg-niulab/yuyao/final_crop/s2_6time_legacy_center_zero_mask_32_to_224/all/emi20230629t044101p03007-C/neg_01_x20_y65/plume.tif,/mnt/engg-niulab/yuyao/final_crop/s2_6time_legacy_center_zero_mask_32_to_224/all/emi20230629t044101p03007-C/neg_01_x20_y65/plume.tif,/mnt/engg-niulab/yuyao/final_crop/s2_6time_legacy_center_zero_mask_32_to_224/all/emi20230629t044101p03007-C/neg_01_x20_y65/plume.tif,20,65,20,65,legacy_center_anchor,/mnt/engg-leung/Research_No9_Methane_Emissions/Yuyao/Dataset/plume_masks_wv3_512/emi20230629t044101p03007-C/mask_60m_512.tif,37.903739937254585,63.24212624516756,37.903739937254585,63.24212624516756,2023-06-29T04:41:01+00,2023-06-29T06:36:31.024000Z,2023-06-26T06:26:31.024000Z,2023-06-24T06:36:29.024000Z,2023-06-21T06:26:29.024000Z,,,/mnt/engg-niulab/yuyao/final_crop/s2_6time_legacy_center_zero_mask_32_to_224/all/emi20230629t044101p03007-C/neg_01_x20_y65/s2_0.tif,/mnt/engg-niulab/yuyao/final_crop/s2_6time_legacy_center_zero_mask_32_to_224/all/emi20230629t044101p03007-C/neg_01_x20_y65/s2_prev1.tif,/mnt/engg-niulab/yuyao/final_crop/s2_6time_legacy_center_zero_mask_32_to_224/all/emi20230629t044101p03007-C/neg_01_x20_y65/s2_prev2.tif,/mnt/engg-niulab/yuyao/final_crop/s2_6time_legacy_center_zero_mask_32_to_224/all/emi20230629t044101p03007-C/neg_01_x20_y65/s2_prev3.tif,/mnt/engg-niulab/yuyao/final_crop/s2_6time_legacy_center_zero_mask_32_to_224/all/emi20230629t044101p03007-C/neg_01_x20_y65/s2_seasonal.tif,/mnt/engg-niulab/yuyao/final_crop/s2_6time_legacy_center_zero_mask_32_to_224/all/emi20230629t044101p03007-C/neg_01_x20_y65/s2_year.tif,/mnt/engg-niulab/yuyao/final_crop/s2_6time_legacy_center_zero_mask_32_to_224/all/emi20230629t044101p03007-C/neg_01_x20_y65/s2_0.tif,/mnt/engg-niulab/yuyao/final_crop/s2_6time_legacy_center_zero_mask_32_to_224/all/emi20230629t044101p03007-C/neg_01_x20_y65/s2_0.tif,/mnt/engg-niulab/yuyao/final_crop/s2_6time_legacy_center_zero_mask_32_to_224/all/emi20230629t044101p03007-C/neg_01_x20_y65/s2_prev1.tif,/mnt/engg-niulab/yuyao/final_crop/s2_6time_legacy_center_zero_mask_32_to_224/all/emi20230629t044101p03007-C/neg_01_x20_y65/s2_seasonal.tif,/mnt/engg-niulab/yuyao/final_crop/s2_6time_legacy_center_zero_mask_32_to_224/all/emi20230629t044101p03007-C/neg_01_x20_y65/s2_year.tif
emi20230629t044101p03007-C,dropped_missing_required_time_or_path,0,/mnt/engg-niulab/yuyao/final_crop/s2_6time_legacy_center_zero_mask_32/all/emi20230629t044101p03007-C/neg_02_x206_y161,/mnt/engg-niulab/yuyao/final_crop/s2_6time_legacy_center_zero_mask_32/all/emi20230629t044101p03007-C/neg_02_x206_y161,/mnt/engg-niulab/yuyao/final_crop/s2_6time_legacy_center_zero_mask_32_to_224/all/emi20230629t044101p03007-C/neg_02_x206_y161/plume.tif,/mnt/engg-niulab/yuyao/final_crop/s2_6time_legacy_center_zero_mask_32_to_224/all/emi20230629t044101p03007-C/neg_02_x206_y161/plume.tif,/mnt/engg-niulab/yuyao/final_crop/s2_6time_legacy_center_zero_mask_32_to_224/all/emi20230629t044101p03007-C/neg_02_x206_y161/plume.tif,206,161,206,161,legacy_center_anchor,/mnt/engg-leung/Research_No9_Methane_Emissions/Yuyao/Dataset/plume_masks_wv3_512/emi20230629t044101p03007-C/mask_60m_512.tif,37.903739937254585,63.24212624516756,37.903739937254585,63.24212624516756,2023-06-29T04:41:01+00,2023-06-29T06:36:31.024000Z,2023-06-26T06:26:31.024000Z,2023-06-24T06:36:29.024000Z,2023-06-21T06:26:29.024000Z,,,/mnt/engg-niulab/yuyao/final_crop/s2_6time_legacy_center_zero_mask_32_to_224/all/emi20230629t044101p03007-C/neg_02_x206_y161/s2_0.tif,/mnt/engg-niulab/yuyao/final_crop/s2_6time_legacy_center_zero_mask_32_to_224/all/emi20230629t044101p03007-C/neg_02_x206_y161/s2_prev1.tif,/mnt/engg-niulab/yuyao/final_crop/s2_6time_legacy_center_zero_mask_32_to_224/all/emi20230629t044101p03007-C/neg_02_x206_y161/s2_prev2.tif,/mnt/engg-niulab/yuyao/final_crop/s2_6time_legacy_center_zero_mask_32_to_224/all/emi20230629t044101p03007-C/neg_02_x206_y161/s2_prev3.tif,/mnt/engg-niulab/yuyao/final_crop/s2_6time_legacy_center_zero_mask_32_to_224/all/emi20230629t044101p03007-C/neg_02_x206_y161/s2_seasonal.tif,/mnt/engg-niulab/yuyao/final_crop/s2_6time_legacy_center_zero_mask_32_to_224/all/emi20230629t044101p03007-C/neg_02_x206_y161/s2_year.tif,/mnt/engg-niulab/yuyao/final_crop/s2_6time_legacy_center_zero_mask_32_to_224/all/emi20230629t044101p03007-C/neg_02_x206_y161/s2_0.tif,/mnt/engg-niulab/yuyao/final_crop/s2_6time_legacy_center_zero_mask_32_to_224/all/emi20230629t044101p03007-C/neg_02_x206_y161/s2_0.tif,/mnt/engg-niulab/yuyao/final_crop/s2_6time_legacy_center_zero_mask_32_to_224/all/emi20230629t044101p03007-C/neg_02_x206_y161/s2_prev1.tif,/mnt/engg-niulab/yuyao/final_crop/s2_6time_legacy_center_zero_mask_32_to_224/all/emi20230629t044101p03007-C/neg_02_x206_y161/s2_seasonal.tif,/mnt/engg-niulab/yuyao/final_crop/s2_6time_legacy_center_zero_mask_32_to_224/all/emi20230629t044101p03007-C/neg_02_x206_y161/s2_year.tif
emi20230629t044101p03007-C,dropped_missing_required_time_or_path,0,/mnt/engg-niulab/yuyao/final_crop/s2_6time_legacy_center_zero_mask_32/all/emi20230629t044101p03007-C/neg_03_x156_y235,/mnt/engg-niulab/yuyao/final_crop/s2_6time_legacy_center_zero_mask_32/all/emi20230629t044101p03007-C/neg_03_x156_y235,/mnt/engg-niulab/yuyao/final_crop/s2_6time_legacy_center_zero_mask_32_to_224/all/emi20230629t044101p03007-C/neg_03_x156_y235/plume.tif,/mnt/engg-niulab/yuyao/final_crop/s2_6time_legacy_center_zero_mask_32_to_224/all/emi20230629t044101p03007-C/neg_03_x156_y235/plume.tif,/mnt/engg-niulab/yuyao/final_crop/s2_6time_legacy_center_zero_mask_32_to_224/all/emi20230629t044101p03007-C/neg_03_x156_y235/plume.tif,156,235,156,235,legacy_center_anchor,/mnt/engg-leung/Research_No9_Methane_Emissions/Yuyao/Dataset/plume_masks_wv3_512/emi20230629t044101p03007-C/mask_60m_512.tif,37.903739937254585,63.24212624516756,37.903739937254585,63.24212624516756,2023-06-29T04:41:01+00,2023-06-29T06:36:31.024000Z,2023-06-26T06:26:31.024000Z,2023-06-24T06:36:29.024000Z,2023-06-21T06:26:29.024000Z,,,/mnt/engg-niulab/yuyao/final_crop/s2_6time_legacy_center_zero_mask_32_to_224/all/emi20230629t044101p03007-C/neg_03_x156_y235/s2_0.tif,/mnt/engg-niulab/yuyao/final_crop/s2_6time_legacy_center_zero_mask_32_to_224/all/emi20230629t044101p03007-C/neg_03_x156_y235/s2_prev1.tif,/mnt/engg-niulab/yuyao/final_crop/s2_6time_legacy_center_zero_mask_32_to_224/all/emi20230629t044101p03007-C/neg_03_x156_y235/s2_prev2.tif,/mnt/engg-niulab/yuyao/final_crop/s2_6time_legacy_center_zero_mask_32_to_224/all/emi20230629t044101p03007-C/neg_03_x156_y235/s2_prev3.tif,/mnt/engg-niulab/yuyao/final_crop/s2_6time_legacy_center_zero_mask_32_to_224/all/emi20230629t044101p03007-C/neg_03_x156_y235/s2_seasonal.tif,/mnt/engg-niulab/yuyao/final_crop/s2_6time_legacy_center_zero_mask_32_to_224/all/emi20230629t044101p03007-C/neg_03_x156_y235/s2_year.tif,/mnt/engg-niulab/yuyao/final_crop/s2_6time_legacy_center_zero_mask_32_to_224/all/emi20230629t044101p03007-C/neg_03_x156_y235/s2_0.tif,/mnt/engg-niulab/yuyao/final_crop/s2_6time_legacy_center_zero_mask_32_to_224/all/emi20230629t044101p03007-C/neg_03_x156_y235/s2_0.tif,/mnt/engg-niulab/yuyao/final_crop/s2_6time_legacy_center_zero_mask_32_to_224/all/emi20230629t044101p03007-C/neg_03_x156_y235/s2_prev1.tif,/mnt/engg-niulab/yuyao/final_crop/s2_6time_legacy_center_zero_mask_32_to_224/all/emi20230629t044101p03007-C/neg_03_x156_y235/s2_seasonal.tif,/mnt/engg-niulab/yuyao/final_crop/s2_6time_legacy_center_zero_mask_32_to_224/all/emi20230629t044101p03007-C/neg_03_x156_y235/s2_year.tif
emi20230629t044101p03007-C,dropped_missing_required_time_or_path,0,/mnt/engg-niulab/yuyao/final_crop/s2_6time_legacy_center_zero_mask_32/all/emi20230629t044101p03007-C/neg_04_x355_y258,/mnt/engg-niulab/yuyao/final_crop/s2_6time_legacy_center_zero_mask_32/all/emi20230629t044101p03007-C/neg_04_x355_y258,/mnt/engg-niulab/yuyao/final_crop/s2_6time_legacy_center_zero_mask_32_to_224/all/emi20230629t044101p03007-C/neg_04_x355_y258/plume.tif,/mnt/engg-niulab/yuyao/final_crop/s2_6time_legacy_center_zero_mask_32_to_224/all/emi20230629t044101p03007-C/neg_04_x355_y258/plume.tif,/mnt/engg-niulab/yuyao/final_crop/s2_6time_legacy_center_zero_mask_32_to_224/all/emi20230629t044101p03007-C/neg_04_x355_y258/plume.tif,355,258,355,258,legacy_center_anchor,/mnt/engg-leung/Research_No9_Methane_Emissions/Yuyao/Dataset/plume_masks_wv3_512/emi20230629t044101p03007-C/mask_60m_512.tif,37.903739937254585,63.24212624516756,37.903739937254585,63.24212624516756,2023-06-29T04:41:01+00,2023-06-29T06:36:31.024000Z,2023-06-26T06:26:31.024000Z,2023-06-24T06:36:29.024000Z,2023-06-21T06:26:29.024000Z,,,/mnt/engg-niulab/yuyao/final_crop/s2_6time_legacy_center_zero_mask_32_to_224/all/emi20230629t044101p03007-C/neg_04_x355_y258/s2_0.tif,/mnt/engg-niulab/yuyao/final_crop/s2_6time_legacy_center_zero_mask_32_to_224/all/emi20230629t044101p03007-C/neg_04_x355_y258/s2_prev1.tif,/mnt/engg-niulab/yuyao/final_crop/s2_6time_legacy_center_zero_mask_32_to_224/all/emi20230629t044101p03007-C/neg_04_x355_y258/s2_prev2.tif,/mnt/engg-niulab/yuyao/final_crop/s2_6time_legacy_center_zero_mask_32_to_224/all/emi20230629t044101p03007-C/neg_04_x355_y258/s2_prev3.tif,/mnt/engg-niulab/yuyao/final_crop/s2_6time_legacy_center_zero_mask_32_to_224/all/emi20230629t044101p03007-C/neg_04_x355_y258/s2_seasonal.tif,/mnt/engg-niulab/yuyao/final_crop/s2_6time_legacy_center_zero_mask_32_to_224/all/emi20230629t044101p03007-C/neg_04_x355_y258/s2_year.tif,/mnt/engg-niulab/yuyao/final_crop/s2_6time_legacy_center_zero_mask_32_to_224/all/emi20230629t044101p03007-C/neg_04_x355_y258/s2_0.tif,/mnt/engg-niulab/yuyao/final_crop/s2_6time_legacy_center_zero_mask_32_to_224/all/emi20230629t044101p03007-C/neg_04_x355_y258/s2_0.tif,/mnt/engg-niulab/yuyao/final_crop/s2_6time_legacy_center_zero_mask_32_to_224/all/emi20230629t044101p03007-C/neg_04_x355_y258/s2_prev1.tif,/mnt/engg-niulab/yuyao/final_crop/s2_6time_legacy_center_zero_mask_32_to_224/all/emi20230629t044101p03007-C/neg_04_x355_y258/s2_seasonal.tif,/mnt/engg-niulab/yuyao/final_crop/s2_6time_legacy_center_zero_mask_32_to_224/all/emi20230629t044101p03007-C/neg_04_x355_y258/s2_year.tif
emi20230629t044101p03007-C,dropped_missing_required_time_or_path,0,/mnt/engg-niulab/yuyao/final_crop/s2_6time_legacy_center_zero_mask_32/all/emi20230629t044101p03007-C/neg_05_x313_y457,/mnt/engg-niulab/yuyao/final_crop/s2_6time_legacy_center_zero_mask_32/all/emi20230629t044101p03007-C/neg_05_x313_y457,/mnt/engg-niulab/yuyao/final_crop/s2_6time_legacy_center_zero_mask_32_to_224/all/emi20230629t044101p03007-C/neg_05_x313_y457/plume.tif,/mnt/engg-niulab/yuyao/final_crop/s2_6time_legacy_center_zero_mask_32_to_224/all/emi20230629t044101p03007-C/neg_05_x313_y457/plume.tif,/mnt/engg-niulab/yuyao/final_crop/s2_6time_legacy_center_zero_mask_32_to_224/all/emi20230629t044101p03007-C/neg_05_x313_y457/plume.tif,313,457,313,457,legacy_center_anchor,/mnt/engg-leung/Research_No9_Methane_Emissions/Yuyao/Dataset/plume_masks_wv3_512/emi20230629t044101p03007-C/mask_60m_512.tif,37.903739937254585,63.24212624516756,37.903739937254585,63.24212624516756,2023-06-29T04:41:01+00,2023-06-29T06:36:31.024000Z,2023-06-26T06:26:31.024000Z,2023-06-24T06:36:29.024000Z,2023-06-21T06:26:29.024000Z,,,/mnt/engg-niulab/yuyao/final_crop/s2_6time_legacy_center_zero_mask_32_to_224/all/emi20230629t044101p03007-C/neg_05_x313_y457/s2_0.tif,/mnt/engg-niulab/yuyao/final_crop/s2_6time_legacy_center_zero_mask_32_to_224/all/emi20230629t044101p03007-C/neg_05_x313_y457/s2_prev1.tif,/mnt/engg-niulab/yuyao/final_crop/s2_6time_legacy_center_zero_mask_32_to_224/all/emi20230629t044101p03007-C/neg_05_x313_y457/s2_prev2.tif,/mnt/engg-niulab/yuyao/final_crop/s2_6time_legacy_center_zero_mask_32_to_224/all/emi20230629t044101p03007-C/neg_05_x313_y457/s2_prev3.tif,/mnt/engg-niulab/yuyao/final_crop/s2_6time_legacy_center_zero_mask_32_to_224/all/emi20230629t044101p03007-C/neg_05_x313_y457/s2_seasonal.tif,/mnt/engg-niulab/yuyao/final_crop/s2_6time_legacy_center_zero_mask_32_to_224/all/emi20230629t044101p03007-C/neg_05_x313_y457/s2_year.tif,/mnt/engg-niulab/yuyao/final_crop/s2_6time_legacy_center_zero_mask_32_to_224/all/emi20230629t044101p03007-C/neg_05_x313_y457/s2_0.tif,/mnt/engg-niulab/yuyao/final_crop/s2_6time_legacy_center_zero_mask_32_to_224/all/emi20230629t044101p03007-C/neg_05_x313_y457/s2_0.tif,/mnt/engg-niulab/yuyao/final_crop/s2_6time_legacy_center_zero_mask_32_to_224/all/emi20230629t044101p03007-C/neg_05_x313_y457/s2_prev1.tif,/mnt/engg-niulab/yuyao/final_crop/s2_6time_legacy_center_zero_mask_32_to_224/all/emi20230629t044101p03007-C/neg_05_x313_y457/s2_seasonal.tif,/mnt/engg-niulab/yuyao/final_crop/s2_6time_legacy_center_zero_mask_32_to_224/all/emi20230629t044101p03007-C/neg_05_x313_y457/s2_year.tif
emi20230629t044101p03007-C,dropped_missing_required_time_or_path,0,/mnt/engg-niulab/yuyao/final_crop/s2_6time_legacy_center_zero_mask_32/all/emi20230629t044101p03007-C/neg_06_x348_y9,/mnt/engg-niulab/yuyao/final_crop/s2_6time_legacy_center_zero_mask_32/all/emi20230629t044101p03007-C/neg_06_x348_y9,/mnt/engg-niulab/yuyao/final_crop/s2_6time_legacy_center_zero_mask_32_to_224/all/emi20230629t044101p03007-C/neg_06_x348_y9/plume.tif,/mnt/engg-niulab/yuyao/final_crop/s2_6time_legacy_center_zero_mask_32_to_224/all/emi20230629t044101p03007-C/neg_06_x348_y9/plume.tif,/mnt/engg-niulab/yuyao/final_crop/s2_6time_legacy_center_zero_mask_32_to_224/all/emi20230629t044101p03007-C/neg_06_x348_y9/plume.tif,348,9,348,9,legacy_center_anchor,/mnt/engg-leung/Research_No9_Methane_Emissions/Yuyao/Dataset/plume_masks_wv3_512/emi20230629t044101p03007-C/mask_60m_512.tif,37.903739937254585,63.24212624516756,37.903739937254585,63.24212624516756,2023-06-29T04:41:01+00,2023-06-29T06:36:31.024000Z,2023-06-26T06:26:31.024000Z,2023-06-24T06:36:29.024000Z,2023-06-21T06:26:29.024000Z,,,/mnt/engg-niulab/yuyao/final_crop/s2_6time_legacy_center_zero_mask_32_to_224/all/emi20230629t044101p03007-C/neg_06_x348_y9/s2_0.tif,/mnt/engg-niulab/yuyao/final_crop/s2_6time_legacy_center_zero_mask_32_to_224/all/emi20230629t044101p03007-C/neg_06_x348_y9/s2_prev1.tif,/mnt/engg-niulab/yuyao/final_crop/s2_6time_legacy_center_zero_mask_32_to_224/all/emi20230629t044101p03007-C/neg_06_x348_y9/s2_prev2.tif,/mnt/engg-niulab/yuyao/final_crop/s2_6time_legacy_center_zero_mask_32_to_224/all/emi20230629t044101p03007-C/neg_06_x348_y9/s2_prev3.tif,/mnt/engg-niulab/yuyao/final_crop/s2_6time_legacy_center_zero_mask_32_to_224/all/emi20230629t044101p03007-C/neg_06_x348_y9/s2_seasonal.tif,/mnt/engg-niulab/yuyao/final_crop/s2_6time_legacy_center_zero_mask_32_to_224/all/emi20230629t044101p03007-C/neg_06_x348_y9/s2_year.tif,/mnt/engg-niulab/yuyao/final_crop/s2_6time_legacy_center_zero_mask_32_to_224/all/emi20230629t044101p03007-C/neg_06_x348_y9/s2_0.tif,/mnt/engg-niulab/yuyao/final_crop/s2_6time_legacy_center_zero_mask_32_to_224/all/emi20230629t044101p03007-C/neg_06_x348_y9/s2_0.tif,/mnt/engg-niulab/yuyao/final_crop/s2_6time_legacy_center_zero_mask_32_to_224/all/emi20230629t044101p03007-C/neg_06_x348_y9/s2_prev1.tif,/mnt/engg-niulab/yuyao/final_crop/s2_6time_legacy_center_zero_mask_32_to_224/all/emi20230629t044101p03007-C/neg_06_x348_y9/s2_seasonal.tif,/mnt/engg-niulab/yuyao/final_crop/s2_6time_legacy_center_zero_mask_32_to_224/all/emi20230629t044101p03007-C/neg_06_x348_y9/s2_year.tif
emi20230629t044101p03007-C,dropped_missing_required_time_or_path,0,/mnt/engg-niulab/yuyao/final_crop/s2_6time_legacy_center_zero_mask_32/all/emi20230629t044101p03007-C/neg_07_x18_y42,/mnt/engg-niulab/yuyao/final_crop/s2_6time_legacy_center_zero_mask_32/all/emi20230629t044101p03007-C/neg_07_x18_y42,/mnt/engg-niulab/yuyao/final_crop/s2_6time_legacy_center_zero_mask_32_to_224/all/emi20230629t044101p03007-C/neg_07_x18_y42/plume.tif,/mnt/engg-niulab/yuyao/final_crop/s2_6time_legacy_center_zero_mask_32_to_224/all/emi20230629t044101p03007-C/neg_07_x18_y42/plume.tif,/mnt/engg-niulab/yuyao/final_crop/s2_6time_legacy_center_zero_mask_32_to_224/all/emi20230629t044101p03007-C/neg_07_x18_y42/plume.tif,18,42,18,42,legacy_center_anchor,/mnt/engg-leung/Research_No9_Methane_Emissions/Yuyao/Dataset/plume_masks_wv3_512/emi20230629t044101p03007-C/mask_60m_512.tif,37.903739937254585,63.24212624516756,37.903739937254585,63.24212624516756,2023-06-29T04:41:01+00,2023-06-29T06:36:31.024000Z,2023-06-26T06:26:31.024000Z,2023-06-24T06:36:29.024000Z,2023-06-21T06:26:29.024000Z,,,/mnt/engg-niulab/yuyao/final_crop/s2_6time_legacy_center_zero_mask_32_to_224/all/emi20230629t044101p03007-C/neg_07_x18_y42/s2_0.tif,/mnt/engg-niulab/yuyao/final_crop/s2_6time_legacy_center_zero_mask_32_to_224/all/emi20230629t044101p03007-C/neg_07_x18_y42/s2_prev1.tif,/mnt/engg-niulab/yuyao/final_crop/s2_6time_legacy_center_zero_mask_32_to_224/all/emi20230629t044101p03007-C/neg_07_x18_y42/s2_prev2.tif,/mnt/engg-niulab/yuyao/final_crop/s2_6time_legacy_center_zero_mask_32_to_224/all/emi20230629t044101p03007-C/neg_07_x18_y42/s2_prev3.tif,/mnt/engg-niulab/yuyao/final_crop/s2_6time_legacy_center_zero_mask_32_to_224/all/emi20230629t044101p03007-C/neg_07_x18_y42/s2_seasonal.tif,/mnt/engg-niulab/yuyao/final_crop/s2_6time_legacy_center_zero_mask_32_to_224/all/emi20230629t044101p03007-C/neg_07_x18_y42/s2_year.tif,/mnt/engg-niulab/yuyao/final_crop/s2_6time_legacy_center_zero_mask_32_to_224/all/emi20230629t044101p03007-C/neg_07_x18_y42/s2_0.tif,/mnt/engg-niulab/yuyao/final_crop/s2_6time_legacy_center_zero_mask_32_to_224/all/emi20230629t044101p03007-C/neg_07_x18_y42/s2_0.tif,/mnt/engg-niulab/yuyao/final_crop/s2_6time_legacy_center_zero_mask_32_to_224/all/emi20230629t044101p03007-C/neg_07_x18_y42/s2_prev1.tif,/mnt/engg-niulab/yuyao/final_crop/s2_6time_legacy_center_zero_mask_32_to_224/all/emi20230629t044101p03007-C/neg_07_x18_y42/s2_seasonal.tif,/mnt/engg-niulab/yuyao/final_crop/s2_6time_legacy_center_zero_mask_32_to_224/all/emi20230629t044101p03007-C/neg_07_x18_y42/s2_year.tif
emi20230629t044101p03007-C,dropped_missing_required_time_or_path,0,/mnt/engg-niulab/yuyao/final_crop/s2_6time_legacy_center_zero_mask_32/all/emi20230629t044101p03007-C/neg_08_x48_y429,/mnt/engg-niulab/yuyao/final_crop/s2_6time_legacy_center_zero_mask_32/all/emi20230629t044101p03007-C/neg_08_x48_y429,/mnt/engg-niulab/yuyao/final_crop/s2_6time_legacy_center_zero_mask_32_to_224/all/emi20230629t044101p03007-C/neg_08_x48_y429/plume.tif,/mnt/engg-niulab/yuyao/final_crop/s2_6time_legacy_center_zero_mask_32_to_224/all/emi20230629t044101p03007-C/neg_08_x48_y429/plume.tif,/mnt/engg-niulab/yuyao/final_crop/s2_6time_legacy_center_zero_mask_32_to_224/all/emi20230629t044101p03007-C/neg_08_x48_y429/plume.tif,48,429,48,429,legacy_center_anchor,/mnt/engg-leung/Research_No9_Methane_Emissions/Yuyao/Dataset/plume_masks_wv3_512/emi20230629t044101p03007-C/mask_60m_512.tif,37.903739937254585,63.24212624516756,37.903739937254585,63.24212624516756,2023-06-29T04:41:01+00,2023-06-29T06:36:31.024000Z,2023-06-26T06:26:31.024000Z,2023-06-24T06:36:29.024000Z,2023-06-21T06:26:29.024000Z,,,/mnt/engg-niulab/yuyao/final_crop/s2_6time_legacy_center_zero_mask_32_to_224/all/emi20230629t044101p03007-C/neg_08_x48_y429/s2_0.tif,/mnt/engg-niulab/yuyao/final_crop/s2_6time_legacy_center_zero_mask_32_to_224/all/emi20230629t044101p03007-C/neg_08_x48_y429/s2_prev1.tif,/mnt/engg-niulab/yuyao/final_crop/s2_6time_legacy_center_zero_mask_32_to_224/all/emi20230629t044101p03007-C/neg_08_x48_y429/s2_prev2.tif,/mnt/engg-niulab/yuyao/final_crop/s2_6time_legacy_center_zero_mask_32_to_224/all/emi20230629t044101p03007-C/neg_08_x48_y429/s2_prev3.tif,/mnt/engg-niulab/yuyao/final_crop/s2_6time_legacy_center_zero_mask_32_to_224/all/emi20230629t044101p03007-C/neg_08_x48_y429/s2_seasonal.tif,/mnt/engg-niulab/yuyao/final_crop/s2_6time_legacy_center_zero_mask_32_to_224/all/emi20230629t044101p03007-C/neg_08_x48_y429/s2_year.tif,/mnt/engg-niulab/yuyao/final_crop/s2_6time_legacy_center_zero_mask_32_to_224/all/emi20230629t044101p03007-C/neg_08_x48_y429/s2_0.tif,/mnt/engg-niulab/yuyao/final_crop/s2_6time_legacy_center_zero_mask_32_to_224/all/emi20230629t044101p03007-C/neg_08_x48_y429/s2_0.tif,/mnt/engg-niulab/yuyao/final_crop/s2_6time_legacy_center_zero_mask_32_to_224/all/emi20230629t044101p03007-C/neg_08_x48_y429/s2_prev1.tif,/mnt/engg-niulab/yuyao/final_crop/s2_6time_legacy_center_zero_mask_32_to_224/all/emi20230629t044101p03007-C/neg_08_x48_y429/s2_seasonal.tif,/mnt/engg-niulab/yuyao/final_crop/s2_6time_legacy_center_zero_mask_32_to_224/all/emi20230629t044101p03007-C/neg_08_x48_y429/s2_year.tif
emi20230629t044101p03007-C,dropped_missing_required_time_or_path,0,/mnt/engg-niulab/yuyao/final_crop/s2_6time_legacy_center_zero_mask_32/all/emi20230629t044101p03007-C/neg_09_x120_y333,/mnt/engg-niulab/yuyao/final_crop/s2_6time_legacy_center_zero_mask_32/all/emi20230629t044101p03007-C/neg_09_x120_y333,/mnt/engg-niulab/yuyao/final_crop/s2_6time_legacy_center_zero_mask_32_to_224/all/emi20230629t044101p03007-C/neg_09_x120_y333/plume.tif,/mnt/engg-niulab/yuyao/final_crop/s2_6time_legacy_center_zero_mask_32_to_224/all/emi20230629t044101p03007-C/neg_09_x120_y333/plume.tif,/mnt/engg-niulab/yuyao/final_crop/s2_6time_legacy_center_zero_mask_32_to_224/all/emi20230629t044101p03007-C/neg_09_x120_y333/plume.tif,120,333,120,333,legacy_center_anchor,/mnt/engg-leung/Research_No9_Methane_Emissions/Yuyao/Dataset/plume_masks_wv3_512/emi20230629t044101p03007-C/mask_60m_512.tif,37.903739937254585,63.24212624516756,37.903739937254585,63.24212624516756,2023-06-29T04:41:01+00,2023-06-29T06:36:31.024000Z,2023-06-26T06:26:31.024000Z,2023-06-24T06:36:29.024000Z,2023-06-21T06:26:29.024000Z,,,/mnt/engg-niulab/yuyao/final_crop/s2_6time_legacy_center_zero_mask_32_to_224/all/emi20230629t044101p03007-C/neg_09_x120_y333/s2_0.tif,/mnt/engg-niulab/yuyao/final_crop/s2_6time_legacy_center_zero_mask_32_to_224/all/emi20230629t044101p03007-C/neg_09_x120_y333/s2_prev1.tif,/mnt/engg-niulab/yuyao/final_crop/s2_6time_legacy_center_zero_mask_32_to_224/all/emi20230629t044101p03007-C/neg_09_x120_y333/s2_prev2.tif,/mnt/engg-niulab/yuyao/final_crop/s2_6time_legacy_center_zero_mask_32_to_224/all/emi20230629t044101p03007-C/neg_09_x120_y333/s2_prev3.tif,/mnt/engg-niulab/yuyao/final_crop/s2_6time_legacy_center_zero_mask_32_to_224/all/emi20230629t044101p03007-C/neg_09_x120_y333/s2_seasonal.tif,/mnt/engg-niulab/yuyao/final_crop/s2_6time_legacy_center_zero_mask_32_to_224/all/emi20230629t044101p03007-C/neg_09_x120_y333/s2_year.tif,/mnt/engg-niulab/yuyao/final_crop/s2_6time_legacy_center_zero_mask_32_to_224/all/emi20230629t044101p03007-C/neg_09_x120_y333/s2_0.tif,/mnt/engg-niulab/yuyao/final_crop/s2_6time_legacy_center_zero_mask_32_to_224/all/emi20230629t044101p03007-C/neg_09_x120_y333/s2_0.tif,/mnt/engg-niulab/yuyao/final_crop/s2_6time_legacy_center_zero_mask_32_to_224/all/emi20230629t044101p03007-C/neg_09_x120_y333/s2_prev1.tif,/mnt/engg-niulab/yuyao/final_crop/s2_6time_legacy_center_zero_mask_32_to_224/all/emi20230629t044101p03007-C/neg_09_x120_y333/s2_seasonal.tif,/mnt/engg-niulab/yuyao/final_crop/s2_6time_legacy_center_zero_mask_32_to_224/all/emi20230629t044101p03007-C/neg_09_x120_y333/s2_year.tif
emi20230629t044101p03007-C,dropped_missing_required_time_or_path,0,/mnt/engg-niulab/yuyao/final_crop/s2_6time_legacy_center_zero_mask_32/all/emi20230629t044101p03007-C/neg_10_x254_y76,/mnt/engg-niulab/yuyao/final_crop/s2_6time_legacy_center_zero_mask_32/all/emi20230629t044101p03007-C/neg_10_x254_y76,/mnt/engg-niulab/yuyao/final_crop/s2_6time_legacy_center_zero_mask_32_to_224/all/emi20230629t044101p03007-C/neg_10_x254_y76/plume.tif,/mnt/engg-niulab/yuyao/final_crop/s2_6time_legacy_center_zero_mask_32_to_224/all/emi20230629t044101p03007-C/neg_10_x254_y76/plume.tif,/mnt/engg-niulab/yuyao/final_crop/s2_6time_legacy_center_zero_mask_32_to_224/all/emi20230629t044101p03007-C/neg_10_x254_y76/plume.tif,254,76,254,76,legacy_center_anchor,/mnt/engg-leung/Research_No9_Methane_Emissions/Yuyao/Dataset/plume_masks_wv3_512/emi20230629t044101p03007-C/mask_60m_512.tif,37.903739937254585,63.24212624516756,37.903739937254585,63.24212624516756,2023-06-29T04:41:01+00,2023-06-29T06:36:31.024000Z,2023-06-26T06:26:31.024000Z,2023-06-24T06:36:29.024000Z,2023-06-21T06:26:29.024000Z,,,/mnt/engg-niulab/yuyao/final_crop/s2_6time_legacy_center_zero_mask_32_to_224/all/emi20230629t044101p03007-C/neg_10_x254_y76/s2_0.tif,/mnt/engg-niulab/yuyao/final_crop/s2_6time_legacy_center_zero_mask_32_to_224/all/emi20230629t044101p03007-C/neg_10_x254_y76/s2_prev1.tif,/mnt/engg-niulab/yuyao/final_crop/s2_6time_legacy_center_zero_mask_32_to_224/all/emi20230629t044101p03007-C/neg_10_x254_y76/s2_prev2.tif,/mnt/engg-niulab/yuyao/final_crop/s2_6time_legacy_center_zero_mask_32_to_224/all/emi20230629t044101p03007-C/neg_10_x254_y76/s2_prev3.tif,/mnt/engg-niulab/yuyao/final_crop/s2_6time_legacy_center_zero_mask_32_to_224/all/emi20230629t044101p03007-C/neg_10_x254_y76/s2_seasonal.tif,/mnt/engg-niulab/yuyao/final_crop/s2_6time_legacy_center_zero_mask_32_to_224/all/emi20230629t044101p03007-C/neg_10_x254_y76/s2_year.tif,/mnt/engg-niulab/yuyao/final_crop/s2_6time_legacy_center_zero_mask_32_to_224/all/emi20230629t044101p03007-C/neg_10_x254_y76/s2_0.tif,/mnt/engg-niulab/yuyao/final_crop/s2_6time_legacy_center_zero_mask_32_to_224/all/emi20230629t044101p03007-C/neg_10_x254_y76/s2_0.tif,/mnt/engg-niulab/yuyao/final_crop/s2_6time_legacy_center_zero_mask_32_to_224/all/emi20230629t044101p03007-C/neg_10_x254_y76/s2_prev1.tif,/mnt/engg-niulab/yuyao/final_crop/s2_6time_legacy_center_zero_mask_32_to_224/all/emi20230629t044101p03007-C/neg_10_x254_y76/s2_seasonal.tif,/mnt/engg-niulab/yuyao/final_crop/s2_6time_legacy_center_zero_mask_32_to_224/all/emi20230629t044101p03007-C/neg_10_x254_y76/s2_year.tif
emi20230629t044101p03007-C,dropped_missing_required_time_or_path,0,/mnt/engg-niulab/yuyao/final_crop/s2_6time_legacy_center_zero_mask_32/all/emi20230629t044101p03007-C/neg_11_x243_y273,/mnt/engg-niulab/yuyao/final_crop/s2_6time_legacy_center_zero_mask_32/all/emi20230629t044101p03007-C/neg_11_x243_y273,/mnt/engg-niulab/yuyao/final_crop/s2_6time_legacy_center_zero_mask_32_to_224/all/emi20230629t044101p03007-C/neg_11_x243_y273/plume.tif,/mnt/engg-niulab/yuyao/final_crop/s2_6time_legacy_center_zero_mask_32_to_224/all/emi20230629t044101p03007-C/neg_11_x243_y273/plume.tif,/mnt/engg-niulab/yuyao/final_crop/s2_6time_legacy_center_zero_mask_32_to_224/all/emi20230629t044101p03007-C/neg_11_x243_y273/plume.tif,243,273,243,273,legacy_center_anchor,/mnt/engg-leung/Research_No9_Methane_Emissions/Yuyao/Dataset/plume_masks_wv3_512/emi20230629t044101p03007-C/mask_60m_512.tif,37.903739937254585,63.24212624516756,37.903739937254585,63.24212624516756,2023-06-29T04:41:01+00,2023-06-29T06:36:31.024000Z,2023-06-26T06:26:31.024000Z,2023-06-24T06:36:29.024000Z,2023-06-21T06:26:29.024000Z,,,/mnt/engg-niulab/yuyao/final_crop/s2_6time_legacy_center_zero_mask_32_to_224/all/emi20230629t044101p03007-C/neg_11_x243_y273/s2_0.tif,/mnt/engg-niulab/yuyao/final_crop/s2_6time_legacy_center_zero_mask_32_to_224/all/emi20230629t044101p03007-C/neg_11_x243_y273/s2_prev1.tif,/mnt/engg-niulab/yuyao/final_crop/s2_6time_legacy_center_zero_mask_32_to_224/all/emi20230629t044101p03007-C/neg_11_x243_y273/s2_prev2.tif,/mnt/engg-niulab/yuyao/final_crop/s2_6time_legacy_center_zero_mask_32_to_224/all/emi20230629t044101p03007-C/neg_11_x243_y273/s2_prev3.tif,/mnt/engg-niulab/yuyao/final_crop/s2_6time_legacy_center_zero_mask_32_to_224/all/emi20230629t044101p03007-C/neg_11_x243_y273/s2_seasonal.tif,/mnt/engg-niulab/yuyao/final_crop/s2_6time_legacy_center_zero_mask_32_to_224/all/emi20230629t044101p03007-C/neg_11_x243_y273/s2_year.tif,/mnt/engg-niulab/yuyao/final_crop/s2_6time_legacy_center_zero_mask_32_to_224/all/emi20230629t044101p03007-C/neg_11_x243_y273/s2_0.tif,/mnt/engg-niulab/yuyao/final_crop/s2_6time_legacy_center_zero_mask_32_to_224/all/emi20230629t044101p03007-C/neg_11_x243_y273/s2_0.tif,/mnt/engg-niulab/yuyao/final_crop/s2_6time_legacy_center_zero_mask_32_to_224/all/emi20230629t044101p03007-C/neg_11_x243_y273/s2_prev1.tif,/mnt/engg-niulab/yuyao/final_crop/s2_6time_legacy_center_zero_mask_32_to_224/all/emi20230629t044101p03007-C/neg_11_x243_y273/s2_seasonal.tif,/mnt/engg-niulab/yuyao/final_crop/s2_6time_legacy_center_zero_mask_32_to_224/all/emi20230629t044101p03007-C/neg_11_x243_y273/s2_year.tif
emi20230629t044101p03007-C,dropped_missing_required_time_or_path,0,/mnt/engg-niulab/yuyao/final_crop/s2_6time_legacy_center_zero_mask_32/all/emi20230629t044101p03007-C/neg_12_x353_y155,/mnt/engg-niulab/yuyao/final_crop/s2_6time_legacy_center_zero_mask_32/all/emi20230629t044101p03007-C/neg_12_x353_y155,/mnt/engg-niulab/yuyao/final_crop/s2_6time_legacy_center_zero_mask_32_to_224/all/emi20230629t044101p03007-C/neg_12_x353_y155/plume.tif,/mnt/engg-niulab/yuyao/final_crop/s2_6time_legacy_center_zero_mask_32_to_224/all/emi20230629t044101p03007-C/neg_12_x353_y155/plume.tif,/mnt/engg-niulab/yuyao/final_crop/s2_6time_legacy_center_zero_mask_32_to_224/all/emi20230629t044101p03007-C/neg_12_x353_y155/plume.tif,353,155,353,155,legacy_center_anchor,/mnt/engg-leung/Research_No9_Methane_Emissions/Yuyao/Dataset/plume_masks_wv3_512/emi20230629t044101p03007-C/mask_60m_512.tif,37.903739937254585,63.24212624516756,37.903739937254585,63.24212624516756,2023-06-29T04:41:01+00,2023-06-29T06:36:31.024000Z,2023-06-26T06:26:31.024000Z,2023-06-24T06:36:29.024000Z,2023-06-21T06:26:29.024000Z,,,/mnt/engg-niulab/yuyao/final_crop/s2_6time_legacy_center_zero_mask_32_to_224/all/emi20230629t044101p03007-C/neg_12_x353_y155/s2_0.tif,/mnt/engg-niulab/yuyao/final_crop/s2_6time_legacy_center_zero_mask_32_to_224/all/emi20230629t044101p03007-C/neg_12_x353_y155/s2_prev1.tif,/mnt/engg-niulab/yuyao/final_crop/s2_6time_legacy_center_zero_mask_32_to_224/all/emi20230629t044101p03007-C/neg_12_x353_y155/s2_prev2.tif,/mnt/engg-niulab/yuyao/final_crop/s2_6time_legacy_center_zero_mask_32_to_224/all/emi20230629t044101p03007-C/neg_12_x353_y155/s2_prev3.tif,/mnt/engg-niulab/yuyao/final_crop/s2_6time_legacy_center_zero_mask_32_to_224/all/emi20230629t044101p03007-C/neg_12_x353_y155/s2_seasonal.tif,/mnt/engg-niulab/yuyao/final_crop/s2_6time_legacy_center_zero_mask_32_to_224/all/emi20230629t044101p03007-C/neg_12_x353_y155/s2_year.tif,/mnt/engg-niulab/yuyao/final_crop/s2_6time_legacy_center_zero_mask_32_to_224/all/emi20230629t044101p03007-C/neg_12_x353_y155/s2_0.tif,/mnt/engg-niulab/yuyao/final_crop/s2_6time_legacy_center_zero_mask_32_to_224/all/emi20230629t044101p03007-C/neg_12_x353_y155/s2_0.tif,/mnt/engg-niulab/yuyao/final_crop/s2_6time_legacy_center_zero_mask_32_to_224/all/emi20230629t044101p03007-C/neg_12_x353_y155/s2_prev1.tif,/mnt/engg-niulab/yuyao/final_crop/s2_6time_legacy_center_zero_mask_32_to_224/all/emi20230629t044101p03007-C/neg_12_x353_y155/s2_seasonal.tif,/mnt/engg-niulab/yuyao/final_crop/s2_6time_legacy_center_zero_mask_32_to_224/all/emi20230629t044101p03007-C/neg_12_x353_y155/s2_year.tif
emi20230629t044101p03007-C,dropped_missing_required_time_or_path,0,/mnt/engg-niulab/yuyao/final_crop/s2_6time_legacy_center_zero_mask_32/all/emi20230629t044101p03007-C/neg_13_x272_y190,/mnt/engg-niulab/yuyao/final_crop/s2_6time_legacy_center_zero_mask_32/all/emi20230629t044101p03007-C/neg_13_x272_y190,/mnt/engg-niulab/yuyao/final_crop/s2_6time_legacy_center_zero_mask_32_to_224/all/emi20230629t044101p03007-C/neg_13_x272_y190/plume.tif,/mnt/engg-niulab/yuyao/final_crop/s2_6time_legacy_center_zero_mask_32_to_224/all/emi20230629t044101p03007-C/neg_13_x272_y190/plume.tif,/mnt/engg-niulab/yuyao/final_crop/s2_6time_legacy_center_zero_mask_32_to_224/all/emi20230629t044101p03007-C/neg_13_x272_y190/plume.tif,272,190,272,190,legacy_center_anchor,/mnt/engg-leung/Research_No9_Methane_Emissions/Yuyao/Dataset/plume_masks_wv3_512/emi20230629t044101p03007-C/mask_60m_512.tif,37.903739937254585,63.24212624516756,37.903739937254585,63.24212624516756,2023-06-29T04:41:01+00,2023-06-29T06:36:31.024000Z,2023-06-26T06:26:31.024000Z,2023-06-24T06:36:29.024000Z,2023-06-21T06:26:29.024000Z,,,/mnt/engg-niulab/yuyao/final_crop/s2_6time_legacy_center_zero_mask_32_to_224/all/emi20230629t044101p03007-C/neg_13_x272_y190/s2_0.tif,/mnt/engg-niulab/yuyao/final_crop/s2_6time_legacy_center_zero_mask_32_to_224/all/emi20230629t044101p03007-C/neg_13_x272_y190/s2_prev1.tif,/mnt/engg-niulab/yuyao/final_crop/s2_6time_legacy_center_zero_mask_32_to_224/all/emi20230629t044101p03007-C/neg_13_x272_y190/s2_prev2.tif,/mnt/engg-niulab/yuyao/final_crop/s2_6time_legacy_center_zero_mask_32_to_224/all/emi20230629t044101p03007-C/neg_13_x272_y190/s2_prev3.tif,/mnt/engg-niulab/yuyao/final_crop/s2_6time_legacy_center_zero_mask_32_to_224/all/emi20230629t044101p03007-C/neg_13_x272_y190/s2_seasonal.tif,/mnt/engg-niulab/yuyao/final_crop/s2_6time_legacy_center_zero_mask_32_to_224/all/emi20230629t044101p03007-C/neg_13_x272_y190/s2_year.tif,/mnt/engg-niulab/yuyao/final_crop/s2_6time_legacy_center_zero_mask_32_to_224/all/emi20230629t044101p03007-C/neg_13_x272_y190/s2_0.tif,/mnt/engg-niulab/yuyao/final_crop/s2_6time_legacy_center_zero_mask_32_to_224/all/emi20230629t044101p03007-C/neg_13_x272_y190/s2_0.tif,/mnt/engg-niulab/yuyao/final_crop/s2_6time_legacy_center_zero_mask_32_to_224/all/emi20230629t044101p03007-C/neg_13_x272_y190/s2_prev1.tif,/mnt/engg-niulab/yuyao/final_crop/s2_6time_legacy_center_zero_mask_32_to_224/all/emi20230629t044101p03007-C/neg_13_x272_y190/s2_seasonal.tif,/mnt/engg-niulab/yuyao/final_crop/s2_6time_legacy_center_zero_mask_32_to_224/all/emi20230629t044101p03007-C/neg_13_x272_y190/s2_year.tif
emi20230629t044101p03007-C,dropped_missing_required_time_or_path,0,/mnt/engg-niulab/yuyao/final_crop/s2_6time_legacy_center_zero_mask_32/all/emi20230629t044101p03007-C/neg_14_x131_y151,/mnt/engg-niulab/yuyao/final_crop/s2_6time_legacy_center_zero_mask_32/all/emi20230629t044101p03007-C/neg_14_x131_y151,/mnt/engg-niulab/yuyao/final_crop/s2_6time_legacy_center_zero_mask_32_to_224/all/emi20230629t044101p03007-C/neg_14_x131_y151/plume.tif,/mnt/engg-niulab/yuyao/final_crop/s2_6time_legacy_center_zero_mask_32_to_224/all/emi20230629t044101p03007-C/neg_14_x131_y151/plume.tif,/mnt/engg-niulab/yuyao/final_crop/s2_6time_legacy_center_zero_mask_32_to_224/all/emi20230629t044101p03007-C/neg_14_x131_y151/plume.tif,131,151,131,151,legacy_center_anchor,/mnt/engg-leung/Research_No9_Methane_Emissions/Yuyao/Dataset/plume_masks_wv3_512/emi20230629t044101p03007-C/mask_60m_512.tif,37.903739937254585,63.24212624516756,37.903739937254585,63.24212624516756,2023-06-29T04:41:01+00,2023-06-29T06:36:31.024000Z,2023-06-26T06:26:31.024000Z,2023-06-24T06:36:29.024000Z,2023-06-21T06:26:29.024000Z,,,/mnt/engg-niulab/yuyao/final_crop/s2_6time_legacy_center_zero_mask_32_to_224/all/emi20230629t044101p03007-C/neg_14_x131_y151/s2_0.tif,/mnt/engg-niulab/yuyao/final_crop/s2_6time_legacy_center_zero_mask_32_to_224/all/emi20230629t044101p03007-C/neg_14_x131_y151/s2_prev1.tif,/mnt/engg-niulab/yuyao/final_crop/s2_6time_legacy_center_zero_mask_32_to_224/all/emi20230629t044101p03007-C/neg_14_x131_y151/s2_prev2.tif,/mnt/engg-niulab/yuyao/final_crop/s2_6time_legacy_center_zero_mask_32_to_224/all/emi20230629t044101p03007-C/neg_14_x131_y151/s2_prev3.tif,/mnt/engg-niulab/yuyao/final_crop/s2_6time_legacy_center_zero_mask_32_to_224/all/emi20230629t044101p03007-C/neg_14_x131_y151/s2_seasonal.tif,/mnt/engg-niulab/yuyao/final_crop/s2_6time_legacy_center_zero_mask_32_to_224/all/emi20230629t044101p03007-C/neg_14_x131_y151/s2_year.tif,/mnt/engg-niulab/yuyao/final_crop/s2_6time_legacy_center_zero_mask_32_to_224/all/emi20230629t044101p03007-C/neg_14_x131_y151/s2_0.tif,/mnt/engg-niulab/yuyao/final_crop/s2_6time_legacy_center_zero_mask_32_to_224/all/emi20230629t044101p03007-C/neg_14_x131_y151/s2_0.tif,/mnt/engg-niulab/yuyao/final_crop/s2_6time_legacy_center_zero_mask_32_to_224/all/emi20230629t044101p03007-C/neg_14_x131_y151/s2_prev1.tif,/mnt/engg-niulab/yuyao/final_crop/s2_6time_legacy_center_zero_mask_32_to_224/all/emi20230629t044101p03007-C/neg_14_x131_y151/s2_seasonal.tif,/mnt/engg-niulab/yuyao/final_crop/s2_6time_legacy_center_zero_mask_32_to_224/all/emi20230629t044101p03007-C/neg_14_x131_y151/s2_year.tif
emi20230629t044101p03007-C,dropped_missing_required_time_or_path,0,/mnt/engg-niulab/yuyao/final_crop/s2_6time_legacy_center_zero_mask_32/all/emi20230629t044101p03007-C/neg_15_x108_y224,/mnt/engg-niulab/yuyao/final_crop/s2_6time_legacy_center_zero_mask_32/all/emi20230629t044101p03007-C/neg_15_x108_y224,/mnt/engg-niulab/yuyao/final_crop/s2_6time_legacy_center_zero_mask_32_to_224/all/emi20230629t044101p03007-C/neg_15_x108_y224/plume.tif,/mnt/engg-niulab/yuyao/final_crop/s2_6time_legacy_center_zero_mask_32_to_224/all/emi20230629t044101p03007-C/neg_15_x108_y224/plume.tif,/mnt/engg-niulab/yuyao/final_crop/s2_6time_legacy_center_zero_mask_32_to_224/all/emi20230629t044101p03007-C/neg_15_x108_y224/plume.tif,108,224,108,224,legacy_center_anchor,/mnt/engg-leung/Research_No9_Methane_Emissions/Yuyao/Dataset/plume_masks_wv3_512/emi20230629t044101p03007-C/mask_60m_512.tif,37.903739937254585,63.24212624516756,37.903739937254585,63.24212624516756,2023-06-29T04:41:01+00,2023-06-29T06:36:31.024000Z,2023-06-26T06:26:31.024000Z,2023-06-24T06:36:29.024000Z,2023-06-21T06:26:29.024000Z,,,/mnt/engg-niulab/yuyao/final_crop/s2_6time_legacy_center_zero_mask_32_to_224/all/emi20230629t044101p03007-C/neg_15_x108_y224/s2_0.tif,/mnt/engg-niulab/yuyao/final_crop/s2_6time_legacy_center_zero_mask_32_to_224/all/emi20230629t044101p03007-C/neg_15_x108_y224/s2_prev1.tif,/mnt/engg-niulab/yuyao/final_crop/s2_6time_legacy_center_zero_mask_32_to_224/all/emi20230629t044101p03007-C/neg_15_x108_y224/s2_prev2.tif,/mnt/engg-niulab/yuyao/final_crop/s2_6time_legacy_center_zero_mask_32_to_224/all/emi20230629t044101p03007-C/neg_15_x108_y224/s2_prev3.tif,/mnt/engg-niulab/yuyao/final_crop/s2_6time_legacy_center_zero_mask_32_to_224/all/emi20230629t044101p03007-C/neg_15_x108_y224/s2_seasonal.tif,/mnt/engg-niulab/yuyao/final_crop/s2_6time_legacy_center_zero_mask_32_to_224/all/emi20230629t044101p03007-C/neg_15_x108_y224/s2_year.tif,/mnt/engg-niulab/yuyao/final_crop/s2_6time_legacy_center_zero_mask_32_to_224/all/emi20230629t044101p03007-C/neg_15_x108_y224/s2_0.tif,/mnt/engg-niulab/yuyao/final_crop/s2_6time_legacy_center_zero_mask_32_to_224/all/emi20230629t044101p03007-C/neg_15_x108_y224/s2_0.tif,/mnt/engg-niulab/yuyao/final_crop/s2_6time_legacy_center_zero_mask_32_to_224/all/emi20230629t044101p03007-C/neg_15_x108_y224/s2_prev1.tif,/mnt/engg-niulab/yuyao/final_crop/s2_6time_legacy_center_zero_mask_32_to_224/all/emi20230629t044101p03007-C/neg_15_x108_y224/s2_seasonal.tif,/mnt/engg-niulab/yuyao/final_crop/s2_6time_legacy_center_zero_mask_32_to_224/all/emi20230629t044101p03007-C/neg_15_x108_y224/s2_year.tif
emi20231224t174522p12005-A,dropped_missing_required_time_or_path,1,/mnt/engg-niulab/yuyao/final_crop/s2_6time_legacy_center_zero_mask_32/all/emi20231224t174522p12005-A/pos_00_x251_y242,/mnt/engg-niulab/yuyao/final_crop/s2_6time_legacy_center_zero_mask_32/all/emi20231224t174522p12005-A/pos_00_x251_y242,/mnt/engg-niulab/yuyao/final_crop/s2_6time_legacy_center_zero_mask_32_to_224/all/emi20231224t174522p12005-A/pos_00_x251_y242/plume.tif,/mnt/engg-niulab/yuyao/final_crop/s2_6time_legacy_center_zero_mask_32_to_224/all/emi20231224t174522p12005-A/pos_00_x251_y242/plume.tif,/mnt/engg-niulab/yuyao/final_crop/s2_6time_legacy_center_zero_mask_32_to_224/all/emi20231224t174522p12005-A/pos_00_x251_y242/plume.tif,251,242,251,242,legacy_center_anchor,/mnt/engg-leung/Research_No9_Methane_Emissions/Yuyao/Dataset/plume_masks_wv3_512/emi20231224t174522p12005-A/mask_60m_512.tif,32.49196939677063,-104.2750956948588,32.49196939677063,-104.2750956948588,2023-12-24T17:45:22+00,2023-12-24T17:47:41.024000Z,2023-12-21T17:37:31.024000Z,2023-12-16T17:37:39.024000Z,2023-12-11T17:37:21.024000Z,,,/mnt/engg-niulab/yuyao/final_crop/s2_6time_legacy_center_zero_mask_32_to_224/all/emi20231224t174522p12005-A/pos_00_x251_y242/s2_0.tif,/mnt/engg-niulab/yuyao/final_crop/s2_6time_legacy_center_zero_mask_32_to_224/all/emi20231224t174522p12005-A/pos_00_x251_y242/s2_prev1.tif,/mnt/engg-niulab/yuyao/final_crop/s2_6time_legacy_center_zero_mask_32_to_224/all/emi20231224t174522p12005-A/pos_00_x251_y242/s2_prev2.tif,/mnt/engg-niulab/yuyao/final_crop/s2_6time_legacy_center_zero_mask_32_to_224/all/emi20231224t174522p12005-A/pos_00_x251_y242/s2_prev3.tif,/mnt/engg-niulab/yuyao/final_crop/s2_6time_legacy_center_zero_mask_32_to_224/all/emi20231224t174522p12005-A/pos_00_x251_y242/s2_seasonal.tif,/mnt/engg-niulab/yuyao/final_crop/s2_6time_legacy_center_zero_mask_32_to_224/all/emi20231224t174522p12005-A/pos_00_x251_y242/s2_year.tif,/mnt/engg-niulab/yuyao/final_crop/s2_6time_legacy_center_zero_mask_32_to_224/all/emi20231224t174522p12005-A/pos_00_x251_y242/s2_0.tif,/mnt/engg-niulab/yuyao/final_crop/s2_6time_legacy_center_zero_mask_32_to_224/all/emi20231224t174522p12005-A/pos_00_x251_y242/s2_0.tif,/mnt/engg-niulab/yuyao/final_crop/s2_6time_legacy_center_zero_mask_32_to_224/all/emi20231224t174522p12005-A/pos_00_x251_y242/s2_prev1.tif,/mnt/engg-niulab/yuyao/final_crop/s2_6time_legacy_center_zero_mask_32_to_224/all/emi20231224t174522p12005-A/pos_00_x251_y242/s2_seasonal.tif,/mnt/engg-niulab/yuyao/final_crop/s2_6time_legacy_center_zero_mask_32_to_224/all/emi20231224t174522p12005-A/pos_00_x251_y242/s2_year.tif
emi20231224t174522p12005-A,dropped_missing_required_time_or_path,1,/mnt/engg-niulab/yuyao/final_crop/s2_6time_legacy_center_zero_mask_32/all/emi20231224t174522p12005-A/pos_01_x228_y249,/mnt/engg-niulab/yuyao/final_crop/s2_6time_legacy_center_zero_mask_32/all/emi20231224t174522p12005-A/pos_01_x228_y249,/mnt/engg-niulab/yuyao/final_crop/s2_6time_legacy_center_zero_mask_32_to_224/all/emi20231224t174522p12005-A/pos_01_x228_y249/plume.tif,/mnt/engg-niulab/yuyao/final_crop/s2_6time_legacy_center_zero_mask_32_to_224/all/emi20231224t174522p12005-A/pos_01_x228_y249/plume.tif,/mnt/engg-niulab/yuyao/final_crop/s2_6time_legacy_center_zero_mask_32_to_224/all/emi20231224t174522p12005-A/pos_01_x228_y249/plume.tif,228,249,228,249,legacy_center_anchor,/mnt/engg-leung/Research_No9_Methane_Emissions/Yuyao/Dataset/plume_masks_wv3_512/emi20231224t174522p12005-A/mask_60m_512.tif,32.49196939677063,-104.2750956948588,32.49196939677063,-104.2750956948588,2023-12-24T17:45:22+00,2023-12-24T17:47:41.024000Z,2023-12-21T17:37:31.024000Z,2023-12-16T17:37:39.024000Z,2023-12-11T17:37:21.024000Z,,,/mnt/engg-niulab/yuyao/final_crop/s2_6time_legacy_center_zero_mask_32_to_224/all/emi20231224t174522p12005-A/pos_01_x228_y249/s2_0.tif,/mnt/engg-niulab/yuyao/final_crop/s2_6time_legacy_center_zero_mask_32_to_224/all/emi20231224t174522p12005-A/pos_01_x228_y249/s2_prev1.tif,/mnt/engg-niulab/yuyao/final_crop/s2_6time_legacy_center_zero_mask_32_to_224/all/emi20231224t174522p12005-A/pos_01_x228_y249/s2_prev2.tif,/mnt/engg-niulab/yuyao/final_crop/s2_6time_legacy_center_zero_mask_32_to_224/all/emi20231224t174522p12005-A/pos_01_x228_y249/s2_prev3.tif,/mnt/engg-niulab/yuyao/final_crop/s2_6time_legacy_center_zero_mask_32_to_224/all/emi20231224t174522p12005-A/pos_01_x228_y249/s2_seasonal.tif,/mnt/engg-niulab/yuyao/final_crop/s2_6time_legacy_center_zero_mask_32_to_224/all/emi20231224t174522p12005-A/pos_01_x228_y249/s2_year.tif,/mnt/engg-niulab/yuyao/final_crop/s2_6time_legacy_center_zero_mask_32_to_224/all/emi20231224t174522p12005-A/pos_01_x228_y249/s2_0.tif,/mnt/engg-niulab/yuyao/final_crop/s2_6time_legacy_center_zero_mask_32_to_224/all/emi20231224t174522p12005-A/pos_01_x228_y249/s2_0.tif,/mnt/engg-niulab/yuyao/final_crop/s2_6time_legacy_center_zero_mask_32_to_224/all/emi20231224t174522p12005-A/pos_01_x228_y249/s2_prev1.tif,/mnt/engg-niulab/yuyao/final_crop/s2_6time_legacy_center_zero_mask_32_to_224/all/emi20231224t174522p12005-A/pos_01_x228_y249/s2_seasonal.tif,/mnt/engg-niulab/yuyao/final_crop/s2_6time_legacy_center_zero_mask_32_to_224/all/emi20231224t174522p12005-A/pos_01_x228_y249/s2_year.tif
emi20231224t174522p12005-A,dropped_missing_required_time_or_path,1,/mnt/engg-niulab/yuyao/final_crop/s2_6time_legacy_center_zero_mask_32/all/emi20231224t174522p12005-A/pos_02_x225_y244,/mnt/engg-niulab/yuyao/final_crop/s2_6time_legacy_center_zero_mask_32/all/emi20231224t174522p12005-A/pos_02_x225_y244,/mnt/engg-niulab/yuyao/final_crop/s2_6time_legacy_center_zero_mask_32_to_224/all/emi20231224t174522p12005-A/pos_02_x225_y244/plume.tif,/mnt/engg-niulab/yuyao/final_crop/s2_6time_legacy_center_zero_mask_32_to_224/all/emi20231224t174522p12005-A/pos_02_x225_y244/plume.tif,/mnt/engg-niulab/yuyao/final_crop/s2_6time_legacy_center_zero_mask_32_to_224/all/emi20231224t174522p12005-A/pos_02_x225_y244/plume.tif,225,244,225,244,legacy_center_anchor,/mnt/engg-leung/Research_No9_Methane_Emissions/Yuyao/Dataset/plume_masks_wv3_512/emi20231224t174522p12005-A/mask_60m_512.tif,32.49196939677063,-104.2750956948588,32.49196939677063,-104.2750956948588,2023-12-24T17:45:22+00,2023-12-24T17:47:41.024000Z,2023-12-21T17:37:31.024000Z,2023-12-16T17:37:39.024000Z,2023-12-11T17:37:21.024000Z,,,/mnt/engg-niulab/yuyao/final_crop/s2_6time_legacy_center_zero_mask_32_to_224/all/emi20231224t174522p12005-A/pos_02_x225_y244/s2_0.tif,/mnt/engg-niulab/yuyao/final_crop/s2_6time_legacy_center_zero_mask_32_to_224/all/emi20231224t174522p12005-A/pos_02_x225_y244/s2_prev1.tif,/mnt/engg-niulab/yuyao/final_crop/s2_6time_legacy_center_zero_mask_32_to_224/all/emi20231224t174522p12005-A/pos_02_x225_y244/s2_prev2.tif,/mnt/engg-niulab/yuyao/final_crop/s2_6time_legacy_center_zero_mask_32_to_224/all/emi20231224t174522p12005-A/pos_02_x225_y244/s2_prev3.tif,/mnt/engg-niulab/yuyao/final_crop/s2_6time_legacy_center_zero_mask_32_to_224/all/emi20231224t174522p12005-A/pos_02_x225_y244/s2_seasonal.tif,/mnt/engg-niulab/yuyao/final_crop/s2_6time_legacy_center_zero_mask_32_to_224/all/emi20231224t174522p12005-A/pos_02_x225_y244/s2_year.tif,/mnt/engg-niulab/yuyao/final_crop/s2_6time_legacy_center_zero_mask_32_to_224/all/emi20231224t174522p12005-A/pos_02_x225_y244/s2_0.tif,/mnt/engg-niulab/yuyao/final_crop/s2_6time_legacy_center_zero_mask_32_to_224/all/emi20231224t174522p12005-A/pos_02_x225_y244/s2_0.tif,/mnt/engg-niulab/yuyao/final_crop/s2_6time_legacy_center_zero_mask_32_to_224/all/emi20231224t174522p12005-A/pos_02_x225_y244/s2_prev1.tif,/mnt/engg-niulab/yuyao/final_crop/s2_6time_legacy_center_zero_mask_32_to_224/all/emi20231224t174522p12005-A/pos_02_x225_y244/s2_seasonal.tif,/mnt/engg-niulab/yuyao/final_crop/s2_6time_legacy_center_zero_mask_32_to_224/all/emi20231224t174522p12005-A/pos_02_x225_y244/s2_year.tif
emi20231224t174522p12005-A,dropped_missing_required_time_or_path,1,/mnt/engg-niulab/yuyao/final_crop/s2_6time_legacy_center_zero_mask_32/all/emi20231224t174522p12005-A/pos_03_x253_y250,/mnt/engg-niulab/yuyao/final_crop/s2_6time_legacy_center_zero_mask_32/all/emi20231224t174522p12005-A/pos_03_x253_y250,/mnt/engg-niulab/yuyao/final_crop/s2_6time_legacy_center_zero_mask_32_to_224/all/emi20231224t174522p12005-A/pos_03_x253_y250/plume.tif,/mnt/engg-niulab/yuyao/final_crop/s2_6time_legacy_center_zero_mask_32_to_224/all/emi20231224t174522p12005-A/pos_03_x253_y250/plume.tif,/mnt/engg-niulab/yuyao/final_crop/s2_6time_legacy_center_zero_mask_32_to_224/all/emi20231224t174522p12005-A/pos_03_x253_y250/plume.tif,253,250,253,250,legacy_center_anchor,/mnt/engg-leung/Research_No9_Methane_Emissions/Yuyao/Dataset/plume_masks_wv3_512/emi20231224t174522p12005-A/mask_60m_512.tif,32.49196939677063,-104.2750956948588,32.49196939677063,-104.2750956948588,2023-12-24T17:45:22+00,2023-12-24T17:47:41.024000Z,2023-12-21T17:37:31.024000Z,2023-12-16T17:37:39.024000Z,2023-12-11T17:37:21.024000Z,,,/mnt/engg-niulab/yuyao/final_crop/s2_6time_legacy_center_zero_mask_32_to_224/all/emi20231224t174522p12005-A/pos_03_x253_y250/s2_0.tif,/mnt/engg-niulab/yuyao/final_crop/s2_6time_legacy_center_zero_mask_32_to_224/all/emi20231224t174522p12005-A/pos_03_x253_y250/s2_prev1.tif,/mnt/engg-niulab/yuyao/final_crop/s2_6time_legacy_center_zero_mask_32_to_224/all/emi20231224t174522p12005-A/pos_03_x253_y250/s2_prev2.tif,/mnt/engg-niulab/yuyao/final_crop/s2_6time_legacy_center_zero_mask_32_to_224/all/emi20231224t174522p12005-A/pos_03_x253_y250/s2_prev3.tif,/mnt/engg-niulab/yuyao/final_crop/s2_6time_legacy_center_zero_mask_32_to_224/all/emi20231224t174522p12005-A/pos_03_x253_y250/s2_seasonal.tif,/mnt/engg-niulab/yuyao/final_crop/s2_6time_legacy_center_zero_mask_32_to_224/all/emi20231224t174522p12005-A/pos_03_x253_y250/s2_year.tif,/mnt/engg-niulab/yuyao/final_crop/s2_6time_legacy_center_zero_mask_32_to_224/all/emi20231224t174522p12005-A/pos_03_x253_y250/s2_0.tif,/mnt/engg-niulab/yuyao/final_crop/s2_6time_legacy_center_zero_mask_32_to_224/all/emi20231224t174522p12005-A/pos_03_x253_y250/s2_0.tif,/mnt/engg-niulab/yuyao/final_crop/s2_6time_legacy_center_zero_mask_32_to_224/all/emi20231224t174522p12005-A/pos_03_x253_y250/s2_prev1.tif,/mnt/engg-niulab/yuyao/final_crop/s2_6time_legacy_center_zero_mask_32_to_224/all/emi20231224t174522p12005-A/pos_03_x253_y250/s2_seasonal.tif,/mnt/engg-niulab/yuyao/final_crop/s2_6time_legacy_center_zero_mask_32_to_224/all/emi20231224t174522p12005-A/pos_03_x253_y250/s2_year.tif
emi20231224t174522p12005-A,dropped_missing_required_time_or_path,1,/mnt/engg-niulab/yuyao/final_crop/s2_6time_legacy_center_zero_mask_32/all/emi20231224t174522p12005-A/pos_04_x239_y235,/mnt/engg-niulab/yuyao/final_crop/s2_6time_legacy_center_zero_mask_32/all/emi20231224t174522p12005-A/pos_04_x239_y235,/mnt/engg-niulab/yuyao/final_crop/s2_6time_legacy_center_zero_mask_32_to_224/all/emi20231224t174522p12005-A/pos_04_x239_y235/plume.tif,/mnt/engg-niulab/yuyao/final_crop/s2_6time_legacy_center_zero_mask_32_to_224/all/emi20231224t174522p12005-A/pos_04_x239_y235/plume.tif,/mnt/engg-niulab/yuyao/final_crop/s2_6time_legacy_center_zero_mask_32_to_224/all/emi20231224t174522p12005-A/pos_04_x239_y235/plume.tif,239,235,239,235,legacy_center_anchor,/mnt/engg-leung/Research_No9_Methane_Emissions/Yuyao/Dataset/plume_masks_wv3_512/emi20231224t174522p12005-A/mask_60m_512.tif,32.49196939677063,-104.2750956948588,32.49196939677063,-104.2750956948588,2023-12-24T17:45:22+00,2023-12-24T17:47:41.024000Z,2023-12-21T17:37:31.024000Z,2023-12-16T17:37:39.024000Z,2023-12-11T17:37:21.024000Z,,,/mnt/engg-niulab/yuyao/final_crop/s2_6time_legacy_center_zero_mask_32_to_224/all/emi20231224t174522p12005-A/pos_04_x239_y235/s2_0.tif,/mnt/engg-niulab/yuyao/final_crop/s2_6time_legacy_center_zero_mask_32_to_224/all/emi20231224t174522p12005-A/pos_04_x239_y235/s2_prev1.tif,/mnt/engg-niulab/yuyao/final_crop/s2_6time_legacy_center_zero_mask_32_to_224/all/emi20231224t174522p12005-A/pos_04_x239_y235/s2_prev2.tif,/mnt/engg-niulab/yuyao/final_crop/s2_6time_legacy_center_zero_mask_32_to_224/all/emi20231224t174522p12005-A/pos_04_x239_y235/s2_prev3.tif,/mnt/engg-niulab/yuyao/final_crop/s2_6time_legacy_center_zero_mask_32_to_224/all/emi20231224t174522p12005-A/pos_04_x239_y235/s2_seasonal.tif,/mnt/engg-niulab/yuyao/final_crop/s2_6time_legacy_center_zero_mask_32_to_224/all/emi20231224t174522p12005-A/pos_04_x239_y235/s2_year.tif,/mnt/engg-niulab/yuyao/final_crop/s2_6time_legacy_center_zero_mask_32_to_224/all/emi20231224t174522p12005-A/pos_04_x239_y235/s2_0.tif,/mnt/engg-niulab/yuyao/final_crop/s2_6time_legacy_center_zero_mask_32_to_224/all/emi20231224t174522p12005-A/pos_04_x239_y235/s2_0.tif,/mnt/engg-niulab/yuyao/final_crop/s2_6time_legacy_center_zero_mask_32_to_224/all/emi20231224t174522p12005-A/pos_04_x239_y235/s2_prev1.tif,/mnt/engg-niulab/yuyao/final_crop/s2_6time_legacy_center_zero_mask_32_to_224/all/emi20231224t174522p12005-A/pos_04_x239_y235/s2_seasonal.tif,/mnt/engg-niulab/yuyao/final_crop/s2_6time_legacy_center_zero_mask_32_to_224/all/emi20231224t174522p12005-A/pos_04_x239_y235/s2_year.tif
emi20231224t174522p12005-A,dropped_missing_required_time_or_path,1,/mnt/engg-niulab/yuyao/final_crop/s2_6time_legacy_center_zero_mask_32/all/emi20231224t174522p12005-A/pos_05_x251_y247,/mnt/engg-niulab/yuyao/final_crop/s2_6time_legacy_center_zero_mask_32/all/emi20231224t174522p12005-A/pos_05_x251_y247,/mnt/engg-niulab/yuyao/final_crop/s2_6time_legacy_center_zero_mask_32_to_224/all/emi20231224t174522p12005-A/pos_05_x251_y247/plume.tif,/mnt/engg-niulab/yuyao/final_crop/s2_6time_legacy_center_zero_mask_32_to_224/all/emi20231224t174522p12005-A/pos_05_x251_y247/plume.tif,/mnt/engg-niulab/yuyao/final_crop/s2_6time_legacy_center_zero_mask_32_to_224/all/emi20231224t174522p12005-A/pos_05_x251_y247/plume.tif,251,247,251,247,legacy_center_anchor,/mnt/engg-leung/Research_No9_Methane_Emissions/Yuyao/Dataset/plume_masks_wv3_512/emi20231224t174522p12005-A/mask_60m_512.tif,32.49196939677063,-104.2750956948588,32.49196939677063,-104.2750956948588,2023-12-24T17:45:22+00,2023-12-24T17:47:41.024000Z,2023-12-21T17:37:31.024000Z,2023-12-16T17:37:39.024000Z,2023-12-11T17:37:21.024000Z,,,/mnt/engg-niulab/yuyao/final_crop/s2_6time_legacy_center_zero_mask_32_to_224/all/emi20231224t174522p12005-A/pos_05_x251_y247/s2_0.tif,/mnt/engg-niulab/yuyao/final_crop/s2_6time_legacy_center_zero_mask_32_to_224/all/emi20231224t174522p12005-A/pos_05_x251_y247/s2_prev1.tif,/mnt/engg-niulab/yuyao/final_crop/s2_6time_legacy_center_zero_mask_32_to_224/all/emi20231224t174522p12005-A/pos_05_x251_y247/s2_prev2.tif,/mnt/engg-niulab/yuyao/final_crop/s2_6time_legacy_center_zero_mask_32_to_224/all/emi20231224t174522p12005-A/pos_05_x251_y247/s2_prev3.tif,/mnt/engg-niulab/yuyao/final_crop/s2_6time_legacy_center_zero_mask_32_to_224/all/emi20231224t174522p12005-A/pos_05_x251_y247/s2_seasonal.tif,/mnt/engg-niulab/yuyao/final_crop/s2_6time_legacy_center_zero_mask_32_to_224/all/emi20231224t174522p12005-A/pos_05_x251_y247/s2_year.tif,/mnt/engg-niulab/yuyao/final_crop/s2_6time_legacy_center_zero_mask_32_to_224/all/emi20231224t174522p12005-A/pos_05_x251_y247/s2_0.tif,/mnt/engg-niulab/yuyao/final_crop/s2_6time_legacy_center_zero_mask_32_to_224/all/emi20231224t174522p12005-A/pos_05_x251_y247/s2_0.tif,/mnt/engg-niulab/yuyao/final_crop/s2_6time_legacy_center_zero_mask_32_to_224/all/emi20231224t174522p12005-A/pos_05_x251_y247/s2_prev1.tif,/mnt/engg-niulab/yuyao/final_crop/s2_6time_legacy_center_zero_mask_32_to_224/all/emi20231224t174522p12005-A/pos_05_x251_y247/s2_seasonal.tif,/mnt/engg-niulab/yuyao/final_crop/s2_6time_legacy_center_zero_mask_32_to_224/all/emi20231224t174522p12005-A/pos_05_x251_y247/s2_year.tif
emi20231224t174522p12005-A,dropped_missing_required_time_or_path,1,/mnt/engg-niulab/yuyao/final_crop/s2_6time_legacy_center_zero_mask_32/all/emi20231224t174522p12005-A/pos_06_x249_y230,/mnt/engg-niulab/yuyao/final_crop/s2_6time_legacy_center_zero_mask_32/all/emi20231224t174522p12005-A/pos_06_x249_y230,/mnt/engg-niulab/yuyao/final_crop/s2_6time_legacy_center_zero_mask_32_to_224/all/emi20231224t174522p12005-A/pos_06_x249_y230/plume.tif,/mnt/engg-niulab/yuyao/final_crop/s2_6time_legacy_center_zero_mask_32_to_224/all/emi20231224t174522p12005-A/pos_06_x249_y230/plume.tif,/mnt/engg-niulab/yuyao/final_crop/s2_6time_legacy_center_zero_mask_32_to_224/all/emi20231224t174522p12005-A/pos_06_x249_y230/plume.tif,249,230,249,230,legacy_center_anchor,/mnt/engg-leung/Research_No9_Methane_Emissions/Yuyao/Dataset/plume_masks_wv3_512/emi20231224t174522p12005-A/mask_60m_512.tif,32.49196939677063,-104.2750956948588,32.49196939677063,-104.2750956948588,2023-12-24T17:45:22+00,2023-12-24T17:47:41.024000Z,2023-12-21T17:37:31.024000Z,2023-12-16T17:37:39.024000Z,2023-12-11T17:37:21.024000Z,,,/mnt/engg-niulab/yuyao/final_crop/s2_6time_legacy_center_zero_mask_32_to_224/all/emi20231224t174522p12005-A/pos_06_x249_y230/s2_0.tif,/mnt/engg-niulab/yuyao/final_crop/s2_6time_legacy_center_zero_mask_32_to_224/all/emi20231224t174522p12005-A/pos_06_x249_y230/s2_prev1.tif,/mnt/engg-niulab/yuyao/final_crop/s2_6time_legacy_center_zero_mask_32_to_224/all/emi20231224t174522p12005-A/pos_06_x249_y230/s2_prev2.tif,/mnt/engg-niulab/yuyao/final_crop/s2_6time_legacy_center_zero_mask_32_to_224/all/emi20231224t174522p12005-A/pos_06_x249_y230/s2_prev3.tif,/mnt/engg-niulab/yuyao/final_crop/s2_6time_legacy_center_zero_mask_32_to_224/all/emi20231224t174522p12005-A/pos_06_x249_y230/s2_seasonal.tif,/mnt/engg-niulab/yuyao/final_crop/s2_6time_legacy_center_zero_mask_32_to_224/all/emi20231224t174522p12005-A/pos_06_x249_y230/s2_year.tif,/mnt/engg-niulab/yuyao/final_crop/s2_6time_legacy_center_zero_mask_32_to_224/all/emi20231224t174522p12005-A/pos_06_x249_y230/s2_0.tif,/mnt/engg-niulab/yuyao/final_crop/s2_6time_legacy_center_zero_mask_32_to_224/all/emi20231224t174522p12005-A/pos_06_x249_y230/s2_0.tif,/mnt/engg-niulab/yuyao/final_crop/s2_6time_legacy_center_zero_mask_32_to_224/all/emi20231224t174522p12005-A/pos_06_x249_y230/s2_prev1.tif,/mnt/engg-niulab/yuyao/final_crop/s2_6time_legacy_center_zero_mask_32_to_224/all/emi20231224t174522p12005-A/pos_06_x249_y230/s2_seasonal.tif,/mnt/engg-niulab/yuyao/final_crop/s2_6time_legacy_center_zero_mask_32_to_224/all/emi20231224t174522p12005-A/pos_06_x249_y230/s2_year.tif
emi20231224t174522p12005-A,dropped_missing_required_time_or_path,1,/mnt/engg-niulab/yuyao/final_crop/s2_6time_legacy_center_zero_mask_32/all/emi20231224t174522p12005-A/pos_07_x227_y251,/mnt/engg-niulab/yuyao/final_crop/s2_6time_legacy_center_zero_mask_32/all/emi20231224t174522p12005-A/pos_07_x227_y251,/mnt/engg-niulab/yuyao/final_crop/s2_6time_legacy_center_zero_mask_32_to_224/all/emi20231224t174522p12005-A/pos_07_x227_y251/plume.tif,/mnt/engg-niulab/yuyao/final_crop/s2_6time_legacy_center_zero_mask_32_to_224/all/emi20231224t174522p12005-A/pos_07_x227_y251/plume.tif,/mnt/engg-niulab/yuyao/final_crop/s2_6time_legacy_center_zero_mask_32_to_224/all/emi20231224t174522p12005-A/pos_07_x227_y251/plume.tif,227,251,227,251,legacy_center_anchor,/mnt/engg-leung/Research_No9_Methane_Emissions/Yuyao/Dataset/plume_masks_wv3_512/emi20231224t174522p12005-A/mask_60m_512.tif,32.49196939677063,-104.2750956948588,32.49196939677063,-104.2750956948588,2023-12-24T17:45:22+00,2023-12-24T17:47:41.024000Z,2023-12-21T17:37:31.024000Z,2023-12-16T17:37:39.024000Z,2023-12-11T17:37:21.024000Z,,,/mnt/engg-niulab/yuyao/final_crop/s2_6time_legacy_center_zero_mask_32_to_224/all/emi20231224t174522p12005-A/pos_07_x227_y251/s2_0.tif,/mnt/engg-niulab/yuyao/final_crop/s2_6time_legacy_center_zero_mask_32_to_224/all/emi20231224t174522p12005-A/pos_07_x227_y251/s2_prev1.tif,/mnt/engg-niulab/yuyao/final_crop/s2_6time_legacy_center_zero_mask_32_to_224/all/emi20231224t174522p12005-A/pos_07_x227_y251/s2_prev2.tif,/mnt/engg-niulab/yuyao/final_crop/s2_6time_legacy_center_zero_mask_32_to_224/all/emi20231224t174522p12005-A/pos_07_x227_y251/s2_prev3.tif,/mnt/engg-niulab/yuyao/final_crop/s2_6time_legacy_center_zero_mask_32_to_224/all/emi20231224t174522p12005-A/pos_07_x227_y251/s2_seasonal.tif,/mnt/engg-niulab/yuyao/final_crop/s2_6time_legacy_center_zero_mask_32_to_224/all/emi20231224t174522p12005-A/pos_07_x227_y251/s2_year.tif,/mnt/engg-niulab/yuyao/final_crop/s2_6time_legacy_center_zero_mask_32_to_224/all/emi20231224t174522p12005-A/pos_07_x227_y251/s2_0.tif,/mnt/engg-niulab/yuyao/final_crop/s2_6time_legacy_center_zero_mask_32_to_224/all/emi20231224t174522p12005-A/pos_07_x227_y251/s2_0.tif,/mnt/engg-niulab/yuyao/final_crop/s2_6time_legacy_center_zero_mask_32_to_224/all/emi20231224t174522p12005-A/pos_07_x227_y251/s2_prev1.tif,/mnt/engg-niulab/yuyao/final_crop/s2_6time_legacy_center_zero_mask_32_to_224/all/emi20231224t174522p12005-A/pos_07_x227_y251/s2_seasonal.tif,/mnt/engg-niulab/yuyao/final_crop/s2_6time_legacy_center_zero_mask_32_to_224/all/emi20231224t174522p12005-A/pos_07_x227_y251/s2_year.tif
emi20231224t174522p12005-A,dropped_missing_required_time_or_path,1,/mnt/engg-niulab/yuyao/final_crop/s2_6time_legacy_center_zero_mask_32/all/emi20231224t174522p12005-A/pos_08_x254_y231,/mnt/engg-niulab/yuyao/final_crop/s2_6time_legacy_center_zero_mask_32/all/emi20231224t174522p12005-A/pos_08_x254_y231,/mnt/engg-niulab/yuyao/final_crop/s2_6time_legacy_center_zero_mask_32_to_224/all/emi20231224t174522p12005-A/pos_08_x254_y231/plume.tif,/mnt/engg-niulab/yuyao/final_crop/s2_6time_legacy_center_zero_mask_32_to_224/all/emi20231224t174522p12005-A/pos_08_x254_y231/plume.tif,/mnt/engg-niulab/yuyao/final_crop/s2_6time_legacy_center_zero_mask_32_to_224/all/emi20231224t174522p12005-A/pos_08_x254_y231/plume.tif,254,231,254,231,legacy_center_anchor,/mnt/engg-leung/Research_No9_Methane_Emissions/Yuyao/Dataset/plume_masks_wv3_512/emi20231224t174522p12005-A/mask_60m_512.tif,32.49196939677063,-104.2750956948588,32.49196939677063,-104.2750956948588,2023-12-24T17:45:22+00,2023-12-24T17:47:41.024000Z,2023-12-21T17:37:31.024000Z,2023-12-16T17:37:39.024000Z,2023-12-11T17:37:21.024000Z,,,/mnt/engg-niulab/yuyao/final_crop/s2_6time_legacy_center_zero_mask_32_to_224/all/emi20231224t174522p12005-A/pos_08_x254_y231/s2_0.tif,/mnt/engg-niulab/yuyao/final_crop/s2_6time_legacy_center_zero_mask_32_to_224/all/emi20231224t174522p12005-A/pos_08_x254_y231/s2_prev1.tif,/mnt/engg-niulab/yuyao/final_crop/s2_6time_legacy_center_zero_mask_32_to_224/all/emi20231224t174522p12005-A/pos_08_x254_y231/s2_prev2.tif,/mnt/engg-niulab/yuyao/final_crop/s2_6time_legacy_center_zero_mask_32_to_224/all/emi20231224t174522p12005-A/pos_08_x254_y231/s2_prev3.tif,/mnt/engg-niulab/yuyao/final_crop/s2_6time_legacy_center_zero_mask_32_to_224/all/emi20231224t174522p12005-A/pos_08_x254_y231/s2_seasonal.tif,/mnt/engg-niulab/yuyao/final_crop/s2_6time_legacy_center_zero_mask_32_to_224/all/emi20231224t174522p12005-A/pos_08_x254_y231/s2_year.tif,/mnt/engg-niulab/yuyao/final_crop/s2_6time_legacy_center_zero_mask_32_to_224/all/emi20231224t174522p12005-A/pos_08_x254_y231/s2_0.tif,/mnt/engg-niulab/yuyao/final_crop/s2_6time_legacy_center_zero_mask_32_to_224/all/emi20231224t174522p12005-A/pos_08_x254_y231/s2_0.tif,/mnt/engg-niulab/yuyao/final_crop/s2_6time_legacy_center_zero_mask_32_to_224/all/emi20231224t174522p12005-A/pos_08_x254_y231/s2_prev1.tif,/mnt/engg-niulab/yuyao/final_crop/s2_6time_legacy_center_zero_mask_32_to_224/all/emi20231224t174522p12005-A/pos_08_x254_y231/s2_seasonal.tif,/mnt/engg-niulab/yuyao/final_crop/s2_6time_legacy_center_zero_mask_32_to_224/all/emi20231224t174522p12005-A/pos_08_x254_y231/s2_year.tif
emi20231224t174522p12005-A,dropped_missing_required_time_or_path,1,/mnt/engg-niulab/yuyao/final_crop/s2_6time_legacy_center_zero_mask_32/all/emi20231224t174522p12005-A/pos_09_x230_y244,/mnt/engg-niulab/yuyao/final_crop/s2_6time_legacy_center_zero_mask_32/all/emi20231224t174522p12005-A/pos_09_x230_y244,/mnt/engg-niulab/yuyao/final_crop/s2_6time_legacy_center_zero_mask_32_to_224/all/emi20231224t174522p12005-A/pos_09_x230_y244/plume.tif,/mnt/engg-niulab/yuyao/final_crop/s2_6time_legacy_center_zero_mask_32_to_224/all/emi20231224t174522p12005-A/pos_09_x230_y244/plume.tif,/mnt/engg-niulab/yuyao/final_crop/s2_6time_legacy_center_zero_mask_32_to_224/all/emi20231224t174522p12005-A/pos_09_x230_y244/plume.tif,230,244,230,244,legacy_center_anchor,/mnt/engg-leung/Research_No9_Methane_Emissions/Yuyao/Dataset/plume_masks_wv3_512/emi20231224t174522p12005-A/mask_60m_512.tif,32.49196939677063,-104.2750956948588,32.49196939677063,-104.2750956948588,2023-12-24T17:45:22+00,2023-12-24T17:47:41.024000Z,2023-12-21T17:37:31.024000Z,2023-12-16T17:37:39.024000Z,2023-12-11T17:37:21.024000Z,,,/mnt/engg-niulab/yuyao/final_crop/s2_6time_legacy_center_zero_mask_32_to_224/all/emi20231224t174522p12005-A/pos_09_x230_y244/s2_0.tif,/mnt/engg-niulab/yuyao/final_crop/s2_6time_legacy_center_zero_mask_32_to_224/all/emi20231224t174522p12005-A/pos_09_x230_y244/s2_prev1.tif,/mnt/engg-niulab/yuyao/final_crop/s2_6time_legacy_center_zero_mask_32_to_224/all/emi20231224t174522p12005-A/pos_09_x230_y244/s2_prev2.tif,/mnt/engg-niulab/yuyao/final_crop/s2_6time_legacy_center_zero_mask_32_to_224/all/emi20231224t174522p12005-A/pos_09_x230_y244/s2_prev3.tif,/mnt/engg-niulab/yuyao/final_crop/s2_6time_legacy_center_zero_mask_32_to_224/all/emi20231224t174522p12005-A/pos_09_x230_y244/s2_seasonal.tif,/mnt/engg-niulab/yuyao/final_crop/s2_6time_legacy_center_zero_mask_32_to_224/all/emi20231224t174522p12005-A/pos_09_x230_y244/s2_year.tif,/mnt/engg-niulab/yuyao/final_crop/s2_6time_legacy_center_zero_mask_32_to_224/all/emi20231224t174522p12005-A/pos_09_x230_y244/s2_0.tif,/mnt/engg-niulab/yuyao/final_crop/s2_6time_legacy_center_zero_mask_32_to_224/all/emi20231224t174522p12005-A/pos_09_x230_y244/s2_0.tif,/mnt/engg-niulab/yuyao/final_crop/s2_6time_legacy_center_zero_mask_32_to_224/all/emi20231224t174522p12005-A/pos_09_x230_y244/s2_prev1.tif,/mnt/engg-niulab/yuyao/final_crop/s2_6time_legacy_center_zero_mask_32_to_224/all/emi20231224t174522p12005-A/pos_09_x230_y244/s2_seasonal.tif,/mnt/engg-niulab/yuyao/final_crop/s2_6time_legacy_center_zero_mask_32_to_224/all/emi20231224t174522p12005-A/pos_09_x230_y244/s2_year.tif
emi20231224t174522p12005-A,dropped_missing_required_time_or_path,1,/mnt/engg-niulab/yuyao/final_crop/s2_6time_legacy_center_zero_mask_32/all/emi20231224t174522p12005-A/pos_10_x239_y226,/mnt/engg-niulab/yuyao/final_crop/s2_6time_legacy_center_zero_mask_32/all/emi20231224t174522p12005-A/pos_10_x239_y226,/mnt/engg-niulab/yuyao/final_crop/s2_6time_legacy_center_zero_mask_32_to_224/all/emi20231224t174522p12005-A/pos_10_x239_y226/plume.tif,/mnt/engg-niulab/yuyao/final_crop/s2_6time_legacy_center_zero_mask_32_to_224/all/emi20231224t174522p12005-A/pos_10_x239_y226/plume.tif,/mnt/engg-niulab/yuyao/final_crop/s2_6time_legacy_center_zero_mask_32_to_224/all/emi20231224t174522p12005-A/pos_10_x239_y226/plume.tif,239,226,239,226,legacy_center_anchor,/mnt/engg-leung/Research_No9_Methane_Emissions/Yuyao/Dataset/plume_masks_wv3_512/emi20231224t174522p12005-A/mask_60m_512.tif,32.49196939677063,-104.2750956948588,32.49196939677063,-104.2750956948588,2023-12-24T17:45:22+00,2023-12-24T17:47:41.024000Z,2023-12-21T17:37:31.024000Z,2023-12-16T17:37:39.024000Z,2023-12-11T17:37:21.024000Z,,,/mnt/engg-niulab/yuyao/final_crop/s2_6time_legacy_center_zero_mask_32_to_224/all/emi20231224t174522p12005-A/pos_10_x239_y226/s2_0.tif,/mnt/engg-niulab/yuyao/final_crop/s2_6time_legacy_center_zero_mask_32_to_224/all/emi20231224t174522p12005-A/pos_10_x239_y226/s2_prev1.tif,/mnt/engg-niulab/yuyao/final_crop/s2_6time_legacy_center_zero_mask_32_to_224/all/emi20231224t174522p12005-A/pos_10_x239_y226/s2_prev2.tif,/mnt/engg-niulab/yuyao/final_crop/s2_6time_legacy_center_zero_mask_32_to_224/all/emi20231224t174522p12005-A/pos_10_x239_y226/s2_prev3.tif,/mnt/engg-niulab/yuyao/final_crop/s2_6time_legacy_center_zero_mask_32_to_224/all/emi20231224t174522p12005-A/pos_10_x239_y226/s2_seasonal.tif,/mnt/engg-niulab/yuyao/final_crop/s2_6time_legacy_center_zero_mask_32_to_224/all/emi20231224t174522p12005-A/pos_10_x239_y226/s2_year.tif,/mnt/engg-niulab/yuyao/final_crop/s2_6time_legacy_center_zero_mask_32_to_224/all/emi20231224t174522p12005-A/pos_10_x239_y226/s2_0.tif,/mnt/engg-niulab/yuyao/final_crop/s2_6time_legacy_center_zero_mask_32_to_224/all/emi20231224t174522p12005-A/pos_10_x239_y226/s2_0.tif,/mnt/engg-niulab/yuyao/final_crop/s2_6time_legacy_center_zero_mask_32_to_224/all/emi20231224t174522p12005-A/pos_10_x239_y226/s2_prev1.tif,/mnt/engg-niulab/yuyao/final_crop/s2_6time_legacy_center_zero_mask_32_to_224/all/emi20231224t174522p12005-A/pos_10_x239_y226/s2_seasonal.tif,/mnt/engg-niulab/yuyao/final_crop/s2_6time_legacy_center_zero_mask_32_to_224/all/emi20231224t174522p12005-A/pos_10_x239_y226/s2_year.tif
emi20231224t174522p12005-A,dropped_missing_required_time_or_path,1,/mnt/engg-niulab/yuyao/final_crop/s2_6time_legacy_center_zero_mask_32/all/emi20231224t174522p12005-A/pos_11_x254_y252,/mnt/engg-niulab/yuyao/final_crop/s2_6time_legacy_center_zero_mask_32/all/emi20231224t174522p12005-A/pos_11_x254_y252,/mnt/engg-niulab/yuyao/final_crop/s2_6time_legacy_center_zero_mask_32_to_224/all/emi20231224t174522p12005-A/pos_11_x254_y252/plume.tif,/mnt/engg-niulab/yuyao/final_crop/s2_6time_legacy_center_zero_mask_32_to_224/all/emi20231224t174522p12005-A/pos_11_x254_y252/plume.tif,/mnt/engg-niulab/yuyao/final_crop/s2_6time_legacy_center_zero_mask_32_to_224/all/emi20231224t174522p12005-A/pos_11_x254_y252/plume.tif,254,252,254,252,legacy_center_anchor,/mnt/engg-leung/Research_No9_Methane_Emissions/Yuyao/Dataset/plume_masks_wv3_512/emi20231224t174522p12005-A/mask_60m_512.tif,32.49196939677063,-104.2750956948588,32.49196939677063,-104.2750956948588,2023-12-24T17:45:22+00,2023-12-24T17:47:41.024000Z,2023-12-21T17:37:31.024000Z,2023-12-16T17:37:39.024000Z,2023-12-11T17:37:21.024000Z,,,/mnt/engg-niulab/yuyao/final_crop/s2_6time_legacy_center_zero_mask_32_to_224/all/emi20231224t174522p12005-A/pos_11_x254_y252/s2_0.tif,/mnt/engg-niulab/yuyao/final_crop/s2_6time_legacy_center_zero_mask_32_to_224/all/emi20231224t174522p12005-A/pos_11_x254_y252/s2_prev1.tif,/mnt/engg-niulab/yuyao/final_crop/s2_6time_legacy_center_zero_mask_32_to_224/all/emi20231224t174522p12005-A/pos_11_x254_y252/s2_prev2.tif,/mnt/engg-niulab/yuyao/final_crop/s2_6time_legacy_center_zero_mask_32_to_224/all/emi20231224t174522p12005-A/pos_11_x254_y252/s2_prev3.tif,/mnt/engg-niulab/yuyao/final_crop/s2_6time_legacy_center_zero_mask_32_to_224/all/emi20231224t174522p12005-A/pos_11_x254_y252/s2_seasonal.tif,/mnt/engg-niulab/yuyao/final_crop/s2_6time_legacy_center_zero_mask_32_to_224/all/emi20231224t174522p12005-A/pos_11_x254_y252/s2_year.tif,/mnt/engg-niulab/yuyao/final_crop/s2_6time_legacy_center_zero_mask_32_to_224/all/emi20231224t174522p12005-A/pos_11_x254_y252/s2_0.tif,/mnt/engg-niulab/yuyao/final_crop/s2_6time_legacy_center_zero_mask_32_to_224/all/emi20231224t174522p12005-A/pos_11_x254_y252/s2_0.tif,/mnt/engg-niulab/yuyao/final_crop/s2_6time_legacy_center_zero_mask_32_to_224/all/emi20231224t174522p12005-A/pos_11_x254_y252/s2_prev1.tif,/mnt/engg-niulab/yuyao/final_crop/s2_6time_legacy_center_zero_mask_32_to_224/all/emi20231224t174522p12005-A/pos_11_x254_y252/s2_seasonal.tif,/mnt/engg-niulab/yuyao/final_crop/s2_6time_legacy_center_zero_mask_32_to_224/all/emi20231224t174522p12005-A/pos_11_x254_y252/s2_year.tif
emi20231224t174522p12005-A,dropped_missing_required_time_or_path,1,/mnt/engg-niulab/yuyao/final_crop/s2_6time_legacy_center_zero_mask_32/all/emi20231224t174522p12005-A/pos_12_x253_y233,/mnt/engg-niulab/yuyao/final_crop/s2_6time_legacy_center_zero_mask_32/all/emi20231224t174522p12005-A/pos_12_x253_y233,/mnt/engg-niulab/yuyao/final_crop/s2_6time_legacy_center_zero_mask_32_to_224/all/emi20231224t174522p12005-A/pos_12_x253_y233/plume.tif,/mnt/engg-niulab/yuyao/final_crop/s2_6time_legacy_center_zero_mask_32_to_224/all/emi20231224t174522p12005-A/pos_12_x253_y233/plume.tif,/mnt/engg-niulab/yuyao/final_crop/s2_6time_legacy_center_zero_mask_32_to_224/all/emi20231224t174522p12005-A/pos_12_x253_y233/plume.tif,253,233,253,233,legacy_center_anchor,/mnt/engg-leung/Research_No9_Methane_Emissions/Yuyao/Dataset/plume_masks_wv3_512/emi20231224t174522p12005-A/mask_60m_512.tif,32.49196939677063,-104.2750956948588,32.49196939677063,-104.2750956948588,2023-12-24T17:45:22+00,2023-12-24T17:47:41.024000Z,2023-12-21T17:37:31.024000Z,2023-12-16T17:37:39.024000Z,2023-12-11T17:37:21.024000Z,,,/mnt/engg-niulab/yuyao/final_crop/s2_6time_legacy_center_zero_mask_32_to_224/all/emi20231224t174522p12005-A/pos_12_x253_y233/s2_0.tif,/mnt/engg-niulab/yuyao/final_crop/s2_6time_legacy_center_zero_mask_32_to_224/all/emi20231224t174522p12005-A/pos_12_x253_y233/s2_prev1.tif,/mnt/engg-niulab/yuyao/final_crop/s2_6time_legacy_center_zero_mask_32_to_224/all/emi20231224t174522p12005-A/pos_12_x253_y233/s2_prev2.tif,/mnt/engg-niulab/yuyao/final_crop/s2_6time_legacy_center_zero_mask_32_to_224/all/emi20231224t174522p12005-A/pos_12_x253_y233/s2_prev3.tif,/mnt/engg-niulab/yuyao/final_crop/s2_6time_legacy_center_zero_mask_32_to_224/all/emi20231224t174522p12005-A/pos_12_x253_y233/s2_seasonal.tif,/mnt/engg-niulab/yuyao/final_crop/s2_6time_legacy_center_zero_mask_32_to_224/all/emi20231224t174522p12005-A/pos_12_x253_y233/s2_year.tif,/mnt/engg-niulab/yuyao/final_crop/s2_6time_legacy_center_zero_mask_32_to_224/all/emi20231224t174522p12005-A/pos_12_x253_y233/s2_0.tif,/mnt/engg-niulab/yuyao/final_crop/s2_6time_legacy_center_zero_mask_32_to_224/all/emi20231224t174522p12005-A/pos_12_x253_y233/s2_0.tif,/mnt/engg-niulab/yuyao/final_crop/s2_6time_legacy_center_zero_mask_32_to_224/all/emi20231224t174522p12005-A/pos_12_x253_y233/s2_prev1.tif,/mnt/engg-niulab/yuyao/final_crop/s2_6time_legacy_center_zero_mask_32_to_224/all/emi20231224t174522p12005-A/pos_12_x253_y233/s2_seasonal.tif,/mnt/engg-niulab/yuyao/final_crop/s2_6time_legacy_center_zero_mask_32_to_224/all/emi20231224t174522p12005-A/pos_12_x253_y233/s2_year.tif
emi20231224t174522p12005-A,dropped_missing_required_time_or_path,1,/mnt/engg-niulab/yuyao/final_crop/s2_6time_legacy_center_zero_mask_32/all/emi20231224t174522p12005-A/pos_13_x228_y246,/mnt/engg-niulab/yuyao/final_crop/s2_6time_legacy_center_zero_mask_32/all/emi20231224t174522p12005-A/pos_13_x228_y246,/mnt/engg-niulab/yuyao/final_crop/s2_6time_legacy_center_zero_mask_32_to_224/all/emi20231224t174522p12005-A/pos_13_x228_y246/plume.tif,/mnt/engg-niulab/yuyao/final_crop/s2_6time_legacy_center_zero_mask_32_to_224/all/emi20231224t174522p12005-A/pos_13_x228_y246/plume.tif,/mnt/engg-niulab/yuyao/final_crop/s2_6time_legacy_center_zero_mask_32_to_224/all/emi20231224t174522p12005-A/pos_13_x228_y246/plume.tif,228,246,228,246,legacy_center_anchor,/mnt/engg-leung/Research_No9_Methane_Emissions/Yuyao/Dataset/plume_masks_wv3_512/emi20231224t174522p12005-A/mask_60m_512.tif,32.49196939677063,-104.2750956948588,32.49196939677063,-104.2750956948588,2023-12-24T17:45:22+00,2023-12-24T17:47:41.024000Z,2023-12-21T17:37:31.024000Z,2023-12-16T17:37:39.024000Z,2023-12-11T17:37:21.024000Z,,,/mnt/engg-niulab/yuyao/final_crop/s2_6time_legacy_center_zero_mask_32_to_224/all/emi20231224t174522p12005-A/pos_13_x228_y246/s2_0.tif,/mnt/engg-niulab/yuyao/final_crop/s2_6time_legacy_center_zero_mask_32_to_224/all/emi20231224t174522p12005-A/pos_13_x228_y246/s2_prev1.tif,/mnt/engg-niulab/yuyao/final_crop/s2_6time_legacy_center_zero_mask_32_to_224/all/emi20231224t174522p12005-A/pos_13_x228_y246/s2_prev2.tif,/mnt/engg-niulab/yuyao/final_crop/s2_6time_legacy_center_zero_mask_32_to_224/all/emi20231224t174522p12005-A/pos_13_x228_y246/s2_prev3.tif,/mnt/engg-niulab/yuyao/final_crop/s2_6time_legacy_center_zero_mask_32_to_224/all/emi20231224t174522p12005-A/pos_13_x228_y246/s2_seasonal.tif,/mnt/engg-niulab/yuyao/final_crop/s2_6time_legacy_center_zero_mask_32_to_224/all/emi20231224t174522p12005-A/pos_13_x228_y246/s2_year.tif,/mnt/engg-niulab/yuyao/final_crop/s2_6time_legacy_center_zero_mask_32_to_224/all/emi20231224t174522p12005-A/pos_13_x228_y246/s2_0.tif,/mnt/engg-niulab/yuyao/final_crop/s2_6time_legacy_center_zero_mask_32_to_224/all/emi20231224t174522p12005-A/pos_13_x228_y246/s2_0.tif,/mnt/engg-niulab/yuyao/final_crop/s2_6time_legacy_center_zero_mask_32_to_224/all/emi20231224t174522p12005-A/pos_13_x228_y246/s2_prev1.tif,/mnt/engg-niulab/yuyao/final_crop/s2_6time_legacy_center_zero_mask_32_to_224/all/emi20231224t174522p12005-A/pos_13_x228_y246/s2_seasonal.tif,/mnt/engg-niulab/yuyao/final_crop/s2_6time_legacy_center_zero_mask_32_to_224/all/emi20231224t174522p12005-A/pos_13_x228_y246/s2_year.tif
emi20231224t174522p12005-A,dropped_missing_required_time_or_path,1,/mnt/engg-niulab/yuyao/final_crop/s2_6time_legacy_center_zero_mask_32/all/emi20231224t174522p12005-A/pos_14_x227_y242,/mnt/engg-niulab/yuyao/final_crop/s2_6time_legacy_center_zero_mask_32/all/emi20231224t174522p12005-A/pos_14_x227_y242,/mnt/engg-niulab/yuyao/final_crop/s2_6time_legacy_center_zero_mask_32_to_224/all/emi20231224t174522p12005-A/pos_14_x227_y242/plume.tif,/mnt/engg-niulab/yuyao/final_crop/s2_6time_legacy_center_zero_mask_32_to_224/all/emi20231224t174522p12005-A/pos_14_x227_y242/plume.tif,/mnt/engg-niulab/yuyao/final_crop/s2_6time_legacy_center_zero_mask_32_to_224/all/emi20231224t174522p12005-A/pos_14_x227_y242/plume.tif,227,242,227,242,legacy_center_anchor,/mnt/engg-leung/Research_No9_Methane_Emissions/Yuyao/Dataset/plume_masks_wv3_512/emi20231224t174522p12005-A/mask_60m_512.tif,32.49196939677063,-104.2750956948588,32.49196939677063,-104.2750956948588,2023-12-24T17:45:22+00,2023-12-24T17:47:41.024000Z,2023-12-21T17:37:31.024000Z,2023-12-16T17:37:39.024000Z,2023-12-11T17:37:21.024000Z,,,/mnt/engg-niulab/yuyao/final_crop/s2_6time_legacy_center_zero_mask_32_to_224/all/emi20231224t174522p12005-A/pos_14_x227_y242/s2_0.tif,/mnt/engg-niulab/yuyao/final_crop/s2_6time_legacy_center_zero_mask_32_to_224/all/emi20231224t174522p12005-A/pos_14_x227_y242/s2_prev1.tif,/mnt/engg-niulab/yuyao/final_crop/s2_6time_legacy_center_zero_mask_32_to_224/all/emi20231224t174522p12005-A/pos_14_x227_y242/s2_prev2.tif,/mnt/engg-niulab/yuyao/final_crop/s2_6time_legacy_center_zero_mask_32_to_224/all/emi20231224t174522p12005-A/pos_14_x227_y242/s2_prev3.tif,/mnt/engg-niulab/yuyao/final_crop/s2_6time_legacy_center_zero_mask_32_to_224/all/emi20231224t174522p12005-A/pos_14_x227_y242/s2_seasonal.tif,/mnt/engg-niulab/yuyao/final_crop/s2_6time_legacy_center_zero_mask_32_to_224/all/emi20231224t174522p12005-A/pos_14_x227_y242/s2_year.tif,/mnt/engg-niulab/yuyao/final_crop/s2_6time_legacy_center_zero_mask_32_to_224/all/emi20231224t174522p12005-A/pos_14_x227_y242/s2_0.tif,/mnt/engg-niulab/yuyao/final_crop/s2_6time_legacy_center_zero_mask_32_to_224/all/emi20231224t174522p12005-A/pos_14_x227_y242/s2_0.tif,/mnt/engg-niulab/yuyao/final_crop/s2_6time_legacy_center_zero_mask_32_to_224/all/emi20231224t174522p12005-A/pos_14_x227_y242/s2_prev1.tif,/mnt/engg-niulab/yuyao/final_crop/s2_6time_legacy_center_zero_mask_32_to_224/all/emi20231224t174522p12005-A/pos_14_x227_y242/s2_seasonal.tif,/mnt/engg-niulab/yuyao/final_crop/s2_6time_legacy_center_zero_mask_32_to_224/all/emi20231224t174522p12005-A/pos_14_x227_y242/s2_year.tif
emi20231224t174522p12005-A,dropped_missing_required_time_or_path,1,/mnt/engg-niulab/yuyao/final_crop/s2_6time_legacy_center_zero_mask_32/all/emi20231224t174522p12005-A/pos_15_x251_y227,/mnt/engg-niulab/yuyao/final_crop/s2_6time_legacy_center_zero_mask_32/all/emi20231224t174522p12005-A/pos_15_x251_y227,/mnt/engg-niulab/yuyao/final_crop/s2_6time_legacy_center_zero_mask_32_to_224/all/emi20231224t174522p12005-A/pos_15_x251_y227/plume.tif,/mnt/engg-niulab/yuyao/final_crop/s2_6time_legacy_center_zero_mask_32_to_224/all/emi20231224t174522p12005-A/pos_15_x251_y227/plume.tif,/mnt/engg-niulab/yuyao/final_crop/s2_6time_legacy_center_zero_mask_32_to_224/all/emi20231224t174522p12005-A/pos_15_x251_y227/plume.tif,251,227,251,227,legacy_center_anchor,/mnt/engg-leung/Research_No9_Methane_Emissions/Yuyao/Dataset/plume_masks_wv3_512/emi20231224t174522p12005-A/mask_60m_512.tif,32.49196939677063,-104.2750956948588,32.49196939677063,-104.2750956948588,2023-12-24T17:45:22+00,2023-12-24T17:47:41.024000Z,2023-12-21T17:37:31.024000Z,2023-12-16T17:37:39.024000Z,2023-12-11T17:37:21.024000Z,,,/mnt/engg-niulab/yuyao/final_crop/s2_6time_legacy_center_zero_mask_32_to_224/all/emi20231224t174522p12005-A/pos_15_x251_y227/s2_0.tif,/mnt/engg-niulab/yuyao/final_crop/s2_6time_legacy_center_zero_mask_32_to_224/all/emi20231224t174522p12005-A/pos_15_x251_y227/s2_prev1.tif,/mnt/engg-niulab/yuyao/final_crop/s2_6time_legacy_center_zero_mask_32_to_224/all/emi20231224t174522p12005-A/pos_15_x251_y227/s2_prev2.tif,/mnt/engg-niulab/yuyao/final_crop/s2_6time_legacy_center_zero_mask_32_to_224/all/emi20231224t174522p12005-A/pos_15_x251_y227/s2_prev3.tif,/mnt/engg-niulab/yuyao/final_crop/s2_6time_legacy_center_zero_mask_32_to_224/all/emi20231224t174522p12005-A/pos_15_x251_y227/s2_seasonal.tif,/mnt/engg-niulab/yuyao/final_crop/s2_6time_legacy_center_zero_mask_32_to_224/all/emi20231224t174522p12005-A/pos_15_x251_y227/s2_year.tif,/mnt/engg-niulab/yuyao/final_crop/s2_6time_legacy_center_zero_mask_32_to_224/all/emi20231224t174522p12005-A/pos_15_x251_y227/s2_0.tif,/mnt/engg-niulab/yuyao/final_crop/s2_6time_legacy_center_zero_mask_32_to_224/all/emi20231224t174522p12005-A/pos_15_x251_y227/s2_0.tif,/mnt/engg-niulab/yuyao/final_crop/s2_6time_legacy_center_zero_mask_32_to_224/all/emi20231224t174522p12005-A/pos_15_x251_y227/s2_prev1.tif,/mnt/engg-niulab/yuyao/final_crop/s2_6time_legacy_center_zero_mask_32_to_224/all/emi20231224t174522p12005-A/pos_15_x251_y227/s2_seasonal.tif,/mnt/engg-niulab/yuyao/final_crop/s2_6time_legacy_center_zero_mask_32_to_224/all/emi20231224t174522p12005-A/pos_15_x251_y227/s2_year.tif
emi20231224t174522p12005-A,dropped_missing_required_time_or_path,0,/mnt/engg-niulab/yuyao/final_crop/s2_6time_legacy_center_zero_mask_32/all/emi20231224t174522p12005-A/neg_00_x51_y114,/mnt/engg-niulab/yuyao/final_crop/s2_6time_legacy_center_zero_mask_32/all/emi20231224t174522p12005-A/neg_00_x51_y114,/mnt/engg-niulab/yuyao/final_crop/s2_6time_legacy_center_zero_mask_32_to_224/all/emi20231224t174522p12005-A/neg_00_x51_y114/plume.tif,/mnt/engg-niulab/yuyao/final_crop/s2_6time_legacy_center_zero_mask_32_to_224/all/emi20231224t174522p12005-A/neg_00_x51_y114/plume.tif,/mnt/engg-niulab/yuyao/final_crop/s2_6time_legacy_center_zero_mask_32_to_224/all/emi20231224t174522p12005-A/neg_00_x51_y114/plume.tif,51,114,51,114,legacy_center_anchor,/mnt/engg-leung/Research_No9_Methane_Emissions/Yuyao/Dataset/plume_masks_wv3_512/emi20231224t174522p12005-A/mask_60m_512.tif,32.49196939677063,-104.2750956948588,32.49196939677063,-104.2750956948588,2023-12-24T17:45:22+00,2023-12-24T17:47:41.024000Z,2023-12-21T17:37:31.024000Z,2023-12-16T17:37:39.024000Z,2023-12-11T17:37:21.024000Z,,,/mnt/engg-niulab/yuyao/final_crop/s2_6time_legacy_center_zero_mask_32_to_224/all/emi20231224t174522p12005-A/neg_00_x51_y114/s2_0.tif,/mnt/engg-niulab/yuyao/final_crop/s2_6time_legacy_center_zero_mask_32_to_224/all/emi20231224t174522p12005-A/neg_00_x51_y114/s2_prev1.tif,/mnt/engg-niulab/yuyao/final_crop/s2_6time_legacy_center_zero_mask_32_to_224/all/emi20231224t174522p12005-A/neg_00_x51_y114/s2_prev2.tif,/mnt/engg-niulab/yuyao/final_crop/s2_6time_legacy_center_zero_mask_32_to_224/all/emi20231224t174522p12005-A/neg_00_x51_y114/s2_prev3.tif,/mnt/engg-niulab/yuyao/final_crop/s2_6time_legacy_center_zero_mask_32_to_224/all/emi20231224t174522p12005-A/neg_00_x51_y114/s2_seasonal.tif,/mnt/engg-niulab/yuyao/final_crop/s2_6time_legacy_center_zero_mask_32_to_224/all/emi20231224t174522p12005-A/neg_00_x51_y114/s2_year.tif,/mnt/engg-niulab/yuyao/final_crop/s2_6time_legacy_center_zero_mask_32_to_224/all/emi20231224t174522p12005-A/neg_00_x51_y114/s2_0.tif,/mnt/engg-niulab/yuyao/final_crop/s2_6time_legacy_center_zero_mask_32_to_224/all/emi20231224t174522p12005-A/neg_00_x51_y114/s2_0.tif,/mnt/engg-niulab/yuyao/final_crop/s2_6time_legacy_center_zero_mask_32_to_224/all/emi20231224t174522p12005-A/neg_00_x51_y114/s2_prev1.tif,/mnt/engg-niulab/yuyao/final_crop/s2_6time_legacy_center_zero_mask_32_to_224/all/emi20231224t174522p12005-A/neg_00_x51_y114/s2_seasonal.tif,/mnt/engg-niulab/yuyao/final_crop/s2_6time_legacy_center_zero_mask_32_to_224/all/emi20231224t174522p12005-A/neg_00_x51_y114/s2_year.tif
emi20231224t174522p12005-A,dropped_missing_required_time_or_path,0,/mnt/engg-niulab/yuyao/final_crop/s2_6time_legacy_center_zero_mask_32/all/emi20231224t174522p12005-A/neg_01_x449_y458,/mnt/engg-niulab/yuyao/final_crop/s2_6time_legacy_center_zero_mask_32/all/emi20231224t174522p12005-A/neg_01_x449_y458,/mnt/engg-niulab/yuyao/final_crop/s2_6time_legacy_center_zero_mask_32_to_224/all/emi20231224t174522p12005-A/neg_01_x449_y458/plume.tif,/mnt/engg-niulab/yuyao/final_crop/s2_6time_legacy_center_zero_mask_32_to_224/all/emi20231224t174522p12005-A/neg_01_x449_y458/plume.tif,/mnt/engg-niulab/yuyao/final_crop/s2_6time_legacy_center_zero_mask_32_to_224/all/emi20231224t174522p12005-A/neg_01_x449_y458/plume.tif,449,458,449,458,legacy_center_anchor,/mnt/engg-leung/Research_No9_Methane_Emissions/Yuyao/Dataset/plume_masks_wv3_512/emi20231224t174522p12005-A/mask_60m_512.tif,32.49196939677063,-104.2750956948588,32.49196939677063,-104.2750956948588,2023-12-24T17:45:22+00,2023-12-24T17:47:41.024000Z,2023-12-21T17:37:31.024000Z,2023-12-16T17:37:39.024000Z,2023-12-11T17:37:21.024000Z,,,/mnt/engg-niulab/yuyao/final_crop/s2_6time_legacy_center_zero_mask_32_to_224/all/emi20231224t174522p12005-A/neg_01_x449_y458/s2_0.tif,/mnt/engg-niulab/yuyao/final_crop/s2_6time_legacy_center_zero_mask_32_to_224/all/emi20231224t174522p12005-A/neg_01_x449_y458/s2_prev1.tif,/mnt/engg-niulab/yuyao/final_crop/s2_6time_legacy_center_zero_mask_32_to_224/all/emi20231224t174522p12005-A/neg_01_x449_y458/s2_prev2.tif,/mnt/engg-niulab/yuyao/final_crop/s2_6time_legacy_center_zero_mask_32_to_224/all/emi20231224t174522p12005-A/neg_01_x449_y458/s2_prev3.tif,/mnt/engg-niulab/yuyao/final_crop/s2_6time_legacy_center_zero_mask_32_to_224/all/emi20231224t174522p12005-A/neg_01_x449_y458/s2_seasonal.tif,/mnt/engg-niulab/yuyao/final_crop/s2_6time_legacy_center_zero_mask_32_to_224/all/emi20231224t174522p12005-A/neg_01_x449_y458/s2_year.tif,/mnt/engg-niulab/yuyao/final_crop/s2_6time_legacy_center_zero_mask_32_to_224/all/emi20231224t174522p12005-A/neg_01_x449_y458/s2_0.tif,/mnt/engg-niulab/yuyao/final_crop/s2_6time_legacy_center_zero_mask_32_to_224/all/emi20231224t174522p12005-A/neg_01_x449_y458/s2_0.tif,/mnt/engg-niulab/yuyao/final_crop/s2_6time_legacy_center_zero_mask_32_to_224/all/emi20231224t174522p12005-A/neg_01_x449_y458/s2_prev1.tif,/mnt/engg-niulab/yuyao/final_crop/s2_6time_legacy_center_zero_mask_32_to_224/all/emi20231224t174522p12005-A/neg_01_x449_y458/s2_seasonal.tif,/mnt/engg-niulab/yuyao/final_crop/s2_6time_legacy_center_zero_mask_32_to_224/all/emi20231224t174522p12005-A/neg_01_x449_y458/s2_year.tif
emi20231224t174522p12005-A,dropped_missing_required_time_or_path,0,/mnt/engg-niulab/yuyao/final_crop/s2_6time_legacy_center_zero_mask_32/all/emi20231224t174522p12005-A/neg_02_x345_y139,/mnt/engg-niulab/yuyao/final_crop/s2_6time_legacy_center_zero_mask_32/all/emi20231224t174522p12005-A/neg_02_x345_y139,/mnt/engg-niulab/yuyao/final_crop/s2_6time_legacy_center_zero_mask_32_to_224/all/emi20231224t174522p12005-A/neg_02_x345_y139/plume.tif,/mnt/engg-niulab/yuyao/final_crop/s2_6time_legacy_center_zero_mask_32_to_224/all/emi20231224t174522p12005-A/neg_02_x345_y139/plume.tif,/mnt/engg-niulab/yuyao/final_crop/s2_6time_legacy_center_zero_mask_32_to_224/all/emi20231224t174522p12005-A/neg_02_x345_y139/plume.tif,345,139,345,139,legacy_center_anchor,/mnt/engg-leung/Research_No9_Methane_Emissions/Yuyao/Dataset/plume_masks_wv3_512/emi20231224t174522p12005-A/mask_60m_512.tif,32.49196939677063,-104.2750956948588,32.49196939677063,-104.2750956948588,2023-12-24T17:45:22+00,2023-12-24T17:47:41.024000Z,2023-12-21T17:37:31.024000Z,2023-12-16T17:37:39.024000Z,2023-12-11T17:37:21.024000Z,,,/mnt/engg-niulab/yuyao/final_crop/s2_6time_legacy_center_zero_mask_32_to_224/all/emi20231224t174522p12005-A/neg_02_x345_y139/s2_0.tif,/mnt/engg-niulab/yuyao/final_crop/s2_6time_legacy_center_zero_mask_32_to_224/all/emi20231224t174522p12005-A/neg_02_x345_y139/s2_prev1.tif,/mnt/engg-niulab/yuyao/final_crop/s2_6time_legacy_center_zero_mask_32_to_224/all/emi20231224t174522p12005-A/neg_02_x345_y139/s2_prev2.tif,/mnt/engg-niulab/yuyao/final_crop/s2_6time_legacy_center_zero_mask_32_to_224/all/emi20231224t174522p12005-A/neg_02_x345_y139/s2_prev3.tif,/mnt/engg-niulab/yuyao/final_crop/s2_6time_legacy_center_zero_mask_32_to_224/all/emi20231224t174522p12005-A/neg_02_x345_y139/s2_seasonal.tif,/mnt/engg-niulab/yuyao/final_crop/s2_6time_legacy_center_zero_mask_32_to_224/all/emi20231224t174522p12005-A/neg_02_x345_y139/s2_year.tif,/mnt/engg-niulab/yuyao/final_crop/s2_6time_legacy_center_zero_mask_32_to_224/all/emi20231224t174522p12005-A/neg_02_x345_y139/s2_0.tif,/mnt/engg-niulab/yuyao/final_crop/s2_6time_legacy_center_zero_mask_32_to_224/all/emi20231224t174522p12005-A/neg_02_x345_y139/s2_0.tif,/mnt/engg-niulab/yuyao/final_crop/s2_6time_legacy_center_zero_mask_32_to_224/all/emi20231224t174522p12005-A/neg_02_x345_y139/s2_prev1.tif,/mnt/engg-niulab/yuyao/final_crop/s2_6time_legacy_center_zero_mask_32_to_224/all/emi20231224t174522p12005-A/neg_02_x345_y139/s2_seasonal.tif,/mnt/engg-niulab/yuyao/final_crop/s2_6time_legacy_center_zero_mask_32_to_224/all/emi20231224t174522p12005-A/neg_02_x345_y139/s2_year.tif
emi20231224t174522p12005-A,dropped_missing_required_time_or_path,0,/mnt/engg-niulab/yuyao/final_crop/s2_6time_legacy_center_zero_mask_32/all/emi20231224t174522p12005-A/neg_03_x286_y115,/mnt/engg-niulab/yuyao/final_crop/s2_6time_legacy_center_zero_mask_32/all/emi20231224t174522p12005-A/neg_03_x286_y115,/mnt/engg-niulab/yuyao/final_crop/s2_6time_legacy_center_zero_mask_32_to_224/all/emi20231224t174522p12005-A/neg_03_x286_y115/plume.tif,/mnt/engg-niulab/yuyao/final_crop/s2_6time_legacy_center_zero_mask_32_to_224/all/emi20231224t174522p12005-A/neg_03_x286_y115/plume.tif,/mnt/engg-niulab/yuyao/final_crop/s2_6time_legacy_center_zero_mask_32_to_224/all/emi20231224t174522p12005-A/neg_03_x286_y115/plume.tif,286,115,286,115,legacy_center_anchor,/mnt/engg-leung/Research_No9_Methane_Emissions/Yuyao/Dataset/plume_masks_wv3_512/emi20231224t174522p12005-A/mask_60m_512.tif,32.49196939677063,-104.2750956948588,32.49196939677063,-104.2750956948588,2023-12-24T17:45:22+00,2023-12-24T17:47:41.024000Z,2023-12-21T17:37:31.024000Z,2023-12-16T17:37:39.024000Z,2023-12-11T17:37:21.024000Z,,,/mnt/engg-niulab/yuyao/final_crop/s2_6time_legacy_center_zero_mask_32_to_224/all/emi20231224t174522p12005-A/neg_03_x286_y115/s2_0.tif,/mnt/engg-niulab/yuyao/final_crop/s2_6time_legacy_center_zero_mask_32_to_224/all/emi20231224t174522p12005-A/neg_03_x286_y115/s2_prev1.tif,/mnt/engg-niulab/yuyao/final_crop/s2_6time_legacy_center_zero_mask_32_to_224/all/emi20231224t174522p12005-A/neg_03_x286_y115/s2_prev2.tif,/mnt/engg-niulab/yuyao/final_crop/s2_6time_legacy_center_zero_mask_32_to_224/all/emi20231224t174522p12005-A/neg_03_x286_y115/s2_prev3.tif,/mnt/engg-niulab/yuyao/final_crop/s2_6time_legacy_center_zero_mask_32_to_224/all/emi20231224t174522p12005-A/neg_03_x286_y115/s2_seasonal.tif,/mnt/engg-niulab/yuyao/final_crop/s2_6time_legacy_center_zero_mask_32_to_224/all/emi20231224t174522p12005-A/neg_03_x286_y115/s2_year.tif,/mnt/engg-niulab/yuyao/final_crop/s2_6time_legacy_center_zero_mask_32_to_224/all/emi20231224t174522p12005-A/neg_03_x286_y115/s2_0.tif,/mnt/engg-niulab/yuyao/final_crop/s2_6time_legacy_center_zero_mask_32_to_224/all/emi20231224t174522p12005-A/neg_03_x286_y115/s2_0.tif,/mnt/engg-niulab/yuyao/final_crop/s2_6time_legacy_center_zero_mask_32_to_224/all/emi20231224t174522p12005-A/neg_03_x286_y115/s2_prev1.tif,/mnt/engg-niulab/yuyao/final_crop/s2_6time_legacy_center_zero_mask_32_to_224/all/emi20231224t174522p12005-A/neg_03_x286_y115/s2_seasonal.tif,/mnt/engg-niulab/yuyao/final_crop/s2_6time_legacy_center_zero_mask_32_to_224/all/emi20231224t174522p12005-A/neg_03_x286_y115/s2_year.tif
emi20231224t174522p12005-A,dropped_missing_required_time_or_path,0,/mnt/engg-niulab/yuyao/final_crop/s2_6time_legacy_center_zero_mask_32/all/emi20231224t174522p12005-A/neg_04_x274_y91,/mnt/engg-niulab/yuyao/final_crop/s2_6time_legacy_center_zero_mask_32/all/emi20231224t174522p12005-A/neg_04_x274_y91,/mnt/engg-niulab/yuyao/final_crop/s2_6time_legacy_center_zero_mask_32_to_224/all/emi20231224t174522p12005-A/neg_04_x274_y91/plume.tif,/mnt/engg-niulab/yuyao/final_crop/s2_6time_legacy_center_zero_mask_32_to_224/all/emi20231224t174522p12005-A/neg_04_x274_y91/plume.tif,/mnt/engg-niulab/yuyao/final_crop/s2_6time_legacy_center_zero_mask_32_to_224/all/emi20231224t174522p12005-A/neg_04_x274_y91/plume.tif,274,91,274,91,legacy_center_anchor,/mnt/engg-leung/Research_No9_Methane_Emissions/Yuyao/Dataset/plume_masks_wv3_512/emi20231224t174522p12005-A/mask_60m_512.tif,32.49196939677063,-104.2750956948588,32.49196939677063,-104.2750956948588,2023-12-24T17:45:22+00,2023-12-24T17:47:41.024000Z,2023-12-21T17:37:31.024000Z,2023-12-16T17:37:39.024000Z,2023-12-11T17:37:21.024000Z,,,/mnt/engg-niulab/yuyao/final_crop/s2_6time_legacy_center_zero_mask_32_to_224/all/emi20231224t174522p12005-A/neg_04_x274_y91/s2_0.tif,/mnt/engg-niulab/yuyao/final_crop/s2_6time_legacy_center_zero_mask_32_to_224/all/emi20231224t174522p12005-A/neg_04_x274_y91/s2_prev1.tif,/mnt/engg-niulab/yuyao/final_crop/s2_6time_legacy_center_zero_mask_32_to_224/all/emi20231224t174522p12005-A/neg_04_x274_y91/s2_prev2.tif,/mnt/engg-niulab/yuyao/final_crop/s2_6time_legacy_center_zero_mask_32_to_224/all/emi20231224t174522p12005-A/neg_04_x274_y91/s2_prev3.tif,/mnt/engg-niulab/yuyao/final_crop/s2_6time_legacy_center_zero_mask_32_to_224/all/emi20231224t174522p12005-A/neg_04_x274_y91/s2_seasonal.tif,/mnt/engg-niulab/yuyao/final_crop/s2_6time_legacy_center_zero_mask_32_to_224/all/emi20231224t174522p12005-A/neg_04_x274_y91/s2_year.tif,/mnt/engg-niulab/yuyao/final_crop/s2_6time_legacy_center_zero_mask_32_to_224/all/emi20231224t174522p12005-A/neg_04_x274_y91/s2_0.tif,/mnt/engg-niulab/yuyao/final_crop/s2_6time_legacy_center_zero_mask_32_to_224/all/emi20231224t174522p12005-A/neg_04_x274_y91/s2_0.tif,/mnt/engg-niulab/yuyao/final_crop/s2_6time_legacy_center_zero_mask_32_to_224/all/emi20231224t174522p12005-A/neg_04_x274_y91/s2_prev1.tif,/mnt/engg-niulab/yuyao/final_crop/s2_6time_legacy_center_zero_mask_32_to_224/all/emi20231224t174522p12005-A/neg_04_x274_y91/s2_seasonal.tif,/mnt/engg-niulab/yuyao/final_crop/s2_6time_legacy_center_zero_mask_32_to_224/all/emi20231224t174522p12005-A/neg_04_x274_y91/s2_year.tif
emi20231224t174522p12005-A,dropped_missing_required_time_or_path,0,/mnt/engg-niulab/yuyao/final_crop/s2_6time_legacy_center_zero_mask_32/all/emi20231224t174522p12005-A/neg_05_x50_y174,/mnt/engg-niulab/yuyao/final_crop/s2_6time_legacy_center_zero_mask_32/all/emi20231224t174522p12005-A/neg_05_x50_y174,/mnt/engg-niulab/yuyao/final_crop/s2_6time_legacy_center_zero_mask_32_to_224/all/emi20231224t174522p12005-A/neg_05_x50_y174/plume.tif,/mnt/engg-niulab/yuyao/final_crop/s2_6time_legacy_center_zero_mask_32_to_224/all/emi20231224t174522p12005-A/neg_05_x50_y174/plume.tif,/mnt/engg-niulab/yuyao/final_crop/s2_6time_legacy_center_zero_mask_32_to_224/all/emi20231224t174522p12005-A/neg_05_x50_y174/plume.tif,50,174,50,174,legacy_center_anchor,/mnt/engg-leung/Research_No9_Methane_Emissions/Yuyao/Dataset/plume_masks_wv3_512/emi20231224t174522p12005-A/mask_60m_512.tif,32.49196939677063,-104.2750956948588,32.49196939677063,-104.2750956948588,2023-12-24T17:45:22+00,2023-12-24T17:47:41.024000Z,2023-12-21T17:37:31.024000Z,2023-12-16T17:37:39.024000Z,2023-12-11T17:37:21.024000Z,,,/mnt/engg-niulab/yuyao/final_crop/s2_6time_legacy_center_zero_mask_32_to_224/all/emi20231224t174522p12005-A/neg_05_x50_y174/s2_0.tif,/mnt/engg-niulab/yuyao/final_crop/s2_6time_legacy_center_zero_mask_32_to_224/all/emi20231224t174522p12005-A/neg_05_x50_y174/s2_prev1.tif,/mnt/engg-niulab/yuyao/final_crop/s2_6time_legacy_center_zero_mask_32_to_224/all/emi20231224t174522p12005-A/neg_05_x50_y174/s2_prev2.tif,/mnt/engg-niulab/yuyao/final_crop/s2_6time_legacy_center_zero_mask_32_to_224/all/emi20231224t174522p12005-A/neg_05_x50_y174/s2_prev3.tif,/mnt/engg-niulab/yuyao/final_crop/s2_6time_legacy_center_zero_mask_32_to_224/all/emi20231224t174522p12005-A/neg_05_x50_y174/s2_seasonal.tif,/mnt/engg-niulab/yuyao/final_crop/s2_6time_legacy_center_zero_mask_32_to_224/all/emi20231224t174522p12005-A/neg_05_x50_y174/s2_year.tif,/mnt/engg-niulab/yuyao/final_crop/s2_6time_legacy_center_zero_mask_32_to_224/all/emi20231224t174522p12005-A/neg_05_x50_y174/s2_0.tif,/mnt/engg-niulab/yuyao/final_crop/s2_6time_legacy_center_zero_mask_32_to_224/all/emi20231224t174522p12005-A/neg_05_x50_y174/s2_0.tif,/mnt/engg-niulab/yuyao/final_crop/s2_6time_legacy_center_zero_mask_32_to_224/all/emi20231224t174522p12005-A/neg_05_x50_y174/s2_prev1.tif,/mnt/engg-niulab/yuyao/final_crop/s2_6time_legacy_center_zero_mask_32_to_224/all/emi20231224t174522p12005-A/neg_05_x50_y174/s2_seasonal.tif,/mnt/engg-niulab/yuyao/final_crop/s2_6time_legacy_center_zero_mask_32_to_224/all/emi20231224t174522p12005-A/neg_05_x50_y174/s2_year.tif
emi20231224t174522p12005-A,dropped_missing_required_time_or_path,0,/mnt/engg-niulab/yuyao/final_crop/s2_6time_legacy_center_zero_mask_32/all/emi20231224t174522p12005-A/neg_06_x213_y188,/mnt/engg-niulab/yuyao/final_crop/s2_6time_legacy_center_zero_mask_32/all/emi20231224t174522p12005-A/neg_06_x213_y188,/mnt/engg-niulab/yuyao/final_crop/s2_6time_legacy_center_zero_mask_32_to_224/all/emi20231224t174522p12005-A/neg_06_x213_y188/plume.tif,/mnt/engg-niulab/yuyao/final_crop/s2_6time_legacy_center_zero_mask_32_to_224/all/emi20231224t174522p12005-A/neg_06_x213_y188/plume.tif,/mnt/engg-niulab/yuyao/final_crop/s2_6time_legacy_center_zero_mask_32_to_224/all/emi20231224t174522p12005-A/neg_06_x213_y188/plume.tif,213,188,213,188,legacy_center_anchor,/mnt/engg-leung/Research_No9_Methane_Emissions/Yuyao/Dataset/plume_masks_wv3_512/emi20231224t174522p12005-A/mask_60m_512.tif,32.49196939677063,-104.2750956948588,32.49196939677063,-104.2750956948588,2023-12-24T17:45:22+00,2023-12-24T17:47:41.024000Z,2023-12-21T17:37:31.024000Z,2023-12-16T17:37:39.024000Z,2023-12-11T17:37:21.024000Z,,,/mnt/engg-niulab/yuyao/final_crop/s2_6time_legacy_center_zero_mask_32_to_224/all/emi20231224t174522p12005-A/neg_06_x213_y188/s2_0.tif,/mnt/engg-niulab/yuyao/final_crop/s2_6time_legacy_center_zero_mask_32_to_224/all/emi20231224t174522p12005-A/neg_06_x213_y188/s2_prev1.tif,/mnt/engg-niulab/yuyao/final_crop/s2_6time_legacy_center_zero_mask_32_to_224/all/emi20231224t174522p12005-A/neg_06_x213_y188/s2_prev2.tif,/mnt/engg-niulab/yuyao/final_crop/s2_6time_legacy_center_zero_mask_32_to_224/all/emi20231224t174522p12005-A/neg_06_x213_y188/s2_prev3.tif,/mnt/engg-niulab/yuyao/final_crop/s2_6time_legacy_center_zero_mask_32_to_224/all/emi20231224t174522p12005-A/neg_06_x213_y188/s2_seasonal.tif,/mnt/engg-niulab/yuyao/final_crop/s2_6time_legacy_center_zero_mask_32_to_224/all/emi20231224t174522p12005-A/neg_06_x213_y188/s2_year.tif,/mnt/engg-niulab/yuyao/final_crop/s2_6time_legacy_center_zero_mask_32_to_224/all/emi20231224t174522p12005-A/neg_06_x213_y188/s2_0.tif,/mnt/engg-niulab/yuyao/final_crop/s2_6time_legacy_center_zero_mask_32_to_224/all/emi20231224t174522p12005-A/neg_06_x213_y188/s2_0.tif,/mnt/engg-niulab/yuyao/final_crop/s2_6time_legacy_center_zero_mask_32_to_224/all/emi20231224t174522p12005-A/neg_06_x213_y188/s2_prev1.tif,/mnt/engg-niulab/yuyao/final_crop/s2_6time_legacy_center_zero_mask_32_to_224/all/emi20231224t174522p12005-A/neg_06_x213_y188/s2_seasonal.tif,/mnt/engg-niulab/yuyao/final_crop/s2_6time_legacy_center_zero_mask_32_to_224/all/emi20231224t174522p12005-A/neg_06_x213_y188/s2_year.tif
emi20231224t174522p12005-A,dropped_missing_required_time_or_path,0,/mnt/engg-niulab/yuyao/final_crop/s2_6time_legacy_center_zero_mask_32/all/emi20231224t174522p12005-A/neg_07_x303_y279,/mnt/engg-niulab/yuyao/final_crop/s2_6time_legacy_center_zero_mask_32/all/emi20231224t174522p12005-A/neg_07_x303_y279,/mnt/engg-niulab/yuyao/final_crop/s2_6time_legacy_center_zero_mask_32_to_224/all/emi20231224t174522p12005-A/neg_07_x303_y279/plume.tif,/mnt/engg-niulab/yuyao/final_crop/s2_6time_legacy_center_zero_mask_32_to_224/all/emi20231224t174522p12005-A/neg_07_x303_y279/plume.tif,/mnt/engg-niulab/yuyao/final_crop/s2_6time_legacy_center_zero_mask_32_to_224/all/emi20231224t174522p12005-A/neg_07_x303_y279/plume.tif,303,279,303,279,legacy_center_anchor,/mnt/engg-leung/Research_No9_Methane_Emissions/Yuyao/Dataset/plume_masks_wv3_512/emi20231224t174522p12005-A/mask_60m_512.tif,32.49196939677063,-104.2750956948588,32.49196939677063,-104.2750956948588,2023-12-24T17:45:22+00,2023-12-24T17:47:41.024000Z,2023-12-21T17:37:31.024000Z,2023-12-16T17:37:39.024000Z,2023-12-11T17:37:21.024000Z,,,/mnt/engg-niulab/yuyao/final_crop/s2_6time_legacy_center_zero_mask_32_to_224/all/emi20231224t174522p12005-A/neg_07_x303_y279/s2_0.tif,/mnt/engg-niulab/yuyao/final_crop/s2_6time_legacy_center_zero_mask_32_to_224/all/emi20231224t174522p12005-A/neg_07_x303_y279/s2_prev1.tif,/mnt/engg-niulab/yuyao/final_crop/s2_6time_legacy_center_zero_mask_32_to_224/all/emi20231224t174522p12005-A/neg_07_x303_y279/s2_prev2.tif,/mnt/engg-niulab/yuyao/final_crop/s2_6time_legacy_center_zero_mask_32_to_224/all/emi20231224t174522p12005-A/neg_07_x303_y279/s2_prev3.tif,/mnt/engg-niulab/yuyao/final_crop/s2_6time_legacy_center_zero_mask_32_to_224/all/emi20231224t174522p12005-A/neg_07_x303_y279/s2_seasonal.tif,/mnt/engg-niulab/yuyao/final_crop/s2_6time_legacy_center_zero_mask_32_to_224/all/emi20231224t174522p12005-A/neg_07_x303_y279/s2_year.tif,/mnt/engg-niulab/yuyao/final_crop/s2_6time_legacy_center_zero_mask_32_to_224/all/emi20231224t174522p12005-A/neg_07_x303_y279/s2_0.tif,/mnt/engg-niulab/yuyao/final_crop/s2_6time_legacy_center_zero_mask_32_to_224/all/emi20231224t174522p12005-A/neg_07_x303_y279/s2_0.tif,/mnt/engg-niulab/yuyao/final_crop/s2_6time_legacy_center_zero_mask_32_to_224/all/emi20231224t174522p12005-A/neg_07_x303_y279/s2_prev1.tif,/mnt/engg-niulab/yuyao/final_crop/s2_6time_legacy_center_zero_mask_32_to_224/all/emi20231224t174522p12005-A/neg_07_x303_y279/s2_seasonal.tif,/mnt/engg-niulab/yuyao/final_crop/s2_6time_legacy_center_zero_mask_32_to_224/all/emi20231224t174522p12005-A/neg_07_x303_y279/s2_year.tif
emi20231224t174522p12005-A,dropped_missing_required_time_or_path,0,/mnt/engg-niulab/yuyao/final_crop/s2_6time_legacy_center_zero_mask_32/all/emi20231224t174522p12005-A/neg_08_x404_y307,/mnt/engg-niulab/yuyao/final_crop/s2_6time_legacy_center_zero_mask_32/all/emi20231224t174522p12005-A/neg_08_x404_y307,/mnt/engg-niulab/yuyao/final_crop/s2_6time_legacy_center_zero_mask_32_to_224/all/emi20231224t174522p12005-A/neg_08_x404_y307/plume.tif,/mnt/engg-niulab/yuyao/final_crop/s2_6time_legacy_center_zero_mask_32_to_224/all/emi20231224t174522p12005-A/neg_08_x404_y307/plume.tif,/mnt/engg-niulab/yuyao/final_crop/s2_6time_legacy_center_zero_mask_32_to_224/all/emi20231224t174522p12005-A/neg_08_x404_y307/plume.tif,404,307,404,307,legacy_center_anchor,/mnt/engg-leung/Research_No9_Methane_Emissions/Yuyao/Dataset/plume_masks_wv3_512/emi20231224t174522p12005-A/mask_60m_512.tif,32.49196939677063,-104.2750956948588,32.49196939677063,-104.2750956948588,2023-12-24T17:45:22+00,2023-12-24T17:47:41.024000Z,2023-12-21T17:37:31.024000Z,2023-12-16T17:37:39.024000Z,2023-12-11T17:37:21.024000Z,,,/mnt/engg-niulab/yuyao/final_crop/s2_6time_legacy_center_zero_mask_32_to_224/all/emi20231224t174522p12005-A/neg_08_x404_y307/s2_0.tif,/mnt/engg-niulab/yuyao/final_crop/s2_6time_legacy_center_zero_mask_32_to_224/all/emi20231224t174522p12005-A/neg_08_x404_y307/s2_prev1.tif,/mnt/engg-niulab/yuyao/final_crop/s2_6time_legacy_center_zero_mask_32_to_224/all/emi20231224t174522p12005-A/neg_08_x404_y307/s2_prev2.tif,/mnt/engg-niulab/yuyao/final_crop/s2_6time_legacy_center_zero_mask_32_to_224/all/emi20231224t174522p12005-A/neg_08_x404_y307/s2_prev3.tif,/mnt/engg-niulab/yuyao/final_crop/s2_6time_legacy_center_zero_mask_32_to_224/all/emi20231224t174522p12005-A/neg_08_x404_y307/s2_seasonal.tif,/mnt/engg-niulab/yuyao/final_crop/s2_6time_legacy_center_zero_mask_32_to_224/all/emi20231224t174522p12005-A/neg_08_x404_y307/s2_year.tif,/mnt/engg-niulab/yuyao/final_crop/s2_6time_legacy_center_zero_mask_32_to_224/all/emi20231224t174522p12005-A/neg_08_x404_y307/s2_0.tif,/mnt/engg-niulab/yuyao/final_crop/s2_6time_legacy_center_zero_mask_32_to_224/all/emi20231224t174522p12005-A/neg_08_x404_y307/s2_0.tif,/mnt/engg-niulab/yuyao/final_crop/s2_6time_legacy_center_zero_mask_32_to_224/all/emi20231224t174522p12005-A/neg_08_x404_y307/s2_prev1.tif,/mnt/engg-niulab/yuyao/final_crop/s2_6time_legacy_center_zero_mask_32_to_224/all/emi20231224t174522p12005-A/neg_08_x404_y307/s2_seasonal.tif,/mnt/engg-niulab/yuyao/final_crop/s2_6time_legacy_center_zero_mask_32_to_224/all/emi20231224t174522p12005-A/neg_08_x404_y307/s2_year.tif
emi20231224t174522p12005-A,dropped_missing_required_time_or_path,0,/mnt/engg-niulab/yuyao/final_crop/s2_6time_legacy_center_zero_mask_32/all/emi20231224t174522p12005-A/neg_09_x168_y242,/mnt/engg-niulab/yuyao/final_crop/s2_6time_legacy_center_zero_mask_32/all/emi20231224t174522p12005-A/neg_09_x168_y242,/mnt/engg-niulab/yuyao/final_crop/s2_6time_legacy_center_zero_mask_32_to_224/all/emi20231224t174522p12005-A/neg_09_x168_y242/plume.tif,/mnt/engg-niulab/yuyao/final_crop/s2_6time_legacy_center_zero_mask_32_to_224/all/emi20231224t174522p12005-A/neg_09_x168_y242/plume.tif,/mnt/engg-niulab/yuyao/final_crop/s2_6time_legacy_center_zero_mask_32_to_224/all/emi20231224t174522p12005-A/neg_09_x168_y242/plume.tif,168,242,168,242,legacy_center_anchor,/mnt/engg-leung/Research_No9_Methane_Emissions/Yuyao/Dataset/plume_masks_wv3_512/emi20231224t174522p12005-A/mask_60m_512.tif,32.49196939677063,-104.2750956948588,32.49196939677063,-104.2750956948588,2023-12-24T17:45:22+00,2023-12-24T17:47:41.024000Z,2023-12-21T17:37:31.024000Z,2023-12-16T17:37:39.024000Z,2023-12-11T17:37:21.024000Z,,,/mnt/engg-niulab/yuyao/final_crop/s2_6time_legacy_center_zero_mask_32_to_224/all/emi20231224t174522p12005-A/neg_09_x168_y242/s2_0.tif,/mnt/engg-niulab/yuyao/final_crop/s2_6time_legacy_center_zero_mask_32_to_224/all/emi20231224t174522p12005-A/neg_09_x168_y242/s2_prev1.tif,/mnt/engg-niulab/yuyao/final_crop/s2_6time_legacy_center_zero_mask_32_to_224/all/emi20231224t174522p12005-A/neg_09_x168_y242/s2_prev2.tif,/mnt/engg-niulab/yuyao/final_crop/s2_6time_legacy_center_zero_mask_32_to_224/all/emi20231224t174522p12005-A/neg_09_x168_y242/s2_prev3.tif,/mnt/engg-niulab/yuyao/final_crop/s2_6time_legacy_center_zero_mask_32_to_224/all/emi20231224t174522p12005-A/neg_09_x168_y242/s2_seasonal.tif,/mnt/engg-niulab/yuyao/final_crop/s2_6time_legacy_center_zero_mask_32_to_224/all/emi20231224t174522p12005-A/neg_09_x168_y242/s2_year.tif,/mnt/engg-niulab/yuyao/final_crop/s2_6time_legacy_center_zero_mask_32_to_224/all/emi20231224t174522p12005-A/neg_09_x168_y242/s2_0.tif,/mnt/engg-niulab/yuyao/final_crop/s2_6time_legacy_center_zero_mask_32_to_224/all/emi20231224t174522p12005-A/neg_09_x168_y242/s2_0.tif,/mnt/engg-niulab/yuyao/final_crop/s2_6time_legacy_center_zero_mask_32_to_224/all/emi20231224t174522p12005-A/neg_09_x168_y242/s2_prev1.tif,/mnt/engg-niulab/yuyao/final_crop/s2_6time_legacy_center_zero_mask_32_to_224/all/emi20231224t174522p12005-A/neg_09_x168_y242/s2_seasonal.tif,/mnt/engg-niulab/yuyao/final_crop/s2_6time_legacy_center_zero_mask_32_to_224/all/emi20231224t174522p12005-A/neg_09_x168_y242/s2_year.tif
emi20231224t174522p12005-A,dropped_missing_required_time_or_path,0,/mnt/engg-niulab/yuyao/final_crop/s2_6time_legacy_center_zero_mask_32/all/emi20231224t174522p12005-A/neg_10_x132_y400,/mnt/engg-niulab/yuyao/final_crop/s2_6time_legacy_center_zero_mask_32/all/emi20231224t174522p12005-A/neg_10_x132_y400,/mnt/engg-niulab/yuyao/final_crop/s2_6time_legacy_center_zero_mask_32_to_224/all/emi20231224t174522p12005-A/neg_10_x132_y400/plume.tif,/mnt/engg-niulab/yuyao/final_crop/s2_6time_legacy_center_zero_mask_32_to_224/all/emi20231224t174522p12005-A/neg_10_x132_y400/plume.tif,/mnt/engg-niulab/yuyao/final_crop/s2_6time_legacy_center_zero_mask_32_to_224/all/emi20231224t174522p12005-A/neg_10_x132_y400/plume.tif,132,400,132,400,legacy_center_anchor,/mnt/engg-leung/Research_No9_Methane_Emissions/Yuyao/Dataset/plume_masks_wv3_512/emi20231224t174522p12005-A/mask_60m_512.tif,32.49196939677063,-104.2750956948588,32.49196939677063,-104.2750956948588,2023-12-24T17:45:22+00,2023-12-24T17:47:41.024000Z,2023-12-21T17:37:31.024000Z,2023-12-16T17:37:39.024000Z,2023-12-11T17:37:21.024000Z,,,/mnt/engg-niulab/yuyao/final_crop/s2_6time_legacy_center_zero_mask_32_to_224/all/emi20231224t174522p12005-A/neg_10_x132_y400/s2_0.tif,/mnt/engg-niulab/yuyao/final_crop/s2_6time_legacy_center_zero_mask_32_to_224/all/emi20231224t174522p12005-A/neg_10_x132_y400/s2_prev1.tif,/mnt/engg-niulab/yuyao/final_crop/s2_6time_legacy_center_zero_mask_32_to_224/all/emi20231224t174522p12005-A/neg_10_x132_y400/s2_prev2.tif,/mnt/engg-niulab/yuyao/final_crop/s2_6time_legacy_center_zero_mask_32_to_224/all/emi20231224t174522p12005-A/neg_10_x132_y400/s2_prev3.tif,/mnt/engg-niulab/yuyao/final_crop/s2_6time_legacy_center_zero_mask_32_to_224/all/emi20231224t174522p12005-A/neg_10_x132_y400/s2_seasonal.tif,/mnt/engg-niulab/yuyao/final_crop/s2_6time_legacy_center_zero_mask_32_to_224/all/emi20231224t174522p12005-A/neg_10_x132_y400/s2_year.tif,/mnt/engg-niulab/yuyao/final_crop/s2_6time_legacy_center_zero_mask_32_to_224/all/emi20231224t174522p12005-A/neg_10_x132_y400/s2_0.tif,/mnt/engg-niulab/yuyao/final_crop/s2_6time_legacy_center_zero_mask_32_to_224/all/emi20231224t174522p12005-A/neg_10_x132_y400/s2_0.tif,/mnt/engg-niulab/yuyao/final_crop/s2_6time_legacy_center_zero_mask_32_to_224/all/emi20231224t174522p12005-A/neg_10_x132_y400/s2_prev1.tif,/mnt/engg-niulab/yuyao/final_crop/s2_6time_legacy_center_zero_mask_32_to_224/all/emi20231224t174522p12005-A/neg_10_x132_y400/s2_seasonal.tif,/mnt/engg-niulab/yuyao/final_crop/s2_6time_legacy_center_zero_mask_32_to_224/all/emi20231224t174522p12005-A/neg_10_x132_y400/s2_year.tif
emi20231224t174522p12005-A,dropped_missing_required_time_or_path,0,/mnt/engg-niulab/yuyao/final_crop/s2_6time_legacy_center_zero_mask_32/all/emi20231224t174522p12005-A/neg_11_x356_y377,/mnt/engg-niulab/yuyao/final_crop/s2_6time_legacy_center_zero_mask_32/all/emi20231224t174522p12005-A/neg_11_x356_y377,/mnt/engg-niulab/yuyao/final_crop/s2_6time_legacy_center_zero_mask_32_to_224/all/emi20231224t174522p12005-A/neg_11_x356_y377/plume.tif,/mnt/engg-niulab/yuyao/final_crop/s2_6time_legacy_center_zero_mask_32_to_224/all/emi20231224t174522p12005-A/neg_11_x356_y377/plume.tif,/mnt/engg-niulab/yuyao/final_crop/s2_6time_legacy_center_zero_mask_32_to_224/all/emi20231224t174522p12005-A/neg_11_x356_y377/plume.tif,356,377,356,377,legacy_center_anchor,/mnt/engg-leung/Research_No9_Methane_Emissions/Yuyao/Dataset/plume_masks_wv3_512/emi20231224t174522p12005-A/mask_60m_512.tif,32.49196939677063,-104.2750956948588,32.49196939677063,-104.2750956948588,2023-12-24T17:45:22+00,2023-12-24T17:47:41.024000Z,2023-12-21T17:37:31.024000Z,2023-12-16T17:37:39.024000Z,2023-12-11T17:37:21.024000Z,,,/mnt/engg-niulab/yuyao/final_crop/s2_6time_legacy_center_zero_mask_32_to_224/all/emi20231224t174522p12005-A/neg_11_x356_y377/s2_0.tif,/mnt/engg-niulab/yuyao/final_crop/s2_6time_legacy_center_zero_mask_32_to_224/all/emi20231224t174522p12005-A/neg_11_x356_y377/s2_prev1.tif,/mnt/engg-niulab/yuyao/final_crop/s2_6time_legacy_center_zero_mask_32_to_224/all/emi20231224t174522p12005-A/neg_11_x356_y377/s2_prev2.tif,/mnt/engg-niulab/yuyao/final_crop/s2_6time_legacy_center_zero_mask_32_to_224/all/emi20231224t174522p12005-A/neg_11_x356_y377/s2_prev3.tif,/mnt/engg-niulab/yuyao/final_crop/s2_6time_legacy_center_zero_mask_32_to_224/all/emi20231224t174522p12005-A/neg_11_x356_y377/s2_seasonal.tif,/mnt/engg-niulab/yuyao/final_crop/s2_6time_legacy_center_zero_mask_32_to_224/all/emi20231224t174522p12005-A/neg_11_x356_y377/s2_year.tif,/mnt/engg-niulab/yuyao/final_crop/s2_6time_legacy_center_zero_mask_32_to_224/all/emi20231224t174522p12005-A/neg_11_x356_y377/s2_0.tif,/mnt/engg-niulab/yuyao/final_crop/s2_6time_legacy_center_zero_mask_32_to_224/all/emi20231224t174522p12005-A/neg_11_x356_y377/s2_0.tif,/mnt/engg-niulab/yuyao/final_crop/s2_6time_legacy_center_zero_mask_32_to_224/all/emi20231224t174522p12005-A/neg_11_x356_y377/s2_prev1.tif,/mnt/engg-niulab/yuyao/final_crop/s2_6time_legacy_center_zero_mask_32_to_224/all/emi20231224t174522p12005-A/neg_11_x356_y377/s2_seasonal.tif,/mnt/engg-niulab/yuyao/final_crop/s2_6time_legacy_center_zero_mask_32_to_224/all/emi20231224t174522p12005-A/neg_11_x356_y377/s2_year.tif
emi20231224t174522p12005-A,dropped_missing_required_time_or_path,0,/mnt/engg-niulab/yuyao/final_crop/s2_6time_legacy_center_zero_mask_32/all/emi20231224t174522p12005-A/neg_12_x451_y204,/mnt/engg-niulab/yuyao/final_crop/s2_6time_legacy_center_zero_mask_32/all/emi20231224t174522p12005-A/neg_12_x451_y204,/mnt/engg-niulab/yuyao/final_crop/s2_6time_legacy_center_zero_mask_32_to_224/all/emi20231224t174522p12005-A/neg_12_x451_y204/plume.tif,/mnt/engg-niulab/yuyao/final_crop/s2_6time_legacy_center_zero_mask_32_to_224/all/emi20231224t174522p12005-A/neg_12_x451_y204/plume.tif,/mnt/engg-niulab/yuyao/final_crop/s2_6time_legacy_center_zero_mask_32_to_224/all/emi20231224t174522p12005-A/neg_12_x451_y204/plume.tif,451,204,451,204,legacy_center_anchor,/mnt/engg-leung/Research_No9_Methane_Emissions/Yuyao/Dataset/plume_masks_wv3_512/emi20231224t174522p12005-A/mask_60m_512.tif,32.49196939677063,-104.2750956948588,32.49196939677063,-104.2750956948588,2023-12-24T17:45:22+00,2023-12-24T17:47:41.024000Z,2023-12-21T17:37:31.024000Z,2023-12-16T17:37:39.024000Z,2023-12-11T17:37:21.024000Z,,,/mnt/engg-niulab/yuyao/final_crop/s2_6time_legacy_center_zero_mask_32_to_224/all/emi20231224t174522p12005-A/neg_12_x451_y204/s2_0.tif,/mnt/engg-niulab/yuyao/final_crop/s2_6time_legacy_center_zero_mask_32_to_224/all/emi20231224t174522p12005-A/neg_12_x451_y204/s2_prev1.tif,/mnt/engg-niulab/yuyao/final_crop/s2_6time_legacy_center_zero_mask_32_to_224/all/emi20231224t174522p12005-A/neg_12_x451_y204/s2_prev2.tif,/mnt/engg-niulab/yuyao/final_crop/s2_6time_legacy_center_zero_mask_32_to_224/all/emi20231224t174522p12005-A/neg_12_x451_y204/s2_prev3.tif,/mnt/engg-niulab/yuyao/final_crop/s2_6time_legacy_center_zero_mask_32_to_224/all/emi20231224t174522p12005-A/neg_12_x451_y204/s2_seasonal.tif,/mnt/engg-niulab/yuyao/final_crop/s2_6time_legacy_center_zero_mask_32_to_224/all/emi20231224t174522p12005-A/neg_12_x451_y204/s2_year.tif,/mnt/engg-niulab/yuyao/final_crop/s2_6time_legacy_center_zero_mask_32_to_224/all/emi20231224t174522p12005-A/neg_12_x451_y204/s2_0.tif,/mnt/engg-niulab/yuyao/final_crop/s2_6time_legacy_center_zero_mask_32_to_224/all/emi20231224t174522p12005-A/neg_12_x451_y204/s2_0.tif,/mnt/engg-niulab/yuyao/final_crop/s2_6time_legacy_center_zero_mask_32_to_224/all/emi20231224t174522p12005-A/neg_12_x451_y204/s2_prev1.tif,/mnt/engg-niulab/yuyao/final_crop/s2_6time_legacy_center_zero_mask_32_to_224/all/emi20231224t174522p12005-A/neg_12_x451_y204/s2_seasonal.tif,/mnt/engg-niulab/yuyao/final_crop/s2_6time_legacy_center_zero_mask_32_to_224/all/emi20231224t174522p12005-A/neg_12_x451_y204/s2_year.tif
emi20231224t174522p12005-A,dropped_missing_required_time_or_path,0,/mnt/engg-niulab/yuyao/final_crop/s2_6time_legacy_center_zero_mask_32/all/emi20231224t174522p12005-A/neg_13_x56_y14,/mnt/engg-niulab/yuyao/final_crop/s2_6time_legacy_center_zero_mask_32/all/emi20231224t174522p12005-A/neg_13_x56_y14,/mnt/engg-niulab/yuyao/final_crop/s2_6time_legacy_center_zero_mask_32_to_224/all/emi20231224t174522p12005-A/neg_13_x56_y14/plume.tif,/mnt/engg-niulab/yuyao/final_crop/s2_6time_legacy_center_zero_mask_32_to_224/all/emi20231224t174522p12005-A/neg_13_x56_y14/plume.tif,/mnt/engg-niulab/yuyao/final_crop/s2_6time_legacy_center_zero_mask_32_to_224/all/emi20231224t174522p12005-A/neg_13_x56_y14/plume.tif,56,14,56,14,legacy_center_anchor,/mnt/engg-leung/Research_No9_Methane_Emissions/Yuyao/Dataset/plume_masks_wv3_512/emi20231224t174522p12005-A/mask_60m_512.tif,32.49196939677063,-104.2750956948588,32.49196939677063,-104.2750956948588,2023-12-24T17:45:22+00,2023-12-24T17:47:41.024000Z,2023-12-21T17:37:31.024000Z,2023-12-16T17:37:39.024000Z,2023-12-11T17:37:21.024000Z,,,/mnt/engg-niulab/yuyao/final_crop/s2_6time_legacy_center_zero_mask_32_to_224/all/emi20231224t174522p12005-A/neg_13_x56_y14/s2_0.tif,/mnt/engg-niulab/yuyao/final_crop/s2_6time_legacy_center_zero_mask_32_to_224/all/emi20231224t174522p12005-A/neg_13_x56_y14/s2_prev1.tif,/mnt/engg-niulab/yuyao/final_crop/s2_6time_legacy_center_zero_mask_32_to_224/all/emi20231224t174522p12005-A/neg_13_x56_y14/s2_prev2.tif,/mnt/engg-niulab/yuyao/final_crop/s2_6time_legacy_center_zero_mask_32_to_224/all/emi20231224t174522p12005-A/neg_13_x56_y14/s2_prev3.tif,/mnt/engg-niulab/yuyao/final_crop/s2_6time_legacy_center_zero_mask_32_to_224/all/emi20231224t174522p12005-A/neg_13_x56_y14/s2_seasonal.tif,/mnt/engg-niulab/yuyao/final_crop/s2_6time_legacy_center_zero_mask_32_to_224/all/emi20231224t174522p12005-A/neg_13_x56_y14/s2_year.tif,/mnt/engg-niulab/yuyao/final_crop/s2_6time_legacy_center_zero_mask_32_to_224/all/emi20231224t174522p12005-A/neg_13_x56_y14/s2_0.tif,/mnt/engg-niulab/yuyao/final_crop/s2_6time_legacy_center_zero_mask_32_to_224/all/emi20231224t174522p12005-A/neg_13_x56_y14/s2_0.tif,/mnt/engg-niulab/yuyao/final_crop/s2_6time_legacy_center_zero_mask_32_to_224/all/emi20231224t174522p12005-A/neg_13_x56_y14/s2_prev1.tif,/mnt/engg-niulab/yuyao/final_crop/s2_6time_legacy_center_zero_mask_32_to_224/all/emi20231224t174522p12005-A/neg_13_x56_y14/s2_seasonal.tif,/mnt/engg-niulab/yuyao/final_crop/s2_6time_legacy_center_zero_mask_32_to_224/all/emi20231224t174522p12005-A/neg_13_x56_y14/s2_year.tif
emi20231224t174522p12005-A,dropped_missing_required_time_or_path,0,/mnt/engg-niulab/yuyao/final_crop/s2_6time_legacy_center_zero_mask_32/all/emi20231224t174522p12005-A/neg_14_x53_y74,/mnt/engg-niulab/yuyao/final_crop/s2_6time_legacy_center_zero_mask_32/all/emi20231224t174522p12005-A/neg_14_x53_y74,/mnt/engg-niulab/yuyao/final_crop/s2_6time_legacy_center_zero_mask_32_to_224/all/emi20231224t174522p12005-A/neg_14_x53_y74/plume.tif,/mnt/engg-niulab/yuyao/final_crop/s2_6time_legacy_center_zero_mask_32_to_224/all/emi20231224t174522p12005-A/neg_14_x53_y74/plume.tif,/mnt/engg-niulab/yuyao/final_crop/s2_6time_legacy_center_zero_mask_32_to_224/all/emi20231224t174522p12005-A/neg_14_x53_y74/plume.tif,53,74,53,74,legacy_center_anchor,/mnt/engg-leung/Research_No9_Methane_Emissions/Yuyao/Dataset/plume_masks_wv3_512/emi20231224t174522p12005-A/mask_60m_512.tif,32.49196939677063,-104.2750956948588,32.49196939677063,-104.2750956948588,2023-12-24T17:45:22+00,2023-12-24T17:47:41.024000Z,2023-12-21T17:37:31.024000Z,2023-12-16T17:37:39.024000Z,2023-12-11T17:37:21.024000Z,,,/mnt/engg-niulab/yuyao/final_crop/s2_6time_legacy_center_zero_mask_32_to_224/all/emi20231224t174522p12005-A/neg_14_x53_y74/s2_0.tif,/mnt/engg-niulab/yuyao/final_crop/s2_6time_legacy_center_zero_mask_32_to_224/all/emi20231224t174522p12005-A/neg_14_x53_y74/s2_prev1.tif,/mnt/engg-niulab/yuyao/final_crop/s2_6time_legacy_center_zero_mask_32_to_224/all/emi20231224t174522p12005-A/neg_14_x53_y74/s2_prev2.tif,/mnt/engg-niulab/yuyao/final_crop/s2_6time_legacy_center_zero_mask_32_to_224/all/emi20231224t174522p12005-A/neg_14_x53_y74/s2_prev3.tif,/mnt/engg-niulab/yuyao/final_crop/s2_6time_legacy_center_zero_mask_32_to_224/all/emi20231224t174522p12005-A/neg_14_x53_y74/s2_seasonal.tif,/mnt/engg-niulab/yuyao/final_crop/s2_6time_legacy_center_zero_mask_32_to_224/all/emi20231224t174522p12005-A/neg_14_x53_y74/s2_year.tif,/mnt/engg-niulab/yuyao/final_crop/s2_6time_legacy_center_zero_mask_32_to_224/all/emi20231224t174522p12005-A/neg_14_x53_y74/s2_0.tif,/mnt/engg-niulab/yuyao/final_crop/s2_6time_legacy_center_zero_mask_32_to_224/all/emi20231224t174522p12005-A/neg_14_x53_y74/s2_0.tif,/mnt/engg-niulab/yuyao/final_crop/s2_6time_legacy_center_zero_mask_32_to_224/all/emi20231224t174522p12005-A/neg_14_x53_y74/s2_prev1.tif,/mnt/engg-niulab/yuyao/final_crop/s2_6time_legacy_center_zero_mask_32_to_224/all/emi20231224t174522p12005-A/neg_14_x53_y74/s2_seasonal.tif,/mnt/engg-niulab/yuyao/final_crop/s2_6time_legacy_center_zero_mask_32_to_224/all/emi20231224t174522p12005-A/neg_14_x53_y74/s2_year.tif
emi20231224t174522p12005-A,dropped_missing_required_time_or_path,0,/mnt/engg-niulab/yuyao/final_crop/s2_6time_legacy_center_zero_mask_32/all/emi20231224t174522p12005-A/neg_15_x215_y294,/mnt/engg-niulab/yuyao/final_crop/s2_6time_legacy_center_zero_mask_32/all/emi20231224t174522p12005-A/neg_15_x215_y294,/mnt/engg-niulab/yuyao/final_crop/s2_6time_legacy_center_zero_mask_32_to_224/all/emi20231224t174522p12005-A/neg_15_x215_y294/plume.tif,/mnt/engg-niulab/yuyao/final_crop/s2_6time_legacy_center_zero_mask_32_to_224/all/emi20231224t174522p12005-A/neg_15_x215_y294/plume.tif,/mnt/engg-niulab/yuyao/final_crop/s2_6time_legacy_center_zero_mask_32_to_224/all/emi20231224t174522p12005-A/neg_15_x215_y294/plume.tif,215,294,215,294,legacy_center_anchor,/mnt/engg-leung/Research_No9_Methane_Emissions/Yuyao/Dataset/plume_masks_wv3_512/emi20231224t174522p12005-A/mask_60m_512.tif,32.49196939677063,-104.2750956948588,32.49196939677063,-104.2750956948588,2023-12-24T17:45:22+00,2023-12-24T17:47:41.024000Z,2023-12-21T17:37:31.024000Z,2023-12-16T17:37:39.024000Z,2023-12-11T17:37:21.024000Z,,,/mnt/engg-niulab/yuyao/final_crop/s2_6time_legacy_center_zero_mask_32_to_224/all/emi20231224t174522p12005-A/neg_15_x215_y294/s2_0.tif,/mnt/engg-niulab/yuyao/final_crop/s2_6time_legacy_center_zero_mask_32_to_224/all/emi20231224t174522p12005-A/neg_15_x215_y294/s2_prev1.tif,/mnt/engg-niulab/yuyao/final_crop/s2_6time_legacy_center_zero_mask_32_to_224/all/emi20231224t174522p12005-A/neg_15_x215_y294/s2_prev2.tif,/mnt/engg-niulab/yuyao/final_crop/s2_6time_legacy_center_zero_mask_32_to_224/all/emi20231224t174522p12005-A/neg_15_x215_y294/s2_prev3.tif,/mnt/engg-niulab/yuyao/final_crop/s2_6time_legacy_center_zero_mask_32_to_224/all/emi20231224t174522p12005-A/neg_15_x215_y294/s2_seasonal.tif,/mnt/engg-niulab/yuyao/final_crop/s2_6time_legacy_center_zero_mask_32_to_224/all/emi20231224t174522p12005-A/neg_15_x215_y294/s2_year.tif,/mnt/engg-niulab/yuyao/final_crop/s2_6time_legacy_center_zero_mask_32_to_224/all/emi20231224t174522p12005-A/neg_15_x215_y294/s2_0.tif,/mnt/engg-niulab/yuyao/final_crop/s2_6time_legacy_center_zero_mask_32_to_224/all/emi20231224t174522p12005-A/neg_15_x215_y294/s2_0.tif,/mnt/engg-niulab/yuyao/final_crop/s2_6time_legacy_center_zero_mask_32_to_224/all/emi20231224t174522p12005-A/neg_15_x215_y294/s2_prev1.tif,/mnt/engg-niulab/yuyao/final_crop/s2_6time_legacy_center_zero_mask_32_to_224/all/emi20231224t174522p12005-A/neg_15_x215_y294/s2_seasonal.tif,/mnt/engg-niulab/yuyao/final_crop/s2_6time_legacy_center_zero_mask_32_to_224/all/emi20231224t174522p12005-A/neg_15_x215_y294/s2_year.tif
emi20241005t160604p11012-A,dropped_missing_required_time_or_path,1,/mnt/engg-niulab/yuyao/final_crop/s2_6time_legacy_center_zero_mask_32/all/emi20241005t160604p11012-A/pos_00_x247_y236,/mnt/engg-niulab/yuyao/final_crop/s2_6time_legacy_center_zero_mask_32/all/emi20241005t160604p11012-A/pos_00_x247_y236,/mnt/engg-niulab/yuyao/final_crop/s2_6time_legacy_center_zero_mask_32_to_224/all/emi20241005t160604p11012-A/pos_00_x247_y236/plume.tif,/mnt/engg-niulab/yuyao/final_crop/s2_6time_legacy_center_zero_mask_32_to_224/all/emi20241005t160604p11012-A/pos_00_x247_y236/plume.tif,/mnt/engg-niulab/yuyao/final_crop/s2_6time_legacy_center_zero_mask_32_to_224/all/emi20241005t160604p11012-A/pos_00_x247_y236/plume.tif,247,236,247,236,legacy_center_anchor,/mnt/engg-leung/Research_No9_Methane_Emissions/Yuyao/Dataset/plume_masks_wv3_512/emi20241005t160604p11012-A/mask_60m_512.tif,33.29570407696622,-96.52276825828434,33.29570407696622,-96.52276825828434,2024-10-05T16:06:04+00,2024-10-05T17:11:09.024000Z,2024-10-02T17:00:39.024000Z,2024-09-30T17:11:21.024000Z,2024-09-27T17:01:01.024000Z,,,/mnt/engg-niulab/yuyao/final_crop/s2_6time_legacy_center_zero_mask_32_to_224/all/emi20241005t160604p11012-A/pos_00_x247_y236/s2_0.tif,/mnt/engg-niulab/yuyao/final_crop/s2_6time_legacy_center_zero_mask_32_to_224/all/emi20241005t160604p11012-A/pos_00_x247_y236/s2_prev1.tif,/mnt/engg-niulab/yuyao/final_crop/s2_6time_legacy_center_zero_mask_32_to_224/all/emi20241005t160604p11012-A/pos_00_x247_y236/s2_prev2.tif,/mnt/engg-niulab/yuyao/final_crop/s2_6time_legacy_center_zero_mask_32_to_224/all/emi20241005t160604p11012-A/pos_00_x247_y236/s2_prev3.tif,/mnt/engg-niulab/yuyao/final_crop/s2_6time_legacy_center_zero_mask_32_to_224/all/emi20241005t160604p11012-A/pos_00_x247_y236/s2_seasonal.tif,/mnt/engg-niulab/yuyao/final_crop/s2_6time_legacy_center_zero_mask_32_to_224/all/emi20241005t160604p11012-A/pos_00_x247_y236/s2_year.tif,/mnt/engg-niulab/yuyao/final_crop/s2_6time_legacy_center_zero_mask_32_to_224/all/emi20241005t160604p11012-A/pos_00_x247_y236/s2_0.tif,/mnt/engg-niulab/yuyao/final_crop/s2_6time_legacy_center_zero_mask_32_to_224/all/emi20241005t160604p11012-A/pos_00_x247_y236/s2_0.tif,/mnt/engg-niulab/yuyao/final_crop/s2_6time_legacy_center_zero_mask_32_to_224/all/emi20241005t160604p11012-A/pos_00_x247_y236/s2_prev1.tif,/mnt/engg-niulab/yuyao/final_crop/s2_6time_legacy_center_zero_mask_32_to_224/all/emi20241005t160604p11012-A/pos_00_x247_y236/s2_seasonal.tif,/mnt/engg-niulab/yuyao/final_crop/s2_6time_legacy_center_zero_mask_32_to_224/all/emi20241005t160604p11012-A/pos_00_x247_y236/s2_year.tif
emi20241005t160604p11012-A,dropped_missing_required_time_or_path,1,/mnt/engg-niulab/yuyao/final_crop/s2_6time_legacy_center_zero_mask_32/all/emi20241005t160604p11012-A/pos_01_x225_y251,/mnt/engg-niulab/yuyao/final_crop/s2_6time_legacy_center_zero_mask_32/all/emi20241005t160604p11012-A/pos_01_x225_y251,/mnt/engg-niulab/yuyao/final_crop/s2_6time_legacy_center_zero_mask_32_to_224/all/emi20241005t160604p11012-A/pos_01_x225_y251/plume.tif,/mnt/engg-niulab/yuyao/final_crop/s2_6time_legacy_center_zero_mask_32_to_224/all/emi20241005t160604p11012-A/pos_01_x225_y251/plume.tif,/mnt/engg-niulab/yuyao/final_crop/s2_6time_legacy_center_zero_mask_32_to_224/all/emi20241005t160604p11012-A/pos_01_x225_y251/plume.tif,225,251,225,251,legacy_center_anchor,/mnt/engg-leung/Research_No9_Methane_Emissions/Yuyao/Dataset/plume_masks_wv3_512/emi20241005t160604p11012-A/mask_60m_512.tif,33.29570407696622,-96.52276825828434,33.29570407696622,-96.52276825828434,2024-10-05T16:06:04+00,2024-10-05T17:11:09.024000Z,2024-10-02T17:00:39.024000Z,2024-09-30T17:11:21.024000Z,2024-09-27T17:01:01.024000Z,,,/mnt/engg-niulab/yuyao/final_crop/s2_6time_legacy_center_zero_mask_32_to_224/all/emi20241005t160604p11012-A/pos_01_x225_y251/s2_0.tif,/mnt/engg-niulab/yuyao/final_crop/s2_6time_legacy_center_zero_mask_32_to_224/all/emi20241005t160604p11012-A/pos_01_x225_y251/s2_prev1.tif,/mnt/engg-niulab/yuyao/final_crop/s2_6time_legacy_center_zero_mask_32_to_224/all/emi20241005t160604p11012-A/pos_01_x225_y251/s2_prev2.tif,/mnt/engg-niulab/yuyao/final_crop/s2_6time_legacy_center_zero_mask_32_to_224/all/emi20241005t160604p11012-A/pos_01_x225_y251/s2_prev3.tif,/mnt/engg-niulab/yuyao/final_crop/s2_6time_legacy_center_zero_mask_32_to_224/all/emi20241005t160604p11012-A/pos_01_x225_y251/s2_seasonal.tif,/mnt/engg-niulab/yuyao/final_crop/s2_6time_legacy_center_zero_mask_32_to_224/all/emi20241005t160604p11012-A/pos_01_x225_y251/s2_year.tif,/mnt/engg-niulab/yuyao/final_crop/s2_6time_legacy_center_zero_mask_32_to_224/all/emi20241005t160604p11012-A/pos_01_x225_y251/s2_0.tif,/mnt/engg-niulab/yuyao/final_crop/s2_6time_legacy_center_zero_mask_32_to_224/all/emi20241005t160604p11012-A/pos_01_x225_y251/s2_0.tif,/mnt/engg-niulab/yuyao/final_crop/s2_6time_legacy_center_zero_mask_32_to_224/all/emi20241005t160604p11012-A/pos_01_x225_y251/s2_prev1.tif,/mnt/engg-niulab/yuyao/final_crop/s2_6time_legacy_center_zero_mask_32_to_224/all/emi20241005t160604p11012-A/pos_01_x225_y251/s2_seasonal.tif,/mnt/engg-niulab/yuyao/final_crop/s2_6time_legacy_center_zero_mask_32_to_224/all/emi20241005t160604p11012-A/pos_01_x225_y251/s2_year.tif
emi20241005t160604p11012-A,dropped_missing_required_time_or_path,1,/mnt/engg-niulab/yuyao/final_crop/s2_6time_legacy_center_zero_mask_32/all/emi20241005t160604p11012-A/pos_02_x243_y226,/mnt/engg-niulab/yuyao/final_crop/s2_6time_legacy_center_zero_mask_32/all/emi20241005t160604p11012-A/pos_02_x243_y226,/mnt/engg-niulab/yuyao/final_crop/s2_6time_legacy_center_zero_mask_32_to_224/all/emi20241005t160604p11012-A/pos_02_x243_y226/plume.tif,/mnt/engg-niulab/yuyao/final_crop/s2_6time_legacy_center_zero_mask_32_to_224/all/emi20241005t160604p11012-A/pos_02_x243_y226/plume.tif,/mnt/engg-niulab/yuyao/final_crop/s2_6time_legacy_center_zero_mask_32_to_224/all/emi20241005t160604p11012-A/pos_02_x243_y226/plume.tif,243,226,243,226,legacy_center_anchor,/mnt/engg-leung/Research_No9_Methane_Emissions/Yuyao/Dataset/plume_masks_wv3_512/emi20241005t160604p11012-A/mask_60m_512.tif,33.29570407696622,-96.52276825828434,33.29570407696622,-96.52276825828434,2024-10-05T16:06:04+00,2024-10-05T17:11:09.024000Z,2024-10-02T17:00:39.024000Z,2024-09-30T17:11:21.024000Z,2024-09-27T17:01:01.024000Z,,,/mnt/engg-niulab/yuyao/final_crop/s2_6time_legacy_center_zero_mask_32_to_224/all/emi20241005t160604p11012-A/pos_02_x243_y226/s2_0.tif,/mnt/engg-niulab/yuyao/final_crop/s2_6time_legacy_center_zero_mask_32_to_224/all/emi20241005t160604p11012-A/pos_02_x243_y226/s2_prev1.tif,/mnt/engg-niulab/yuyao/final_crop/s2_6time_legacy_center_zero_mask_32_to_224/all/emi20241005t160604p11012-A/pos_02_x243_y226/s2_prev2.tif,/mnt/engg-niulab/yuyao/final_crop/s2_6time_legacy_center_zero_mask_32_to_224/all/emi20241005t160604p11012-A/pos_02_x243_y226/s2_prev3.tif,/mnt/engg-niulab/yuyao/final_crop/s2_6time_legacy_center_zero_mask_32_to_224/all/emi20241005t160604p11012-A/pos_02_x243_y226/s2_seasonal.tif,/mnt/engg-niulab/yuyao/final_crop/s2_6time_legacy_center_zero_mask_32_to_224/all/emi20241005t160604p11012-A/pos_02_x243_y226/s2_year.tif,/mnt/engg-niulab/yuyao/final_crop/s2_6time_legacy_center_zero_mask_32_to_224/all/emi20241005t160604p11012-A/pos_02_x243_y226/s2_0.tif,/mnt/engg-niulab/yuyao/final_crop/s2_6time_legacy_center_zero_mask_32_to_224/all/emi20241005t160604p11012-A/pos_02_x243_y226/s2_0.tif,/mnt/engg-niulab/yuyao/final_crop/s2_6time_legacy_center_zero_mask_32_to_224/all/emi20241005t160604p11012-A/pos_02_x243_y226/s2_prev1.tif,/mnt/engg-niulab/yuyao/final_crop/s2_6time_legacy_center_zero_mask_32_to_224/all/emi20241005t160604p11012-A/pos_02_x243_y226/s2_seasonal.tif,/mnt/engg-niulab/yuyao/final_crop/s2_6time_legacy_center_zero_mask_32_to_224/all/emi20241005t160604p11012-A/pos_02_x243_y226/s2_year.tif
emi20241005t160604p11012-A,dropped_missing_required_time_or_path,1,/mnt/engg-niulab/yuyao/final_crop/s2_6time_legacy_center_zero_mask_32/all/emi20241005t160604p11012-A/pos_03_x245_y225,/mnt/engg-niulab/yuyao/final_crop/s2_6time_legacy_center_zero_mask_32/all/emi20241005t160604p11012-A/pos_03_x245_y225,/mnt/engg-niulab/yuyao/final_crop/s2_6time_legacy_center_zero_mask_32_to_224/all/emi20241005t160604p11012-A/pos_03_x245_y225/plume.tif,/mnt/engg-niulab/yuyao/final_crop/s2_6time_legacy_center_zero_mask_32_to_224/all/emi20241005t160604p11012-A/pos_03_x245_y225/plume.tif,/mnt/engg-niulab/yuyao/final_crop/s2_6time_legacy_center_zero_mask_32_to_224/all/emi20241005t160604p11012-A/pos_03_x245_y225/plume.tif,245,225,245,225,legacy_center_anchor,/mnt/engg-leung/Research_No9_Methane_Emissions/Yuyao/Dataset/plume_masks_wv3_512/emi20241005t160604p11012-A/mask_60m_512.tif,33.29570407696622,-96.52276825828434,33.29570407696622,-96.52276825828434,2024-10-05T16:06:04+00,2024-10-05T17:11:09.024000Z,2024-10-02T17:00:39.024000Z,2024-09-30T17:11:21.024000Z,2024-09-27T17:01:01.024000Z,,,/mnt/engg-niulab/yuyao/final_crop/s2_6time_legacy_center_zero_mask_32_to_224/all/emi20241005t160604p11012-A/pos_03_x245_y225/s2_0.tif,/mnt/engg-niulab/yuyao/final_crop/s2_6time_legacy_center_zero_mask_32_to_224/all/emi20241005t160604p11012-A/pos_03_x245_y225/s2_prev1.tif,/mnt/engg-niulab/yuyao/final_crop/s2_6time_legacy_center_zero_mask_32_to_224/all/emi20241005t160604p11012-A/pos_03_x245_y225/s2_prev2.tif,/mnt/engg-niulab/yuyao/final_crop/s2_6time_legacy_center_zero_mask_32_to_224/all/emi20241005t160604p11012-A/pos_03_x245_y225/s2_prev3.tif,/mnt/engg-niulab/yuyao/final_crop/s2_6time_legacy_center_zero_mask_32_to_224/all/emi20241005t160604p11012-A/pos_03_x245_y225/s2_seasonal.tif,/mnt/engg-niulab/yuyao/final_crop/s2_6time_legacy_center_zero_mask_32_to_224/all/emi20241005t160604p11012-A/pos_03_x245_y225/s2_year.tif,/mnt/engg-niulab/yuyao/final_crop/s2_6time_legacy_center_zero_mask_32_to_224/all/emi20241005t160604p11012-A/pos_03_x245_y225/s2_0.tif,/mnt/engg-niulab/yuyao/final_crop/s2_6time_legacy_center_zero_mask_32_to_224/all/emi20241005t160604p11012-A/pos_03_x245_y225/s2_0.tif,/mnt/engg-niulab/yuyao/final_crop/s2_6time_legacy_center_zero_mask_32_to_224/all/emi20241005t160604p11012-A/pos_03_x245_y225/s2_prev1.tif,/mnt/engg-niulab/yuyao/final_crop/s2_6time_legacy_center_zero_mask_32_to_224/all/emi20241005t160604p11012-A/pos_03_x245_y225/s2_seasonal.tif,/mnt/engg-niulab/yuyao/final_crop/s2_6time_legacy_center_zero_mask_32_to_224/all/emi20241005t160604p11012-A/pos_03_x245_y225/s2_year.tif
emi20241005t160604p11012-A,dropped_missing_required_time_or_path,1,/mnt/engg-niulab/yuyao/final_crop/s2_6time_legacy_center_zero_mask_32/all/emi20241005t160604p11012-A/pos_04_x229_y241,/mnt/engg-niulab/yuyao/final_crop/s2_6time_legacy_center_zero_mask_32/all/emi20241005t160604p11012-A/pos_04_x229_y241,/mnt/engg-niulab/yuyao/final_crop/s2_6time_legacy_center_zero_mask_32_to_224/all/emi20241005t160604p11012-A/pos_04_x229_y241/plume.tif,/mnt/engg-niulab/yuyao/final_crop/s2_6time_legacy_center_zero_mask_32_to_224/all/emi20241005t160604p11012-A/pos_04_x229_y241/plume.tif,/mnt/engg-niulab/yuyao/final_crop/s2_6time_legacy_center_zero_mask_32_to_224/all/emi20241005t160604p11012-A/pos_04_x229_y241/plume.tif,229,241,229,241,legacy_center_anchor,/mnt/engg-leung/Research_No9_Methane_Emissions/Yuyao/Dataset/plume_masks_wv3_512/emi20241005t160604p11012-A/mask_60m_512.tif,33.29570407696622,-96.52276825828434,33.29570407696622,-96.52276825828434,2024-10-05T16:06:04+00,2024-10-05T17:11:09.024000Z,2024-10-02T17:00:39.024000Z,2024-09-30T17:11:21.024000Z,2024-09-27T17:01:01.024000Z,,,/mnt/engg-niulab/yuyao/final_crop/s2_6time_legacy_center_zero_mask_32_to_224/all/emi20241005t160604p11012-A/pos_04_x229_y241/s2_0.tif,/mnt/engg-niulab/yuyao/final_crop/s2_6time_legacy_center_zero_mask_32_to_224/all/emi20241005t160604p11012-A/pos_04_x229_y241/s2_prev1.tif,/mnt/engg-niulab/yuyao/final_crop/s2_6time_legacy_center_zero_mask_32_to_224/all/emi20241005t160604p11012-A/pos_04_x229_y241/s2_prev2.tif,/mnt/engg-niulab/yuyao/final_crop/s2_6time_legacy_center_zero_mask_32_to_224/all/emi20241005t160604p11012-A/pos_04_x229_y241/s2_prev3.tif,/mnt/engg-niulab/yuyao/final_crop/s2_6time_legacy_center_zero_mask_32_to_224/all/emi20241005t160604p11012-A/pos_04_x229_y241/s2_seasonal.tif,/mnt/engg-niulab/yuyao/final_crop/s2_6time_legacy_center_zero_mask_32_to_224/all/emi20241005t160604p11012-A/pos_04_x229_y241/s2_year.tif,/mnt/engg-niulab/yuyao/final_crop/s2_6time_legacy_center_zero_mask_32_to_224/all/emi20241005t160604p11012-A/pos_04_x229_y241/s2_0.tif,/mnt/engg-niulab/yuyao/final_crop/s2_6time_legacy_center_zero_mask_32_to_224/all/emi20241005t160604p11012-A/pos_04_x229_y241/s2_0.tif,/mnt/engg-niulab/yuyao/final_crop/s2_6time_legacy_center_zero_mask_32_to_224/all/emi20241005t160604p11012-A/pos_04_x229_y241/s2_prev1.tif,/mnt/engg-niulab/yuyao/final_crop/s2_6time_legacy_center_zero_mask_32_to_224/all/emi20241005t160604p11012-A/pos_04_x229_y241/s2_seasonal.tif,/mnt/engg-niulab/yuyao/final_crop/s2_6time_legacy_center_zero_mask_32_to_224/all/emi20241005t160604p11012-A/pos_04_x229_y241/s2_year.tif
emi20241005t160604p11012-A,dropped_missing_required_time_or_path,1,/mnt/engg-niulab/yuyao/final_crop/s2_6time_legacy_center_zero_mask_32/all/emi20241005t160604p11012-A/pos_05_x246_y252,/mnt/engg-niulab/yuyao/final_crop/s2_6time_legacy_center_zero_mask_32/all/emi20241005t160604p11012-A/pos_05_x246_y252,/mnt/engg-niulab/yuyao/final_crop/s2_6time_legacy_center_zero_mask_32_to_224/all/emi20241005t160604p11012-A/pos_05_x246_y252/plume.tif,/mnt/engg-niulab/yuyao/final_crop/s2_6time_legacy_center_zero_mask_32_to_224/all/emi20241005t160604p11012-A/pos_05_x246_y252/plume.tif,/mnt/engg-niulab/yuyao/final_crop/s2_6time_legacy_center_zero_mask_32_to_224/all/emi20241005t160604p11012-A/pos_05_x246_y252/plume.tif,246,252,246,252,legacy_center_anchor,/mnt/engg-leung/Research_No9_Methane_Emissions/Yuyao/Dataset/plume_masks_wv3_512/emi20241005t160604p11012-A/mask_60m_512.tif,33.29570407696622,-96.52276825828434,33.29570407696622,-96.52276825828434,2024-10-05T16:06:04+00,2024-10-05T17:11:09.024000Z,2024-10-02T17:00:39.024000Z,2024-09-30T17:11:21.024000Z,2024-09-27T17:01:01.024000Z,,,/mnt/engg-niulab/yuyao/final_crop/s2_6time_legacy_center_zero_mask_32_to_224/all/emi20241005t160604p11012-A/pos_05_x246_y252/s2_0.tif,/mnt/engg-niulab/yuyao/final_crop/s2_6time_legacy_center_zero_mask_32_to_224/all/emi20241005t160604p11012-A/pos_05_x246_y252/s2_prev1.tif,/mnt/engg-niulab/yuyao/final_crop/s2_6time_legacy_center_zero_mask_32_to_224/all/emi20241005t160604p11012-A/pos_05_x246_y252/s2_prev2.tif,/mnt/engg-niulab/yuyao/final_crop/s2_6time_legacy_center_zero_mask_32_to_224/all/emi20241005t160604p11012-A/pos_05_x246_y252/s2_prev3.tif,/mnt/engg-niulab/yuyao/final_crop/s2_6time_legacy_center_zero_mask_32_to_224/all/emi20241005t160604p11012-A/pos_05_x246_y252/s2_seasonal.tif,/mnt/engg-niulab/yuyao/final_crop/s2_6time_legacy_center_zero_mask_32_to_224/all/emi20241005t160604p11012-A/pos_05_x246_y252/s2_year.tif,/mnt/engg-niulab/yuyao/final_crop/s2_6time_legacy_center_zero_mask_32_to_224/all/emi20241005t160604p11012-A/pos_05_x246_y252/s2_0.tif,/mnt/engg-niulab/yuyao/final_crop/s2_6time_legacy_center_zero_mask_32_to_224/all/emi20241005t160604p11012-A/pos_05_x246_y252/s2_0.tif,/mnt/engg-niulab/yuyao/final_crop/s2_6time_legacy_center_zero_mask_32_to_224/all/emi20241005t160604p11012-A/pos_05_x246_y252/s2_prev1.tif,/mnt/engg-niulab/yuyao/final_crop/s2_6time_legacy_center_zero_mask_32_to_224/all/emi20241005t160604p11012-A/pos_05_x246_y252/s2_seasonal.tif,/mnt/engg-niulab/yuyao/final_crop/s2_6time_legacy_center_zero_mask_32_to_224/all/emi20241005t160604p11012-A/pos_05_x246_y252/s2_year.tif
emi20241005t160604p11012-A,dropped_missing_required_time_or_path,1,/mnt/engg-niulab/yuyao/final_crop/s2_6time_legacy_center_zero_mask_32/all/emi20241005t160604p11012-A/pos_06_x227_y238,/mnt/engg-niulab/yuyao/final_crop/s2_6time_legacy_center_zero_mask_32/all/emi20241005t160604p11012-A/pos_06_x227_y238,/mnt/engg-niulab/yuyao/final_crop/s2_6time_legacy_center_zero_mask_32_to_224/all/emi20241005t160604p11012-A/pos_06_x227_y238/plume.tif,/mnt/engg-niulab/yuyao/final_crop/s2_6time_legacy_center_zero_mask_32_to_224/all/emi20241005t160604p11012-A/pos_06_x227_y238/plume.tif,/mnt/engg-niulab/yuyao/final_crop/s2_6time_legacy_center_zero_mask_32_to_224/all/emi20241005t160604p11012-A/pos_06_x227_y238/plume.tif,227,238,227,238,legacy_center_anchor,/mnt/engg-leung/Research_No9_Methane_Emissions/Yuyao/Dataset/plume_masks_wv3_512/emi20241005t160604p11012-A/mask_60m_512.tif,33.29570407696622,-96.52276825828434,33.29570407696622,-96.52276825828434,2024-10-05T16:06:04+00,2024-10-05T17:11:09.024000Z,2024-10-02T17:00:39.024000Z,2024-09-30T17:11:21.024000Z,2024-09-27T17:01:01.024000Z,,,/mnt/engg-niulab/yuyao/final_crop/s2_6time_legacy_center_zero_mask_32_to_224/all/emi20241005t160604p11012-A/pos_06_x227_y238/s2_0.tif,/mnt/engg-niulab/yuyao/final_crop/s2_6time_legacy_center_zero_mask_32_to_224/all/emi20241005t160604p11012-A/pos_06_x227_y238/s2_prev1.tif,/mnt/engg-niulab/yuyao/final_crop/s2_6time_legacy_center_zero_mask_32_to_224/all/emi20241005t160604p11012-A/pos_06_x227_y238/s2_prev2.tif,/mnt/engg-niulab/yuyao/final_crop/s2_6time_legacy_center_zero_mask_32_to_224/all/emi20241005t160604p11012-A/pos_06_x227_y238/s2_prev3.tif,/mnt/engg-niulab/yuyao/final_crop/s2_6time_legacy_center_zero_mask_32_to_224/all/emi20241005t160604p11012-A/pos_06_x227_y238/s2_seasonal.tif,/mnt/engg-niulab/yuyao/final_crop/s2_6time_legacy_center_zero_mask_32_to_224/all/emi20241005t160604p11012-A/pos_06_x227_y238/s2_year.tif,/mnt/engg-niulab/yuyao/final_crop/s2_6time_legacy_center_zero_mask_32_to_224/all/emi20241005t160604p11012-A/pos_06_x227_y238/s2_0.tif,/mnt/engg-niulab/yuyao/final_crop/s2_6time_legacy_center_zero_mask_32_to_224/all/emi20241005t160604p11012-A/pos_06_x227_y238/s2_0.tif,/mnt/engg-niulab/yuyao/final_crop/s2_6time_legacy_center_zero_mask_32_to_224/all/emi20241005t160604p11012-A/pos_06_x227_y238/s2_prev1.tif,/mnt/engg-niulab/yuyao/final_crop/s2_6time_legacy_center_zero_mask_32_to_224/all/emi20241005t160604p11012-A/pos_06_x227_y238/s2_seasonal.tif,/mnt/engg-niulab/yuyao/final_crop/s2_6time_legacy_center_zero_mask_32_to_224/all/emi20241005t160604p11012-A/pos_06_x227_y238/s2_year.tif
emi20241005t160604p11012-A,dropped_missing_required_time_or_path,1,/mnt/engg-niulab/yuyao/final_crop/s2_6time_legacy_center_zero_mask_32/all/emi20241005t160604p11012-A/pos_07_x238_y239,/mnt/engg-niulab/yuyao/final_crop/s2_6time_legacy_center_zero_mask_32/all/emi20241005t160604p11012-A/pos_07_x238_y239,/mnt/engg-niulab/yuyao/final_crop/s2_6time_legacy_center_zero_mask_32_to_224/all/emi20241005t160604p11012-A/pos_07_x238_y239/plume.tif,/mnt/engg-niulab/yuyao/final_crop/s2_6time_legacy_center_zero_mask_32_to_224/all/emi20241005t160604p11012-A/pos_07_x238_y239/plume.tif,/mnt/engg-niulab/yuyao/final_crop/s2_6time_legacy_center_zero_mask_32_to_224/all/emi20241005t160604p11012-A/pos_07_x238_y239/plume.tif,238,239,238,239,legacy_center_anchor,/mnt/engg-leung/Research_No9_Methane_Emissions/Yuyao/Dataset/plume_masks_wv3_512/emi20241005t160604p11012-A/mask_60m_512.tif,33.29570407696622,-96.52276825828434,33.29570407696622,-96.52276825828434,2024-10-05T16:06:04+00,2024-10-05T17:11:09.024000Z,2024-10-02T17:00:39.024000Z,2024-09-30T17:11:21.024000Z,2024-09-27T17:01:01.024000Z,,,/mnt/engg-niulab/yuyao/final_crop/s2_6time_legacy_center_zero_mask_32_to_224/all/emi20241005t160604p11012-A/pos_07_x238_y239/s2_0.tif,/mnt/engg-niulab/yuyao/final_crop/s2_6time_legacy_center_zero_mask_32_to_224/all/emi20241005t160604p11012-A/pos_07_x238_y239/s2_prev1.tif,/mnt/engg-niulab/yuyao/final_crop/s2_6time_legacy_center_zero_mask_32_to_224/all/emi20241005t160604p11012-A/pos_07_x238_y239/s2_prev2.tif,/mnt/engg-niulab/yuyao/final_crop/s2_6time_legacy_center_zero_mask_32_to_224/all/emi20241005t160604p11012-A/pos_07_x238_y239/s2_prev3.tif,/mnt/engg-niulab/yuyao/final_crop/s2_6time_legacy_center_zero_mask_32_to_224/all/emi20241005t160604p11012-A/pos_07_x238_y239/s2_seasonal.tif,/mnt/engg-niulab/yuyao/final_crop/s2_6time_legacy_center_zero_mask_32_to_224/all/emi20241005t160604p11012-A/pos_07_x238_y239/s2_year.tif,/mnt/engg-niulab/yuyao/final_crop/s2_6time_legacy_center_zero_mask_32_to_224/all/emi20241005t160604p11012-A/pos_07_x238_y239/s2_0.tif,/mnt/engg-niulab/yuyao/final_crop/s2_6time_legacy_center_zero_mask_32_to_224/all/emi20241005t160604p11012-A/pos_07_x238_y239/s2_0.tif,/mnt/engg-niulab/yuyao/final_crop/s2_6time_legacy_center_zero_mask_32_to_224/all/emi20241005t160604p11012-A/pos_07_x238_y239/s2_prev1.tif,/mnt/engg-niulab/yuyao/final_crop/s2_6time_legacy_center_zero_mask_32_to_224/all/emi20241005t160604p11012-A/pos_07_x238_y239/s2_seasonal.tif,/mnt/engg-niulab/yuyao/final_crop/s2_6time_legacy_center_zero_mask_32_to_224/all/emi20241005t160604p11012-A/pos_07_x238_y239/s2_year.tif
emi20241005t160604p11012-A,dropped_missing_required_time_or_path,1,/mnt/engg-niulab/yuyao/final_crop/s2_6time_legacy_center_zero_mask_32/all/emi20241005t160604p11012-A/pos_08_x234_y239,/mnt/engg-niulab/yuyao/final_crop/s2_6time_legacy_center_zero_mask_32/all/emi20241005t160604p11012-A/pos_08_x234_y239,/mnt/engg-niulab/yuyao/final_crop/s2_6time_legacy_center_zero_mask_32_to_224/all/emi20241005t160604p11012-A/pos_08_x234_y239/plume.tif,/mnt/engg-niulab/yuyao/final_crop/s2_6time_legacy_center_zero_mask_32_to_224/all/emi20241005t160604p11012-A/pos_08_x234_y239/plume.tif,/mnt/engg-niulab/yuyao/final_crop/s2_6time_legacy_center_zero_mask_32_to_224/all/emi20241005t160604p11012-A/pos_08_x234_y239/plume.tif,234,239,234,239,legacy_center_anchor,/mnt/engg-leung/Research_No9_Methane_Emissions/Yuyao/Dataset/plume_masks_wv3_512/emi20241005t160604p11012-A/mask_60m_512.tif,33.29570407696622,-96.52276825828434,33.29570407696622,-96.52276825828434,2024-10-05T16:06:04+00,2024-10-05T17:11:09.024000Z,2024-10-02T17:00:39.024000Z,2024-09-30T17:11:21.024000Z,2024-09-27T17:01:01.024000Z,,,/mnt/engg-niulab/yuyao/final_crop/s2_6time_legacy_center_zero_mask_32_to_224/all/emi20241005t160604p11012-A/pos_08_x234_y239/s2_0.tif,/mnt/engg-niulab/yuyao/final_crop/s2_6time_legacy_center_zero_mask_32_to_224/all/emi20241005t160604p11012-A/pos_08_x234_y239/s2_prev1.tif,/mnt/engg-niulab/yuyao/final_crop/s2_6time_legacy_center_zero_mask_32_to_224/all/emi20241005t160604p11012-A/pos_08_x234_y239/s2_prev2.tif,/mnt/engg-niulab/yuyao/final_crop/s2_6time_legacy_center_zero_mask_32_to_224/all/emi20241005t160604p11012-A/pos_08_x234_y239/s2_prev3.tif,/mnt/engg-niulab/yuyao/final_crop/s2_6time_legacy_center_zero_mask_32_to_224/all/emi20241005t160604p11012-A/pos_08_x234_y239/s2_seasonal.tif,/mnt/engg-niulab/yuyao/final_crop/s2_6time_legacy_center_zero_mask_32_to_224/all/emi20241005t160604p11012-A/pos_08_x234_y239/s2_year.tif,/mnt/engg-niulab/yuyao/final_crop/s2_6time_legacy_center_zero_mask_32_to_224/all/emi20241005t160604p11012-A/pos_08_x234_y239/s2_0.tif,/mnt/engg-niulab/yuyao/final_crop/s2_6time_legacy_center_zero_mask_32_to_224/all/emi20241005t160604p11012-A/pos_08_x234_y239/s2_0.tif,/mnt/engg-niulab/yuyao/final_crop/s2_6time_legacy_center_zero_mask_32_to_224/all/emi20241005t160604p11012-A/pos_08_x234_y239/s2_prev1.tif,/mnt/engg-niulab/yuyao/final_crop/s2_6time_legacy_center_zero_mask_32_to_224/all/emi20241005t160604p11012-A/pos_08_x234_y239/s2_seasonal.tif,/mnt/engg-niulab/yuyao/final_crop/s2_6time_legacy_center_zero_mask_32_to_224/all/emi20241005t160604p11012-A/pos_08_x234_y239/s2_year.tif
emi20241005t160604p11012-A,dropped_missing_required_time_or_path,1,/mnt/engg-niulab/yuyao/final_crop/s2_6time_legacy_center_zero_mask_32/all/emi20241005t160604p11012-A/pos_09_x245_y232,/mnt/engg-niulab/yuyao/final_crop/s2_6time_legacy_center_zero_mask_32/all/emi20241005t160604p11012-A/pos_09_x245_y232,/mnt/engg-niulab/yuyao/final_crop/s2_6time_legacy_center_zero_mask_32_to_224/all/emi20241005t160604p11012-A/pos_09_x245_y232/plume.tif,/mnt/engg-niulab/yuyao/final_crop/s2_6time_legacy_center_zero_mask_32_to_224/all/emi20241005t160604p11012-A/pos_09_x245_y232/plume.tif,/mnt/engg-niulab/yuyao/final_crop/s2_6time_legacy_center_zero_mask_32_to_224/all/emi20241005t160604p11012-A/pos_09_x245_y232/plume.tif,245,232,245,232,legacy_center_anchor,/mnt/engg-leung/Research_No9_Methane_Emissions/Yuyao/Dataset/plume_masks_wv3_512/emi20241005t160604p11012-A/mask_60m_512.tif,33.29570407696622,-96.52276825828434,33.29570407696622,-96.52276825828434,2024-10-05T16:06:04+00,2024-10-05T17:11:09.024000Z,2024-10-02T17:00:39.024000Z,2024-09-30T17:11:21.024000Z,2024-09-27T17:01:01.024000Z,,,/mnt/engg-niulab/yuyao/final_crop/s2_6time_legacy_center_zero_mask_32_to_224/all/emi20241005t160604p11012-A/pos_09_x245_y232/s2_0.tif,/mnt/engg-niulab/yuyao/final_crop/s2_6time_legacy_center_zero_mask_32_to_224/all/emi20241005t160604p11012-A/pos_09_x245_y232/s2_prev1.tif,/mnt/engg-niulab/yuyao/final_crop/s2_6time_legacy_center_zero_mask_32_to_224/all/emi20241005t160604p11012-A/pos_09_x245_y232/s2_prev2.tif,/mnt/engg-niulab/yuyao/final_crop/s2_6time_legacy_center_zero_mask_32_to_224/all/emi20241005t160604p11012-A/pos_09_x245_y232/s2_prev3.tif,/mnt/engg-niulab/yuyao/final_crop/s2_6time_legacy_center_zero_mask_32_to_224/all/emi20241005t160604p11012-A/pos_09_x245_y232/s2_seasonal.tif,/mnt/engg-niulab/yuyao/final_crop/s2_6time_legacy_center_zero_mask_32_to_224/all/emi20241005t160604p11012-A/pos_09_x245_y232/s2_year.tif,/mnt/engg-niulab/yuyao/final_crop/s2_6time_legacy_center_zero_mask_32_to_224/all/emi20241005t160604p11012-A/pos_09_x245_y232/s2_0.tif,/mnt/engg-niulab/yuyao/final_crop/s2_6time_legacy_center_zero_mask_32_to_224/all/emi20241005t160604p11012-A/pos_09_x245_y232/s2_0.tif,/mnt/engg-niulab/yuyao/final_crop/s2_6time_legacy_center_zero_mask_32_to_224/all/emi20241005t160604p11012-A/pos_09_x245_y232/s2_prev1.tif,/mnt/engg-niulab/yuyao/final_crop/s2_6time_legacy_center_zero_mask_32_to_224/all/emi20241005t160604p11012-A/pos_09_x245_y232/s2_seasonal.tif,/mnt/engg-niulab/yuyao/final_crop/s2_6time_legacy_center_zero_mask_32_to_224/all/emi20241005t160604p11012-A/pos_09_x245_y232/s2_year.tif
emi20241005t160604p11012-A,dropped_missing_required_time_or_path,1,/mnt/engg-niulab/yuyao/final_crop/s2_6time_legacy_center_zero_mask_32/all/emi20241005t160604p11012-A/pos_10_x227_y234,/mnt/engg-niulab/yuyao/final_crop/s2_6time_legacy_center_zero_mask_32/all/emi20241005t160604p11012-A/pos_10_x227_y234,/mnt/engg-niulab/yuyao/final_crop/s2_6time_legacy_center_zero_mask_32_to_224/all/emi20241005t160604p11012-A/pos_10_x227_y234/plume.tif,/mnt/engg-niulab/yuyao/final_crop/s2_6time_legacy_center_zero_mask_32_to_224/all/emi20241005t160604p11012-A/pos_10_x227_y234/plume.tif,/mnt/engg-niulab/yuyao/final_crop/s2_6time_legacy_center_zero_mask_32_to_224/all/emi20241005t160604p11012-A/pos_10_x227_y234/plume.tif,227,234,227,234,legacy_center_anchor,/mnt/engg-leung/Research_No9_Methane_Emissions/Yuyao/Dataset/plume_masks_wv3_512/emi20241005t160604p11012-A/mask_60m_512.tif,33.29570407696622,-96.52276825828434,33.29570407696622,-96.52276825828434,2024-10-05T16:06:04+00,2024-10-05T17:11:09.024000Z,2024-10-02T17:00:39.024000Z,2024-09-30T17:11:21.024000Z,2024-09-27T17:01:01.024000Z,,,/mnt/engg-niulab/yuyao/final_crop/s2_6time_legacy_center_zero_mask_32_to_224/all/emi20241005t160604p11012-A/pos_10_x227_y234/s2_0.tif,/mnt/engg-niulab/yuyao/final_crop/s2_6time_legacy_center_zero_mask_32_to_224/all/emi20241005t160604p11012-A/pos_10_x227_y234/s2_prev1.tif,/mnt/engg-niulab/yuyao/final_crop/s2_6time_legacy_center_zero_mask_32_to_224/all/emi20241005t160604p11012-A/pos_10_x227_y234/s2_prev2.tif,/mnt/engg-niulab/yuyao/final_crop/s2_6time_legacy_center_zero_mask_32_to_224/all/emi20241005t160604p11012-A/pos_10_x227_y234/s2_prev3.tif,/mnt/engg-niulab/yuyao/final_crop/s2_6time_legacy_center_zero_mask_32_to_224/all/emi20241005t160604p11012-A/pos_10_x227_y234/s2_seasonal.tif,/mnt/engg-niulab/yuyao/final_crop/s2_6time_legacy_center_zero_mask_32_to_224/all/emi20241005t160604p11012-A/pos_10_x227_y234/s2_year.tif,/mnt/engg-niulab/yuyao/final_crop/s2_6time_legacy_center_zero_mask_32_to_224/all/emi20241005t160604p11012-A/pos_10_x227_y234/s2_0.tif,/mnt/engg-niulab/yuyao/final_crop/s2_6time_legacy_center_zero_mask_32_to_224/all/emi20241005t160604p11012-A/pos_10_x227_y234/s2_0.tif,/mnt/engg-niulab/yuyao/final_crop/s2_6time_legacy_center_zero_mask_32_to_224/all/emi20241005t160604p11012-A/pos_10_x227_y234/s2_prev1.tif,/mnt/engg-niulab/yuyao/final_crop/s2_6time_legacy_center_zero_mask_32_to_224/all/emi20241005t160604p11012-A/pos_10_x227_y234/s2_seasonal.tif,/mnt/engg-niulab/yuyao/final_crop/s2_6time_legacy_center_zero_mask_32_to_224/all/emi20241005t160604p11012-A/pos_10_x227_y234/s2_year.tif
emi20241005t160604p11012-A,dropped_missing_required_time_or_path,1,/mnt/engg-niulab/yuyao/final_crop/s2_6time_legacy_center_zero_mask_32/all/emi20241005t160604p11012-A/pos_11_x253_y237,/mnt/engg-niulab/yuyao/final_crop/s2_6time_legacy_center_zero_mask_32/all/emi20241005t160604p11012-A/pos_11_x253_y237,/mnt/engg-niulab/yuyao/final_crop/s2_6time_legacy_center_zero_mask_32_to_224/all/emi20241005t160604p11012-A/pos_11_x253_y237/plume.tif,/mnt/engg-niulab/yuyao/final_crop/s2_6time_legacy_center_zero_mask_32_to_224/all/emi20241005t160604p11012-A/pos_11_x253_y237/plume.tif,/mnt/engg-niulab/yuyao/final_crop/s2_6time_legacy_center_zero_mask_32_to_224/all/emi20241005t160604p11012-A/pos_11_x253_y237/plume.tif,253,237,253,237,legacy_center_anchor,/mnt/engg-leung/Research_No9_Methane_Emissions/Yuyao/Dataset/plume_masks_wv3_512/emi20241005t160604p11012-A/mask_60m_512.tif,33.29570407696622,-96.52276825828434,33.29570407696622,-96.52276825828434,2024-10-05T16:06:04+00,2024-10-05T17:11:09.024000Z,2024-10-02T17:00:39.024000Z,2024-09-30T17:11:21.024000Z,2024-09-27T17:01:01.024000Z,,,/mnt/engg-niulab/yuyao/final_crop/s2_6time_legacy_center_zero_mask_32_to_224/all/emi20241005t160604p11012-A/pos_11_x253_y237/s2_0.tif,/mnt/engg-niulab/yuyao/final_crop/s2_6time_legacy_center_zero_mask_32_to_224/all/emi20241005t160604p11012-A/pos_11_x253_y237/s2_prev1.tif,/mnt/engg-niulab/yuyao/final_crop/s2_6time_legacy_center_zero_mask_32_to_224/all/emi20241005t160604p11012-A/pos_11_x253_y237/s2_prev2.tif,/mnt/engg-niulab/yuyao/final_crop/s2_6time_legacy_center_zero_mask_32_to_224/all/emi20241005t160604p11012-A/pos_11_x253_y237/s2_prev3.tif,/mnt/engg-niulab/yuyao/final_crop/s2_6time_legacy_center_zero_mask_32_to_224/all/emi20241005t160604p11012-A/pos_11_x253_y237/s2_seasonal.tif,/mnt/engg-niulab/yuyao/final_crop/s2_6time_legacy_center_zero_mask_32_to_224/all/emi20241005t160604p11012-A/pos_11_x253_y237/s2_year.tif,/mnt/engg-niulab/yuyao/final_crop/s2_6time_legacy_center_zero_mask_32_to_224/all/emi20241005t160604p11012-A/pos_11_x253_y237/s2_0.tif,/mnt/engg-niulab/yuyao/final_crop/s2_6time_legacy_center_zero_mask_32_to_224/all/emi20241005t160604p11012-A/pos_11_x253_y237/s2_0.tif,/mnt/engg-niulab/yuyao/final_crop/s2_6time_legacy_center_zero_mask_32_to_224/all/emi20241005t160604p11012-A/pos_11_x253_y237/s2_prev1.tif,/mnt/engg-niulab/yuyao/final_crop/s2_6time_legacy_center_zero_mask_32_to_224/all/emi20241005t160604p11012-A/pos_11_x253_y237/s2_seasonal.tif,/mnt/engg-niulab/yuyao/final_crop/s2_6time_legacy_center_zero_mask_32_to_224/all/emi20241005t160604p11012-A/pos_11_x253_y237/s2_year.tif
emi20241005t160604p11012-A,dropped_missing_required_time_or_path,1,/mnt/engg-niulab/yuyao/final_crop/s2_6time_legacy_center_zero_mask_32/all/emi20241005t160604p11012-A/pos_12_x228_y241,/mnt/engg-niulab/yuyao/final_crop/s2_6time_legacy_center_zero_mask_32/all/emi20241005t160604p11012-A/pos_12_x228_y241,/mnt/engg-niulab/yuyao/final_crop/s2_6time_legacy_center_zero_mask_32_to_224/all/emi20241005t160604p11012-A/pos_12_x228_y241/plume.tif,/mnt/engg-niulab/yuyao/final_crop/s2_6time_legacy_center_zero_mask_32_to_224/all/emi20241005t160604p11012-A/pos_12_x228_y241/plume.tif,/mnt/engg-niulab/yuyao/final_crop/s2_6time_legacy_center_zero_mask_32_to_224/all/emi20241005t160604p11012-A/pos_12_x228_y241/plume.tif,228,241,228,241,legacy_center_anchor,/mnt/engg-leung/Research_No9_Methane_Emissions/Yuyao/Dataset/plume_masks_wv3_512/emi20241005t160604p11012-A/mask_60m_512.tif,33.29570407696622,-96.52276825828434,33.29570407696622,-96.52276825828434,2024-10-05T16:06:04+00,2024-10-05T17:11:09.024000Z,2024-10-02T17:00:39.024000Z,2024-09-30T17:11:21.024000Z,2024-09-27T17:01:01.024000Z,,,/mnt/engg-niulab/yuyao/final_crop/s2_6time_legacy_center_zero_mask_32_to_224/all/emi20241005t160604p11012-A/pos_12_x228_y241/s2_0.tif,/mnt/engg-niulab/yuyao/final_crop/s2_6time_legacy_center_zero_mask_32_to_224/all/emi20241005t160604p11012-A/pos_12_x228_y241/s2_prev1.tif,/mnt/engg-niulab/yuyao/final_crop/s2_6time_legacy_center_zero_mask_32_to_224/all/emi20241005t160604p11012-A/pos_12_x228_y241/s2_prev2.tif,/mnt/engg-niulab/yuyao/final_crop/s2_6time_legacy_center_zero_mask_32_to_224/all/emi20241005t160604p11012-A/pos_12_x228_y241/s2_prev3.tif,/mnt/engg-niulab/yuyao/final_crop/s2_6time_legacy_center_zero_mask_32_to_224/all/emi20241005t160604p11012-A/pos_12_x228_y241/s2_seasonal.tif,/mnt/engg-niulab/yuyao/final_crop/s2_6time_legacy_center_zero_mask_32_to_224/all/emi20241005t160604p11012-A/pos_12_x228_y241/s2_year.tif,/mnt/engg-niulab/yuyao/final_crop/s2_6time_legacy_center_zero_mask_32_to_224/all/emi20241005t160604p11012-A/pos_12_x228_y241/s2_0.tif,/mnt/engg-niulab/yuyao/final_crop/s2_6time_legacy_center_zero_mask_32_to_224/all/emi20241005t160604p11012-A/pos_12_x228_y241/s2_0.tif,/mnt/engg-niulab/yuyao/final_crop/s2_6time_legacy_center_zero_mask_32_to_224/all/emi20241005t160604p11012-A/pos_12_x228_y241/s2_prev1.tif,/mnt/engg-niulab/yuyao/final_crop/s2_6time_legacy_center_zero_mask_32_to_224/all/emi20241005t160604p11012-A/pos_12_x228_y241/s2_seasonal.tif,/mnt/engg-niulab/yuyao/final_crop/s2_6time_legacy_center_zero_mask_32_to_224/all/emi20241005t160604p11012-A/pos_12_x228_y241/s2_year.tif
emi20241005t160604p11012-A,dropped_missing_required_time_or_path,1,/mnt/engg-niulab/yuyao/final_crop/s2_6time_legacy_center_zero_mask_32/all/emi20241005t160604p11012-A/pos_13_x233_y232,/mnt/engg-niulab/yuyao/final_crop/s2_6time_legacy_center_zero_mask_32/all/emi20241005t160604p11012-A/pos_13_x233_y232,/mnt/engg-niulab/yuyao/final_crop/s2_6time_legacy_center_zero_mask_32_to_224/all/emi20241005t160604p11012-A/pos_13_x233_y232/plume.tif,/mnt/engg-niulab/yuyao/final_crop/s2_6time_legacy_center_zero_mask_32_to_224/all/emi20241005t160604p11012-A/pos_13_x233_y232/plume.tif,/mnt/engg-niulab/yuyao/final_crop/s2_6time_legacy_center_zero_mask_32_to_224/all/emi20241005t160604p11012-A/pos_13_x233_y232/plume.tif,233,232,233,232,legacy_center_anchor,/mnt/engg-leung/Research_No9_Methane_Emissions/Yuyao/Dataset/plume_masks_wv3_512/emi20241005t160604p11012-A/mask_60m_512.tif,33.29570407696622,-96.52276825828434,33.29570407696622,-96.52276825828434,2024-10-05T16:06:04+00,2024-10-05T17:11:09.024000Z,2024-10-02T17:00:39.024000Z,2024-09-30T17:11:21.024000Z,2024-09-27T17:01:01.024000Z,,,/mnt/engg-niulab/yuyao/final_crop/s2_6time_legacy_center_zero_mask_32_to_224/all/emi20241005t160604p11012-A/pos_13_x233_y232/s2_0.tif,/mnt/engg-niulab/yuyao/final_crop/s2_6time_legacy_center_zero_mask_32_to_224/all/emi20241005t160604p11012-A/pos_13_x233_y232/s2_prev1.tif,/mnt/engg-niulab/yuyao/final_crop/s2_6time_legacy_center_zero_mask_32_to_224/all/emi20241005t160604p11012-A/pos_13_x233_y232/s2_prev2.tif,/mnt/engg-niulab/yuyao/final_crop/s2_6time_legacy_center_zero_mask_32_to_224/all/emi20241005t160604p11012-A/pos_13_x233_y232/s2_prev3.tif,/mnt/engg-niulab/yuyao/final_crop/s2_6time_legacy_center_zero_mask_32_to_224/all/emi20241005t160604p11012-A/pos_13_x233_y232/s2_seasonal.tif,/mnt/engg-niulab/yuyao/final_crop/s2_6time_legacy_center_zero_mask_32_to_224/all/emi20241005t160604p11012-A/pos_13_x233_y232/s2_year.tif,/mnt/engg-niulab/yuyao/final_crop/s2_6time_legacy_center_zero_mask_32_to_224/all/emi20241005t160604p11012-A/pos_13_x233_y232/s2_0.tif,/mnt/engg-niulab/yuyao/final_crop/s2_6time_legacy_center_zero_mask_32_to_224/all/emi20241005t160604p11012-A/pos_13_x233_y232/s2_0.tif,/mnt/engg-niulab/yuyao/final_crop/s2_6time_legacy_center_zero_mask_32_to_224/all/emi20241005t160604p11012-A/pos_13_x233_y232/s2_prev1.tif,/mnt/engg-niulab/yuyao/final_crop/s2_6time_legacy_center_zero_mask_32_to_224/all/emi20241005t160604p11012-A/pos_13_x233_y232/s2_seasonal.tif,/mnt/engg-niulab/yuyao/final_crop/s2_6time_legacy_center_zero_mask_32_to_224/all/emi20241005t160604p11012-A/pos_13_x233_y232/s2_year.tif
emi20241005t160604p11012-A,dropped_missing_required_time_or_path,1,/mnt/engg-niulab/yuyao/final_crop/s2_6time_legacy_center_zero_mask_32/all/emi20241005t160604p11012-A/pos_14_x239_y236,/mnt/engg-niulab/yuyao/final_crop/s2_6time_legacy_center_zero_mask_32/all/emi20241005t160604p11012-A/pos_14_x239_y236,/mnt/engg-niulab/yuyao/final_crop/s2_6time_legacy_center_zero_mask_32_to_224/all/emi20241005t160604p11012-A/pos_14_x239_y236/plume.tif,/mnt/engg-niulab/yuyao/final_crop/s2_6time_legacy_center_zero_mask_32_to_224/all/emi20241005t160604p11012-A/pos_14_x239_y236/plume.tif,/mnt/engg-niulab/yuyao/final_crop/s2_6time_legacy_center_zero_mask_32_to_224/all/emi20241005t160604p11012-A/pos_14_x239_y236/plume.tif,239,236,239,236,legacy_center_anchor,/mnt/engg-leung/Research_No9_Methane_Emissions/Yuyao/Dataset/plume_masks_wv3_512/emi20241005t160604p11012-A/mask_60m_512.tif,33.29570407696622,-96.52276825828434,33.29570407696622,-96.52276825828434,2024-10-05T16:06:04+00,2024-10-05T17:11:09.024000Z,2024-10-02T17:00:39.024000Z,2024-09-30T17:11:21.024000Z,2024-09-27T17:01:01.024000Z,,,/mnt/engg-niulab/yuyao/final_crop/s2_6time_legacy_center_zero_mask_32_to_224/all/emi20241005t160604p11012-A/pos_14_x239_y236/s2_0.tif,/mnt/engg-niulab/yuyao/final_crop/s2_6time_legacy_center_zero_mask_32_to_224/all/emi20241005t160604p11012-A/pos_14_x239_y236/s2_prev1.tif,/mnt/engg-niulab/yuyao/final_crop/s2_6time_legacy_center_zero_mask_32_to_224/all/emi20241005t160604p11012-A/pos_14_x239_y236/s2_prev2.tif,/mnt/engg-niulab/yuyao/final_crop/s2_6time_legacy_center_zero_mask_32_to_224/all/emi20241005t160604p11012-A/pos_14_x239_y236/s2_prev3.tif,/mnt/engg-niulab/yuyao/final_crop/s2_6time_legacy_center_zero_mask_32_to_224/all/emi20241005t160604p11012-A/pos_14_x239_y236/s2_seasonal.tif,/mnt/engg-niulab/yuyao/final_crop/s2_6time_legacy_center_zero_mask_32_to_224/all/emi20241005t160604p11012-A/pos_14_x239_y236/s2_year.tif,/mnt/engg-niulab/yuyao/final_crop/s2_6time_legacy_center_zero_mask_32_to_224/all/emi20241005t160604p11012-A/pos_14_x239_y236/s2_0.tif,/mnt/engg-niulab/yuyao/final_crop/s2_6time_legacy_center_zero_mask_32_to_224/all/emi20241005t160604p11012-A/pos_14_x239_y236/s2_0.tif,/mnt/engg-niulab/yuyao/final_crop/s2_6time_legacy_center_zero_mask_32_to_224/all/emi20241005t160604p11012-A/pos_14_x239_y236/s2_prev1.tif,/mnt/engg-niulab/yuyao/final_crop/s2_6time_legacy_center_zero_mask_32_to_224/all/emi20241005t160604p11012-A/pos_14_x239_y236/s2_seasonal.tif,/mnt/engg-niulab/yuyao/final_crop/s2_6time_legacy_center_zero_mask_32_to_224/all/emi20241005t160604p11012-A/pos_14_x239_y236/s2_year.tif
emi20241005t160604p11012-A,dropped_missing_required_time_or_path,1,/mnt/engg-niulab/yuyao/final_crop/s2_6time_legacy_center_zero_mask_32/all/emi20241005t160604p11012-A/pos_15_x238_y254,/mnt/engg-niulab/yuyao/final_crop/s2_6time_legacy_center_zero_mask_32/all/emi20241005t160604p11012-A/pos_15_x238_y254,/mnt/engg-niulab/yuyao/final_crop/s2_6time_legacy_center_zero_mask_32_to_224/all/emi20241005t160604p11012-A/pos_15_x238_y254/plume.tif,/mnt/engg-niulab/yuyao/final_crop/s2_6time_legacy_center_zero_mask_32_to_224/all/emi20241005t160604p11012-A/pos_15_x238_y254/plume.tif,/mnt/engg-niulab/yuyao/final_crop/s2_6time_legacy_center_zero_mask_32_to_224/all/emi20241005t160604p11012-A/pos_15_x238_y254/plume.tif,238,254,238,254,legacy_center_anchor,/mnt/engg-leung/Research_No9_Methane_Emissions/Yuyao/Dataset/plume_masks_wv3_512/emi20241005t160604p11012-A/mask_60m_512.tif,33.29570407696622,-96.52276825828434,33.29570407696622,-96.52276825828434,2024-10-05T16:06:04+00,2024-10-05T17:11:09.024000Z,2024-10-02T17:00:39.024000Z,2024-09-30T17:11:21.024000Z,2024-09-27T17:01:01.024000Z,,,/mnt/engg-niulab/yuyao/final_crop/s2_6time_legacy_center_zero_mask_32_to_224/all/emi20241005t160604p11012-A/pos_15_x238_y254/s2_0.tif,/mnt/engg-niulab/yuyao/final_crop/s2_6time_legacy_center_zero_mask_32_to_224/all/emi20241005t160604p11012-A/pos_15_x238_y254/s2_prev1.tif,/mnt/engg-niulab/yuyao/final_crop/s2_6time_legacy_center_zero_mask_32_to_224/all/emi20241005t160604p11012-A/pos_15_x238_y254/s2_prev2.tif,/mnt/engg-niulab/yuyao/final_crop/s2_6time_legacy_center_zero_mask_32_to_224/all/emi20241005t160604p11012-A/pos_15_x238_y254/s2_prev3.tif,/mnt/engg-niulab/yuyao/final_crop/s2_6time_legacy_center_zero_mask_32_to_224/all/emi20241005t160604p11012-A/pos_15_x238_y254/s2_seasonal.tif,/mnt/engg-niulab/yuyao/final_crop/s2_6time_legacy_center_zero_mask_32_to_224/all/emi20241005t160604p11012-A/pos_15_x238_y254/s2_year.tif,/mnt/engg-niulab/yuyao/final_crop/s2_6time_legacy_center_zero_mask_32_to_224/all/emi20241005t160604p11012-A/pos_15_x238_y254/s2_0.tif,/mnt/engg-niulab/yuyao/final_crop/s2_6time_legacy_center_zero_mask_32_to_224/all/emi20241005t160604p11012-A/pos_15_x238_y254/s2_0.tif,/mnt/engg-niulab/yuyao/final_crop/s2_6time_legacy_center_zero_mask_32_to_224/all/emi20241005t160604p11012-A/pos_15_x238_y254/s2_prev1.tif,/mnt/engg-niulab/yuyao/final_crop/s2_6time_legacy_center_zero_mask_32_to_224/all/emi20241005t160604p11012-A/pos_15_x238_y254/s2_seasonal.tif,/mnt/engg-niulab/yuyao/final_crop/s2_6time_legacy_center_zero_mask_32_to_224/all/emi20241005t160604p11012-A/pos_15_x238_y254/s2_year.tif
emi20241005t160604p11012-A,dropped_missing_required_time_or_path,0,/mnt/engg-niulab/yuyao/final_crop/s2_6time_legacy_center_zero_mask_32/all/emi20241005t160604p11012-A/neg_00_x393_y53,/mnt/engg-niulab/yuyao/final_crop/s2_6time_legacy_center_zero_mask_32/all/emi20241005t160604p11012-A/neg_00_x393_y53,/mnt/engg-niulab/yuyao/final_crop/s2_6time_legacy_center_zero_mask_32_to_224/all/emi20241005t160604p11012-A/neg_00_x393_y53/plume.tif,/mnt/engg-niulab/yuyao/final_crop/s2_6time_legacy_center_zero_mask_32_to_224/all/emi20241005t160604p11012-A/neg_00_x393_y53/plume.tif,/mnt/engg-niulab/yuyao/final_crop/s2_6time_legacy_center_zero_mask_32_to_224/all/emi20241005t160604p11012-A/neg_00_x393_y53/plume.tif,393,53,393,53,legacy_center_anchor,/mnt/engg-leung/Research_No9_Methane_Emissions/Yuyao/Dataset/plume_masks_wv3_512/emi20241005t160604p11012-A/mask_60m_512.tif,33.29570407696622,-96.52276825828434,33.29570407696622,-96.52276825828434,2024-10-05T16:06:04+00,2024-10-05T17:11:09.024000Z,2024-10-02T17:00:39.024000Z,2024-09-30T17:11:21.024000Z,2024-09-27T17:01:01.024000Z,,,/mnt/engg-niulab/yuyao/final_crop/s2_6time_legacy_center_zero_mask_32_to_224/all/emi20241005t160604p11012-A/neg_00_x393_y53/s2_0.tif,/mnt/engg-niulab/yuyao/final_crop/s2_6time_legacy_center_zero_mask_32_to_224/all/emi20241005t160604p11012-A/neg_00_x393_y53/s2_prev1.tif,/mnt/engg-niulab/yuyao/final_crop/s2_6time_legacy_center_zero_mask_32_to_224/all/emi20241005t160604p11012-A/neg_00_x393_y53/s2_prev2.tif,/mnt/engg-niulab/yuyao/final_crop/s2_6time_legacy_center_zero_mask_32_to_224/all/emi20241005t160604p11012-A/neg_00_x393_y53/s2_prev3.tif,/mnt/engg-niulab/yuyao/final_crop/s2_6time_legacy_center_zero_mask_32_to_224/all/emi20241005t160604p11012-A/neg_00_x393_y53/s2_seasonal.tif,/mnt/engg-niulab/yuyao/final_crop/s2_6time_legacy_center_zero_mask_32_to_224/all/emi20241005t160604p11012-A/neg_00_x393_y53/s2_year.tif,/mnt/engg-niulab/yuyao/final_crop/s2_6time_legacy_center_zero_mask_32_to_224/all/emi20241005t160604p11012-A/neg_00_x393_y53/s2_0.tif,/mnt/engg-niulab/yuyao/final_crop/s2_6time_legacy_center_zero_mask_32_to_224/all/emi20241005t160604p11012-A/neg_00_x393_y53/s2_0.tif,/mnt/engg-niulab/yuyao/final_crop/s2_6time_legacy_center_zero_mask_32_to_224/all/emi20241005t160604p11012-A/neg_00_x393_y53/s2_prev1.tif,/mnt/engg-niulab/yuyao/final_crop/s2_6time_legacy_center_zero_mask_32_to_224/all/emi20241005t160604p11012-A/neg_00_x393_y53/s2_seasonal.tif,/mnt/engg-niulab/yuyao/final_crop/s2_6time_legacy_center_zero_mask_32_to_224/all/emi20241005t160604p11012-A/neg_00_x393_y53/s2_year.tif
emi20241005t160604p11012-A,dropped_missing_required_time_or_path,0,/mnt/engg-niulab/yuyao/final_crop/s2_6time_legacy_center_zero_mask_32/all/emi20241005t160604p11012-A/neg_01_x70_y225,/mnt/engg-niulab/yuyao/final_crop/s2_6time_legacy_center_zero_mask_32/all/emi20241005t160604p11012-A/neg_01_x70_y225,/mnt/engg-niulab/yuyao/final_crop/s2_6time_legacy_center_zero_mask_32_to_224/all/emi20241005t160604p11012-A/neg_01_x70_y225/plume.tif,/mnt/engg-niulab/yuyao/final_crop/s2_6time_legacy_center_zero_mask_32_to_224/all/emi20241005t160604p11012-A/neg_01_x70_y225/plume.tif,/mnt/engg-niulab/yuyao/final_crop/s2_6time_legacy_center_zero_mask_32_to_224/all/emi20241005t160604p11012-A/neg_01_x70_y225/plume.tif,70,225,70,225,legacy_center_anchor,/mnt/engg-leung/Research_No9_Methane_Emissions/Yuyao/Dataset/plume_masks_wv3_512/emi20241005t160604p11012-A/mask_60m_512.tif,33.29570407696622,-96.52276825828434,33.29570407696622,-96.52276825828434,2024-10-05T16:06:04+00,2024-10-05T17:11:09.024000Z,2024-10-02T17:00:39.024000Z,2024-09-30T17:11:21.024000Z,2024-09-27T17:01:01.024000Z,,,/mnt/engg-niulab/yuyao/final_crop/s2_6time_legacy_center_zero_mask_32_to_224/all/emi20241005t160604p11012-A/neg_01_x70_y225/s2_0.tif,/mnt/engg-niulab/yuyao/final_crop/s2_6time_legacy_center_zero_mask_32_to_224/all/emi20241005t160604p11012-A/neg_01_x70_y225/s2_prev1.tif,/mnt/engg-niulab/yuyao/final_crop/s2_6time_legacy_center_zero_mask_32_to_224/all/emi20241005t160604p11012-A/neg_01_x70_y225/s2_prev2.tif,/mnt/engg-niulab/yuyao/final_crop/s2_6time_legacy_center_zero_mask_32_to_224/all/emi20241005t160604p11012-A/neg_01_x70_y225/s2_prev3.tif,/mnt/engg-niulab/yuyao/final_crop/s2_6time_legacy_center_zero_mask_32_to_224/all/emi20241005t160604p11012-A/neg_01_x70_y225/s2_seasonal.tif,/mnt/engg-niulab/yuyao/final_crop/s2_6time_legacy_center_zero_mask_32_to_224/all/emi20241005t160604p11012-A/neg_01_x70_y225/s2_year.tif,/mnt/engg-niulab/yuyao/final_crop/s2_6time_legacy_center_zero_mask_32_to_224/all/emi20241005t160604p11012-A/neg_01_x70_y225/s2_0.tif,/mnt/engg-niulab/yuyao/final_crop/s2_6time_legacy_center_zero_mask_32_to_224/all/emi20241005t160604p11012-A/neg_01_x70_y225/s2_0.tif,/mnt/engg-niulab/yuyao/final_crop/s2_6time_legacy_center_zero_mask_32_to_224/all/emi20241005t160604p11012-A/neg_01_x70_y225/s2_prev1.tif,/mnt/engg-niulab/yuyao/final_crop/s2_6time_legacy_center_zero_mask_32_to_224/all/emi20241005t160604p11012-A/neg_01_x70_y225/s2_seasonal.tif,/mnt/engg-niulab/yuyao/final_crop/s2_6time_legacy_center_zero_mask_32_to_224/all/emi20241005t160604p11012-A/neg_01_x70_y225/s2_year.tif
emi20241005t160604p11012-A,dropped_missing_required_time_or_path,0,/mnt/engg-niulab/yuyao/final_crop/s2_6time_legacy_center_zero_mask_32/all/emi20241005t160604p11012-A/neg_02_x89_y185,/mnt/engg-niulab/yuyao/final_crop/s2_6time_legacy_center_zero_mask_32/all/emi20241005t160604p11012-A/neg_02_x89_y185,/mnt/engg-niulab/yuyao/final_crop/s2_6time_legacy_center_zero_mask_32_to_224/all/emi20241005t160604p11012-A/neg_02_x89_y185/plume.tif,/mnt/engg-niulab/yuyao/final_crop/s2_6time_legacy_center_zero_mask_32_to_224/all/emi20241005t160604p11012-A/neg_02_x89_y185/plume.tif,/mnt/engg-niulab/yuyao/final_crop/s2_6time_legacy_center_zero_mask_32_to_224/all/emi20241005t160604p11012-A/neg_02_x89_y185/plume.tif,89,185,89,185,legacy_center_anchor,/mnt/engg-leung/Research_No9_Methane_Emissions/Yuyao/Dataset/plume_masks_wv3_512/emi20241005t160604p11012-A/mask_60m_512.tif,33.29570407696622,-96.52276825828434,33.29570407696622,-96.52276825828434,2024-10-05T16:06:04+00,2024-10-05T17:11:09.024000Z,2024-10-02T17:00:39.024000Z,2024-09-30T17:11:21.024000Z,2024-09-27T17:01:01.024000Z,,,/mnt/engg-niulab/yuyao/final_crop/s2_6time_legacy_center_zero_mask_32_to_224/all/emi20241005t160604p11012-A/neg_02_x89_y185/s2_0.tif,/mnt/engg-niulab/yuyao/final_crop/s2_6time_legacy_center_zero_mask_32_to_224/all/emi20241005t160604p11012-A/neg_02_x89_y185/s2_prev1.tif,/mnt/engg-niulab/yuyao/final_crop/s2_6time_legacy_center_zero_mask_32_to_224/all/emi20241005t160604p11012-A/neg_02_x89_y185/s2_prev2.tif,/mnt/engg-niulab/yuyao/final_crop/s2_6time_legacy_center_zero_mask_32_to_224/all/emi20241005t160604p11012-A/neg_02_x89_y185/s2_prev3.tif,/mnt/engg-niulab/yuyao/final_crop/s2_6time_legacy_center_zero_mask_32_to_224/all/emi20241005t160604p11012-A/neg_02_x89_y185/s2_seasonal.tif,/mnt/engg-niulab/yuyao/final_crop/s2_6time_legacy_center_zero_mask_32_to_224/all/emi20241005t160604p11012-A/neg_02_x89_y185/s2_year.tif,/mnt/engg-niulab/yuyao/final_crop/s2_6time_legacy_center_zero_mask_32_to_224/all/emi20241005t160604p11012-A/neg_02_x89_y185/s2_0.tif,/mnt/engg-niulab/yuyao/final_crop/s2_6time_legacy_center_zero_mask_32_to_224/all/emi20241005t160604p11012-A/neg_02_x89_y185/s2_0.tif,/mnt/engg-niulab/yuyao/final_crop/s2_6time_legacy_center_zero_mask_32_to_224/all/emi20241005t160604p11012-A/neg_02_x89_y185/s2_prev1.tif,/mnt/engg-niulab/yuyao/final_crop/s2_6time_legacy_center_zero_mask_32_to_224/all/emi20241005t160604p11012-A/neg_02_x89_y185/s2_seasonal.tif,/mnt/engg-niulab/yuyao/final_crop/s2_6time_legacy_center_zero_mask_32_to_224/all/emi20241005t160604p11012-A/neg_02_x89_y185/s2_year.tif
emi20241005t160604p11012-A,dropped_missing_required_time_or_path,0,/mnt/engg-niulab/yuyao/final_crop/s2_6time_legacy_center_zero_mask_32/all/emi20241005t160604p11012-A/neg_03_x167_y100,/mnt/engg-niulab/yuyao/final_crop/s2_6time_legacy_center_zero_mask_32/all/emi20241005t160604p11012-A/neg_03_x167_y100,/mnt/engg-niulab/yuyao/final_crop/s2_6time_legacy_center_zero_mask_32_to_224/all/emi20241005t160604p11012-A/neg_03_x167_y100/plume.tif,/mnt/engg-niulab/yuyao/final_crop/s2_6time_legacy_center_zero_mask_32_to_224/all/emi20241005t160604p11012-A/neg_03_x167_y100/plume.tif,/mnt/engg-niulab/yuyao/final_crop/s2_6time_legacy_center_zero_mask_32_to_224/all/emi20241005t160604p11012-A/neg_03_x167_y100/plume.tif,167,100,167,100,legacy_center_anchor,/mnt/engg-leung/Research_No9_Methane_Emissions/Yuyao/Dataset/plume_masks_wv3_512/emi20241005t160604p11012-A/mask_60m_512.tif,33.29570407696622,-96.52276825828434,33.29570407696622,-96.52276825828434,2024-10-05T16:06:04+00,2024-10-05T17:11:09.024000Z,2024-10-02T17:00:39.024000Z,2024-09-30T17:11:21.024000Z,2024-09-27T17:01:01.024000Z,,,/mnt/engg-niulab/yuyao/final_crop/s2_6time_legacy_center_zero_mask_32_to_224/all/emi20241005t160604p11012-A/neg_03_x167_y100/s2_0.tif,/mnt/engg-niulab/yuyao/final_crop/s2_6time_legacy_center_zero_mask_32_to_224/all/emi20241005t160604p11012-A/neg_03_x167_y100/s2_prev1.tif,/mnt/engg-niulab/yuyao/final_crop/s2_6time_legacy_center_zero_mask_32_to_224/all/emi20241005t160604p11012-A/neg_03_x167_y100/s2_prev2.tif,/mnt/engg-niulab/yuyao/final_crop/s2_6time_legacy_center_zero_mask_32_to_224/all/emi20241005t160604p11012-A/neg_03_x167_y100/s2_prev3.tif,/mnt/engg-niulab/yuyao/final_crop/s2_6time_legacy_center_zero_mask_32_to_224/all/emi20241005t160604p11012-A/neg_03_x167_y100/s2_seasonal.tif,/mnt/engg-niulab/yuyao/final_crop/s2_6time_legacy_center_zero_mask_32_to_224/all/emi20241005t160604p11012-A/neg_03_x167_y100/s2_year.tif,/mnt/engg-niulab/yuyao/final_crop/s2_6time_legacy_center_zero_mask_32_to_224/all/emi20241005t160604p11012-A/neg_03_x167_y100/s2_0.tif,/mnt/engg-niulab/yuyao/final_crop/s2_6time_legacy_center_zero_mask_32_to_224/all/emi20241005t160604p11012-A/neg_03_x167_y100/s2_0.tif,/mnt/engg-niulab/yuyao/final_crop/s2_6time_legacy_center_zero_mask_32_to_224/all/emi20241005t160604p11012-A/neg_03_x167_y100/s2_prev1.tif,/mnt/engg-niulab/yuyao/final_crop/s2_6time_legacy_center_zero_mask_32_to_224/all/emi20241005t160604p11012-A/neg_03_x167_y100/s2_seasonal.tif,/mnt/engg-niulab/yuyao/final_crop/s2_6time_legacy_center_zero_mask_32_to_224/all/emi20241005t160604p11012-A/neg_03_x167_y100/s2_year.tif
emi20241005t160604p11012-A,dropped_missing_required_time_or_path,0,/mnt/engg-niulab/yuyao/final_crop/s2_6time_legacy_center_zero_mask_32/all/emi20241005t160604p11012-A/neg_04_x138_y37,/mnt/engg-niulab/yuyao/final_crop/s2_6time_legacy_center_zero_mask_32/all/emi20241005t160604p11012-A/neg_04_x138_y37,/mnt/engg-niulab/yuyao/final_crop/s2_6time_legacy_center_zero_mask_32_to_224/all/emi20241005t160604p11012-A/neg_04_x138_y37/plume.tif,/mnt/engg-niulab/yuyao/final_crop/s2_6time_legacy_center_zero_mask_32_to_224/all/emi20241005t160604p11012-A/neg_04_x138_y37/plume.tif,/mnt/engg-niulab/yuyao/final_crop/s2_6time_legacy_center_zero_mask_32_to_224/all/emi20241005t160604p11012-A/neg_04_x138_y37/plume.tif,138,37,138,37,legacy_center_anchor,/mnt/engg-leung/Research_No9_Methane_Emissions/Yuyao/Dataset/plume_masks_wv3_512/emi20241005t160604p11012-A/mask_60m_512.tif,33.29570407696622,-96.52276825828434,33.29570407696622,-96.52276825828434,2024-10-05T16:06:04+00,2024-10-05T17:11:09.024000Z,2024-10-02T17:00:39.024000Z,2024-09-30T17:11:21.024000Z,2024-09-27T17:01:01.024000Z,,,/mnt/engg-niulab/yuyao/final_crop/s2_6time_legacy_center_zero_mask_32_to_224/all/emi20241005t160604p11012-A/neg_04_x138_y37/s2_0.tif,/mnt/engg-niulab/yuyao/final_crop/s2_6time_legacy_center_zero_mask_32_to_224/all/emi20241005t160604p11012-A/neg_04_x138_y37/s2_prev1.tif,/mnt/engg-niulab/yuyao/final_crop/s2_6time_legacy_center_zero_mask_32_to_224/all/emi20241005t160604p11012-A/neg_04_x138_y37/s2_prev2.tif,/mnt/engg-niulab/yuyao/final_crop/s2_6time_legacy_center_zero_mask_32_to_224/all/emi20241005t160604p11012-A/neg_04_x138_y37/s2_prev3.tif,/mnt/engg-niulab/yuyao/final_crop/s2_6time_legacy_center_zero_mask_32_to_224/all/emi20241005t160604p11012-A/neg_04_x138_y37/s2_seasonal.tif,/mnt/engg-niulab/yuyao/final_crop/s2_6time_legacy_center_zero_mask_32_to_224/all/emi20241005t160604p11012-A/neg_04_x138_y37/s2_year.tif,/mnt/engg-niulab/yuyao/final_crop/s2_6time_legacy_center_zero_mask_32_to_224/all/emi20241005t160604p11012-A/neg_04_x138_y37/s2_0.tif,/mnt/engg-niulab/yuyao/final_crop/s2_6time_legacy_center_zero_mask_32_to_224/all/emi20241005t160604p11012-A/neg_04_x138_y37/s2_0.tif,/mnt/engg-niulab/yuyao/final_crop/s2_6time_legacy_center_zero_mask_32_to_224/all/emi20241005t160604p11012-A/neg_04_x138_y37/s2_prev1.tif,/mnt/engg-niulab/yuyao/final_crop/s2_6time_legacy_center_zero_mask_32_to_224/all/emi20241005t160604p11012-A/neg_04_x138_y37/s2_seasonal.tif,/mnt/engg-niulab/yuyao/final_crop/s2_6time_legacy_center_zero_mask_32_to_224/all/emi20241005t160604p11012-A/neg_04_x138_y37/s2_year.tif
emi20241005t160604p11012-A,dropped_missing_required_time_or_path,0,/mnt/engg-niulab/yuyao/final_crop/s2_6time_legacy_center_zero_mask_32/all/emi20241005t160604p11012-A/neg_05_x268_y415,/mnt/engg-niulab/yuyao/final_crop/s2_6time_legacy_center_zero_mask_32/all/emi20241005t160604p11012-A/neg_05_x268_y415,/mnt/engg-niulab/yuyao/final_crop/s2_6time_legacy_center_zero_mask_32_to_224/all/emi20241005t160604p11012-A/neg_05_x268_y415/plume.tif,/mnt/engg-niulab/yuyao/final_crop/s2_6time_legacy_center_zero_mask_32_to_224/all/emi20241005t160604p11012-A/neg_05_x268_y415/plume.tif,/mnt/engg-niulab/yuyao/final_crop/s2_6time_legacy_center_zero_mask_32_to_224/all/emi20241005t160604p11012-A/neg_05_x268_y415/plume.tif,268,415,268,415,legacy_center_anchor,/mnt/engg-leung/Research_No9_Methane_Emissions/Yuyao/Dataset/plume_masks_wv3_512/emi20241005t160604p11012-A/mask_60m_512.tif,33.29570407696622,-96.52276825828434,33.29570407696622,-96.52276825828434,2024-10-05T16:06:04+00,2024-10-05T17:11:09.024000Z,2024-10-02T17:00:39.024000Z,2024-09-30T17:11:21.024000Z,2024-09-27T17:01:01.024000Z,,,/mnt/engg-niulab/yuyao/final_crop/s2_6time_legacy_center_zero_mask_32_to_224/all/emi20241005t160604p11012-A/neg_05_x268_y415/s2_0.tif,/mnt/engg-niulab/yuyao/final_crop/s2_6time_legacy_center_zero_mask_32_to_224/all/emi20241005t160604p11012-A/neg_05_x268_y415/s2_prev1.tif,/mnt/engg-niulab/yuyao/final_crop/s2_6time_legacy_center_zero_mask_32_to_224/all/emi20241005t160604p11012-A/neg_05_x268_y415/s2_prev2.tif,/mnt/engg-niulab/yuyao/final_crop/s2_6time_legacy_center_zero_mask_32_to_224/all/emi20241005t160604p11012-A/neg_05_x268_y415/s2_prev3.tif,/mnt/engg-niulab/yuyao/final_crop/s2_6time_legacy_center_zero_mask_32_to_224/all/emi20241005t160604p11012-A/neg_05_x268_y415/s2_seasonal.tif,/mnt/engg-niulab/yuyao/final_crop/s2_6time_legacy_center_zero_mask_32_to_224/all/emi20241005t160604p11012-A/neg_05_x268_y415/s2_year.tif,/mnt/engg-niulab/yuyao/final_crop/s2_6time_legacy_center_zero_mask_32_to_224/all/emi20241005t160604p11012-A/neg_05_x268_y415/s2_0.tif,/mnt/engg-niulab/yuyao/final_crop/s2_6time_legacy_center_zero_mask_32_to_224/all/emi20241005t160604p11012-A/neg_05_x268_y415/s2_0.tif,/mnt/engg-niulab/yuyao/final_crop/s2_6time_legacy_center_zero_mask_32_to_224/all/emi20241005t160604p11012-A/neg_05_x268_y415/s2_prev1.tif,/mnt/engg-niulab/yuyao/final_crop/s2_6time_legacy_center_zero_mask_32_to_224/all/emi20241005t160604p11012-A/neg_05_x268_y415/s2_seasonal.tif,/mnt/engg-niulab/yuyao/final_crop/s2_6time_legacy_center_zero_mask_32_to_224/all/emi20241005t160604p11012-A/neg_05_x268_y415/s2_year.tif
emi20241005t160604p11012-A,dropped_missing_required_time_or_path,0,/mnt/engg-niulab/yuyao/final_crop/s2_6time_legacy_center_zero_mask_32/all/emi20241005t160604p11012-A/neg_06_x442_y361,/mnt/engg-niulab/yuyao/final_crop/s2_6time_legacy_center_zero_mask_32/all/emi20241005t160604p11012-A/neg_06_x442_y361,/mnt/engg-niulab/yuyao/final_crop/s2_6time_legacy_center_zero_mask_32_to_224/all/emi20241005t160604p11012-A/neg_06_x442_y361/plume.tif,/mnt/engg-niulab/yuyao/final_crop/s2_6time_legacy_center_zero_mask_32_to_224/all/emi20241005t160604p11012-A/neg_06_x442_y361/plume.tif,/mnt/engg-niulab/yuyao/final_crop/s2_6time_legacy_center_zero_mask_32_to_224/all/emi20241005t160604p11012-A/neg_06_x442_y361/plume.tif,442,361,442,361,legacy_center_anchor,/mnt/engg-leung/Research_No9_Methane_Emissions/Yuyao/Dataset/plume_masks_wv3_512/emi20241005t160604p11012-A/mask_60m_512.tif,33.29570407696622,-96.52276825828434,33.29570407696622,-96.52276825828434,2024-10-05T16:06:04+00,2024-10-05T17:11:09.024000Z,2024-10-02T17:00:39.024000Z,2024-09-30T17:11:21.024000Z,2024-09-27T17:01:01.024000Z,,,/mnt/engg-niulab/yuyao/final_crop/s2_6time_legacy_center_zero_mask_32_to_224/all/emi20241005t160604p11012-A/neg_06_x442_y361/s2_0.tif,/mnt/engg-niulab/yuyao/final_crop/s2_6time_legacy_center_zero_mask_32_to_224/all/emi20241005t160604p11012-A/neg_06_x442_y361/s2_prev1.tif,/mnt/engg-niulab/yuyao/final_crop/s2_6time_legacy_center_zero_mask_32_to_224/all/emi20241005t160604p11012-A/neg_06_x442_y361/s2_prev2.tif,/mnt/engg-niulab/yuyao/final_crop/s2_6time_legacy_center_zero_mask_32_to_224/all/emi20241005t160604p11012-A/neg_06_x442_y361/s2_prev3.tif,/mnt/engg-niulab/yuyao/final_crop/s2_6time_legacy_center_zero_mask_32_to_224/all/emi20241005t160604p11012-A/neg_06_x442_y361/s2_seasonal.tif,/mnt/engg-niulab/yuyao/final_crop/s2_6time_legacy_center_zero_mask_32_to_224/all/emi20241005t160604p11012-A/neg_06_x442_y361/s2_year.tif,/mnt/engg-niulab/yuyao/final_crop/s2_6time_legacy_center_zero_mask_32_to_224/all/emi20241005t160604p11012-A/neg_06_x442_y361/s2_0.tif,/mnt/engg-niulab/yuyao/final_crop/s2_6time_legacy_center_zero_mask_32_to_224/all/emi20241005t160604p11012-A/neg_06_x442_y361/s2_0.tif,/mnt/engg-niulab/yuyao/final_crop/s2_6time_legacy_center_zero_mask_32_to_224/all/emi20241005t160604p11012-A/neg_06_x442_y361/s2_prev1.tif,/mnt/engg-niulab/yuyao/final_crop/s2_6time_legacy_center_zero_mask_32_to_224/all/emi20241005t160604p11012-A/neg_06_x442_y361/s2_seasonal.tif,/mnt/engg-niulab/yuyao/final_crop/s2_6time_legacy_center_zero_mask_32_to_224/all/emi20241005t160604p11012-A/neg_06_x442_y361/s2_year.tif
emi20241005t160604p11012-A,dropped_missing_required_time_or_path,0,/mnt/engg-niulab/yuyao/final_crop/s2_6time_legacy_center_zero_mask_32/all/emi20241005t160604p11012-A/neg_07_x259_y122,/mnt/engg-niulab/yuyao/final_crop/s2_6time_legacy_center_zero_mask_32/all/emi20241005t160604p11012-A/neg_07_x259_y122,/mnt/engg-niulab/yuyao/final_crop/s2_6time_legacy_center_zero_mask_32_to_224/all/emi20241005t160604p11012-A/neg_07_x259_y122/plume.tif,/mnt/engg-niulab/yuyao/final_crop/s2_6time_legacy_center_zero_mask_32_to_224/all/emi20241005t160604p11012-A/neg_07_x259_y122/plume.tif,/mnt/engg-niulab/yuyao/final_crop/s2_6time_legacy_center_zero_mask_32_to_224/all/emi20241005t160604p11012-A/neg_07_x259_y122/plume.tif,259,122,259,122,legacy_center_anchor,/mnt/engg-leung/Research_No9_Methane_Emissions/Yuyao/Dataset/plume_masks_wv3_512/emi20241005t160604p11012-A/mask_60m_512.tif,33.29570407696622,-96.52276825828434,33.29570407696622,-96.52276825828434,2024-10-05T16:06:04+00,2024-10-05T17:11:09.024000Z,2024-10-02T17:00:39.024000Z,2024-09-30T17:11:21.024000Z,2024-09-27T17:01:01.024000Z,,,/mnt/engg-niulab/yuyao/final_crop/s2_6time_legacy_center_zero_mask_32_to_224/all/emi20241005t160604p11012-A/neg_07_x259_y122/s2_0.tif,/mnt/engg-niulab/yuyao/final_crop/s2_6time_legacy_center_zero_mask_32_to_224/all/emi20241005t160604p11012-A/neg_07_x259_y122/s2_prev1.tif,/mnt/engg-niulab/yuyao/final_crop/s2_6time_legacy_center_zero_mask_32_to_224/all/emi20241005t160604p11012-A/neg_07_x259_y122/s2_prev2.tif,/mnt/engg-niulab/yuyao/final_crop/s2_6time_legacy_center_zero_mask_32_to_224/all/emi20241005t160604p11012-A/neg_07_x259_y122/s2_prev3.tif,/mnt/engg-niulab/yuyao/final_crop/s2_6time_legacy_center_zero_mask_32_to_224/all/emi20241005t160604p11012-A/neg_07_x259_y122/s2_seasonal.tif,/mnt/engg-niulab/yuyao/final_crop/s2_6time_legacy_center_zero_mask_32_to_224/all/emi20241005t160604p11012-A/neg_07_x259_y122/s2_year.tif,/mnt/engg-niulab/yuyao/final_crop/s2_6time_legacy_center_zero_mask_32_to_224/all/emi20241005t160604p11012-A/neg_07_x259_y122/s2_0.tif,/mnt/engg-niulab/yuyao/final_crop/s2_6time_legacy_center_zero_mask_32_to_224/all/emi20241005t160604p11012-A/neg_07_x259_y122/s2_0.tif,/mnt/engg-niulab/yuyao/final_crop/s2_6time_legacy_center_zero_mask_32_to_224/all/emi20241005t160604p11012-A/neg_07_x259_y122/s2_prev1.tif,/mnt/engg-niulab/yuyao/final_crop/s2_6time_legacy_center_zero_mask_32_to_224/all/emi20241005t160604p11012-A/neg_07_x259_y122/s2_seasonal.tif,/mnt/engg-niulab/yuyao/final_crop/s2_6time_legacy_center_zero_mask_32_to_224/all/emi20241005t160604p11012-A/neg_07_x259_y122/s2_year.tif
emi20241005t160604p11012-A,dropped_missing_required_time_or_path,0,/mnt/engg-niulab/yuyao/final_crop/s2_6time_legacy_center_zero_mask_32/all/emi20241005t160604p11012-A/neg_08_x128_y162,/mnt/engg-niulab/yuyao/final_crop/s2_6time_legacy_center_zero_mask_32/all/emi20241005t160604p11012-A/neg_08_x128_y162,/mnt/engg-niulab/yuyao/final_crop/s2_6time_legacy_center_zero_mask_32_to_224/all/emi20241005t160604p11012-A/neg_08_x128_y162/plume.tif,/mnt/engg-niulab/yuyao/final_crop/s2_6time_legacy_center_zero_mask_32_to_224/all/emi20241005t160604p11012-A/neg_08_x128_y162/plume.tif,/mnt/engg-niulab/yuyao/final_crop/s2_6time_legacy_center_zero_mask_32_to_224/all/emi20241005t160604p11012-A/neg_08_x128_y162/plume.tif,128,162,128,162,legacy_center_anchor,/mnt/engg-leung/Research_No9_Methane_Emissions/Yuyao/Dataset/plume_masks_wv3_512/emi20241005t160604p11012-A/mask_60m_512.tif,33.29570407696622,-96.52276825828434,33.29570407696622,-96.52276825828434,2024-10-05T16:06:04+00,2024-10-05T17:11:09.024000Z,2024-10-02T17:00:39.024000Z,2024-09-30T17:11:21.024000Z,2024-09-27T17:01:01.024000Z,,,/mnt/engg-niulab/yuyao/final_crop/s2_6time_legacy_center_zero_mask_32_to_224/all/emi20241005t160604p11012-A/neg_08_x128_y162/s2_0.tif,/mnt/engg-niulab/yuyao/final_crop/s2_6time_legacy_center_zero_mask_32_to_224/all/emi20241005t160604p11012-A/neg_08_x128_y162/s2_prev1.tif,/mnt/engg-niulab/yuyao/final_crop/s2_6time_legacy_center_zero_mask_32_to_224/all/emi20241005t160604p11012-A/neg_08_x128_y162/s2_prev2.tif,/mnt/engg-niulab/yuyao/final_crop/s2_6time_legacy_center_zero_mask_32_to_224/all/emi20241005t160604p11012-A/neg_08_x128_y162/s2_prev3.tif,/mnt/engg-niulab/yuyao/final_crop/s2_6time_legacy_center_zero_mask_32_to_224/all/emi20241005t160604p11012-A/neg_08_x128_y162/s2_seasonal.tif,/mnt/engg-niulab/yuyao/final_crop/s2_6time_legacy_center_zero_mask_32_to_224/all/emi20241005t160604p11012-A/neg_08_x128_y162/s2_year.tif,/mnt/engg-niulab/yuyao/final_crop/s2_6time_legacy_center_zero_mask_32_to_224/all/emi20241005t160604p11012-A/neg_08_x128_y162/s2_0.tif,/mnt/engg-niulab/yuyao/final_crop/s2_6time_legacy_center_zero_mask_32_to_224/all/emi20241005t160604p11012-A/neg_08_x128_y162/s2_0.tif,/mnt/engg-niulab/yuyao/final_crop/s2_6time_legacy_center_zero_mask_32_to_224/all/emi20241005t160604p11012-A/neg_08_x128_y162/s2_prev1.tif,/mnt/engg-niulab/yuyao/final_crop/s2_6time_legacy_center_zero_mask_32_to_224/all/emi20241005t160604p11012-A/neg_08_x128_y162/s2_seasonal.tif,/mnt/engg-niulab/yuyao/final_crop/s2_6time_legacy_center_zero_mask_32_to_224/all/emi20241005t160604p11012-A/neg_08_x128_y162/s2_year.tif
emi20241005t160604p11012-A,dropped_missing_required_time_or_path,0,/mnt/engg-niulab/yuyao/final_crop/s2_6time_legacy_center_zero_mask_32/all/emi20241005t160604p11012-A/neg_09_x134_y297,/mnt/engg-niulab/yuyao/final_crop/s2_6time_legacy_center_zero_mask_32/all/emi20241005t160604p11012-A/neg_09_x134_y297,/mnt/engg-niulab/yuyao/final_crop/s2_6time_legacy_center_zero_mask_32_to_224/all/emi20241005t160604p11012-A/neg_09_x134_y297/plume.tif,/mnt/engg-niulab/yuyao/final_crop/s2_6time_legacy_center_zero_mask_32_to_224/all/emi20241005t160604p11012-A/neg_09_x134_y297/plume.tif,/mnt/engg-niulab/yuyao/final_crop/s2_6time_legacy_center_zero_mask_32_to_224/all/emi20241005t160604p11012-A/neg_09_x134_y297/plume.tif,134,297,134,297,legacy_center_anchor,/mnt/engg-leung/Research_No9_Methane_Emissions/Yuyao/Dataset/plume_masks_wv3_512/emi20241005t160604p11012-A/mask_60m_512.tif,33.29570407696622,-96.52276825828434,33.29570407696622,-96.52276825828434,2024-10-05T16:06:04+00,2024-10-05T17:11:09.024000Z,2024-10-02T17:00:39.024000Z,2024-09-30T17:11:21.024000Z,2024-09-27T17:01:01.024000Z,,,/mnt/engg-niulab/yuyao/final_crop/s2_6time_legacy_center_zero_mask_32_to_224/all/emi20241005t160604p11012-A/neg_09_x134_y297/s2_0.tif,/mnt/engg-niulab/yuyao/final_crop/s2_6time_legacy_center_zero_mask_32_to_224/all/emi20241005t160604p11012-A/neg_09_x134_y297/s2_prev1.tif,/mnt/engg-niulab/yuyao/final_crop/s2_6time_legacy_center_zero_mask_32_to_224/all/emi20241005t160604p11012-A/neg_09_x134_y297/s2_prev2.tif,/mnt/engg-niulab/yuyao/final_crop/s2_6time_legacy_center_zero_mask_32_to_224/all/emi20241005t160604p11012-A/neg_09_x134_y297/s2_prev3.tif,/mnt/engg-niulab/yuyao/final_crop/s2_6time_legacy_center_zero_mask_32_to_224/all/emi20241005t160604p11012-A/neg_09_x134_y297/s2_seasonal.tif,/mnt/engg-niulab/yuyao/final_crop/s2_6time_legacy_center_zero_mask_32_to_224/all/emi20241005t160604p11012-A/neg_09_x134_y297/s2_year.tif,/mnt/engg-niulab/yuyao/final_crop/s2_6time_legacy_center_zero_mask_32_to_224/all/emi20241005t160604p11012-A/neg_09_x134_y297/s2_0.tif,/mnt/engg-niulab/yuyao/final_crop/s2_6time_legacy_center_zero_mask_32_to_224/all/emi20241005t160604p11012-A/neg_09_x134_y297/s2_0.tif,/mnt/engg-niulab/yuyao/final_crop/s2_6time_legacy_center_zero_mask_32_to_224/all/emi20241005t160604p11012-A/neg_09_x134_y297/s2_prev1.tif,/mnt/engg-niulab/yuyao/final_crop/s2_6time_legacy_center_zero_mask_32_to_224/all/emi20241005t160604p11012-A/neg_09_x134_y297/s2_seasonal.tif,/mnt/engg-niulab/yuyao/final_crop/s2_6time_legacy_center_zero_mask_32_to_224/all/emi20241005t160604p11012-A/neg_09_x134_y297/s2_year.tif
emi20241005t160604p11012-A,dropped_missing_required_time_or_path,0,/mnt/engg-niulab/yuyao/final_crop/s2_6time_legacy_center_zero_mask_32/all/emi20241005t160604p11012-A/neg_10_x8_y407,/mnt/engg-niulab/yuyao/final_crop/s2_6time_legacy_center_zero_mask_32/all/emi20241005t160604p11012-A/neg_10_x8_y407,/mnt/engg-niulab/yuyao/final_crop/s2_6time_legacy_center_zero_mask_32_to_224/all/emi20241005t160604p11012-A/neg_10_x8_y407/plume.tif,/mnt/engg-niulab/yuyao/final_crop/s2_6time_legacy_center_zero_mask_32_to_224/all/emi20241005t160604p11012-A/neg_10_x8_y407/plume.tif,/mnt/engg-niulab/yuyao/final_crop/s2_6time_legacy_center_zero_mask_32_to_224/all/emi20241005t160604p11012-A/neg_10_x8_y407/plume.tif,8,407,8,407,legacy_center_anchor,/mnt/engg-leung/Research_No9_Methane_Emissions/Yuyao/Dataset/plume_masks_wv3_512/emi20241005t160604p11012-A/mask_60m_512.tif,33.29570407696622,-96.52276825828434,33.29570407696622,-96.52276825828434,2024-10-05T16:06:04+00,2024-10-05T17:11:09.024000Z,2024-10-02T17:00:39.024000Z,2024-09-30T17:11:21.024000Z,2024-09-27T17:01:01.024000Z,,,/mnt/engg-niulab/yuyao/final_crop/s2_6time_legacy_center_zero_mask_32_to_224/all/emi20241005t160604p11012-A/neg_10_x8_y407/s2_0.tif,/mnt/engg-niulab/yuyao/final_crop/s2_6time_legacy_center_zero_mask_32_to_224/all/emi20241005t160604p11012-A/neg_10_x8_y407/s2_prev1.tif,/mnt/engg-niulab/yuyao/final_crop/s2_6time_legacy_center_zero_mask_32_to_224/all/emi20241005t160604p11012-A/neg_10_x8_y407/s2_prev2.tif,/mnt/engg-niulab/yuyao/final_crop/s2_6time_legacy_center_zero_mask_32_to_224/all/emi20241005t160604p11012-A/neg_10_x8_y407/s2_prev3.tif,/mnt/engg-niulab/yuyao/final_crop/s2_6time_legacy_center_zero_mask_32_to_224/all/emi20241005t160604p11012-A/neg_10_x8_y407/s2_seasonal.tif,/mnt/engg-niulab/yuyao/final_crop/s2_6time_legacy_center_zero_mask_32_to_224/all/emi20241005t160604p11012-A/neg_10_x8_y407/s2_year.tif,/mnt/engg-niulab/yuyao/final_crop/s2_6time_legacy_center_zero_mask_32_to_224/all/emi20241005t160604p11012-A/neg_10_x8_y407/s2_0.tif,/mnt/engg-niulab/yuyao/final_crop/s2_6time_legacy_center_zero_mask_32_to_224/all/emi20241005t160604p11012-A/neg_10_x8_y407/s2_0.tif,/mnt/engg-niulab/yuyao/final_crop/s2_6time_legacy_center_zero_mask_32_to_224/all/emi20241005t160604p11012-A/neg_10_x8_y407/s2_prev1.tif,/mnt/engg-niulab/yuyao/final_crop/s2_6time_legacy_center_zero_mask_32_to_224/all/emi20241005t160604p11012-A/neg_10_x8_y407/s2_seasonal.tif,/mnt/engg-niulab/yuyao/final_crop/s2_6time_legacy_center_zero_mask_32_to_224/all/emi20241005t160604p11012-A/neg_10_x8_y407/s2_year.tif
emi20241005t160604p11012-A,dropped_missing_required_time_or_path,0,/mnt/engg-niulab/yuyao/final_crop/s2_6time_legacy_center_zero_mask_32/all/emi20241005t160604p11012-A/neg_11_x97_y464,/mnt/engg-niulab/yuyao/final_crop/s2_6time_legacy_center_zero_mask_32/all/emi20241005t160604p11012-A/neg_11_x97_y464,/mnt/engg-niulab/yuyao/final_crop/s2_6time_legacy_center_zero_mask_32_to_224/all/emi20241005t160604p11012-A/neg_11_x97_y464/plume.tif,/mnt/engg-niulab/yuyao/final_crop/s2_6time_legacy_center_zero_mask_32_to_224/all/emi20241005t160604p11012-A/neg_11_x97_y464/plume.tif,/mnt/engg-niulab/yuyao/final_crop/s2_6time_legacy_center_zero_mask_32_to_224/all/emi20241005t160604p11012-A/neg_11_x97_y464/plume.tif,97,464,97,464,legacy_center_anchor,/mnt/engg-leung/Research_No9_Methane_Emissions/Yuyao/Dataset/plume_masks_wv3_512/emi20241005t160604p11012-A/mask_60m_512.tif,33.29570407696622,-96.52276825828434,33.29570407696622,-96.52276825828434,2024-10-05T16:06:04+00,2024-10-05T17:11:09.024000Z,2024-10-02T17:00:39.024000Z,2024-09-30T17:11:21.024000Z,2024-09-27T17:01:01.024000Z,,,/mnt/engg-niulab/yuyao/final_crop/s2_6time_legacy_center_zero_mask_32_to_224/all/emi20241005t160604p11012-A/neg_11_x97_y464/s2_0.tif,/mnt/engg-niulab/yuyao/final_crop/s2_6time_legacy_center_zero_mask_32_to_224/all/emi20241005t160604p11012-A/neg_11_x97_y464/s2_prev1.tif,/mnt/engg-niulab/yuyao/final_crop/s2_6time_legacy_center_zero_mask_32_to_224/all/emi20241005t160604p11012-A/neg_11_x97_y464/s2_prev2.tif,/mnt/engg-niulab/yuyao/final_crop/s2_6time_legacy_center_zero_mask_32_to_224/all/emi20241005t160604p11012-A/neg_11_x97_y464/s2_prev3.tif,/mnt/engg-niulab/yuyao/final_crop/s2_6time_legacy_center_zero_mask_32_to_224/all/emi20241005t160604p11012-A/neg_11_x97_y464/s2_seasonal.tif,/mnt/engg-niulab/yuyao/final_crop/s2_6time_legacy_center_zero_mask_32_to_224/all/emi20241005t160604p11012-A/neg_11_x97_y464/s2_year.tif,/mnt/engg-niulab/yuyao/final_crop/s2_6time_legacy_center_zero_mask_32_to_224/all/emi20241005t160604p11012-A/neg_11_x97_y464/s2_0.tif,/mnt/engg-niulab/yuyao/final_crop/s2_6time_legacy_center_zero_mask_32_to_224/all/emi20241005t160604p11012-A/neg_11_x97_y464/s2_0.tif,/mnt/engg-niulab/yuyao/final_crop/s2_6time_legacy_center_zero_mask_32_to_224/all/emi20241005t160604p11012-A/neg_11_x97_y464/s2_prev1.tif,/mnt/engg-niulab/yuyao/final_crop/s2_6time_legacy_center_zero_mask_32_to_224/all/emi20241005t160604p11012-A/neg_11_x97_y464/s2_seasonal.tif,/mnt/engg-niulab/yuyao/final_crop/s2_6time_legacy_center_zero_mask_32_to_224/all/emi20241005t160604p11012-A/neg_11_x97_y464/s2_year.tif
emi20241005t160604p11012-A,dropped_missing_required_time_or_path,0,/mnt/engg-niulab/yuyao/final_crop/s2_6time_legacy_center_zero_mask_32/all/emi20241005t160604p11012-A/neg_12_x238_y297,/mnt/engg-niulab/yuyao/final_crop/s2_6time_legacy_center_zero_mask_32/all/emi20241005t160604p11012-A/neg_12_x238_y297,/mnt/engg-niulab/yuyao/final_crop/s2_6time_legacy_center_zero_mask_32_to_224/all/emi20241005t160604p11012-A/neg_12_x238_y297/plume.tif,/mnt/engg-niulab/yuyao/final_crop/s2_6time_legacy_center_zero_mask_32_to_224/all/emi20241005t160604p11012-A/neg_12_x238_y297/plume.tif,/mnt/engg-niulab/yuyao/final_crop/s2_6time_legacy_center_zero_mask_32_to_224/all/emi20241005t160604p11012-A/neg_12_x238_y297/plume.tif,238,297,238,297,legacy_center_anchor,/mnt/engg-leung/Research_No9_Methane_Emissions/Yuyao/Dataset/plume_masks_wv3_512/emi20241005t160604p11012-A/mask_60m_512.tif,33.29570407696622,-96.52276825828434,33.29570407696622,-96.52276825828434,2024-10-05T16:06:04+00,2024-10-05T17:11:09.024000Z,2024-10-02T17:00:39.024000Z,2024-09-30T17:11:21.024000Z,2024-09-27T17:01:01.024000Z,,,/mnt/engg-niulab/yuyao/final_crop/s2_6time_legacy_center_zero_mask_32_to_224/all/emi20241005t160604p11012-A/neg_12_x238_y297/s2_0.tif,/mnt/engg-niulab/yuyao/final_crop/s2_6time_legacy_center_zero_mask_32_to_224/all/emi20241005t160604p11012-A/neg_12_x238_y297/s2_prev1.tif,/mnt/engg-niulab/yuyao/final_crop/s2_6time_legacy_center_zero_mask_32_to_224/all/emi20241005t160604p11012-A/neg_12_x238_y297/s2_prev2.tif,/mnt/engg-niulab/yuyao/final_crop/s2_6time_legacy_center_zero_mask_32_to_224/all/emi20241005t160604p11012-A/neg_12_x238_y297/s2_prev3.tif,/mnt/engg-niulab/yuyao/final_crop/s2_6time_legacy_center_zero_mask_32_to_224/all/emi20241005t160604p11012-A/neg_12_x238_y297/s2_seasonal.tif,/mnt/engg-niulab/yuyao/final_crop/s2_6time_legacy_center_zero_mask_32_to_224/all/emi20241005t160604p11012-A/neg_12_x238_y297/s2_year.tif,/mnt/engg-niulab/yuyao/final_crop/s2_6time_legacy_center_zero_mask_32_to_224/all/emi20241005t160604p11012-A/neg_12_x238_y297/s2_0.tif,/mnt/engg-niulab/yuyao/final_crop/s2_6time_legacy_center_zero_mask_32_to_224/all/emi20241005t160604p11012-A/neg_12_x238_y297/s2_0.tif,/mnt/engg-niulab/yuyao/final_crop/s2_6time_legacy_center_zero_mask_32_to_224/all/emi20241005t160604p11012-A/neg_12_x238_y297/s2_prev1.tif,/mnt/engg-niulab/yuyao/final_crop/s2_6time_legacy_center_zero_mask_32_to_224/all/emi20241005t160604p11012-A/neg_12_x238_y297/s2_seasonal.tif,/mnt/engg-niulab/yuyao/final_crop/s2_6time_legacy_center_zero_mask_32_to_224/all/emi20241005t160604p11012-A/neg_12_x238_y297/s2_year.tif
emi20241005t160604p11012-A,dropped_missing_required_time_or_path,0,/mnt/engg-niulab/yuyao/final_crop/s2_6time_legacy_center_zero_mask_32/all/emi20241005t160604p11012-A/neg_13_x410_y81,/mnt/engg-niulab/yuyao/final_crop/s2_6time_legacy_center_zero_mask_32/all/emi20241005t160604p11012-A/neg_13_x410_y81,/mnt/engg-niulab/yuyao/final_crop/s2_6time_legacy_center_zero_mask_32_to_224/all/emi20241005t160604p11012-A/neg_13_x410_y81/plume.tif,/mnt/engg-niulab/yuyao/final_crop/s2_6time_legacy_center_zero_mask_32_to_224/all/emi20241005t160604p11012-A/neg_13_x410_y81/plume.tif,/mnt/engg-niulab/yuyao/final_crop/s2_6time_legacy_center_zero_mask_32_to_224/all/emi20241005t160604p11012-A/neg_13_x410_y81/plume.tif,410,81,410,81,legacy_center_anchor,/mnt/engg-leung/Research_No9_Methane_Emissions/Yuyao/Dataset/plume_masks_wv3_512/emi20241005t160604p11012-A/mask_60m_512.tif,33.29570407696622,-96.52276825828434,33.29570407696622,-96.52276825828434,2024-10-05T16:06:04+00,2024-10-05T17:11:09.024000Z,2024-10-02T17:00:39.024000Z,2024-09-30T17:11:21.024000Z,2024-09-27T17:01:01.024000Z,,,/mnt/engg-niulab/yuyao/final_crop/s2_6time_legacy_center_zero_mask_32_to_224/all/emi20241005t160604p11012-A/neg_13_x410_y81/s2_0.tif,/mnt/engg-niulab/yuyao/final_crop/s2_6time_legacy_center_zero_mask_32_to_224/all/emi20241005t160604p11012-A/neg_13_x410_y81/s2_prev1.tif,/mnt/engg-niulab/yuyao/final_crop/s2_6time_legacy_center_zero_mask_32_to_224/all/emi20241005t160604p11012-A/neg_13_x410_y81/s2_prev2.tif,/mnt/engg-niulab/yuyao/final_crop/s2_6time_legacy_center_zero_mask_32_to_224/all/emi20241005t160604p11012-A/neg_13_x410_y81/s2_prev3.tif,/mnt/engg-niulab/yuyao/final_crop/s2_6time_legacy_center_zero_mask_32_to_224/all/emi20241005t160604p11012-A/neg_13_x410_y81/s2_seasonal.tif,/mnt/engg-niulab/yuyao/final_crop/s2_6time_legacy_center_zero_mask_32_to_224/all/emi20241005t160604p11012-A/neg_13_x410_y81/s2_year.tif,/mnt/engg-niulab/yuyao/final_crop/s2_6time_legacy_center_zero_mask_32_to_224/all/emi20241005t160604p11012-A/neg_13_x410_y81/s2_0.tif,/mnt/engg-niulab/yuyao/final_crop/s2_6time_legacy_center_zero_mask_32_to_224/all/emi20241005t160604p11012-A/neg_13_x410_y81/s2_0.tif,/mnt/engg-niulab/yuyao/final_crop/s2_6time_legacy_center_zero_mask_32_to_224/all/emi20241005t160604p11012-A/neg_13_x410_y81/s2_prev1.tif,/mnt/engg-niulab/yuyao/final_crop/s2_6time_legacy_center_zero_mask_32_to_224/all/emi20241005t160604p11012-A/neg_13_x410_y81/s2_seasonal.tif,/mnt/engg-niulab/yuyao/final_crop/s2_6time_legacy_center_zero_mask_32_to_224/all/emi20241005t160604p11012-A/neg_13_x410_y81/s2_year.tif
emi20241005t160604p11012-A,dropped_missing_required_time_or_path,0,/mnt/engg-niulab/yuyao/final_crop/s2_6time_legacy_center_zero_mask_32/all/emi20241005t160604p11012-A/neg_14_x215_y32,/mnt/engg-niulab/yuyao/final_crop/s2_6time_legacy_center_zero_mask_32/all/emi20241005t160604p11012-A/neg_14_x215_y32,/mnt/engg-niulab/yuyao/final_crop/s2_6time_legacy_center_zero_mask_32_to_224/all/emi20241005t160604p11012-A/neg_14_x215_y32/plume.tif,/mnt/engg-niulab/yuyao/final_crop/s2_6time_legacy_center_zero_mask_32_to_224/all/emi20241005t160604p11012-A/neg_14_x215_y32/plume.tif,/mnt/engg-niulab/yuyao/final_crop/s2_6time_legacy_center_zero_mask_32_to_224/all/emi20241005t160604p11012-A/neg_14_x215_y32/plume.tif,215,32,215,32,legacy_center_anchor,/mnt/engg-leung/Research_No9_Methane_Emissions/Yuyao/Dataset/plume_masks_wv3_512/emi20241005t160604p11012-A/mask_60m_512.tif,33.29570407696622,-96.52276825828434,33.29570407696622,-96.52276825828434,2024-10-05T16:06:04+00,2024-10-05T17:11:09.024000Z,2024-10-02T17:00:39.024000Z,2024-09-30T17:11:21.024000Z,2024-09-27T17:01:01.024000Z,,,/mnt/engg-niulab/yuyao/final_crop/s2_6time_legacy_center_zero_mask_32_to_224/all/emi20241005t160604p11012-A/neg_14_x215_y32/s2_0.tif,/mnt/engg-niulab/yuyao/final_crop/s2_6time_legacy_center_zero_mask_32_to_224/all/emi20241005t160604p11012-A/neg_14_x215_y32/s2_prev1.tif,/mnt/engg-niulab/yuyao/final_crop/s2_6time_legacy_center_zero_mask_32_to_224/all/emi20241005t160604p11012-A/neg_14_x215_y32/s2_prev2.tif,/mnt/engg-niulab/yuyao/final_crop/s2_6time_legacy_center_zero_mask_32_to_224/all/emi20241005t160604p11012-A/neg_14_x215_y32/s2_prev3.tif,/mnt/engg-niulab/yuyao/final_crop/s2_6time_legacy_center_zero_mask_32_to_224/all/emi20241005t160604p11012-A/neg_14_x215_y32/s2_seasonal.tif,/mnt/engg-niulab/yuyao/final_crop/s2_6time_legacy_center_zero_mask_32_to_224/all/emi20241005t160604p11012-A/neg_14_x215_y32/s2_year.tif,/mnt/engg-niulab/yuyao/final_crop/s2_6time_legacy_center_zero_mask_32_to_224/all/emi20241005t160604p11012-A/neg_14_x215_y32/s2_0.tif,/mnt/engg-niulab/yuyao/final_crop/s2_6time_legacy_center_zero_mask_32_to_224/all/emi20241005t160604p11012-A/neg_14_x215_y32/s2_0.tif,/mnt/engg-niulab/yuyao/final_crop/s2_6time_legacy_center_zero_mask_32_to_224/all/emi20241005t160604p11012-A/neg_14_x215_y32/s2_prev1.tif,/mnt/engg-niulab/yuyao/final_crop/s2_6time_legacy_center_zero_mask_32_to_224/all/emi20241005t160604p11012-A/neg_14_x215_y32/s2_seasonal.tif,/mnt/engg-niulab/yuyao/final_crop/s2_6time_legacy_center_zero_mask_32_to_224/all/emi20241005t160604p11012-A/neg_14_x215_y32/s2_year.tif
emi20241005t160604p11012-A,dropped_missing_required_time_or_path,0,/mnt/engg-niulab/yuyao/final_crop/s2_6time_legacy_center_zero_mask_32/all/emi20241005t160604p11012-A/neg_15_x385_y160,/mnt/engg-niulab/yuyao/final_crop/s2_6time_legacy_center_zero_mask_32/all/emi20241005t160604p11012-A/neg_15_x385_y160,/mnt/engg-niulab/yuyao/final_crop/s2_6time_legacy_center_zero_mask_32_to_224/all/emi20241005t160604p11012-A/neg_15_x385_y160/plume.tif,/mnt/engg-niulab/yuyao/final_crop/s2_6time_legacy_center_zero_mask_32_to_224/all/emi20241005t160604p11012-A/neg_15_x385_y160/plume.tif,/mnt/engg-niulab/yuyao/final_crop/s2_6time_legacy_center_zero_mask_32_to_224/all/emi20241005t160604p11012-A/neg_15_x385_y160/plume.tif,385,160,385,160,legacy_center_anchor,/mnt/engg-leung/Research_No9_Methane_Emissions/Yuyao/Dataset/plume_masks_wv3_512/emi20241005t160604p11012-A/mask_60m_512.tif,33.29570407696622,-96.52276825828434,33.29570407696622,-96.52276825828434,2024-10-05T16:06:04+00,2024-10-05T17:11:09.024000Z,2024-10-02T17:00:39.024000Z,2024-09-30T17:11:21.024000Z,2024-09-27T17:01:01.024000Z,,,/mnt/engg-niulab/yuyao/final_crop/s2_6time_legacy_center_zero_mask_32_to_224/all/emi20241005t160604p11012-A/neg_15_x385_y160/s2_0.tif,/mnt/engg-niulab/yuyao/final_crop/s2_6time_legacy_center_zero_mask_32_to_224/all/emi20241005t160604p11012-A/neg_15_x385_y160/s2_prev1.tif,/mnt/engg-niulab/yuyao/final_crop/s2_6time_legacy_center_zero_mask_32_to_224/all/emi20241005t160604p11012-A/neg_15_x385_y160/s2_prev2.tif,/mnt/engg-niulab/yuyao/final_crop/s2_6time_legacy_center_zero_mask_32_to_224/all/emi20241005t160604p11012-A/neg_15_x385_y160/s2_prev3.tif,/mnt/engg-niulab/yuyao/final_crop/s2_6time_legacy_center_zero_mask_32_to_224/all/emi20241005t160604p11012-A/neg_15_x385_y160/s2_seasonal.tif,/mnt/engg-niulab/yuyao/final_crop/s2_6time_legacy_center_zero_mask_32_to_224/all/emi20241005t160604p11012-A/neg_15_x385_y160/s2_year.tif,/mnt/engg-niulab/yuyao/final_crop/s2_6time_legacy_center_zero_mask_32_to_224/all/emi20241005t160604p11012-A/neg_15_x385_y160/s2_0.tif,/mnt/engg-niulab/yuyao/final_crop/s2_6time_legacy_center_zero_mask_32_to_224/all/emi20241005t160604p11012-A/neg_15_x385_y160/s2_0.tif,/mnt/engg-niulab/yuyao/final_crop/s2_6time_legacy_center_zero_mask_32_to_224/all/emi20241005t160604p11012-A/neg_15_x385_y160/s2_prev1.tif,/mnt/engg-niulab/yuyao/final_crop/s2_6time_legacy_center_zero_mask_32_to_224/all/emi20241005t160604p11012-A/neg_15_x385_y160/s2_seasonal.tif,/mnt/engg-niulab/yuyao/final_crop/s2_6time_legacy_center_zero_mask_32_to_224/all/emi20241005t160604p11012-A/neg_15_x385_y160/s2_year.tif
