plume_id,event_group_id,status,reason,physical_t0,gee_only_t0,physical_prev1,gee_only_prev1,physical_prev2,gee_only_prev2,physical_prev3,gee_only_prev3,physical_seasonal,gee_only_seasonal,physical_year,gee_only_year,physical_raw_cm_mask
GAO20191010t145854p0000-A,GAO20191010t145854p0000,ok,,1,1,1,1,1,1,1,1,1,1,1,1,1
GAO20191010t145854p0000-B,GAO20191010t145854p0000,ok,,1,1,1,1,1,1,1,1,1,1,1,1,1
GAO20191010t145854p0000-C,GAO20191010t145854p0000,ok,,1,1,1,1,1,1,1,1,1,1,1,1,1
GAO20191010t151827p0000-A,GAO20191010t151827p0000,ok,,1,1,1,1,1,1,1,1,1,1,1,1,1
GAO20191010t153310p0000-A,GAO20191010t153310p0000,ok,,1,1,1,1,1,1,1,1,1,1,1,1,1
GAO20191010t153310p0000-B,GAO20191010t153310p0000,ok,,1,1,1,1,1,1,1,1,1,1,1,1,1
GAO20191010t153310p0000-C,GAO20191010t153310p0000,ok,,1,1,1,1,1,1,1,1,1,1,1,1,1
GAO20191010t153310p0000-D,GAO20191010t153310p0000,ok,,1,1,1,1,1,1,1,1,1,1,1,1,1
GAO20191010t153310p0000-E,GAO20191010t153310p0000,ok,,1,1,1,1,1,1,1,1,1,1,1,1,1
GAO20191010t153310p0000-F,GAO20191010t153310p0000,ok,,1,1,1,1,1,1,1,1,1,1,1,1,1
GAO20191010t153310p0000-G,GAO20191010t153310p0000,ok,,1,1,1,1,1,1,1,1,1,1,1,1,1
GAO20191010t153310p0000-H,GAO20191010t153310p0000,ok,,1,1,1,1,1,1,1,1,1,1,1,1,1
GAO20191010t155244p0000-A,GAO20191010t155244p0000,ok,,1,1,1,1,1,1,1,1,1,1,1,1,1
GAO20191010t155244p0000-B,GAO20191010t155244p0000,ok,,1,1,1,1,1,1,1,1,1,1,1,1,1
GAO20191010t155244p0000-C,GAO20191010t155244p0000,ok,,1,1,1,1,1,1,1,1,1,1,1,1,1
GAO20191010t155244p0000-D,GAO20191010t155244p0000,ok,,1,1,1,1,1,1,1,1,1,1,1,1,1
GAO20191010t155244p0000-E,GAO20191010t155244p0000,ok,,1,1,1,1,1,1,1,1,1,1,1,1,1
GAO20191010t160715p0000-A,GAO20191010t160715p0000,ok,,1,1,1,1,1,1,1,1,1,1,1,1,1
GAO20191010t160715p0000-B,GAO20191010t160715p0000,ok,,1,1,1,1,1,1,1,1,1,1,1,1,1
GAO20191010t160715p0000-C,GAO20191010t160715p0000,ok,,1,1,1,1,1,1,1,1,1,1,1,1,1
GAO20191010t162620p0000-A,GAO20191010t162620p0000,ok,,1,1,1,1,1,1,1,1,1,1,1,1,1
GAO20191010t162620p0000-B,GAO20191010t162620p0000,ok,,1,1,1,1,1,1,1,1,1,1,1,1,1
GAO20191010t162620p0000-C,GAO20191010t162620p0000,ok,,1,1,1,1,1,1,1,1,1,1,1,1,1
GAO20191010t162620p0000-D,GAO20191010t162620p0000,ok,,1,1,1,1,1,1,1,1,1,1,1,1,1
GAO20191010t162620p0000-E,GAO20191010t162620p0000,ok,,1,1,1,1,1,1,1,1,1,1,1,1,1
GAO20191010t162620p0000-F,GAO20191010t162620p0000,ok,,1,1,1,1,1,1,1,1,1,1,1,1,1
GAO20191010t162620p0000-G,GAO20191010t162620p0000,ok,,1,1,1,1,1,1,1,1,1,1,1,1,1
GAO20191010t162620p0000-H,GAO20191010t162620p0000,ok,,1,1,1,1,1,1,1,1,1,1,1,1,1
GAO20191010t164043p0000-A,GAO20191010t164043p0000,ok,,1,1,1,1,1,1,1,1,1,1,1,1,1
GAO20191010t164043p0000-B,GAO20191010t164043p0000,ok,,1,1,1,1,1,1,1,1,1,1,1,1,1
GAO20191010t164043p0000-C,GAO20191010t164043p0000,ok,,1,1,1,1,1,1,1,1,1,1,1,1,1
GAO20191010t164043p0000-D,GAO20191010t164043p0000,ok,,1,1,1,1,1,1,1,1,1,1,1,1,1
GAO20191010t164043p0000-E,GAO20191010t164043p0000,ok,,1,1,1,1,1,1,1,1,1,1,1,1,1
GAO20191010t164043p0000-F,GAO20191010t164043p0000,ok,,1,1,1,1,1,1,1,1,1,1,1,1,1
GAO20191010t164043p0000-G,GAO20191010t164043p0000,ok,,1,1,1,1,1,1,1,1,1,1,1,1,1
GAO20191010t164043p0000-H,GAO20191010t164043p0000,ok,,1,1,1,1,1,1,1,1,1,1,1,1,1
GAO20191010t164043p0000-I,GAO20191010t164043p0000,ok,,1,1,1,1,1,1,1,1,1,1,1,1,1
GAO20191010t164043p0000-J,GAO20191010t164043p0000,ok,,1,1,1,1,1,1,1,1,1,1,1,1,1
GAO20191010t164043p0000-K,GAO20191010t164043p0000,ok,,1,1,1,1,1,1,1,1,1,1,1,1,1
GAO20191010t164043p0000-L,GAO20191010t164043p0000,ok,,1,1,1,1,1,1,1,1,1,1,1,1,1
GAO20191010t164043p0000-M,GAO20191010t164043p0000,ok,,1,1,1,1,1,1,1,1,1,1,1,1,1
GAO20191010t164043p0000-N,GAO20191010t164043p0000,ok,,1,1,1,1,1,1,1,1,1,1,1,1,1
GAO20191010t164043p0000-O,GAO20191010t164043p0000,ok,,1,1,1,1,1,1,1,1,1,1,1,1,1
GAO20191010t164043p0000-P,GAO20191010t164043p0000,ok,,1,1,1,1,1,1,1,1,1,1,1,1,1
GAO20191010t170025p0000-A,GAO20191010t170025p0000,ok,,1,1,1,1,1,1,1,1,1,1,1,1,1
GAO20191010t170025p0000-B,GAO20191010t170025p0000,ok,,1,1,1,1,1,1,1,1,1,1,1,1,1
GAO20191010t170025p0000-C,GAO20191010t170025p0000,ok,,1,1,1,1,1,1,1,1,1,1,1,1,1
GAO20191010t170025p0000-D,GAO20191010t170025p0000,ok,,1,1,1,1,1,1,1,1,1,1,1,1,1
GAO20191010t170025p0000-E,GAO20191010t170025p0000,ok,,1,1,1,1,1,1,1,1,1,1,1,1,1
GAO20191010t170025p0000-F,GAO20191010t170025p0000,ok,,1,1,1,1,1,1,1,1,1,1,1,1,1
GAO20191010t170025p0000-G,GAO20191010t170025p0000,ok,,1,1,1,1,1,1,1,1,1,1,1,1,1
GAO20191010t170025p0000-H,GAO20191010t170025p0000,ok,,1,1,1,1,1,1,1,1,1,1,1,1,1
GAO20191010t170025p0000-I,GAO20191010t170025p0000,ok,,1,1,1,1,1,1,1,1,1,1,1,1,1
GAO20191010t170025p0000-J,GAO20191010t170025p0000,ok,,1,1,1,1,1,1,1,1,1,1,1,1,1
GAO20191010t170025p0000-K,GAO20191010t170025p0000,ok,,1,1,1,1,1,1,1,1,1,1,1,1,1
GAO20191010t171502p0000-A,GAO20191010t171502p0000,ok,,1,1,1,1,1,1,1,1,1,1,1,1,1
GAO20191010t171502p0000-B,GAO20191010t171502p0000,ok,,1,1,1,1,1,1,1,1,1,1,1,1,1
GAO20191010t171502p0000-C,GAO20191010t171502p0000,ok,,1,1,1,1,1,1,1,1,1,1,1,1,1
GAO20191010t171502p0000-D,GAO20191010t171502p0000,ok,,1,1,1,1,1,1,1,1,1,1,1,1,1
GAO20191010t171502p0000-E,GAO20191010t171502p0000,ok,,1,1,1,1,1,1,1,1,1,1,1,1,1
GAO20191010t171502p0000-F,GAO20191010t171502p0000,ok,,1,1,1,1,1,1,1,1,1,1,1,1,1
GAO20191010t171502p0000-G,GAO20191010t171502p0000,ok,,1,1,1,1,1,1,1,1,1,1,1,1,1
GAO20191010t171502p0000-H,GAO20191010t171502p0000,ok,,1,1,1,1,1,1,1,1,1,1,1,1,1
GAO20191010t171502p0000-I,GAO20191010t171502p0000,ok,,1,1,1,1,1,1,1,1,1,1,1,1,1
GAO20191010t171502p0000-J,GAO20191010t171502p0000,ok,,1,1,1,1,1,1,1,1,1,1,1,1,1
GAO20191010t171502p0000-K,GAO20191010t171502p0000,ok,,1,1,1,1,1,1,1,1,1,1,1,1,1
GAO20191010t171502p0000-L,GAO20191010t171502p0000,ok,,1,1,1,1,1,1,1,1,1,1,1,1,1
GAO20191010t171502p0000-M,GAO20191010t171502p0000,ok,,1,1,1,1,1,1,1,1,1,1,1,1,1
GAO20191010t171502p0000-N,GAO20191010t171502p0000,ok,,1,1,1,1,1,1,1,1,1,1,1,1,1
GAO20191010t171502p0000-O,GAO20191010t171502p0000,ok,,1,1,1,1,1,1,1,1,1,1,1,1,1
GAO20191012t175419p0000-A,GAO20191012t175419p0000,ok,,1,1,1,1,1,1,1,1,1,1,1,1,1
GAO20191012t185226p0000-B,GAO20191012t185226p0000,ok,,1,1,1,1,1,1,1,1,1,1,1,1,1
GAO20191013t170924p0000-A,GAO20191013t170924p0000,ok,,1,1,1,1,1,1,1,1,1,1,1,1,1
GAO20191017t182001p0000-A,GAO20191017t182001p0000,ok,,1,1,1,1,1,1,1,1,1,1,1,1,1
GAO20191017t183338p0000-C,GAO20191017t183338p0000,ok,,1,1,1,1,1,1,1,1,1,1,1,1,1
GAO20191017t183338p0000-E,GAO20191017t183338p0000,ok,,1,1,1,1,1,1,1,1,1,1,1,1,1
GAO20191017t183338p0000-J,GAO20191017t183338p0000,ok,,1,1,1,1,1,1,1,1,1,1,1,1,1
GAO20191017t184807p0000-A,GAO20191017t184807p0000,ok,,1,1,1,1,1,1,1,1,1,1,1,1,1
GAO20191017t190156p0000-D,GAO20191017t190156p0000,ok,,1,1,1,1,1,1,1,1,1,1,1,1,1
GAO20191018t155430p0000-A,GAO20191018t155430p0000,ok,,1,1,1,1,1,1,1,1,1,1,1,1,1
GAO20191018t155430p0000-B,GAO20191018t155430p0000,ok,,1,1,1,1,1,1,1,1,1,1,1,1,1
GAO20191018t160542p0000-A,GAO20191018t160542p0000,ok,,1,1,1,1,1,1,1,1,1,1,1,1,1
GAO20191018t160542p0000-B,GAO20191018t160542p0000,ok,,1,1,1,1,1,1,1,1,1,1,1,1,1
GAO20191018t162013p0000-A,GAO20191018t162013p0000,ok,,1,1,1,1,1,1,1,1,1,1,1,1,1
GAO20191018t162013p0000-B,GAO20191018t162013p0000,ok,,1,1,1,1,1,1,1,1,1,1,1,1,1
GAO20191018t162013p0000-C,GAO20191018t162013p0000,ok,,1,1,1,1,1,1,1,1,1,1,1,1,1
GAO20191018t162013p0000-D,GAO20191018t162013p0000,ok,,1,1,1,1,1,1,1,1,1,1,1,1,1
GAO20191018t163314p0000-A,GAO20191018t163314p0000,ok,,1,1,1,1,1,1,1,1,1,1,1,1,1
GAO20191018t163314p0000-B,GAO20191018t163314p0000,ok,,1,1,1,1,1,1,1,1,1,1,1,1,1
GAO20191018t163314p0000-C,GAO20191018t163314p0000,ok,,1,1,1,1,1,1,1,1,1,1,1,1,1
GAO20191018t163314p0000-D,GAO20191018t163314p0000,ok,,1,1,1,1,1,1,1,1,1,1,1,1,1
GAO20191018t164922p0000-A,GAO20191018t164922p0000,ok,,1,1,1,1,1,1,1,1,1,1,1,1,1
GAO20191018t164922p0000-B,GAO20191018t164922p0000,ok,,1,1,1,1,1,1,1,1,1,1,1,1,1
GAO20191018t170521p0000-A,GAO20191018t170521p0000,ok,,1,1,1,1,1,1,1,1,1,1,1,1,1
GAO20191018t170521p0000-B,GAO20191018t170521p0000,ok,,1,1,1,1,1,1,1,1,1,1,1,1,1
GAO20191018t170521p0000-C,GAO20191018t170521p0000,ok,,1,1,1,1,1,1,1,1,1,1,1,1,1
GAO20191018t170521p0000-D,GAO20191018t170521p0000,ok,,1,1,1,1,1,1,1,1,1,1,1,1,1
GAO20191018t170521p0000-E,GAO20191018t170521p0000,ok,,1,1,1,1,1,1,1,1,1,1,1,1,1
GAO20191018t172527p0000-A,GAO20191018t172527p0000,ok,,1,1,1,1,1,1,1,1,1,1,1,1,1
GAO20191019t174717p0000-A,GAO20191019t174717p0000,ok,,1,1,1,1,1,1,1,1,1,1,1,1,1
GAO20191019t174717p0000-B,GAO20191019t174717p0000,ok,,1,1,1,1,1,1,1,1,1,1,1,1,1
GAO20191019t174717p0000-C,GAO20191019t174717p0000,ok,,1,1,1,1,1,1,1,1,1,1,1,1,1
GAO20191019t174717p0000-D,GAO20191019t174717p0000,ok,,1,1,1,1,1,1,1,1,1,1,1,1,1
GAO20191019t174717p0000-E,GAO20191019t174717p0000,ok,,1,1,1,1,1,1,1,1,1,1,1,1,1
GAO20191019t174717p0000-F,GAO20191019t174717p0000,ok,,1,1,1,1,1,1,1,1,1,1,1,1,1
GAO20191019t180726p0000-A,GAO20191019t180726p0000,ok,,1,1,1,1,1,1,1,1,1,1,1,1,1
GAO20191019t180726p0000-B,GAO20191019t180726p0000,ok,,1,1,1,1,1,1,1,1,1,1,1,1,1
GAO20191019t182124p0000-A,GAO20191019t182124p0000,ok,,1,1,1,1,1,1,1,1,1,1,1,1,1
GAO20191019t182124p0000-B,GAO20191019t182124p0000,ok,,1,1,1,1,1,1,1,1,1,1,1,1,1
GAO20191019t182124p0000-C,GAO20191019t182124p0000,ok,,1,1,1,1,1,1,1,1,1,1,1,1,1
GAO20191019t184202p0000-A,GAO20191019t184202p0000,ok,,1,1,1,1,1,1,1,1,1,1,1,1,1
GAO20191019t184202p0000-B,GAO20191019t184202p0000,ok,,1,1,1,1,1,1,1,1,1,1,1,1,1
GAO20191019t185547p0000-A,GAO20191019t185547p0000,ok,,1,1,1,1,1,1,1,1,1,1,1,1,1
GAO20191019t185547p0000-B,GAO20191019t185547p0000,ok,,1,1,1,1,1,1,1,1,1,1,1,1,1
GAO20191019t191619p0000-A,GAO20191019t191619p0000,ok,,1,1,1,1,1,1,1,1,1,1,1,1,1
GAO20191019t191619p0000-B,GAO20191019t191619p0000,ok,,1,1,1,1,1,1,1,1,1,1,1,1,1
GAO20191022t175740p0000-A,GAO20191022t175740p0000,ok,,1,1,1,1,1,1,1,1,1,1,1,1,1
GAO20191022t175740p0000-B,GAO20191022t175740p0000,ok,,1,1,1,1,1,1,1,1,1,1,1,1,1
GAO20191022t175740p0000-C,GAO20191022t175740p0000,ok,,1,1,1,1,1,1,1,1,1,1,1,1,1
GAO20191022t181133p0000-A,GAO20191022t181133p0000,ok,,1,1,1,1,1,1,1,1,1,1,1,1,1
GAO20191022t181133p0000-B,GAO20191022t181133p0000,ok,,1,1,1,1,1,1,1,1,1,1,1,1,1
GAO20191022t181133p0000-C,GAO20191022t181133p0000,ok,,1,1,1,1,1,1,1,1,1,1,1,1,1
GAO20191022t181133p0000-D,GAO20191022t181133p0000,ok,,1,1,1,1,1,1,1,1,1,1,1,1,1
GAO20191022t182544p0000-A,GAO20191022t182544p0000,ok,,1,1,1,1,1,1,1,1,1,1,1,1,1
GAO20191022t182544p0000-B,GAO20191022t182544p0000,ok,,1,1,1,1,1,1,1,1,1,1,1,1,1
GAO20191022t182544p0000-C,GAO20191022t182544p0000,ok,,1,1,1,1,1,1,1,1,1,1,1,1,1
GAO20191022t183947p0000-A,GAO20191022t183947p0000,ok,,1,1,1,1,1,1,1,1,1,1,1,1,1
GAO20191022t183947p0000-B,GAO20191022t183947p0000,ok,,1,1,1,1,1,1,1,1,1,1,1,1,1
GAO20191022t185225p0000-A,GAO20191022t185225p0000,ok,,1,1,1,1,1,1,1,1,1,1,1,1,1
GAO20191022t185651p0000-A,GAO20191022t185651p0000,ok,,1,1,1,1,1,1,1,1,1,1,1,1,1
GAO20191022t185651p0000-B,GAO20191022t185651p0000,ok,,1,1,1,1,1,1,1,1,1,1,1,1,1
GAO20191022t185651p0000-C,GAO20191022t185651p0000,ok,,1,1,1,1,1,1,1,1,1,1,1,1,1
GAO20191022t185651p0000-D,GAO20191022t185651p0000,ok,,1,1,1,1,1,1,1,1,1,1,1,1,1
GAO20191022t185651p0000-E,GAO20191022t185651p0000,ok,,1,1,1,1,1,1,1,1,1,1,1,1,1
GAO20191101t174632p0000-A,GAO20191101t174632p0000,ok,,1,1,1,1,1,1,1,1,1,1,1,1,1
GAO20191101t174632p0000-B,GAO20191101t174632p0000,ok,,1,1,1,1,1,1,1,1,1,1,1,1,1
GAO20191101t175852p0000-A,GAO20191101t175852p0000,ok,,1,1,1,1,1,1,1,1,1,1,1,1,1
GAO20191101t175852p0000-B,GAO20191101t175852p0000,ok,,1,1,1,1,1,1,1,1,1,1,1,1,1
GAO20191101t181517p0000-A,GAO20191101t181517p0000,ok,,1,1,1,1,1,1,1,1,1,1,1,1,1
GAO20191101t181517p0000-B,GAO20191101t181517p0000,ok,,1,1,1,1,1,1,1,1,1,1,1,1,1
GAO20191101t181517p0000-E,GAO20191101t181517p0000,ok,,1,1,1,1,1,1,1,1,1,1,1,1,1
GAO20191101t182727p0000-C,GAO20191101t182727p0000,ok,,1,1,1,1,1,1,1,1,1,1,1,1,1
GAO20191101t182727p0000-E,GAO20191101t182727p0000,ok,,1,1,1,1,1,1,1,1,1,1,1,1,1
GAO20191101t182727p0000-F,GAO20191101t182727p0000,ok,,1,1,1,1,1,1,1,1,1,1,1,1,1
GAO20191101t182727p0000-G,GAO20191101t182727p0000,ok,,1,1,1,1,1,1,1,1,1,1,1,1,1
GAO20191101t182727p0000-H,GAO20191101t182727p0000,ok,,1,1,1,1,1,1,1,1,1,1,1,1,1
GAO20191101t182727p0000-I,GAO20191101t182727p0000,ok,,1,1,1,1,1,1,1,1,1,1,1,1,1
GAO20191101t184322p0000-A,GAO20191101t184322p0000,ok,,1,1,1,1,1,1,1,1,1,1,1,1,1
GAO20191101t184322p0000-B,GAO20191101t184322p0000,ok,,1,1,1,1,1,1,1,1,1,1,1,1,1
GAO20191101t184322p0000-C,GAO20191101t184322p0000,ok,,1,1,1,1,1,1,1,1,1,1,1,1,1
GAO20200714t172448p0000-H,GAO20200714t172448p0000,ok,,1,1,1,1,1,1,1,1,1,1,1,1,1
GAO20200715t180121p0000-A,GAO20200715t180121p0000,ok,,1,1,1,1,1,1,1,1,1,1,1,1,1
GAO20200715t180121p0000-B,GAO20200715t180121p0000,ok,,1,1,1,1,1,1,1,1,1,1,1,1,1
GAO20200715t180121p0000-C,GAO20200715t180121p0000,ok,,1,1,1,1,1,1,1,1,1,1,1,1,1
GAO20200715t180121p0000-D,GAO20200715t180121p0000,ok,,1,1,1,1,1,1,1,1,1,1,1,1,1
GAO20200715t180121p0000-E,GAO20200715t180121p0000,ok,,1,1,1,1,1,1,1,1,1,1,1,1,1
GAO20200715t180121p0000-F,GAO20200715t180121p0000,ok,,1,1,1,1,1,1,1,1,1,1,1,1,1
GAO20200715t180121p0000-G,GAO20200715t180121p0000,ok,,1,1,1,1,1,1,1,1,1,1,1,1,1
GAO20200715t182609p0000-A,GAO20200715t182609p0000,ok,,1,1,1,1,1,1,1,1,1,1,1,1,1
GAO20200715t182609p0000-B,GAO20200715t182609p0000,ok,,1,1,1,1,1,1,1,1,1,1,1,1,1
GAO20200715t182609p0000-C,GAO20200715t182609p0000,ok,,1,1,1,1,1,1,1,1,1,1,1,1,1
GAO20200715t182609p0000-E,GAO20200715t182609p0000,ok,,1,1,1,1,1,1,1,1,1,1,1,1,1
GAO20200715t182609p0000-I,GAO20200715t182609p0000,ok,,1,1,1,1,1,1,1,1,1,1,1,1,1
GAO20200715t182609p0000-J,GAO20200715t182609p0000,ok,,1,1,1,1,1,1,1,1,1,1,1,1,1
GAO20200715t182609p0000-K,GAO20200715t182609p0000,ok,,1,1,1,1,1,1,1,1,1,1,1,1,1
GAO20200715t182609p0001-A,GAO20200715t182609p0001,ok,,1,1,1,1,1,1,1,1,1,1,1,1,1
GAO20200715t184712p0000-A,GAO20200715t184712p0000,ok,,1,1,1,1,1,1,1,1,1,1,1,1,1
GAO20200715t184712p0000-B,GAO20200715t184712p0000,ok,,1,1,1,1,1,1,1,1,1,1,1,1,1
GAO20200715t184712p0000-C,GAO20200715t184712p0000,ok,,1,1,1,1,1,1,1,1,1,1,1,1,1
GAO20200715t184712p0000-D,GAO20200715t184712p0000,ok,,1,1,1,1,1,1,1,1,1,1,1,1,1
GAO20200715t184712p0000-E,GAO20200715t184712p0000,ok,,1,1,1,1,1,1,1,1,1,1,1,1,1
GAO20200715t184712p0000-F,GAO20200715t184712p0000,ok,,1,1,1,1,1,1,1,1,1,1,1,1,1
GAO20200715t184712p0000-G,GAO20200715t184712p0000,ok,,1,1,1,1,1,1,1,1,1,1,1,1,1
GAO20200715t184712p0000-H,GAO20200715t184712p0000,ok,,1,1,1,1,1,1,1,1,1,1,1,1,1
GAO20200715t184712p0001-A,GAO20200715t184712p0001,ok,,1,1,1,1,1,1,1,1,1,1,1,1,1
GAO20200715t184712p0001-B,GAO20200715t184712p0001,ok,,1,1,1,1,1,1,1,1,1,1,1,1,1
GAO20200715t184712p0001-C,GAO20200715t184712p0001,ok,,1,1,1,1,1,1,1,1,1,1,1,1,1
GAO20200715t184712p0001-D,GAO20200715t184712p0001,ok,,1,1,1,1,1,1,1,1,1,1,1,1,1
GAO20200715t191219p0000-B,GAO20200715t191219p0000,ok,,1,1,1,1,1,1,1,1,1,1,1,1,1
GAO20200715t191219p0000-C,GAO20200715t191219p0000,ok,,1,1,1,1,1,1,1,1,1,1,1,1,1
GAO20200715t191219p0000-D,GAO20200715t191219p0000,ok,,1,1,1,1,1,1,1,1,1,1,1,1,1
GAO20200715t193403p0000-A,GAO20200715t193403p0000,ok,,1,1,1,1,1,1,1,1,1,1,1,1,1
GAO20200715t193403p0000-B,GAO20200715t193403p0000,ok,,1,1,1,1,1,1,1,1,1,1,1,1,1
GAO20200718t180036p0000-H,GAO20200718t180036p0000,ok,,1,1,1,1,1,1,1,1,1,1,1,1,1
GAO20200718t180036p0001-A,GAO20200718t180036p0001,ok,,1,1,1,1,1,1,1,1,1,1,1,1,1
GAO20200718t182430p0000-C,GAO20200718t182430p0000,ok,,1,1,1,1,1,1,1,1,1,1,1,1,1
GAO20200718t182430p0000-G,GAO20200718t182430p0000,ok,,1,1,1,1,1,1,1,1,1,1,1,1,1
GAO20200718t182430p0000-H,GAO20200718t182430p0000,ok,,1,1,1,1,1,1,1,1,1,1,1,1,1
GAO20200718t184740p0000-A,GAO20200718t184740p0000,ok,,1,1,1,1,1,1,1,1,1,1,1,1,1
GAO20200723t174534p0000-C,GAO20200723t174534p0000,ok,,1,1,1,1,1,1,1,1,1,1,1,1,1
GAO20200723t174534p0000-D,GAO20200723t174534p0000,ok,,1,1,1,1,1,1,1,1,1,1,1,1,1
GAO20200723t174534p0000-E,GAO20200723t174534p0000,ok,,1,1,1,1,1,1,1,1,1,1,1,1,1
GAO20200723t175746p0000-A,GAO20200723t175746p0000,ok,,1,1,1,1,1,1,1,1,1,1,1,1,1
GAO20200723t175746p0000-B,GAO20200723t175746p0000,ok,,1,1,1,1,1,1,1,1,1,1,1,1,1
GAO20200723t175746p0000-D,GAO20200723t175746p0000,ok,,1,1,1,1,1,1,1,1,1,1,1,1,1
GAO20200723t175746p0000-E,GAO20200723t175746p0000,ok,,1,1,1,1,1,1,1,1,1,1,1,1,1
GAO20200723t180941p0000-B,GAO20200723t180941p0000,ok,,1,1,1,1,1,1,1,1,1,1,1,1,1
GAO20200723t182125p0000-J,GAO20200723t182125p0000,ok,,1,1,1,1,1,1,1,1,1,1,1,1,1
GAO20200723t183200p0000-B,GAO20200723t183200p0000,ok,,1,1,1,1,1,1,1,1,1,1,1,1,1
GAO20200723t185222p0000-A,GAO20200723t185222p0000,ok,,1,1,1,1,1,1,1,1,1,1,1,1,1
GAO20200723t190433p0000-A,GAO20200723t190433p0000,ok,,1,1,1,1,1,1,1,1,1,1,1,1,1
GAO20200724t155931p0000-A,GAO20200724t155931p0000,ok,,1,1,1,1,1,1,1,1,1,1,1,1,1
GAO20200724t161329p0000-B,GAO20200724t161329p0000,ok,,1,1,1,1,1,1,1,1,1,1,1,1,1
GAO20200724t161329p0000-C,GAO20200724t161329p0000,ok,,1,1,1,1,1,1,1,1,1,1,1,1,1
GAO20200724t165348p0000-B,GAO20200724t165348p0000,ok,,1,1,1,1,1,1,1,1,1,1,1,1,1
GAO20200728t174227p0000-A,GAO20200728t174227p0000,ok,,1,1,1,1,1,1,1,1,1,1,1,1,1
GAO20200730t193939p0000-A,GAO20200730t193939p0000,ok,,1,1,1,1,1,1,1,1,1,1,1,1,1
GAO20200802t183346p0000-A,GAO20200802t183346p0000,ok,,1,1,1,1,1,1,1,1,1,1,1,1,1
GAO20200806t184600p0000-A,GAO20200806t184600p0000,ok,,1,1,1,1,1,1,1,1,1,1,1,1,1
GAO20200806t190349p0000-A,GAO20200806t190349p0000,ok,,1,1,1,1,1,1,1,1,1,1,1,1,1
GAO20200806t192856p0000-A,GAO20200806t192856p0000,ok,,1,1,1,1,1,1,1,1,1,1,1,1,1
GAO20200806t192856p0000-B,GAO20200806t192856p0000,ok,,1,1,1,1,1,1,1,1,1,1,1,1,1
GAO20200806t195450p0000-A,GAO20200806t195450p0000,ok,,1,1,1,1,1,1,1,1,1,1,1,1,1
GAO20200806t195450p0000-B,GAO20200806t195450p0000,ok,,1,1,1,1,1,1,1,1,1,1,1,1,1
GAO20200807t163414p0000-A,GAO20200807t163414p0000,ok,,1,1,1,1,1,1,1,1,1,1,1,1,1
GAO20201120t182953p0000-2,GAO20201120t182953p0000,ok,,1,1,1,1,1,1,1,1,1,1,1,1,1
GAO20201121t185745p0000-A,GAO20201121t185745p0000,ok,,1,1,1,1,1,1,1,1,1,1,1,1,1
GAO20201121t192431p0000-1,GAO20201121t192431p0000,ok,,1,1,1,1,1,1,1,1,1,1,1,1,1
GAO20201121t193350p0000-A,GAO20201121t193350p0000,ok,,1,1,1,1,1,1,1,1,1,1,1,1,1
GAO20201121t201245p0000-1,GAO20201121t201245p0000,ok,,1,1,1,1,1,1,1,1,1,1,1,1,1
GAO20201121t201245p0000-A,GAO20201121t201245p0000,ok,,1,1,1,1,1,1,1,1,1,1,1,1,1
GAO20201121t201245p0000-B,GAO20201121t201245p0000,ok,,1,1,1,1,1,1,1,1,1,1,1,1,1
GAO20201121t202345p0000-1,GAO20201121t202345p0000,ok,,1,1,1,1,1,1,1,1,1,1,1,1,1
GAO20201121t202345p0000-7,GAO20201121t202345p0000,ok,,1,1,1,1,1,1,1,1,1,1,1,1,1
GAO20201121t202345p0000-A,GAO20201121t202345p0000,ok,,1,1,1,1,1,1,1,1,1,1,1,1,1
GAO20201121t202345p0000-B,GAO20201121t202345p0000,ok,,1,1,1,1,1,1,1,1,1,1,1,1,1
GAO20201121t202345p0000-C,GAO20201121t202345p0000,ok,,1,1,1,1,1,1,1,1,1,1,1,1,1
GAO20201121t203403p0000-A,GAO20201121t203403p0000,ok,,1,1,1,1,1,1,1,1,1,1,1,1,1
GAO20210505t174931p0000-1,GAO20210505t174931p0000,ok,,1,1,1,1,1,1,1,1,1,1,1,1,1
GAO20210506t175942p0000-1,GAO20210506t175942p0000,ok,,1,1,1,1,1,1,1,1,1,1,1,1,1
GAO20210506t175942p0000-2,GAO20210506t175942p0000,ok,,1,1,1,1,1,1,1,1,1,1,1,1,1
GAO20210506t181508p0000-1,GAO20210506t181508p0000,ok,,1,1,1,1,1,1,1,1,1,1,1,1,1
GAO20210506t181508p0000-2,GAO20210506t181508p0000,ok,,1,1,1,1,1,1,1,1,1,1,1,1,1
GAO20210506t182124p0000-1,GAO20210506t182124p0000,ok,,1,1,1,1,1,1,1,1,1,1,1,1,1
GAO20210506t182124p0000-2,GAO20210506t182124p0000,ok,,1,1,1,1,1,1,1,1,1,1,1,1,1
GAO20210719t180314p0000-1,GAO20210719t180314p0000,ok,,1,1,1,1,1,1,1,1,1,1,1,1,1
GAO20210719t181451p0000-1,GAO20210719t181451p0000,ok,,1,1,1,1,1,1,1,1,1,1,1,1,1
GAO20210719t182607p0000-2,GAO20210719t182607p0000,ok,,1,1,1,1,1,1,1,1,1,1,1,1,1
GAO20210719t183655p0000-1,GAO20210719t183655p0000,ok,,1,1,1,1,1,1,1,1,1,1,1,1,1
GAO20210720t174343p0000-A,GAO20210720t174343p0000,ok,,1,1,1,1,1,1,1,1,1,1,1,1,1
GAO20210919t182411p0000-A,GAO20210919t182411p0000,ok,,1,1,1,1,1,1,1,1,1,1,1,1,1
GAO20210919t182411p0000-B,GAO20210919t182411p0000,ok,,1,1,1,1,1,1,1,1,1,1,1,1,1
GAO20210919t185950p0000-A,GAO20210919t185950p0000,ok,,1,1,1,1,1,1,1,1,1,1,1,1,1
GAO20210919t193818p0000-A,GAO20210919t193818p0000,ok,,1,1,1,1,1,1,1,1,1,1,1,1,1
GAO20210922t183238p0000-A,GAO20210922t183238p0000,ok,,1,1,1,1,1,1,1,1,1,1,1,1,1
GAO20210922t183238p0000-B,GAO20210922t183238p0000,ok,,1,1,1,1,1,1,1,1,1,1,1,1,1
GAO20210922t184257p0000-A,GAO20210922t184257p0000,ok,,1,1,1,1,1,1,1,1,1,1,1,1,1
GAO20210922t191126p0000-A,GAO20210922t191126p0000,ok,,1,1,1,1,1,1,1,1,1,1,1,1,1
GAO20210922t192226p0000-A,GAO20210922t192226p0000,ok,,1,1,1,1,1,1,1,1,1,1,1,1,1
GAO20210922t193155p0000-A,GAO20210922t193155p0000,ok,,1,1,1,1,1,1,1,1,1,1,1,1,1
GAO20210922t200529p0000-A,GAO20210922t200529p0000,ok,,1,1,1,1,1,1,1,1,1,1,1,1,1
GAO20210922t202824p0000-A,GAO20210922t202824p0000,ok,,1,1,1,1,1,1,1,1,1,1,1,1,1
GAO20210922t203935p0000-A,GAO20210922t203935p0000,ok,,1,1,1,1,1,1,1,1,1,1,1,1,1
GAO20210922t203935p0000-B,GAO20210922t203935p0000,ok,,1,1,1,1,1,1,1,1,1,1,1,1,1
GAO20210924t180043p0000-A,GAO20210924t180043p0000,ok,,1,1,1,1,1,1,1,1,1,1,1,1,1
GAO20210924t182719p0000-A,GAO20210924t182719p0000,ok,,1,1,1,1,1,1,1,1,1,1,1,1,1
GAO20210924t184133p0000-A,GAO20210924t184133p0000,ok,,1,1,1,1,1,1,1,1,1,1,1,1,1
GAO20210924t190756p0000-A,GAO20210924t190756p0000,ok,,1,1,1,1,1,1,1,1,1,1,1,1,1
GAO20210924t194550p0000-A,GAO20210924t194550p0000,ok,,1,1,1,1,1,1,1,1,1,1,1,1,1
GAO20210924t202423p0000-A,GAO20210924t202423p0000,ok,,1,1,1,1,1,1,1,1,1,1,1,1,1
GAO20210924t202423p0000-B,GAO20210924t202423p0000,ok,,1,1,1,1,1,1,1,1,1,1,1,1,1
GAO20210924t202423p0000-C,GAO20210924t202423p0000,ok,,1,1,1,1,1,1,1,1,1,1,1,1,1
GAO20210927t181518p0000-A,GAO20210927t181518p0000,ok,,1,1,1,1,1,1,1,1,1,1,1,1,1
GAO20210927t181518p0000-B,GAO20210927t181518p0000,ok,,1,1,1,1,1,1,1,1,1,1,1,1,1
GAO20210927t183644p0000-A,GAO20210927t183644p0000,ok,,1,1,1,1,1,1,1,1,1,1,1,1,1
GAO20210927t184012p0000-A,GAO20210927t184012p0000,ok,,1,1,1,1,1,1,1,1,1,1,1,1,1
GAO20210927t191105p0000-B,GAO20210927t191105p0000,ok,,1,1,1,1,1,1,1,1,1,1,1,1,1
GAO20210927t193230p0000-A,GAO20210927t193230p0000,ok,,1,1,1,1,1,1,1,1,1,1,1,1,1
GAO20210927t195308p0000-A,GAO20210927t195308p0000,ok,,1,1,1,1,1,1,1,1,1,1,1,1,1
GAO20210927t195308p0000-B,GAO20210927t195308p0000,ok,,1,1,1,1,1,1,1,1,1,1,1,1,1
GAO20210927t200410p0000-A,GAO20210927t200410p0000,ok,,1,1,1,1,1,1,1,1,1,1,1,1,1
GAO20210927t200410p0000-B,GAO20210927t200410p0000,ok,,1,1,1,1,1,1,1,1,1,1,1,1,1
GAO20211006t175951p0000-A,GAO20211006t175951p0000,ok,,1,1,1,1,1,1,1,1,1,1,1,1,1
GAO20211006t175951p0000-B,GAO20211006t175951p0000,ok,,1,1,1,1,1,1,1,1,1,1,1,1,1
GAO20211006t175951p0000-C,GAO20211006t175951p0000,ok,,1,1,1,1,1,1,1,1,1,1,1,1,1
GAO20211006t175951p0000-D,GAO20211006t175951p0000,ok,,1,1,1,1,1,1,1,1,1,1,1,1,1
GAO20211006t175951p0000-E,GAO20211006t175951p0000,ok,,1,1,1,1,1,1,1,1,1,1,1,1,1
GAO20211006t175951p0000-F,GAO20211006t175951p0000,ok,,1,1,1,1,1,1,1,1,1,1,1,1,1
GAO20211006t175951p0000-G,GAO20211006t175951p0000,ok,,1,1,1,1,1,1,1,1,1,1,1,1,1
GAO20211006t181755p0000-C,GAO20211006t181755p0000,ok,,1,1,1,1,1,1,1,1,1,1,1,1,1
GAO20211006t181755p0000-D,GAO20211006t181755p0000,ok,,1,1,1,1,1,1,1,1,1,1,1,1,1
GAO20211006t181755p0000-F,GAO20211006t181755p0000,ok,,1,1,1,1,1,1,1,1,1,1,1,1,1
GAO20211006t183559p0000-H,GAO20211006t183559p0000,ok,,1,1,1,1,1,1,1,1,1,1,1,1,1
GAO20211006t183559p0000-I,GAO20211006t183559p0000,ok,,1,1,1,1,1,1,1,1,1,1,1,1,1
GAO20211006t183559p0000-J,GAO20211006t183559p0000,ok,,1,1,1,1,1,1,1,1,1,1,1,1,1
GAO20211006t183559p0000-L,GAO20211006t183559p0000,ok,,1,1,1,1,1,1,1,1,1,1,1,1,1
GAO20211006t183559p0000-M,GAO20211006t183559p0000,ok,,1,1,1,1,1,1,1,1,1,1,1,1,1
GAO20211006t183559p0000-N,GAO20211006t183559p0000,ok,,1,1,1,1,1,1,1,1,1,1,1,1,1
GAO20211006t183559p0000-O,GAO20211006t183559p0000,ok,,1,1,1,1,1,1,1,1,1,1,1,1,1
GAO20211006t183559p0000-P,GAO20211006t183559p0000,ok,,1,1,1,1,1,1,1,1,1,1,1,1,1
GAO20211006t185434p0000-I,GAO20211006t185434p0000,ok,,1,1,1,1,1,1,1,1,1,1,1,1,1
GAO20211006t185434p0000-J,GAO20211006t185434p0000,ok,,1,1,1,1,1,1,1,1,1,1,1,1,1
GAO20211006t185434p0000-K,GAO20211006t185434p0000,ok,,1,1,1,1,1,1,1,1,1,1,1,1,1
GAO20211006t185434p0000-L,GAO20211006t185434p0000,ok,,1,1,1,1,1,1,1,1,1,1,1,1,1
GAO20211007t161356p0000-D,GAO20211007t161356p0000,ok,,1,1,1,1,1,1,1,1,1,1,1,1,1
GAO20211008t174344p0000-A,GAO20211008t174344p0000,ok,,1,1,1,1,1,1,1,1,1,1,1,1,1
GAO20211008t174344p0000-B,GAO20211008t174344p0000,ok,,1,1,1,1,1,1,1,1,1,1,1,1,1
GAO20211008t174344p0000-C,GAO20211008t174344p0000,ok,,1,1,1,1,1,1,1,1,1,1,1,1,1
GAO20211008t174344p0000-D,GAO20211008t174344p0000,ok,,1,1,1,1,1,1,1,1,1,1,1,1,1
GAO20211008t174344p0000-E,GAO20211008t174344p0000,ok,,1,1,1,1,1,1,1,1,1,1,1,1,1
GAO20211008t174344p0000-F,GAO20211008t174344p0000,ok,,1,1,1,1,1,1,1,1,1,1,1,1,1
GAO20211008t180032p0000-A,GAO20211008t180032p0000,ok,,1,1,1,1,1,1,1,1,1,1,1,1,1
GAO20211008t180032p0000-B,GAO20211008t180032p0000,ok,,1,1,1,1,1,1,1,1,1,1,1,1,1
GAO20211008t180032p0000-C,GAO20211008t180032p0000,ok,,1,1,1,1,1,1,1,1,1,1,1,1,1
GAO20211008t180032p0000-D,GAO20211008t180032p0000,ok,,1,1,1,1,1,1,1,1,1,1,1,1,1
GAO20211008t180032p0000-E,GAO20211008t180032p0000,ok,,1,1,1,1,1,1,1,1,1,1,1,1,1
GAO20211008t180032p0000-F,GAO20211008t180032p0000,ok,,1,1,1,1,1,1,1,1,1,1,1,1,1
GAO20211008t180032p0000-G,GAO20211008t180032p0000,ok,,1,1,1,1,1,1,1,1,1,1,1,1,1
GAO20211008t181755p0000-A,GAO20211008t181755p0000,ok,,1,1,1,1,1,1,1,1,1,1,1,1,1
GAO20211008t181755p0000-B,GAO20211008t181755p0000,ok,,1,1,1,1,1,1,1,1,1,1,1,1,1
GAO20211008t181755p0000-C,GAO20211008t181755p0000,ok,,1,1,1,1,1,1,1,1,1,1,1,1,1
GAO20211008t181755p0000-D,GAO20211008t181755p0000,ok,,1,1,1,1,1,1,1,1,1,1,1,1,1
GAO20211008t181755p0000-F,GAO20211008t181755p0000,ok,,1,1,1,1,1,1,1,1,1,1,1,1,1
GAO20211008t181755p0000-H,GAO20211008t181755p0000,ok,,1,1,1,1,1,1,1,1,1,1,1,1,1
GAO20211008t181755p0000-I,GAO20211008t181755p0000,ok,,1,1,1,1,1,1,1,1,1,1,1,1,1
GAO20211008t181755p0000-J,GAO20211008t181755p0000,ok,,1,1,1,1,1,1,1,1,1,1,1,1,1
GAO20211008t181755p0000-K,GAO20211008t181755p0000,ok,,1,1,1,1,1,1,1,1,1,1,1,1,1
GAO20211008t183529p0000-A,GAO20211008t183529p0000,ok,,1,1,1,1,1,1,1,1,1,1,1,1,1
GAO20211011t174538p0000-D,GAO20211011t174538p0000,ok,,1,1,1,1,1,1,1,1,1,1,1,1,1
GAO20211011t174538p0000-E,GAO20211011t174538p0000,ok,,1,1,1,1,1,1,1,1,1,1,1,1,1
GAO20211011t174538p0000-G,GAO20211011t174538p0000,ok,,1,1,1,1,1,1,1,1,1,1,1,1,1
GAO20211011t174538p0000-H,GAO20211011t174538p0000,ok,,1,1,1,1,1,1,1,1,1,1,1,1,1
GAO20211011t174538p0000-K,GAO20211011t174538p0000,ok,,1,1,1,1,1,1,1,1,1,1,1,1,1
GAO20211011t175703p0000-E,GAO20211011t175703p0000,ok,,1,1,1,1,1,1,1,1,1,1,1,1,1
GAO20211011t182529p0000-E,GAO20211011t182529p0000,ok,,1,1,1,1,1,1,1,1,1,1,1,1,1
GAO20211011t182529p0000-F,GAO20211011t182529p0000,ok,,1,1,1,1,1,1,1,1,1,1,1,1,1
GAO20211011t184233p0000-A,GAO20211011t184233p0000,ok,,1,1,1,1,1,1,1,1,1,1,1,1,1
GAO20211021t172155p0000-A,GAO20211021t172155p0000,ok,,1,1,1,1,1,1,1,1,1,1,1,1,1
GAO20211021t173002p0000-A,GAO20211021t173002p0000,ok,,1,1,1,1,1,1,1,1,1,1,1,1,1
GAO20211021t173002p0000-B,GAO20211021t173002p0000,ok,,1,1,1,1,1,1,1,1,1,1,1,1,1
GAO20211111t200421p0000-A,GAO20211111t200421p0000,ok,,1,1,1,1,1,1,1,1,1,1,1,1,1
GAO20220428t174036p0000-A,GAO20220428t174036p0000,ok,,1,1,1,1,1,1,1,1,1,1,1,1,1
GAO20220506t194111p0000-A,GAO20220506t194111p0000,ok,,1,1,1,1,1,1,1,1,1,1,1,1,1
GAO20220506t195745p0000-A,GAO20220506t195745p0000,ok,,1,1,1,1,1,1,1,1,1,1,1,1,1
GAO20220506t200303p0000-A,GAO20220506t200303p0000,ok,,1,1,1,1,1,1,1,1,1,1,1,1,1
GAO20220610t181816p0001-A,GAO20220610t181816p0001,ok,,1,1,1,1,1,1,1,1,1,1,1,1,1
GAO20220610t183846p0000-A,GAO20220610t183846p0000,ok,,1,1,1,1,1,1,1,1,1,1,1,1,1
GAO20220610t183846p0000-B,GAO20220610t183846p0000,ok,,1,1,1,1,1,1,1,1,1,1,1,1,1
GAO20220615t194322p0000-A,GAO20220615t194322p0000,ok,,1,1,1,1,1,1,1,1,1,1,1,1,1
GAO20220920t170341p0000-A,GAO20220920t170341p0000,ok,,1,1,1,1,1,1,1,1,1,1,1,1,1
GAO20220920t170827p0000-A,GAO20220920t170827p0000,ok,,1,1,1,1,1,1,1,1,1,1,1,1,1
GAO20220920t171237p0000-A,GAO20220920t171237p0000,ok,,1,1,1,1,1,1,1,1,1,1,1,1,1
GAO20220920t171720p0000-A,GAO20220920t171720p0000,ok,,1,1,1,1,1,1,1,1,1,1,1,1,1
GAO20220920t172819p0000-A,GAO20220920t172819p0000,ok,,1,1,1,1,1,1,1,1,1,1,1,1,1
GAO20220920t173220p0000-A,GAO20220920t173220p0000,ok,,1,1,1,1,1,1,1,1,1,1,1,1,1
GAO20220920t174733p0000-A,GAO20220920t174733p0000,ok,,1,1,1,1,1,1,1,1,1,1,1,1,1
GAO20220920t180142p0000-A,GAO20220920t180142p0000,ok,,1,1,1,1,1,1,1,1,1,1,1,1,1
GAO20220922t172030p0000-A,GAO20220922t172030p0000,ok,,1,1,1,1,1,1,1,1,1,1,1,1,1
GAO20220923t164450p0000-A,GAO20220923t164450p0000,ok,,1,1,1,1,1,1,1,1,1,1,1,1,1
GAO20220923t164450p0000-B,GAO20220923t164450p0000,ok,,1,1,1,1,1,1,1,1,1,1,1,1,1
GAO20220923t164450p0000-C,GAO20220923t164450p0000,ok,,1,1,1,1,1,1,1,1,1,1,1,1,1
GAO20220923t170108p0000-A,GAO20220923t170108p0000,ok,,1,1,1,1,1,1,1,1,1,1,1,1,1
GAO20220923t171045p0000-A,GAO20220923t171045p0000,ok,,1,1,1,1,1,1,1,1,1,1,1,1,1
GAO20220923t172122p0000-A,GAO20220923t172122p0000,ok,,1,1,1,1,1,1,1,1,1,1,1,1,1
GAO20220923t172122p0000-B,GAO20220923t172122p0000,ok,,1,1,1,1,1,1,1,1,1,1,1,1,1
GAO20220923t173123p0000-A,GAO20220923t173123p0000,ok,,1,1,1,1,1,1,1,1,1,1,1,1,1
GAO20220923t174201p0000-A,GAO20220923t174201p0000,ok,,1,1,1,1,1,1,1,1,1,1,1,1,1
GAO20220923t174201p0000-B,GAO20220923t174201p0000,ok,,1,1,1,1,1,1,1,1,1,1,1,1,1
GAO20220923t175137p0000-A,GAO20220923t175137p0000,ok,,1,1,1,1,1,1,1,1,1,1,1,1,1
GAO20220923t175137p0000-B,GAO20220923t175137p0000,ok,,1,1,1,1,1,1,1,1,1,1,1,1,1
GAO20220923t180207p0000-A,GAO20220923t180207p0000,ok,,1,1,1,1,1,1,1,1,1,1,1,1,1
GAO20220923t182706p0000-A,GAO20220923t182706p0000,ok,,1,1,1,1,1,1,1,1,1,1,1,1,1
GAO20220928t164641p0000-A,GAO20220928t164641p0000,ok,,1,1,1,1,1,1,1,1,1,1,1,1,1
GAO20220928t165119p0000-A,GAO20220928t165119p0000,ok,,1,1,1,1,1,1,1,1,1,1,1,1,1
GAO20220928t165807p0000-A,GAO20220928t165807p0000,ok,,1,1,1,1,1,1,1,1,1,1,1,1,1
GAO20220928t170324p0000-A,GAO20220928t170324p0000,ok,,1,1,1,1,1,1,1,1,1,1,1,1,1
GAO20220928t170821p0000-A,GAO20220928t170821p0000,ok,,1,1,1,1,1,1,1,1,1,1,1,1,1
GAO20220928t172257p0000-A,GAO20220928t172257p0000,ok,,1,1,1,1,1,1,1,1,1,1,1,1,1
GAO20220928t182922p0000-A,GAO20220928t182922p0000,ok,,1,1,1,1,1,1,1,1,1,1,1,1,1
GAO20220928t193622p0000-A,GAO20220928t193622p0000,ok,,1,1,1,1,1,1,1,1,1,1,1,1,1
GAO20220928t195023p0000-A,GAO20220928t195023p0000,ok,,1,1,1,1,1,1,1,1,1,1,1,1,1
GAO20220928t195526p0000-A,GAO20220928t195526p0000,ok,,1,1,1,1,1,1,1,1,1,1,1,1,1
GAO20220928t200357p0000-A,GAO20220928t200357p0000,ok,,1,1,1,1,1,1,1,1,1,1,1,1,1
GAO20220928t200357p0000-B,GAO20220928t200357p0000,ok,,1,1,1,1,1,1,1,1,1,1,1,1,1
GAO20220928t200806p0000-A,GAO20220928t200806p0000,ok,,1,1,1,1,1,1,1,1,1,1,1,1,1
GAO20220928t201225p0000-A,GAO20220928t201225p0000,ok,,1,1,1,1,1,1,1,1,1,1,1,1,1
GAO20220928t201225p0000-B,GAO20220928t201225p0000,ok,,1,1,1,1,1,1,1,1,1,1,1,1,1
GAO20220928t201644p0000-B,GAO20220928t201644p0000,ok,,1,1,1,1,1,1,1,1,1,1,1,1,1
GAO20220928t202112p0000-A,GAO20220928t202112p0000,ok,,1,1,1,1,1,1,1,1,1,1,1,1,1
GAO20221017t184522p0000-B,GAO20221017t184522p0000,ok,,1,1,1,1,1,1,1,1,1,1,1,1,1
GAO20221017t184522p0000-C,GAO20221017t184522p0000,ok,,1,1,1,1,1,1,1,1,1,1,1,1,1
GAO20221017t185010p0000-A,GAO20221017t185010p0000,ok,,1,1,1,1,1,1,1,1,1,1,1,1,1
GAO20221020t185539p0000-A,GAO20221020t185539p0000,ok,,1,1,1,1,1,1,1,1,1,1,1,1,1
GAO20221020t190520p0000-A,GAO20221020t190520p0000,ok,,1,1,1,1,1,1,1,1,1,1,1,1,1
GAO20221020t200626p0000-A,GAO20221020t200626p0000,ok,,1,1,1,1,1,1,1,1,1,1,1,1,1
GAO20221020t202758p0000-A,GAO20221020t202758p0000,ok,,1,1,1,1,1,1,1,1,1,1,1,1,1
GAO20230430t171617p0000-A,GAO20230430t171617p0000,ok,,1,1,1,1,1,1,1,1,1,1,1,1,1
GAO20230430t171617p0000-B,GAO20230430t171617p0000,ok,,1,1,1,1,1,1,1,1,1,1,1,1,1
GAO20230430t171617p0000-C,GAO20230430t171617p0000,ok,,1,1,1,1,1,1,1,1,1,1,1,1,1
GAO20230430t173028p0000-A,GAO20230430t173028p0000,ok,,1,1,1,1,1,1,1,1,1,1,1,1,1
GAO20230430t173747p0000-D,GAO20230430t173747p0000,ok,,1,1,1,1,1,1,1,1,1,1,1,1,1
GAO20230430t175318p0000-A,GAO20230430t175318p0000,ok,,1,1,1,1,1,1,1,1,1,1,1,1,1
GAO20230430t180128p0000-M,GAO20230430t180128p0000,ok,,1,1,1,1,1,1,1,1,1,1,1,1,1
GAO20230430t180128p0000-N,GAO20230430t180128p0000,ok,,1,1,1,1,1,1,1,1,1,1,1,1,1
GAO20230430t185208p0000-A,GAO20230430t185208p0000,ok,,1,1,1,1,1,1,1,1,1,1,1,1,1
GAO20230430t185208p0000-B,GAO20230430t185208p0000,ok,,1,1,1,1,1,1,1,1,1,1,1,1,1
GAO20230430t190032p0000-A,GAO20230430t190032p0000,ok,,1,1,1,1,1,1,1,1,1,1,1,1,1
GAO20230430t190032p0000-B,GAO20230430t190032p0000,ok,,1,1,1,1,1,1,1,1,1,1,1,1,1
GAO20230430t190032p0000-G,GAO20230430t190032p0000,ok,,1,1,1,1,1,1,1,1,1,1,1,1,1
GAO20230430t190702p0000-A,GAO20230430t190702p0000,ok,,1,1,1,1,1,1,1,1,1,1,1,1,1
GAO20230430t190702p0000-B,GAO20230430t190702p0000,ok,,1,1,1,1,1,1,1,1,1,1,1,1,1
GAO20230430t190702p0000-C,GAO20230430t190702p0000,ok,,1,1,1,1,1,1,1,1,1,1,1,1,1
GAO20230504t170652p0000-A,GAO20230504t170652p0000,ok,,1,1,1,1,1,1,1,1,1,1,1,1,1
GAO20230504t170652p0000-B,GAO20230504t170652p0000,ok,,1,1,1,1,1,1,1,1,1,1,1,1,1
GAO20230504t171112p0000-A,GAO20230504t171112p0000,ok,,1,1,1,1,1,1,1,1,1,1,1,1,1
GAO20230504t172357p0000-A,GAO20230504t172357p0000,ok,,1,1,1,1,1,1,1,1,1,1,1,1,1
GAO20230504t180217p0000-C,GAO20230504t180217p0000,ok,,1,1,1,1,1,1,1,1,1,1,1,1,1
GAO20230509t172829p0000-A,GAO20230509t172829p0000,ok,,1,1,1,1,1,1,1,1,1,1,1,1,1
GAO20230509t172829p0000-C,GAO20230509t172829p0000,ok,,1,1,1,1,1,1,1,1,1,1,1,1,1
GAO20230509t175136p0000-A,GAO20230509t175136p0000,ok,,1,1,1,1,1,1,1,1,1,1,1,1,1
GAO20230509t175834p0000-B,GAO20230509t175834p0000,ok,,1,1,1,1,1,1,1,1,1,1,1,1,1
GAO20230612t170617p0000-A,GAO20230612t170617p0000,ok,,1,1,1,1,1,1,1,1,1,1,1,1,1
GAO20230614t185623p0000-A,GAO20230614t185623p0000,ok,,1,1,1,1,1,1,1,1,1,1,1,1,1
GAO20230614t185623p0000-B,GAO20230614t185623p0000,ok,,1,1,1,1,1,1,1,1,1,1,1,1,1
GAO20230614t190924p0000-A,GAO20230614t190924p0000,ok,,1,1,1,1,1,1,1,1,1,1,1,1,1
GAO20230614t190924p0000-C,GAO20230614t190924p0000,ok,,1,1,1,1,1,1,1,1,1,1,1,1,1
GAO20230614t191729p0000-A,GAO20230614t191729p0000,ok,,1,1,1,1,1,1,1,1,1,1,1,1,1
GAO20230614t191729p0000-C,GAO20230614t191729p0000,ok,,1,1,1,1,1,1,1,1,1,1,1,1,1
GAO20230614t191729p0000-D,GAO20230614t191729p0000,ok,,1,1,1,1,1,1,1,1,1,1,1,1,1
GAO20230614t191729p0000-E,GAO20230614t191729p0000,ok,,1,1,1,1,1,1,1,1,1,1,1,1,1
GAO20230614t191729p0000-F,GAO20230614t191729p0000,ok,,1,1,1,1,1,1,1,1,1,1,1,1,1
GAO20230614t191729p0000-H,GAO20230614t191729p0000,ok,,1,1,1,1,1,1,1,1,1,1,1,1,1
GAO20230614t192749p0000-A,GAO20230614t192749p0000,ok,,1,1,1,1,1,1,1,1,1,1,1,1,1
GAO20230614t193553p0000-B,GAO20230614t193553p0000,ok,,1,1,1,1,1,1,1,1,1,1,1,1,1
GAO20230614t193553p0000-C,GAO20230614t193553p0000,ok,,1,1,1,1,1,1,1,1,1,1,1,1,1
GAO20230614t193553p0000-E,GAO20230614t193553p0000,ok,,1,1,1,1,1,1,1,1,1,1,1,1,1
GAO20230614t193553p0000-F,GAO20230614t193553p0000,ok,,1,1,1,1,1,1,1,1,1,1,1,1,1
GAO20230614t193553p0000-G,GAO20230614t193553p0000,ok,,1,1,1,1,1,1,1,1,1,1,1,1,1
GAO20230614t193553p0000-H,GAO20230614t193553p0000,ok,,1,1,1,1,1,1,1,1,1,1,1,1,1
GAO20230614t200443p0000-A,GAO20230614t200443p0000,ok,,1,1,1,1,1,1,1,1,1,1,1,1,1
GAO20230614t200443p0000-B,GAO20230614t200443p0000,ok,,1,1,1,1,1,1,1,1,1,1,1,1,1
GAO20230615t192609p0000-B,GAO20230615t192609p0000,ok,,1,1,1,1,1,1,1,1,1,1,1,1,1
GAO20230616t185940p0000-A,GAO20230616t185940p0000,ok,,1,1,1,1,1,1,1,1,1,1,1,1,1
GAO20230616t185940p0000-B,GAO20230616t185940p0000,ok,,1,1,1,1,1,1,1,1,1,1,1,1,1
GAO20230616t191224p0000-A,GAO20230616t191224p0000,ok,,1,1,1,1,1,1,1,1,1,1,1,1,1
GAO20230616t191224p0000-B,GAO20230616t191224p0000,ok,,1,1,1,1,1,1,1,1,1,1,1,1,1
GAO20230616t194749p0000-A,GAO20230616t194749p0000,ok,,1,1,1,1,1,1,1,1,1,1,1,1,1
GAO20230616t195321p0000-A,GAO20230616t195321p0000,ok,,1,1,1,1,1,1,1,1,1,1,1,1,1
GAO20230616t195919p0000-A,GAO20230616t195919p0000,ok,,1,1,1,1,1,1,1,1,1,1,1,1,1
GAO20230616t195919p0000-B,GAO20230616t195919p0000,ok,,1,1,1,1,1,1,1,1,1,1,1,1,1
GAO20230616t200459p0000-B,GAO20230616t200459p0000,ok,,1,1,1,1,1,1,1,1,1,1,1,1,1
GAO20230621t194657p0000-A,GAO20230621t194657p0000,ok,,1,1,1,1,1,1,1,1,1,1,1,1,1
GAO20230621t194657p0000-B,GAO20230621t194657p0000,ok,,1,1,1,1,1,1,1,1,1,1,1,1,1
GAO20230626t201612p0000-A,GAO20230626t201612p0000,ok,,1,1,1,1,1,1,1,1,1,1,1,1,1
GAO20230626t202212p0000-B,GAO20230626t202212p0000,ok,,1,1,1,1,1,1,1,1,1,1,1,1,1
GAO20230626t202807p0000-A,GAO20230626t202807p0000,ok,,1,1,1,1,1,1,1,1,1,1,1,1,1
GAO20230626t202807p0000-B,GAO20230626t202807p0000,ok,,1,1,1,1,1,1,1,1,1,1,1,1,1
GAO20230626t203327p0000-A,GAO20230626t203327p0000,ok,,1,1,1,1,1,1,1,1,1,1,1,1,1
GAO20230626t204012p0000-A,GAO20230626t204012p0000,ok,,1,1,1,1,1,1,1,1,1,1,1,1,1
GAO20230626t204557p0000-A,GAO20230626t204557p0000,ok,,1,1,1,1,1,1,1,1,1,1,1,1,1
GAO20230626t204557p0000-B,GAO20230626t204557p0000,ok,,1,1,1,1,1,1,1,1,1,1,1,1,1
GAO20230626t204557p0000-C,GAO20230626t204557p0000,ok,,1,1,1,1,1,1,1,1,1,1,1,1,1
GAO20230626t204557p0000-E,GAO20230626t204557p0000,ok,,1,1,1,1,1,1,1,1,1,1,1,1,1
GAO20230626t204557p0000-F,GAO20230626t204557p0000,ok,,1,1,1,1,1,1,1,1,1,1,1,1,1
GAO20230626t204557p0000-G,GAO20230626t204557p0000,ok,,1,1,1,1,1,1,1,1,1,1,1,1,1
GAO20230626t205153p0000-A,GAO20230626t205153p0000,ok,,1,1,1,1,1,1,1,1,1,1,1,1,1
GAO20230711t195220p0000-A,GAO20230711t195220p0000,ok,,1,1,1,1,1,1,1,1,1,1,1,1,1
GAO20230713t194729p0000-A,GAO20230713t194729p0000,ok,,1,1,1,1,1,1,1,1,1,1,1,1,1
GAO20230713t201929p0000-A,GAO20230713t201929p0000,ok,,1,1,1,1,1,1,1,1,1,1,1,1,1
GAO20230713t201929p0000-B,GAO20230713t201929p0000,ok,,1,1,1,1,1,1,1,1,1,1,1,1,1
GAO20230713t201929p0000-C,GAO20230713t201929p0000,ok,,1,1,1,1,1,1,1,1,1,1,1,1,1
GAO20230713t202354p0000-B,GAO20230713t202354p0000,ok,,1,1,1,1,1,1,1,1,1,1,1,1,1
GAO20230713t202354p0000-C,GAO20230713t202354p0000,ok,,1,1,1,1,1,1,1,1,1,1,1,1,1
GAO20230713t202354p0000-D,GAO20230713t202354p0000,ok,,1,1,1,1,1,1,1,1,1,1,1,1,1
GAO20230713t203344p0000-A,GAO20230713t203344p0000,ok,,1,1,1,1,1,1,1,1,1,1,1,1,1
GAO20230713t203344p0000-B,GAO20230713t203344p0000,ok,,1,1,1,1,1,1,1,1,1,1,1,1,1
GAO20230713t205034p0000-A,GAO20230713t205034p0000,ok,,1,1,1,1,1,1,1,1,1,1,1,1,1
GAO20230715t210120p0000-A,GAO20230715t210120p0000,ok,,1,1,1,1,1,1,1,1,1,1,1,1,1
GAO20230715t210120p0000-B,GAO20230715t210120p0000,ok,,1,1,1,1,1,1,1,1,1,1,1,1,1
GAO20230718t195144p0000-A,GAO20230718t195144p0000,ok,,1,1,1,1,1,1,1,1,1,1,1,1,1
GAO20230718t200914p0000-A,GAO20230718t200914p0000,ok,,1,1,1,1,1,1,1,1,1,1,1,1,1
GAO20230718t200914p0000-C,GAO20230718t200914p0000,ok,,1,1,1,1,1,1,1,1,1,1,1,1,1
GAO20230718t200914p0000-D,GAO20230718t200914p0000,ok,,1,1,1,1,1,1,1,1,1,1,1,1,1
GAO20230718t203120p0000-A,GAO20230718t203120p0000,ok,,1,1,1,1,1,1,1,1,1,1,1,1,1
GAO20230718t203120p0000-B,GAO20230718t203120p0000,ok,,1,1,1,1,1,1,1,1,1,1,1,1,1
GAO20230718t203120p0000-C,GAO20230718t203120p0000,ok,,1,1,1,1,1,1,1,1,1,1,1,1,1
GAO20230718t203531p0000-A,GAO20230718t203531p0000,ok,,1,1,1,1,1,1,1,1,1,1,1,1,1
GAO20230718t203531p0000-B,GAO20230718t203531p0000,ok,,1,1,1,1,1,1,1,1,1,1,1,1,1
GAO20230718t203531p0000-C,GAO20230718t203531p0000,ok,,1,1,1,1,1,1,1,1,1,1,1,1,1
GAO20230718t205744p0000-A,GAO20230718t205744p0000,ok,,1,1,1,1,1,1,1,1,1,1,1,1,1
GAO20230718t211446p0000-A,GAO20230718t211446p0000,ok,,1,1,1,1,1,1,1,1,1,1,1,1,1
GAO20230720t193208p0000-B,GAO20230720t193208p0000,ok,,1,1,1,1,1,1,1,1,1,1,1,1,1
GAO20230720t193208p0000-C,GAO20230720t193208p0000,ok,,1,1,1,1,1,1,1,1,1,1,1,1,1
GAO20230720t210343p0000-A,GAO20230720t210343p0000,ok,,1,1,1,1,1,1,1,1,1,1,1,1,1
GAO20230720t211143p0000-A,GAO20230720t211143p0000,ok,,1,1,1,1,1,1,1,1,1,1,1,1,1
GAO20230720t213013p0000-A,GAO20230720t213013p0000,ok,,1,1,1,1,1,1,1,1,1,1,1,1,1
GAO20230720t213013p0000-B,GAO20230720t213013p0000,ok,,1,1,1,1,1,1,1,1,1,1,1,1,1
GAO20230721t220833p0000-A,GAO20230721t220833p0000,ok,,1,1,1,1,1,1,1,1,1,1,1,1,1
GAO20230817t175345p0000-A,GAO20230817t175345p0000,ok,,1,1,1,1,1,1,1,1,1,1,1,1,1
GAO20230817t175345p0000-B,GAO20230817t175345p0000,ok,,1,1,1,1,1,1,1,1,1,1,1,1,1
GAO20230817t175345p0000-C,GAO20230817t175345p0000,ok,,1,1,1,1,1,1,1,1,1,1,1,1,1
GAO20230817t175345p0000-D,GAO20230817t175345p0000,ok,,1,1,1,1,1,1,1,1,1,1,1,1,1
GAO20230817t175345p0000-E,GAO20230817t175345p0000,ok,,1,1,1,1,1,1,1,1,1,1,1,1,1
GAO20230817t180151p0000-A,GAO20230817t180151p0000,ok,,1,1,1,1,1,1,1,1,1,1,1,1,1
GAO20230817t180905p0000-A,GAO20230817t180905p0000,ok,,1,1,1,1,1,1,1,1,1,1,1,1,1
GAO20230817t180905p0000-B,GAO20230817t180905p0000,ok,,1,1,1,1,1,1,1,1,1,1,1,1,1
GAO20230817t180905p0000-E,GAO20230817t180905p0000,ok,,1,1,1,1,1,1,1,1,1,1,1,1,1
GAO20230817t181525p0000-A,GAO20230817t181525p0000,ok,,1,1,1,1,1,1,1,1,1,1,1,1,1
GAO20230817t181525p0000-B,GAO20230817t181525p0000,ok,,1,1,1,1,1,1,1,1,1,1,1,1,1
GAO20230817t181525p0000-C,GAO20230817t181525p0000,ok,,1,1,1,1,1,1,1,1,1,1,1,1,1
GAO20230817t182218p0000-A,GAO20230817t182218p0000,ok,,1,1,1,1,1,1,1,1,1,1,1,1,1
GAO20230817t182218p0000-B,GAO20230817t182218p0000,ok,,1,1,1,1,1,1,1,1,1,1,1,1,1
GAO20230817t182833p0000-A,GAO20230817t182833p0000,ok,,1,1,1,1,1,1,1,1,1,1,1,1,1
GAO20230817t182833p0000-B,GAO20230817t182833p0000,ok,,1,1,1,1,1,1,1,1,1,1,1,1,1
GAO20230817t182833p0000-C,GAO20230817t182833p0000,ok,,1,1,1,1,1,1,1,1,1,1,1,1,1
GAO20230817t182833p0000-D,GAO20230817t182833p0000,ok,,1,1,1,1,1,1,1,1,1,1,1,1,1
GAO20230817t183514p0000-A,GAO20230817t183514p0000,ok,,1,1,1,1,1,1,1,1,1,1,1,1,1
GAO20230817t183514p0000-C,GAO20230817t183514p0000,ok,,1,1,1,1,1,1,1,1,1,1,1,1,1
GAO20230817t184135p0000-B,GAO20230817t184135p0000,ok,,1,1,1,1,1,1,1,1,1,1,1,1,1
GAO20230817t184135p0000-C,GAO20230817t184135p0000,ok,,1,1,1,1,1,1,1,1,1,1,1,1,1
GAO20230817t184823p0000-A,GAO20230817t184823p0000,ok,,1,1,1,1,1,1,1,1,1,1,1,1,1
GAO20230817t184823p0000-B,GAO20230817t184823p0000,ok,,1,1,1,1,1,1,1,1,1,1,1,1,1
GAO20230817t185548p0000-A,GAO20230817t185548p0000,ok,,1,1,1,1,1,1,1,1,1,1,1,1,1
GAO20230817t185548p0000-B,GAO20230817t185548p0000,ok,,1,1,1,1,1,1,1,1,1,1,1,1,1
GAO20230817t185548p0000-C,GAO20230817t185548p0000,ok,,1,1,1,1,1,1,1,1,1,1,1,1,1
GAO20230817t185548p0000-D,GAO20230817t185548p0000,ok,,1,1,1,1,1,1,1,1,1,1,1,1,1
GAO20230819t174128p0000-A,GAO20230819t174128p0000,ok,,1,1,1,1,1,1,1,1,1,1,1,1,1
GAO20230819t174128p0000-C,GAO20230819t174128p0000,ok,,1,1,1,1,1,1,1,1,1,1,1,1,1
GAO20230819t174128p0000-D,GAO20230819t174128p0000,ok,,1,1,1,1,1,1,1,1,1,1,1,1,1
GAO20230819t174128p0000-H,GAO20230819t174128p0000,ok,,1,1,1,1,1,1,1,1,1,1,1,1,1
GAO20230819t174128p0000-I,GAO20230819t174128p0000,ok,,1,1,1,1,1,1,1,1,1,1,1,1,1
GAO20230819t175813p0000-A,GAO20230819t175813p0000,ok,,1,1,1,1,1,1,1,1,1,1,1,1,1
GAO20230819t175813p0000-B,GAO20230819t175813p0000,ok,,1,1,1,1,1,1,1,1,1,1,1,1,1
GAO20230819t175813p0000-C,GAO20230819t175813p0000,ok,,1,1,1,1,1,1,1,1,1,1,1,1,1
GAO20230819t175813p0000-D,GAO20230819t175813p0000,ok,,1,1,1,1,1,1,1,1,1,1,1,1,1
GAO20230819t175813p0000-E,GAO20230819t175813p0000,ok,,1,1,1,1,1,1,1,1,1,1,1,1,1
GAO20230819t175813p0000-G,GAO20230819t175813p0000,ok,,1,1,1,1,1,1,1,1,1,1,1,1,1
GAO20230819t175813p0000-H,GAO20230819t175813p0000,ok,,1,1,1,1,1,1,1,1,1,1,1,1,1
GAO20230819t181723p0000-A,GAO20230819t181723p0000,ok,,1,1,1,1,1,1,1,1,1,1,1,1,1
GAO20230819t182358p0000-A,GAO20230819t182358p0000,ok,,1,1,1,1,1,1,1,1,1,1,1,1,1
GAO20230819t182358p0000-C,GAO20230819t182358p0000,ok,,1,1,1,1,1,1,1,1,1,1,1,1,1
GAO20230819t183045p0000-B,GAO20230819t183045p0000,ok,,1,1,1,1,1,1,1,1,1,1,1,1,1
GAO20230819t183045p0000-C,GAO20230819t183045p0000,ok,,1,1,1,1,1,1,1,1,1,1,1,1,1
GAO20230819t183643p0000-A,GAO20230819t183643p0000,ok,,1,1,1,1,1,1,1,1,1,1,1,1,1
GAO20230819t184403p0000-A,GAO20230819t184403p0000,ok,,1,1,1,1,1,1,1,1,1,1,1,1,1
GAO20230819t184403p0000-B,GAO20230819t184403p0000,ok,,1,1,1,1,1,1,1,1,1,1,1,1,1
GAO20230819t184403p0000-C,GAO20230819t184403p0000,ok,,1,1,1,1,1,1,1,1,1,1,1,1,1
GAO20230819t185009p0000-C,GAO20230819t185009p0000,ok,,1,1,1,1,1,1,1,1,1,1,1,1,1
GAO20230819t185009p0000-E,GAO20230819t185009p0000,ok,,1,1,1,1,1,1,1,1,1,1,1,1,1
GAO20230819t185649p0000-A,GAO20230819t185649p0000,ok,,1,1,1,1,1,1,1,1,1,1,1,1,1
GAO20230819t185649p0000-C,GAO20230819t185649p0000,ok,,1,1,1,1,1,1,1,1,1,1,1,1,1
GAO20230819t185649p0000-D,GAO20230819t185649p0000,ok,,1,1,1,1,1,1,1,1,1,1,1,1,1
GAO20230819t190243p0000-A,GAO20230819t190243p0000,ok,,1,1,1,1,1,1,1,1,1,1,1,1,1
GAO20230819t190243p0000-B,GAO20230819t190243p0000,ok,,1,1,1,1,1,1,1,1,1,1,1,1,1
GAO20230819t190243p0000-D,GAO20230819t190243p0000,ok,,1,1,1,1,1,1,1,1,1,1,1,1,1
GAO20230819t190243p0000-G,GAO20230819t190243p0000,ok,,1,1,1,1,1,1,1,1,1,1,1,1,1
GAO20230819t190243p0000-I,GAO20230819t190243p0000,ok,,1,1,1,1,1,1,1,1,1,1,1,1,1
GAO20230819t190243p0000-M,GAO20230819t190243p0000,ok,,1,1,1,1,1,1,1,1,1,1,1,1,1
GAO20230819t190243p0000-R,GAO20230819t190243p0000,ok,,1,1,1,1,1,1,1,1,1,1,1,1,1
GAO20230819t190914p0000-B,GAO20230819t190914p0000,ok,,1,1,1,1,1,1,1,1,1,1,1,1,1
GAO20230819t190914p0000-H,GAO20230819t190914p0000,ok,,1,1,1,1,1,1,1,1,1,1,1,1,1
GAO20230819t190914p0000-J,GAO20230819t190914p0000,ok,,1,1,1,1,1,1,1,1,1,1,1,1,1
GAO20230819t190914p0000-O,GAO20230819t190914p0000,ok,,1,1,1,1,1,1,1,1,1,1,1,1,1
GAO20230819t191528p0000-A,GAO20230819t191528p0000,ok,,1,1,1,1,1,1,1,1,1,1,1,1,1
GAO20230819t191528p0000-B,GAO20230819t191528p0000,ok,,1,1,1,1,1,1,1,1,1,1,1,1,1
GAO20230819t191528p0000-D,GAO20230819t191528p0000,ok,,1,1,1,1,1,1,1,1,1,1,1,1,1
GAO20230819t191528p0000-F,GAO20230819t191528p0000,ok,,1,1,1,1,1,1,1,1,1,1,1,1,1
GAO20230819t191528p0000-G,GAO20230819t191528p0000,ok,,1,1,1,1,1,1,1,1,1,1,1,1,1
GAO20230819t191528p0000-I,GAO20230819t191528p0000,ok,,1,1,1,1,1,1,1,1,1,1,1,1,1
GAO20230819t192214p0000-B,GAO20230819t192214p0000,ok,,1,1,1,1,1,1,1,1,1,1,1,1,1
GAO20230819t192214p0000-C,GAO20230819t192214p0000,ok,,1,1,1,1,1,1,1,1,1,1,1,1,1
GAO20230819t192214p0000-D,GAO20230819t192214p0000,ok,,1,1,1,1,1,1,1,1,1,1,1,1,1
GAO20230819t192214p0000-F,GAO20230819t192214p0000,ok,,1,1,1,1,1,1,1,1,1,1,1,1,1
GAO20230819t192818p0000-B,GAO20230819t192818p0000,ok,,1,1,1,1,1,1,1,1,1,1,1,1,1
GAO20230819t192818p0000-C,GAO20230819t192818p0000,ok,,1,1,1,1,1,1,1,1,1,1,1,1,1
GAO20230819t192818p0000-N,GAO20230819t192818p0000,ok,,1,1,1,1,1,1,1,1,1,1,1,1,1
GAO20230819t193458p0000-A,GAO20230819t193458p0000,ok,,1,1,1,1,1,1,1,1,1,1,1,1,1
GAO20230819t193458p0000-G,GAO20230819t193458p0000,ok,,1,1,1,1,1,1,1,1,1,1,1,1,1
GAO20230819t193458p0000-N,GAO20230819t193458p0000,ok,,1,1,1,1,1,1,1,1,1,1,1,1,1
GAO20230819t193458p0000-T,GAO20230819t193458p0000,ok,,1,1,1,1,1,1,1,1,1,1,1,1,1
GAO20230819t194058p0000-A,GAO20230819t194058p0000,ok,,1,1,1,1,1,1,1,1,1,1,1,1,1
GAO20230819t194058p0000-B,GAO20230819t194058p0000,ok,,1,1,1,1,1,1,1,1,1,1,1,1,1
GAO20230819t194058p0000-F,GAO20230819t194058p0000,ok,,1,1,1,1,1,1,1,1,1,1,1,1,1
GAO20230819t194733p0000-A,GAO20230819t194733p0000,ok,,1,1,1,1,1,1,1,1,1,1,1,1,1
GAO20230819t194733p0000-F,GAO20230819t194733p0000,ok,,1,1,1,1,1,1,1,1,1,1,1,1,1
GAO20230819t195323p0000-C,GAO20230819t195323p0000,ok,,1,1,1,1,1,1,1,1,1,1,1,1,1
GAO20230819t195323p0000-F,GAO20230819t195323p0000,ok,,1,1,1,1,1,1,1,1,1,1,1,1,1
GAO20230819t195323p0000-G,GAO20230819t195323p0000,ok,,1,1,1,1,1,1,1,1,1,1,1,1,1
GAO20230819t200018p0000-A,GAO20230819t200018p0000,ok,,1,1,1,1,1,1,1,1,1,1,1,1,1
GAO20230819t200018p0000-B,GAO20230819t200018p0000,ok,,1,1,1,1,1,1,1,1,1,1,1,1,1
GAO20230819t200018p0000-C,GAO20230819t200018p0000,ok,,1,1,1,1,1,1,1,1,1,1,1,1,1
GAO20230824t173950p0000-A,GAO20230824t173950p0000,ok,,1,1,1,1,1,1,1,1,1,1,1,1,1
GAO20230824t173950p0000-B,GAO20230824t173950p0000,ok,,1,1,1,1,1,1,1,1,1,1,1,1,1
GAO20230824t173950p0000-C,GAO20230824t173950p0000,ok,,1,1,1,1,1,1,1,1,1,1,1,1,1
GAO20230824t173950p0000-D,GAO20230824t173950p0000,ok,,1,1,1,1,1,1,1,1,1,1,1,1,1
GAO20230824t173950p0000-E,GAO20230824t173950p0000,ok,,1,1,1,1,1,1,1,1,1,1,1,1,1
GAO20230824t173950p0000-F,GAO20230824t173950p0000,ok,,1,1,1,1,1,1,1,1,1,1,1,1,1
GAO20230824t173950p0000-G,GAO20230824t173950p0000,ok,,1,1,1,1,1,1,1,1,1,1,1,1,1
GAO20230824t173950p0000-H,GAO20230824t173950p0000,ok,,1,1,1,1,1,1,1,1,1,1,1,1,1
GAO20230824t173950p0000-I,GAO20230824t173950p0000,ok,,1,1,1,1,1,1,1,1,1,1,1,1,1
GAO20230824t174552p0000-A,GAO20230824t174552p0000,ok,,1,1,1,1,1,1,1,1,1,1,1,1,1
GAO20230824t174552p0000-B,GAO20230824t174552p0000,ok,,1,1,1,1,1,1,1,1,1,1,1,1,1
GAO20230824t174552p0000-C,GAO20230824t174552p0000,ok,,1,1,1,1,1,1,1,1,1,1,1,1,1
GAO20230824t174552p0000-D,GAO20230824t174552p0000,ok,,1,1,1,1,1,1,1,1,1,1,1,1,1
GAO20230824t174552p0000-E,GAO20230824t174552p0000,ok,,1,1,1,1,1,1,1,1,1,1,1,1,1
GAO20230824t174552p0000-F,GAO20230824t174552p0000,ok,,1,1,1,1,1,1,1,1,1,1,1,1,1
GAO20230824t174552p0000-G,GAO20230824t174552p0000,ok,,1,1,1,1,1,1,1,1,1,1,1,1,1
GAO20230824t174552p0000-H,GAO20230824t174552p0000,ok,,1,1,1,1,1,1,1,1,1,1,1,1,1
GAO20230824t174552p0000-I,GAO20230824t174552p0000,ok,,1,1,1,1,1,1,1,1,1,1,1,1,1
GAO20230824t174552p0000-J,GAO20230824t174552p0000,ok,,1,1,1,1,1,1,1,1,1,1,1,1,1
GAO20230824t175220p0000-A,GAO20230824t175220p0000,ok,,1,1,1,1,1,1,1,1,1,1,1,1,1
GAO20230824t175220p0000-B,GAO20230824t175220p0000,ok,,1,1,1,1,1,1,1,1,1,1,1,1,1
GAO20230824t175220p0000-C,GAO20230824t175220p0000,ok,,1,1,1,1,1,1,1,1,1,1,1,1,1
GAO20230824t175220p0000-D,GAO20230824t175220p0000,ok,,1,1,1,1,1,1,1,1,1,1,1,1,1
GAO20230824t175220p0000-E,GAO20230824t175220p0000,ok,,1,1,1,1,1,1,1,1,1,1,1,1,1
GAO20230824t175220p0000-F,GAO20230824t175220p0000,ok,,1,1,1,1,1,1,1,1,1,1,1,1,1
GAO20230824t175220p0000-G,GAO20230824t175220p0000,ok,,1,1,1,1,1,1,1,1,1,1,1,1,1
GAO20230824t175220p0000-H,GAO20230824t175220p0000,ok,,1,1,1,1,1,1,1,1,1,1,1,1,1
GAO20230824t175220p0000-I,GAO20230824t175220p0000,ok,,1,1,1,1,1,1,1,1,1,1,1,1,1
GAO20230824t175835p0000-B,GAO20230824t175835p0000,ok,,1,1,1,1,1,1,1,1,1,1,1,1,1
GAO20230824t175835p0000-C,GAO20230824t175835p0000,ok,,1,1,1,1,1,1,1,1,1,1,1,1,1
GAO20230824t175835p0000-D,GAO20230824t175835p0000,ok,,1,1,1,1,1,1,1,1,1,1,1,1,1
GAO20230824t175835p0000-E,GAO20230824t175835p0000,ok,,1,1,1,1,1,1,1,1,1,1,1,1,1
GAO20230824t175835p0000-F,GAO20230824t175835p0000,ok,,1,1,1,1,1,1,1,1,1,1,1,1,1
GAO20230824t175835p0000-G,GAO20230824t175835p0000,ok,,1,1,1,1,1,1,1,1,1,1,1,1,1
GAO20230824t175835p0000-H,GAO20230824t175835p0000,ok,,1,1,1,1,1,1,1,1,1,1,1,1,1
GAO20230824t175835p0000-I,GAO20230824t175835p0000,ok,,1,1,1,1,1,1,1,1,1,1,1,1,1
GAO20230824t175835p0000-J,GAO20230824t175835p0000,ok,,1,1,1,1,1,1,1,1,1,1,1,1,1
GAO20230824t175835p0000-K,GAO20230824t175835p0000,ok,,1,1,1,1,1,1,1,1,1,1,1,1,1
GAO20230824t175835p0000-L,GAO20230824t175835p0000,ok,,1,1,1,1,1,1,1,1,1,1,1,1,1
GAO20230824t180435p0000-B,GAO20230824t180435p0000,ok,,1,1,1,1,1,1,1,1,1,1,1,1,1
GAO20230824t180435p0000-C,GAO20230824t180435p0000,ok,,1,1,1,1,1,1,1,1,1,1,1,1,1
GAO20230824t180435p0000-D,GAO20230824t180435p0000,ok,,1,1,1,1,1,1,1,1,1,1,1,1,1
GAO20230824t180435p0000-E,GAO20230824t180435p0000,ok,,1,1,1,1,1,1,1,1,1,1,1,1,1
GAO20230824t180435p0000-F,GAO20230824t180435p0000,ok,,1,1,1,1,1,1,1,1,1,1,1,1,1
GAO20230824t180435p0000-H,GAO20230824t180435p0000,ok,,1,1,1,1,1,1,1,1,1,1,1,1,1
GAO20230824t180435p0000-I,GAO20230824t180435p0000,ok,,1,1,1,1,1,1,1,1,1,1,1,1,1
GAO20230824t180435p0000-J,GAO20230824t180435p0000,ok,,1,1,1,1,1,1,1,1,1,1,1,1,1
GAO20230824t180435p0000-K,GAO20230824t180435p0000,ok,,1,1,1,1,1,1,1,1,1,1,1,1,1
GAO20230824t180435p0000-L,GAO20230824t180435p0000,ok,,1,1,1,1,1,1,1,1,1,1,1,1,1
GAO20230824t180435p0000-M,GAO20230824t180435p0000,ok,,1,1,1,1,1,1,1,1,1,1,1,1,1
GAO20230824t180435p0000-N,GAO20230824t180435p0000,ok,,1,1,1,1,1,1,1,1,1,1,1,1,1
GAO20230824t180435p0000-O,GAO20230824t180435p0000,ok,,1,1,1,1,1,1,1,1,1,1,1,1,1
GAO20230824t180435p0000-P,GAO20230824t180435p0000,ok,,1,1,1,1,1,1,1,1,1,1,1,1,1
GAO20230824t181850p0000-A,GAO20230824t181850p0000,ok,,1,1,1,1,1,1,1,1,1,1,1,1,1
GAO20230824t181850p0000-B,GAO20230824t181850p0000,ok,,1,1,1,1,1,1,1,1,1,1,1,1,1
GAO20230824t181850p0000-C,GAO20230824t181850p0000,ok,,1,1,1,1,1,1,1,1,1,1,1,1,1
GAO20230824t181850p0000-D,GAO20230824t181850p0000,ok,,1,1,1,1,1,1,1,1,1,1,1,1,1
GAO20230824t181850p0000-E,GAO20230824t181850p0000,ok,,1,1,1,1,1,1,1,1,1,1,1,1,1
GAO20230824t181850p0000-F,GAO20230824t181850p0000,ok,,1,1,1,1,1,1,1,1,1,1,1,1,1
GAO20230824t181850p0000-G,GAO20230824t181850p0000,ok,,1,1,1,1,1,1,1,1,1,1,1,1,1
GAO20230824t181850p0000-H,GAO20230824t181850p0000,ok,,1,1,1,1,1,1,1,1,1,1,1,1,1
GAO20230824t181850p0000-I,GAO20230824t181850p0000,ok,,1,1,1,1,1,1,1,1,1,1,1,1,1
GAO20230824t182756p0000-A,GAO20230824t182756p0000,ok,,1,1,1,1,1,1,1,1,1,1,1,1,1
GAO20230824t182756p0000-B,GAO20230824t182756p0000,ok,,1,1,1,1,1,1,1,1,1,1,1,1,1
GAO20230824t182756p0000-C,GAO20230824t182756p0000,ok,,1,1,1,1,1,1,1,1,1,1,1,1,1
GAO20230824t182756p0000-D,GAO20230824t182756p0000,ok,,1,1,1,1,1,1,1,1,1,1,1,1,1
GAO20230824t182756p0000-E,GAO20230824t182756p0000,ok,,1,1,1,1,1,1,1,1,1,1,1,1,1
GAO20230824t182756p0000-F,GAO20230824t182756p0000,ok,,1,1,1,1,1,1,1,1,1,1,1,1,1
GAO20230824t182756p0000-G,GAO20230824t182756p0000,ok,,1,1,1,1,1,1,1,1,1,1,1,1,1
GAO20230824t182756p0000-H,GAO20230824t182756p0000,ok,,1,1,1,1,1,1,1,1,1,1,1,1,1
GAO20230824t182756p0000-I,GAO20230824t182756p0000,ok,,1,1,1,1,1,1,1,1,1,1,1,1,1
GAO20230824t183712p0000-B,GAO20230824t183712p0000,ok,,1,1,1,1,1,1,1,1,1,1,1,1,1
GAO20230824t183712p0000-C,GAO20230824t183712p0000,ok,,1,1,1,1,1,1,1,1,1,1,1,1,1
GAO20230824t183712p0000-D,GAO20230824t183712p0000,ok,,1,1,1,1,1,1,1,1,1,1,1,1,1
GAO20230824t183712p0000-E,GAO20230824t183712p0000,ok,,1,1,1,1,1,1,1,1,1,1,1,1,1
GAO20230824t183712p0000-F,GAO20230824t183712p0000,ok,,1,1,1,1,1,1,1,1,1,1,1,1,1
GAO20230824t183712p0000-G,GAO20230824t183712p0000,ok,,1,1,1,1,1,1,1,1,1,1,1,1,1
GAO20230824t183712p0000-H,GAO20230824t183712p0000,ok,,1,1,1,1,1,1,1,1,1,1,1,1,1
GAO20230824t183712p0000-J,GAO20230824t183712p0000,ok,,1,1,1,1,1,1,1,1,1,1,1,1,1
GAO20230824t183712p0000-K,GAO20230824t183712p0000,ok,,1,1,1,1,1,1,1,1,1,1,1,1,1
GAO20230824t185535p0000-A,GAO20230824t185535p0000,ok,,1,1,1,1,1,1,1,1,1,1,1,1,1
GAO20230824t185535p0000-B,GAO20230824t185535p0000,ok,,1,1,1,1,1,1,1,1,1,1,1,1,1
GAO20230824t185535p0000-C,GAO20230824t185535p0000,ok,,1,1,1,1,1,1,1,1,1,1,1,1,1
GAO20230824t185535p0000-D,GAO20230824t185535p0000,ok,,1,1,1,1,1,1,1,1,1,1,1,1,1
GAO20230824t185535p0000-E,GAO20230824t185535p0000,ok,,1,1,1,1,1,1,1,1,1,1,1,1,1
GAO20230824t185535p0000-F,GAO20230824t185535p0000,ok,,1,1,1,1,1,1,1,1,1,1,1,1,1
GAO20230824t185535p0000-G,GAO20230824t185535p0000,ok,,1,1,1,1,1,1,1,1,1,1,1,1,1
GAO20230824t185535p0000-H,GAO20230824t185535p0000,ok,,1,1,1,1,1,1,1,1,1,1,1,1,1
GAO20230907t183326p0000-A,GAO20230907t183326p0000,ok,,1,1,1,1,1,1,1,1,1,1,1,1,1
GAO20230907t183326p0000-B,GAO20230907t183326p0000,ok,,1,1,1,1,1,1,1,1,1,1,1,1,1
GAO20230907t195230p0000-A,GAO20230907t195230p0000,ok,,1,1,1,1,1,1,1,1,1,1,1,1,1
GAO20230907t200201p0000-A,GAO20230907t200201p0000,ok,,1,1,1,1,1,1,1,1,1,1,1,1,1
GAO20230912t181313p0000-A,GAO20230912t181313p0000,ok,,1,1,1,1,1,1,1,1,1,1,1,1,1
GAO20230912t183548p0000-A,GAO20230912t183548p0000,ok,,1,1,1,1,1,1,1,1,1,1,1,1,1
GAO20230912t183548p0000-B,GAO20230912t183548p0000,ok,,1,1,1,1,1,1,1,1,1,1,1,1,1
GAO20230912t184733p0000-A,GAO20230912t184733p0000,ok,,1,1,1,1,1,1,1,1,1,1,1,1,1
GAO20230912t185903p0000-A,GAO20230912t185903p0000,ok,,1,1,1,1,1,1,1,1,1,1,1,1,1
GAO20230912t193133p0000-A,GAO20230912t193133p0000,ok,,1,1,1,1,1,1,1,1,1,1,1,1,1
GAO20230912t193133p0000-B,GAO20230912t193133p0000,ok,,1,1,1,1,1,1,1,1,1,1,1,1,1
GAO20230912t194153p0000-A,GAO20230912t194153p0000,ok,,1,1,1,1,1,1,1,1,1,1,1,1,1
GAO20230912t200700p0000-A,GAO20230912t200700p0000,ok,,1,1,1,1,1,1,1,1,1,1,1,1,1
GAO20230922t183732p0000-A,GAO20230922t183732p0000,ok,,1,1,1,1,1,1,1,1,1,1,1,1,1
GAO20230922t185216p0000-A,GAO20230922t185216p0000,ok,,1,1,1,1,1,1,1,1,1,1,1,1,1
GAO20230922t185216p0000-B,GAO20230922t185216p0000,ok,,1,1,1,1,1,1,1,1,1,1,1,1,1
GAO20230922t185631p0000-A,GAO20230922t185631p0000,ok,,1,1,1,1,1,1,1,1,1,1,1,1,1
GAO20230922t185631p0000-B,GAO20230922t185631p0000,ok,,1,1,1,1,1,1,1,1,1,1,1,1,1
GAO20230927t191343p0000-A,GAO20230927t191343p0000,ok,,1,1,1,1,1,1,1,1,1,1,1,1,1
GAO20230927t191833p0000-A,GAO20230927t191833p0000,ok,,1,1,1,1,1,1,1,1,1,1,1,1,1
GAO20230927t193128p0000-A,GAO20230927t193128p0000,ok,,1,1,1,1,1,1,1,1,1,1,1,1,1
GAO20230927t193128p0000-B,GAO20230927t193128p0000,ok,,1,1,1,1,1,1,1,1,1,1,1,1,1
GAO20230927t193545p0000-A,GAO20230927t193545p0000,ok,,1,1,1,1,1,1,1,1,1,1,1,1,1
GAO20230929t184651p0000-A,GAO20230929t184651p0000,ok,,1,1,1,1,1,1,1,1,1,1,1,1,1
GAO20230929t190156p0000-A,GAO20230929t190156p0000,ok,,1,1,1,1,1,1,1,1,1,1,1,1,1
GAO20230929t191552p0000-A,GAO20230929t191552p0000,ok,,1,1,1,1,1,1,1,1,1,1,1,1,1
GAO20231004t181028p0000-B,GAO20231004t181028p0000,ok,,1,1,1,1,1,1,1,1,1,1,1,1,1
GAO20231004t182123p0000-A,GAO20231004t182123p0000,ok,,1,1,1,1,1,1,1,1,1,1,1,1,1
GAO20231004t194247p0000-A,GAO20231004t194247p0000,ok,,1,1,1,1,1,1,1,1,1,1,1,1,1
GAO20231004t195313p0000-A,GAO20231004t195313p0000,ok,,1,1,1,1,1,1,1,1,1,1,1,1,1
GAO20231004t200437p0000-A,GAO20231004t200437p0000,ok,,1,1,1,1,1,1,1,1,1,1,1,1,1
GAO20231005t181320p0000-A,GAO20231005t181320p0000,ok,,1,1,1,1,1,1,1,1,1,1,1,1,1
GAO20231005t183933p0000-A,GAO20231005t183933p0000,ok,,1,1,1,1,1,1,1,1,1,1,1,1,1
GAO20231005t190023p0000-C,GAO20231005t190023p0000,ok,,1,1,1,1,1,1,1,1,1,1,1,1,1
GAO20231005t191603p0000-A,GAO20231005t191603p0000,ok,,1,1,1,1,1,1,1,1,1,1,1,1,1
GAO20231005t193008p0000-A,GAO20231005t193008p0000,ok,,1,1,1,1,1,1,1,1,1,1,1,1,1
GAO20240415t172403p0000-A,GAO20240415t172403p0000,ok,,1,1,1,1,1,1,1,1,1,1,1,1,1
GAO20240415t172403p0000-B,GAO20240415t172403p0000,ok,,1,1,1,1,1,1,1,1,1,1,1,1,1
GAO20240415t172403p0000-C,GAO20240415t172403p0000,ok,,1,1,1,1,1,1,1,1,1,1,1,1,1
GAO20240415t172403p0000-D,GAO20240415t172403p0000,ok,,1,1,1,1,1,1,1,1,1,1,1,1,1
GAO20240415t175128p0000-A,GAO20240415t175128p0000,ok,,1,1,1,1,1,1,1,1,1,1,1,1,1
GAO20240415t175128p0000-C,GAO20240415t175128p0000,ok,,1,1,1,1,1,1,1,1,1,1,1,1,1
GAO20240415t175128p0000-D,GAO20240415t175128p0000,ok,,1,1,1,1,1,1,1,1,1,1,1,1,1
GAO20240415t175128p0000-E,GAO20240415t175128p0000,ok,,1,1,1,1,1,1,1,1,1,1,1,1,1
GAO20240415t181759p0000-A,GAO20240415t181759p0000,ok,,1,1,1,1,1,1,1,1,1,1,1,1,1
GAO20240415t181759p0000-B,GAO20240415t181759p0000,ok,,1,1,1,1,1,1,1,1,1,1,1,1,1
GAO20240415t181759p0000-C,GAO20240415t181759p0000,ok,,1,1,1,1,1,1,1,1,1,1,1,1,1
GAO20240415t181759p0000-D,GAO20240415t181759p0000,ok,,1,1,1,1,1,1,1,1,1,1,1,1,1
GAO20240419t194827p0000-A,GAO20240419t194827p0000,ok,,1,1,1,1,1,1,1,1,1,1,1,1,1
GAO20240419t194827p0000-B,GAO20240419t194827p0000,ok,,1,1,1,1,1,1,1,1,1,1,1,1,1
GAO20240419t195757p0000-A,GAO20240419t195757p0000,ok,,1,1,1,1,1,1,1,1,1,1,1,1,1
GAO20240419t195757p0000-C,GAO20240419t195757p0000,ok,,1,1,1,1,1,1,1,1,1,1,1,1,1
GAO20240419t201413p0000-A,GAO20240419t201413p0000,ok,,1,1,1,1,1,1,1,1,1,1,1,1,1
GAO20240419t201413p0000-B,GAO20240419t201413p0000,ok,,1,1,1,1,1,1,1,1,1,1,1,1,1
GAO20240419t202218p0000-A,GAO20240419t202218p0000,ok,,1,1,1,1,1,1,1,1,1,1,1,1,1
GAO20240419t202218p0000-C,GAO20240419t202218p0000,ok,,1,1,1,1,1,1,1,1,1,1,1,1,1
GAO20240419t202218p0000-D,GAO20240419t202218p0000,ok,,1,1,1,1,1,1,1,1,1,1,1,1,1
GAO20240419t203812p0000-B,GAO20240419t203812p0000,ok,,1,1,1,1,1,1,1,1,1,1,1,1,1
GAO20240419t204232p0000-A,GAO20240419t204232p0000,ok,,1,1,1,1,1,1,1,1,1,1,1,1,1
GAO20240419t204232p0000-C,GAO20240419t204232p0000,ok,,1,1,1,1,1,1,1,1,1,1,1,1,1
GAO20240419t212052p0000-A,GAO20240419t212052p0000,ok,,1,1,1,1,1,1,1,1,1,1,1,1,1
GAO20240419t212838p0000-A,GAO20240419t212838p0000,ok,,1,1,1,1,1,1,1,1,1,1,1,1,1
GAO20240419t214327p0000-A,GAO20240419t214327p0000,ok,,1,1,1,1,1,1,1,1,1,1,1,1,1
GAO20240419t221217p0000-A,GAO20240419t221217p0000,ok,,1,1,1,1,1,1,1,1,1,1,1,1,1
GAO20240419t221217p0000-B,GAO20240419t221217p0000,ok,,1,1,1,1,1,1,1,1,1,1,1,1,1
GAO20240419t221603p0000-A,GAO20240419t221603p0000,ok,,1,1,1,1,1,1,1,1,1,1,1,1,1
GAO20240420t182155p0000-C,GAO20240420t182155p0000,ok,,1,1,1,1,1,1,1,1,1,1,1,1,1
GAO20240420t183810p0000-B,GAO20240420t183810p0000,ok,,1,1,1,1,1,1,1,1,1,1,1,1,1
GAO20240508t175454p0000-A,GAO20240508t175454p0000,ok,,1,1,1,1,1,1,1,1,1,1,1,1,1
GAO20240508t175454p0000-B,GAO20240508t175454p0000,ok,,1,1,1,1,1,1,1,1,1,1,1,1,1
GAO20240508t175454p0000-C,GAO20240508t175454p0000,ok,,1,1,1,1,1,1,1,1,1,1,1,1,1
GAO20240508t175454p0000-D,GAO20240508t175454p0000,ok,,1,1,1,1,1,1,1,1,1,1,1,1,1
GAO20240508t175454p0000-E,GAO20240508t175454p0000,ok,,1,1,1,1,1,1,1,1,1,1,1,1,1
GAO20240508t181643p0000-D,GAO20240508t181643p0000,ok,,1,1,1,1,1,1,1,1,1,1,1,1,1
GAO20240508t183528p0000-A,GAO20240508t183528p0000,ok,,1,1,1,1,1,1,1,1,1,1,1,1,1
GAO20240508t183528p0000-B,GAO20240508t183528p0000,ok,,1,1,1,1,1,1,1,1,1,1,1,1,1
GAO20240513t174613p0000-A,GAO20240513t174613p0000,ok,,1,1,1,1,1,1,1,1,1,1,1,1,1
GAO20240513t174613p0000-B,GAO20240513t174613p0000,ok,,1,1,1,1,1,1,1,1,1,1,1,1,1
GAO20240513t174613p0000-C,GAO20240513t174613p0000,ok,,1,1,1,1,1,1,1,1,1,1,1,1,1
GAO20240513t174613p0000-D,GAO20240513t174613p0000,ok,,1,1,1,1,1,1,1,1,1,1,1,1,1
GAO20240513t174613p0000-F,GAO20240513t174613p0000,ok,,1,1,1,1,1,1,1,1,1,1,1,1,1
GAO20240513t175458p0000-B,GAO20240513t175458p0000,ok,,1,1,1,1,1,1,1,1,1,1,1,1,1
GAO20240513t175458p0000-C,GAO20240513t175458p0000,ok,,1,1,1,1,1,1,1,1,1,1,1,1,1
GAO20240513t175458p0000-D,GAO20240513t175458p0000,ok,,1,1,1,1,1,1,1,1,1,1,1,1,1
GAO20240513t175458p0000-E,GAO20240513t175458p0000,ok,,1,1,1,1,1,1,1,1,1,1,1,1,1
GAO20240513t175458p0000-G,GAO20240513t175458p0000,ok,,1,1,1,1,1,1,1,1,1,1,1,1,1
GAO20240513t175458p0000-H,GAO20240513t175458p0000,ok,,1,1,1,1,1,1,1,1,1,1,1,1,1
GAO20240513t175458p0000-J,GAO20240513t175458p0000,ok,,1,1,1,1,1,1,1,1,1,1,1,1,1
GAO20240513t180403p0000-A,GAO20240513t180403p0000,ok,,1,1,1,1,1,1,1,1,1,1,1,1,1
GAO20240513t180403p0000-B,GAO20240513t180403p0000,ok,,1,1,1,1,1,1,1,1,1,1,1,1,1
GAO20240513t180403p0000-C,GAO20240513t180403p0000,ok,,1,1,1,1,1,1,1,1,1,1,1,1,1
GAO20240513t180403p0000-D,GAO20240513t180403p0000,ok,,1,1,1,1,1,1,1,1,1,1,1,1,1
GAO20240513t180403p0000-E,GAO20240513t180403p0000,ok,,1,1,1,1,1,1,1,1,1,1,1,1,1
GAO20240513t180403p0000-F,GAO20240513t180403p0000,ok,,1,1,1,1,1,1,1,1,1,1,1,1,1
GAO20240513t180403p0000-G,GAO20240513t180403p0000,ok,,1,1,1,1,1,1,1,1,1,1,1,1,1
GAO20240513t180403p0000-H,GAO20240513t180403p0000,ok,,1,1,1,1,1,1,1,1,1,1,1,1,1
GAO20240513t180403p0000-I,GAO20240513t180403p0000,ok,,1,1,1,1,1,1,1,1,1,1,1,1,1
GAO20240513t181158p0000-A,GAO20240513t181158p0000,ok,,1,1,1,1,1,1,1,1,1,1,1,1,1
GAO20240513t181158p0000-C,GAO20240513t181158p0000,ok,,1,1,1,1,1,1,1,1,1,1,1,1,1
GAO20240513t181158p0000-D,GAO20240513t181158p0000,ok,,1,1,1,1,1,1,1,1,1,1,1,1,1
GAO20240513t181158p0000-F,GAO20240513t181158p0000,ok,,1,1,1,1,1,1,1,1,1,1,1,1,1
GAO20240513t181158p0000-G,GAO20240513t181158p0000,ok,,1,1,1,1,1,1,1,1,1,1,1,1,1
GAO20240513t181158p0000-H,GAO20240513t181158p0000,ok,,1,1,1,1,1,1,1,1,1,1,1,1,1
GAO20240513t181158p0000-I,GAO20240513t181158p0000,ok,,1,1,1,1,1,1,1,1,1,1,1,1,1
GAO20240513t181158p0000-J,GAO20240513t181158p0000,ok,,1,1,1,1,1,1,1,1,1,1,1,1,1
GAO20240513t181158p0000-K,GAO20240513t181158p0000,ok,,1,1,1,1,1,1,1,1,1,1,1,1,1
GAO20240513t181158p0000-L,GAO20240513t181158p0000,ok,,1,1,1,1,1,1,1,1,1,1,1,1,1
GAO20240513t182140p0000-A,GAO20240513t182140p0000,ok,,1,1,1,1,1,1,1,1,1,1,1,1,1
GAO20240513t182140p0000-B,GAO20240513t182140p0000,ok,,1,1,1,1,1,1,1,1,1,1,1,1,1
GAO20240513t182140p0000-C,GAO20240513t182140p0000,ok,,1,1,1,1,1,1,1,1,1,1,1,1,1
GAO20240513t182140p0000-D,GAO20240513t182140p0000,ok,,1,1,1,1,1,1,1,1,1,1,1,1,1
GAO20240513t182140p0000-E,GAO20240513t182140p0000,ok,,1,1,1,1,1,1,1,1,1,1,1,1,1
GAO20240513t182140p0000-F,GAO20240513t182140p0000,ok,,1,1,1,1,1,1,1,1,1,1,1,1,1
GAO20240513t182140p0000-I,GAO20240513t182140p0000,ok,,1,1,1,1,1,1,1,1,1,1,1,1,1
GAO20240513t182140p0000-J,GAO20240513t182140p0000,ok,,1,1,1,1,1,1,1,1,1,1,1,1,1
GAO20240513t182140p0000-K,GAO20240513t182140p0000,ok,,1,1,1,1,1,1,1,1,1,1,1,1,1
GAO20240606t192205p0000-A,GAO20240606t192205p0000,ok,,1,1,1,1,1,1,1,1,1,1,1,1,1
GAO20240606t194441p0000-A,GAO20240606t194441p0000,ok,,1,1,1,1,1,1,1,1,1,1,1,1,1
GAO20240606t194441p0000-E,GAO20240606t194441p0000,ok,,1,1,1,1,1,1,1,1,1,1,1,1,1
GAO20240606t194901p0000-B,GAO20240606t194901p0000,ok,,1,1,1,1,1,1,1,1,1,1,1,1,1
GAO20240606t201055p0000-A,GAO20240606t201055p0000,ok,,1,1,1,1,1,1,1,1,1,1,1,1,1
GAO20240606t201055p0000-C,GAO20240606t201055p0000,ok,,1,1,1,1,1,1,1,1,1,1,1,1,1
GAO20240606t201055p0000-D,GAO20240606t201055p0000,ok,,1,1,1,1,1,1,1,1,1,1,1,1,1
GAO20240606t201910p0000-A,GAO20240606t201910p0000,ok,,1,1,1,1,1,1,1,1,1,1,1,1,1
GAO20240606t201910p0000-E,GAO20240606t201910p0000,ok,,1,1,1,1,1,1,1,1,1,1,1,1,1
GAO20240606t202820p0000-A,GAO20240606t202820p0000,ok,,1,1,1,1,1,1,1,1,1,1,1,1,1
GAO20240606t203230p0000-A,GAO20240606t203230p0000,ok,,1,1,1,1,1,1,1,1,1,1,1,1,1
GAO20240606t204230p0000-A,GAO20240606t204230p0000,ok,,1,1,1,1,1,1,1,1,1,1,1,1,1
GAO20240606t204230p0000-C,GAO20240606t204230p0000,ok,,1,1,1,1,1,1,1,1,1,1,1,1,1
GAO20240606t204230p0000-D,GAO20240606t204230p0000,ok,,1,1,1,1,1,1,1,1,1,1,1,1,1
GAO20240606t205036p0000-B,GAO20240606t205036p0000,ok,,1,1,1,1,1,1,1,1,1,1,1,1,1
GAO20240606t205036p0000-F,GAO20240606t205036p0000,ok,,1,1,1,1,1,1,1,1,1,1,1,1,1
GAO20240606t210200p0000-A,GAO20240606t210200p0000,ok,,1,1,1,1,1,1,1,1,1,1,1,1,1
GAO20240608t191030p0000-A,GAO20240608t191030p0000,ok,,1,1,1,1,1,1,1,1,1,1,1,1,1
GAO20240608t191030p0000-B,GAO20240608t191030p0000,ok,,1,1,1,1,1,1,1,1,1,1,1,1,1
GAO20240608t191030p0000-C,GAO20240608t191030p0000,ok,,1,1,1,1,1,1,1,1,1,1,1,1,1
GAO20240608t191030p0000-D,GAO20240608t191030p0000,ok,,1,1,1,1,1,1,1,1,1,1,1,1,1
GAO20240608t191030p0000-E,GAO20240608t191030p0000,ok,,1,1,1,1,1,1,1,1,1,1,1,1,1
GAO20240608t191030p0000-F,GAO20240608t191030p0000,ok,,1,1,1,1,1,1,1,1,1,1,1,1,1
GAO20240608t191715p0000-B,GAO20240608t191715p0000,ok,,1,1,1,1,1,1,1,1,1,1,1,1,1
GAO20240608t191715p0000-C,GAO20240608t191715p0000,ok,,1,1,1,1,1,1,1,1,1,1,1,1,1
GAO20240608t191715p0000-E,GAO20240608t191715p0000,ok,,1,1,1,1,1,1,1,1,1,1,1,1,1
GAO20240608t191715p0000-G,GAO20240608t191715p0000,ok,,1,1,1,1,1,1,1,1,1,1,1,1,1
GAO20240608t192515p0000-A,GAO20240608t192515p0000,ok,,1,1,1,1,1,1,1,1,1,1,1,1,1
GAO20240608t192515p0000-C,GAO20240608t192515p0000,ok,,1,1,1,1,1,1,1,1,1,1,1,1,1
GAO20240608t192515p0000-D,GAO20240608t192515p0000,ok,,1,1,1,1,1,1,1,1,1,1,1,1,1
GAO20240608t192515p0000-F,GAO20240608t192515p0000,ok,,1,1,1,1,1,1,1,1,1,1,1,1,1
GAO20240608t192515p0000-G,GAO20240608t192515p0000,ok,,1,1,1,1,1,1,1,1,1,1,1,1,1
GAO20240608t193305p0000-B,GAO20240608t193305p0000,ok,,1,1,1,1,1,1,1,1,1,1,1,1,1
GAO20240608t193305p0000-C,GAO20240608t193305p0000,ok,,1,1,1,1,1,1,1,1,1,1,1,1,1
GAO20240608t194116p0000-A,GAO20240608t194116p0000,ok,,1,1,1,1,1,1,1,1,1,1,1,1,1
GAO20240608t194116p0000-B,GAO20240608t194116p0000,ok,,1,1,1,1,1,1,1,1,1,1,1,1,1
GAO20240608t194850p0000-A,GAO20240608t194850p0000,ok,,1,1,1,1,1,1,1,1,1,1,1,1,1
GAO20240608t194850p0000-B,GAO20240608t194850p0000,ok,,1,1,1,1,1,1,1,1,1,1,1,1,1
GAO20240608t194850p0000-C,GAO20240608t194850p0000,ok,,1,1,1,1,1,1,1,1,1,1,1,1,1
GAO20240608t195800p0000-B,GAO20240608t195800p0000,ok,,1,1,1,1,1,1,1,1,1,1,1,1,1
GAO20240608t195800p0000-D,GAO20240608t195800p0000,ok,,1,1,1,1,1,1,1,1,1,1,1,1,1
GAO20240608t195800p0000-E,GAO20240608t195800p0000,ok,,1,1,1,1,1,1,1,1,1,1,1,1,1
GAO20240608t195800p0000-F,GAO20240608t195800p0000,ok,,1,1,1,1,1,1,1,1,1,1,1,1,1
GAO20240608t200205p0000-B,GAO20240608t200205p0000,ok,,1,1,1,1,1,1,1,1,1,1,1,1,1
GAO20240608t200205p0000-C,GAO20240608t200205p0000,ok,,1,1,1,1,1,1,1,1,1,1,1,1,1
GAO20240608t201251p0000-A,GAO20240608t201251p0000,ok,,1,1,1,1,1,1,1,1,1,1,1,1,1
GAO20240608t201700p0000-A,GAO20240608t201700p0000,ok,,1,1,1,1,1,1,1,1,1,1,1,1,1
GAO20240608t201700p0000-B,GAO20240608t201700p0000,ok,,1,1,1,1,1,1,1,1,1,1,1,1,1
GAO20240608t201700p0000-E,GAO20240608t201700p0000,ok,,1,1,1,1,1,1,1,1,1,1,1,1,1
GAO20240608t210355p0000-B,GAO20240608t210355p0000,ok,,1,1,1,1,1,1,1,1,1,1,1,1,1
GAO20240608t211055p0000-A,GAO20240608t211055p0000,ok,,1,1,1,1,1,1,1,1,1,1,1,1,1
GAO20240608t211055p0000-B,GAO20240608t211055p0000,ok,,1,1,1,1,1,1,1,1,1,1,1,1,1
GAO20240608t211605p0000-A,GAO20240608t211605p0000,ok,,1,1,1,1,1,1,1,1,1,1,1,1,1
GAO20240608t212045p0000-A,GAO20240608t212045p0000,ok,,1,1,1,1,1,1,1,1,1,1,1,1,1
GAO20240608t212045p0000-B,GAO20240608t212045p0000,ok,,1,1,1,1,1,1,1,1,1,1,1,1,1
GAO20240608t212045p0000-C,GAO20240608t212045p0000,ok,,1,1,1,1,1,1,1,1,1,1,1,1,1
GAO20240608t212045p0000-D,GAO20240608t212045p0000,ok,,1,1,1,1,1,1,1,1,1,1,1,1,1
GAO20240608t212045p0000-E,GAO20240608t212045p0000,ok,,1,1,1,1,1,1,1,1,1,1,1,1,1
GAO20240608t212605p0000-A,GAO20240608t212605p0000,ok,,1,1,1,1,1,1,1,1,1,1,1,1,1
GAO20240608t212605p0000-B,GAO20240608t212605p0000,ok,,1,1,1,1,1,1,1,1,1,1,1,1,1
GAO20240608t212605p0000-C,GAO20240608t212605p0000,ok,,1,1,1,1,1,1,1,1,1,1,1,1,1
ang20160925t201200-A,ang20160925t201200,ok,,1,1,1,1,1,1,1,1,1,1,1,1,1
ang20160925t201200-C,ang20160925t201200,ok,,1,1,1,1,1,1,1,1,1,1,1,1,1
ang20161008t202359-A,ang20161008t202359,ok,,1,1,1,1,1,1,1,1,1,1,1,1,1
ang20161008t202359-B,ang20161008t202359,ok,,1,1,1,1,1,1,1,1,1,1,1,1,1
ang20161008t202359-C,ang20161008t202359,ok,,1,1,1,1,1,1,1,1,1,1,1,1,1
ang20161008t202359-D,ang20161008t202359,ok,,1,1,1,1,1,1,1,1,1,1,1,1,1
ang20161008t202359-E,ang20161008t202359,ok,,1,1,1,1,1,1,1,1,1,1,1,1,1
ang20161008t202359-F,ang20161008t202359,ok,,1,1,1,1,1,1,1,1,1,1,1,1,1
ang20161008t202359-G,ang20161008t202359,ok,,1,1,1,1,1,1,1,1,1,1,1,1,1
ang20161008t202359-H,ang20161008t202359,ok,,1,1,1,1,1,1,1,1,1,1,1,1,1
ang20161008t202359-I,ang20161008t202359,ok,,1,1,1,1,1,1,1,1,1,1,1,1,1
ang20161008t202359-J,ang20161008t202359,ok,,1,1,1,1,1,1,1,1,1,1,1,1,1
ang20161008t202359-K,ang20161008t202359,ok,,1,1,1,1,1,1,1,1,1,1,1,1,1
ang20161008t202359-L,ang20161008t202359,ok,,1,1,1,1,1,1,1,1,1,1,1,1,1
ang20161008t202359-M,ang20161008t202359,ok,,1,1,1,1,1,1,1,1,1,1,1,1,1
ang20161008t202359-N,ang20161008t202359,ok,,1,1,1,1,1,1,1,1,1,1,1,1,1
ang20161008t203001-A,ang20161008t203001,ok,,1,1,1,1,1,1,1,1,1,1,1,1,1
ang20161008t203001-B,ang20161008t203001,ok,,1,1,1,1,1,1,1,1,1,1,1,1,1
ang20161008t203001-C,ang20161008t203001,ok,,1,1,1,1,1,1,1,1,1,1,1,1,1
ang20161008t203001-D,ang20161008t203001,ok,,1,1,1,1,1,1,1,1,1,1,1,1,1
ang20161008t204039-A,ang20161008t204039,ok,,1,1,1,1,1,1,1,1,1,1,1,1,1
ang20161008t204039-B,ang20161008t204039,ok,,1,1,1,1,1,1,1,1,1,1,1,1,1
ang20161008t204039-C,ang20161008t204039,ok,,1,1,1,1,1,1,1,1,1,1,1,1,1
ang20161008t204039-D,ang20161008t204039,ok,,1,1,1,1,1,1,1,1,1,1,1,1,1
ang20161008t204039-E,ang20161008t204039,ok,,1,1,1,1,1,1,1,1,1,1,1,1,1
ang20161008t204039-F,ang20161008t204039,ok,,1,1,1,1,1,1,1,1,1,1,1,1,1
ang20161008t204039-G,ang20161008t204039,ok,,1,1,1,1,1,1,1,1,1,1,1,1,1
ang20161008t204039-H,ang20161008t204039,ok,,1,1,1,1,1,1,1,1,1,1,1,1,1
ang20161008t204039-I,ang20161008t204039,ok,,1,1,1,1,1,1,1,1,1,1,1,1,1
ang20161008t204039-J,ang20161008t204039,ok,,1,1,1,1,1,1,1,1,1,1,1,1,1
ang20161008t204039-K,ang20161008t204039,ok,,1,1,1,1,1,1,1,1,1,1,1,1,1
ang20161008t204039-L,ang20161008t204039,ok,,1,1,1,1,1,1,1,1,1,1,1,1,1
ang20161008t204651-A,ang20161008t204651,ok,,1,1,1,1,1,1,1,1,1,1,1,1,1
ang20161008t204651-B,ang20161008t204651,ok,,1,1,1,1,1,1,1,1,1,1,1,1,1
ang20161008t204651-C,ang20161008t204651,ok,,1,1,1,1,1,1,1,1,1,1,1,1,1
ang20161008t204651-D,ang20161008t204651,ok,,1,1,1,1,1,1,1,1,1,1,1,1,1
ang20161008t204651-E,ang20161008t204651,ok,,1,1,1,1,1,1,1,1,1,1,1,1,1
ang20161008t205502-H,ang20161008t205502,ok,,1,1,1,1,1,1,1,1,1,1,1,1,1
ang20161008t205502-L,ang20161008t205502,ok,,1,1,1,1,1,1,1,1,1,1,1,1,1
ang20161008t210116-A,ang20161008t210116,ok,,1,1,1,1,1,1,1,1,1,1,1,1,1
ang20161008t210116-B,ang20161008t210116,ok,,1,1,1,1,1,1,1,1,1,1,1,1,1
ang20161008t210116-C,ang20161008t210116,ok,,1,1,1,1,1,1,1,1,1,1,1,1,1
ang20161008t210604-A,ang20161008t210604,ok,,1,1,1,1,1,1,1,1,1,1,1,1,1
ang20161008t210604-B,ang20161008t210604,ok,,1,1,1,1,1,1,1,1,1,1,1,1,1
ang20161008t210604-C,ang20161008t210604,ok,,1,1,1,1,1,1,1,1,1,1,1,1,1
ang20161008t210604-D,ang20161008t210604,ok,,1,1,1,1,1,1,1,1,1,1,1,1,1
ang20161008t210604-E,ang20161008t210604,ok,,1,1,1,1,1,1,1,1,1,1,1,1,1
ang20161008t211115-A,ang20161008t211115,ok,,1,1,1,1,1,1,1,1,1,1,1,1,1
ang20161008t211115-B,ang20161008t211115,ok,,1,1,1,1,1,1,1,1,1,1,1,1,1
ang20161008t211115-D,ang20161008t211115,ok,,1,1,1,1,1,1,1,1,1,1,1,1,1
ang20161008t211115-E,ang20161008t211115,ok,,1,1,1,1,1,1,1,1,1,1,1,1,1
ang20161008t211115-H,ang20161008t211115,ok,,1,1,1,1,1,1,1,1,1,1,1,1,1
ang20161008t211115-I,ang20161008t211115,ok,,1,1,1,1,1,1,1,1,1,1,1,1,1
ang20161008t211115-J,ang20161008t211115,ok,,1,1,1,1,1,1,1,1,1,1,1,1,1
ang20161008t211637-B,ang20161008t211637,ok,,1,1,1,1,1,1,1,1,1,1,1,1,1
ang20161008t211637-C,ang20161008t211637,ok,,1,1,1,1,1,1,1,1,1,1,1,1,1
ang20161008t211637-D,ang20161008t211637,ok,,1,1,1,1,1,1,1,1,1,1,1,1,1
ang20161008t211637-E,ang20161008t211637,ok,,1,1,1,1,1,1,1,1,1,1,1,1,1
ang20161008t211637-H,ang20161008t211637,ok,,1,1,1,1,1,1,1,1,1,1,1,1,1
ang20161008t211637-I,ang20161008t211637,ok,,1,1,1,1,1,1,1,1,1,1,1,1,1
ang20161008t211637-J,ang20161008t211637,ok,,1,1,1,1,1,1,1,1,1,1,1,1,1
ang20161008t211637-K,ang20161008t211637,ok,,1,1,1,1,1,1,1,1,1,1,1,1,1
ang20161008t212326-A,ang20161008t212326,ok,,1,1,1,1,1,1,1,1,1,1,1,1,1
ang20161008t212326-B,ang20161008t212326,ok,,1,1,1,1,1,1,1,1,1,1,1,1,1
ang20161008t212326-C,ang20161008t212326,ok,,1,1,1,1,1,1,1,1,1,1,1,1,1
ang20161008t212326-F,ang20161008t212326,ok,,1,1,1,1,1,1,1,1,1,1,1,1,1
ang20161008t212816-A,ang20161008t212816,ok,,1,1,1,1,1,1,1,1,1,1,1,1,1
ang20161008t213309-C,ang20161008t213309,ok,,1,1,1,1,1,1,1,1,1,1,1,1,1
ang20161008t213309-D,ang20161008t213309,ok,,1,1,1,1,1,1,1,1,1,1,1,1,1
ang20161008t213309-H,ang20161008t213309,ok,,1,1,1,1,1,1,1,1,1,1,1,1,1
ang20161008t213309-I,ang20161008t213309,ok,,1,1,1,1,1,1,1,1,1,1,1,1,1
ang20161008t213955-B,ang20161008t213955,ok,,1,1,1,1,1,1,1,1,1,1,1,1,1
ang20161008t213955-C,ang20161008t213955,ok,,1,1,1,1,1,1,1,1,1,1,1,1,1
ang20161008t213955-E,ang20161008t213955,ok,,1,1,1,1,1,1,1,1,1,1,1,1,1
ang20161008t213955-G,ang20161008t213955,ok,,1,1,1,1,1,1,1,1,1,1,1,1,1
ang20161008t213955-H,ang20161008t213955,ok,,1,1,1,1,1,1,1,1,1,1,1,1,1
ang20161008t213955-J,ang20161008t213955,ok,,1,1,1,1,1,1,1,1,1,1,1,1,1
ang20161008t213955-K,ang20161008t213955,ok,,1,1,1,1,1,1,1,1,1,1,1,1,1
ang20161008t213955-N,ang20161008t213955,ok,,1,1,1,1,1,1,1,1,1,1,1,1,1
ang20161008t213955-O,ang20161008t213955,ok,,1,1,1,1,1,1,1,1,1,1,1,1,1
ang20161008t213955-P,ang20161008t213955,ok,,1,1,1,1,1,1,1,1,1,1,1,1,1
ang20161008t213955-Q,ang20161008t213955,ok,,1,1,1,1,1,1,1,1,1,1,1,1,1
ang20161104t195416-A,ang20161104t195416,ok,,1,1,1,1,1,1,1,1,1,1,1,1,1
ang20170615t210701-A,ang20170615t210701,ok,,1,1,1,1,1,1,1,1,1,1,1,1,1
ang20170615t210701-B,ang20170615t210701,ok,,1,1,1,1,1,1,1,1,1,1,1,1,1
ang20170615t220302-B,ang20170615t220302,ok,,1,1,1,1,1,1,1,1,1,1,1,1,1
ang20170615t220302-C,ang20170615t220302,ok,,1,1,1,1,1,1,1,1,1,1,1,1,1
ang20170615t223601-A,ang20170615t223601,ok,,1,1,1,1,1,1,1,1,1,1,1,1,1
ang20170615t223601-C,ang20170615t223601,ok,,1,1,1,1,1,1,1,1,1,1,1,1,1
ang20170615t223601-E,ang20170615t223601,ok,,1,1,1,1,1,1,1,1,1,1,1,1,1
ang20170615t230609-A,ang20170615t230609,ok,,1,1,1,1,1,1,1,1,1,1,1,1,1
ang20170615t230609-B,ang20170615t230609,ok,,1,1,1,1,1,1,1,1,1,1,1,1,1
ang20170615t230609-D,ang20170615t230609,ok,,1,1,1,1,1,1,1,1,1,1,1,1,1
ang20170615t232626-A,ang20170615t232626,ok,,1,1,1,1,1,1,1,1,1,1,1,1,1
ang20170615t233419-A,ang20170615t233419,ok,,1,1,1,1,1,1,1,1,1,1,1,1,1
ang20170615t233419-B,ang20170615t233419,ok,,1,1,1,1,1,1,1,1,1,1,1,1,1
ang20170615t233419-C,ang20170615t233419,ok,,1,1,1,1,1,1,1,1,1,1,1,1,1
ang20170615t233419-D,ang20170615t233419,ok,,1,1,1,1,1,1,1,1,1,1,1,1,1
ang20170615t233419-E,ang20170615t233419,ok,,1,1,1,1,1,1,1,1,1,1,1,1,1
ang20170615t234140-A,ang20170615t234140,ok,,1,1,1,1,1,1,1,1,1,1,1,1,1
ang20170615t234140-B,ang20170615t234140,ok,,1,1,1,1,1,1,1,1,1,1,1,1,1
ang20170615t234140-C,ang20170615t234140,ok,,1,1,1,1,1,1,1,1,1,1,1,1,1
ang20170615t234140-D,ang20170615t234140,ok,,1,1,1,1,1,1,1,1,1,1,1,1,1
ang20170615t234140-E,ang20170615t234140,ok,,1,1,1,1,1,1,1,1,1,1,1,1,1
ang20170615t234140-F,ang20170615t234140,ok,,1,1,1,1,1,1,1,1,1,1,1,1,1
ang20170615t234140-G,ang20170615t234140,ok,,1,1,1,1,1,1,1,1,1,1,1,1,1
ang20170615t234922-A,ang20170615t234922,ok,,1,1,1,1,1,1,1,1,1,1,1,1,1
ang20170615t234922-B,ang20170615t234922,ok,,1,1,1,1,1,1,1,1,1,1,1,1,1
ang20170615t234922-C,ang20170615t234922,ok,,1,1,1,1,1,1,1,1,1,1,1,1,1
ang20170615t234922-D,ang20170615t234922,ok,,1,1,1,1,1,1,1,1,1,1,1,1,1
ang20170618t200113-A,ang20170618t200113,ok,,1,1,1,1,1,1,1,1,1,1,1,1,1
ang20170618t200113-E,ang20170618t200113,ok,,1,1,1,1,1,1,1,1,1,1,1,1,1
ang20170618t201101-C,ang20170618t201101,ok,,1,1,1,1,1,1,1,1,1,1,1,1,1
ang20170618t201101-E,ang20170618t201101,ok,,1,1,1,1,1,1,1,1,1,1,1,1,1
ang20170618t201101-F,ang20170618t201101,ok,,1,1,1,1,1,1,1,1,1,1,1,1,1
ang20170618t223820-A,ang20170618t223820,ok,,1,1,1,1,1,1,1,1,1,1,1,1,1
ang20170618t230731-A,ang20170618t230731,ok,,1,1,1,1,1,1,1,1,1,1,1,1,1
ang20170905t213536-A,ang20170905t213536,ok,,1,1,1,1,1,1,1,1,1,1,1,1,1
ang20170905t214122-A,ang20170905t214122,ok,,1,1,1,1,1,1,1,1,1,1,1,1,1
ang20170905t214122-B,ang20170905t214122,ok,,1,1,1,1,1,1,1,1,1,1,1,1,1
ang20170905t221016-A,ang20170905t221016,ok,,1,1,1,1,1,1,1,1,1,1,1,1,1
ang20170908t193821-A,ang20170908t193821,ok,,1,1,1,1,1,1,1,1,1,1,1,1,1
ang20170908t195944-A,ang20170908t195944,ok,,1,1,1,1,1,1,1,1,1,1,1,1,1
ang20170908t205824-A,ang20170908t205824,ok,,1,1,1,1,1,1,1,1,1,1,1,1,1
ang20170908t210512-C,ang20170908t210512,ok,,1,1,1,1,1,1,1,1,1,1,1,1,1
ang20170908t210512-D,ang20170908t210512,ok,,1,1,1,1,1,1,1,1,1,1,1,1,1
ang20170908t210512-F,ang20170908t210512,ok,,1,1,1,1,1,1,1,1,1,1,1,1,1
ang20170908t211246-A,ang20170908t211246,ok,,1,1,1,1,1,1,1,1,1,1,1,1,1
ang20170908t211246-B,ang20170908t211246,ok,,1,1,1,1,1,1,1,1,1,1,1,1,1
ang20170908t211246-C,ang20170908t211246,ok,,1,1,1,1,1,1,1,1,1,1,1,1,1
ang20170908t211246-D,ang20170908t211246,ok,,1,1,1,1,1,1,1,1,1,1,1,1,1
ang20170908t211901-A,ang20170908t211901,ok,,1,1,1,1,1,1,1,1,1,1,1,1,1
ang20170908t211901-C,ang20170908t211901,ok,,1,1,1,1,1,1,1,1,1,1,1,1,1
ang20170908t223352-A,ang20170908t223352,ok,,1,1,1,1,1,1,1,1,1,1,1,1,1
ang20170908t224841-A,ang20170908t224841,ok,,1,1,1,1,1,1,1,1,1,1,1,1,1
ang20170908t230641-A,ang20170908t230641,ok,,1,1,1,1,1,1,1,1,1,1,1,1,1
ang20170913t214139-A,ang20170913t214139,ok,,1,1,1,1,1,1,1,1,1,1,1,1,1
ang20170913t214139-B,ang20170913t214139,ok,,1,1,1,1,1,1,1,1,1,1,1,1,1
ang20170913t214139-C,ang20170913t214139,ok,,1,1,1,1,1,1,1,1,1,1,1,1,1
ang20170915t190340-A,ang20170915t190340,ok,,1,1,1,1,1,1,1,1,1,1,1,1,1
ang20170915t191722-A,ang20170915t191722,ok,,1,1,1,1,1,1,1,1,1,1,1,1,1
ang20170915t215255-B,ang20170915t215255,ok,,1,1,1,1,1,1,1,1,1,1,1,1,1
ang20170925t212203-A,ang20170925t212203,ok,,1,1,1,1,1,1,1,1,1,1,1,1,1
ang20170925t212203-C,ang20170925t212203,ok,,1,1,1,1,1,1,1,1,1,1,1,1,1
ang20170925t212940-A,ang20170925t212940,ok,,1,1,1,1,1,1,1,1,1,1,1,1,1
ang20170925t214642-A,ang20170925t214642,ok,,1,1,1,1,1,1,1,1,1,1,1,1,1
ang20170925t214642-B,ang20170925t214642,ok,,1,1,1,1,1,1,1,1,1,1,1,1,1
ang20170925t214642-C,ang20170925t214642,ok,,1,1,1,1,1,1,1,1,1,1,1,1,1
ang20170925t214642-D,ang20170925t214642,ok,,1,1,1,1,1,1,1,1,1,1,1,1,1
ang20170925t214642-E,ang20170925t214642,ok,,1,1,1,1,1,1,1,1,1,1,1,1,1
ang20170928t195131-A,ang20170928t195131,ok,,1,1,1,1,1,1,1,1,1,1,1,1,1
ang20170928t195131-B,ang20170928t195131,ok,,1,1,1,1,1,1,1,1,1,1,1,1,1
ang20170928t200057-A,ang20170928t200057,ok,,1,1,1,1,1,1,1,1,1,1,1,1,1
ang20170928t200057-B,ang20170928t200057,ok,,1,1,1,1,1,1,1,1,1,1,1,1,1
ang20170928t202037-A,ang20170928t202037,ok,,1,1,1,1,1,1,1,1,1,1,1,1,1
ang20171003t202537-A,ang20171003t202537,ok,,1,1,1,1,1,1,1,1,1,1,1,1,1
ang20171006t190448-A,ang20171006t190448,ok,,1,1,1,1,1,1,1,1,1,1,1,1,1
ang20171006t190448-B,ang20171006t190448,ok,,1,1,1,1,1,1,1,1,1,1,1,1,1
ang20171006t190448-C,ang20171006t190448,ok,,1,1,1,1,1,1,1,1,1,1,1,1,1
ang20171006t190448-D,ang20171006t190448,ok,,1,1,1,1,1,1,1,1,1,1,1,1,1
ang20171006t190448-F,ang20171006t190448,ok,,1,1,1,1,1,1,1,1,1,1,1,1,1
ang20171006t190448-G,ang20171006t190448,ok,,1,1,1,1,1,1,1,1,1,1,1,1,1
ang20171006t190448-H,ang20171006t190448,ok,,1,1,1,1,1,1,1,1,1,1,1,1,1
ang20171006t190448-J,ang20171006t190448,ok,,1,1,1,1,1,1,1,1,1,1,1,1,1
ang20171006t190448-K,ang20171006t190448,ok,,1,1,1,1,1,1,1,1,1,1,1,1,1
ang20171006t190448-L,ang20171006t190448,ok,,1,1,1,1,1,1,1,1,1,1,1,1,1
ang20171006t191011-A,ang20171006t191011,ok,,1,1,1,1,1,1,1,1,1,1,1,1,1
ang20171006t191011-B,ang20171006t191011,ok,,1,1,1,1,1,1,1,1,1,1,1,1,1
ang20171006t191011-C,ang20171006t191011,ok,,1,1,1,1,1,1,1,1,1,1,1,1,1
ang20171006t191011-D,ang20171006t191011,ok,,1,1,1,1,1,1,1,1,1,1,1,1,1
ang20171006t191011-E,ang20171006t191011,ok,,1,1,1,1,1,1,1,1,1,1,1,1,1
ang20171006t191011-F,ang20171006t191011,ok,,1,1,1,1,1,1,1,1,1,1,1,1,1
ang20171006t191011-H,ang20171006t191011,ok,,1,1,1,1,1,1,1,1,1,1,1,1,1
ang20171006t191011-K,ang20171006t191011,ok,,1,1,1,1,1,1,1,1,1,1,1,1,1
ang20171006t191011-N,ang20171006t191011,ok,,1,1,1,1,1,1,1,1,1,1,1,1,1
ang20171006t192328-A,ang20171006t192328,ok,,1,1,1,1,1,1,1,1,1,1,1,1,1
ang20171006t192328-B,ang20171006t192328,ok,,1,1,1,1,1,1,1,1,1,1,1,1,1
ang20171006t192854-A,ang20171006t192854,ok,,1,1,1,1,1,1,1,1,1,1,1,1,1
ang20171006t192854-B,ang20171006t192854,ok,,1,1,1,1,1,1,1,1,1,1,1,1,1
ang20171006t193531-A,ang20171006t193531,ok,,1,1,1,1,1,1,1,1,1,1,1,1,1
ang20171006t193531-B,ang20171006t193531,ok,,1,1,1,1,1,1,1,1,1,1,1,1,1
ang20171006t194116-A,ang20171006t194116,ok,,1,1,1,1,1,1,1,1,1,1,1,1,1
ang20171006t195044-C,ang20171006t195044,ok,,1,1,1,1,1,1,1,1,1,1,1,1,1
ang20171006t201620-A,ang20171006t201620,ok,,1,1,1,1,1,1,1,1,1,1,1,1,1
ang20171006t202925-A,ang20171006t202925,ok,,1,1,1,1,1,1,1,1,1,1,1,1,1
ang20171010t190508-A,ang20171010t190508,ok,,1,1,1,1,1,1,1,1,1,1,1,1,1
ang20171010t191001-A,ang20171010t191001,ok,,1,1,1,1,1,1,1,1,1,1,1,1,1
ang20171010t191001-D,ang20171010t191001,ok,,1,1,1,1,1,1,1,1,1,1,1,1,1
ang20171010t193506-A,ang20171010t193506,ok,,1,1,1,1,1,1,1,1,1,1,1,1,1
ang20171010t193506-B,ang20171010t193506,ok,,1,1,1,1,1,1,1,1,1,1,1,1,1
ang20171010t193506-C,ang20171010t193506,ok,,1,1,1,1,1,1,1,1,1,1,1,1,1
ang20171010t194108-A,ang20171010t194108,ok,,1,1,1,1,1,1,1,1,1,1,1,1,1
ang20171010t195237-A,ang20171010t195237,ok,,1,1,1,1,1,1,1,1,1,1,1,1,1
ang20171010t195237-C,ang20171010t195237,ok,,1,1,1,1,1,1,1,1,1,1,1,1,1
ang20171012t195433-A,ang20171012t195433,ok,,1,1,1,1,1,1,1,1,1,1,1,1,1
ang20171013t191520-A,ang20171013t191520,ok,,1,1,1,1,1,1,1,1,1,1,1,1,1
ang20171013t193251-A,ang20171013t193251,ok,,1,1,1,1,1,1,1,1,1,1,1,1,1
ang20171013t194607-A,ang20171013t194607,ok,,1,1,1,1,1,1,1,1,1,1,1,1,1
ang20171013t204512-A,ang20171013t204512,ok,,1,1,1,1,1,1,1,1,1,1,1,1,1
ang20171013t205013-A,ang20171013t205013,ok,,1,1,1,1,1,1,1,1,1,1,1,1,1
ang20171013t205013-B,ang20171013t205013,ok,,1,1,1,1,1,1,1,1,1,1,1,1,1
ang20171013t205013-C,ang20171013t205013,ok,,1,1,1,1,1,1,1,1,1,1,1,1,1
ang20171013t205013-D,ang20171013t205013,ok,,1,1,1,1,1,1,1,1,1,1,1,1,1
ang20171013t205013-E,ang20171013t205013,ok,,1,1,1,1,1,1,1,1,1,1,1,1,1
ang20171013t205013-F,ang20171013t205013,ok,,1,1,1,1,1,1,1,1,1,1,1,1,1
ang20171013t205946-A,ang20171013t205946,ok,,1,1,1,1,1,1,1,1,1,1,1,1,1
ang20171013t211009-A,ang20171013t211009,ok,,1,1,1,1,1,1,1,1,1,1,1,1,1
ang20171013t211934-A,ang20171013t211934,ok,,1,1,1,1,1,1,1,1,1,1,1,1,1
ang20171013t212517-A,ang20171013t212517,ok,,1,1,1,1,1,1,1,1,1,1,1,1,1
ang20171013t213130-B,ang20171013t213130,ok,,1,1,1,1,1,1,1,1,1,1,1,1,1
ang20171013t213130-C,ang20171013t213130,ok,,1,1,1,1,1,1,1,1,1,1,1,1,1
ang20171013t213605-A,ang20171013t213605,ok,,1,1,1,1,1,1,1,1,1,1,1,1,1
ang20171013t214049-B,ang20171013t214049,ok,,1,1,1,1,1,1,1,1,1,1,1,1,1
ang20171013t214049-C,ang20171013t214049,ok,,1,1,1,1,1,1,1,1,1,1,1,1,1
ang20171013t214536-A,ang20171013t214536,ok,,1,1,1,1,1,1,1,1,1,1,1,1,1
ang20181010t211201-B,ang20181010t211201,ok,,1,1,1,1,1,1,1,1,1,1,1,1,1
ang20181010t211201-C,ang20181010t211201,ok,,1,1,1,1,1,1,1,1,1,1,1,1,1
ang20181010t211201-D,ang20181010t211201,ok,,1,1,1,1,1,1,1,1,1,1,1,1,1
ang20181010t211201-E,ang20181010t211201,ok,,1,1,1,1,1,1,1,1,1,1,1,1,1
ang20181010t211201-G,ang20181010t211201,ok,,1,1,1,1,1,1,1,1,1,1,1,1,1
ang20181010t211633-A,ang20181010t211633,ok,,1,1,1,1,1,1,1,1,1,1,1,1,1
ang20181010t211633-B,ang20181010t211633,ok,,1,1,1,1,1,1,1,1,1,1,1,1,1
ang20181010t211633-C,ang20181010t211633,ok,,1,1,1,1,1,1,1,1,1,1,1,1,1
ang20181010t211633-D,ang20181010t211633,ok,,1,1,1,1,1,1,1,1,1,1,1,1,1
ang20190924t174538-5,ang20190924t174538,ok,,1,1,1,1,1,1,1,1,1,1,1,1,1
ang20190924t174538-A,ang20190924t174538,ok,,1,1,1,1,1,1,1,1,1,1,1,1,1
ang20190924t181121-2,ang20190924t181121,ok,,1,1,1,1,1,1,1,1,1,1,1,1,1
ang20190924t181121-A,ang20190924t181121,ok,,1,1,1,1,1,1,1,1,1,1,1,1,1
ang20190924t181121-B,ang20190924t181121,ok,,1,1,1,1,1,1,1,1,1,1,1,1,1
ang20190924t181121-C,ang20190924t181121,ok,,1,1,1,1,1,1,1,1,1,1,1,1,1
ang20190924t181121-D,ang20190924t181121,ok,,1,1,1,1,1,1,1,1,1,1,1,1,1
ang20190924t183641-A,ang20190924t183641,ok,,1,1,1,1,1,1,1,1,1,1,1,1,1
ang20190924t183641-D,ang20190924t183641,ok,,1,1,1,1,1,1,1,1,1,1,1,1,1
ang20190924t183641-F,ang20190924t183641,ok,,1,1,1,1,1,1,1,1,1,1,1,1,1
ang20190927t175410-1,ang20190927t175410,ok,,1,1,1,1,1,1,1,1,1,1,1,1,1
ang20190927t175410-2,ang20190927t175410,ok,,1,1,1,1,1,1,1,1,1,1,1,1,1
ang20190927t175410-3,ang20190927t175410,ok,,1,1,1,1,1,1,1,1,1,1,1,1,1
ang20190927t175410-A,ang20190927t175410,ok,,1,1,1,1,1,1,1,1,1,1,1,1,1
ang20190927t175410-B,ang20190927t175410,ok,,1,1,1,1,1,1,1,1,1,1,1,1,1
ang20190927t175410-C,ang20190927t175410,ok,,1,1,1,1,1,1,1,1,1,1,1,1,1
ang20190927t175410-D,ang20190927t175410,ok,,1,1,1,1,1,1,1,1,1,1,1,1,1
ang20190927t175410-E,ang20190927t175410,ok,,1,1,1,1,1,1,1,1,1,1,1,1,1
ang20190927t175410-F,ang20190927t175410,ok,,1,1,1,1,1,1,1,1,1,1,1,1,1
ang20190927t175410-G,ang20190927t175410,ok,,1,1,1,1,1,1,1,1,1,1,1,1,1
ang20190927t175410-H,ang20190927t175410,ok,,1,1,1,1,1,1,1,1,1,1,1,1,1
ang20190927t175410-I,ang20190927t175410,ok,,1,1,1,1,1,1,1,1,1,1,1,1,1
ang20190927t175410-J,ang20190927t175410,ok,,1,1,1,1,1,1,1,1,1,1,1,1,1
ang20190927t175410-K,ang20190927t175410,ok,,1,1,1,1,1,1,1,1,1,1,1,1,1
ang20190927t175410-M,ang20190927t175410,ok,,1,1,1,1,1,1,1,1,1,1,1,1,1
ang20190927t175410-N,ang20190927t175410,ok,,1,1,1,1,1,1,1,1,1,1,1,1,1
ang20190927t175410-O,ang20190927t175410,ok,,1,1,1,1,1,1,1,1,1,1,1,1,1
ang20190927t181142-2,ang20190927t181142,ok,,1,1,1,1,1,1,1,1,1,1,1,1,1
ang20190927t181142-A,ang20190927t181142,ok,,1,1,1,1,1,1,1,1,1,1,1,1,1
ang20190927t181142-B,ang20190927t181142,ok,,1,1,1,1,1,1,1,1,1,1,1,1,1
ang20190927t181142-C,ang20190927t181142,ok,,1,1,1,1,1,1,1,1,1,1,1,1,1
ang20190927t181142-D,ang20190927t181142,ok,,1,1,1,1,1,1,1,1,1,1,1,1,1
ang20190927t181142-E,ang20190927t181142,ok,,1,1,1,1,1,1,1,1,1,1,1,1,1
ang20190927t181142-F,ang20190927t181142,ok,,1,1,1,1,1,1,1,1,1,1,1,1,1
ang20190927t181142-G,ang20190927t181142,ok,,1,1,1,1,1,1,1,1,1,1,1,1,1
ang20190927t181142-H,ang20190927t181142,ok,,1,1,1,1,1,1,1,1,1,1,1,1,1
ang20190927t181142-I,ang20190927t181142,ok,,1,1,1,1,1,1,1,1,1,1,1,1,1
ang20190927t182905-A,ang20190927t182905,ok,,1,1,1,1,1,1,1,1,1,1,1,1,1
ang20190927t182905-B,ang20190927t182905,ok,,1,1,1,1,1,1,1,1,1,1,1,1,1
ang20190927t182905-C,ang20190927t182905,ok,,1,1,1,1,1,1,1,1,1,1,1,1,1
ang20190927t182905-D,ang20190927t182905,ok,,1,1,1,1,1,1,1,1,1,1,1,1,1
ang20190927t182905-E,ang20190927t182905,ok,,1,1,1,1,1,1,1,1,1,1,1,1,1
ang20190927t182905-F,ang20190927t182905,ok,,1,1,1,1,1,1,1,1,1,1,1,1,1
ang20190927t182905-G,ang20190927t182905,ok,,1,1,1,1,1,1,1,1,1,1,1,1,1
ang20190927t184620-A,ang20190927t184620,ok,,1,1,1,1,1,1,1,1,1,1,1,1,1
ang20190927t184620-B,ang20190927t184620,ok,,1,1,1,1,1,1,1,1,1,1,1,1,1
ang20190927t184620-C,ang20190927t184620,ok,,1,1,1,1,1,1,1,1,1,1,1,1,1
ang20190927t184620-D,ang20190927t184620,ok,,1,1,1,1,1,1,1,1,1,1,1,1,1
ang20190927t184620-E,ang20190927t184620,ok,,1,1,1,1,1,1,1,1,1,1,1,1,1
ang20190927t190436-2,ang20190927t190436,ok,,1,1,1,1,1,1,1,1,1,1,1,1,1
ang20190927t190436-3,ang20190927t190436,ok,,1,1,1,1,1,1,1,1,1,1,1,1,1
ang20190927t190436-5,ang20190927t190436,ok,,1,1,1,1,1,1,1,1,1,1,1,1,1
ang20190927t190436-A,ang20190927t190436,ok,,1,1,1,1,1,1,1,1,1,1,1,1,1
ang20190927t190436-B,ang20190927t190436,ok,,1,1,1,1,1,1,1,1,1,1,1,1,1
ang20190927t190436-C,ang20190927t190436,ok,,1,1,1,1,1,1,1,1,1,1,1,1,1
ang20190927t192237-1,ang20190927t192237,ok,,1,1,1,1,1,1,1,1,1,1,1,1,1
ang20190927t192237-2,ang20190927t192237,ok,,1,1,1,1,1,1,1,1,1,1,1,1,1
ang20190927t192237-3,ang20190927t192237,ok,,1,1,1,1,1,1,1,1,1,1,1,1,1
ang20190927t192237-4,ang20190927t192237,ok,,1,1,1,1,1,1,1,1,1,1,1,1,1
ang20190927t192237-5,ang20190927t192237,ok,,1,1,1,1,1,1,1,1,1,1,1,1,1
ang20190927t192237-6,ang20190927t192237,ok,,1,1,1,1,1,1,1,1,1,1,1,1,1
ang20190927t192237-A,ang20190927t192237,ok,,1,1,1,1,1,1,1,1,1,1,1,1,1
ang20190927t194104-1,ang20190927t194104,ok,,1,1,1,1,1,1,1,1,1,1,1,1,1
ang20190927t194104-3,ang20190927t194104,ok,,1,1,1,1,1,1,1,1,1,1,1,1,1
ang20190927t194104-A,ang20190927t194104,ok,,1,1,1,1,1,1,1,1,1,1,1,1,1
ang20191007t175016-1,ang20191007t175016,ok,,1,1,1,1,1,1,1,1,1,1,1,1,1
ang20191007t175016-A,ang20191007t175016,ok,,1,1,1,1,1,1,1,1,1,1,1,1,1
ang20191007t175016-B,ang20191007t175016,ok,,1,1,1,1,1,1,1,1,1,1,1,1,1
ang20191007t175016-C,ang20191007t175016,ok,,1,1,1,1,1,1,1,1,1,1,1,1,1
ang20191007t175016-D,ang20191007t175016,ok,,1,1,1,1,1,1,1,1,1,1,1,1,1
ang20191007t175016-E,ang20191007t175016,ok,,1,1,1,1,1,1,1,1,1,1,1,1,1
ang20191007t175016-F,ang20191007t175016,ok,,1,1,1,1,1,1,1,1,1,1,1,1,1
ang20191007t175016-G,ang20191007t175016,ok,,1,1,1,1,1,1,1,1,1,1,1,1,1
ang20191007t175016-H,ang20191007t175016,ok,,1,1,1,1,1,1,1,1,1,1,1,1,1
ang20191007t175016-I,ang20191007t175016,ok,,1,1,1,1,1,1,1,1,1,1,1,1,1
ang20191007t180411-A,ang20191007t180411,ok,,1,1,1,1,1,1,1,1,1,1,1,1,1
ang20191007t180411-B,ang20191007t180411,ok,,1,1,1,1,1,1,1,1,1,1,1,1,1
ang20191007t180411-C,ang20191007t180411,ok,,1,1,1,1,1,1,1,1,1,1,1,1,1
ang20191007t180411-D,ang20191007t180411,ok,,1,1,1,1,1,1,1,1,1,1,1,1,1
ang20191007t180411-E,ang20191007t180411,ok,,1,1,1,1,1,1,1,1,1,1,1,1,1
ang20191007t180411-F,ang20191007t180411,ok,,1,1,1,1,1,1,1,1,1,1,1,1,1
ang20191007t180411-G,ang20191007t180411,ok,,1,1,1,1,1,1,1,1,1,1,1,1,1
ang20191007t180411-H,ang20191007t180411,ok,,1,1,1,1,1,1,1,1,1,1,1,1,1
ang20191007t180411-I,ang20191007t180411,ok,,1,1,1,1,1,1,1,1,1,1,1,1,1
ang20191007t180411-J,ang20191007t180411,ok,,1,1,1,1,1,1,1,1,1,1,1,1,1
ang20191007t180411-K,ang20191007t180411,ok,,1,1,1,1,1,1,1,1,1,1,1,1,1
ang20191007t180411-L,ang20191007t180411,ok,,1,1,1,1,1,1,1,1,1,1,1,1,1
ang20191007t180411-M,ang20191007t180411,ok,,1,1,1,1,1,1,1,1,1,1,1,1,1
ang20191007t180411-N,ang20191007t180411,ok,,1,1,1,1,1,1,1,1,1,1,1,1,1
ang20191007t180411-O,ang20191007t180411,ok,,1,1,1,1,1,1,1,1,1,1,1,1,1
ang20191007t180411-P,ang20191007t180411,ok,,1,1,1,1,1,1,1,1,1,1,1,1,1
ang20191007t180411-Q,ang20191007t180411,ok,,1,1,1,1,1,1,1,1,1,1,1,1,1
ang20191007t182352-A,ang20191007t182352,ok,,1,1,1,1,1,1,1,1,1,1,1,1,1
ang20191007t182352-B,ang20191007t182352,ok,,1,1,1,1,1,1,1,1,1,1,1,1,1
ang20191007t182352-C,ang20191007t182352,ok,,1,1,1,1,1,1,1,1,1,1,1,1,1
ang20191007t182352-D,ang20191007t182352,ok,,1,1,1,1,1,1,1,1,1,1,1,1,1
ang20191007t182352-E,ang20191007t182352,ok,,1,1,1,1,1,1,1,1,1,1,1,1,1
ang20191007t182352-F,ang20191007t182352,ok,,1,1,1,1,1,1,1,1,1,1,1,1,1
ang20191007t182352-G,ang20191007t182352,ok,,1,1,1,1,1,1,1,1,1,1,1,1,1
ang20191007t184008-2,ang20191007t184008,ok,,1,1,1,1,1,1,1,1,1,1,1,1,1
ang20191007t184008-A,ang20191007t184008,ok,,1,1,1,1,1,1,1,1,1,1,1,1,1
ang20191007t184008-B,ang20191007t184008,ok,,1,1,1,1,1,1,1,1,1,1,1,1,1
ang20191007t184008-C,ang20191007t184008,ok,,1,1,1,1,1,1,1,1,1,1,1,1,1
ang20191007t184008-D,ang20191007t184008,ok,,1,1,1,1,1,1,1,1,1,1,1,1,1
ang20191007t184008-E,ang20191007t184008,ok,,1,1,1,1,1,1,1,1,1,1,1,1,1
ang20191007t184008-F,ang20191007t184008,ok,,1,1,1,1,1,1,1,1,1,1,1,1,1
ang20191007t184008-G,ang20191007t184008,ok,,1,1,1,1,1,1,1,1,1,1,1,1,1
ang20191007t184008-H,ang20191007t184008,ok,,1,1,1,1,1,1,1,1,1,1,1,1,1
ang20191007t184008-I,ang20191007t184008,ok,,1,1,1,1,1,1,1,1,1,1,1,1,1
ang20191007t185303-A,ang20191007t185303,ok,,1,1,1,1,1,1,1,1,1,1,1,1,1
ang20191007t185303-B,ang20191007t185303,ok,,1,1,1,1,1,1,1,1,1,1,1,1,1
ang20191007t185303-C,ang20191007t185303,ok,,1,1,1,1,1,1,1,1,1,1,1,1,1
ang20191007t185303-D,ang20191007t185303,ok,,1,1,1,1,1,1,1,1,1,1,1,1,1
ang20191007t185303-E,ang20191007t185303,ok,,1,1,1,1,1,1,1,1,1,1,1,1,1
ang20191007t190840-1,ang20191007t190840,ok,,1,1,1,1,1,1,1,1,1,1,1,1,1
ang20191007t190840-2,ang20191007t190840,ok,,1,1,1,1,1,1,1,1,1,1,1,1,1
ang20191007t190840-3,ang20191007t190840,ok,,1,1,1,1,1,1,1,1,1,1,1,1,1
ang20191007t190840-A,ang20191007t190840,ok,,1,1,1,1,1,1,1,1,1,1,1,1,1
ang20191007t190840-B,ang20191007t190840,ok,,1,1,1,1,1,1,1,1,1,1,1,1,1
ang20191007t190840-C,ang20191007t190840,ok,,1,1,1,1,1,1,1,1,1,1,1,1,1
ang20191007t190840-D,ang20191007t190840,ok,,1,1,1,1,1,1,1,1,1,1,1,1,1
ang20191007t190840-E,ang20191007t190840,ok,,1,1,1,1,1,1,1,1,1,1,1,1,1
ang20191007t190840-F,ang20191007t190840,ok,,1,1,1,1,1,1,1,1,1,1,1,1,1
ang20191007t190840-G,ang20191007t190840,ok,,1,1,1,1,1,1,1,1,1,1,1,1,1
ang20191007t190840-H,ang20191007t190840,ok,,1,1,1,1,1,1,1,1,1,1,1,1,1
ang20191007t190840-I,ang20191007t190840,ok,,1,1,1,1,1,1,1,1,1,1,1,1,1
ang20191007t190840-J,ang20191007t190840,ok,,1,1,1,1,1,1,1,1,1,1,1,1,1
ang20191007t190840-K,ang20191007t190840,ok,,1,1,1,1,1,1,1,1,1,1,1,1,1
ang20191007t190840-L,ang20191007t190840,ok,,1,1,1,1,1,1,1,1,1,1,1,1,1
ang20191007t193705-3,ang20191007t193705,ok,,1,1,1,1,1,1,1,1,1,1,1,1,1
ang20191007t193705-4,ang20191007t193705,ok,,1,1,1,1,1,1,1,1,1,1,1,1,1
ang20191007t193705-5,ang20191007t193705,ok,,1,1,1,1,1,1,1,1,1,1,1,1,1
ang20191007t193705-A,ang20191007t193705,ok,,1,1,1,1,1,1,1,1,1,1,1,1,1
ang20191007t193705-B,ang20191007t193705,ok,,1,1,1,1,1,1,1,1,1,1,1,1,1
ang20191007t193705-D,ang20191007t193705,ok,,1,1,1,1,1,1,1,1,1,1,1,1,1
ang20191007t193705-F,ang20191007t193705,ok,,1,1,1,1,1,1,1,1,1,1,1,1,1
ang20191007t193705-G,ang20191007t193705,ok,,1,1,1,1,1,1,1,1,1,1,1,1,1
ang20191007t193705-H,ang20191007t193705,ok,,1,1,1,1,1,1,1,1,1,1,1,1,1
ang20191007t193705-I,ang20191007t193705,ok,,1,1,1,1,1,1,1,1,1,1,1,1,1
ang20191007t195115-A,ang20191007t195115,ok,,1,1,1,1,1,1,1,1,1,1,1,1,1
ang20191007t195115-F,ang20191007t195115,ok,,1,1,1,1,1,1,1,1,1,1,1,1,1
ang20191007t195115-G,ang20191007t195115,ok,,1,1,1,1,1,1,1,1,1,1,1,1,1
ang20191007t195115-H,ang20191007t195115,ok,,1,1,1,1,1,1,1,1,1,1,1,1,1
ang20191007t200647-A,ang20191007t200647,ok,,1,1,1,1,1,1,1,1,1,1,1,1,1
ang20191007t200647-B,ang20191007t200647,ok,,1,1,1,1,1,1,1,1,1,1,1,1,1
ang20191007t200647-G,ang20191007t200647,ok,,1,1,1,1,1,1,1,1,1,1,1,1,1
ang20191007t200647-J,ang20191007t200647,ok,,1,1,1,1,1,1,1,1,1,1,1,1,1
ang20191007t200647-K,ang20191007t200647,ok,,1,1,1,1,1,1,1,1,1,1,1,1,1
ang20191007t201917-A,ang20191007t201917,ok,,1,1,1,1,1,1,1,1,1,1,1,1,1
ang20191007t201917-B,ang20191007t201917,ok,,1,1,1,1,1,1,1,1,1,1,1,1,1
ang20191007t201917-C,ang20191007t201917,ok,,1,1,1,1,1,1,1,1,1,1,1,1,1
ang20191007t201917-D,ang20191007t201917,ok,,1,1,1,1,1,1,1,1,1,1,1,1,1
ang20191007t201917-E,ang20191007t201917,ok,,1,1,1,1,1,1,1,1,1,1,1,1,1
ang20191007t201917-F,ang20191007t201917,ok,,1,1,1,1,1,1,1,1,1,1,1,1,1
ang20191007t201917-G,ang20191007t201917,ok,,1,1,1,1,1,1,1,1,1,1,1,1,1
ang20191008t151045-B,ang20191008t151045,ok,,1,1,1,1,1,1,1,1,1,1,1,1,1
ang20191008t151045-C,ang20191008t151045,ok,,1,1,1,1,1,1,1,1,1,1,1,1,1
ang20191008t151045-D,ang20191008t151045,ok,,1,1,1,1,1,1,1,1,1,1,1,1,1
ang20191008t153517-6,ang20191008t153517,ok,,1,1,1,1,1,1,1,1,1,1,1,1,1
ang20191008t153517-A,ang20191008t153517,ok,,1,1,1,1,1,1,1,1,1,1,1,1,1
ang20191008t153517-B,ang20191008t153517,ok,,1,1,1,1,1,1,1,1,1,1,1,1,1
ang20191008t160209-A,ang20191008t160209,ok,,1,1,1,1,1,1,1,1,1,1,1,1,1
ang20191008t160209-B,ang20191008t160209,ok,,1,1,1,1,1,1,1,1,1,1,1,1,1
ang20191008t160209-C,ang20191008t160209,ok,,1,1,1,1,1,1,1,1,1,1,1,1,1
ang20191008t160209-D,ang20191008t160209,ok,,1,1,1,1,1,1,1,1,1,1,1,1,1
ang20191008t165855-D,ang20191008t165855,ok,,1,1,1,1,1,1,1,1,1,1,1,1,1
ang20191008t165855-E,ang20191008t165855,ok,,1,1,1,1,1,1,1,1,1,1,1,1,1
ang20191008t165855-F,ang20191008t165855,ok,,1,1,1,1,1,1,1,1,1,1,1,1,1
ang20191008t165855-G,ang20191008t165855,ok,,1,1,1,1,1,1,1,1,1,1,1,1,1
ang20191008t165855-H,ang20191008t165855,ok,,1,1,1,1,1,1,1,1,1,1,1,1,1
ang20191008t172458-E,ang20191008t172458,ok,,1,1,1,1,1,1,1,1,1,1,1,1,1
ang20191008t172458-F,ang20191008t172458,ok,,1,1,1,1,1,1,1,1,1,1,1,1,1
ang20191008t172458-H,ang20191008t172458,ok,,1,1,1,1,1,1,1,1,1,1,1,1,1
ang20191008t172458-I,ang20191008t172458,ok,,1,1,1,1,1,1,1,1,1,1,1,1,1
ang20191008t172458-J,ang20191008t172458,ok,,1,1,1,1,1,1,1,1,1,1,1,1,1
ang20191010t152203-A,ang20191010t152203,ok,,1,1,1,1,1,1,1,1,1,1,1,1,1
ang20191010t152203-B,ang20191010t152203,ok,,1,1,1,1,1,1,1,1,1,1,1,1,1
ang20191010t152203-C,ang20191010t152203,ok,,1,1,1,1,1,1,1,1,1,1,1,1,1
ang20191010t152203-D,ang20191010t152203,ok,,1,1,1,1,1,1,1,1,1,1,1,1,1
ang20191010t155034-A,ang20191010t155034,ok,,1,1,1,1,1,1,1,1,1,1,1,1,1
ang20191010t155034-B,ang20191010t155034,ok,,1,1,1,1,1,1,1,1,1,1,1,1,1
ang20191010t155034-D,ang20191010t155034,ok,,1,1,1,1,1,1,1,1,1,1,1,1,1
ang20191010t155034-E,ang20191010t155034,ok,,1,1,1,1,1,1,1,1,1,1,1,1,1
ang20191010t155034-F,ang20191010t155034,ok,,1,1,1,1,1,1,1,1,1,1,1,1,1
ang20191010t155034-G,ang20191010t155034,ok,,1,1,1,1,1,1,1,1,1,1,1,1,1
ang20191010t155034-H,ang20191010t155034,ok,,1,1,1,1,1,1,1,1,1,1,1,1,1
ang20191010t161700-B,ang20191010t161700,ok,,1,1,1,1,1,1,1,1,1,1,1,1,1
ang20191010t161700-C,ang20191010t161700,ok,,1,1,1,1,1,1,1,1,1,1,1,1,1
ang20191010t161700-D,ang20191010t161700,ok,,1,1,1,1,1,1,1,1,1,1,1,1,1
ang20191010t184216-A,ang20191010t184216,ok,,1,1,1,1,1,1,1,1,1,1,1,1,1
ang20191010t193818-F,ang20191010t193818,ok,,1,1,1,1,1,1,1,1,1,1,1,1,1
ang20191011t163647-E,ang20191011t163647,ok,,1,1,1,1,1,1,1,1,1,1,1,1,1
ang20191013t144828-1,ang20191013t144828,ok,,1,1,1,1,1,1,1,1,1,1,1,1,1
ang20191013t144828-17,ang20191013t144828,ok,,1,1,1,1,1,1,1,1,1,1,1,1,1
ang20191013t144828-26,ang20191013t144828,ok,,1,1,1,1,1,1,1,1,1,1,1,1,1
ang20191013t144828-27,ang20191013t144828,ok,,1,1,1,1,1,1,1,1,1,1,1,1,1
ang20191013t144828-8,ang20191013t144828,ok,,1,1,1,1,1,1,1,1,1,1,1,1,1
ang20191013t144828-A,ang20191013t144828,ok,,1,1,1,1,1,1,1,1,1,1,1,1,1
ang20191013t144828-B,ang20191013t144828,ok,,1,1,1,1,1,1,1,1,1,1,1,1,1
ang20191013t144828-C,ang20191013t144828,ok,,1,1,1,1,1,1,1,1,1,1,1,1,1
ang20191013t144828-D,ang20191013t144828,ok,,1,1,1,1,1,1,1,1,1,1,1,1,1
ang20191013t144828-E,ang20191013t144828,ok,,1,1,1,1,1,1,1,1,1,1,1,1,1
ang20191013t144828-F,ang20191013t144828,ok,,1,1,1,1,1,1,1,1,1,1,1,1,1
ang20191013t145516-A,ang20191013t145516,ok,,1,1,1,1,1,1,1,1,1,1,1,1,1
ang20191013t145516-B,ang20191013t145516,ok,,1,1,1,1,1,1,1,1,1,1,1,1,1
ang20191013t145516-C,ang20191013t145516,ok,,1,1,1,1,1,1,1,1,1,1,1,1,1
ang20191013t145516-D,ang20191013t145516,ok,,1,1,1,1,1,1,1,1,1,1,1,1,1
ang20191013t145516-E,ang20191013t145516,ok,,1,1,1,1,1,1,1,1,1,1,1,1,1
ang20191013t145516-F,ang20191013t145516,ok,,1,1,1,1,1,1,1,1,1,1,1,1,1
ang20191013t145516-G,ang20191013t145516,ok,,1,1,1,1,1,1,1,1,1,1,1,1,1
ang20191013t145516-H,ang20191013t145516,ok,,1,1,1,1,1,1,1,1,1,1,1,1,1
ang20191013t145516-I,ang20191013t145516,ok,,1,1,1,1,1,1,1,1,1,1,1,1,1
ang20191013t145516-J,ang20191013t145516,ok,,1,1,1,1,1,1,1,1,1,1,1,1,1
ang20191013t151222-A,ang20191013t151222,ok,,1,1,1,1,1,1,1,1,1,1,1,1,1
ang20191013t151222-B,ang20191013t151222,ok,,1,1,1,1,1,1,1,1,1,1,1,1,1
ang20191013t151222-C,ang20191013t151222,ok,,1,1,1,1,1,1,1,1,1,1,1,1,1
ang20191013t151222-D,ang20191013t151222,ok,,1,1,1,1,1,1,1,1,1,1,1,1,1
ang20191013t152730-11,ang20191013t152730,ok,,1,1,1,1,1,1,1,1,1,1,1,1,1
ang20191013t152730-A,ang20191013t152730,ok,,1,1,1,1,1,1,1,1,1,1,1,1,1
ang20191013t152730-B,ang20191013t152730,ok,,1,1,1,1,1,1,1,1,1,1,1,1,1
ang20191013t152730-C,ang20191013t152730,ok,,1,1,1,1,1,1,1,1,1,1,1,1,1
ang20191013t152730-D,ang20191013t152730,ok,,1,1,1,1,1,1,1,1,1,1,1,1,1
ang20191013t154421-A,ang20191013t154421,ok,,1,1,1,1,1,1,1,1,1,1,1,1,1
ang20191013t154421-B,ang20191013t154421,ok,,1,1,1,1,1,1,1,1,1,1,1,1,1
ang20191013t155909-1,ang20191013t155909,ok,,1,1,1,1,1,1,1,1,1,1,1,1,1
ang20191013t155909-A,ang20191013t155909,ok,,1,1,1,1,1,1,1,1,1,1,1,1,1
ang20191013t155909-B,ang20191013t155909,ok,,1,1,1,1,1,1,1,1,1,1,1,1,1
ang20191013t161540-A,ang20191013t161540,ok,,1,1,1,1,1,1,1,1,1,1,1,1,1
ang20191013t163024-A,ang20191013t163024,ok,,1,1,1,1,1,1,1,1,1,1,1,1,1
ang20191013t163024-B,ang20191013t163024,ok,,1,1,1,1,1,1,1,1,1,1,1,1,1
ang20191013t163024-C,ang20191013t163024,ok,,1,1,1,1,1,1,1,1,1,1,1,1,1
ang20191013t163024-D,ang20191013t163024,ok,,1,1,1,1,1,1,1,1,1,1,1,1,1
ang20191013t163024-E,ang20191013t163024,ok,,1,1,1,1,1,1,1,1,1,1,1,1,1
ang20191013t163024-F,ang20191013t163024,ok,,1,1,1,1,1,1,1,1,1,1,1,1,1
ang20191013t164602-1,ang20191013t164602,ok,,1,1,1,1,1,1,1,1,1,1,1,1,1
ang20191013t164602-A,ang20191013t164602,ok,,1,1,1,1,1,1,1,1,1,1,1,1,1
ang20191013t164602-B,ang20191013t164602,ok,,1,1,1,1,1,1,1,1,1,1,1,1,1
ang20191013t164602-C,ang20191013t164602,ok,,1,1,1,1,1,1,1,1,1,1,1,1,1
ang20191013t170032-1,ang20191013t170032,ok,,1,1,1,1,1,1,1,1,1,1,1,1,1
ang20191013t171742-A,ang20191013t171742,ok,,1,1,1,1,1,1,1,1,1,1,1,1,1
ang20191013t171742-B,ang20191013t171742,ok,,1,1,1,1,1,1,1,1,1,1,1,1,1
ang20191013t171742-C,ang20191013t171742,ok,,1,1,1,1,1,1,1,1,1,1,1,1,1
ang20191013t171742-D,ang20191013t171742,ok,,1,1,1,1,1,1,1,1,1,1,1,1,1
ang20191013t173258-A,ang20191013t173258,ok,,1,1,1,1,1,1,1,1,1,1,1,1,1
ang20191013t173258-B,ang20191013t173258,ok,,1,1,1,1,1,1,1,1,1,1,1,1,1
ang20191013t173258-C,ang20191013t173258,ok,,1,1,1,1,1,1,1,1,1,1,1,1,1
ang20191013t173258-D,ang20191013t173258,ok,,1,1,1,1,1,1,1,1,1,1,1,1,1
ang20191017t174946-9,ang20191017t174946,ok,,1,1,1,1,1,1,1,1,1,1,1,1,1
ang20191017t174946-A,ang20191017t174946,ok,,1,1,1,1,1,1,1,1,1,1,1,1,1
ang20191017t174946-B,ang20191017t174946,ok,,1,1,1,1,1,1,1,1,1,1,1,1,1
ang20191017t174946-C,ang20191017t174946,ok,,1,1,1,1,1,1,1,1,1,1,1,1,1
ang20191017t174946-D,ang20191017t174946,ok,,1,1,1,1,1,1,1,1,1,1,1,1,1
ang20191017t174946-F,ang20191017t174946,ok,,1,1,1,1,1,1,1,1,1,1,1,1,1
ang20191017t174946-G,ang20191017t174946,ok,,1,1,1,1,1,1,1,1,1,1,1,1,1
ang20191017t174946-H,ang20191017t174946,ok,,1,1,1,1,1,1,1,1,1,1,1,1,1
ang20191017t174946-I,ang20191017t174946,ok,,1,1,1,1,1,1,1,1,1,1,1,1,1
ang20191017t174946-J,ang20191017t174946,ok,,1,1,1,1,1,1,1,1,1,1,1,1,1
ang20191017t180347-A,ang20191017t180347,ok,,1,1,1,1,1,1,1,1,1,1,1,1,1
ang20191017t180347-B,ang20191017t180347,ok,,1,1,1,1,1,1,1,1,1,1,1,1,1
ang20191017t180347-C,ang20191017t180347,ok,,1,1,1,1,1,1,1,1,1,1,1,1,1
ang20191017t180347-D,ang20191017t180347,ok,,1,1,1,1,1,1,1,1,1,1,1,1,1
ang20191017t180347-E,ang20191017t180347,ok,,1,1,1,1,1,1,1,1,1,1,1,1,1
ang20191017t180347-F,ang20191017t180347,ok,,1,1,1,1,1,1,1,1,1,1,1,1,1
ang20191017t180347-G,ang20191017t180347,ok,,1,1,1,1,1,1,1,1,1,1,1,1,1
ang20191017t180347-H,ang20191017t180347,ok,,1,1,1,1,1,1,1,1,1,1,1,1,1
ang20191017t180347-I,ang20191017t180347,ok,,1,1,1,1,1,1,1,1,1,1,1,1,1
ang20191017t180347-J,ang20191017t180347,ok,,1,1,1,1,1,1,1,1,1,1,1,1,1
ang20191017t182024-A,ang20191017t182024,ok,,1,1,1,1,1,1,1,1,1,1,1,1,1
ang20191017t182024-B,ang20191017t182024,ok,,1,1,1,1,1,1,1,1,1,1,1,1,1
ang20191017t182024-C,ang20191017t182024,ok,,1,1,1,1,1,1,1,1,1,1,1,1,1
ang20191017t182024-E,ang20191017t182024,ok,,1,1,1,1,1,1,1,1,1,1,1,1,1
ang20191017t182024-F,ang20191017t182024,ok,,1,1,1,1,1,1,1,1,1,1,1,1,1
ang20191017t182024-G,ang20191017t182024,ok,,1,1,1,1,1,1,1,1,1,1,1,1,1
ang20191017t183448-A,ang20191017t183448,ok,,1,1,1,1,1,1,1,1,1,1,1,1,1
ang20191017t183448-B,ang20191017t183448,ok,,1,1,1,1,1,1,1,1,1,1,1,1,1
ang20191017t183448-C,ang20191017t183448,ok,,1,1,1,1,1,1,1,1,1,1,1,1,1
ang20191017t183448-D,ang20191017t183448,ok,,1,1,1,1,1,1,1,1,1,1,1,1,1
ang20191017t183448-E,ang20191017t183448,ok,,1,1,1,1,1,1,1,1,1,1,1,1,1
ang20191017t183448-F,ang20191017t183448,ok,,1,1,1,1,1,1,1,1,1,1,1,1,1
ang20191017t185057-A,ang20191017t185057,ok,,1,1,1,1,1,1,1,1,1,1,1,1,1
ang20191017t185057-B,ang20191017t185057,ok,,1,1,1,1,1,1,1,1,1,1,1,1,1
ang20191017t185057-C,ang20191017t185057,ok,,1,1,1,1,1,1,1,1,1,1,1,1,1
ang20191017t185057-D,ang20191017t185057,ok,,1,1,1,1,1,1,1,1,1,1,1,1,1
ang20191017t185057-E,ang20191017t185057,ok,,1,1,1,1,1,1,1,1,1,1,1,1,1
ang20191017t191119-A,ang20191017t191119,ok,,1,1,1,1,1,1,1,1,1,1,1,1,1
ang20191017t191119-B,ang20191017t191119,ok,,1,1,1,1,1,1,1,1,1,1,1,1,1
ang20191017t191119-C,ang20191017t191119,ok,,1,1,1,1,1,1,1,1,1,1,1,1,1
ang20191017t191119-D,ang20191017t191119,ok,,1,1,1,1,1,1,1,1,1,1,1,1,1
ang20191017t191119-E,ang20191017t191119,ok,,1,1,1,1,1,1,1,1,1,1,1,1,1
ang20191017t191119-F,ang20191017t191119,ok,,1,1,1,1,1,1,1,1,1,1,1,1,1
ang20191018t141549-C,ang20191018t141549,ok,,1,1,1,1,1,1,1,1,1,1,1,1,1
ang20191018t141549-D,ang20191018t141549,ok,,1,1,1,1,1,1,1,1,1,1,1,1,1
ang20191018t150906-A,ang20191018t150906,ok,,1,1,1,1,1,1,1,1,1,1,1,1,1
ang20191018t150906-B,ang20191018t150906,ok,,1,1,1,1,1,1,1,1,1,1,1,1,1
ang20191018t153724-B,ang20191018t153724,ok,,1,1,1,1,1,1,1,1,1,1,1,1,1
ang20191018t153724-C,ang20191018t153724,ok,,1,1,1,1,1,1,1,1,1,1,1,1,1
ang20191018t153724-D,ang20191018t153724,ok,,1,1,1,1,1,1,1,1,1,1,1,1,1
ang20191018t153724-E,ang20191018t153724,ok,,1,1,1,1,1,1,1,1,1,1,1,1,1
ang20191018t165503-3,ang20191018t165503,ok,,1,1,1,1,1,1,1,1,1,1,1,1,1
ang20191018t165503-7,ang20191018t165503,ok,,1,1,1,1,1,1,1,1,1,1,1,1,1
ang20191018t165503-B,ang20191018t165503,ok,,1,1,1,1,1,1,1,1,1,1,1,1,1
ang20191018t165503-C,ang20191018t165503,ok,,1,1,1,1,1,1,1,1,1,1,1,1,1
ang20191018t165503-D,ang20191018t165503,ok,,1,1,1,1,1,1,1,1,1,1,1,1,1
ang20191018t172239-3,ang20191018t172239,ok,,1,1,1,1,1,1,1,1,1,1,1,1,1
ang20191018t172239-4,ang20191018t172239,ok,,1,1,1,1,1,1,1,1,1,1,1,1,1
ang20191018t172239-A,ang20191018t172239,ok,,1,1,1,1,1,1,1,1,1,1,1,1,1
ang20191018t172239-B,ang20191018t172239,ok,,1,1,1,1,1,1,1,1,1,1,1,1,1
ang20191018t172239-C,ang20191018t172239,ok,,1,1,1,1,1,1,1,1,1,1,1,1,1
ang20191022t175031-1,ang20191022t175031,ok,,1,1,1,1,1,1,1,1,1,1,1,1,1
ang20191022t175031-2,ang20191022t175031,ok,,1,1,1,1,1,1,1,1,1,1,1,1,1
ang20191022t175031-3,ang20191022t175031,ok,,1,1,1,1,1,1,1,1,1,1,1,1,1
ang20191022t175031-A,ang20191022t175031,ok,,1,1,1,1,1,1,1,1,1,1,1,1,1
ang20191022t175031-B,ang20191022t175031,ok,,1,1,1,1,1,1,1,1,1,1,1,1,1
ang20191022t175031-C,ang20191022t175031,ok,,1,1,1,1,1,1,1,1,1,1,1,1,1
ang20191022t175031-D,ang20191022t175031,ok,,1,1,1,1,1,1,1,1,1,1,1,1,1
ang20191022t175031-E,ang20191022t175031,ok,,1,1,1,1,1,1,1,1,1,1,1,1,1
ang20191022t180237-1,ang20191022t180237,ok,,1,1,1,1,1,1,1,1,1,1,1,1,1
ang20191022t180237-2,ang20191022t180237,ok,,1,1,1,1,1,1,1,1,1,1,1,1,1
ang20191022t180237-A,ang20191022t180237,ok,,1,1,1,1,1,1,1,1,1,1,1,1,1
ang20191022t181138-1,ang20191022t181138,ok,,1,1,1,1,1,1,1,1,1,1,1,1,1
ang20191022t181138-5,ang20191022t181138,ok,,1,1,1,1,1,1,1,1,1,1,1,1,1
ang20191022t181138-6,ang20191022t181138,ok,,1,1,1,1,1,1,1,1,1,1,1,1,1
ang20191022t181138-A,ang20191022t181138,ok,,1,1,1,1,1,1,1,1,1,1,1,1,1
ang20191022t181138-B,ang20191022t181138,ok,,1,1,1,1,1,1,1,1,1,1,1,1,1
ang20191022t181138-C,ang20191022t181138,ok,,1,1,1,1,1,1,1,1,1,1,1,1,1
ang20191022t181138-D,ang20191022t181138,ok,,1,1,1,1,1,1,1,1,1,1,1,1,1
ang20191022t181138-E,ang20191022t181138,ok,,1,1,1,1,1,1,1,1,1,1,1,1,1
ang20191022t181138-F,ang20191022t181138,ok,,1,1,1,1,1,1,1,1,1,1,1,1,1
ang20191022t182432-1,ang20191022t182432,ok,,1,1,1,1,1,1,1,1,1,1,1,1,1
ang20191022t183431-A,ang20191022t183431,ok,,1,1,1,1,1,1,1,1,1,1,1,1,1
ang20191022t183431-B,ang20191022t183431,ok,,1,1,1,1,1,1,1,1,1,1,1,1,1
ang20191022t184525-A,ang20191022t184525,ok,,1,1,1,1,1,1,1,1,1,1,1,1,1
ang20191022t184525-C,ang20191022t184525,ok,,1,1,1,1,1,1,1,1,1,1,1,1,1
ang20191022t184525-D,ang20191022t184525,ok,,1,1,1,1,1,1,1,1,1,1,1,1,1
ang20191022t190019-1,ang20191022t190019,ok,,1,1,1,1,1,1,1,1,1,1,1,1,1
ang20191022t190019-2,ang20191022t190019,ok,,1,1,1,1,1,1,1,1,1,1,1,1,1
ang20191022t190019-3,ang20191022t190019,ok,,1,1,1,1,1,1,1,1,1,1,1,1,1
ang20191022t190019-4,ang20191022t190019,ok,,1,1,1,1,1,1,1,1,1,1,1,1,1
ang20191022t191141-1,ang20191022t191141,ok,,1,1,1,1,1,1,1,1,1,1,1,1,1
ang20191022t191141-2,ang20191022t191141,ok,,1,1,1,1,1,1,1,1,1,1,1,1,1
ang20191022t191141-A,ang20191022t191141,ok,,1,1,1,1,1,1,1,1,1,1,1,1,1
ang20191022t191141-B,ang20191022t191141,ok,,1,1,1,1,1,1,1,1,1,1,1,1,1
ang20191022t191141-C,ang20191022t191141,ok,,1,1,1,1,1,1,1,1,1,1,1,1,1
ang20191022t192048-1,ang20191022t192048,ok,,1,1,1,1,1,1,1,1,1,1,1,1,1
ang20191022t192048-2,ang20191022t192048,ok,,1,1,1,1,1,1,1,1,1,1,1,1,1
ang20191022t192048-3,ang20191022t192048,ok,,1,1,1,1,1,1,1,1,1,1,1,1,1
ang20191022t192048-4,ang20191022t192048,ok,,1,1,1,1,1,1,1,1,1,1,1,1,1
ang20191022t192048-A,ang20191022t192048,ok,,1,1,1,1,1,1,1,1,1,1,1,1,1
ang20191022t192048-B,ang20191022t192048,ok,,1,1,1,1,1,1,1,1,1,1,1,1,1
ang20191022t192048-C,ang20191022t192048,ok,,1,1,1,1,1,1,1,1,1,1,1,1,1
ang20191022t192048-D,ang20191022t192048,ok,,1,1,1,1,1,1,1,1,1,1,1,1,1
ang20191022t193257-A,ang20191022t193257,ok,,1,1,1,1,1,1,1,1,1,1,1,1,1
ang20191022t193257-B,ang20191022t193257,ok,,1,1,1,1,1,1,1,1,1,1,1,1,1
ang20191022t194233-A,ang20191022t194233,ok,,1,1,1,1,1,1,1,1,1,1,1,1,1
ang20191022t194233-B,ang20191022t194233,ok,,1,1,1,1,1,1,1,1,1,1,1,1,1
ang20191022t194233-C,ang20191022t194233,ok,,1,1,1,1,1,1,1,1,1,1,1,1,1
ang20191022t194233-D,ang20191022t194233,ok,,1,1,1,1,1,1,1,1,1,1,1,1,1
ang20191022t194943-3,ang20191022t194943,ok,,1,1,1,1,1,1,1,1,1,1,1,1,1
ang20191022t194943-8,ang20191022t194943,ok,,1,1,1,1,1,1,1,1,1,1,1,1,1
ang20191022t194943-9,ang20191022t194943,ok,,1,1,1,1,1,1,1,1,1,1,1,1,1
ang20191022t194943-A,ang20191022t194943,ok,,1,1,1,1,1,1,1,1,1,1,1,1,1
ang20191022t194943-B,ang20191022t194943,ok,,1,1,1,1,1,1,1,1,1,1,1,1,1
ang20191022t194943-C,ang20191022t194943,ok,,1,1,1,1,1,1,1,1,1,1,1,1,1
ang20200709t204216-1,ang20200709t204216,ok,,1,1,1,1,1,1,1,1,1,1,1,1,1
ang20200709t204216-B,ang20200709t204216,ok,,1,1,1,1,1,1,1,1,1,1,1,1,1
ang20200709t205211-1,ang20200709t205211,ok,,1,1,1,1,1,1,1,1,1,1,1,1,1
ang20200709t205211-3,ang20200709t205211,ok,,1,1,1,1,1,1,1,1,1,1,1,1,1
ang20200709t205211-5,ang20200709t205211,ok,,1,1,1,1,1,1,1,1,1,1,1,1,1
ang20200709t205211-B,ang20200709t205211,ok,,1,1,1,1,1,1,1,1,1,1,1,1,1
ang20200709t205211-C,ang20200709t205211,ok,,1,1,1,1,1,1,1,1,1,1,1,1,1
ang20200709t210220-1,ang20200709t210220,ok,,1,1,1,1,1,1,1,1,1,1,1,1,1
ang20200709t210220-2,ang20200709t210220,ok,,1,1,1,1,1,1,1,1,1,1,1,1,1
ang20200709t210220-3,ang20200709t210220,ok,,1,1,1,1,1,1,1,1,1,1,1,1,1
ang20200709t210220-4,ang20200709t210220,ok,,1,1,1,1,1,1,1,1,1,1,1,1,1
ang20200709t210220-A,ang20200709t210220,ok,,1,1,1,1,1,1,1,1,1,1,1,1,1
ang20200709t210220-B,ang20200709t210220,ok,,1,1,1,1,1,1,1,1,1,1,1,1,1
ang20200709t210220-F,ang20200709t210220,ok,,1,1,1,1,1,1,1,1,1,1,1,1,1
ang20200709t211401-1,ang20200709t211401,ok,,1,1,1,1,1,1,1,1,1,1,1,1,1
ang20200709t212243-1,ang20200709t212243,ok,,1,1,1,1,1,1,1,1,1,1,1,1,1
ang20200709t212858-1,ang20200709t212858,ok,,1,1,1,1,1,1,1,1,1,1,1,1,1
ang20200709t213509-A,ang20200709t213509,ok,,1,1,1,1,1,1,1,1,1,1,1,1,1
ang20200709t214232-A,ang20200709t214232,ok,,1,1,1,1,1,1,1,1,1,1,1,1,1
ang20200709t214232-B,ang20200709t214232,ok,,1,1,1,1,1,1,1,1,1,1,1,1,1
ang20200709t214232-C,ang20200709t214232,ok,,1,1,1,1,1,1,1,1,1,1,1,1,1
ang20200709t215700-A,ang20200709t215700,ok,,1,1,1,1,1,1,1,1,1,1,1,1,1
ang20200709t215700-B,ang20200709t215700,ok,,1,1,1,1,1,1,1,1,1,1,1,1,1
ang20200709t221850-A,ang20200709t221850,ok,,1,1,1,1,1,1,1,1,1,1,1,1,1
ang20200709t223021-A,ang20200709t223021,ok,,1,1,1,1,1,1,1,1,1,1,1,1,1
ang20200709t223916-1,ang20200709t223916,ok,,1,1,1,1,1,1,1,1,1,1,1,1,1
ang20200709t223916-2,ang20200709t223916,ok,,1,1,1,1,1,1,1,1,1,1,1,1,1
ang20200709t224635-2,ang20200709t224635,ok,,1,1,1,1,1,1,1,1,1,1,1,1,1
ang20200714t185842-A,ang20200714t185842,ok,,1,1,1,1,1,1,1,1,1,1,1,1,1
ang20200714t185842-B,ang20200714t185842,ok,,1,1,1,1,1,1,1,1,1,1,1,1,1
ang20200714t191304-1,ang20200714t191304,ok,,1,1,1,1,1,1,1,1,1,1,1,1,1
ang20200714t191304-A,ang20200714t191304,ok,,1,1,1,1,1,1,1,1,1,1,1,1,1
ang20200714t191304-B,ang20200714t191304,ok,,1,1,1,1,1,1,1,1,1,1,1,1,1
ang20200714t191304-C,ang20200714t191304,ok,,1,1,1,1,1,1,1,1,1,1,1,1,1
ang20200714t192012-A,ang20200714t192012,ok,,1,1,1,1,1,1,1,1,1,1,1,1,1
ang20200714t193018-2,ang20200714t193018,ok,,1,1,1,1,1,1,1,1,1,1,1,1,1
ang20200714t193018-B,ang20200714t193018,ok,,1,1,1,1,1,1,1,1,1,1,1,1,1
ang20200714t194141-A,ang20200714t194141,ok,,1,1,1,1,1,1,1,1,1,1,1,1,1
ang20200714t195323-A,ang20200714t195323,ok,,1,1,1,1,1,1,1,1,1,1,1,1,1
ang20200714t201525-A,ang20200714t201525,ok,,1,1,1,1,1,1,1,1,1,1,1,1,1
ang20200714t203015-A,ang20200714t203015,ok,,1,1,1,1,1,1,1,1,1,1,1,1,1
ang20200714t203015-B,ang20200714t203015,ok,,1,1,1,1,1,1,1,1,1,1,1,1,1
ang20200714t203512-A,ang20200714t203512,ok,,1,1,1,1,1,1,1,1,1,1,1,1,1
ang20200714t204231-A,ang20200714t204231,ok,,1,1,1,1,1,1,1,1,1,1,1,1,1
ang20200714t204231-B,ang20200714t204231,ok,,1,1,1,1,1,1,1,1,1,1,1,1,1
ang20200714t204231-C,ang20200714t204231,ok,,1,1,1,1,1,1,1,1,1,1,1,1,1
ang20200714t204945-A,ang20200714t204945,ok,,1,1,1,1,1,1,1,1,1,1,1,1,1
ang20200714t205802-A,ang20200714t205802,ok,,1,1,1,1,1,1,1,1,1,1,1,1,1
ang20200714t210451-A,ang20200714t210451,ok,,1,1,1,1,1,1,1,1,1,1,1,1,1
ang20200714t210451-B,ang20200714t210451,ok,,1,1,1,1,1,1,1,1,1,1,1,1,1
ang20200715t172416-2,ang20200715t172416,ok,,1,1,1,1,1,1,1,1,1,1,1,1,1
ang20200716t200550-A,ang20200716t200550,ok,,1,1,1,1,1,1,1,1,1,1,1,1,1
ang20200716t201734-A,ang20200716t201734,ok,,1,1,1,1,1,1,1,1,1,1,1,1,1
ang20200716t201734-B,ang20200716t201734,ok,,1,1,1,1,1,1,1,1,1,1,1,1,1
ang20200716t202023-1,ang20200716t202023,ok,,1,1,1,1,1,1,1,1,1,1,1,1,1
ang20200716t204525-1,ang20200716t204525,ok,,1,1,1,1,1,1,1,1,1,1,1,1,1
ang20200716t205515-1,ang20200716t205515,ok,,1,1,1,1,1,1,1,1,1,1,1,1,1
ang20200716t210746-1,ang20200716t210746,ok,,1,1,1,1,1,1,1,1,1,1,1,1,1
ang20200724t194044-A,ang20200724t194044,ok,,1,1,1,1,1,1,1,1,1,1,1,1,1
ang20200724t194044-B,ang20200724t194044,ok,,1,1,1,1,1,1,1,1,1,1,1,1,1
ang20200724t194647-A,ang20200724t194647,ok,,1,1,1,1,1,1,1,1,1,1,1,1,1
ang20200724t195216-1,ang20200724t195216,ok,,1,1,1,1,1,1,1,1,1,1,1,1,1
ang20200724t195657-1,ang20200724t195657,ok,,1,1,1,1,1,1,1,1,1,1,1,1,1
ang20200724t200147-2,ang20200724t200147,ok,,1,1,1,1,1,1,1,1,1,1,1,1,1
ang20200724t200147-A,ang20200724t200147,ok,,1,1,1,1,1,1,1,1,1,1,1,1,1
ang20200724t200936-1,ang20200724t200936,ok,,1,1,1,1,1,1,1,1,1,1,1,1,1
ang20200724t200936-2,ang20200724t200936,ok,,1,1,1,1,1,1,1,1,1,1,1,1,1
ang20200724t200936-3,ang20200724t200936,ok,,1,1,1,1,1,1,1,1,1,1,1,1,1
ang20200724t200936-4,ang20200724t200936,ok,,1,1,1,1,1,1,1,1,1,1,1,1,1
ang20200724t200936-6,ang20200724t200936,ok,,1,1,1,1,1,1,1,1,1,1,1,1,1
ang20200724t200936-7,ang20200724t200936,ok,,1,1,1,1,1,1,1,1,1,1,1,1,1
ang20200724t200936-B,ang20200724t200936,ok,,1,1,1,1,1,1,1,1,1,1,1,1,1
ang20200724t200936-C,ang20200724t200936,ok,,1,1,1,1,1,1,1,1,1,1,1,1,1
ang20200724t202111-1,ang20200724t202111,ok,,1,1,1,1,1,1,1,1,1,1,1,1,1
ang20200724t202111-2,ang20200724t202111,ok,,1,1,1,1,1,1,1,1,1,1,1,1,1
ang20200724t202111-3,ang20200724t202111,ok,,1,1,1,1,1,1,1,1,1,1,1,1,1
ang20200724t202111-4,ang20200724t202111,ok,,1,1,1,1,1,1,1,1,1,1,1,1,1
ang20200724t203238-1,ang20200724t203238,ok,,1,1,1,1,1,1,1,1,1,1,1,1,1
ang20200724t203238-2,ang20200724t203238,ok,,1,1,1,1,1,1,1,1,1,1,1,1,1
ang20200724t203238-3,ang20200724t203238,ok,,1,1,1,1,1,1,1,1,1,1,1,1,1
ang20200724t203238-4,ang20200724t203238,ok,,1,1,1,1,1,1,1,1,1,1,1,1,1
ang20200724t203238-5,ang20200724t203238,ok,,1,1,1,1,1,1,1,1,1,1,1,1,1
ang20200724t203238-6,ang20200724t203238,ok,,1,1,1,1,1,1,1,1,1,1,1,1,1
ang20200724t204341-1,ang20200724t204341,ok,,1,1,1,1,1,1,1,1,1,1,1,1,1
ang20200724t204341-A,ang20200724t204341,ok,,1,1,1,1,1,1,1,1,1,1,1,1,1
ang20200724t210514-1,ang20200724t210514,ok,,1,1,1,1,1,1,1,1,1,1,1,1,1
ang20200724t210514-2,ang20200724t210514,ok,,1,1,1,1,1,1,1,1,1,1,1,1,1
ang20200724t210514-B,ang20200724t210514,ok,,1,1,1,1,1,1,1,1,1,1,1,1,1
ang20200724t211348-1,ang20200724t211348,ok,,1,1,1,1,1,1,1,1,1,1,1,1,1
ang20200724t211348-A,ang20200724t211348,ok,,1,1,1,1,1,1,1,1,1,1,1,1,1
ang20200724t212216-1,ang20200724t212216,ok,,1,1,1,1,1,1,1,1,1,1,1,1,1
ang20200724t212216-2,ang20200724t212216,ok,,1,1,1,1,1,1,1,1,1,1,1,1,1
ang20200724t212216-A,ang20200724t212216,ok,,1,1,1,1,1,1,1,1,1,1,1,1,1
ang20200724t212216-B,ang20200724t212216,ok,,1,1,1,1,1,1,1,1,1,1,1,1,1
ang20200825t212126-A,ang20200825t212126,ok,,1,1,1,1,1,1,1,1,1,1,1,1,1
ang20200825t212944-A,ang20200825t212944,ok,,1,1,1,1,1,1,1,1,1,1,1,1,1
ang20200825t214130-A,ang20200825t214130,ok,,1,1,1,1,1,1,1,1,1,1,1,1,1
ang20200828t185516-A,ang20200828t185516,ok,,1,1,1,1,1,1,1,1,1,1,1,1,1
ang20200828t185516-B,ang20200828t185516,ok,,1,1,1,1,1,1,1,1,1,1,1,1,1
ang20200828t185516-C,ang20200828t185516,ok,,1,1,1,1,1,1,1,1,1,1,1,1,1
ang20200828t185516-D,ang20200828t185516,ok,,1,1,1,1,1,1,1,1,1,1,1,1,1
ang20200828t190555-A,ang20200828t190555,ok,,1,1,1,1,1,1,1,1,1,1,1,1,1
ang20200828t190555-B,ang20200828t190555,ok,,1,1,1,1,1,1,1,1,1,1,1,1,1
ang20200828t191605-A,ang20200828t191605,ok,,1,1,1,1,1,1,1,1,1,1,1,1,1
ang20200828t191605-B,ang20200828t191605,ok,,1,1,1,1,1,1,1,1,1,1,1,1,1
ang20200828t191605-C,ang20200828t191605,ok,,1,1,1,1,1,1,1,1,1,1,1,1,1
ang20200828t192559-A,ang20200828t192559,ok,,1,1,1,1,1,1,1,1,1,1,1,1,1
ang20200828t192559-B,ang20200828t192559,ok,,1,1,1,1,1,1,1,1,1,1,1,1,1
ang20200828t192559-C,ang20200828t192559,ok,,1,1,1,1,1,1,1,1,1,1,1,1,1
ang20200828t194421-A,ang20200828t194421,ok,,1,1,1,1,1,1,1,1,1,1,1,1,1
ang20200828t194421-B,ang20200828t194421,ok,,1,1,1,1,1,1,1,1,1,1,1,1,1
ang20200828t200116-A,ang20200828t200116,ok,,1,1,1,1,1,1,1,1,1,1,1,1,1
ang20200828t200858-A,ang20200828t200858,ok,,1,1,1,1,1,1,1,1,1,1,1,1,1
ang20200828t201622-A,ang20200828t201622,ok,,1,1,1,1,1,1,1,1,1,1,1,1,1
ang20200828t201622-B,ang20200828t201622,ok,,1,1,1,1,1,1,1,1,1,1,1,1,1
ang20200828t203522-A,ang20200828t203522,ok,,1,1,1,1,1,1,1,1,1,1,1,1,1
ang20200828t203522-B,ang20200828t203522,ok,,1,1,1,1,1,1,1,1,1,1,1,1,1
ang20200828t203522-C,ang20200828t203522,ok,,1,1,1,1,1,1,1,1,1,1,1,1,1
ang20200828t203522-D,ang20200828t203522,ok,,1,1,1,1,1,1,1,1,1,1,1,1,1
ang20200828t203522-E,ang20200828t203522,ok,,1,1,1,1,1,1,1,1,1,1,1,1,1
ang20200828t204633-A,ang20200828t204633,ok,,1,1,1,1,1,1,1,1,1,1,1,1,1
ang20200828t204633-B,ang20200828t204633,ok,,1,1,1,1,1,1,1,1,1,1,1,1,1
ang20200828t205946-A,ang20200828t205946,ok,,1,1,1,1,1,1,1,1,1,1,1,1,1
ang20200828t205946-B,ang20200828t205946,ok,,1,1,1,1,1,1,1,1,1,1,1,1,1
ang20200828t210723-A,ang20200828t210723,ok,,1,1,1,1,1,1,1,1,1,1,1,1,1
ang20200828t213355-A,ang20200828t213355,ok,,1,1,1,1,1,1,1,1,1,1,1,1,1
ang20200828t213355-B,ang20200828t213355,ok,,1,1,1,1,1,1,1,1,1,1,1,1,1
ang20200828t214929-A,ang20200828t214929,ok,,1,1,1,1,1,1,1,1,1,1,1,1,1
ang20200828t214929-B,ang20200828t214929,ok,,1,1,1,1,1,1,1,1,1,1,1,1,1
ang20200828t214929-C,ang20200828t214929,ok,,1,1,1,1,1,1,1,1,1,1,1,1,1
ang20200828t215705-A,ang20200828t215705,ok,,1,1,1,1,1,1,1,1,1,1,1,1,1
ang20200830t192756-1,ang20200830t192756,ok,,1,1,1,1,1,1,1,1,1,1,1,1,1
ang20200830t193624-A,ang20200830t193624,ok,,1,1,1,1,1,1,1,1,1,1,1,1,1
ang20200830t195953-A,ang20200830t195953,ok,,1,1,1,1,1,1,1,1,1,1,1,1,1
ang20200830t200228-A,ang20200830t200228,ok,,1,1,1,1,1,1,1,1,1,1,1,1,1
ang20200830t202837-A,ang20200830t202837,ok,,1,1,1,1,1,1,1,1,1,1,1,1,1
ang20200830t202837-B,ang20200830t202837,ok,,1,1,1,1,1,1,1,1,1,1,1,1,1
ang20200830t213807-A,ang20200830t213807,ok,,1,1,1,1,1,1,1,1,1,1,1,1,1
ang20200919t220130-A,ang20200919t220130,ok,,1,1,1,1,1,1,1,1,1,1,1,1,1
ang20200919t221056-1,ang20200919t221056,ok,,1,1,1,1,1,1,1,1,1,1,1,1,1
ang20200924t220155-A,ang20200924t220155,ok,,1,1,1,1,1,1,1,1,1,1,1,1,1
ang20200924t220735-A,ang20200924t220735,ok,,1,1,1,1,1,1,1,1,1,1,1,1,1
ang20200924t220735-B,ang20200924t220735,ok,,1,1,1,1,1,1,1,1,1,1,1,1,1
ang20220308t221613-A,ang20220308t221613,ok,,1,1,1,1,1,1,1,1,1,1,1,1,1
ang20220311t192131-A,ang20220311t192131,ok,,1,1,1,1,1,1,1,1,1,1,1,1,1
ang20220311t205920-A,ang20220311t205920,ok,,1,1,1,1,1,1,1,1,1,1,1,1,1
ang20220318t202431-A,ang20220318t202431,ok,,1,1,1,1,1,1,1,1,1,1,1,1,1
ang20220318t203132-A,ang20220318t203132,ok,,1,1,1,1,1,1,1,1,1,1,1,1,1
ang20220324t182439-A,ang20220324t182439,ok,,1,1,1,1,1,1,1,1,1,1,1,1,1
ang20220324t191818-B,ang20220324t191818,ok,,1,1,1,1,1,1,1,1,1,1,1,1,1
ang20220324t193809-A,ang20220324t193809,ok,,1,1,1,1,1,1,1,1,1,1,1,1,1
ang20220324t195537-A,ang20220324t195537,ok,,1,1,1,1,1,1,1,1,1,1,1,1,1
ang20220324t195537-E,ang20220324t195537,ok,,1,1,1,1,1,1,1,1,1,1,1,1,1
ang20220324t202850-A,ang20220324t202850,ok,,1,1,1,1,1,1,1,1,1,1,1,1,1
ang20220324t204413-A,ang20220324t204413,ok,,1,1,1,1,1,1,1,1,1,1,1,1,1
ang20220324t211235-A,ang20220324t211235,ok,,1,1,1,1,1,1,1,1,1,1,1,1,1
ang20220324t211235-B,ang20220324t211235,ok,,1,1,1,1,1,1,1,1,1,1,1,1,1
ang20220324t212542-A,ang20220324t212542,ok,,1,1,1,1,1,1,1,1,1,1,1,1,1
ang20220415t182136-A,ang20220415t182136,ok,,1,1,1,1,1,1,1,1,1,1,1,1,1
ang20220415t182136-B,ang20220415t182136,ok,,1,1,1,1,1,1,1,1,1,1,1,1,1
ang20220415t182136-C,ang20220415t182136,ok,,1,1,1,1,1,1,1,1,1,1,1,1,1
ang20220415t182136-E,ang20220415t182136,ok,,1,1,1,1,1,1,1,1,1,1,1,1,1
ang20220415t182136-F,ang20220415t182136,ok,,1,1,1,1,1,1,1,1,1,1,1,1,1
ang20220415t182136-G,ang20220415t182136,ok,,1,1,1,1,1,1,1,1,1,1,1,1,1
ang20220415t182136-H,ang20220415t182136,ok,,1,1,1,1,1,1,1,1,1,1,1,1,1
ang20220415t182136-I,ang20220415t182136,ok,,1,1,1,1,1,1,1,1,1,1,1,1,1
ang20220415t182136-L,ang20220415t182136,ok,,1,1,1,1,1,1,1,1,1,1,1,1,1
ang20220415t184411-A,ang20220415t184411,ok,,1,1,1,1,1,1,1,1,1,1,1,1,1
ang20220415t184411-B,ang20220415t184411,ok,,1,1,1,1,1,1,1,1,1,1,1,1,1
ang20220415t184411-C,ang20220415t184411,ok,,1,1,1,1,1,1,1,1,1,1,1,1,1
ang20220415t184411-D,ang20220415t184411,ok,,1,1,1,1,1,1,1,1,1,1,1,1,1
ang20220415t184411-E,ang20220415t184411,ok,,1,1,1,1,1,1,1,1,1,1,1,1,1
ang20220415t190337-B,ang20220415t190337,ok,,1,1,1,1,1,1,1,1,1,1,1,1,1
ang20220415t192319-A,ang20220415t192319,ok,,1,1,1,1,1,1,1,1,1,1,1,1,1
ang20220415t192319-B,ang20220415t192319,ok,,1,1,1,1,1,1,1,1,1,1,1,1,1
ang20220415t192319-C,ang20220415t192319,ok,,1,1,1,1,1,1,1,1,1,1,1,1,1
ang20220415t194100-A,ang20220415t194100,ok,,1,1,1,1,1,1,1,1,1,1,1,1,1
ang20220415t194100-B,ang20220415t194100,ok,,1,1,1,1,1,1,1,1,1,1,1,1,1
ang20220415t194100-C,ang20220415t194100,ok,,1,1,1,1,1,1,1,1,1,1,1,1,1
ang20220415t200019-A,ang20220415t200019,ok,,1,1,1,1,1,1,1,1,1,1,1,1,1
ang20220415t200019-B,ang20220415t200019,ok,,1,1,1,1,1,1,1,1,1,1,1,1,1
ang20220430t181449-A,ang20220430t181449,ok,,1,1,1,1,1,1,1,1,1,1,1,1,1
ang20220430t181449-B,ang20220430t181449,ok,,1,1,1,1,1,1,1,1,1,1,1,1,1
ang20220430t181449-C,ang20220430t181449,ok,,1,1,1,1,1,1,1,1,1,1,1,1,1
ang20220430t183401-A,ang20220430t183401,ok,,1,1,1,1,1,1,1,1,1,1,1,1,1
ang20220430t183401-B,ang20220430t183401,ok,,1,1,1,1,1,1,1,1,1,1,1,1,1
ang20220430t183401-C,ang20220430t183401,ok,,1,1,1,1,1,1,1,1,1,1,1,1,1
ang20220430t183401-D,ang20220430t183401,ok,,1,1,1,1,1,1,1,1,1,1,1,1,1
ang20220430t185129-A,ang20220430t185129,ok,,1,1,1,1,1,1,1,1,1,1,1,1,1
ang20220430t185129-B,ang20220430t185129,ok,,1,1,1,1,1,1,1,1,1,1,1,1,1
ang20220430t185129-C,ang20220430t185129,ok,,1,1,1,1,1,1,1,1,1,1,1,1,1
ang20220430t185129-E,ang20220430t185129,ok,,1,1,1,1,1,1,1,1,1,1,1,1,1
ang20220430t191123-A,ang20220430t191123,ok,,1,1,1,1,1,1,1,1,1,1,1,1,1
ang20220430t191123-C,ang20220430t191123,ok,,1,1,1,1,1,1,1,1,1,1,1,1,1
ang20220430t191123-D,ang20220430t191123,ok,,1,1,1,1,1,1,1,1,1,1,1,1,1
ang20220430t191123-E,ang20220430t191123,ok,,1,1,1,1,1,1,1,1,1,1,1,1,1
ang20220430t192857-A,ang20220430t192857,ok,,1,1,1,1,1,1,1,1,1,1,1,1,1
ang20220430t192857-B,ang20220430t192857,ok,,1,1,1,1,1,1,1,1,1,1,1,1,1
ang20220430t192857-C,ang20220430t192857,ok,,1,1,1,1,1,1,1,1,1,1,1,1,1
ang20220430t192857-D,ang20220430t192857,ok,,1,1,1,1,1,1,1,1,1,1,1,1,1
ang20220430t192857-E,ang20220430t192857,ok,,1,1,1,1,1,1,1,1,1,1,1,1,1
ang20220430t194813-A,ang20220430t194813,ok,,1,1,1,1,1,1,1,1,1,1,1,1,1
ang20220430t194813-B,ang20220430t194813,ok,,1,1,1,1,1,1,1,1,1,1,1,1,1
ang20220430t194813-D,ang20220430t194813,ok,,1,1,1,1,1,1,1,1,1,1,1,1,1
ang20220430t194813-E,ang20220430t194813,ok,,1,1,1,1,1,1,1,1,1,1,1,1,1
ang20220430t194813-F,ang20220430t194813,ok,,1,1,1,1,1,1,1,1,1,1,1,1,1
ang20220430t200454-A,ang20220430t200454,ok,,1,1,1,1,1,1,1,1,1,1,1,1,1
ang20220430t200454-B,ang20220430t200454,ok,,1,1,1,1,1,1,1,1,1,1,1,1,1
ang20220430t200454-C,ang20220430t200454,ok,,1,1,1,1,1,1,1,1,1,1,1,1,1
ang20220430t200454-D,ang20220430t200454,ok,,1,1,1,1,1,1,1,1,1,1,1,1,1
ang20220430t200454-E,ang20220430t200454,ok,,1,1,1,1,1,1,1,1,1,1,1,1,1
ang20220430t202323-A,ang20220430t202323,ok,,1,1,1,1,1,1,1,1,1,1,1,1,1
ang20220430t203934-A,ang20220430t203934,ok,,1,1,1,1,1,1,1,1,1,1,1,1,1
ang20220430t203934-B,ang20220430t203934,ok,,1,1,1,1,1,1,1,1,1,1,1,1,1
ang20220430t203934-C,ang20220430t203934,ok,,1,1,1,1,1,1,1,1,1,1,1,1,1
ang20220430t203934-D,ang20220430t203934,ok,,1,1,1,1,1,1,1,1,1,1,1,1,1
ang20220430t203934-E,ang20220430t203934,ok,,1,1,1,1,1,1,1,1,1,1,1,1,1
ang20220430t205825-A,ang20220430t205825,ok,,1,1,1,1,1,1,1,1,1,1,1,1,1
ang20220430t205825-B,ang20220430t205825,ok,,1,1,1,1,1,1,1,1,1,1,1,1,1
ang20220430t211621-A,ang20220430t211621,ok,,1,1,1,1,1,1,1,1,1,1,1,1,1
ang20220430t211621-B,ang20220430t211621,ok,,1,1,1,1,1,1,1,1,1,1,1,1,1
ang20220520t192245-A,ang20220520t192245,ok,,1,1,1,1,1,1,1,1,1,1,1,1,1
ang20220520t192905-A,ang20220520t192905,ok,,1,1,1,1,1,1,1,1,1,1,1,1,1
ang20220520t192905-B,ang20220520t192905,ok,,1,1,1,1,1,1,1,1,1,1,1,1,1
ang20220520t193549-A,ang20220520t193549,ok,,1,1,1,1,1,1,1,1,1,1,1,1,1
ang20220520t193549-B,ang20220520t193549,ok,,1,1,1,1,1,1,1,1,1,1,1,1,1
ang20220520t193549-D,ang20220520t193549,ok,,1,1,1,1,1,1,1,1,1,1,1,1,1
ang20220520t194728-A,ang20220520t194728,ok,,1,1,1,1,1,1,1,1,1,1,1,1,1
ang20220520t194728-B,ang20220520t194728,ok,,1,1,1,1,1,1,1,1,1,1,1,1,1
ang20220520t194728-C,ang20220520t194728,ok,,1,1,1,1,1,1,1,1,1,1,1,1,1
ang20220520t195513-A,ang20220520t195513,ok,,1,1,1,1,1,1,1,1,1,1,1,1,1
ang20220520t195513-B,ang20220520t195513,ok,,1,1,1,1,1,1,1,1,1,1,1,1,1
ang20220520t195513-C,ang20220520t195513,ok,,1,1,1,1,1,1,1,1,1,1,1,1,1
ang20220520t201527-A,ang20220520t201527,ok,,1,1,1,1,1,1,1,1,1,1,1,1,1
ang20220520t201527-B,ang20220520t201527,ok,,1,1,1,1,1,1,1,1,1,1,1,1,1
ang20220520t201527-C,ang20220520t201527,ok,,1,1,1,1,1,1,1,1,1,1,1,1,1
ang20220520t202701-A,ang20220520t202701,ok,,1,1,1,1,1,1,1,1,1,1,1,1,1
ang20220520t202701-B,ang20220520t202701,ok,,1,1,1,1,1,1,1,1,1,1,1,1,1
ang20220520t202701-C,ang20220520t202701,ok,,1,1,1,1,1,1,1,1,1,1,1,1,1
ang20220520t203154-A,ang20220520t203154,ok,,1,1,1,1,1,1,1,1,1,1,1,1,1
ang20220520t203626-A,ang20220520t203626,ok,,1,1,1,1,1,1,1,1,1,1,1,1,1
ang20220520t204322-A,ang20220520t204322,ok,,1,1,1,1,1,1,1,1,1,1,1,1,1
ang20220520t204740-A,ang20220520t204740,ok,,1,1,1,1,1,1,1,1,1,1,1,1,1
ang20220530t192259-A,ang20220530t192259,ok,,1,1,1,1,1,1,1,1,1,1,1,1,1
ang20220530t201634-A,ang20220530t201634,ok,,1,1,1,1,1,1,1,1,1,1,1,1,1
ang20220530t204330-A,ang20220530t204330,ok,,1,1,1,1,1,1,1,1,1,1,1,1,1
ang20220530t212255-A,ang20220530t212255,ok,,1,1,1,1,1,1,1,1,1,1,1,1,1
ang20220615t170720-A,ang20220615t170720,ok,,1,1,1,1,1,1,1,1,1,1,1,1,1
ang20220615t170720-B,ang20220615t170720,ok,,1,1,1,1,1,1,1,1,1,1,1,1,1
ang20220822t183354-A,ang20220822t183354,ok,,1,1,1,1,1,1,1,1,1,1,1,1,1
ang20220822t184807-A,ang20220822t184807,ok,,1,1,1,1,1,1,1,1,1,1,1,1,1
ang20220822t184807-B,ang20220822t184807,ok,,1,1,1,1,1,1,1,1,1,1,1,1,1
ang20220822t190151-A,ang20220822t190151,ok,,1,1,1,1,1,1,1,1,1,1,1,1,1
ang20220822t190151-B,ang20220822t190151,ok,,1,1,1,1,1,1,1,1,1,1,1,1,1
ang20220822t190151-C,ang20220822t190151,ok,,1,1,1,1,1,1,1,1,1,1,1,1,1
ang20220822t191553-A,ang20220822t191553,ok,,1,1,1,1,1,1,1,1,1,1,1,1,1
ang20220822t191553-B,ang20220822t191553,ok,,1,1,1,1,1,1,1,1,1,1,1,1,1
ang20220822t191553-C,ang20220822t191553,ok,,1,1,1,1,1,1,1,1,1,1,1,1,1
ang20220822t191553-D,ang20220822t191553,ok,,1,1,1,1,1,1,1,1,1,1,1,1,1
ang20220822t193055-A,ang20220822t193055,ok,,1,1,1,1,1,1,1,1,1,1,1,1,1
ang20220927t175402-A,ang20220927t175402,ok,,1,1,1,1,1,1,1,1,1,1,1,1,1
ang20230201t155152-A,ang20230201t155152,ok,,1,1,1,1,1,1,1,1,1,1,1,1,1
ang20230201t160631-A,ang20230201t160631,ok,,1,1,1,1,1,1,1,1,1,1,1,1,1
ang20230201t163242-A,ang20230201t163242,ok,,1,1,1,1,1,1,1,1,1,1,1,1,1
ang20230201t163242-B,ang20230201t163242,ok,,1,1,1,1,1,1,1,1,1,1,1,1,1
ang20230201t164640-A,ang20230201t164640,ok,,1,1,1,1,1,1,1,1,1,1,1,1,1
ang20230201t165511-A,ang20230201t165511,ok,,1,1,1,1,1,1,1,1,1,1,1,1,1
ang20230201t170953-A,ang20230201t170953,ok,,1,1,1,1,1,1,1,1,1,1,1,1,1
ang20230201t171405-A,ang20230201t171405,ok,,1,1,1,1,1,1,1,1,1,1,1,1,1
ang20230201t175747-A,ang20230201t175747,ok,,1,1,1,1,1,1,1,1,1,1,1,1,1
ang20230201t182411-A,ang20230201t182411,ok,,1,1,1,1,1,1,1,1,1,1,1,1,1
ang20230201t182411-B,ang20230201t182411,ok,,1,1,1,1,1,1,1,1,1,1,1,1,1
ang20230201t182411-C,ang20230201t182411,ok,,1,1,1,1,1,1,1,1,1,1,1,1,1
ang20230201t183955-A,ang20230201t183955,ok,,1,1,1,1,1,1,1,1,1,1,1,1,1
ang20230201t184636-A,ang20230201t184636,ok,,1,1,1,1,1,1,1,1,1,1,1,1,1
ang20230201t184636-B,ang20230201t184636,ok,,1,1,1,1,1,1,1,1,1,1,1,1,1
ang20230201t190245-A,ang20230201t190245,ok,,1,1,1,1,1,1,1,1,1,1,1,1,1
ang20230201t190245-B,ang20230201t190245,ok,,1,1,1,1,1,1,1,1,1,1,1,1,1
ang20230201t190850-A,ang20230201t190850,ok,,1,1,1,1,1,1,1,1,1,1,1,1,1
ang20230318t170020-A,ang20230318t170020,ok,,1,1,1,1,1,1,1,1,1,1,1,1,1
ang20230318t170914-A,ang20230318t170914,ok,,1,1,1,1,1,1,1,1,1,1,1,1,1
ang20230318t171710-A,ang20230318t171710,ok,,1,1,1,1,1,1,1,1,1,1,1,1,1
ang20230318t193432-A,ang20230318t193432,ok,,1,1,1,1,1,1,1,1,1,1,1,1,1
ang20230318t193432-B,ang20230318t193432,ok,,1,1,1,1,1,1,1,1,1,1,1,1,1
ang20230318t195013-A,ang20230318t195013,ok,,1,1,1,1,1,1,1,1,1,1,1,1,1
ang20230318t195013-B,ang20230318t195013,ok,,1,1,1,1,1,1,1,1,1,1,1,1,1
av320240829t192337-A,av320240829t192337,ok,,1,1,1,1,1,1,1,1,1,1,1,1,1
av320240829t192337-B,av320240829t192337,ok,,1,1,1,1,1,1,1,1,1,1,1,1,1
av320240829t192337-C,av320240829t192337,ok,,1,1,1,1,1,1,1,1,1,1,1,1,1
av320240829t192337-D,av320240829t192337,ok,,1,1,1,1,1,1,1,1,1,1,1,1,1
av320240829t192337-E,av320240829t192337,ok,,1,1,1,1,1,1,1,1,1,1,1,1,1
av320240829t194938-A,av320240829t194938,ok,,1,1,1,1,1,1,1,1,1,1,1,1,1
av320240829t194938-B,av320240829t194938,ok,,1,1,1,1,1,1,1,1,1,1,1,1,1
av320240829t194938-C,av320240829t194938,ok,,1,1,1,1,1,1,1,1,1,1,1,1,1
av320240829t194938-D,av320240829t194938,ok,,1,1,1,1,1,1,1,1,1,1,1,1,1
av320240829t194938-F,av320240829t194938,ok,,1,1,1,1,1,1,1,1,1,1,1,1,1
av320240829t194938-G,av320240829t194938,ok,,1,1,1,1,1,1,1,1,1,1,1,1,1
av320240829t194938-H,av320240829t194938,ok,,1,1,1,1,1,1,1,1,1,1,1,1,1
av320240829t211158-A,av320240829t211158,ok,,1,1,1,1,1,1,1,1,1,1,1,1,1
av320240829t211158-B,av320240829t211158,ok,,1,1,1,1,1,1,1,1,1,1,1,1,1
av320240829t211158-C,av320240829t211158,ok,,1,1,1,1,1,1,1,1,1,1,1,1,1
av320240829t211158-D,av320240829t211158,ok,,1,1,1,1,1,1,1,1,1,1,1,1,1
av320240829t211158-E,av320240829t211158,ok,,1,1,1,1,1,1,1,1,1,1,1,1,1
av320240829t211158-F,av320240829t211158,ok,,1,1,1,1,1,1,1,1,1,1,1,1,1
av320240829t211158-G,av320240829t211158,ok,,1,1,1,1,1,1,1,1,1,1,1,1,1
av320240924t170727-A,av320240924t170727,ok,,1,1,1,1,1,1,1,1,1,1,1,1,1
av320240924t192412-A,av320240924t192412,ok,,1,1,1,1,1,1,1,1,1,1,1,1,1
av320240924t192412-B,av320240924t192412,ok,,1,1,1,1,1,1,1,1,1,1,1,1,1
av320240924t192412-C,av320240924t192412,ok,,1,1,1,1,1,1,1,1,1,1,1,1,1
av320240924t194318-A,av320240924t194318,ok,,1,1,1,1,1,1,1,1,1,1,1,1,1
av320241008t185527-A,av320241008t185527,ok,,1,1,1,1,1,1,1,1,1,1,1,1,1
av320241008t185527-B,av320241008t185527,ok,,1,1,1,1,1,1,1,1,1,1,1,1,1
av320241008t185527-C,av320241008t185527,ok,,1,1,1,1,1,1,1,1,1,1,1,1,1
av320241008t185527-D,av320241008t185527,ok,,1,1,1,1,1,1,1,1,1,1,1,1,1
av320241014t192514-A,av320241014t192514,ok,,1,1,1,1,1,1,1,1,1,1,1,1,1
av320241014t192514-B,av320241014t192514,ok,,1,1,1,1,1,1,1,1,1,1,1,1,1
av320241014t192514-D,av320241014t192514,ok,,1,1,1,1,1,1,1,1,1,1,1,1,1
av320241014t193616-A,av320241014t193616,ok,,1,1,1,1,1,1,1,1,1,1,1,1,1
av320241014t194057-A,av320241014t194057,ok,,1,1,1,1,1,1,1,1,1,1,1,1,1
av320241014t195236-A,av320241014t195236,ok,,1,1,1,1,1,1,1,1,1,1,1,1,1
av320241014t195236-B,av320241014t195236,ok,,1,1,1,1,1,1,1,1,1,1,1,1,1
av320241014t195236-C,av320241014t195236,ok,,1,1,1,1,1,1,1,1,1,1,1,1,1
av320241014t195236-D,av320241014t195236,ok,,1,1,1,1,1,1,1,1,1,1,1,1,1
av320241023t202453-A,av320241023t202453,ok,,1,1,1,1,1,1,1,1,1,1,1,1,1
av320241023t202453-B,av320241023t202453,ok,,1,1,1,1,1,1,1,1,1,1,1,1,1
av320241023t202453-C,av320241023t202453,ok,,1,1,1,1,1,1,1,1,1,1,1,1,1
av320241023t202453-D,av320241023t202453,ok,,1,1,1,1,1,1,1,1,1,1,1,1,1
av320241023t202453-E,av320241023t202453,ok,,1,1,1,1,1,1,1,1,1,1,1,1,1
av320241023t202453-F,av320241023t202453,ok,,1,1,1,1,1,1,1,1,1,1,1,1,1
av320241023t202453-L,av320241023t202453,ok,,1,1,1,1,1,1,1,1,1,1,1,1,1
av320241029t190655-A,av320241029t190655,ok,,1,1,1,1,1,1,1,1,1,1,1,1,1
av320241029t200939-A,av320241029t200939,ok,,1,1,1,1,1,1,1,1,1,1,1,1,1
av320241029t203128-A,av320241029t203128,ok,,1,1,1,1,1,1,1,1,1,1,1,1,1
av320241029t204504-A,av320241029t204504,ok,,1,1,1,1,1,1,1,1,1,1,1,1,1
av320241029t204504-B,av320241029t204504,ok,,1,1,1,1,1,1,1,1,1,1,1,1,1
av320250109t201915-A,av320250109t201915,ok,,1,1,1,1,1,1,1,1,1,1,1,1,1
av320250109t201915-D,av320250109t201915,ok,,1,1,1,1,1,1,1,1,1,1,1,1,1
av320250109t203204-A,av320250109t203204,ok,,1,1,1,1,1,1,1,1,1,1,1,1,1
av320250109t203204-C,av320250109t203204,ok,,1,1,1,1,1,1,1,1,1,1,1,1,1
av320250109t203204-D,av320250109t203204,ok,,1,1,1,1,1,1,1,1,1,1,1,1,1
av320250109t203204-E,av320250109t203204,ok,,1,1,1,1,1,1,1,1,1,1,1,1,1
av320250109t204312-A,av320250109t204312,ok,,1,1,1,1,1,1,1,1,1,1,1,1,1
av320250109t204312-E,av320250109t204312,ok,,1,1,1,1,1,1,1,1,1,1,1,1,1
av320250109t205535-A,av320250109t205535,ok,,1,1,1,1,1,1,1,1,1,1,1,1,1
av320250109t205535-B,av320250109t205535,ok,,1,1,1,1,1,1,1,1,1,1,1,1,1
av320250109t210610-A,av320250109t210610,ok,,1,1,1,1,1,1,1,1,1,1,1,1,1
av320250109t210610-B,av320250109t210610,ok,,1,1,1,1,1,1,1,1,1,1,1,1,1
av320250109t210610-C,av320250109t210610,ok,,1,1,1,1,1,1,1,1,1,1,1,1,1
av320250109t210610-D,av320250109t210610,ok,,1,1,1,1,1,1,1,1,1,1,1,1,1
av320250109t210610-E,av320250109t210610,ok,,1,1,1,1,1,1,1,1,1,1,1,1,1
av320250109t210610-F,av320250109t210610,ok,,1,1,1,1,1,1,1,1,1,1,1,1,1
av320250109t211902-A,av320250109t211902,ok,,1,1,1,1,1,1,1,1,1,1,1,1,1
av320250109t211902-B,av320250109t211902,ok,,1,1,1,1,1,1,1,1,1,1,1,1,1
av320250109t211902-C,av320250109t211902,ok,,1,1,1,1,1,1,1,1,1,1,1,1,1
av320250109t211902-E,av320250109t211902,ok,,1,1,1,1,1,1,1,1,1,1,1,1,1
av320250109t212855-A,av320250109t212855,ok,,1,1,1,1,1,1,1,1,1,1,1,1,1
av320250109t212855-B,av320250109t212855,ok,,1,1,1,1,1,1,1,1,1,1,1,1,1
av320250109t212855-C,av320250109t212855,ok,,1,1,1,1,1,1,1,1,1,1,1,1,1
av320250109t212855-E,av320250109t212855,ok,,1,1,1,1,1,1,1,1,1,1,1,1,1
av320250109t212855-F,av320250109t212855,ok,,1,1,1,1,1,1,1,1,1,1,1,1,1
av320250109t214158-C,av320250109t214158,ok,,1,1,1,1,1,1,1,1,1,1,1,1,1
av320250116t190058-A,av320250116t190058,ok,,1,1,1,1,1,1,1,1,1,1,1,1,1
av320250116t190058-B,av320250116t190058,ok,,1,1,1,1,1,1,1,1,1,1,1,1,1
av320250116t190058-C,av320250116t190058,ok,,1,1,1,1,1,1,1,1,1,1,1,1,1
av320250116t190058-D,av320250116t190058,ok,,1,1,1,1,1,1,1,1,1,1,1,1,1
av320250116t190058-E,av320250116t190058,ok,,1,1,1,1,1,1,1,1,1,1,1,1,1
av320250116t190058-F,av320250116t190058,ok,,1,1,1,1,1,1,1,1,1,1,1,1,1
av320250116t190058-H,av320250116t190058,ok,,1,1,1,1,1,1,1,1,1,1,1,1,1
av320250116t190058-I,av320250116t190058,ok,,1,1,1,1,1,1,1,1,1,1,1,1,1
av320250723t174230-D,av320250723t174230,ok,,1,1,1,1,1,1,1,1,1,1,1,1,1
av320250723t174230-E,av320250723t174230,ok,,1,1,1,1,1,1,1,1,1,1,1,1,1
av320250723t180200-C,av320250723t180200,ok,,1,1,1,1,1,1,1,1,1,1,1,1,1
av320250724t154338-F,av320250724t154338,ok,,1,1,1,1,1,1,1,1,1,1,1,1,1
av320250724t154338-H,av320250724t154338,ok,,1,1,1,1,1,1,1,1,1,1,1,1,1
av320250724t154338-J,av320250724t154338,ok,,1,1,1,1,1,1,1,1,1,1,1,1,1
av320250724t160634-D,av320250724t160634,ok,,1,1,1,1,1,1,1,1,1,1,1,1,1
av320250724t160634-E,av320250724t160634,ok,,1,1,1,1,1,1,1,1,1,1,1,1,1
av320250724t160634-F,av320250724t160634,ok,,1,1,1,1,1,1,1,1,1,1,1,1,1
av320250803t145851-A,av320250803t145851,ok,,1,1,1,1,1,1,1,1,1,1,1,1,1
av320250803t145851-B,av320250803t145851,ok,,1,1,1,1,1,1,1,1,1,1,1,1,1
av320250803t145851-C,av320250803t145851,ok,,1,1,1,1,1,1,1,1,1,1,1,1,1
av320250803t145851-D,av320250803t145851,ok,,1,1,1,1,1,1,1,1,1,1,1,1,1
av320250803t145851-E,av320250803t145851,ok,,1,1,1,1,1,1,1,1,1,1,1,1,1
av320250803t160107-C,av320250803t160107,ok,,1,1,1,1,1,1,1,1,1,1,1,1,1
av320250803t160107-D,av320250803t160107,ok,,1,1,1,1,1,1,1,1,1,1,1,1,1
av320250803t160107-E,av320250803t160107,ok,,1,1,1,1,1,1,1,1,1,1,1,1,1
av320250803t160107-F,av320250803t160107,ok,,1,1,1,1,1,1,1,1,1,1,1,1,1
av320250803t160107-G,av320250803t160107,ok,,1,1,1,1,1,1,1,1,1,1,1,1,1
av320250803t160107-H,av320250803t160107,ok,,1,1,1,1,1,1,1,1,1,1,1,1,1
av320250803t160107-I,av320250803t160107,ok,,1,1,1,1,1,1,1,1,1,1,1,1,1
av320250803t160107-J,av320250803t160107,ok,,1,1,1,1,1,1,1,1,1,1,1,1,1
av320250803t160107-K,av320250803t160107,ok,,1,1,1,1,1,1,1,1,1,1,1,1,1
av320250803t160107-L,av320250803t160107,ok,,1,1,1,1,1,1,1,1,1,1,1,1,1
av320250916t185638-A,av320250916t185638,ok,,1,1,1,1,1,1,1,1,1,1,1,1,1
av320250916t185638-B,av320250916t185638,ok,,1,1,1,1,1,1,1,1,1,1,1,1,1
av320250916t185638-C,av320250916t185638,ok,,1,1,1,1,1,1,1,1,1,1,1,1,1
av320250916t190800-A,av320250916t190800,ok,,1,1,1,1,1,1,1,1,1,1,1,1,1
av320250916t190800-B,av320250916t190800,ok,,1,1,1,1,1,1,1,1,1,1,1,1,1
av320250916t190800-E,av320250916t190800,ok,,1,1,1,1,1,1,1,1,1,1,1,1,1
av320250916t190800-F,av320250916t190800,ok,,1,1,1,1,1,1,1,1,1,1,1,1,1
av320250916t191936-A,av320250916t191936,ok,,1,1,1,1,1,1,1,1,1,1,1,1,1
av320250916t191936-B,av320250916t191936,ok,,1,1,1,1,1,1,1,1,1,1,1,1,1
av320250916t193037-A,av320250916t193037,ok,,1,1,1,1,1,1,1,1,1,1,1,1,1
av320250916t193037-B,av320250916t193037,ok,,1,1,1,1,1,1,1,1,1,1,1,1,1
av320250916t193037-F,av320250916t193037,ok,,1,1,1,1,1,1,1,1,1,1,1,1,1
av320250916t193037-G,av320250916t193037,ok,,1,1,1,1,1,1,1,1,1,1,1,1,1
av320250916t193037-H,av320250916t193037,ok,,1,1,1,1,1,1,1,1,1,1,1,1,1
av320250916t193037-I,av320250916t193037,ok,,1,1,1,1,1,1,1,1,1,1,1,1,1
av320250916t193037-J,av320250916t193037,ok,,1,1,1,1,1,1,1,1,1,1,1,1,1
av320250916t194141-A,av320250916t194141,ok,,1,1,1,1,1,1,1,1,1,1,1,1,1
av320250916t194141-B,av320250916t194141,ok,,1,1,1,1,1,1,1,1,1,1,1,1,1
av320250916t195249-C,av320250916t195249,ok,,1,1,1,1,1,1,1,1,1,1,1,1,1
av320250916t195249-E,av320250916t195249,ok,,1,1,1,1,1,1,1,1,1,1,1,1,1
av320250916t195249-F,av320250916t195249,ok,,1,1,1,1,1,1,1,1,1,1,1,1,1
av320250916t195249-G,av320250916t195249,ok,,1,1,1,1,1,1,1,1,1,1,1,1,1
av320250916t195249-H,av320250916t195249,ok,,1,1,1,1,1,1,1,1,1,1,1,1,1
av320250916t195249-I,av320250916t195249,ok,,1,1,1,1,1,1,1,1,1,1,1,1,1
av320250916t195249-J,av320250916t195249,ok,,1,1,1,1,1,1,1,1,1,1,1,1,1
av320250916t195249-K,av320250916t195249,ok,,1,1,1,1,1,1,1,1,1,1,1,1,1
av320250916t195249-L,av320250916t195249,ok,,1,1,1,1,1,1,1,1,1,1,1,1,1
av320250916t195249-N,av320250916t195249,ok,,1,1,1,1,1,1,1,1,1,1,1,1,1
av320250916t200346-A,av320250916t200346,ok,,1,1,1,1,1,1,1,1,1,1,1,1,1
av320250916t200346-B,av320250916t200346,ok,,1,1,1,1,1,1,1,1,1,1,1,1,1
av320250916t200346-D,av320250916t200346,ok,,1,1,1,1,1,1,1,1,1,1,1,1,1
av320250916t201439-A,av320250916t201439,ok,,1,1,1,1,1,1,1,1,1,1,1,1,1
av320250916t201439-B,av320250916t201439,ok,,1,1,1,1,1,1,1,1,1,1,1,1,1
av320250916t201439-D,av320250916t201439,ok,,1,1,1,1,1,1,1,1,1,1,1,1,1
av320250916t201439-E,av320250916t201439,ok,,1,1,1,1,1,1,1,1,1,1,1,1,1
av320250916t201439-H,av320250916t201439,ok,,1,1,1,1,1,1,1,1,1,1,1,1,1
av320250916t201439-I,av320250916t201439,ok,,1,1,1,1,1,1,1,1,1,1,1,1,1
av320250916t201439-J,av320250916t201439,ok,,1,1,1,1,1,1,1,1,1,1,1,1,1
av320250916t202535-B,av320250916t202535,ok,,1,1,1,1,1,1,1,1,1,1,1,1,1
av320250916t202535-C,av320250916t202535,ok,,1,1,1,1,1,1,1,1,1,1,1,1,1
av320250916t202535-D,av320250916t202535,ok,,1,1,1,1,1,1,1,1,1,1,1,1,1
av320250916t202535-E,av320250916t202535,ok,,1,1,1,1,1,1,1,1,1,1,1,1,1
av320250916t202535-F,av320250916t202535,ok,,1,1,1,1,1,1,1,1,1,1,1,1,1
av320250916t202535-G,av320250916t202535,ok,,1,1,1,1,1,1,1,1,1,1,1,1,1
av320250916t203628-B,av320250916t203628,ok,,1,1,1,1,1,1,1,1,1,1,1,1,1
av320250916t203628-C,av320250916t203628,ok,,1,1,1,1,1,1,1,1,1,1,1,1,1
av320250916t203628-D,av320250916t203628,ok,,1,1,1,1,1,1,1,1,1,1,1,1,1
av320250916t203628-E,av320250916t203628,ok,,1,1,1,1,1,1,1,1,1,1,1,1,1
av320250916t203628-G,av320250916t203628,ok,,1,1,1,1,1,1,1,1,1,1,1,1,1
av320250916t204734-A,av320250916t204734,ok,,1,1,1,1,1,1,1,1,1,1,1,1,1
av320250916t204734-B,av320250916t204734,ok,,1,1,1,1,1,1,1,1,1,1,1,1,1
av320250916t204734-C,av320250916t204734,ok,,1,1,1,1,1,1,1,1,1,1,1,1,1
av320250916t204734-D,av320250916t204734,ok,,1,1,1,1,1,1,1,1,1,1,1,1,1
av320250916t204734-E,av320250916t204734,ok,,1,1,1,1,1,1,1,1,1,1,1,1,1
av320250916t204734-G,av320250916t204734,ok,,1,1,1,1,1,1,1,1,1,1,1,1,1
av320250916t205827-B,av320250916t205827,ok,,1,1,1,1,1,1,1,1,1,1,1,1,1
av320250916t205827-C,av320250916t205827,ok,,1,1,1,1,1,1,1,1,1,1,1,1,1
av320250916t205827-D,av320250916t205827,ok,,1,1,1,1,1,1,1,1,1,1,1,1,1
av320250916t205827-E,av320250916t205827,ok,,1,1,1,1,1,1,1,1,1,1,1,1,1
av320250916t205827-F,av320250916t205827,ok,,1,1,1,1,1,1,1,1,1,1,1,1,1
av320250916t205827-I,av320250916t205827,ok,,1,1,1,1,1,1,1,1,1,1,1,1,1
av320250916t205827-J,av320250916t205827,ok,,1,1,1,1,1,1,1,1,1,1,1,1,1
av320250916t205827-K,av320250916t205827,ok,,1,1,1,1,1,1,1,1,1,1,1,1,1
av320250916t205827-M,av320250916t205827,ok,,1,1,1,1,1,1,1,1,1,1,1,1,1
av320250916t212212-A,av320250916t212212,ok,,1,1,1,1,1,1,1,1,1,1,1,1,1
av320250916t212212-B,av320250916t212212,ok,,1,1,1,1,1,1,1,1,1,1,1,1,1
av320250916t212212-C,av320250916t212212,ok,,1,1,1,1,1,1,1,1,1,1,1,1,1
av320250916t212212-D,av320250916t212212,ok,,1,1,1,1,1,1,1,1,1,1,1,1,1
av320250916t212212-E,av320250916t212212,ok,,1,1,1,1,1,1,1,1,1,1,1,1,1
emi20220818t083506p06021-A,emi20220818t083506p06021,ok,,1,1,1,1,1,1,1,1,1,1,1,1,1
emi20220820t083324p06013-A,emi20220820t083324p06013,ok,,1,1,1,1,1,1,1,1,1,1,1,1,1
emi20220821t074307p05011-A,emi20220821t074307p05011,ok,,1,1,1,1,1,1,1,1,1,1,1,1,1
emi20220822t100653p07004-A,emi20220822t100653p07004,ok,,1,1,1,1,1,1,1,1,1,1,1,1,1
emi20220901t034652p03009-B,emi20220901t034652p03009,ok,,1,1,1,1,1,1,1,1,1,1,1,1,1
emi20230113t211248p13003-A,emi20230113t211248p13003,ok,,1,1,1,1,1,1,1,1,1,1,1,1,1
emi20230119t040223p02019-B,emi20230119t040223p02019,ok,,1,1,1,1,1,1,1,1,1,1,1,1,1
emi20230122t153151p10042-A,emi20230122t153151p10042,ok,,1,1,1,1,1,1,1,1,1,1,1,1,1
emi20230122t153151p10042-C,emi20230122t153151p10042,ok,,1,1,1,1,1,1,1,1,1,1,1,1,1
emi20230122t153151p10042-D,emi20230122t153151p10042,ok,,1,1,1,1,1,1,1,1,1,1,1,1,1
emi20230202t193758p13011-B,emi20230202t193758p13011,ok,,1,1,1,1,1,1,1,1,1,1,1,1,1
emi20230202t193821p13013-A,emi20230202t193821p13013,ok,,1,1,1,1,1,1,1,1,1,1,1,1,1
emi20230216t133626p09013-A,emi20230216t133626p09013,ok,,1,1,1,1,1,1,1,1,1,1,1,1,1
emi20230216t133626p09013-B,emi20230216t133626p09013,ok,,1,1,1,1,1,1,1,1,1,1,1,1,1
emi20230216t133626p09013-C,emi20230216t133626p09013,ok,,1,1,1,1,1,1,1,1,1,1,1,1,1
emi20230216t133626p09013-D,emi20230216t133626p09013,ok,,1,1,1,1,1,1,1,1,1,1,1,1,1
emi20230218t085739p06038-A,emi20230218t085739p06038,ok,,1,1,1,1,1,1,1,1,1,1,1,1,1
emi20230218t120210p08005-A,emi20230218t120210p08005,ok,,1,1,1,1,1,1,1,1,1,1,1,1,1
emi20230218t120210p08005-B,emi20230218t120210p08005,ok,,1,1,1,1,1,1,1,1,1,1,1,1,1
emi20230218t120210p08005-C,emi20230218t120210p08005,ok,,1,1,1,1,1,1,1,1,1,1,1,1,1
emi20230219t093943p06010-A,emi20230219t093943p06010,ok,,1,1,1,1,1,1,1,1,1,1,1,1,1
emi20230220t103220p07029-A,emi20230220t103220p07029,ok,,1,1,1,1,1,1,1,1,1,1,1,1,1
emi20230220t103220p07029-B,emi20230220t103220p07029,ok,,1,1,1,1,1,1,1,1,1,1,1,1,1
emi20230220t103220p07029-C,emi20230220t103220p07029,ok,,1,1,1,1,1,1,1,1,1,1,1,1,1
emi20230224t181417p12035-B,emi20230224t181417p12035,ok,,1,1,1,1,1,1,1,1,1,1,1,1,1
emi20230224t181417p12035-C,emi20230224t181417p12035,ok,,1,1,1,1,1,1,1,1,1,1,1,1,1
emi20230224t181417p12035-D,emi20230224t181417p12035,ok,,1,1,1,1,1,1,1,1,1,1,1,1,1
emi20230224t181429p12036-A,emi20230224t181429p12036,ok,,1,1,1,1,1,1,1,1,1,1,1,1,1
emi20230224t181429p12036-B,emi20230224t181429p12036,ok,,1,1,1,1,1,1,1,1,1,1,1,1,1
emi20230224t181429p12036-C,emi20230224t181429p12036,ok,,1,1,1,1,1,1,1,1,1,1,1,1,1
emi20230224t181429p12036-D,emi20230224t181429p12036,ok,,1,1,1,1,1,1,1,1,1,1,1,1,1
emi20230224t181441p12037-A,emi20230224t181441p12037,ok,,1,1,1,1,1,1,1,1,1,1,1,1,1
emi20230227t172227p11010-A,emi20230227t172227p11010,ok,,1,1,1,1,1,1,1,1,1,1,1,1,1
emi20230228t163504p11003-B,emi20230228t163504p11003,ok,,1,1,1,1,1,1,1,1,1,1,1,1,1
emi20230304t151646p10011-A,emi20230304t151646p10011,ok,,1,1,1,1,1,1,1,1,1,1,1,1,1
emi20230325t134135p09034-A,emi20230325t134135p09034,ok,,1,1,1,1,1,1,1,1,1,1,1,1,1
emi20230326t142844p10039-A,emi20230326t142844p10039,ok,,1,1,1,1,1,1,1,1,1,1,1,1,1
emi20230326t142844p10039-B,emi20230326t142844p10039,ok,,1,1,1,1,1,1,1,1,1,1,1,1,1
emi20230326t142844p10039-C,emi20230326t142844p10039,ok,,1,1,1,1,1,1,1,1,1,1,1,1,1
emi20230326t142844p10039-D,emi20230326t142844p10039,ok,,1,1,1,1,1,1,1,1,1,1,1,1,1
emi20230326t142844p10039-E,emi20230326t142844p10039,ok,,1,1,1,1,1,1,1,1,1,1,1,1,1
emi20230326t221358p15011-A,emi20230326t221358p15011,ok,,1,1,1,1,1,1,1,1,1,1,1,1,1
emi20230327t120858p08041-A,emi20230327t120858p08041,ok,,1,1,1,1,1,1,1,1,1,1,1,1,1
emi20230327t120957p08046-A,emi20230327t120957p08046,ok,,1,1,1,1,1,1,1,1,1,1,1,1,1
emi20230327t134208p09041-B,emi20230327t134208p09041,ok,,1,1,1,1,1,1,1,1,1,1,1,1,1
emi20230329t090432p06027-A,emi20230329t090432p06027,ok,,1,1,1,1,1,1,1,1,1,1,1,1,1
emi20230329t103702p07047-A,emi20230329t103702p07047,ok,,1,1,1,1,1,1,1,1,1,1,1,1,1
emi20230330t094934p07041-A,emi20230330t094934p07041,ok,,1,1,1,1,1,1,1,1,1,1,1,1,1
emi20230330t094958p07043-A,emi20230330t094958p07043,ok,,1,1,1,1,1,1,1,1,1,1,1,1,1
emi20230403t081219p06030-A,emi20230403t081219p06030,ok,,1,1,1,1,1,1,1,1,1,1,1,1,1
emi20230404t073049p05048-A,emi20230404t073049p05048,ok,,1,1,1,1,1,1,1,1,1,1,1,1,1
emi20230404t085844p06039-A,emi20230404t085844p06039,ok,,1,1,1,1,1,1,1,1,1,1,1,1,1
emi20230404t085908p06041-A,emi20230404t085908p06041,ok,,1,1,1,1,1,1,1,1,1,1,1,1,1
emi20230404t090341p06057-A,emi20230404t090341p06057,ok,,1,1,1,1,1,1,1,1,1,1,1,1,1
emi20230405t081246p06042-A,emi20230405t081246p06042,ok,,1,1,1,1,1,1,1,1,1,1,1,1,1
emi20230405t190335p13004-A,emi20230405t190335p13004,ok,,1,1,1,1,1,1,1,1,1,1,1,1,1
emi20230405t190335p13004-B,emi20230405t190335p13004,ok,,1,1,1,1,1,1,1,1,1,1,1,1,1
emi20230418t135016p09002-A,emi20230418t135016p09002,ok,,1,1,1,1,1,1,1,1,1,1,1,1,1
emi20230419t130650p09015-A,emi20230419t130650p09015,ok,,1,1,1,1,1,1,1,1,1,1,1,1,1
emi20230420t073554p05021-A,emi20230420t073554p05021,ok,,1,1,1,1,1,1,1,1,1,1,1,1,1
emi20230423t064655p05023-A,emi20230423t064655p05023,ok,,1,1,1,1,1,1,1,1,1,1,1,1,1
emi20230424t090806p06011-A,emi20230424t090806p06011,ok,,1,1,1,1,1,1,1,1,1,1,1,1,1
emi20230424t090818p06012-A,emi20230424t090818p06012,ok,,1,1,1,1,1,1,1,1,1,1,1,1,1
emi20230424t182533p12027-A,emi20230424t182533p12027,ok,,1,1,1,1,1,1,1,1,1,1,1,1,1
emi20230424t182545p12028-B,emi20230424t182545p12028,ok,,1,1,1,1,1,1,1,1,1,1,1,1,1
emi20230424t182545p12028-F,emi20230424t182545p12028,ok,,1,1,1,1,1,1,1,1,1,1,1,1,1
emi20230424t182545p12028-G,emi20230424t182545p12028,ok,,1,1,1,1,1,1,1,1,1,1,1,1,1
emi20230426t073316p05015-B,emi20230426t073316p05015,ok,,1,1,1,1,1,1,1,1,1,1,1,1,1
emi20230430t153101p10003-A,emi20230430t153101p10003,ok,,1,1,1,1,1,1,1,1,1,1,1,1,1
emi20230430t153101p10003-B,emi20230430t153101p10003,ok,,1,1,1,1,1,1,1,1,1,1,1,1,1
emi20230527t133235p09034-A,emi20230527t133235p09034,ok,,1,1,1,1,1,1,1,1,1,1,1,1,1
emi20230527t133235p09034-B,emi20230527t133235p09034,ok,,1,1,1,1,1,1,1,1,1,1,1,1,1
emi20230529t194429p13006-A,emi20230529t194429p13006,ok,,1,1,1,1,1,1,1,1,1,1,1,1,1
emi20230531t102316p07043-A,emi20230531t102316p07043,ok,,1,1,1,1,1,1,1,1,1,1,1,1,1
emi20230603t075731p06021-A,emi20230603t075731p06021,ok,,1,1,1,1,1,1,1,1,1,1,1,1,1
emi20230603t080204p06040-A,emi20230603t080204p06040,ok,,1,1,1,1,1,1,1,1,1,1,1,1,1
emi20230606t180224p12017-A,emi20230606t180224p12017,ok,,1,1,1,1,1,1,1,1,1,1,1,1,1
emi20230606t180224p12017-B,emi20230606t180224p12017,ok,,1,1,1,1,1,1,1,1,1,1,1,1,1
emi20230606t180236p12018-A,emi20230606t180236p12018,ok,,1,1,1,1,1,1,1,1,1,1,1,1,1
emi20230606t180236p12018-B,emi20230606t180236p12018,ok,,1,1,1,1,1,1,1,1,1,1,1,1,1
emi20230613t111348p07023-A,emi20230613t111348p07023,ok,,1,1,1,1,1,1,1,1,1,1,1,1,1
emi20230613t111348p07023-B,emi20230613t111348p07023,ok,,1,1,1,1,1,1,1,1,1,1,1,1,1
emi20230613t111348p07023-C,emi20230613t111348p07023,ok,,1,1,1,1,1,1,1,1,1,1,1,1,1
emi20230613t111348p07023-D,emi20230613t111348p07023,ok,,1,1,1,1,1,1,1,1,1,1,1,1,1
emi20230613t111348p07023-E,emi20230613t111348p07023,ok,,1,1,1,1,1,1,1,1,1,1,1,1,1
emi20230613t111348p07023-F,emi20230613t111348p07023,ok,,1,1,1,1,1,1,1,1,1,1,1,1,1
emi20230613t111348p07023-G,emi20230613t111348p07023,ok,,1,1,1,1,1,1,1,1,1,1,1,1,1
emi20230613t111348p07023-H,emi20230613t111348p07023,ok,,1,1,1,1,1,1,1,1,1,1,1,1,1
emi20230613t111348p07023-I,emi20230613t111348p07023,ok,,1,1,1,1,1,1,1,1,1,1,1,1,1
emi20230617t110818p07015-A,emi20230617t110818p07015,ok,,1,1,1,1,1,1,1,1,1,1,1,1,1
emi20230617t110830p07016-A,emi20230617t110830p07016,ok,,1,1,1,1,1,1,1,1,1,1,1,1,1
emi20230620t102232p07029-C,emi20230620t102232p07029,ok,,1,1,1,1,1,1,1,1,1,1,1,1,1
emi20230620t193644p13023-A,emi20230620t193644p13023,ok,,1,1,1,1,1,1,1,1,1,1,1,1,1
emi20230621t045119p03027-A,emi20230621t045119p03027,ok,,1,1,1,1,1,1,1,1,1,1,1,1,1
emi20230622t115002p08008-A,emi20230622t115002p08008,ok,,1,1,1,1,1,1,1,1,1,1,1,1,1
emi20230622t115014p08009-A,emi20230622t115014p08009,ok,,1,1,1,1,1,1,1,1,1,1,1,1,1
emi20230623t093007p06012-A,emi20230623t093007p06012,ok,,1,1,1,1,1,1,1,1,1,1,1,1,1
emi20230623t093007p06012-C,emi20230623t093007p06012,ok,,1,1,1,1,1,1,1,1,1,1,1,1,1
emi20230623t093007p06012-D,emi20230623t093007p06012,ok,,1,1,1,1,1,1,1,1,1,1,1,1,1
emi20230623t093007p06012-E,emi20230623t093007p06012,ok,,1,1,1,1,1,1,1,1,1,1,1,1,1
emi20230625t124843p08031-A,emi20230625t124843p08031,ok,,1,1,1,1,1,1,1,1,1,1,1,1,1
emi20230629t013516p01007-A,emi20230629t013516p01007,ok,,1,1,1,1,1,1,1,1,1,1,1,1,1
emi20230629t044101p03007-C,emi20230629t044101p03007,ok,,1,1,1,1,1,1,1,1,1,1,1,1,1
emi20230725t113927p08036-A,emi20230725t113927p08036,ok,,1,1,1,1,1,1,1,1,1,1,1,1,1
emi20230725t113927p08036-B,emi20230725t113927p08036,ok,,1,1,1,1,1,1,1,1,1,1,1,1,1
emi20230725t113927p08036-C,emi20230725t113927p08036,ok,,1,1,1,1,1,1,1,1,1,1,1,1,1
emi20230726t122427p08038-A,emi20230726t122427p08038,ok,,1,1,1,1,1,1,1,1,1,1,1,1,1
emi20230726t135714p09036-A,emi20230726t135714p09036,ok,,1,1,1,1,1,1,1,1,1,1,1,1,1
emi20230726t135714p09036-B,emi20230726t135714p09036,ok,,1,1,1,1,1,1,1,1,1,1,1,1,1
emi20230731t130804p09016-A,emi20230731t130804p09016,ok,,1,1,1,1,1,1,1,1,1,1,1,1,1
emi20230801t091648p06042-A,emi20230801t091648p06042,ok,,1,1,1,1,1,1,1,1,1,1,1,1,1
emi20230801t091648p06042-D,emi20230801t091648p06042,ok,,1,1,1,1,1,1,1,1,1,1,1,1,1
emi20230802t082953p06048-A,emi20230802t082953p06048,ok,,1,1,1,1,1,1,1,1,1,1,1,1,1
emi20230802t113411p08048-A,emi20230802t113411p08048,ok,,1,1,1,1,1,1,1,1,1,1,1,1,1
emi20230802t113411p08048-C,emi20230802t113411p08048,ok,,1,1,1,1,1,1,1,1,1,1,1,1,1
emi20230803t073749p05020-A,emi20230803t073749p05020,ok,,1,1,1,1,1,1,1,1,1,1,1,1,1
emi20230804t174129p12015-B,emi20230804t174129p12015,ok,,1,1,1,1,1,1,1,1,1,1,1,1,1
emi20230804t174129p12015-C,emi20230804t174129p12015,ok,,1,1,1,1,1,1,1,1,1,1,1,1,1
emi20230804t174129p12015-D,emi20230804t174129p12015,ok,,1,1,1,1,1,1,1,1,1,1,1,1,1
emi20230804t174141p12016-A,emi20230804t174141p12016,ok,,1,1,1,1,1,1,1,1,1,1,1,1,1
emi20230804t174141p12016-B,emi20230804t174141p12016,ok,,1,1,1,1,1,1,1,1,1,1,1,1,1
emi20230804t174141p12016-C,emi20230804t174141p12016,ok,,1,1,1,1,1,1,1,1,1,1,1,1,1
emi20230805t074037p05052-A,emi20230805t074037p05052,ok,,1,1,1,1,1,1,1,1,1,1,1,1,1
emi20230807t182732p12005-A,emi20230807t182732p12005,ok,,1,1,1,1,1,1,1,1,1,1,1,1,1
emi20230807t182744p12006-A,emi20230807t182744p12006,ok,,1,1,1,1,1,1,1,1,1,1,1,1,1
emi20230809t060337p04027-A,emi20230809t060337p04027,ok,,1,1,1,1,1,1,1,1,1,1,1,1,1
emi20230809t060349p04028-A,emi20230809t060349p04028,ok,,1,1,1,1,1,1,1,1,1,1,1,1,1
emi20230810t051552p04016-A,emi20230810t051552p04016,ok,,1,1,1,1,1,1,1,1,1,1,1,1,1
emi20230814t101054p07030-A,emi20230814t101054p07030,ok,,1,1,1,1,1,1,1,1,1,1,1,1,1
emi20230814t101054p07030-B,emi20230814t101054p07030,ok,,1,1,1,1,1,1,1,1,1,1,1,1,1
emi20230814t101106p07031-A,emi20230814t101106p07031,ok,,1,1,1,1,1,1,1,1,1,1,1,1,1
emi20230814t101117p07032-A,emi20230814t101117p07032,ok,,1,1,1,1,1,1,1,1,1,1,1,1,1
emi20230814t101117p07032-B,emi20230814t101117p07032,ok,,1,1,1,1,1,1,1,1,1,1,1,1,1
emi20230814t145126p10005-A,emi20230814t145126p10005,ok,,1,1,1,1,1,1,1,1,1,1,1,1,1
emi20230816t101050p07012-A,emi20230816t101050p07012,ok,,1,1,1,1,1,1,1,1,1,1,1,1,1
emi20230816t101050p07012-B,emi20230816t101050p07012,ok,,1,1,1,1,1,1,1,1,1,1,1,1,1
emi20230816t101050p07012-C,emi20230816t101050p07012,ok,,1,1,1,1,1,1,1,1,1,1,1,1,1
emi20230816t101050p07012-D,emi20230816t101050p07012,ok,,1,1,1,1,1,1,1,1,1,1,1,1,1
emi20230816t101050p07012-E,emi20230816t101050p07012,ok,,1,1,1,1,1,1,1,1,1,1,1,1,1
emi20230816t101050p07012-F,emi20230816t101050p07012,ok,,1,1,1,1,1,1,1,1,1,1,1,1,1
emi20230816t101050p07012-G,emi20230816t101050p07012,ok,,1,1,1,1,1,1,1,1,1,1,1,1,1
emi20230817t061031p04006-B,emi20230817t061031p04006,ok,,1,1,1,1,1,1,1,1,1,1,1,1,1
emi20230817t092416p06022-A,emi20230817t092416p06022,ok,,1,1,1,1,1,1,1,1,1,1,1,1,1
emi20230817t201510p13010-B,emi20230817t201510p13010,ok,,1,1,1,1,1,1,1,1,1,1,1,1,1
emi20230818t114559p08011-A,emi20230818t114559p08011,ok,,1,1,1,1,1,1,1,1,1,1,1,1,1
emi20230820t114246p08007-A,emi20230820t114246p08007,ok,,1,1,1,1,1,1,1,1,1,1,1,1,1
emi20230821t184129p12011-B,emi20230821t184129p12011,ok,,1,1,1,1,1,1,1,1,1,1,1,1,1
emi20230821t184129p12011-C,emi20230821t184129p12011,ok,,1,1,1,1,1,1,1,1,1,1,1,1,1
emi20230822t070125p05020-A,emi20230822t070125p05020,ok,,1,1,1,1,1,1,1,1,1,1,1,1,1
emi20230822t070125p05020-B,emi20230822t070125p05020,ok,,1,1,1,1,1,1,1,1,1,1,1,1,1
emi20230822t114434p08016-A,emi20230822t114434p08016,ok,,1,1,1,1,1,1,1,1,1,1,1,1,1
emi20230822t114434p08016-B,emi20230822t114434p08016,ok,,1,1,1,1,1,1,1,1,1,1,1,1,1
emi20230824t083907p06023-B,emi20230824t083907p06023,ok,,1,1,1,1,1,1,1,1,1,1,1,1,1
emi20230824t083931p06025-A,emi20230824t083931p06025,ok,,1,1,1,1,1,1,1,1,1,1,1,1,1
emi20230824t175337p12023-A,emi20230824t175337p12023,ok,,1,1,1,1,1,1,1,1,1,1,1,1,1
emi20230824t175337p12023-B,emi20230824t175337p12023,ok,,1,1,1,1,1,1,1,1,1,1,1,1,1
emi20230824t175337p12023-C,emi20230824t175337p12023,ok,,1,1,1,1,1,1,1,1,1,1,1,1,1
emi20230824t175337p12023-D,emi20230824t175337p12023,ok,,1,1,1,1,1,1,1,1,1,1,1,1,1
emi20230824t175337p12023-E,emi20230824t175337p12023,ok,,1,1,1,1,1,1,1,1,1,1,1,1,1
emi20230824t175337p12023-F,emi20230824t175337p12023,ok,,1,1,1,1,1,1,1,1,1,1,1,1,1
emi20230824t175349p12024-A,emi20230824t175349p12024,ok,,1,1,1,1,1,1,1,1,1,1,1,1,1
emi20230824t175349p12024-B,emi20230824t175349p12024,ok,,1,1,1,1,1,1,1,1,1,1,1,1,1
emi20230824t175349p12024-C,emi20230824t175349p12024,ok,,1,1,1,1,1,1,1,1,1,1,1,1,1
emi20230824t175349p12024-D,emi20230824t175349p12024,ok,,1,1,1,1,1,1,1,1,1,1,1,1,1
emi20230915t042628p02007-A,emi20230915t042628p02007,ok,,1,1,1,1,1,1,1,1,1,1,1,1,1
emi20230915t042628p02007-B,emi20230915t042628p02007,ok,,1,1,1,1,1,1,1,1,1,1,1,1,1
emi20230923t214649p14012-A,emi20230923t214649p14012,ok,,1,1,1,1,1,1,1,1,1,1,1,1,1
emi20230924t131430p09034-A,emi20230924t131430p09034,ok,,1,1,1,1,1,1,1,1,1,1,1,1,1
emi20230924t223316p15002-A,emi20230924t223316p15002,ok,,1,1,1,1,1,1,1,1,1,1,1,1,1
emi20230926t114119p08039-A,emi20230926t114119p08039,ok,,1,1,1,1,1,1,1,1,1,1,1,1,1
emi20230926t114119p08039-B,emi20230926t114119p08039,ok,,1,1,1,1,1,1,1,1,1,1,1,1,1
emi20230926t114131p08040-A,emi20230926t114131p08040,ok,,1,1,1,1,1,1,1,1,1,1,1,1,1
emi20230926t114143p08041-A,emi20230926t114143p08041,ok,,1,1,1,1,1,1,1,1,1,1,1,1,1
emi20230926t114143p08041-B,emi20230926t114143p08041,ok,,1,1,1,1,1,1,1,1,1,1,1,1,1
emi20230929t092159p06042-A,emi20230929t092159p06042,ok,,1,1,1,1,1,1,1,1,1,1,1,1,1
emi20230929t122534p08039-A,emi20230929t122534p08039,ok,,1,1,1,1,1,1,1,1,1,1,1,1,1
emi20230929t122534p08039-B,emi20230929t122534p08039,ok,,1,1,1,1,1,1,1,1,1,1,1,1,1
emi20230929t122534p08039-C,emi20230929t122534p08039,ok,,1,1,1,1,1,1,1,1,1,1,1,1,1
emi20231002t113907p08046-A,emi20231002t113907p08046,ok,,1,1,1,1,1,1,1,1,1,1,1,1,1
emi20231003t074203p05022-A,emi20231003t074203p05022,ok,,1,1,1,1,1,1,1,1,1,1,1,1,1
emi20231003t074752p05047-A,emi20231003t074752p05047,ok,,1,1,1,1,1,1,1,1,1,1,1,1,1
emi20231010t052236p04020-A,emi20231010t052236p04020,ok,,1,1,1,1,1,1,1,1,1,1,1,1,1
emi20231014t210538p14012-A,emi20231014t210538p14012,ok,,1,1,1,1,1,1,1,1,1,1,1,1,1
emi20231015t092458p06011-A,emi20231015t092458p06011,ok,,1,1,1,1,1,1,1,1,1,1,1,1,1
emi20231015t092740p06023-A,emi20231015t092740p06023,ok,,1,1,1,1,1,1,1,1,1,1,1,1,1
emi20231015t215309p14017-A,emi20231015t215309p14017,ok,,1,1,1,1,1,1,1,1,1,1,1,1,1
emi20231016t114853p08016-A,emi20231016t114853p08016,ok,,1,1,1,1,1,1,1,1,1,1,1,1,1
emi20231016t210605p14026-C,emi20231016t210605p14026,ok,,1,1,1,1,1,1,1,1,1,1,1,1,1
emi20231021t061506p04015-A,emi20231021t061506p04015,ok,,1,1,1,1,1,1,1,1,1,1,1,1,1
emi20231022t083633p06005-A,emi20231022t083633p06005,ok,,1,1,1,1,1,1,1,1,1,1,1,1,1
emi20231022t101151p07011-A,emi20231022t101151p07011,ok,,1,1,1,1,1,1,1,1,1,1,1,1,1
emi20231022t101203p07012-A,emi20231022t101203p07012,ok,,1,1,1,1,1,1,1,1,1,1,1,1,1
emi20231022t101203p07012-B,emi20231022t101203p07012,ok,,1,1,1,1,1,1,1,1,1,1,1,1,1
emi20231127t201249p13015-C,emi20231127t201249p13015,ok,,1,1,1,1,1,1,1,1,1,1,1,1,1
emi20231130t100700p07045-A,emi20231130t100700p07045,ok,,1,1,1,1,1,1,1,1,1,1,1,1,1
emi20231201t091939p06040-A,emi20231201t091939p06040,ok,,1,1,1,1,1,1,1,1,1,1,1,1,1
emi20231202t083256p06041-A,emi20231202t083256p06041,ok,,1,1,1,1,1,1,1,1,1,1,1,1,1
emi20231202t083256p06041-B,emi20231202t083256p06041,ok,,1,1,1,1,1,1,1,1,1,1,1,1,1
emi20231222t035001p03002-C,emi20231222t035001p03002,ok,,1,1,1,1,1,1,1,1,1,1,1,1,1
emi20231224t174522p12005-A,emi20231224t174522p12005,ok,,1,1,1,1,1,1,1,1,1,1,1,1,1
emi20231225t043719p03009-A,emi20231225t043719p03009,ok,,1,1,1,1,1,1,1,1,1,1,1,1,1
emi20240122t154754p10008-A,emi20240122t154754p10008,ok,,1,1,1,1,1,1,1,1,1,1,1,1,1
emi20240125t134923p09005-A,emi20240125t134923p09005,ok,,1,1,1,1,1,1,1,1,1,1,1,1,1
emi20240127t164546p11002-A,emi20240127t164546p11002,ok,,1,1,1,1,1,1,1,1,1,1,1,1,1
emi20240128t191103p13006-A,emi20240128t191103p13006,ok,,1,1,1,1,1,1,1,1,1,1,1,1,1
emi20240128t191115p13007-A,emi20240128t191115p13007,ok,,1,1,1,1,1,1,1,1,1,1,1,1,1
emi20240128t191115p13007-B,emi20240128t191115p13007,ok,,1,1,1,1,1,1,1,1,1,1,1,1,1
emi20240129t121633p08011-A,emi20240129t121633p08011,ok,,1,1,1,1,1,1,1,1,1,1,1,1,1
emi20240201t082418p06034-A,emi20240201t082418p06034,ok,,1,1,1,1,1,1,1,1,1,1,1,1,1
emi20240212t214954p14031-A,emi20240212t214954p14031,ok,,1,1,1,1,1,1,1,1,1,1,1,1,1
emi20240213t114518p08015-A,emi20240213t114518p08015,ok,,1,1,1,1,1,1,1,1,1,1,1,1,1
emi20240214t105745p07024-A,emi20240214t105745p07024,ok,,1,1,1,1,1,1,1,1,1,1,1,1,1
emi20240214t105745p07024-B,emi20240214t105745p07024,ok,,1,1,1,1,1,1,1,1,1,1,1,1,1
emi20240215t083826p06019-A,emi20240215t083826p06019,ok,,1,1,1,1,1,1,1,1,1,1,1,1,1
emi20240223t161709p11025-A,emi20240223t161709p11025,ok,,1,1,1,1,1,1,1,1,1,1,1,1,1
emi20240302t163158p11004-A,emi20240302t163158p11004,ok,,1,1,1,1,1,1,1,1,1,1,1,1,1
emi20240312t195224p12006-A,emi20240312t195224p12006,ok,,1,1,1,1,1,1,1,1,1,1,1,1,1
emi20240325t142504p09026-A,emi20240325t142504p09026,ok,,1,1,1,1,1,1,1,1,1,1,1,1,1
emi20240326t074611p05005-B,emi20240326t074611p05005,ok,,1,1,1,1,1,1,1,1,1,1,1,1,1
emi20240327t131334p09001-A,emi20240327t131334p09001,ok,,1,1,1,1,1,1,1,1,1,1,1,1,1
emi20240327t131334p09001-B,emi20240327t131334p09001,ok,,1,1,1,1,1,1,1,1,1,1,1,1,1
emi20240329t192727p13029-A,emi20240329t192727p13029,ok,,1,1,1,1,1,1,1,1,1,1,1,1,1
emi20240402t192429p13020-A,emi20240402t192429p13020,ok,,1,1,1,1,1,1,1,1,1,1,1,1,1
emi20240403t165815p11007-A,emi20240403t165815p11007,ok,,1,1,1,1,1,1,1,1,1,1,1,1,1
emi20240403t165815p11007-B,emi20240403t165815p11007,ok,,1,1,1,1,1,1,1,1,1,1,1,1,1
emi20240403t165815p11007-C,emi20240403t165815p11007,ok,,1,1,1,1,1,1,1,1,1,1,1,1,1
emi20240404t065336p05012-A,emi20240404t065336p05012,ok,,1,1,1,1,1,1,1,1,1,1,1,1,1
emi20240405t061356p04020-A,emi20240405t061356p04020,ok,,1,1,1,1,1,1,1,1,1,1,1,1,1
emi20240406t100123p07003-A,emi20240406t100123p07003,ok,,1,1,1,1,1,1,1,1,1,1,1,1,1
emi20240406t161503p11025-A,emi20240406t161503p11025,ok,,1,1,1,1,1,1,1,1,1,1,1,1,1
emi20240408t052254p04006-A,emi20240408t052254p04006,ok,,1,1,1,1,1,1,1,1,1,1,1,1,1
emi20240414t114353p08018-B,emi20240414t114353p08018,ok,,1,1,1,1,1,1,1,1,1,1,1,1,1
emi20240414t145436p10002-A,emi20240414t145436p10002,ok,,1,1,1,1,1,1,1,1,1,1,1,1,1
emi20240414t193206p13040-A,emi20240414t193206p13040,ok,,1,1,1,1,1,1,1,1,1,1,1,1,1
emi20240414t193218p13041-A,emi20240414t193218p13041,ok,,1,1,1,1,1,1,1,1,1,1,1,1,1
emi20240416t114738p08028-A,emi20240416t114738p08028,ok,,1,1,1,1,1,1,1,1,1,1,1,1,1
emi20240416t131729p09007-A,emi20240416t131729p09007,ok,,1,1,1,1,1,1,1,1,1,1,1,1,1
emi20240417t044453p03008-A,emi20240417t044453p03008,ok,,1,1,1,1,1,1,1,1,1,1,1,1,1
emi20240417t080011p05030-A,emi20240417t080011p05030,ok,,1,1,1,1,1,1,1,1,1,1,1,1,1
emi20240418t114539p08004-A,emi20240418t114539p08004,ok,,1,1,1,1,1,1,1,1,1,1,1,1,1
emi20240418t114551p08005-A,emi20240418t114551p08005,ok,,1,1,1,1,1,1,1,1,1,1,1,1,1
emi20240418t192231p13004-A,emi20240418t192231p13004,ok,,1,1,1,1,1,1,1,1,1,1,1,1,1
emi20240419t092534p06034-A,emi20240419t092534p06034,ok,,1,1,1,1,1,1,1,1,1,1,1,1,1
emi20240419t092546p06035-A,emi20240419t092546p06035,ok,,1,1,1,1,1,1,1,1,1,1,1,1,1
emi20240420t101448p07050-A,emi20240420t101448p07050,ok,,1,1,1,1,1,1,1,1,1,1,1,1,1
emi20240610t140033p09025-A,emi20240610t140033p09025,ok,,1,1,1,1,1,1,1,1,1,1,1,1,1
emi20240610t140044p09026-A,emi20240610t140044p09026,ok,,1,1,1,1,1,1,1,1,1,1,1,1,1
emi20240610t140044p09026-B,emi20240610t140044p09026,ok,,1,1,1,1,1,1,1,1,1,1,1,1,1
emi20240612t105355p07007-A,emi20240612t105355p07007,ok,,1,1,1,1,1,1,1,1,1,1,1,1,1
emi20240612t105355p07007-B,emi20240612t105355p07007,ok,,1,1,1,1,1,1,1,1,1,1,1,1,1
emi20240612t135823p09014-A,emi20240612t135823p09014,ok,,1,1,1,1,1,1,1,1,1,1,1,1,1
emi20240621t082612p06040-A,emi20240621t082612p06040,ok,,1,1,1,1,1,1,1,1,1,1,1,1,1
emi20240621t082635p06042-A,emi20240621t082635p06042,ok,,1,1,1,1,1,1,1,1,1,1,1,1,1
emi20240623t065329p05023-A,emi20240623t065329p05023,ok,,1,1,1,1,1,1,1,1,1,1,1,1,1
emi20240624t073918p05029-A,emi20240624t073918p05029,ok,,1,1,1,1,1,1,1,1,1,1,1,1,1
emi20240716t172921p11028-A,emi20240716t172921p11028,ok,,1,1,1,1,1,1,1,1,1,1,1,1,1
emi20240717t041929p02021-A,emi20240717t041929p02021,ok,,1,1,1,1,1,1,1,1,1,1,1,1,1
emi20240717t041929p02021-B,emi20240717t041929p02021,ok,,1,1,1,1,1,1,1,1,1,1,1,1,1
emi20240720t172710p11014-A,emi20240720t172710p11014,ok,,1,1,1,1,1,1,1,1,1,1,1,1,1
emi20240723t121720p08015-A,emi20240723t121720p08015,ok,,1,1,1,1,1,1,1,1,1,1,1,1,1
emi20240725t090603p06006-A,emi20240725t090603p06006,ok,,1,1,1,1,1,1,1,1,1,1,1,1,1
emi20240725t134807p09011-A,emi20240725t134807p09011,ok,,1,1,1,1,1,1,1,1,1,1,1,1,1
emi20240726t095137p07016-A,emi20240726t095137p07016,ok,,1,1,1,1,1,1,1,1,1,1,1,1,1
emi20240727t195453p13014-B,emi20240727t195453p13014,ok,,1,1,1,1,1,1,1,1,1,1,1,1,1
emi20240728t191154p13038-A,emi20240728t191154p13038,ok,,1,1,1,1,1,1,1,1,1,1,1,1,1
emi20240729t090210p06009-A,emi20240729t090210p06009,ok,,1,1,1,1,1,1,1,1,1,1,1,1,1
emi20240729t121043p08011-A,emi20240729t121043p08011,ok,,1,1,1,1,1,1,1,1,1,1,1,1,1
emi20240730t111913p08003-A,emi20240730t111913p08003,ok,,1,1,1,1,1,1,1,1,1,1,1,1,1
emi20240730t111913p08003-B,emi20240730t111913p08003,ok,,1,1,1,1,1,1,1,1,1,1,1,1,1
emi20240802t103528p07019-A,emi20240802t103528p07019,ok,,1,1,1,1,1,1,1,1,1,1,1,1,1
emi20240803t112126p08004-A,emi20240803t112126p08004,ok,,1,1,1,1,1,1,1,1,1,1,1,1,1
emi20240805t094900p07016-A,emi20240805t094900p07016,ok,,1,1,1,1,1,1,1,1,1,1,1,1,1
emi20240805t172803p12003-A,emi20240805t172803p12003,ok,,1,1,1,1,1,1,1,1,1,1,1,1,1
emi20240817t082107p06021-A,emi20240817t082107p06021,ok,,1,1,1,1,1,1,1,1,1,1,1,1,1
emi20240817t191121p13025-A,emi20240817t191121p13025,ok,,1,1,1,1,1,1,1,1,1,1,1,1,1
emi20240821t033855p03018-A,emi20240821t033855p03018,ok,,1,1,1,1,1,1,1,1,1,1,1,1,1
emi20240821t033855p03018-B,emi20240821t033855p03018,ok,,1,1,1,1,1,1,1,1,1,1,1,1,1
emi20240821t033855p03018-D,emi20240821t033855p03018,ok,,1,1,1,1,1,1,1,1,1,1,1,1,1
emi20240821t033906p03019-A,emi20240821t033906p03019,ok,,1,1,1,1,1,1,1,1,1,1,1,1,1
emi20240821t033906p03019-B,emi20240821t033906p03019,ok,,1,1,1,1,1,1,1,1,1,1,1,1,1
emi20240821t033906p03019-C,emi20240821t033906p03019,ok,,1,1,1,1,1,1,1,1,1,1,1,1,1
emi20240821t033906p03019-D,emi20240821t033906p03019,ok,,1,1,1,1,1,1,1,1,1,1,1,1,1
emi20240821t033906p03019-E,emi20240821t033906p03019,ok,,1,1,1,1,1,1,1,1,1,1,1,1,1
emi20240821t033906p03019-F,emi20240821t033906p03019,ok,,1,1,1,1,1,1,1,1,1,1,1,1,1
emi20240821t033906p03019-G,emi20240821t033906p03019,ok,,1,1,1,1,1,1,1,1,1,1,1,1,1
emi20240821t033906p03019-H,emi20240821t033906p03019,ok,,1,1,1,1,1,1,1,1,1,1,1,1,1
emi20240821t033906p03019-I,emi20240821t033906p03019,ok,,1,1,1,1,1,1,1,1,1,1,1,1,1
emi20240821t033918p03020-A,emi20240821t033918p03020,ok,,1,1,1,1,1,1,1,1,1,1,1,1,1
emi20240821t033918p03020-B,emi20240821t033918p03020,ok,,1,1,1,1,1,1,1,1,1,1,1,1,1
emi20240821t033918p03020-C,emi20240821t033918p03020,ok,,1,1,1,1,1,1,1,1,1,1,1,1,1
emi20240821t033918p03020-D,emi20240821t033918p03020,ok,,1,1,1,1,1,1,1,1,1,1,1,1,1
emi20240821t033918p03020-E,emi20240821t033918p03020,ok,,1,1,1,1,1,1,1,1,1,1,1,1,1
emi20240821t081938p06030-A,emi20240821t081938p06030,ok,,1,1,1,1,1,1,1,1,1,1,1,1,1
emi20240821t081938p06030-B,emi20240821t081938p06030,ok,,1,1,1,1,1,1,1,1,1,1,1,1,1
emi20240821t081938p06030-C,emi20240821t081938p06030,ok,,1,1,1,1,1,1,1,1,1,1,1,1,1
emi20240918t164518p10036-A,emi20240918t164518p10036,ok,,1,1,1,1,1,1,1,1,1,1,1,1,1
emi20240919t015811p01015-A,emi20240919t015811p01015,ok,,1,1,1,1,1,1,1,1,1,1,1,1,1
emi20240919t015811p01015-B,emi20240919t015811p01015,ok,,1,1,1,1,1,1,1,1,1,1,1,1,1
emi20240927t130748p09003-A,emi20240927t130748p09003,ok,,1,1,1,1,1,1,1,1,1,1,1,1,1
emi20240928t104449p07001-A,emi20240928t104449p07001,ok,,1,1,1,1,1,1,1,1,1,1,1,1,1
emi20240928t104501p07002-A,emi20240928t104501p07002,ok,,1,1,1,1,1,1,1,1,1,1,1,1,1
emi20240929t082533p06013-A,emi20240929t082533p06013,ok,,1,1,1,1,1,1,1,1,1,1,1,1,1
emi20240930t104324p07004-A,emi20240930t104324p07004,ok,,1,1,1,1,1,1,1,1,1,1,1,1,1
emi20240930t104336p07005-A,emi20240930t104336p07005,ok,,1,1,1,1,1,1,1,1,1,1,1,1,1
emi20240930t182953p12014-A,emi20240930t182953p12014,ok,,1,1,1,1,1,1,1,1,1,1,1,1,1
emi20241002t165304p11010-A,emi20241002t165304p11010,ok,,1,1,1,1,1,1,1,1,1,1,1,1,1
emi20241002t165304p11010-B,emi20241002t165304p11010,ok,,1,1,1,1,1,1,1,1,1,1,1,1,1
emi20241003t034636p03024-A,emi20241003t034636p03024,ok,,1,1,1,1,1,1,1,1,1,1,1,1,1
emi20241003t034636p03024-E,emi20241003t034636p03024,ok,,1,1,1,1,1,1,1,1,1,1,1,1,1
emi20241005t160604p11012-A,emi20241005t160604p11012,ok,,1,1,1,1,1,1,1,1,1,1,1,1,1
emi20241010t105516p07023-A,emi20241010t105516p07023,ok,,1,1,1,1,1,1,1,1,1,1,1,1,1
emi20241013t193053p13052-A,emi20241013t193053p13052,ok,,1,1,1,1,1,1,1,1,1,1,1,1,1
emi20241014t201645p13038-A,emi20241014t201645p13038,ok,,1,1,1,1,1,1,1,1,1,1,1,1,1
emi20241014t201645p13038-B,emi20241014t201645p13038,ok,,1,1,1,1,1,1,1,1,1,1,1,1,1
emi20241015t131953p09020-A,emi20241015t131953p09020,ok,,1,1,1,1,1,1,1,1,1,1,1,1,1
emi20241015t132005p09021-A,emi20241015t132005p09021,ok,,1,1,1,1,1,1,1,1,1,1,1,1,1
emi20241018t092617p06021-B,emi20241018t092617p06021,ok,,1,1,1,1,1,1,1,1,1,1,1,1,1
emi20241018t184113p12011-A,emi20241018t184113p12011,ok,,1,1,1,1,1,1,1,1,1,1,1,1,1
emi20241020t092144p06003-A,emi20241020t092144p06003,ok,,1,1,1,1,1,1,1,1,1,1,1,1,1
emi20241118t175750p11005-A,emi20241118t175750p11005,ok,,1,1,1,1,1,1,1,1,1,1,1,1,1
emi20241128t194008p13005-A,emi20241128t194008p13005,ok,,1,1,1,1,1,1,1,1,1,1,1,1,1
emi20241201t080027p06022-A,emi20241201t080027p06022,ok,,1,1,1,1,1,1,1,1,1,1,1,1,1
emi20241201t080038p06023-A,emi20241201t080038p06023,ok,,1,1,1,1,1,1,1,1,1,1,1,1,1
emi20241201t080038p06023-C,emi20241201t080038p06023,ok,,1,1,1,1,1,1,1,1,1,1,1,1,1
emi20241215t185538p12008-A,emi20241215t185538p12008,ok,,1,1,1,1,1,1,1,1,1,1,1,1,1
emi20250110t122922p08002-A,emi20250110t122922p08002,ok,,1,1,1,1,1,1,1,1,1,1,1,1,1
emi20250116t172309p11003-A,emi20250116t172309p11003,ok,,1,1,1,1,1,1,1,1,1,1,1,1,1
emi20250116t172321p11004-A,emi20250116t172321p11004,ok,,1,1,1,1,1,1,1,1,1,1,1,1,1
emi20250123t010414p16028-A,emi20250123t010414p16028,ok,,1,1,1,1,1,1,1,1,1,1,1,1,1
emi20250125t055258p04011-A,emi20250125t055258p04011,ok,,1,1,1,1,1,1,1,1,1,1,1,1,1
emi20250125t055258p04011-B,emi20250125t055258p04011,ok,,1,1,1,1,1,1,1,1,1,1,1,1,1
emi20250127t181322p12005-A,emi20250127t181322p12005,ok,,1,1,1,1,1,1,1,1,1,1,1,1,1
emi20250127t181345p12007-B,emi20250127t181345p12007,ok,,1,1,1,1,1,1,1,1,1,1,1,1,1
emi20250128t094546p07030-A,emi20250128t094546p07030,ok,,1,1,1,1,1,1,1,1,1,1,1,1,1
emi20250128t173151p12009-A,emi20250128t173151p12009,ok,,1,1,1,1,1,1,1,1,1,1,1,1,1
emi20250129t194850p13004-A,emi20250129t194850p13004,ok,,1,1,1,1,1,1,1,1,1,1,1,1,1
emi20250129t194902p13005-A,emi20250129t194902p13005,ok,,1,1,1,1,1,1,1,1,1,1,1,1,1
emi20250129t194902p13005-B,emi20250129t194902p13005,ok,,1,1,1,1,1,1,1,1,1,1,1,1,1
emi20250130t081106p06028-A,emi20250130t081106p06028,ok,,1,1,1,1,1,1,1,1,1,1,1,1,1
emi20250130t081106p06028-B,emi20250130t081106p06028,ok,,1,1,1,1,1,1,1,1,1,1,1,1,1
emi20250131t085618p06027-A,emi20250131t085618p06027,ok,,1,1,1,1,1,1,1,1,1,1,1,1,1
emi20250131t102715p07010-A,emi20250131t102715p07010,ok,,1,1,1,1,1,1,1,1,1,1,1,1,1
emi20250131t102715p07010-B,emi20250131t102715p07010,ok,,1,1,1,1,1,1,1,1,1,1,1,1,1
emi20250201t050320p04034-A,emi20250201t050320p04034,ok,,1,1,1,1,1,1,1,1,1,1,1,1,1
emi20250201t050320p04034-C,emi20250201t050320p04034,ok,,1,1,1,1,1,1,1,1,1,1,1,1,1
emi20250201t063559p05035-A,emi20250201t063559p05035,ok,,1,1,1,1,1,1,1,1,1,1,1,1,1
emi20250210t134943p09010-A,emi20250210t134943p09010,ok,,1,1,1,1,1,1,1,1,1,1,1,1,1
emi20250212t121936p08032-A,emi20250212t121936p08032,ok,,1,1,1,1,1,1,1,1,1,1,1,1,1
emi20250212t134811p09021-A,emi20250212t134811p09021,ok,,1,1,1,1,1,1,1,1,1,1,1,1,1
emi20250212t134811p09021-B,emi20250212t134811p09021,ok,,1,1,1,1,1,1,1,1,1,1,1,1,1
emi20250212t134822p09022-A,emi20250212t134822p09022,ok,,1,1,1,1,1,1,1,1,1,1,1,1,1
emi20250216t195733p13011-A,emi20250216t195733p13011,ok,,1,1,1,1,1,1,1,1,1,1,1,1,1
emi20250216t195756p13013-A,emi20250216t195756p13013,ok,,1,1,1,1,1,1,1,1,1,1,1,1,1
emi20250217t094928p07003-A,emi20250217t094928p07003,ok,,1,1,1,1,1,1,1,1,1,1,1,1,1
emi20250219t081443p06006-B,emi20250219t081443p06006,ok,,1,1,1,1,1,1,1,1,1,1,1,1,1
emi20250220t170233p11064-B,emi20250220t170233p11064,ok,,1,1,1,1,1,1,1,1,1,1,1,1,1
emi20250220t170233p11064-C,emi20250220t170233p11064,ok,,1,1,1,1,1,1,1,1,1,1,1,1,1
emi20250225t175206p12002-A,emi20250225t175206p12002,ok,,1,1,1,1,1,1,1,1,1,1,1,1,1
emi20250226t184259p12001-A,emi20250226t184259p12001,ok,,1,1,1,1,1,1,1,1,1,1,1,1,1
emi20250301t144154p10051-A,emi20250301t144154p10051,ok,,1,1,1,1,1,1,1,1,1,1,1,1,1
emi20250322t153656p11002-A,emi20250322t153656p11002,ok,,1,1,1,1,1,1,1,1,1,1,1,1,1
emi20250322t153656p11002-C,emi20250322t153656p11002,ok,,1,1,1,1,1,1,1,1,1,1,1,1,1
emi20250518t033225p03004-A,emi20250518t033225p03004,ok,,1,1,1,1,1,1,1,1,1,1,1,1,1
emi20250518t033225p03004-B,emi20250518t033225p03004,ok,,1,1,1,1,1,1,1,1,1,1,1,1,1
emi20250518t033225p03004-C,emi20250518t033225p03004,ok,,1,1,1,1,1,1,1,1,1,1,1,1,1
emi20250518t033225p03004-D,emi20250518t033225p03004,ok,,1,1,1,1,1,1,1,1,1,1,1,1,1
emi20250519t213325p14007-A,emi20250519t213325p14007,ok,,1,1,1,1,1,1,1,1,1,1,1,1,1
emi20250521t150649p10006-A,emi20250521t150649p10006,ok,,1,1,1,1,1,1,1,1,1,1,1,1,1
emi20250522t113215p08019-A,emi20250522t113215p08019,ok,,1,1,1,1,1,1,1,1,1,1,1,1,1
emi20250522t113215p08019-C,emi20250522t113215p08019,ok,,1,1,1,1,1,1,1,1,1,1,1,1,1
emi20250522t113215p08019-D,emi20250522t113215p08019,ok,,1,1,1,1,1,1,1,1,1,1,1,1,1
emi20250522t113215p08019-E,emi20250522t113215p08019,ok,,1,1,1,1,1,1,1,1,1,1,1,1,1
emi20250522t113215p08019-F,emi20250522t113215p08019,ok,,1,1,1,1,1,1,1,1,1,1,1,1,1
emi20250522t113215p08019-G,emi20250522t113215p08019,ok,,1,1,1,1,1,1,1,1,1,1,1,1,1
emi20250526t130431p09011-A,emi20250526t130431p09011,ok,,1,1,1,1,1,1,1,1,1,1,1,1,1
emi20250527t091223p06030-A,emi20250527t091223p06030,ok,,1,1,1,1,1,1,1,1,1,1,1,1,1
emi20250528t130156p09004-A,emi20250528t130156p09004,ok,,1,1,1,1,1,1,1,1,1,1,1,1,1
emi20250528t130156p09004-B,emi20250528t130156p09004,ok,,1,1,1,1,1,1,1,1,1,1,1,1,1
emi20250529t213710p14011-E,emi20250529t213710p14011,ok,,1,1,1,1,1,1,1,1,1,1,1,1,1
emi20250530t081955p06013-F,emi20250530t081955p06013,ok,,1,1,1,1,1,1,1,1,1,1,1,1,1
emi20250530t112836p08014-A,emi20250530t112836p08014,ok,,1,1,1,1,1,1,1,1,1,1,1,1,1
emi20250603t095351p07011-B,emi20250603t095351p07011,ok,,1,1,1,1,1,1,1,1,1,1,1,1,1
emi20250606t231516p15007-A,emi20250606t231516p15007,ok,,1,1,1,1,1,1,1,1,1,1,1,1,1
emi20250606t231516p15007-E,emi20250606t231516p15007,ok,,1,1,1,1,1,1,1,1,1,1,1,1,1
emi20250608t011656p01007-A,emi20250608t011656p01007,ok,,1,1,1,1,1,1,1,1,1,1,1,1,1
emi20250608t011708p01008-L,emi20250608t011708p01008,ok,,1,1,1,1,1,1,1,1,1,1,1,1,1
emi20250609t222616p14004-A,emi20250609t222616p14004,ok,,1,1,1,1,1,1,1,1,1,1,1,1,1
emi20250611t100420p06016-A,emi20250611t100420p06016,ok,,1,1,1,1,1,1,1,1,1,1,1,1,1
emi20250613t205246p13023-A,emi20250613t205246p13023,ok,,1,1,1,1,1,1,1,1,1,1,1,1,1
emi20250614t091515p06023-B,emi20250614t091515p06023,ok,,1,1,1,1,1,1,1,1,1,1,1,1,1
emi20250614t104449p07014-A,emi20250614t104449p07014,ok,,1,1,1,1,1,1,1,1,1,1,1,1,1
emi20250616t200704p13034-A,emi20250616t200704p13034,ok,,1,1,1,1,1,1,1,1,1,1,1,1,1
emi20250616t200704p13034-B,emi20250616t200704p13034,ok,,1,1,1,1,1,1,1,1,1,1,1,1,1
emi20250616t200704p13034-C,emi20250616t200704p13034,ok,,1,1,1,1,1,1,1,1,1,1,1,1,1
emi20250618t073629p05011-A,emi20250618t073629p05011,ok,,1,1,1,1,1,1,1,1,1,1,1,1,1
emi20250623t095348p06019-A,emi20250623t095348p06019,ok,,1,1,1,1,1,1,1,1,1,1,1,1,1
emi20250624t103917p07002-A,emi20250624t103917p07002,ok,,1,1,1,1,1,1,1,1,1,1,1,1,1
emi20250626t060019p04024-A,emi20250626t060019p04024,ok,,1,1,1,1,1,1,1,1,1,1,1,1,1
emi20250626t060019p04024-B,emi20250626t060019p04024,ok,,1,1,1,1,1,1,1,1,1,1,1,1,1
emi20250626t060019p04024-C,emi20250626t060019p04024,ok,,1,1,1,1,1,1,1,1,1,1,1,1,1
emi20250701t130659p08050-A,emi20250701t130659p08050,ok,,1,1,1,1,1,1,1,1,1,1,1,1,1
emi20250716t171133p11017-A,emi20250716t171133p11017,ok,,1,1,1,1,1,1,1,1,1,1,1,1,1
emi20250724t202713p13009-A,emi20250724t202713p13009,ok,,1,1,1,1,1,1,1,1,1,1,1,1,1
emi20250727t132834p09003-A,emi20250727t132834p09003,ok,,1,1,1,1,1,1,1,1,1,1,1,1,1
emi20250728t185104p12009-A,emi20250728t185104p12009,ok,,1,1,1,1,1,1,1,1,1,1,1,1,1
emi20250730t111130p07027-B,emi20250730t111130p07027,ok,,1,1,1,1,1,1,1,1,1,1,1,1,1
emi20250803t110238p07008-A,emi20250803t110238p07008,ok,,1,1,1,1,1,1,1,1,1,1,1,1,1
emi20250803t110238p07008-B,emi20250803t110238p07008,ok,,1,1,1,1,1,1,1,1,1,1,1,1,1
emi20250803t110238p07008-C,emi20250803t110238p07008,ok,,1,1,1,1,1,1,1,1,1,1,1,1,1
emi20250803t153306p10003-A,emi20250803t153306p10003,ok,,1,1,1,1,1,1,1,1,1,1,1,1,1
emi20250805t075419p05017-B,emi20250805t075419p05017,ok,,1,1,1,1,1,1,1,1,1,1,1,1,1
emi20250814t115634p08015-A,emi20250814t115634p08015,ok,,1,1,1,1,1,1,1,1,1,1,1,1,1
emi20250814t115634p08015-B,emi20250814t115634p08015,ok,,1,1,1,1,1,1,1,1,1,1,1,1,1
emi20250814t115634p08015-C,emi20250814t115634p08015,ok,,1,1,1,1,1,1,1,1,1,1,1,1,1
emi20250815t123929p08007-A,emi20250815t123929p08007,ok,,1,1,1,1,1,1,1,1,1,1,1,1,1
emi20250815t123929p08007-B,emi20250815t123929p08007,ok,,1,1,1,1,1,1,1,1,1,1,1,1,1
emi20250818t071105p05015-A,emi20250818t071105p05015,ok,,1,1,1,1,1,1,1,1,1,1,1,1,1
emi20250818t071105p05015-B,emi20250818t071105p05015,ok,,1,1,1,1,1,1,1,1,1,1,1,1,1
emi20250818t115046p08011-A,emi20250818t115046p08011,ok,,1,1,1,1,1,1,1,1,1,1,1,1,1
emi20250822t175814p12014-A,emi20250822t175814p12014,ok,,1,1,1,1,1,1,1,1,1,1,1,1,1
emi20250826t083931p05007-A,emi20250826t083931p05007,ok,,1,1,1,1,1,1,1,1,1,1,1,1,1
emi20250919t151007p10011-A,emi20250919t151007p10011,ok,,1,1,1,1,1,1,1,1,1,1,1,1,1
emi20250921t104609p07053-B,emi20250921t104609p07053,ok,,1,1,1,1,1,1,1,1,1,1,1,1,1
emi20250922t204933p14006-B,emi20250922t204933p14006,ok,,1,1,1,1,1,1,1,1,1,1,1,1,1
emi20250924t204653p14003-A,emi20250924t204653p14003,ok,,1,1,1,1,1,1,1,1,1,1,1,1,1
emi20250925t121306p08010-A,emi20250925t121306p08010,ok,,1,1,1,1,1,1,1,1,1,1,1,1,1
emi20250925t121306p08010-B,emi20250925t121306p08010,ok,,1,1,1,1,1,1,1,1,1,1,1,1,1
emi20250925t121306p08010-C,emi20250925t121306p08010,ok,,1,1,1,1,1,1,1,1,1,1,1,1,1
emi20250925t121306p08010-D,emi20250925t121306p08010,ok,,1,1,1,1,1,1,1,1,1,1,1,1,1
emi20250927t090801p05044-A,emi20250927t090801p05044,ok,,1,1,1,1,1,1,1,1,1,1,1,1,1
emi20251002t082358p05059-A,emi20251002t082358p05059,ok,,1,1,1,1,1,1,1,1,1,1,1,1,1
emi20251002t082358p05059-B,emi20251002t082358p05059,ok,,1,1,1,1,1,1,1,1,1,1,1,1,1
emi20251002t095035p06036-A,emi20251002t095035p06036,ok,,1,1,1,1,1,1,1,1,1,1,1,1,1
emi20251002t095035p06036-B,emi20251002t095035p06036,ok,,1,1,1,1,1,1,1,1,1,1,1,1,1
emi20251002t095047p06037-A,emi20251002t095047p06037,ok,,1,1,1,1,1,1,1,1,1,1,1,1,1
emi20251002t173847p11029-B,emi20251002t173847p11029,ok,,1,1,1,1,1,1,1,1,1,1,1,1,1
emi20251003t073100p04009-A,emi20251003t073100p04009,ok,,1,1,1,1,1,1,1,1,1,1,1,1,1
emi20251018t100622p07005-A,emi20251018t100622p07005,ok,,1,1,1,1,1,1,1,1,1,1,1,1,1
emi20251018t100622p07005-C,emi20251018t100622p07005,ok,,1,1,1,1,1,1,1,1,1,1,1,1,1
emi20251022t083154p06001-A,emi20251022t083154p06001,ok,,1,1,1,1,1,1,1,1,1,1,1,1,1
emi20251022t083723p06022-A,emi20251022t083723p06022,ok,,1,1,1,1,1,1,1,1,1,1,1,1,1
emi20251026t070242p05012-A,emi20251026t070242p05012,ok,,1,1,1,1,1,1,1,1,1,1,1,1,1
emi20251026t070242p05012-B,emi20251026t070242p05012,ok,,1,1,1,1,1,1,1,1,1,1,1,1,1
emi20251108t123651p08004-A,emi20251108t123651p08004,ok,,1,1,1,1,1,1,1,1,1,1,1,1,1
tan20240919t143734c00s4001-A,tan20240919t143734c00s4001,ok,,1,1,1,1,1,1,1,1,1,1,1,1,1
tan20240925t092811c00s4001-A,tan20240925t092811c00s4001,ok,,1,1,1,1,1,1,1,1,1,1,1,1,1
tan20240925t092811c00s4001-B,tan20240925t092811c00s4001,ok,,1,1,1,1,1,1,1,1,1,1,1,1,1
tan20240929t081638c00s4001-A,tan20240929t081638c00s4001,ok,,1,1,1,1,1,1,1,1,1,1,1,1,1
tan20240929t081638c00s4001-B,tan20240929t081638c00s4001,ok,,1,1,1,1,1,1,1,1,1,1,1,1,1
tan20240929t081638c00s4001-C,tan20240929t081638c00s4001,ok,,1,1,1,1,1,1,1,1,1,1,1,1,1
tan20240929t081638c00s4001-D,tan20240929t081638c00s4001,ok,,1,1,1,1,1,1,1,1,1,1,1,1,1
tan20240929t081638c00s4001-E,tan20240929t081638c00s4001,ok,,1,1,1,1,1,1,1,1,1,1,1,1,1
tan20240929t081638c00s4001-F,tan20240929t081638c00s4001,ok,,1,1,1,1,1,1,1,1,1,1,1,1,1
tan20240929t081638c00s4001-G,tan20240929t081638c00s4001,ok,,1,1,1,1,1,1,1,1,1,1,1,1,1
tan20240930t110752c00s4001-A,tan20240930t110752c00s4001,ok,,1,1,1,1,1,1,1,1,1,1,1,1,1
tan20241004t081910c00s4001-A,tan20241004t081910c00s4001,ok,,1,1,1,1,1,1,1,1,1,1,1,1,1
tan20241004t081910c00s4001-B,tan20241004t081910c00s4001,ok,,1,1,1,1,1,1,1,1,1,1,1,1,1
tan20241004t081910c00s4001-C,tan20241004t081910c00s4001,ok,,1,1,1,1,1,1,1,1,1,1,1,1,1
tan20241004t081910c00s4001-D,tan20241004t081910c00s4001,ok,,1,1,1,1,1,1,1,1,1,1,1,1,1
tan20241004t081910c00s4001-E,tan20241004t081910c00s4001,ok,,1,1,1,1,1,1,1,1,1,1,1,1,1
tan20241004t081910c00s4001-F,tan20241004t081910c00s4001,ok,,1,1,1,1,1,1,1,1,1,1,1,1,1
tan20241004t081910c00s4001-G,tan20241004t081910c00s4001,ok,,1,1,1,1,1,1,1,1,1,1,1,1,1
tan20241004t081910c00s4001-H,tan20241004t081910c00s4001,ok,,1,1,1,1,1,1,1,1,1,1,1,1,1
tan20241004t081910c00s4001-I,tan20241004t081910c00s4001,ok,,1,1,1,1,1,1,1,1,1,1,1,1,1
tan20241004t081910c00s4001-J,tan20241004t081910c00s4001,ok,,1,1,1,1,1,1,1,1,1,1,1,1,1
tan20241004t081910c00s4001-K,tan20241004t081910c00s4001,ok,,1,1,1,1,1,1,1,1,1,1,1,1,1
tan20241004t081910c00s4001-L,tan20241004t081910c00s4001,ok,,1,1,1,1,1,1,1,1,1,1,1,1,1
tan20241007t182322c00s4001-B,tan20241007t182322c00s4001,ok,,1,1,1,1,1,1,1,1,1,1,1,1,1
tan20241012t164846c00s4001-A,tan20241012t164846c00s4001,ok,,1,1,1,1,1,1,1,1,1,1,1,1,1
tan20241012t164846c00s4001-B,tan20241012t164846c00s4001,ok,,1,1,1,1,1,1,1,1,1,1,1,1,1
tan20241012t164846c00s4001-C,tan20241012t164846c00s4001,ok,,1,1,1,1,1,1,1,1,1,1,1,1,1
tan20241012t164846c00s4001-D,tan20241012t164846c00s4001,ok,,1,1,1,1,1,1,1,1,1,1,1,1,1
tan20241012t164846c00s4001-E,tan20241012t164846c00s4001,ok,,1,1,1,1,1,1,1,1,1,1,1,1,1
tan20241012t164846c00s4001-F,tan20241012t164846c00s4001,ok,,1,1,1,1,1,1,1,1,1,1,1,1,1
tan20241012t164846c00s4001-H,tan20241012t164846c00s4001,ok,,1,1,1,1,1,1,1,1,1,1,1,1,1
tan20241012t164846c00s4001-J,tan20241012t164846c00s4001,ok,,1,1,1,1,1,1,1,1,1,1,1,1,1
tan20241012t164846c00s4001-K,tan20241012t164846c00s4001,ok,,1,1,1,1,1,1,1,1,1,1,1,1,1
tan20241012t164846c00s4001-L,tan20241012t164846c00s4001,ok,,1,1,1,1,1,1,1,1,1,1,1,1,1
tan20241020t061527c00s4001-A,tan20241020t061527c00s4001,ok,,1,1,1,1,1,1,1,1,1,1,1,1,1
tan20241020t092906c00s4001-A,tan20241020t092906c00s4001,ok,,1,1,1,1,1,1,1,1,1,1,1,1,1
tan20241020t092906c00s4001-B,tan20241020t092906c00s4001,ok,,1,1,1,1,1,1,1,1,1,1,1,1,1
tan20241021t090911c00s4001-A,tan20241021t090911c00s4001,ok,,1,1,1,1,1,1,1,1,1,1,1,1,1
tan20241021t090911c00s4001-B,tan20241021t090911c00s4001,ok,,1,1,1,1,1,1,1,1,1,1,1,1,1
tan20241021t090911c00s4001-C,tan20241021t090911c00s4001,ok,,1,1,1,1,1,1,1,1,1,1,1,1,1
tan20241025t092004c00s4001-A,tan20241025t092004c00s4001,ok,,1,1,1,1,1,1,1,1,1,1,1,1,1
tan20241029t031427c00s4001-D,tan20241029t031427c00s4001,ok,,1,1,1,1,1,1,1,1,1,1,1,1,1
tan20241029t031427c00s4001-H,tan20241029t031427c00s4001,ok,,1,1,1,1,1,1,1,1,1,1,1,1,1
tan20241030t183759c00s4001-A,tan20241030t183759c00s4001,ok,,1,1,1,1,1,1,1,1,1,1,1,1,1
tan20241030t183759c00s4001-B,tan20241030t183759c00s4001,ok,,1,1,1,1,1,1,1,1,1,1,1,1,1
tan20241030t183759c00s4001-D,tan20241030t183759c00s4001,ok,,1,1,1,1,1,1,1,1,1,1,1,1,1
tan20241109t174753c00s4001-A,tan20241109t174753c00s4001,ok,,1,1,1,1,1,1,1,1,1,1,1,1,1
tan20241109t174753c00s4001-B,tan20241109t174753c00s4001,ok,,1,1,1,1,1,1,1,1,1,1,1,1,1
tan20241109t174753c00s4001-C,tan20241109t174753c00s4001,ok,,1,1,1,1,1,1,1,1,1,1,1,1,1
tan20241109t174753c00s4001-D,tan20241109t174753c00s4001,ok,,1,1,1,1,1,1,1,1,1,1,1,1,1
tan20241109t174753c00s4001-E,tan20241109t174753c00s4001,ok,,1,1,1,1,1,1,1,1,1,1,1,1,1
tan20241109t174753c00s4001-F,tan20241109t174753c00s4001,ok,,1,1,1,1,1,1,1,1,1,1,1,1,1
tan20241109t174753c00s4001-G,tan20241109t174753c00s4001,ok,,1,1,1,1,1,1,1,1,1,1,1,1,1
tan20241109t174753c00s4001-H,tan20241109t174753c00s4001,ok,,1,1,1,1,1,1,1,1,1,1,1,1,1
tan20241109t174753c00s4001-I,tan20241109t174753c00s4001,ok,,1,1,1,1,1,1,1,1,1,1,1,1,1
tan20241109t174753c00s4001-J,tan20241109t174753c00s4001,ok,,1,1,1,1,1,1,1,1,1,1,1,1,1
tan20241109t174753c00s4001-K,tan20241109t174753c00s4001,ok,,1,1,1,1,1,1,1,1,1,1,1,1,1
tan20241109t174753c00s4001-L,tan20241109t174753c00s4001,ok,,1,1,1,1,1,1,1,1,1,1,1,1,1
tan20241109t174753c00s4001-M,tan20241109t174753c00s4001,ok,,1,1,1,1,1,1,1,1,1,1,1,1,1
tan20241109t174753c00s4001-N,tan20241109t174753c00s4001,ok,,1,1,1,1,1,1,1,1,1,1,1,1,1
tan20241109t174753c00s4001-O,tan20241109t174753c00s4001,ok,,1,1,1,1,1,1,1,1,1,1,1,1,1
tan20241109t174753c00s4001-P,tan20241109t174753c00s4001,ok,,1,1,1,1,1,1,1,1,1,1,1,1,1
tan20241109t174753c00s4001-Q,tan20241109t174753c00s4001,ok,,1,1,1,1,1,1,1,1,1,1,1,1,1
tan20241109t174753c00s4001-R,tan20241109t174753c00s4001,ok,,1,1,1,1,1,1,1,1,1,1,1,1,1
tan20241109t174753c00s4001-T,tan20241109t174753c00s4001,ok,,1,1,1,1,1,1,1,1,1,1,1,1,1
tan20241109t174753c00s4001-U,tan20241109t174753c00s4001,ok,,1,1,1,1,1,1,1,1,1,1,1,1,1
tan20241109t174753c00s4001-V,tan20241109t174753c00s4001,ok,,1,1,1,1,1,1,1,1,1,1,1,1,1
tan20241121t183727c00s4001-B,tan20241121t183727c00s4001,ok,,1,1,1,1,1,1,1,1,1,1,1,1,1
tan20241122t070753c00s4001-A,tan20241122t070753c00s4001,ok,,1,1,1,1,1,1,1,1,1,1,1,1,1
tan20241202t111258c00s4001-A,tan20241202t111258c00s4001,ok,,1,1,1,1,1,1,1,1,1,1,1,1,1
tan20241203t073043c00s4001-A,tan20241203t073043c00s4001,ok,,1,1,1,1,1,1,1,1,1,1,1,1,1
tan20241203t073043c00s4001-B,tan20241203t073043c00s4001,ok,,1,1,1,1,1,1,1,1,1,1,1,1,1
tan20241203t073043c00s4001-C,tan20241203t073043c00s4001,ok,,1,1,1,1,1,1,1,1,1,1,1,1,1
tan20241203t073043c00s4001-D,tan20241203t073043c00s4001,ok,,1,1,1,1,1,1,1,1,1,1,1,1,1
tan20241203t073043c00s4001-E,tan20241203t073043c00s4001,ok,,1,1,1,1,1,1,1,1,1,1,1,1,1
tan20241203t073043c00s4001-F,tan20241203t073043c00s4001,ok,,1,1,1,1,1,1,1,1,1,1,1,1,1
tan20241203t073043c00s4001-G,tan20241203t073043c00s4001,ok,,1,1,1,1,1,1,1,1,1,1,1,1,1
tan20241203t073043c00s4001-H,tan20241203t073043c00s4001,ok,,1,1,1,1,1,1,1,1,1,1,1,1,1
tan20241203t073043c00s4001-I,tan20241203t073043c00s4001,ok,,1,1,1,1,1,1,1,1,1,1,1,1,1
tan20241203t073043c00s4001-J,tan20241203t073043c00s4001,ok,,1,1,1,1,1,1,1,1,1,1,1,1,1
tan20241203t073043c00s4001-K,tan20241203t073043c00s4001,ok,,1,1,1,1,1,1,1,1,1,1,1,1,1
tan20241203t073043c00s4001-L,tan20241203t073043c00s4001,ok,,1,1,1,1,1,1,1,1,1,1,1,1,1
tan20241203t073043c00s4001-M,tan20241203t073043c00s4001,ok,,1,1,1,1,1,1,1,1,1,1,1,1,1
tan20241203t073043c00s4001-N,tan20241203t073043c00s4001,ok,,1,1,1,1,1,1,1,1,1,1,1,1,1
tan20241203t073043c00s4001-O,tan20241203t073043c00s4001,ok,,1,1,1,1,1,1,1,1,1,1,1,1,1
tan20241203t073043c00s4001-P,tan20241203t073043c00s4001,ok,,1,1,1,1,1,1,1,1,1,1,1,1,1
tan20241203t073043c00s4001-Q,tan20241203t073043c00s4001,ok,,1,1,1,1,1,1,1,1,1,1,1,1,1
tan20241203t073043c00s4001-R,tan20241203t073043c00s4001,ok,,1,1,1,1,1,1,1,1,1,1,1,1,1
tan20241203t073043c00s4001-S,tan20241203t073043c00s4001,ok,,1,1,1,1,1,1,1,1,1,1,1,1,1
tan20241203t073043c00s4001-T,tan20241203t073043c00s4001,ok,,1,1,1,1,1,1,1,1,1,1,1,1,1
tan20241203t073043c00s4001-U,tan20241203t073043c00s4001,ok,,1,1,1,1,1,1,1,1,1,1,1,1,1
tan20241203t182808c00s4001-B,tan20241203t182808c00s4001,ok,,1,1,1,1,1,1,1,1,1,1,1,1,1
tan20241213t001505c00s4001-A,tan20241213t001505c00s4001,ok,,1,1,1,1,1,1,1,1,1,1,1,1,1
tan20241213t001505c00s4001-B,tan20241213t001505c00s4001,ok,,1,1,1,1,1,1,1,1,1,1,1,1,1
tan20241213t001505c00s4001-C,tan20241213t001505c00s4001,ok,,1,1,1,1,1,1,1,1,1,1,1,1,1
tan20241213t001505c00s4001-D,tan20241213t001505c00s4001,ok,,1,1,1,1,1,1,1,1,1,1,1,1,1
tan20241213t001505c00s4001-F,tan20241213t001505c00s4001,ok,,1,1,1,1,1,1,1,1,1,1,1,1,1
tan20241216t055718c00s4001-A,tan20241216t055718c00s4001,ok,,1,1,1,1,1,1,1,1,1,1,1,1,1
tan20241216t055718c00s4001-B,tan20241216t055718c00s4001,ok,,1,1,1,1,1,1,1,1,1,1,1,1,1
tan20241216t055718c00s4001-C,tan20241216t055718c00s4001,ok,,1,1,1,1,1,1,1,1,1,1,1,1,1
tan20241222t034343c00s4001-A,tan20241222t034343c00s4001,ok,,1,1,1,1,1,1,1,1,1,1,1,1,1
tan20241222t034343c00s4001-B,tan20241222t034343c00s4001,ok,,1,1,1,1,1,1,1,1,1,1,1,1,1
tan20241222t034343c00s4001-C,tan20241222t034343c00s4001,ok,,1,1,1,1,1,1,1,1,1,1,1,1,1
tan20241222t034343c00s4001-D,tan20241222t034343c00s4001,ok,,1,1,1,1,1,1,1,1,1,1,1,1,1
tan20241222t034343c00s4001-E,tan20241222t034343c00s4001,ok,,1,1,1,1,1,1,1,1,1,1,1,1,1
tan20241222t034343c00s4001-F,tan20241222t034343c00s4001,ok,,1,1,1,1,1,1,1,1,1,1,1,1,1
tan20241222t034343c00s4001-G,tan20241222t034343c00s4001,ok,,1,1,1,1,1,1,1,1,1,1,1,1,1
tan20241222t034343c00s4001-H,tan20241222t034343c00s4001,ok,,1,1,1,1,1,1,1,1,1,1,1,1,1
tan20241222t034343c00s4001-I,tan20241222t034343c00s4001,ok,,1,1,1,1,1,1,1,1,1,1,1,1,1
tan20241222t034343c00s4001-K,tan20241222t034343c00s4001,ok,,1,1,1,1,1,1,1,1,1,1,1,1,1
tan20241222t145812c00s4001-A,tan20241222t145812c00s4001,ok,,1,1,1,1,1,1,1,1,1,1,1,1,1
tan20241222t145812c00s4001-B,tan20241222t145812c00s4001,ok,,1,1,1,1,1,1,1,1,1,1,1,1,1
tan20241224t101944c00s4001-A,tan20241224t101944c00s4001,ok,,1,1,1,1,1,1,1,1,1,1,1,1,1
tan20241225t080702c00s4001-A,tan20241225t080702c00s4001,ok,,1,1,1,1,1,1,1,1,1,1,1,1,1
tan20241225t080702c00s4001-B,tan20241225t080702c00s4001,ok,,1,1,1,1,1,1,1,1,1,1,1,1,1
tan20241226t060035c00s4001-A,tan20241226t060035c00s4001,ok,,1,1,1,1,1,1,1,1,1,1,1,1,1
tan20241226t060035c00s4001-B,tan20241226t060035c00s4001,ok,,1,1,1,1,1,1,1,1,1,1,1,1,1
tan20241226t060035c00s4001-C,tan20241226t060035c00s4001,ok,,1,1,1,1,1,1,1,1,1,1,1,1,1
tan20241226t060035c00s4001-E,tan20241226t060035c00s4001,ok,,1,1,1,1,1,1,1,1,1,1,1,1,1
tan20241226t060035c00s4001-F,tan20241226t060035c00s4001,ok,,1,1,1,1,1,1,1,1,1,1,1,1,1
tan20241226t060035c00s4001-H,tan20241226t060035c00s4001,ok,,1,1,1,1,1,1,1,1,1,1,1,1,1
tan20250101t150035c00s4001-A,tan20250101t150035c00s4001,ok,,1,1,1,1,1,1,1,1,1,1,1,1,1
tan20250102t105724c00s4001-A,tan20250102t105724c00s4001,ok,,1,1,1,1,1,1,1,1,1,1,1,1,1
tan20250106t034636c00s4001-A,tan20250106t034636c00s4001,ok,,1,1,1,1,1,1,1,1,1,1,1,1,1
tan20250106t034636c00s4001-B,tan20250106t034636c00s4001,ok,,1,1,1,1,1,1,1,1,1,1,1,1,1
tan20250106t034636c00s4001-E,tan20250106t034636c00s4001,ok,,1,1,1,1,1,1,1,1,1,1,1,1,1
tan20250106t034636c00s4001-F,tan20250106t034636c00s4001,ok,,1,1,1,1,1,1,1,1,1,1,1,1,1
tan20250106t034636c00s4001-G,tan20250106t034636c00s4001,ok,,1,1,1,1,1,1,1,1,1,1,1,1,1
tan20250106t034636c00s4001-H,tan20250106t034636c00s4001,ok,,1,1,1,1,1,1,1,1,1,1,1,1,1
tan20250120t082948c00s4001-A,tan20250120t082948c00s4001,ok,,1,1,1,1,1,1,1,1,1,1,1,1,1
tan20250121t044428c00s4001-B,tan20250121t044428c00s4001,ok,,1,1,1,1,1,1,1,1,1,1,1,1,1
tan20250127t083045c00s4001-A,tan20250127t083045c00s4001,ok,,1,1,1,1,1,1,1,1,1,1,1,1,1
tan20250127t191931c00s4001-A,tan20250127t191931c00s4001,ok,,1,1,1,1,1,1,1,1,1,1,1,1,1
tan20250129t053109c00s4001-A,tan20250129t053109c00s4001,ok,,1,1,1,1,1,1,1,1,1,1,1,1,1
tan20250129t053109c00s4001-B,tan20250129t053109c00s4001,ok,,1,1,1,1,1,1,1,1,1,1,1,1,1
tan20250131t054730c00s4001-A,tan20250131t054730c00s4001,ok,,1,1,1,1,1,1,1,1,1,1,1,1,1
tan20250131t071719c00s4001-A,tan20250131t071719c00s4001,ok,,1,1,1,1,1,1,1,1,1,1,1,1,1
tan20250131t071719c00s4001-B,tan20250131t071719c00s4001,ok,,1,1,1,1,1,1,1,1,1,1,1,1,1
tan20250131t071719c00s4001-C,tan20250131t071719c00s4001,ok,,1,1,1,1,1,1,1,1,1,1,1,1,1
tan20250131t071719c00s4001-D,tan20250131t071719c00s4001,ok,,1,1,1,1,1,1,1,1,1,1,1,1,1
tan20250131t071908c00s4001-A,tan20250131t071908c00s4001,ok,,1,1,1,1,1,1,1,1,1,1,1,1,1
tan20250131t071908c00s4001-B,tan20250131t071908c00s4001,ok,,1,1,1,1,1,1,1,1,1,1,1,1,1
tan20250131t072141c00s4001-A,tan20250131t072141c00s4001,ok,,1,1,1,1,1,1,1,1,1,1,1,1,1
tan20250201t063704c00s4001-A,tan20250201t063704c00s4001,ok,,1,1,1,1,1,1,1,1,1,1,1,1,1
tan20250201t173348c00s4001-A,tan20250201t173348c00s4001,ok,,1,1,1,1,1,1,1,1,1,1,1,1,1
tan20250201t173348c00s4001-B,tan20250201t173348c00s4001,ok,,1,1,1,1,1,1,1,1,1,1,1,1,1
tan20250201t173348c00s4001-C,tan20250201t173348c00s4001,ok,,1,1,1,1,1,1,1,1,1,1,1,1,1
tan20250201t173348c00s4001-E,tan20250201t173348c00s4001,ok,,1,1,1,1,1,1,1,1,1,1,1,1,1
tan20250201t173348c00s4001-F,tan20250201t173348c00s4001,ok,,1,1,1,1,1,1,1,1,1,1,1,1,1
tan20250203t082443c00s4001-A,tan20250203t082443c00s4001,ok,,1,1,1,1,1,1,1,1,1,1,1,1,1
tan20250203t113104c00s4001-A,tan20250203t113104c00s4001,ok,,1,1,1,1,1,1,1,1,1,1,1,1,1
tan20250203t113104c00s4001-B,tan20250203t113104c00s4001,ok,,1,1,1,1,1,1,1,1,1,1,1,1,1
tan20250203t113104c00s4001-C,tan20250203t113104c00s4001,ok,,1,1,1,1,1,1,1,1,1,1,1,1,1
tan20250203t191818c00s4001-A,tan20250203t191818c00s4001,ok,,1,1,1,1,1,1,1,1,1,1,1,1,1
tan20250203t191818c00s4001-B,tan20250203t191818c00s4001,ok,,1,1,1,1,1,1,1,1,1,1,1,1,1
tan20250203t191818c00s4001-C,tan20250203t191818c00s4001,ok,,1,1,1,1,1,1,1,1,1,1,1,1,1
tan20250203t191818c00s4001-D,tan20250203t191818c00s4001,ok,,1,1,1,1,1,1,1,1,1,1,1,1,1
tan20250207t102601c00s4001-A,tan20250207t102601c00s4001,ok,,1,1,1,1,1,1,1,1,1,1,1,1,1
tan20250207t102601c00s4001-B,tan20250207t102601c00s4001,ok,,1,1,1,1,1,1,1,1,1,1,1,1,1
tan20250207t181204c00s4001-A,tan20250207t181204c00s4001,ok,,1,1,1,1,1,1,1,1,1,1,1,1,1
tan20250207t181204c00s4001-B,tan20250207t181204c00s4001,ok,,1,1,1,1,1,1,1,1,1,1,1,1,1
tan20250207t181204c00s4001-C,tan20250207t181204c00s4001,ok,,1,1,1,1,1,1,1,1,1,1,1,1,1
tan20250207t181204c00s4001-D,tan20250207t181204c00s4001,ok,,1,1,1,1,1,1,1,1,1,1,1,1,1
tan20250207t181204c00s4001-E,tan20250207t181204c00s4001,ok,,1,1,1,1,1,1,1,1,1,1,1,1,1
tan20250207t181204c00s4001-F,tan20250207t181204c00s4001,ok,,1,1,1,1,1,1,1,1,1,1,1,1,1
tan20250207t181204c00s4001-G,tan20250207t181204c00s4001,ok,,1,1,1,1,1,1,1,1,1,1,1,1,1
tan20250207t181204c00s4001-H,tan20250207t181204c00s4001,ok,,1,1,1,1,1,1,1,1,1,1,1,1,1
tan20250207t181204c00s4001-I,tan20250207t181204c00s4001,ok,,1,1,1,1,1,1,1,1,1,1,1,1,1
tan20250207t181204c00s4001-J,tan20250207t181204c00s4001,ok,,1,1,1,1,1,1,1,1,1,1,1,1,1
tan20250207t181204c00s4001-K,tan20250207t181204c00s4001,ok,,1,1,1,1,1,1,1,1,1,1,1,1,1
tan20250207t181204c00s4001-L,tan20250207t181204c00s4001,ok,,1,1,1,1,1,1,1,1,1,1,1,1,1
tan20250208t081427c00s4001-A,tan20250208t081427c00s4001,ok,,1,1,1,1,1,1,1,1,1,1,1,1,1
tan20250209t060109c00s4001-A,tan20250209t060109c00s4001,ok,,1,1,1,1,1,1,1,1,1,1,1,1,1
tan20250209t060109c00s4001-B,tan20250209t060109c00s4001,ok,,1,1,1,1,1,1,1,1,1,1,1,1,1
tan20250209t060109c00s4001-C,tan20250209t060109c00s4001,ok,,1,1,1,1,1,1,1,1,1,1,1,1,1
tan20250209t060109c00s4001-D,tan20250209t060109c00s4001,ok,,1,1,1,1,1,1,1,1,1,1,1,1,1
tan20250209t060109c00s4001-G,tan20250209t060109c00s4001,ok,,1,1,1,1,1,1,1,1,1,1,1,1,1
tan20250209t060109c00s4001-H,tan20250209t060109c00s4001,ok,,1,1,1,1,1,1,1,1,1,1,1,1,1
tan20250209t060109c00s4001-I,tan20250209t060109c00s4001,ok,,1,1,1,1,1,1,1,1,1,1,1,1,1
tan20250209t060109c00s4001-J,tan20250209t060109c00s4001,ok,,1,1,1,1,1,1,1,1,1,1,1,1,1
tan20250209t060109c00s4001-K,tan20250209t060109c00s4001,ok,,1,1,1,1,1,1,1,1,1,1,1,1,1
tan20250210t095817c00s4001-A,tan20250210t095817c00s4001,ok,,1,1,1,1,1,1,1,1,1,1,1,1,1
tan20250210t095817c00s4001-B,tan20250210t095817c00s4001,ok,,1,1,1,1,1,1,1,1,1,1,1,1,1
tan20250210t095817c00s4001-C,tan20250210t095817c00s4001,ok,,1,1,1,1,1,1,1,1,1,1,1,1,1
tan20250211t105024c00s4001-D,tan20250211t105024c00s4001,ok,,1,1,1,1,1,1,1,1,1,1,1,1,1
tan20250211t105024c00s4001-E,tan20250211t105024c00s4001,ok,,1,1,1,1,1,1,1,1,1,1,1,1,1
tan20250211t105024c00s4001-F,tan20250211t105024c00s4001,ok,,1,1,1,1,1,1,1,1,1,1,1,1,1
tan20250212t053525c00s4001-A,tan20250212t053525c00s4001,ok,,1,1,1,1,1,1,1,1,1,1,1,1,1
tan20250212t053525c00s4001-B,tan20250212t053525c00s4001,ok,,1,1,1,1,1,1,1,1,1,1,1,1,1
tan20250214t070723c00s4001-A,tan20250214t070723c00s4001,ok,,1,1,1,1,1,1,1,1,1,1,1,1,1
tan20250215t081551c00s4001-A,tan20250215t081551c00s4001,ok,,1,1,1,1,1,1,1,1,1,1,1,1,1
tan20250215t081551c00s4001-B,tan20250215t081551c00s4001,ok,,1,1,1,1,1,1,1,1,1,1,1,1,1
tan20250215t081551c00s4001-C,tan20250215t081551c00s4001,ok,,1,1,1,1,1,1,1,1,1,1,1,1,1
tan20250216t060003c00s4001-A,tan20250216t060003c00s4001,ok,,1,1,1,1,1,1,1,1,1,1,1,1,1
tan20250216t060003c00s4001-B,tan20250216t060003c00s4001,ok,,1,1,1,1,1,1,1,1,1,1,1,1,1
tan20250216t060003c00s4001-D,tan20250216t060003c00s4001,ok,,1,1,1,1,1,1,1,1,1,1,1,1,1
tan20250216t090419c00s4001-B,tan20250216t090419c00s4001,ok,,1,1,1,1,1,1,1,1,1,1,1,1,1
tan20250219t065620c00s4001-A,tan20250219t065620c00s4001,ok,,1,1,1,1,1,1,1,1,1,1,1,1,1
tan20250220t031300c00s4001-A,tan20250220t031300c00s4001,ok,,1,1,1,1,1,1,1,1,1,1,1,1,1
tan20250220t045141c00s4001-A,tan20250220t045141c00s4001,ok,,1,1,1,1,1,1,1,1,1,1,1,1,1
tan20250220t045141c00s4001-B,tan20250220t045141c00s4001,ok,,1,1,1,1,1,1,1,1,1,1,1,1,1
tan20250220t045331c00s4001-A,tan20250220t045331c00s4001,ok,,1,1,1,1,1,1,1,1,1,1,1,1,1
tan20250221t023341c00s4001-A,tan20250221t023341c00s4001,ok,,1,1,1,1,1,1,1,1,1,1,1,1,1
tan20250221t023341c00s4001-B,tan20250221t023341c00s4001,ok,,1,1,1,1,1,1,1,1,1,1,1,1,1
tan20250221t023341c00s4001-C,tan20250221t023341c00s4001,ok,,1,1,1,1,1,1,1,1,1,1,1,1,1
tan20250221t023341c00s4001-D,tan20250221t023341c00s4001,ok,,1,1,1,1,1,1,1,1,1,1,1,1,1
tan20250221t023341c00s4001-E,tan20250221t023341c00s4001,ok,,1,1,1,1,1,1,1,1,1,1,1,1,1
tan20250222t015145c00s4001-A,tan20250222t015145c00s4001,ok,,1,1,1,1,1,1,1,1,1,1,1,1,1
tan20250222t190418c00s4001-A,tan20250222t190418c00s4001,ok,,1,1,1,1,1,1,1,1,1,1,1,1,1
tan20250222t190418c00s4001-B,tan20250222t190418c00s4001,ok,,1,1,1,1,1,1,1,1,1,1,1,1,1
tan20250223t182330c00s4001-A,tan20250223t182330c00s4001,ok,,1,1,1,1,1,1,1,1,1,1,1,1,1
tan20250223t182330c00s4001-B,tan20250223t182330c00s4001,ok,,1,1,1,1,1,1,1,1,1,1,1,1,1
tan20250223t182611c00s4001-B,tan20250223t182611c00s4001,ok,,1,1,1,1,1,1,1,1,1,1,1,1,1
tan20250223t182611c00s4001-C,tan20250223t182611c00s4001,ok,,1,1,1,1,1,1,1,1,1,1,1,1,1
tan20250223t182611c00s4001-D,tan20250223t182611c00s4001,ok,,1,1,1,1,1,1,1,1,1,1,1,1,1
tan20250224t051633c00s4001-A,tan20250224t051633c00s4001,ok,,1,1,1,1,1,1,1,1,1,1,1,1,1
tan20250224t145514c00s4001-A,tan20250224t145514c00s4001,ok,,1,1,1,1,1,1,1,1,1,1,1,1,1
tan20250225t091255c00s4001-D,tan20250225t091255c00s4001,ok,,1,1,1,1,1,1,1,1,1,1,1,1,1
tan20250225t105102c00s4001-A,tan20250225t105102c00s4001,ok,,1,1,1,1,1,1,1,1,1,1,1,1,1
tan20250225t105102c00s4001-B,tan20250225t105102c00s4001,ok,,1,1,1,1,1,1,1,1,1,1,1,1,1
tan20250225t105102c00s4001-C,tan20250225t105102c00s4001,ok,,1,1,1,1,1,1,1,1,1,1,1,1,1
tan20250225t105102c00s4001-D,tan20250225t105102c00s4001,ok,,1,1,1,1,1,1,1,1,1,1,1,1,1
tan20250225t105102c00s4001-E,tan20250225t105102c00s4001,ok,,1,1,1,1,1,1,1,1,1,1,1,1,1
tan20250225t105102c00s4001-F,tan20250225t105102c00s4001,ok,,1,1,1,1,1,1,1,1,1,1,1,1,1
tan20250225t105102c00s4001-G,tan20250225t105102c00s4001,ok,,1,1,1,1,1,1,1,1,1,1,1,1,1
tan20250225t105102c00s4001-H,tan20250225t105102c00s4001,ok,,1,1,1,1,1,1,1,1,1,1,1,1,1
tan20250225t105102c00s4001-I,tan20250225t105102c00s4001,ok,,1,1,1,1,1,1,1,1,1,1,1,1,1
tan20250225t105102c00s4001-K,tan20250225t105102c00s4001,ok,,1,1,1,1,1,1,1,1,1,1,1,1,1
tan20250225t105102c00s4001-M,tan20250225t105102c00s4001,ok,,1,1,1,1,1,1,1,1,1,1,1,1,1
tan20250225t105102c00s4001-N,tan20250225t105102c00s4001,ok,,1,1,1,1,1,1,1,1,1,1,1,1,1
tan20250226t151118c00s4001-A,tan20250226t151118c00s4001,ok,,1,1,1,1,1,1,1,1,1,1,1,1,1
tan20250227t171554c00s4001-A,tan20250227t171554c00s4001,ok,,1,1,1,1,1,1,1,1,1,1,1,1,1
tan20250227t171554c00s4001-B,tan20250227t171554c00s4001,ok,,1,1,1,1,1,1,1,1,1,1,1,1,1
tan20250227t171554c00s4001-C,tan20250227t171554c00s4001,ok,,1,1,1,1,1,1,1,1,1,1,1,1,1
tan20250228t041236c00s4001-A,tan20250228t041236c00s4001,ok,,1,1,1,1,1,1,1,1,1,1,1,1,1
tan20250228t134534c00s4001-A,tan20250228t134534c00s4001,ok,,1,1,1,1,1,1,1,1,1,1,1,1,1
tan20250228t134534c00s4001-B,tan20250228t134534c00s4001,ok,,1,1,1,1,1,1,1,1,1,1,1,1,1
tan20250228t134534c00s4001-C,tan20250228t134534c00s4001,ok,,1,1,1,1,1,1,1,1,1,1,1,1,1
tan20250228t163714c00s4001-A,tan20250228t163714c00s4001,ok,,1,1,1,1,1,1,1,1,1,1,1,1,1
tan20250302t103925c00s4001-A,tan20250302t103925c00s4001,ok,,1,1,1,1,1,1,1,1,1,1,1,1,1
tan20250307t041040c00s4001-A,tan20250307t041040c00s4001,ok,,1,1,1,1,1,1,1,1,1,1,1,1,1
tan20250307t085322c00s4001-A,tan20250307t085322c00s4001,ok,,1,1,1,1,1,1,1,1,1,1,1,1,1
tan20250307t085322c00s4001-B,tan20250307t085322c00s4001,ok,,1,1,1,1,1,1,1,1,1,1,1,1,1
tan20250308t032907c00s4001-A,tan20250308t032907c00s4001,ok,,1,1,1,1,1,1,1,1,1,1,1,1,1
tan20250308t160249c00s4001-A,tan20250308t160249c00s4001,ok,,1,1,1,1,1,1,1,1,1,1,1,1,1
tan20250310t174950c00s4001-A,tan20250310t174950c00s4001,ok,,1,1,1,1,1,1,1,1,1,1,1,1,1
tan20250311t043117c00s4001-A,tan20250311t043117c00s4001,ok,,1,1,1,1,1,1,1,1,1,1,1,1,1
tan20250311t061535c00s4001-A,tan20250311t061535c00s4001,ok,,1,1,1,1,1,1,1,1,1,1,1,1,1
tan20250311t061535c00s4001-B,tan20250311t061535c00s4001,ok,,1,1,1,1,1,1,1,1,1,1,1,1,1
tan20250311t170657c00s4001-A,tan20250311t170657c00s4001,ok,,1,1,1,1,1,1,1,1,1,1,1,1,1
tan20250311t170657c00s4001-G,tan20250311t170657c00s4001,ok,,1,1,1,1,1,1,1,1,1,1,1,1,1
tan20250312t162417c00s4001-A,tan20250312t162417c00s4001,ok,,1,1,1,1,1,1,1,1,1,1,1,1,1
tan20250312t162716c00s4001-A,tan20250312t162716c00s4001,ok,,1,1,1,1,1,1,1,1,1,1,1,1,1
tan20250312t162716c00s4001-B,tan20250312t162716c00s4001,ok,,1,1,1,1,1,1,1,1,1,1,1,1,1
tan20250312t162716c00s4001-C,tan20250312t162716c00s4001,ok,,1,1,1,1,1,1,1,1,1,1,1,1,1
tan20250314t055110c00s4001-A,tan20250314t055110c00s4001,ok,,1,1,1,1,1,1,1,1,1,1,1,1,1
tan20250314t055110c00s4001-B,tan20250314t055110c00s4001,ok,,1,1,1,1,1,1,1,1,1,1,1,1,1
tan20250314t071736c00s4001-A,tan20250314t071736c00s4001,ok,,1,1,1,1,1,1,1,1,1,1,1,1,1
tan20250314t071736c00s4001-C,tan20250314t071736c00s4001,ok,,1,1,1,1,1,1,1,1,1,1,1,1,1
tan20250314t071736c00s4001-E,tan20250314t071736c00s4001,ok,,1,1,1,1,1,1,1,1,1,1,1,1,1
tan20250314t071736c00s4001-G,tan20250314t071736c00s4001,ok,,1,1,1,1,1,1,1,1,1,1,1,1,1
tan20250316t140245c00s4001-A,tan20250316t140245c00s4001,ok,,1,1,1,1,1,1,1,1,1,1,1,1,1
tan20250320t142846c00s4001-A,tan20250320t142846c00s4001,ok,,1,1,1,1,1,1,1,1,1,1,1,1,1
tan20250320t142846c00s4001-B,tan20250320t142846c00s4001,ok,,1,1,1,1,1,1,1,1,1,1,1,1,1
tan20250326t084108c00s4001-A,tan20250326t084108c00s4001,ok,,1,1,1,1,1,1,1,1,1,1,1,1,1
tan20250328t054218c00s4001-A,tan20250328t054218c00s4001,ok,,1,1,1,1,1,1,1,1,1,1,1,1,1
tan20250328t054218c00s4001-B,tan20250328t054218c00s4001,ok,,1,1,1,1,1,1,1,1,1,1,1,1,1
tan20250328t054218c00s4001-C,tan20250328t054218c00s4001,ok,,1,1,1,1,1,1,1,1,1,1,1,1,1
tan20250328t054218c00s4001-D,tan20250328t054218c00s4001,ok,,1,1,1,1,1,1,1,1,1,1,1,1,1
tan20250328t054218c00s4001-E,tan20250328t054218c00s4001,ok,,1,1,1,1,1,1,1,1,1,1,1,1,1
tan20250328t054218c00s4001-F,tan20250328t054218c00s4001,ok,,1,1,1,1,1,1,1,1,1,1,1,1,1
tan20250328t054218c00s4001-G,tan20250328t054218c00s4001,ok,,1,1,1,1,1,1,1,1,1,1,1,1,1
tan20250328t054218c00s4001-I,tan20250328t054218c00s4001,ok,,1,1,1,1,1,1,1,1,1,1,1,1,1
tan20250328t103503c00s4001-A,tan20250328t103503c00s4001,ok,,1,1,1,1,1,1,1,1,1,1,1,1,1
tan20250328t115934c00s4001-A,tan20250328t115934c00s4001,ok,,1,1,1,1,1,1,1,1,1,1,1,1,1
tan20250405t033428c00s4001-A,tan20250405t033428c00s4001,ok,,1,1,1,1,1,1,1,1,1,1,1,1,1
tan20250405t033428c00s4001-B,tan20250405t033428c00s4001,ok,,1,1,1,1,1,1,1,1,1,1,1,1,1
tan20250405t033428c00s4001-BZ,tan20250405t033428c00s4001,ok,,1,1,1,1,1,1,1,1,1,1,1,1,1
tan20250405t033428c00s4001-CA,tan20250405t033428c00s4001,ok,,1,1,1,1,1,1,1,1,1,1,1,1,1
tan20250405t033428c00s4001-CB,tan20250405t033428c00s4001,ok,,1,1,1,1,1,1,1,1,1,1,1,1,1
tan20250405t033428c00s4001-CC,tan20250405t033428c00s4001,ok,,1,1,1,1,1,1,1,1,1,1,1,1,1
tan20250405t033428c00s4001-CD,tan20250405t033428c00s4001,ok,,1,1,1,1,1,1,1,1,1,1,1,1,1
tan20250405t033428c00s4001-CE,tan20250405t033428c00s4001,ok,,1,1,1,1,1,1,1,1,1,1,1,1,1
tan20250405t033428c00s4001-CF,tan20250405t033428c00s4001,ok,,1,1,1,1,1,1,1,1,1,1,1,1,1
tan20250405t033428c00s4001-CG,tan20250405t033428c00s4001,ok,,1,1,1,1,1,1,1,1,1,1,1,1,1
tan20250405t033428c00s4001-D,tan20250405t033428c00s4001,ok,,1,1,1,1,1,1,1,1,1,1,1,1,1
tan20250405t033428c00s4001-E,tan20250405t033428c00s4001,ok,,1,1,1,1,1,1,1,1,1,1,1,1,1
tan20250405t033428c00s4001-F,tan20250405t033428c00s4001,ok,,1,1,1,1,1,1,1,1,1,1,1,1,1
tan20250405t033428c00s4001-G,tan20250405t033428c00s4001,ok,,1,1,1,1,1,1,1,1,1,1,1,1,1
tan20250405t033428c00s4001-H,tan20250405t033428c00s4001,ok,,1,1,1,1,1,1,1,1,1,1,1,1,1
tan20250405t033428c00s4001-I,tan20250405t033428c00s4001,ok,,1,1,1,1,1,1,1,1,1,1,1,1,1
tan20250405t033428c00s4001-J,tan20250405t033428c00s4001,ok,,1,1,1,1,1,1,1,1,1,1,1,1,1
tan20250405t033428c00s4001-K,tan20250405t033428c00s4001,ok,,1,1,1,1,1,1,1,1,1,1,1,1,1
tan20250405t033428c00s4001-L,tan20250405t033428c00s4001,ok,,1,1,1,1,1,1,1,1,1,1,1,1,1
tan20250405t033428c00s4001-M,tan20250405t033428c00s4001,ok,,1,1,1,1,1,1,1,1,1,1,1,1,1
tan20250405t033428c00s4001-N,tan20250405t033428c00s4001,ok,,1,1,1,1,1,1,1,1,1,1,1,1,1
tan20250405t033428c00s4001-O,tan20250405t033428c00s4001,ok,,1,1,1,1,1,1,1,1,1,1,1,1,1
tan20250405t033428c00s4001-P,tan20250405t033428c00s4001,ok,,1,1,1,1,1,1,1,1,1,1,1,1,1
tan20250405t033428c00s4001-Q,tan20250405t033428c00s4001,ok,,1,1,1,1,1,1,1,1,1,1,1,1,1
tan20250405t033428c00s4001-R,tan20250405t033428c00s4001,ok,,1,1,1,1,1,1,1,1,1,1,1,1,1
tan20250405t033428c00s4001-S,tan20250405t033428c00s4001,ok,,1,1,1,1,1,1,1,1,1,1,1,1,1
tan20250405t033428c00s4001-T,tan20250405t033428c00s4001,ok,,1,1,1,1,1,1,1,1,1,1,1,1,1
tan20250405t033428c00s4001-U,tan20250405t033428c00s4001,ok,,1,1,1,1,1,1,1,1,1,1,1,1,1
tan20250405t033428c00s4001-V,tan20250405t033428c00s4001,ok,,1,1,1,1,1,1,1,1,1,1,1,1,1
tan20250405t033428c00s4001-W,tan20250405t033428c00s4001,ok,,1,1,1,1,1,1,1,1,1,1,1,1,1
tan20250405t033428c00s4001-X,tan20250405t033428c00s4001,ok,,1,1,1,1,1,1,1,1,1,1,1,1,1
tan20250405t033428c00s4001-Y,tan20250405t033428c00s4001,ok,,1,1,1,1,1,1,1,1,1,1,1,1,1
tan20250407t174740c00s4001-A,tan20250407t174740c00s4001,ok,,1,1,1,1,1,1,1,1,1,1,1,1,1
tan20250407t174740c00s4001-D,tan20250407t174740c00s4001,ok,,1,1,1,1,1,1,1,1,1,1,1,1,1
tan20250407t175015c00s4001-A,tan20250407t175015c00s4001,ok,,1,1,1,1,1,1,1,1,1,1,1,1,1
tan20250407t175015c00s4001-B,tan20250407t175015c00s4001,ok,,1,1,1,1,1,1,1,1,1,1,1,1,1
tan20250407t175015c00s4001-C,tan20250407t175015c00s4001,ok,,1,1,1,1,1,1,1,1,1,1,1,1,1
tan20250407t175015c00s4001-D,tan20250407t175015c00s4001,ok,,1,1,1,1,1,1,1,1,1,1,1,1,1
tan20250407t175015c00s4001-E,tan20250407t175015c00s4001,ok,,1,1,1,1,1,1,1,1,1,1,1,1,1
tan20250407t175015c00s4001-G,tan20250407t175015c00s4001,ok,,1,1,1,1,1,1,1,1,1,1,1,1,1
tan20250407t175015c00s4001-H,tan20250407t175015c00s4001,ok,,1,1,1,1,1,1,1,1,1,1,1,1,1
tan20250407t175015c00s4001-L,tan20250407t175015c00s4001,ok,,1,1,1,1,1,1,1,1,1,1,1,1,1
tan20250407t175015c00s4001-M,tan20250407t175015c00s4001,ok,,1,1,1,1,1,1,1,1,1,1,1,1,1
tan20250407t175015c00s4001-N,tan20250407t175015c00s4001,ok,,1,1,1,1,1,1,1,1,1,1,1,1,1
tan20250407t175015c00s4001-O,tan20250407t175015c00s4001,ok,,1,1,1,1,1,1,1,1,1,1,1,1,1
tan20250408t030935c00s4001-A,tan20250408t030935c00s4001,ok,,1,1,1,1,1,1,1,1,1,1,1,1,1
tan20250410t172635c00s4001-A,tan20250410t172635c00s4001,ok,,1,1,1,1,1,1,1,1,1,1,1,1,1
tan20250411t055438c00s4001-A,tan20250411t055438c00s4001,ok,,1,1,1,1,1,1,1,1,1,1,1,1,1
tan20250411t055438c00s4001-B,tan20250411t055438c00s4001,ok,,1,1,1,1,1,1,1,1,1,1,1,1,1
tan20250411t055438c00s4001-C,tan20250411t055438c00s4001,ok,,1,1,1,1,1,1,1,1,1,1,1,1,1
tan20250411t055438c00s4001-D,tan20250411t055438c00s4001,ok,,1,1,1,1,1,1,1,1,1,1,1,1,1
tan20250411t152521c00s4001-A,tan20250411t152521c00s4001,ok,,1,1,1,1,1,1,1,1,1,1,1,1,1
tan20250411t152821c00s4001-C,tan20250411t152821c00s4001,ok,,1,1,1,1,1,1,1,1,1,1,1,1,1
tan20250415t061917c00s4001-A,tan20250415t061917c00s4001,ok,,1,1,1,1,1,1,1,1,1,1,1,1,1
tan20250415t061917c00s4001-B,tan20250415t061917c00s4001,ok,,1,1,1,1,1,1,1,1,1,1,1,1,1
tan20250415t061917c00s4001-E,tan20250415t061917c00s4001,ok,,1,1,1,1,1,1,1,1,1,1,1,1,1
tan20250415t061917c00s4001-F,tan20250415t061917c00s4001,ok,,1,1,1,1,1,1,1,1,1,1,1,1,1
tan20250415t061917c00s4001-G,tan20250415t061917c00s4001,ok,,1,1,1,1,1,1,1,1,1,1,1,1,1
tan20250415t061917c00s4001-H,tan20250415t061917c00s4001,ok,,1,1,1,1,1,1,1,1,1,1,1,1,1
tan20250416t024708c00s4001-A,tan20250416t024708c00s4001,ok,,1,1,1,1,1,1,1,1,1,1,1,1,1
tan20250417t003151c00s4001-A,tan20250417t003151c00s4001,ok,,1,1,1,1,1,1,1,1,1,1,1,1,1
tan20250420t091214c00s4001-A,tan20250420t091214c00s4001,ok,,1,1,1,1,1,1,1,1,1,1,1,1,1
tan20250420t091214c00s4001-B,tan20250420t091214c00s4001,ok,,1,1,1,1,1,1,1,1,1,1,1,1,1
tan20250422t061950c00s4001-A,tan20250422t061950c00s4001,ok,,1,1,1,1,1,1,1,1,1,1,1,1,1
tan20250422t061950c00s4001-B,tan20250422t061950c00s4001,ok,,1,1,1,1,1,1,1,1,1,1,1,1,1
tan20250422t061950c00s4001-C,tan20250422t061950c00s4001,ok,,1,1,1,1,1,1,1,1,1,1,1,1,1
tan20250422t061950c00s4001-D,tan20250422t061950c00s4001,ok,,1,1,1,1,1,1,1,1,1,1,1,1,1
tan20250422t061950c00s4001-E,tan20250422t061950c00s4001,ok,,1,1,1,1,1,1,1,1,1,1,1,1,1
tan20250422t061950c00s4001-F,tan20250422t061950c00s4001,ok,,1,1,1,1,1,1,1,1,1,1,1,1,1
tan20250422t061950c00s4001-H,tan20250422t061950c00s4001,ok,,1,1,1,1,1,1,1,1,1,1,1,1,1
tan20250422t061950c00s4001-I,tan20250422t061950c00s4001,ok,,1,1,1,1,1,1,1,1,1,1,1,1,1
tan20250422t062115c00s4001-A,tan20250422t062115c00s4001,ok,,1,1,1,1,1,1,1,1,1,1,1,1,1
tan20250423t054256c00s4001-A,tan20250423t054256c00s4001,ok,,1,1,1,1,1,1,1,1,1,1,1,1,1
tan20250423t054256c00s4001-B,tan20250423t054256c00s4001,ok,,1,1,1,1,1,1,1,1,1,1,1,1,1
tan20250423t071501c00s4001-B,tan20250423t071501c00s4001,ok,,1,1,1,1,1,1,1,1,1,1,1,1,1
tan20250423t162827c00s4001-B,tan20250423t162827c00s4001,ok,,1,1,1,1,1,1,1,1,1,1,1,1,1
tan20250424t062638c00s4001-A,tan20250424t062638c00s4001,ok,,1,1,1,1,1,1,1,1,1,1,1,1,1
tan20250424t062638c00s4001-B,tan20250424t062638c00s4001,ok,,1,1,1,1,1,1,1,1,1,1,1,1,1
tan20250424t062638c00s4001-C,tan20250424t062638c00s4001,ok,,1,1,1,1,1,1,1,1,1,1,1,1,1
tan20250426t064643c00s4001-A,tan20250426t064643c00s4001,ok,,1,1,1,1,1,1,1,1,1,1,1,1,1
tan20250426t082658c00s4001-A,tan20250426t082658c00s4001,ok,,1,1,1,1,1,1,1,1,1,1,1,1,1
tan20250426t082658c00s4001-B,tan20250426t082658c00s4001,ok,,1,1,1,1,1,1,1,1,1,1,1,1,1
tan20250427t060533c00s4001-A,tan20250427t060533c00s4001,ok,,1,1,1,1,1,1,1,1,1,1,1,1,1
tan20250427t104600c00s4001-A,tan20250427t104600c00s4001,ok,,1,1,1,1,1,1,1,1,1,1,1,1,1
tan20250427t104600c00s4001-B,tan20250427t104600c00s4001,ok,,1,1,1,1,1,1,1,1,1,1,1,1,1
tan20250427t104600c00s4001-C,tan20250427t104600c00s4001,ok,,1,1,1,1,1,1,1,1,1,1,1,1,1
tan20250427t104600c00s4001-H,tan20250427t104600c00s4001,ok,,1,1,1,1,1,1,1,1,1,1,1,1,1
tan20250427t183121c00s4001-A,tan20250427t183121c00s4001,ok,,1,1,1,1,1,1,1,1,1,1,1,1,1
tan20250428t161624c00s4001-A,tan20250428t161624c00s4001,ok,,1,1,1,1,1,1,1,1,1,1,1,1,1
tan20250428t161624c00s4001-B,tan20250428t161624c00s4001,ok,,1,1,1,1,1,1,1,1,1,1,1,1,1
tan20250428t161624c00s4001-E,tan20250428t161624c00s4001,ok,,1,1,1,1,1,1,1,1,1,1,1,1,1
tan20250428t161624c00s4001-F,tan20250428t161624c00s4001,ok,,1,1,1,1,1,1,1,1,1,1,1,1,1
tan20250429t074752c00s4001-A,tan20250429t074752c00s4001,ok,,1,1,1,1,1,1,1,1,1,1,1,1,1
tan20250430t151737c00s4001-A,tan20250430t151737c00s4001,ok,,1,1,1,1,1,1,1,1,1,1,1,1,1
tan20250430t151737c00s4001-B,tan20250430t151737c00s4001,ok,,1,1,1,1,1,1,1,1,1,1,1,1,1
tan20250430t151920c00s4001-A,tan20250430t151920c00s4001,ok,,1,1,1,1,1,1,1,1,1,1,1,1,1
tan20250430t180543c00s4001-A,tan20250430t180543c00s4001,ok,,1,1,1,1,1,1,1,1,1,1,1,1,1
tan20250430t180543c00s4001-B,tan20250430t180543c00s4001,ok,,1,1,1,1,1,1,1,1,1,1,1,1,1
tan20250430t180543c00s4001-C,tan20250430t180543c00s4001,ok,,1,1,1,1,1,1,1,1,1,1,1,1,1
tan20250430t180543c00s4001-D,tan20250430t180543c00s4001,ok,,1,1,1,1,1,1,1,1,1,1,1,1,1
tan20250430t180543c00s4001-E,tan20250430t180543c00s4001,ok,,1,1,1,1,1,1,1,1,1,1,1,1,1
tan20250430t180543c00s4001-F,tan20250430t180543c00s4001,ok,,1,1,1,1,1,1,1,1,1,1,1,1,1
tan20250430t180543c00s4001-G,tan20250430t180543c00s4001,ok,,1,1,1,1,1,1,1,1,1,1,1,1,1
tan20250430t180543c00s4001-H,tan20250430t180543c00s4001,ok,,1,1,1,1,1,1,1,1,1,1,1,1,1
tan20250430t180543c00s4001-I,tan20250430t180543c00s4001,ok,,1,1,1,1,1,1,1,1,1,1,1,1,1
tan20250430t180543c00s4001-J,tan20250430t180543c00s4001,ok,,1,1,1,1,1,1,1,1,1,1,1,1,1
tan20250430t180543c00s4001-K,tan20250430t180543c00s4001,ok,,1,1,1,1,1,1,1,1,1,1,1,1,1
tan20250430t180543c00s4001-M,tan20250430t180543c00s4001,ok,,1,1,1,1,1,1,1,1,1,1,1,1,1
tan20250430t180543c00s4001-P,tan20250430t180543c00s4001,ok,,1,1,1,1,1,1,1,1,1,1,1,1,1
tan20250430t180543c00s4001-R,tan20250430t180543c00s4001,ok,,1,1,1,1,1,1,1,1,1,1,1,1,1
tan20250430t180543c00s4001-T,tan20250430t180543c00s4001,ok,,1,1,1,1,1,1,1,1,1,1,1,1,1
tan20250430t180543c00s4001-U,tan20250430t180543c00s4001,ok,,1,1,1,1,1,1,1,1,1,1,1,1,1
tan20250430t180543c00s4001-V,tan20250430t180543c00s4001,ok,,1,1,1,1,1,1,1,1,1,1,1,1,1
tan20250430t180543c00s4001-W,tan20250430t180543c00s4001,ok,,1,1,1,1,1,1,1,1,1,1,1,1,1
tan20250430t193530c00s4001-A,tan20250430t193530c00s4001,ok,,1,1,1,1,1,1,1,1,1,1,1,1,1
tan20250501t143316c00s4001-A,tan20250501t143316c00s4001,ok,,1,1,1,1,1,1,1,1,1,1,1,1,1
tan20250501t143614c00s4001-A,tan20250501t143614c00s4001,ok,,1,1,1,1,1,1,1,1,1,1,1,1,1
tan20250503t033800c00s4001-A,tan20250503t033800c00s4001,ok,,1,1,1,1,1,1,1,1,1,1,1,1,1
tan20250503t033800c00s4001-B,tan20250503t033800c00s4001,ok,,1,1,1,1,1,1,1,1,1,1,1,1,1
tan20250503t033800c00s4001-C,tan20250503t033800c00s4001,ok,,1,1,1,1,1,1,1,1,1,1,1,1,1
tan20250503t033800c00s4001-D,tan20250503t033800c00s4001,ok,,1,1,1,1,1,1,1,1,1,1,1,1,1
tan20250503t033800c00s4001-E,tan20250503t033800c00s4001,ok,,1,1,1,1,1,1,1,1,1,1,1,1,1
tan20250503t033800c00s4001-F,tan20250503t033800c00s4001,ok,,1,1,1,1,1,1,1,1,1,1,1,1,1
tan20250503t033800c00s4001-G,tan20250503t033800c00s4001,ok,,1,1,1,1,1,1,1,1,1,1,1,1,1
tan20250503t033800c00s4001-H,tan20250503t033800c00s4001,ok,,1,1,1,1,1,1,1,1,1,1,1,1,1
tan20250503t033800c00s4001-I,tan20250503t033800c00s4001,ok,,1,1,1,1,1,1,1,1,1,1,1,1,1
tan20250503t033800c00s4001-J,tan20250503t033800c00s4001,ok,,1,1,1,1,1,1,1,1,1,1,1,1,1
tan20250503t033800c00s4001-K,tan20250503t033800c00s4001,ok,,1,1,1,1,1,1,1,1,1,1,1,1,1
tan20250503t033800c00s4001-L,tan20250503t033800c00s4001,ok,,1,1,1,1,1,1,1,1,1,1,1,1,1
tan20250503t033800c00s4001-M,tan20250503t033800c00s4001,ok,,1,1,1,1,1,1,1,1,1,1,1,1,1
tan20250503t033800c00s4001-N,tan20250503t033800c00s4001,ok,,1,1,1,1,1,1,1,1,1,1,1,1,1
tan20250503t033800c00s4001-O,tan20250503t033800c00s4001,ok,,1,1,1,1,1,1,1,1,1,1,1,1,1
tan20250503t033800c00s4001-P,tan20250503t033800c00s4001,ok,,1,1,1,1,1,1,1,1,1,1,1,1,1
tan20250503t033800c00s4001-Q,tan20250503t033800c00s4001,ok,,1,1,1,1,1,1,1,1,1,1,1,1,1
tan20250503t033800c00s4001-R,tan20250503t033800c00s4001,ok,,1,1,1,1,1,1,1,1,1,1,1,1,1
tan20250503t033800c00s4001-S,tan20250503t033800c00s4001,ok,,1,1,1,1,1,1,1,1,1,1,1,1,1
tan20250503t033800c00s4001-T,tan20250503t033800c00s4001,ok,,1,1,1,1,1,1,1,1,1,1,1,1,1
tan20250503t033800c00s4001-U,tan20250503t033800c00s4001,ok,,1,1,1,1,1,1,1,1,1,1,1,1,1
tan20250503t033800c00s4001-V,tan20250503t033800c00s4001,ok,,1,1,1,1,1,1,1,1,1,1,1,1,1
tan20250503t033800c00s4001-W,tan20250503t033800c00s4001,ok,,1,1,1,1,1,1,1,1,1,1,1,1,1
tan20250503t033800c00s4001-X,tan20250503t033800c00s4001,ok,,1,1,1,1,1,1,1,1,1,1,1,1,1
tan20250503t173943c00s4001-A,tan20250503t173943c00s4001,ok,,1,1,1,1,1,1,1,1,1,1,1,1,1
tan20250503t173943c00s4001-B,tan20250503t173943c00s4001,ok,,1,1,1,1,1,1,1,1,1,1,1,1,1
tan20250503t173943c00s4001-C,tan20250503t173943c00s4001,ok,,1,1,1,1,1,1,1,1,1,1,1,1,1
tan20250503t173943c00s4001-D,tan20250503t173943c00s4001,ok,,1,1,1,1,1,1,1,1,1,1,1,1,1
tan20250504t140709c00s4001-A,tan20250504t140709c00s4001,ok,,1,1,1,1,1,1,1,1,1,1,1,1,1
tan20250504t170015c00s4001-A,tan20250504t170015c00s4001,ok,,1,1,1,1,1,1,1,1,1,1,1,1,1
tan20250506t043936c00s4001-A,tan20250506t043936c00s4001,ok,,1,1,1,1,1,1,1,1,1,1,1,1,1
tan20250508t080701c00s4001-A,tan20250508t080701c00s4001,ok,,1,1,1,1,1,1,1,1,1,1,1,1,1
tan20250510t033900c00s4001-A,tan20250510t033900c00s4001,ok,,1,1,1,1,1,1,1,1,1,1,1,1,1
tan20250510t033900c00s4001-B,tan20250510t033900c00s4001,ok,,1,1,1,1,1,1,1,1,1,1,1,1,1
tan20250510t033900c00s4001-C,tan20250510t033900c00s4001,ok,,1,1,1,1,1,1,1,1,1,1,1,1,1
tan20250510t033900c00s4001-D,tan20250510t033900c00s4001,ok,,1,1,1,1,1,1,1,1,1,1,1,1,1
tan20250510t033900c00s4001-E,tan20250510t033900c00s4001,ok,,1,1,1,1,1,1,1,1,1,1,1,1,1
tan20250510t033900c00s4001-F,tan20250510t033900c00s4001,ok,,1,1,1,1,1,1,1,1,1,1,1,1,1
tan20250513t171757c00s4001-A,tan20250513t171757c00s4001,ok,,1,1,1,1,1,1,1,1,1,1,1,1,1
tan20250513t171757c00s4001-E,tan20250513t171757c00s4001,ok,,1,1,1,1,1,1,1,1,1,1,1,1,1
tan20250515t080950c00s4001-A,tan20250515t080950c00s4001,ok,,1,1,1,1,1,1,1,1,1,1,1,1,1
tan20250515t080950c00s4001-B,tan20250515t080950c00s4001,ok,,1,1,1,1,1,1,1,1,1,1,1,1,1
tan20250515t080950c00s4001-C,tan20250515t080950c00s4001,ok,,1,1,1,1,1,1,1,1,1,1,1,1,1
tan20250515t080950c00s4001-D,tan20250515t080950c00s4001,ok,,1,1,1,1,1,1,1,1,1,1,1,1,1
tan20250515t172436c00s4001-A,tan20250515t172436c00s4001,ok,,1,1,1,1,1,1,1,1,1,1,1,1,1
tan20250516t055035c00s4001-A,tan20250516t055035c00s4001,ok,,1,1,1,1,1,1,1,1,1,1,1,1,1
tan20250516t055035c00s4001-B,tan20250516t055035c00s4001,ok,,1,1,1,1,1,1,1,1,1,1,1,1,1
tan20250518t183443c00s4001-A,tan20250518t183443c00s4001,ok,,1,1,1,1,1,1,1,1,1,1,1,1,1
tan20250519t163115c00s4001-A,tan20250519t163115c00s4001,ok,,1,1,1,1,1,1,1,1,1,1,1,1,1
tan20250519t163115c00s4001-B,tan20250519t163115c00s4001,ok,,1,1,1,1,1,1,1,1,1,1,1,1,1
tan20250519t175408c00s4001-A,tan20250519t175408c00s4001,ok,,1,1,1,1,1,1,1,1,1,1,1,1,1
tan20250519t175802c00s4001-A,tan20250519t175802c00s4001,ok,,1,1,1,1,1,1,1,1,1,1,1,1,1
tan20250519t175802c00s4001-C,tan20250519t175802c00s4001,ok,,1,1,1,1,1,1,1,1,1,1,1,1,1
tan20250519t175802c00s4001-D,tan20250519t175802c00s4001,ok,,1,1,1,1,1,1,1,1,1,1,1,1,1
tan20250519t175802c00s4001-E,tan20250519t175802c00s4001,ok,,1,1,1,1,1,1,1,1,1,1,1,1,1
tan20250519t175802c00s4001-G,tan20250519t175802c00s4001,ok,,1,1,1,1,1,1,1,1,1,1,1,1,1
tan20250519t175802c00s4001-H,tan20250519t175802c00s4001,ok,,1,1,1,1,1,1,1,1,1,1,1,1,1
tan20250520t062128c00s4001-A,tan20250520t062128c00s4001,ok,,1,1,1,1,1,1,1,1,1,1,1,1,1
tan20250521t134103c11s4001-B,tan20250521t134103c11s4001,ok,,1,1,1,1,1,1,1,1,1,1,1,1,1
tan20250521t134251c33s4001-A,tan20250521t134251c33s4001,ok,,1,1,1,1,1,1,1,1,1,1,1,1,1
tan20250521t134251c33s4001-B,tan20250521t134251c33s4001,ok,,1,1,1,1,1,1,1,1,1,1,1,1,1
tan20250521t134251c33s4001-C,tan20250521t134251c33s4001,ok,,1,1,1,1,1,1,1,1,1,1,1,1,1
tan20250521t134251c33s4001-E,tan20250521t134251c33s4001,ok,,1,1,1,1,1,1,1,1,1,1,1,1,1
tan20250521t134251c33s4001-F,tan20250521t134251c33s4001,ok,,1,1,1,1,1,1,1,1,1,1,1,1,1
tan20250523t072811c30s4001-A,tan20250523t072811c30s4001,ok,,1,1,1,1,1,1,1,1,1,1,1,1,1
tan20250523t072811c30s4001-B,tan20250523t072811c30s4001,ok,,1,1,1,1,1,1,1,1,1,1,1,1,1
tan20250523t072811c30s4001-C,tan20250523t072811c30s4001,ok,,1,1,1,1,1,1,1,1,1,1,1,1,1
tan20250523t072811c30s4001-D,tan20250523t072811c30s4001,ok,,1,1,1,1,1,1,1,1,1,1,1,1,1
tan20250523t073215c76s4001-A,tan20250523t073215c76s4001,ok,,1,1,1,1,1,1,1,1,1,1,1,1,1
tan20250524t174707c30s4001-A,tan20250524t174707c30s4001,ok,,1,1,1,1,1,1,1,1,1,1,1,1,1
tan20250524t191453c46s4001-A,tan20250524t191453c46s4001,ok,,1,1,1,1,1,1,1,1,1,1,1,1,1
tan20250525t140948c30s4001-A,tan20250525t140948c30s4001,ok,,1,1,1,1,1,1,1,1,1,1,1,1,1
tan20250525t140948c30s4001-B,tan20250525t140948c30s4001,ok,,1,1,1,1,1,1,1,1,1,1,1,1,1
tan20250526t100707c08s4001-A,tan20250526t100707c08s4001,ok,,1,1,1,1,1,1,1,1,1,1,1,1,1
tan20250526t192852c22s4001-D,tan20250526t192852c22s4001,ok,,1,1,1,1,1,1,1,1,1,1,1,1,1
tan20250527t184828c48s4001-A,tan20250527t184828c48s4001,ok,,1,1,1,1,1,1,1,1,1,1,1,1,1
tan20250527t184828c48s4001-B,tan20250527t184828c48s4001,ok,,1,1,1,1,1,1,1,1,1,1,1,1,1
tan20250527t184828c48s4001-C,tan20250527t184828c48s4001,ok,,1,1,1,1,1,1,1,1,1,1,1,1,1
tan20250527t184828c48s4001-D,tan20250527t184828c48s4001,ok,,1,1,1,1,1,1,1,1,1,1,1,1,1
tan20250528t180916c76s4001-A,tan20250528t180916c76s4001,ok,,1,1,1,1,1,1,1,1,1,1,1,1,1
tan20250528t180916c76s4001-E,tan20250528t180916c76s4001,ok,,1,1,1,1,1,1,1,1,1,1,1,1,1
tan20250528t180916c76s4001-F,tan20250528t180916c76s4001,ok,,1,1,1,1,1,1,1,1,1,1,1,1,1
tan20250528t180916c76s4001-I,tan20250528t180916c76s4001,ok,,1,1,1,1,1,1,1,1,1,1,1,1,1
tan20250528t180916c76s4001-J,tan20250528t180916c76s4001,ok,,1,1,1,1,1,1,1,1,1,1,1,1,1
tan20250529t050011c58s4001-A,tan20250529t050011c58s4001,ok,,1,1,1,1,1,1,1,1,1,1,1,1,1
tan20250530t090308c58s4001-A,tan20250530t090308c58s4001,ok,,1,1,1,1,1,1,1,1,1,1,1,1,1
tan20250530t090446c25s4001-A,tan20250530t090446c25s4001,ok,,1,1,1,1,1,1,1,1,1,1,1,1,1
tan20250530t090446c25s4001-B,tan20250530t090446c25s4001,ok,,1,1,1,1,1,1,1,1,1,1,1,1,1
tan20250530t090446c25s4001-C,tan20250530t090446c25s4001,ok,,1,1,1,1,1,1,1,1,1,1,1,1,1
tan20250530t090446c25s4001-D,tan20250530t090446c25s4001,ok,,1,1,1,1,1,1,1,1,1,1,1,1,1
tan20250530t090446c25s4001-E,tan20250530t090446c25s4001,ok,,1,1,1,1,1,1,1,1,1,1,1,1,1
tan20250530t103458c58s4001-A,tan20250530t103458c58s4001,ok,,1,1,1,1,1,1,1,1,1,1,1,1,1
tan20250531t065058c58s4001-A,tan20250531t065058c58s4001,ok,,1,1,1,1,1,1,1,1,1,1,1,1,1
tan20250531t082207c30s4001-A,tan20250531t082207c30s4001,ok,,1,1,1,1,1,1,1,1,1,1,1,1,1
tan20250531t174100c58s4001-A,tan20250531t174100c58s4001,ok,,1,1,1,1,1,1,1,1,1,1,1,1,1
tan20250601t060447c30s4001-A,tan20250601t060447c30s4001,ok,,1,1,1,1,1,1,1,1,1,1,1,1,1
tan20250601t060447c30s4001-B,tan20250601t060447c30s4001,ok,,1,1,1,1,1,1,1,1,1,1,1,1,1
tan20250601t060447c30s4001-C,tan20250601t060447c30s4001,ok,,1,1,1,1,1,1,1,1,1,1,1,1,1
tan20250601t060447c30s4001-D,tan20250601t060447c30s4001,ok,,1,1,1,1,1,1,1,1,1,1,1,1,1
tan20250601t060447c30s4001-F,tan20250601t060447c30s4001,ok,,1,1,1,1,1,1,1,1,1,1,1,1,1
tan20250601t060447c30s4001-G,tan20250601t060447c30s4001,ok,,1,1,1,1,1,1,1,1,1,1,1,1,1
tan20250601t060447c30s4001-H,tan20250601t060447c30s4001,ok,,1,1,1,1,1,1,1,1,1,1,1,1,1
tan20250601t060447c30s4001-I,tan20250601t060447c30s4001,ok,,1,1,1,1,1,1,1,1,1,1,1,1,1
tan20250601t060447c30s4001-J,tan20250601t060447c30s4001,ok,,1,1,1,1,1,1,1,1,1,1,1,1,1
tan20250601t060447c30s4001-K,tan20250601t060447c30s4001,ok,,1,1,1,1,1,1,1,1,1,1,1,1,1
tan20250601t060447c30s4001-L,tan20250601t060447c30s4001,ok,,1,1,1,1,1,1,1,1,1,1,1,1,1
tan20250601t060447c30s4001-M,tan20250601t060447c30s4001,ok,,1,1,1,1,1,1,1,1,1,1,1,1,1
tan20250601t060447c30s4001-N,tan20250601t060447c30s4001,ok,,1,1,1,1,1,1,1,1,1,1,1,1,1
tan20250601t060447c30s4001-O,tan20250601t060447c30s4001,ok,,1,1,1,1,1,1,1,1,1,1,1,1,1
tan20250601t060447c30s4001-P,tan20250601t060447c30s4001,ok,,1,1,1,1,1,1,1,1,1,1,1,1,1
tan20250601t060447c30s4001-Q,tan20250601t060447c30s4001,ok,,1,1,1,1,1,1,1,1,1,1,1,1,1
tan20250601t060447c30s4001-R,tan20250601t060447c30s4001,ok,,1,1,1,1,1,1,1,1,1,1,1,1,1
tan20250601t060447c30s4001-S,tan20250601t060447c30s4001,ok,,1,1,1,1,1,1,1,1,1,1,1,1,1
tan20250601t060447c30s4001-T,tan20250601t060447c30s4001,ok,,1,1,1,1,1,1,1,1,1,1,1,1,1
tan20250601t060447c30s4001-U,tan20250601t060447c30s4001,ok,,1,1,1,1,1,1,1,1,1,1,1,1,1
tan20250601t060447c30s4001-V,tan20250601t060447c30s4001,ok,,1,1,1,1,1,1,1,1,1,1,1,1,1
tan20250601t060447c30s4001-W,tan20250601t060447c30s4001,ok,,1,1,1,1,1,1,1,1,1,1,1,1,1
tan20250601t074124c30s4001-A,tan20250601t074124c30s4001,ok,,1,1,1,1,1,1,1,1,1,1,1,1,1
tan20250601t074124c30s4001-B,tan20250601t074124c30s4001,ok,,1,1,1,1,1,1,1,1,1,1,1,1,1
tan20250601t074124c30s4001-C,tan20250601t074124c30s4001,ok,,1,1,1,1,1,1,1,1,1,1,1,1,1
tan20250601t154321c30s4001-A,tan20250601t154321c30s4001,ok,,1,1,1,1,1,1,1,1,1,1,1,1,1
tan20250606t121447c36s4001-A,tan20250606t121447c36s4001,ok,,1,1,1,1,1,1,1,1,1,1,1,1,1
tan20250607t082942c36s4001-A,tan20250607t082942c36s4001,ok,,1,1,1,1,1,1,1,1,1,1,1,1,1
tan20250607t095523c36s4001-A,tan20250607t095523c36s4001,ok,,1,1,1,1,1,1,1,1,1,1,1,1,1
tan20250608t091557c58s4001-A,tan20250608t091557c58s4001,ok,,1,1,1,1,1,1,1,1,1,1,1,1,1
tan20250608t183612c48s4001-A,tan20250608t183612c48s4001,ok,,1,1,1,1,1,1,1,1,1,1,1,1,1
tan20250610t045217c12s4001-A,tan20250610t045217c12s4001,ok,,1,1,1,1,1,1,1,1,1,1,1,1,1
tan20250610t045217c12s4001-B,tan20250610t045217c12s4001,ok,,1,1,1,1,1,1,1,1,1,1,1,1,1
tan20250610t045217c12s4001-C,tan20250610t045217c12s4001,ok,,1,1,1,1,1,1,1,1,1,1,1,1,1
tan20250610t045217c12s4001-D,tan20250610t045217c12s4001,ok,,1,1,1,1,1,1,1,1,1,1,1,1,1
tan20250610t045217c12s4001-E,tan20250610t045217c12s4001,ok,,1,1,1,1,1,1,1,1,1,1,1,1,1
tan20250610t110425c95s4001-A,tan20250610t110425c95s4001,ok,,1,1,1,1,1,1,1,1,1,1,1,1,1
tan20250610t110425c95s4001-B,tan20250610t110425c95s4001,ok,,1,1,1,1,1,1,1,1,1,1,1,1,1
tan20250610t110425c95s4001-C,tan20250610t110425c95s4001,ok,,1,1,1,1,1,1,1,1,1,1,1,1,1
tan20250610t110425c95s4001-D,tan20250610t110425c95s4001,ok,,1,1,1,1,1,1,1,1,1,1,1,1,1
tan20250610t110425c95s4001-E,tan20250610t110425c95s4001,ok,,1,1,1,1,1,1,1,1,1,1,1,1,1
tan20250610t110425c95s4001-F,tan20250610t110425c95s4001,ok,,1,1,1,1,1,1,1,1,1,1,1,1,1
tan20250610t110425c95s4001-G,tan20250610t110425c95s4001,ok,,1,1,1,1,1,1,1,1,1,1,1,1,1
tan20250610t110425c95s4001-H,tan20250610t110425c95s4001,ok,,1,1,1,1,1,1,1,1,1,1,1,1,1
tan20250611t194304c59s4001-A,tan20250611t194304c59s4001,ok,,1,1,1,1,1,1,1,1,1,1,1,1,1
tan20250612t063736c58s4001-A,tan20250612t063736c58s4001,ok,,1,1,1,1,1,1,1,1,1,1,1,1,1
tan20250612t080918c12s4001-A,tan20250612t080918c12s4001,ok,,1,1,1,1,1,1,1,1,1,1,1,1,1
tan20250612t080918c12s4001-B,tan20250612t080918c12s4001,ok,,1,1,1,1,1,1,1,1,1,1,1,1,1
tan20250615t091743c58s4001-A,tan20250615t091743c58s4001,ok,,1,1,1,1,1,1,1,1,1,1,1,1,1
tan20250615t104827c58s4001-B,tan20250615t104827c58s4001,ok,,1,1,1,1,1,1,1,1,1,1,1,1,1
tan20250615t105053c58s4001-A,tan20250615t105053c58s4001,ok,,1,1,1,1,1,1,1,1,1,1,1,1,1
tan20250615t105240c95s4001-A,tan20250615t105240c95s4001,ok,,1,1,1,1,1,1,1,1,1,1,1,1,1
tan20250618t194406c36s4001-A,tan20250618t194406c36s4001,ok,,1,1,1,1,1,1,1,1,1,1,1,1,1
tan20250619t081641c58s4001-A,tan20250619t081641c58s4001,ok,,1,1,1,1,1,1,1,1,1,1,1,1,1
tan20250619t190517c36s4001-A,tan20250619t190517c36s4001,ok,,1,1,1,1,1,1,1,1,1,1,1,1,1
tan20250620t073356c58s4001-A,tan20250620t073356c58s4001,ok,,1,1,1,1,1,1,1,1,1,1,1,1,1
tan20250620t073356c58s4001-C,tan20250620t073356c58s4001,ok,,1,1,1,1,1,1,1,1,1,1,1,1,1
tan20250620t073356c58s4001-D,tan20250620t073356c58s4001,ok,,1,1,1,1,1,1,1,1,1,1,1,1,1
tan20250620t073356c58s4001-E,tan20250620t073356c58s4001,ok,,1,1,1,1,1,1,1,1,1,1,1,1,1
tan20250620t073356c58s4001-G,tan20250620t073356c58s4001,ok,,1,1,1,1,1,1,1,1,1,1,1,1,1
tan20250620t073356c58s4001-H,tan20250620t073356c58s4001,ok,,1,1,1,1,1,1,1,1,1,1,1,1,1
tan20250620t182352c47s4001-B,tan20250620t182352c47s4001,ok,,1,1,1,1,1,1,1,1,1,1,1,1,1
tan20250623t070323c36s4001-A,tan20250623t070323c36s4001,ok,,1,1,1,1,1,1,1,1,1,1,1,1,1
tan20250623t193151c25s4001-Z,tan20250623t193151c25s4001,ok,,1,1,1,1,1,1,1,1,1,1,1,1,1
tan20250624t075906c58s4001-A,tan20250624t075906c58s4001,ok,,1,1,1,1,1,1,1,1,1,1,1,1,1
tan20250624t075906c58s4001-B,tan20250624t075906c58s4001,ok,,1,1,1,1,1,1,1,1,1,1,1,1,1
tan20250624t075906c58s4001-C,tan20250624t075906c58s4001,ok,,1,1,1,1,1,1,1,1,1,1,1,1,1
tan20250628t065154c33s4001-A,tan20250628t065154c33s4001,ok,,1,1,1,1,1,1,1,1,1,1,1,1,1
tan20250628t191743c55s4001-A,tan20250628t191743c55s4001,ok,,1,1,1,1,1,1,1,1,1,1,1,1,1
tan20250629t141406c33s4001-A,tan20250629t141406c33s4001,ok,,1,1,1,1,1,1,1,1,1,1,1,1,1
tan20250629t141406c33s4001-C,tan20250629t141406c33s4001,ok,,1,1,1,1,1,1,1,1,1,1,1,1,1
tan20250630t101451c03s4001-B,tan20250630t101451c03s4001,ok,,1,1,1,1,1,1,1,1,1,1,1,1,1
tan20250630t114601c33s4001-A,tan20250630t114601c33s4001,ok,,1,1,1,1,1,1,1,1,1,1,1,1,1
tan20250630t114601c33s4001-B,tan20250630t114601c33s4001,ok,,1,1,1,1,1,1,1,1,1,1,1,1,1
tan20250701t075808c55s4001-A,tan20250701t075808c55s4001,ok,,1,1,1,1,1,1,1,1,1,1,1,1,1
tan20250701t171735c01s4001-A,tan20250701t171735c01s4001,ok,,1,1,1,1,1,1,1,1,1,1,1,1,1
tan20250702t071736c58s4001-A,tan20250702t071736c58s4001,ok,,1,1,1,1,1,1,1,1,1,1,1,1,1
tan20250702t071736c58s4001-B,tan20250702t071736c58s4001,ok,,1,1,1,1,1,1,1,1,1,1,1,1,1
tan20250702t071736c58s4001-C,tan20250702t071736c58s4001,ok,,1,1,1,1,1,1,1,1,1,1,1,1,1
tan20250702t072403c66s4001-A,tan20250702t072403c66s4001,ok,,1,1,1,1,1,1,1,1,1,1,1,1,1
tan20250703t063626c58s4001-A,tan20250703t063626c58s4001,ok,,1,1,1,1,1,1,1,1,1,1,1,1,1
tan20250703t063626c58s4001-B,tan20250703t063626c58s4001,ok,,1,1,1,1,1,1,1,1,1,1,1,1,1
tan20250703t063626c58s4001-C,tan20250703t063626c58s4001,ok,,1,1,1,1,1,1,1,1,1,1,1,1,1
tan20250704t090741c57s4001-A,tan20250704t090741c57s4001,ok,,1,1,1,1,1,1,1,1,1,1,1,1,1
tan20250704t090741c57s4001-B,tan20250704t090741c57s4001,ok,,1,1,1,1,1,1,1,1,1,1,1,1,1
tan20250705t095915c33s4001-A,tan20250705t095915c33s4001,ok,,1,1,1,1,1,1,1,1,1,1,1,1,1
tan20250705t095915c33s4001-B,tan20250705t095915c33s4001,ok,,1,1,1,1,1,1,1,1,1,1,1,1,1
tan20250705t191833c33s4001-A,tan20250705t191833c33s4001,ok,,1,1,1,1,1,1,1,1,1,1,1,1,1
tan20250705t191833c33s4001-B,tan20250705t191833c33s4001,ok,,1,1,1,1,1,1,1,1,1,1,1,1,1
tan20250705t192043c21s4001-A,tan20250705t192043c21s4001,ok,,1,1,1,1,1,1,1,1,1,1,1,1,1
tan20250705t192043c21s4001-C,tan20250705t192043c21s4001,ok,,1,1,1,1,1,1,1,1,1,1,1,1,1
tan20250706t170748c33s4001-A,tan20250706t170748c33s4001,ok,,1,1,1,1,1,1,1,1,1,1,1,1,1
tan20250706t170748c33s4001-B,tan20250706t170748c33s4001,ok,,1,1,1,1,1,1,1,1,1,1,1,1,1
tan20250707t114620c21s4001-A,tan20250707t114620c21s4001,ok,,1,1,1,1,1,1,1,1,1,1,1,1,1
tan20250707t114620c21s4001-B,tan20250707t114620c21s4001,ok,,1,1,1,1,1,1,1,1,1,1,1,1,1
tan20250707t114620c21s4001-C,tan20250707t114620c21s4001,ok,,1,1,1,1,1,1,1,1,1,1,1,1,1
tan20250707t114620c21s4001-E,tan20250707t114620c21s4001,ok,,1,1,1,1,1,1,1,1,1,1,1,1,1
tan20250707t114620c21s4001-F,tan20250707t114620c21s4001,ok,,1,1,1,1,1,1,1,1,1,1,1,1,1
tan20250707t114620c21s4001-G,tan20250707t114620c21s4001,ok,,1,1,1,1,1,1,1,1,1,1,1,1,1
tan20250707t114620c21s4001-H,tan20250707t114620c21s4001,ok,,1,1,1,1,1,1,1,1,1,1,1,1,1
tan20250707t114620c21s4001-I,tan20250707t114620c21s4001,ok,,1,1,1,1,1,1,1,1,1,1,1,1,1
tan20250708t110521c58s4001-C,tan20250708t110521c58s4001,ok,,1,1,1,1,1,1,1,1,1,1,1,1,1
tan20250708t110853c95s4001-A,tan20250708t110853c95s4001,ok,,1,1,1,1,1,1,1,1,1,1,1,1,1
tan20250708t110853c95s4001-B,tan20250708t110853c95s4001,ok,,1,1,1,1,1,1,1,1,1,1,1,1,1
tan20250708t110853c95s4001-C,tan20250708t110853c95s4001,ok,,1,1,1,1,1,1,1,1,1,1,1,1,1
tan20250708t110853c95s4001-D,tan20250708t110853c95s4001,ok,,1,1,1,1,1,1,1,1,1,1,1,1,1
tan20250708t110853c95s4001-E,tan20250708t110853c95s4001,ok,,1,1,1,1,1,1,1,1,1,1,1,1,1
tan20250708t110853c95s4001-F,tan20250708t110853c95s4001,ok,,1,1,1,1,1,1,1,1,1,1,1,1,1
tan20250708t110853c95s4001-G,tan20250708t110853c95s4001,ok,,1,1,1,1,1,1,1,1,1,1,1,1,1
tan20250708t110853c95s4001-H,tan20250708t110853c95s4001,ok,,1,1,1,1,1,1,1,1,1,1,1,1,1
tan20250708t110853c95s4001-I,tan20250708t110853c95s4001,ok,,1,1,1,1,1,1,1,1,1,1,1,1,1
tan20250708t110853c95s4001-L,tan20250708t110853c95s4001,ok,,1,1,1,1,1,1,1,1,1,1,1,1,1
tan20250708t110853c95s4001-M,tan20250708t110853c95s4001,ok,,1,1,1,1,1,1,1,1,1,1,1,1,1
tan20250708t110853c95s4001-N,tan20250708t110853c95s4001,ok,,1,1,1,1,1,1,1,1,1,1,1,1,1
tan20250709t085527c89s4001-A,tan20250709t085527c89s4001,ok,,1,1,1,1,1,1,1,1,1,1,1,1,1
tan20250709t085527c89s4001-B,tan20250709t085527c89s4001,ok,,1,1,1,1,1,1,1,1,1,1,1,1,1
tan20250709t085527c89s4001-C,tan20250709t085527c89s4001,ok,,1,1,1,1,1,1,1,1,1,1,1,1,1
tan20250709t181548c58s4001-A,tan20250709t181548c58s4001,ok,,1,1,1,1,1,1,1,1,1,1,1,1,1
tan20250709t181548c58s4001-B,tan20250709t181548c58s4001,ok,,1,1,1,1,1,1,1,1,1,1,1,1,1
tan20250709t181548c58s4001-C,tan20250709t181548c58s4001,ok,,1,1,1,1,1,1,1,1,1,1,1,1,1
tan20250709t181548c58s4001-D,tan20250709t181548c58s4001,ok,,1,1,1,1,1,1,1,1,1,1,1,1,1
tan20250709t181548c58s4001-E,tan20250709t181548c58s4001,ok,,1,1,1,1,1,1,1,1,1,1,1,1,1
tan20250709t181548c58s4001-F,tan20250709t181548c58s4001,ok,,1,1,1,1,1,1,1,1,1,1,1,1,1
tan20250709t181548c58s4001-G,tan20250709t181548c58s4001,ok,,1,1,1,1,1,1,1,1,1,1,1,1,1
tan20250709t181548c58s4001-H,tan20250709t181548c58s4001,ok,,1,1,1,1,1,1,1,1,1,1,1,1,1
tan20250709t181548c58s4001-I,tan20250709t181548c58s4001,ok,,1,1,1,1,1,1,1,1,1,1,1,1,1
tan20250709t181548c58s4001-J,tan20250709t181548c58s4001,ok,,1,1,1,1,1,1,1,1,1,1,1,1,1
tan20250709t181548c58s4001-K,tan20250709t181548c58s4001,ok,,1,1,1,1,1,1,1,1,1,1,1,1,1
tan20250709t181548c58s4001-L,tan20250709t181548c58s4001,ok,,1,1,1,1,1,1,1,1,1,1,1,1,1
tan20250709t181548c58s4001-M,tan20250709t181548c58s4001,ok,,1,1,1,1,1,1,1,1,1,1,1,1,1
tan20250709t194517c33s4001-A,tan20250709t194517c33s4001,ok,,1,1,1,1,1,1,1,1,1,1,1,1,1
tan20250710t144351c33s4001-A,tan20250710t144351c33s4001,ok,,1,1,1,1,1,1,1,1,1,1,1,1,1
tan20250710t144351c33s4001-B,tan20250710t144351c33s4001,ok,,1,1,1,1,1,1,1,1,1,1,1,1,1
tan20250711t195836c33s4001-B,tan20250711t195836c33s4001,ok,,1,1,1,1,1,1,1,1,1,1,1,1,1
tan20250711t195836c33s4001-C,tan20250711t195836c33s4001,ok,,1,1,1,1,1,1,1,1,1,1,1,1,1
tan20250712t005651c64s4001-A,tan20250712t005651c64s4001,ok,,1,1,1,1,1,1,1,1,1,1,1,1,1
tan20250712t034820c55s4001-A,tan20250712t034820c55s4001,ok,,1,1,1,1,1,1,1,1,1,1,1,1,1
tan20250712t034820c55s4001-AA,tan20250712t034820c55s4001,ok,,1,1,1,1,1,1,1,1,1,1,1,1,1
tan20250712t034820c55s4001-AB,tan20250712t034820c55s4001,ok,,1,1,1,1,1,1,1,1,1,1,1,1,1
tan20250712t034820c55s4001-AC,tan20250712t034820c55s4001,ok,,1,1,1,1,1,1,1,1,1,1,1,1,1
tan20250712t034820c55s4001-AE,tan20250712t034820c55s4001,ok,,1,1,1,1,1,1,1,1,1,1,1,1,1
tan20250712t034820c55s4001-AH,tan20250712t034820c55s4001,ok,,1,1,1,1,1,1,1,1,1,1,1,1,1
tan20250712t034820c55s4001-AJ,tan20250712t034820c55s4001,ok,,1,1,1,1,1,1,1,1,1,1,1,1,1
tan20250712t034820c55s4001-AK,tan20250712t034820c55s4001,ok,,1,1,1,1,1,1,1,1,1,1,1,1,1
tan20250712t034820c55s4001-AL,tan20250712t034820c55s4001,ok,,1,1,1,1,1,1,1,1,1,1,1,1,1
tan20250712t034820c55s4001-AM,tan20250712t034820c55s4001,ok,,1,1,1,1,1,1,1,1,1,1,1,1,1
tan20250712t034820c55s4001-AN,tan20250712t034820c55s4001,ok,,1,1,1,1,1,1,1,1,1,1,1,1,1
tan20250712t034820c55s4001-B,tan20250712t034820c55s4001,ok,,1,1,1,1,1,1,1,1,1,1,1,1,1
tan20250712t034820c55s4001-C,tan20250712t034820c55s4001,ok,,1,1,1,1,1,1,1,1,1,1,1,1,1
tan20250712t034820c55s4001-D,tan20250712t034820c55s4001,ok,,1,1,1,1,1,1,1,1,1,1,1,1,1
tan20250712t034820c55s4001-E,tan20250712t034820c55s4001,ok,,1,1,1,1,1,1,1,1,1,1,1,1,1
tan20250712t034820c55s4001-F,tan20250712t034820c55s4001,ok,,1,1,1,1,1,1,1,1,1,1,1,1,1
tan20250712t034820c55s4001-G,tan20250712t034820c55s4001,ok,,1,1,1,1,1,1,1,1,1,1,1,1,1
tan20250712t034820c55s4001-H,tan20250712t034820c55s4001,ok,,1,1,1,1,1,1,1,1,1,1,1,1,1
tan20250712t034820c55s4001-J,tan20250712t034820c55s4001,ok,,1,1,1,1,1,1,1,1,1,1,1,1,1
tan20250712t034820c55s4001-M,tan20250712t034820c55s4001,ok,,1,1,1,1,1,1,1,1,1,1,1,1,1
tan20250712t034820c55s4001-N,tan20250712t034820c55s4001,ok,,1,1,1,1,1,1,1,1,1,1,1,1,1
tan20250712t034820c55s4001-O,tan20250712t034820c55s4001,ok,,1,1,1,1,1,1,1,1,1,1,1,1,1
tan20250712t034820c55s4001-P,tan20250712t034820c55s4001,ok,,1,1,1,1,1,1,1,1,1,1,1,1,1
tan20250712t034820c55s4001-S,tan20250712t034820c55s4001,ok,,1,1,1,1,1,1,1,1,1,1,1,1,1
tan20250712t034820c55s4001-T,tan20250712t034820c55s4001,ok,,1,1,1,1,1,1,1,1,1,1,1,1,1
tan20250712t034820c55s4001-U,tan20250712t034820c55s4001,ok,,1,1,1,1,1,1,1,1,1,1,1,1,1
tan20250712t034820c55s4001-V,tan20250712t034820c55s4001,ok,,1,1,1,1,1,1,1,1,1,1,1,1,1
tan20250712t034820c55s4001-W,tan20250712t034820c55s4001,ok,,1,1,1,1,1,1,1,1,1,1,1,1,1
tan20250712t034820c55s4001-Y,tan20250712t034820c55s4001,ok,,1,1,1,1,1,1,1,1,1,1,1,1,1
tan20250712t034820c55s4001-Z,tan20250712t034820c55s4001,ok,,1,1,1,1,1,1,1,1,1,1,1,1,1
tan20250712t081841c58s4001-A,tan20250712t081841c58s4001,ok,,1,1,1,1,1,1,1,1,1,1,1,1,1
tan20250712t191954c55s4001-A,tan20250712t191954c55s4001,ok,,1,1,1,1,1,1,1,1,1,1,1,1,1
tan20250712t192140c21s4001-A,tan20250712t192140c21s4001,ok,,1,1,1,1,1,1,1,1,1,1,1,1,1
tan20250712t192140c21s4001-C,tan20250712t192140c21s4001,ok,,1,1,1,1,1,1,1,1,1,1,1,1,1
tan20250712t192140c21s4001-D,tan20250712t192140c21s4001,ok,,1,1,1,1,1,1,1,1,1,1,1,1,1
tan20250712t192140c21s4001-G,tan20250712t192140c21s4001,ok,,1,1,1,1,1,1,1,1,1,1,1,1,1
tan20250713t092337c55s4001-A,tan20250713t092337c55s4001,ok,,1,1,1,1,1,1,1,1,1,1,1,1,1
tan20250713t092337c55s4001-B,tan20250713t092337c55s4001,ok,,1,1,1,1,1,1,1,1,1,1,1,1,1
tan20250713t092337c55s4001-C,tan20250713t092337c55s4001,ok,,1,1,1,1,1,1,1,1,1,1,1,1,1
tan20250713t092337c55s4001-D,tan20250713t092337c55s4001,ok,,1,1,1,1,1,1,1,1,1,1,1,1,1
tan20250714t070736c46s4001-B,tan20250714t070736c46s4001,ok,,1,1,1,1,1,1,1,1,1,1,1,1,1
tan20250714t070736c46s4001-C,tan20250714t070736c46s4001,ok,,1,1,1,1,1,1,1,1,1,1,1,1,1
tan20250714t133252c55s4001-A,tan20250714t133252c55s4001,ok,,1,1,1,1,1,1,1,1,1,1,1,1,1
tan20250717t081132c58s4001-A,tan20250717t081132c58s4001,ok,,1,1,1,1,1,1,1,1,1,1,1,1,1
tan20250717t081416c33s4001-A,tan20250717t081416c33s4001,ok,,1,1,1,1,1,1,1,1,1,1,1,1,1
tan20250717t081416c33s4001-C,tan20250717t081416c33s4001,ok,,1,1,1,1,1,1,1,1,1,1,1,1,1
tan20250717t081416c33s4001-D,tan20250717t081416c33s4001,ok,,1,1,1,1,1,1,1,1,1,1,1,1,1
tan20250717t112044c33s4001-A,tan20250717t112044c33s4001,ok,,1,1,1,1,1,1,1,1,1,1,1,1,1
tan20250717t112044c33s4001-B,tan20250717t112044c33s4001,ok,,1,1,1,1,1,1,1,1,1,1,1,1,1
tan20250717t112044c33s4001-C,tan20250717t112044c33s4001,ok,,1,1,1,1,1,1,1,1,1,1,1,1,1
tan20250717t112044c33s4001-D,tan20250717t112044c33s4001,ok,,1,1,1,1,1,1,1,1,1,1,1,1,1
tan20250717t112044c33s4001-E,tan20250717t112044c33s4001,ok,,1,1,1,1,1,1,1,1,1,1,1,1,1
tan20250718t055952c52s4001-A,tan20250718t055952c52s4001,ok,,1,1,1,1,1,1,1,1,1,1,1,1,1
tan20250718t055952c52s4001-B,tan20250718t055952c52s4001,ok,,1,1,1,1,1,1,1,1,1,1,1,1,1
tan20250718t140421c33s4001-A,tan20250718t140421c33s4001,ok,,1,1,1,1,1,1,1,1,1,1,1,1,1
tan20250718t140421c33s4001-B,tan20250718t140421c33s4001,ok,,1,1,1,1,1,1,1,1,1,1,1,1,1
tan20250718t140421c33s4001-D,tan20250718t140421c33s4001,ok,,1,1,1,1,1,1,1,1,1,1,1,1,1
tan20250718t140421c33s4001-G,tan20250718t140421c33s4001,ok,,1,1,1,1,1,1,1,1,1,1,1,1,1
tan20250718t140421c33s4001-H,tan20250718t140421c33s4001,ok,,1,1,1,1,1,1,1,1,1,1,1,1,1
tan20250721t151730c71s4001-A,tan20250721t151730c71s4001,ok,,1,1,1,1,1,1,1,1,1,1,1,1,1
tan20250723t085612c40s4001-A,tan20250723t085612c40s4001,ok,,1,1,1,1,1,1,1,1,1,1,1,1,1
tan20250723t085612c40s4001-B,tan20250723t085612c40s4001,ok,,1,1,1,1,1,1,1,1,1,1,1,1,1
tan20250723t085612c40s4001-C,tan20250723t085612c40s4001,ok,,1,1,1,1,1,1,1,1,1,1,1,1,1
tan20250723t085612c40s4001-D,tan20250723t085612c40s4001,ok,,1,1,1,1,1,1,1,1,1,1,1,1,1
tan20250723t085612c40s4001-E,tan20250723t085612c40s4001,ok,,1,1,1,1,1,1,1,1,1,1,1,1,1
tan20250723t085612c40s4001-G,tan20250723t085612c40s4001,ok,,1,1,1,1,1,1,1,1,1,1,1,1,1
tan20250723t085612c40s4001-H,tan20250723t085612c40s4001,ok,,1,1,1,1,1,1,1,1,1,1,1,1,1
tan20250723t085612c40s4001-I,tan20250723t085612c40s4001,ok,,1,1,1,1,1,1,1,1,1,1,1,1,1
tan20250723t085612c40s4001-J,tan20250723t085612c40s4001,ok,,1,1,1,1,1,1,1,1,1,1,1,1,1
tan20250723t085612c40s4001-K,tan20250723t085612c40s4001,ok,,1,1,1,1,1,1,1,1,1,1,1,1,1
tan20250723t120334c33s4001-A,tan20250723t120334c33s4001,ok,,1,1,1,1,1,1,1,1,1,1,1,1,1
tan20250724t094730c33s4001-A,tan20250724t094730c33s4001,ok,,1,1,1,1,1,1,1,1,1,1,1,1,1
tan20250725t055844c55s4001-A,tan20250725t055844c55s4001,ok,,1,1,1,1,1,1,1,1,1,1,1,1,1
tan20250725t055844c55s4001-B,tan20250725t055844c55s4001,ok,,1,1,1,1,1,1,1,1,1,1,1,1,1
tan20250725t055844c55s4001-C,tan20250725t055844c55s4001,ok,,1,1,1,1,1,1,1,1,1,1,1,1,1
tan20250725t055844c55s4001-D,tan20250725t055844c55s4001,ok,,1,1,1,1,1,1,1,1,1,1,1,1,1
tan20250725t055844c55s4001-E,tan20250725t055844c55s4001,ok,,1,1,1,1,1,1,1,1,1,1,1,1,1
tan20250725t055844c55s4001-F,tan20250725t055844c55s4001,ok,,1,1,1,1,1,1,1,1,1,1,1,1,1
tan20250725t055844c55s4001-H,tan20250725t055844c55s4001,ok,,1,1,1,1,1,1,1,1,1,1,1,1,1
tan20250725t055844c55s4001-I,tan20250725t055844c55s4001,ok,,1,1,1,1,1,1,1,1,1,1,1,1,1
tan20250725t055844c55s4001-K,tan20250725t055844c55s4001,ok,,1,1,1,1,1,1,1,1,1,1,1,1,1
tan20250725t055844c55s4001-L,tan20250725t055844c55s4001,ok,,1,1,1,1,1,1,1,1,1,1,1,1,1
tan20250725t060053c55s4001-A,tan20250725t060053c55s4001,ok,,1,1,1,1,1,1,1,1,1,1,1,1,1
tan20250725t182856c28s4001-A,tan20250725t182856c28s4001,ok,,1,1,1,1,1,1,1,1,1,1,1,1,1
tan20250727t105623c33s4001-A,tan20250727t105623c33s4001,ok,,1,1,1,1,1,1,1,1,1,1,1,1,1
tan20250727t105831c94s4001-A,tan20250727t105831c94s4001,ok,,1,1,1,1,1,1,1,1,1,1,1,1,1
tan20250728t193637c99s4001-A,tan20250728t193637c99s4001,ok,,1,1,1,1,1,1,1,1,1,1,1,1,1
tan20250728t193637c99s4001-C,tan20250728t193637c99s4001,ok,,1,1,1,1,1,1,1,1,1,1,1,1,1
tan20250728t193637c99s4001-D,tan20250728t193637c99s4001,ok,,1,1,1,1,1,1,1,1,1,1,1,1,1
tan20250729t080117c58s4001-A,tan20250729t080117c58s4001,ok,,1,1,1,1,1,1,1,1,1,1,1,1,1
tan20250729t080259c55s4001-A,tan20250729t080259c55s4001,ok,,1,1,1,1,1,1,1,1,1,1,1,1,1
tan20250729t080259c55s4001-AA,tan20250729t080259c55s4001,ok,,1,1,1,1,1,1,1,1,1,1,1,1,1
tan20250729t080259c55s4001-AB,tan20250729t080259c55s4001,ok,,1,1,1,1,1,1,1,1,1,1,1,1,1
tan20250729t080259c55s4001-AC,tan20250729t080259c55s4001,ok,,1,1,1,1,1,1,1,1,1,1,1,1,1
tan20250729t080259c55s4001-AD,tan20250729t080259c55s4001,ok,,1,1,1,1,1,1,1,1,1,1,1,1,1
tan20250729t080259c55s4001-AE,tan20250729t080259c55s4001,ok,,1,1,1,1,1,1,1,1,1,1,1,1,1
tan20250729t080259c55s4001-AF,tan20250729t080259c55s4001,ok,,1,1,1,1,1,1,1,1,1,1,1,1,1
tan20250729t080259c55s4001-AG,tan20250729t080259c55s4001,ok,,1,1,1,1,1,1,1,1,1,1,1,1,1
tan20250729t080259c55s4001-AH,tan20250729t080259c55s4001,ok,,1,1,1,1,1,1,1,1,1,1,1,1,1
tan20250729t080259c55s4001-AI,tan20250729t080259c55s4001,ok,,1,1,1,1,1,1,1,1,1,1,1,1,1
tan20250729t080259c55s4001-AJ,tan20250729t080259c55s4001,ok,,1,1,1,1,1,1,1,1,1,1,1,1,1
tan20250729t080259c55s4001-AK,tan20250729t080259c55s4001,ok,,1,1,1,1,1,1,1,1,1,1,1,1,1
tan20250729t080259c55s4001-AM,tan20250729t080259c55s4001,ok,,1,1,1,1,1,1,1,1,1,1,1,1,1
tan20250729t080259c55s4001-AN,tan20250729t080259c55s4001,ok,,1,1,1,1,1,1,1,1,1,1,1,1,1
tan20250729t080259c55s4001-AO,tan20250729t080259c55s4001,ok,,1,1,1,1,1,1,1,1,1,1,1,1,1
tan20250729t080259c55s4001-AP,tan20250729t080259c55s4001,ok,,1,1,1,1,1,1,1,1,1,1,1,1,1
tan20250729t080259c55s4001-B,tan20250729t080259c55s4001,ok,,1,1,1,1,1,1,1,1,1,1,1,1,1
tan20250729t080259c55s4001-C,tan20250729t080259c55s4001,ok,,1,1,1,1,1,1,1,1,1,1,1,1,1
tan20250729t080259c55s4001-D,tan20250729t080259c55s4001,ok,,1,1,1,1,1,1,1,1,1,1,1,1,1
tan20250729t080259c55s4001-E,tan20250729t080259c55s4001,ok,,1,1,1,1,1,1,1,1,1,1,1,1,1
tan20250729t080259c55s4001-F,tan20250729t080259c55s4001,ok,,1,1,1,1,1,1,1,1,1,1,1,1,1
tan20250729t080259c55s4001-G,tan20250729t080259c55s4001,ok,,1,1,1,1,1,1,1,1,1,1,1,1,1
tan20250729t080259c55s4001-H,tan20250729t080259c55s4001,ok,,1,1,1,1,1,1,1,1,1,1,1,1,1
tan20250729t080259c55s4001-I,tan20250729t080259c55s4001,ok,,1,1,1,1,1,1,1,1,1,1,1,1,1
tan20250729t080259c55s4001-J,tan20250729t080259c55s4001,ok,,1,1,1,1,1,1,1,1,1,1,1,1,1
tan20250729t080259c55s4001-K,tan20250729t080259c55s4001,ok,,1,1,1,1,1,1,1,1,1,1,1,1,1
tan20250729t080259c55s4001-L,tan20250729t080259c55s4001,ok,,1,1,1,1,1,1,1,1,1,1,1,1,1
tan20250729t080259c55s4001-M,tan20250729t080259c55s4001,ok,,1,1,1,1,1,1,1,1,1,1,1,1,1
tan20250729t080259c55s4001-N,tan20250729t080259c55s4001,ok,,1,1,1,1,1,1,1,1,1,1,1,1,1
tan20250729t080259c55s4001-O,tan20250729t080259c55s4001,ok,,1,1,1,1,1,1,1,1,1,1,1,1,1
tan20250729t080259c55s4001-R,tan20250729t080259c55s4001,ok,,1,1,1,1,1,1,1,1,1,1,1,1,1
tan20250729t080259c55s4001-T,tan20250729t080259c55s4001,ok,,1,1,1,1,1,1,1,1,1,1,1,1,1
tan20250729t080259c55s4001-U,tan20250729t080259c55s4001,ok,,1,1,1,1,1,1,1,1,1,1,1,1,1
tan20250729t080259c55s4001-Z,tan20250729t080259c55s4001,ok,,1,1,1,1,1,1,1,1,1,1,1,1,1
tan20250729t080447c56s4001-A,tan20250729t080447c56s4001,ok,,1,1,1,1,1,1,1,1,1,1,1,1,1
tan20250729t080630c58s4001-A,tan20250729t080630c58s4001,ok,,1,1,1,1,1,1,1,1,1,1,1,1,1
tan20250729t143417c58s4001-A,tan20250729t143417c58s4001,ok,,1,1,1,1,1,1,1,1,1,1,1,1,1
tan20250801t091118c58s4001-A,tan20250801t091118c58s4001,ok,,1,1,1,1,1,1,1,1,1,1,1,1,1
tan20250801t091252c58s4001-B,tan20250801t091252c58s4001,ok,,1,1,1,1,1,1,1,1,1,1,1,1,1
tan20250801t091252c58s4001-C,tan20250801t091252c58s4001,ok,,1,1,1,1,1,1,1,1,1,1,1,1,1
tan20250801t104620c58s4001-A,tan20250801t104620c58s4001,ok,,1,1,1,1,1,1,1,1,1,1,1,1,1
tan20250801t104620c58s4001-B,tan20250801t104620c58s4001,ok,,1,1,1,1,1,1,1,1,1,1,1,1,1
tan20250801t104620c58s4001-C,tan20250801t104620c58s4001,ok,,1,1,1,1,1,1,1,1,1,1,1,1,1
tan20250801t104620c58s4001-D,tan20250801t104620c58s4001,ok,,1,1,1,1,1,1,1,1,1,1,1,1,1
tan20250801t183203c58s4001-B,tan20250801t183203c58s4001,ok,,1,1,1,1,1,1,1,1,1,1,1,1,1
tan20250802t192420c21s4001-A,tan20250802t192420c21s4001,ok,,1,1,1,1,1,1,1,1,1,1,1,1,1
tan20250802t192420c21s4001-B,tan20250802t192420c21s4001,ok,,1,1,1,1,1,1,1,1,1,1,1,1,1
tan20250802t192420c21s4001-C,tan20250802t192420c21s4001,ok,,1,1,1,1,1,1,1,1,1,1,1,1,1
tan20250803t043804c58s4001-A,tan20250803t043804c58s4001,ok,,1,1,1,1,1,1,1,1,1,1,1,1,1
tan20250803t075028c55s4001-A,tan20250803t075028c55s4001,ok,,1,1,1,1,1,1,1,1,1,1,1,1,1
tan20250803t075028c55s4001-AA,tan20250803t075028c55s4001,ok,,1,1,1,1,1,1,1,1,1,1,1,1,1
tan20250803t075028c55s4001-AB,tan20250803t075028c55s4001,ok,,1,1,1,1,1,1,1,1,1,1,1,1,1
tan20250803t075028c55s4001-B,tan20250803t075028c55s4001,ok,,1,1,1,1,1,1,1,1,1,1,1,1,1
tan20250803t075028c55s4001-C,tan20250803t075028c55s4001,ok,,1,1,1,1,1,1,1,1,1,1,1,1,1
tan20250803t075028c55s4001-D,tan20250803t075028c55s4001,ok,,1,1,1,1,1,1,1,1,1,1,1,1,1
tan20250803t075028c55s4001-E,tan20250803t075028c55s4001,ok,,1,1,1,1,1,1,1,1,1,1,1,1,1
tan20250803t075028c55s4001-F,tan20250803t075028c55s4001,ok,,1,1,1,1,1,1,1,1,1,1,1,1,1
tan20250803t075028c55s4001-G,tan20250803t075028c55s4001,ok,,1,1,1,1,1,1,1,1,1,1,1,1,1
tan20250803t075028c55s4001-H,tan20250803t075028c55s4001,ok,,1,1,1,1,1,1,1,1,1,1,1,1,1
tan20250803t075028c55s4001-I,tan20250803t075028c55s4001,ok,,1,1,1,1,1,1,1,1,1,1,1,1,1
tan20250803t075028c55s4001-J,tan20250803t075028c55s4001,ok,,1,1,1,1,1,1,1,1,1,1,1,1,1
tan20250803t075028c55s4001-K,tan20250803t075028c55s4001,ok,,1,1,1,1,1,1,1,1,1,1,1,1,1
tan20250803t075028c55s4001-L,tan20250803t075028c55s4001,ok,,1,1,1,1,1,1,1,1,1,1,1,1,1
tan20250803t075028c55s4001-M,tan20250803t075028c55s4001,ok,,1,1,1,1,1,1,1,1,1,1,1,1,1
tan20250803t075028c55s4001-N,tan20250803t075028c55s4001,ok,,1,1,1,1,1,1,1,1,1,1,1,1,1
tan20250803t075028c55s4001-O,tan20250803t075028c55s4001,ok,,1,1,1,1,1,1,1,1,1,1,1,1,1
tan20250803t075028c55s4001-P,tan20250803t075028c55s4001,ok,,1,1,1,1,1,1,1,1,1,1,1,1,1
tan20250803t075028c55s4001-Q,tan20250803t075028c55s4001,ok,,1,1,1,1,1,1,1,1,1,1,1,1,1
tan20250803t075028c55s4001-R,tan20250803t075028c55s4001,ok,,1,1,1,1,1,1,1,1,1,1,1,1,1
tan20250803t075028c55s4001-S,tan20250803t075028c55s4001,ok,,1,1,1,1,1,1,1,1,1,1,1,1,1
tan20250803t075028c55s4001-T,tan20250803t075028c55s4001,ok,,1,1,1,1,1,1,1,1,1,1,1,1,1
tan20250803t075028c55s4001-U,tan20250803t075028c55s4001,ok,,1,1,1,1,1,1,1,1,1,1,1,1,1
tan20250803t075028c55s4001-V,tan20250803t075028c55s4001,ok,,1,1,1,1,1,1,1,1,1,1,1,1,1
tan20250803t075028c55s4001-W,tan20250803t075028c55s4001,ok,,1,1,1,1,1,1,1,1,1,1,1,1,1
tan20250803t075028c55s4001-X,tan20250803t075028c55s4001,ok,,1,1,1,1,1,1,1,1,1,1,1,1,1
tan20250803t075028c55s4001-Z,tan20250803t075028c55s4001,ok,,1,1,1,1,1,1,1,1,1,1,1,1,1
tan20250804t115051c33s4001-A,tan20250804t115051c33s4001,ok,,1,1,1,1,1,1,1,1,1,1,1,1,1
tan20250805t080356c55s4001-A,tan20250805t080356c55s4001,ok,,1,1,1,1,1,1,1,1,1,1,1,1,1
tan20250805t080356c55s4001-B,tan20250805t080356c55s4001,ok,,1,1,1,1,1,1,1,1,1,1,1,1,1
tan20250805t080356c55s4001-C,tan20250805t080356c55s4001,ok,,1,1,1,1,1,1,1,1,1,1,1,1,1
tan20250805t080356c55s4001-D,tan20250805t080356c55s4001,ok,,1,1,1,1,1,1,1,1,1,1,1,1,1
tan20250805t080356c55s4001-G,tan20250805t080356c55s4001,ok,,1,1,1,1,1,1,1,1,1,1,1,1,1
tan20250805t080356c55s4001-H,tan20250805t080356c55s4001,ok,,1,1,1,1,1,1,1,1,1,1,1,1,1
tan20250805t080356c55s4001-I,tan20250805t080356c55s4001,ok,,1,1,1,1,1,1,1,1,1,1,1,1,1
tan20250805t080356c55s4001-J,tan20250805t080356c55s4001,ok,,1,1,1,1,1,1,1,1,1,1,1,1,1
tan20250805t080356c55s4001-K,tan20250805t080356c55s4001,ok,,1,1,1,1,1,1,1,1,1,1,1,1,1
tan20250806t072424c58s4001-B,tan20250806t072424c58s4001,ok,,1,1,1,1,1,1,1,1,1,1,1,1,1
tan20250806t072424c58s4001-D,tan20250806t072424c58s4001,ok,,1,1,1,1,1,1,1,1,1,1,1,1,1
tan20250806t072424c58s4001-E,tan20250806t072424c58s4001,ok,,1,1,1,1,1,1,1,1,1,1,1,1,1
tan20250806t072818c05s4001-A,tan20250806t072818c05s4001,ok,,1,1,1,1,1,1,1,1,1,1,1,1,1
tan20250806t181920c58s4001-A,tan20250806t181920c58s4001,ok,,1,1,1,1,1,1,1,1,1,1,1,1,1
tan20250806t181920c58s4001-B,tan20250806t181920c58s4001,ok,,1,1,1,1,1,1,1,1,1,1,1,1,1
tan20250806t181920c58s4001-C,tan20250806t181920c58s4001,ok,,1,1,1,1,1,1,1,1,1,1,1,1,1
tan20250806t181920c58s4001-D,tan20250806t181920c58s4001,ok,,1,1,1,1,1,1,1,1,1,1,1,1,1
tan20250806t181920c58s4001-E,tan20250806t181920c58s4001,ok,,1,1,1,1,1,1,1,1,1,1,1,1,1
tan20250806t181920c58s4001-F,tan20250806t181920c58s4001,ok,,1,1,1,1,1,1,1,1,1,1,1,1,1
tan20250806t181920c58s4001-G,tan20250806t181920c58s4001,ok,,1,1,1,1,1,1,1,1,1,1,1,1,1
tan20250806t181920c58s4001-H,tan20250806t181920c58s4001,ok,,1,1,1,1,1,1,1,1,1,1,1,1,1
tan20250806t181920c58s4001-I,tan20250806t181920c58s4001,ok,,1,1,1,1,1,1,1,1,1,1,1,1,1
tan20250806t181920c58s4001-J,tan20250806t181920c58s4001,ok,,1,1,1,1,1,1,1,1,1,1,1,1,1
tan20250807t144513c83s4001-A,tan20250807t144513c83s4001,ok,,1,1,1,1,1,1,1,1,1,1,1,1,1
tan20250809t192519c71s4001-A,tan20250809t192519c71s4001,ok,,1,1,1,1,1,1,1,1,1,1,1,1,1
tan20250810t061809c72s4001-A,tan20250810t061809c72s4001,ok,,1,1,1,1,1,1,1,1,1,1,1,1,1
tan20250810t075511c58s4001-A,tan20250810t075511c58s4001,ok,,1,1,1,1,1,1,1,1,1,1,1,1,1
tan20250810t075511c58s4001-B,tan20250810t075511c58s4001,ok,,1,1,1,1,1,1,1,1,1,1,1,1,1
tan20250810t075511c58s4001-C,tan20250810t075511c58s4001,ok,,1,1,1,1,1,1,1,1,1,1,1,1,1
tan20250810t075511c58s4001-I,tan20250810t075511c58s4001,ok,,1,1,1,1,1,1,1,1,1,1,1,1,1
tan20250810t142021c88s4001-A,tan20250810t142021c88s4001,ok,,1,1,1,1,1,1,1,1,1,1,1,1,1
tan20250810t155231c64s4001-A,tan20250810t155231c64s4001,ok,,1,1,1,1,1,1,1,1,1,1,1,1,1
tan20250810t171126c89s4001-A,tan20250810t171126c89s4001,ok,,1,1,1,1,1,1,1,1,1,1,1,1,1
tan20250811t040535c13s4001-A,tan20250811t040535c13s4001,ok,,1,1,1,1,1,1,1,1,1,1,1,1,1
tan20250811t040535c13s4001-AA,tan20250811t040535c13s4001,ok,,1,1,1,1,1,1,1,1,1,1,1,1,1
tan20250811t040535c13s4001-AB,tan20250811t040535c13s4001,ok,,1,1,1,1,1,1,1,1,1,1,1,1,1
tan20250811t040535c13s4001-AC,tan20250811t040535c13s4001,ok,,1,1,1,1,1,1,1,1,1,1,1,1,1
tan20250811t040535c13s4001-AD,tan20250811t040535c13s4001,ok,,1,1,1,1,1,1,1,1,1,1,1,1,1
tan20250811t040535c13s4001-AE,tan20250811t040535c13s4001,ok,,1,1,1,1,1,1,1,1,1,1,1,1,1
tan20250811t040535c13s4001-AF,tan20250811t040535c13s4001,ok,,1,1,1,1,1,1,1,1,1,1,1,1,1
tan20250811t040535c13s4001-AG,tan20250811t040535c13s4001,ok,,1,1,1,1,1,1,1,1,1,1,1,1,1
tan20250811t040535c13s4001-AH,tan20250811t040535c13s4001,ok,,1,1,1,1,1,1,1,1,1,1,1,1,1
tan20250811t040535c13s4001-AI,tan20250811t040535c13s4001,ok,,1,1,1,1,1,1,1,1,1,1,1,1,1
tan20250811t040535c13s4001-AJ,tan20250811t040535c13s4001,ok,,1,1,1,1,1,1,1,1,1,1,1,1,1
tan20250811t040535c13s4001-AK,tan20250811t040535c13s4001,ok,,1,1,1,1,1,1,1,1,1,1,1,1,1
tan20250811t040535c13s4001-AL,tan20250811t040535c13s4001,ok,,1,1,1,1,1,1,1,1,1,1,1,1,1
tan20250811t040535c13s4001-AM,tan20250811t040535c13s4001,ok,,1,1,1,1,1,1,1,1,1,1,1,1,1
tan20250811t040535c13s4001-AN,tan20250811t040535c13s4001,ok,,1,1,1,1,1,1,1,1,1,1,1,1,1
tan20250811t040535c13s4001-B,tan20250811t040535c13s4001,ok,,1,1,1,1,1,1,1,1,1,1,1,1,1
tan20250811t040535c13s4001-C,tan20250811t040535c13s4001,ok,,1,1,1,1,1,1,1,1,1,1,1,1,1
tan20250811t040535c13s4001-D,tan20250811t040535c13s4001,ok,,1,1,1,1,1,1,1,1,1,1,1,1,1
tan20250811t040535c13s4001-E,tan20250811t040535c13s4001,ok,,1,1,1,1,1,1,1,1,1,1,1,1,1
tan20250811t040535c13s4001-F,tan20250811t040535c13s4001,ok,,1,1,1,1,1,1,1,1,1,1,1,1,1
tan20250811t040535c13s4001-G,tan20250811t040535c13s4001,ok,,1,1,1,1,1,1,1,1,1,1,1,1,1
tan20250811t040535c13s4001-H,tan20250811t040535c13s4001,ok,,1,1,1,1,1,1,1,1,1,1,1,1,1
tan20250811t040535c13s4001-I,tan20250811t040535c13s4001,ok,,1,1,1,1,1,1,1,1,1,1,1,1,1
tan20250811t040535c13s4001-J,tan20250811t040535c13s4001,ok,,1,1,1,1,1,1,1,1,1,1,1,1,1
tan20250811t040535c13s4001-K,tan20250811t040535c13s4001,ok,,1,1,1,1,1,1,1,1,1,1,1,1,1
tan20250811t040535c13s4001-L,tan20250811t040535c13s4001,ok,,1,1,1,1,1,1,1,1,1,1,1,1,1
tan20250811t040535c13s4001-M,tan20250811t040535c13s4001,ok,,1,1,1,1,1,1,1,1,1,1,1,1,1
tan20250811t040535c13s4001-N,tan20250811t040535c13s4001,ok,,1,1,1,1,1,1,1,1,1,1,1,1,1
tan20250811t040535c13s4001-O,tan20250811t040535c13s4001,ok,,1,1,1,1,1,1,1,1,1,1,1,1,1
tan20250811t040535c13s4001-P,tan20250811t040535c13s4001,ok,,1,1,1,1,1,1,1,1,1,1,1,1,1
tan20250811t040535c13s4001-Q,tan20250811t040535c13s4001,ok,,1,1,1,1,1,1,1,1,1,1,1,1,1
tan20250811t040535c13s4001-R,tan20250811t040535c13s4001,ok,,1,1,1,1,1,1,1,1,1,1,1,1,1
tan20250811t040535c13s4001-S,tan20250811t040535c13s4001,ok,,1,1,1,1,1,1,1,1,1,1,1,1,1
tan20250811t040535c13s4001-T,tan20250811t040535c13s4001,ok,,1,1,1,1,1,1,1,1,1,1,1,1,1
tan20250811t040535c13s4001-U,tan20250811t040535c13s4001,ok,,1,1,1,1,1,1,1,1,1,1,1,1,1
tan20250811t040535c13s4001-V,tan20250811t040535c13s4001,ok,,1,1,1,1,1,1,1,1,1,1,1,1,1
tan20250811t040535c13s4001-W,tan20250811t040535c13s4001,ok,,1,1,1,1,1,1,1,1,1,1,1,1,1
tan20250811t040535c13s4001-X,tan20250811t040535c13s4001,ok,,1,1,1,1,1,1,1,1,1,1,1,1,1
tan20250811t040535c13s4001-Y,tan20250811t040535c13s4001,ok,,1,1,1,1,1,1,1,1,1,1,1,1,1
tan20250811t040535c13s4001-Z,tan20250811t040535c13s4001,ok,,1,1,1,1,1,1,1,1,1,1,1,1,1
tan20250811t163021c75s4001-B,tan20250811t163021c75s4001,ok,,1,1,1,1,1,1,1,1,1,1,1,1,1
tan20250811t163021c75s4001-C,tan20250811t163021c75s4001,ok,,1,1,1,1,1,1,1,1,1,1,1,1,1
tan20250812t075729c11s4001-B,tan20250812t075729c11s4001,ok,,1,1,1,1,1,1,1,1,1,1,1,1,1
tan20250812t075729c11s4001-C,tan20250812t075729c11s4001,ok,,1,1,1,1,1,1,1,1,1,1,1,1,1
tan20250813t182026c58s4001-A,tan20250813t182026c58s4001,ok,,1,1,1,1,1,1,1,1,1,1,1,1,1
tan20250813t182026c58s4001-B,tan20250813t182026c58s4001,ok,,1,1,1,1,1,1,1,1,1,1,1,1,1
tan20250813t182026c58s4001-C,tan20250813t182026c58s4001,ok,,1,1,1,1,1,1,1,1,1,1,1,1,1
tan20250813t182026c58s4001-D,tan20250813t182026c58s4001,ok,,1,1,1,1,1,1,1,1,1,1,1,1,1
tan20250813t182026c58s4001-F,tan20250813t182026c58s4001,ok,,1,1,1,1,1,1,1,1,1,1,1,1,1
tan20250813t182026c58s4001-G,tan20250813t182026c58s4001,ok,,1,1,1,1,1,1,1,1,1,1,1,1,1
tan20250813t182026c58s4001-H,tan20250813t182026c58s4001,ok,,1,1,1,1,1,1,1,1,1,1,1,1,1
tan20250813t182026c58s4001-K,tan20250813t182026c58s4001,ok,,1,1,1,1,1,1,1,1,1,1,1,1,1
tan20250813t182026c58s4001-L,tan20250813t182026c58s4001,ok,,1,1,1,1,1,1,1,1,1,1,1,1,1
tan20250813t182026c58s4001-M,tan20250813t182026c58s4001,ok,,1,1,1,1,1,1,1,1,1,1,1,1,1
tan20250813t182026c58s4001-N,tan20250813t182026c58s4001,ok,,1,1,1,1,1,1,1,1,1,1,1,1,1
tan20250814t173948c73s4001-A,tan20250814t173948c73s4001,ok,,1,1,1,1,1,1,1,1,1,1,1,1,1
tan20250815t104321c13s4001-A,tan20250815t104321c13s4001,ok,,1,1,1,1,1,1,1,1,1,1,1,1,1
tan20250816t113836c21s4001-A,tan20250816t113836c21s4001,ok,,1,1,1,1,1,1,1,1,1,1,1,1,1
tan20250816t114007c75s4001-A,tan20250816t114007c75s4001,ok,,1,1,1,1,1,1,1,1,1,1,1,1,1
tan20250816t114007c75s4001-B,tan20250816t114007c75s4001,ok,,1,1,1,1,1,1,1,1,1,1,1,1,1
tan20250817t092602c72s4001-A,tan20250817t092602c72s4001,ok,,1,1,1,1,1,1,1,1,1,1,1,1,1
tan20250817t184630c75s4001-A,tan20250817t184630c75s4001,ok,,1,1,1,1,1,1,1,1,1,1,1,1,1
tan20250817t184630c75s4001-B,tan20250817t184630c75s4001,ok,,1,1,1,1,1,1,1,1,1,1,1,1,1
tan20250820t195054c12s4001-B,tan20250820t195054c12s4001,ok,,1,1,1,1,1,1,1,1,1,1,1,1,1
tan20250820t195054c12s4001-C,tan20250820t195054c12s4001,ok,,1,1,1,1,1,1,1,1,1,1,1,1,1
tan20250820t195310c53s4001-A,tan20250820t195310c53s4001,ok,,1,1,1,1,1,1,1,1,1,1,1,1,1
tan20250821t112530c67s4001-A,tan20250821t112530c67s4001,ok,,1,1,1,1,1,1,1,1,1,1,1,1,1
tan20250821t112530c67s4001-B,tan20250821t112530c67s4001,ok,,1,1,1,1,1,1,1,1,1,1,1,1,1
tan20250821t112530c67s4001-C,tan20250821t112530c67s4001,ok,,1,1,1,1,1,1,1,1,1,1,1,1,1
tan20250822t121934c82s4001-A,tan20250822t121934c82s4001,ok,,1,1,1,1,1,1,1,1,1,1,1,1,1
tan20250822t140420c73s4001-A,tan20250822t140420c73s4001,ok,,1,1,1,1,1,1,1,1,1,1,1,1,1
tan20250822t154409c04s4001-A,tan20250822t154409c04s4001,ok,,1,1,1,1,1,1,1,1,1,1,1,1,1
tan20250823t100632c25s4001-A,tan20250823t100632c25s4001,ok,,1,1,1,1,1,1,1,1,1,1,1,1,1
tan20250823t100632c25s4001-B,tan20250823t100632c25s4001,ok,,1,1,1,1,1,1,1,1,1,1,1,1,1
tan20250824t092752c76s4001-A,tan20250824t092752c76s4001,ok,,1,1,1,1,1,1,1,1,1,1,1,1,1
tan20250824t110241c75s4001-A,tan20250824t110241c75s4001,ok,,1,1,1,1,1,1,1,1,1,1,1,1,1
tan20250824t110241c75s4001-B,tan20250824t110241c75s4001,ok,,1,1,1,1,1,1,1,1,1,1,1,1,1
tan20250825t071336c93s4001-A,tan20250825t071336c93s4001,ok,,1,1,1,1,1,1,1,1,1,1,1,1,1
tan20250825t071336c93s4001-B,tan20250825t071336c93s4001,ok,,1,1,1,1,1,1,1,1,1,1,1,1,1
tan20250825t071336c93s4001-D,tan20250825t071336c93s4001,ok,,1,1,1,1,1,1,1,1,1,1,1,1,1
tan20250825t151817c73s4001-A,tan20250825t151817c73s4001,ok,,1,1,1,1,1,1,1,1,1,1,1,1,1
tan20250825t151817c73s4001-B,tan20250825t151817c73s4001,ok,,1,1,1,1,1,1,1,1,1,1,1,1,1
tan20250826t143923c11s4001-A,tan20250826t143923c11s4001,ok,,1,1,1,1,1,1,1,1,1,1,1,1,1
tan20250826t143923c11s4001-B,tan20250826t143923c11s4001,ok,,1,1,1,1,1,1,1,1,1,1,1,1,1
tan20250827t120820c29s4001-A,tan20250827t120820c29s4001,ok,,1,1,1,1,1,1,1,1,1,1,1,1,1
tan20250827t120820c29s4001-B,tan20250827t120820c29s4001,ok,,1,1,1,1,1,1,1,1,1,1,1,1,1
tan20250828t081923c85s4001-A,tan20250828t081923c85s4001,ok,,1,1,1,1,1,1,1,1,1,1,1,1,1
tan20250829t091624c94s4001-A,tan20250829t091624c94s4001,ok,,1,1,1,1,1,1,1,1,1,1,1,1,1
tan20250829t170123c95s4001-A,tan20250829t170123c95s4001,ok,,1,1,1,1,1,1,1,1,1,1,1,1,1
tan20250829t170123c95s4001-B,tan20250829t170123c95s4001,ok,,1,1,1,1,1,1,1,1,1,1,1,1,1
tan20250830t114159c80s4001-A,tan20250830t114159c80s4001,ok,,1,1,1,1,1,1,1,1,1,1,1,1,1
tan20250831t092515c41s4001-D,tan20250831t092515c41s4001,ok,,1,1,1,1,1,1,1,1,1,1,1,1,1
tan20250901t084712c88s4001-A,tan20250901t084712c88s4001,ok,,1,1,1,1,1,1,1,1,1,1,1,1,1
tan20250901t084712c88s4001-B,tan20250901t084712c88s4001,ok,,1,1,1,1,1,1,1,1,1,1,1,1,1
tan20250901t090500c71s4001-A,tan20250901t090500c71s4001,ok,,1,1,1,1,1,1,1,1,1,1,1,1,1
tan20250901t090500c71s4001-B,tan20250901t090500c71s4001,ok,,1,1,1,1,1,1,1,1,1,1,1,1,1
tan20250901t090500c71s4001-C,tan20250901t090500c71s4001,ok,,1,1,1,1,1,1,1,1,1,1,1,1,1
tan20250901t090500c71s4001-D,tan20250901t090500c71s4001,ok,,1,1,1,1,1,1,1,1,1,1,1,1,1
tan20250901t090500c71s4001-G,tan20250901t090500c71s4001,ok,,1,1,1,1,1,1,1,1,1,1,1,1,1
tan20250901t102039c84s4001-A,tan20250901t102039c84s4001,ok,,1,1,1,1,1,1,1,1,1,1,1,1,1
tan20250902t080901c00s4001-A,tan20250902t080901c00s4001,ok,,1,1,1,1,1,1,1,1,1,1,1,1,1
tan20250902t080943c70s4001-A,tan20250902t080943c70s4001,ok,,1,1,1,1,1,1,1,1,1,1,1,1,1
tan20250902t094035c48s4001-A,tan20250902t094035c48s4001,ok,,1,1,1,1,1,1,1,1,1,1,1,1,1
tan20250903t135718c90s4001-A,tan20250903t135718c90s4001,ok,,1,1,1,1,1,1,1,1,1,1,1,1,1
tan20250903t135718c90s4001-B,tan20250903t135718c90s4001,ok,,1,1,1,1,1,1,1,1,1,1,1,1,1
tan20250903t135718c90s4001-C,tan20250903t135718c90s4001,ok,,1,1,1,1,1,1,1,1,1,1,1,1,1
tan20250903t135718c90s4001-D,tan20250903t135718c90s4001,ok,,1,1,1,1,1,1,1,1,1,1,1,1,1
tan20250904t022147c91s4001-A,tan20250904t022147c91s4001,ok,,1,1,1,1,1,1,1,1,1,1,1,1,1
tan20250904t064542c79s4001-A,tan20250904t064542c79s4001,ok,,1,1,1,1,1,1,1,1,1,1,1,1,1
tan20250904t064542c79s4001-B,tan20250904t064542c79s4001,ok,,1,1,1,1,1,1,1,1,1,1,1,1,1
tan20250904t064542c79s4001-C,tan20250904t064542c79s4001,ok,,1,1,1,1,1,1,1,1,1,1,1,1,1
tan20250906t175553c96s4001-A,tan20250906t175553c96s4001,ok,,1,1,1,1,1,1,1,1,1,1,1,1,1
tan20250906t192935c00s4001-A,tan20250906t192935c00s4001,ok,,1,1,1,1,1,1,1,1,1,1,1,1,1
tan20250906t192935c00s4001-B,tan20250906t192935c00s4001,ok,,1,1,1,1,1,1,1,1,1,1,1,1,1
tan20250907t094732c91s4001-A,tan20250907t094732c91s4001,ok,,1,1,1,1,1,1,1,1,1,1,1,1,1
tan20250907t094732c91s4001-B,tan20250907t094732c91s4001,ok,,1,1,1,1,1,1,1,1,1,1,1,1,1
tan20250907t142314c73s4001-A,tan20250907t142314c73s4001,ok,,1,1,1,1,1,1,1,1,1,1,1,1,1
tan20250907t142314c73s4001-B,tan20250907t142314c73s4001,ok,,1,1,1,1,1,1,1,1,1,1,1,1,1
tan20250908t085021c62s4001-A,tan20250908t085021c62s4001,ok,,1,1,1,1,1,1,1,1,1,1,1,1,1
tan20250908t102456c81s4001-A,tan20250908t102456c81s4001,ok,,1,1,1,1,1,1,1,1,1,1,1,1,1
tan20250909t080902c64s4001-A,tan20250909t080902c64s4001,ok,,1,1,1,1,1,1,1,1,1,1,1,1,1
tan20250909t080902c64s4001-B,tan20250909t080902c64s4001,ok,,1,1,1,1,1,1,1,1,1,1,1,1,1
tan20250909t080902c64s4001-C,tan20250909t080902c64s4001,ok,,1,1,1,1,1,1,1,1,1,1,1,1,1
tan20250909t081132c72s4001-A,tan20250909t081132c72s4001,ok,,1,1,1,1,1,1,1,1,1,1,1,1,1
tan20250909t081132c72s4001-B,tan20250909t081132c72s4001,ok,,1,1,1,1,1,1,1,1,1,1,1,1,1
tan20250909t081132c72s4001-C,tan20250909t081132c72s4001,ok,,1,1,1,1,1,1,1,1,1,1,1,1,1
tan20250909t081132c72s4001-D,tan20250909t081132c72s4001,ok,,1,1,1,1,1,1,1,1,1,1,1,1,1
tan20250909t081132c72s4001-F,tan20250909t081132c72s4001,ok,,1,1,1,1,1,1,1,1,1,1,1,1,1
tan20250909t081132c72s4001-G,tan20250909t081132c72s4001,ok,,1,1,1,1,1,1,1,1,1,1,1,1,1
tan20250909t081132c72s4001-H,tan20250909t081132c72s4001,ok,,1,1,1,1,1,1,1,1,1,1,1,1,1
tan20250909t081132c72s4001-I,tan20250909t081132c72s4001,ok,,1,1,1,1,1,1,1,1,1,1,1,1,1
tan20250909t081132c72s4001-J,tan20250909t081132c72s4001,ok,,1,1,1,1,1,1,1,1,1,1,1,1,1
tan20250909t172908c34s4001-A,tan20250909t172908c34s4001,ok,,1,1,1,1,1,1,1,1,1,1,1,1,1
tan20250909t172908c34s4001-B,tan20250909t172908c34s4001,ok,,1,1,1,1,1,1,1,1,1,1,1,1,1
tan20250909t190219c75s4001-A,tan20250909t190219c75s4001,ok,,1,1,1,1,1,1,1,1,1,1,1,1,1
tan20250910t182501c71s4001-A,tan20250910t182501c71s4001,ok,,1,1,1,1,1,1,1,1,1,1,1,1,1
tan20250911t064902c24s4001-A,tan20250911t064902c24s4001,ok,,1,1,1,1,1,1,1,1,1,1,1,1,1
tan20250913t070640c82s4001-A,tan20250913t070640c82s4001,ok,,1,1,1,1,1,1,1,1,1,1,1,1,1
tan20250913t085045c81s4001-A,tan20250913t085045c81s4001,ok,,1,1,1,1,1,1,1,1,1,1,1,1,1
tan20250913t085045c81s4001-B,tan20250913t085045c81s4001,ok,,1,1,1,1,1,1,1,1,1,1,1,1,1
tan20250913t085045c81s4001-C,tan20250913t085045c81s4001,ok,,1,1,1,1,1,1,1,1,1,1,1,1,1
tan20250913t180156c41s4001-A,tan20250913t180156c41s4001,ok,,1,1,1,1,1,1,1,1,1,1,1,1,1
tan20250914t142425c73s4001-A,tan20250914t142425c73s4001,ok,,1,1,1,1,1,1,1,1,1,1,1,1,1
tan20250914t142425c73s4001-B,tan20250914t142425c73s4001,ok,,1,1,1,1,1,1,1,1,1,1,1,1,1
tan20250914t171746c87s4001-A,tan20250914t171746c87s4001,ok,,1,1,1,1,1,1,1,1,1,1,1,1,1
tan20250914t171746c87s4001-B,tan20250914t171746c87s4001,ok,,1,1,1,1,1,1,1,1,1,1,1,1,1
tan20250915t115602c09s4001-A,tan20250915t115602c09s4001,ok,,1,1,1,1,1,1,1,1,1,1,1,1,1
tan20250915t115602c09s4001-B,tan20250915t115602c09s4001,ok,,1,1,1,1,1,1,1,1,1,1,1,1,1
tan20250915t115602c09s4001-C,tan20250915t115602c09s4001,ok,,1,1,1,1,1,1,1,1,1,1,1,1,1
tan20250915t115602c09s4001-D,tan20250915t115602c09s4001,ok,,1,1,1,1,1,1,1,1,1,1,1,1,1
tan20250917t090442c16s4001-A,tan20250917t090442c16s4001,ok,,1,1,1,1,1,1,1,1,1,1,1,1,1
tan20250917t195446c24s4001-A,tan20250917t195446c24s4001,ok,,1,1,1,1,1,1,1,1,1,1,1,1,1
tan20250920t101321c46s4001-A,tan20250920t101321c46s4001,ok,,1,1,1,1,1,1,1,1,1,1,1,1,1
tan20250922t180834c89s4001-A,tan20250922t180834c89s4001,ok,,1,1,1,1,1,1,1,1,1,1,1,1,1
tan20250922t180834c89s4001-B,tan20250922t180834c89s4001,ok,,1,1,1,1,1,1,1,1,1,1,1,1,1
tan20250922t194211c43s4001-A,tan20250922t194211c43s4001,ok,,1,1,1,1,1,1,1,1,1,1,1,1,1
tan20250922t194211c43s4001-B,tan20250922t194211c43s4001,ok,,1,1,1,1,1,1,1,1,1,1,1,1,1
tan20250922t194211c43s4001-E,tan20250922t194211c43s4001,ok,,1,1,1,1,1,1,1,1,1,1,1,1,1
tan20250925t082407c76s4001-A,tan20250925t082407c76s4001,ok,,1,1,1,1,1,1,1,1,1,1,1,1,1
tan20250925t082407c76s4001-B,tan20250925t082407c76s4001,ok,,1,1,1,1,1,1,1,1,1,1,1,1,1
tan20250926t074310c41s4001-A,tan20250926t074310c41s4001,ok,,1,1,1,1,1,1,1,1,1,1,1,1,1
tan20250926t074310c41s4001-B,tan20250926t074310c41s4001,ok,,1,1,1,1,1,1,1,1,1,1,1,1,1
tan20250926t183547c22s4001-B,tan20250926t183547c22s4001,ok,,1,1,1,1,1,1,1,1,1,1,1,1,1
tan20250926t183741c17s4001-A,tan20250926t183741c17s4001,ok,,1,1,1,1,1,1,1,1,1,1,1,1,1
tan20250926t183741c17s4001-C,tan20250926t183741c17s4001,ok,,1,1,1,1,1,1,1,1,1,1,1,1,1
tan20251002t082318c97s4001-A,tan20251002t082318c97s4001,ok,,1,1,1,1,1,1,1,1,1,1,1,1,1
tan20251002t082710c05s4001-A,tan20251002t082710c05s4001,ok,,1,1,1,1,1,1,1,1,1,1,1,1,1
tan20251002t082710c05s4001-B,tan20251002t082710c05s4001,ok,,1,1,1,1,1,1,1,1,1,1,1,1,1
tan20251002t082710c05s4001-C,tan20251002t082710c05s4001,ok,,1,1,1,1,1,1,1,1,1,1,1,1,1
tan20251002t082747c84s4001-A,tan20251002t082747c84s4001,ok,,1,1,1,1,1,1,1,1,1,1,1,1,1
tan20251002t113250c42s4001-A,tan20251002t113250c42s4001,ok,,1,1,1,1,1,1,1,1,1,1,1,1,1
tan20251002t113250c42s4001-B,tan20251002t113250c42s4001,ok,,1,1,1,1,1,1,1,1,1,1,1,1,1
tan20251002t113250c42s4001-E,tan20251002t113250c42s4001,ok,,1,1,1,1,1,1,1,1,1,1,1,1,1
tan20251002t113250c42s4001-F,tan20251002t113250c42s4001,ok,,1,1,1,1,1,1,1,1,1,1,1,1,1
tan20251002t113418c72s4001-A,tan20251002t113418c72s4001,ok,,1,1,1,1,1,1,1,1,1,1,1,1,1
tan20251003t154628c69s4001-A,tan20251003t154628c69s4001,ok,,1,1,1,1,1,1,1,1,1,1,1,1,1
tan20251003t170457c85s4001-A,tan20251003t170457c85s4001,ok,,1,1,1,1,1,1,1,1,1,1,1,1,1
tan20251003t170457c85s4001-C,tan20251003t170457c85s4001,ok,,1,1,1,1,1,1,1,1,1,1,1,1,1
tan20251003t170457c85s4001-D,tan20251003t170457c85s4001,ok,,1,1,1,1,1,1,1,1,1,1,1,1,1
tan20251006t085705c09s4001-A,tan20251006t085705c09s4001,ok,,1,1,1,1,1,1,1,1,1,1,1,1,1
tan20251006t085705c09s4001-B,tan20251006t085705c09s4001,ok,,1,1,1,1,1,1,1,1,1,1,1,1,1
tan20251007t081443c93s4001-A,tan20251007t081443c93s4001,ok,,1,1,1,1,1,1,1,1,1,1,1,1,1
tan20251007t081541c80s4001-A,tan20251007t081541c80s4001,ok,,1,1,1,1,1,1,1,1,1,1,1,1,1
tan20251007t081845c19s4001-B,tan20251007t081845c19s4001,ok,,1,1,1,1,1,1,1,1,1,1,1,1,1
tan20251007t144559c80s4001-A,tan20251007t144559c80s4001,ok,,1,1,1,1,1,1,1,1,1,1,1,1,1
tan20251008t055801c78s4001-A,tan20251008t055801c78s4001,ok,,1,1,1,1,1,1,1,1,1,1,1,1,1
tan20251008t153822c02s4001-C,tan20251008t153822c02s4001,ok,,1,1,1,1,1,1,1,1,1,1,1,1,1
tan20251009t034430c11s4001-A,tan20251009t034430c11s4001,ok,,1,1,1,1,1,1,1,1,1,1,1,1,1
tan20251010t073829c94s4001-A,tan20251010t073829c94s4001,ok,,1,1,1,1,1,1,1,1,1,1,1,1,1
tan20251010t092012c77s4001-B,tan20251010t092012c77s4001,ok,,1,1,1,1,1,1,1,1,1,1,1,1,1
tan20251010t092012c77s4001-C,tan20251010t092012c77s4001,ok,,1,1,1,1,1,1,1,1,1,1,1,1,1
tan20251010t092225c78s4001-A,tan20251010t092225c78s4001,ok,,1,1,1,1,1,1,1,1,1,1,1,1,1
tan20251010t092225c78s4001-B,tan20251010t092225c78s4001,ok,,1,1,1,1,1,1,1,1,1,1,1,1,1
tan20251010t184134c50s4001-A,tan20251010t184134c50s4001,ok,,1,1,1,1,1,1,1,1,1,1,1,1,1
tan20251010t184134c50s4001-B,tan20251010t184134c50s4001,ok,,1,1,1,1,1,1,1,1,1,1,1,1,1
tan20251011t180410c64s4001-A,tan20251011t180410c64s4001,ok,,1,1,1,1,1,1,1,1,1,1,1,1,1
tan20251012t075405c01s4001-A,tan20251012t075405c01s4001,ok,,1,1,1,1,1,1,1,1,1,1,1,1,1
tan20251012t172136c30s4001-A,tan20251012t172136c30s4001,ok,,1,1,1,1,1,1,1,1,1,1,1,1,1
tan20251012t172136c30s4001-D,tan20251012t172136c30s4001,ok,,1,1,1,1,1,1,1,1,1,1,1,1,1
tan20251012t172136c30s4001-E,tan20251012t172136c30s4001,ok,,1,1,1,1,1,1,1,1,1,1,1,1,1
tan20251012t172136c30s4001-F,tan20251012t172136c30s4001,ok,,1,1,1,1,1,1,1,1,1,1,1,1,1
tan20251012t172136c30s4001-G,tan20251012t172136c30s4001,ok,,1,1,1,1,1,1,1,1,1,1,1,1,1
tan20251012t172136c30s4001-H,tan20251012t172136c30s4001,ok,,1,1,1,1,1,1,1,1,1,1,1,1,1
tan20251012t172136c30s4001-O,tan20251012t172136c30s4001,ok,,1,1,1,1,1,1,1,1,1,1,1,1,1
tan20251012t172211c61s4001-A,tan20251012t172211c61s4001,ok,,1,1,1,1,1,1,1,1,1,1,1,1,1
tan20251013t041307c98s4001-A,tan20251013t041307c98s4001,ok,,1,1,1,1,1,1,1,1,1,1,1,1,1
tan20251013t041307c98s4001-B,tan20251013t041307c98s4001,ok,,1,1,1,1,1,1,1,1,1,1,1,1,1
tan20251013t102915c03s4001-A,tan20251013t102915c03s4001,ok,,1,1,1,1,1,1,1,1,1,1,1,1,1
tan20251013t120133c75s4001-A,tan20251013t120133c75s4001,ok,,1,1,1,1,1,1,1,1,1,1,1,1,1
tan20251014t081331c07s4001-A,tan20251014t081331c07s4001,ok,,1,1,1,1,1,1,1,1,1,1,1,1,1
tan20251014t081331c07s4001-D,tan20251014t081331c07s4001,ok,,1,1,1,1,1,1,1,1,1,1,1,1,1
tan20251014t081331c07s4001-E,tan20251014t081331c07s4001,ok,,1,1,1,1,1,1,1,1,1,1,1,1,1
tan20251014t081331c07s4001-F,tan20251014t081331c07s4001,ok,,1,1,1,1,1,1,1,1,1,1,1,1,1
tan20251014t081331c07s4001-G,tan20251014t081331c07s4001,ok,,1,1,1,1,1,1,1,1,1,1,1,1,1
tan20251014t081331c07s4001-H,tan20251014t081331c07s4001,ok,,1,1,1,1,1,1,1,1,1,1,1,1,1
tan20251014t081331c07s4001-K,tan20251014t081331c07s4001,ok,,1,1,1,1,1,1,1,1,1,1,1,1,1
tan20251014t081331c07s4001-L,tan20251014t081331c07s4001,ok,,1,1,1,1,1,1,1,1,1,1,1,1,1
tan20251014t081331c07s4001-M,tan20251014t081331c07s4001,ok,,1,1,1,1,1,1,1,1,1,1,1,1,1
tan20251014t081331c07s4001-O,tan20251014t081331c07s4001,ok,,1,1,1,1,1,1,1,1,1,1,1,1,1
tan20251014t081331c07s4001-P,tan20251014t081331c07s4001,ok,,1,1,1,1,1,1,1,1,1,1,1,1,1
tan20251014t081331c07s4001-S,tan20251014t081331c07s4001,ok,,1,1,1,1,1,1,1,1,1,1,1,1,1
tan20251014t081331c07s4001-T,tan20251014t081331c07s4001,ok,,1,1,1,1,1,1,1,1,1,1,1,1,1
tan20251014t081331c07s4001-U,tan20251014t081331c07s4001,ok,,1,1,1,1,1,1,1,1,1,1,1,1,1
tan20251014t081331c07s4001-W,tan20251014t081331c07s4001,ok,,1,1,1,1,1,1,1,1,1,1,1,1,1
tan20251014t081331c07s4001-X,tan20251014t081331c07s4001,ok,,1,1,1,1,1,1,1,1,1,1,1,1,1
tan20251014t081553c72s4001-A,tan20251014t081553c72s4001,ok,,1,1,1,1,1,1,1,1,1,1,1,1,1
tan20251014t081553c72s4001-B,tan20251014t081553c72s4001,ok,,1,1,1,1,1,1,1,1,1,1,1,1,1
tan20251014t081553c72s4001-C,tan20251014t081553c72s4001,ok,,1,1,1,1,1,1,1,1,1,1,1,1,1
tan20251014t112208c80s4001-A,tan20251014t112208c80s4001,ok,,1,1,1,1,1,1,1,1,1,1,1,1,1
tan20251014t112208c80s4001-B,tan20251014t112208c80s4001,ok,,1,1,1,1,1,1,1,1,1,1,1,1,1
tan20251014t112208c80s4001-C,tan20251014t112208c80s4001,ok,,1,1,1,1,1,1,1,1,1,1,1,1,1
tan20251015t073358c75s4001-A,tan20251015t073358c75s4001,ok,,1,1,1,1,1,1,1,1,1,1,1,1,1
tan20251015t073358c75s4001-B,tan20251015t073358c75s4001,ok,,1,1,1,1,1,1,1,1,1,1,1,1,1
tan20251015t073358c75s4001-C,tan20251015t073358c75s4001,ok,,1,1,1,1,1,1,1,1,1,1,1,1,1
tan20251015t073751c96s4001-A,tan20251015t073751c96s4001,ok,,1,1,1,1,1,1,1,1,1,1,1,1,1
tan20251015t165420c91s4001-A,tan20251015t165420c91s4001,ok,,1,1,1,1,1,1,1,1,1,1,1,1,1
tan20251015t165420c91s4001-B,tan20251015t165420c91s4001,ok,,1,1,1,1,1,1,1,1,1,1,1,1,1
tan20251015t165527c03s4001-A,tan20251015t165527c03s4001,ok,,1,1,1,1,1,1,1,1,1,1,1,1,1
tan20251015t165527c03s4001-B,tan20251015t165527c03s4001,ok,,1,1,1,1,1,1,1,1,1,1,1,1,1
tan20251015t182900c05s4001-A,tan20251015t182900c05s4001,ok,,1,1,1,1,1,1,1,1,1,1,1,1,1
tan20251015t182900c05s4001-B,tan20251015t182900c05s4001,ok,,1,1,1,1,1,1,1,1,1,1,1,1,1
tan20251015t182900c05s4001-C,tan20251015t182900c05s4001,ok,,1,1,1,1,1,1,1,1,1,1,1,1,1
tan20251015t182900c05s4001-D,tan20251015t182900c05s4001,ok,,1,1,1,1,1,1,1,1,1,1,1,1,1
tan20251015t182900c05s4001-E,tan20251015t182900c05s4001,ok,,1,1,1,1,1,1,1,1,1,1,1,1,1
tan20251015t182900c05s4001-G,tan20251015t182900c05s4001,ok,,1,1,1,1,1,1,1,1,1,1,1,1,1
tan20251015t182900c05s4001-H,tan20251015t182900c05s4001,ok,,1,1,1,1,1,1,1,1,1,1,1,1,1
tan20251015t182900c05s4001-I,tan20251015t182900c05s4001,ok,,1,1,1,1,1,1,1,1,1,1,1,1,1
tan20251015t182900c05s4001-J,tan20251015t182900c05s4001,ok,,1,1,1,1,1,1,1,1,1,1,1,1,1
tan20251015t182900c05s4001-K,tan20251015t182900c05s4001,ok,,1,1,1,1,1,1,1,1,1,1,1,1,1
tan20251015t182900c05s4001-L,tan20251015t182900c05s4001,ok,,1,1,1,1,1,1,1,1,1,1,1,1,1
tan20251015t182900c05s4001-N,tan20251015t182900c05s4001,ok,,1,1,1,1,1,1,1,1,1,1,1,1,1
tan20251016t064808c90s4001-A,tan20251016t064808c90s4001,ok,,1,1,1,1,1,1,1,1,1,1,1,1,1
tan20251016t081941c89s4001-A,tan20251016t081941c89s4001,ok,,1,1,1,1,1,1,1,1,1,1,1,1,1
tan20251016t113246c82s4001-A,tan20251016t113246c82s4001,ok,,1,1,1,1,1,1,1,1,1,1,1,1,1
tan20251018t053641c69s4001-A,tan20251018t053641c69s4001,ok,,1,1,1,1,1,1,1,1,1,1,1,1,1
tan20251018t072300c77s4001-A,tan20251018t072300c77s4001,ok,,1,1,1,1,1,1,1,1,1,1,1,1,1
tan20251018t193534c73s4001-A,tan20251018t193534c73s4001,ok,,1,1,1,1,1,1,1,1,1,1,1,1,1
tan20251019t080449c91s4001-A,tan20251019t080449c91s4001,ok,,1,1,1,1,1,1,1,1,1,1,1,1,1
tan20251019t080449c91s4001-K,tan20251019t080449c91s4001,ok,,1,1,1,1,1,1,1,1,1,1,1,1,1
tan20251019t093701c32s4001-A,tan20251019t093701c32s4001,ok,,1,1,1,1,1,1,1,1,1,1,1,1,1
tan20251019t185710c05s4001-A,tan20251019t185710c05s4001,ok,,1,1,1,1,1,1,1,1,1,1,1,1,1
tan20251020t041405c07s4001-A,tan20251020t041405c07s4001,ok,,1,1,1,1,1,1,1,1,1,1,1,1,1
tan20251020t041405c07s4001-B,tan20251020t041405c07s4001,ok,,1,1,1,1,1,1,1,1,1,1,1,1,1
tan20251020t041405c07s4001-C,tan20251020t041405c07s4001,ok,,1,1,1,1,1,1,1,1,1,1,1,1,1
tan20251020t041405c07s4001-D,tan20251020t041405c07s4001,ok,,1,1,1,1,1,1,1,1,1,1,1,1,1
tan20251020t041405c07s4001-E,tan20251020t041405c07s4001,ok,,1,1,1,1,1,1,1,1,1,1,1,1,1
tan20251020t041405c07s4001-F,tan20251020t041405c07s4001,ok,,1,1,1,1,1,1,1,1,1,1,1,1,1
tan20251020t041405c07s4001-G,tan20251020t041405c07s4001,ok,,1,1,1,1,1,1,1,1,1,1,1,1,1
tan20251020t041405c07s4001-H,tan20251020t041405c07s4001,ok,,1,1,1,1,1,1,1,1,1,1,1,1,1
tan20251020t041405c07s4001-I,tan20251020t041405c07s4001,ok,,1,1,1,1,1,1,1,1,1,1,1,1,1
tan20251020t041405c07s4001-J,tan20251020t041405c07s4001,ok,,1,1,1,1,1,1,1,1,1,1,1,1,1
tan20251020t041405c07s4001-K,tan20251020t041405c07s4001,ok,,1,1,1,1,1,1,1,1,1,1,1,1,1
tan20251021t112318c02s4001-A,tan20251021t112318c02s4001,ok,,1,1,1,1,1,1,1,1,1,1,1,1,1
tan20251022t090952c10s4001-A,tan20251022t090952c10s4001,ok,,1,1,1,1,1,1,1,1,1,1,1,1,1
tan20251022t103906c23s4001-B,tan20251022t103906c23s4001,ok,,1,1,1,1,1,1,1,1,1,1,1,1,1
tan20251022t103906c23s4001-C,tan20251022t103906c23s4001,ok,,1,1,1,1,1,1,1,1,1,1,1,1,1
tan20251022t103906c23s4001-E,tan20251022t103906c23s4001,ok,,1,1,1,1,1,1,1,1,1,1,1,1,1
tan20251022t103906c23s4001-F,tan20251022t103906c23s4001,ok,,1,1,1,1,1,1,1,1,1,1,1,1,1
tan20251022t103906c23s4001-G,tan20251022t103906c23s4001,ok,,1,1,1,1,1,1,1,1,1,1,1,1,1
tan20251022t103906c23s4001-H,tan20251022t103906c23s4001,ok,,1,1,1,1,1,1,1,1,1,1,1,1,1
tan20251022t183243c61s4001-A,tan20251022t183243c61s4001,ok,,1,1,1,1,1,1,1,1,1,1,1,1,1
tan20251022t183243c61s4001-B,tan20251022t183243c61s4001,ok,,1,1,1,1,1,1,1,1,1,1,1,1,1
tan20251022t183243c61s4001-C,tan20251022t183243c61s4001,ok,,1,1,1,1,1,1,1,1,1,1,1,1,1
tan20251022t183243c61s4001-E,tan20251022t183243c61s4001,ok,,1,1,1,1,1,1,1,1,1,1,1,1,1
tan20251022t183243c61s4001-F,tan20251022t183243c61s4001,ok,,1,1,1,1,1,1,1,1,1,1,1,1,1
tan20251023t174713c17s4001-A,tan20251023t174713c17s4001,ok,,1,1,1,1,1,1,1,1,1,1,1,1,1
tan20251023t174713c17s4001-B,tan20251023t174713c17s4001,ok,,1,1,1,1,1,1,1,1,1,1,1,1,1
tan20251023t192306c50s4001-A,tan20251023t192306c50s4001,ok,,1,1,1,1,1,1,1,1,1,1,1,1,1
tan20251024t061109c86s4001-A,tan20251024t061109c86s4001,ok,,1,1,1,1,1,1,1,1,1,1,1,1,1
tan20251024t061109c86s4001-B,tan20251024t061109c86s4001,ok,,1,1,1,1,1,1,1,1,1,1,1,1,1
tan20251024t061109c86s4001-C,tan20251024t061109c86s4001,ok,,1,1,1,1,1,1,1,1,1,1,1,1,1
tan20251024t061109c86s4001-D,tan20251024t061109c86s4001,ok,,1,1,1,1,1,1,1,1,1,1,1,1,1
tan20251024t061109c86s4001-E,tan20251024t061109c86s4001,ok,,1,1,1,1,1,1,1,1,1,1,1,1,1
tan20251024t061109c86s4001-F,tan20251024t061109c86s4001,ok,,1,1,1,1,1,1,1,1,1,1,1,1,1
tan20251024t061109c86s4001-G,tan20251024t061109c86s4001,ok,,1,1,1,1,1,1,1,1,1,1,1,1,1
tan20251024t061109c86s4001-H,tan20251024t061109c86s4001,ok,,1,1,1,1,1,1,1,1,1,1,1,1,1
tan20251024t061109c86s4001-I,tan20251024t061109c86s4001,ok,,1,1,1,1,1,1,1,1,1,1,1,1,1
tan20251024t061109c86s4001-J,tan20251024t061109c86s4001,ok,,1,1,1,1,1,1,1,1,1,1,1,1,1
tan20251024t061109c86s4001-K,tan20251024t061109c86s4001,ok,,1,1,1,1,1,1,1,1,1,1,1,1,1
tan20251024t123433c76s4001-A,tan20251024t123433c76s4001,ok,,1,1,1,1,1,1,1,1,1,1,1,1,1
tan20251026t080548c90s4001-A,tan20251026t080548c90s4001,ok,,1,1,1,1,1,1,1,1,1,1,1,1,1
tan20251026t185609c70s4001-A,tan20251026t185609c70s4001,ok,,1,1,1,1,1,1,1,1,1,1,1,1,1
tan20251026t185609c70s4001-B,tan20251026t185609c70s4001,ok,,1,1,1,1,1,1,1,1,1,1,1,1,1
tan20251027t071853c17s4001-A,tan20251027t071853c17s4001,ok,,1,1,1,1,1,1,1,1,1,1,1,1,1
tan20251027t071853c17s4001-B,tan20251027t071853c17s4001,ok,,1,1,1,1,1,1,1,1,1,1,1,1,1
tan20251027t071853c17s4001-C,tan20251027t071853c17s4001,ok,,1,1,1,1,1,1,1,1,1,1,1,1,1
tan20251029t200252c42s4001-B,tan20251029t200252c42s4001,ok,,1,1,1,1,1,1,1,1,1,1,1,1,1
tan20251029t200252c42s4001-D,tan20251029t200252c42s4001,ok,,1,1,1,1,1,1,1,1,1,1,1,1,1
tan20251031t171034c15s4001-A,tan20251031t171034c15s4001,ok,,1,1,1,1,1,1,1,1,1,1,1,1,1
tan20251101t040312c69s4001-A,tan20251101t040312c69s4001,ok,,1,1,1,1,1,1,1,1,1,1,1,1,1
tan20251101t040312c69s4001-B,tan20251101t040312c69s4001,ok,,1,1,1,1,1,1,1,1,1,1,1,1,1
tan20251101t040312c69s4001-C,tan20251101t040312c69s4001,ok,,1,1,1,1,1,1,1,1,1,1,1,1,1
tan20251101t040312c69s4001-D,tan20251101t040312c69s4001,ok,,1,1,1,1,1,1,1,1,1,1,1,1,1
tan20251101t040312c69s4001-E,tan20251101t040312c69s4001,ok,,1,1,1,1,1,1,1,1,1,1,1,1,1
tan20251101t040312c69s4001-F,tan20251101t040312c69s4001,ok,,1,1,1,1,1,1,1,1,1,1,1,1,1
tan20251101t040312c69s4001-G,tan20251101t040312c69s4001,ok,,1,1,1,1,1,1,1,1,1,1,1,1,1
tan20251101t040312c69s4001-H,tan20251101t040312c69s4001,ok,,1,1,1,1,1,1,1,1,1,1,1,1,1
tan20251101t040312c69s4001-I,tan20251101t040312c69s4001,ok,,1,1,1,1,1,1,1,1,1,1,1,1,1
tan20251101t040352c45s4001-A,tan20251101t040352c45s4001,ok,,1,1,1,1,1,1,1,1,1,1,1,1,1
tan20251101t040352c45s4001-AJ,tan20251101t040352c45s4001,ok,,1,1,1,1,1,1,1,1,1,1,1,1,1
tan20251101t040352c45s4001-AK,tan20251101t040352c45s4001,ok,,1,1,1,1,1,1,1,1,1,1,1,1,1
tan20251101t040352c45s4001-AL,tan20251101t040352c45s4001,ok,,1,1,1,1,1,1,1,1,1,1,1,1,1
tan20251101t040352c45s4001-AM,tan20251101t040352c45s4001,ok,,1,1,1,1,1,1,1,1,1,1,1,1,1
tan20251101t040352c45s4001-B,tan20251101t040352c45s4001,ok,,1,1,1,1,1,1,1,1,1,1,1,1,1
tan20251101t040352c45s4001-C,tan20251101t040352c45s4001,ok,,1,1,1,1,1,1,1,1,1,1,1,1,1
tan20251101t040352c45s4001-D,tan20251101t040352c45s4001,ok,,1,1,1,1,1,1,1,1,1,1,1,1,1
tan20251101t040352c45s4001-E,tan20251101t040352c45s4001,ok,,1,1,1,1,1,1,1,1,1,1,1,1,1
tan20251101t040352c45s4001-F,tan20251101t040352c45s4001,ok,,1,1,1,1,1,1,1,1,1,1,1,1,1
tan20251101t040352c45s4001-G,tan20251101t040352c45s4001,ok,,1,1,1,1,1,1,1,1,1,1,1,1,1
tan20251101t040352c45s4001-H,tan20251101t040352c45s4001,ok,,1,1,1,1,1,1,1,1,1,1,1,1,1
tan20251101t040352c45s4001-I,tan20251101t040352c45s4001,ok,,1,1,1,1,1,1,1,1,1,1,1,1,1
tan20251101t040352c45s4001-J,tan20251101t040352c45s4001,ok,,1,1,1,1,1,1,1,1,1,1,1,1,1
tan20251101t040352c45s4001-K,tan20251101t040352c45s4001,ok,,1,1,1,1,1,1,1,1,1,1,1,1,1
tan20251101t040352c45s4001-L,tan20251101t040352c45s4001,ok,,1,1,1,1,1,1,1,1,1,1,1,1,1
tan20251101t040352c45s4001-M,tan20251101t040352c45s4001,ok,,1,1,1,1,1,1,1,1,1,1,1,1,1
tan20251101t040352c45s4001-N,tan20251101t040352c45s4001,ok,,1,1,1,1,1,1,1,1,1,1,1,1,1
tan20251101t040352c45s4001-O,tan20251101t040352c45s4001,ok,,1,1,1,1,1,1,1,1,1,1,1,1,1
tan20251101t040352c45s4001-P,tan20251101t040352c45s4001,ok,,1,1,1,1,1,1,1,1,1,1,1,1,1
tan20251101t040352c45s4001-Q,tan20251101t040352c45s4001,ok,,1,1,1,1,1,1,1,1,1,1,1,1,1
tan20251101t040352c45s4001-R,tan20251101t040352c45s4001,ok,,1,1,1,1,1,1,1,1,1,1,1,1,1
tan20251101t040352c45s4001-S,tan20251101t040352c45s4001,ok,,1,1,1,1,1,1,1,1,1,1,1,1,1
tan20251101t040352c45s4001-T,tan20251101t040352c45s4001,ok,,1,1,1,1,1,1,1,1,1,1,1,1,1
tan20251101t040352c45s4001-U,tan20251101t040352c45s4001,ok,,1,1,1,1,1,1,1,1,1,1,1,1,1
tan20251101t040352c45s4001-V,tan20251101t040352c45s4001,ok,,1,1,1,1,1,1,1,1,1,1,1,1,1
tan20251101t040352c45s4001-W,tan20251101t040352c45s4001,ok,,1,1,1,1,1,1,1,1,1,1,1,1,1
tan20251101t040352c45s4001-X,tan20251101t040352c45s4001,ok,,1,1,1,1,1,1,1,1,1,1,1,1,1
tan20251101t040352c45s4001-Y,tan20251101t040352c45s4001,ok,,1,1,1,1,1,1,1,1,1,1,1,1,1
tan20251101t040352c45s4001-Z,tan20251101t040352c45s4001,ok,,1,1,1,1,1,1,1,1,1,1,1,1,1
tan20251101t101434c09s4001-A,tan20251101t101434c09s4001,ok,,1,1,1,1,1,1,1,1,1,1,1,1,1
tan20251101t101859c72s4001-A,tan20251101t101859c72s4001,ok,,1,1,1,1,1,1,1,1,1,1,1,1,1
tan20251101t101859c72s4001-B,tan20251101t101859c72s4001,ok,,1,1,1,1,1,1,1,1,1,1,1,1,1
tan20251101t101859c72s4001-C,tan20251101t101859c72s4001,ok,,1,1,1,1,1,1,1,1,1,1,1,1,1
tan20251102t093624c06s4001-A,tan20251102t093624c06s4001,ok,,1,1,1,1,1,1,1,1,1,1,1,1,1
tan20251102t093624c06s4001-B,tan20251102t093624c06s4001,ok,,1,1,1,1,1,1,1,1,1,1,1,1,1
tan20251103t153206c13s4001-A,tan20251103t153206c13s4001,ok,,1,1,1,1,1,1,1,1,1,1,1,1,1
tan20251103t153206c13s4001-B,tan20251103t153206c13s4001,ok,,1,1,1,1,1,1,1,1,1,1,1,1,1
tan20251103t181705c30s4001-A,tan20251103t181705c30s4001,ok,,1,1,1,1,1,1,1,1,1,1,1,1,1
tan20251103t181705c30s4001-B,tan20251103t181705c30s4001,ok,,1,1,1,1,1,1,1,1,1,1,1,1,1
tan20251103t181705c30s4001-C,tan20251103t181705c30s4001,ok,,1,1,1,1,1,1,1,1,1,1,1,1,1
tan20251103t181812c90s4001-A,tan20251103t181812c90s4001,ok,,1,1,1,1,1,1,1,1,1,1,1,1,1
tan20251103t181934c71s4001-A,tan20251103t181934c71s4001,ok,,1,1,1,1,1,1,1,1,1,1,1,1,1
tan20251103t181934c71s4001-B,tan20251103t181934c71s4001,ok,,1,1,1,1,1,1,1,1,1,1,1,1,1
tan20251103t181934c71s4001-C,tan20251103t181934c71s4001,ok,,1,1,1,1,1,1,1,1,1,1,1,1,1
tan20251103t182108c60s4001-B,tan20251103t182108c60s4001,ok,,1,1,1,1,1,1,1,1,1,1,1,1,1
tan20251104t081501c37s4001-A,tan20251104t081501c37s4001,ok,,1,1,1,1,1,1,1,1,1,1,1,1,1
tan20251104t160844c66s4001-C,tan20251104t160844c66s4001,ok,,1,1,1,1,1,1,1,1,1,1,1,1,1
tan20251105t025809c59s4001-A,tan20251105t025809c59s4001,ok,,1,1,1,1,1,1,1,1,1,1,1,1,1
tan20251105t030520c63s4001-A,tan20251105t030520c63s4001,fail,prev1:missing,1,1,0,0,1,1,1,1,1,1,1,1,1
tan20251106t082918c93s4001-B,tan20251106t082918c93s4001,ok,,1,1,1,1,1,1,1,1,1,1,1,1,1
tan20251106t082918c93s4001-C,tan20251106t082918c93s4001,ok,,1,1,1,1,1,1,1,1,1,1,1,1,1
tan20251106t082918c93s4001-D,tan20251106t082918c93s4001,ok,,1,1,1,1,1,1,1,1,1,1,1,1,1
tan20251107t075006c09s4001-A,tan20251107t075006c09s4001,ok,,1,1,1,1,1,1,1,1,1,1,1,1,1
tan20251107t075527c45s4001-A,tan20251107t075527c45s4001,ok,,1,1,1,1,1,1,1,1,1,1,1,1,1
tan20251107t155501c20s4001-A,tan20251107t155501c20s4001,ok,,1,1,1,1,1,1,1,1,1,1,1,1,1
tan20251107t155645c21s4001-A,tan20251107t155645c21s4001,ok,,1,1,1,1,1,1,1,1,1,1,1,1,1
tan20251108t151935c51s4001-A,tan20251108t151935c51s4001,ok,,1,1,1,1,1,1,1,1,1,1,1,1,1
tan20251111t051419c83s4001-A,tan20251111t051419c83s4001,ok,,1,1,1,1,1,1,1,1,1,1,1,1,1
tan20251111t051419c83s4001-C,tan20251111t051419c83s4001,ok,,1,1,1,1,1,1,1,1,1,1,1,1,1
tan20251111t051419c83s4001-F,tan20251111t051419c83s4001,ok,,1,1,1,1,1,1,1,1,1,1,1,1,1
tan20251111t051419c83s4001-H,tan20251111t051419c83s4001,ok,,1,1,1,1,1,1,1,1,1,1,1,1,1
tan20251111t051419c83s4001-I,tan20251111t051419c83s4001,ok,,1,1,1,1,1,1,1,1,1,1,1,1,1
tan20251111t051419c83s4001-J,tan20251111t051419c83s4001,ok,,1,1,1,1,1,1,1,1,1,1,1,1,1
tan20251111t051419c83s4001-M,tan20251111t051419c83s4001,ok,,1,1,1,1,1,1,1,1,1,1,1,1,1
tan20251111t051419c83s4001-N,tan20251111t051419c83s4001,ok,,1,1,1,1,1,1,1,1,1,1,1,1,1
tan20251111t064610c81s4001-A,tan20251111t064610c81s4001,ok,,1,1,1,1,1,1,1,1,1,1,1,1,1
tan20251111t064610c81s4001-B,tan20251111t064610c81s4001,ok,,1,1,1,1,1,1,1,1,1,1,1,1,1
tan20251114t110045c31s4001-A,tan20251114t110045c31s4001,ok,,1,1,1,1,1,1,1,1,1,1,1,1,1
tan20251114t110045c31s4001-B,tan20251114t110045c31s4001,ok,,1,1,1,1,1,1,1,1,1,1,1,1,1
tan20251114t110045c31s4001-C,tan20251114t110045c31s4001,ok,,1,1,1,1,1,1,1,1,1,1,1,1,1
tan20251114t110045c31s4001-D,tan20251114t110045c31s4001,ok,,1,1,1,1,1,1,1,1,1,1,1,1,1
tan20251114t110045c31s4001-F,tan20251114t110045c31s4001,ok,,1,1,1,1,1,1,1,1,1,1,1,1,1
tan20251114t155705c41s4001-A,tan20251114t155705c41s4001,ok,,1,1,1,1,1,1,1,1,1,1,1,1,1
tan20251114t184810c66s4001-A,tan20251114t184810c66s4001,ok,,1,1,1,1,1,1,1,1,1,1,1,1,1
tan20251115t180834c12s4001-A,tan20251115t180834c12s4001,ok,,1,1,1,1,1,1,1,1,1,1,1,1,1
tan20251115t180959c03s4001-A,tan20251115t180959c03s4001,ok,,1,1,1,1,1,1,1,1,1,1,1,1,1
tan20251115t180959c03s4001-B,tan20251115t180959c03s4001,ok,,1,1,1,1,1,1,1,1,1,1,1,1,1
tan20251115t180959c03s4001-C,tan20251115t180959c03s4001,ok,,1,1,1,1,1,1,1,1,1,1,1,1,1
tan20251115t180959c03s4001-D,tan20251115t180959c03s4001,ok,,1,1,1,1,1,1,1,1,1,1,1,1,1
tan20251115t180959c03s4001-E,tan20251115t180959c03s4001,ok,,1,1,1,1,1,1,1,1,1,1,1,1,1
tan20251115t180959c03s4001-F,tan20251115t180959c03s4001,ok,,1,1,1,1,1,1,1,1,1,1,1,1,1
tan20251115t180959c03s4001-G,tan20251115t180959c03s4001,ok,,1,1,1,1,1,1,1,1,1,1,1,1,1
tan20251115t180959c03s4001-H,tan20251115t180959c03s4001,ok,,1,1,1,1,1,1,1,1,1,1,1,1,1
tan20251115t180959c03s4001-I,tan20251115t180959c03s4001,ok,,1,1,1,1,1,1,1,1,1,1,1,1,1
tan20251118t081713c06s4001-A,tan20251118t081713c06s4001,ok,,1,1,1,1,1,1,1,1,1,1,1,1,1
tan20251118t081849c13s4001-A,tan20251118t081849c13s4001,ok,,1,1,1,1,1,1,1,1,1,1,1,1,1
tan20251118t081849c13s4001-B,tan20251118t081849c13s4001,ok,,1,1,1,1,1,1,1,1,1,1,1,1,1
tan20251118t081849c13s4001-C,tan20251118t081849c13s4001,ok,,1,1,1,1,1,1,1,1,1,1,1,1,1
tan20251118t081849c13s4001-D,tan20251118t081849c13s4001,ok,,1,1,1,1,1,1,1,1,1,1,1,1,1
tan20251118t081849c13s4001-E,tan20251118t081849c13s4001,ok,,1,1,1,1,1,1,1,1,1,1,1,1,1
tan20251118t081849c13s4001-F,tan20251118t081849c13s4001,ok,,1,1,1,1,1,1,1,1,1,1,1,1,1
tan20251118t081849c13s4001-K,tan20251118t081849c13s4001,ok,,1,1,1,1,1,1,1,1,1,1,1,1,1
tan20251118t081849c13s4001-L,tan20251118t081849c13s4001,ok,,1,1,1,1,1,1,1,1,1,1,1,1,1
tan20251118t081849c13s4001-P,tan20251118t081849c13s4001,ok,,1,1,1,1,1,1,1,1,1,1,1,1,1
tan20251118t081849c13s4001-Q,tan20251118t081849c13s4001,ok,,1,1,1,1,1,1,1,1,1,1,1,1,1
tan20251118t081849c13s4001-R,tan20251118t081849c13s4001,ok,,1,1,1,1,1,1,1,1,1,1,1,1,1
tan20251118t081849c13s4001-S,tan20251118t081849c13s4001,ok,,1,1,1,1,1,1,1,1,1,1,1,1,1
tan20251118t081849c13s4001-T,tan20251118t081849c13s4001,ok,,1,1,1,1,1,1,1,1,1,1,1,1,1
tan20251118t081849c13s4001-U,tan20251118t081849c13s4001,ok,,1,1,1,1,1,1,1,1,1,1,1,1,1
tan20251118t081849c13s4001-W,tan20251118t081849c13s4001,ok,,1,1,1,1,1,1,1,1,1,1,1,1,1
tan20251118t082024c03s4001-A,tan20251118t082024c03s4001,ok,,1,1,1,1,1,1,1,1,1,1,1,1,1
tan20251118t082024c03s4001-B,tan20251118t082024c03s4001,ok,,1,1,1,1,1,1,1,1,1,1,1,1,1
tan20251118t082024c03s4001-C,tan20251118t082024c03s4001,ok,,1,1,1,1,1,1,1,1,1,1,1,1,1
tan20251118t082024c03s4001-D,tan20251118t082024c03s4001,ok,,1,1,1,1,1,1,1,1,1,1,1,1,1
tan20251118t082024c03s4001-E,tan20251118t082024c03s4001,ok,,1,1,1,1,1,1,1,1,1,1,1,1,1
tan20251118t082024c03s4001-F,tan20251118t082024c03s4001,ok,,1,1,1,1,1,1,1,1,1,1,1,1,1
tan20251118t082024c03s4001-G,tan20251118t082024c03s4001,ok,,1,1,1,1,1,1,1,1,1,1,1,1,1
tan20251118t082024c03s4001-H,tan20251118t082024c03s4001,ok,,1,1,1,1,1,1,1,1,1,1,1,1,1
tan20251118t082159c84s4001-A,tan20251118t082159c84s4001,ok,,1,1,1,1,1,1,1,1,1,1,1,1,1
tan20251118t082159c84s4001-F,tan20251118t082159c84s4001,ok,,1,1,1,1,1,1,1,1,1,1,1,1,1
tan20251119t043224c84s4001-C,tan20251119t043224c84s4001,ok,,1,1,1,1,1,1,1,1,1,1,1,1,1
tan20251120t010324c29s4001-A,tan20251120t010324c29s4001,ok,,1,1,1,1,1,1,1,1,1,1,1,1,1
tan20251120t035102c71s4001-A,tan20251120t035102c71s4001,ok,,1,1,1,1,1,1,1,1,1,1,1,1,1
tan20251120t035102c71s4001-B,tan20251120t035102c71s4001,ok,,1,1,1,1,1,1,1,1,1,1,1,1,1
tan20251121t031240c35s4001-A,tan20251121t031240c35s4001,ok,,1,1,1,1,1,1,1,1,1,1,1,1,1
tan20251121t031240c35s4001-C,tan20251121t031240c35s4001,ok,,1,1,1,1,1,1,1,1,1,1,1,1,1
tan20251121t031333c45s4001-A,tan20251121t031333c45s4001,ok,,1,1,1,1,1,1,1,1,1,1,1,1,1
tan20251122t071401c45s4001-A,tan20251122t071401c45s4001,ok,,1,1,1,1,1,1,1,1,1,1,1,1,1
tan20251122t072719c47s4001-A,tan20251122t072719c47s4001,ok,,1,1,1,1,1,1,1,1,1,1,1,1,1
tan20251122t084707c42s4001-A,tan20251122t084707c42s4001,ok,,1,1,1,1,1,1,1,1,1,1,1,1,1
tan20251122t084707c42s4001-B,tan20251122t084707c42s4001,ok,,1,1,1,1,1,1,1,1,1,1,1,1,1
tan20251122t181116c92s4001-A,tan20251122t181116c92s4001,ok,,1,1,1,1,1,1,1,1,1,1,1,1,1
tan20251123t063423c10s4001-A,tan20251123t063423c10s4001,ok,,1,1,1,1,1,1,1,1,1,1,1,1,1
tan20251123t080806c49s4001-B,tan20251123t080806c49s4001,ok,,1,1,1,1,1,1,1,1,1,1,1,1,1
tan20251123t160732c43s4001-A,tan20251123t160732c43s4001,ok,,1,1,1,1,1,1,1,1,1,1,1,1,1
tan20251123t172833c23s4001-A,tan20251123t172833c23s4001,ok,,1,1,1,1,1,1,1,1,1,1,1,1,1
tan20251123t173157c41s4001-A,tan20251123t173157c41s4001,ok,,1,1,1,1,1,1,1,1,1,1,1,1,1
tan20251123t173157c41s4001-B,tan20251123t173157c41s4001,ok,,1,1,1,1,1,1,1,1,1,1,1,1,1
tan20251123t173157c41s4001-C,tan20251123t173157c41s4001,ok,,1,1,1,1,1,1,1,1,1,1,1,1,1
tan20251123t173157c41s4001-D,tan20251123t173157c41s4001,ok,,1,1,1,1,1,1,1,1,1,1,1,1,1
tan20251123t173157c41s4001-E,tan20251123t173157c41s4001,ok,,1,1,1,1,1,1,1,1,1,1,1,1,1
tan20251123t173305c30s4001-A,tan20251123t173305c30s4001,ok,,1,1,1,1,1,1,1,1,1,1,1,1,1
tan20251123t173305c30s4001-C,tan20251123t173305c30s4001,ok,,1,1,1,1,1,1,1,1,1,1,1,1,1
tan20251124t013305c74s4001-A,tan20251124t013305c74s4001,ok,,1,1,1,1,1,1,1,1,1,1,1,1,1
tan20251124t013305c74s4001-B,tan20251124t013305c74s4001,ok,,1,1,1,1,1,1,1,1,1,1,1,1,1
tan20251124t013305c74s4001-D,tan20251124t013305c74s4001,ok,,1,1,1,1,1,1,1,1,1,1,1,1,1
tan20251124t072651c49s4001-A,tan20251124t072651c49s4001,ok,,1,1,1,1,1,1,1,1,1,1,1,1,1
tan20251124t072651c49s4001-B,tan20251124t072651c49s4001,ok,,1,1,1,1,1,1,1,1,1,1,1,1,1
tan20251124t152954c49s4001-A,tan20251124t152954c49s4001,ok,,1,1,1,1,1,1,1,1,1,1,1,1,1
tan20251124t153331c05s4001-A,tan20251124t153331c05s4001,ok,,1,1,1,1,1,1,1,1,1,1,1,1,1
tan20251126t091409c47s4001-A,tan20251126t091409c47s4001,ok,,1,1,1,1,1,1,1,1,1,1,1,1,1
tan20251126t183238c90s4001-A,tan20251126t183238c90s4001,ok,,1,1,1,1,1,1,1,1,1,1,1,1,1
tan20251126t183753c85s4001-A,tan20251126t183753c85s4001,ok,,1,1,1,1,1,1,1,1,1,1,1,1,1
tan20251127t175301c97s4001-A,tan20251127t175301c97s4001,ok,,1,1,1,1,1,1,1,1,1,1,1,1,1
tan20251128t032842c22s4001-D,tan20251128t032842c22s4001,ok,,1,1,1,1,1,1,1,1,1,1,1,1,1
tan20251128t032842c22s4001-E,tan20251128t032842c22s4001,ok,,1,1,1,1,1,1,1,1,1,1,1,1,1
tan20251128t044601c96s4001-A,tan20251128t044601c96s4001,ok,,1,1,1,1,1,1,1,1,1,1,1,1,1
tan20251128t061605c19s4001-A,tan20251128t061605c19s4001,ok,,1,1,1,1,1,1,1,1,1,1,1,1,1
tan20251128t061605c19s4001-B,tan20251128t061605c19s4001,ok,,1,1,1,1,1,1,1,1,1,1,1,1,1
tan20251128t061605c19s4001-E,tan20251128t061605c19s4001,ok,,1,1,1,1,1,1,1,1,1,1,1,1,1
tan20251128t061605c19s4001-I,tan20251128t061605c19s4001,ok,,1,1,1,1,1,1,1,1,1,1,1,1,1
tan20251128t142318c30s4001-B,tan20251128t142318c30s4001,ok,,1,1,1,1,1,1,1,1,1,1,1,1,1
tan20251128t142318c30s4001-C,tan20251128t142318c30s4001,ok,,1,1,1,1,1,1,1,1,1,1,1,1,1
tan20251128t171448c21s4001-B,tan20251128t171448c21s4001,ok,,1,1,1,1,1,1,1,1,1,1,1,1,1
tan20251130t094043c41s4001-A,tan20251130t094043c41s4001,ok,,1,1,1,1,1,1,1,1,1,1,1,1,1
tan20251130t094043c41s4001-C,tan20251130t094043c41s4001,ok,,1,1,1,1,1,1,1,1,1,1,1,1,1
tan20251130t160837c42s4001-A,tan20251130t160837c42s4001,ok,,1,1,1,1,1,1,1,1,1,1,1,1,1
tan20251201t072707c16s4001-A,tan20251201t072707c16s4001,ok,,1,1,1,1,1,1,1,1,1,1,1,1,1
tan20251201t072707c16s4001-B,tan20251201t072707c16s4001,ok,,1,1,1,1,1,1,1,1,1,1,1,1,1
tan20251201t072707c16s4001-C,tan20251201t072707c16s4001,ok,,1,1,1,1,1,1,1,1,1,1,1,1,1
tan20251201t072707c16s4001-D,tan20251201t072707c16s4001,ok,,1,1,1,1,1,1,1,1,1,1,1,1,1
tan20251201t072707c16s4001-E,tan20251201t072707c16s4001,ok,,1,1,1,1,1,1,1,1,1,1,1,1,1
tan20251202t112930c21s4001-A,tan20251202t112930c21s4001,ok,,1,1,1,1,1,1,1,1,1,1,1,1,1
tan20251203t122232c99s4001-B,tan20251203t122232c99s4001,ok,,1,1,1,1,1,1,1,1,1,1,1,1,1
tan20251204t070258c50s4001-A,tan20251204t070258c50s4001,ok,,1,1,1,1,1,1,1,1,1,1,1,1,1
tan20251205t142338c10s4001-A,tan20251205t142338c10s4001,ok,,1,1,1,1,1,1,1,1,1,1,1,1,1
tan20251205t142338c10s4001-B,tan20251205t142338c10s4001,ok,,1,1,1,1,1,1,1,1,1,1,1,1,1
tan20251205t142338c10s4001-C,tan20251205t142338c10s4001,ok,,1,1,1,1,1,1,1,1,1,1,1,1,1
tan20251205t142338c10s4001-D,tan20251205t142338c10s4001,ok,,1,1,1,1,1,1,1,1,1,1,1,1,1
tan20251206t040726c48s4001-A,tan20251206t040726c48s4001,ok,,1,1,1,1,1,1,1,1,1,1,1,1,1
tan20251206t040815c69s4001-AA,tan20251206t040815c69s4001,ok,,1,1,1,1,1,1,1,1,1,1,1,1,1
tan20251206t040815c69s4001-AB,tan20251206t040815c69s4001,ok,,1,1,1,1,1,1,1,1,1,1,1,1,1
tan20251206t040815c69s4001-AC,tan20251206t040815c69s4001,ok,,1,1,1,1,1,1,1,1,1,1,1,1,1
tan20251206t040815c69s4001-AD,tan20251206t040815c69s4001,ok,,1,1,1,1,1,1,1,1,1,1,1,1,1
tan20251206t040815c69s4001-AE,tan20251206t040815c69s4001,ok,,1,1,1,1,1,1,1,1,1,1,1,1,1
tan20251206t040815c69s4001-AF,tan20251206t040815c69s4001,ok,,1,1,1,1,1,1,1,1,1,1,1,1,1
tan20251206t040815c69s4001-AG,tan20251206t040815c69s4001,ok,,1,1,1,1,1,1,1,1,1,1,1,1,1
tan20251206t040815c69s4001-AH,tan20251206t040815c69s4001,ok,,1,1,1,1,1,1,1,1,1,1,1,1,1
tan20251206t040815c69s4001-AI,tan20251206t040815c69s4001,ok,,1,1,1,1,1,1,1,1,1,1,1,1,1
tan20251206t040815c69s4001-AJ,tan20251206t040815c69s4001,ok,,1,1,1,1,1,1,1,1,1,1,1,1,1
tan20251206t040815c69s4001-AM,tan20251206t040815c69s4001,ok,,1,1,1,1,1,1,1,1,1,1,1,1,1
tan20251206t040815c69s4001-AN,tan20251206t040815c69s4001,ok,,1,1,1,1,1,1,1,1,1,1,1,1,1
tan20251206t040815c69s4001-AO,tan20251206t040815c69s4001,ok,,1,1,1,1,1,1,1,1,1,1,1,1,1
tan20251206t040815c69s4001-AQ,tan20251206t040815c69s4001,ok,,1,1,1,1,1,1,1,1,1,1,1,1,1
tan20251206t040815c69s4001-AS,tan20251206t040815c69s4001,ok,,1,1,1,1,1,1,1,1,1,1,1,1,1
tan20251206t040815c69s4001-AV,tan20251206t040815c69s4001,ok,,1,1,1,1,1,1,1,1,1,1,1,1,1
tan20251206t040815c69s4001-AW,tan20251206t040815c69s4001,ok,,1,1,1,1,1,1,1,1,1,1,1,1,1
tan20251206t040815c69s4001-AX,tan20251206t040815c69s4001,ok,,1,1,1,1,1,1,1,1,1,1,1,1,1
tan20251206t040815c69s4001-AY,tan20251206t040815c69s4001,ok,,1,1,1,1,1,1,1,1,1,1,1,1,1
tan20251206t040815c69s4001-AZ,tan20251206t040815c69s4001,ok,,1,1,1,1,1,1,1,1,1,1,1,1,1
tan20251206t040815c69s4001-BD,tan20251206t040815c69s4001,ok,,1,1,1,1,1,1,1,1,1,1,1,1,1
tan20251206t040815c69s4001-BE,tan20251206t040815c69s4001,ok,,1,1,1,1,1,1,1,1,1,1,1,1,1
tan20251206t040815c69s4001-BF,tan20251206t040815c69s4001,ok,,1,1,1,1,1,1,1,1,1,1,1,1,1
tan20251206t040815c69s4001-BG,tan20251206t040815c69s4001,ok,,1,1,1,1,1,1,1,1,1,1,1,1,1
tan20251206t040815c69s4001-BH,tan20251206t040815c69s4001,ok,,1,1,1,1,1,1,1,1,1,1,1,1,1
tan20251206t040815c69s4001-BI,tan20251206t040815c69s4001,ok,,1,1,1,1,1,1,1,1,1,1,1,1,1
tan20251206t040815c69s4001-BK,tan20251206t040815c69s4001,ok,,1,1,1,1,1,1,1,1,1,1,1,1,1
tan20251206t040815c69s4001-BO,tan20251206t040815c69s4001,ok,,1,1,1,1,1,1,1,1,1,1,1,1,1
tan20251206t040815c69s4001-BP,tan20251206t040815c69s4001,ok,,1,1,1,1,1,1,1,1,1,1,1,1,1
tan20251206t040815c69s4001-BR,tan20251206t040815c69s4001,ok,,1,1,1,1,1,1,1,1,1,1,1,1,1
tan20251206t040815c69s4001-BS,tan20251206t040815c69s4001,ok,,1,1,1,1,1,1,1,1,1,1,1,1,1
tan20251206t040815c69s4001-C,tan20251206t040815c69s4001,ok,,1,1,1,1,1,1,1,1,1,1,1,1,1
tan20251206t040815c69s4001-L,tan20251206t040815c69s4001,ok,,1,1,1,1,1,1,1,1,1,1,1,1,1
tan20251206t040815c69s4001-M,tan20251206t040815c69s4001,ok,,1,1,1,1,1,1,1,1,1,1,1,1,1
tan20251206t040815c69s4001-P,tan20251206t040815c69s4001,ok,,1,1,1,1,1,1,1,1,1,1,1,1,1
tan20251206t040815c69s4001-S,tan20251206t040815c69s4001,ok,,1,1,1,1,1,1,1,1,1,1,1,1,1
tan20251206t040815c69s4001-W,tan20251206t040815c69s4001,ok,,1,1,1,1,1,1,1,1,1,1,1,1,1
tan20251206t040815c69s4001-X,tan20251206t040815c69s4001,ok,,1,1,1,1,1,1,1,1,1,1,1,1,1
tan20251206t040815c69s4001-Y,tan20251206t040815c69s4001,ok,,1,1,1,1,1,1,1,1,1,1,1,1,1
tan20251206t040815c69s4001-Z,tan20251206t040815c69s4001,ok,,1,1,1,1,1,1,1,1,1,1,1,1,1
tan20251206t040924c59s4001-B,tan20251206t040924c59s4001,ok,,1,1,1,1,1,1,1,1,1,1,1,1,1
tan20251206t040924c59s4001-C,tan20251206t040924c59s4001,ok,,1,1,1,1,1,1,1,1,1,1,1,1,1
tan20251206t040924c59s4001-F,tan20251206t040924c59s4001,ok,,1,1,1,1,1,1,1,1,1,1,1,1,1
tan20251206t040924c59s4001-G,tan20251206t040924c59s4001,ok,,1,1,1,1,1,1,1,1,1,1,1,1,1
tan20251206t040924c59s4001-J,tan20251206t040924c59s4001,ok,,1,1,1,1,1,1,1,1,1,1,1,1,1
tan20251206t040924c59s4001-K,tan20251206t040924c59s4001,ok,,1,1,1,1,1,1,1,1,1,1,1,1,1
tan20251206t040924c59s4001-L,tan20251206t040924c59s4001,ok,,1,1,1,1,1,1,1,1,1,1,1,1,1
tan20251206t040924c59s4001-M,tan20251206t040924c59s4001,ok,,1,1,1,1,1,1,1,1,1,1,1,1,1
tan20251206t040924c59s4001-T,tan20251206t040924c59s4001,ok,,1,1,1,1,1,1,1,1,1,1,1,1,1
tan20251206t115539c86s4001-A,tan20251206t115539c86s4001,ok,,1,1,1,1,1,1,1,1,1,1,1,1,1
tan20251206t115539c86s4001-D,tan20251206t115539c86s4001,ok,,1,1,1,1,1,1,1,1,1,1,1,1,1
tan20251207t190449c98s4001-A,tan20251207t190449c98s4001,ok,,1,1,1,1,1,1,1,1,1,1,1,1,1
tan20251207t190449c98s4001-E,tan20251207t190449c98s4001,ok,,1,1,1,1,1,1,1,1,1,1,1,1,1
tan20251208t153139c67s4001-A,tan20251208t153139c67s4001,ok,,1,1,1,1,1,1,1,1,1,1,1,1,1
tan20251208t182346c41s4001-C,tan20251208t182346c41s4001,ok,,1,1,1,1,1,1,1,1,1,1,1,1,1
tan20251208t182346c41s4001-D,tan20251208t182346c41s4001,ok,,1,1,1,1,1,1,1,1,1,1,1,1,1
tan20251208t182346c41s4001-E,tan20251208t182346c41s4001,ok,,1,1,1,1,1,1,1,1,1,1,1,1,1
tan20251208t182346c41s4001-F,tan20251208t182346c41s4001,ok,,1,1,1,1,1,1,1,1,1,1,1,1,1
tan20251208t182503c20s4001-D,tan20251208t182503c20s4001,ok,,1,1,1,1,1,1,1,1,1,1,1,1,1
tan20251208t182503c20s4001-F,tan20251208t182503c20s4001,ok,,1,1,1,1,1,1,1,1,1,1,1,1,1
tan20251211t114242c32s4001-B,tan20251211t114242c32s4001,ok,,1,1,1,1,1,1,1,1,1,1,1,1,1
tan20251211t192826c24s4001-A,tan20251211t192826c24s4001,ok,,1,1,1,1,1,1,1,1,1,1,1,1,1
tan20251211t192826c24s4001-B,tan20251211t192826c24s4001,ok,,1,1,1,1,1,1,1,1,1,1,1,1,1
tan20251212t093214c50s4001-A,tan20251212t093214c50s4001,ok,,1,1,1,1,1,1,1,1,1,1,1,1,1
tan20251212t093214c50s4001-B,tan20251212t093214c50s4001,ok,,1,1,1,1,1,1,1,1,1,1,1,1,1
tan20251212t093214c50s4001-C,tan20251212t093214c50s4001,ok,,1,1,1,1,1,1,1,1,1,1,1,1,1
tan20251212t093214c50s4001-E,tan20251212t093214c50s4001,ok,,1,1,1,1,1,1,1,1,1,1,1,1,1
tan20251212t171704c16s4001-A,tan20251212t171704c16s4001,ok,,1,1,1,1,1,1,1,1,1,1,1,1,1
tan20251212t171915c47s4001-A,tan20251212t171915c47s4001,ok,,1,1,1,1,1,1,1,1,1,1,1,1,1
tan20251213t041044c45s4001-A,tan20251213t041044c45s4001,ok,,1,1,1,1,1,1,1,1,1,1,1,1,1
tan20251213t041044c45s4001-B,tan20251213t041044c45s4001,ok,,1,1,1,1,1,1,1,1,1,1,1,1,1
tan20251213t041044c45s4001-C,tan20251213t041044c45s4001,ok,,1,1,1,1,1,1,1,1,1,1,1,1,1
tan20251213t041044c45s4001-D,tan20251213t041044c45s4001,ok,,1,1,1,1,1,1,1,1,1,1,1,1,1
tan20251213t041044c45s4001-E,tan20251213t041044c45s4001,ok,,1,1,1,1,1,1,1,1,1,1,1,1,1
tan20251213t041044c45s4001-F,tan20251213t041044c45s4001,ok,,1,1,1,1,1,1,1,1,1,1,1,1,1
tan20251213t041044c45s4001-G,tan20251213t041044c45s4001,ok,,1,1,1,1,1,1,1,1,1,1,1,1,1
tan20251213t041044c45s4001-H,tan20251213t041044c45s4001,ok,,1,1,1,1,1,1,1,1,1,1,1,1,1
tan20251213t181012c94s4001-A,tan20251213t181012c94s4001,ok,,1,1,1,1,1,1,1,1,1,1,1,1,1
tan20251213t181012c94s4001-C,tan20251213t181012c94s4001,ok,,1,1,1,1,1,1,1,1,1,1,1,1,1
tan20251213t181012c94s4001-D,tan20251213t181012c94s4001,ok,,1,1,1,1,1,1,1,1,1,1,1,1,1
tan20251213t181012c94s4001-F,tan20251213t181012c94s4001,ok,,1,1,1,1,1,1,1,1,1,1,1,1,1
tan20251215t182306c52s4001-A,tan20251215t182306c52s4001,ok,,1,1,1,1,1,1,1,1,1,1,1,1,1
tan20251215t182306c52s4001-B,tan20251215t182306c52s4001,ok,,1,1,1,1,1,1,1,1,1,1,1,1,1
tan20251216t065510c62s4001-C,tan20251216t065510c62s4001,ok,,1,1,1,1,1,1,1,1,1,1,1,1,1
tan20251216t065510c62s4001-H,tan20251216t065510c62s4001,ok,,1,1,1,1,1,1,1,1,1,1,1,1,1
tan20251216t065510c62s4001-I,tan20251216t065510c62s4001,ok,,1,1,1,1,1,1,1,1,1,1,1,1,1
tan20251216t082044c05s4001-A,tan20251216t082044c05s4001,ok,,1,1,1,1,1,1,1,1,1,1,1,1,1
tan20251216t082225c49s4001-A,tan20251216t082225c49s4001,ok,,1,1,1,1,1,1,1,1,1,1,1,1,1
tan20251216t082225c49s4001-C,tan20251216t082225c49s4001,ok,,1,1,1,1,1,1,1,1,1,1,1,1,1
tan20251216t174322c47s4001-A,tan20251216t174322c47s4001,ok,,1,1,1,1,1,1,1,1,1,1,1,1,1
tan20251216t174812c17s4001-B,tan20251216t174812c17s4001,ok,,1,1,1,1,1,1,1,1,1,1,1,1,1
tan20251216t174812c17s4001-C,tan20251216t174812c17s4001,ok,,1,1,1,1,1,1,1,1,1,1,1,1,1
tan20251216t174812c17s4001-F,tan20251216t174812c17s4001,ok,,1,1,1,1,1,1,1,1,1,1,1,1,1
tan20251216t191744c17s4001-B,tan20251216t191744c17s4001,ok,,1,1,1,1,1,1,1,1,1,1,1,1,1
tan20251217t074748c96s4001-A,tan20251217t074748c96s4001,ok,,1,1,1,1,1,1,1,1,1,1,1,1,1
tan20251217t074748c96s4001-B,tan20251217t074748c96s4001,ok,,1,1,1,1,1,1,1,1,1,1,1,1,1
tan20251217t154432c50s4001-A,tan20251217t154432c50s4001,ok,,1,1,1,1,1,1,1,1,1,1,1,1,1
tan20251217t154858c27s4001-A,tan20251217t154858c27s4001,ok,,1,1,1,1,1,1,1,1,1,1,1,1,1
tan20251218t010830c83s4001-A,tan20251218t010830c83s4001,ok,,1,1,1,1,1,1,1,1,1,1,1,1,1
tan20251218t010830c83s4001-B,tan20251218t010830c83s4001,ok,,1,1,1,1,1,1,1,1,1,1,1,1,1
tan20251218t010830c83s4001-C,tan20251218t010830c83s4001,ok,,1,1,1,1,1,1,1,1,1,1,1,1,1
tan20251218t010830c83s4001-D,tan20251218t010830c83s4001,ok,,1,1,1,1,1,1,1,1,1,1,1,1,1
tan20251218t010830c83s4001-E,tan20251218t010830c83s4001,ok,,1,1,1,1,1,1,1,1,1,1,1,1,1
tan20251218t010830c83s4001-G,tan20251218t010830c83s4001,ok,,1,1,1,1,1,1,1,1,1,1,1,1,1
tan20251218t010830c83s4001-H,tan20251218t010830c83s4001,ok,,1,1,1,1,1,1,1,1,1,1,1,1,1
tan20251219t093233c57s4001-A,tan20251219t093233c57s4001,ok,,1,1,1,1,1,1,1,1,1,1,1,1,1
tan20251219t093330c43s4001-A,tan20251219t093330c43s4001,ok,,1,1,1,1,1,1,1,1,1,1,1,1,1
tan20251219t093330c43s4001-B,tan20251219t093330c43s4001,ok,,1,1,1,1,1,1,1,1,1,1,1,1,1
tan20251219t093330c43s4001-C,tan20251219t093330c43s4001,ok,,1,1,1,1,1,1,1,1,1,1,1,1,1
tan20251220t181610c39s4001-A,tan20251220t181610c39s4001,ok,,1,1,1,1,1,1,1,1,1,1,1,1,1
tan20251222t140016c58s4001-A,tan20251222t140016c58s4001,ok,,1,1,1,1,1,1,1,1,1,1,1,1,1
tan20251222t140016c58s4001-B,tan20251222t140016c58s4001,ok,,1,1,1,1,1,1,1,1,1,1,1,1,1
tan20251223t100027c09s4001-A,tan20251223t100027c09s4001,ok,,1,1,1,1,1,1,1,1,1,1,1,1,1
tan20251223t100027c09s4001-B,tan20251223t100027c09s4001,ok,,1,1,1,1,1,1,1,1,1,1,1,1,1
tan20251224t043814c39s4001-A,tan20251224t043814c39s4001,ok,,1,1,1,1,1,1,1,1,1,1,1,1,1
tan20251224t043814c39s4001-B,tan20251224t043814c39s4001,ok,,1,1,1,1,1,1,1,1,1,1,1,1,1
tan20251224t043814c39s4001-D,tan20251224t043814c39s4001,ok,,1,1,1,1,1,1,1,1,1,1,1,1,1
tan20251224t043814c39s4001-F,tan20251224t043814c39s4001,ok,,1,1,1,1,1,1,1,1,1,1,1,1,1
tan20251224t043814c39s4001-G,tan20251224t043814c39s4001,ok,,1,1,1,1,1,1,1,1,1,1,1,1,1
tan20251224t043814c39s4001-H,tan20251224t043814c39s4001,ok,,1,1,1,1,1,1,1,1,1,1,1,1,1
tan20251224t043814c39s4001-I,tan20251224t043814c39s4001,ok,,1,1,1,1,1,1,1,1,1,1,1,1,1
tan20251224t043814c39s4001-J,tan20251224t043814c39s4001,ok,,1,1,1,1,1,1,1,1,1,1,1,1,1
tan20251224t043814c39s4001-K,tan20251224t043814c39s4001,ok,,1,1,1,1,1,1,1,1,1,1,1,1,1
tan20251224t043814c39s4001-L,tan20251224t043814c39s4001,ok,,1,1,1,1,1,1,1,1,1,1,1,1,1
tan20251224t043814c39s4001-M,tan20251224t043814c39s4001,ok,,1,1,1,1,1,1,1,1,1,1,1,1,1
tan20251224t043814c39s4001-N,tan20251224t043814c39s4001,ok,,1,1,1,1,1,1,1,1,1,1,1,1,1
tan20251224t043814c39s4001-O,tan20251224t043814c39s4001,ok,,1,1,1,1,1,1,1,1,1,1,1,1,1
tan20251224t043814c39s4001-Q,tan20251224t043814c39s4001,ok,,1,1,1,1,1,1,1,1,1,1,1,1,1
tan20251224t043814c39s4001-R,tan20251224t043814c39s4001,ok,,1,1,1,1,1,1,1,1,1,1,1,1,1
tan20251224t092008c77s4001-A,tan20251224t092008c77s4001,ok,,1,1,1,1,1,1,1,1,1,1,1,1,1
tan20251224t092008c77s4001-B,tan20251224t092008c77s4001,ok,,1,1,1,1,1,1,1,1,1,1,1,1,1
tan20251224t092008c77s4001-D,tan20251224t092008c77s4001,ok,,1,1,1,1,1,1,1,1,1,1,1,1,1
tan20251224t092112c17s4001-A,tan20251224t092112c17s4001,ok,,1,1,1,1,1,1,1,1,1,1,1,1,1
tan20251224t155024c89s4001-A,tan20251224t155024c89s4001,ok,,1,1,1,1,1,1,1,1,1,1,1,1,1
tan20251224t155024c89s4001-B,tan20251224t155024c89s4001,ok,,1,1,1,1,1,1,1,1,1,1,1,1,1
tan20251224t155024c89s4001-C,tan20251224t155024c89s4001,ok,,1,1,1,1,1,1,1,1,1,1,1,1,1
tan20251224t155024c89s4001-D,tan20251224t155024c89s4001,ok,,1,1,1,1,1,1,1,1,1,1,1,1,1
tan20251227t102812c49s4001-B,tan20251227t102812c49s4001,ok,,1,1,1,1,1,1,1,1,1,1,1,1,1
tan20251227t102812c49s4001-E,tan20251227t102812c49s4001,ok,,1,1,1,1,1,1,1,1,1,1,1,1,1
tan20251228t064230c69s4001-A,tan20251228t064230c69s4001,ok,,1,1,1,1,1,1,1,1,1,1,1,1,1
tan20251228t081611c74s4001-D,tan20251228t081611c74s4001,ok,,1,1,1,1,1,1,1,1,1,1,1,1,1
tan20251228t173946c41s4001-A,tan20251228t173946c41s4001,ok,,1,1,1,1,1,1,1,1,1,1,1,1,1
tan20251228t173946c41s4001-B,tan20251228t173946c41s4001,ok,,1,1,1,1,1,1,1,1,1,1,1,1,1
tan20251228t173946c41s4001-C,tan20251228t173946c41s4001,ok,,1,1,1,1,1,1,1,1,1,1,1,1,1
tan20251228t173946c41s4001-D,tan20251228t173946c41s4001,ok,,1,1,1,1,1,1,1,1,1,1,1,1,1
tan20251228t173946c41s4001-E,tan20251228t173946c41s4001,ok,,1,1,1,1,1,1,1,1,1,1,1,1,1
tan20251229t042659c62s4001-A,tan20251229t042659c62s4001,ok,,1,1,1,1,1,1,1,1,1,1,1,1,1
tan20251229t042659c62s4001-AA,tan20251229t042659c62s4001,ok,,1,1,1,1,1,1,1,1,1,1,1,1,1
tan20251229t042659c62s4001-AB,tan20251229t042659c62s4001,ok,,1,1,1,1,1,1,1,1,1,1,1,1,1
tan20251229t042659c62s4001-AC,tan20251229t042659c62s4001,ok,,1,1,1,1,1,1,1,1,1,1,1,1,1
tan20251229t042659c62s4001-AD,tan20251229t042659c62s4001,ok,,1,1,1,1,1,1,1,1,1,1,1,1,1
tan20251229t042659c62s4001-AE,tan20251229t042659c62s4001,ok,,1,1,1,1,1,1,1,1,1,1,1,1,1
tan20251229t042659c62s4001-AF,tan20251229t042659c62s4001,ok,,1,1,1,1,1,1,1,1,1,1,1,1,1
tan20251229t042659c62s4001-AG,tan20251229t042659c62s4001,ok,,1,1,1,1,1,1,1,1,1,1,1,1,1
tan20251229t042659c62s4001-AH,tan20251229t042659c62s4001,ok,,1,1,1,1,1,1,1,1,1,1,1,1,1
tan20251229t042659c62s4001-AI,tan20251229t042659c62s4001,ok,,1,1,1,1,1,1,1,1,1,1,1,1,1
tan20251229t042659c62s4001-AK,tan20251229t042659c62s4001,ok,,1,1,1,1,1,1,1,1,1,1,1,1,1
tan20251229t042659c62s4001-AL,tan20251229t042659c62s4001,ok,,1,1,1,1,1,1,1,1,1,1,1,1,1
tan20251229t042659c62s4001-AM,tan20251229t042659c62s4001,ok,,1,1,1,1,1,1,1,1,1,1,1,1,1
tan20251229t042659c62s4001-AN,tan20251229t042659c62s4001,ok,,1,1,1,1,1,1,1,1,1,1,1,1,1
tan20251229t042659c62s4001-AP,tan20251229t042659c62s4001,ok,,1,1,1,1,1,1,1,1,1,1,1,1,1
tan20251229t042659c62s4001-AQ,tan20251229t042659c62s4001,ok,,1,1,1,1,1,1,1,1,1,1,1,1,1
tan20251229t042659c62s4001-B,tan20251229t042659c62s4001,ok,,1,1,1,1,1,1,1,1,1,1,1,1,1
tan20251229t042659c62s4001-C,tan20251229t042659c62s4001,ok,,1,1,1,1,1,1,1,1,1,1,1,1,1
tan20251229t042659c62s4001-D,tan20251229t042659c62s4001,ok,,1,1,1,1,1,1,1,1,1,1,1,1,1
tan20251229t042659c62s4001-F,tan20251229t042659c62s4001,ok,,1,1,1,1,1,1,1,1,1,1,1,1,1
tan20251229t042659c62s4001-G,tan20251229t042659c62s4001,ok,,1,1,1,1,1,1,1,1,1,1,1,1,1
tan20251229t042659c62s4001-H,tan20251229t042659c62s4001,ok,,1,1,1,1,1,1,1,1,1,1,1,1,1
tan20251229t042659c62s4001-L,tan20251229t042659c62s4001,ok,,1,1,1,1,1,1,1,1,1,1,1,1,1
tan20251229t042659c62s4001-M,tan20251229t042659c62s4001,ok,,1,1,1,1,1,1,1,1,1,1,1,1,1
tan20251229t042659c62s4001-N,tan20251229t042659c62s4001,ok,,1,1,1,1,1,1,1,1,1,1,1,1,1
tan20251229t042659c62s4001-O,tan20251229t042659c62s4001,ok,,1,1,1,1,1,1,1,1,1,1,1,1,1
tan20251229t042659c62s4001-Q,tan20251229t042659c62s4001,ok,,1,1,1,1,1,1,1,1,1,1,1,1,1
tan20251229t042659c62s4001-R,tan20251229t042659c62s4001,ok,,1,1,1,1,1,1,1,1,1,1,1,1,1
tan20251229t042659c62s4001-S,tan20251229t042659c62s4001,ok,,1,1,1,1,1,1,1,1,1,1,1,1,1
tan20251229t042659c62s4001-T,tan20251229t042659c62s4001,ok,,1,1,1,1,1,1,1,1,1,1,1,1,1
tan20251229t042659c62s4001-V,tan20251229t042659c62s4001,ok,,1,1,1,1,1,1,1,1,1,1,1,1,1
tan20251229t042659c62s4001-Y,tan20251229t042659c62s4001,ok,,1,1,1,1,1,1,1,1,1,1,1,1,1
tan20251229t042659c62s4001-Z,tan20251229t042659c62s4001,ok,,1,1,1,1,1,1,1,1,1,1,1,1,1
tan20251229t140227c51s4001-A,tan20251229t140227c51s4001,ok,,1,1,1,1,1,1,1,1,1,1,1,1,1
tan20251229t140227c51s4001-B,tan20251229t140227c51s4001,ok,,1,1,1,1,1,1,1,1,1,1,1,1,1
tan20251231t074717c17s4001-A,tan20251231t074717c17s4001,ok,,1,1,1,1,1,1,1,1,1,1,1,1,1
tan20260101t180336c05s4001-A,tan20260101t180336c05s4001,ok,,1,1,1,1,1,1,1,1,1,1,1,1,1
tan20260101t180336c05s4001-B,tan20260101t180336c05s4001,ok,,1,1,1,1,1,1,1,1,1,1,1,1,1
tan20260101t180336c05s4001-G,tan20260101t180336c05s4001,ok,,1,1,1,1,1,1,1,1,1,1,1,1,1
tan20260101t180336c05s4001-I,tan20260101t180336c05s4001,ok,,1,1,1,1,1,1,1,1,1,1,1,1,1
tan20260101t180336c05s4001-O,tan20260101t180336c05s4001,ok,,1,1,1,1,1,1,1,1,1,1,1,1,1
tan20260103t041412c15s4001-A,tan20260103t041412c15s4001,ok,,1,1,1,1,1,1,1,1,1,1,1,1,1
tan20260103t041412c15s4001-B,tan20260103t041412c15s4001,ok,,1,1,1,1,1,1,1,1,1,1,1,1,1
tan20260103t041412c15s4001-C,tan20260103t041412c15s4001,ok,,1,1,1,1,1,1,1,1,1,1,1,1,1
tan20260103t041412c15s4001-G,tan20260103t041412c15s4001,ok,,1,1,1,1,1,1,1,1,1,1,1,1,1
tan20260103t041412c15s4001-H,tan20260103t041412c15s4001,ok,,1,1,1,1,1,1,1,1,1,1,1,1,1
tan20260103t041412c15s4001-I,tan20260103t041412c15s4001,ok,,1,1,1,1,1,1,1,1,1,1,1,1,1
tan20260103t041412c15s4001-L,tan20260103t041412c15s4001,ok,,1,1,1,1,1,1,1,1,1,1,1,1,1
tan20260104t081459c75s4001-B,tan20260104t081459c75s4001,ok,,1,1,1,1,1,1,1,1,1,1,1,1,1
tan20260104t081459c75s4001-C,tan20260104t081459c75s4001,ok,,1,1,1,1,1,1,1,1,1,1,1,1,1
tan20260104t190857c33s4001-C,tan20260104t190857c33s4001,ok,,1,1,1,1,1,1,1,1,1,1,1,1,1
tan20260104t190857c33s4001-D,tan20260104t190857c33s4001,ok,,1,1,1,1,1,1,1,1,1,1,1,1,1
tan20260104t190857c33s4001-G,tan20260104t190857c33s4001,ok,,1,1,1,1,1,1,1,1,1,1,1,1,1
tan20260104t190857c33s4001-H,tan20260104t190857c33s4001,ok,,1,1,1,1,1,1,1,1,1,1,1,1,1
tan20260104t190857c33s4001-I,tan20260104t190857c33s4001,ok,,1,1,1,1,1,1,1,1,1,1,1,1,1
tan20260105t060752c04s4001-A,tan20260105t060752c04s4001,ok,,1,1,1,1,1,1,1,1,1,1,1,1,1
tan20260105t154418c19s4001-A,tan20260105t154418c19s4001,ok,,1,1,1,1,1,1,1,1,1,1,1,1,1
tan20260105t154418c19s4001-B,tan20260105t154418c19s4001,ok,,1,1,1,1,1,1,1,1,1,1,1,1,1
tan20260105t183053c86s4001-A,tan20260105t183053c86s4001,ok,,1,1,1,1,1,1,1,1,1,1,1,1,1
tan20260105t183053c86s4001-B,tan20260105t183053c86s4001,ok,,1,1,1,1,1,1,1,1,1,1,1,1,1
tan20260105t183053c86s4001-C,tan20260105t183053c86s4001,ok,,1,1,1,1,1,1,1,1,1,1,1,1,1
tan20260105t183053c86s4001-D,tan20260105t183053c86s4001,ok,,1,1,1,1,1,1,1,1,1,1,1,1,1
tan20260105t183053c86s4001-E,tan20260105t183053c86s4001,ok,,1,1,1,1,1,1,1,1,1,1,1,1,1
tan20260105t183053c86s4001-F,tan20260105t183053c86s4001,ok,,1,1,1,1,1,1,1,1,1,1,1,1,1
tan20260105t183053c86s4001-G,tan20260105t183053c86s4001,ok,,1,1,1,1,1,1,1,1,1,1,1,1,1
tan20260105t183053c86s4001-H,tan20260105t183053c86s4001,ok,,1,1,1,1,1,1,1,1,1,1,1,1,1
tan20260105t183053c86s4001-I,tan20260105t183053c86s4001,ok,,1,1,1,1,1,1,1,1,1,1,1,1,1
tan20260105t183053c86s4001-O,tan20260105t183053c86s4001,ok,,1,1,1,1,1,1,1,1,1,1,1,1,1
tan20260105t183053c86s4001-P,tan20260105t183053c86s4001,ok,,1,1,1,1,1,1,1,1,1,1,1,1,1
tan20260105t183053c86s4001-Q,tan20260105t183053c86s4001,ok,,1,1,1,1,1,1,1,1,1,1,1,1,1
tan20260105t183053c86s4001-R,tan20260105t183053c86s4001,ok,,1,1,1,1,1,1,1,1,1,1,1,1,1
tan20260105t183326c88s4001-A,tan20260105t183326c88s4001,ok,,1,1,1,1,1,1,1,1,1,1,1,1,1
tan20260105t183326c88s4001-B,tan20260105t183326c88s4001,ok,,1,1,1,1,1,1,1,1,1,1,1,1,1
tan20260105t183326c88s4001-C,tan20260105t183326c88s4001,ok,,1,1,1,1,1,1,1,1,1,1,1,1,1
tan20260105t183326c88s4001-E,tan20260105t183326c88s4001,ok,,1,1,1,1,1,1,1,1,1,1,1,1,1
tan20260105t183326c88s4001-F,tan20260105t183326c88s4001,ok,,1,1,1,1,1,1,1,1,1,1,1,1,1
tan20260108t101617c87s4001-A,tan20260108t101617c87s4001,ok,,1,1,1,1,1,1,1,1,1,1,1,1,1
tan20260109t173012c43s4001-A,tan20260109t173012c43s4001,ok,,1,1,1,1,1,1,1,1,1,1,1,1,1
tan20260109t185733c11s4001-A,tan20260109t185733c11s4001,ok,,1,1,1,1,1,1,1,1,1,1,1,1,1
tan20260109t185733c11s4001-C,tan20260109t185733c11s4001,ok,,1,1,1,1,1,1,1,1,1,1,1,1,1
tan20260110t041744c47s4001-C,tan20260110t041744c47s4001,ok,,1,1,1,1,1,1,1,1,1,1,1,1,1
tan20260110t041744c47s4001-D,tan20260110t041744c47s4001,ok,,1,1,1,1,1,1,1,1,1,1,1,1,1
tan20260110t041744c47s4001-E,tan20260110t041744c47s4001,ok,,1,1,1,1,1,1,1,1,1,1,1,1,1
tan20260110t041744c47s4001-F,tan20260110t041744c47s4001,ok,,1,1,1,1,1,1,1,1,1,1,1,1,1
tan20260110t041744c47s4001-G,tan20260110t041744c47s4001,ok,,1,1,1,1,1,1,1,1,1,1,1,1,1
tan20260110t041744c47s4001-H,tan20260110t041744c47s4001,ok,,1,1,1,1,1,1,1,1,1,1,1,1,1
tan20260110t041744c47s4001-I,tan20260110t041744c47s4001,ok,,1,1,1,1,1,1,1,1,1,1,1,1,1
tan20260110t041744c47s4001-J,tan20260110t041744c47s4001,ok,,1,1,1,1,1,1,1,1,1,1,1,1,1
tan20260110t041744c47s4001-K,tan20260110t041744c47s4001,ok,,1,1,1,1,1,1,1,1,1,1,1,1,1
tan20260110t041744c47s4001-L,tan20260110t041744c47s4001,ok,,1,1,1,1,1,1,1,1,1,1,1,1,1
tan20260110t041744c47s4001-N,tan20260110t041744c47s4001,ok,,1,1,1,1,1,1,1,1,1,1,1,1,1
tan20260110t041744c47s4001-O,tan20260110t041744c47s4001,ok,,1,1,1,1,1,1,1,1,1,1,1,1,1
tan20260110t041744c47s4001-P,tan20260110t041744c47s4001,ok,,1,1,1,1,1,1,1,1,1,1,1,1,1
tan20260110t041744c47s4001-Q,tan20260110t041744c47s4001,ok,,1,1,1,1,1,1,1,1,1,1,1,1,1
tan20260110t041744c47s4001-R,tan20260110t041744c47s4001,ok,,1,1,1,1,1,1,1,1,1,1,1,1,1
tan20260110t041744c47s4001-S,tan20260110t041744c47s4001,ok,,1,1,1,1,1,1,1,1,1,1,1,1,1
tan20260112t200407c49s4001-D,tan20260112t200407c49s4001,ok,,1,1,1,1,1,1,1,1,1,1,1,1,1
tan20260112t200505c26s4001-A,tan20260112t200505c26s4001,ok,,1,1,1,1,1,1,1,1,1,1,1,1,1
tan20260113t175201c49s4001-A,tan20260113t175201c49s4001,ok,,1,1,1,1,1,1,1,1,1,1,1,1,1
tan20260113t175413c36s4001-C,tan20260113t175413c36s4001,ok,,1,1,1,1,1,1,1,1,1,1,1,1,1
tan20260113t175413c36s4001-G,tan20260113t175413c36s4001,ok,,1,1,1,1,1,1,1,1,1,1,1,1,1
tan20260113t192536c66s4001-A,tan20260113t192536c66s4001,ok,,1,1,1,1,1,1,1,1,1,1,1,1,1
tan20260114t045129c40s4001-A,tan20260114t045129c40s4001,ok,,1,1,1,1,1,1,1,1,1,1,1,1,1
tan20260118t081840c58s4001-A,tan20260118t081840c58s4001,ok,,1,1,1,1,1,1,1,1,1,1,1,1,1
tan20260118t081840c58s4001-B,tan20260118t081840c58s4001,ok,,1,1,1,1,1,1,1,1,1,1,1,1,1
tan20260118t081840c58s4001-D,tan20260118t081840c58s4001,ok,,1,1,1,1,1,1,1,1,1,1,1,1,1
tan20260118t081840c58s4001-F,tan20260118t081840c58s4001,ok,,1,1,1,1,1,1,1,1,1,1,1,1,1
tan20260118t081840c58s4001-G,tan20260118t081840c58s4001,ok,,1,1,1,1,1,1,1,1,1,1,1,1,1
tan20260118t081840c58s4001-H,tan20260118t081840c58s4001,ok,,1,1,1,1,1,1,1,1,1,1,1,1,1
tan20260120t083536c90s4001-A,tan20260120t083536c90s4001,ok,,1,1,1,1,1,1,1,1,1,1,1,1,1
tan20260123t111639c35s4001-A,tan20260123t111639c35s4001,ok,,1,1,1,1,1,1,1,1,1,1,1,1,1
tan20260124t181926c61s4001-A,tan20260124t181926c61s4001,ok,,1,1,1,1,1,1,1,1,1,1,1,1,1
tan20260124t181926c61s4001-D,tan20260124t181926c61s4001,ok,,1,1,1,1,1,1,1,1,1,1,1,1,1
tan20260124t195304c04s4001-A,tan20260124t195304c04s4001,ok,,1,1,1,1,1,1,1,1,1,1,1,1,1
tan20260124t195304c04s4001-B,tan20260124t195304c04s4001,ok,,1,1,1,1,1,1,1,1,1,1,1,1,1
tan20260125t065317c73s4001-A,tan20260125t065317c73s4001,ok,,1,1,1,1,1,1,1,1,1,1,1,1,1
tan20260125t065317c73s4001-B,tan20260125t065317c73s4001,ok,,1,1,1,1,1,1,1,1,1,1,1,1,1
tan20260125t065317c73s4001-E,tan20260125t065317c73s4001,ok,,1,1,1,1,1,1,1,1,1,1,1,1,1
tan20260125t082242c53s4001-A,tan20260125t082242c53s4001,ok,,1,1,1,1,1,1,1,1,1,1,1,1,1
tan20260125t145248c33s4001-A,tan20260125t145248c33s4001,ok,,1,1,1,1,1,1,1,1,1,1,1,1,1
tan20260126t154702c56s4001-A,tan20260126t154702c56s4001,ok,,1,1,1,1,1,1,1,1,1,1,1,1,1
tan20260126t154702c56s4001-C,tan20260126t154702c56s4001,ok,,1,1,1,1,1,1,1,1,1,1,1,1,1
tan20260128t092801c55s4001-A,tan20260128t092801c55s4001,ok,,1,1,1,1,1,1,1,1,1,1,1,1,1
tan20260128t092801c55s4001-B,tan20260128t092801c55s4001,ok,,1,1,1,1,1,1,1,1,1,1,1,1,1
tan20260128t160133c92s4001-A,tan20260128t160133c92s4001,ok,,1,1,1,1,1,1,1,1,1,1,1,1,1
tan20260128t160133c92s4001-B,tan20260128t160133c92s4001,ok,,1,1,1,1,1,1,1,1,1,1,1,1,1
tan20260128t185303c27s4001-A,tan20260128t185303c27s4001,ok,,1,1,1,1,1,1,1,1,1,1,1,1,1
tan20260129t152107c81s4001-B,tan20260129t152107c81s4001,ok,,1,1,1,1,1,1,1,1,1,1,1,1,1
tan20260202t183853c72s4001-B,tan20260202t183853c72s4001,ok,,1,1,1,1,1,1,1,1,1,1,1,1,1
tan20260204t202349c46s4001-A,tan20260204t202349c46s4001,ok,,1,1,1,1,1,1,1,1,1,1,1,1,1
tan20260206t144148c52s4001-A,tan20260206t144148c52s4001,ok,,1,1,1,1,1,1,1,1,1,1,1,1,1
tan20260206t173357c48s4001-A,tan20260206t173357c48s4001,ok,,1,1,1,1,1,1,1,1,1,1,1,1,1
tan20260206t173357c48s4001-B,tan20260206t173357c48s4001,ok,,1,1,1,1,1,1,1,1,1,1,1,1,1
tan20260206t173357c48s4001-D,tan20260206t173357c48s4001,ok,,1,1,1,1,1,1,1,1,1,1,1,1,1
tan20260206t173357c48s4001-E,tan20260206t173357c48s4001,ok,,1,1,1,1,1,1,1,1,1,1,1,1,1
tan20260207t165231c91s4001-A,tan20260207t165231c91s4001,ok,,1,1,1,1,1,1,1,1,1,1,1,1,1
tan20260212t041359c54s4001-A,tan20260212t041359c54s4001,ok,,1,1,1,1,1,1,1,1,1,1,1,1,1
tan20260212t041359c54s4001-AA,tan20260212t041359c54s4001,ok,,1,1,1,1,1,1,1,1,1,1,1,1,1
tan20260212t041359c54s4001-AB,tan20260212t041359c54s4001,ok,,1,1,1,1,1,1,1,1,1,1,1,1,1
tan20260212t041359c54s4001-B,tan20260212t041359c54s4001,ok,,1,1,1,1,1,1,1,1,1,1,1,1,1
tan20260212t041359c54s4001-C,tan20260212t041359c54s4001,ok,,1,1,1,1,1,1,1,1,1,1,1,1,1
tan20260212t041359c54s4001-D,tan20260212t041359c54s4001,ok,,1,1,1,1,1,1,1,1,1,1,1,1,1
tan20260212t041359c54s4001-E,tan20260212t041359c54s4001,ok,,1,1,1,1,1,1,1,1,1,1,1,1,1
tan20260212t041359c54s4001-F,tan20260212t041359c54s4001,ok,,1,1,1,1,1,1,1,1,1,1,1,1,1
tan20260212t041359c54s4001-G,tan20260212t041359c54s4001,ok,,1,1,1,1,1,1,1,1,1,1,1,1,1
tan20260212t041359c54s4001-H,tan20260212t041359c54s4001,ok,,1,1,1,1,1,1,1,1,1,1,1,1,1
tan20260212t041359c54s4001-I,tan20260212t041359c54s4001,ok,,1,1,1,1,1,1,1,1,1,1,1,1,1
tan20260212t041359c54s4001-J,tan20260212t041359c54s4001,ok,,1,1,1,1,1,1,1,1,1,1,1,1,1
tan20260212t041359c54s4001-K,tan20260212t041359c54s4001,ok,,1,1,1,1,1,1,1,1,1,1,1,1,1
tan20260212t041359c54s4001-L,tan20260212t041359c54s4001,ok,,1,1,1,1,1,1,1,1,1,1,1,1,1
tan20260212t041359c54s4001-M,tan20260212t041359c54s4001,ok,,1,1,1,1,1,1,1,1,1,1,1,1,1
tan20260212t041359c54s4001-N,tan20260212t041359c54s4001,ok,,1,1,1,1,1,1,1,1,1,1,1,1,1
tan20260212t041359c54s4001-O,tan20260212t041359c54s4001,ok,,1,1,1,1,1,1,1,1,1,1,1,1,1
tan20260212t041359c54s4001-P,tan20260212t041359c54s4001,ok,,1,1,1,1,1,1,1,1,1,1,1,1,1
tan20260212t041359c54s4001-Q,tan20260212t041359c54s4001,ok,,1,1,1,1,1,1,1,1,1,1,1,1,1
tan20260212t041359c54s4001-R,tan20260212t041359c54s4001,ok,,1,1,1,1,1,1,1,1,1,1,1,1,1
tan20260212t041359c54s4001-S,tan20260212t041359c54s4001,ok,,1,1,1,1,1,1,1,1,1,1,1,1,1
tan20260212t041359c54s4001-T,tan20260212t041359c54s4001,ok,,1,1,1,1,1,1,1,1,1,1,1,1,1
tan20260212t041359c54s4001-U,tan20260212t041359c54s4001,ok,,1,1,1,1,1,1,1,1,1,1,1,1,1
tan20260212t041359c54s4001-V,tan20260212t041359c54s4001,ok,,1,1,1,1,1,1,1,1,1,1,1,1,1
tan20260212t041359c54s4001-W,tan20260212t041359c54s4001,ok,,1,1,1,1,1,1,1,1,1,1,1,1,1
tan20260212t041359c54s4001-X,tan20260212t041359c54s4001,ok,,1,1,1,1,1,1,1,1,1,1,1,1,1
tan20260212t041359c54s4001-Y,tan20260212t041359c54s4001,ok,,1,1,1,1,1,1,1,1,1,1,1,1,1
tan20260213t063652c97s4001-A,tan20260213t063652c97s4001,ok,,1,1,1,1,1,1,1,1,1,1,1,1,1
tan20260213t081814c09s4001-A,tan20260213t081814c09s4001,ok,,1,1,1,1,1,1,1,1,1,1,1,1,1
tan20260213t173337c73s4001-A,tan20260213t173337c73s4001,ok,,1,1,1,1,1,1,1,1,1,1,1,1,1
tan20260214t183154c66s4001-A,tan20260214t183154c66s4001,ok,,1,1,1,1,1,1,1,1,1,1,1,1,1
tan20260215t065114c67s4001-C,tan20260215t065114c67s4001,ok,,1,1,1,1,1,1,1,1,1,1,1,1,1
tan20260216t105726c04s4001-A,tan20260216t105726c04s4001,ok,,1,1,1,1,1,1,1,1,1,1,1,1,1
tan20260217t101751c37s4001-A,tan20260217t101751c37s4001,ok,,1,1,1,1,1,1,1,1,1,1,1,1,1
tan20260217t101751c37s4001-B,tan20260217t101751c37s4001,ok,,1,1,1,1,1,1,1,1,1,1,1,1,1
tan20260217t101751c37s4001-C,tan20260217t101751c37s4001,ok,,1,1,1,1,1,1,1,1,1,1,1,1,1
tan20260217t114929c35s4001-A,tan20260217t114929c35s4001,ok,,1,1,1,1,1,1,1,1,1,1,1,1,1
tan20260219t041607c90s4001-A,tan20260219t041607c90s4001,ok,,1,1,1,1,1,1,1,1,1,1,1,1,1
tan20260219t041607c90s4001-AA,tan20260219t041607c90s4001,ok,,1,1,1,1,1,1,1,1,1,1,1,1,1
tan20260219t041607c90s4001-AB,tan20260219t041607c90s4001,ok,,1,1,1,1,1,1,1,1,1,1,1,1,1
tan20260219t041607c90s4001-AC,tan20260219t041607c90s4001,ok,,1,1,1,1,1,1,1,1,1,1,1,1,1
tan20260219t041607c90s4001-AD,tan20260219t041607c90s4001,ok,,1,1,1,1,1,1,1,1,1,1,1,1,1
tan20260219t041607c90s4001-AE,tan20260219t041607c90s4001,ok,,1,1,1,1,1,1,1,1,1,1,1,1,1
tan20260219t041607c90s4001-AF,tan20260219t041607c90s4001,ok,,1,1,1,1,1,1,1,1,1,1,1,1,1
tan20260219t041607c90s4001-AG,tan20260219t041607c90s4001,ok,,1,1,1,1,1,1,1,1,1,1,1,1,1
tan20260219t041607c90s4001-AH,tan20260219t041607c90s4001,ok,,1,1,1,1,1,1,1,1,1,1,1,1,1
tan20260219t041607c90s4001-AI,tan20260219t041607c90s4001,ok,,1,1,1,1,1,1,1,1,1,1,1,1,1
tan20260219t041607c90s4001-AJ,tan20260219t041607c90s4001,ok,,1,1,1,1,1,1,1,1,1,1,1,1,1
tan20260219t041607c90s4001-AK,tan20260219t041607c90s4001,ok,,1,1,1,1,1,1,1,1,1,1,1,1,1
tan20260219t041607c90s4001-AL,tan20260219t041607c90s4001,ok,,1,1,1,1,1,1,1,1,1,1,1,1,1
tan20260219t041607c90s4001-AM,tan20260219t041607c90s4001,ok,,1,1,1,1,1,1,1,1,1,1,1,1,1
tan20260219t041607c90s4001-AN,tan20260219t041607c90s4001,ok,,1,1,1,1,1,1,1,1,1,1,1,1,1
tan20260219t041607c90s4001-AO,tan20260219t041607c90s4001,ok,,1,1,1,1,1,1,1,1,1,1,1,1,1
tan20260219t041607c90s4001-AP,tan20260219t041607c90s4001,ok,,1,1,1,1,1,1,1,1,1,1,1,1,1
tan20260219t041607c90s4001-AQ,tan20260219t041607c90s4001,ok,,1,1,1,1,1,1,1,1,1,1,1,1,1
tan20260219t041607c90s4001-AR,tan20260219t041607c90s4001,ok,,1,1,1,1,1,1,1,1,1,1,1,1,1
tan20260219t041607c90s4001-AS,tan20260219t041607c90s4001,ok,,1,1,1,1,1,1,1,1,1,1,1,1,1
tan20260219t041607c90s4001-AT,tan20260219t041607c90s4001,ok,,1,1,1,1,1,1,1,1,1,1,1,1,1
tan20260219t041607c90s4001-AU,tan20260219t041607c90s4001,ok,,1,1,1,1,1,1,1,1,1,1,1,1,1
tan20260219t041607c90s4001-AV,tan20260219t041607c90s4001,ok,,1,1,1,1,1,1,1,1,1,1,1,1,1
tan20260219t041607c90s4001-AW,tan20260219t041607c90s4001,ok,,1,1,1,1,1,1,1,1,1,1,1,1,1
tan20260219t041607c90s4001-B,tan20260219t041607c90s4001,ok,,1,1,1,1,1,1,1,1,1,1,1,1,1
tan20260219t041607c90s4001-C,tan20260219t041607c90s4001,ok,,1,1,1,1,1,1,1,1,1,1,1,1,1
tan20260219t041607c90s4001-D,tan20260219t041607c90s4001,ok,,1,1,1,1,1,1,1,1,1,1,1,1,1
tan20260219t041607c90s4001-G,tan20260219t041607c90s4001,ok,,1,1,1,1,1,1,1,1,1,1,1,1,1
tan20260219t041607c90s4001-I,tan20260219t041607c90s4001,ok,,1,1,1,1,1,1,1,1,1,1,1,1,1
tan20260219t041607c90s4001-J,tan20260219t041607c90s4001,ok,,1,1,1,1,1,1,1,1,1,1,1,1,1
tan20260219t041607c90s4001-K,tan20260219t041607c90s4001,ok,,1,1,1,1,1,1,1,1,1,1,1,1,1
tan20260219t041607c90s4001-L,tan20260219t041607c90s4001,ok,,1,1,1,1,1,1,1,1,1,1,1,1,1
tan20260219t041607c90s4001-M,tan20260219t041607c90s4001,ok,,1,1,1,1,1,1,1,1,1,1,1,1,1
tan20260219t041607c90s4001-N,tan20260219t041607c90s4001,ok,,1,1,1,1,1,1,1,1,1,1,1,1,1
tan20260219t041607c90s4001-O,tan20260219t041607c90s4001,ok,,1,1,1,1,1,1,1,1,1,1,1,1,1
tan20260219t041607c90s4001-P,tan20260219t041607c90s4001,ok,,1,1,1,1,1,1,1,1,1,1,1,1,1
tan20260219t041607c90s4001-Q,tan20260219t041607c90s4001,ok,,1,1,1,1,1,1,1,1,1,1,1,1,1
tan20260219t041607c90s4001-S,tan20260219t041607c90s4001,ok,,1,1,1,1,1,1,1,1,1,1,1,1,1
tan20260219t041607c90s4001-T,tan20260219t041607c90s4001,ok,,1,1,1,1,1,1,1,1,1,1,1,1,1
tan20260219t041607c90s4001-U,tan20260219t041607c90s4001,ok,,1,1,1,1,1,1,1,1,1,1,1,1,1
tan20260219t041607c90s4001-V,tan20260219t041607c90s4001,ok,,1,1,1,1,1,1,1,1,1,1,1,1,1
tan20260219t041607c90s4001-W,tan20260219t041607c90s4001,ok,,1,1,1,1,1,1,1,1,1,1,1,1,1
tan20260219t041607c90s4001-X,tan20260219t041607c90s4001,ok,,1,1,1,1,1,1,1,1,1,1,1,1,1
tan20260219t041607c90s4001-Y,tan20260219t041607c90s4001,ok,,1,1,1,1,1,1,1,1,1,1,1,1,1
tan20260219t041607c90s4001-Z,tan20260219t041607c90s4001,ok,,1,1,1,1,1,1,1,1,1,1,1,1,1
tan20260220t112441c43s4001-A,tan20260220t112441c43s4001,ok,,1,1,1,1,1,1,1,1,1,1,1,1,1
tan20260220t112550c84s4001-A,tan20260220t112550c84s4001,ok,,1,1,1,1,1,1,1,1,1,1,1,1,1
tan20260222t083300c51s4001-A,tan20260222t083300c51s4001,ok,,1,1,1,1,1,1,1,1,1,1,1,1,1
tan20260222t083300c51s4001-C,tan20260222t083300c51s4001,ok,,1,1,1,1,1,1,1,1,1,1,1,1,1
tan20260222t083300c51s4001-D,tan20260222t083300c51s4001,ok,,1,1,1,1,1,1,1,1,1,1,1,1,1
tan20260222t083300c51s4001-F,tan20260222t083300c51s4001,ok,,1,1,1,1,1,1,1,1,1,1,1,1,1
tan20260222t083300c51s4001-H,tan20260222t083300c51s4001,ok,,1,1,1,1,1,1,1,1,1,1,1,1,1
tan20260222t083300c51s4001-I,tan20260222t083300c51s4001,ok,,1,1,1,1,1,1,1,1,1,1,1,1,1
tan20260223t123045c41s4001-A,tan20260223t123045c41s4001,ok,,1,1,1,1,1,1,1,1,1,1,1,1,1
tan20260223t123142c91s4001-A,tan20260223t123142c91s4001,ok,,1,1,1,1,1,1,1,1,1,1,1,1,1
tan20260224t084034c36s4001-A,tan20260224t084034c36s4001,ok,,1,1,1,1,1,1,1,1,1,1,1,1,1
tan20260225t111312c46s4001-A,tan20260225t111312c46s4001,ok,,1,1,1,1,1,1,1,1,1,1,1,1,1
tan20260226t181902c76s4001-A,tan20260226t181902c76s4001,ok,,1,1,1,1,1,1,1,1,1,1,1,1,1
tan20260227t112646c69s4001-B,tan20260227t112646c69s4001,ok,,1,1,1,1,1,1,1,1,1,1,1,1,1
tan20260227t112754c91s4001-A,tan20260227t112754c91s4001,ok,,1,1,1,1,1,1,1,1,1,1,1,1,1
tan20260227t112754c91s4001-B,tan20260227t112754c91s4001,ok,,1,1,1,1,1,1,1,1,1,1,1,1,1
tan20260227t112754c91s4001-C,tan20260227t112754c91s4001,ok,,1,1,1,1,1,1,1,1,1,1,1,1,1
tan20260227t112754c91s4001-D,tan20260227t112754c91s4001,ok,,1,1,1,1,1,1,1,1,1,1,1,1,1
tan20260227t112754c91s4001-E,tan20260227t112754c91s4001,ok,,1,1,1,1,1,1,1,1,1,1,1,1,1
tan20260227t112754c91s4001-F,tan20260227t112754c91s4001,ok,,1,1,1,1,1,1,1,1,1,1,1,1,1
tan20260227t112754c91s4001-G,tan20260227t112754c91s4001,ok,,1,1,1,1,1,1,1,1,1,1,1,1,1
tan20260228t104244c12s4001-A,tan20260228t104244c12s4001,ok,,1,1,1,1,1,1,1,1,1,1,1,1,1
tan20260228t200240c12s4001-A,tan20260228t200240c12s4001,ok,,1,1,1,1,1,1,1,1,1,1,1,1,1
tan20260228t200240c12s4001-C,tan20260228t200240c12s4001,ok,,1,1,1,1,1,1,1,1,1,1,1,1,1
tan20260301t083346c55s4001-A,tan20260301t083346c55s4001,ok,,1,1,1,1,1,1,1,1,1,1,1,1,1
tan20260301t083450c18s4001-A,tan20260301t083450c18s4001,ok,,1,1,1,1,1,1,1,1,1,1,1,1,1
tan20260301t083450c18s4001-B,tan20260301t083450c18s4001,ok,,1,1,1,1,1,1,1,1,1,1,1,1,1
tan20260301t083450c18s4001-C,tan20260301t083450c18s4001,ok,,1,1,1,1,1,1,1,1,1,1,1,1,1
tan20260301t083450c18s4001-D,tan20260301t083450c18s4001,ok,,1,1,1,1,1,1,1,1,1,1,1,1,1
tan20260301t175510c34s4001-B,tan20260301t175510c34s4001,ok,,1,1,1,1,1,1,1,1,1,1,1,1,1
tan20260305t195412c12s4001-A,tan20260305t195412c12s4001,ok,,1,1,1,1,1,1,1,1,1,1,1,1,1
tan20260305t195412c12s4001-C,tan20260305t195412c12s4001,ok,,1,1,1,1,1,1,1,1,1,1,1,1,1
tan20260307t104944c41s4001-A,tan20260307t104944c41s4001,ok,,1,1,1,1,1,1,1,1,1,1,1,1,1
tan20260308t070515c65s4001-A,tan20260308t070515c65s4001,ok,,1,1,1,1,1,1,1,1,1,1,1,1,1
tan20260308t070515c65s4001-B,tan20260308t070515c65s4001,ok,,1,1,1,1,1,1,1,1,1,1,1,1,1
tan20260308t114156c44s4001-A,tan20260308t114156c44s4001,ok,,1,1,1,1,1,1,1,1,1,1,1,1,1
tan20260308t192905c34s4001-A,tan20260308t192905c34s4001,ok,,1,1,1,1,1,1,1,1,1,1,1,1,1
tan20260309t092827c54s4001-A,tan20260309t092827c54s4001,ok,,1,1,1,1,1,1,1,1,1,1,1,1,1
tan20260309t092827c54s4001-B,tan20260309t092827c54s4001,ok,,1,1,1,1,1,1,1,1,1,1,1,1,1
tan20260309t092827c54s4001-C,tan20260309t092827c54s4001,ok,,1,1,1,1,1,1,1,1,1,1,1,1,1
tan20260309t184938c94s4001-E,tan20260309t184938c94s4001,ok,,1,1,1,1,1,1,1,1,1,1,1,1,1
tan20260309t184938c94s4001-F,tan20260309t184938c94s4001,ok,,1,1,1,1,1,1,1,1,1,1,1,1,1
tan20260309t184938c94s4001-H,tan20260309t184938c94s4001,ok,,1,1,1,1,1,1,1,1,1,1,1,1,1
tan20260310t040818c83s4001-B,tan20260310t040818c83s4001,ok,,1,1,1,1,1,1,1,1,1,1,1,1,1
tan20260310t071811c37s4001-A,tan20260310t071811c37s4001,ok,,1,1,1,1,1,1,1,1,1,1,1,1,1
tan20260310t071811c37s4001-B,tan20260310t071811c37s4001,ok,,1,1,1,1,1,1,1,1,1,1,1,1,1
tan20260310t071811c37s4001-E,tan20260310t071811c37s4001,ok,,1,1,1,1,1,1,1,1,1,1,1,1,1
tan20260310t152000c33s4001-A,tan20260310t152000c33s4001,ok,,1,1,1,1,1,1,1,1,1,1,1,1,1
tan20260311t094010c01s4001-A,tan20260311t094010c01s4001,ok,,1,1,1,1,1,1,1,1,1,1,1,1,1
tan20260311t190317c10s4001-A,tan20260311t190317c10s4001,ok,,1,1,1,1,1,1,1,1,1,1,1,1,1
tan20260311t190317c10s4001-B,tan20260311t190317c10s4001,ok,,1,1,1,1,1,1,1,1,1,1,1,1,1
tan20260311t190317c10s4001-C,tan20260311t190317c10s4001,ok,,1,1,1,1,1,1,1,1,1,1,1,1,1
tan20260311t190317c10s4001-D,tan20260311t190317c10s4001,ok,,1,1,1,1,1,1,1,1,1,1,1,1,1
tan20260311t190317c10s4001-F,tan20260311t190317c10s4001,ok,,1,1,1,1,1,1,1,1,1,1,1,1,1
tan20260311t190317c10s4001-G,tan20260311t190317c10s4001,ok,,1,1,1,1,1,1,1,1,1,1,1,1,1
tan20260311t190317c10s4001-H,tan20260311t190317c10s4001,ok,,1,1,1,1,1,1,1,1,1,1,1,1,1
tan20260311t190317c10s4001-I,tan20260311t190317c10s4001,ok,,1,1,1,1,1,1,1,1,1,1,1,1,1
tan20260312t073209c50s4001-A,tan20260312t073209c50s4001,ok,,1,1,1,1,1,1,1,1,1,1,1,1,1
tan20260312t073209c50s4001-B,tan20260312t073209c50s4001,ok,,1,1,1,1,1,1,1,1,1,1,1,1,1
tan20260312t103532c62s4001-A,tan20260312t103532c62s4001,ok,,1,1,1,1,1,1,1,1,1,1,1,1,1
tan20260313t065426c45s4001-A,tan20260313t065426c45s4001,ok,,1,1,1,1,1,1,1,1,1,1,1,1,1
tan20260313t065426c45s4001-K,tan20260313t065426c45s4001,ok,,1,1,1,1,1,1,1,1,1,1,1,1,1
tan20260314t044235c49s4001-A,tan20260314t044235c49s4001,ok,,1,1,1,1,1,1,1,1,1,1,1,1,1
tan20260314t044235c49s4001-B,tan20260314t044235c49s4001,ok,,1,1,1,1,1,1,1,1,1,1,1,1,1
tan20260314t060813c77s4001-A,tan20260314t060813c77s4001,ok,,1,1,1,1,1,1,1,1,1,1,1,1,1
tan20260314t060813c77s4001-C,tan20260314t060813c77s4001,ok,,1,1,1,1,1,1,1,1,1,1,1,1,1
tan20260314t061600c22s4001-A,tan20260314t061600c22s4001,ok,,1,1,1,1,1,1,1,1,1,1,1,1,1
tan20260314t061600c22s4001-B,tan20260314t061600c22s4001,ok,,1,1,1,1,1,1,1,1,1,1,1,1,1
tan20260314t061600c22s4001-C,tan20260314t061600c22s4001,ok,,1,1,1,1,1,1,1,1,1,1,1,1,1
tan20260314t061600c22s4001-L,tan20260314t061600c22s4001,ok,,1,1,1,1,1,1,1,1,1,1,1,1,1
tan20260316t110548c39s4001-A,tan20260316t110548c39s4001,ok,,1,1,1,1,1,1,1,1,1,1,1,1,1
tan20260316t110548c39s4001-B,tan20260316t110548c39s4001,ok,,1,1,1,1,1,1,1,1,1,1,1,1,1
tan20260316t110548c39s4001-C,tan20260316t110548c39s4001,ok,,1,1,1,1,1,1,1,1,1,1,1,1,1
tan20260316t110548c39s4001-D,tan20260316t110548c39s4001,ok,,1,1,1,1,1,1,1,1,1,1,1,1,1
tan20260316t110548c39s4001-E,tan20260316t110548c39s4001,ok,,1,1,1,1,1,1,1,1,1,1,1,1,1
tan20260316t110548c39s4001-H,tan20260316t110548c39s4001,ok,,1,1,1,1,1,1,1,1,1,1,1,1,1
tan20260317t102605c54s4001-C,tan20260317t102605c54s4001,ok,,1,1,1,1,1,1,1,1,1,1,1,1,1
tan20260317t194442c36s4001-A,tan20260317t194442c36s4001,ok,,1,1,1,1,1,1,1,1,1,1,1,1,1
tan20260317t194442c36s4001-B,tan20260317t194442c36s4001,ok,,1,1,1,1,1,1,1,1,1,1,1,1,1
tan20260318t051007c70s4001-A,tan20260318t051007c70s4001,ok,,1,1,1,1,1,1,1,1,1,1,1,1,1
tan20260318t161136c12s4001-A,tan20260318t161136c12s4001,ok,,1,1,1,1,1,1,1,1,1,1,1,1,1
tan20260319t195823c32s4001-A,tan20260319t195823c32s4001,ok,,1,1,1,1,1,1,1,1,1,1,1,1,1
tan20260320t034213c66s4001-A,tan20260320t034213c66s4001,ok,,1,1,1,1,1,1,1,1,1,1,1,1,1
tan20260320t034213c66s4001-B,tan20260320t034213c66s4001,ok,,1,1,1,1,1,1,1,1,1,1,1,1,1
tan20260320t034213c66s4001-C,tan20260320t034213c66s4001,ok,,1,1,1,1,1,1,1,1,1,1,1,1,1
tan20260320t034213c66s4001-E,tan20260320t034213c66s4001,ok,,1,1,1,1,1,1,1,1,1,1,1,1,1
tan20260320t191606c48s4001-A,tan20260320t191606c48s4001,ok,,1,1,1,1,1,1,1,1,1,1,1,1,1
tan20260320t191712c74s4001-A,tan20260320t191712c74s4001,ok,,1,1,1,1,1,1,1,1,1,1,1,1,1
tan20260321t061533c49s4001-A,tan20260321t061533c49s4001,ok,,1,1,1,1,1,1,1,1,1,1,1,1,1
tan20260321t104833c45s4001-A,tan20260321t104833c45s4001,ok,,1,1,1,1,1,1,1,1,1,1,1,1,1
tan20260321t104833c45s4001-B,tan20260321t104833c45s4001,ok,,1,1,1,1,1,1,1,1,1,1,1,1,1
tan20260321t104833c45s4001-C,tan20260321t104833c45s4001,ok,,1,1,1,1,1,1,1,1,1,1,1,1,1
tan20260321t104833c45s4001-D,tan20260321t104833c45s4001,ok,,1,1,1,1,1,1,1,1,1,1,1,1,1
tan20260321t104833c45s4001-E,tan20260321t104833c45s4001,ok,,1,1,1,1,1,1,1,1,1,1,1,1,1
tan20260321t104833c45s4001-F,tan20260321t104833c45s4001,ok,,1,1,1,1,1,1,1,1,1,1,1,1,1
tan20260321t104833c45s4001-G,tan20260321t104833c45s4001,ok,,1,1,1,1,1,1,1,1,1,1,1,1,1
tan20260321t184013c24s4001-A,tan20260321t184013c24s4001,ok,,1,1,1,1,1,1,1,1,1,1,1,1,1
tan20260321t184013c24s4001-B,tan20260321t184013c24s4001,ok,,1,1,1,1,1,1,1,1,1,1,1,1,1
tan20260321t184013c24s4001-C,tan20260321t184013c24s4001,ok,,1,1,1,1,1,1,1,1,1,1,1,1,1
tan20260322t150735c44s4001-A,tan20260322t150735c44s4001,ok,,1,1,1,1,1,1,1,1,1,1,1,1,1
tan20260323t123950c29s4001-A,tan20260323t123950c29s4001,ok,,1,1,1,1,1,1,1,1,1,1,1,1,1
tan20260323t142812c51s4001-A,tan20260323t142812c51s4001,ok,,1,1,1,1,1,1,1,1,1,1,1,1,1
tan20260323t142812c51s4001-B,tan20260323t142812c51s4001,ok,,1,1,1,1,1,1,1,1,1,1,1,1,1
tan20260323t142812c51s4001-C,tan20260323t142812c51s4001,ok,,1,1,1,1,1,1,1,1,1,1,1,1,1
tan20260323t202440c23s4001-A,tan20260323t202440c23s4001,ok,,1,1,1,1,1,1,1,1,1,1,1,1,1
tan20260324t115823c02s4001-A,tan20260324t115823c02s4001,ok,,1,1,1,1,1,1,1,1,1,1,1,1,1
tan20260324t115823c02s4001-B,tan20260324t115823c02s4001,ok,,1,1,1,1,1,1,1,1,1,1,1,1,1
tan20260324t194701c82s4001-A,tan20260324t194701c82s4001,ok,,1,1,1,1,1,1,1,1,1,1,1,1,1
tan20260324t194701c82s4001-B,tan20260324t194701c82s4001,ok,,1,1,1,1,1,1,1,1,1,1,1,1,1
tan20260325t064231c32s4001-A,tan20260325t064231c32s4001,ok,,1,1,1,1,1,1,1,1,1,1,1,1,1
tan20260325t190536c19s4001-A,tan20260325t190536c19s4001,ok,,1,1,1,1,1,1,1,1,1,1,1,1,1
tan20260325t190536c19s4001-B,tan20260325t190536c19s4001,ok,,1,1,1,1,1,1,1,1,1,1,1,1,1
tan20260325t190536c19s4001-C,tan20260325t190536c19s4001,ok,,1,1,1,1,1,1,1,1,1,1,1,1,1
tan20260325t190642c99s4001-A,tan20260325t190642c99s4001,ok,,1,1,1,1,1,1,1,1,1,1,1,1,1
tan20260325t190642c99s4001-B,tan20260325t190642c99s4001,ok,,1,1,1,1,1,1,1,1,1,1,1,1,1
tan20260325t190642c99s4001-C,tan20260325t190642c99s4001,ok,,1,1,1,1,1,1,1,1,1,1,1,1,1
tan20260325t190642c99s4001-D,tan20260325t190642c99s4001,ok,,1,1,1,1,1,1,1,1,1,1,1,1,1
tan20260325t190642c99s4001-E,tan20260325t190642c99s4001,ok,,1,1,1,1,1,1,1,1,1,1,1,1,1
tan20260325t190642c99s4001-F,tan20260325t190642c99s4001,ok,,1,1,1,1,1,1,1,1,1,1,1,1,1
tan20260325t190642c99s4001-G,tan20260325t190642c99s4001,ok,,1,1,1,1,1,1,1,1,1,1,1,1,1
tan20260325t190642c99s4001-H,tan20260325t190642c99s4001,ok,,1,1,1,1,1,1,1,1,1,1,1,1,1
tan20260325t190642c99s4001-I,tan20260325t190642c99s4001,ok,,1,1,1,1,1,1,1,1,1,1,1,1,1
tan20260325t190642c99s4001-J,tan20260325t190642c99s4001,ok,,1,1,1,1,1,1,1,1,1,1,1,1,1
tan20260325t190642c99s4001-K,tan20260325t190642c99s4001,ok,,1,1,1,1,1,1,1,1,1,1,1,1,1
tan20260326t013515c59s4001-A,tan20260326t013515c59s4001,ok,,1,1,1,1,1,1,1,1,1,1,1,1,1
tan20260326t042725c81s4001-A,tan20260326t042725c81s4001,ok,,1,1,1,1,1,1,1,1,1,1,1,1,1
tan20260326t042725c81s4001-B,tan20260326t042725c81s4001,ok,,1,1,1,1,1,1,1,1,1,1,1,1,1
tan20260326t042725c81s4001-C,tan20260326t042725c81s4001,ok,,1,1,1,1,1,1,1,1,1,1,1,1,1
tan20260326t042725c81s4001-D,tan20260326t042725c81s4001,ok,,1,1,1,1,1,1,1,1,1,1,1,1,1
tan20260326t042725c81s4001-I,tan20260326t042725c81s4001,ok,,1,1,1,1,1,1,1,1,1,1,1,1,1
tan20260326t042725c81s4001-J,tan20260326t042725c81s4001,ok,,1,1,1,1,1,1,1,1,1,1,1,1,1
tan20260326t042725c81s4001-K,tan20260326t042725c81s4001,ok,,1,1,1,1,1,1,1,1,1,1,1,1,1
tan20260326t042725c81s4001-L,tan20260326t042725c81s4001,ok,,1,1,1,1,1,1,1,1,1,1,1,1,1
tan20260326t042725c81s4001-M,tan20260326t042725c81s4001,ok,,1,1,1,1,1,1,1,1,1,1,1,1,1
tan20260326t042725c81s4001-Q,tan20260326t042725c81s4001,ok,,1,1,1,1,1,1,1,1,1,1,1,1,1
tan20260326t042725c81s4001-R,tan20260326t042725c81s4001,ok,,1,1,1,1,1,1,1,1,1,1,1,1,1
tan20260326t153947c18s4001-A,tan20260326t153947c18s4001,ok,,1,1,1,1,1,1,1,1,1,1,1,1,1
tan20260326t153947c18s4001-B,tan20260326t153947c18s4001,ok,,1,1,1,1,1,1,1,1,1,1,1,1,1
tan20260326t153947c18s4001-C,tan20260326t153947c18s4001,ok,,1,1,1,1,1,1,1,1,1,1,1,1,1
tan20260328t155037c04s4001-A,tan20260328t155037c04s4001,ok,,1,1,1,1,1,1,1,1,1,1,1,1,1
tan20260329t180027c43s4001-A,tan20260329t180027c43s4001,ok,,1,1,1,1,1,1,1,1,1,1,1,1,1
tan20260330t062414c53s4001-A,tan20260330t062414c53s4001,ok,,1,1,1,1,1,1,1,1,1,1,1,1,1
tan20260330t062414c53s4001-B,tan20260330t062414c53s4001,ok,,1,1,1,1,1,1,1,1,1,1,1,1,1
tan20260402t042837c73s4001-A,tan20260402t042837c73s4001,ok,,1,1,1,1,1,1,1,1,1,1,1,1,1
tan20260402t042837c73s4001-B,tan20260402t042837c73s4001,ok,,1,1,1,1,1,1,1,1,1,1,1,1,1
tan20260402t042837c73s4001-C,tan20260402t042837c73s4001,ok,,1,1,1,1,1,1,1,1,1,1,1,1,1
tan20260402t042837c73s4001-D,tan20260402t042837c73s4001,ok,,1,1,1,1,1,1,1,1,1,1,1,1,1
tan20260402t042837c73s4001-E,tan20260402t042837c73s4001,ok,,1,1,1,1,1,1,1,1,1,1,1,1,1
tan20260402t042837c73s4001-F,tan20260402t042837c73s4001,ok,,1,1,1,1,1,1,1,1,1,1,1,1,1
tan20260402t042837c73s4001-G,tan20260402t042837c73s4001,ok,,1,1,1,1,1,1,1,1,1,1,1,1,1
tan20260402t042837c73s4001-H,tan20260402t042837c73s4001,ok,,1,1,1,1,1,1,1,1,1,1,1,1,1
tan20260402t042837c73s4001-I,tan20260402t042837c73s4001,ok,,1,1,1,1,1,1,1,1,1,1,1,1,1
tan20260402t042837c73s4001-J,tan20260402t042837c73s4001,ok,,1,1,1,1,1,1,1,1,1,1,1,1,1
tan20260402t042837c73s4001-K,tan20260402t042837c73s4001,ok,,1,1,1,1,1,1,1,1,1,1,1,1,1
tan20260402t042837c73s4001-L,tan20260402t042837c73s4001,ok,,1,1,1,1,1,1,1,1,1,1,1,1,1
tan20260402t042837c73s4001-M,tan20260402t042837c73s4001,ok,,1,1,1,1,1,1,1,1,1,1,1,1,1
tan20260402t042837c73s4001-N,tan20260402t042837c73s4001,ok,,1,1,1,1,1,1,1,1,1,1,1,1,1
tan20260402t042837c73s4001-O,tan20260402t042837c73s4001,ok,,1,1,1,1,1,1,1,1,1,1,1,1,1
tan20260402t042837c73s4001-P,tan20260402t042837c73s4001,ok,,1,1,1,1,1,1,1,1,1,1,1,1,1
tan20260402t042837c73s4001-Q,tan20260402t042837c73s4001,ok,,1,1,1,1,1,1,1,1,1,1,1,1,1
tan20260402t042837c73s4001-R,tan20260402t042837c73s4001,ok,,1,1,1,1,1,1,1,1,1,1,1,1,1
tan20260402t042837c73s4001-T,tan20260402t042837c73s4001,ok,,1,1,1,1,1,1,1,1,1,1,1,1,1
tan20260402t042837c73s4001-U,tan20260402t042837c73s4001,ok,,1,1,1,1,1,1,1,1,1,1,1,1,1
tan20260402t042837c73s4001-V,tan20260402t042837c73s4001,ok,,1,1,1,1,1,1,1,1,1,1,1,1,1
tan20260402t042837c73s4001-W,tan20260402t042837c73s4001,ok,,1,1,1,1,1,1,1,1,1,1,1,1,1
tan20260402t042837c73s4001-X,tan20260402t042837c73s4001,ok,,1,1,1,1,1,1,1,1,1,1,1,1,1
tan20260402t042837c73s4001-Y,tan20260402t042837c73s4001,ok,,1,1,1,1,1,1,1,1,1,1,1,1,1
tan20260403t082652c86s4001-A,tan20260403t082652c86s4001,ok,,1,1,1,1,1,1,1,1,1,1,1,1,1
tan20260403t082652c86s4001-B,tan20260403t082652c86s4001,ok,,1,1,1,1,1,1,1,1,1,1,1,1,1
tan20260403t082652c86s4001-C,tan20260403t082652c86s4001,ok,,1,1,1,1,1,1,1,1,1,1,1,1,1
tan20260404t122945c13s4001-D,tan20260404t122945c13s4001,ok,,1,1,1,1,1,1,1,1,1,1,1,1,1
tan20260404t122945c13s4001-F,tan20260404t122945c13s4001,ok,,1,1,1,1,1,1,1,1,1,1,1,1,1
tan20260404t122945c13s4001-J,tan20260404t122945c13s4001,ok,,1,1,1,1,1,1,1,1,1,1,1,1,1
tan20260404t123113c57s4001-A,tan20260404t123113c57s4001,ok,,1,1,1,1,1,1,1,1,1,1,1,1,1
tan20260405t084337c45s4001-A,tan20260405t084337c45s4001,ok,,1,1,1,1,1,1,1,1,1,1,1,1,1
tan20260405t084337c45s4001-B,tan20260405t084337c45s4001,ok,,1,1,1,1,1,1,1,1,1,1,1,1,1
tan20260405t084337c45s4001-C,tan20260405t084337c45s4001,ok,,1,1,1,1,1,1,1,1,1,1,1,1,1
tan20260405t084337c45s4001-D,tan20260405t084337c45s4001,ok,,1,1,1,1,1,1,1,1,1,1,1,1,1
tan20260405t084337c45s4001-E,tan20260405t084337c45s4001,ok,,1,1,1,1,1,1,1,1,1,1,1,1,1
tan20260406t063500c37s4001-A,tan20260406t063500c37s4001,ok,,1,1,1,1,1,1,1,1,1,1,1,1,1
tan20260406t063500c37s4001-B,tan20260406t063500c37s4001,ok,,1,1,1,1,1,1,1,1,1,1,1,1,1
tan20260406t063500c37s4001-C,tan20260406t063500c37s4001,ok,,1,1,1,1,1,1,1,1,1,1,1,1,1
tan20260406t063500c37s4001-D,tan20260406t063500c37s4001,ok,,1,1,1,1,1,1,1,1,1,1,1,1,1
tan20260406t063500c37s4001-E,tan20260406t063500c37s4001,ok,,1,1,1,1,1,1,1,1,1,1,1,1,1
tan20260406t063558c50s4001-A,tan20260406t063558c50s4001,ok,,1,1,1,1,1,1,1,1,1,1,1,1,1
tan20260406t063558c50s4001-B,tan20260406t063558c50s4001,ok,,1,1,1,1,1,1,1,1,1,1,1,1,1
tan20260406t093434c80s4001-A,tan20260406t093434c80s4001,ok,,1,1,1,1,1,1,1,1,1,1,1,1,1
tan20260407t120234c86s4001-A,tan20260407t120234c86s4001,ok,,1,1,1,1,1,1,1,1,1,1,1,1,1
tan20260407t120234c86s4001-B,tan20260407t120234c86s4001,ok,,1,1,1,1,1,1,1,1,1,1,1,1,1
tan20260408t095123c44s4001-A,tan20260408t095123c44s4001,ok,,1,1,1,1,1,1,1,1,1,1,1,1,1
tan20260409t073416c54s4001-A,tan20260409t073416c54s4001,ok,,1,1,1,1,1,1,1,1,1,1,1,1,1
tan20260409t091304c26s4001-A,tan20260409t091304c26s4001,ok,,1,1,1,1,1,1,1,1,1,1,1,1,1
tan20260410t052726c20s4001-A,tan20260410t052726c20s4001,ok,,1,1,1,1,1,1,1,1,1,1,1,1,1
tan20260410t052726c20s4001-B,tan20260410t052726c20s4001,ok,,1,1,1,1,1,1,1,1,1,1,1,1,1
tan20260410t052726c20s4001-C,tan20260410t052726c20s4001,ok,,1,1,1,1,1,1,1,1,1,1,1,1,1
tan20260410t150000c53s4001-A,tan20260410t150000c53s4001,ok,,1,1,1,1,1,1,1,1,1,1,1,1,1
tan20260410t174936c95s4001-A,tan20260410t174936c95s4001,ok,,1,1,1,1,1,1,1,1,1,1,1,1,1
tan20260412t011145c31s4001-A,tan20260412t011145c31s4001,ok,,1,1,1,1,1,1,1,1,1,1,1,1,1
tan20260412t011320c40s4001-A,tan20260412t011320c40s4001,ok,,1,1,1,1,1,1,1,1,1,1,1,1,1
tan20260412t101358c58s4001-A,tan20260412t101358c58s4001,ok,,1,1,1,1,1,1,1,1,1,1,1,1,1
tan20260413t080131c33s4001-A,tan20260413t080131c33s4001,ok,,1,1,1,1,1,1,1,1,1,1,1,1,1
tan20260413t093506c28s4001-A,tan20260413t093506c28s4001,ok,,1,1,1,1,1,1,1,1,1,1,1,1,1
tan20260413t093506c28s4001-B,tan20260413t093506c28s4001,ok,,1,1,1,1,1,1,1,1,1,1,1,1,1
tan20260413t093607c47s4001-A,tan20260413t093607c47s4001,ok,,1,1,1,1,1,1,1,1,1,1,1,1,1
tan20260413t093607c47s4001-B,tan20260413t093607c47s4001,ok,,1,1,1,1,1,1,1,1,1,1,1,1,1
tan20260413t093607c47s4001-C,tan20260413t093607c47s4001,ok,,1,1,1,1,1,1,1,1,1,1,1,1,1
tan20260413t093607c47s4001-D,tan20260413t093607c47s4001,ok,,1,1,1,1,1,1,1,1,1,1,1,1,1
tan20260414t120131c94s4001-A,tan20260414t120131c94s4001,ok,,1,1,1,1,1,1,1,1,1,1,1,1,1
tan20260415t094921c69s4001-A,tan20260415t094921c69s4001,ok,,1,1,1,1,1,1,1,1,1,1,1,1,1
tan20260416t090727c93s4001-A,tan20260416t090727c93s4001,ok,,1,1,1,1,1,1,1,1,1,1,1,1,1
tan20260416t121539c57s4001-A,tan20260416t121539c57s4001,ok,,1,1,1,1,1,1,1,1,1,1,1,1,1
tan20260417t082701c11s4001-A,tan20260417t082701c11s4001,ok,,1,1,1,1,1,1,1,1,1,1,1,1,1
tan20260417t082701c11s4001-AB,tan20260417t082701c11s4001,ok,,1,1,1,1,1,1,1,1,1,1,1,1,1
tan20260417t082701c11s4001-AC,tan20260417t082701c11s4001,ok,,1,1,1,1,1,1,1,1,1,1,1,1,1
tan20260417t082701c11s4001-AD,tan20260417t082701c11s4001,ok,,1,1,1,1,1,1,1,1,1,1,1,1,1
tan20260417t082701c11s4001-AE,tan20260417t082701c11s4001,ok,,1,1,1,1,1,1,1,1,1,1,1,1,1
tan20260417t082701c11s4001-AF,tan20260417t082701c11s4001,ok,,1,1,1,1,1,1,1,1,1,1,1,1,1
tan20260417t082701c11s4001-AG,tan20260417t082701c11s4001,ok,,1,1,1,1,1,1,1,1,1,1,1,1,1
tan20260417t082701c11s4001-AI,tan20260417t082701c11s4001,ok,,1,1,1,1,1,1,1,1,1,1,1,1,1
tan20260417t082701c11s4001-AJ,tan20260417t082701c11s4001,ok,,1,1,1,1,1,1,1,1,1,1,1,1,1
tan20260417t082701c11s4001-AK,tan20260417t082701c11s4001,ok,,1,1,1,1,1,1,1,1,1,1,1,1,1
tan20260417t082701c11s4001-AL,tan20260417t082701c11s4001,ok,,1,1,1,1,1,1,1,1,1,1,1,1,1
tan20260417t082701c11s4001-AM,tan20260417t082701c11s4001,ok,,1,1,1,1,1,1,1,1,1,1,1,1,1
tan20260417t082701c11s4001-AN,tan20260417t082701c11s4001,ok,,1,1,1,1,1,1,1,1,1,1,1,1,1
tan20260417t082701c11s4001-AO,tan20260417t082701c11s4001,ok,,1,1,1,1,1,1,1,1,1,1,1,1,1
tan20260417t082701c11s4001-C,tan20260417t082701c11s4001,ok,,1,1,1,1,1,1,1,1,1,1,1,1,1
tan20260417t082701c11s4001-D,tan20260417t082701c11s4001,ok,,1,1,1,1,1,1,1,1,1,1,1,1,1
tan20260417t082701c11s4001-E,tan20260417t082701c11s4001,ok,,1,1,1,1,1,1,1,1,1,1,1,1,1
tan20260417t082701c11s4001-G,tan20260417t082701c11s4001,ok,,1,1,1,1,1,1,1,1,1,1,1,1,1
tan20260417t082701c11s4001-H,tan20260417t082701c11s4001,ok,,1,1,1,1,1,1,1,1,1,1,1,1,1
tan20260417t082701c11s4001-I,tan20260417t082701c11s4001,ok,,1,1,1,1,1,1,1,1,1,1,1,1,1
tan20260417t082701c11s4001-J,tan20260417t082701c11s4001,ok,,1,1,1,1,1,1,1,1,1,1,1,1,1
tan20260417t082701c11s4001-L,tan20260417t082701c11s4001,ok,,1,1,1,1,1,1,1,1,1,1,1,1,1
tan20260417t082701c11s4001-M,tan20260417t082701c11s4001,ok,,1,1,1,1,1,1,1,1,1,1,1,1,1
tan20260417t082701c11s4001-N,tan20260417t082701c11s4001,ok,,1,1,1,1,1,1,1,1,1,1,1,1,1
tan20260417t082701c11s4001-P,tan20260417t082701c11s4001,ok,,1,1,1,1,1,1,1,1,1,1,1,1,1
tan20260417t082701c11s4001-Q,tan20260417t082701c11s4001,ok,,1,1,1,1,1,1,1,1,1,1,1,1,1
tan20260417t082701c11s4001-R,tan20260417t082701c11s4001,ok,,1,1,1,1,1,1,1,1,1,1,1,1,1
tan20260417t082701c11s4001-S,tan20260417t082701c11s4001,ok,,1,1,1,1,1,1,1,1,1,1,1,1,1
tan20260417t082701c11s4001-V,tan20260417t082701c11s4001,ok,,1,1,1,1,1,1,1,1,1,1,1,1,1
tan20260417t082701c11s4001-W,tan20260417t082701c11s4001,ok,,1,1,1,1,1,1,1,1,1,1,1,1,1
tan20260417t082701c11s4001-X,tan20260417t082701c11s4001,ok,,1,1,1,1,1,1,1,1,1,1,1,1,1
tan20260417t082701c11s4001-Y,tan20260417t082701c11s4001,ok,,1,1,1,1,1,1,1,1,1,1,1,1,1
tan20260417t082701c11s4001-Z,tan20260417t082701c11s4001,ok,,1,1,1,1,1,1,1,1,1,1,1,1,1
tan20260417t100328c44s4001-A,tan20260417t100328c44s4001,ok,,1,1,1,1,1,1,1,1,1,1,1,1,1
tan20260417t192203c08s4001-B,tan20260417t192203c08s4001,ok,,1,1,1,1,1,1,1,1,1,1,1,1,1
tan20260418t061639c37s4001-A,tan20260418t061639c37s4001,ok,,1,1,1,1,1,1,1,1,1,1,1,1,1
tan20260418t062026c70s4001-A,tan20260418t062026c70s4001,ok,,1,1,1,1,1,1,1,1,1,1,1,1,1
tan20260418t062026c70s4001-B,tan20260418t062026c70s4001,ok,,1,1,1,1,1,1,1,1,1,1,1,1,1
tan20260418t074747c34s4001-A,tan20260418t074747c34s4001,ok,,1,1,1,1,1,1,1,1,1,1,1,1,1
tan20260418t074747c34s4001-B,tan20260418t074747c34s4001,ok,,1,1,1,1,1,1,1,1,1,1,1,1,1
tan20260419t011156c19s4001-A,tan20260419t011156c19s4001,ok,,1,1,1,1,1,1,1,1,1,1,1,1,1
tan20260424t082511c52s4001-A,tan20260424t082511c52s4001,ok,,1,1,1,1,1,1,1,1,1,1,1,1,1
tan20260424t082511c52s4001-AA,tan20260424t082511c52s4001,ok,,1,1,1,1,1,1,1,1,1,1,1,1,1
tan20260424t082511c52s4001-AB,tan20260424t082511c52s4001,ok,,1,1,1,1,1,1,1,1,1,1,1,1,1
tan20260424t082511c52s4001-AC,tan20260424t082511c52s4001,ok,,1,1,1,1,1,1,1,1,1,1,1,1,1
tan20260424t082511c52s4001-AD,tan20260424t082511c52s4001,ok,,1,1,1,1,1,1,1,1,1,1,1,1,1
tan20260424t082511c52s4001-AE,tan20260424t082511c52s4001,ok,,1,1,1,1,1,1,1,1,1,1,1,1,1
tan20260424t082511c52s4001-AF,tan20260424t082511c52s4001,ok,,1,1,1,1,1,1,1,1,1,1,1,1,1
tan20260424t082511c52s4001-AG,tan20260424t082511c52s4001,ok,,1,1,1,1,1,1,1,1,1,1,1,1,1
tan20260424t082511c52s4001-AH,tan20260424t082511c52s4001,ok,,1,1,1,1,1,1,1,1,1,1,1,1,1
tan20260424t082511c52s4001-AI,tan20260424t082511c52s4001,ok,,1,1,1,1,1,1,1,1,1,1,1,1,1
tan20260424t082511c52s4001-AJ,tan20260424t082511c52s4001,ok,,1,1,1,1,1,1,1,1,1,1,1,1,1
tan20260424t082511c52s4001-AK,tan20260424t082511c52s4001,ok,,1,1,1,1,1,1,1,1,1,1,1,1,1
tan20260424t082511c52s4001-AL,tan20260424t082511c52s4001,ok,,1,1,1,1,1,1,1,1,1,1,1,1,1
tan20260424t082511c52s4001-AM,tan20260424t082511c52s4001,ok,,1,1,1,1,1,1,1,1,1,1,1,1,1
tan20260424t082511c52s4001-AN,tan20260424t082511c52s4001,ok,,1,1,1,1,1,1,1,1,1,1,1,1,1
tan20260424t082511c52s4001-AO,tan20260424t082511c52s4001,ok,,1,1,1,1,1,1,1,1,1,1,1,1,1
tan20260424t082511c52s4001-AW,tan20260424t082511c52s4001,ok,,1,1,1,1,1,1,1,1,1,1,1,1,1
tan20260424t082511c52s4001-AX,tan20260424t082511c52s4001,ok,,1,1,1,1,1,1,1,1,1,1,1,1,1
tan20260424t082511c52s4001-AY,tan20260424t082511c52s4001,ok,,1,1,1,1,1,1,1,1,1,1,1,1,1
tan20260424t082511c52s4001-AZ,tan20260424t082511c52s4001,ok,,1,1,1,1,1,1,1,1,1,1,1,1,1
tan20260424t082511c52s4001-B,tan20260424t082511c52s4001,ok,,1,1,1,1,1,1,1,1,1,1,1,1,1
tan20260424t082511c52s4001-BA,tan20260424t082511c52s4001,ok,,1,1,1,1,1,1,1,1,1,1,1,1,1
tan20260424t082511c52s4001-BB,tan20260424t082511c52s4001,ok,,1,1,1,1,1,1,1,1,1,1,1,1,1
tan20260424t082511c52s4001-BC,tan20260424t082511c52s4001,ok,,1,1,1,1,1,1,1,1,1,1,1,1,1
tan20260424t082511c52s4001-BD,tan20260424t082511c52s4001,ok,,1,1,1,1,1,1,1,1,1,1,1,1,1
tan20260424t082511c52s4001-BE,tan20260424t082511c52s4001,ok,,1,1,1,1,1,1,1,1,1,1,1,1,1
tan20260424t082511c52s4001-BF,tan20260424t082511c52s4001,ok,,1,1,1,1,1,1,1,1,1,1,1,1,1
tan20260424t082511c52s4001-BG,tan20260424t082511c52s4001,ok,,1,1,1,1,1,1,1,1,1,1,1,1,1
tan20260424t082511c52s4001-BJ,tan20260424t082511c52s4001,ok,,1,1,1,1,1,1,1,1,1,1,1,1,1
tan20260424t082511c52s4001-BK,tan20260424t082511c52s4001,ok,,1,1,1,1,1,1,1,1,1,1,1,1,1
tan20260424t082511c52s4001-BL,tan20260424t082511c52s4001,ok,,1,1,1,1,1,1,1,1,1,1,1,1,1
tan20260424t082511c52s4001-BM,tan20260424t082511c52s4001,ok,,1,1,1,1,1,1,1,1,1,1,1,1,1
tan20260424t082511c52s4001-BN,tan20260424t082511c52s4001,ok,,1,1,1,1,1,1,1,1,1,1,1,1,1
tan20260424t082511c52s4001-BO,tan20260424t082511c52s4001,ok,,1,1,1,1,1,1,1,1,1,1,1,1,1
tan20260424t082511c52s4001-BP,tan20260424t082511c52s4001,ok,,1,1,1,1,1,1,1,1,1,1,1,1,1
tan20260424t082511c52s4001-BQ,tan20260424t082511c52s4001,ok,,1,1,1,1,1,1,1,1,1,1,1,1,1
tan20260424t082511c52s4001-BR,tan20260424t082511c52s4001,ok,,1,1,1,1,1,1,1,1,1,1,1,1,1
tan20260424t082511c52s4001-BS,tan20260424t082511c52s4001,ok,,1,1,1,1,1,1,1,1,1,1,1,1,1
tan20260424t082511c52s4001-BT,tan20260424t082511c52s4001,ok,,1,1,1,1,1,1,1,1,1,1,1,1,1
tan20260424t082511c52s4001-BU,tan20260424t082511c52s4001,ok,,1,1,1,1,1,1,1,1,1,1,1,1,1
tan20260424t082511c52s4001-BV,tan20260424t082511c52s4001,ok,,1,1,1,1,1,1,1,1,1,1,1,1,1
tan20260424t082511c52s4001-BW,tan20260424t082511c52s4001,ok,,1,1,1,1,1,1,1,1,1,1,1,1,1
tan20260424t082511c52s4001-BX,tan20260424t082511c52s4001,ok,,1,1,1,1,1,1,1,1,1,1,1,1,1
tan20260424t082511c52s4001-C,tan20260424t082511c52s4001,ok,,1,1,1,1,1,1,1,1,1,1,1,1,1
tan20260424t082511c52s4001-D,tan20260424t082511c52s4001,ok,,1,1,1,1,1,1,1,1,1,1,1,1,1
tan20260424t082511c52s4001-E,tan20260424t082511c52s4001,ok,,1,1,1,1,1,1,1,1,1,1,1,1,1
tan20260424t082511c52s4001-F,tan20260424t082511c52s4001,ok,,1,1,1,1,1,1,1,1,1,1,1,1,1
tan20260424t082511c52s4001-G,tan20260424t082511c52s4001,ok,,1,1,1,1,1,1,1,1,1,1,1,1,1
tan20260424t082511c52s4001-H,tan20260424t082511c52s4001,ok,,1,1,1,1,1,1,1,1,1,1,1,1,1
tan20260424t082511c52s4001-I,tan20260424t082511c52s4001,ok,,1,1,1,1,1,1,1,1,1,1,1,1,1
tan20260424t082511c52s4001-J,tan20260424t082511c52s4001,ok,,1,1,1,1,1,1,1,1,1,1,1,1,1
tan20260424t082511c52s4001-K,tan20260424t082511c52s4001,ok,,1,1,1,1,1,1,1,1,1,1,1,1,1
tan20260424t082511c52s4001-L,tan20260424t082511c52s4001,ok,,1,1,1,1,1,1,1,1,1,1,1,1,1
tan20260424t082511c52s4001-M,tan20260424t082511c52s4001,ok,,1,1,1,1,1,1,1,1,1,1,1,1,1
tan20260424t082511c52s4001-N,tan20260424t082511c52s4001,ok,,1,1,1,1,1,1,1,1,1,1,1,1,1
tan20260424t082511c52s4001-O,tan20260424t082511c52s4001,ok,,1,1,1,1,1,1,1,1,1,1,1,1,1
tan20260424t082511c52s4001-P,tan20260424t082511c52s4001,ok,,1,1,1,1,1,1,1,1,1,1,1,1,1
tan20260424t082511c52s4001-Q,tan20260424t082511c52s4001,ok,,1,1,1,1,1,1,1,1,1,1,1,1,1
tan20260424t082511c52s4001-R,tan20260424t082511c52s4001,ok,,1,1,1,1,1,1,1,1,1,1,1,1,1
tan20260424t082511c52s4001-S,tan20260424t082511c52s4001,ok,,1,1,1,1,1,1,1,1,1,1,1,1,1
tan20260424t082511c52s4001-T,tan20260424t082511c52s4001,ok,,1,1,1,1,1,1,1,1,1,1,1,1,1
tan20260424t082511c52s4001-U,tan20260424t082511c52s4001,ok,,1,1,1,1,1,1,1,1,1,1,1,1,1
tan20260424t082511c52s4001-V,tan20260424t082511c52s4001,ok,,1,1,1,1,1,1,1,1,1,1,1,1,1
tan20260424t082511c52s4001-W,tan20260424t082511c52s4001,ok,,1,1,1,1,1,1,1,1,1,1,1,1,1
tan20260424t082511c52s4001-X,tan20260424t082511c52s4001,ok,,1,1,1,1,1,1,1,1,1,1,1,1,1
tan20260424t082511c52s4001-Y,tan20260424t082511c52s4001,ok,,1,1,1,1,1,1,1,1,1,1,1,1,1
tan20260424t082511c52s4001-Z,tan20260424t082511c52s4001,ok,,1,1,1,1,1,1,1,1,1,1,1,1,1
tan20260424t095844c03s4001-A,tan20260424t095844c03s4001,ok,,1,1,1,1,1,1,1,1,1,1,1,1,1
tan20260425t044611c40s4001-A,tan20260425t044611c40s4001,ok,,1,1,1,1,1,1,1,1,1,1,1,1,1
tan20260426t151008c07s4001-A,tan20260426t151008c07s4001,ok,,1,1,1,1,1,1,1,1,1,1,1,1,1
tan20260428t085159c69s4001-C,tan20260428t085159c69s4001,ok,,1,1,1,1,1,1,1,1,1,1,1,1,1
tan20260428t165002c78s4001-A,tan20260428t165002c78s4001,ok,,1,1,1,1,1,1,1,1,1,1,1,1,1
tan20260428t165002c78s4001-B,tan20260428t165002c78s4001,ok,,1,1,1,1,1,1,1,1,1,1,1,1,1
tan20260429t063220c40s4001-A,tan20260429t063220c40s4001,ok,,1,1,1,1,1,1,1,1,1,1,1,1,1
tan20260429t063220c40s4001-B,tan20260429t063220c40s4001,ok,,1,1,1,1,1,1,1,1,1,1,1,1,1
tan20260429t063220c40s4001-C,tan20260429t063220c40s4001,ok,,1,1,1,1,1,1,1,1,1,1,1,1,1
tan20260429t063220c40s4001-D,tan20260429t063220c40s4001,ok,,1,1,1,1,1,1,1,1,1,1,1,1,1
tan20260429t063220c40s4001-E,tan20260429t063220c40s4001,ok,,1,1,1,1,1,1,1,1,1,1,1,1,1
tan20260429t063220c40s4001-F,tan20260429t063220c40s4001,ok,,1,1,1,1,1,1,1,1,1,1,1,1,1
tan20260429t063220c40s4001-G,tan20260429t063220c40s4001,ok,,1,1,1,1,1,1,1,1,1,1,1,1,1
tan20260429t063220c40s4001-I,tan20260429t063220c40s4001,ok,,1,1,1,1,1,1,1,1,1,1,1,1,1
tan20260429t063220c40s4001-K,tan20260429t063220c40s4001,ok,,1,1,1,1,1,1,1,1,1,1,1,1,1
tan20260429t063220c40s4001-L,tan20260429t063220c40s4001,ok,,1,1,1,1,1,1,1,1,1,1,1,1,1
tan20260429t063220c40s4001-P,tan20260429t063220c40s4001,ok,,1,1,1,1,1,1,1,1,1,1,1,1,1
tan20260429t063306c65s4001-AG,tan20260429t063306c65s4001,ok,,1,1,1,1,1,1,1,1,1,1,1,1,1
tan20260429t063306c65s4001-AH,tan20260429t063306c65s4001,ok,,1,1,1,1,1,1,1,1,1,1,1,1,1
tan20260429t063306c65s4001-AI,tan20260429t063306c65s4001,ok,,1,1,1,1,1,1,1,1,1,1,1,1,1
tan20260429t063306c65s4001-AJ,tan20260429t063306c65s4001,ok,,1,1,1,1,1,1,1,1,1,1,1,1,1
tan20260429t063306c65s4001-AL,tan20260429t063306c65s4001,ok,,1,1,1,1,1,1,1,1,1,1,1,1,1
tan20260429t063306c65s4001-G,tan20260429t063306c65s4001,ok,,1,1,1,1,1,1,1,1,1,1,1,1,1
tan20260429t063306c65s4001-H,tan20260429t063306c65s4001,ok,,1,1,1,1,1,1,1,1,1,1,1,1,1
tan20260429t063306c65s4001-I,tan20260429t063306c65s4001,ok,,1,1,1,1,1,1,1,1,1,1,1,1,1
tan20260429t063306c65s4001-J,tan20260429t063306c65s4001,ok,,1,1,1,1,1,1,1,1,1,1,1,1,1
tan20260429t063306c65s4001-K,tan20260429t063306c65s4001,ok,,1,1,1,1,1,1,1,1,1,1,1,1,1
tan20260429t063306c65s4001-L,tan20260429t063306c65s4001,ok,,1,1,1,1,1,1,1,1,1,1,1,1,1
tan20260429t063306c65s4001-M,tan20260429t063306c65s4001,ok,,1,1,1,1,1,1,1,1,1,1,1,1,1
tan20260429t063306c65s4001-N,tan20260429t063306c65s4001,ok,,1,1,1,1,1,1,1,1,1,1,1,1,1
tan20260429t063306c65s4001-O,tan20260429t063306c65s4001,ok,,1,1,1,1,1,1,1,1,1,1,1,1,1
tan20260429t063306c65s4001-P,tan20260429t063306c65s4001,ok,,1,1,1,1,1,1,1,1,1,1,1,1,1
tan20260429t063306c65s4001-Q,tan20260429t063306c65s4001,ok,,1,1,1,1,1,1,1,1,1,1,1,1,1
tan20260429t063306c65s4001-R,tan20260429t063306c65s4001,ok,,1,1,1,1,1,1,1,1,1,1,1,1,1
tan20260429t063306c65s4001-X,tan20260429t063306c65s4001,ok,,1,1,1,1,1,1,1,1,1,1,1,1,1
tan20260501t095756c20s4001-A,tan20260501t095756c20s4001,ok,,1,1,1,1,1,1,1,1,1,1,1,1,1
tan20260501t095756c20s4001-B,tan20260501t095756c20s4001,ok,,1,1,1,1,1,1,1,1,1,1,1,1,1
tan20260501t095756c20s4001-D,tan20260501t095756c20s4001,ok,,1,1,1,1,1,1,1,1,1,1,1,1,1
tan20260503t175708c61s4001-A,tan20260503t175708c61s4001,ok,,1,1,1,1,1,1,1,1,1,1,1,1,1
tan20260505t084457c08s4001-A,tan20260505t084457c08s4001,ok,,1,1,1,1,1,1,1,1,1,1,1,1,1
tan20260505t084457c08s4001-B,tan20260505t084457c08s4001,ok,,1,1,1,1,1,1,1,1,1,1,1,1,1
tan20260505t181155c10s4001-A,tan20260505t181155c10s4001,ok,,1,1,1,1,1,1,1,1,1,1,1,1,1
tan20260506t143530c13s4001-A,tan20260506t143530c13s4001,ok,,1,1,1,1,1,1,1,1,1,1,1,1,1
tan20260506t143530c13s4001-B,tan20260506t143530c13s4001,ok,,1,1,1,1,1,1,1,1,1,1,1,1,1
tan20260506t143530c13s4001-C,tan20260506t143530c13s4001,ok,,1,1,1,1,1,1,1,1,1,1,1,1,1
tan20260506t143530c13s4001-D,tan20260506t143530c13s4001,ok,,1,1,1,1,1,1,1,1,1,1,1,1,1
tan20260506t143530c13s4001-E,tan20260506t143530c13s4001,ok,,1,1,1,1,1,1,1,1,1,1,1,1,1
tan20260508t082152c65s4001-A,tan20260508t082152c65s4001,ok,,1,1,1,1,1,1,1,1,1,1,1,1,1
tan20260508t082152c65s4001-B,tan20260508t082152c65s4001,ok,,1,1,1,1,1,1,1,1,1,1,1,1,1
tan20260508t082152c65s4001-C,tan20260508t082152c65s4001,ok,,1,1,1,1,1,1,1,1,1,1,1,1,1
tan20260508t082152c65s4001-D,tan20260508t082152c65s4001,ok,,1,1,1,1,1,1,1,1,1,1,1,1,1
tan20260509t092810c62s4001-A,tan20260509t092810c62s4001,ok,,1,1,1,1,1,1,1,1,1,1,1,1,1
tan20260510t192302c16s4001-A,tan20260510t192302c16s4001,ok,,1,1,1,1,1,1,1,1,1,1,1,1,1
tan20260512t084612c49s4001-A,tan20260512t084612c49s4001,ok,,1,1,1,1,1,1,1,1,1,1,1,1,1
tan20260512t084612c49s4001-B,tan20260512t084612c49s4001,ok,,1,1,1,1,1,1,1,1,1,1,1,1,1
tan20260512t084612c49s4001-D,tan20260512t084612c49s4001,ok,,1,1,1,1,1,1,1,1,1,1,1,1,1
tan20260512t084612c49s4001-E,tan20260512t084612c49s4001,ok,,1,1,1,1,1,1,1,1,1,1,1,1,1
tan20260516t200033c93s4001-A,tan20260516t200033c93s4001,ok,,1,1,1,1,1,1,1,1,1,1,1,1,1
tan20260517t065449c86s4001-A,tan20260517t065449c86s4001,ok,,1,1,1,1,1,1,1,1,1,1,1,1,1
tan20260517t082600c43s4001-A,tan20260517t082600c43s4001,ok,,1,1,1,1,1,1,1,1,1,1,1,1,1
tan20260517t082600c43s4001-B,tan20260517t082600c43s4001,ok,,1,1,1,1,1,1,1,1,1,1,1,1,1
tan20260517t082600c43s4001-C,tan20260517t082600c43s4001,ok,,1,1,1,1,1,1,1,1,1,1,1,1,1
tan20260517t082600c43s4001-D,tan20260517t082600c43s4001,ok,,1,1,1,1,1,1,1,1,1,1,1,1,1
tan20260517t082600c43s4001-E,tan20260517t082600c43s4001,ok,,1,1,1,1,1,1,1,1,1,1,1,1,1
tan20260517t082600c43s4001-F,tan20260517t082600c43s4001,ok,,1,1,1,1,1,1,1,1,1,1,1,1,1
tan20260517t082600c43s4001-G,tan20260517t082600c43s4001,ok,,1,1,1,1,1,1,1,1,1,1,1,1,1
tan20260517t082600c43s4001-H,tan20260517t082600c43s4001,ok,,1,1,1,1,1,1,1,1,1,1,1,1,1
tan20260517t082600c43s4001-I,tan20260517t082600c43s4001,ok,,1,1,1,1,1,1,1,1,1,1,1,1,1
tan20260517t082600c43s4001-J,tan20260517t082600c43s4001,ok,,1,1,1,1,1,1,1,1,1,1,1,1,1
tan20260517t082600c43s4001-K,tan20260517t082600c43s4001,ok,,1,1,1,1,1,1,1,1,1,1,1,1,1
tan20260517t082600c43s4001-L,tan20260517t082600c43s4001,ok,,1,1,1,1,1,1,1,1,1,1,1,1,1
tan20260517t082600c43s4001-M,tan20260517t082600c43s4001,ok,,1,1,1,1,1,1,1,1,1,1,1,1,1
tan20260517t082600c43s4001-N,tan20260517t082600c43s4001,ok,,1,1,1,1,1,1,1,1,1,1,1,1,1
tan20260517t082600c43s4001-O,tan20260517t082600c43s4001,ok,,1,1,1,1,1,1,1,1,1,1,1,1,1
tan20260517t174534c19s4001-A,tan20260517t174534c19s4001,ok,,1,1,1,1,1,1,1,1,1,1,1,1,1
tan20260518t155206c03s4001-A,tan20260518t155206c03s4001,ok,,1,1,1,1,1,1,1,1,1,1,1,1,1
tan20260518t155206c03s4001-B,tan20260518t155206c03s4001,ok,,1,1,1,1,1,1,1,1,1,1,1,1,1
tan20260519t192938c00s4001-A,tan20260519t192938c00s4001,ok,,1,1,1,1,1,1,1,1,1,1,1,1,1
tan20260520t185145c54s4001-B,tan20260520t185145c54s4001,ok,,1,1,1,1,1,1,1,1,1,1,1,1,1
tan20260520t185445c11s4001-A,tan20260520t185445c11s4001,ok,,1,1,1,1,1,1,1,1,1,1,1,1,1
tan20260520t185445c11s4001-B,tan20260520t185445c11s4001,ok,,1,1,1,1,1,1,1,1,1,1,1,1,1
tan20260521t084436c66s4001-A,tan20260521t084436c66s4001,ok,,1,1,1,1,1,1,1,1,1,1,1,1,1
tan20260521t084436c66s4001-B,tan20260521t084436c66s4001,ok,,1,1,1,1,1,1,1,1,1,1,1,1,1
tan20260523t085700c32s4001-A,tan20260523t085700c32s4001,ok,,1,1,1,1,1,1,1,1,1,1,1,1,1
tan20260523t085700c32s4001-B,tan20260523t085700c32s4001,ok,,1,1,1,1,1,1,1,1,1,1,1,1,1
tan20260523t085742c55s4001-A,tan20260523t085742c55s4001,ok,,1,1,1,1,1,1,1,1,1,1,1,1,1
tan20260523t085742c55s4001-B,tan20260523t085742c55s4001,ok,,1,1,1,1,1,1,1,1,1,1,1,1,1
tan20260524t064556c35s4001-I,tan20260524t064556c35s4001,ok,,1,1,1,1,1,1,1,1,1,1,1,1,1
tan20260524t082105c94s4001-A,tan20260524t082105c94s4001,ok,,1,1,1,1,1,1,1,1,1,1,1,1,1
tan20260524t082105c94s4001-AA,tan20260524t082105c94s4001,ok,,1,1,1,1,1,1,1,1,1,1,1,1,1
tan20260524t082105c94s4001-AB,tan20260524t082105c94s4001,ok,,1,1,1,1,1,1,1,1,1,1,1,1,1
tan20260524t082105c94s4001-AC,tan20260524t082105c94s4001,ok,,1,1,1,1,1,1,1,1,1,1,1,1,1
tan20260524t082105c94s4001-AD,tan20260524t082105c94s4001,ok,,1,1,1,1,1,1,1,1,1,1,1,1,1
tan20260524t082105c94s4001-AE,tan20260524t082105c94s4001,ok,,1,1,1,1,1,1,1,1,1,1,1,1,1
tan20260524t082105c94s4001-AF,tan20260524t082105c94s4001,ok,,1,1,1,1,1,1,1,1,1,1,1,1,1
tan20260524t082105c94s4001-AG,tan20260524t082105c94s4001,ok,,1,1,1,1,1,1,1,1,1,1,1,1,1
tan20260524t082105c94s4001-B,tan20260524t082105c94s4001,ok,,1,1,1,1,1,1,1,1,1,1,1,1,1
tan20260524t082105c94s4001-D,tan20260524t082105c94s4001,ok,,1,1,1,1,1,1,1,1,1,1,1,1,1
tan20260524t082105c94s4001-E,tan20260524t082105c94s4001,ok,,1,1,1,1,1,1,1,1,1,1,1,1,1
tan20260524t082105c94s4001-F,tan20260524t082105c94s4001,ok,,1,1,1,1,1,1,1,1,1,1,1,1,1
tan20260524t082105c94s4001-G,tan20260524t082105c94s4001,ok,,1,1,1,1,1,1,1,1,1,1,1,1,1
tan20260524t082105c94s4001-I,tan20260524t082105c94s4001,ok,,1,1,1,1,1,1,1,1,1,1,1,1,1
tan20260524t082105c94s4001-J,tan20260524t082105c94s4001,ok,,1,1,1,1,1,1,1,1,1,1,1,1,1
tan20260524t082105c94s4001-L,tan20260524t082105c94s4001,ok,,1,1,1,1,1,1,1,1,1,1,1,1,1
tan20260524t082105c94s4001-N,tan20260524t082105c94s4001,ok,,1,1,1,1,1,1,1,1,1,1,1,1,1
tan20260524t082105c94s4001-O,tan20260524t082105c94s4001,ok,,1,1,1,1,1,1,1,1,1,1,1,1,1
tan20260524t082105c94s4001-P,tan20260524t082105c94s4001,ok,,1,1,1,1,1,1,1,1,1,1,1,1,1
tan20260524t082105c94s4001-R,tan20260524t082105c94s4001,ok,,1,1,1,1,1,1,1,1,1,1,1,1,1
tan20260524t082105c94s4001-S,tan20260524t082105c94s4001,ok,,1,1,1,1,1,1,1,1,1,1,1,1,1
tan20260524t082105c94s4001-T,tan20260524t082105c94s4001,ok,,1,1,1,1,1,1,1,1,1,1,1,1,1
tan20260524t082105c94s4001-U,tan20260524t082105c94s4001,ok,,1,1,1,1,1,1,1,1,1,1,1,1,1
tan20260524t082105c94s4001-V,tan20260524t082105c94s4001,ok,,1,1,1,1,1,1,1,1,1,1,1,1,1
tan20260524t082105c94s4001-W,tan20260524t082105c94s4001,ok,,1,1,1,1,1,1,1,1,1,1,1,1,1
tan20260524t082105c94s4001-X,tan20260524t082105c94s4001,ok,,1,1,1,1,1,1,1,1,1,1,1,1,1
tan20260524t082105c94s4001-Y,tan20260524t082105c94s4001,ok,,1,1,1,1,1,1,1,1,1,1,1,1,1
tan20260524t082105c94s4001-Z,tan20260524t082105c94s4001,ok,,1,1,1,1,1,1,1,1,1,1,1,1,1
